Price,Close,High,Low,Open,Volume,Date
231.81895446777344,231.81895446777344,232.39771729458718,228.0347004505244,228.67579868861148,2488400,2021-10-25
230.37648010253906,230.37648010253906,232.85182624047746,229.29017555721424,232.75386671660382,2439700,2021-10-26
228.42648315429688,228.42648315429688,230.96416480047316,227.6963382139639,230.5634682135677,2269700,2021-10-27
229.92239379882812,229.92239379882812,231.64088397748222,229.30800679431576,229.95801791925783,1735200,2021-10-28
231.16896057128906,231.16896057128906,231.31142987624662,228.3997898809186,228.3997898809186,2417800,2021-10-29
229.65525817871094,229.65525817871094,233.11003666888166,229.27236006165012,232.8874334913242,1718100,2021-11-01
231.73883056640625,231.73883056640625,232.57582072366174,230.20731955241112,230.64361310363813,2228000,2021-11-02
231.87240600585938,231.87240600585938,232.08609638748788,228.58678052210666,230.3498076902705,2397300,2021-11-03
231.8990936279297,231.8990936279297,233.74225450102753,230.99088242548905,232.09498551550396,3031000,2021-11-04
226.40524291992188,226.40524291992188,232.61140699094875,225.1052343889761,232.39771663660457,4060300,2021-11-05
225.56826782226562,225.56826782226562,228.03471499031951,224.41072850821223,225.49703317053397,2523100,2021-11-08
227.19769287109375,227.19769287109375,227.4291952667063,224.8915273903448,225.0785064365576,2346800,2021-11-09
226.2093505859375,226.2093505859375,227.9456526446175,224.96276464606547,226.19153852757114,2093100,2021-11-10
227.95457458496094,227.95457458496094,228.46208919581545,225.89770973989343,226.4052515239883,2199400,2021-11-11
231.52505493164062,231.52505493164062,233.17232353727772,228.55108035939747,229.17437999609274,2497600,2021-11-12
235.36276245117188,235.36276245117188,239.50320298821222,232.7538599234027,233.99154654286767,4852400,2021-11-15
238.0074462890625,238.0074462890625,239.02597062134265,234.74631433248283,234.97862131444046,4355800,2021-11-16
226.7588348388672,226.7588348388672,229.76978683674994,224.67708348335344,226.92859343505222,11855900,2021-11-17
225.1952667236328,225.1952667236328,229.29623428270318,223.05096719847083,228.80481782308485,5786300,2021-11-18
223.98912048339844,223.98912048339844,226.83031389809835,223.73002458432512,224.34651059095995,3960900,2021-11-19
218.5122528076172,218.5122528076172,224.86470351732132,215.51024405423155,224.64133981136416,5568900,2021-11-22
222.63107299804688,222.63107299804688,223.11354625158975,217.49370761011062,219.4771784679222,4053400,2021-11-23
222.25584411621094,222.25584411621094,223.0242159035358,219.89712363956906,221.48747232888604,3052000,2021-11-24
220.2991485595703,220.2991485595703,224.6681418271897,219.5933116587658,222.19326830404006,3180900,2021-11-26
222.6132049560547,222.6132049560547,224.77536397218344,220.69226892416515,222.0592537003414,3027600,2021-11-29
217.86001586914062,217.86001586914062,220.67440667812363,216.43049636431095,220.11152578971937,7907900,2021-11-30
214.77761840820312,214.77761840820312,221.934187100782,214.63466235524044,219.50398873257492,3851600,2021-12-01
219.3431396484375,219.3431396484375,220.34380459912927,215.67104010533566,216.11776747732839,3684000,2021-12-02
221.19261169433594,221.19261169433594,221.94311045547374,219.1733951183206,220.44209930015978,4838700,2021-12-03
217.0827178955078,217.0827178955078,222.3362365800648,216.5019777178916,221.98778974688733,3772600,2021-12-06
219.4593505859375,219.4593505859375,219.99541539285724,217.7081728307012,218.56589560803022,3565900,2021-12-07
214.07179260253906,214.07179260253906,220.9781949399803,212.82094760297812,220.45105983787764,4929400,2021-12-08
212.2490997314453,212.2490997314453,214.1610922745783,210.70342689307594,213.63395726511087,2762200,2021-12-09
212.80308532714844,212.80308532714844,214.2058160889835,211.47184622759093,211.89177112871096,2487200,2021-12-10
209.22032165527344,209.22032165527344,213.1068557258051,207.6389027454594,212.57077735985618,3783500,2021-12-13
210.21206665039062,210.21206665039062,210.99831132073328,206.3076731209695,206.3076731209695,3364800,2021-12-14
211.43605041503906,211.43605041503906,211.58794971191122,206.87943960086966,208.7110244721207,3433500,2021-12-15
200.83078002929688,200.83078002929688,211.43608473289433,200.57168412141542,210.81961233834073,7302100,2021-12-16
199.51739501953125,199.51739501953125,202.1798865838506,197.87344141156487,200.87545017234808,5832300,2021-12-17
195.83633422851562,195.83633422851562,197.90021236580773,191.73538050378951,197.48028757398228,5233200,2021-12-20
196.6226043701172,196.6226043701172,197.2569496435843,193.41509127716697,196.45284577683947,3975700,2021-12-21
194.5408477783203,194.5408477783203,197.7036716859162,193.87968633637632,196.3813624350662,4182600,2021-12-22
197.4624481201172,197.4624481201172,198.47205644595667,195.03224987895513,195.2645568611349,3345300,2021-12-23
200.22320556640625,200.22320556640625,200.75034057233006,197.32840740386442,198.43629614995655,4335600,2021-12-27
200.94692993164062,200.94692993164062,203.2609746791353,199.8122384755216,200.53593470957648,3202400,2021-12-28
203.63621520996094,203.63621520996094,205.11042380131326,201.35790275644425,201.35790275644425,3065800,2021-12-29
207.2011260986328,207.2011260986328,208.95229004250297,204.42248085497545,204.42248085497545,4007400,2021-12-30
206.7811737060547,206.7811737060547,208.72889855661404,204.79770303027084,207.96947018356752,2485100,2021-12-31
207.23684692382812,207.23684692382812,207.53168865629914,204.38672380964735,206.45061593694436,3018000,2022-01-03
209.22032165527344,209.22032165527344,210.533701382113,206.89734721325289,207.2904558975044,3327600,2022-01-04
204.47605895996094,204.47605895996094,211.1501671744236,204.39565130268738,209.79211210841717,3885800,2022-01-05
206.7008056640625,206.7008056640625,207.87122945328048,199.00815809122676,199.00815809122676,4193200,2022-01-06
206.19149780273438,206.19149780273438,208.35365678433615,204.69050028150536,205.65541946913066,3052900,2022-01-07
203.18948364257812,203.18948364257812,204.27949956058825,199.25828807905955,204.1812189898484,4858100,2022-01-10
203.30564880371094,203.30564880371094,204.3420596759454,200.13388143823823,203.7881084122125,3048900,2022-01-11
200.55381774902344,200.55381774902344,205.619705276212,200.22324380641678,203.87747098903702,4233300,2022-01-12
201.76890563964844,201.76890563964844,202.6355579142953,199.91051795963443,201.27750275716224,3459000,2022-01-13
197.81089782714844,197.81089782714844,200.40192506529644,195.12160364347116,198.72222558905145,5282600,2022-01-14
196.56898498535156,196.56898498535156,197.40883467584024,194.12985720672683,195.47003940226278,4652500,2022-01-18
199.99090576171875,199.99090576171875,203.97571990129376,197.13185331986807,198.1235886267485,4091200,2022-01-19
198.09678649902344,198.09678649902344,204.87810471929004,197.5785811126672,201.04518987441162,4307900,2022-01-20
194.10304260253906,194.10304260253906,197.355217316473,191.39587582627436,196.5600431418117,7859300,2022-01-21
197.0782470703125,197.0782470703125,197.48029897443064,189.34092579375277,192.44121481465774,5617700,2022-01-24
191.80686950683594,191.80686950683594,195.38068869913508,190.22546433003114,195.09479025293106,4929100,2022-01-25
189.1533203125,189.1533203125,194.03157585004638,187.965023801293,192.64671819364494,4207500,2022-01-26
189.57322692871094,189.57322692871094,194.16559754328662,188.86740365755523,192.38761763958559,4004300,2022-01-27
194.47830200195312,194.47830200195312,194.5855122139045,188.09010572313773,191.45842045696642,2906200,2022-01-28
196.94424438476562,196.94424438476562,197.21228356411845,193.28108771040692,193.79929315501198,4151100,2022-01-31
195.87210083007812,195.87210083007812,198.8115748892924,193.28108724631312,198.3380449145563,4117400,2022-02-01
194.42471313476562,194.42471313476562,196.6404773760681,192.38763713931928,195.00545334205788,4588500,2022-02-02
190.50245666503906,190.50245666503906,195.05908215122298,189.92171642777876,191.4227141300737,6357800,2022-02-03
191.2350311279297,191.2350311279297,192.53948094166208,188.10793979013008,191.30650913732944,3754700,2022-02-04
188.778076171875,188.778076171875,192.23575583847756,187.89356456312518,191.85156314972633,4402800,2022-02-07
190.2611846923828,190.2611846923828,191.78899830062332,188.20623605798627,188.59042868644804,2926600,2022-02-08
193.5580291748047,193.5580291748047,194.04048872302275,191.243984731745,192.08383434627,2562700,2022-02-09
191.05636596679688,191.05636596679688,194.32641371783998,190.04677134070565,191.5388391801838,3038100,2022-02-10
189.01930236816406,189.01930236816406,191.8694254679261,188.33133832921212,191.3422903881624,2852400,2022-02-11
186.34786987304688,186.34786987304688,188.96568583268635,183.79258865878217,188.6887170323737,4066700,2022-02-14
185.90817260742188,185.90817260742188,187.82846523561366,184.66987084910065,187.82846523561366,4739300,2022-02-15
186.47348022460938,186.47348022460938,187.40670776473402,183.77253148421784,185.63897287234676,3340600,2022-02-16
183.0546417236328,183.0546417236328,185.70175267680085,182.93798487438983,185.37871452607442,3865900,2022-02-17
183.40464782714844,183.40464782714844,185.4146650483014,182.5880770474186,183.52130470771618,3321700,2022-02-18
176.1901092529297,176.1901092529297,182.3188387816118,174.53004932237303,181.82532003285323,5621300,2022-02-22
170.40240478515625,170.40240478515625,177.55410261453457,170.1421859598965,176.68369426295533,4471300,2022-02-23
171.88296508789062,171.88296508789062,172.0713960634422,165.10814446516213,165.54783956165156,3917700,2022-02-24
178.76547241210938,178.76547241210938,179.01672285759236,171.676595129184,171.84707574480845,4098500,2022-02-25
179.2589569091797,179.2589569091797,180.52417713758052,175.7324558933663,177.09639629758848,6192200,2022-02-28
196.90042114257812,196.90042114257812,203.78293002695642,196.11078283717416,203.5406479473302,15776100,2022-03-01
201.80882263183594,201.80882263183594,202.90356259022306,196.20951130854178,199.20657999167653,6357700,2022-03-02
200.8576202392578,200.8576202392578,205.65832391955783,199.53854879639766,202.90352417264913,4604600,2022-03-03
201.0909423828125,201.0909423828125,201.97928715638778,198.88351241901725,199.86159534989852,3996100,2022-03-04
189.37185668945312,189.37185668945312,201.54858889202015,188.95012565715075,201.09095711731666,5743400,2022-03-07
187.37081909179688,187.37081909179688,191.9471915459977,185.4774588730898,189.5423484458389,4463200,2022-03-08
193.82257080078125,193.82257080078125,195.99409981206904,191.52541659684437,191.77666698214253,3183200,2022-03-09
192.72784423828125,192.72784423828125,193.35597024430996,188.5104111210941,191.6690052127071,3155300,2022-03-10
185.71971130371094,185.71971130371094,194.2981525085932,185.5671674052113,193.51748264800116,4042600,2022-03-11
187.3259735107422,187.3259735107422,189.25523471339767,183.90715994244738,186.8324546304592,3168500,2022-03-14
193.23936462402344,193.23936462402344,194.00208431808392,188.89629176956663,188.89629176956663,2866700,2022-03-15
193.45469665527344,193.45469665527344,196.24538376920768,189.99999642036622,194.657111375201,3029800,2022-03-16
197.9772186279297,197.9772186279297,198.219487008494,192.45865052680472,192.92526430216648,3655400,2022-03-17
202.84072875976562,202.84072875976562,202.92148488680388,195.68903296680656,196.4158654943919,6544800,2022-03-18
200.1038818359375,200.1038818359375,205.00329232156577,198.5963793432031,202.82278101842834,3023500,2022-03-21
199.8975067138672,199.8975067138672,201.56653520677327,198.98222949075839,200.7409961457399,2464000,2022-03-22
194.46868896484375,194.46868896484375,199.8616187629571,193.76877507065007,199.44885605208498,2993500,2022-03-23
194.7558135986328,194.7558135986328,196.25436148796243,193.9661752808731,194.74684525929183,2240400,2022-03-24
196.16461181640625,196.16461181640625,197.34907606960974,194.11870781277452,195.66211100037324,2465700,2022-03-25
196.981201171875,196.981201171875,196.981201171875,194.22640106909944,195.67109789828172,2212000,2022-03-28
200.04104614257812,200.04104614257812,201.5126751594943,197.5913479447411,199.20653883588844,3072200,2022-03-29
199.17066955566406,199.17066955566406,200.723041140454,197.9772232266463,198.9104371069265,2464900,2022-03-30
190.43067932128906,190.43067932128906,197.59134277730266,190.2871037586931,195.91334617733483,4615500,2022-03-31
188.9231719970703,188.9231719970703,192.1445855050932,188.08866467378064,191.41775301264866,3217100,2022-04-01
192.39585876464844,192.39585876464844,192.5753214014198,185.01983074873587,188.60913825264964,3167000,2022-04-04
192.73684692382812,192.73684692382812,195.94927900384513,191.29215000644788,191.57033285851742,2538500,2022-04-05
193.76876831054688,193.76876831054688,194.80068874384818,189.33597134055464,189.93717870602217,3678500,2022-04-06
204.76101684570312,204.76101684570312,206.21468196657347,196.0030979945189,196.51458087311917,7938100,2022-04-07
209.38226318359375,209.38226318359375,211.83197556811663,206.9415328313559,209.07717531259462,6631200,2022-04-08
205.76602172851562,205.76602172851562,211.73325361071554,205.40709645848136,209.31046011555932,3172200,2022-04-11
207.58755493164062,207.58755493164062,211.23968116300108,206.73509730736507,208.44899458584803,3366600,2022-04-12
209.81297302246094,209.81297302246094,211.04230643944604,205.94548275364878,206.65437864078888,2451300,2022-04-13
212.8459014892578,212.8459014892578,213.73425989728005,209.17583838290773,209.8937025183896,3909700,2022-04-14
214.81109619140625,214.81109619140625,216.48909319219905,210.94361926043865,211.3563819863501,3341800,2022-04-18
220.78726196289062,220.78726196289062,221.81918230643726,214.88284997357732,215.6366011997568,4715700,2022-04-19
223.72152709960938,223.72152709960938,225.20211086096987,221.13722150234832,223.09338737818805,3735500,2022-04-20
222.68960571289062,222.68960571289062,228.70169295022828,222.1871048608798,225.09444882309847,3967700,2022-04-21
216.86593627929688,216.86593627929688,221.81918409083124,216.64160457740644,221.23592714276433,3431300,2022-04-22
216.84799194335938,216.84799194335938,217.978618751795,213.80605472083778,215.34945787070737,3265100,2022-04-25
212.21778869628906,212.21778869628906,217.6017495088799,212.1370325702091,214.96360651997114,2915500,2022-04-26
207.25558471679688,207.25558471679688,213.14204669264433,206.80692128946555,212.17293204655414,2995300,2022-04-27
212.1190948486328,212.1190948486328,213.22280304723225,207.0850906410074,210.3603281871149,2317800,2022-04-28
205.17379760742188,205.17379760742188,211.61661210167523,204.77898525856597,210.41419729842127,3220700,2022-04-29
206.18775939941406,206.18775939941406,209.07715290836717,202.04211379618607,206.5197659474465,3049000,2022-05-02
208.6643524169922,208.6643524169922,210.41415049961591,205.93648517386222,207.31836231781662,3027600,2022-05-03
213.05227661132812,213.05227661132812,214.09317889290028,205.61344412517704,208.04520556152517,3256300,2022-05-04
207.067138671875,207.067138671875,211.64351107698351,204.85972229171384,211.4191793648139,3466500,2022-05-05
202.08697509765625,202.08697509765625,206.0800766280275,199.78980698321533,202.6612637032364,3683300,2022-05-06
201.18069458007812,201.18069458007812,204.75205192080503,199.4937292655706,200.2833676518065,4672300,2022-05-09
196.61326599121094,196.61326599121094,205.2634953685665,194.4417368854481,203.32526629012509,3748000,2022-05-10
191.57032775878906,191.57032775878906,198.2374601561902,190.5742943367734,196.87351941340248,3193600,2022-05-11
194.96217346191406,194.96217346191406,198.14768594480242,191.1844220784534,191.45362282345158,3547400,2022-05-12
197.1696319580078,197.1696319580078,200.37309549912771,195.44676598753554,197.40294571029742,3146700,2022-05-13
196.73890686035156,196.73890686035156,198.8924857687477,194.06487674913353,197.51060847941565,3345600,2022-05-16
193.97276306152344,193.97276306152344,194.24307345360037,188.43146189245587,189.78300010428285,6641600,2022-05-17
145.61471557617188,145.61471557617188,151.3722673374579,139.83913945727363,146.9302187107313,50936800,2022-05-18
138.24432373046875,138.24432373046875,145.45252709772552,136.3071245749412,145.3083734792836,23319000,2022-05-19
139.9833221435547,139.9833221435547,140.3797755630793,135.9557370611556,138.41553282504134,12300200,2022-05-20
138.66781616210938,138.66781616210938,140.65908852643247,138.10918476288145,139.6499443862639,7700100,2022-05-23
135.10874938964844,135.10874938964844,137.03694310164838,131.1081946090275,136.57742511954413,10936600,2022-05-24
140.9384002685547,140.9384002685547,141.4429723244708,134.72133011756955,135.37006954619238,8107700,2022-05-25
147.04736328125,147.04736328125,147.16450099931828,142.2268849601299,142.3440089296397,7369700,2022-05-26
150.59739685058594,150.59739685058594,150.65145617914047,147.0473542908904,147.08340300896518,6315500,2022-05-27
145.8580322265625,145.8580322265625,150.28205758585244,145.4525596974319,150.02977151133913,8942100,2022-05-31
141.0285186767578,141.0285186767578,147.01132759814408,140.99246995665348,145.85801602885698,4480900,2022-06-01
144.98402404785156,144.98402404785156,145.11917238045982,140.63206900660202,141.06455741950717,4366000,2022-06-02
145.10110473632812,145.10110473632812,146.74097734178164,143.26301921836225,143.43421622097054,4187700,2022-06-03
143.86672973632812,143.86672973632812,146.01117467384503,143.03778798491953,145.4254998912292,3772300,2022-06-06
140.54196166992188,140.54196166992188,142.316983106218,132.58590440054522,133.35178161872494,33299700,2022-06-07
141.19068908691406,141.19068908691406,143.83070087612137,138.17226199684828,139.14535741045677,6576000,2022-06-08
139.2534637451172,139.2534637451172,142.62328958934714,139.1994044265442,141.23571666793865,5744300,2022-06-09
134.8564910888672,134.8564910888672,137.60462173897992,134.8204561165884,136.51437478486486,5099600,2022-06-10
130.47747802734375,130.47747802734375,132.8021250675851,129.6305120031602,132.027242720838,5886000,2022-06-13
128.57632446289062,128.57632446289062,131.93714542410765,127.3058753232246,130.5405670243579,5200800,2022-06-14
132.84719848632812,132.84719848632812,134.49607675853977,128.04473104562112,128.41415479072728,6353100,2022-06-15
128.7475128173828,128.7475128173828,132.52281126607815,127.95460610303462,130.5765931937085,5630300,2022-06-16
125.51286315917969,125.51286315917969,127.76542705741134,124.86412365660425,127.1166875548359,10928100,2022-06-17
130.3783721923828,130.3783721923828,131.2793975893565,126.90943266316795,127.54014769133825,6555500,2022-06-21
126.87338256835938,126.87338256835938,130.0359904764201,126.35980524691885,129.0178273893742,4639700,2022-06-22
132.27952575683594,132.27952575683594,132.7210331155437,126.89139816320213,127.78341818438724,5211100,2022-06-23
135.53225708007812,135.53225708007812,136.0548535315495,131.98221433120744,132.60392413982956,6993100,2022-06-24
134.8024139404297,134.8024139404297,136.8927857702987,133.37879212378934,136.19900609429357,3607200,2022-06-27
130.21621704101562,130.21621704101562,136.33417450929252,130.0450199858188,135.5502866760848,4131800,2022-06-28
127.85550689697266,127.85550689697266,130.18917328038413,127.33292423044658,129.93688725221384,4238900,2022-06-29
127.25182342529297,127.25182342529297,129.0538743673717,123.58465690741272,126.30574393099012,5899900,2022-06-30
128.2880096435547,128.2880096435547,128.39612829942635,125.69305191417527,126.82833904650003,3010200,2022-07-01
131.28842163085938,131.28842163085938,131.6037722826484,125.51284531715464,127.41400952694836,3715100,2022-07-05
130.47747802734375,130.47747802734375,131.62178406524424,128.8736540129111,131.06315275080644,2828500,2022-07-06
135.11781311035156,135.11781311035156,135.27098582168975,130.86497092399134,131.35151872773847,3959500,2022-07-07
133.34275817871094,133.34275817871094,135.180844004389,132.86521580125586,135.0547009942793,2544900,2022-07-08
131.901123046875,131.901123046875,133.99150881651295,131.3605022447802,133.34276935342243,2050800,2022-07-11
130.2522430419922,130.2522430419922,134.84747855478685,129.3872662680794,132.14440207633302,3132800,2022-07-12
131.04515075683594,131.04515075683594,132.7480883997763,128.1528528560665,128.54030096983496,2769000,2022-07-13
131.81100463867188,131.81100463867188,132.04528005049627,128.77455332682393,129.33318469614605,2976000,2022-07-14
132.15338134765625,132.15338134765625,133.9644372819627,131.41454773834536,133.27966299180198,3831500,2022-07-15
134.5771484375,134.5771484375,137.65865352157425,133.15352671762548,133.84732009502923,4362700,2022-07-18
138.1812744140625,138.1812744140625,138.34345240849171,134.93757703989453,136.3702180668111,3155900,2022-07-19
141.01048278808594,141.01048278808594,141.109596137432,137.14508966070426,138.57771682515948,3248100,2022-07-20
142.9567108154297,142.9567108154297,143.037799811732,139.6499488412626,140.99246805301672,3105200,2022-07-21
142.1277618408203,142.1277618408203,144.87587851104104,141.1276230244308,143.57841338984375,2779800,2022-07-22
141.9025115966797,141.9025115966797,142.7945180467023,141.10960475349682,142.72243435654403,2328000,2022-07-25
136.78468322753906,136.78468322753906,137.5145117055651,134.7033164572993,134.9105484791757,4620000,2022-07-26
139.29856872558594,139.29856872558594,140.4158317143499,135.87466856151806,137.856922209591,3609300,2022-07-27
143.64149475097656,143.64149475097656,144.21815056596026,139.36162329254088,139.74907143697632,3114000,2022-07-28
147.20950317382812,147.20950317382812,147.80416936338395,142.83952540696077,144.16403356522557,5523000,2022-07-29
149.1647491455078,149.1647491455078,152.37239718535855,148.98454682557738,151.94891417181645,4534700,2022-08-01
147.29962158203125,147.29962158203125,149.86754935011115,147.1284245643518,148.23669565294318,3109400,2022-08-02
151.3001708984375,151.3001708984375,152.85894086082683,148.11054729784442,148.11054729784442,4057000,2022-08-03
150.07481384277344,150.07481384277344,151.82280561460416,149.32696098428096,151.03891778337322,3157600,2022-08-04
149.68734741210938,149.68734741210938,150.38112704014412,148.1285636408097,148.7142383737702,2205400,2022-08-05
150.4442138671875,150.4442138671875,154.0663398664184,149.95765244640302,150.1648981897459,2806400,2022-08-08
148.77732849121094,148.77732849121094,149.64231903412744,147.68709531832383,149.36300332452097,2608600,2022-08-09
152.87701416015625,152.87701416015625,155.8143527100591,151.14704663243188,152.30936362423301,4539900,2022-08-10
152.81390380859375,152.81390380859375,155.86837917414735,152.16516446117038,154.13841216387019,4278800,2022-08-11
155.40884399414062,155.40884399414062,155.41786304645373,153.2193590566877,154.1384087365279,2357300,2022-08-12
156.22882080078125,156.22882080078125,156.92261432936763,153.354547073768,154.8232231314283,3788600,2022-08-15
163.37338256835938,163.37338256835938,166.72806933641965,159.1754828582516,160.58082853851096,9057600,2022-08-16
158.97601318359375,158.97601318359375,161.3787045215903,154.88692363670555,157.9061458680952,13409000,2022-08-17
156.8997802734375,156.8997802734375,158.79472370252978,155.56696973045808,157.7429796026068,4241300,2022-08-18
151.45065307617188,151.45065307617188,155.87522177961313,151.22398482431086,155.7936245292789,5015800,2022-08-19
146.84475708007812,146.84475708007812,150.48957237833957,146.3007477761456,149.6645105081747,4630100,2022-08-22
146.8538055419922,146.8538055419922,147.62448301371177,145.20365428150274,146.82660646272961,3795100,2022-08-23
147.9055633544922,147.9055633544922,149.1839617047295,144.81380526224248,146.94449223719025,3407100,2022-08-24
151.8677215576172,151.8677215576172,151.91305797278963,146.51835660082358,147.45222864750383,3071400,2022-08-25
145.62982177734375,145.62982177734375,152.42986969499682,145.6116982772377,152.33013510548193,3607600,2022-08-26
143.8799285888672,143.8799285888672,145.47566795533328,143.39939304570606,144.38766321298226,2531100,2022-08-29
145.77487182617188,145.77487182617188,146.05593821946414,142.5108437611275,143.88899048133857,3249700,2022-08-30
145.37594604492188,145.37594604492188,146.25541996499905,143.4900645376807,146.20102179835214,4901300,2022-08-31
149.45594787597656,149.45594787597656,149.51034603291106,143.3449817783524,144.42391083858942,4021400,2022-09-01
149.23834228515625,149.23834228515625,150.8159440381427,148.05058934476105,150.06340398487959,3563200,2022-09-02
148.3135528564453,148.3135528564453,149.41061930478733,144.46019307784047,149.1567520026224,4530300,2022-09-06
154.85067749023438,154.85067749023438,155.6938905846821,147.58823165127603,147.98716998974743,5206400,2022-09-07
155.85707092285156,155.85707092285156,156.1381511519464,152.97385765001198,153.29119870897628,2817100,2022-09-08
157.44375610351562,157.44375610351562,158.2779074125823,155.53067557860356,155.7210829900655,3379500,2022-09-09
157.62510681152344,157.62510681152344,159.6923201477302,156.98136289331168,158.76750981266966,3024600,2022-09-12
150.72531127929688,150.72531127929688,155.72107409057887,150.22663840609266,154.17973289272746,3585400,2022-09-13
149.94557189941406,149.94557189941406,153.11892711862467,148.15034955725443,152.19411686673007,3618800,2022-09-14
149.61007690429688,149.61007690429688,153.21864468544317,149.32901054392295,150.00901515827118,2909300,2022-09-15
148.77597045898438,148.77597045898438,150.1813163873541,146.61809810906198,147.54289461557207,4843500,2022-09-16
149.38343811035156,149.38343811035156,149.68264185974,146.90822470052447,147.787698615012,2607200,2022-09-19
145.0948486328125,145.0948486328125,148.46767259175152,143.45377306077484,148.05967259432308,3019600,2022-09-20
144.1881866455078,144.1881866455078,148.53115747749078,144.1881866455078,145.9743333214996,2809500,2022-09-21
138.68470764160156,138.68470764160156,143.64419620484927,138.39456564202996,143.47193995667712,3984700,2022-09-22
138.3673553466797,138.3673553466797,138.52148808343787,135.73800940360104,137.7689478971026,3796600,2022-09-23
134.8313446044922,134.8313446044922,138.2766908520548,133.61639229994705,137.41535429016415,3967800,2022-09-26
134.61373901367188,134.61373901367188,138.05002353504565,133.15399495634173,136.42708498130025,2941400,2022-09-27
141.32310485839844,141.32310485839844,142.30231328079336,135.37533266435315,135.58386356406575,4254000,2022-09-28
137.62388610839844,137.62388610839844,140.30764422742965,136.81694770629557,139.8089713194488,3170400,2022-09-29
134.5411834716797,134.5411834716797,138.02280389052012,131.92089949219977,137.4425338207134,4328300,2022-09-30
137.62388610839844,137.62388610839844,138.3764263450365,134.54120349771435,135.7017438100706,2847500,2022-10-03
142.31138610839844,142.31138610839844,143.51724890470754,139.93589367545457,140.26229647659864,3028600,2022-10-04
141.81271362304688,141.81271362304688,142.84632019033467,139.09269488442317,140.53430149555837,2491700,2022-10-05
141.2142791748047,141.2142791748047,144.16096557813125,140.96947366141984,142.76469564660457,2603400,2022-10-06
138.12254333496094,138.12254333496094,140.09909740908202,136.65373769524004,139.9358890964851,2771900,2022-10-07
138.81161499023438,138.81161499023438,139.5188186866954,136.43612278199384,138.7028048436585,2055800,2022-10-10
140.08096313476562,140.08096313476562,143.0004509813107,138.45802473006498,139.17429023421698,2408100,2022-10-11
139.77267456054688,139.77267456054688,142.34762185205824,139.66386442285366,140.29854641609128,2265100,2022-10-12
139.73641967773438,139.73641967773438,141.49536727646773,134.9763870632103,137.09801211436456,3393900,2022-10-13
132.0931396484375,132.0931396484375,140.706529761907,131.63980332667595,140.06278609772588,4762800,2022-10-14
135.32093811035156,135.32093811035156,136.9076157766371,132.9907819826212,133.95186693308847,3177400,2022-10-17
142.55616760253906,142.55616760253906,146.09220000028859,140.5433527790571,141.01482653236965,5563400,2022-10-18
140.8878936767578,140.8878936767578,143.42658042494074,139.7454908657039,142.51990757449897,2611500,2022-10-19
139.99029541015625,139.99029541015625,144.30606742820325,139.10175980897702,141.42284030537317,3079800,2022-10-20
144.33328247070312,144.33328247070312,144.39674238901105,139.89965188861004,140.11724456250303,3508300,2022-10-21
146.71780395507812,146.71780395507812,147.69699843667465,144.73218824431123,145.33965738009383,2974100,2022-10-24
150.3263702392578,150.3263702392578,150.7887684397613,146.87194868882492,147.60635152745482,4177900,2022-10-25
151.2058868408203,151.2058868408203,154.81444214565818,149.89121352512473,152.17601992843248,3453500,2022-10-26
151.32369995117188,151.32369995117188,154.4063960809449,151.23304096292378,152.52051480778184,2957400,2022-10-27
151.8858642578125,151.8858642578125,152.26666525620075,147.82395927220713,150.74344742791575,3066800,2022-10-28
148.9210205078125,148.9210205078125,151.74077371739224,148.71248961918204,150.50769804746955,3792500,2022-10-31
149.22926330566406,149.22926330566406,151.39621060594854,147.3977943275802,150.90661341248259,3051000,2022-11-01
145.2489776611328,145.2489776611328,150.40794803096762,145.14018135384296,149.22020889395753,3377900,2022-11-02
144.8863525390625,144.8863525390625,145.78394998192005,143.02767006602815,143.23620098859584,3041600,2022-11-03
144.7322235107422,144.7322235107422,147.56103900181924,141.6767259222567,147.25277348491628,2653500,2022-11-04
144.94979858398438,144.94979858398438,146.34608265993253,143.25432461220703,146.19194992020107,2424100,2022-11-07
146.53646850585938,146.53646850585938,149.29276184739476,144.8953927834635,146.26447770580623,3284600,2022-11-08
138.71189880371094,138.71189880371094,146.50927782805417,138.2676240802613,146.0468796067152,4018400,2022-11-09
149.0388946533203,149.0388946533203,149.1930273850401,143.60791904101922,144.1065918993658,4962900,2022-11-10
157.14456176757812,157.14456176757812,158.51363293663425,149.55569979584703,149.70983253662305,5828300,2022-11-11
157.09011840820312,157.09011840820312,160.29974774630108,156.26505670579127,156.52798572056963,5753800,2022-11-14
163.294189453125,163.294189453125,164.64449228116885,161.39647897613884,161.4877205450503,8606000,2022-11-15
141.84461975097656,141.84461975097656,144.59995103231768,135.71355902934198,136.71716066471748,36731500,2022-11-16
147.81143188476562,147.81143188476562,147.96653140715054,139.33561399462175,140.02900255143228,11300500,2022-11-17
148.6051788330078,148.6051788330078,150.26566654328522,145.97757797458317,147.78404660399679,7280900,2022-11-18
144.171142578125,144.171142578125,147.7384598818377,143.0306924873129,146.96296217299144,5964700,2022-11-21
144.025146484375,144.025146484375,145.89548722098507,142.10006637660211,144.87363458041526,6364100,2022-11-22
149.08876037597656,149.08876037597656,149.7547793201019,144.38097913689097,144.5908180521478,4833500,2022-11-23
149.06138610839844,149.06138610839844,149.59055659620955,147.43738636924087,149.17086485708032,1883000,2022-11-25
150.876953125,150.876953125,152.2637440794496,148.54131399424745,148.54131399424745,4624100,2022-11-28
151.78933715820312,151.78933715820312,152.33675875714806,147.3552667555797,150.01935643265864,5231700,2022-11-29
152.42796325683594,152.42796325683594,152.5739302490771,148.47744352814996,151.34225283328752,11376700,2022-11-30
150.5667724609375,150.5667724609375,152.75643093268522,148.7603035256702,151.88057311258976,4989200,2022-12-01
149.77304077148438,149.77304077148438,150.41169007174136,148.21289883945386,148.9975291002012,3442900,2022-12-02
141.35191345214844,141.35191345214844,148.61430442412555,141.224183622261,148.61430442412555,6233200,2022-12-05
141.46141052246094,141.46141052246094,142.94854774795562,139.84652954158457,142.1639315695214,4721800,2022-12-06
140.2844696044922,140.2844696044922,142.04533165643264,139.94690085692963,140.047261014517,3685200,2022-12-07
140.69505310058594,140.69505310058594,141.65302004083003,139.74619082782598,140.53993963711736,3107100,2022-12-08
138.93417358398438,138.93417358398438,141.1603341136479,138.78819264923408,139.96514479358467,2905900,2022-12-09
136.88136291503906,136.88136291503906,137.47439131709964,135.42158141864795,137.3101732075474,4433800,2022-12-12
137.6477508544922,137.6477508544922,140.59468372313862,136.58029130871503,139.77355135764995,4178900,2022-12-13
139.14401245117188,139.14401245117188,141.09646220819678,136.98172380142458,137.3101739437983,3749100,2022-12-14
134.6643524169922,134.6643524169922,136.85401102478477,132.58417256313626,136.72628117135537,5415500,2022-12-15
133.6151123046875,133.6151123046875,134.71907397305085,132.79399391576194,133.25017389216683,8367000,2022-12-16
131.97286987304688,131.97286987304688,134.11692146507167,130.97840080334558,133.75198302968866,4186700,2022-12-19
130.69558715820312,130.69558715820312,131.3433689687102,129.96569627807858,130.37625554767658,3175400,2022-12-20
129.8288116455078,129.8288116455078,131.55317123444993,129.5277312193107,129.7923094548439,3510200,2022-12-21
128.96209716796875,128.96209716796875,129.29054733908998,127.43844365088597,129.09894560530702,3846500,2022-12-22
130.60433959960938,130.60433959960938,130.71383227559826,127.62093216797915,128.51504114641355,2464800,2022-12-23
132.7939910888672,132.7939910888672,133.46000994221797,129.92004894579156,130.46747047442724,3112500,2022-12-27
133.0220947265625,133.0220947265625,134.31764429437652,132.15535548517747,132.57503330157016,2623200,2022-12-28
135.36685180664062,135.36685180664062,136.54380402930408,134.00744428566122,134.08955334635613,2829000,2022-12-29
135.97808837890625,135.97808837890625,136.01459056424153,133.93441148828154,134.32671949085514,2391100,2022-12-30
138.43240356445312,138.43240356445312,139.26265465352893,136.47083478359264,136.83577328000487,3685200,2023-01-03
139.3356170654297,139.3356170654297,140.79539860000173,134.73731497658366,135.2664854348283,4443300,2023-01-04
140.7406463623047,140.7406463623047,140.9687363586972,137.1185761058706,138.87031952909277,3266000,2023-01-05
146.11444091796875,146.11444091796875,146.9446918164381,143.13103389486642,143.8335410352561,4944200,2023-01-06
142.6475067138672,142.6475067138672,146.3151842797879,142.63837420313195,145.8681367420893,3853800,2023-01-09
142.30081176757812,142.30081176757812,143.7332099443478,141.2698403572618,143.62373118272515,2554900,2023-01-10
145.03785705566406,145.03785705566406,145.06522673944147,142.23690542937766,143.37735532512798,3146800,2023-01-11
145.74952697753906,145.74952697753906,146.2057070306769,142.7661055319947,145.97761700410797,3222600,2023-01-12
150.17446899414062,150.17446899414062,150.47553555809944,145.18385843365385,145.35720906966677,5161200,2023-01-13
147.8935546875,147.8935546875,151.16892359394348,147.86618500249415,150.0740944291848,3527900,2023-01-17
146.73487854003906,146.73487854003906,150.7127691867511,146.5524093018709,149.08876930048666,2798100,2023-01-18
145.156494140625,145.156494140625,146.53415284820102,143.7240821342394,145.52143260362885,2881300,2023-01-19
147.99392700195312,147.99392700195312,148.48659529405455,144.60906515580737,145.6400364474478,3122000,2023-01-20
150.20184326171875,150.20184326171875,150.98647348130086,147.20930333622178,147.9939335558039,2371400,2023-01-23
149.2165069580078,149.2165069580078,154.93700905944968,148.9519147155514,154.93700905944968,1902000,2023-01-24
149.8186492919922,149.8186492919922,149.8186492919922,146.5615172451679,148.25850748773402,2248200,2023-01-25
152.3914794921875,152.3914794921875,152.45535137023907,150.06495886351627,151.17803910277846,2079100,2023-01-26
153.74176025390625,153.74176025390625,155.39314335103924,152.1725001273264,153.27646172113822,3850300,2023-01-27
153.89688110351562,153.89688110351562,154.7271320607859,151.21455434554167,152.36412295610194,3453500,2023-01-30
157.0536346435547,157.0536346435547,157.12662510707176,153.3859439004898,153.3859439004898,3716000,2023-01-31
161.5607147216797,161.5607147216797,162.1081223831782,155.01909502013308,157.02628428864588,4022200,2023-02-01
165.1553955078125,165.1553955078125,165.77579356692445,161.39646319601928,162.13548642032492,4003800,2023-02-02
161.26878356933594,161.26878356933594,163.37634732055847,159.84550388805138,161.7340961800333,2941600,2023-02-03
158.60467529296875,158.60467529296875,160.0097176328281,156.6704763498748,159.3801869409505,2642700,2023-02-06
159.44403076171875,159.44403076171875,160.06444280936046,156.87118276583152,158.34008294271518,2256700,2023-02-07
156.73431396484375,156.73431396484375,158.7232659493385,156.47885428558877,158.31270674492933,2037000,2023-02-08
156.35113525390625,156.35113525390625,158.7688977074613,155.61212585058323,157.564575775002,1656100,2023-02-09
155.1194610595703,155.1194610595703,156.1960392463824,153.9972481640171,155.3931718614494,1841400,2023-02-10
158.1302490234375,158.1302490234375,158.29446714852932,155.40228748850043,156.00444845685595,2432600,2023-02-13
157.1478729248047,157.1478729248047,158.8095967629469,155.00874319659292,157.49674807625547,2418400,2023-02-14
161.6005859375,161.6005859375,161.84845766654806,156.02782877110255,156.08291137755768,2954400,2023-02-15
160.2418212890625,160.2418212890625,162.7665435618686,159.53490913901402,159.92967717017342,2318700,2023-02-16
159.02993774414062,159.02993774414062,159.30536475203743,156.8908080620882,159.14929271628247,2678100,2023-02-17
152.60337829589844,152.60337829589844,156.98262724980077,152.5574714581695,155.6330474716095,4133600,2023-02-21
152.14434814453125,152.14434814453125,155.4310790214919,151.66694221595793,152.0341829336301,2941000,2023-02-22
151.9423828125,151.9423828125,152.30960955414525,148.60974479730035,152.30960955414525,2718500,2023-02-23
153.28277587890625,153.28277587890625,153.714260964971,149.64716976252095,150.6386987033533,2888800,2023-02-24
153.14505004882812,153.14505004882812,155.95437494612946,151.92400095127414,154.85268083074865,5245000,2023-02-27
154.69662475585938,154.69662475585938,158.5250202571885,153.41131715666094,154.90777943098436,10669300,2023-02-28
149.0963134765625,149.0963134765625,154.60479817163946,147.6273926298226,154.38446774946902,5835700,2023-03-01
152.34634399414062,152.34634399414062,152.3922508400595,147.76511534396838,148.00382533922541,2829200,2023-03-02
152.4014434814453,152.4014434814453,152.594246652133,150.85907415116026,152.53915002564787,2318600,2023-03-03
151.6669464111328,151.6669464111328,153.09915022766717,151.04265818702353,152.94307817163985,2220900,2023-03-06
149.48191833496094,149.48191833496094,152.97061406884148,149.26157390605022,152.24533642131183,2410800,2023-03-07
150.11538696289062,150.11538696289062,150.3173658601303,148.88516204974076,149.55535711305356,1752700,2023-03-08
147.48046875,147.48046875,151.2078737882239,147.32439672722887,150.84982291038463,1872200,2023-03-09
145.22203063964844,145.22203063964844,148.6097514160973,144.60691811515542,147.14083037529105,2754200,2023-03-10
144.98333740234375,144.98333740234375,147.56314254964065,143.43177840402703,143.51441633362967,2342500,2023-03-13
145.3964385986328,145.3964385986328,147.18670720296288,143.72553897907144,146.68176000709542,2574200,2023-03-14
146.09420776367188,146.09420776367188,146.76440285079087,143.31242395418693,143.52357862378298,2633900,2023-03-15
149.69308471679688,149.69308471679688,149.86752231891575,144.3498474697537,144.64364006464908,2510100,2023-03-16
146.3053436279297,146.3053436279297,150.06948017131583,145.32299053647233,149.39927116154024,13175000,2023-03-17
149.8675079345703,149.8675079345703,149.98684890709043,146.21353643247926,146.31452587618128,2875800,2023-03-20
149.38092041015625,149.38092041015625,151.27216445568416,148.25167103598952,150.7763930209768,2497200,2023-03-21
144.57017517089844,144.57017517089844,149.74814998136688,144.47836149342757,149.5553468621982,2909900,2023-03-22
143.3307647705078,143.3307647705078,146.19518628771942,141.79757157164428,145.74532166900585,2791700,2023-03-23
143.42257690429688,143.42257690429688,143.7439107725992,140.17256318128688,142.0454557695165,2703700,2023-03-24
146.3236846923828,146.3236846923828,146.92960721760218,143.66124265297356,144.4507924979297,3078700,2023-03-27
146.6817626953125,146.6817626953125,148.04969402242332,145.14856955161636,146.0207434465716,2910600,2023-03-28
145.1577606201172,145.1577606201172,147.81101365898542,143.14716136061463,147.71002420731355,4219400,2023-03-29
147.14083862304688,147.14083862304688,148.1874503516987,146.58998444636543,146.70933945336728,2237400,2023-03-30
152.0617218017578,152.0617218017578,152.24533515325365,147.76509653099143,148.27004375420555,3094100,2023-03-31
152.45651245117188,152.45651245117188,154.20087457147164,151.78631731470867,152.76865659595717,2744400,2023-04-03
152.44732666015625,152.44732666015625,153.33786619785917,151.43743213014204,152.13518253589802,2350500,2023-04-04
151.7036895751953,151.7036895751953,153.3103311143568,150.6203468527834,152.2178126263186,2762100,2023-04-05
152.0158233642578,152.0158233642578,152.25451933351607,147.5172189555484,149.25240514817744,2552900,2023-04-06
155.15565490722656,155.15565490722656,155.77994312582393,151.1069152247541,151.55677985907366,2724400,2023-04-10
155.68814086914062,155.68814086914062,157.21215833110085,155.50452751429265,155.80749585375227,2155500,2023-04-11
150.11538696289062,150.11538696289062,156.78066255419768,149.82160839068828,156.4960597468512,3900300,2023-04-12
149.8950653076172,149.8950653076172,151.4282586563472,148.45367163922182,150.60197748052244,2464600,2023-04-13
147.81100463867188,147.81100463867188,151.91482681984093,146.79193441900972,149.64716618697835,2370100,2023-04-14
149.3717498779297,149.3717498779297,149.7206250799736,148.03135969635383,148.2792314368359,2566500,2023-04-17
149.0963134765625,149.0963134765625,149.6747088523619,148.71991100242101,149.60126070870476,2195400,2023-04-18
149.19729614257812,149.19729614257812,149.50945424113493,147.08572164580193,147.58147908195625,2183700,2023-04-19
147.1499786376953,147.1499786376953,149.1789432197485,146.690938271591,147.73754974595684,2809900,2023-04-20
148.8943328857422,148.8943328857422,151.05182830356406,147.75592169404115,148.10479687023386,2743600,2023-04-21
150.5101776123047,150.5101776123047,150.7488735914394,149.0137013358162,149.0137013358162,2313100,2023-04-24
144.69871520996094,144.69871520996094,150.66624040012945,144.44165370708856,150.51934411025914,2723300,2023-04-25
142.7156524658203,142.7156524658203,145.6167910524134,142.10971579732922,144.09277361668148,3077400,2023-04-26
145.1944580078125,145.1944580078125,145.60760553243125,142.42186436284123,143.43174473386526,3037900,2023-04-27
144.8272705078125,144.8272705078125,146.58080849223865,143.17472198868847,145.65353776297272,3432900,2023-04-28
144.24884033203125,144.24884033203125,145.74531641011336,143.53273848076748,144.76296330126675,1964500,2023-05-01
142.9635467529297,142.9635467529297,143.9550757219566,140.9896785887308,143.72555551640784,2277400,2023-05-02
141.90774536132812,141.90774536132812,145.62596111605458,141.69657670679288,142.59630590980342,2385700,2023-05-03
140.03488159179688,140.03488159179688,141.8435021247061,138.51086390264845,141.54970950611232,2653600,2023-05-04
143.4960479736328,143.4960479736328,144.84562802205713,141.54053116697656,141.83432378022943,2187200,2023-05-05
143.6796417236328,143.6796417236328,144.86395976310536,142.89926745899365,143.66127618561282,1495200,2023-05-08
144.52427673339844,144.52427673339844,144.92823452367182,142.68811514764752,142.94517664894855,1886000,2023-05-09
144.8088836669922,144.8088836669922,146.2502772771324,142.32089249228352,145.22201723380635,2804800,2023-05-10
145.85549926757812,145.85549926757812,146.25945708052402,143.7163692190616,144.48756777505005,2832000,2023-05-11
145.04757690429688,145.04757690429688,146.2502603970371,143.248132542768,144.87313932740173,3361600,2023-05-12
147.41624450683594,147.41624450683594,147.61820939984435,144.50591596951912,145.02922876297282,4055200,2023-05-15
145.0315399169922,145.0315399169922,148.67327472049374,142.98883601374547,145.46596091763297,5805900,2023-05-16
148.77493286132812,148.77493286132812,150.51260258316955,143.37702470424216,144.00555434260573,8387700,2023-05-17
142.50819396972656,142.50819396972656,149.38497021451948,141.64860399095835,148.69174703022443,7881600,2023-05-18
140.75204467773438,140.75204467773438,143.51569972195622,139.50423721174772,143.1737000017818,4456000,2023-05-19
140.41004943847656,140.41004943847656,141.1772181260084,138.43205317190288,139.56893525174942,3717000,2023-05-22
136.01966857910156,136.01966857910156,139.87398873947436,135.81632193339377,138.94969093304445,4374100,2023-05-23
132.26699829101562,132.26699829101562,134.8457825081311,131.37042844944472,134.76259910518024,6738300,2023-05-24
130.09490966796875,130.09490966796875,131.4351385986998,128.15387873127924,131.41664869448113,7409500,2023-05-25
128.4126434326172,128.4126434326172,129.84530736191962,126.82286472621638,129.68817848116083,8100400,2023-05-26
123.7079849243164,123.7079849243164,128.3756905316704,123.46767263044227,127.75641284449861,10931900,2023-05-30
121.0182876586914,121.0182876586914,125.02049827861276,120.741009639487,124.07772480599131,20234400,2023-05-31
121.23086547851562,121.23086547851562,122.0349998035682,117.15471005160487,118.86466609618925,13678400,2023-06-01
123.13491821289062,123.13491821289062,123.19037380816701,120.67628339545658,121.30481305046472,7594000,2023-06-02
120.7132797241211,120.7132797241211,122.47867753135463,119.8998932722603,121.70227088384914,7702900,2023-06-05
122.65428161621094,122.65428161621094,122.89460800467629,120.09397346303858,120.25111645718653,6065200,2023-06-06
121.77621459960938,121.77621459960938,122.29381902367443,121.09222926571611,122.0350168116419,5504400,2023-06-07
121.3325424194336,121.3325424194336,122.71898873394272,120.36202717854496,121.54512690529984,6162000,2023-06-08
117.37655639648438,117.37655639648438,120.71327852320567,117.33958364432839,119.69654546849463,9404100,2023-06-09
116.9051742553711,116.9051742553711,117.74628148143596,115.61115608651653,117.66309807469807,8248400,2023-06-12
118.97560119628906,118.97560119628906,119.60411686318555,117.14548864557572,117.84795687282075,6916300,2023-06-13
123.1441879272461,123.1441879272461,124.3457778487758,118.24541397817404,119.41926904306928,14968700,2023-06-14
127.4051742553711,127.4051742553711,127.62701075051912,124.41045914101227,124.88184582658238,10063100,2023-06-15
123.68025207519531,123.68025207519531,127.60851663621519,123.52312318519387,127.60851663621519,9903000,2023-06-16
122.67278289794922,122.67278289794922,123.19962521450205,121.4711931551209,123.04249630943671,5355200,2023-06-20
123.13491821289062,123.13491821289062,123.8373792591599,121.38799644337928,122.34002177205333,3845500,2023-06-21
122.36776733398438,122.36776733398438,123.63405062216,121.48043536976391,123.33828270319525,4620600,2023-06-22
121.85016632080078,121.85016632080078,122.38626067412524,120.45448188443667,121.09223544427407,6975500,2023-06-23
124.31803894042969,124.31803894042969,125.20537092583946,122.32155255100527,122.33080455422277,4831100,2023-06-26
122.47868347167969,122.47868347167969,124.63229881078121,122.38626216363488,123.11645114294257,6047600,2023-06-27
122.44172668457031,122.44172668457031,123.28284103990514,121.8963943853085,122.65431122258235,4601900,2023-06-28
122.84840393066406,122.84840393066406,123.9113405856977,121.79470517480308,122.45094860763375,6055200,2023-06-29
121.91485595703125,121.91485595703125,123.7172476805763,121.20315691204134,123.68026787605085,7316200,2023-06-30
124.65077209472656,124.65077209472656,125.07595518676862,121.6283150617253,121.6283150617253,4134600,2023-07-03
122.51567840576172,122.51567840576172,124.30881842647459,122.46022279335457,124.07774397233459,5186900,2023-07-05
120.93508911132812,120.93508911132812,122.90384742316166,120.55612372764591,121.89636646975805,4882300,2023-07-06
120.20491027832031,120.20491027832031,122.21063445426192,120.02929147104655,120.6208413934272,4256800,2023-07-07
121.7669906616211,121.7669906616211,121.87790187844786,120.4175097410165,120.4175097410165,3831300,2023-07-10
123.29206085205078,123.29206085205078,124.13317508398535,121.42497568208874,122.04425340451431,4089200,2023-07-11
122.84840393066406,122.84840393066406,125.1591480534875,122.78369632546683,124.6415436265611,3758300,2023-07-12
122.76521301269531,122.76521301269531,124.13316950064893,122.64504981249154,123.27356540567006,3077400,2023-07-13
121.00904846191406,121.00904846191406,122.63580727301319,120.7687361466256,122.0904750362068,4124300,2023-07-14
120.16792297363281,120.16792297363281,120.92585375694156,118.81845640853142,120.89812595790947,4731500,2023-07-17
120.90737915039062,120.90737915039062,121.97956786079617,119.27136828224283,120.48221010900937,3786400,2023-07-18
122.65428161621094,122.65428161621094,122.8668661029092,120.97206741525999,121.54512738099496,3229200,2023-07-19
124.44744873046875,124.44744873046875,125.04823662763562,122.4509622018254,123.0517642026567,4174700,2023-07-20
123.92982482910156,123.92982482910156,126.03722224460027,123.48616592680241,124.9003401371065,4034200,2023-07-21
125.15913391113281,125.15913391113281,125.33475270120941,123.69874209808582,124.15165297230118,2622600,2023-07-24
123.4861831665039,123.4861831665039,125.5473631686818,123.24585672880771,124.86337776674796,3849400,2023-07-25
124.290283203125,124.290283203125,125.27927417233812,122.43245034655102,122.70972830748724,5180100,2023-07-26
124.31803894042969,124.31803894042969,127.8118830700907,124.31803894042969,125.08520771331953,5538800,2023-07-27
124.78018951416016,124.78018951416016,126.38847258966157,124.60457069455406,125.56584820071477,2957500,2023-07-28
126.13890838623047,126.13890838623047,126.52711172821842,125.02050196238658,125.02050196238658,6055300,2023-07-31
122.92235565185547,122.92235565185547,126.20360118928407,122.88537584596884,126.00950657120174,4060700,2023-08-01
123.43070220947266,123.43070220947266,123.93906873866933,121.8409232238275,122.19214674100284,3562700,2023-08-02
122.68202209472656,122.68202209472656,123.8928497493687,122.56187299173658,123.14417091580601,3723100,2023-08-03
122.49717712402344,122.49717712402344,124.42895599634878,121.97957265140651,123.67103919106374,3481500,2023-08-04
121.95183563232422,121.95183563232422,123.57859443814407,121.3972513943345,122.95007879850789,3036700,2023-08-07
121.06449890136719,121.06449890136719,121.27709750962755,119.55790336400503,120.73175119241887,4359100,2023-08-08
120.7132797241211,120.7132797241211,122.07199840908721,120.39900780175299,121.40650296732166,2761200,2023-08-09
121.00904846191406,121.00904846191406,122.47867836259421,120.6393350378298,121.31406838343197,4375600,2023-08-10
121.12919616699219,121.12919616699219,121.72074603200717,120.1771708233534,120.18640872149099,3804000,2023-08-11
119.62260437011719,119.62260437011719,121.84092727019295,119.11423782403753,120.83343207753931,4425100,2023-08-14
116.57424926757812,116.57424926757812,120.55483727464485,116.49034567172593,119.2776847183018,9416500,2023-08-15
120.02345275878906,120.02345275878906,126.08288920874735,118.88614201021643,125.84983396067203,23754400,2023-08-16
121.29127502441406,121.29127502441406,123.84556568831962,119.72513634576315,119.82768122486864,8659600,2023-08-17
122.31672668457031,122.31672668457031,123.44470615662543,120.31244295041583,120.82516735796995,5755800,2023-08-18
119.12850952148438,119.12850952148438,122.82010342757965,118.79290942890471,121.64551021583185,5928600,2023-08-21
116.47169494628906,116.47169494628906,117.52510212428207,114.3275837842495,117.01237772527378,8791100,2023-08-22
114.85894012451172,114.85894012451172,116.89118203981222,114.4674090402024,115.89370592753012,4797500,2023-08-23
115.6886215209961,115.6886215209961,116.00558035073445,113.84282797423612,114.30893846151835,4308100,2023-08-24
113.53518676757812,113.53518676757812,115.6886148181247,112.56567615672965,115.59539414852568,7279700,2023-08-25
115.06404113769531,115.06404113769531,115.34371028946998,113.20892329361716,113.66570960338593,5116600,2023-08-28
117.60900115966797,117.60900115966797,119.00733261669603,115.38098649483756,115.42760038831779,5267400,2023-08-29
118.34544372558594,118.34544372558594,118.7183335184888,116.87254006765549,117.24542274827714,3276700,2023-08-30
117.97256469726562,117.97256469726562,119.04461310566414,117.3106815604242,117.78611623890133,4234600,2023-08-31
117.01237487792969,117.01237487792969,119.04461690920223,116.667457665428,118.90478945131328,2997100,2023-09-01
116.70475006103516,116.70475006103516,118.83021281755076,116.52762579389824,116.9191569096181,3427300,2023-09-05
115.32506561279297,115.32506561279297,116.96577665750682,114.78437569510695,116.70475590063279,3562100,2023-09-06
116.02423095703125,116.02423095703125,116.41576209083888,115.14794089464849,115.45557554790399,3267200,2023-09-07
115.30642700195312,115.30642700195312,116.27593777308458,114.22504714143955,115.93101341503476,2923200,2023-09-08
114.35555267333984,114.35555267333984,116.1640637574364,114.23436649919354,115.92168429686173,2613100,2023-09-11
114.10385131835938,114.10385131835938,115.11065170085908,113.96401674652078,114.56996181630015,2930600,2023-09-12
114.59793090820312,114.59793090820312,115.29709667707797,114.18775138119965,114.42080663749127,2541500,2023-09-13
116.3132095336914,116.3132095336914,116.49033379732684,114.48605725083704,115.22251268476965,3760900,2023-09-14
114.70978546142578,114.70978546142578,116.62083405357644,114.40215085514106,116.30388235906328,4919800,2023-09-15
111.25125122070312,111.25125122070312,114.5886041224879,110.51480288623702,114.5886041224879,5415200,2023-09-18
112.0250015258789,112.0250015258789,112.60298113551703,110.88769071042314,111.36312543589511,4056200,2023-09-19
112.24874877929688,112.24874877929688,113.30215608734866,111.93178989924525,112.40722466318132,3263500,2023-09-20
109.3681640625,109.3681640625,112.18346826626959,108.95798455922011,111.44701995779027,4133200,2023-09-21
104.96807861328125,104.96807861328125,109.41477657280603,104.91214763164345,109.0418867665638,6593700,2023-09-22
104.65113067626953,104.65113067626953,105.10791697144714,103.03838522881144,104.51129610484895,5353300,2023-09-25
102.05956268310547,102.05956268310547,104.77232221363063,101.72396253941216,103.8121356795067,6022200,2023-09-26
102.30192565917969,102.30192565917969,103.14092594153716,101.13664946487248,101.96632554623669,4498100,2023-09-27
102.13414001464844,102.13414001464844,102.99178882001353,100.81971198038,102.11549872231294,4676500,2023-09-28
103.07567596435547,103.07567596435547,104.08247635402675,102.43244119668518,102.88923460876381,4738100,2023-09-29
99.45866394042969,99.45866394042969,102.90787890560824,98.58237389653029,102.87058921094422,6121300,2023-10-02
99.89681243896484,99.89681243896484,101.22988173011609,98.98323266860723,98.98323266860723,5370300,2023-10-03
99.3934097290039,99.3934097290039,101.05276204029853,98.58237486473067,101.05276204029853,5523100,2023-10-04
98.02305603027344,98.02305603027344,99.46799455550578,97.53829704600585,98.69425640093132,4749300,2023-10-05
97.89253234863281,97.89253234863281,99.06712572555247,95.95351089934664,97.65015288940153,7556900,2023-10-06
98.5916976928711,98.5916976928711,98.92729783118531,96.70860723763224,98.10693877651413,4819900,2023-10-09
102.19938659667969,102.19938659667969,103.6256907139351,99.01119245470564,99.23492350529631,6791800,2023-10-10
101.60276794433594,101.60276794433594,102.92652721065569,99.68239490080848,102.65618225881158,3977400,2023-10-11
103.29009246826172,103.29009246826172,105.34097587940819,102.08752649191676,105.33165167771442,6497300,2023-10-12
104.3901138305664,104.3901138305664,104.62316908753454,102.55363726769247,103.67229965622666,4651400,2023-10-13
103.84009552001953,103.84009552001953,105.14520632863804,102.34854335829056,104.93079237150744,3872700,2023-10-16
104.93080139160156,104.93080139160156,105.50878101557926,103.24348353037632,103.64433887507585,3387900,2023-10-17
102.74008178710938,102.74008178710938,104.38079283804778,102.47906102924509,104.35282734431692,2940800,2023-10-18
101.0154800415039,101.0154800415039,103.3833225142119,100.98751454617108,102.74941187496502,4249500,2023-10-19
101.45360565185547,101.45360565185547,102.76803346649245,100.4001914477144,100.91291580479911,4215700,2023-10-20
100.1391830444336,100.1391830444336,101.09936958375316,99.43070017038706,100.76376943824388,3189800,2023-10-23
101.31378173828125,101.31378173828125,101.82650614925575,100.03663636785151,100.37223650734718,2518100,2023-10-24
102.8799057006836,102.8799057006836,103.55110592975795,100.60528428266082,101.0807189636354,4123200,2023-10-25
103.3553466796875,103.3553466796875,104.3248573905081,102.53498763314903,102.73075319317792,3092400,2023-10-26
99.96205139160156,99.96205139160156,103.56974176443349,99.64509258355253,103.02905192923762,3448200,2023-10-27
101.304443359375,101.304443359375,101.70529863032542,99.37474638346974,100.45612603990567,3852700,2023-10-30
103.28076934814453,103.28076934814453,103.73755566397506,101.10869262907858,101.50022375693331,5549400,2023-10-31
102.11549377441406,102.11549377441406,103.5511150322904,101.24852792103036,103.5511150322904,3081500,2023-11-01
103.54177856445312,103.54177856445312,104.25026846374456,101.53750213951888,102.76803348445597,3817800,2023-11-02
105.20113372802734,105.20113372802734,106.46895480037414,104.48332671949701,104.59518868263959,4341100,2023-11-03
103.52314758300781,103.52314758300781,105.751155261878,103.40195429800055,105.61132068579067,3696200,2023-11-06
103.80281066894531,103.80281066894531,105.03334214880653,103.29009336783433,103.31805886087722,2859100,2023-11-07
102.40447998046875,102.40447998046875,104.35282565547915,101.8917626750423,103.51382529572065,4514000,2023-11-08
99.5518798828125,99.5518798828125,102.83329462196622,99.12305908300888,102.83329462196622,5604600,2023-11-09
100.98749542236328,100.98749542236328,101.26715743501504,98.09761195127399,99.8501847456481,6235800,2023-11-10
100.02731323242188,100.02731323242188,101.45361018292736,99.86883026170224,101.35106530693061,4016000,2023-11-13
104.35052490234375,104.35052490234375,105.78217438553777,101.79803979888024,101.9581571200761,7656100,2023-11-14
122.87725830078125,122.87725830078125,123.88505904152439,117.62157664735129,118.75183316168514,32230800,2023-11-15
122.3874740600586,122.3874740600586,123.20690227951839,119.79731285225864,119.8632439410192,12033200,2023-11-16
122.34037780761719,122.34037780761719,123.47062710090987,121.40791459540348,122.80190261663398,5982500,2023-11-17
122.11431884765625,122.11431884765625,122.66060910499468,120.90871771832285,121.83176731101491,5810200,2023-11-20
123.19747924804688,123.19747924804688,123.26340314580773,121.22896033016973,122.65118901962147,4057900,2023-11-21
122.91490936279297,122.91490936279297,124.66680059985121,122.34036400085725,122.91490936279297,3587900,2023-11-22
123.81912994384766,123.81912994384766,123.82854353792527,122.21792789289474,122.91492189592012,1863100,2023-11-24
123.6966781616211,123.6966781616211,124.65739649296162,122.679449523478,123.52713286931443,3736700,2023-11-27
124.01693725585938,124.01693725585938,124.13938585932958,122.65121854201381,123.69670253960076,3804900,2023-11-28
123.687255859375,123.687255859375,125.36379524534001,123.54596573041738,124.29005637599278,2918900,2023-11-29
126.03251647949219,126.03251647949219,126.17380660488656,122.81129995268753,124.52552241190216,5759500,2023-11-30
126.9461441040039,126.9461441040039,127.10626142295186,124.80807990977277,125.6463496218522,4594800,2023-12-01
125.9383544921875,125.9383544921875,128.3213016699087,125.4485745272311,126.41870649103541,7625100,2023-12-04
125.1565933227539,125.1565933227539,126.07962855922767,124.79867554106231,125.57102141273378,2997800,2023-12-05
125.6275405883789,125.6275405883789,126.20208604969604,124.60088388504475,125.49567840243236,3894200,2023-12-06
127.33232116699219,127.33232116699219,127.92570812332295,126.33393410338084,126.77661732923097,3939200,2023-12-07
127.33232116699219,127.33232116699219,128.4719839954924,127.24755570805887,127.36998991366296,2880800,2023-12-08
128.81106567382812,128.81106567382812,128.99002456488705,127.61489248856998,128.19885150411017,3571700,2023-12-11
127.77501678466797,127.77501678466797,128.95236284591863,127.37000226620967,128.95236284591863,3352100,2023-12-12
130.33689880371094,130.33689880371094,130.37456754705238,126.87078516849948,128.09522771961056,3531700,2023-12-13
132.9364776611328,132.9364776611328,133.9348646696224,131.34470372907384,131.58017290548736,4636400,2023-12-14
130.32748413085938,130.32748413085938,133.36975644724316,130.17679477022745,132.89881806200842,5680200,2023-12-15
129.71527099609375,129.71527099609375,131.06214788991642,129.41386352866823,130.92087212199763,3117000,2023-12-18
131.4671630859375,131.4671630859375,131.58018370088132,129.88480261722825,129.97899604428088,2834600,2023-12-19
128.9429473876953,128.9429473876953,130.7984461099735,128.61329908170725,130.66658391319797,3711700,2023-12-20
131.2693634033203,131.2693634033203,131.52367416032595,129.31025795877534,129.93190008838945,3980200,2023-12-21
132.0511016845703,132.0511016845703,132.25831569454297,130.57236283728946,131.33528061405377,3223100,2023-12-22
132.83287048339844,132.83287048339844,133.21904338149173,131.19399984371583,131.86273862753342,2237700,2023-12-26
134.1044158935547,134.1044158935547,134.43406413200486,132.4372900265284,132.7386831123085,2806400,2023-12-27
134.25511169433594,134.25511169433594,134.7919883646327,133.74650454996473,133.80301485801715,2146700,2023-12-28
134.14207458496094,134.14207458496094,135.03685455353965,133.48276378558174,133.7653296630007,2517400,2023-12-29
134.78256225585938,134.78256225585938,135.81861800838664,133.3509056398985,133.9254510049165,3601500,2024-01-02
130.6100616455078,130.6100616455078,134.66013499289272,130.28982696434022,134.08558953696254,4662100,2024-01-03
132.0982208251953,132.0982208251953,132.73869014886637,129.69643211763005,130.78901265178592,3903000,2024-01-04
132.56915283203125,132.56915283203125,133.69940205994948,131.2222759753042,131.2222759753042,2745300,2024-01-05
133.4921875,133.4921875,133.73708465255032,131.4483166810071,132.05111722498705,3563300,2024-01-08
135.4136199951172,135.4136199951172,135.60199246464933,132.36193424986294,132.8046174578075,3664400,2024-01-09
135.7150115966797,135.7150115966797,136.01641904217317,134.6130175714029,135.0462871813253,2777400,2024-01-10
133.76535034179688,133.76535034179688,136.1012008372242,132.79521836447384,136.1012008372242,3215300,2024-01-11
132.71986389160156,132.71986389160156,134.82965873439815,132.4938082847736,134.40581704700773,2236400,2024-01-12
132.87057495117188,132.87057495117188,134.17978320590666,131.78740794382134,133.9254724306991,3482400,2024-01-16
130.67599487304688,130.67599487304688,132.5691621029061,130.34633223806307,131.9381063596197,3566300,2024-01-17
129.41387939453125,129.41387939453125,131.03390880080778,127.78443639320574,130.57239832109352,4160700,2024-01-18
130.11083984375,130.11083984375,130.54410942634354,127.90685193221492,129.24431505046007,3592600,2024-01-19
132.20181274414062,132.20181274414062,132.57855767127,129.89421772870327,130.3557281086521,2778700,2024-01-22
132.69161987304688,132.69161987304688,133.47337941054727,131.72148783333088,132.65393674946336,2806800,2024-01-23
131.10923767089844,131.10923767089844,133.55812291260116,130.8831964541801,133.3697504413698,2845900,2024-01-24
133.916015625,133.916015625,134.01020903905885,130.9302683596183,132.12645573305926,2566500,2024-01-25
134.24571228027344,134.24571228027344,134.68839556930925,133.40744242118663,134.58478853630297,3014800,2024-01-26
133.29441833496094,133.29441833496094,134.66955051347603,128.42491665380194,134.43408129656174,4879000,2024-01-29
132.35250854492188,132.35250854492188,132.99297775710122,129.82827169411078,132.4466875851205,2879500,2024-01-30
130.9962158203125,130.9962158203125,133.22845904562757,130.88319521302512,132.36193418866182,5804400,2024-01-31
136.0258331298828,136.0258331298828,136.07292983989964,130.4499247150652,132.74810619366463,3613900,2024-02-01
137.03366088867188,137.03366088867188,138.49355843203432,134.28338235563822,135.1499072875338,3775800,2024-02-02
134.0573272705078,134.0573272705078,136.46852958982953,133.27556779837002,135.8374738556242,4697400,2024-02-05
136.03526306152344,136.03526306152344,136.07294618282202,133.23790211084494,134.36815142750592,2873200,2024-02-06
138.20156860351562,138.20156860351562,140.3396328052847,136.81700866031565,140.3396328052847,3979600,2024-02-07
138.83262634277344,138.83262634277344,140.42440033993452,138.31460563099552,138.46529498742075,2946900,2024-02-08
138.01319885253906,138.01319885253906,138.99275871955874,137.7965712244457,138.53123393876115,2792400,2024-02-09
140.7163848876953,140.7163848876953,141.6582616657171,138.92682475821357,138.94566631790573,3492600,2024-02-12
137.6175994873047,137.6175994873047,139.2752972364651,136.18594293872684,138.6630831556909,3061800,2024-02-13
136.6003875732422,136.6003875732422,137.59877465556536,135.3853728567298,136.28015291889307,2986400,2024-02-14
137.82484436035156,137.82484436035156,139.6426598242185,136.9771465526821,137.31622280136978,2807600,2024-02-15
140.91419982910156,140.91419982910156,141.55466920552328,136.69459545366865,137.25971295547006,4319900,2024-02-16
142.22360229492188,142.22360229492188,144.33005750869998,141.5783890833829,142.32797672365322,3474400,2024-02-20
141.17987060546875,141.17987060546875,142.18566722588025,140.29744402064904,141.673278356077,2306900,2024-02-21
142.6505889892578,142.6505889892578,143.2578544682387,140.42079261912767,141.1798636090905,2503800,2024-02-22
143.73228454589844,143.73228454589844,144.9657966518921,142.71701910922116,143.2578579265433,3503600,2024-02-23
142.4702911376953,142.4702911376953,143.22937653448565,141.47400693765456,142.9067699463134,3856900,2024-02-26
144.2161865234375,144.2161865234375,144.5198119838373,142.7549446553192,143.07755123147808,2851700,2024-02-27
143.69432067871094,143.69432067871094,144.4628893993736,142.94471859628328,143.5899462550191,2298300,2024-02-28
145.0986328125,145.0986328125,145.79129160986582,144.22568958661472,144.59574176365686,4447800,2024-02-29
147.347412109375,147.347412109375,147.58462541750794,144.22569134482026,145.40227456536604,4285500,2024-03-01
142.79293823242188,142.79293823242188,146.8540291954011,142.41338822566772,145.35483924501494,9096100,2024-03-04
159.95767211914062,159.95767211914062,161.75100406475144,156.76004150967836,157.56655803220931,22986800,2024-03-05
164.6639862060547,164.6639862060547,166.55220938084793,162.82322306765985,163.41150744805657,8955200,2024-03-06
162.76625061035156,162.76625061035156,166.30548301528327,162.55751625329736,166.04928863031594,3644700,2024-03-07
161.03936767578125,161.03936767578125,163.47791289244302,160.7831732555943,162.57650524020113,3362600,2024-03-08
159.47373962402344,159.47373962402344,161.8553555756948,158.1548199806698,161.48530346402717,3142400,2024-03-11
158.99932861328125,158.99932861328125,160.41311053457457,158.961366379568,160.0145939506855,2292100,2024-03-12
158.14535522460938,158.14535522460938,158.9708528448339,155.7922034300697,158.68620847810152,5546300,2024-03-13
155.9060516357422,155.9060516357422,158.61977209987108,154.70100413636956,158.23073885134417,3365900,2024-03-14
155.8206787109375,155.8206787109375,156.797996380335,154.38791554472152,154.53972105809348,5074900,2024-03-15
159.01828002929688,159.01828002929688,159.58759765369592,155.080545641974,155.59291992125426,3189600,2024-03-18
159.6066131591797,159.6066131591797,159.98614867165853,157.79429995863705,158.52492102242812,2290500,2024-03-19
161.7415313720703,161.7415313720703,161.84590580870864,158.81906162454894,159.33143600909514,2969700,2024-03-20
161.46633911132812,161.46633911132812,162.14003121960906,160.32771822478932,161.94076568724847,2624300,2024-03-21
160.005126953125,160.005126953125,161.46635457644078,159.8722880782781,161.30505126258038,2443600,2024-03-22
163.82899475097656,163.82899475097656,164.70193794566111,161.0488473841757,161.30504179861757,4262600,2024-03-25
163.81002807617188,163.81002807617188,165.29023686194256,163.3545825601698,163.80054475567147,3512900,2024-03-26
165.7362060546875,165.7362060546875,166.5047749198743,164.66399718044528,165.19536719629227,4747100,2024-03-27
168.14630126953125,168.14630126953125,168.3265712364371,165.75518687675375,166.0493290860269,3716200,2024-03-28
168.72508239746094,168.72508239746094,172.55844294189674,168.57326241117516,169.62649003871272,3917400,2024-04-01
167.2259063720703,167.2259063720703,168.79150848423484,166.13471641897968,168.5637784860637,3022100,2024-04-02
166.51425170898438,166.51425170898438,168.12729923809357,166.1441995436102,167.50105265719858,3033900,2024-04-03
163.41151428222656,163.41151428222656,168.16526403896086,163.18378428108846,167.79521183608156,3614400,2024-04-04
162.98451232910156,162.98451232910156,163.71511884229125,161.33350260854834,162.84217566723387,2334000,2024-04-05
161.0203857421875,161.0203857421875,163.3261065554909,160.94447574850355,162.15900669074495,2122900,2024-04-08
162.8516845703125,162.8516845703125,162.95605900479293,160.6028925689347,161.30504917165305,1846600,2024-04-09
162.84217834472656,162.84217834472656,163.0699083204491,160.118974347416,161.21014971459152,2148700,2024-04-10
162.5670166015625,162.5670166015625,164.19904522475994,161.67509229837896,163.95233413252166,2247900,2024-04-11
157.62347412109375,157.62347412109375,162.31081080462687,157.30086753825003,162.08309532419577,3551700,2024-04-12
156.5702667236328,156.5702667236328,161.11528181637513,156.52283564467643,160.52698296679213,5075400,2024-04-15
154.9667205810547,154.9667205810547,157.5096403552536,153.91349288870174,156.61771597887432,3450600,2024-04-16
156.05789184570312,156.05789184570312,159.3504137110023,155.48857411654745,158.23075937122314,3700200,2024-04-17
158.05995178222656,158.05995178222656,158.9613593352455,156.64615544523517,157.24393753375324,3169500,2024-04-18
159.69200134277344,159.69200134277344,159.85330465430775,158.24025706061332,158.77161255233844,3377100,2024-04-19
158.5628662109375,158.5628662109375,160.44159158043854,157.53810296984105,160.12846827246312,2155500,2024-04-22
157.9935302734375,157.9935302734375,159.41680997572843,157.60451149169052,159.06573894890195,1890300,2024-04-23
156.8833770751953,156.8833770751953,158.0219979648162,156.36150494460028,156.58923491386452,2631400,2024-04-24
156.0294189453125,156.0294189453125,156.70309659398228,154.8338546745935,155.50754680161378,3141700,2024-04-25
156.3140869140625,156.3140869140625,157.77531452331877,155.7447691825671,156.703105736288,2085500,2024-04-26
155.355712890625,155.355712890625,157.24393575823706,153.77112996243466,156.27610154926688,2698500,2024-04-29
152.7463836669922,152.7463836669922,154.3120001297483,152.2150281929722,154.14119902547,3534400,2024-04-30
148.42909240722656,148.42909240722656,153.3631404065502,148.33421577853198,152.6040549852427,4378000,2024-05-01
150.03265380859375,150.03265380859375,150.5260614951504,147.83132205334465,149.24510396528117,3880000,2024-05-02
149.9567413330078,149.9567413330078,152.1106419782321,149.73850916844532,150.8676467024398,3802200,2024-05-03
150.2509002685547,150.2509002685547,150.29833134279843,148.4955161710395,149.9567436338141,3314500,2024-05-06
152.20553588867188,152.20553588867188,154.0557966187549,151.66468264845918,152.83178243680766,3492500,2024-05-07
151.42747497558594,151.42747497558594,153.0025747235127,150.85817175664826,150.86765507620788,2678300,2024-05-08
155.91555786132812,155.91555786132812,155.99145337301468,150.90559986735425,151.28514981753798,2538000,2024-05-09
154.78643798828125,154.78643798828125,157.17753779530986,153.42957028852163,156.19073676868166,2414100,2024-05-10
152.6704864501953,152.6704864501953,155.9914729190914,152.37634425091514,155.81120295830985,2629000,2024-05-13
151.8679656982422,151.8679656982422,154.39018084555403,151.50491482965475,153.14817775966247,2707900,2024-05-14
150.48265075683594,150.48265075683594,153.89338140317878,150.03361874606227,153.4443493924051,2563700,2024-05-15
153.4825439453125,153.4825439453125,156.34869800276383,152.59404318494904,153.10039590219102,5232900,2024-05-16
152.98574829101562,152.98574829101562,153.310575572489,152.00170327019092,153.0335058609872,4005500,2024-05-17
149.71835327148438,149.71835327148438,153.62587347032817,149.00181469613585,152.76601843310118,4429200,2024-05-20
148.82981872558594,148.82981872558594,149.84252411608077,147.75022941254272,149.71833402536814,6291000,2024-05-21
136.8779754638672,136.8779754638672,139.17089300333825,133.73475151287656,134.2697646335522,18724000,2024-05-22
137.96710205078125,137.96710205078125,139.08490035201112,135.4353239586168,136.1423138540841,6661100,2024-05-23
138.7505340576172,138.7505340576172,139.2282264701334,137.15504314917487,138.43525531599462,3550300,2024-05-24
140.53709411621094,140.53709411621094,140.86192141297988,138.0817484587205,138.53078043049493,4344300,2024-05-28
141.1485595703125,141.1485595703125,141.52115906967236,139.00849231003124,139.53395688041454,3038500,2024-05-29
143.18348693847656,143.18348693847656,143.6516306457969,141.32048986324224,141.89372646085846,4238000,2024-05-30
149.19288635253906,149.19288635253906,149.92852211531746,142.1230304418073,142.23768652508286,7501000,2024-05-31
146.20252990722656,146.20252990722656,147.59739808308515,144.62615087094747,145.30446589266188,4162500,2024-06-03
143.8331756591797,143.8331756591797,147.3107755329613,143.41280404069826,145.57196830706337,4683700,2024-06-04
140.7759552001953,140.7759552001953,144.24399208870213,140.2027184926989,143.785411469514,5746100,2024-06-05
138.6549835205078,138.6549835205078,140.62307363233367,138.57855099660998,140.15492989021445,4682900,2024-06-06
139.48617553710938,139.48617553710938,140.0594122266869,137.71870789259086,138.1773030754587,3110800,2024-06-07
141.89373779296875,141.89373779296875,142.26633723777266,139.07535588196345,139.53393644987287,3051600,2024-06-10
139.66769409179688,139.66769409179688,141.75042577712816,139.40973613639792,141.6357842760681,3592400,2024-06-11
140.2313690185547,140.2313690185547,141.42559992692773,138.62632967514807,139.81099740632513,3064300,2024-06-12
138.22503662109375,138.22503662109375,140.52751700066182,138.10084653642002,140.52751700066182,3470600,2024-06-13
134.8621063232422,134.8621063232422,137.38432132142464,133.1615227414835,137.3556609469691,5019700,2024-06-14
138.5021209716797,138.5021209716797,138.5881020958611,134.51816852645845,135.04363302647857,5006300,2024-06-17
136.18052673339844,136.18052673339844,138.38747760367534,136.06588523603827,137.90978526065678,2969500,2024-06-18
136.9830780029297,136.9830780029297,137.3556774937511,135.40668432790434,135.8079441966339,2628700,2024-06-20
139.61038208007812,139.61038208007812,139.74413536569165,137.56585924112014,137.56585924112014,5651600,2024-06-21
143.01153564453125,143.01153564453125,144.06245004985934,140.1740419675227,140.44154851273444,3933000,2024-06-24
140.22181701660156,140.22181701660156,142.4669623230514,139.8109940135234,141.85551669592294,3336500,2024-06-25
140.60398864746094,140.60398864746094,140.73774194526408,138.45437270404275,139.49573870679703,2447000,2024-06-26
140.17405700683594,140.17405700683594,140.44156358074855,138.8174123597034,139.24733259791907,2273600,2024-06-27
141.4351348876953,141.4351348876953,142.07525542150958,139.6007981386788,140.95744257040937,12772300,2024-06-28
139.23779296875,139.23779296875,142.29502156615717,138.59768687007536,141.72178482626137,2638900,2024-07-01
138.90338134765625,138.90338134765625,140.4320027032392,138.0148805715584,139.00847424807776,3296400,2024-07-02
138.33970642089844,138.33970642089844,139.70589953403604,137.92888342246349,138.8365105429546,1633300,2024-07-03
139.1517791748047,139.1517791748047,139.8969780930448,138.05309257376234,138.09130154838397,3562200,2024-07-05
142.0848388671875,142.0848388671875,145.18983969107182,141.1963233585537,145.08474677237353,5183800,2024-07-08
141.01478576660156,141.01478576660156,142.94465234000845,140.66128351902603,141.39693381055986,2848400,2024-07-09
139.5912628173828,139.5912628173828,140.8714748507511,137.01172697429348,140.8714748507511,4105700,2024-07-10
144.6452178955078,144.6452178955078,145.11336158233763,139.9638393392561,140.44153162369042,4727800,2024-07-11
146.0305633544922,146.0305633544922,146.78531088483976,144.08157032101354,145.66751248829212,2675700,2024-07-12
144.54971313476562,144.54971313476562,146.6037844811621,144.1771136717165,146.03056238770952,3645900,2024-07-15
148.09417724609375,148.09417724609375,148.09417724609375,144.635689293621,144.69301004319578,3391800,2024-07-16
148.97312927246094,148.97312927246094,149.7470031249867,147.16745277259471,147.16745277259471,3353700,2024-07-17
145.30445861816406,145.30445861816406,148.32347783316962,145.06561243807843,147.91266940086905,2927400,2024-07-18
143.04974365234375,143.04974365234375,144.7025696402661,142.6962559867019,144.7025696402661,3187000,2024-07-19
144.28219604492188,144.28219604492188,144.97007416927056,142.08480840203097,142.7058026024507,3692800,2024-07-22
143.56565856933594,143.56565856933594,144.22487632469932,142.963761561741,143.49877464493065,1622400,2024-07-23
139.9160919189453,139.9160919189453,144.1866628626561,138.8174053018087,143.58476581294752,3029500,2024-07-24
139.76321411132812,139.76321411132812,142.75357273244302,139.47661037858018,140.04028382366826,3019700,2024-07-25
142.35231018066406,142.35231018066406,143.29814621451274,140.68038707451532,140.68038707451532,2427000,2024-07-26
140.2695770263672,140.2695770263672,141.30137958820282,138.66452328282168,140.8045900815449,2487000,2024-07-29
141.3491668701172,141.3491668701172,141.6739941772549,140.21225671712122,140.79504198134546,2379200,2024-07-30
143.6994171142578,143.6994171142578,145.6006233490848,141.33005254743756,142.07526602981795,5743700,2024-07-31
140.46066284179688,140.46066284179688,144.59748034704612,139.56259889025364,144.46372707200865,3782400,2024-08-01
132.96090698242188,132.96090698242188,138.93206225707624,131.8813174437993,138.83653251949127,6476500,2024-08-02
127.89734649658203,127.89734649658203,130.26671107417897,126.51204158231819,129.93232059438498,6887700,2024-08-05
127.87825012207031,127.87825012207031,129.84634030538325,127.30501346102152,128.50879295560736,5005500,2024-08-06
127.51519775390625,127.51519775390625,131.604243125428,127.39099307728085,130.10428214099832,3209700,2024-08-07
127.9928970336914,127.9928970336914,129.9227783242557,127.13305658378422,128.77630495369348,3894000,2024-08-08
129.4546356201172,129.4546356201172,129.55017992779543,126.82732751712588,127.64895899790919,3778100,2024-08-09
128.99606323242188,128.99606323242188,130.44823767114093,128.13620814258545,128.58524017685195,3695600,2024-08-12
130.56288146972656,130.56288146972656,130.80172765363372,127.70627586211198,129.62659393264036,3319800,2024-08-13
129.70303344726562,129.70303344726562,130.80173469922818,129.4641872504931,130.6010974796127,4838000,2024-08-14
135.3397979736328,135.3397979736328,137.46075314053957,134.28886898894447,136.8970650971085,4640600,2024-08-15
137.6136016845703,137.6136016845703,137.80469028130312,134.6041458001999,134.8238801928268,3473900,2024-08-16
138.1772918701172,138.1772918701172,142.0083792148047,137.97665467163114,138.0530871959109,4427000,2024-08-19
137.89068603515625,137.89068603515625,139.19955850918925,136.5053810299222,138.05309969720295,6815100,2024-08-20
153.3348846435547,153.3348846435547,161.18215857738895,153.06528602174106,161.11476626794703,25572100,2024-08-21
150.9951629638672,150.9951629638672,154.17257765144535,150.61001154971964,153.96074804667026,7452400,2024-08-22
152.61276245117188,152.61276245117188,153.69115708060914,150.9181402203383,151.72693619241628,3188300,2024-08-23
152.9978790283203,152.9978790283203,155.82867924953538,152.10242961125428,153.39265368600496,3655200,2024-08-26
152.7860565185547,152.7860565185547,153.83558122931302,151.90023033551063,152.99788611580692,3252300,2024-08-27
151.03367614746094,151.03367614746094,152.43945314820886,149.9071357684349,151.89061787297774,2666500,2024-08-28
147.721435546875,147.721435546875,150.45594435268978,146.8067248531299,150.45594435268978,3879500,2024-08-29
147.91400146484375,147.91400146484375,148.42431420217642,146.53712380917875,147.98140846774817,3933200,2024-08-30
146.16163635253906,146.16163635253906,149.20426676656112,145.7283538163964,147.30743806928967,4071000,2024-09-03
146.81634521484375,146.81634521484375,148.02955372682868,143.34043289397627,146.98002904588452,3841000,2024-09-04
146.2578887939453,146.2578887939453,147.84661075074428,145.07357947489405,147.3748058013876,3358900,2024-09-05
145.66091918945312,145.66091918945312,147.6347778044037,145.12172194073014,145.97866357359842,4045100,2024-09-06
144.99655151367188,144.99655151367188,147.24000883978422,144.38032396385734,145.7475783808826,3735200,2024-09-09
142.5123748779297,142.5123748779297,145.1794913020992,141.87690080023336,144.9965462297233,4103200,2024-09-10
141.81912231445312,141.81912231445312,142.4738723507321,139.29644307672743,141.7806145203302,4089500,2024-09-11
142.92642211914062,142.92642211914062,143.4463581679546,141.16439294989854,141.87691205355594,3453500,2024-09-12
145.7379608154297,145.7379608154297,146.95115471952877,143.92778588916582,144.15887673890936,3592300,2024-09-13
147.1629638671875,147.1629638671875,148.0295434142377,145.1120897924154,146.30602228671862,3429200,2024-09-16
146.315673828125,146.315673828125,147.98141138676618,145.45873216815107,147.2592690432368,3162300,2024-09-17
147.89476013183594,147.89476013183594,150.24411758469128,146.7393206105995,146.8259888591089,3269500,2024-09-18
150.67742919921875,150.67742919921875,151.54399423121487,149.24276762773275,150.76408276401332,5098800,2024-09-19
149.0020294189453,149.0020294189453,151.54396975317727,148.22211807771842,151.07216482323946,7389800,2024-09-20
149.52197265625,149.52197265625,149.95526981526734,147.23038428049617,149.0212978771576,2927700,2024-09-23
150.37890625,150.37890625,151.96762813313902,149.72417094690474,150.1093076320169,3114000,2024-09-24
149.31016540527344,149.31016540527344,151.0914411257733,148.43396245891725,150.4848368256768,2319900,2024-09-25
150.1863555908203,150.1863555908203,151.88099246570005,149.35829839751077,150.71592961422022,2757900,2024-09-26
149.41607666015625,149.41607666015625,151.65953424901272,149.0309399059255,150.68705439476352,3067200,2024-09-27
150.07081604003906,150.07081604003906,150.5426210184509,148.49173195338494,149.41606597424257,2934400,2024-09-30
146.5467529296875,146.5467529296875,149.62789071912698,145.74758029036005,149.48346812431885,3994400,2024-10-01
144.81362915039062,144.81362915039062,146.78748815133414,144.38998458070864,146.02683788928644,2795000,2024-10-02
144.0433349609375,144.0433349609375,144.428471675262,142.05983827529718,144.32255687501916,4790100,2024-10-03
147.20150756835938,147.20150756835938,148.1547261078908,145.69945376738008,146.27715885666672,3557100,2024-10-04
143.46560668945312,143.46560668945312,146.96078019816704,142.41609671693797,146.96078019816704,3301400,2024-10-07
145.699462890625,145.699462890625,146.14236868427568,143.28268350256812,143.45600532462402,3224100,2024-10-08
148.59764099121094,148.59764099121094,148.70355579074376,144.66918482493523,145.93052445172003,3514300,2024-10-09
150.17672729492188,150.17672729492188,150.45594921136785,146.66230699787502,148.5976432455824,3139100,2024-10-10
152.57424926757812,152.57424926757812,152.93050147536383,150.6196370326886,150.8699891285591,3594100,2024-10-11
152.1024169921875,152.1024169921875,153.63335504455864,150.73516275434454,152.3238698363113,2534300,2024-10-14
154.72140502929688,154.72140502929688,155.5013164017024,152.55497802060444,152.75716964721593,2987800,2024-10-15
152.968994140625,152.968994140625,154.81767669669082,152.56459620886275,154.73102314531812,3124500,2024-10-16
150.09970092773438,150.09970092773438,153.065300744966,149.73381075206848,152.97864718505286,2879700,2024-10-17
151.014404296875,151.014404296875,151.23587186186555,148.96353001900616,150.67741334966868,2988700,2024-10-18
145.3046875,145.3046875,150.2633929244003,144.48625354434938,150.20562388132382,4455200,2024-10-21
143.6485595703125,143.6485595703125,144.6980695998897,143.12860884731313,144.46697875722066,2815000,2024-10-22
142.5509033203125,142.5509033203125,143.84112746401237,141.93467576720033,142.8205019565476,3962000,2024-10-23
144.6017608642578,144.6017608642578,144.90988195114178,143.09970729575355,143.66780371319314,3060300,2024-10-24
145.54537963867188,145.54537963867188,147.39406219777894,145.34317332644662,145.8823705696833,4082200,2024-10-25
143.7544708251953,143.7544708251953,147.6829269015543,143.73520958244188,146.9800311152776,2523700,2024-10-28
142.4353485107422,142.4353485107422,144.64029802293078,142.2331568824773,143.36932044860004,2881500,2024-10-29
143.00343322753906,143.00343322753906,144.22625024808778,142.2042606715767,142.50274379772674,2520500,2024-10-30
144.46697998046875,144.46697998046875,145.12173002756307,142.58941278045933,143.5041234992307,3229500,2024-10-31
145.23728942871094,145.23728942871094,146.1808994971295,144.53440820797147,145.75724023245604,2452800,2024-11-01
144.41883850097656,144.41883850097656,147.00890990752634,144.23589343200334,144.87138218990307,3289500,2024-11-04
145.3817138671875,145.3817138671875,146.19050983249548,143.97593685813095,144.43810388230338,2692300,2024-11-05
141.81912231445312,141.81912231445312,146.0653228526587,139.69121775359977,146.0653228526587,7506600,2024-11-06
145.3046875,145.3046875,146.594911768792,142.11763462606262,142.31020300032594,4862000,2024-11-07
144.21664428710938,144.21664428710938,145.9690501558232,144.0722216900282,145.88238190555037,3323600,2024-11-08
147.58663940429688,147.58663940429688,148.95389383660316,144.33217981532806,144.4284713396974,3541700,2024-11-11
149.8686065673828,149.8686065673828,151.22623774233662,148.0199238723926,149.05018736732217,5082100,2024-11-12
149.23312377929688,149.23312377929688,151.13957540209748,149.0020329463422,149.72417527079944,3624500,2024-11-13
147.76959228515625,147.76959228515625,150.12858783648218,147.17262594022327,149.01167073974818,4075100,2024-11-14
146.4793701171875,146.4793701171875,148.48211348323278,146.27716377931654,148.11622329662094,3888700,2024-11-15
150.74481201171875,150.74481201171875,151.1973557442495,147.10521559963797,147.3170452060151,6503000,2024-11-18
150.20559692382812,150.20559692382812,152.53570762588583,148.28950741753067,150.3981652635311,9170500,2024-11-19
118.0464096069336,118.0464096069336,125.16487991194913,116.5819803521425,124.1368737935691,64557700,2024-11-20
117.92032623291016,117.92032623291016,120.35457477032345,116.95050692388396,118.40523588742326,19616700,2024-11-21
121.23711395263672,121.23711395263672,121.95477816991085,117.60029154200319,118.02700700677299,13730100,2024-11-22
126.59051513671875,126.59051513671875,127.92887053884972,123.66166403480965,124.20476788748444,15456500,2024-11-25
122.73062896728516,122.73062896728516,125.7079663677486,122.68213504516325,125.39763190304959,9888200,2024-11-26
126.16378784179688,126.16378784179688,126.80387212456446,123.34161755640213,124.12716881331328,6745200,2024-11-27
128.31678771972656,128.31678771972656,128.8404984226528,126.24137503384651,126.56141717490856,5023500,2024-11-29
126.77478790283203,126.77478790283203,128.00646263335082,124.01080420709998,126.78448076905363,14195600,2024-12-02
127.48274230957031,127.48274230957031,127.79309158456206,125.02910069745505,126.56141694662395,8163900,2024-12-03
126.1444091796875,126.1444091796875,126.99784013960121,125.14548164094089,126.82327976084686,6051300,2024-12-04
125.27156066894531,125.27156066894531,126.56142214940195,124.62178349577127,126.22197946570915,6858600,2024-12-05
128.3943634033203,128.3943634033203,128.7822851643377,126.0764961053148,126.0764961053148,7284100,2024-12-06
131.2068328857422,131.2068328857422,133.9417301293454,128.9859534318743,129.32539607073846,9619300,2024-12-09
130.97410583496094,130.97410583496094,132.48702164928514,129.27692197689512,131.69176268119384,5575500,2024-12-10
131.87603759765625,131.87603759765625,133.59262207564646,130.45040189872245,130.7898446073332,4811900,2024-12-11
131.2068328857422,131.2068328857422,133.54410070627966,131.1389532369293,132.93312467389734,3860200,2024-12-12
130.46009826660156,130.46009826660156,131.92452010340767,129.31570378094864,131.62387848378185,4261200,2024-12-13
128.4525604248047,128.4525604248047,130.7510421767258,127.78338275519225,129.51936755002274,5503800,2024-12-16
127.62822723388672,127.62822723388672,128.02584190467226,125.97952256674029,127.57002564468729,5793000,2024-12-17
126.75538635253906,126.75538635253906,132.17667297888227,126.66810616243961,127.34697674921685,6602400,2024-12-18
126.49351501464844,126.49351501464844,128.01613830830172,126.47412928480855,127.04631907869339,5262100,2024-12-19
127.51183319091797,127.51183319091797,128.3167849590099,125.44612821325971,125.81464947221355,7189100,2024-12-20
127.93856811523438,127.93856811523438,128.12283616124193,125.3006582738259,126.85237516816113,4097800,2024-12-23
128.40406799316406,128.40406799316406,128.66592334480876,127.22088727627231,127.89006495365987,1647700,2024-12-24
132.2736358642578,132.2736358642578,132.80703936684603,128.44285310646882,128.4622536333628,5042000,2024-12-26
131.4105224609375,131.4105224609375,132.95253168214182,130.92561278395988,131.05169403542013,3089000,2024-12-27
130.97410583496094,130.97410583496094,132.32215413600818,129.79092504719068,130.34371438014662,3945600,2024-12-30
131.10015869140625,131.10015869140625,132.46760738110515,130.23702015360493,131.41050795357933,2830200,2024-12-31
133.0495147705078,133.0495147705078,134.68851178770015,131.37173149178506,131.65297258311864,4358300,2025-01-02
131.69175720214844,131.69175720214844,133.86415777746657,131.07107343752443,133.53442276463124,4025200,2025-01-03
135.08612060546875,135.08612060546875,135.62923183122768,132.8846415010506,132.8846415010506,4937900,2025-01-06
135.04734802246094,135.04734802246094,137.90831222019494,134.17451650392152,135.70681809455397,4166100,2025-01-07
134.0484161376953,134.0484161376953,135.08611502630788,132.14756392171523,134.8048739587825,4663400,2025-01-08
137.34579467773438,137.34579467773438,138.68414995117016,134.2714694930704,134.55272535692401,5882800,2025-01-10
134.5818328857422,134.5818328857422,136.35660403962964,133.70898660771778,136.28870958320024,4061900,2025-01-13
132.3512420654297,132.3512420654297,136.50206751726188,131.5656907941545,135.98806446819864,4635500,2025-01-14
130.46978759765625,130.46978759765625,136.1335286865541,130.42129367361497,135.67771243744838,5132600,2025-01-15
129.22842407226562,129.22842407226562,129.73273426094084,124.05928533358279,124.64118284345945,9900600,2025-01-16
129.57754516601562,129.57754516601562,129.74241265582944,126.93963573246106,128.87927415135314,6892500,2025-01-17
133.19497680664062,133.19497680664062,133.5538200042563,130.07215753079225,130.44069359386378,4848900,2025-01-21
131.67236328125,131.67236328125,133.12709215144667,131.3232277604721,133.04950483591077,4012400,2025-01-22
133.10769653320312,133.10769653320312,133.35984421929578,130.964389407478,131.4008199232503,6788900,2025-01-23
133.72837829589844,133.72837829589844,134.70789042937284,132.53550473956545,133.15618847926294,5868200,2025-01-24
138.1992645263672,138.1992645263672,138.20895739299195,133.33076699392282,133.78658329587137,5331600,2025-01-27
136.80270385742188,136.80270385742188,140.70138146630674,136.36628814557878,138.68415560893018,4141500,2025-01-28
135.8619842529297,135.8619842529297,137.9471046586214,135.72621014079422,136.93848428424232,3279200,2025-01-29
136.20143127441406,136.20143127441406,137.81133493982017,135.2219042643896,136.60875362380557,2792000,2025-01-30
133.74777221679688,133.74777221679688,136.15291973951176,133.29195599941622,135.88137154170204,4056400,2025-01-31
130.11094665527344,130.11094665527344,131.36200690464855,128.09372095539325,130.51826894107617,6330500,2025-02-03
131.50750732421875,131.50750732421875,132.74887488518237,129.2575193710543,130.9256098057745,4376200,2025-02-04
131.12925720214844,131.12925720214844,132.18635655163024,129.76180861340615,131.1098566751281,4908700,2025-02-05
130.61524963378906,130.61524963378906,132.91373132169693,130.08186088430284,131.95360493574043,4289200,2025-02-06
127.38577270507812,127.38577270507812,130.92560727886607,126.35775180256533,130.61525799548068,5756700,2025-02-07
127.31787872314453,127.31787872314453,128.32649909962703,126.35775227215476,127.80278838153502,4003500,2025-02-10
128.4525604248047,128.4525604248047,128.47196095388168,126.28017471275015,126.9687381131718,4782600,2025-02-11
124.70648193359375,124.70648193359375,126.99520907897283,124.0413803981252,126.37902249335221,6429000,2025-02-12
125.7628173828125,125.7628173828125,126.60397540247764,124.20765036050705,124.81406886326684,5325900,2025-02-13
125.0781478881836,125.0781478881836,126.60397337927162,124.56954436597731,126.10513792212934,4549000,2025-02-14
127.25929260253906,127.25929260253906,127.78745464451137,124.95099956736858,125.19552207141432,4901600,2025-02-18
127.88526916503906,127.88526916503906,128.814451692243,126.6333151426964,127.15170165548817,3893500,2025-02-19
125.32267761230469,125.32267761230469,127.2984086846037,124.99990611844139,125.95843014828233,6195900,2025-02-20
121.5472412109375,121.5472412109375,124.21743019858958,121.21469419227842,123.15131567875773,9052900,2025-02-21
123.0143814086914,123.0143814086914,123.93378843690671,120.97995979081507,121.58637084156574,8772900,2025-02-24
124.59889221191406,124.59889221191406,124.91188073278919,123.14154011117382,123.5132116477646,6404300,2025-02-25
121.3222885131836,121.3222885131836,125.08793364544,120.94083399753009,124.92166013086997,7714200,2025-02-26
119.81602478027344,119.81602478027344,122.31015726059334,119.68887576691104,121.02885428862362,6164500,2025-02-27
121.51789855957031,121.51789855957031,121.80154555281861,119.6790920603653,120.10945404491231,8893600,2025-02-28
118.11415100097656,118.11415100097656,124.27611355032325,117.29255151705628,122.52533154727249,12120900,2025-03-03
114.5734634399414,114.5734634399414,115.62980244412573,110.0644678864132,114.92557644133618,15623300,2025-03-04
114.00616455078125,114.00616455078125,114.22134553820572,111.60006411930021,113.82033253074269,7311000,2025-03-05
111.5511703491211,111.5511703491211,113.36063540313465,110.77847833381304,112.4607943709663,8020200,2025-03-06
112.55860137939453,112.55860137939453,112.79334089494998,109.6438898341621,111.03277587269754,8050900,2025-03-07
111.35554504394531,111.35554504394531,113.09654405055677,109.38958205387716,112.17714452457577,8146200,2025-03-10
110.28943634033203,110.28943634033203,112.49013895708033,109.75148382689959,111.42401692016011,8271800,2025-03-11
104.92948913574219,104.92948913574219,110.99365133161491,104.67518365812012,110.51438188105135,10434200,2025-03-12
102.21041107177734,102.21041107177734,105.65328479291699,101.73114903273259,105.41854526839802,9700200,2025-03-13
102.40602111816406,102.40602111816406,102.9733151152109,101.19319159452583,102.92441509202487,7551800,2025-03-14
103.35477447509766,103.35477447509766,104.6165115433981,102.9537614323116,103.34499894734222,5436200,2025-03-17
102.29843139648438,102.29843139648438,103.92206440816935,102.20062388713538,103.14937239851339,4922200,2025-03-18
102.6407699584961,102.6407699584961,103.4428034832188,101.47684043689516,101.72136294397201,6331900,2025-03-19
101.91697692871094,101.91697692871094,104.33286046802937,101.64311291752635,102.11259940972467,5863300,2025-03-20
101.78004455566406,101.78004455566406,102.81682504570716,99.53044199888767,101.09538453017443,31066200,2025-03-21
105.9760513305664,105.9760513305664,106.10320780798392,102.6407682692904,102.68966829256019,8526100,2025-03-24
103.09069061279297,103.09069061279297,106.37707370924387,102.27887409728464,105.79022118392794,6837700,2025-03-25
103.76556396484375,103.76556396484375,104.33285795275519,102.67010794651486,103.44279993786297,5490800,2025-03-26
104.1763687133789,104.1763687133789,105.61416221732809,103.4036767125411,103.48192570402115,5015300,2025-03-27
101.3790283203125,101.3790283203125,103.08090280281631,100.12707433491961,102.2006203248887,9704400,2025-03-28
102.07347106933594,102.07347106933594,102.36690104868835,98.29804314365559,99.76517811594896,7069200,2025-03-31
102.1419448852539,102.1419448852539,103.27652547028144,101.26166234207352,102.6798974011516,6240500,2025-04-01
103.45257568359375,103.45257568359375,104.74365418094827,101.65289367125965,101.74091818910372,5654400,2025-04-02
92.21432495117188,92.21432495117188,96.2929585020386,90.96237093229777,95.60829847991513,19020400,2025-04-03
93.62277221679688,93.62277221679688,94.7573526906609,88.63451491049234,89.82777839407379,16229700,2025-04-04
92.3121337890625,92.3121337890625,95.71589035634727,88.2726246758942,89.27027321710277,13800600,2025-04-07
86.81526947021484,86.81526947021484,95.36377388042979,85.43615900453304,94.42480838692138,13408900,2025-04-08
95.54961395263672,95.54961395263672,96.32230594377616,85.95454603206977,86.07191951781665,13717800,2025-04-09
90.67872619628906,90.67872619628906,93.89664330502313,87.83248807646763,93.59343778226578,12187900,2025-04-10
90.7471923828125,90.7471923828125,90.92324888785308,86.68811723932443,90.38530384517644,10457600,2025-04-11
92.57622528076172,92.57622528076172,93.31957581265046,90.68851117443874,92.35126128452772,8164400,2025-04-14
90.06253051757812,90.06253051757812,92.89899305810565,89.94515702918412,91.97958605460582,6605600,2025-04-15
88.47801971435547,88.47801971435547,90.60047320446405,87.56839572398972,89.00618920510665,8048400,2025-04-16
91.06996154785156,91.06996154785156,91.49054055119407,88.2530650017513,88.2530650017513,5349800,2025-04-17
91.72528076171875,91.72528076171875,91.85243723998268,88.85947670837618,90.61025873735532,6856600,2025-04-21
92.03826904296875,92.03826904296875,93.83795855335376,90.71784901338793,92.05783502214648,7200100,2025-04-22
90.13099670410156,90.13099670410156,95.48115029966247,89.68107619102538,94.72801680650859,9113800,2025-04-23
93.22175598144531,93.22175598144531,93.46627848267646,89.86690696606468,90.27771043943123,7718800,2025-04-24
94.46393585205078,94.46393585205078,94.72801687387049,92.6153463126089,92.92833482028598,5274900,2025-04-25
94.25853729248047,94.25853729248047,95.84303833860574,93.08482479887644,94.37590331827664,4662400,2025-04-28
94.78670501708984,94.78670501708984,94.96275405248147,93.21197952783268,93.8477320549277,3768400,2025-04-29
94.581298828125,94.581298828125,94.86494582003341,92.16542282672086,93.4173768170515,8255300,2025-04-30
93.86730194091797,93.86730194091797,95.39312000903347,93.45650591676915,94.98232398488464,5443700,2025-05-01
95.23662567138672,95.23662567138672,96.35164767071976,94.57152417509732,95.16815967010257,5294900,2025-05-02
91.96002197265625,91.96002197265625,94.718235577826,91.65681644917622,94.718235577826,6789300,2025-05-05
91.59812927246094,91.59812927246094,92.51752879091475,90.97215227436004,91.84265177053892,5726600,2025-05-06
93.39781188964844,93.39781188964844,94.0237888918592,91.89155239613052,92.05783336721345,5725200,2025-05-07
94.80626678466797,94.80626678466797,96.22449434145322,94.13138227691934,94.82582530185958,5006300,2025-05-08
94.28787994384766,94.28787994384766,95.6963245061465,93.98466696164493,94.81604945304773,4614700,2025-05-09
98.86534118652344,98.86534118652344,100.74327223729198,96.86025365710094,98.71862619081831,9670800,2025-05-12
96.91893768310547,96.91893768310547,98.66971973574702,96.31252663913263,98.66971973574702,7774500,2025-05-13
94.2380142211914,94.2380142211914,96.20666258126454,93.79283747506574,96.00881128134867,10286400,2025-05-14
96.02859497070312,96.02859497070312,96.45398206530312,92.70464175418766,93.2883159293567,8348500,2025-05-15
97.52239227294922,97.52239227294922,98.07638193177138,96.35505152932893,96.71118989501262,6371500,2025-05-16
96.938720703125,96.938720703125,97.3838974458299,95.01953895654954,95.72192087766004,8468700,2025-05-19
97.06732940673828,97.06732940673828,98.26434710370782,96.30558606932112,96.94861410092774,10163500,2025-05-20
92.01215362548828,92.01215362548828,94.28747377686771,89.62800544676657,90.51835139623823,27058500,2025-05-21
94.04015350341797,94.04015350341797,94.7920020137231,91.06245149692653,91.18115925549782,11428000,2025-05-22
93.2784194946289,93.2784194946289,94.15887060939733,92.14075565213412,92.14075565213412,7373800,2025-05-23
95.94944763183594,95.94944763183594,96.08794504807909,93.86208401161572,94.53478898231526,6501800,2025-05-27
94.91072082519531,94.91072082519531,96.0483771404176,94.74253891510259,95.9494514887735,4476000,2025-05-28
93.8521957397461,93.8521957397461,96.72107722954584,93.2289498256856,96.72107722954584,7033300,2025-05-29
93.00142669677734,93.00142669677734,93.7433804084846,92.24957815560182,93.03110363763868,7874000,2025-05-30
92.3188247680664,92.3188247680664,92.45732218729977,91.07234044742296,92.40786313616972,5748800,2025-06-02
94.75243377685547,94.75243377685547,95.39546183407663,92.0616137849748,92.48700087997862,6388800,2025-06-03
92.93217468261719,92.93217468261719,95.01953832116858,92.9222798535006,94.60403852124708,4416700,2025-06-04
92.51667785644531,92.51667785644531,93.94123139329527,92.09129076127725,93.2289546248703,4759900,2025-06-05
96.27590942382812,96.27590942382812,96.31548119255251,93.4366972850845,93.5059459934664,7822800,2025-06-06
96.30558776855469,96.30558776855469,98.29402577759261,96.26601599925297,97.2552875891663,6299300,2025-06-09
99.68889617919922,99.68889617919922,101.2717367830788,96.60237360622943,96.67162231658342,9612400,2025-06-10
97.05743408203125,97.05743408203125,100.00545912627777,96.70129571396156,99.73835912399704,6803400,2025-06-11
98.22477722167969,98.22477722167969,98.4226285209542,95.98902131167,96.60237241549022,5320600,2025-06-12
94.34683227539062,94.34683227539062,98.18520324692047,93.76315812481751,96.94861378537234,7303300,2025-06-13
96.32537841796875,96.32537841796875,96.48365794926076,94.44576086828732,95.15803762795973,7427600,2025-06-16
94.00057983398438,94.00057983398438,95.80105376215974,93.84230030990875,95.6328794092222,7195500,2025-06-17
94.09951782226562,94.09951782226562,95.67245605202248,93.81262815099595,94.19844347329644,6408600,2025-06-18
94.51500701904297,94.51500701904297,95.54385036098293,93.38723802928136,94.663399264547,9619800,2025-06-20
95.494384765625,95.494384765625,95.60320524363394,93.15970322432203,93.60487996550677,6887200,2025-06-23
96.48365783691406,96.48365783691406,97.08711411607031,95.50428106727658,96.20666299681807,6406100,2025-06-24
95.66255950927734,95.66255950927734,96.76065157540145,94.96017758773239,96.45397979843565,4372000,2025-06-25
96.55290222167969,96.55290222167969,96.78043800016185,95.35588454629122,95.93955868824105,5331900,2025-06-26
98.16542053222656,98.16542053222656,99.18436903466348,97.05743366438381,97.20582590836483,6389800,2025-06-27
97.59164428710938,97.59164428710938,98.59081071066353,97.08711366070473,98.53144928267615,4933600,2025-06-30
102.73585510253906,102.73585510253906,104.20986768688653,97.26518431144959,97.2750791408534,9968200,2025-07-01
104.31868743896484,104.31868743896484,104.57590016886375,102.2115416432734,103.17113630506947,6327900,2025-07-02
102.94359588623047,102.94359588623047,104.83310818438994,102.93370860488375,104.81331852661047,3535300,2025-07-03
100.50999450683594,100.50999450683594,102.3005812611102,99.65922031470512,101.89497627641236,5677100,2025-07-07
100.91559600830078,100.91559600830078,101.37066002948214,99.50093734673007,100.62870634434105,6100500,2025-07-08
101.33108520507812,101.33108520507812,102.22143110990898,100.70784684546801,101.41022874051708,4312200,2025-07-09
103.61630249023438,103.61630249023438,105.22881998539161,101.51905158494002,101.81582852845027,5109900,2025-07-10
103.12166595458984,103.12166595458984,103.91308622662244,102.08293533853302,103.19091466232696,3866100,2025-07-11
103.74491119384766,103.74491119384766,103.8735137795068,102.08293467147382,102.88424221970197,4468100,2025-07-14
101.11344909667969,101.11344909667969,104.36815355886513,101.09366698564446,103.87351776000796,5289900,2025-07-15
100.25277709960938,100.25277709960938,102.30057649144604,99.28329518938743,101.5685100967394,3861900,2025-07-16
102.53800201416016,102.53800201416016,102.82489168152814,100.50009740243293,100.50009740243293,4529500,2025-07-17
102.35003662109375,102.35003662109375,103.1612390136824,101.04419843918168,102.84467241041716,5282100,2025-07-18
100.61881256103516,100.61881256103516,102.54789669097832,100.58913562092796,101.01452270673195,4478800,2025-07-21
105.3969955444336,105.3969955444336,105.76302874790478,101.35087083810421,101.647655332545,6473000,2025-07-22
106.2774429321289,106.2774429321289,107.73167331842362,105.65420457266387,106.34669163873613,5907500,2025-07-23
104.6847152709961,104.6847152709961,107.26671462404602,104.3087947985661,106.06969695251429,5415200,2025-07-24
104.9122543334961,104.9122543334961,105.87184142849657,104.02190839981931,105.61463625130132,3476000,2025-07-25
105.28817749023438,105.28817749023438,105.65421070213232,104.12083669145927,105.08043135836041,3864900,2025-07-28
103.06231689453125,103.06231689453125,105.14968060075792,102.80510416196314,104.98150623803946,4753500,2025-07-29
102.0334701538086,102.0334701538086,103.87351589634734,101.24204987081914,103.58662623245225,4527100,2025-07-30
99.42179107666016,99.42179107666016,101.52893676743808,99.28329366304338,101.25194194020452,6442300,2025-07-31
98.69962310791016,98.69962310791016,99.2338306716445,97.38389763074903,98.45230521067444,5021700,2025-08-01
98.71941375732422,98.71941375732422,99.97578536697492,98.53144973832433,98.93705471668339,5312700,2025-08-04
101.33108520507812,101.33108520507812,101.85539791916102,98.70951408712067,98.98650891361405,5093400,2025-08-05
104.25933074951172,104.25933074951172,105.21892538545826,101.87519017701915,102.35993113575493,6306600,2025-08-06
104.53632354736328,104.53632354736328,105.7828078216676,103.0029571635573,105.35742075053835,4191000,2025-08-07
104.26922607421875,104.26922607421875,105.1101054079739,103.66576980642598,104.67482349742355,3494900,2025-08-08
102.8941421508789,102.8941421508789,105.4365698837483,102.54789859728646,104.26922908339134,5020200,2025-08-11
105.12000274658203,105.12000274658203,106.66326403349407,103.13156470937686,103.77459276143802,6593800,2025-08-12
105.36000061035156,105.36000061035156,105.66999816894531,102.33000183105469,103.80999755859375,7364700,2025-08-13
104.25,104.25,104.30999755859375,102.58000183105469,103.8499984741211,4985800,2025-08-14
103.0199966430664,103.0199966430664,104.44000244140625,101.94999694824219,102.30000305175781,6305100,2025-08-15
104.94999694824219,104.94999694824219,106.2300033569336,103.66000366210938,104.0,6901600,2025-08-18
105.36000061035156,105.36000061035156,107.2699966430664,104.44000244140625,105.80000305175781,8815500,2025-08-19
98.69000244140625,98.69000244140625,99.55999755859375,94.1500015258789,94.41000366210938,33165700,2025-08-20
97.05999755859375,97.05999755859375,98.5,96.12999725341797,98.48999786376953,11415700,2025-08-21
99.23999786376953,99.23999786376953,101.33999633789062,97.36000061035156,97.58000183105469,13663600,2025-08-22
97.12999725341797,97.12999725341797,98.83999633789062,96.5999984741211,98.5,7651300,2025-08-25
96.11000061035156,96.11000061035156,96.98999786376953,95.83000183105469,96.80000305175781,6398800,2025-08-26
97.95999908447266,97.95999908447266,98.16999816894531,96.31999969482422,96.33999633789062,6486000,2025-08-27
96.80999755859375,96.80999755859375,98.79000091552734,96.33999633789062,98.5199966430664,5145000,2025-08-28
95.9800033569336,95.9800033569336,97.22000122070312,95.66999816894531,97.0999984741211,5370900,2025-08-29
92.44000244140625,92.44000244140625,95.36000061035156,91.91999816894531,95.12999725341797,12987200,2025-09-02
92.3499984741211,92.3499984741211,92.86000061035156,91.69000244140625,92.5,8485800,2025-09-03
92.70999908447266,92.70999908447266,93.29000091552734,92.27999877929688,92.73999786376953,5901000,2025-09-04
93.16999816894531,93.16999816894531,93.94999694824219,92.44999694824219,92.77999877929688,4894600,2025-09-05
91.5,91.5,93.44000244140625,91.33999633789062,93.20999908447266,9261700,2025-09-08
90.91000366210938,90.91000366210938,91.86000061035156,90.22000122070312,91.48999786376953,7564800,2025-09-09
90.77999877929688,90.77999877929688,91.4000015258789,90.04000091552734,90.7699966430664,5747900,2025-09-10
91.5199966430664,91.5199966430664,92.25,90.79000091552734,90.87000274658203,9492500,2025-09-11
89.95999908447266,89.95999908447266,91.41999816894531,89.95999908447266,91.30000305175781,6176200,2025-09-12
88.55999755859375,88.55999755859375,90.19000244140625,88.44000244140625,90.0999984741211,9310900,2025-09-15
89.72000122070312,89.72000122070312,89.79000091552734,88.56999969482422,88.93000030517578,6736700,2025-09-16
88.93000030517578,88.93000030517578,90.80999755859375,88.73999786376953,89.83999633789062,9399000,2025-09-17
89.41999816894531,89.41999816894531,89.52999877929688,88.16000366210938,88.70999908447266,8781100,2025-09-18
88.12999725341797,88.12999725341797,89.73999786376953,87.80999755859375,89.55000305175781,13319500,2025-09-19
86.55999755859375,86.55999755859375,88.06999969482422,86.30000305175781,88.0199966430664,12449500,2025-09-22
87.05000305175781,87.05000305175781,87.87999725341797,86.7300033569336,86.88999938964844,8077800,2025-09-23
88.30999755859375,88.30999755859375,88.33999633789062,86.87000274658203,87.20999908447266,10691700,2025-09-24
87.13999938964844,87.13999938964844,88.0,86.52999877929688,87.80999755859375,8566300,2025-09-25
87.8499984741211,87.8499984741211,88.58999633789062,86.83999633789062,86.83999633789062,7575600,2025-09-26
88.83000183105469,88.83000183105469,88.83000183105469,87.30999755859375,88.36000061035156,7955600,2025-09-29
89.69999694824219,89.69999694824219,90.20999908447266,87.26000213623047,88.5,16872300,2025-09-30
89.13999938964844,89.13999938964844,89.5,87.26000213623047,89.4800033569336,10378500,2025-10-01
89.51000213623047,89.51000213623047,90.27999877929688,88.18000030517578,88.93000030517578,7557400,2025-10-02
89.02999877929688,89.02999877929688,90.37000274658203,88.27999877929688,89.80000305175781,6872000,2025-10-03
88.95999908447266,88.95999908447266,90.16999816894531,87.83999633789062,89.33999633789062,8975700,2025-10-06
89.2699966430664,89.2699966430664,90.08999633789062,88.51000213623047,89.18000030517578,6348100,2025-10-07
90.37999725341797,90.37999725341797,90.98999786376953,89.54000091552734,89.62000274658203,6848500,2025-10-08
89.0999984741211,89.0999984741211,90.98999786376953,88.62000274658203,90.98999786376953,7189200,2025-10-09
85.52999877929688,85.52999877929688,89.2300033569336,85.36000061035156,89.18000030517578,13925200,2025-10-10
87.33999633789062,87.33999633789062,88.3499984741211,86.7300033569336,86.91999816894531,10515500,2025-10-13
88.95999908447266,88.95999908447266,89.4000015258789,86.3499984741211,86.52999877929688,6352300,2025-10-14
90.91000366210938,90.91000366210938,91.19000244140625,88.91000366210938,89.26000213623047,6402500,2025-10-15
90.06999969482422,90.06999969482422,91.6500015258789,89.12000274658203,90.87999725341797,5556500,2025-10-16
90.83999633789062,90.83999633789062,90.95999908447266,89.80999755859375,90.0,6461400,2025-10-17
91.52999877929688,91.52999877929688,92.16999816894531,91.0,91.08000183105469,4886300,2025-10-20
94.4000015258789,94.4000015258789,94.55000305175781,91.73999786376953,91.87999725341797,7770100,2025-10-21
94.0199966430664,94.0199966430664,94.7300033569336,93.44999694824219,94.29000091552734,4973000,2025-10-22
94.25,94.25,95.02999877929688,92.95999908447266,94.06999969482422,4833400,2025-10-23
94.26000213623047,94.26000213623047,95.61000061035156,93.91999816894531,94.86000061035156,5454700,2025-10-24
