Price,Close,High,Low,Open,Volume,Date
64.57318115234375,64.57318115234375,67.3784188572226,64.46765263454972,67.3784188572226,3452600,2020-12-14
65.34703826904297,65.34703826904297,65.68999757300695,64.01917294720053,64.96890279170205,2728700,2020-12-15
64.96891021728516,64.96891021728516,65.38222191524225,63.83450365560605,65.34704573784487,3116400,2020-12-16
65.46137237548828,65.46137237548828,66.76285744073697,65.26790674734238,65.57568992431537,2844500,2020-12-17
63.56188201904297,63.56188201904297,65.41738301683337,63.23651419414713,65.36462211748125,7618400,2020-12-18
63.72896194458008,63.72896194458008,64.19503440860034,61.8382849318083,62.01415905474011,4483600,2020-12-21
63.24531555175781,63.24531555175781,63.72897958747066,62.48904453728114,63.54430969451746,2173700,2020-12-22
64.08072662353516,64.08072662353516,64.57317960980565,63.76414778688448,63.896056753683716,1752900,2020-12-23
63.684993743896484,63.684993743896484,64.0191639896359,62.87596199693349,63.966396382369176,730200,2020-12-24
64.9249496459961,64.9249496459961,65.40860702398419,63.957628180849596,64.06315001137848,1975900,2020-12-28
64.04553985595703,64.04553985595703,66.16485185767831,63.94001135814273,65.24150266118185,1409000,2020-12-29
64.45008087158203,64.45008087158203,64.65233551825744,63.92245159477931,63.94003633003229,1108100,2020-12-30
65.30307006835938,65.30307006835938,65.48773993818313,63.89605674410549,64.57317960012591,1163700,2020-12-31
63.58828353881836,63.58828353881836,65.40860897048623,62.216446027755765,65.19755859397749,2497300,2021-01-04
63.992801666259766,63.992801666259766,64.87218609141154,63.33326334739593,63.33326334739593,1662600,2021-01-05
66.83322143554688,66.83322143554688,66.88598235816646,64.2038636813216,64.4061183574775,3641900,2021-01-06
66.86859130859375,66.86859130859375,67.57629179417779,65.89550820276472,67.17821448924428,4195100,2021-01-07
68.60245513916016,68.60245513916016,68.84130016643017,66.53243565658197,66.81551449403955,3682900,2021-01-08
68.60245513916016,68.60245513916016,69.7436118517225,67.10744144336101,67.63821341995249,3023800,2021-01-11
69.32785034179688,69.32785034179688,70.73439652393407,68.13360486744507,68.32822284842484,3281400,2021-01-12
67.35513305664062,67.35513305664062,69.31014728809527,67.34628494497719,69.31014728809527,2262000,2021-01-13
66.79782104492188,66.79782104492188,68.5582172497059,66.3112761583359,67.76205595762497,2659600,2021-01-14
66.85091400146484,66.85091400146484,67.2666876062378,66.09898631687683,66.5678351055329,2049700,2021-01-15
66.23167419433594,66.23167419433594,67.41706483968123,66.18744037957363,67.26668066810147,1772400,2021-01-19
68.13358306884766,68.13358306884766,68.28397393730035,65.59472226325342,65.9485724109941,2274600,2021-01-20
67.96552276611328,67.96552276611328,68.32821434533219,67.51436357081664,68.02744604788877,1988300,2021-01-21
66.5147476196289,66.5147476196289,67.77090956617673,66.4793619205404,67.54975400872259,1539100,2021-01-22
64.57743072509766,64.57743072509766,65.5770515381408,63.58665127606587,64.57743072509766,4094700,2021-01-25
65.6124267578125,65.6124267578125,66.91282246778114,65.1612742965378,65.47973207838334,2061100,2021-01-26
63.710479736328125,63.710479736328125,65.63011479446382,63.330091968951656,64.79856787295924,2671500,2021-01-27
65.59473419189453,65.59473419189453,66.58550668678778,63.869716938881844,64.38279940895524,1960100,2021-01-28
63.259334564208984,63.259334564208984,65.28512018496333,63.144329360305484,65.28512018496333,2685100,2021-01-29
63.312416076660156,63.312416076660156,64.2501135302873,62.887794414204414,64.01126848518443,2128900,2021-02-01
64.60394287109375,64.60394287109375,65.28510558313076,61.888153630865474,61.92353932037273,5352600,2021-02-02
67.58513641357422,67.58513641357422,67.91244230320831,64.36511219392305,64.41818736540282,4967700,2021-02-03
67.69126892089844,67.69126892089844,68.38127971398619,67.06318814372834,67.57627049661542,2419900,2021-02-04
68.18667602539062,68.18667602539062,69.31899128231176,67.65590409235026,68.69975848528654,1908200,2021-02-05
68.04512786865234,68.04512786865234,69.04475512519876,67.48781839535295,68.46974943102148,1412500,2021-02-08
67.41706085205078,67.41706085205078,68.28399362653322,66.62974758960459,68.06283806406783,1864900,2021-02-09
67.35513305664062,67.35513305664062,68.65552875676647,67.01897905387864,67.88590502120807,1461500,2021-02-10
67.42589569091797,67.42589569091797,67.95666758652128,66.81550429895222,67.4612813838423,1218900,2021-02-11
67.44358825683594,67.44358825683594,67.81513467502094,66.69166080780849,67.0455110041541,1207700,2021-02-12
67.57630157470703,67.57630157470703,67.93899998207463,66.78898821383878,67.42591739322276,2091600,2021-02-16
66.24934387207031,66.24934387207031,67.3020462567925,65.87780423597914,67.3020462567925,2094600,2021-02-17
66.28472900390625,66.28472900390625,66.4881950405036,65.35587317238914,65.48856782676737,1452700,2021-02-18
67.85938262939453,67.85938262939453,68.35476900735934,66.3820648600115,66.55014527359235,2005700,2021-02-19
69.58438110351562,69.58438110351562,70.15938009795013,67.18704915345806,67.18704915345806,2122300,2021-02-22
70.00016784667969,70.00016784667969,70.85825265165256,69.28362586481435,69.6551656517717,2304500,2021-02-23
71.63670349121094,71.63670349121094,72.1320897272915,69.58438040713696,69.77015024566717,3194800,2021-02-24
71.12362670898438,71.12362670898438,72.36209914715428,70.66361938237152,71.91093993235795,3596500,2021-02-25
70.44245147705078,70.44245147705078,72.1232347234335,69.90283148612058,70.80514975746938,3146000,2021-02-26
71.57476043701172,71.57476043701172,72.43283800197248,70.92898348699528,71.16782842793705,2284400,2021-03-01
70.79630279541016,70.79630279541016,71.91977659768477,70.61938108202916,71.52169261888142,2210800,2021-03-02
72.09671783447266,72.09671783447266,72.98134013919011,70.97325047709982,71.10593842350139,2525500,2021-03-03
70.25669860839844,70.25669860839844,72.27363629106905,69.17745836612993,71.92863414793499,2746800,2021-03-04
72.35325622558594,72.35325622558594,72.53902609226782,69.31900157151725,71.43324825549544,2231400,2021-03-05
72.27362823486328,72.27362823486328,73.59172012107308,72.21170495323226,72.68056037030314,2683100,2021-03-08
70.20361328125,70.20361328125,72.2736258407432,69.93822394069028,71.96400944284437,3654700,2021-03-09
71.85786437988281,71.85786437988281,72.12324699078881,69.96476665993472,70.16823273584792,2352100,2021-03-10
71.6809310913086,71.6809310913086,72.43285856223383,71.1501591558985,72.22939924907344,1921800,2021-03-11
73.77749633789062,73.77749633789062,73.82172340051453,71.99940374158678,72.30017881343691,1866500,2021-03-12
73.63594818115234,73.63594818115234,74.28172534048389,73.1759476183715,73.59172112174682,2304200,2021-03-15
71.16785430908203,71.16785430908203,73.1051791145361,70.9201611693975,72.8751754494868,2428800,2021-03-16
71.44208526611328,71.44208526611328,72.40632015035679,70.99977420013782,71.6013175198297,1643000,2021-03-17
69.72590637207031,69.72590637207031,71.72515399908892,69.66398310150086,71.69861641872063,1981600,2021-03-18
70.50437927246094,70.50437927246094,71.40669760168018,68.61128850222426,69.47822113724558,4882500,2021-03-19
69.53131103515625,69.53131103515625,70.65478512928786,68.74399773255969,70.32747245045965,2151900,2021-03-22
68.805908203125,68.805908203125,69.23937115714125,67.59398020426492,68.87667959332842,3149000,2021-03-23
68.69091033935547,68.69091033935547,70.70784773336602,68.6466765328198,69.37206641573817,1612800,2021-03-24
70.40705871582031,70.40705871582031,70.64591042507249,67.84166042533074,68.03627833683105,1685400,2021-03-25
71.32709503173828,71.32709503173828,71.65440771890746,70.46016894008555,70.92016957557621,1560700,2021-03-26
69.91170501708984,69.91170501708984,71.50402798720381,69.2305487599002,71.11479198359082,1563400,2021-03-29
70.67244720458984,70.67244720458984,71.35360988713526,69.68166818867374,69.68166818867374,2242900,2021-03-30
70.04971313476562,70.04971313476562,71.15286314033152,70.02302522593719,70.823696427602,2080000,2021-03-31
69.38249206542969,69.38249206542969,70.27212527437815,69.18677167348298,69.9696532412698,2391600,2021-04-01
70.5301284790039,70.5301284790039,70.87708493059533,69.70276922043276,70.13868764649519,3052700,2021-04-05
72.28270721435547,72.28270721435547,73.1367543866507,70.28993047899996,70.36109598616855,1927800,2021-04-06
71.74893188476562,71.74893188476562,72.70083930904545,71.58879760837445,72.21153824580465,1522300,2021-04-07
71.71334075927734,71.71334075927734,71.81120096513445,70.94825557932005,71.02831931827762,1178900,2021-04-08
71.93574523925781,71.93574523925781,72.66524423379026,71.24183238925903,72.22932584113823,1311100,2021-04-09
72.5673828125,72.5673828125,72.72751706652632,71.66885134338771,72.0158077625509,1079000,2021-04-12
71.59768676757812,71.59768676757812,71.99801901413281,70.85039131001619,71.61547644609394,1457100,2021-04-13
71.64215087890625,71.64215087890625,72.72750432297626,71.42864084007074,71.42864084007074,1216700,2021-04-14
71.68666076660156,71.68666076660156,72.22043944738364,71.38418188216107,72.03361724847812,1226600,2021-04-15
71.66886138916016,71.66886138916016,72.70083934583981,71.45535128298516,72.10478662294582,2057900,2021-04-16
72.13146209716797,72.13146209716797,72.2115258279134,71.27741503240294,71.72223163617824,1455900,2021-04-19
71.4464340209961,71.4464340209961,71.77560072034723,70.5390112208981,71.62436471822458,1906500,2021-04-20
73.30579376220703,73.30579376220703,73.33248167831786,71.39308058834852,71.5176287217752,1640700,2021-04-21
73.2879867553711,73.2879867553711,73.93742203259922,72.7631063810245,73.04778875754675,1634800,2021-04-22
73.51927947998047,73.51927947998047,74.45339695804381,72.72750655708798,73.24349538853939,1885600,2021-04-23
73.19902801513672,73.19902801513672,73.973011442034,72.7275234445326,73.9107373815271,1540400,2021-04-26
74.09754943847656,74.09754943847656,74.88932243703341,73.51928650571774,73.86624290790051,1862300,2021-04-27
74.05308532714844,74.05308532714844,75.19181503948033,73.9730215758272,74.18653170004832,1380000,2021-04-28
74.88042449951172,74.88042449951172,75.28965495530383,74.05306535550342,74.52456986353863,1438500,2021-04-29
75.37860870361328,75.37860870361328,75.74335471205914,74.61352376410873,74.95158186795628,1871700,2021-04-30
74.76477813720703,74.76477813720703,75.75227157439197,74.59574565002816,75.61882523121722,2397300,2021-05-03
73.99970245361328,73.99970245361328,74.49789495852613,72.60297836317075,73.36806358849482,3169100,2021-05-04
73.87515258789062,73.87515258789062,74.81816174637514,73.17234144222934,74.23989872400941,2061200,2021-05-05
75.95689392089844,75.95689392089844,76.09034028252503,73.73281051833492,73.73281051833492,3141600,2021-05-06
76.73975372314453,76.73975372314453,77.15788236948254,75.44978164536113,75.83232415292973,2327300,2021-05-07
76.18820190429688,76.18820190429688,77.05114736642957,75.9835900284006,76.95328715191779,1618800,2021-05-10
74.7114028930664,74.7114028930664,75.95688400603474,73.98190390374366,75.67220163916154,1942500,2021-05-11
72.70082092285156,72.70082092285156,74.89821585362978,72.56737459504713,74.32885118986889,2253300,2021-05-12
73.94631958007812,73.94631958007812,74.40002765924594,72.50511124440726,72.50511124440726,1466900,2021-05-13
74.72918701171875,74.72918701171875,75.04945549904369,74.017477753805,74.17761199746747,1482000,2021-05-14
74.84484100341797,74.84484100341797,75.28076617189497,74.1509281717857,75.0316631667526,1363200,2021-05-17
73.75949096679688,73.75949096679688,75.15621480220038,73.72390482474908,74.72918788498949,1834600,2021-05-18
72.18482971191406,72.18482971191406,73.21680737329478,71.93573352809443,73.00329054085341,1962000,2021-05-19
71.32190704345703,71.32190704345703,73.46592676516308,69.77394684974388,72.14036813095005,5446700,2021-05-20
71.6243667602539,71.6243667602539,72.32717776277907,70.94824366623338,71.74891485818371,4025500,2021-05-21
71.49984741210938,71.49984741210938,72.25603453570344,71.03723418747336,71.99804000414969,2684100,2021-05-24
72.51402282714844,72.51402282714844,73.85736442042389,71.40198103892173,71.55321709315311,2550400,2021-05-25
72.1403579711914,72.1403579711914,72.83427761706675,72.05139600244733,72.41614889787013,2836600,2021-05-26
71.5621109008789,71.5621109008789,72.72752845088772,71.41086806863943,72.4695339574957,3801200,2021-05-27
72.06029510498047,72.06029510498047,72.16705354117936,71.43755452889506,71.57989232313035,1655600,2021-05-28
72.46061706542969,72.46061706542969,72.9054336386671,71.96242467535971,72.73640795624323,1494400,2021-06-01
71.7756118774414,71.7756118774414,73.05668594717356,71.49092950498571,72.54959525913178,2555900,2021-06-02
71.42863464355469,71.42863464355469,71.695520472106,70.68133939141646,71.4909086822861,2310200,2021-06-03
70.82369995117188,70.82369995117188,71.88236563645212,70.30771106360986,71.6599573353336,1962500,2021-06-04
71.01942443847656,71.01942443847656,71.33969295354908,70.33440303059692,71.0461123501721,2525200,2021-06-07
71.4464340209961,71.4464340209961,71.63325616256444,70.8770693645891,70.9660313195223,3153600,2021-06-08
70.69024658203125,70.69024658203125,71.67773988376841,70.61018285952599,71.63325551302412,1863900,2021-06-09
70.21875762939453,70.21875762939453,70.81481031982159,69.73835482614534,70.62798813867416,1805000,2021-06-10
71.05500030517578,71.05500030517578,71.12616579694883,70.16536717807267,70.45894095162149,1600600,2021-06-11
70.63688659667969,70.63688659667969,71.44644938422392,70.10310796493924,71.26852543609829,1374000,2021-06-14
70.47674560546875,70.47674560546875,71.02831386446086,70.37888540712572,70.83260025513769,1434800,2021-06-15
68.89322662353516,68.89322662353516,70.52125091692436,68.8665387021073,70.37891307352061,1872400,2021-06-16
67.64771270751953,67.64771270751953,69.24904847475803,67.34523387504458,69.1867744191548,2107200,2021-06-17
66.46450805664062,66.46450805664062,67.12283484798212,66.01079313885475,66.74919046268266,4668600,2021-06-18
68.82202911376953,68.82202911376953,68.84871702542746,66.79366637940922,67.07834874936569,3017300,2021-06-21
68.61740112304688,68.61740112304688,69.15118643287823,67.58543021792137,68.6351975866344,2654800,2021-06-22
68.74195861816406,68.74195861816406,69.26684576797227,68.41279865777072,68.66189488315912,1225400,2021-06-23
68.70637512207031,68.70637512207031,69.08891767011954,68.49285826685957,68.96436277756527,1592100,2021-06-24
68.53734588623047,68.53734588623047,69.09781238612351,68.39500130935178,68.78644210840515,3911500,2021-06-25
67.8078384399414,67.8078384399414,68.54623556882684,67.35412364193971,68.54623556882684,3179900,2021-06-28
67.32744598388672,67.32744598388672,68.31493945421133,67.29185983868834,67.98577270164873,1793600,2021-06-29
69.16899108886719,69.16899108886719,69.26685129770547,67.24737984698469,67.33634860946579,2865900,2021-06-30
68.75727081298828,68.75727081298828,69.71496749457003,68.53350984225757,69.42855372518042,2581500,2021-07-01
68.55139923095703,68.55139923095703,68.95417302560823,68.46189621947079,68.81991509405782,2999500,2021-07-02
67.4325942993164,67.4325942993164,68.64985437181971,67.39679855775046,68.33659041830239,4453700,2021-07-06
66.99404907226562,66.99404907226562,67.71903943190657,66.47492185885471,67.45947582520111,2087000,2021-07-07
66.49280548095703,66.49280548095703,66.91347716434495,65.79467240156531,66.4480505589889,2193200,2021-07-08
68.14862060546875,68.14862060546875,68.48873472238353,66.97611564972492,67.37888254682505,1601800,2021-07-09
67.33415222167969,67.33415222167969,67.77272179864508,67.03878611063163,67.36100244474902,2006000,2021-07-12
65.61566925048828,65.61566925048828,67.04774502164258,65.41875849052239,67.02984031874931,2181900,2021-07-13
65.53511047363281,65.53511047363281,66.6270650412891,65.48141002887677,65.78572165401769,1698600,2021-07-14
64.97122955322266,64.97122955322266,65.58881199260196,64.48791188521747,65.07863727313638,2476600,2021-07-15
64.06724548339844,64.06724548339844,65.5977697683778,63.86138237703181,65.5977697683778,2656400,2021-07-16
63.07375717163086,63.07375717163086,63.20801514885196,61.66853824449134,62.86789402940592,4545400,2021-07-19
65.04283905029297,65.04283905029297,65.4814154811267,63.19905078796069,63.288553812887315,3652900,2021-07-20
65.57986450195312,65.57986450195312,66.55546591803312,65.49931382753054,65.65146965386862,2820900,2021-07-21
64.40735626220703,64.40735626220703,65.46350830517403,64.26415279346452,65.46350830517403,1893300,2021-07-22
65.22185516357422,65.22185516357422,65.48141872878509,64.38051166452131,64.6848233300933,1955800,2021-07-23
65.6246109008789,65.6246109008789,65.89312677134572,64.86382503941257,64.86382503941257,1302300,2021-07-26
65.86627960205078,65.86627960205078,66.15270021545749,64.97123567108461,65.25765628449133,2004300,2021-07-27
65.91998291015625,65.91998291015625,66.6718164891262,65.22184977864333,66.25114477433179,1544900,2021-07-28
67.19988250732422,67.19988250732422,68.02332107088732,66.57334782132853,66.77025852753741,2183500,2021-07-29
66.41224670410156,66.41224670410156,67.69215960114009,66.20639045576684,66.83291837936238,3047200,2021-07-30
65.49932098388672,65.49932098388672,67.71903313528748,65.47247075614558,66.78818654461257,1680000,2021-08-02
64.94437408447266,64.94437408447266,65.74096249738716,64.04038478896246,65.66041183544039,2677200,2021-08-03
64.21939849853516,64.21939849853516,64.70272301398916,63.807679132476466,64.33575174482036,2241500,2021-08-04
65.80361938476562,65.80361938476562,65.8304764357285,64.51476091289038,64.6758690754551,1978900,2021-08-05
66.16163635253906,66.16163635253906,66.73446384080538,65.83047451539147,66.37645178212065,2038100,2021-08-06
65.74095916748047,65.74095916748047,67.28043547403416,65.58880337241548,67.1372320282794,2619000,2021-08-09
70.02822875976562,70.02822875976562,70.43994811043359,67.33415169374422,68.91837630019796,4547500,2021-08-10
69.95662689208984,69.95662689208984,70.46680158644895,69.46435006918094,70.43994453631022,2437300,2021-08-11
70.51155090332031,70.51155090332031,70.6189586198127,69.54490194081609,69.80446546752421,2531900,2021-08-12
71.10228729248047,71.10228729248047,71.39764658012147,70.21618894362902,70.62791513346617,1945800,2021-08-13
71.00381469726562,71.00381469726562,71.31707861037815,70.35938217392491,70.79795165228245,2068300,2021-08-16
70.41309356689453,70.41309356689453,71.28128713881624,70.29674033209845,70.59210642270645,2109200,2021-08-17
68.86467742919922,68.86467742919922,70.32359647657763,68.76622205737044,70.0550805845641,1654500,2021-08-18
67.62057495117188,67.62057495117188,69.04369159174652,66.51071550705086,68.17549784458879,2956400,2021-08-19
68.73041534423828,68.73041534423828,68.9720741695835,66.88662727128312,67.50420285989529,1935900,2021-08-20
69.41959381103516,69.41959381103516,69.74181012007321,68.2470886373169,69.04367706003815,2652100,2021-08-23
70.21617889404297,70.21617889404297,70.34148447174869,69.2584823623539,69.56280078581197,2046400,2021-08-24
70.84271240234375,70.84271240234375,71.08437120418341,69.92976397619007,70.0819265996435,1796800,2021-08-25
70.72634887695312,70.72634887695312,70.98591236464688,70.23407894813371,70.85166127501337,1683000,2021-08-26
71.82726287841797,71.82726287841797,72.26583241574927,70.7084581606856,71.0127697661606,2760300,2021-08-27
70.69952392578125,70.69952392578125,71.99734182806708,70.3594096627566,71.86308386181078,1370400,2021-08-30
71.29024505615234,71.29024505615234,71.42450300133555,70.50260208635365,71.0396338670865,2441000,2021-08-31
70.69952392578125,70.69952392578125,71.51401724673069,70.43996034532408,71.42451421210775,1677200,2021-09-01
70.13562774658203,70.13562774658203,71.2454800679513,69.8044591057275,70.78900585026356,1464400,2021-09-02
69.23163604736328,69.23163604736328,69.97452403469076,69.13318068380701,69.92082359225724,1903400,2021-09-03
69.04367065429688,69.04367065429688,69.30323414742028,68.28288487301326,68.92731743130012,1662100,2021-09-07
68.39029693603516,68.39029693603516,69.36589135606914,68.01437336730534,69.09737549678242,1924300,2021-09-08
69.78656005859375,69.78656005859375,70.03717120803343,67.7548069867303,68.09492797123417,3111100,2021-09-09
68.52454376220703,68.52454376220703,70.19827794624403,68.49769354368178,70.09087024350146,2015400,2021-09-10
68.80200958251953,68.80200958251953,69.23162672139988,68.41714053009186,68.90046493281322,1602800,2021-09-13
67.82643127441406,67.82643127441406,69.15109936087467,67.36101141241869,69.13319465734969,1614600,2021-09-14
68.2649917602539,68.2649917602539,68.38135183163979,67.34309768294291,67.62951144316227,1509500,2021-09-15
68.70357513427734,68.70357513427734,69.08844430379581,68.14864543003296,68.33660383905685,1470400,2021-09-16
68.10388946533203,68.10388946533203,68.81097499060486,67.49526614745207,68.3992556015808,3756800,2021-09-17
68.14862060546875,68.14862060546875,68.51559176701231,66.69864748435462,67.08351651367647,2202300,2021-09-20
68.44398498535156,68.44398498535156,68.92730934738157,67.84430741397092,68.27392451668155,1795600,2021-09-21
69.5448989868164,69.5448989868164,69.67020456974716,68.6946101271232,69.04367665509344,2531000,2021-09-22
71.4155502319336,71.4155502319336,72.13158122097428,69.4106539025199,69.43750412567054,2788900,2021-09-23
72.03312683105469,72.03312683105469,72.4448461527728,71.04857320450903,71.52295214668202,4347400,2021-09-24
73.08927154541016,73.08927154541016,73.87690754014285,72.03311971022872,72.31953342000801,2426000,2021-09-27
72.23004150390625,72.23004150390625,74.06488426860386,72.05998780283939,72.97292959526328,1867900,2021-09-28
72.43589782714844,72.43589782714844,73.17878584894396,71.72881237818382,72.23003474053138,1954900,2021-09-29
70.67135620117188,70.67135620117188,72.9040339160503,70.59033501324997,72.9040339160503,2539200,2021-09-30
72.7599868774414,72.7599868774414,73.3181580216585,71.02246154450032,71.02246154450032,1848100,2021-10-01
73.3001480102539,73.3001480102539,73.51621824567316,72.43588767416864,72.66996032827421,2852500,2021-10-04
72.68795776367188,72.68795776367188,73.5342156230537,72.39987100472723,73.50720856261046,2480400,2021-10-05
73.02108001708984,73.02108001708984,73.39018805415401,71.56263655394216,72.29186171978196,1608600,2021-10-06
74.60556030273438,74.60556030273438,74.65056979198697,73.20113098853554,73.48022004344176,3015900,2021-10-07
75.03768157958984,75.03768157958984,75.38878716510176,74.00236724372053,74.58754550908417,4229300,2021-10-08
74.59654998779297,74.59654998779297,75.39779164202874,74.06538585414118,74.85762973232943,1463300,2021-10-11
74.77660369873047,74.77660369873047,75.47881488726115,73.90333860121305,74.42549810446512,1795000,2021-10-12
73.67826843261719,73.67826843261719,74.57854057007457,72.40888829043857,74.45250302031305,1603400,2021-10-13
74.02937316894531,74.02937316894531,74.51551402819264,73.72327710247893,74.02036852532055,1418000,2021-10-14
74.02037811279297,74.02037811279297,75.46981684024026,73.9393500467362,74.77660343048817,1791700,2021-10-15
73.192138671875,73.192138671875,73.87634065522285,72.79601667312345,73.27315987969288,1474100,2021-10-18
73.2281265258789,73.2281265258789,73.57923895054415,71.5626245780688,73.53422259984762,2066400,2021-10-19
71.85971069335938,71.85971069335938,73.4441913349625,71.7336731629679,73.22812110983689,2737600,2021-10-20
71.68867492675781,71.68867492675781,72.70598693860919,71.41859737991483,71.9317522743017,1567100,2021-10-21
70.83341217041016,70.83341217041016,72.01276647455596,70.79740046062683,71.60764675942336,1418400,2021-10-22
70.2662353515625,70.2662353515625,71.46359194267107,70.15820023427268,70.24822606441558,1822800,2021-10-25
69.3569564819336,69.3569564819336,70.39227066724878,68.69075711765187,70.19420972606305,2681500,2021-10-26
68.79878234863281,68.79878234863281,70.00515036093957,68.66374017932928,69.43797462357077,1799800,2021-10-27
68.9968490600586,68.9968490600586,69.43798043943625,68.35765673158429,68.75377862977763,1375000,2021-10-28
69.2309341430664,69.2309341430664,69.5190209747776,68.45669949499283,68.71777925943921,2769600,2021-10-29
70.55432891845703,70.55432891845703,71.23853078820703,69.41998411761497,69.5100099564209,1781100,2021-11-01
69.87012481689453,69.87012481689453,70.77039700176003,69.717080193915,70.77039700176003,1523400,2021-11-02
69.6630630493164,69.6630630493164,70.58134457510025,69.50101377232703,69.6720676948525,1751100,2021-11-03
69.96013641357422,69.96013641357422,70.88741547617072,69.70806135211463,69.84310352604807,1839500,2021-11-04
73.20112609863281,73.20112609863281,73.37218000454892,70.89643159948746,70.89643159948746,2562100,2021-11-05
72.39088439941406,72.39088439941406,73.63325745119846,71.87772269769681,73.37217771241521,2710100,2021-11-08
71.66166687011719,71.66166687011719,73.62426057163654,70.03217636049311,71.68867393757563,3931200,2021-11-09
70.71637725830078,70.71637725830078,71.75168469393445,69.56402318352855,71.39158134338247,2572500,2021-11-10
69.83411407470703,69.83411407470703,71.23853650466314,69.47400382205547,70.58134164696595,1984700,2021-11-11
68.60974884033203,68.60974884033203,70.22123702710093,68.5917464170947,69.89713846057018,2039300,2021-11-12
68.80779266357422,68.80779266357422,69.59103181527553,68.42968005317935,68.96083726275347,1757500,2021-11-15
68.89784240722656,68.89784240722656,68.90684705398907,67.80851367908555,68.84382826371754,2872200,2021-11-16
68.11459350585938,68.11459350585938,69.26694074772801,67.81750205079068,68.52871786662271,2314900,2021-11-17
67.45738983154297,67.45738983154297,68.43868313970492,66.8542091631206,68.15059633773221,2408600,2021-11-18
66.77320098876953,66.77320098876953,67.32236769180082,65.72888859628151,67.14231596264078,3266400,2021-11-19
67.853515625,67.853515625,68.46570097262946,66.79119419436452,67.26833734338585,1880500,2021-11-22
68.87981414794922,68.87981414794922,69.27592916600223,67.7004531315841,68.08757037478235,2862400,2021-11-23
68.7177734375,68.7177734375,68.85281563091486,67.82649908208069,68.42968663019623,1684400,2021-11-24
65.47679138183594,65.47679138183594,67.06126529684076,64.8736038683249,66.28703075877961,2905200,2021-11-26
65.8999252319336,65.8999252319336,66.6111411258799,65.25173498858896,65.95394623694473,2489900,2021-11-29
63.055057525634766,63.055057525634766,65.58481988125949,62.93802462750087,65.10767677617321,4560000,2021-11-30
61.28152847290039,61.28152847290039,65.04466654939195,61.26352605102687,64.33345068608135,4241500,2021-12-01
63.18108367919922,63.18108367919922,63.76626180145029,61.51558199935361,61.875692141395014,3153800,2021-12-02
63.001041412353516,63.001041412353516,63.75726664143432,62.61392415407719,63.622224459518264,2680100,2021-12-03
65.71087646484375,65.71087646484375,67.3493718561693,64.01836693080917,64.06338329542197,4385100,2021-12-06
65.6478271484375,65.6478271484375,67.07025843894549,65.54879668716607,66.17899115603238,2934600,2021-12-07
66.17000579833984,66.17000579833984,66.6651582490054,65.72887434953978,66.02595895140742,2424000,2021-12-08
66.50311279296875,66.50311279296875,66.51211057001908,65.45879369843499,65.80989932229635,2718000,2021-12-09
66.32303619384766,66.32303619384766,67.43037376936084,65.98093530856995,67.00724483293328,1622100,2021-12-10
66.06197357177734,66.06197357177734,66.67415896113057,65.12568963108816,66.04397114938402,3390400,2021-12-13
66.18800354003906,66.18800354003906,66.71016302045163,65.57581822092497,66.13398941052439,3534300,2021-12-14
67.13329315185547,67.13329315185547,67.6374433519259,65.85490836251611,66.79119221159786,3153500,2021-12-15
66.6291275024414,66.6291275024414,67.80848153351907,66.53009704059964,67.1332775856142,2670200,2021-12-16
64.91861724853516,64.91861724853516,67.1783019884568,64.69354923890039,65.8909126986047,7433900,2021-12-17
64.10836029052734,64.10836029052734,64.5584962343186,62.86598755833406,63.57720317374778,3357900,2021-12-20
67.06128692626953,67.06128692626953,67.18732450860222,64.44149790088801,64.63055427438704,3724900,2021-12-21
67.76347351074219,67.76347351074219,67.7904874415406,66.7191615147129,66.89021540044992,1950100,2021-12-22
69.00586700439453,69.00586700439453,69.32096090754061,67.90753379754372,68.25863941369676,2438900,2021-12-23
69.78009033203125,69.78009033203125,69.85210687781941,68.48369634841265,68.74477607392089,1412600,2021-12-27
70.50930786132812,70.50930786132812,70.815403935087,69.72606869204851,69.72606869204851,1588300,2021-12-28
70.16720581054688,70.16720581054688,70.7973934984545,70.01415434188588,70.40127159832362,1122400,2021-12-29
70.22124481201172,70.22124481201172,70.81542787270155,70.02318379178178,70.29326825001044,719900,2021-12-30
70.71637725830078,70.71637725830078,71.12149696193734,70.01415924024967,70.2212248484951,1402700,2021-12-31
71.07648468017578,71.07648468017578,71.112496391,70.30225006878413,70.47330397806624,1951100,2022-01-03
72.81400299072266,72.81400299072266,73.09309200471696,71.40958075093128,71.52661364807028,2537000,2022-01-04
72.20182800292969,72.20182800292969,73.4532058168259,71.95875753003891,73.05709071772492,2825600,2022-01-05
72.14749908447266,72.14749908447266,73.27947317670684,72.0841088116684,72.44634190298765,2006500,2022-01-06
72.8628921508789,72.8628921508789,73.29757315045975,72.12937530492009,72.15654157195263,3688100,2022-01-07
71.82147979736328,71.82147979736328,73.1707976982519,70.24577401918756,73.07118343955487,2610100,2022-01-10
71.02456665039062,71.02456665039062,72.26521246203437,70.48122059085307,72.00259370297022,2772300,2022-01-11
70.80722045898438,70.80722045898438,71.82146446332636,70.25481674561136,71.09700544722767,3320200,2022-01-12
72.82667541503906,72.82667541503906,73.33380444991772,71.1604130534942,71.23286104547982,2372900,2022-01-13
72.25616455078125,72.25616455078125,72.40105362879436,71.2147470982921,71.45925734915681,2334500,2022-01-14
71.46830749511719,71.46830749511719,72.5821729306583,70.9792939070031,71.89393081675468,2573100,2022-01-18
70.35443878173828,70.35443878173828,71.54074512932554,70.07370457740109,71.08795560319058,2005900,2022-01-19
70.6623306274414,70.6623306274414,71.87581012070919,70.10087605043933,70.18237484683523,3066400,2022-01-20
70.10087585449219,70.10087585449219,71.47735293670422,69.80203311716981,70.92494917705487,3234100,2022-01-21
69.883544921875,69.883544921875,70.21861171176107,66.98569425725832,68.70629611207114,3126500,2022-01-24
69.79296875,69.79296875,70.5536586536039,67.20301242440458,68.84210809774987,2585800,2022-01-25
69.78394317626953,69.78394317626953,71.79433045819229,68.94175409624843,70.28201458720434,2659000,2022-01-26
69.42169189453125,69.42169189453125,71.59507604364843,69.06850971582901,70.33632174216051,2228700,2022-01-27
70.30009460449219,70.30009460449219,70.41782429512878,68.23537560985588,69.28585055605015,2305000,2022-01-28
70.7710189819336,70.7710189819336,70.86157552412182,69.48509811940538,69.51226439115972,2215200,2022-01-31
71.95732879638672,71.95732879638672,72.33767043601536,71.106082061866,71.54076315645703,2457100,2022-02-01
72.43726348876953,72.43726348876953,72.73610622193969,71.4864096682548,71.54074219827861,2297400,2022-02-02
71.74903106689453,71.74903106689453,72.56404668349076,71.55885338673424,72.12937260917542,1634800,2022-02-03
71.32340240478516,71.32340240478516,71.875806135349,69.96503393468117,71.13323164805291,1805700,2022-02-04
72.37388610839844,72.37388610839844,73.01684649445933,71.70375945249312,71.89393025042487,2836400,2022-02-07
73.6598129272461,73.6598129272461,73.91338092099127,67.73733070827922,67.95466779389656,5428100,2022-02-08
73.7051010131836,73.7051010131836,76.42183899939462,73.53303872983652,74.03111012425067,4061200,2022-02-09
75.1087417602539,75.1087417602539,75.20835602590579,73.04402227041686,73.7322574943485,2852700,2022-02-10
74.77366638183594,74.77366638183594,76.31314809587025,74.32087682958817,75.18117421525082,2677500,2022-02-11
74.24842834472656,74.24842834472656,75.5071827388053,73.18890245774291,75.0725086406162,3162000,2022-02-14
76.3855972290039,76.3855972290039,76.53954402091415,75.03628627757698,75.16306680138781,2427400,2022-02-15
77.49040222167969,77.49040222167969,77.87074378016996,76.26787183566375,76.26787183566375,2594600,2022-02-16
76.3041000366211,76.3041000366211,77.20967917384036,76.01431498907175,76.76594042210814,2193800,2022-02-17
75.6611328125,75.6611328125,77.30022869124254,75.33512379996272,76.02335890730153,2034100,2022-02-18
76.2859878540039,76.2859878540039,76.79311689071328,74.95478535980062,75.90564625823748,2214100,2022-02-22
76.150146484375,76.150146484375,77.26401186534613,75.72453009260997,76.59388523699256,2682300,2022-02-23
76.93800354003906,76.93800354003906,77.20968004788854,74.37521289453167,75.25362577302167,3450600,2022-02-24
79.01179504394531,79.01179504394531,79.05707677319529,77.07385586722245,77.3726986986198,2444100,2022-02-25
78.87594604492188,78.87594604492188,79.28346082571935,77.63530697674561,78.07903884519445,2798800,2022-02-28
78.01565551757812,78.01565551757812,79.02989987853292,77.16440879261546,78.54994397072088,2570200,2022-03-01
80.0260238647461,80.0260238647461,80.7957646824541,78.27825600596397,78.33258853857257,3393500,2022-03-02
78.85782623291016,78.85782623291016,80.70520834509406,78.40503670273822,80.26146963103122,2011000,2022-03-03
76.93800354003906,76.93800354003906,78.04281120539676,75.00912244317361,77.64435416962301,3960900,2022-03-04
70.40879821777344,70.40879821777344,76.84746829240353,70.26390219771474,76.82935283538494,5409500,2022-03-07
68.19916534423828,68.19916534423828,71.83053976443733,68.12672426121532,70.41783846468802,6094400,2022-03-08
72.22899627685547,72.22899627685547,73.03496118256753,70.42688876046941,70.63517500879782,3307300,2022-03-09
72.42823791503906,72.42823791503906,72.82668812244337,70.37256896513644,70.70763580476965,2338800,2022-03-10
70.47216033935547,70.47216033935547,73.68696868232334,70.37254609262556,73.11644946759385,1768600,2022-03-11
69.51225280761719,69.51225280761719,71.31435326023917,68.787786772794,70.99740196088659,1737500,2022-03-14
70.44500732421875,70.44500732421875,71.82148467854962,70.07371653311033,70.6623443993192,2113500,2022-03-15
72.5187759399414,72.5187759399414,72.54594220748085,70.75289255065485,70.9068462484121,2381100,2022-03-16
72.21992492675781,72.21992492675781,72.42821113579413,71.34151219524631,71.81241714218953,2082100,2022-03-17
73.56924438476562,73.56924438476562,73.69602490644948,71.20568237348479,72.19276718833224,4020200,2022-03-18
73.1255111694336,73.1255111694336,74.09448051476065,71.95731331981162,73.54207671976839,2087000,2022-03-21
73.45152282714844,73.45152282714844,74.27559623198871,73.03495726187462,73.56924562526265,1755500,2022-03-22
72.83573150634766,72.83573150634766,73.24323936133314,72.22899513238416,73.02590229927559,1976600,2022-03-23
73.83184814453125,73.83184814453125,74.04013433582413,72.6364842480726,73.17983021755037,1350600,2022-03-24
73.2704086303711,73.2704086303711,74.43859959474315,72.66366537975784,73.96770150057165,1297200,2022-03-25
73.2975845336914,73.2975845336914,73.50586388596702,72.28333331650134,73.05307427438557,1244400,2022-03-28
75.25360870361328,75.25360870361328,75.63395020111508,74.24841552520206,74.2755817880209,1810000,2022-03-29
75.15401458740234,75.15401458740234,76.10487549473916,74.68311645142983,74.71028272152158,2903800,2022-03-30
74.3616714477539,74.3616714477539,75.60937659025821,74.34345281813367,75.07204513877386,2229300,2022-03-31
75.05382537841797,75.05382537841797,75.10846736465413,74.1248699221798,74.50737772257406,2725500,2022-04-01
75.48186492919922,75.48186492919922,76.21045716251086,74.29791123553092,75.01739415512428,2389900,2022-04-04
75.13579559326172,75.13579559326172,75.98278120333879,74.32524029364048,75.19043758475983,1774500,2022-04-05
75.62760925292969,75.62760925292969,75.79154220807368,74.0520310202473,74.90812611359621,2278100,2022-04-06
76.21044921875,76.21044921875,76.25598883422411,75.41810576874093,75.82794146289864,3071200,2022-04-07
77.93175506591797,77.93175506591797,78.84249195202119,76.63851035526044,77.16673941680935,3078000,2022-04-08
77.14851379394531,77.14851379394531,78.42354670857335,77.02101119731955,77.74960341949854,2910800,2022-04-11
77.02102661132812,77.02102661132812,78.62392565188348,76.71137937137394,77.13941991806853,2772400,2022-04-12
78.9335708618164,78.9335708618164,78.97911048928403,77.1029945702613,77.48550242685148,1921300,2022-04-13
78.56927490234375,78.56927490234375,79.82609636082687,78.5510632203298,79.15215295236462,1593500,2022-04-14
78.24142456054688,78.24142456054688,78.61482314390568,77.42175981267434,77.64033476264956,1633500,2022-04-18
80.23593139648438,80.23593139648438,80.56379728496502,77.94087712549208,78.41445732642401,1954300,2022-04-19
81.14665222167969,81.14665222167969,81.60202064823049,80.46359958185347,80.96450763040767,1797100,2022-04-20
81.72954559326172,81.72954559326172,83.35976583975268,81.26507467403977,81.9663391853415,3290600,2022-04-21
80.8734359741211,80.8734359741211,82.13025033992366,80.75503573532458,81.45630700884439,2367600,2022-04-22
81.72954559326172,81.72954559326172,81.9116971826972,79.58931479309678,80.76416648855806,2360800,2022-04-25
79.82609558105469,79.82609558105469,81.86614441689905,79.74412564186356,81.86614441689905,1881600,2022-04-26
79.88984680175781,79.88984680175781,81.31059422803301,79.33429670335605,79.78966518084133,2116800,2022-04-27
80.43629455566406,80.43629455566406,80.54558550114542,79.29787326329541,80.36343392534316,1844000,2022-04-28
77.84979248046875,77.84979248046875,80.95540166484813,77.63121062385632,80.35431893009158,3457000,2022-04-29
77.5401382446289,77.5401382446289,78.68766867136411,75.90991837802085,78.67855935692187,2545900,2022-05-02
78.10479736328125,78.10479736328125,78.53284481184824,76.5929707958635,78.06836705400204,2299400,2022-05-03
78.50553131103516,78.50553131103516,78.65125257495991,76.41084025490908,77.86801815229511,3093600,2022-05-04
76.16492462158203,76.16492462158203,77.78604214395972,75.55473256478112,77.3033457492126,2732700,2022-05-05
75.11759185791016,75.11759185791016,76.2013641780311,73.8516610178707,75.9372496105676,2389300,2022-05-06
73.8425521850586,73.8425521850586,75.38169287672365,73.43271639624233,74.14309704051624,3430900,2022-05-09
78.36891174316406,78.36891174316406,82.64026300944313,77.86800367700451,81.0555827748936,6798900,2022-05-10
76.55653381347656,76.55653381347656,79.4982167589271,76.19224464918001,78.66034056365237,4074800,2022-05-11
75.23597717285156,75.23597717285156,76.62940354233699,73.89719279483734,76.62940354233699,2663800,2022-05-12
77.16675567626953,77.16675567626953,78.05927412162147,75.928152694319,75.96458301124372,2017100,2022-05-13
76.99369812011719,76.99369812011719,77.66764147847523,76.62940197157704,77.14852172502614,1419700,2022-05-16
78.2505111694336,78.2505111694336,78.37801377693899,77.08476907317231,77.71317974471387,1490700,2022-05-17
73.50556945800781,73.50556945800781,77.65852722128008,73.20502463346293,77.33066835166917,1983300,2022-05-18
72.02108001708984,72.02108001708984,73.24146420069174,71.0648034356806,72.74056304482576,2667000,2022-05-19
70.1085433959961,70.1085433959961,72.75878468263004,68.53296519210305,72.49467009592554,3277400,2022-05-20
71.57479095458984,71.57479095458984,71.59300957892258,69.52563346442486,70.73691489288657,1612400,2022-05-23
70.2269287109375,70.2269287109375,71.05569574518549,68.99743518413743,70.88266044479666,2749600,2022-05-24
72.07572174072266,72.07572174072266,72.55841121297605,70.19049653023262,70.26335715391617,2323600,2022-05-25
75.44544982910156,75.44544982910156,76.17404220926461,73.97006033441063,74.56204077474662,2635200,2022-05-26
76.93907165527344,76.93907165527344,77.11210697575915,75.44545645002567,75.46367508273312,1927000,2022-05-27
76.66582489013672,76.66582489013672,77.15762360099735,75.61847616969484,76.61118290505347,2564700,2022-05-31
75.81884002685547,75.81884002685547,77.0574426540347,75.29972031902082,76.61118355918013,1923500,2022-06-01
76.7933349609375,76.7933349609375,76.8115466416141,75.39990861874573,76.01010067279279,1461900,2022-06-02
76.72959899902344,76.72959899902344,76.84799231802326,75.9554738706069,76.29244214328813,1536600,2022-06-03
77.15762329101562,77.15762329101562,78.06836009672001,76.57475229123445,77.42173779847435,1092500,2022-06-06
77.5128173828125,77.5128173828125,77.61299899673604,75.82795552339913,75.94634881786737,1229000,2022-06-07
77.5583724975586,77.5583724975586,78.31427898763562,76.8662103763053,76.89353137676476,1843800,2022-06-08
75.12670135498047,75.12670135498047,77.51283505590214,75.09938035374863,77.26693214807032,1446200,2022-06-09
74.59846496582031,74.59846496582031,75.38169232990907,72.96824503399624,73.57843710698661,2083900,2022-06-10
72.60395050048828,72.60395050048828,74.16130984549405,72.19411470546268,72.94091872379944,1999600,2022-06-13
72.9864730834961,72.9864730834961,73.79702857378344,72.62217684161605,72.83164943891826,2179600,2022-06-14
73.56932830810547,73.56932830810547,74.93543370708748,72.68591237169102,73.60575861921622,1662900,2022-06-15
71.4382095336914,71.4382095336914,72.44912811753584,70.8462291186265,72.44912811753584,2064800,2022-06-16
71.73873901367188,71.73873901367188,72.37625898121749,71.23783791242616,71.66588534603102,4620700,2022-06-17
72.92272186279297,72.92272186279297,73.31433910738848,72.05752436696177,72.94093354814427,1814700,2022-06-21
71.31070709228516,71.31070709228516,72.23965573869506,70.9464109168487,72.05751112516265,2405500,2022-06-22
73.61486053466797,73.61486053466797,73.6968235151501,71.78427753848965,72.77698430845416,2233300,2022-06-23
77.93175506591797,77.93175506591797,77.97729468957154,73.97005100104316,74.27969820710017,2761500,2022-06-24
78.4144515991211,78.4144515991211,79.02464370041426,77.17584876607643,78.25962798208342,2416900,2022-06-27
77.45818328857422,77.45818328857422,79.52555318550513,77.22138972712891,78.75142813857934,1906200,2022-06-28
77.68585205078125,77.68585205078125,79.12481091830657,77.60388212538447,78.5510492340106,2425500,2022-06-29
77.59425354003906,77.59425354003906,77.93317559456733,75.9637768776088,77.15457805209978,2443500,2022-06-30
79.06902313232422,79.06902313232422,79.17894551391578,77.42938429663039,77.5026658843581,2649900,2022-07-01
78.04309844970703,78.04309844970703,78.66597794106315,77.62173982151268,78.1255419794171,3203900,2022-07-05
77.69502258300781,77.69502258300781,78.5194229500143,77.45686092398002,77.95150114418391,3259600,2022-07-06
78.82170104980469,78.82170104980469,78.86749679757482,77.31030160306298,78.09806114527947,2703400,2022-07-07
78.91332244873047,78.91332244873047,80.08580015755899,78.64768187586802,78.97744210504084,1962600,2022-07-08
79.08733367919922,79.08733367919922,79.52701618171379,78.23546149726302,78.56521463850358,1414800,2022-07-11
79.13314056396484,79.13314056396484,80.27813913328777,78.81254236225776,79.06902092362343,1537700,2022-07-12
79.02322387695312,79.02322387695312,79.76518775550436,77.77747177324198,78.30874583639925,1503200,2022-07-13
79.45372009277344,79.45372009277344,79.58195934331799,77.81408168822233,77.94232093876688,1586300,2022-07-14
80.25983428955078,80.25983428955078,80.82774919260915,80.00334870113346,80.63539024268444,1846500,2022-07-15
79.09649658203125,79.09649658203125,81.10253623092879,78.77589839325037,80.77277609717807,2504600,2022-07-18
80.02165222167969,80.02165222167969,80.8552074591368,79.09649151742242,79.96669453241235,2741000,2022-07-19
80.81858825683594,80.81858825683594,81.37734117185158,80.36058879417081,80.36058879417081,2009700,2022-07-20
79.61860656738281,79.61860656738281,80.72696417303152,79.3071703590174,80.46132370727042,2569700,2022-07-21
79.56365203857422,79.56365203857422,80.3697284232606,78.89496987566928,79.76517288187478,2343200,2022-07-22
80.47965240478516,80.47965240478516,80.56208893950887,79.59113248067753,79.87508986274723,1496200,2022-07-25
78.9407730102539,78.9407730102539,80.12241224319723,78.83085064375364,79.76517328771621,2714200,2022-07-26
79.11482238769531,79.11482238769531,79.71937798853307,78.52858368872441,79.43542058423931,3168400,2022-07-27
79.94837188720703,79.94837188720703,79.99417462131954,78.84917615366703,79.00489426802392,2669400,2022-07-28
77.768310546875,77.768310546875,79.84762504281811,77.43855037302681,79.65526610615954,4015300,2022-07-29
78.77590942382812,78.77590942382812,79.0965076575007,76.74239064379444,77.36527020715144,2862100,2022-08-01
78.23546600341797,78.23546600341797,78.821704714859,77.7591426825492,78.70262039038346,2314500,2022-08-02
79.14229583740234,79.14229583740234,79.3987743771462,78.11637468991083,78.31789553928559,2126200,2022-08-03
79.04153442382812,79.04153442382812,79.56365344135051,78.43697188326749,79.02321053492363,1791800,2022-08-04
79.00491333007812,79.00491333007812,79.20643422716985,77.92403423628242,78.31791408372962,1829200,2022-08-05
79.45372009277344,79.45372009277344,79.95752214028063,78.84916462427982,79.20640353487038,2368800,2022-08-08
75.42334747314453,75.42334747314453,78.94994889449487,75.23098853919186,77.33778884375046,3609100,2022-08-09
74.85543060302734,74.85543060302734,77.00802660240461,74.52567044269108,76.59582989624276,3312800,2022-08-10
75.35005950927734,75.35005950927734,76.44925521937782,75.1027359319694,75.71646040881613,2227100,2022-08-11
77.64921569824219,77.64921569824219,77.68585648909875,75.3683806284225,75.3683806284225,3205300,2022-08-12
78.0064697265625,78.0064697265625,78.45530723105435,77.29198471376789,77.29198471376789,1854300,2022-08-15
79.05070495605469,79.05070495605469,79.10566265170661,77.64006586334926,78.31790306761765,1947100,2022-08-16
78.38202667236328,78.38202667236328,78.81254727945198,77.87822447502181,78.56522365947814,1738600,2022-08-17
79.06902313232422,79.06902313232422,79.08734003499772,77.43854624222557,78.64766448566522,1299900,2022-08-18
79.39878845214844,79.39878845214844,79.8476259762655,78.62934570800186,78.63850765419288,2052000,2022-08-19
77.7408218383789,77.7408218383789,78.73925719087279,77.35609702533371,78.58353906978012,1580400,2022-08-22
78.11639404296875,78.11639404296875,78.51943584157046,77.36527513826782,77.36527513826782,1649500,2022-08-23
78.82170104980469,78.82170104980469,78.89497564394017,78.10721610172368,78.43697623514065,1503000,2022-08-24
79.13314056396484,79.13314056396484,79.84761855305969,78.71178192907601,79.0323801307831,1683700,2022-08-25
76.60496520996094,76.60496520996094,79.59112279016014,76.40345137566602,79.10564461985327,1916700,2022-08-26
76.10118103027344,76.10118103027344,76.97137708399286,75.36837920402414,75.97294175895723,1615500,2022-08-29
75.6614990234375,75.6614990234375,76.67825824435253,75.5424216960255,76.54085702748257,1513900,2022-08-30
75.31343078613281,75.31343078613281,76.28438738522513,75.31343078613281,75.94547226438114,2131600,2022-08-31
74.97450256347656,74.97450256347656,75.17602342350186,73.5638635318159,75.17602342350186,2554700,2022-09-01
73.994384765625,73.994384765625,75.70730510276704,73.68294851624454,75.6523404204814,1882900,2022-09-02
73.67378234863281,73.67378234863281,74.58061918643243,73.21578295742871,74.5164995512045,2389800,2022-09-06
75.93630981445312,75.93630981445312,76.08286600366532,73.78371380830414,73.79286876552449,1921200,2022-09-07
76.0645523071289,76.0645523071289,76.22943239476608,74.80963125186175,75.53327124824057,1561400,2022-09-08
76.84314727783203,76.84314727783203,77.5026676049896,76.11034536131984,76.40347171873833,1567300,2022-09-09
77.16373443603516,77.16373443603516,77.96065588188375,76.89809395408562,77.20037522546089,1415300,2022-09-12
73.88446807861328,73.88446807861328,76.57749985368385,73.63714448396905,75.89050073958647,1483600,2022-09-13
72.73948669433594,72.73948669433594,73.99440089912541,71.75936101830617,73.77456308759963,2387400,2022-09-14
72.96846771240234,72.96846771240234,73.60966407655573,72.42802478674486,72.64786254180942,1527400,2022-09-15
71.6219482421875,71.6219482421875,72.85854522161578,71.1639488432499,72.71198205946797,2922300,2022-09-16
73.08753967285156,73.08753967285156,73.15165930455791,71.07233826912294,71.07233826912294,1521500,2022-09-19
72.84939575195312,72.84939575195312,72.92267734557615,71.82348139530049,72.48299477235544,1545400,2022-09-20
71.86009979248047,71.86009979248047,73.74706198674964,71.84178289226166,73.28906260760442,1934800,2022-09-21
70.87999725341797,70.87999725341797,71.68608081364954,70.38535697468973,71.64944001650106,3234800,2022-09-22
68.62663269042969,68.62663269042969,70.23879263556334,67.75643657167072,70.23879263556334,2274200,2022-09-23
67.43583679199219,67.43583679199219,68.91059547637319,67.07859780519345,68.35183562758205,2087900,2022-09-26
66.84960174560547,66.84960174560547,68.54419828625119,66.28167992067104,68.3701562616629,1746600,2022-09-27
67.56407165527344,67.56407165527344,67.91214867418839,66.62974899045095,67.40834655212566,2492800,2022-09-28
65.4756088256836,65.4756088256836,67.17020550630777,65.05424315360945,66.93204381959575,2421300,2022-09-29
64.7702865600586,64.7702865600586,66.46488326287212,64.67868806043687,65.5580462361371,3073900,2022-09-30
66.03436279296875,66.03436279296875,66.51068617382501,65.04508921064725,65.5122436564455,2628500,2022-10-03
68.69990539550781,68.69990539550781,68.81898271566102,67.15186529093732,67.15186529093732,3503600,2022-10-04
69.15792083740234,69.15792083740234,69.50599792310182,67.96711940505998,68.10452064548677,2639100,2022-10-05
67.55365753173828,67.55365753173828,69.46216110593888,67.37848563257782,69.13025386336223,2268700,2022-10-06
66.55792236328125,66.55792236328125,67.14799063102154,66.15224779139658,66.91749499411772,2106100,2022-10-07
67.1203384399414,67.1203384399414,67.67352661244497,66.26289431060164,66.9543812847734,2259900,2022-10-10
67.72883605957031,67.72883605957031,67.99621183835696,66.65011818369105,67.11110945039178,2413600,2022-10-11
67.22175598144531,67.22175598144531,68.60472990693656,67.18487583266526,67.6550819027305,2385100,2022-10-12
68.66004943847656,68.66004943847656,69.09338241176312,65.47920505844915,66.11537534128853,2144400,2022-10-13
67.98699188232422,67.98699188232422,69.70188000356758,67.76571803789018,69.2962124611333,1932100,2022-10-14
69.6834487915039,69.6834487915039,69.79408220512113,68.6047308037206,68.95508167045719,2080000,2022-10-17
70.99266052246094,70.99266052246094,71.66571091855242,70.07989971388234,70.91890022592534,3246000,2022-10-18
71.40754699707031,71.40754699707031,72.05293901444072,70.92811915728747,71.09407630070629,3072300,2022-10-19
71.17704772949219,71.17704772949219,72.14513218914811,70.57776471883398,71.63803898948674,4385400,2022-10-20
73.8047103881836,73.8047103881836,74.0167624483261,70.92812212655744,71.40754998641061,2481800,2022-10-21
75.15081024169922,75.15081024169922,75.43662262166129,74.06287039756572,74.23804232358943,2947600,2022-10-24
76.08199310302734,76.08199310302734,76.64440299296412,74.76355784149547,75.00327526200171,2611900,2022-10-25
77.03164672851562,77.03164672851562,77.6401515684594,76.1096641562254,76.50611694367696,2770900,2022-10-26
77.21602630615234,77.21602630615234,77.83375282840136,76.88411207810294,77.5571623278052,3035000,2022-10-27
79.2720718383789,79.2720718383789,79.56710600685942,77.26214936742745,77.62172204044528,2767500,2022-10-28
79.80680847167969,79.80680847167969,80.59049927824552,78.75574891168006,78.75574891168006,4793900,2022-10-31
77.54795837402344,77.54795837402344,78.51604293423554,76.12810430165793,77.66781358177091,4799600,2022-11-01
75.09547424316406,75.09547424316406,77.16072017464445,74.95718249102032,76.71816546527909,4634500,2022-11-02
74.91108703613281,74.91108703613281,75.75930934883367,73.8876857766595,74.5976163252443,2557200,2022-11-03
75.83306884765625,75.83306884765625,76.11888120271334,74.38555644706774,75.68554825525969,3976300,2022-11-04
76.72740173339844,76.72740173339844,76.93945381613098,75.7869754364156,75.9805979942772,2497700,2022-11-07
76.91178894042969,76.91178894042969,77.39122384488316,76.21108720956569,77.04086594528196,2180900,2022-11-08
76.48767852783203,76.48767852783203,77.61249846759223,76.33094316813936,76.87490954619133,2494100,2022-11-09
77.66780853271484,77.66780853271484,78.78340658115688,77.05930370364132,78.51603783003749,3298300,2022-11-10
77.8798828125,77.8798828125,78.46995120063299,77.07775530011452,78.40541269049876,3500400,2022-11-11
78.03662109375,78.03662109375,79.06924432850005,77.22527878841301,77.78768884087317,3483800,2022-11-14
76.9394302368164,76.9394302368164,79.18906959551732,76.50610440754565,78.87559894870432,2436000,2022-11-15
77.73233795166016,77.73233795166016,78.1011323377493,76.87489399352422,76.9302177236467,1361000,2022-11-16
77.53873443603516,77.53873443603516,77.62171652692855,76.81958914108081,76.95788793645717,1328600,2022-11-17
78.42383575439453,78.42383575439453,79.29050162777165,77.94440790935393,78.92170719011104,2396500,2022-11-18
78.58056640625,78.58056640625,78.94013899488786,78.07347325090544,78.3869439039055,2184400,2022-11-21
79.4841079711914,79.4841079711914,79.60396316010642,78.78339932374915,79.08765522734267,1408500,2022-11-22
79.3458251953125,79.3458251953125,80.2032693475253,79.19831162798882,79.88057682447091,1034800,2022-11-23
79.70538330078125,79.70538330078125,79.78836538249664,79.16141700907873,79.38269083670619,615400,2022-11-25
79.22595977783203,79.22595977783203,80.10184037533233,78.73731015812122,79.18907963220896,2645500,2022-11-28
78.45148468017578,78.45148468017578,79.62240635149756,78.31319293756674,79.2904921008999,1632200,2022-11-29
79.76070404052734,79.76070404052734,79.77914059456779,77.93517568713604,78.21177323691795,2932400,2022-11-30
79.32737731933594,79.32737731933594,80.40609518571509,79.20752212334996,80.15716299892314,1994300,2022-12-01
78.67276763916016,78.67276763916016,78.70964778289749,77.71390500449395,78.50681050942623,1398600,2022-12-02
78.48836517333984,78.48836517333984,78.81106466531627,77.83375846345194,77.90751874928472,1272000,2022-12-05
77.6862564086914,77.6862564086914,79.060008523082,77.48341910975407,78.93093152087988,1113700,2022-12-06
77.62171936035156,77.62171936035156,78.14724917462998,77.17916460582643,77.63093412198913,1450400,2022-12-07
77.36355590820312,77.36355590820312,77.80610357454216,76.96710314693323,77.78766701934818,1719600,2022-12-08
75.81462860107422,75.81462860107422,77.00397990708741,75.73164651334733,76.87490291210662,1767800,2022-12-09
76.6444091796875,76.6444091796875,76.66285277038273,75.65788810255759,76.01746074525745,1853100,2022-12-12
76.0727767944336,76.0727767944336,78.17489573442174,75.64866569550337,78.1564521455906,2505700,2022-12-13
75.73165130615234,75.73165130615234,76.54299347368857,74.9018655472124,76.14654066853777,1857400,2022-12-14
72.18202209472656,72.18202209472656,73.72173142311227,71.43521840348414,73.05790279348818,3778500,2022-12-15
72.54159545898438,72.54159545898438,72.83662962673856,71.31535684162469,71.83167191082158,4403400,2022-12-16
71.83165740966797,71.83165740966797,73.26994780784084,70.96499163940074,72.84583671694801,2799100,2022-12-19
72.17280578613281,72.17280578613281,72.54160027887174,71.40755844467925,71.78557473413338,1890800,2022-12-20
71.12173461914062,71.12173461914062,72.73520411056245,70.96499927103157,72.64300726074353,3313200,2022-12-21
71.19548797607422,71.19548797607422,71.19548797607422,69.84939440419554,70.5500960218849,1769700,2022-12-22
71.99761199951172,71.99761199951172,72.04371393942823,70.88201398838265,71.11250961962837,1094600,2022-12-23
71.88697814941406,71.88697814941406,72.2834309140474,71.14938932036698,72.10825198446084,2213800,2022-12-27
70.98344421386719,70.98344421386719,72.25578480786638,70.75294854500294,72.12670779603597,2655600,2022-12-28
70.84513092041016,70.84513092041016,71.53661778561849,70.80825781100035,71.18626697288013,1555300,2022-12-29
70.48555755615234,70.48555755615234,70.57776143119095,69.67421550865636,70.39336071528182,2006300,2022-12-30
70.06146240234375,70.06146240234375,70.63309420047699,69.27777852537555,70.48557359418338,2002500,2023-01-03
70.69763946533203,70.69763946533203,70.73451962043089,69.64657966461078,70.25508463831608,2438700,2023-01-04
70.77185821533203,70.77185821533203,71.27293163754156,70.25222966462943,70.73474795834589,2092900,2023-01-05
73.03595733642578,73.03595733642578,73.24009912217261,71.18013321786513,71.64408924750529,1909600,2023-01-06
73.49063873291016,73.49063873291016,74.04739168101727,73.25866069766813,73.37001270317113,2678900,2023-01-09
74.19585418701172,74.19585418701172,74.35359755243873,73.37001294517874,73.65766344441715,2150900,2023-01-10
74.78971099853516,74.78971099853516,74.81754722777085,74.02882338866155,74.59485031447808,1714200,2023-01-11
74.46495819091797,74.46495819091797,75.62484850541826,74.36288727688925,75.27224439839728,2215400,2023-01-12
74.5391845703125,74.5391845703125,74.66909170471894,73.6669448855197,74.1494631670932,1827000,2023-01-13
74.11233520507812,74.11233520507812,74.97529366241913,73.78756033622183,74.35358723186522,2021900,2023-01-17
71.72760009765625,71.72760009765625,74.4371014259778,71.65336543894442,74.27007698357953,2292500,2023-01-18
71.42140197753906,71.42140197753906,71.75545093032981,70.95744588526394,71.42140197753906,2036100,2023-01-19
72.21940612792969,72.21940612792969,72.23796125645124,71.20797817800754,71.78328627388854,2494000,2023-01-20
73.53704071044922,73.53704071044922,73.76901875685442,72.02454639647424,72.29364177983325,1835700,2023-01-23
72.47920227050781,72.47920227050781,76.44138314323699,72.32145893961132,76.44138314323699,2291600,2023-01-24
73.4442367553711,73.4442367553711,73.59269899517012,71.72760095864277,71.72760095864277,2192000,2023-01-25
72.69263458251953,72.69263458251953,73.69478140564031,72.5998447832101,73.57415537447883,1805500,2023-01-26
72.27507019042969,72.27507019042969,72.88749555156322,71.84823148997627,72.61840020313247,2477100,2023-01-27
72.46993255615234,72.46993255615234,73.22154616038429,71.92246782310913,72.0523749488959,4297500,2023-01-30
71.87608337402344,71.87608337402344,71.91320071424371,68.36857613640831,70.05737617968259,9251600,2023-01-31
72.30291748046875,72.30291748046875,72.65552864999927,71.17086345506549,72.26580014265457,4641000,2023-02-01
71.56986236572266,71.56986236572266,72.18228778955408,70.15015789335995,71.99670110987428,3885400,2023-02-02
71.18942260742188,71.18942260742188,71.71833225960255,70.79042009230957,71.57914401862699,3302700,2023-02-03
71.36573028564453,71.36573028564453,71.6812170336963,70.8275395137122,70.93888444624426,3143500,2023-02-06
71.69049835205078,71.69049835205078,71.85752283075607,69.8253928530765,70.9760019955972,2544000,2023-02-07
70.7254638671875,70.7254638671875,71.69049333445274,70.22439046614164,71.30076485847857,2785500,2023-02-08
70.94816589355469,70.94816589355469,71.47707556386459,70.64195316879415,70.96672810200528,1980800,2023-02-09
71.98741912841797,71.98741912841797,72.00597425463101,70.83680307980877,71.09662440264152,1787200,2023-02-10
72.59056854248047,72.59056854248047,72.59056854248047,71.8111186773826,72.07093293927933,1545900,2023-02-13
72.17300415039062,72.17300415039062,72.61840508656795,71.49563226172627,72.61840508656795,1483500,2023-02-14
71.80182647705078,71.80182647705078,71.90389736122212,71.1894082514293,71.76470914831515,1838700,2023-02-15
71.88534545898438,71.88534545898438,72.38641880026731,71.40282724319773,71.40282724319773,1457100,2023-02-16
73.03595733642578,73.03595733642578,73.0452384392526,71.70904280847863,72.03381061334531,1884700,2023-02-17
71.2729263305664,71.2729263305664,72.71119292126399,71.14301920256362,72.66479448437406,2320400,2023-02-21
71.88534545898438,71.88534545898438,72.49776371205891,71.19869254511082,71.45850677850044,1787800,2023-02-22
71.03167724609375,71.03167724609375,72.11733275232349,70.74401966830229,71.86679250971181,1673900,2023-02-23
70.36358642578125,70.36358642578125,70.92961345505496,70.16872570610795,70.50277467680748,1844200,2023-02-24
70.2429428100586,70.2429428100586,71.24508957243431,70.06664432587937,70.83680598493143,1247400,2023-02-27
69.19441223144531,69.19441223144531,70.38213871063104,69.19441223144531,70.15016066143357,2864800,2023-02-28
69.67691802978516,69.67691802978516,69.71403536429365,68.4706365155937,68.67477831568657,1900800,2023-03-01
70.1037826538086,70.1037826538086,70.17801026334168,69.491357089146,69.66766270553244,1656200,2023-03-02
70.76258087158203,70.76258087158203,70.98527780009326,70.08520190312541,70.50276660841764,1602300,2023-03-03
70.84608459472656,70.84608459472656,71.26364927072419,70.44708212445714,70.49348055937038,1760500,2023-03-06
70.168701171875,70.168701171875,71.0502146544755,70.02951296951542,70.89247132885748,1410700,2023-03-07
69.44493865966797,69.44493865966797,69.49133709676089,68.5448698629704,69.48205599346079,2249700,2023-03-08
68.9531478881836,68.9531478881836,70.58627521384832,68.76756829455684,70.07592071226318,1803500,2023-03-09
67.85820770263672,67.85820770263672,68.97170644366916,67.46848632900867,68.7861197804601,1804500,2023-03-10
68.52629852294922,68.52629852294922,68.90674583406265,66.82821789514337,67.03235966409139,2627500,2023-03-13
69.2779312133789,69.2779312133789,69.59341797675744,68.5448796944947,69.21297056036838,2485600,2023-03-14
69.57485961914062,69.57485961914062,69.59341474813384,68.04380307880004,68.33145359434835,2886600,2023-03-15
69.12945556640625,69.12945556640625,69.45422340486348,68.17370717920012,69.37998873338528,2755100,2023-03-16
67.6819076538086,67.6819076538086,68.74900085505745,67.12515475648743,68.73972683166735,5389300,2023-03-17
68.74900817871094,68.74900817871094,69.14801068861199,67.78398576720916,67.9974015984307,2189800,2023-03-20
69.77899169921875,69.77899169921875,70.0295319472426,68.99026777798153,69.18512848232899,2243600,2023-03-21
68.7211685180664,68.7211685180664,70.12231778470573,68.71189449415108,69.72331529471205,1604400,2023-03-22
67.95100402832031,67.95100402832031,69.21295793097228,67.71902601072718,68.71189164284951,2007300,2023-03-23
69.25935363769531,69.25935363769531,69.35214342519555,67.59839024763532,67.76541469689853,1907500,2023-03-24
70.55843353271484,70.55843353271484,70.89248243896677,69.82538215951796,69.87178059404462,2337700,2023-03-27
70.8553695678711,70.8553695678711,71.34716185542261,70.57699310200046,70.76257977238342,1997000,2023-03-28
71.81111907958984,71.81111907958984,72.03381600826182,71.26365432172796,71.32860788756594,2464900,2023-03-29
71.39356994628906,71.39356994628906,72.2565286118831,71.31005416347232,72.06166789118878,1611900,2023-03-30
71.66265869140625,71.66265869140625,71.82968316212322,71.12446794360628,71.82040205835897,2802100,2023-03-31
72.5256118774414,72.5256118774414,72.70191035938953,71.70904471276953,71.77399827546776,1504500,2023-04-03
72.1358871459961,72.1358871459961,73.3236135420294,71.90390911303935,72.68335898506604,1688200,2023-04-04
72.32264709472656,72.32264709472656,72.61212929862378,71.79038255764178,72.18258310416176,1863200,2023-04-05
72.15457153320312,72.15457153320312,72.79889446162917,71.95847479940251,72.23861706158263,2125500,2023-04-06
72.56543731689453,72.56543731689453,72.71484840748856,71.61296654945288,71.65031932210138,1519200,2023-04-10
73.13504028320312,73.13504028320312,73.27511137207496,72.56542307961945,72.82688531254739,1304400,2023-04-11
69.8760986328125,69.8760986328125,73.15372413540219,69.81073306472328,73.1350513120821,3844700,2023-04-12
69.71736145019531,69.71736145019531,69.93213099857907,68.67150513518553,69.56795035191679,4499800,2023-04-13
68.61547088623047,68.61547088623047,69.8294038473125,68.28863593102339,69.70801268849802,3038400,2023-04-14
70.29631042480469,70.29631042480469,70.29631042480469,68.8302478888876,69.05435740810125,2657500,2023-04-17
69.82007598876953,69.82007598876953,70.45505893796513,69.35317697095846,70.38036050959371,1411500,2023-04-18
69.81073760986328,69.81073760986328,70.20293104393295,69.68933931528477,70.02550715143393,2201000,2023-04-19
69.47456359863281,69.47456359863281,69.8107314049025,69.259786951839,69.79205145771394,1434900,2023-04-20
70.55775451660156,70.55775451660156,70.6791527816072,69.6519695745348,69.74535504740417,2156500,2023-04-21
70.50173950195312,70.50173950195312,70.91261284638023,70.22159728996874,70.45504675851826,1221900,2023-04-24
70.0068359375,70.0068359375,70.81923562328996,69.96014318861664,70.26829823289508,1961800,2023-04-25
69.07304382324219,69.07304382324219,70.6231449023541,68.76488875278086,69.68934683985103,2545100,2023-04-26
70.10954284667969,70.10954284667969,70.14689561482933,69.00766112135722,69.20375781090884,1495200,2023-04-27
71.6596450805664,71.6596450805664,71.93978728555076,70.01616599254895,70.03483881486888,2717000,2023-04-28
71.7343521118164,71.7343521118164,72.72417557455918,71.53825541396995,71.79037770425472,3616300,2023-05-01
70.7818832397461,70.7818832397461,71.55693007756035,67.99916237995276,71.55693007756035,5818900,2023-05-02
70.33366394042969,70.33366394042969,70.85658853221378,69.95081047124869,70.16558001816863,3587500,2023-05-03
70.54844665527344,70.54844665527344,70.96865293476691,69.77339255154527,70.41771549612818,2757000,2023-05-04
71.68768310546875,71.68768310546875,71.69702308207187,70.79123770806711,71.1460855758383,1930200,2023-05-05
71.04335021972656,71.04335021972656,72.03317377354898,70.79122078192948,71.9397954027887,1749000,2023-05-08
70.94995880126953,70.94995880126953,71.32347221562155,70.2029177239421,70.89392608966736,2061000,2023-05-09
68.53142547607422,68.53142547607422,71.3608318974247,68.43804711343701,71.2207607913127,3421200,2023-05-10
68.78356170654297,68.78356170654297,68.91429285204948,67.14007528891564,68.12989885469729,3154700,2023-05-11
69.69867706298828,69.69867706298828,69.8294082035016,68.85825749946494,69.073034158487,2213600,2023-05-12
69.52124786376953,69.52124786376953,69.76403730230442,69.03567611101204,69.58661342903135,2024400,2023-05-15
68.55943298339844,68.55943298339844,69.23176854141865,68.4940674221638,69.23176854141865,1666100,2023-05-16
68.44739532470703,68.44739532470703,68.8395887695716,67.8871108328282,68.61547924740803,1531300,2023-05-17
68.34466552734375,68.34466552734375,68.52208227069292,67.4108676963892,68.27929996414942,1967400,2023-05-18
68.28863525390625,68.28863525390625,68.94229803352661,68.05518578782305,68.6808357714034,3050100,2023-05-19
67.04668426513672,67.04668426513672,68.52207936091536,66.95329878655721,68.27929706468157,2510100,2023-05-22
66.11289978027344,66.11289978027344,66.80390829010706,65.71136636422554,66.53310602120843,3262200,2023-05-23
66.54242706298828,66.54242706298828,66.78520933900946,65.87009156933635,66.00082267928964,2669200,2023-05-24
65.84209442138672,65.84209442138672,66.58912849513631,65.32850270717968,65.93547279006631,3002100,2023-05-25
66.0381851196289,66.0381851196289,66.32766017347059,65.60863896336595,65.842088425964,2352100,2023-05-26
64.9176254272461,64.9176254272461,66.11289269704379,64.63749033807373,65.56194824367367,2859000,2023-05-30
65.31917572021484,65.31917572021484,65.54329239878167,64.77757822446402,64.9736749749743,4130100,2023-05-31
66.56111907958984,66.56111907958984,66.75721580107646,65.47791712409528,65.65533389630893,3330900,2023-06-01
67.8310775756836,67.8310775756836,67.92445593901718,66.70118299342859,67.09337639401711,2011800,2023-06-02
67.73770141601562,67.73770141601562,67.99916369158062,66.89728187004765,67.72836144208468,2163300,2023-06-05
68.04585266113281,68.04585266113281,68.15790384483581,67.24278593113723,67.47623539626822,1576400,2023-06-06
67.87777709960938,67.87777709960938,68.30732331329988,66.76655522929956,67.11206304488924,2782600,2023-06-07
67.30815124511719,67.30815124511719,67.89644133029856,66.7945595740215,67.89644133029856,2519400,2023-06-08
67.73770141601562,67.73770141601562,67.91512529914017,67.00000021035,67.26146248591499,1694300,2023-06-09
67.5416030883789,67.5416030883789,68.03651483015112,67.16808250754492,67.9804892365354,2165300,2023-06-12
67.9431381225586,67.9431381225586,68.11122203181635,67.00000023592821,67.25212253765852,3087200,2023-06-13
68.00849914550781,68.00849914550781,68.811565866691,67.72835694069984,68.44738527502795,2063200,2023-06-14
68.54077911376953,68.54077911376953,68.71819590085592,67.79373781511859,68.15791848902462,2960900,2023-06-15
68.53142547607422,68.53142547607422,68.91428602449288,67.96180820238115,68.47539988335437,4398900,2023-06-16
67.68167114257812,67.68167114257812,68.52208350614013,67.66299119600748,68.19525568427578,1978100,2023-06-20
67.79371643066406,67.79371643066406,67.98048025857202,67.14940081623845,67.46688863721461,1673200,2023-06-21
68.39137268066406,68.39137268066406,68.49409104435992,67.95248642202074,68.39137268066406,1380400,2023-06-22
67.65365600585938,67.65365600585938,68.51275550104286,67.39219372988241,68.3259916436931,2640100,2023-06-23
67.57896423339844,67.57896423339844,67.99917048621406,67.23345640655637,67.69101543451545,3403900,2023-06-26
68.52208709716797,68.52208709716797,68.81156928968628,67.47623801239234,67.52292363264122,2443600,2023-06-27
68.04585266113281,68.04585266113281,68.42870607930524,67.50424819219397,68.33532771811531,1905900,2023-06-28
68.28863525390625,68.28863525390625,68.32598802339704,67.62563962514743,67.89644186072142,1767500,2023-06-29
69.28779602050781,69.28779602050781,69.38118150280143,68.29797260214148,68.68083313147159,2517600,2023-06-30
70.31498718261719,70.31498718261719,70.3336600065737,68.92362313337743,69.04502142418966,1386900,2023-07-03
69.36250305175781,69.36250305175781,69.97881305148269,68.98898248746808,69.97881305148269,2689800,2023-07-05
69.73856353759766,69.73856353759766,69.99239446197029,68.66682021674634,69.11807678731854,2624900,2023-07-06
69.87959289550781,69.87959289550781,70.49067645384159,69.59755212317074,69.59755212317074,2614100,2023-07-07
69.6351547241211,69.6351547241211,70.54707838234366,69.34371786647677,69.94539812441022,2106300,2023-07-10
69.5599365234375,69.5599365234375,70.24623181518344,69.37191414978881,69.79496807679527,2457100,2023-07-11
69.4095230102539,69.4095230102539,70.0676085185992,69.27790590858484,69.94539468779053,2122300,2023-07-12
68.90184783935547,68.90184783935547,69.58813592659739,68.87364520187887,69.47532537669103,2093300,2023-07-13
68.72322082519531,68.72322082519531,69.07107008634526,68.08393474982913,68.72322082519531,2136100,2023-07-14
69.0146713256836,69.0146713256836,69.26850225676532,68.30017336869962,68.52580165994938,1543000,2023-07-17
68.14034271240234,68.14034271240234,69.23088525590866,67.98991909393642,68.80783138101084,2616800,2023-07-18
69.71036529541016,69.71036529541016,69.8325791300249,68.30017587138674,68.30017587138674,2598700,2023-07-19
70.84790802001953,70.84790802001953,70.86670738728603,69.65394377968505,70.05819831555205,2032800,2023-07-20
70.6974868774414,70.6974868774414,71.28977096976678,70.55647368650074,71.13934733597188,2369200,2023-07-21
71.27095794677734,71.27095794677734,71.63760655506175,70.9325119741159,70.9325119741159,2517600,2023-07-24
70.9983139038086,70.9983139038086,71.12993814544794,70.10519705347632,71.00771717233833,2123500,2023-07-25
70.93252563476562,70.93252563476562,71.68462953499015,70.64108878041094,71.1299584673352,1725700,2023-07-26
70.97952270507812,70.97952270507812,71.54359694768596,70.92311743259529,71.13934242550827,2148900,2023-07-27
71.50598907470703,71.50598907470703,72.03246456957174,71.34616935867352,71.42138116831033,2597200,2023-07-28
71.74103546142578,71.74103546142578,71.96667093707626,71.44959860445363,71.69403345011109,5923700,2023-07-31
71.60001373291016,71.60001373291016,73.56487401782569,69.86077455160235,72.31450446964658,4859300,2023-08-01
71.10174560546875,71.10174560546875,72.00426594348943,70.48126601108943,71.0641396948103,2037100,2023-08-02
69.77616119384766,69.77616119384766,71.09233918542266,69.71975592234644,70.59406632098747,3089400,2023-08-03
69.37191772460938,69.37191772460938,70.38725580885905,69.29670590223662,69.86078022484395,2677200,2023-08-04
69.72916412353516,69.72916412353516,69.90779041108759,69.21209897563254,69.43772727339743,1396000,2023-08-07
68.73262023925781,68.73262023925781,69.63514044103923,68.4787821737797,69.4471180887238,1685100,2023-08-08
69.12747192382812,69.12747192382812,69.56933234444149,68.70441804212211,68.8172285851941,1826800,2023-08-09
67.75489807128906,67.75489807128906,69.38131962822493,67.53866587937733,69.15568416555338,2208800,2023-08-10
67.65147399902344,67.65147399902344,68.11213378448936,67.3224312951192,67.79249435000897,1778000,2023-08-11
66.70194244384766,66.70194244384766,67.87710004273569,66.53271946270407,67.68907769595071,2499500,2023-08-14
66.9463882446289,66.9463882446289,67.09681188487401,65.97805937148141,66.31650538943893,2230600,2023-08-15
67.76428985595703,67.76428985595703,69.18387507852633,67.1626097360061,67.2754202756264,2968900,2023-08-16
67.18141174316406,67.18141174316406,68.39417529991496,67.14380583761445,67.8959096034205,2009400,2023-08-17
67.1908187866211,67.1908187866211,67.70788387863593,66.83356625013045,66.94638397311594,4652500,2023-08-18
66.81476593017578,66.81476593017578,67.25662637316186,66.41991466424525,67.01219156314104,1703100,2023-08-21
65.9968490600586,65.9968490600586,66.79596197961057,65.5831984552451,66.52332455110115,2090600,2023-08-22
66.10965728759766,66.10965728759766,66.29767961075233,65.72420937335302,65.91223169650769,2801500,2023-08-23
65.71481323242188,65.71481323242188,66.71134456388432,65.60199552273848,65.90283557596824,2676500,2023-08-24
65.58320617675781,65.58320617675781,66.4387172949631,65.44218581125763,66.12847392538144,2250200,2023-08-25
66.07205963134766,66.07205963134766,66.20367670849434,65.58319722660178,65.80882547705428,1786500,2023-08-28
66.26009368896484,66.26009368896484,66.36350096586906,65.32936364348753,66.13787269996241,1940300,2023-08-29
65.89344024658203,65.89344024658203,66.55153287347383,65.81823560365758,66.41051251252605,2202000,2023-08-30
65.47978973388672,65.47978973388672,66.16607782719183,65.47038646378029,65.94044955279226,2551400,2023-08-31
66.08146667480469,66.08146667480469,66.31649820778979,65.67721215116657,65.69601151786439,2007500,2023-09-01
64.5490493774414,64.5490493774414,65.8088146726161,64.09778577803174,65.8088146726161,3467200,2023-09-05
64.35163879394531,64.35163879394531,65.00973147097271,64.1542131426153,64.48325589483198,3112900,2023-09-06
65.01911926269531,65.01911926269531,65.16013242822146,64.38922937544503,64.52084644499766,2595700,2023-09-07
65.76183319091797,65.76183319091797,65.79943910441557,64.7465022168611,65.04734235224731,2496200,2023-09-08
65.96864318847656,65.96864318847656,66.5703232864995,65.67720640828836,65.82762284649782,2221700,2023-09-11
65.76183319091797,65.76183319091797,66.14728842482245,65.5644075245015,66.1378851532994,1859100,2023-09-12
65.72422790527344,65.72422790527344,65.9874621009495,65.26356089024644,65.93104965002328,1686800,2023-09-13
66.81476593017578,66.81476593017578,66.96518955867887,66.03445949565113,66.03445949565113,1704700,2023-09-14
66.76776123046875,66.76776123046875,67.36004534167563,66.71135595229433,66.91818486905903,4145900,2023-09-15
66.5797348022461,66.5797348022461,66.85237225115065,66.1096717191541,66.79596697640952,1785900,2023-09-18
66.28829956054688,66.28829956054688,66.99339420193343,66.17548183579133,66.58913965396806,1754600,2023-09-19
66.3635025024414,66.3635025024414,66.85237212458385,66.28829786046008,66.44811758698636,2054900,2023-09-20
65.3575668334961,65.3575668334961,66.36350152773012,65.32936419659313,66.25069098011832,2384400,2023-09-21
64.5208511352539,64.5208511352539,65.47038049684468,64.49264850009853,65.2917542440701,2339500,2023-09-22
64.67129516601562,64.67129516601562,64.76530637040531,63.95679710198276,64.16362605519716,1891300,2023-09-25
62.26456069946289,62.26456069946289,64.38924072390694,62.24575415901656,64.23882426330437,3073000,2023-09-26
61.305625915527344,61.305625915527344,62.26455861354389,60.93897728763672,62.20814616668839,3133700,2023-09-27
62.53718566894531,62.53718566894531,62.64060011483239,61.30562276031757,61.52185492151591,3222500,2023-09-28
62.09532928466797,62.09532928466797,63.25168032465842,62.00131094036277,62.99784944377526,2625300,2023-09-29
61.277427673339844,61.277427673339844,62.05773416203366,61.01419347777902,62.05773416203366,2450700,2023-10-02
60.431304931640625,60.431304931640625,61.33382513247405,60.05525664110828,60.89196471514464,2283800,2023-10-03
61.10820007324219,61.10820007324219,61.28682633791692,60.262085099247855,60.675742902665824,2650400,2023-10-04
60.30290222167969,60.30290222167969,61.354532334285736,60.293426057835944,61.07978140837833,2440500,2023-10-05
59.63970947265625,59.63970947265625,60.179735140437224,58.9670464288024,60.08499157602985,3282300,2023-10-06
60.09446716308594,60.09446716308594,60.255525799887415,59.11863195068371,59.33653672558433,2315200,2023-10-09
60.890289306640625,60.890289306640625,61.22188996037203,60.33131856476344,60.33131856476344,3065000,2023-10-10
60.710289001464844,60.710289001464844,61.363999726336296,60.132365900851475,61.297681037488616,2650900,2023-10-11
59.39337921142578,59.39337921142578,60.814503750212154,59.16600188737009,60.75765399805213,3412500,2023-10-12
59.93341064453125,59.93341064453125,60.141842890066265,59.31759368632886,59.31759368632886,2845600,2023-10-13
61.01346206665039,61.01346206665039,61.117678183233814,59.857615848685235,60.25552798753371,2248600,2023-10-16
61.44926834106445,61.44926834106445,61.61980313832214,60.78608147850381,61.0134587987825,2235600,2023-10-17
61.752445220947266,61.752445220947266,61.92298003121235,60.956613696978465,61.34505690910263,2356200,2023-10-18
62.20720672607422,62.20720672607422,63.00303101675213,61.78086608904375,61.8377086160364,2914700,2023-10-19
61.98929977416992,61.98929977416992,62.79460024756319,61.88508365345128,62.41563319296772,2841300,2023-10-20
61.581912994384766,61.581912994384766,62.396689652258424,61.5440155651586,61.581912994384766,2183800,2023-10-23
61.88507843017578,61.88507843017578,62.6051150503145,61.87560226685699,61.91349969193742,2292500,2023-10-24
62.28299331665039,62.28299331665039,62.57669656701575,61.89455734166985,61.989297294480096,2006200,2023-10-25
62.02719497680664,62.02719497680664,62.83249542130434,61.97982138610879,62.46300454408545,2156000,2023-10-26
61.09872817993164,61.09872817993164,62.254574441864946,61.02294055169308,61.80928869555995,2895000,2023-10-27
62.09351348876953,62.09351348876953,62.43458310186949,61.24083945601963,61.24083945601963,3971200,2023-10-30
62.993553161621094,62.993553161621094,63.56200010087169,60.899769144661136,62.69985714245053,6214700,2023-10-31
62.19772720336914,62.19772720336914,62.89881150180088,62.02719240340523,62.87039023983936,4885900,2023-11-01
62.19772720336914,62.19772720336914,63.25882620030479,61.76191765417132,62.64301291595241,3462300,2023-11-02
63.49568557739258,63.49568557739258,63.78938884402652,62.55774770468599,62.79460121392875,2330400,2023-11-03
63.306209564208984,63.306209564208984,63.997825034243085,63.12619857306397,63.60938178560296,2033500,2023-11-06
64.00727844238281,64.00727844238281,64.05465202693712,63.050395642494344,63.26829678377819,2402100,2023-11-07
63.50515365600586,63.50515365600586,64.34835146329617,63.10724154590821,64.04517929919398,3121100,2023-11-08
63.183040618896484,63.183040618896484,63.855703677096685,62.785121253996266,63.798853923142346,2397800,2023-11-09
63.798858642578125,63.798858642578125,63.8462322363453,62.81355439162016,63.44832007020509,1984800,2023-11-10
63.694644927978516,63.694644927978516,63.9030699314764,63.353575317607394,63.75148745364203,1821000,2023-11-13
65.3431396484375,65.3431396484375,65.47577701985381,64.20623860004746,64.21571476320423,3263900,2023-11-14
66.79267883300781,66.79267883300781,67.24744067780826,65.68420632331176,65.68420632331176,3940500,2023-11-15
66.95374298095703,66.95374298095703,67.03901399622536,66.41371731157396,66.47056706448448,3850700,2023-11-16
67.16217803955078,67.16217803955078,67.29481542160681,66.82110842049379,67.21902056666188,3271300,2023-11-17
67.52218627929688,67.52218627929688,67.83483460479881,66.51792984632102,67.11479800830195,3160400,2023-11-20
67.55062103271484,67.55062103271484,67.7401009412725,66.95374558718738,67.37061005984845,2568700,2023-11-21
68.24221801757812,68.24221801757812,68.34643411865954,67.3516466913165,67.54113379700728,2398800,2023-11-22
68.35591888427734,68.35591888427734,68.60224853858142,68.13801049235548,68.37486398313385,1023900,2023-11-24
68.11907958984375,68.11907958984375,68.4411969348996,67.80643118209208,68.34645696448295,2146500,2023-11-27
68.0527572631836,68.0527572631836,68.55488558502473,67.79695140566706,68.11907596176269,2267800,2023-11-28
67.93905639648438,67.93905639648438,68.46960591818187,67.75904542525339,68.21380732113347,2244900,2023-11-29
68.37486267089844,68.37486267089844,68.41276009607904,67.53166483816548,67.78747065108591,4219300,2023-11-30
68.97174835205078,68.97174835205078,69.07596447976641,68.23275929328656,68.59278127201176,2985600,2023-12-01
69.16121673583984,69.16121673583984,69.57808117713294,68.50749881257468,68.68750977189573,2963100,2023-12-04
69.36017608642578,69.36017608642578,69.49281346437198,68.99068521526209,69.19911744580469,2828000,2023-12-05
69.2085952758789,69.2085952758789,69.77704222764933,69.09490299424677,69.51176746536947,1935500,2023-12-06
70.2791748046875,70.2791748046875,70.47813088861527,69.50229556964763,69.86231030796517,2224600,2023-12-07
69.94757080078125,69.94757080078125,70.32653781091163,69.73913858379981,70.18442427858842,3689900,2023-12-08
70.04232025146484,70.04232025146484,70.44023241341348,69.739148047857,70.26969759712185,2389200,2023-12-11
69.73915100097656,69.73915100097656,70.25075547151546,69.50229748099721,70.0896968126965,2063100,2023-12-12
71.378173828125,71.378173828125,71.52976355154307,69.49282181933678,69.84336763359418,4800100,2023-12-13
70.29811096191406,70.29811096191406,71.7192318619112,70.11810722975348,71.26447722170114,8326300,2023-12-14
69.67284393310547,69.67284393310547,70.29813357155176,69.21808191843789,70.05181107396228,6944200,2023-12-15
69.02857971191406,69.02857971191406,70.08968591864412,68.93383976428693,70.08968591864412,2727500,2023-12-18
69.44544219970703,69.44544219970703,69.57807956828886,68.90541656242547,68.9338378230938,2170700,2023-12-19
69.39807891845703,69.39807891845703,69.70125112426308,68.7348919770674,69.22754410092891,3242900,2023-12-20
69.66334533691406,69.66334533691406,70.02336725749832,69.34122806922781,69.67282150013857,2851600,2023-12-21
69.66334533691406,69.66334533691406,70.42127937459124,69.62544791221075,69.93809624486717,2247600,2023-12-22
69.47386932373047,69.47386932373047,69.7391440832824,69.39807447008847,69.50229058679746,1307800,2023-12-26
69.18965148925781,69.18965148925781,69.45492628428438,68.92437669423124,69.25597018801446,2190100,2023-12-27
69.1991195678711,69.1991195678711,69.50229175935878,69.07595834977133,69.20859573178498,1856700,2023-12-28
69.28437805175781,69.28437805175781,69.47386517454609,68.83909957664333,69.0096271448608,1912300,2023-12-29
70.50654602050781,70.50654602050781,70.83813946487616,69.0664799643103,69.12332248957489,3218700,2024-01-02
71.03710174560547,71.03710174560547,71.78555241155456,70.5254973409427,71.05604684435822,3766900,2024-01-03
71.64751434326172,71.64751434326172,71.96225427180511,70.99894765213868,71.30415507874251,3639100,2024-01-04
72.15302276611328,72.15302276611328,72.48684229502268,71.2946244941177,71.71428748858665,2740100,2024-01-05
72.1148681640625,72.1148681640625,72.45822745972333,71.37092544903727,72.06717654316306,3047300,2024-01-08
72.08625030517578,72.08625030517578,72.17208648382835,71.53305956479544,71.61889574344802,2074600,2024-01-09
71.56169128417969,71.56169128417969,72.46778132029142,71.5521515028022,71.92413020931282,3392300,2024-01-10
71.9622573852539,71.9622573852539,72.01948878296258,71.35184250563661,71.53306192439527,2456800,2024-01-11
72.2483901977539,72.2483901977539,72.46776144895564,71.77150313374233,72.21977813818827,2862300,2024-01-12
71.43769073486328,71.43769073486328,72.16256118158962,71.29462314611574,72.03856587553916,2428700,2024-01-16
71.21832275390625,71.21832275390625,72.01949692189433,71.10387449899379,71.16109862645001,2368300,2024-01-17
71.72380828857422,71.72380828857422,71.9145674716248,70.89402949164023,71.2373887444125,2926400,2024-01-18
71.73336029052734,71.73336029052734,72.02902797874009,71.18970926045097,71.94319178927962,2908300,2024-01-19
72.1148681640625,72.1148681640625,72.54406364527868,71.60936900009509,71.90503667485648,2772500,2024-01-22
72.02902221679688,72.02902221679688,72.7920444645456,72.00994993512691,72.33422966055248,3287400,2024-01-23
71.52352142333984,71.52352142333984,72.56313903004084,71.1420103082503,72.48683535167908,4243300,2024-01-24
71.79058074951172,71.79058074951172,72.42961499308224,71.42814917354846,72.42961499308224,3187200,2024-01-25
71.67613983154297,71.67613983154297,72.1434871993086,71.47584810250056,71.9241231860947,3096900,2024-01-26
71.69520568847656,71.69520568847656,71.8859648966925,71.428150073694,71.65705384683338,3721600,2024-01-29
77.08403015136719,77.08403015136719,77.22709773596583,71.87642391970222,72.05764334530846,7413400,2024-01-30
77.18894958496094,77.18894958496094,77.70398854810557,76.34963087282893,77.08403383635444,7354200,2024-01-31
78.55284118652344,78.55284118652344,78.73406060728873,76.91234845061715,77.05541603139399,4367600,2024-02-01
77.71351623535156,77.71351623535156,79.05833392147947,77.68489690014131,78.68636260765354,3831400,2024-02-02
77.10310363769531,77.10310363769531,77.71352582663093,76.56899240868636,77.23663872166729,4134700,2024-02-05
76.69298553466797,76.69298553466797,77.44646073559521,76.59760229500874,77.007725484697,2493400,2024-02-06
75.98719024658203,75.98719024658203,76.74067275245397,75.8250503758389,76.55945332237647,3461600,2024-02-07
75.65336608886719,75.65336608886719,76.09210132931153,75.10971510867319,76.06348926878333,4603600,2024-02-08
75.87274169921875,75.87274169921875,75.94903810609692,75.3672352529222,75.66291020768429,2198500,2024-02-09
76.340087890625,76.340087890625,76.44500363483048,75.82504894908523,75.98718881677746,2288500,2024-02-12
75.481689453125,75.481689453125,77.08403039695145,74.73774674290551,76.21609966060193,2355600,2024-02-13
75.34815979003906,75.34815979003906,75.77735525790213,74.90942454294897,75.51029965330116,2282200,2024-02-14
75.71058654785156,75.71058654785156,75.86319389891297,75.1097114756651,75.43399118159205,3363500,2024-02-15
75.8250503540039,75.8250503540039,76.31147724281303,75.30047162325684,75.64383092397858,2168100,2024-02-16
75.41492462158203,75.41492462158203,76.68344603580584,75.29093659697894,75.95857561671802,2731600,2024-02-20
75.99671936035156,75.99671936035156,76.4831461810323,75.67243238765815,75.67243238765815,3094800,2024-02-21
76.72160339355469,76.72160339355469,76.84559142707383,75.31955407456097,75.73921707527204,3334200,2024-02-22
77.08403015136719,77.08403015136719,77.6086088693223,76.48315502811649,76.89327822304877,3057200,2024-02-23
77.10310363769531,77.10310363769531,77.6467619230048,76.75975161670365,77.08403135525346,2586700,2024-02-26
77.38924407958984,77.38924407958984,77.58953580410295,76.88374487819198,77.04588475850446,2340900,2024-02-27
76.94096374511719,76.94096374511719,77.79936198913569,76.79789615832748,77.4655424711062,2215500,2024-02-28
77.22710418701172,77.22710418701172,77.57046350804258,76.71206520546545,76.98866061833587,3926600,2024-02-29
76.26378631591797,76.26378631591797,77.09357251300759,75.95857885435395,77.07449295350492,2209200,2024-03-01
75.83458709716797,75.83458709716797,76.2447102856794,75.63429539255348,75.8441195997309,2310700,2024-03-04
75.90135955810547,75.90135955810547,76.55945886841852,75.72014011490025,76.15887541401574,2227700,2024-03-05
75.51029968261719,75.51029968261719,76.74066924148032,75.37677188026485,76.09210251146067,2655500,2024-03-06
76.17794799804688,76.17794799804688,76.21609983926547,75.51984147128556,75.92042488900128,2846700,2024-03-07
76.83604431152344,76.83604431152344,77.05541557096637,75.82504602638846,75.82504602638846,2715900,2024-03-08
76.32099914550781,76.32099914550781,76.77881390845737,76.1683990756705,76.3019268655477,2435200,2024-03-11
76.42593383789062,76.42593383789062,76.7502208914166,76.19703003798561,76.34009764169647,1819600,2024-03-12
76.79788970947266,76.79788970947266,77.15078875702442,76.38776654269812,76.54037389625103,2225900,2024-03-13
76.33053588867188,76.33053588867188,76.82650246853905,75.98717664929259,76.69297468397139,2655800,2024-03-14
77.17939758300781,77.17939758300781,77.1984771397621,76.00625952777773,76.0444113645675,5421100,2024-03-15
76.9314193725586,76.9314193725586,77.6562824208069,76.82650364354816,77.26523883908328,3287200,2024-03-18
77.5704574584961,77.5704574584961,77.86612513204523,77.1126426405855,77.25571022597754,2550200,2024-03-19
77.4178466796875,77.4178466796875,77.88520125647365,76.72159561911931,77.45599851922428,1748100,2024-03-20
77.86611938476562,77.86611938476562,77.99964718081729,76.91234525484275,77.44645643904944,2287900,2024-03-21
77.81843566894531,77.81843566894531,77.91381891299773,77.58953189200324,77.83751522844375,2002200,2024-03-22
77.14126586914062,77.14126586914062,78.18088368187749,76.85513793365688,77.97105216315698,2452400,2024-03-25
77.16033172607422,77.16033172607422,77.84705029201714,77.05541598534853,77.35108364918307,2017400,2024-03-26
78.15225219726562,78.15225219726562,78.5242235146741,77.18893831737033,77.63721330930335,1973100,2024-03-27
77.42738342285156,77.42738342285156,78.42884916044694,77.34153996807984,78.28578158697346,3203400,2024-03-28
76.84559631347656,76.84559631347656,77.57046683078275,76.82652402892244,77.14126402274911,2284200,2024-04-01
76.71205139160156,76.71205139160156,77.33200601386498,76.60713565813919,76.92188285852632,2289600,2024-04-02
76.2542495727539,76.2542495727539,76.79790061271152,76.11118925438623,76.60714867040785,2645300,2024-04-03
73.47088623046875,73.47088623046875,76.64774376613917,73.43249429582914,76.60935183149957,5211400,2024-04-04
73.58606719970703,73.58606719970703,73.82601134003933,72.50152232151008,73.28853880889947,3576100,2024-04-05
73.65324401855469,73.65324401855469,73.82600407549477,73.10617172533,73.29813141221527,2466500,2024-04-08
74.39227294921875,74.39227294921875,74.40186544128481,73.67244062856095,73.9027849208678,2075400,2024-04-09
73.8644027709961,73.8644027709961,74.31549892330725,73.59566650728239,73.98917108700203,2098900,2024-04-10
73.4900894165039,73.4900894165039,74.11394563235987,73.3365289777242,73.9699776867756,2063700,2024-04-11
72.22319030761719,72.22319030761719,73.33653469626913,72.10801447766595,73.04859878264826,2027500,2024-04-12
72.60709381103516,72.60709381103516,73.04859012307251,72.1655974989978,72.76065424358512,2106700,2024-04-15
72.77986145019531,72.77986145019531,73.09658948609832,72.37675703496296,72.74146950743304,2269800,2024-04-16
72.40553283691406,72.40553283691406,73.41329364778602,71.65690842811983,73.26932572551497,2142500,2024-04-17
72.59750366210938,72.59750366210938,72.98141577837279,72.40555126523495,72.70307967714467,2184800,2024-04-18
73.64366912841797,73.64366912841797,73.6820537524564,72.76066900271755,72.96222123023713,2530100,2024-04-19
74.20991516113281,74.20991516113281,74.57462757769919,73.528474757212,73.9891633547155,2600700,2024-04-22
73.8644027709961,73.8644027709961,74.58423518702095,73.72043482328833,74.51705112109254,2129600,2024-04-23
74.18113708496094,74.18113708496094,74.41148142732733,73.51888886282859,73.71084858356278,1765200,2024-04-24
73.969970703125,73.969970703125,74.81457134295773,73.51887460005626,74.26749905939876,2326700,2024-04-25
73.969970703125,73.969970703125,74.64181128906999,73.48048266335753,74.41146699139074,2072300,2024-04-26
74.11394500732422,74.11394500732422,74.77619315791854,73.80681680984105,73.97957687858245,3088500,2024-04-29
71.3305892944336,71.3305892944336,73.01019817196098,71.17702886190959,71.45535760351645,7972700,2024-04-30
70.11167907714844,70.11167907714844,71.78168820408985,69.9581113161583,71.20582374540459,4975000,2024-05-01
71.26341247558594,71.26341247558594,71.48416431526174,70.12127597957398,70.31323569288215,3087900,2024-05-02
72.3287582397461,72.3287582397461,72.51111811949836,71.16742954359007,71.25380591451673,2709700,2024-05-03
72.44393157958984,72.44393157958984,72.75105975879396,71.82966789866822,72.50151582490518,2567400,2024-05-06
72.76065063476562,72.76065063476562,72.91421838221245,72.40553803319297,72.68387408355544,3333300,2024-05-07
71.6185302734375,71.6185302734375,73.21175557157272,71.45536269146338,72.47273083474474,2943400,2024-05-08
72.12721252441406,72.12721252441406,72.31916491426372,71.43617220493239,71.55134803235076,2185800,2024-05-09
73.1061782836914,73.1061782836914,73.1925619811676,71.93524971744382,72.165601362371,1793400,2024-05-10
72.52071380615234,72.52071380615234,73.7396341257872,72.49192168124213,73.22135390986143,2495400,2024-05-13
72.83744812011719,72.83744812011719,73.09659191173337,72.47273563554451,72.82784830347947,2299300,2024-05-14
72.91421508789062,72.91421508789062,73.02938357075912,72.42472706816083,72.68387079964074,1974600,2024-05-15
73.1733627319336,73.1733627319336,73.81641859090703,73.02939478373017,73.21175467295544,3626900,2024-05-16
72.85663604736328,72.85663604736328,73.30772484165423,72.5591003595165,73.18295653546909,3781600,2024-05-17
72.04083251953125,72.04083251953125,72.90463296320368,71.98324826412464,72.79905694661512,2206000,2024-05-20
72.29037475585938,72.29037475585938,72.53991872746823,71.9448545867131,72.32876669937724,2621700,2024-05-21
69.80455780029297,69.80455780029297,73.18296832946479,69.35346161079099,72.2903757671032,5922400,2024-05-22
69.93891143798828,69.93891143798828,70.77391224983212,69.43022377664778,69.58379152101769,3513300,2024-05-23
70.01570129394531,70.01570129394531,70.26524526471499,69.22868476076201,70.15966925102454,2249300,2024-05-24
69.55500793457031,69.55500793457031,70.62036049369688,69.23827991482696,70.20765628320177,4072200,2024-05-28
68.59523010253906,68.59523010253906,69.95811102432883,68.56643797810199,69.27667056343395,4139300,2024-05-29
68.76799774169922,68.76799774169922,69.03673402937972,68.64322209205139,68.82558199691228,2767600,2024-05-30
69.89093780517578,69.89093780517578,69.91972993408069,68.3840887048605,68.68161713356457,6278700,2024-05-31
70.24604034423828,70.24604034423828,70.5723608206924,69.42063201583728,69.57419243931183,2807000,2024-06-03
69.7757568359375,69.7757568359375,70.47639698533229,69.61259656913133,70.1116845084983,2917800,2024-06-04
69.33426666259766,69.33426666259766,70.15967520926674,69.08472999315079,69.79496269987241,3224400,2024-06-05
69.73735809326172,69.73735809326172,69.94850275445185,69.03671808574808,69.3054543113655,2750300,2024-06-06
69.73735809326172,69.73735809326172,70.0540787463034,69.48781417411143,69.64137459338725,2223000,2024-06-07
69.3438491821289,69.3438491821289,69.69896910816293,69.00792888588768,69.4974169304182,2313900,2024-06-10
68.83517456054688,68.83517456054688,69.34385495470232,68.76799049570585,69.07511869533823,2574600,2024-06-11
68.2688980102539,68.2688980102539,69.4398264810063,68.22091358002628,69.08471387177094,2582000,2024-06-12
68.18252563476562,68.18252563476562,68.50884614046943,67.3187252924411,68.2209175747038,2449600,2024-06-13
67.84660339355469,67.84660339355469,68.07694770415178,67.39550726518827,67.89458782523421,2201500,2024-06-14
70.00609588623047,70.00609588623047,70.32281654636314,67.8657912028365,67.87539101754147,3777200,2024-06-17
69.75656127929688,69.75656127929688,70.629954148772,69.62219314553147,70.27484150489805,4875600,2024-06-18
69.82373046875,69.82373046875,70.57235486093666,69.67016273573093,69.75654641618229,5447700,2024-06-20
70.39962005615234,70.39962005615234,70.72594794452857,69.65099539563327,70.08289198515884,8655300,2024-06-21
71.58013153076172,71.58013153076172,71.68570752920786,70.23644299623085,70.23644299623085,4613900,2024-06-24
71.46495819091797,71.46495819091797,71.90645450765045,71.21541424754268,71.46495819091797,4569200,2024-06-25
69.37265014648438,69.37265014648438,71.3689871936169,69.23828201086144,71.21541942575399,3583200,2024-06-26
69.55500793457031,69.55500793457031,69.75656013190319,69.10391178327173,69.30546398060459,2393200,2024-06-27
68.51844787597656,68.51844787597656,69.74696069836612,68.20171985449718,69.54540849992853,15189200,2024-06-28
67.06917572021484,67.06917572021484,68.97913612878777,66.93480760295516,68.83516819672005,2456100,2024-07-01
67.75061798095703,67.75061798095703,67.80820954887282,66.67567301337418,67.10756949891895,2540000,2024-07-02
67.23235321044922,67.23235321044922,68.01936972312728,67.23235321044922,67.52028179459137,1781900,2024-07-03
67.43537902832031,67.43537902832031,67.54172932011106,66.80694749761594,67.24201888481896,2308700,2024-07-05
67.3483657836914,67.3483657836914,68.03480384762105,66.95196792040196,67.67707948632689,1673300,2024-07-08
66.86495971679688,66.86495971679688,67.47405079170906,66.83594905742504,67.30002371656037,2050400,2024-07-09
67.32903289794922,67.32903289794922,67.44505341695093,66.73927483473715,67.10666945680067,2314700,2024-07-10
69.31100463867188,69.31100463867188,69.59138201510959,67.42571001287692,67.44505045330258,3187500,2024-07-11
69.77507781982422,69.77507781982422,69.99744864615144,69.33034354338719,69.61072094344438,1854700,2024-07-12
69.4173583984375,69.4173583984375,69.95877273792061,69.1756545145658,69.33034116461077,1930400,2024-07-15
70.60652923583984,70.60652923583984,70.64520273794652,69.01128231096688,69.49469002297589,2685300,2024-07-16
72.55950927734375,72.55950927734375,72.73353636971201,70.2971570765563,70.37450409010158,3012800,2024-07-17
71.89239501953125,71.89239501953125,73.16859107530095,71.84405129818042,71.92139830185525,1993900,2024-07-18
71.17696380615234,71.17696380615234,72.28879579329751,71.06094328412779,72.28879579329751,2038500,2024-07-19
71.17696380615234,71.17696380615234,71.44767098132569,70.58720572757444,71.06094328412779,2320600,2024-07-22
70.7515640258789,70.7515640258789,71.33165189524458,70.64521372260316,71.24464203413757,2028300,2024-07-23
68.8372573852539,68.8372573852539,70.38416801287299,68.08314251120869,70.38416801287299,4224200,2024-07-24
69.72673034667969,69.72673034667969,70.22947111666653,68.83725455944722,68.83725455944722,3329000,2024-07-25
70.4324951171875,70.4324951171875,71.08025961617413,69.80406367921165,70.09411122788222,3196600,2024-07-26
70.82891082763672,70.82891082763672,71.0802775653296,69.12731335659504,69.55271456840981,3777900,2024-07-29
73.90336608886719,73.90336608886719,74.50278687190472,70.32614494681955,72.26944582291661,6630900,2024-07-30
74.10640716552734,74.10640716552734,74.38678453665094,73.17826520054062,74.10640716552734,6846700,2024-07-31
73.29428100585938,73.29428100585938,74.91853134780553,73.09125063514321,74.43512359575271,2609000,2024-08-01
74.16441345214844,74.16441345214844,74.22242001967253,72.72386047430608,73.53598192450984,3313100,2024-08-02
72.14376831054688,72.14376831054688,74.68649017498224,71.62168710573116,73.72934498759483,4128400,2024-08-05
72.6948471069336,72.6948471069336,73.73900205861405,72.06641566646566,72.3467929976349,2727000,2024-08-06
72.75286102294922,72.75286102294922,73.9227068067437,72.70451730101887,73.23626873738742,3170300,2024-08-07
73.04290771484375,73.04290771484375,73.94204634782558,72.81086670385625,72.81086670385625,2672700,2024-08-08
73.12025451660156,73.12025451660156,73.34262532989545,72.32746609181588,72.85921757389889,2258800,2024-08-09
72.74320220947266,72.74320220947266,73.32329008251315,72.42415867384176,73.10092662968609,1657100,2024-08-12
72.86888885498047,72.86888885498047,72.98490199732937,71.9794129650754,72.8495484137776,2023700,2024-08-13
73.4876480102539,73.4876480102539,73.92271203352338,72.90756018715564,73.09125011580302,3134300,2024-08-14
73.24594116210938,73.24594116210938,74.16441289670631,72.60783941925685,73.96138253567592,2768200,2024-08-15
74.029052734375,74.029052734375,74.05805601533865,72.926883800461,73.34261470544372,2197200,2024-08-16
74.35778045654297,74.35778045654297,74.47379359078862,73.80668856400987,73.95171235803349,2028200,2024-08-19
74.00005340576172,74.00005340576172,74.63814774969033,73.9420468407363,74.28043076374513,1409500,2024-08-20
74.57048034667969,74.57048034667969,74.71550415370477,74.07740972949853,74.44479698124047,1774500,2024-08-21
75.00553894042969,75.00553894042969,75.11188922231241,74.1934101857085,74.6188113132394,1808800,2024-08-22
74.5994873046875,74.5994873046875,75.24725191752077,74.35778343038702,75.20857841248667,2004900,2024-08-23
74.43511962890625,74.43511962890625,75.16990143820878,74.27076277225936,74.95720085844623,2246500,2024-08-26
73.67134094238281,73.67134094238281,74.46412938738862,73.63267481198784,74.45446654289847,2861800,2024-08-27
74.12574768066406,74.12574768066406,74.48347209555,73.50698630847357,73.67134318441411,2519200,2024-08-28
74.95719909667969,74.95719909667969,75.27624995882468,73.76802024863576,74.09673395420357,2882700,2024-08-29
75.38259887695312,75.38259887695312,75.56629616567865,74.93786467244269,75.3342551558518,2346500,2024-08-30
75.67264556884766,75.67264556884766,76.36875390563307,75.24725176675857,75.33426162074831,2379100,2024-09-03
76.12704467773438,76.12704467773438,76.36874853455134,75.3439265420366,75.52762383360673,2330300,2024-09-04
76.35909271240234,76.35909271240234,76.65880316202465,75.21825010827664,76.49444629456835,4558200,2024-09-05
75.97235870361328,75.97235870361328,77.00685092470937,75.80800184984484,76.37841941629405,2155000,2024-09-06
75.8080062866211,75.8080062866211,76.49444440096093,75.76933278178574,75.92401942491036,2783100,2024-09-09
75.89501190185547,75.89501190185547,76.330075898577,75.44060746568795,75.87567883862589,2783300,2024-09-10
73.6810073852539,73.6810073852539,75.69198536867324,73.6713371650424,75.43094105648012,4125100,2024-09-11
74.41577911376953,74.41577911376953,74.43511217534997,73.27493669891294,73.69066759694243,3308100,2024-09-12
73.980712890625,73.980712890625,74.65748811216388,73.37162182983468,74.25142740497033,3384500,2024-09-13
74.56082153320312,74.56082153320312,75.37294309450303,74.35779114287816,74.43513078475127,4535600,2024-09-16
75.19889831542969,75.19889831542969,75.69197621958178,74.12573266438946,74.16440616434413,3056300,2024-09-17
72.06642150878906,72.06642150878906,75.99168971094336,71.86339115794138,75.20857158964284,6904000,2024-09-18
71.67970275878906,71.67970275878906,72.7141950801864,71.24463872105095,72.49183163910855,5793400,2024-09-19
72.6948471069336,72.6948471069336,72.98488728053877,71.3799776665198,71.84404489477431,10651600,2024-09-20
73.65199279785156,73.65199279785156,73.83569007259516,72.1244227924006,72.55949412054875,4741200,2024-09-23
73.87438201904297,73.87438201904297,74.03873889737447,72.96557301332224,73.74869127284563,4512900,2024-09-24
74.21275329589844,74.21275329589844,74.52213393354623,73.66166880458155,74.32876642488121,3701100,2024-09-25
75.37293243408203,75.37293243408203,75.53728929211572,74.1837535480541,74.25143033525718,2950400,2024-09-26
75.08289337158203,75.08289337158203,75.91434789443328,74.22242081222562,75.56630110935565,4084000,2024-09-27
75.46961212158203,75.46961212158203,75.7886629922974,74.51246688565247,75.38260227114141,3355400,2024-09-30
75.16023254394531,75.16023254394531,75.99169443792721,74.70582809302304,75.41160663139061,4126300,2024-10-01
74.81217956542969,74.81217956542969,75.38260453714811,74.53180218966529,74.6961664280215,2664200,2024-10-02
73.61333465576172,73.61333465576172,75.05388774561305,73.5456578629826,74.64782698893826,3056700,2024-10-03
73.39920043945312,73.39920043945312,74.29466691242821,73.23372783552477,73.94426569674975,2791800,2024-10-04
72.73733520507812,72.73733520507812,73.4284022341524,72.5134648649195,73.29213591438888,2508500,2024-10-07
73.31159973144531,73.31159973144531,73.39920375229748,72.05599655625255,72.77626245389733,1628300,2024-10-08
72.62052917480469,72.62052917480469,73.50626021490812,72.43559313772452,73.34079503749807,2976600,2024-10-09
71.8321304321289,71.8321304321289,72.63026488466558,71.41359605909399,72.55239629759926,2946400,2024-10-10
72.43559265136719,72.43559265136719,72.8833258833302,71.65692906680604,71.84185767668737,4012000,2024-10-11
73.21427154541016,73.21427154541016,73.7301379893939,72.15333236498876,72.54266791217053,2743500,2024-10-14
73.5451889038086,73.5451889038086,74.4990604541108,73.4478568907467,73.61332205554757,3757000,2024-10-15
73.74959564208984,73.74959564208984,74.12920315464511,73.02932976315493,73.05852862736134,4676400,2024-10-16
73.3699951171875,73.3699951171875,73.85666265360653,73.09746248494602,73.85666265360653,1889000,2024-10-17
73.5257339477539,73.5257339477539,73.78853115591235,73.16559728935553,73.71066999206084,3048200,2024-10-18
72.7178726196289,72.7178726196289,73.96374049978975,72.64973945199381,73.37974085920915,2437700,2024-10-21
72.77626037597656,72.77626037597656,72.96119641675054,72.31879912799232,72.72759807774368,1917500,2024-10-22
72.6399917602539,72.6399917602539,72.81519236545309,72.17279509702747,72.51346087770447,2148100,2024-10-23
72.39665222167969,72.39665222167969,72.63998596359627,70.73225031808498,72.51345509114398,3539900,2024-10-24
71.94891357421875,71.94891357421875,72.79571760524836,71.81264728315044,72.54264845356894,2512500,2024-10-25
73.09745025634766,73.09745025634766,73.37971827136447,72.29931592718002,72.45505307724007,3446500,2024-10-28
72.1922607421875,72.1922607421875,73.49653360439609,70.55705751888495,71.82239608697236,5900200,2024-10-29
72.27013397216797,72.27013397216797,72.89306786620162,71.24812910722895,71.89053386255239,4986600,2024-10-30
72.95146179199219,72.95146179199219,73.34079731193951,72.18253360819192,72.43559538409389,3574000,2024-10-31
73.02932739257812,73.02932739257812,73.43812633011261,72.74705933781658,73.09746054883388,2640700,2024-11-01
73.36026000976562,73.36026000976562,73.61332175751062,72.89305595262094,72.89305595262094,3185300,2024-11-04
74.31412506103516,74.31412506103516,74.31412506103516,73.16558947487381,73.17532490404949,2016100,2024-11-05
74.95653533935547,74.95653533935547,76.21213846271957,74.07079686687524,74.78133473084054,6023800,2024-11-06
74.82025909423828,74.82025909423828,75.46265628956152,74.34331962960732,75.1609248361488,2623900,2024-11-07
75.32640075683594,75.32640075683594,76.0272031980277,74.7229303378192,74.7229303378192,2237200,2024-11-08
75.86173248291016,75.86173248291016,76.51386515245657,75.27772554055427,75.43346270543765,2175000,2024-11-11
75.22907257080078,75.22907257080078,76.25106999468885,75.19013827475395,75.70600470194854,2363300,2024-11-12
74.61587524414062,74.61587524414062,75.33614116699825,73.73013670409377,75.23880913838903,2571600,2024-11-13
72.9612045288086,72.9612045288086,75.04414122927085,72.83467362818621,74.76187313469032,2841600,2024-11-14
72.95146179199219,72.95146179199219,73.5841310836619,72.7081280202698,72.97093265226611,2636600,2024-11-15
73.73986053466797,73.73986053466797,73.85665598024275,72.35771921239464,73.06825701878654,2877300,2024-11-18
72.41613006591797,72.41613006591797,73.4478628548747,72.32852604887903,73.21426451936618,2850900,2024-11-19
71.66665649414062,71.66665649414062,72.28959032716158,71.36492500732152,72.19225830811901,2724600,2024-11-20
73.07799530029297,73.07799530029297,73.34079248905037,71.69586135002862,72.16305800247665,3309700,2024-11-21
73.76905822753906,73.76905822753906,74.12919483958873,73.20452216301467,73.5938576359955,2472100,2024-11-22
74.82999420166016,74.82999420166016,75.37506686642537,73.99292548437205,74.34332668816506,2985800,2024-11-25
74.35305786132812,74.35305786132812,75.03438937083534,74.13892297949543,74.8981230689339,2710200,2024-11-26
74.60613250732422,74.60613250732422,75.29719949651876,74.54772735511206,74.75213424891902,1672600,2024-11-27
75.05387115478516,75.05387115478516,75.07333458962312,74.19733892872094,74.30439895926608,1533400,2024-11-29
74.23625946044922,74.23625946044922,74.6061315244107,73.5549279099259,74.5963960948441,2240900,2024-12-02
77.37039947509766,77.37039947509766,77.45800348931753,74.30439264462696,74.5185275394345,4943100,2024-12-03
78.22693634033203,78.22693634033203,78.29506949304727,76.92266358355317,77.04920188570769,3777400,2024-12-04
79.589599609375,79.589599609375,79.59933503863392,77.72079819332347,78.08093481633666,5859500,2024-12-05
78.57733917236328,78.57733917236328,80.03734169753872,78.34373342164628,79.7940079433428,4833300,2024-12-06
78.90827178955078,78.90827178955078,79.5409410538995,78.12960078328204,78.38266997421294,4357700,2024-12-09
78.66493225097656,78.66493225097656,79.13213630561653,77.96412988199488,78.79146312417072,3695500,2024-12-10
78.20747375488281,78.20747375488281,79.0834768295711,78.0906782955627,78.91801164489594,2101100,2024-12-11
77.6332015991211,77.6332015991211,78.53840344522486,75.27772525782572,78.36320284836746,1817300,2024-12-12
77.82786560058594,77.82786560058594,78.08093477950166,77.12706321340804,77.89599875345286,2509100,2024-12-13
77.13680267333984,77.13680267333984,78.39240577831727,77.13680267333984,77.80840623380517,1976400,2024-12-16
75.94932556152344,75.94932556152344,77.17572968749882,75.8033238326765,76.71826106922471,3239300,2024-12-17
75.02466583251953,75.02466583251953,76.56253696087605,74.87866409294901,75.85199912214321,3057900,2024-12-18
74.50879669189453,74.50879669189453,75.49185968823286,74.3725303869376,74.7813293018084,2551100,2024-12-19
74.91759490966797,74.91759490966797,75.20959094930583,73.80799362193954,74.26546225259113,7354000,2024-12-20
74.83972930908203,74.83972930908203,74.99546647718948,73.79826113172338,74.53799782831997,2545500,2024-12-23
75.46266174316406,75.46266174316406,75.49186060515854,74.51852560024021,74.78133021010395,903300,2024-12-24
75.24853515625,75.24853515625,75.36533804307173,74.79106646531187,75.01493680856413,1199700,2024-12-26
74.89813232421875,74.89813232421875,75.50160275432305,74.53800309295882,74.73266714088541,1279300,2024-12-27
74.32386016845703,74.32386016845703,74.64506249625427,73.6619920805521,74.64506249625427,1604600,2024-12-30
74.42119598388672,74.42119598388672,74.88840006872869,74.17786222481334,74.40173255058193,1133800,2024-12-31
73.69119262695312,73.69119262695312,75.02466426238651,73.62305947337371,74.82026480164828,1643800,2025-01-02
73.91658020019531,73.91658020019531,74.08316754260409,72.99543787529177,73.77938974452701,1727200,2025-01-03
73.24041748046875,73.24041748046875,74.2007580885178,73.13262391804533,74.15175829602764,1690700,2025-01-06
73.05423736572266,73.05423736572266,74.14196700683912,72.87784857320867,73.49520560884817,1885300,2025-01-07
73.34821319580078,73.34821319580078,73.37761008163027,72.17229290470806,72.81904682191339,1976400,2025-01-08
72.11349487304688,72.11349487304688,73.30901812555975,71.98610586999783,72.97584343620723,2460200,2025-01-10
72.23109436035156,72.23109436035156,72.65246721347746,71.92731653937231,72.28988813826504,2537000,2025-01-13
72.45647430419922,72.45647430419922,72.80925188212944,71.76072060225873,72.6818554101265,2306200,2025-01-14
72.51526641845703,72.51526641845703,73.55399622067785,72.46626662629549,73.15222633496396,2853900,2025-01-15
71.75092315673828,71.75092315673828,72.98564474847237,71.16296298611417,72.54466901326488,3015300,2025-01-16
71.60393524169922,71.60393524169922,72.61326829493346,71.48634021048295,72.0645064352301,3555600,2025-01-17
72.0155029296875,72.0155029296875,72.4858755540219,71.34914607306665,71.65293135232565,3298700,2025-01-21
71.94690704345703,71.94690704345703,72.4368750960161,71.58433546940758,71.75092281296106,3525500,2025-01-22
72.2212905883789,72.2212905883789,72.5642742187237,71.67252874193834,71.67252874193834,3461600,2025-01-23
73.26982116699219,73.26982116699219,73.39721764876522,71.76072610561394,71.7705200839662,3675300,2025-01-24
75.3178939819336,75.3178939819336,75.48448133509608,73.66179947633582,73.97537874900857,4931000,2025-01-27
70.82978820800781,70.82978820800781,73.05424759601398,70.08503459350918,72.31929543700507,9594900,2025-01-28
70.47701263427734,70.47701263427734,71.82932943123934,70.40841739648363,71.32955985513077,7762100,2025-01-29
71.86851501464844,71.86851501464844,72.0155069351986,70.2320234074451,70.75138838057865,5146200,2025-01-30
71.4569320678711,71.4569320678711,72.12328885384494,70.94736863215859,71.48632895196549,4673400,2025-01-31
70.85917663574219,70.85917663574219,71.9077079583204,70.47700215680464,70.86897809006136,3914800,2025-02-03
69.9674301147461,69.9674301147461,70.70238209604318,69.1834783441686,70.6729852130022,5480000,2025-02-04
69.9674301147461,69.9674301147461,70.16341431923138,69.14428000800791,70.03602533394776,4047600,2025-02-05
69.83025360107422,69.83025360107422,70.65339639563572,69.50687287050233,70.52600738494968,2303200,2025-02-06
69.69306182861328,69.69306182861328,70.18302990466178,69.46767322405039,69.82045083691087,3078300,2025-02-07
68.79151153564453,68.79151153564453,69.88904266400424,68.53673353146036,69.76165366191213,3778900,2025-02-10
69.12469482421875,69.12469482421875,69.35007594515254,68.58572696751747,68.60532987666258,2205800,2025-02-11
68.80131530761719,68.80131530761719,69.26188648839238,68.52693438536458,68.58572816118459,2549900,2025-02-12
70.42800903320312,70.42800903320312,70.45740591950567,68.51712918402825,69.13449370165785,3086100,2025-02-13
69.6734619140625,69.6734619140625,70.81998546698782,69.55587435560031,70.31042193557207,2542000,2025-02-14
68.59552764892578,68.59552764892578,69.94783678824398,68.37994050867523,69.59505919080111,5046300,2025-02-18
69.27168273925781,69.27168273925781,69.61465886630828,68.64452425656017,69.00709581530543,6876000,2025-02-19
69.79104614257812,69.79104614257812,69.82044302764193,69.0266972256444,69.10508642704166,6024500,2025-02-20
71.75092315673828,71.75092315673828,71.90770904662243,69.57546379674176,69.68325736692675,5381500,2025-02-21
72.17229461669922,72.17229461669922,72.6524612080482,71.39814420744406,71.67252511678633,2833400,2025-02-24
72.94644927978516,72.94644927978516,73.07383828760295,72.03510836271454,72.3192907429107,4436600,2025-02-25
72.74066162109375,72.74066162109375,73.24042366033262,72.19189230891094,73.24042366033262,2823900,2025-02-26
73.2208251953125,73.2208251953125,73.60299966893676,72.45647624806396,72.60346067921255,2390700,2025-02-27
74.02437591552734,74.02437591552734,74.53393941188213,73.29922527506577,73.72059810864195,6466000,2025-02-28
74.1713638305664,74.1713638305664,75.01410945227879,73.85778458595149,74.1811578083564,3373800,2025-03-03
73.41680908203125,73.41680908203125,75.8176569560641,73.32861842374935,74.33795138667658,5317700,2025-03-04
72.94644927978516,72.94644927978516,74.11256821249137,72.64266398988195,73.16203642864565,3359400,2025-03-05
73.5833969116211,73.5833969116211,73.98517429443592,72.39767514790167,72.39767514790167,3498500,2025-03-06
75.01410675048828,75.01410675048828,75.39628120746293,72.85824297962964,73.25021889036017,5424500,2025-03-07
75.58247375488281,75.58247375488281,77.23856826702952,74.85732308576942,75.33748971350346,3913300,2025-03-10
73.02484130859375,73.02484130859375,75.42568945065946,72.81905560664293,75.3374913062121,3736900,2025-03-11
72.16249084472656,72.16249084472656,72.8190462104684,71.56472925015002,72.29968129499146,2691700,2025-03-12
71.20215606689453,71.20215606689453,72.34867943634858,70.98656894245319,72.34867943634858,2656900,2025-03-13
71.79991912841797,71.79991912841797,71.9077127040857,70.59460183878,71.00617323151884,2075800,2025-03-14
73.23062896728516,73.23062896728516,73.5246053152058,71.62352686477821,71.87831234736481,2206500,2025-03-17
72.86804962158203,72.86804962158203,73.58339879400329,72.75045459709452,72.98564464606955,1950600,2025-03-18
70.93757629394531,70.93757629394531,72.8484487688064,69.81064824217006,72.28988547028398,5902600,2025-03-19
69.76165771484375,69.76165771484375,70.87878434061177,69.46767387592813,70.80038765339165,5122400,2025-03-20
69.68325805664062,69.68325805664062,69.86944831177017,68.84051239575432,69.5362661434499,4898000,2025-03-21
69.99683380126953,69.99683380126953,70.39860370241065,69.73225435186625,69.8498418954593,2659100,2025-03-24
68.97770690917969,68.97770690917969,69.83025407474682,68.59553239820953,69.50687334198139,3403200,2025-03-25
71.29035186767578,71.29035186767578,71.3393516636108,69.3794794473173,69.62446347435399,3190800,2025-03-26
72.5544662475586,72.5544662475586,72.64265690367891,71.29034784226938,71.69212521255642,2689200,2025-03-27
72.6132583618164,72.6132583618164,72.8582423694314,72.13309180026025,72.80925005369954,2140500,2025-03-28
73.53440856933594,73.53440856933594,73.7989880365716,72.81905190021529,72.83865480968129,3351700,2025-03-31
73.90678405761719,73.90678405761719,74.05377597820318,73.11303815330032,73.70099835932466,2482400,2025-04-01
73.78919982910156,73.78919982910156,74.35755715063586,73.3090257017833,73.99498553667226,3069600,2025-04-02
73.89698791503906,73.89698791503906,74.71032922933541,73.43641673297182,73.95578169102401,5029600,2025-04-03
70.48332214355469,70.48332214355469,73.73912606961777,70.30573229106206,73.66020310079713,5117200,2025-04-04
68.52983093261719,68.52983093261719,70.167604785357,67.73068039305619,69.43750901794894,4539300,2025-04-07
67.0893783569336,67.0893783569336,70.1577314104361,66.477678373878,70.1577314104361,4452500,2025-04-08
70.11827087402344,70.11827087402344,70.3846518763437,66.22117002756625,66.72433497941851,5273300,2025-04-09
68.74688720703125,68.74688720703125,69.92095384390196,67.33603661496204,69.61510006090991,4374900,2025-04-10
69.4868392944336,69.4868392944336,70.08867110186425,68.32264092416742,68.9935350278331,2453200,2025-04-11
70.87796020507812,70.87796020507812,71.02595300468714,69.42765184514386,69.80256041389043,2469600,2025-04-14
70.3254623413086,70.3254623413086,71.33180736486884,70.25640003790556,70.5622463062295,2322700,2025-04-15
69.74336242675781,69.74336242675781,70.94702609004757,69.44737684399847,70.7299709996542,2478900,2025-04-16
70.779296875,70.779296875,71.53898969098006,69.93081290057413,69.93081290057413,2762500,2025-04-17
70.48332214355469,70.48332214355469,70.84836251512603,69.84202503581871,70.76943954630539,2198400,2025-04-21
72.30854034423828,72.30854034423828,72.535456091762,70.93715508445769,71.00621738073347,3340300,2025-04-22
71.91390228271484,71.91390228271484,73.31488472774515,71.31207041754064,72.51573414788905,4577700,2025-04-23
71.56858825683594,71.56858825683594,72.15068371377846,71.0950128201016,71.47978956928678,2649200,2025-04-24
69.98014831542969,69.98014831542969,71.46992940940092,69.49671220894015,70.98648577568513,3720500,2025-04-25
69.47697448730469,69.47697448730469,70.53264536818678,69.07246888313688,69.88148761869861,5022700,2025-04-28
69.29938507080078,69.29938507080078,70.2465284114301,67.0893839426657,67.44456363630498,5940200,2025-04-29
70.44384765625,70.44384765625,70.59184043512114,68.67781755676529,69.67429423879055,4730600,2025-04-30
69.2105941772461,69.2105941772461,70.08867522122485,69.1217954898816,69.89134898665164,2919900,2025-05-01
69.80255889892578,69.80255889892578,70.45372419218226,69.31912278943997,69.92095464148868,2512100,2025-05-02
69.68415832519531,69.68415832519531,69.99987275624842,69.15138881143837,69.79268586654723,2542900,2025-05-05
69.07247161865234,69.07247161865234,69.60524117691102,68.8060830759098,69.29938738608712,2801900,2025-05-06
69.5657730102539,69.5657730102539,70.02948024672236,68.99353822792152,68.99353822792152,2462500,2025-05-07
70.64117431640625,70.64117431640625,71.6277829172701,69.6151004682407,69.69403096284411,3097800,2025-05-08
69.80255889892578,69.80255889892578,70.78916750527102,69.753225457718,70.62144584872665,2401000,2025-05-09
70.96675872802734,70.96675872802734,71.01609217018925,69.70390089183748,70.1972052045508,3377700,2025-05-12
69.85189056396484,69.85189056396484,71.0555467102298,69.83215417709306,70.98648441063078,3162700,2025-05-13
70.17745971679688,70.17745971679688,70.56223642864067,69.40790629310928,69.83214824811981,3425600,2025-05-14
71.38113403320312,71.38113403320312,71.38113403320312,69.93081811921573,69.93081811921573,2603700,2025-05-15
71.46993255615234,71.46993255615234,71.79550768787117,71.11475284225308,71.48966141704604,3218800,2025-05-16
72.02243041992188,72.02243041992188,72.02243041992188,71.01609292329442,71.21341163958168,2024100,2025-05-19
72.7327880859375,72.7327880859375,73.0485025407099,71.78564472162032,72.07176212238691,2625500,2025-05-20
71.26274108886719,71.26274108886719,72.6439870799292,71.20353945551732,72.23948147603993,2543500,2025-05-21
71.0160903930664,71.0160903930664,71.40086714517594,70.42411921084287,71.19368024228821,2772200,2025-05-22
70.5129165649414,70.5129165649414,70.77929757012097,70.04920932701205,70.04920932701205,2628400,2025-05-23
71.31207275390625,71.31207275390625,71.56859311317815,70.7595743129145,71.03582353341037,2943300,2025-05-27
70.55238342285156,70.55238342285156,72.0816222436519,70.48332112161833,71.2528746288532,2003600,2025-05-28
71.1048812866211,71.1048812866211,71.22327702806574,70.35505664525749,70.53264649381134,2588900,2025-05-29
72.02243041992188,72.02243041992188,72.80185214554164,70.71023912765469,71.03582178403254,5362900,2025-05-30
72.08161926269531,72.08161926269531,72.22961205271088,71.39099627892399,71.65737727917121,2811800,2025-06-02
72.64398956298828,72.64398956298828,72.70319119836175,71.72644325057647,71.79550555249021,2655100,2025-06-03
71.92376708984375,71.92376708984375,72.73278582550651,71.90403070296902,72.6242582793739,2198700,2025-06-04
72.78211212158203,72.78211212158203,72.9103760552649,71.37126154165344,71.63765007528238,3009300,2025-06-05
73.5023422241211,73.5023422241211,74.24229868946459,73.12743365814856,73.36421761943508,2722700,2025-06-06
74.22257232666016,74.22257232666016,74.69614026516899,73.43328239284321,73.55167814108376,3375000,2025-06-09
74.49881744384766,74.49881744384766,75.06118404438287,74.23242890677894,74.30149120764375,2461200,2025-06-10
73.73912048339844,73.73912048339844,74.58760443355989,73.47273948845279,74.27189000051557,2136600,2025-06-11
74.38042449951172,74.38042449951172,74.45935499696179,73.20635781342808,73.5122116092405,2420500,2025-06-12
73.29515075683594,73.29515075683594,74.47907801683372,73.02876223063957,74.0745724217711,2255200,2025-06-13
73.74899291992188,73.74899291992188,74.39029001597514,73.14716107117317,73.77858997359374,2924100,2025-06-16
73.25569152832031,73.25569152832031,73.79832929127257,73.11756692088275,73.51221188237288,2351100,2025-06-17
72.97943878173828,72.97943878173828,73.77858933284311,72.92024467490864,73.33461847716848,2826200,2025-06-18
73.679931640625,73.679931640625,74.07457659191675,73.00903748159695,73.15703027923465,4904800,2025-06-20
74.89346313476562,74.89346313476562,74.98225429652182,73.67993123351339,73.87724994445581,2632200,2025-06-23
74.85399627685547,74.85399627685547,75.35716123710235,74.50867724929532,75.15984253040469,2309100,2025-06-24
74.04498291015625,74.04498291015625,74.96252926462729,73.93645535542755,74.597481350792,2601000,2025-06-25
73.53193664550781,73.53193664550781,74.34095538422675,73.27541630575026,74.05483799127143,2265400,2025-06-26
74.00550842285156,74.00550842285156,74.23242417097671,73.50233596166527,73.61086350284714,3546200,2025-06-27
74.7257308959961,74.7257308959961,74.92305712609885,74.02523971538983,74.21269775218096,4262500,2025-06-30
76.32404327392578,76.32404327392578,76.65948659090357,74.29163193000379,74.95265789738454,3167100,2025-07-01
76.63975524902344,76.63975524902344,76.73841460216205,75.76167420980526,76.31417260916245,2768800,2025-07-02
76.67949676513672,76.67949676513672,76.78878403401808,75.79526892049205,76.40131374613644,1878000,2025-07-03
76.21253967285156,76.21253967285156,76.82852174148809,75.73565668674193,76.52052691721063,2760200,2025-07-07
76.03370666503906,76.03370666503906,76.65962600675303,75.91448970845995,76.46091844592384,2118700,2025-07-08
75.83500671386719,75.83500671386719,76.05358124090581,75.41773220583984,75.95422367049305,1672700,2025-07-09
76.95767974853516,76.95767974853516,77.65314487563292,75.58663162127425,75.69591889010506,2435200,2025-07-10
76.3416976928711,76.3416976928711,77.2159958440124,75.85487740957028,76.8682670702261,3049100,2025-07-11
77.19612121582031,77.19612121582031,77.24580000341703,76.13306034855204,76.2721518579203,2550900,2025-07-14
75.87474822998047,75.87474822998047,77.6928750378848,75.82506944477151,77.07690054883682,2713200,2025-07-15
76.79872131347656,76.79872131347656,76.99742130422965,75.8052061998736,76.29202648316179,2844700,2025-07-16
77.4047622680664,77.4047622680664,77.55378346371911,76.07344814086123,76.82852171181463,3322900,2025-07-17
77.90151977539062,77.90151977539062,78.29891973689669,77.46437072183187,77.53391647308727,2333200,2025-07-18
78.20951080322266,78.20951080322266,78.69633108556229,77.86178203012291,77.99093626586888,2305900,2025-07-21
79.6799087524414,79.6799087524414,79.70972057285908,78.38834365800199,78.38834365800199,2428000,2025-07-22
80.23628234863281,80.23628234863281,80.91187292614673,79.6799087330857,79.82893751546294,2633900,2025-07-23
79.34211730957031,79.34211730957031,80.48466120232156,79.34211730957031,80.48466120232156,2707700,2025-07-24
79.77926635742188,79.77926635742188,80.11705785642893,79.22289274152975,79.41166303798589,2951700,2025-07-25
79.82893371582031,79.82893371582031,80.40517427096148,79.35205073081399,79.51100919917664,4450700,2025-07-28
77.87171173095703,77.87171173095703,79.33218015803084,75.29851122986032,77.65314477350165,7259800,2025-07-29
79.59049224853516,79.59049224853516,80.22634128202398,78.21944419130958,78.26911539647435,4225300,2025-07-30
79.08380126953125,79.08380126953125,79.74945457429918,78.28899372918586,78.94470976047283,3101200,2025-07-31
79.36198425292969,79.36198425292969,79.46134182785829,78.34860217595904,79.26263425791981,2101300,2025-08-01
78.95464324951172,78.95464324951172,79.90841680016129,78.72613144991517,79.33217624458601,2092900,2025-08-04
78.73606872558594,78.73606872558594,79.43152623756697,78.57710267717977,78.73606872558594,3928100,2025-08-05
80.9416732788086,80.9416732788086,80.95161055180142,78.7360686293386,78.88509740455761,5291100,2025-08-06
79.84880828857422,79.84880828857422,81.62720115974274,79.02418896765639,81.22979361882535,4288800,2025-08-07
80.12699127197266,80.12699127197266,80.49458699379099,79.24276347312335,79.93822098460537,3584600,2025-08-08
79.35205078125,79.35205078125,80.26608281969175,78.7658729527391,80.25614554668826,3374000,2025-08-11
80.2263412475586,80.2263412475586,80.37537002282566,79.39179223393243,79.52094646320742,2512900,2025-08-12
81.6570053100586,81.6570053100586,82.10408405565565,79.70971669959052,80.24620816233963,3916400,2025-08-13
80.67342376708984,80.67342376708984,81.55765160713922,80.28595348122187,81.3788261643559,2315400,2025-08-14
79.00431823730469,79.00431823730469,80.83238998184713,78.94470975625961,80.83238998184713,3937800,2025-08-15
78.70626831054688,78.70626831054688,79.40172585631771,78.09028621292215,79.02419284288766,2489100,2025-08-18
78.9745101928711,78.9745101928711,79.74945072880593,78.72613142725514,78.9546432267859,2232500,2025-08-19
80.4548568725586,80.4548568725586,80.49459080659533,79.1831511657397,79.3421172215616,2720000,2025-08-20
79.2030258178711,79.2030258178711,80.15679941431297,78.96458431374032,80.0276451787252,2048100,2025-08-21
79.76932525634766,79.76932525634766,79.91835403166641,78.69632716995466,79.29243469131131,2428600,2025-08-22
78.8155517578125,78.8155517578125,79.68984228438029,78.56717299209136,79.48120503076474,2370000,2025-08-25
79.11360168457031,79.11360168457031,79.19308470873713,78.68638990457166,78.68638990457166,3970500,2025-08-26
79.77926635742188,79.77926635742188,80.13693240338155,79.28250880246885,79.39179607095203,3134200,2025-08-27
79.07386016845703,79.07386016845703,79.94815827441067,78.59697718331721,79.77926253300359,1527000,2025-08-28
79.94815826416016,79.94815826416016,80.08724976646796,79.24276347962243,79.2526931727027,2139600,2025-08-29
80.02764129638672,80.02764129638672,80.67342002291598,79.80906676990428,79.81899646298557,1917900,2025-09-02
80.51446533203125,80.51446533203125,81.86564648648151,79.31231295989453,79.57062143065801,3985400,2025-09-03
81.97492980957031,81.97492980957031,82.02460101467176,80.47471994500845,81.00128171457773,3068600,2025-09-04
81.91531372070312,81.91531372070312,82.63064577717621,81.03108592309566,81.8954467546537,2675000,2025-09-05
81.02115631103516,81.02115631103516,81.666935037185,79.80906672301262,81.54771808093253,3043600,2025-09-08
80.32569122314453,80.32569122314453,80.94167329017438,79.67990491705037,80.67341997875882,1451500,2025-09-09
79.66997528076172,79.66997528076172,80.21640401713982,79.26263046681008,79.78919223710395,2135800,2025-09-10
80.51446533203125,80.51446533203125,80.81251531673958,79.45140446874217,79.7593917269164,2403100,2025-09-11
80.7628402709961,80.7628402709961,81.07082751453325,79.75938793635397,80.60387422277151,2415700,2025-09-12
79.35205078125,79.35205078125,80.70323187282405,79.34211350824653,80.61381157562953,2104000,2025-09-15
81.00128173828125,81.00128173828125,81.12050627441269,79.35205067801404,79.41165915612056,4449200,2025-09-16
81.92525482177734,81.92525482177734,82.31272510715237,80.93173971467853,81.26953879264987,3524900,2025-09-17
81.39868927001953,81.39868927001953,81.80602650356752,80.42504117484707,81.38875199703006,3594900,2025-09-18
81.85570526123047,81.85570526123047,82.70019154701255,81.43843075483251,81.65700528101763,7527000,2025-09-19
80.84232330322266,80.84232330322266,81.97492986722214,80.69329452797675,81.71661382879047,2391800,2025-09-22
81.68681335449219,81.68681335449219,81.74642183537043,80.68336097350242,80.9118727834002,2670200,2025-09-23
81.2894058227539,81.2894058227539,82.03454215365666,81.12051007359645,81.59739308061972,2330100,2025-09-24
80.59394836425781,80.59394836425781,81.67687619461823,79.87861627304933,81.6172677136571,3910600,2025-09-25
81.40863037109375,81.40863037109375,81.54772187981342,80.49459071104043,80.70323555403866,3008500,2025-09-26
81.30927276611328,81.30927276611328,81.69675063159532,79.81900010474095,81.41856003434076,2278700,2025-09-29
81.8060302734375,81.8060302734375,81.94512936194513,80.87213122718605,81.04102697619848,2863200,2025-09-30
82.28292083740234,82.28292083740234,82.45181658636845,81.38875572534833,81.4682387530684,2952200,2025-10-01
82.72999572753906,82.72999572753906,82.92870328752971,81.81596369133713,81.81596369133713,2700000,2025-10-02
82.1500015258789,82.1500015258789,83.12999725341797,82.12999725341797,82.72000122070312,2227400,2025-10-03
80.83000183105469,80.83000183105469,81.97000122070312,80.72000122070312,81.83999633789062,2204300,2025-10-06
79.94999694824219,79.94999694824219,81.08000183105469,79.25,80.91999816894531,3385100,2025-10-07
78.76000213623047,78.76000213623047,79.97000122070312,77.87000274658203,79.94000244140625,3169300,2025-10-08
78.04000091552734,78.04000091552734,79.2300033569336,77.9800033569336,79.01000213623047,2433500,2025-10-09
78.44999694824219,78.44999694824219,79.02999877929688,78.02999877929688,78.30000305175781,2020800,2025-10-10
78.2699966430664,78.2699966430664,78.62000274658203,77.47000122070312,77.95999908447266,1788400,2025-10-13
80.13999938964844,80.13999938964844,80.19000244140625,78.16999816894531,78.41000366210938,2025500,2025-10-14
80.08999633789062,80.08999633789062,81.79000091552734,79.87999725341797,80.13999938964844,3474900,2025-10-15
78.83000183105469,78.83000183105469,80.27999877929688,78.51000213623047,80.0199966430664,2954700,2025-10-16
79.91000366210938,79.91000366210938,79.97000122070312,78.61000061035156,79.30999755859375,2504000,2025-10-17
79.9000015258789,79.9000015258789,80.2300033569336,79.66999816894531,79.9000015258789,1921400,2025-10-20
79.16000366210938,79.16000366210938,80.38999938964844,79.08000183105469,80.12000274658203,2680900,2025-10-21
78.5999984741211,78.5999984741211,79.80000305175781,78.54000091552734,78.97000122070312,2716300,2025-10-22
78.20999908447266,78.20999908447266,78.66000366210938,77.68000030517578,78.43000030517578,3856400,2025-10-23
77.3499984741211,77.3499984741211,78.61000061035156,77.1500015258789,78.41000366210938,2228200,2025-10-24
78.0,78.0,78.04000091552734,76.80999755859375,77.01000213623047,4052500,2025-10-27
75.88999938964844,75.88999938964844,77.69999694824219,75.0,77.0,5540200,2025-10-28
74.29000091552734,74.29000091552734,75.68000030517578,74.11000061035156,75.31999969482422,4057100,2025-10-29
74.69999694824219,74.69999694824219,75.19999694824219,74.05000305175781,74.37999725341797,5229500,2025-10-30
74.27999877929688,74.27999877929688,74.77999877929688,73.81999969482422,74.19000244140625,3396400,2025-10-31
72.9000015258789,72.9000015258789,73.94999694824219,72.62000274658203,73.9000015258789,3679300,2025-11-03
73.0999984741211,73.0999984741211,73.61000061035156,72.76000213623047,72.80000305175781,2845800,2025-11-04
73.18000030517578,73.18000030517578,73.4000015258789,72.58000183105469,73.29000091552734,3480200,2025-11-05
72.91000366210938,72.91000366210938,73.69000244140625,72.87000274658203,73.18000030517578,2894800,2025-11-06
75.18000030517578,75.18000030517578,75.26000213623047,73.0,73.48999786376953,3697000,2025-11-07
74.58000183105469,74.58000183105469,75.2699966430664,74.13999938964844,75.16999816894531,2748800,2025-11-10
75.48999786376953,75.48999786376953,75.62000274658203,74.04000091552734,74.3499984741211,3251000,2025-11-11
75.41999816894531,75.41999816894531,76.16000366210938,75.37000274658203,75.69000244140625,3005500,2025-11-12
75.06999969482422,75.06999969482422,75.87000274658203,74.98999786376953,75.37000274658203,2743100,2025-11-13
74.70999908447266,74.70999908447266,75.75,74.26000213623047,75.30000305175781,2542900,2025-11-14
75.12999725341797,75.12999725341797,75.70999908447266,74.76000213623047,75.36000061035156,3167400,2025-11-17
75.9000015258789,75.9000015258789,76.12000274658203,75.19999694824219,75.5999984741211,2619500,2025-11-18
75.7300033569336,75.7300033569336,76.08999633789062,75.13999938964844,75.94000244140625,2362700,2025-11-19
75.4800033569336,75.4800033569336,76.26000213623047,75.12999725341797,75.87999725341797,2824400,2025-11-20
76.62999725341797,76.62999725341797,77.45999908447266,75.70999908447266,75.9800033569336,3416000,2025-11-21
74.69999694824219,74.69999694824219,76.52999877929688,74.19999694824219,76.19999694824219,4249300,2025-11-24
75.91000366210938,75.91000366210938,76.29000091552734,75.02999877929688,75.02999877929688,3981000,2025-11-25
75.9000015258789,75.9000015258789,76.4800033569336,75.69999694824219,75.8499984741211,3219600,2025-11-26
76.19999694824219,76.19999694824219,76.80000305175781,75.4800033569336,75.7300033569336,1825200,2025-11-28
75.91000366210938,75.91000366210938,76.30999755859375,75.30999755859375,75.91999816894531,3748700,2025-12-01
74.44000244140625,74.44000244140625,75.66000366210938,73.87000274658203,75.61000061035156,4761300,2025-12-02
73.36000061035156,73.36000061035156,75.26000213623047,73.30999755859375,74.63999938964844,3753800,2025-12-03
73.44000244140625,73.44000244140625,74.0999984741211,73.0,73.81999969482422,3072300,2025-12-04
73.0999984741211,73.0999984741211,73.94000244140625,73.06999969482422,73.25,3181500,2025-12-05
72.70999908447266,72.70999908447266,73.3499984741211,72.26000213623047,73.12999725341797,2661200,2025-12-08
72.58999633789062,72.58999633789062,73.43000030517578,72.55000305175781,72.6500015258789,3585200,2025-12-09
73.56999969482422,73.56999969482422,73.62000274658203,72.41999816894531,72.69999694824219,3390600,2025-12-10
74.2300033569336,74.2300033569336,74.54000091552734,73.5199966430664,73.87999725341797,3015400,2025-12-11
74.33999633789062,74.33999633789062,74.55000305175781,73.83000183105469,74.23999786376953,2195406,2025-12-12
