Price,Close,High,Low,Open,Volume,Date
116.7474136352539,116.7474136352539,117.91543886167997,116.42295511095769,117.48901594326092,1343500,2021-10-25
116.96988677978516,116.96988677978516,117.74857021853033,116.42294830232395,116.89572443156825,1537900,2021-10-26
116.60835266113281,116.60835266113281,118.61995859098978,116.60835266113281,117.09039377327187,1427600,2021-10-27
116.69178771972656,116.69178771972656,117.15529181198042,114.2630308027235,115.3105475051132,2238900,2021-10-28
115.82040405273438,115.82040405273438,116.79375839638159,114.68018088159207,115.35689996361347,2303800,2021-10-29
117.2943344116211,117.2943344116211,117.79491963709735,116.19119250330243,116.37659836783655,1239900,2021-11-01
115.3383560180664,115.3383560180664,117.73003881903692,115.05098574556996,117.38704324645225,1296700,2021-11-02
114.99536895751953,114.99536895751953,116.00580449121138,114.0776257559424,114.8748533662457,1486700,2021-11-03
116.24681854248047,116.24681854248047,116.73813170974502,115.0417051690873,115.2734571968544,1146800,2021-11-04
117.43339538574219,117.43339538574219,118.51799324841471,116.77522043303037,117.34996097264603,1187800,2021-11-05
117.0069808959961,117.0069808959961,118.03596060566073,116.77522883656734,117.20165177721488,839600,2021-11-08
116.9791488647461,116.9791488647461,118.04520247127375,116.46001954401302,116.85863329104421,706600,2021-11-09
116.61763000488281,116.61763000488281,116.97916262349045,116.20974414901326,116.65470410767911,996100,2021-11-10
115.3383560180664,115.3383560180664,116.64544094621697,114.04054315201574,116.64544094621697,1168000,2021-11-11
116.0799560546875,116.0799560546875,116.62688744190304,115.19929411131746,115.48667143321175,813900,2021-11-12
117.34996795654297,117.34996795654297,118.25843913009841,116.49712208586578,116.71033708979083,1033400,2021-11-15
117.79492950439453,117.79492950439453,118.443832403344,117.09967336730104,117.22945394709093,866400,2021-11-16
118.23989868164062,118.23989868164062,118.50872483570026,117.89690310170296,117.94325634068498,1032200,2021-11-17
117.73930358886719,117.73930358886719,118.6570396496041,117.10893778282824,118.31404409826311,1202500,2021-11-18
117.6929702758789,117.6929702758789,118.11012824501665,116.93282376985252,117.89691322890022,1001200,2021-11-19
117.23873138427734,117.23873138427734,119.46354546696888,117.19237814400815,117.91544342813405,1225500,2021-11-22
117.34996795654297,117.34996795654297,117.73931678664472,116.01508092016044,117.37778414423785,999800,2021-11-23
118.08518981933594,118.08518981933594,118.83904872892593,116.62401614347803,116.96837179850337,853500,2021-11-24
115.59097290039062,115.59097290039062,116.29829486892388,115.31177190531261,115.87948982602845,1141400,2021-11-26
116.56818389892578,116.56818389892578,117.53609621809737,115.46066754419512,116.67055971829868,1249100,2021-11-29
114.32524108886719,114.32524108886719,116.16799888670648,113.89712721878583,115.72126735674166,3374000,2021-11-30
114.67890167236328,114.67890167236328,118.0572825680918,114.5579081889573,115.749189860992,1939500,2021-12-01
117.75945281982422,117.75945281982422,118.84835146444935,115.3024474727212,115.37690390155605,1788400,2021-12-02
116.17729187011719,116.17729187011719,119.11824978100456,115.20937960434688,118.68082714064572,2028900,2021-12-03
119.937255859375,119.937255859375,121.54734958303878,117.30342524320706,117.38718340424508,2007500,2021-12-06
122.19882202148438,122.19882202148438,122.57108997144708,120.06754753477873,120.9330911100544,1240800,2021-12-07
122.60833740234375,122.60833740234375,124.5906850233882,122.46872625647842,122.89684722224001,1708900,2021-12-08
123.89263153076172,123.89263153076172,124.91638946242689,122.57106214695408,122.90610890630734,1368800,2021-12-09
124.59066772460938,124.59066772460938,125.40967422307492,123.96711112277274,124.25562090261089,1283300,2021-12-10
122.9805908203125,122.9805908203125,124.06018773554537,121.98476626312019,123.82751672111303,1393700,2021-12-13
122.84101104736328,122.84101104736328,123.78099696454271,122.38497068298771,122.44080946207173,1434500,2021-12-14
123.2411880493164,123.2411880493164,123.66930898808373,122.06853118399945,122.85960415623659,1226000,2021-12-15
124.33008575439453,124.33008575439453,124.71166964440933,123.52969685878145,123.71583083892375,1022400,2021-12-16
122.7851791381836,122.7851791381836,124.56278965001786,122.6921192241116,124.16260219716432,2491600,2021-12-17
122.45014190673828,122.45014190673828,122.58973887327485,121.10063829167846,121.6311351667487,1155400,2021-12-20
124.12535095214844,124.12535095214844,125.16772694433458,123.02715037957125,123.2132843849606,1202400,2021-12-21
125.29801177978516,125.29801177978516,125.77265558434253,124.24633414491396,124.35801169866554,940100,2021-12-22
125.95877838134766,125.95877838134766,126.41481868716386,125.6237315487527,126.09838951224414,958200,2021-12-23
128.4437255859375,128.4437255859375,128.46234324686634,125.80988750852431,125.80988750852431,1095400,2021-12-27
128.415771484375,128.415771484375,128.93695224059263,128.0435035731083,128.21101987284516,662000,2021-12-28
129.04867553710938,129.04867553710938,130.15619201549939,128.25758828079825,128.2948236016981,1139300,2021-12-29
128.79737854003906,128.79737854003906,129.50469337938446,128.62054627992444,129.08588835344162,538500,2021-12-30
129.23480224609375,129.23480224609375,129.95143302128272,128.61124556678865,128.81599721684265,757800,2021-12-31
127.0663070678711,127.0663070678711,129.151044696033,125.5027644975846,128.788078442137,1251400,2022-01-03
127.74569702148438,127.74569702148438,128.6577776826195,126.84293229024843,127.6712405878542,935900,2022-01-04
126.1263198852539,126.1263198852539,128.4344125991295,126.06116517827078,127.96907052449497,977900,2022-01-05
127.42925262451172,127.42925262451172,128.0900445184383,125.90293141999571,126.57302504159892,862400,2022-01-06
125.96810913085938,125.96810913085938,127.61540990056987,125.94018974161774,126.90809503792595,833700,2022-01-07
124.2091064453125,124.2091064453125,125.64235371325574,123.05505304695325,125.41898441647616,1606900,2022-01-10
121.60319519042969,121.60319519042969,124.10673784140788,121.44498058809636,123.89267026079817,2338500,2022-01-11
120.19784545898438,120.19784545898438,122.25466356204707,119.7045840236146,122.02199253777407,2539000,2022-01-12
119.88140106201172,119.88140106201172,120.65387046870983,119.58358957331117,120.32812539561779,1667400,2022-01-13
118.25271606445312,118.25271606445312,119.63944044587264,117.58262239568374,119.2392389098325,1493500,2022-01-14
117.619873046875,117.619873046875,117.96422877583349,116.74503467959889,117.27552441847384,1378300,2022-01-18
115.87018585205078,115.87018585205078,118.2620440229664,115.70266240776047,118.0293729670386,2100100,2022-01-19
115.0511703491211,115.0511703491211,116.61471991232233,114.93948570155095,116.49372643564897,2929400,2022-01-20
115.62818908691406,115.62818908691406,117.0521346052428,114.85572669041727,115.73056490462257,2130000,2022-01-21
117.5826187133789,117.5826187133789,117.7873703391525,113.22702420389295,114.16700997595427,2927300,2022-01-24
113.58999633789062,113.58999633789062,116.33551157073758,113.31078826989841,115.91670656930538,2667400,2022-01-25
111.81238555908203,111.81238555908203,114.92087409958663,110.8910103018086,113.63652551614771,1958600,2022-01-26
111.51456451416016,111.51456451416016,113.38524147514461,110.86308850812374,112.78960424089534,2680500,2022-01-27
113.7668228149414,113.7668228149414,113.77613164413142,110.23022748224692,111.89615287945064,3465700,2022-01-28
116.49372863769531,116.49372863769531,116.79154726962246,113.38524711074056,113.69237457194689,2414100,2022-01-31
115.01394653320312,115.01394653320312,116.54957676839747,114.03672535610951,116.39135506981452,1485800,2022-02-01
116.51234436035156,116.51234436035156,116.87531059008954,114.9860230095159,115.20938520461094,1640300,2022-02-02
116.66126251220703,116.66126251220703,118.32718807459575,115.80503475628697,115.88879292563361,1172600,2022-02-03
116.5867919921875,116.5867919921875,117.59193250629737,114.8929472445828,115.75848372608475,1381100,2022-02-04
116.40996551513672,116.40996551513672,117.87113922522445,115.92600582103098,116.52164305950268,1666600,2022-02-07
116.3075942993164,116.3075942993164,117.18243963441698,115.32107141543278,116.68917109191891,2345200,2022-02-08
118.84837341308594,118.84837341308594,123.66000918138452,118.39234012822611,119.0438233500116,3703000,2022-02-09
115.54443359375,115.54443359375,118.42955291256972,115.17215852990573,117.27550660515308,2178600,2022-02-10
113.60861206054688,113.60861206054688,116.61472494044797,113.08743121719321,115.71196019352718,2929300,2022-02-11
112.98506164550781,112.98506164550781,114.41831614458543,112.18467267718451,113.7761417838115,2660300,2022-02-14
114.47415161132812,114.47415161132812,115.46998337790846,113.86920548757969,114.26939996016189,4146800,2022-02-15
114.79988861083984,114.79988861083984,115.08840552604113,113.37594299583563,114.14841254533353,2172500,2022-02-16
115.45439910888672,115.45439910888672,117.10935451295542,114.80924349590909,115.55724307695725,2689500,2022-02-17
117.62359619140625,117.62359619140625,118.65209995287236,115.099079176695,115.22997926632596,2359400,2022-02-18
116.00603485107422,116.00603485107422,117.75449623839741,115.39828035885344,116.89428647803699,1863800,2022-02-22
113.68722534179688,113.68722534179688,116.5950907160142,113.60307833748843,116.5950907160142,2272500,2022-02-23
113.47216796875,113.47216796875,113.8368192214472,110.82610302552095,111.32165436208281,2447600,2022-02-24
115.67879486083984,115.67879486083984,115.67879486083984,113.15427762370696,113.93968536421069,1498200,2022-02-25
114.61288452148438,114.61288452148438,115.31413808737669,113.21037738969974,113.89292686573032,2235500,2022-02-28
112.2192611694336,112.2192611694336,113.92096944134069,111.49931068780818,113.67787335501093,1835700,2022-03-01
114.07058715820312,114.07058715820312,114.65963762218216,112.55587679344481,112.70548098757824,1269200,2022-03-02
111.92005920410156,111.92005920410156,114.46327311736468,111.40581090166009,114.41652716269894,1331500,2022-03-03
111.01313018798828,111.01313018798828,111.15337521019859,108.77846200931744,110.78872388540985,1666700,2022-03-04
105.93605041503906,105.93605041503906,110.37732337106506,105.87060036208057,110.37732337106506,2689000,2022-03-07
107.74995422363281,107.74995422363281,110.7700229524018,105.1973950417003,105.89864866167396,2287200,2022-03-08
108.47924041748047,108.47924041748047,111.05050330129042,108.11458916100354,110.33055283257227,1477400,2022-03-09
108.29225158691406,108.29225158691406,108.40445472677094,106.62794424673167,107.05804558256935,2448500,2022-03-10
108.70365905761719,108.70365905761719,110.67651973837184,108.6101600051709,109.16180940806832,2080500,2022-03-11
106.0482406616211,106.0482406616211,108.63820790251359,104.37458124583085,107.78735012681003,3414100,2022-03-14
107.19831085205078,107.19831085205078,108.90001944725186,106.81495542739901,107.3198589183076,1670300,2022-03-15
111.77982330322266,111.77982330322266,111.82656926169258,108.94675285299,109.20856018120685,2152800,2022-03-16
111.29361724853516,111.29361724853516,111.31232133881016,110.26511342253916,110.92896595689585,1483500,2022-03-17
114.06122589111328,114.06122589111328,114.47263025819858,110.5923591722006,111.27491576909028,3361800,2022-03-18
110.83546447753906,110.83546447753906,114.40718235513224,110.1435629564506,113.92097588791967,1930700,2022-03-21
110.95702362060547,110.95702362060547,111.55542615275431,110.45212014656973,110.97572771234061,1179300,2022-03-22
108.42314910888672,108.42314910888672,110.32120759522931,108.23615101375229,110.096808454364,1798900,2022-03-23
111.92005920410156,111.92005920410156,112.20056346617488,108.38574259628021,109.60125155390499,1858300,2022-03-24
111.84527587890625,111.84527587890625,112.37822832544286,111.01312218402488,112.37822832544286,1254700,2022-03-25
113.31324005126953,113.31324005126953,113.31324005126953,111.28427410534661,112.17253299293596,1280800,2022-03-28
114.27628326416016,114.27628326416016,116.25848879607531,113.83682988422946,114.79053160364823,1692400,2022-03-29
112.98597717285156,112.98597717285156,115.05234406868166,112.77093006254779,113.61243581345951,2022800,2022-03-30
110.82610321044922,110.82610321044922,114.36041974773158,110.78870216735126,113.31321907506693,3932200,2022-03-31
111.09728240966797,111.09728240966797,111.74243807616483,110.02202534334698,111.20013351979128,2884000,2022-04-01
110.05007934570312,110.05007934570312,110.70458708834269,108.03982441761737,110.66718603446142,1980400,2022-04-04
109.99396514892578,109.99396514892578,111.14402420262823,109.09636138839926,109.23661353643915,2010900,2022-04-05
110.91027069091797,110.91027069091797,111.61152428299467,108.5073086674093,109.41425732100467,1683100,2022-04-06
112.5745849609375,112.5745849609375,112.98598224266046,109.85371743315464,110.58302007216258,2008900,2022-04-07
111.42452239990234,111.42452239990234,112.80833266868149,111.00377308539606,111.00377308539606,1743200,2022-04-08
110.62040710449219,110.62040710449219,112.64937278604904,110.31186096567843,111.20011260401128,2199600,2022-04-11
112.09770965576172,112.09770965576172,112.62130998982425,110.70455469061987,111.26555606761823,2396300,2022-04-12
113.94903564453125,113.94903564453125,114.19213175234405,111.97617497873729,112.16317308221183,1710900,2022-04-13
114.97755432128906,114.97755432128906,115.09910239088416,114.0705984219804,114.1921464915755,1830700,2022-04-14
115.16452026367188,115.16452026367188,115.6413746293906,114.27626870547832,114.43521778287811,2731500,2022-04-18
116.53900146484375,116.53900146484375,116.70730261961971,115.136494219551,115.136494219551,1864300,2022-04-19
117.53009796142578,117.53009796142578,118.18460558736444,116.87559746900749,116.87559746900749,1773400,2022-04-20
116.35198974609375,116.35198974609375,119.00739972923631,116.05278852076052,118.29679414399989,1781000,2022-04-21
114.44459533691406,114.44459533691406,116.31460504132926,114.07059196932684,116.01540377396367,2758300,2022-04-22
113.38802337646484,113.38802337646484,114.34173222029622,112.02291729167575,113.60307760862922,2540100,2022-04-25
109.105712890625,109.105712890625,112.85507701953154,108.97481278871169,112.48108080464809,2070200,2022-04-26
109.30206298828125,109.30206298828125,111.20947364400959,108.96546068823974,109.18050779833705,2022800,2022-04-27
111.75177001953125,111.75177001953125,112.9018290567465,110.48951497230898,110.48951497230898,1150600,2022-04-28
109.40491485595703,109.40491485595703,112.31278038681435,109.27401475319026,110.93832217424263,1373000,2022-04-29
108.23616027832031,108.23616027832031,110.04071987155855,106.33810162951174,109.3020652055677,2136800,2022-05-02
107.59098815917969,107.59098815917969,109.0215441771119,105.90797688307144,108.6101469690229,1844900,2022-05-03
110.78871154785156,110.78871154785156,111.20011592324325,105.67423439085454,107.10479765977925,2153200,2022-05-04
108.1052474975586,108.1052474975586,110.19030401301725,107.22634078451117,109.72280165646349,1365800,2022-05-05
107.89020538330078,107.89020538330078,108.90001229883218,106.61859826008065,107.43205501984549,1247500,2022-05-06
102.94401550292969,102.94401550292969,106.56248624100297,102.83181950497125,106.35678406671957,2423100,2022-05-09
103.54241943359375,103.54241943359375,104.99167958534028,102.3082135035752,104.10342083205312,1560400,2022-05-10
101.82201385498047,101.82201385498047,103.49567313383677,101.4947636347616,102.62611847238674,2100900,2022-05-11
103.32738494873047,103.32738494873047,104.72054013709713,101.5134733100577,101.66307750577205,1928800,2022-05-12
105.49659729003906,105.49659729003906,106.59990328114993,104.3932912989282,104.64573946573661,1228900,2022-05-13
104.88884735107422,104.88884735107422,105.60879796736697,103.89774446452233,105.197400672423,1524900,2022-05-16
105.15998840332031,105.15998840332031,106.28199128223501,104.50548077935314,106.14173913899059,1111900,2022-05-17
102.34561920166016,102.34561920166016,104.39328188934114,101.71916773045405,104.15953070156094,2927500,2022-05-18
102.82247161865234,102.82247161865234,103.64527321553935,101.53216052179408,101.99031797705071,1613800,2022-05-19
104.6457290649414,104.6457290649414,104.72053115638363,102.4858703925674,103.77617436910563,1773600,2022-05-20
106.4222412109375,106.4222412109375,106.48769125862023,103.75747907882592,105.65553759514539,1591300,2022-05-23
106.65599822998047,106.65599822998047,106.74015237218384,105.26284306257419,105.90799152970403,1915300,2022-05-24
108.07720947265625,108.07720947265625,108.34836174091215,106.35680393636905,106.35680393636905,1793100,2022-05-25
110.65180969238281,110.65180969238281,111.42231282191347,108.5752098819267,108.70675867217305,1502300,2022-05-26
112.54048919677734,112.54048919677734,112.54048919677734,111.23439238055677,111.23439238055677,1335200,2022-05-27
114.13787078857422,114.13787078857422,114.68286274860371,110.99008377006231,111.40351976657465,2511200,2022-05-31
112.21159362792969,112.21159362792969,114.6358619369616,112.15521762921242,114.55129793888568,1353600,2022-06-01
113.03849029541016,113.03849029541016,113.06667829737526,110.95249212353745,112.25858878630977,1001500,2022-06-02
111.45989990234375,111.45989990234375,112.72841019832913,111.22499032275861,112.1552302506317,957500,2022-06-03
112.17403411865234,112.17403411865234,113.38616856362373,111.52568847143313,112.07067331698927,1175500,2022-06-06
112.95392608642578,112.95392608642578,113.01970048469103,110.99947658244164,111.07464937156529,1047300,2022-06-07
113.2358169555664,113.2358169555664,113.6962377291691,112.04247226400625,112.50290020648046,1164800,2022-06-08
110.23837280273438,110.23837280273438,112.53109270961305,110.15380879086023,112.53109270961305,1052700,2022-06-09
107.50402069091797,107.50402069091797,109.42087650266538,107.3348855111907,108.34968942068308,1222900,2022-06-10
104.38441467285156,104.38441467285156,105.79387211430321,103.2662499774657,105.05156417041206,1657100,2022-06-13
103.57633972167969,103.57633972167969,105.65293963991368,103.44478375573404,104.72269250062753,1356000,2022-06-14
105.1455307006836,105.1455307006836,106.4140410140972,103.66090041677894,104.48777956748545,1200500,2022-06-15
102.55213165283203,102.55213165283203,103.43539401918879,101.82861325853493,103.11591324394134,1359300,2022-06-16
102.89039611816406,102.89039611816406,103.51995207251318,102.12929137242473,102.85280972507093,2587300,2022-06-17
104.83545684814453,104.83545684814453,105.14553924317879,102.6554960292889,104.2998632425727,1676900,2022-06-21
104.73208618164062,104.73208618164062,105.60595010511693,103.61391428792594,103.80184625305988,1652900,2022-06-22
105.5495834350586,105.5495834350586,105.69992185159056,104.08374265285741,105.15493702668108,1391000,2022-06-23
107.513427734375,107.513427734375,107.76713412573798,106.03819568199164,106.45163888636252,2016900,2022-06-24
109.22355651855469,109.22355651855469,109.2517445211892,107.18454308078145,107.71073824694965,1167000,2022-06-27
106.63014221191406,106.63014221191406,110.90549156508722,106.30126311877973,110.20076294071986,1065300,2022-06-28
106.95903015136719,106.95903015136719,107.41945091427657,105.89723427692522,106.72412057473791,920700,2022-06-29
106.6583480834961,106.6583480834961,107.33488882328156,105.46500339835464,106.03818334906892,1259500,2022-06-30
109.66519927978516,109.66519927978516,109.82493609086244,106.57378801372181,106.96843443010295,1204900,2022-07-01
110.24777221679688,110.24777221679688,110.32294500729715,107.83290188073228,108.88529227224876,1292400,2022-07-05
109.77796173095703,109.77796173095703,110.83975059766603,108.82892489006382,110.12562336905224,1048800,2022-07-06
110.63302612304688,110.63302612304688,111.04646932397699,109.74037248708113,110.22898131364852,917700,2022-07-07
110.20076751708984,110.20076751708984,110.84912017247082,109.67457241641576,110.5014514558851,886800,2022-07-08
109.50543975830078,109.50543975830078,110.13499564942174,109.02622225558194,109.43966536921158,825300,2022-07-11
108.83831024169922,108.83831024169922,110.43569254626479,108.45305508266037,109.1201974413376,963700,2022-07-12
109.94709014892578,109.94709014892578,110.99008933654734,107.24092699450357,107.49463337466665,1212900,2022-07-13
109.79673767089844,109.79673767089844,110.3605192363779,108.58460336223823,108.58460336223823,1136300,2022-07-14
111.01827239990234,111.01827239990234,112.16463233302996,110.70819002411439,111.24378359644282,1301800,2022-07-15
111.3283462524414,111.3283462524414,113.20762280710275,111.09343668310873,113.17942763693108,1546600,2022-07-18
112.67204284667969,112.67204284667969,112.9539300625084,111.47869807616826,111.9673140537999,1864300,2022-07-19
113.5177001953125,113.5177001953125,114.31639848165484,112.51228750579381,112.87874586756138,1810400,2022-07-20
112.99149322509766,112.99149322509766,113.50829710115983,112.13641902449852,113.16062838736613,1209700,2022-07-21
112.23979949951172,112.23979949951172,113.79020423094744,111.17801073099808,113.65865543374653,1330000,2022-07-22
109.98466491699219,109.98466491699219,112.42772304177029,108.90407944770439,112.42772304177029,1920500,2022-07-25
110.72698211669922,110.72698211669922,111.60084608784577,109.38330612926771,109.54304293169179,1451200,2022-07-26
113.2358169555664,113.2358169555664,113.81838813105959,110.7645635639538,111.11223232623344,1642200,2022-07-27
115.30301666259766,115.30301666259766,115.58491102437536,113.14185284149704,113.42374003440334,2049300,2022-07-28
115.14326477050781,115.14326477050781,115.46273831434866,114.26000257704354,115.29360315323572,1748900,2022-07-29
115.3311996459961,115.3311996459961,116.31782270041063,114.31639575927588,114.4197493739671,1919200,2022-08-01
114.7580337524414,114.7580337524414,115.61310812663059,114.42916175039633,115.0493265275716,2015800,2022-08-02
112.57807159423828,112.57807159423828,115.0587163346844,110.97129083069059,114.63588193280886,2739400,2022-08-03
112.77538299560547,112.77538299560547,113.12305173933414,111.99548867303915,112.55927020618664,1553500,2022-08-04
111.27198028564453,111.27198028564453,112.4935131025941,110.99948428282126,111.9673178799683,1141800,2022-08-05
111.3471450805664,111.3471450805664,112.10824985416677,110.54845391249702,111.60084428214262,1441200,2022-08-08
109.87191772460938,109.87191772460938,111.30956332076883,109.39270013626555,111.30956332076883,1638700,2022-08-09
111.98609161376953,111.98609161376953,112.19281318445015,111.16860372122473,111.43170129522869,1482300,2022-08-10
110.60482025146484,110.60482025146484,113.2076222821697,110.12560272496437,112.99150232508246,1700600,2022-08-11
111.02767181396484,111.02767181396484,111.49749099292941,110.40750705667318,110.69879265359225,1648200,2022-08-12
111.10283660888672,111.10283660888672,111.28137018960591,110.36052145137266,110.72697983473292,3383000,2022-08-15
111.85453033447266,111.85453033447266,112.16461265586253,110.3511106731633,110.3511106731633,1591400,2022-08-16
111.92032623291016,111.92032623291016,112.36195741149642,110.46388389955612,110.46388389955612,1779700,2022-08-17
110.83033752441406,110.83033752441406,111.57265266114875,110.14440556199072,111.32835185832835,1671500,2022-08-18
109.60883331298828,109.60883331298828,110.86794547174196,109.32693889324227,110.66122385311125,1373300,2022-08-19
107.81409454345703,107.81409454345703,108.97925117552465,107.39126018381504,108.4342592510612,1535500,2022-08-22
107.78589630126953,107.78589630126953,108.27451217638969,107.48521236614579,107.85167068805065,1613700,2022-08-23
107.74832916259766,107.74832916259766,108.29332113264475,107.31609637669294,107.78591555731178,1300100,2022-08-24
109.76854705810547,109.76854705810547,109.83432145303303,107.67315047306212,108.04900723073594,1230600,2022-08-25
105.90658569335938,105.90658569335938,110.40118938164763,105.80271810521614,110.03293418878413,1542600,2022-08-26
105.95378875732422,105.95378875732422,106.51089735928271,105.08508460934384,105.57608910915226,1472900,2022-08-29
104.60352325439453,104.60352325439453,106.47313265566751,104.39578807602842,106.19930057545963,1230700,2022-08-30
105.03787231445312,105.03787231445312,106.09542991735232,104.71683228737156,105.01899057333965,1994200,2022-08-31
107.88949584960938,107.88949584960938,107.9461482758991,104.37690133921309,104.54686582210392,1881100,2022-09-01
106.45423889160156,106.45423889160156,108.43715306112479,106.03877575769624,108.43715306112479,1606800,2022-09-02
106.28428649902344,106.28428649902344,107.59678735694108,105.61387296184427,107.03024141605948,2111800,2022-09-06
108.8904037475586,108.8904037475586,108.9187299632906,107.09633564296756,107.09633564296756,1828500,2022-09-07
109.87242126464844,109.87242126464844,110.4767378870249,108.41828214079807,108.5410314783356,1519500,2022-09-08
109.61746978759766,109.61746978759766,110.24067535029234,108.71099486333276,110.21234913453755,1615400,2022-09-09
110.72223663330078,110.72223663330078,112.03473738834934,110.39175212735725,111.09993629895993,2017300,2022-09-12
107.24742126464844,107.24742126464844,109.15479428313421,107.07745676169247,108.5882483412885,1639900,2022-09-13
108.41827392578125,108.41827392578125,109.42861637763882,107.40793147392368,107.43625768782276,1581600,2022-09-14
108.73931884765625,108.73931884765625,109.57969679423184,107.88949642864112,108.26719608198358,1697800,2022-09-15
109.26809692382812,109.26809692382812,109.37196451133921,107.62511167305016,108.79597414569477,2093900,2022-09-16
109.6835708618164,109.6835708618164,109.83464640966965,108.57879804978863,109.1170177463059,1254700,2022-09-19
108.8243179321289,108.8243179321289,109.145358015169,107.44572006185325,108.89985931779354,1659900,2022-09-20
106.29371643066406,106.29371643066406,110.75055637617287,106.24650127370731,109.24920227401051,1862800,2022-09-21
104.61297607421875,104.61297607421875,105.64220037130742,104.4430115696326,105.64220037130742,1509000,2022-09-22
104.48077392578125,104.48077392578125,104.89623707850033,103.33823764876527,103.97088045269592,1349000,2022-09-23
103.07384490966797,103.07384490966797,104.80180874440155,102.70558252742265,104.57519183565351,1447700,2022-09-26
101.76133728027344,101.76133728027344,104.27303384015349,101.15702071928398,103.92366040169766,1415700,2022-09-27
102.09183502197266,102.09183502197266,102.62061024313743,100.37330834916503,101.97852295857074,2372000,2022-09-28
101.2325668334961,101.2325668334961,101.87465411013403,100.48661196769451,101.55361407382607,1422900,2022-09-29
100.41107940673828,100.41107940673828,102.54507660229373,100.41107940673828,101.30811710061543,1797400,2022-09-30
103.02664184570312,103.02664184570312,103.84813814187656,100.2411201031285,101.48752405358535,1858900,2022-10-03
105.19841003417969,105.19841003417969,105.84993462595341,104.06531094566351,104.45245511534605,1684900,2022-10-04
106.0671157836914,106.0671157836914,106.75641107517497,104.35802625539088,104.55632418178641,1189200,2022-10-05
103.98033142089844,103.98033142089844,106.34094549707557,103.90479004149537,105.88770442467968,1135200,2022-10-06
102.85667419433594,102.85667419433594,103.3948939018284,101.97852549221432,103.37601215947001,1742000,2022-10-07
101.78024291992188,101.78024291992188,103.32880526196836,101.37421698853025,103.24381940450262,1061900,2022-10-10
99.3818588256836,99.3818588256836,101.34589158892388,99.16467914731582,101.29867642283696,2590400,2022-10-11
99.65567016601562,99.65567016601562,100.35440981350148,98.54146019644669,99.14577673546495,1911200,2022-10-12
103.56486511230469,103.56486511230469,104.43356939754612,98.17322321469896,98.33374324922826,1860200,2022-10-13
100.81710052490234,100.81710052490234,105.29282989942362,100.71324013559045,104.46188915275016,1470700,2022-10-14
103.84812927246094,103.84812927246094,104.36746000511674,102.50729510977183,102.52618405511748,1610800,2022-10-17
105.2645034790039,105.2645034790039,106.02934011568377,103.84813506795393,105.6138697431553,1308300,2022-10-18
104.29191589355469,104.29191589355469,105.82159624540688,103.34767036367543,104.60351864738004,1272600,2022-10-19
103.54595947265625,103.54595947265625,104.92455696474403,103.30045363860687,104.45243423989119,969300,2022-10-20
104.83958435058594,104.83958435058594,105.18895780448773,102.7055873479847,103.33823735413357,1735700,2022-10-21
102.70559692382812,102.70559692382812,104.89624655951707,101.69525435917897,104.77349721757709,2688000,2022-10-24
105.03787231445312,105.03787231445312,105.46278713173504,101.98796324109115,103.0832843262173,2326500,2022-10-25
106.01043701171875,106.01043701171875,107.68175554780763,105.20782979344877,105.50998805929234,1412200,2022-10-26
107.55901336669922,107.55901336669922,108.20109342070892,106.5864344050757,107.2285216631072,2265800,2022-10-27
111.30767059326172,111.30767059326172,111.94975790014473,107.73842331830296,107.76674953413243,2460700,2022-10-28
111.65702819824219,111.65702819824219,112.79956436648584,109.91017549810144,111.02438545454073,2193600,2022-10-31
111.56261444091797,111.56261444091797,112.70515070491726,110.96773512708477,112.37466619946653,2361600,2022-11-01
110.82609558105469,110.82609558105469,113.57384620655714,110.21233457271234,113.4983048385104,2543800,2022-11-02
112.83734893798828,112.83734893798828,113.91378834316698,109.71189831453279,110.42951978197046,2546300,2022-11-03
114.99021911621094,114.99021911621094,115.59453567712083,113.54552461266006,114.39534702769636,2850100,2022-11-04
115.67952728271484,115.67952728271484,116.60488391094131,114.72583723589115,114.72583723589115,1912600,2022-11-07
115.5567626953125,115.5567626953125,116.21773887343821,114.91467546160207,115.81171301676807,1885300,2022-11-08
115.24519348144531,115.24519348144531,116.0761271250134,114.65975853918994,115.1413258754964,1450000,2022-11-09
117.20921325683594,117.20921325683594,117.99293889747253,116.3405089632262,117.9362864621571,2710200,2022-11-10
116.45380401611328,116.45380401611328,117.82295716561109,115.96279230174015,117.82295716561109,1870300,2022-11-11
115.7645034790039,115.7645034790039,117.47359283047004,115.71729552371725,116.59544417709364,1677600,2022-11-14
116.43492126464844,116.43492126464844,117.36028511156145,115.73618154597257,116.50101816771208,1139400,2022-11-15
117.0486831665039,117.0486831665039,118.46505155990887,116.4915817230286,116.4915817230286,2256800,2022-11-16
115.92501831054688,115.92501831054688,116.70874381428327,115.0563141686813,116.00055968045386,2132900,2022-11-17
117.66243743896484,117.66243743896484,118.38950333575681,116.25551360001728,117.30362672683684,2985400,2022-11-18
117.10533905029297,117.10533905029297,117.81352326787922,115.89670580492268,117.78519705181935,1621000,2022-11-21
117.97404479980469,117.97404479980469,118.34229999883799,117.16199302654611,117.5113592797704,1507000,2022-11-22
119.45381927490234,119.45381927490234,119.63405049258303,117.98352797043535,119.14078839273238,1881000,2022-11-23
120.02296447753906,120.02296447753906,120.94308162903523,118.94159162076022,119.38742217763273,870600,2022-11-25
119.94707489013672,119.94707489013672,120.53519286302054,119.56765141038095,119.78581918753662,1514900,2022-11-28
119.55815124511719,119.55815124511719,120.27906880851003,119.05540867327785,119.59609503656294,2324000,2022-11-29
122.04342651367188,122.04342651367188,122.32800135712701,119.56764998154443,119.83324930901516,2543200,2022-11-30
122.54618072509766,122.54618072509766,123.30504222141047,121.92011890508364,122.36594949138946,1407100,2022-12-01
123.0109634399414,123.0109634399414,123.58959366061008,121.43634295625522,121.71142281076675,1586800,2022-12-02
124.17771911621094,124.17771911621094,124.32949429958246,122.42285293441331,123.42833819461289,2878800,2022-12-05
123.90263366699219,123.90263366699219,124.62355860263536,123.21017924508998,124.44332736872457,1544400,2022-12-06
121.6734848022461,121.6734848022461,124.45279724812478,121.3414784024775,123.77931840161538,2085600,2022-12-07
123.1722412109375,123.1722412109375,123.20069725025908,121.81577394893343,122.28058004798415,1500000,2022-12-08
121.14226531982422,121.14226531982422,123.58957832852914,121.06637773769928,123.16272334389313,1833800,2022-12-09
122.9730224609375,122.9730224609375,123.05839057057133,120.43084613206275,121.15176375169438,1361700,2022-12-12
123.45679473876953,123.45679473876953,125.43932370375862,122.52719706644164,124.9934931470744,1821800,2022-12-13
124.47178649902344,124.47178649902344,124.86070501616368,122.7358956661561,123.78881258202385,1602600,2022-12-14
123.74136352539062,123.74136352539062,124.1966745809793,122.87815849206899,123.75085852022376,1981600,2022-12-15
122.7168960571289,122.7168960571289,125.12627981190951,121.79677900163635,124.10181913752366,4263500,2022-12-16
121.77783203125,121.77783203125,123.08685320469982,121.17073852525598,122.47028641441449,2325600,2022-12-19
121.97703552246094,121.97703552246094,122.09087415929464,120.85772599116731,121.910642918881,1211900,2022-12-20
122.15724182128906,122.15724182128906,123.14376594399819,121.16124441535106,121.54067510015342,1994800,2022-12-21
122.19520568847656,122.19520568847656,122.22366172634464,120.56365140130202,121.89165531911264,1371900,2022-12-22
122.27107238769531,122.27107238769531,122.56514222035774,121.26558717160073,121.82524185239639,700800,2022-12-23
123.21965026855469,123.21965026855469,123.45679356350885,122.02445327265377,122.65051504511152,1300200,2022-12-27
122.6600112915039,122.6600112915039,124.13030280352972,122.63155525038752,123.49476042846409,964800,2022-12-28
123.30502319335938,123.30502319335938,124.006958028013,122.22365043206344,122.8876487110913,875700,2022-12-29
121.49325561523438,121.49325561523438,122.94457143446199,120.80079400392911,122.94457143446199,1401300,2022-12-30
120.43084716796875,120.43084716796875,122.21416209814561,119.37793038452848,121.81576310901654,2307100,2023-01-03
122.06239318847656,122.06239318847656,122.57463082514995,120.79130856634083,121.0853711813585,1139400,2023-01-04
121.13279724121094,121.13279724121094,121.94857078898366,120.26011161611804,121.67349092390992,1078200,2023-01-05
123.58959197998047,123.58959197998047,123.97851045355128,121.26559060774555,121.77782822515053,1559400,2023-01-06
123.08684539794922,123.08684539794922,124.50022458678325,122.81176555602774,123.9690259443987,1211200,2023-01-09
122.74536895751953,122.74536895751953,123.64652509636358,121.59760346606348,123.1342874517492,1306800,2023-01-10
123.02046966552734,123.02046966552734,123.78881169814589,122.35647127154093,122.95406258908899,1258300,2023-01-11
122.26158905029297,122.26158905029297,123.19118665661468,122.128789392247,123.02045044230294,1070300,2023-01-12
123.523193359375,123.523193359375,123.58958595153172,121.55015952465887,121.57861556045135,1260500,2023-01-13
123.62754821777344,123.62754821777344,124.81326473048046,123.09634953593326,123.87417204174822,1177800,2023-01-17
122.100341796875,122.100341796875,124.61405495296478,121.77783038705181,124.15874387591569,1325100,2023-01-18
119.5676498413086,119.5676498413086,121.88217067004832,119.49176225153771,121.73039549050657,1473700,2023-01-19
120.1178207397461,120.1178207397461,120.6679949281884,119.41587860379092,120.03245262621495,1649800,2023-01-20
120.15576171875,120.15576171875,121.0094790192412,119.65301909652712,120.45930484369809,1437300,2023-01-23
121.90113830566406,121.90113830566406,122.06239401487048,119.55816855032572,119.75736805646999,1543700,2023-01-24
122.5556411743164,122.5556411743164,122.5556411743164,119.98500895121808,121.45529290858602,1425700,2023-01-25
122.40386962890625,122.40386962890625,123.30502567653151,121.70193478011673,122.91610722166979,1358400,2023-01-26
121.54068756103516,121.54068756103516,122.40387816430778,120.9620500986824,122.37542212651188,1407500,2023-01-27
122.40386962890625,122.40386962890625,122.65998842528802,121.32250408287175,121.37941615449499,1457000,2023-01-30
123.79827117919922,123.79827117919922,123.84570272943944,122.00546858310408,122.7643299647166,2076500,2023-01-31
122.37541961669922,122.37541961669922,123.87416696421751,121.59759714276674,123.43783141091045,1716300,2023-02-01
121.6165542602539,121.6165542602539,122.954031229126,120.78180536410336,122.5651272880338,1333800,2023-02-02
120.478271484375,120.478271484375,121.30352544985539,119.67198579660196,120.99998234726888,1474600,2023-02-03
122.42284393310547,122.42284393310547,122.49873151921149,119.9850113164982,120.37392976751266,2063900,2023-02-06
122.68844604492188,122.68844604492188,122.90662828773047,120.57313200251353,121.97701619229294,1652600,2023-02-07
124.6614761352539,124.6614761352539,124.73736372079458,120.8671837026822,120.8671837026822,3574600,2023-02-08
124.41487121582031,124.41487121582031,126.71989727080243,124.1113208275986,125.477268626438,2524200,2023-02-09
124.55714416503906,124.55714416503906,124.9081116161756,123.95953841930643,124.30102534914246,1576300,2023-02-10
125.70491790771484,125.70491790771484,126.89063434537495,124.83223234648632,125.06937563401834,2178500,2023-02-13
124.10183715820312,124.10183715820312,126.0179591315372,124.07338111928895,125.58160907805524,1711600,2023-02-14
124.89861297607422,124.89861297607422,125.08832469311128,123.20067356858965,123.35243425777355,1456500,2023-02-15
124.94603729248047,124.94603729248047,125.82820323898088,123.14375437382293,124.006944807495,1922700,2023-02-16
125.24958038330078,125.24958038330078,125.44878709435038,124.49073351511011,125.01243711847214,1253000,2023-02-17
124.46341705322266,124.46341705322266,125.01612365649076,124.06318424548398,124.7207147655909,1739800,2023-02-21
123.224609375,123.224609375,124.87319070491475,122.8720263988428,124.87319070491475,1977100,2023-02-22
122.6147232055664,122.6147232055664,123.91072150175589,122.26214024507091,123.40566473213157,2219000,2023-02-23
120.86132049560547,120.86132049560547,122.47179060331105,120.86132049560547,121.99532084556161,1836700,2023-02-24
120.61354064941406,120.61354064941406,121.74754087210131,120.14660237492255,121.65224838531641,1963100,2023-02-27
121.17578125,121.17578125,121.59506965481273,120.20377896127546,120.222841821247,2624700,2023-02-28
120.2609634399414,120.2609634399414,121.06143641016277,120.03225999288594,120.68979058231584,1635100,2023-03-01
122.6242446899414,122.6242446899414,122.92919230154442,119.87025745857605,119.98461281292718,1212600,2023-03-02
123.56765747070312,123.56765747070312,123.60578319172278,122.49083123278129,122.98636382112171,1015500,2023-03-03
123.21508026123047,123.21508026123047,124.34908059277136,122.43366289167352,123.91072202485113,1421500,2023-03-06
120.94707489013672,120.94707489013672,123.93930422210748,120.74695847536366,123.44377162998748,1157300,2023-03-07
120.81366729736328,120.81366729736328,120.95660967483701,120.06084422832946,120.56590099443221,1142500,2023-03-08
120.1180191040039,120.1180191040039,121.9571925107086,119.765428894512,121.52836540126964,1537500,2023-03-09
118.71719360351562,118.71719360351562,121.07095511266049,118.51707719958661,120.48966149014493,1604700,2023-03-10
119.01260375976562,119.01260375976562,121.78566096587203,117.95484042035913,117.99295886965811,1416600,2023-03-13
120.7374267578125,120.7374267578125,121.38542588187713,119.69872623545879,119.9274296703195,1378500,2023-03-14
121.1471939086914,121.1471939086914,121.20437522153493,118.77437663069682,119.47954981272247,1748400,2023-03-15
122.0334243774414,122.0334243774414,122.54801982634217,120.37531176012644,120.77554458665917,1481400,2023-03-16
120.88037872314453,120.88037872314453,122.56707850340675,120.30861645544641,122.21449552800794,1798400,2023-03-17
122.81483459472656,122.81483459472656,122.81483459472656,121.04235945774192,121.04235945774192,1190900,2023-03-20
122.5003662109375,122.5003662109375,123.40565575816595,121.61413225328876,123.40565575816595,1101300,2023-03-21
121.63318634033203,121.63318634033203,123.43424125292604,121.59506789129266,122.18589294587696,1059800,2023-03-22
121.67130279541016,121.67130279541016,122.90059549296916,120.94706681623224,121.69988981413353,1223300,2023-03-23
121.81425476074219,121.81425476074219,122.40507258186145,121.14719276643336,121.95719713597632,1193800,2023-03-24
122.2525863647461,122.2525863647461,122.72905605358643,121.81424239380551,122.38599729599335,1315000,2023-03-27
122.45271301269531,122.45271301269531,122.91011985371992,121.84283237776208,122.14776542487805,981700,2023-03-28
122.36695861816406,122.36695861816406,123.31989807092005,122.01436113296693,122.87201536486857,1104700,2023-03-29
123.24365234375,123.24365234375,123.46282433079134,122.41459973224937,122.64329587848344,1183100,2023-03-30
125.86425018310547,125.86425018310547,126.0453110135796,123.87261012929537,124.05365641906677,1705800,2023-03-31
126.94108581542969,126.94108581542969,127.02684688648635,125.34966394651327,125.86425945426095,1299200,2023-04-03
125.40684509277344,125.40684509277344,126.59801947799848,125.09237331018967,126.51224387132804,1493300,2023-04-04
125.7308120727539,125.7308120727539,126.7504495504599,125.71174921558476,125.79751026179655,1212400,2023-04-05
125.88330841064453,125.88330841064453,126.1596544559783,125.42588700079924,125.93094375105565,1080500,2023-04-06
124.93036651611328,124.93036651611328,125.54977133640682,124.53011915512451,125.35918635637049,1224800,2023-04-10
125.3782730102539,125.3782730102539,125.88332984651322,124.5015557624443,124.79697925937181,1113100,2023-04-11
125.7689437866211,125.7689437866211,126.52177409040702,125.27342574489326,125.47353488540205,1231100,2023-04-12
128.3228302001953,128.3228302001953,128.3704800809744,125.79753192592531,126.40741259407203,1732600,2023-04-13
128.532470703125,128.532470703125,128.98035338360788,127.77011627630087,128.46575796570355,1270400,2023-04-14
130.6479949951172,130.6479949951172,130.6861061724615,128.6277536190442,129.02798641431406,2184800,2023-04-17
131.10540771484375,131.10540771484375,131.13399473431113,130.25729220900806,130.73376192106636,1980400,2023-04-18
130.66705322265625,130.66705322265625,131.58188149600753,130.13340945516055,131.23882271108855,1623900,2023-04-19
131.0291748046875,131.0291748046875,131.38175774931906,130.2001221334934,130.8481139820814,1082400,2023-04-20
131.8201446533203,131.8201446533203,132.01072967680426,130.60990721610406,131.8296688152477,1324900,2023-04-21
132.36328125,132.36328125,132.4109311297265,131.80105047505205,132.20128329149136,1498800,2023-04-24
131.32456970214844,131.32456970214844,132.45856985693212,130.88622574325595,132.45856985693212,1207200,2023-04-25
131.5151824951172,131.5151824951172,132.0011909732723,130.58130580443046,130.94342748765138,1451800,2023-04-26
133.22093200683594,133.22093200683594,133.34480424206907,131.65811196098286,132.058344767039,1085000,2023-04-27
133.9642333984375,133.9642333984375,134.2977534909085,132.63010940644614,133.35435271489078,1555300,2023-04-28
135.53659057617188,135.53659057617188,135.82247535448258,133.96424610651874,133.96424610651874,1696300,2023-05-01
136.17503356933594,136.17503356933594,136.50856817347483,134.3263433593955,135.46032902392508,1692800,2023-05-02
130.8480987548828,130.8480987548828,134.5645709139942,129.97139630491665,133.1732730764324,3220200,2023-05-03
129.9047088623047,129.9047088623047,131.01010753983397,129.00894347996933,130.39070273240716,1555600,2023-05-04
131.0196533203125,131.0196533203125,131.30552352952597,129.63787945250286,130.03812682680652,1361600,2023-05-05
130.10482788085938,130.10482788085938,131.20070248207432,130.00000395494905,130.9815304699719,981400,2023-05-08
131.13401794433594,131.13401794433594,131.32460295475147,129.65695866738326,130.3526004987168,1094900,2023-05-09
131.2578887939453,131.2578887939453,131.791532574542,130.0190645657302,131.2102389119558,1595200,2023-05-10
130.87669372558594,130.87669372558594,131.76293492888166,130.23822607237568,131.38175044440453,1144100,2023-05-11
131.9916229248047,131.9916229248047,132.18222242561922,130.82903576519794,130.8385744646589,1114700,2023-05-12
131.29598999023438,131.29598999023438,132.36327747026198,131.0768179985933,132.36327747026198,896200,2023-05-15
132.24893188476562,132.24893188476562,132.76352731568315,131.13399450537986,131.69622527485873,1572200,2023-05-16
130.76235961914062,130.76235961914062,132.79212541129272,130.4955377218543,132.62058873977847,1690400,2023-05-17
131.93447875976562,131.93447875976562,132.03930269266476,130.39072133043612,130.60989335715115,1435400,2023-05-18
131.77247619628906,131.77247619628906,132.66824167523123,131.58189119965743,132.00118691666893,1295400,2023-05-19
128.56105041503906,128.56105041503906,132.95410137340343,128.52292469847904,132.14409711455798,1644400,2023-05-22
125.2638931274414,125.2638931274414,128.45624623713593,125.10189515892863,128.45624623713593,1828300,2023-05-23
124.71118927001953,124.71118927001953,125.55930485398711,123.72013857554735,125.33060867717977,1352200,2023-05-24
124.12989044189453,124.12989044189453,125.02565587247535,123.024491704829,124.53966197619746,2364400,2023-05-25
124.326171875,124.326171875,125.39843973873135,123.56984320866536,124.42191633792774,2145000,2023-05-26
122.3443603515625,122.3443603515625,124.49847159192149,121.9326840708613,123.76129487480347,1843100,2023-05-30
123.20602416992188,123.20602416992188,123.40706707767698,121.50187801665457,122.26778254283091,7448300,2023-05-31
126.61431884765625,126.61431884765625,127.06429150865354,122.53585178702576,122.90923910696475,3278000,2023-06-01
128.7971649169922,128.7971649169922,128.8737575663753,127.12173905919146,127.12173905919146,2054500,2023-06-02
128.4524688720703,128.4524688720703,129.4290066140824,128.05036853325356,128.8066969925291,1562700,2023-06-05
127.21745300292969,127.21745300292969,129.11307314259136,126.41323768161962,128.73012459610135,1604200,2023-06-06
126.79622650146484,126.79622650146484,127.45682529513988,125.86756074927729,126.81537831523106,1801000,2023-06-07
127.52381134033203,127.52381134033203,127.57168356169012,125.75265601848977,125.94413029537124,1630500,2023-06-08
127.75362396240234,127.75362396240234,128.30890974227634,127.28449943926184,127.65787949366187,1309800,2023-06-09
128.89291381835938,128.89291381835938,129.00779549211208,127.61000515771735,127.85893492892109,1369100,2023-06-12
130.1853790283203,130.1853790283203,130.26197168184328,128.71101062152923,128.71101062152923,1440800,2023-06-13
130.53961181640625,130.53961181640625,130.8363991955879,129.8694298018691,130.20452080913768,2121700,2023-06-14
133.2681427001953,133.2681427001953,133.38303896644376,130.8363884248001,131.03743132576784,2078800,2023-06-15
132.67454528808594,132.67454528808594,134.5510135492716,131.9086336145499,133.6798034465676,3749500,2023-06-16
130.0321807861328,130.0321807861328,132.55967938279085,129.94600493882658,131.6501509452107,1819200,2023-06-20
130.9129638671875,130.9129638671875,131.51610709940425,129.54389432244804,130.003435501411,1244300,2023-06-21
130.53001403808594,130.53001403808594,131.3629498576532,129.54390754892603,131.02785888778047,1339500,2023-06-22
129.82154846191406,129.82154846191406,130.9608255396692,129.53432973795051,130.09918397632975,6219800,2023-06-23
128.5099334716797,128.5099334716797,129.4098787525656,127.65786041801057,129.30456569610973,1486300,2023-06-26
128.5577850341797,128.5577850341797,129.45773017040602,127.34190077937065,129.29497631087258,1593100,2023-06-27
129.40028381347656,129.40028381347656,129.4864450397986,127.74399566190965,128.52905912453207,1174600,2023-06-28
131.4108123779297,131.4108123779297,131.9278090588211,128.95033766833666,129.14181196888606,1525200,2023-06-29
132.6458740234375,132.6458740234375,132.93309283349592,131.28638723828698,131.65976730879623,1391800,2023-06-30
131.42039489746094,131.42039489746094,132.14800307914376,131.01829448585573,131.669310026011,845600,2023-07-03
130.83636474609375,130.83636474609375,131.12358344690526,130.08960488911382,131.00868720145067,1743100,2023-07-05
128.19400024414062,128.19400024414062,130.95127704383796,128.1557112257241,129.87900922553496,1869900,2023-07-06
127.76318359375,127.76318359375,128.47165463043478,126.43241737961714,127.68659094584727,1530400,2023-07-07
129.06521606445312,129.06521606445312,129.91728909762918,127.99294832163895,128.06954096163315,1276000,2023-07-10
128.4524688720703,128.4524688720703,129.09391569412676,127.65783679468842,128.76840798297275,1438300,2023-07-11
129.34286499023438,129.34286499023438,130.60660701683528,129.1418074860774,129.39072260729594,1147700,2023-07-12
130.15663146972656,130.15663146972656,130.67362812106637,129.2854066521904,129.92686816562164,1372000,2023-07-13
129.78329467773438,129.78329467773438,130.5013344590956,129.14184755941181,130.12795435713002,1031800,2023-07-14
129.95558166503906,129.95558166503906,130.62574894727882,129.50560907370283,129.78324458757677,1325100,2023-07-17
128.13653564453125,128.13653564453125,130.26193368197124,128.08866342397525,129.62048683046288,1593900,2023-07-18
130.13748168945312,130.13748168945312,130.23322614002586,128.28973358352675,128.28973358352675,1651200,2023-07-19
130.0896453857422,130.0896453857422,130.47259403366863,129.31416487813067,130.09921398894627,1060600,2023-07-20
131.6788787841797,131.6788787841797,131.80334365287868,130.02260490877057,130.60661101862735,1286700,2023-07-21
132.0618438720703,132.0618438720703,133.45005082585138,131.66931205639585,132.37778304503613,1148000,2023-07-24
131.15231323242188,131.15231323242188,131.77460828821071,130.5012831568026,131.4395173452161,968500,2023-07-25
131.44912719726562,131.44912719726562,131.66932193122142,129.82157359116547,131.08531576925296,1758400,2023-07-26
130.4246826171875,130.4246826171875,132.30116548880818,130.0991749033865,131.41078896747,1385100,2023-07-27
131.10446166992188,131.10446166992188,131.50656209974687,129.87900856705897,131.02786902492377,1483400,2023-07-28
131.8033447265625,131.8033447265625,132.06184306806128,129.95559653633177,130.52045083824711,1463400,2023-07-31
130.54916381835938,130.54916381835938,132.0905559603926,130.0704707880205,132.0522523371764,1667300,2023-08-01
129.2471160888672,129.2471160888672,133.2298455425469,126.87280278740693,128.1748483930887,2702200,2023-08-02
129.84072875976562,129.84072875976562,130.45345542360275,127.78235400383555,128.6822994869679,2392300,2023-08-03
128.6248321533203,128.6248321533203,130.6066138420346,128.37590241054107,130.6066138420346,1389500,2023-08-04
129.3524169921875,129.3524169921875,130.25236212744895,128.7301219647239,129.20881494232677,1152500,2023-08-07
128.4237823486328,128.4237823486328,129.22798323846254,127.42810714339893,128.57696764437767,1023500,2023-08-08
127.60041046142578,127.60041046142578,128.7588539995759,127.48552881116521,128.73013358701076,889700,2023-08-09
128.64398193359375,128.64398193359375,129.73540164197686,127.8780846430862,127.8780846430862,1148900,2023-08-10
128.48121643066406,128.48121643066406,128.72056296447997,127.69616739619552,128.52908865913787,808000,2023-08-11
129.04608154296875,129.04608154296875,129.61095051254276,128.23231202503047,128.32804188143564,1484500,2023-08-14
127.06430053710938,127.06430053710938,129.46733469495825,127.00685970116504,129.06523423479356,1247500,2023-08-15
125.95372009277344,125.95372009277344,126.92068945786362,125.56118826354977,126.27922787910622,2082800,2023-08-16
124.38359832763672,124.38359832763672,126.19305744274394,124.33572610170803,126.19305744274394,1582700,2023-08-17
123.61767578125,123.61767578125,124.39315610473491,122.90921948994333,123.80916466830148,1308800,2023-08-18
123.31132507324219,123.31132507324219,124.2591279049028,123.03367494040401,123.47407894727935,1537100,2023-08-21
123.93363189697266,123.93363189697266,123.97193552305203,122.83264368831595,123.47409064389151,1207700,2023-08-22
123.8857650756836,123.8857650756836,124.7761418139767,123.71344257646449,124.4314822069848,1441600,2023-08-23
124.01978302001953,124.01978302001953,124.76655758208324,123.79001971650932,123.79001971650932,1131100,2023-08-24
124.2112808227539,124.2112808227539,125.30270041833,124.10596776491091,124.78570373126334,1097300,2023-08-25
124.3796157836914,124.3796157836914,125.35111550496617,124.27380931930493,124.59122871246437,1815600,2023-08-28
123.98522186279297,123.98522186279297,125.04328631006003,123.38886627087516,124.45654414875617,1462700,2023-08-29
125.13948822021484,125.13948822021484,125.53384438132758,124.02371375595816,124.02371375595816,1617600,2023-08-30
124.4469223022461,124.4469223022461,125.8320194206381,124.4469223022461,125.17793925828974,1465300,2023-08-31
124.69701385498047,124.69701385498047,125.51461045607525,124.01407866944317,124.97595011685183,1094000,2023-09-01
123.77361297607422,123.77361297607422,124.61045113033656,123.75438611422453,124.61045113033656,1435900,2023-09-05
122.04225158691406,122.04225158691406,123.89866384972832,121.82102525453817,123.40811467524416,1710200,2023-09-06
122.3404312133789,122.3404312133789,122.66746398160038,121.13809190933516,122.06148761422115,1396800,2023-09-07
121.70560455322266,121.70560455322266,123.01375043224301,121.58056389511682,122.57129040529458,728900,2023-09-08
121.90760040283203,121.90760040283203,122.39815695700685,121.46514036242839,121.83065625469489,981700,2023-09-11
123.17725372314453,123.17725372314453,123.39848004382564,121.12847020670085,121.57093018655972,1137500,2023-09-12
124.14875793457031,124.14875793457031,124.25454970657495,123.03298350458459,123.45620930057876,1436500,2023-09-13
126.66886138916016,126.66886138916016,127.30370010768223,124.44694055132739,124.87977979504899,1657800,2023-09-14
123.10993957519531,123.10993957519531,126.9381916336311,122.96565737271574,126.9381916336311,2581200,2023-09-15
122.70594024658203,122.70594024658203,124.54311089502741,122.38852090771296,123.36001312432887,1253800,2023-09-18
121.93643951416016,121.93643951416016,122.57127818857079,121.0322853485557,122.1191974365202,1299300,2023-09-19
122.20578002929688,122.20578002929688,123.53315275173135,121.79217498053954,122.22501423083327,1437200,2023-09-20
119.93574523925781,119.93574523925781,122.00376284440529,119.76260809656912,122.00376284440529,1492700,2023-09-21
120.23393249511719,120.23393249511719,121.032287568124,119.36824671345298,119.89727895183023,1534100,2023-09-22
120.205078125,120.205078125,120.61868314838594,119.53176369657109,119.77223156276065,1048500,2023-09-25
119.28168487548828,119.28168487548828,119.98384694977896,118.74303185386447,119.50291120741662,1500600,2023-09-26
117.32909393310547,117.32909393310547,119.66644207392463,116.52111802173098,119.28169198938905,1922300,2023-09-27
119.34900665283203,119.34900665283203,119.48366806353457,116.90585238387713,117.05974799389583,1722700,2023-09-28
120.17623138427734,120.17623138427734,120.57059489581387,119.52215844991424,120.0704249288291,2610000,2023-09-29
120.29164123535156,120.29164123535156,120.59943980593111,119.05082618375053,119.78185054081325,1965400,2023-10-02
118.3005599975586,118.3005599975586,119.98383492715931,117.81001087322088,119.63756064027602,2100400,2023-10-03
118.81998443603516,118.81998443603516,119.28168598192437,117.71383075064186,118.54104082225791,1381200,2023-10-04
117.19441223144531,117.19441223144531,119.19510657942254,117.0212824179344,118.83921884476567,1240200,2023-10-05
114.90516662597656,114.90516662597656,116.77119965370962,113.68359306993806,116.75195811446659,2111900,2023-10-06
114.37613677978516,114.37613677978516,114.5396531638133,112.87561233891864,114.18375808813728,1840000,2023-10-09
115.78046417236328,115.78046417236328,116.01131125580244,114.86668193048514,114.94363340446368,1643300,2023-10-10
113.86634063720703,113.86634063720703,115.0686799605626,113.13532361232458,114.6454615089193,1725500,2023-10-11
111.81756591796875,111.81756591796875,114.21262398478726,111.28853363844176,114.12605906913598,1790600,2023-10-12
112.42353057861328,112.42353057861328,112.54857856168734,111.12500561024454,111.56746558932221,1352900,2023-10-13
113.93367767333984,113.93367767333984,114.58775059511058,112.64477336959895,113.0679991832439,1627700,2023-10-16
114.88593292236328,114.88593292236328,115.40534440671689,114.33766646751732,114.50118285930537,1267500,2023-10-17
116.3768310546875,116.3768310546875,116.92509751767622,114.79936237736918,114.91478959954998,2039300,2023-10-18
115.96321868896484,115.96321868896484,117.31946094454355,114.27994366561343,115.88627455086915,1901400,2023-10-19
115.37648010253906,115.37648010253906,116.52110950225571,115.08792306410841,115.43419738102276,1568400,2023-10-20
114.23185729980469,114.23185729980469,115.04944657779637,113.95291369418457,114.56851084503693,1495700,2023-10-23
115.33800506591797,115.33800506591797,115.68427202441391,114.34727134266384,114.54926345949336,1246800,2023-10-24
115.72276306152344,115.72276306152344,116.63654543103661,114.95327022974641,115.21297231757801,985800,2023-10-25
114.22223663330078,114.22223663330078,116.35759246283652,114.2030024329117,116.1075038267971,1374500,2023-10-26
114.88593292236328,114.88593292236328,115.66504647964516,113.77015847334508,114.50118285930537,2331000,2023-10-27
115.2995376586914,115.2995376586914,116.04017547390855,114.71279546520246,115.70352192153712,1551900,2023-10-30
116.25179290771484,116.25179290771484,116.73272866942523,114.86669556566977,116.01132502685965,2006600,2023-10-31
116.67500305175781,116.67500305175781,117.81001159045269,114.97248657446733,117.2328828831361,2788100,2023-11-01
119.53176879882812,119.53176879882812,120.93610765519716,118.10820307977872,118.15629225197121,1920500,2023-11-02
121.52284240722656,121.52284240722656,122.01339892950735,119.16626015560804,119.5221552542819,1754600,2023-11-03
121.57093048095703,121.57093048095703,121.87872904762582,120.73409968790595,121.56130971179644,1537900,2023-11-06
120.69564056396484,120.69564056396484,121.56131905403349,120.2339390092306,121.49398834172821,1408000,2023-11-07
120.82068634033203,120.82068634033203,121.25352560371466,120.52250850726834,121.01305771550263,1015300,2023-11-08
119.95499420166016,119.95499420166016,121.2823742333121,119.51253419110952,121.21504352167389,1096900,2023-11-09
121.14771270751953,121.14771270751953,121.27276069938266,118.88731614615301,119.81071190719433,1317200,2023-11-10
120.5321044921875,120.5321044921875,120.97456446183233,120.09926529145788,120.71486240909385,1230500,2023-11-13
122.66747283935547,122.66747283935547,123.1291670558888,121.23428634022474,121.23428634022474,1353700,2023-11-14
121.79217529296875,121.79217529296875,123.36963667040709,121.65751386637649,123.09070038567836,1309400,2023-11-15
122.9560317993164,122.9560317993164,123.54277398322967,121.57093453388222,121.79216820097122,1554600,2023-11-16
122.79251861572266,122.79251861572266,123.59087371808207,122.3981477801606,123.52353566845204,1089600,2023-11-17
123.2349853515625,123.2349853515625,123.67745274779672,122.44625826740052,123.06185550759862,915000,2023-11-20
123.35041046142578,123.35041046142578,123.95637954580695,122.88870889744871,123.60049177585334,983700,2023-11-21
124.0237045288086,124.0237045288086,124.41807533757519,123.62933372004201,124.00446299065106,980600,2023-11-22
123.61009979248047,123.61009979248047,124.1583735862777,122.96564765596042,123.96600222383793,555600,2023-11-24
123.40232849121094,123.40232849121094,124.09815295242551,122.94810933607314,123.26703010966463,1143800,2023-11-27
122.14598083496094,122.14598083496094,123.3926651285443,121.52747182665416,123.3926651285443,1392800,2023-11-28
121.30519104003906,121.30519104003906,122.52288386934124,120.93795362246937,122.52288386934124,1240100,2023-11-29
121.33419036865234,121.33419036865234,121.65310377615165,120.280787376582,121.65310377615165,2608900,2023-11-30
123.0544204711914,123.0544204711914,123.21871031537506,120.33877172418411,121.37284217464753,1560500,2023-12-01
121.43083190917969,121.43083190917969,123.1703857405839,120.19381388510317,122.1749730297476,2911500,2023-12-04
120.2034683227539,120.2034683227539,121.95269573940261,120.0198533052957,121.76907334873566,1600000,2023-12-05
120.61902618408203,120.61902618408203,121.07324532241608,119.85555256033881,120.85097257804529,1596600,2023-12-06
120.09716796875,120.09716796875,120.995940044704,119.54630813982395,120.75433472722399,1901700,2023-12-07
120.16481018066406,120.16481018066406,121.04425702433234,120.00052034389374,120.77366026419094,1192900,2023-12-08
122.3779296875,122.3779296875,122.4649114407885,120.23248054024805,120.35811265809856,1182400,2023-12-11
123.76957702636719,123.76957702636719,123.83721884598154,122.10732391725897,122.66785001391503,1703100,2023-12-12
126.53353118896484,126.53353118896484,126.87178453573766,123.60528326170919,123.60528326170919,1927300,2023-12-13
126.70748138427734,126.70748138427734,127.48062127685671,125.00658541773628,127.20035087691845,3238700,2023-12-14
124.32041931152344,124.32041931152344,126.43688404333838,123.91452418775873,125.79904252895804,2667500,2023-12-15
126.08897399902344,126.08897399902344,126.39822111207899,123.52795636763173,125.50911538572075,1883900,2023-12-18
125.86668395996094,125.86668395996094,127.53858826206627,125.80868630946587,126.7074655619511,1704200,2023-12-19
124.70698547363281,124.70698547363281,126.25326529609379,124.62001110455391,125.86670271368718,1321400,2023-12-20
125.61543273925781,125.61543273925781,125.86671170755291,124.0884853607336,125.53811726796843,1211600,2023-12-21
125.6347427368164,125.6347427368164,126.11795328580416,125.06455782815061,125.53809472845258,991500,2023-12-22
125.88602447509766,125.88602447509766,126.32092582698935,125.20953256142506,125.51879443419982,627500,2023-12-26
126.44654083251953,126.44654083251953,126.71713757717234,125.8280318809679,126.0696371705805,1050400,2023-12-27
126.13731384277344,126.13731384277344,126.63018340346214,125.99234179803986,126.44656099465097,882500,2023-12-28
126.27259063720703,126.27259063720703,126.84277557493728,125.83770407023339,126.03098535039763,1196800,2023-12-29
124.69731903076172,124.69731903076172,126.31124057167376,124.62000356967165,125.37381088227929,1485300,2024-01-02
124.76497650146484,124.76497650146484,126.15661057201312,124.61034557815398,125.69273254849703,1483600,2024-01-03
124.36874389648438,124.36874389648438,125.26750851475771,123.49896336066193,124.08847349655488,3019000,2024-01-04
124.0304946899414,124.0304946899414,124.76498424806387,123.16072149854286,124.52337894529566,1409200,2024-01-05
124.32041931152344,124.32041931152344,124.45571768611168,122.90944528138297,123.90486528472273,1204100,2024-01-08
123.91453552246094,123.91453552246094,123.99185099307168,122.98677199475938,123.56662327792172,968400,2024-01-09
124.86161804199219,124.86161804199219,125.21920391914408,122.73549431804962,123.70191553315237,1208700,2024-01-10
124.66832733154297,124.66832733154297,124.70697768880396,123.30566998203501,124.07880984500227,1271600,2024-01-11
124.79398345947266,124.79398345947266,125.13222205651608,124.01118458928678,125.13222205651608,1081800,2024-01-12
125.45113372802734,125.45113372802734,125.73140413427893,123.84687099541078,124.36874670188473,1635900,2024-01-16
124.74566650390625,124.74566650390625,125.65410490958584,124.42674569682177,124.55238518802997,1314900,2024-01-17
126.07931518554688,126.07931518554688,126.49486921978975,124.66833375692865,125.16120325609471,1896500,2024-01-18
127.85752868652344,127.85752868652344,128.11846654151466,125.7314049795565,126.43688833195182,1927800,2024-01-19
126.65914916992188,126.65914916992188,128.18609630357216,126.63981661859528,128.0894482933551,1543400,2024-01-22
127.32599639892578,127.32599639892578,127.55794280164555,126.71714630829739,126.71714630829739,1059700,2024-01-23
125.09356689453125,125.09356689453125,127.33565648938415,124.85196158601939,127.32599758575407,1790100,2024-01-24
125.84737396240234,125.84737396240234,125.93434833410866,124.22377862512892,125.47047027192386,1871700,2024-01-25
124.75530242919922,124.75530242919922,126.30158216423139,124.34940731669698,125.55743375143572,1157000,2024-01-26
126.16629791259766,126.16629791259766,126.16629791259766,123.98217643645967,124.76499004076442,1482100,2024-01-29
126.23393249511719,126.23393249511719,126.81379111400548,125.22886093498366,125.98266829168811,1421500,2024-01-30
125.14188385009766,125.14188385009766,127.54826314949837,124.91959636137838,127.03606110404425,2154200,2024-01-31
126.06964874267578,126.06964874267578,126.09864020037713,123.71157854017969,124.96792911077065,1440700,2024-02-01
124.42672729492188,124.42672729492188,125.6734041324048,123.40232320050302,125.28684155782233,1823800,2024-02-02
122.0879898071289,122.0879898071289,123.72124396568073,121.51779747514107,123.72124396568073,2614600,2024-02-05
122.99642181396484,122.99642181396484,123.8662023610695,121.52746484690586,121.76907014481223,2899100,2024-02-06
125.28684997558594,125.28684997558594,128.19577262276857,123.82755920011083,123.82755920011083,3539100,2024-02-07
126.02132415771484,126.02132415771484,126.3015945761101,124.36875209058431,125.27719041820829,2161400,2024-02-08
125.89569854736328,125.89569854736328,126.03099693055155,124.97760132241295,126.03099693055155,1951300,2024-02-09
126.9490966796875,126.9490966796875,127.5289553314056,125.90535995444576,125.90535995444576,1849000,2024-02-12
126.80412292480469,126.80412292480469,126.80412292480469,125.43179194369307,126.11795743424888,1765700,2024-02-13
129.5100860595703,129.5100860595703,129.74203243184527,127.01671785667334,127.18102242021124,2803100,2024-02-14
130.85342407226562,130.85342407226562,131.05637901189948,129.37480082173252,129.50044029609717,3128200,2024-02-15
130.031982421875,130.031982421875,131.28833299891312,129.88701038620636,130.68914179503517,2565900,2024-02-16
130.09996032714844,130.09996032714844,130.78955978523445,129.2646781484464,129.94455554501417,2270600,2024-02-20
131.34317016601562,131.34317016601562,131.411165316413,129.39094759051534,130.16795668820149,2327900,2024-02-21
133.3828125,133.3828125,133.76160238400936,131.09064389362615,131.52770686437307,2328100,2024-02-22
134.34437561035156,134.34437561035156,134.68430692190736,133.15944000045783,133.62563955870917,1592200,2024-02-23
134.09182739257812,134.09182739257812,134.49004658178652,133.63533511621054,134.4414807357487,1769800,2024-02-26
133.10113525390625,133.10113525390625,134.19866108660796,132.71263814120178,134.09182215758202,1827100,2024-02-27
134.61630249023438,134.61630249023438,134.78141449547078,132.53781192400254,132.91660177606585,1417500,2024-02-28
134.4414825439453,134.4414825439453,135.6361253074226,133.98499026143804,134.8202724357901,2257700,2024-02-29
133.47021484375,133.47021484375,133.7907316235243,132.2950014714588,133.5090734462639,1704800,2024-03-01
134.5677490234375,134.5677490234375,134.65515865421008,132.76120921972685,133.15942840908923,2421400,2024-03-04
134.7134246826172,134.7134246826172,135.0048049234734,133.85872808171095,134.76199052612898,2283400,2024-03-05
135.53900146484375,135.53900146484375,135.81095240807088,134.80083620161452,135.05337266333603,1772600,2024-03-06
136.34515380859375,136.34515380859375,137.56893311374438,135.6555543553941,135.97607115869403,1939800,2024-03-07
135.5487060546875,135.5487060546875,136.83077317929775,135.16020894916508,135.99549106423143,1365000,2024-03-08
136.05377197265625,136.05377197265625,136.37428877224212,134.75229029207028,135.4515969784003,1711300,2024-03-11
136.69479370117188,136.69479370117188,137.4523734088715,135.81094576878428,136.02462361661895,1464800,2024-03-12
134.38320922851562,134.38320922851562,137.13187016015812,134.15982411837396,136.9473288351741,3361400,2024-03-13
133.21771240234375,133.21771240234375,134.46092109804917,132.363000866465,134.0821311801423,3091900,2024-03-14
132.90689086914062,132.90689086914062,133.5770610067733,132.17844764479472,132.54753028759887,4164800,2024-03-15
132.353271484375,132.353271484375,133.44107520609433,132.31441288276264,132.48924694958993,2384500,2024-03-18
133.3439483642578,133.3439483642578,133.47021659376176,131.99390090338179,132.5086662418314,2266500,2024-03-19
132.58639526367188,132.58639526367188,133.48967271274626,131.87738122831172,133.43139961671906,1699600,2024-03-20
132.6446533203125,132.6446533203125,133.19826242816558,131.29459107191244,132.2852779420143,1506100,2024-03-21
132.3144073486328,132.3144073486328,132.7903288670864,131.75107621052862,132.68348994744227,1296400,2024-03-22
130.75070190429688,130.75070190429688,132.2561542466084,130.55645333566025,132.1493153108259,2486600,2024-03-25
130.92555236816406,130.92555236816406,131.49859090440106,130.7215817124399,131.20721060488842,1470400,2024-03-26
133.3730926513672,133.3730926513672,133.38279989150072,131.6928064347881,131.86764049868924,1634700,2024-03-27
134.66485595703125,134.66485595703125,134.83969002588907,133.44107675588398,133.44107675588398,1770900,2024-03-28
136.4325714111328,136.4325714111328,136.68509307990297,134.44149014594117,134.5677583904345,2227600,2024-04-01
136.66566467285156,136.66566467285156,137.35524927586854,135.3253244300651,136.4714012948944,1987400,2024-04-02
135.0145263671875,135.0145263671875,136.7530859343844,134.77171194429982,136.7530859343844,1543800,2024-04-03
132.36297607421875,132.36297607421875,135.95662600026546,131.95504968674237,135.95662600026546,2640400,2024-04-04
132.18817138671875,132.18817138671875,132.93602910266722,131.25575752680638,132.4115564953647,1735600,2024-04-05
131.3334503173828,131.3334503173828,132.36298097439632,130.6341436786162,131.98419111341562,1770400,2024-04-08
133.08172607421875,133.08172607421875,133.2177015511039,130.99351325464968,131.1780545776114,1395500,2024-04-09
133.9849853515625,133.9849853515625,134.17923391099262,130.94495908695396,131.1489148872803,1901000,2024-04-10
134.3540802001953,134.3540802001953,134.77171389991844,133.03316912771047,134.49005568617685,1425000,2024-04-11
133.83929443359375,133.83929443359375,134.5094645197336,133.23710466999088,134.43176213668116,1950400,2024-04-12
133.71304321289062,133.71304321289062,135.2184955830248,132.9651706485914,134.3929206257917,2962700,2024-04-15
134.0335693359375,134.0335693359375,134.41235926516518,132.8583409389805,133.5770770083789,1950500,2024-04-16
133.86843872070312,133.86843872070312,134.88826217948161,133.41194645649003,134.57745262928756,1516600,2024-04-17
133.9072723388672,133.9072723388672,134.35405732829992,133.2273950246991,133.8878578586152,2178700,2024-04-18
134.5191650390625,134.5191650390625,134.7425501165434,133.8684242862522,134.7425501165434,1673700,2024-04-19
135.06307983398438,135.06307983398438,136.15088360632825,133.8295785291349,134.4706121036439,1570500,2024-04-22
136.0731964111328,136.0731964111328,136.83077615754115,135.34475320726213,135.56813830678894,2140500,2024-04-23
137.73403930664062,137.73403930664062,137.74376136767847,135.25732943702974,135.72354376039732,1909500,2024-04-24
137.49122619628906,137.49122619628906,138.08369393678197,136.35485656030403,137.8991526179082,1693100,2024-04-25
137.69520568847656,137.69520568847656,138.68587785328523,136.59767976565288,136.7822210964161,2008100,2024-04-26
139.07437133789062,139.07437133789062,139.08407857814024,137.0055880082374,137.9962748616196,2221000,2024-04-29
137.19012451171875,137.19012451171875,138.7538497095812,135.7332382337182,135.97605261338495,4087300,2024-04-30
131.4403076171875,131.4403076171875,134.0238566815478,130.71186433499528,132.57667735898136,4639900,2024-05-01
131.18775939941406,131.18775939941406,132.68348944859486,130.88665712139368,131.60539301631687,2425400,2024-05-02
130.478759765625,130.478759765625,132.07162184848153,130.07083329784408,131.9745049677052,2452500,2024-05-03
132.26585388183594,132.26585388183594,133.2953993948147,130.34276796855613,130.75069438529943,2295500,2024-05-06
132.00364685058594,132.00364685058594,132.5863926194535,131.82881274577346,132.57668537704848,1922600,2024-05-07
133.02346801757812,133.02346801757812,133.3731214005358,131.58599587640927,131.9065127124719,1891000,2024-05-08
133.9849853515625,133.9849853515625,134.36377522952654,132.68350370114402,133.25654213853818,2010600,2024-05-09
133.66448974609375,133.66448974609375,135.63614183624864,132.46013959460058,134.17925517927404,2066200,2024-05-10
132.46011352539062,132.46011352539062,134.29578975909416,132.3435525380249,133.93641437668717,1742300,2024-05-13
133.5382080078125,133.5382080078125,134.47060697131622,132.27557020869585,132.5960869837172,2180300,2024-05-14
134.36378479003906,134.36378479003906,135.14079390326194,133.19827853031282,133.19827853031282,1810300,2024-05-15
137.58836364746094,137.58836364746094,137.8408853037374,135.18935604207942,135.976072375302,2419700,2024-05-16
137.58836364746094,137.58836364746094,137.63692949449526,136.18975024608045,137.43295886503736,1346400,2024-05-17
135.65554809570312,135.65554809570312,137.54949746397597,135.2379144386905,137.45238059547336,1227400,2024-05-20
135.29620361328125,135.29620361328125,136.01492484248783,134.55803825976093,135.9955103586075,1192000,2024-05-21
135.1310577392578,135.1310577392578,135.3058769717025,133.99468826772832,135.3058769717025,1011200,2024-05-22
133.07200622558594,133.07200622558594,135.13108253579034,132.40185089136156,135.03395084202208,1621400,2024-05-23
134.35060119628906,134.35060119628906,134.67269306961973,133.4136201948221,133.6088233290407,1453200,2024-05-24
132.603515625,132.603515625,134.21396013001018,132.50590660946523,134.21396013001018,1921600,2024-05-28
131.44204711914062,131.44204711914062,133.1012962615734,131.03211602934283,132.19359489695955,1462100,2024-05-29
131.6079559326172,131.6079559326172,132.24238472664248,131.13946543815362,131.82268384529723,1587600,2024-05-30
134.13587951660156,134.13587951660156,134.27253809925665,131.56892914085518,131.92030075600138,2282900,2024-05-31
135.99032592773438,135.99032592773438,136.00008087084962,132.94511565497675,133.85281683510914,1618100,2024-06-03
138.14736938476562,138.14736938476562,138.8208329051195,135.64873334458858,136.03915453401973,2125200,2024-06-04
137.1615753173828,137.1615753173828,138.3523338086255,136.47835689446768,138.20593517980248,1944000,2024-06-05
137.4543914794922,137.4543914794922,138.74274412986748,136.40027664206963,137.09326492249332,1528900,2024-06-06
136.61500549316406,136.61500549316406,138.26449960477822,136.45883702143897,136.9273275435691,1467100,2024-06-07
134.50677490234375,134.50677490234375,136.90781673662505,134.38965599585762,136.52716539750006,1717000,2024-06-10
133.7259521484375,133.7259521484375,134.75078729539513,133.3355458510468,134.18468773904667,2149700,2024-06-11
134.00900268554688,134.00900268554688,135.2680755908879,133.61858151459413,134.16517115392796,1279900,2024-06-12
134.7019805908203,134.7019805908203,134.78983466539094,133.2477044976396,133.38434818880515,1554700,2024-06-13
133.51121520996094,133.51121520996094,134.57509985071272,132.76943733774252,134.08708456537423,1418500,2024-06-14
133.63809204101562,133.63809204101562,134.92645942816017,132.7596705629031,133.15983174250712,1327800,2024-06-17
132.17404174804688,132.17404174804688,134.20418687115384,131.6274670789494,134.02850853881938,2540800,2024-06-18
130.9344940185547,130.9344940185547,132.46686915053294,130.80762017268404,131.4517890253009,3170900,2024-06-20
131.07113647460938,131.07113647460938,131.89101345825077,130.17319015256817,131.87148867712864,3868100,2024-06-21
130.7783660888672,130.7783660888672,131.86176082152005,130.1341822169012,131.2078071104638,2477100,2024-06-24
129.1581268310547,129.1581268310547,130.7880960922026,128.5139430819415,130.7880960922026,2364100,2024-06-25
128.7969970703125,128.7969970703125,129.8120622825903,128.12353361242552,128.68963311480815,1392500,2024-06-26
129.43141174316406,129.43141174316406,129.6266148744224,128.49441586286204,128.91411674345954,1355500,2024-06-27
129.28500366210938,129.28500366210938,129.80229862397908,128.5627357469313,129.3337932715723,5819000,2024-06-28
126.59117126464844,126.59117126464844,129.6071023735223,126.31788387638422,129.3826194959579,2789000,2024-07-01
126.91325378417969,126.91325378417969,127.76239561402791,125.97627277739088,126.50332273207901,2331500,2024-07-02
126.47405242919922,126.47405242919922,126.98159253329938,125.87867314161414,126.66925557906984,935900,2024-07-03
126.02506256103516,126.02506256103516,126.58140713516343,125.15639594857184,126.22028058966974,1477600,2024-07-05
124.87335205078125,124.87335205078125,127.31342844729316,124.55126017927634,126.75708388022713,1846100,2024-07-08
123.62403106689453,123.62403106689453,125.21495071076684,123.55570178082236,124.42437580727699,1709400,2024-07-09
126.07386779785156,126.07386779785156,126.25931599030093,123.43858821952354,123.7606800969812,2494000,2024-07-10
126.41548156738281,126.41548156738281,127.24509860274004,125.36136678153684,125.82010233351734,1623300,2024-07-11
128.16258239746094,128.16258239746094,128.32850582096225,126.28860533474243,127.16702696340722,2338800,2024-07-12
124.82454681396484,124.82454681396484,128.80675325694,124.7855046982664,127.87952721029903,2157100,2024-07-15
125.82986450195312,125.82986450195312,126.11292171906624,123.22386455942613,123.61427829287933,2381300,2024-07-16
126.23004150390625,126.23004150390625,126.84494555848882,125.42968924917687,125.97627890494209,1753800,2024-07-17
125.23448181152344,125.23448181152344,125.84938584502811,123.59475013304834,123.59475013304834,1714700,2024-07-18
123.88756561279297,123.88756561279297,125.99578785799075,123.71187980514961,125.94698334888658,2045800,2024-07-19
125.52729797363281,125.52729797363281,125.59561237228989,123.38978854418912,123.79971961526739,1605300,2024-07-22
123.42881774902344,123.42881774902344,125.55656456468347,123.17504773068183,125.55656456468347,1298600,2024-07-23
122.9310531616211,122.9310531616211,123.78996486986007,121.76958179169655,122.9505779440025,1620500,2024-07-24
124.082763671875,124.082763671875,125.68346065732744,122.97985180862503,123.16529999979501,1987000,2024-07-25
124.980712890625,124.980712890625,125.94697358799439,124.35605394442025,124.62934130256959,1874400,2024-07-26
127.30365753173828,127.30365753173828,127.89903676316537,124.01443934287819,124.85382621188943,2150700,2024-07-29
129.001953125,129.001953125,129.43140894029494,126.74732498774553,127.04989206860043,1410500,2024-07-30
129.64613342285156,129.64613342285156,130.81736704713995,128.4553750184627,129.57780413902165,1943100,2024-07-31
131.27610778808594,131.27610778808594,131.5201154233798,128.5041846254785,130.261042578203,1627800,2024-08-01
131.93980407714844,131.93980407714844,133.316010742383,129.8120646029938,131.5201180846121,2301500,2024-08-02
130.1243896484375,130.1243896484375,132.95487205942723,128.81649749751878,131.88123258323495,3665000,2024-08-05
133.5697784423828,133.5697784423828,136.5173797976174,133.1207978642835,133.71617705858728,2981100,2024-08-06
133.1500701904297,133.1500701904297,135.05332656056996,131.5201011507176,133.3062386344008,3071000,2024-08-07
133.81381225585938,133.81381225585938,135.0826402260922,132.9744252748944,132.98418022020292,1355100,2024-08-08
133.51121520996094,133.51121520996094,134.4872457806379,133.16961344605076,134.1358741794724,1446300,2024-08-09
132.37904357910156,132.37904357910156,132.96465304103253,131.5786912868361,132.70113548503429,1431300,2024-08-12
134.2920379638672,134.2920379638672,135.37543245527468,132.7206282041328,132.82799215888647,2388300,2024-08-13
133.96994018554688,133.96994018554688,134.88741123238705,133.76498212200207,134.20419286549864,1267900,2024-08-14
134.50677490234375,134.50677490234375,134.84839157032175,133.5014645735509,134.6141388643044,1134100,2024-08-15
134.10659790039062,134.10659790039062,134.7312568859561,133.4429042439345,134.65318754417476,1669800,2024-08-16
133.41363525390625,133.41363525390625,135.11191909565082,133.15010280179044,134.41894565699872,1671300,2024-08-19
133.66738891601562,133.66738891601562,134.8679023949618,133.15984882931306,133.61858440695949,1713300,2024-08-20
134.44821166992188,134.44821166992188,135.11190531208112,133.24769823304877,134.01875583415077,1583200,2024-08-21
133.48193359375,133.48193359375,134.84838530917114,133.26720567979874,134.62388755810295,1393600,2024-08-22
132.27166748046875,132.27166748046875,134.11636466851826,131.71532290495566,134.11636466851826,1657800,2024-08-23
131.71533203125,131.71533203125,133.03297935388738,131.52988382656298,132.6718378894274,1727500,2024-08-26
131.93113708496094,131.93113708496094,132.34311356081636,131.18565798113053,131.63686389724816,2079100,2024-08-27
133.0591583251953,133.0591583251953,133.6967526856518,131.79380315659157,132.1763537859234,2180100,2024-08-28
132.66680908203125,132.66680908203125,134.05968616873218,132.0684591041131,133.21611103539436,1563000,2024-08-29
132.3430938720703,132.3430938720703,133.30437217272316,131.84284000453087,132.85316632373164,1892900,2024-08-30
130.93060302734375,130.93060302734375,133.05915545409232,130.09684652876746,132.02922183628365,1866500,2024-09-03
132.23519897460938,132.23519897460938,132.41176885426216,131.12677657844367,131.37200171264993,1877000,2024-09-04
131.93113708496094,131.93113708496094,132.3921615866612,131.3033612692732,132.22541027267368,1570000,2024-09-05
131.31314086914062,131.31314086914062,132.89239122140538,131.01888270260642,131.85263912004226,1930100,2024-09-06
130.49900817871094,130.49900817871094,131.6368564576369,129.91047680390304,131.25430582543743,2379100,2024-09-09
130.35189819335938,130.35189819335938,131.60744993790644,130.2734243384055,130.52846810884495,2174300,2024-09-10
131.4700927734375,131.4700927734375,131.6564662631515,128.13503706149962,129.9006459870233,2067500,2024-09-11
130.86195373535156,130.86195373535156,132.60795562060216,130.58730276243725,131.50935172894484,1613600,2024-09-12
131.0973663330078,131.0973663330078,131.39163952248342,130.3911166652088,130.9306150180214,1811500,2024-09-13
131.98995971679688,131.98995971679688,132.8923863180291,131.23466219340307,131.86243787110172,1929300,2024-09-16
129.8221893310547,129.8221893310547,132.627565406622,129.6358158381641,132.01939690865993,2009600,2024-09-17
128.10562133789062,128.10562133789062,130.5578727802901,127.7819223514113,129.87123040253425,2186200,2024-09-18
128.5862579345703,128.5862579345703,129.9791350107736,127.48765403612391,129.59658436989633,2616500,2024-09-19
127.23262023925781,127.23262023925781,128.40969793643785,126.2615232812229,128.26255386969348,3272700,2024-09-20
127.8800048828125,127.8800048828125,128.66472834677438,127.20318108223732,127.35032515086745,2140700,2024-09-23
131.24449157714844,131.24449157714844,131.7153196323294,128.00751689215195,129.13554649468142,2697000,2024-09-24
130.54806518554688,130.54806518554688,131.52896584508338,129.48869067716473,131.24451123945454,1396100,2024-09-25
135.43295288085938,135.43295288085938,135.78606272781897,131.71533122913357,131.71533122913357,2573000,2024-09-26
137.2476043701172,137.2476043701172,137.345700412924,134.3735729176052,134.89344901630093,2778300,2024-09-27
137.0416259765625,137.0416259765625,138.77780921854762,135.94300715429875,137.3064583554284,2267200,2024-09-30
136.5806121826172,136.5806121826172,137.46341678253864,135.7664628453155,137.12009556737132,2070000,2024-10-01
136.87486267089844,136.87486267089844,137.22798748438663,135.50160782253062,136.07053196467024,1345200,2024-10-02
134.58937072753906,134.58937072753906,136.01167352814846,134.57955214295575,135.99205132633637,1993400,2024-10-03
133.9615936279297,133.9615936279297,135.1877193001454,132.94144868692774,134.57955078892542,1229600,2024-10-04
133.28475952148438,133.28475952148438,134.45203346565006,132.34308849264426,133.5397882532718,1473200,2024-10-07
132.1469268798828,132.1469268798828,134.00082837100388,131.00907861883627,133.39267480305193,1506200,2024-10-08
132.1861572265625,132.1861572265625,133.54960843875125,132.03902812599918,132.42157875481888,1574100,2024-10-09
130.724609375,130.724609375,132.17633787471306,129.96931182485702,131.74473927463134,1569900,2024-10-10
131.4602813720703,131.4602813720703,132.31365996669626,130.79326128876903,130.92078313572802,1334400,2024-10-11
132.07826232910156,132.07826232910156,132.5687126384816,130.74423688889365,131.17583555592498,1037900,2024-10-14
130.67556762695312,130.67556762695312,132.15672201432977,130.14587296785936,131.64666452372234,1421700,2024-10-15
130.80308532714844,130.80308532714844,131.3621908191446,128.54701122394786,129.7535146265531,1701700,2024-10-16
131.1758270263672,131.1758270263672,131.30334888806783,129.61619873611707,131.27392306880688,1701900,2024-10-17
131.70553588867188,131.70553588867188,131.9311388497485,130.59711335264785,131.84286138246063,1243600,2024-10-18
131.44070434570312,131.44070434570312,131.9998249738936,130.52847380584467,131.03853143427048,1294900,2024-10-21
130.81289672851562,130.81289672851562,131.9016969275705,130.3518722769205,131.03849966205544,941700,2024-10-22
131.4602813720703,131.4602813720703,133.05913891405376,130.7246060408816,131.14638604643372,1605100,2024-10-23
130.61672973632812,130.61672973632812,131.44068266234464,129.83200624935048,131.44068266234464,1275500,2024-10-24
130.49900817871094,130.49900817871094,131.80360776220024,130.2930274361025,131.49953097344618,956500,2024-10-25
132.28424072265625,132.28424072265625,132.9610644557506,131.31314384899648,131.7055130255349,1318000,2024-10-28
131.4112548828125,131.4112548828125,132.6766100740978,131.4112548828125,131.98017902820877,1487200,2024-10-29
130.8423309326172,130.8423309326172,131.71533187124112,130.20475152713598,130.7148090645788,1414700,2024-10-30
128.65492248535156,128.65492248535156,131.1464033500714,128.51759700410489,130.92080040959934,2219000,2024-10-31
129.81239318847656,129.81239318847656,130.79329387444182,129.30233560827142,129.6750676911357,1888600,2024-11-01
130.22433471679688,130.22433471679688,131.44065662907406,129.32190812408257,129.9693059951665,2670100,2024-11-04
132.1469268798828,132.1469268798828,134.33433097489012,130.55787273530902,130.6559538125582,3779500,2024-11-05
131.80360412597656,131.80360412597656,134.1872002818874,128.79224717453147,134.1872002818874,3201200,2024-11-06
134.44223022460938,134.44223022460938,135.20733147463906,131.81342387165714,132.42157743774357,2338100,2024-11-07
134.58937072753906,134.58937072753906,135.81549641209105,132.9218278226647,133.76540289233066,1726900,2024-11-08
134.01063537597656,134.01063537597656,135.92340352262315,133.9321615317806,134.09892780529412,1741200,2024-11-11
132.0390167236328,132.0390167236328,133.94196608581439,131.23467113039987,133.51036747162632,2156200,2024-11-12
132.67660522460938,132.67660522460938,134.4912772594131,131.54857556017777,131.8820781605926,3055000,2024-11-13
134.12835693359375,134.12835693359375,134.75613273528728,132.70603905258068,132.70603905258068,1797800,2024-11-14
131.0384979248047,131.0384979248047,135.05037749159175,130.8815502481819,133.34362015222007,1679000,2024-11-15
131.45046997070312,131.45046997070312,131.98016461981794,130.78346481831113,130.90116808817942,1444400,2024-11-18
129.6162109375,129.6162109375,130.80310730638774,129.4298374197332,130.48921191491604,1160000,2024-11-19
130.3420867919922,130.3420867919922,130.6461636071847,128.66474004813608,129.743736780132,1439000,2024-11-20
131.65647888183594,131.65647888183594,131.86245962479092,129.26307903846683,130.6167266473063,1031100,2024-11-21
132.68641662597656,132.68641662597656,133.27494795354872,131.61722369128225,131.9605448578815,992500,2024-11-22
134.4324188232422,134.4324188232422,136.00185066973697,132.4313733872172,133.62807321512227,3604600,2024-11-25
135.98223876953125,135.98223876953125,136.345167158746,134.54031386190297,136.345167158746,1805700,2024-11-26
136.66885375976562,136.66885375976562,137.3064330292404,136.0410781059889,136.16859994682474,1614100,2024-11-27
136.2863311767578,136.2863311767578,136.6885040132056,135.6487368090675,136.38441225592575,1003200,2024-11-29
137.03541564941406,137.03541564941406,137.40996882155127,135.36965869738916,135.95119069842744,2295900,2024-12-02
135.74423217773438,135.74423217773438,137.48884348173428,135.714663769182,137.3015668676479,1235900,2024-12-03
136.1779022216797,136.1779022216797,136.51302082930675,135.10354342905634,135.51751612786865,1522700,2024-12-04
136.14834594726562,136.14834594726562,136.7988659377099,135.23168021546462,136.37504207969496,939100,2024-12-05
135.65550231933594,135.65550231933594,137.5972410077254,135.42879117509182,136.58201905875583,968000,2024-12-06
137.084716796875,137.084716796875,137.143853611802,135.31053714965677,135.9019353786901,1411000,2024-12-09
136.23704528808594,136.23704528808594,137.08470800741384,134.5220025657581,136.62144960034624,1406200,2024-12-10
136.5524444580078,136.5524444580078,137.06498854617226,135.81320425079932,136.53274221452955,1357400,2024-12-11
136.65101623535156,136.65101623535156,136.88757851670846,135.46823490832813,136.66086735711954,1399700,2024-12-12
135.03456115722656,135.03456115722656,137.25228205214452,134.49244859715904,136.42433652761358,1044300,2024-12-13
133.11253356933594,133.11253356933594,135.93150371854682,133.00411106206315,135.09369206781327,1660300,2024-12-16
132.79710388183594,132.79710388183594,135.51751741396276,132.08743209431418,132.50140479705516,2263500,2024-12-17
129.57403564453125,129.57403564453125,132.66898750866494,129.3867590443641,132.4324252179463,2834400,2024-12-18
128.48980712890625,128.48980712890625,130.75681347389386,128.4602387233531,129.35718713148117,1939200,2024-12-19
130.46112060546875,130.46112060546875,131.46649156190566,128.272968250808,128.38139075630494,3212900,2024-12-20
131.93959045410156,131.93959045410156,132.01844454626357,130.03727120040898,131.33834116126155,1479100,2024-12-23
133.06324768066406,133.06324768066406,133.14210178037175,131.08208918510937,131.51576417367906,533000,2024-12-24
134.0489044189453,134.0489044189453,134.837430394092,132.27472473483581,132.42258181510945,1040900,2024-12-26
133.28993225097656,133.28993225097656,134.51214813056353,132.36341545966326,133.2012270364586,1146300,2024-12-27
131.60447692871094,131.60447692871094,132.48170805808195,131.09193282978873,132.20572624478865,1144600,2024-12-30
132.23529052734375,132.23529052734375,132.85624206795168,131.33834214216742,132.16628755623157,1217100,2024-12-31
131.64390563964844,131.64390563964844,133.97004897101783,131.19051336041616,132.49156842243258,2609900,2025-01-02
131.52561950683594,131.52561950683594,132.07758311946176,130.47096292994837,131.74246450320757,1154300,2025-01-03
128.3025360107422,128.3025360107422,132.2944363695127,128.12512556984996,131.38763680078475,2120800,2025-01-06
126.70578002929688,126.70578002929688,129.8500175869654,126.45936661618656,128.20397779217427,2103000,2025-01-07
125.90738677978516,125.90738677978516,126.39035493061208,125.14843682848571,125.9566724669867,2025400,2025-01-08
121.4818115234375,121.4818115234375,124.82317677226378,121.42267471122693,124.0149410856438,2555000,2025-01-10
121.95492553710938,121.95492553710938,122.57588460964354,120.37787373141059,121.03826737102159,2163100,2025-01-13
122.92086791992188,122.92086791992188,123.64039840566868,122.19148631186151,122.4970365422772,1793600,2025-01-14
123.96566009521484,123.96566009521484,124.64576354118206,122.74345163690428,124.64576354118206,1729700,2025-01-15
124.42891693115234,124.42891693115234,125.90739743301471,123.581254175156,123.88681192576725,1670400,2025-01-16
123.5221176147461,123.5221176147461,125.52299336151212,123.39398534483394,125.0893108603029,1604900,2025-01-17
123.89666748046875,123.89666748046875,124.31064775095521,122.79274014568078,123.03915357147324,2092700,2025-01-21
124.4092025756836,124.4092025756836,124.9611662029629,122.79273122155954,123.56153985096726,2498900,2025-01-22
125.1878662109375,125.1878662109375,125.52298482635494,123.7093858065754,123.94594056569007,2082400,2025-01-23
126.41993713378906,126.41993713378906,127.60273359620888,124.93160547308257,124.93160547308257,2295900,2025-01-24
129.01220703125,129.01220703125,129.75144727668228,126.68606379069443,127.00148018122191,2174700,2025-01-27
127.38587951660156,127.38587951660156,130.38225990981562,126.44949654383402,128.4405210713619,2423700,2025-01-28
127.31687927246094,127.31687927246094,128.8840649553941,127.12960267389388,127.9279797184115,1342800,2025-01-29
128.8544921875,128.8544921875,129.37688739746105,127.27745543587667,127.51400267668589,1483200,2025-01-30
128.6278076171875,128.6278076171875,129.6923154160466,127.97727256679329,127.97727256679329,1370300,2025-01-31
129.6134490966797,129.6134490966797,130.73709360512413,126.88318439883786,127.5830050761468,2351500,2025-02-03
129.58389282226562,129.58389282226562,130.69768631327804,128.98264346515475,130.37241878829525,2086800,2025-02-04
129.36703491210938,129.36703491210938,129.8204421853487,127.69142680122384,129.5050258144204,2177600,2025-02-05
141.9439697265625,141.9439697265625,142.3579424343745,136.11876837246194,136.73971991423974,5571800,2025-02-06
141.50042724609375,141.50042724609375,142.63393790070137,138.87858508208126,139.6572598420114,2694300,2025-02-07
146.0245819091797,146.0245819091797,146.06401647742607,141.93412528666235,142.84092483787472,3733500,2025-02-10
144.54611206054688,144.54611206054688,146.07387833493024,143.78716952465993,145.40364102429518,2541800,2025-02-11
144.4081268310547,144.4081268310547,144.64468914759595,141.68772787030267,144.30957047907458,2193500,2025-02-12
146.61598205566406,146.61598205566406,147.15809457712345,143.98428858590447,144.6939604249274,2093300,2025-02-13
145.7880401611328,145.7880401611328,147.15809818171772,145.47262376278266,146.9116847604623,1970800,2025-02-14
145.0192108154297,145.0192108154297,146.16255749674428,144.66437493781356,145.3838978141342,2104600,2025-02-18
146.16256713867188,146.16256713867188,146.35970989248096,143.8857097070538,144.55596198226755,1433600,2025-02-19
148.79428100585938,148.79428100585938,149.11953347391815,145.87673959638403,145.87673959638403,2351400,2025-02-20
147.30880737304688,147.30880737304688,149.43797064531876,146.9522946969833,148.60611277148755,2187600,2025-02-21
148.7744598388672,148.7744598388672,149.071556246007,147.22957665488138,147.65541836433698,2120600,2025-02-24
152.65647888183594,152.65647888183594,153.2902775012239,149.02203827102284,149.2399079630891,2817400,2025-02-25
150.03216552734375,150.03216552734375,153.6765039449822,149.70536097723732,153.39921798324673,2112000,2025-02-26
152.2207489013672,152.2207489013672,152.83473704092373,149.8836137466981,150.0915706470864,1354200,2025-02-27
154.85496520996094,154.85496520996094,155.0431267650708,152.4485161275359,152.67628348379762,3003400,2025-02-28
155.4095458984375,155.4095458984375,156.73657453195614,154.6272066160139,155.99384105292873,1913300,2025-03-03
156.87522888183594,156.87522888183594,159.71741769876755,156.10278721653083,156.71677543486248,3969000,2025-03-04
157.82591247558594,157.82591247558594,158.81622380965817,156.04336416301734,156.86530927265974,2234300,2025-03-05
157.71697998046875,157.71697998046875,159.00438775618505,156.31073967839316,157.52883351738387,2020200,2025-03-06
160.95530700683594,160.95530700683594,161.71785099872275,157.99427054760446,158.00418333239088,3411300,2025-03-07
156.5583038330078,156.5583038330078,160.8661638684654,155.21147991181917,159.7471073065434,3000000,2025-03-10
155.18177795410156,155.18177795410156,157.45949697020038,154.43904447782703,156.86530414480023,2346900,2025-03-11
152.904052734375,152.904052734375,155.18177165806213,151.18092081033785,154.22116852551125,1631900,2025-03-12
151.93356323242188,151.93356323242188,154.26080091451266,151.8642492966531,152.86445830525818,1631300,2025-03-13
153.5477752685547,153.5477752685547,154.7856644353264,151.27995385289591,151.9335629595798,1251100,2025-03-14
155.6076202392578,155.6076202392578,155.7957818050194,152.74562117134272,152.84464323530318,1127000,2025-03-17
155.77597045898438,155.77597045898438,156.40976908632985,154.64701618180803,155.19169041881224,1332200,2025-03-18
155.9839324951172,155.9839324951172,156.82570317186915,155.0134316206262,155.86509997075757,1455500,2025-03-19
156.36024475097656,156.36024475097656,156.96433522600046,155.37983116041136,156.29093082024303,1412700,2025-03-20
155.23130798339844,155.23130798339844,156.65735878071123,154.56780117566726,155.4293672361469,3071600,2025-03-21
154.31031799316406,154.31031799316406,156.19190346723948,153.52796358388363,155.54820715004305,1952500,2025-03-24
154.29051208496094,154.29051208496094,154.9936246846671,153.2506821403321,154.63711199253584,1836600,2025-03-25
157.14259338378906,157.14259338378906,157.39017121438687,154.6965383195581,154.87478710433177,1708800,2025-03-26
156.12257385253906,156.12257385253906,157.49910598553657,154.8351812228354,157.44960250820301,2500800,2025-03-27
154.25086975097656,154.25086975097656,156.56820948354422,153.76562692555703,156.08295154717473,1492600,2025-03-28
155.83538818359375,155.83538818359375,156.60782979571243,152.1217207749649,152.68619036338177,3510600,2025-03-31
157.38026428222656,157.38026428222656,157.44959332397198,155.19168485063165,156.01362990222293,1573800,2025-04-01
156.6969451904297,156.6969451904297,157.45948908562116,155.80567110791014,157.00393926083197,1585400,2025-04-02
159.88575744628906,159.88575744628906,160.24227012114306,156.36025161215036,156.65734802635393,2615300,2025-04-03
146.39772033691406,146.39772033691406,157.77640253959856,145.86294377627135,155.6868451057971,4704300,2025-04-04
143.5258026123047,143.5258026123047,146.31848759840355,139.6338866421313,143.2386189978164,4579500,2025-04-07
140.01022338867188,140.01022338867188,147.14046208088806,138.71291793894187,147.0018190964349,4221000,2025-04-08
144.04078674316406,144.04078674316406,146.1996734024301,137.37599540791354,138.94068919667822,4063800,2025-04-09
144.09030151367188,144.09030151367188,145.70451385066988,140.09934797959204,142.56522868255223,4604500,2025-04-10
143.5951385498047,143.5951385498047,144.55574172001397,141.0797544957508,143.93184076529317,3002500,2025-04-11
144.58544921875,144.58544921875,145.57576051476883,143.11979273170846,145.57576051476883,3432000,2025-04-14
143.28814697265625,143.28814697265625,145.6648880907041,142.89201337901395,145.27866728124752,2599300,2025-04-15
141.18869018554688,141.18869018554688,144.06058692929597,140.4162334645954,143.59513940648162,1952700,2025-04-16
141.9215087890625,141.9215087890625,143.49610011616275,140.505370895255,141.34712642658954,1768300,2025-04-17
139.1486358642578,139.1486358642578,141.75315942889216,137.68297936562368,141.75315942889216,1708200,2025-04-21
143.64466857910156,143.64466857910156,143.71398251795222,139.93100090699943,140.65392398276862,1670800,2025-04-22
144.74391174316406,144.74391174316406,146.93249138268348,143.8724329124312,144.13982121021553,2301000,2025-04-23
146.150146484375,146.150146484375,146.40762198774777,143.39708222241802,144.9914840527702,2079800,2025-04-24
145.87286376953125,145.87286376953125,147.35833078325163,144.90236288496712,145.93228003232775,1770400,2025-04-25
146.31849670410156,146.31849670410156,146.6354035779695,145.00138084262187,145.88275730800885,2218800,2025-04-28
146.2590789794922,146.2590789794922,146.5957811963942,143.96154949979345,145.1796432842145,2339600,2025-04-29
148.98243713378906,148.98243713378906,150.09158097471345,143.48620629536634,146.06102176717116,3349500,2025-04-30
147.16026306152344,147.16026306152344,148.0119313714443,145.6549856765806,147.62571057455872,2734600,2025-05-01
147.6950225830078,147.6950225830078,149.05174419089096,146.00158365813652,147.99211898696163,1972000,2025-05-02
145.1598358154297,145.1598358154297,148.12087211678804,144.97167424594866,148.0614407440954,2308500,2025-05-05
146.84335327148438,146.84335327148438,147.0315148297225,144.13980774714605,144.97166558371927,2097000,2025-05-06
148.03172302246094,148.03172302246094,149.3092330109316,146.30859109980372,146.71460723237945,1416000,2025-05-07
146.5462646484375,146.5462646484375,148.4278652197459,146.32839494953913,148.2694117821923,1410900,2025-05-08
145.70449829101562,145.70449829101562,147.52666735492068,145.07069969874647,146.82353972225548,1068500,2025-05-09
145.37770080566406,145.37770080566406,146.87306541785412,144.65477779298422,145.92237503889592,1552700,2025-05-12
144.30816650390625,144.30816650390625,145.5856614556269,143.40697957767264,145.57576378238696,1880000,2025-05-13
143.7535858154297,143.7535858154297,144.55573551653217,143.40697083080366,144.2883472458478,1534300,2025-05-14
145.6252899169922,145.6252899169922,146.1204456017756,143.81301829737063,144.15963332109993,1842400,2025-05-15
146.63539123535156,146.63539123535156,146.63539123535156,144.8726233420021,146.4670250284363,1699700,2025-05-16
148.2000732421875,148.2000732421875,148.3882347983589,146.2194507325107,146.27888210099945,2046100,2025-05-19
147.58609008789062,147.58609008789062,148.57640137620012,147.19986928988794,147.5563819581174,2158700,2025-05-20
145.0112762451172,145.0112762451172,147.48705449237482,143.93184055594116,146.4769478473786,1842000,2025-05-21
144.09030151367188,144.09030151367188,144.82313735306556,143.1098878366258,144.8033268949868,1926700,2025-05-22
144.04078674316406,144.04078674316406,144.48642384056387,143.25844740425794,143.81301935755124,1062900,2025-05-23
143.39390563964844,143.39390563964844,144.84685914289224,142.07032897291307,144.58810546987536,2396800,2025-05-27
142.4584503173828,142.4584503173828,144.25971914038684,142.14995032658734,143.75217318191332,1537000,2025-05-28
143.34414672851562,143.34414672851562,144.19004651539245,141.93100846573347,142.50820835082618,1841900,2025-05-29
143.24464416503906,143.24464416503906,143.78202880316348,142.39874434726067,143.34415196502295,3184400,2025-05-30
143.93130493164062,143.93130493164062,144.19004341868055,141.3737131777138,142.20965153745013,1764800,2025-06-02
143.2744903564453,143.2744903564453,143.89149031258444,140.74675244792908,143.28443658038879,2414900,2025-06-03
143.31430053710938,143.31430053710938,145.29469256680474,142.12010062152066,145.29469256680474,2035600,2025-06-04
142.1897735595703,142.1897735595703,143.4834813114985,141.5628121334281,143.43373500186757,1250900,2025-06-05
144.13034057617188,144.13034057617188,144.3293713563963,142.04047942112737,142.26937924420687,1367900,2025-06-06
142.44850158691406,142.44850158691406,143.94125520778508,141.7220324099112,143.46357830092737,1479400,2025-06-09
143.2247314453125,143.2247314453125,144.76724654850773,142.25941622780016,144.44878515568612,2159900,2025-06-10
142.7172088623047,142.7172088623047,143.8915011492099,142.25942438015846,143.22473965298943,1454200,2025-06-11
143.2744903564453,143.2744903564453,143.2744903564453,141.7717905469461,142.51816733972396,1096400,2025-06-12
143.30435180664062,143.30435180664062,144.7274363447731,141.52300578158855,142.8764363782765,1180200,2025-06-13
141.25430297851562,141.25430297851562,144.18010253095264,140.83633378317822,143.30434887305987,1706800,2025-06-16
139.313720703125,139.313720703125,141.4632743093419,138.60714399656243,140.61738972832993,1892900,2025-06-17
137.6916046142578,137.6916046142578,140.06011205758392,137.30348925199712,139.45305826686067,1539500,2025-06-18
138.38821411132812,138.38821411132812,139.08482945183823,137.89062955595296,138.08966034108792,2956500,2025-06-20
140.7069549560547,140.7069549560547,140.81642416174597,137.91053228393872,139.3933396728343,1955800,2025-06-23
142.01063537597656,142.01063537597656,142.38880451408627,139.92078926160335,140.94581227640748,1629100,2025-06-24
146.46897888183594,146.46897888183594,148.56878626203496,143.84173310052734,144.25971747977943,3752100,2025-06-25
146.33961486816406,146.33961486816406,148.29013774289038,144.94636905828463,146.1903303965297,3297100,2025-06-26
147.69305419921875,147.69305419921875,148.1309310459464,146.1803928700894,146.32966216553027,3075100,2025-06-27
147.4641571044922,147.4641571044922,147.69305694185326,145.58328802163075,147.14571087327957,2435000,2025-06-30
149.64356994628906,149.64356994628906,150.07150054763133,147.3845470642308,147.56367021008913,1726600,2025-07-01
149.45448303222656,149.45448303222656,150.42975965008986,148.14086776144057,148.9867675415093,2292700,2025-07-02
149.27536010742188,149.27536010742188,149.45448325071484,148.0214525491465,149.34502923097463,1284300,2025-07-03
149.6336212158203,149.6336212158203,150.24067495285308,148.60859829371043,149.6037673586773,1780000,2025-07-07
149.8028106689453,149.8028106689453,150.01180287150805,147.65324166434036,149.00667231334242,1677400,2025-07-08
150.1212615966797,150.1212615966797,150.44965402978627,149.24550794819527,149.74309248754776,1428900,2025-07-09
151.614013671875,151.614013671875,152.4798059023138,149.85256016867112,150.32029084570874,1250100,2025-07-10
149.06637573242188,149.06637573242188,151.1263830986778,147.79256047423416,150.64870617312633,1758000,2025-07-11
146.4590301513672,146.4590301513672,150.21082179559411,146.4590301513672,149.7331448940053,1908400,2025-07-14
144.2995147705078,144.2995147705078,146.95661435821094,144.28956854646094,145.89179135235028,1883400,2025-07-15
145.4340057373047,145.4340057373047,145.92164404305097,144.31942124997002,144.31942124997002,1333000,2025-07-16
147.36463928222656,147.36463928222656,147.74280839209084,145.07574735975746,145.3942087543958,1427800,2025-07-17
148.2404022216797,148.2404022216797,148.8773098657922,147.21536403412688,147.61344080236972,1597300,2025-07-18
144.8070526123047,144.8070526123047,149.32512890289192,144.19005261956724,149.29527504421597,2512000,2025-07-21
147.81246948242188,147.81246948242188,147.81246948242188,144.85681595514853,144.85681595514853,1451000,2025-07-22
147.07603454589844,147.07603454589844,148.2801958378267,146.28985763866126,147.94184198838667,1186800,2025-07-23
145.12551879882812,145.12551879882812,147.47411859751432,145.12551879882812,145.66290345777298,1489200,2025-07-24
145.99130249023438,145.99130249023438,146.3595253794467,144.38907964766523,145.18521795681252,1152500,2025-07-25
143.5929412841797,143.5929412841797,145.88183322770877,143.56308742629204,145.13545641036723,1658200,2025-07-28
144.4786376953125,144.4786376953125,144.52839918562137,142.7968147294418,143.8118762433833,2472600,2025-07-29
146.2799072265625,146.2799072265625,146.60831484223212,144.45874600425364,144.8568075586608,1643800,2025-07-30
143.45361328125,143.45361328125,146.65805885487666,143.4138132004615,145.27477447508687,2653500,2025-07-31
144.65777587890625,144.65777587890625,145.35439118730991,143.52328375234177,144.96627585940823,1930700,2025-08-01
146.28985595703125,146.28985595703125,147.0461789973929,143.97111015944887,144.37913313000558,3349900,2025-08-04
138.8260955810547,138.8260955810547,146.28986416068128,138.63701101409197,143.80194130080577,5141600,2025-08-05
140.65719604492188,140.65719604492188,141.67227277221434,138.38821172632126,139.064934606208,2685300,2025-08-06
141.87130737304688,141.87130737304688,142.62764562299097,140.32879219942876,141.36377658827573,2066800,2025-08-07
140.5974884033203,140.5974884033203,142.19971125226624,140.2690807800497,141.1448344421047,2263200,2025-08-08
140.58753967285156,140.58753967285156,141.86135487581947,140.27903968878394,140.8164243085993,1825000,2025-08-11
141.40357971191406,141.40357971191406,141.82154892925496,139.6222336295511,140.91595655088773,1606700,2025-08-12
144.0905303955078,144.0905303955078,144.11043802975556,140.81643066777517,141.14483830002217,1845000,2025-08-13
146.06097412109375,146.06097412109375,146.27991253949207,142.75700539622846,143.7919897713979,1832900,2025-08-14
147.4641571044922,147.4641571044922,148.3896723086397,145.7425187297751,146.1306340902044,2604300,2025-08-15
148.61854553222656,148.61854553222656,150.37999904106283,147.18549963928012,147.4741071737325,2182800,2025-08-18
151.27565002441406,151.27565002441406,152.33054203006165,148.55884262245883,148.57875025635892,1952700,2025-08-19
148.61854553222656,148.61854553222656,152.2409603460301,146.83719957520907,152.2409603460301,2606900,2025-08-20
147.2949676513672,147.2949676513672,148.3299519812554,146.87699846682287,147.9617291018361,1943800,2025-08-21
147.15565490722656,147.15565490722656,149.23556993683997,146.68792419968884,147.8821393079155,1995300,2025-08-22
146.18038940429688,146.18038940429688,147.96173542298584,145.97139721055885,147.47411227938952,1404400,2025-08-25
146.31971740722656,146.31971740722656,147.25517882823308,145.2747867734411,146.2102481944476,1664900,2025-08-26
144.6279296875,144.6279296875,146.46898344407168,144.25972197320078,146.2500602084625,1812900,2025-08-27
144.7672576904297,144.7672576904297,145.02599620320464,143.28445018799638,144.4289038233218,1616800,2025-08-28
146.260009765625,146.260009765625,146.6381788981657,144.6975869265076,144.7075483363593,1473400,2025-08-29
145.44000244140625,145.44000244140625,146.17999267578125,144.30999755859375,145.27000427246094,1619000,2025-09-02
144.5500030517578,144.5500030517578,145.02000427246094,143.89999389648438,144.72000122070312,1539100,2025-09-03
143.6699981689453,143.6699981689453,145.36000061035156,142.35000610351562,144.66000366210938,1484400,2025-09-04
144.5800018310547,144.5800018310547,146.11000061035156,143.74000549316406,143.74000549316406,1455800,2025-09-05
147.99000549316406,147.99000549316406,148.0399932861328,143.22999572753906,144.0,2187700,2025-09-08
145.77999877929688,145.77999877929688,148.10000610351562,145.66000366210938,147.61000061035156,1637700,2025-09-09
146.02000427246094,146.02000427246094,147.05999755859375,144.8000030517578,145.4199981689453,1947100,2025-09-10
149.13999938964844,149.13999938964844,149.5800018310547,146.1199951171875,146.6999969482422,2609700,2025-09-11
149.49000549316406,149.49000549316406,150.52999877929688,148.50999450683594,149.0,1809500,2025-09-12
148.89999389648438,148.89999389648438,150.32000732421875,148.89999389648438,149.8000030517578,2605300,2025-09-15
148.00999450683594,148.00999450683594,149.9199981689453,147.2100067138672,148.89999389648438,2370600,2025-09-16
148.25999450683594,148.25999450683594,150.07000732421875,147.88999938964844,148.33999633789062,2042600,2025-09-17
145.25999450683594,145.25999450683594,147.83999633789062,144.8000030517578,146.6300048828125,1747400,2025-09-18
145.66000366210938,145.66000366210938,146.9499969482422,145.1199951171875,145.32000732421875,3068600,2025-09-19
149.27000427246094,149.27000427246094,149.60000610351562,145.49000549316406,145.6199951171875,1939200,2025-09-22
149.44000244140625,149.44000244140625,149.72000122070312,147.0399932861328,148.41000366210938,1616500,2025-09-23
149.4499969482422,149.4499969482422,149.5399932861328,146.9600067138672,148.83999633789062,2808300,2025-09-24
150.41000366210938,150.41000366210938,151.08999633789062,149.30999755859375,149.30999755859375,1442600,2025-09-25
152.6999969482422,152.6999969482422,152.82000732421875,150.5800018310547,150.72999572753906,1208600,2025-09-26
153.94000244140625,153.94000244140625,155.0500030517578,152.75,153.50999450683594,1742400,2025-09-29
152.0,152.0,154.47000122070312,151.86000061035156,153.6199951171875,1898800,2025-09-30
153.19000244140625,153.19000244140625,153.75,151.2100067138672,152.58999633789062,1991500,2025-10-01
151.35000610351562,151.35000610351562,153.0500030517578,150.74000549316406,152.2899932861328,1800700,2025-10-02
150.69000244140625,150.69000244140625,151.22999572753906,149.8300018310547,150.99000549316406,1288500,2025-10-03
148.77999877929688,148.77999877929688,150.6699981689453,148.60000610351562,150.08999633789062,1395000,2025-10-06
146.72000122070312,146.72000122070312,148.52999877929688,144.75,148.33999633789062,1657100,2025-10-07
146.02999877929688,146.02999877929688,146.7100067138672,145.24000549316406,146.3699951171875,1150600,2025-10-08
142.69000244140625,142.69000244140625,146.3000030517578,142.67999267578125,145.36000061035156,1371000,2025-10-09
141.6199951171875,141.6199951171875,144.38999938964844,141.2899932861328,144.38999938964844,2055300,2025-10-10
140.47000122070312,140.47000122070312,142.11000061035156,139.86000061035156,141.07000732421875,2167900,2025-10-13
143.97999572753906,143.97999572753906,144.6199951171875,139.2899932861328,139.64999389648438,2096000,2025-10-14
144.50999450683594,144.50999450683594,146.0399932861328,143.60000610351562,143.97000122070312,1492900,2025-10-15
143.3800048828125,143.3800048828125,144.47999572753906,142.2100067138672,144.22999572753906,1497800,2025-10-16
145.25,145.25,146.24000549316406,143.22000122070312,143.77000427246094,1503100,2025-10-17
148.16000366210938,148.16000366210938,148.5500030517578,145.35000610351562,145.52999877929688,1992100,2025-10-20
148.52999877929688,148.52999877929688,149.10000610351562,147.13999938964844,148.13999938964844,1491800,2025-10-21
147.3800048828125,147.3800048828125,149.52999877929688,147.22000122070312,148.8000030517578,1180500,2025-10-22
146.3699951171875,146.3699951171875,147.97999572753906,145.22999572753906,147.42999267578125,1238200,2025-10-23
143.36000061035156,143.36000061035156,147.2100067138672,143.13999938964844,146.07000732421875,1289100,2025-10-24
