Price,Close,High,Low,Open,Volume,Date
36.673282623291016,36.673282623291016,38.06414362839789,36.630707013416824,37.84652653394682,3594000,2020-12-14
37.108516693115234,37.108516693115234,37.201240269562675,36.18127731931518,37.12744038760001,3789100,2020-12-15
36.97605514526367,36.97605514526367,37.1842085699092,36.54081738247595,37.1842085699092,3164700,2020-12-16
37.54375076293945,37.54375076293945,37.56267445738625,37.1009478627265,37.21259513343465,4322000,2020-12-17
37.28829574584961,37.28829574584961,37.543760271594024,36.73479107806667,37.29775579080611,9395000,2020-12-18
37.420753479003906,37.420753479003906,37.486984613622184,36.257918830739925,36.57866881657767,2894300,2020-12-21
36.881439208984375,36.881439208984375,37.576869702765556,36.85305546942628,37.47752300498624,2713800,2020-12-22
37.070674896240234,37.070674896240234,37.41129422969715,37.00444376021541,37.00444376021541,2330800,2020-12-23
37.37343215942383,37.37343215942383,37.42073957953283,36.92873446988472,36.92873446988472,847600,2020-12-24
36.28533935546875,36.28533935546875,37.43965904435144,36.25695562847143,37.25042577594576,2545800,2020-12-28
35.89743423461914,35.89743423461914,36.82467383374289,35.64670153808651,36.588133009191125,3183900,2020-12-29
36.37051010131836,36.37051010131836,36.60705088826344,35.96365965902674,36.133969314373275,3396800,2020-12-30
36.635433197021484,36.635433197021484,36.87197395142513,36.22858281070117,36.57866211660744,2316800,2020-12-31
36.28533935546875,36.28533935546875,37.089579843861785,36.03933863306844,36.77734440959376,3693700,2021-01-04
36.73004913330078,36.73004913330078,36.947666200621455,36.1623527497969,36.21912022255194,2647700,2021-01-05
38.858917236328125,38.858917236328125,39.27522769034396,36.89089991541381,37.20313185359426,4991400,2021-01-06
39.54962158203125,39.54962158203125,40.20247650897823,39.15223476504285,39.407699265675205,3986200,2021-01-07
40.92155456542969,40.92155456542969,40.99724934681324,39.89969667270672,40.230855927271016,4667300,2021-01-08
41.27163314819336,41.27163314819336,41.4040954038565,40.16935588681035,40.3443937492256,3624100,2021-01-11
42.179962158203125,42.179962158203125,42.435423076095006,40.76071719098488,41.15810404932922,4517800,2021-01-12
41.754173278808594,41.754173278808594,42.539486674622104,41.12024220595461,42.085328877767544,2634700,2021-01-13
41.82987594604492,41.82987594604492,42.33134491724975,41.68795362573611,41.92449443557712,2113100,2021-01-14
41.3946418762207,41.3946418762207,41.6217226426167,40.732326884335905,41.51764410840713,3792200,2021-01-15
41.18648147583008,41.18648147583008,41.451409616747206,40.59040127975013,41.34733109095755,2507900,2021-01-19
41.30948257446289,41.30948257446289,41.53656331631162,40.95940322305012,41.5176396203804,2660900,2021-01-20
39.407684326171875,39.407684326171875,41.971784795142014,39.10491250153535,41.432472256925415,6190400,2021-01-21
39.795623779296875,39.795623779296875,40.00377722000004,38.83999696718655,39.057614060705234,5239000,2021-01-22
39.076541900634766,39.076541900634766,39.59693097156307,37.93168522272721,39.41716125159188,4729600,2021-01-25
37.35452651977539,37.35452651977539,39.57801243256742,37.34506647491227,39.35093165326074,3252100,2021-01-26
36.6070556640625,36.6070556640625,36.777365341627835,34.57280679653991,36.73952155386721,5413500,2021-01-27
38.12091827392578,38.12091827392578,38.44261392384894,37.03282909083458,37.13690762600478,4019100,2021-01-28
37.71406173706055,37.71406173706055,38.21552702499078,37.25990388225709,37.78029286530319,3686800,2021-01-29
38.51829528808594,38.51829528808594,38.87783824265784,37.71405817295649,37.978982660890814,2761800,2021-02-01
39.256309509277344,39.256309509277344,39.606388853711515,38.868382773735185,39.05761251062336,2451400,2021-02-02
39.606388092041016,39.606388092041016,39.871312606050395,39.00368121334387,39.29415253539356,2668700,2021-02-03
40.36331558227539,40.36331558227539,40.997246702839064,38.981918395046435,39.59692221215903,3403300,2021-02-04
41.536563873291016,41.536563873291016,42.511110766198435,41.394637956566676,42.274569977875196,3533300,2021-02-05
41.26217269897461,41.26217269897461,41.76363797885361,40.96886084337658,41.57440464005894,2719500,2021-02-08
41.091861724853516,41.091861724853516,41.61225068269963,40.883704697984825,41.318938836596075,4515600,2021-02-09
40.722869873046875,40.722869873046875,41.20541157475433,39.965939944228026,41.1202567321793,3234700,2021-02-10
41.19594955444336,41.19594955444336,41.44195041601665,40.57148194194422,40.64717312653353,3030100,2021-02-11
41.98125457763672,41.98125457763672,42.06168118200441,41.181749234545926,41.20540114579762,1973600,2021-02-12
42.84226608276367,42.84226608276367,42.91322904055711,41.924490285766645,41.93395032912032,2532300,2021-02-16
42.558414459228516,42.558414459228516,42.742915969148704,41.83933211406849,42.57733815374926,1877600,2021-02-17
41.820411682128906,41.820411682128906,42.65303625936986,41.101325671544366,42.49218664805781,3106400,2021-02-18
43.02203369140625,43.02203369140625,43.39103669186017,41.915021080719,41.97179216129864,3558400,2021-02-19
44.16689682006836,44.16689682006836,44.242587996400175,42.681420940130295,43.1261187825551,4308400,2021-02-22
43.93034744262695,43.93034744262695,44.370313372624665,43.40995852558109,44.00603860416483,6306000,2021-02-23
43.91142654418945,43.91142654418945,44.61158878192718,43.826271726212234,43.98712131986945,3217000,2021-02-24
42.91795349121094,42.91795349121094,44.14796464738455,42.60571797430957,44.14796464738455,2920500,2021-02-25
42.84204864501953,42.84204864501953,43.439842046237715,42.101917793507056,42.908470134043775,4889100,2021-02-26
43.90479278564453,43.90479278564453,44.350768709565415,43.420860693794346,43.47779494568831,2553400,2021-03-01
43.43983840942383,43.43983840942383,44.417189816969675,43.38290777771199,43.96172666477813,2935800,2021-03-02
43.02233123779297,43.02233123779297,43.61063735435353,42.79459785283762,43.23108653902709,2842400,2021-03-03
41.608497619628906,41.608497619628906,43.02233418631242,40.868370402273555,42.785113553088316,3530300,2021-03-04
42.54789352416992,42.54789352416992,42.71394724584533,40.70706268729746,42.08293948377912,2853600,2021-03-05
42.60483169555664,42.60483169555664,43.942756064114384,42.5668755214855,43.022338751239204,3485300,2021-03-08
42.424537658691406,42.424537658691406,43.13619956644279,42.28220744896092,42.72817978308936,3973900,2021-03-09
44.59747314453125,44.59747314453125,44.73031610240565,42.60482153701695,42.71868641238085,3388500,2021-03-10
44.46464157104492,44.46464157104492,45.233234201159746,44.360263900362646,44.834705225500215,2487700,2021-03-11
44.50259017944336,44.50259017944336,44.68287654925128,43.86683702960589,44.597476980458175,2176700,2021-03-12
44.43617248535156,44.43617248535156,44.5025939756678,43.221600334497985,44.46463780414431,2993300,2021-03-15
43.809898376464844,43.809898376464844,44.483607626913795,43.517643873360726,44.436164231172086,2300400,2021-03-16
44.84418869018555,44.84418869018555,44.88214486173435,43.82414282263457,43.83837548204043,2711100,2021-03-17
44.55952072143555,44.55952072143555,45.52738129255346,44.232158724811434,44.83469751139739,3180700,2021-03-18
44.66390609741211,44.66390609741211,45.2332342401884,43.71502344631825,44.341285851252195,9286600,2021-03-19
44.88214111328125,44.88214111328125,45.508403412733564,44.45514326826843,45.16680513672331,3358900,2021-03-22
43.50625991821289,43.50625991821289,44.59747620951699,43.24057398420467,44.303321339936915,4287200,2021-03-23
43.82888412475586,43.82888412475586,44.41719391789063,43.639110508595955,43.80990603919993,3425200,2021-03-24
44.388729095458984,44.388729095458984,44.7018621066162,43.269047281739326,43.58218029289653,3739800,2021-03-25
45.460960388183594,45.460960388183594,45.593803358908865,44.512077889060826,44.92958488558303,3358500,2021-03-26
45.328125,45.328125,46.001830818347585,45.090904335536756,45.33761223391049,4063200,2021-03-29
44.540550231933594,44.540550231933594,45.44198947224076,44.350776597932125,45.147838167718454,2573000,2021-03-30
44.236907958984375,44.236907958984375,44.87266121427806,43.89056782010128,44.46464138677466,3814100,2021-03-31
44.35077667236328,44.35077667236328,44.57850648142725,43.68655809314328,44.54055030668324,2976900,2021-04-01
44.635433197021484,44.635433197021484,44.82521041895581,44.255878753152814,44.4836121434139,3039100,2021-04-05
45.29965591430664,45.29965591430664,45.517898473113526,44.502594403155506,44.69236802319643,2541300,2021-04-06
44.36025619506836,44.36025619506836,45.35658208085729,44.16099174185046,45.35658208085729,2208900,2021-04-07
44.53105926513672,44.53105926513672,44.711345650204976,43.8193973381887,44.132526703801965,2181800,2021-04-08
44.72083282470703,44.72083282470703,45.20950672853334,44.426677949337076,44.853675794325895,2552900,2021-04-09
44.69237518310547,44.69237518310547,45.2142635809261,44.43618003106671,44.93908672020256,2449800,2021-04-12
44.47412109375,44.47412109375,44.78725405150437,44.13252281972684,44.70185448299858,2542700,2021-04-13
44.80623245239258,44.80623245239258,45.204761361771176,44.37923460684447,44.436168859484034,2958000,2021-04-14
45.09090042114258,45.09090042114258,45.27593223378507,44.476974002917,45.15732191185015,2190300,2021-04-15
45.07191848754883,45.07191848754883,45.67920270486073,44.87265403243701,45.51789441825577,2834900,2021-04-16
45.09090042114258,45.09090042114258,45.432498727467106,44.50259423786132,45.271186807391736,3157200,2021-04-19
44.55952072143555,44.55952072143555,45.38030566537015,44.274856699271325,44.9390751641208,2421900,2021-04-20
45.81205368041992,45.81205368041992,45.8310317679897,44.34128628091292,44.48362012783622,2732600,2021-04-21
45.62228012084961,45.62228012084961,46.371894672766075,45.252212842166685,45.868988020271466,3445600,2021-04-22
46.14415740966797,46.14415740966797,46.41458877984818,45.49891701420298,45.6317599862635,2501300,2021-04-23
46.37188720703125,46.37188720703125,46.81786314462008,46.15839009035973,46.22955700248341,1890000,2021-04-26
46.64706039428711,46.64706039428711,46.75143804136613,46.11568492720267,46.29597490659342,2083400,2021-04-27
46.67552947998047,46.67552947998047,47.263839243828386,46.552177359557106,46.89377202345972,2641600,2021-04-28
47.0266227722168,47.0266227722168,47.18793107611985,46.514225301525,47.0266227722168,1809000,2021-04-29
46.26751708984375,46.26751708984375,47.21165794641952,46.2105864466292,46.874805035166396,2426100,2021-04-30
47.187931060791016,47.187931060791016,47.425151709771285,46.5616686922711,46.71348976283048,2480700,2021-05-03
47.24485778808594,47.24485778808594,47.29230118637882,46.26750640869608,46.49523978808089,3447100,2021-05-04
45.24272155761719,45.24272155761719,45.53687645955753,44.41719472920368,45.1193658091003,4184300,2021-05-05
45.93540573120117,45.93540573120117,45.973361903276356,44.18946163244045,45.36607762887259,3228800,2021-05-06
46.36240768432617,46.36240768432617,46.77327260496333,45.71716718125204,45.81205400006289,3362700,2021-05-07
44.58799743652344,44.58799743652344,47.425154540649686,44.44566359075922,46.67553637639824,5547300,2021-05-10
44.68287658691406,44.68287658691406,44.8346976404854,43.363930505319416,43.92377131905737,4086200,2021-05-11
42.87051010131836,42.87051010131836,45.16680393146818,42.73766713523688,45.10038244842744,4909600,2021-05-12
43.698421478271484,43.698421478271484,43.99342520669225,42.70873869385475,43.01325703215912,6047400,2021-05-13
44.07906723022461,44.07906723022461,44.5263300873523,43.86970953026788,44.08858546939243,2211900,2021-05-14
43.983909606933594,43.983909606933594,44.41213601481206,43.669873035668196,44.28842793838466,4149000,2021-05-17
43.5651969909668,43.5651969909668,44.05052560877231,43.48906921826197,43.73648901723403,3353400,2021-05-18
42.651641845703125,42.651641845703125,43.23213108567471,42.29002494323564,43.136970462462514,3138400,2021-05-19
41.995025634765625,41.995025634765625,42.75632152542954,41.95695993269614,42.623095198331505,4225900,2021-05-20
42.53744125366211,42.53744125366211,43.09889754900891,42.44227701622949,42.49937555868906,4346100,2021-05-21
42.965675354003906,42.965675354003906,43.25116083330349,42.74013808630807,42.8609964978936,4032000,2021-05-24
42.44227600097656,42.44227600097656,43.50333453456595,42.423246784089706,42.91808628632448,3549500,2021-05-25
42.61357498168945,42.61357498168945,42.841965553370414,42.213896018929006,42.61357498168945,4609100,2021-05-26
42.994224548339844,42.994224548339844,43.58422838006028,42.87051283793,43.108418018640094,3708600,2021-05-27
43.29874038696289,43.29874038696289,43.470032397586635,42.96567460527493,43.22260899106578,3028100,2021-05-28
43.746009826660156,43.746009826660156,43.93823691095618,43.49383089266443,43.77455728933279,2543100,2021-06-01
43.45100021362305,43.45100021362305,43.88398936658899,43.21309504302061,43.87923024673639,2729400,2021-06-02
43.75552749633789,43.75552749633789,43.936334156146465,42.95616581431514,43.127457862616126,3318100,2021-06-03
43.73648452758789,43.73648452758789,44.119987536221466,43.5937436071146,43.96487508254776,1437600,2021-06-04
43.70793533325195,43.70793533325195,44.041001097936864,43.022767325734904,43.774548486188934,1989000,2021-06-07
43.679386138916016,43.679386138916016,44.10761249643634,43.270188998496856,43.55567444689188,2464800,2021-06-08
43.28922653198242,43.28922653198242,43.736485785166025,43.21309513475851,43.63180692905556,3077400,2021-06-09
42.40421676635742,42.40421676635742,43.78406378181718,42.39469852713453,43.717450627835454,2921800,2021-06-10
42.385189056396484,42.385189056396484,43.10841922879414,42.15679847923955,42.718254866682564,2942800,2021-06-11
41.83324432373047,41.83324432373047,42.40421891121179,41.59533915314946,42.318572904596834,2263800,2021-06-14
42.166316986083984,42.166316986083984,42.50889740876669,41.59534235465594,41.95695925821253,2747700,2021-06-15
41.58582305908203,41.58582305908203,42.14727938681645,41.41929017164909,42.10921368964758,3422100,2021-06-16
41.40501403808594,41.40501403808594,41.66195205636349,40.453393361566754,41.54775859162173,5380700,2021-06-17
40.64371871948242,40.64371871948242,41.10049621417514,40.52952525334545,40.67226980862529,7900400,2021-06-18
41.30984878540039,41.30984878540039,41.68098022675965,41.06242903454235,41.06242903454235,3819300,2021-06-21
41.385982513427734,41.385982513427734,41.58582197312875,41.01484742093994,41.366949665340314,2226100,2021-06-22
41.46211242675781,41.46211242675781,41.89510157538549,41.37646642099326,41.37646642099326,2627100,2021-06-23
42.20438003540039,42.20438003540039,42.7039823957091,41.35743812414159,41.71905503607794,3528900,2021-06-24
42.023563385009766,42.023563385009766,42.56598680864312,41.87130424206258,42.489859052241684,3675800,2021-06-25
42.194862365722656,42.194862365722656,42.313814954301016,41.45735486447884,42.01405573793571,3515000,2021-06-28
42.13775634765625,42.13775634765625,42.88002283732093,42.05211035385433,42.575504554946185,2121800,2021-06-29
42.20438003540039,42.20438003540039,42.3138180220906,41.90462079730227,42.2805114400797,3230200,2021-06-30
42.4613151550293,42.4613151550293,42.72777142290058,41.94268360943407,42.38518738574102,2103800,2021-07-01
42.34712219238281,42.34712219238281,42.651640533467,42.06163670138451,42.57075364321073,1833900,2021-07-02
41.95695495605469,41.95695495605469,42.34711928062545,41.7000169427796,42.299538973754814,2183600,2021-07-06
41.28131103515625,41.28131103515625,42.204380736278374,40.80550063844445,41.642924322952645,3348100,2021-07-07
40.82453536987305,40.82453536987305,41.19566691557537,40.5019352381002,40.86259744445234,2307700,2021-07-08
41.34791946411133,41.34791946411133,41.509693237993346,40.876868241763596,41.44308008049548,3265600,2021-07-09
41.68098068237305,41.68098068237305,41.88082013295949,40.624681257638386,40.81500609968737,2485500,2021-07-12
40.96726608276367,40.96726608276367,41.96646698621752,40.87210547487073,41.795174987894626,2388200,2021-07-13
40.60565948486328,40.60565948486328,41.56679856577861,40.520017094235506,41.014856736319054,3114200,2021-07-14
40.36774826049805,40.36774826049805,40.95775570687185,40.08226277717082,40.348719041068456,2904400,2021-07-15
39.78726577758789,39.78726577758789,40.58662737114141,39.58266716643594,40.43436819285241,3419700,2021-07-16
38.949832916259766,38.949832916259766,39.32096438342296,38.63579636395575,39.149672378556154,4629200,2021-07-19
39.711124420166016,39.711124420166016,39.98709524606579,38.76902212505193,38.93079587324848,2978300,2021-07-20
40.167911529541016,40.167911529541016,40.61517444973672,40.02992608330734,40.205977231290674,3482700,2021-07-21
40.225013732910156,40.225013732910156,40.33444809769108,39.70637848239978,40.291626901945186,1458500,2021-07-22
40.09178161621094,40.09178161621094,40.40581456352072,39.872909288050806,40.40581456352072,1590300,2021-07-23
40.30113983154297,40.30113983154297,40.396304090583165,39.825329426777905,40.21549381347945,2840200,2021-07-26
40.4724235534668,40.4724235534668,40.52000748828443,39.40660948218269,39.968065789671954,2860100,2021-07-27
40.74839401245117,40.74839401245117,41.06243055454559,40.39629540506961,40.60564946965471,2819800,2021-07-28
41.1290397644043,41.1290397644043,41.66194492879237,41.02436092707259,41.17662006406121,2394500,2021-07-29
40.710330963134766,40.710330963134766,41.39073988508713,40.6532360464207,40.73888205163655,2116200,2021-07-30
40.42485046386719,40.42485046386719,41.34792378588324,40.39630300199706,40.91969370710542,1803300,2021-08-02
40.98631286621094,40.98631286621094,41.01961945331256,40.225016853784126,40.53904987072143,3147200,2021-08-03
40.225013732910156,40.225013732910156,40.81501764299703,40.19646626907956,40.7198570101314,2159000,2021-08-04
39.435157775878906,39.435157775878906,40.605650720371564,39.40661031849812,40.282103189670245,5051800,2021-08-05
42.594539642333984,42.594539642333984,43.498580005932595,41.63340436176047,41.87130952954196,6031100,2021-08-06
42.994224548339844,42.994224548339844,43.35584143945977,42.4042207166194,42.68970620744252,4724200,2021-08-09
43.42246627807617,43.42246627807617,43.61279119986094,42.85149151272187,42.97520325640386,3043700,2021-08-10
43.52713394165039,43.52713394165039,43.66036026349912,43.14648419624401,43.441487930441205,2455500,2021-08-11
43.966224670410156,43.966224670410156,44.080768739931486,43.05940865358135,43.53667985809227,2987400,2021-08-12
43.89940643310547,43.89940643310547,44.223950993684646,43.81349747173774,44.04258560785817,2872700,2021-08-13
43.11667251586914,43.11667251586914,43.5843998295533,43.05940231019052,43.43167321226068,4732800,2021-08-16
43.02122116088867,43.02122116088867,43.193039066156686,42.32440571898612,42.95440349120554,6382800,2021-08-17
41.942588806152344,41.942588806152344,43.264631976637254,41.90440988020821,42.78258707885362,3524700,2021-08-18
40.61577224731445,40.61577224731445,41.69917974653717,40.5394107603375,41.293496374877456,2458000,2021-08-19
40.03350067138672,40.03350067138672,40.86395505097317,39.9332741720483,40.55850182214472,3006200,2021-08-20
40.04305648803711,40.04305648803711,40.44396256904026,39.95237379011429,40.25305335086665,3609800,2021-08-23
40.61577224731445,40.61577224731445,40.873499093279904,40.10031855538355,40.10031855538355,3524600,2021-08-24
41.78987503051758,41.78987503051758,41.96646672731684,40.34851726640991,40.53942652000268,3784400,2021-08-25
41.99032211303711,41.99032211303711,42.51054597736651,41.67532137070567,41.85668311728751,3495500,2021-08-26
42.17168426513672,42.17168426513672,42.79690838292202,42.09531912397406,42.21941065771821,2580300,2021-08-27
41.77076721191406,41.77076721191406,42.25758579800114,41.72304082772447,42.25758579800114,1854900,2021-08-30
41.97122573852539,41.97122573852539,42.02849594561178,41.5034984133439,41.89486060735703,4187000,2021-08-31
42.36259078979492,42.36259078979492,42.472361121640844,41.656227844004626,42.34349950571517,2518000,2021-09-01
42.87804412841797,42.87804412841797,43.36486280593954,42.391229092186784,42.41986419982086,2817600,2021-09-02
42.87804412841797,42.87804412841797,43.40781546739065,42.77304751999624,42.77304751999624,3472000,2021-09-03
42.31486511230469,42.31486511230469,42.72531498241086,42.27668254350266,42.59167963289394,2455100,2021-09-07
42.13349533081055,42.13349533081055,42.57258390230588,41.61804162968656,42.32440451359237,3013300,2021-09-08
41.59894943237305,41.59894943237305,42.13349071606785,41.54167559142457,41.923490273879516,2703300,2021-09-09
41.44622802734375,41.44622802734375,42.11440841572647,41.388957815473056,42.11440841572647,2061200,2021-09-10
41.178958892822266,41.178958892822266,41.85668312849892,40.68259640377603,41.6180475265319,1907400,2021-09-13
40.338951110839844,40.338951110839844,41.48440246038521,40.243498348915004,41.38894969846037,1787500,2021-09-14
41.016685485839844,41.016685485839844,41.13122954699716,40.31509628383244,40.37714022502389,2177900,2021-09-15
40.64441680908203,40.64441680908203,41.02623158120091,40.377142463179545,40.949870083293234,2711200,2021-09-16
39.9666862487793,39.9666862487793,40.978502427196624,39.43214487559204,40.52032254676897,7032100,2021-09-17
39.603965759277344,39.603965759277344,39.680327257769974,38.868967674673094,39.13623838133272,2506600,2021-09-20
39.51805877685547,39.51805877685547,39.899873571021665,39.265101969623416,39.77578203330468,3350900,2021-09-21
40.03350067138672,40.03350067138672,40.46781914314294,39.8807740569725,39.976230466787456,2126700,2021-09-22
40.48214340209961,40.48214340209961,40.84487053692016,40.205325229702595,40.28169037020811,2644000,2021-09-23
40.38668441772461,40.38668441772461,40.61577252149165,40.11941010827672,40.32941057113797,2311800,2021-09-24
41.484405517578125,41.484405517578125,41.58940574820711,40.44395431424771,40.44395431424771,2967200,2021-09-27
41.083499908447266,41.083499908447266,42.00940342826942,40.7446378417482,41.59895360481615,2988400,2021-09-28
40.911685943603516,40.911685943603516,41.264865595614125,40.673050354703626,41.21713920609217,2024700,2021-09-29
40.167144775390625,40.167144775390625,41.121687147718845,40.14805349098924,40.94986922939655,2433200,2021-09-30
41.52259063720703,41.52259063720703,41.87100018380175,40.27213889565894,40.42486552016719,3540600,2021-10-01
40.61577224731445,40.61577224731445,41.875767733396835,40.4821369141375,41.618040887431384,2853900,2021-10-04
41.484405517578125,41.484405517578125,41.89008524758945,40.54895454487671,40.74940754446492,3173800,2021-10-05
40.090782165527344,40.090782165527344,41.078733437526225,39.678420592070324,40.90214177664685,3050200,2021-10-06
40.558509826660156,40.558509826660156,41.0930512619607,40.36760061064263,40.53941854092936,2005400,2021-10-07
40.835323333740234,40.835323333740234,41.23623304136643,40.56805262284966,40.81623204849229,1402700,2021-10-08
40.52986526489258,40.52986526489258,41.41758989696557,40.49168269890688,40.978501311999764,1257900,2021-10-11
40.04305648803711,40.04305648803711,40.6253279648859,39.88078237813787,40.29123592275947,1609000,2021-10-12
40.31986618041992,40.31986618041992,40.42486276907577,39.489411802463124,40.39622766683233,2374000,2021-10-13
41.39850997924805,41.39850997924805,41.627601796765695,40.596694079872634,40.653967944574774,1530600,2021-10-14
41.53213119506836,41.53213119506836,41.92826709795634,41.360316942124435,41.69440526908438,2226100,2021-10-15
41.312591552734375,41.312591552734375,41.54168331784811,40.19577875619136,40.49645828419369,2104600,2021-10-18
41.64668273925781,41.64668273925781,41.689635396146066,40.978502382217144,41.53213503830912,1418600,2021-10-19
42.123958587646484,42.123958587646484,42.50577337607038,41.570322228689776,41.570322228689776,2084900,2021-10-20
40.76850509643555,40.76850509643555,41.99986566834909,40.65396102781042,41.83759520790435,2653300,2021-10-21
40.80668258666992,40.80668258666992,41.28395372803448,40.6444121464251,40.80668258666992,1875700,2021-10-22
40.587135314941406,40.587135314941406,41.140767904754746,40.558500213777315,41.035771320056554,3361100,2021-10-25
40.76850509643555,40.76850509643555,40.90691418161562,40.38573266124232,40.711234882768125,1656700,2021-10-26
40.195777893066406,40.195777893066406,40.615775205251225,40.15759532615233,40.52986625033956,2147300,2021-10-27
41.083499908447266,41.083499908447266,41.17895267831272,40.272136799431834,40.272136799431834,2593400,2021-10-28
41.188507080078125,41.188507080078125,41.513051650110064,40.74941479735935,40.95941529599484,3683900,2021-10-29
41.05486297607422,41.05486297607422,41.45577263803746,40.902136352776296,41.207589599372135,2651700,2021-11-01
40.89258575439453,40.89258575439453,41.369856828259415,40.22440552272584,41.093038731508344,4306700,2021-11-02
42.773040771484375,42.773040771484375,43.088037829631716,40.682590853048225,40.682590853048225,4392900,2021-11-03
45.24530792236328,45.24530792236328,45.48394350498906,43.126222783433576,43.43167603789137,4465900,2021-11-04
45.43621826171875,45.43621826171875,46.362125585055374,45.14985626066022,45.51258340402257,2727300,2021-11-05
44.42439651489258,44.42439651489258,45.98984519853489,44.300305004714204,45.73211835799041,4538200,2021-11-08
45.67485046386719,45.67485046386719,45.93257733799031,44.491219976735216,44.50076379816639,2541700,2021-11-09
45.646121978759766,45.646121978759766,46.12479355684913,45.28233055685904,45.425933491075575,2025300,2021-11-10
45.655704498291016,45.655704498291016,46.23968454467312,45.531252488256435,45.57911892688321,1397400,2021-11-11
46.62262725830078,46.62262725830078,46.68964100837998,45.79452355807144,45.85675322027033,3811500,2021-11-12
46.306697845458984,46.306697845458984,47.292764001203416,46.038642870137274,46.972051196329055,1790700,2021-11-15
46.3641357421875,46.3641357421875,47.00555399236822,46.33541661217189,46.785365474307305,1645700,2021-11-16
46.287559509277344,46.287559509277344,46.65135108340505,46.00035717264004,46.17267930501759,1533100,2021-11-17
46.593894958496094,46.593894958496094,46.90981998892037,46.22053166943085,46.50773757053464,2404900,2021-11-18
45.77058792114258,45.77058792114258,46.42158170613417,45.612625388319216,46.268406912722924,3253700,2021-11-19
45.521671295166016,45.521671295166016,46.68484350246596,45.51209946943225,45.904610060061565,2710700,2021-11-22
45.856746673583984,45.856746673583984,45.9429077188102,45.01428352603603,45.665277278417406,2005200,2021-11-23
45.54082107543945,45.54082107543945,45.80887603426023,45.253618812135066,45.51210194470149,1291900,2021-11-24
44.8323860168457,44.8323860168457,45.004704441515486,44.15266953587053,44.229258748590134,1306500,2021-11-26
44.602622985839844,44.602622985839844,45.37807234734634,44.44944820909502,45.27754809050543,2080700,2021-11-29
43.0804557800293,43.0804557800293,44.43988174280643,42.86026722205732,44.32500154994616,4761900,2021-11-30
42.75495147705078,42.75495147705078,44.9664158067512,42.73580417288316,43.82717494661393,2598900,2021-12-01
44.21968460083008,44.21968460083008,44.51646233108154,42.970351333574,43.06130011341997,2705200,2021-12-02
44.076087951660156,44.076087951660156,45.47380834212299,43.63092315549511,44.277129175225014,3760300,2021-12-03
45.090877532958984,45.090877532958984,45.52168283972751,44.363298077508745,44.650500398029216,3202300,2021-12-06
45.71315383911133,45.71315383911133,46.354572255214364,45.46424612664729,45.646140083756556,2661700,2021-12-07
46.05779266357422,46.05779266357422,46.28755303998168,45.470942138628715,46.03864535687771,2712200,2021-12-08
45.981201171875,45.981201171875,46.354564504127744,45.69399888952483,45.76101263367403,1983900,2021-12-09
45.914180755615234,45.914180755615234,46.584321751699534,45.65569764346952,46.3354141170266,2242500,2021-12-10
44.64092254638672,44.64092254638672,45.61741322597717,44.56433332352857,45.56954313570325,2268800,2021-12-13
44.334571838378906,44.334571838378906,45.023856566805264,44.15746200397714,44.55476037056823,2425100,2021-12-14
44.12395477294922,44.12395477294922,44.28670138811941,43.195330562701585,44.28670138811941,2913100,2021-12-15
44.97598648071289,44.97598648071289,45.43072672610169,44.324992763589265,44.459020237354466,3363800,2021-12-16
44.1143798828125,44.1143798828125,45.12916141745959,43.98034875659941,45.12916141745959,6903500,2021-12-17
42.850685119628906,42.850685119628906,43.731442867368514,42.01779745916014,43.731442867368514,3372700,2021-12-20
43.86547088623047,43.86547088623047,44.15267315351152,43.14746339204034,43.33893278755271,2223400,2021-12-21
43.97077941894531,43.97077941894531,44.24840986099232,43.702724455299915,43.894190199632355,2940500,2021-12-22
44.45902633666992,44.45902633666992,44.794098719026124,43.980354634997,44.05694386021279,1923800,2021-12-23
45.00470733642578,45.00470733642578,45.02385464083732,44.27712802866159,44.41115550756751,1310500,2021-12-27
45.358924865722656,45.358924865722656,45.51209964186627,44.81323949746259,44.93769149234666,1616700,2021-12-28
45.330196380615234,45.330196380615234,45.502518438590556,45.023846866875616,45.19616892485094,1160900,2021-12-29
45.110015869140625,45.110015869140625,45.72271500491556,45.05257760764605,45.47380735049759,1192200,2021-12-30
45.2631950378418,45.2631950378418,45.39722253027927,44.88025986687405,44.93769813393281,1457000,2021-12-31
44.89939880371094,44.89939880371094,45.741858213985836,44.79409046443293,45.37807041717492,2071200,2022-01-03
45.732295989990234,45.732295989990234,46.26840962433674,45.100449473641845,45.100449473641845,2529200,2022-01-04
45.22489929199219,45.22489929199219,46.20138624842418,45.19617650952662,45.971625900548965,2498600,2022-01-05
45.856746673583984,45.856746673583984,46.19181537614427,45.06214996183394,45.51210249267914,2685800,2022-01-06
46.35456085205078,46.35456085205078,46.71835232875284,45.761009028360476,45.85674554958463,2463600,2022-01-07
45.36849594116211,45.36849594116211,46.23967815081608,44.82281058192691,46.23967815081608,2145200,2022-01-10
46.344993591308594,46.344993591308594,46.421582815832636,45.23447539953655,45.48338307528923,1867000,2022-01-11
46.77579879760742,46.77579879760742,47.24489501538531,46.421582764513374,46.88110715522395,1988000,2022-01-12
46.814090728759766,46.814090728759766,47.30233422468553,46.469446542470976,46.73750150870669,2107800,2022-01-13
46.526885986328125,46.526885986328125,46.69920808384583,45.77537159236623,46.25883101328952,2039600,2022-01-14
46.086509704589844,46.086509704589844,46.297126416710874,45.713146370902685,46.086509704589844,1877800,2022-01-18
45.20574951171875,45.20574951171875,46.431147705203564,45.15787942755632,46.36413396974578,2530800,2022-01-19
44.55475616455078,44.55475616455078,45.93332914323977,44.42072869256397,45.473804817010105,2191200,2022-01-20
43.501686096191406,43.501686096191406,44.75580736046867,43.38680590199041,44.20054639320872,2360700,2022-01-21
44.10481262207031,44.10481262207031,44.315429350527296,41.87420427386177,42.79325311298695,3365500,2022-01-24
44.085662841796875,44.085662841796875,44.44945435636803,42.3337263187369,43.11874761461791,4314600,2022-01-25
44.04736328125,44.04736328125,45.10044309418954,43.44902372343486,44.459021189184796,2986200,2022-01-26
44.84197235107422,44.84197235107422,45.52168539999597,44.32500595387633,44.49732808627562,2506200,2022-01-27
45.43552017211914,45.43552017211914,45.45466747974035,44.1335324696807,44.76537901327871,2271500,2022-01-28
46.029075622558594,46.029075622558594,46.14395581598618,45.24405062020618,45.416372736335305,2573500,2022-01-31
45.88547134399414,45.88547134399414,46.277982008081054,45.3397858756776,45.904618651019774,4429000,2022-02-01
46.07693099975586,46.07693099975586,46.29711950593521,45.62697850992545,45.82801971313599,3597400,2022-02-02
46.459869384765625,46.459869384765625,47.24489060206129,45.34935129795896,45.99077321080779,4054900,2022-02-03
48.10650634765625,48.10650634765625,48.589965792210656,46.191819527849034,46.191819527849034,4931500,2022-02-04
47.436363220214844,47.436363220214844,48.34584015147929,47.24489381595257,48.202237185288794,4646600,2022-02-07
48.22138214111328,48.22138214111328,48.26924857685256,47.235319687379246,47.532097432122725,4336000,2022-02-08
49.34147262573242,49.34147262573242,49.422845926571,48.63303700461342,48.68090343734348,2901500,2022-02-09
48.776641845703125,48.776641845703125,50.14564305630843,48.53730602079975,49.1117105397779,4628200,2022-02-10
48.87237548828125,48.87237548828125,49.53294471273201,48.31711826474538,48.757495313062606,3194800,2022-02-11
48.72877883911133,48.72877883911133,49.35104983645098,48.221384371278845,49.01598111880464,5552300,2022-02-14
48.71919631958008,48.71919631958008,48.94896030131499,48.058630806550944,48.288391136311255,4652900,2022-02-15
49.2648811340332,49.2648811340332,49.68611448732147,48.728771269083865,49.09255906259247,3283700,2022-02-16
49.0829963684082,49.0829963684082,49.379774135983595,48.307546902664576,48.68569798245451,2920200,2022-02-17
48.53730392456055,48.53730392456055,49.5999555255535,48.32668723910977,49.29360597506585,2670100,2022-02-18
48.50858688354492,48.50858688354492,49.05427596514617,48.10650442044154,48.55645697370259,2923700,2022-02-22
48.269248962402344,48.269248962402344,49.31275333854346,48.16394426372479,48.81493802050869,3330800,2022-02-23
47.915035247802734,47.915035247802734,48.01555586406543,46.91939726009342,47.484229998123205,3156900,2022-02-24
49.62868118286133,49.62868118286133,49.647828488782295,48.039491311173,48.14479966775072,3414300,2022-02-25
49.94546127319336,49.94546127319336,49.974261838859064,48.620752432240515,48.9663262634469,4551900,2022-02-28
48.351959228515625,48.351959228515625,50.26223284499957,48.015983204898255,50.03184667033051,3091100,2022-03-01
49.24470901489258,49.24470901489258,49.73427835542191,48.7071472754749,48.79354164957628,4594300,2022-03-02
49.455902099609375,49.455902099609375,49.695886094466644,48.88473902005223,49.5806948022574,3877000,2022-03-03
49.41748809814453,49.41748809814453,49.46548414951063,48.1119749945483,48.995117719513274,5847100,2022-03-04
49.16790771484375,49.16790771484375,51.855726941872184,49.05271279432726,49.811062876005714,8059100,2022-03-07
48.07358169555664,48.07358169555664,49.667074813795544,47.574414691282946,49.01431824373488,5231200,2022-03-08
49.46548843383789,49.46548843383789,49.84946420175174,48.20797493455542,48.39036141028913,4827300,2022-03-09
51.442955017089844,51.442955017089844,51.53894712366461,49.00471742670368,49.00471742670368,4712500,2022-03-10
51.50056076049805,51.50056076049805,52.834871030538096,51.22121907149279,51.68294725706725,4039100,2022-03-11
52.038116455078125,52.038116455078125,52.60447869760539,51.078180699056624,51.77893336152861,4971100,2022-03-14
52.78687286376953,52.78687286376953,53.21884105745748,51.71174209842443,51.951726055746434,5530400,2022-03-15
52.56608581542969,52.56608581542969,53.852400007771905,51.77893870717629,53.26684221211193,5367600,2022-03-16
53.5548210144043,53.5548210144043,53.72280905284555,52.22051079212153,52.23010853923334,4400000,2022-03-17
53.61241149902344,53.61241149902344,53.73720417493257,52.834865865881575,53.56441544270896,11274700,2022-03-18
54.6683349609375,54.6683349609375,54.69713185809379,53.358021212369025,53.93878183015839,5814000,2022-03-21
54.2171745300293,54.2171745300293,55.042719918932754,54.03478804298545,54.95632554888787,5106500,2022-03-22
55.10991668701172,55.10991668701172,55.41709586430668,54.18837915512684,54.879530473108176,3902500,2022-03-23
56.14664077758789,56.14664077758789,56.386624702901486,55.311494080954446,55.34029464205967,4758800,2022-03-24
57.394561767578125,57.394561767578125,57.413760922803405,56.17544287475604,56.17544287475604,4670200,2022-03-25
56.66500473022461,56.66500473022461,57.192972308980934,56.252232075122855,56.96258612353598,3276600,2022-03-28
55.705074310302734,55.705074310302734,55.7914686803408,53.99638972717716,55.532285570226605,4215100,2022-03-29
56.03144836425781,56.03144836425781,56.72260327188609,55.666675418000004,56.18503793685696,3440100,2022-03-30
55.17710494995117,55.17710494995117,56.57861022747968,55.061913688447724,55.714670273407556,4327800,2022-03-31
55.95466232299805,55.95466232299805,56.10825191457568,55.33070254741501,55.5898856698019,2430900,2022-04-01
56.31943130493164,56.31943130493164,56.521020604791154,55.047519306726244,55.9930566501955,2356800,2022-04-04
55.9450569152832,55.9450569152832,56.7706022842098,55.71467437531475,56.444223967700786,3220000,2022-04-05
55.72427749633789,55.72427749633789,56.386635601823016,55.55148874376479,55.86826934410373,2868800,2022-04-06
56.14664077758789,56.14664077758789,56.39622244869383,55.59467701699381,55.88745769882552,2321800,2022-04-07
57.25057601928711,57.25057601928711,57.89373497116765,56.50182719524139,56.82820554503193,2478900,2022-04-08
57.356163024902344,57.356163024902344,57.663342182463126,56.97218724701916,57.356163024902344,2487700,2022-04-11
58.20090103149414,58.20090103149414,58.296893134299545,57.22176620305025,57.44255096899387,2813000,2022-04-12
58.50808334350586,58.50808334350586,58.757665021520964,57.701737185655546,58.40248982754648,2193500,2022-04-13
58.5656852722168,58.5656852722168,59.26644167323353,58.440896246821225,58.8728681166724,3714400,2022-04-14
58.50808334350586,58.50808334350586,59.03604726143857,58.28729856552906,58.58487629756274,3289700,2022-04-18
58.69047546386719,58.69047546386719,59.35283352342939,58.2105075537448,58.8920611072711,3865400,2022-04-19
58.86326599121094,58.86326599121094,59.405628427841,57.989724514747074,59.09365220628329,4258500,2022-04-20
57.7977294921875,57.7977294921875,59.55441363784103,57.69213597586548,59.400824067335606,3942200,2022-04-21
55.36909484863281,55.36909484863281,57.75933283688707,54.898724715701604,57.442555940720595,4987500,2022-04-22
55.00431442260742,55.00431442260742,55.225099192357305,53.54521173125407,54.6107409353378,4215500,2022-04-25
54.361167907714844,54.361167907714844,55.455494184714745,54.236375222588556,54.94672935884821,4118800,2022-04-26
54.92752456665039,54.92752456665039,55.589878913224574,54.22677191138268,54.6491423214187,4522700,2022-04-27
55.503482818603516,55.503482818603516,55.72906829781231,54.58674611378753,55.397889303921595,4599700,2022-04-28
55.378692626953125,55.378692626953125,56.53061627030309,55.263501361177426,55.74346924075122,6933100,2022-04-29
55.042724609375,55.042724609375,55.67628215640432,53.90040220754081,55.45549733900098,5231600,2022-05-02
54.96592712402344,54.96592712402344,55.273109975916306,54.23637746317294,55.10991897141494,5304900,2022-05-03
56.77059555053711,56.77059555053711,56.842591458936845,54.7643298321121,55.21550077367734,5025300,2022-05-04
55.71467971801758,55.71467971801758,57.2121773570069,54.073190231341684,54.092385726626084,6842900,2022-05-05
53.506832122802734,53.506832122802734,54.97553297258324,52.63329054402546,54.85074027222503,5236400,2022-05-06
50.95339584350586,50.95339584350586,52.83006849543574,50.82860315972191,52.83006849543574,5314400,2022-05-09
50.70380401611328,50.70380401611328,52.20130504514047,50.17007999458772,52.076512377255504,4323300,2022-05-10
51.452552795410156,51.452552795410156,52.29729724888393,50.4350232823658,50.68460495673588,3899600,2022-05-11
52.02040481567383,52.02040481567383,52.03003136855218,50.70184977331187,51.03870569497048,3748600,2022-05-12
53.38707733154297,53.38707733154297,53.83461651595033,52.357256614124495,52.43425066841793,3881300,2022-05-13
54.416900634765625,54.416900634765625,55.03286778419744,53.20421209679965,53.32933157135731,3620700,2022-05-16
55.44672393798828,55.44672393798828,55.74508097445236,54.542018933345005,55.12911379683803,4238000,2022-05-17
54.94624710083008,54.94624710083008,56.1108102206324,54.72488413626505,54.89427400069602,4319300,2022-05-18
56.784523010253906,56.784523010253906,56.857669381088854,54.31102797962524,54.359149722461844,6912300,2022-05-19
57.005889892578125,57.005889892578125,57.535236443163825,55.860576179750595,57.236879414145754,9441900,2022-05-20
58.6228141784668,58.6228141784668,58.87786277501391,56.96932694568697,57.602616120823896,4956300,2022-05-23
59.75849533081055,59.75849533081055,59.859552097424285,57.987587934178315,58.38219212015026,5808300,2022-05-24
59.68149948120117,59.68149948120117,60.11460254565626,59.089595019324165,59.35426646266332,5374200,2022-05-25
60.797935485839844,60.797935485839844,61.62564267503589,60.10497431583563,60.17234548970474,5745200,2022-05-26
60.547706604003906,60.547706604003906,60.74501054217096,58.92116803685504,60.57657891829021,6501900,2022-05-27
60.268592834472656,60.268592834472656,61.567901995415035,60.018357554284044,60.61507527739062,12551200,2022-05-31
59.98948287963867,59.98948287963867,60.8941841449569,59.480344036759774,60.64394520316537,4259100,2022-06-01
60.19160079956055,60.19160079956055,60.65357618183285,59.72962541728824,60.36484202684441,4820200,2022-06-02
59.671871185302734,59.671871185302734,60.34558659426623,59.42163592157815,60.153095952926144,3425000,2022-06-03
59.40238952636719,59.40238952636719,60.071291693835164,59.07515652080018,59.86436488632288,2699300,2022-06-06
60.037601470947266,60.037601470947266,60.181966694597136,59.00778078880676,59.04627597890795,3560000,2022-06-07
59.671871185302734,59.671871185302734,60.05685246798291,59.01740520761861,59.53712883780076,3734400,2022-06-08
58.78641891479492,58.78641891479492,59.335014851873055,58.57467884383368,59.161773643169056,4500600,2022-06-09
55.80283737182617,55.80283737182617,58.05015670957939,55.79321448954067,57.90097816969972,3551200,2022-06-10
54.128170013427734,54.128170013427734,55.04249424514942,53.685440383452054,54.493898237534786,3721400,2022-06-13
54.27253723144531,54.27253723144531,54.60939682457509,53.77206295391716,54.12817198135043,4443200,2022-06-14
53.444820404052734,53.444820404052734,55.06173588330084,52.83847985292485,54.73450290127554,4482700,2022-06-15
52.01078414916992,52.01078414916992,52.67487313934374,51.66430165987772,52.549753646776146,4880000,2022-06-16
51.22157287597656,51.22157287597656,52.48237960043711,50.682599736278206,52.087775380563684,12994200,2022-06-17
53.290836334228516,53.290836334228516,53.53144874781997,51.90491015366519,52.415007295613776,3590200,2022-06-21
51.42367935180664,51.42367935180664,52.60749184856051,51.414052800367166,51.69316404885361,4488400,2022-06-22
49.01755905151367,49.01755905151367,51.529553127221405,48.84913110364042,51.25044185848635,5882000,2022-06-23
51.548805236816406,51.548805236816406,51.58730043300501,49.29185960375668,49.49878642801859,8329500,2022-06-24
52.20326614379883,52.20326614379883,52.28026020002395,51.086824792631596,51.69316537656076,4769100,2022-06-27
52.23213577270508,52.23213577270508,53.62768830783584,51.876030479118405,52.82885344574694,4755300,2022-06-28
52.48237991333008,52.48237991333008,52.886610688377345,51.95110948125711,52.44388471640752,3208200,2022-06-29
52.10702896118164,52.10702896118164,52.684501014980945,51.55843289651768,51.87604307682546,3588100,2022-06-30
52.087772369384766,52.087772369384766,52.39575595384963,50.68259680633208,51.60654755972667,2130500,2022-07-01
50.14363098144531,50.14363098144531,51.04833610474672,49.335173036928346,50.80772366496732,4655000,2022-07-05
50.085872650146484,50.085872650146484,50.393856195132734,48.60369954524177,50.17249325163971,3851300,2022-07-06
50.86546325683594,50.86546325683594,51.587300504594936,50.778842640246694,51.48143412561173,3879700,2022-07-07
50.74996566772461,50.74996566772461,51.22156757508663,50.133998526932075,51.08682522196999,2554800,2022-07-08
50.92320251464844,50.92320251464844,50.9905736854248,50.06180977806101,50.20136539508446,2249700,2022-07-11
50.58635330200195,50.58635330200195,51.49105462223938,50.210994866528814,50.65372448162315,2713300,2022-07-12
50.01850891113281,50.01850891113281,50.441985430547675,49.687424531779115,49.922261744365336,1675200,2022-07-13
49.55653762817383,49.55653762817383,49.92226587780963,48.15135824865528,49.392919266848914,3560400,2022-07-14
50.04737854003906,50.04737854003906,50.51898045325988,49.682608589752746,50.345739233828056,2589600,2022-07-15
50.27837371826172,50.27837371826172,51.04833274052251,50.057007057373404,50.586357327166034,1867500,2022-07-18
51.722042083740234,51.722042083740234,52.184017441915024,50.634473029511,50.70184420644563,2273100,2022-07-19
51.99152755737305,51.99152755737305,52.23213995609944,51.370747128084496,51.40443271704804,1679300,2022-07-20
51.856781005859375,51.856781005859375,51.88565331650529,50.8462097472632,51.60654207541626,1482300,2022-07-21
51.98190689086914,51.98190689086914,52.47275829585997,51.56805689594064,52.020405760173176,1971600,2022-07-22
53.38707733154297,53.38707733154297,53.51700640442411,52.14551653977368,52.568993017021675,2643000,2022-07-25
53.37746047973633,53.37746047973633,53.91643364354599,52.982856242210026,53.560328275889155,1692200,2022-07-26
54.484275817871094,54.484275817871094,54.75857382400136,52.90585896354577,53.81056032185431,2248500,2022-07-27
54.821128845214844,54.821128845214844,55.097354350203396,54.15703993675582,54.67195033069129,2293400,2022-07-28
55.38897705078125,55.38897705078125,55.86057899836154,55.08099345412011,55.27348411989684,2338900,2022-07-29
54.76338577270508,54.76338577270508,55.36972640011229,54.22441265466689,54.85962926775111,2621600,2022-08-01
53.646942138671875,53.646942138671875,54.80187871761713,53.59881672167095,54.70563522652297,3025200,2022-08-02
53.60844802856445,53.60844802856445,53.993425698541316,53.473705660499846,53.993425698541316,3164600,2022-08-03
53.14646911621094,53.14646911621094,53.65656623922531,52.62674544099596,53.50257444710094,3218800,2022-08-04
55.72583770751953,55.72583770751953,56.21668542682683,54.60939623024699,54.830759215146685,5728000,2022-08-05
56.87114715576172,56.87114715576172,58.411065051103776,56.803775977306366,57.08288724316645,4055600,2022-08-08
57.47749328613281,57.47749328613281,57.88172036989538,56.90964785552301,56.90964785552301,3022100,2022-08-09
57.83359909057617,57.83359909057617,58.656493093284745,57.52561549908714,58.43031684015442,2604500,2022-08-10
58.15200424194336,58.15200424194336,58.90459246125438,58.02174632359065,58.36427422406368,1985300,2022-08-11
59.58963394165039,59.58963394165039,59.59928458369713,58.02656486845678,58.34496980445184,2744000,2022-08-12
59.44491195678711,59.44491195678711,59.65718193025771,58.34497424087908,58.72126833520111,3836200,2022-08-15
59.91769027709961,59.91769027709961,60.129960250152294,59.4738564067547,59.4738564067547,2523100,2022-08-16
59.695770263671875,59.695770263671875,59.724718509822004,59.058964057992966,59.33877379338078,1747600,2022-08-17
60.17820358276367,60.17820358276367,60.60274353705766,59.93698903805731,60.1010168423914,1980500,2022-08-18
59.17475509643555,59.17475509643555,59.9997084146952,58.981782720555884,59.86945049670361,2232200,2022-08-19
58.89494705200195,58.89494705200195,59.184403783937015,58.47040707656462,58.59583967663856,1912800,2022-08-22
59.59928894042969,59.59928894042969,59.79226130841413,59.078264651064224,59.078264651064224,1952700,2022-08-23
59.72472381591797,59.72472381591797,60.27469269329031,59.07826691054228,59.72472381591797,2307200,2022-08-24
61.01762771606445,61.01762771606445,61.118937374642705,59.99487680750445,60.216793728291314,2522400,2022-08-25
60.12997055053711,60.12997055053711,61.525154864742234,60.09137533416304,61.24920606088822,1889200,2022-08-26
59.73435974121094,59.73435974121094,60.27468155626803,59.194037926153854,59.43525243062985,1803200,2022-08-29
59.59928894042969,59.59928894042969,59.695773284101016,58.57653796656138,59.41596721519745,2539200,2022-08-30
59.271240234375,59.271240234375,60.02382846163452,59.03002568146956,59.57034760500885,3710500,2022-08-31
58.67302703857422,58.67302703857422,58.78880898917564,57.84324841787335,58.64407879044248,2468400,2022-09-01
59.087913513183594,59.087913513183594,60.02382339664527,58.856345942452265,59.39666782039758,2644100,2022-09-02
58.20024871826172,58.20024871826172,59.57999629534206,57.92043894542342,59.444916730700704,2303200,2022-09-06
59.64752960205078,59.64752960205078,59.811557398909166,57.6792181236003,57.78052778608267,2058800,2022-09-07
59.859798431396484,59.859798431396484,59.946635809107704,58.95282944627005,59.21334157940371,2873500,2022-09-08
60.322933197021484,60.322933197021484,60.76676707162424,59.623408815769714,60.39047297443313,2021200,2022-09-09
59.92734146118164,59.92734146118164,60.66063205008649,59.1361580571099,60.66063205008649,4922200,2022-09-12
60.448368072509766,60.448368072509766,61.58690104993476,58.86599752307834,58.9142433778874,4939200,2022-09-13
61.567596435546875,61.567596435546875,62.04037852210568,60.55449249015538,60.815004617772495,5006500,2022-09-14
59.936988830566406,59.936988830566406,61.731625625871736,59.787436991171575,61.56760150274732,5786400,2022-09-15
59.19404602050781,59.19404602050781,59.43526055796814,58.25813611799813,59.078264073106546,7511800,2022-09-16
59.2615852355957,59.2615852355957,59.493152808848045,58.37391751285209,58.37391751285209,2386800,2022-09-19
59.2422981262207,59.2422981262207,59.40632226230032,58.11341205780572,58.701976180241324,2707100,2022-09-20
57.1485481262207,57.1485481262207,60.0334756315382,57.119603559352136,60.0334756315382,3101500,2022-09-21
57.65993118286133,57.65993118286133,58.46076534960222,57.45731182042413,57.45731182042413,3170800,2022-09-22
55.884586334228516,55.884586334228516,56.74331324174532,55.084720253790856,56.71436499230951,2686800,2022-09-23
55.585479736328125,55.585479736328125,56.895755098854494,55.493817032416075,55.845991883782006,3941600,2022-09-26
55.247779846191406,55.247779846191406,56.52139607790579,54.900433980060576,56.20299109981669,2357400,2022-09-27
56.328426361083984,56.328426361083984,56.63235538855552,55.16094506688072,55.469703096883805,3517500,2022-09-28
55.19953155517578,55.19953155517578,56.03896076041202,54.60132055793007,55.817040156286396,2431000,2022-09-29
55.14164352416992,55.14164352416992,55.9617714612593,54.408349285242366,54.939020519867356,3688200,2022-09-30
57.10030746459961,57.10030746459961,57.38493886137907,55.860464848837104,56.424906001551605,3680100,2022-10-03
59.58963394165039,59.58963394165039,59.647526752006264,57.81429491112674,57.87218772148261,3986600,2022-10-04
59.358070373535156,59.358070373535156,59.782606609785375,58.86599068452727,59.20369322574948,2978100,2022-10-05
58.75020980834961,58.75020980834961,59.78260769299271,58.61513026166982,59.05896410951531,3219100,2022-10-06
58.69232177734375,58.69232177734375,59.09756042497846,57.98797210392628,58.56688918994372,2420500,2022-10-07
58.90458679199219,58.90458679199219,59.589635165722,58.624777057153274,59.174749565227714,2133300,2022-10-10
58.624778747558594,58.624778747558594,59.56069231766199,58.14234967936372,58.46075463108035,2198800,2022-10-11
58.65373611450195,58.65373611450195,58.919069934880625,58.04587436348088,58.682680685288865,2395700,2022-10-12
60.73781967163086,60.73781967163086,61.012804089879666,57.41870536783706,57.997622450905155,3067800,2022-10-13
56.66611862182617,56.66611862182617,61.027277894884655,56.540686031936836,61.027277894884655,4043200,2022-10-14
58.23884201049805,58.23884201049805,58.84187839036049,57.74676226337079,57.74676226337079,2693300,2022-10-17
59.45456314086914,59.45456314086914,60.2071550635975,58.70197489878284,59.59929334772053,2934600,2022-10-18
59.62823486328125,59.62823486328125,60.05277481862895,58.95283340029872,59.07344067295125,2174000,2022-10-19
59.753662109375,59.753662109375,60.535198491245744,59.21334025122024,60.18784898819208,2886400,2022-10-20
60.670284271240234,60.670284271240234,60.81983611350961,59.22299698019395,59.78261281879805,2566200,2022-10-21
61.13341522216797,61.13341522216797,61.5290069309972,60.486958323949345,60.83430785963196,3123400,2022-10-24
62.67718505859375,62.67718505859375,62.72543091100584,60.776416990222685,60.79571091441739,4597400,2022-10-25
63.555206298828125,63.555206298828125,63.94114365345584,62.42631671656418,63.193384507902245,5580600,2022-10-26
63.65169143676758,63.65169143676758,64.346390461874,63.49731060395137,64.01833487278118,3822600,2022-10-27
63.699920654296875,63.699920654296875,64.16305572405119,62.95987623194067,63.76746041850248,2951200,2022-10-28
63.0438232421875,63.0438232421875,64.1630621453569,62.60964005188247,63.661339184087026,3672900,2022-10-31
64.75164794921875,64.75164794921875,64.83848167198457,63.487685798169174,63.709599108316525,3694100,2022-11-01
64.55865478515625,64.55865478515625,66.02523576234263,64.49110765573903,64.70337760167133,4385400,2022-11-02
64.6261978149414,64.6261978149414,65.26300032359477,63.420125207894955,63.44906977265879,5408700,2022-11-03
63.07278823852539,63.07278823852539,64.9060130764074,61.702687570795845,64.62621065391468,5722400,2022-11-04
63.7192268371582,63.7192268371582,64.66478360876366,62.9666387320445,63.03417850144489,3421800,2022-11-07
64.82881164550781,64.82881164550781,65.14720919225879,63.56484265457362,63.767461952063286,2901300,2022-11-08
64.6937484741211,64.6937484741211,65.48493194304449,64.38981577038447,64.7130424001164,3595000,2022-11-09
64.9935073852539,64.9935073852539,65.78646463785677,64.33593253837927,65.78646463785677,4523900,2022-11-10
62.63397979736328,62.63397979736328,65.85416318815228,62.17464605683786,65.62208009212266,5139300,2022-11-11
64.52934265136719,64.52934265136719,65.43833776995515,62.69200047642751,62.788701142942664,3240400,2022-11-14
64.51968383789062,64.51968383789062,64.83880274400609,62.68234127946186,64.51968383789062,3422100,2022-11-15
63.19485855102539,63.19485855102539,64.39396324014824,62.91442140849545,64.11353347540742,3064300,2022-11-16
63.2722282409668,63.2722282409668,63.47530190658157,61.65730013185686,62.421251826325374,3637400,2022-11-17
63.0497932434082,63.0497932434082,63.765394401795035,62.64364602018619,63.47528502647195,2999700,2022-11-18
63.0014533996582,63.0014533996582,63.552655370037634,61.93773120497019,62.85639869633968,3290300,2022-11-21
63.91045379638672,63.91045379638672,64.14254429164593,63.22386934793742,63.75090172535627,1896700,2022-11-22
63.63002014160156,63.63002014160156,64.12319581389676,63.1658465572068,63.81374921689653,1653700,2022-11-23
64.14253234863281,64.14253234863281,64.14253234863281,63.44627574807316,63.823413510411655,704300,2022-11-25
62.78871536254883,62.78871536254883,63.57200052983456,62.517950483871765,63.542991061089104,2570200,2022-11-28
63.407596588134766,63.407596588134766,63.70737087866554,62.827385189970464,62.86606693355318,1736500,2022-11-29
64.9451675415039,64.9451675415039,64.97417700608462,62.66686217036709,63.5719914031125,5060000,2022-11-30
64.06517028808594,64.06517028808594,65.19658360024036,63.66868795704026,65.12889239467013,1705900,2022-12-01
65.09020233154297,65.09020233154297,65.32229275907763,63.659014917348244,63.79439731118323,1865100,2022-12-02
62.23750686645508,62.23750686645508,64.89681609982422,61.91838798778146,64.75176139335541,2573200,2022-12-05
61.56058883666992,61.56058883666992,63.24320787782539,61.08674667629174,62.372887048108026,2674200,2022-12-06
61.65728759765625,61.65728759765625,62.20849323196334,61.115757932770116,61.570255517386094,2747600,2022-12-07
61.6379508972168,61.6379508972168,62.488930834424885,61.396195526671995,62.179484255239075,1892300,2022-12-08
60.91268539428711,60.91268539428711,61.8893754779348,60.56455706700064,61.43487419632256,2078700,2022-12-09
60.235774993896484,60.235774993896484,61.193124290572996,59.58786861825059,60.9223594291121,3637200,2022-12-12
60.5742301940918,60.5742301940918,61.52674702509637,60.31313392907827,61.13510447202334,2384600,2022-12-13
59.66523361206055,59.66523361206055,60.94653797315266,59.375127869089326,60.66126468218978,2956500,2022-12-14
58.24370574951172,58.24370574951172,59.336441100800975,57.9439277500906,58.97864417102983,3922600,2022-12-15
57.80854415893555,57.80854415893555,58.09865356039915,57.05426856847643,57.77469855395069,9735200,2022-12-16
56.37734603881836,56.37734603881836,58.301720219143114,56.1017450914971,58.050292593123885,3379000,2022-12-19
56.94789505004883,56.94789505004883,57.450746668347676,56.38702450314635,56.61910759534936,2645200,2022-12-20
57.43140411376953,57.43140411376953,57.92458712582127,56.493392113945184,57.1412984125654,2429000,2022-12-21
56.95757293701172,56.95757293701172,57.286360424073344,56.04857028454418,57.276688142424554,2305700,2022-12-22
57.42173767089844,57.42173767089844,57.66832549725717,56.880204303198205,56.96723638570549,1136400,2022-12-23
57.789207458496094,57.789207458496094,58.05030372532734,57.30569667300739,57.6634973102731,1683900,2022-12-27
56.69647216796875,56.69647216796875,57.95359939327366,56.55141746590136,57.78920381833767,1656800,2022-12-28
57.0349235534668,57.0349235534668,57.65865281908265,56.80284047582472,56.80284047582472,1548200,2022-12-29
56.841522216796875,56.841522216796875,57.21866000910059,56.406365495765975,56.82218134425639,1858200,2022-12-30
56.986576080322266,56.986576080322266,57.170308833419796,56.377351515365326,56.79317104664928,2351100,2023-01-03
57.72151565551758,57.72151565551758,57.827888617464396,56.78350724967511,57.29602749662484,3428600,2023-01-04
57.092952728271484,57.092952728271484,57.721514517270684,56.957570302606875,57.276685493259976,3314700,2023-01-05
58.99797821044922,58.99797821044922,59.123692034330624,57.62480949490863,57.79887365446929,2867000,2023-01-06
59.09468460083008,59.09468460083008,59.91181895078963,58.74655626974922,59.18171668360029,2243100,2023-01-09
59.71357345581055,59.71357345581055,59.752255198444416,58.49512807399563,59.39445461242211,1736300,2023-01-10
60.032691955566406,60.032691955566406,60.87399956412036,59.61203630684243,60.748285745726875,2807600,2023-01-11
60.51620864868164,60.51620864868164,60.77827139274551,59.67489726810322,60.05203507165489,2888500,2023-01-12
60.651588439941406,60.651588439941406,60.93202186573854,59.83445410843861,60.506533742302665,2066300,2023-01-13
60.63224792480469,60.63224792480469,61.44937857222642,60.583897588271704,60.704775274051265,3163500,2023-01-17
59.48149108886719,59.48149108886719,60.98037737120632,59.38479041402338,60.864332134720605,2621500,2023-01-18
60.1680793762207,60.1680793762207,60.30346179704565,59.1333666583223,59.587864258392564,3085700,2023-01-19
60.30345916748047,60.30345916748047,60.91268372352144,59.61687481243898,60.3421409114278,2570800,2023-01-20
59.85863494873047,59.85863494873047,60.40983693277414,59.534679928474205,60.264782225859726,2754300,2023-01-23
60.44851303100586,60.44851303100586,60.487194776781465,59.18171721245659,60.03269717504825,2169400,2023-01-24
61.048072814941406,61.048072814941406,61.06741368903028,59.39446312484097,59.84896444369311,2149800,2023-01-25
61.048072814941406,61.048072814941406,61.54608833382261,60.50653940713661,61.405869763349195,3726500,2023-01-26
61.72498321533203,61.72498321533203,61.97157103823136,60.612907030995366,60.72894857641236,3738500,2023-01-27
60.46786117553711,60.46786117553711,61.8507023977086,60.13907367469435,61.197963537050185,2869300,2023-01-30
62.32452392578125,62.32452392578125,62.34386848461204,60.41949434815474,60.54520815829863,3797200,2023-01-31
62.35354995727539,62.35354995727539,63.05947152514097,61.792675713088634,61.89904866897883,4132900,2023-02-01
59.95533752441406,59.95533752441406,60.90301822326165,59.046338573820144,60.284125006781146,9167000,2023-02-02
59.471824645996094,59.471824645996094,59.84896245596711,59.08501455485461,59.08501455485461,4689600,2023-02-03
58.698211669921875,58.698211669921875,59.37512752553442,58.25338262068022,59.22523666956576,4277400,2023-02-06
58.70787811279297,58.70787811279297,58.93029262926859,57.86657038718613,58.57249568440733,4114400,2023-02-07
59.83929443359375,59.83929443359375,59.984345452482444,58.44678104333781,58.490298931230534,4131400,2023-02-08
60.53554153442383,60.53554153442383,61.686299425377996,60.20675409256465,61.39135758684723,4260000,2023-02-09
62.343875885009766,62.343875885009766,62.837058904712144,60.78697071475959,60.78697071475959,4935500,2023-02-10
60.40983581542969,60.40983581542969,62.112762254639264,60.25511251906683,61.95706877905833,3864300,2023-02-13
60.12939453125,60.12939453125,60.71927821063427,59.58786118696897,59.99401211740327,2741500,2023-02-14
60.061710357666016,60.061710357666016,60.216433661451255,59.51050835737519,59.58786816482054,2574700,2023-02-15
60.680599212646484,60.680599212646484,61.01905526257764,59.63621422046873,59.694236838554474,2277100,2023-02-16
59.7716064453125,59.7716064453125,60.883679072372196,59.48149701409335,60.351817929961506,4037100,2023-02-17
58.079315185546875,58.079315185546875,60.12939982328572,58.035797297898036,59.83929409823971,3398200,2023-02-21
59.897315979003906,59.897315979003906,59.95533860242767,57.61514812442169,58.263050819294634,5076300,2023-02-22
59.95533752441406,59.95533752441406,60.509442685908944,59.036666292309455,60.090719954407355,4058500,2023-02-23
59.6458854675293,59.6458854675293,59.79094016578255,58.46611807582586,59.1527024445836,2909800,2023-02-24
60.061710357666016,60.061710357666016,60.38082555783171,59.23973980908011,59.52984923146016,3516400,2023-02-27
60.381591796875,60.381591796875,60.55607734496764,59.528551750402585,59.83874745860628,6824500,2023-02-28
60.24588394165039,60.24588394165039,61.0795326282012,60.187720857452796,60.236188245371785,2758600,2023-03-01
61.602989196777344,61.602989196777344,61.651456584621016,60.1392533760802,60.48822448507413,2537100,2023-03-02
61.74839401245117,61.74839401245117,61.796861399474075,60.98259672488567,61.24432505219886,2412700,2023-03-03
61.31217956542969,61.31217956542969,62.077976845898725,60.87596569061666,61.41881003458671,3932600,2023-03-06
61.04076385498047,61.04076385498047,61.079535548474574,59.935691087164265,60.87597029078735,4239300,2023-03-07
60.294349670410156,60.294349670410156,61.05045125504937,59.65457055314053,61.05045125504937,4877400,2023-03-08
58.08420181274414,58.08420181274414,60.49791617231991,58.074509814355125,60.43006109012287,2485400,2023-03-09
57.08576583862305,57.08576583862305,57.95819370232171,56.615624361953486,57.783708129581974,2632500,2023-03-10
56.82403564453125,56.82403564453125,57.51228591381277,55.811053483449705,56.26180724883394,2897900,2023-03-13
57.11484146118164,57.11484146118164,58.193744705163816,56.40236307077331,57.812783702360974,3774800,2023-03-14
55.1082649230957,55.1082649230957,56.02916017597847,54.42001833219939,55.94191738996168,4254000,2023-03-15
55.21488952636719,55.21488952636719,55.42815046899421,54.10012482132739,54.531490856859584,4861400,2023-03-16
54.87561798095703,54.87561798095703,55.37968698223777,54.390936675628424,54.68174471926061,12011000,2023-03-17
55.854671478271484,55.854671478271484,56.116399821675316,55.21489231589261,55.21489231589261,4243200,2023-03-20
56.717403411865234,56.717403411865234,57.14392531730613,56.32966059525739,56.59138893782571,2758500,2023-03-21
55.6801872253418,55.6801872253418,56.86281079790415,55.6704952262433,56.601082448345686,2320900,2023-03-22
55.06949234008789,55.06949234008789,56.25211223413622,54.788376289917196,55.73835122355354,2454200,2023-03-23
55.09857177734375,55.09857177734375,55.37968782619639,54.18737224065671,54.4006295037303,2559300,2023-03-24
55.93223190307617,55.93223190307617,56.576859024934436,55.37969542657636,55.63172811673442,3560800,2023-03-27
56.31996154785156,56.31996154785156,56.802705153056316,56.02915352824102,56.169711538914775,2224400,2023-03-28
58.10359573364258,58.10359573364258,58.16175882368328,56.80464963866732,56.950055514856544,4911900,2023-03-29
58.11330032348633,58.11330032348633,58.86940212059012,57.73524942493443,58.85001442094315,3152500,2023-03-30
58.46225357055664,58.46225357055664,58.581482524928944,58.00665201331002,58.26838033144163,2700100,2023-03-31
59.1311149597168,59.1311149597168,59.19897004171345,58.51557137365439,58.71428877155184,3420300,2023-04-03
58.54950714111328,58.54950714111328,58.79184781024401,58.07936565134765,58.714297021166104,3465200,2023-04-04
58.859703063964844,58.859703063964844,58.990565398612965,58.17630060017698,58.2005361462869,2956100,2023-04-05
57.9678840637207,57.9678840637207,58.627050942594096,57.27963748948744,58.61735894341579,3045900,2023-04-06
58.44287109375,58.44287109375,58.84030960539202,57.90002671533599,58.045432582107985,2040900,2023-04-10
59.063255310058594,59.063255310058594,59.24743284725975,58.23929869363445,58.491331307584694,2119900,2023-04-11
59.896915435791016,59.896915435791016,60.3137416460979,59.21836088195482,59.4510095310336,2904500,2023-04-12
60.798423767089844,60.798423767089844,60.94285710902239,59.79997776944872,60.119869204045116,2642600,2023-04-13
60.226497650146484,60.226497650146484,61.42366101854435,59.93568961803227,60.97290727452865,1697400,2023-04-14
60.84688949584961,60.84688949584961,60.91474458051825,60.18287479836384,60.5366937665573,1641800,2023-04-17
61.04076385498047,61.04076385498047,61.12800663653569,60.62393764286385,60.982600768002044,1624400,2023-04-18
60.34282302856445,60.34282302856445,61.04076529750002,60.18772515744821,60.875971729412484,1482500,2023-04-19
59.99384689331055,59.99384689331055,60.11501721057699,59.547941013247936,59.858136729624064,1691100,2023-04-20
59.59640884399414,59.59640884399414,60.19741258671636,59.266825430664284,60.19741258671636,1626400,2023-04-21
59.625492095947266,59.625492095947266,59.93569153097097,59.45585437995179,59.86783274674791,1393700,2023-04-24
58.675514221191406,58.675514221191406,59.334681053859555,58.530112056759265,59.213510734587096,1718400,2023-04-25
57.81277847290039,57.81277847290039,58.48164095947016,57.39595230521398,58.27807202565685,1762700,2023-04-26
58.811222076416016,58.811222076416016,58.87423300656978,57.81277986814392,57.81277986814392,1791000,2023-04-27
59.247440338134766,59.247440338134766,59.460701290780584,58.68036411168091,58.75306704533969,2980000,2023-04-28
59.577022552490234,59.577022552490234,59.97446105752854,59.12142465996932,59.315294215344316,1846400,2023-05-01
58.782142639160156,58.782142639160156,59.13111373811902,56.86280529271098,59.01963542124206,2617800,2023-05-02
58.16175842285156,58.16175842285156,59.19897615223308,58.10844318180462,59.014798581777725,2372200,2023-05-03
55.13734436035156,55.13734436035156,58.714290934709624,55.09856896983216,58.50102998467765,4165200,2023-05-04
56.46537399291992,56.46537399291992,57.08091764459801,55.78681940279622,55.86437018924465,3142900,2023-05-05
55.82559585571289,55.82559585571289,57.23117245525898,55.7674327647725,57.12454197078081,2399400,2023-05-08
55.3505973815918,55.3505973815918,55.58324600909995,54.90953936607825,55.36998507536951,2771700,2023-05-09
55.80620193481445,55.80620193481445,56.08731796293656,54.6720495216541,55.9128324074004,2707400,2023-05-10
55.0888786315918,55.0888786315918,55.399074369447376,54.70597995877713,55.069490935747716,2211100,2023-05-11
55.2730598449707,55.2730598449707,55.62203099755649,54.66720817668291,55.33122293634337,1937800,2023-05-12
56.126094818115234,56.126094818115234,56.198794053299686,55.20519962825604,55.471772118856876,2049300,2023-05-15
55.22459411621094,55.22459411621094,55.96130814001933,55.13735132543394,55.78682255846532,2066900,2023-05-16
54.24552536010742,54.24552536010742,55.36029372960041,54.13889489198598,55.34090603559428,2952100,2023-05-17
54.468482971191406,54.468482971191406,54.54603375387455,53.18892463951821,53.935334282631715,2714300,2023-05-18
55.22459411621094,55.22459411621094,55.57065509085874,54.633282278480735,54.798072162267715,2284100,2023-05-19
55.117958068847656,55.117958068847656,55.61233136817422,54.81745433140611,55.60263936920992,2179400,2023-05-22
54.31338119506836,54.31338119506836,55.10825817124427,54.119511647961716,54.84653354308538,2627400,2023-05-23
53.557281494140625,53.557281494140625,54.44909327528629,53.368256090575514,54.38123819184367,1870900,2023-05-24
53.16954040527344,53.16954040527344,53.64452973556821,52.94658743728204,53.25678319255921,2255200,2023-05-25
53.47972869873047,53.47972869873047,54.07104043029447,53.285859152100926,53.48942439475669,2953600,2023-05-26
53.28586196899414,53.28586196899414,53.43126413665281,52.522002306898784,53.43126413665281,3789800,2023-05-30
51.99308776855469,51.99308776855469,53.2178251262669,51.48763948678582,53.00398062414921,6882800,2023-05-31
52.35273361206055,52.35273361206055,52.35273361206055,51.28351478275187,51.94934645771305,3872400,2023-06-01
54.35506820678711,54.35506820678711,54.54947191685412,53.31501262206231,53.723260783997276,3365800,2023-06-02
54.62724304199219,54.62724304199219,55.336813537951755,54.296757797906906,54.345357805695905,3424200,2023-06-05
56.007503509521484,56.007503509521484,56.221347997009154,54.19955500825326,54.28703650695795,3438000,2023-06-06
56.4643440246582,56.4643440246582,56.92119220073121,56.04637733334513,56.192181047223634,5948900,2023-06-07
56.21162796020508,56.21162796020508,56.55183171934398,55.70617972666808,56.55183171934398,2850300,2023-06-08
54.86052322387695,54.86052322387695,55.803378925336695,54.32591573535735,55.68673816790073,4734000,2023-06-09
55.40485382080078,55.40485382080078,55.68673905470764,54.510601819646055,54.870246323767596,3261100,2023-06-12
56.08527374267578,56.08527374267578,56.39631828764078,55.56038468256853,55.56038468256853,2184300,2023-06-13
55.434017181396484,55.434017181396484,56.44199928119236,55.263915289031246,56.33313407007861,2447100,2023-06-14
56.06583023071289,56.06583023071289,56.36715624101568,55.54094119648609,55.54094119648609,3801400,2023-06-15
55.62841033935547,55.62841033935547,56.25049926035966,55.18614550343067,56.05609554556024,10092000,2023-06-16
54.95772171020508,54.95772171020508,55.37568840147664,54.656395765259255,55.22016617039483,3439500,2023-06-20
56.93091583251953,56.93091583251953,57.16420105409456,54.52615177400951,54.666122906954534,4451100,2023-06-21
56.26994323730469,56.26994323730469,56.81913404127891,56.094980254721726,56.74623218054556,2015100,2023-06-22
55.62841033935547,55.62841033935547,56.26022148546798,55.365965880567614,55.88113628097745,4214000,2023-06-23
56.3865852355957,56.3865852355957,56.6198704535084,55.78393700890679,55.84225924037065,1862400,2023-06-26
55.72562026977539,55.72562026977539,56.37686852289976,54.83136456507497,56.221346275292234,3870100,2023-06-27
55.346527099609375,55.346527099609375,56.02693827154788,54.75845852976,56.01721975403761,2973800,2023-06-28
56.08527374267578,56.08527374267578,56.11443301003391,55.064658597762886,55.1812993751389,1927400,2023-06-29
55.69646072387695,55.69646072387695,56.231068251154056,55.025771685068555,56.231068251154056,5280200,2023-06-30
56.37687301635742,56.37687301635742,56.67819901733887,55.954045133875205,56.075547015375975,2013500,2023-07-03
54.96744155883789,54.96744155883789,55.74213829022893,54.724437835140165,55.47288974908228,4413100,2023-07-05
55.035484313964844,55.035484313964844,55.18128803668322,54.38423609049287,54.57863981813647,3614600,2023-07-06
55.69646072387695,55.69646072387695,55.938493001361785,54.841086455467725,54.841086455467725,3735800,2023-07-07
52.576290130615234,52.576290130615234,54.57864231338616,51.63343441860063,54.40367932130216,8954000,2023-07-10
52.99425506591797,52.99425506591797,53.013695809704906,52.00279938044056,52.42076610200288,4271700,2023-07-11
52.51797103881836,52.51797103881836,53.41805939165626,52.37217100865539,53.363626787124524,5022200,2023-07-12
53.08173751831055,53.08173751831055,53.14005604278258,52.254551097160686,52.43048556747791,3528300,2023-07-13
52.7318115234375,52.7318115234375,53.315019015634796,52.30412627635566,53.315019015634796,3180000,2023-07-14
53.06230163574219,53.06230163574219,53.373346154567,52.64433486833201,52.73181637099793,2633200,2023-07-17
53.558021545410156,53.558021545410156,54.053751239727035,53.3830585601151,53.626062294364594,5000600,2023-07-18
54.61751937866211,54.61751937866211,54.889686089416955,53.946830389756975,53.946830389756975,4543600,2023-07-19
55.035484313964844,55.035484313964844,55.37083065145149,54.60779907950307,55.12296580600733,2328400,2023-07-20
54.77304458618164,54.77304458618164,55.259052093451906,54.6418241907136,55.17157059382554,1891900,2023-07-21
55.113250732421875,55.113250732421875,55.32709150904508,54.500880249855264,54.97716922694995,2508900,2023-07-24
54.656394958496094,54.656394958496094,55.05492090150712,54.25786901548506,55.05492090150712,3082200,2023-07-25
54.22871780395508,54.22871780395508,54.695284559552974,53.907951073763606,54.345358565868814,3173200,2023-07-26
54.03431701660156,54.03431701660156,54.7341690422361,53.898235502271106,54.355080056388616,2904400,2023-07-27
54.56891632080078,54.56891632080078,54.67583855391036,54.24815332941466,54.53489594735161,2697200,2023-07-28
54.85080337524414,54.85080337524414,54.89940338066836,54.45227739805716,54.79248114396943,2184800,2023-07-31
54.374515533447266,54.374515533447266,54.802204488977125,54.160674763625146,54.57864149310598,3106000,2023-08-01
54.33564376831055,54.33564376831055,54.84108834053105,53.664950998505205,53.84963623445425,3378600,2023-08-02
54.13151168823242,54.13151168823242,54.67098028667815,53.56774494059696,54.0148709314704,4796700,2023-08-03
54.45227813720703,54.45227813720703,55.88114130531983,53.21781870137274,53.53858541582369,7329700,2023-08-04
53.04286193847656,53.04286193847656,54.45228452798371,52.86789892968571,54.40368451619585,3939500,2023-08-07
52.66377639770508,52.66377639770508,53.31016730435584,52.39161336667031,52.57629489373773,2916100,2023-08-08
51.87643051147461,51.87643051147461,52.770686084456074,51.759789769935225,52.5179601518547,3674600,2023-08-09
50.74890899658203,50.74890899658203,52.211792803991514,50.63226821932299,52.11945018019206,5140500,2023-08-10
50.94330596923828,50.94330596923828,51.196028237582425,50.51562070437012,50.758624454215365,2990400,2023-08-11
50.544776916503906,50.544776916503906,50.603099147805416,50.06848796406513,50.544776916503906,2305400,2023-08-14
49.2325553894043,49.2325553894043,49.96156655287262,48.73682572179803,49.942125810227026,5545700,2023-08-15
48.61045837402344,48.61045837402344,49.4949916911131,48.60560096975606,49.183947252660175,4172100,2023-08-16
49.01871109008789,49.01871109008789,49.57275927951768,48.552144388880826,48.600744391684,3909300,2023-08-17
49.339481353759766,49.339481353759766,49.572766592750014,48.63963305267518,48.63963305267518,4778200,2023-08-18
48.804874420166016,48.804874420166016,49.44932235148275,48.75141329616442,49.349204179117166,2486300,2023-08-21
47.99809265136719,47.99809265136719,48.795144503836255,47.80368894658253,48.63962228159698,3498300,2023-08-22
47.70649337768555,47.70649337768555,47.94949710424358,47.31768593201565,47.920334135655644,5037600,2023-08-23
48.26054382324219,48.26054382324219,48.333441978247585,47.366288139767335,47.47321037769895,3935200,2023-08-24
48.54243087768555,48.54243087768555,49.028438408848395,48.24110858144823,48.5327123585573,5374200,2023-08-25
49.504722595214844,49.504722595214844,49.689404104194615,48.727111362743656,48.727111362743656,3791900,2023-08-28
49.874088287353516,49.874088287353516,49.942129037038,49.36864006973819,49.718566044082856,3143500,2023-08-29
49.82548522949219,49.82548522949219,50.12681120202046,49.616501864726715,49.83520745554238,3462800,2023-08-30
49.25020217895508,49.25020217895508,50.000997654760546,49.191701050679924,49.98149603881785,3958200,2023-08-31
49.83523178100586,49.83523178100586,50.11799958905558,49.58171453256392,49.72797476970753,3573200,2023-09-01
49.68898010253906,49.68898010253906,50.60553747001368,49.67923115417471,50.24476314813185,6091000,2023-09-05
49.240447998046875,49.240447998046875,49.73772613330522,48.90892800135713,49.58171694189549,4988300,2023-09-06
48.32389450073242,48.32389450073242,49.37695561367223,47.62185127907086,48.88942642519671,9868200,2023-09-07
48.3433952331543,48.3433952331543,48.67491150450257,48.03137313623086,48.440899581250555,2997600,2023-09-08
48.56766128540039,48.56766128540039,48.996685651569194,48.333645627774786,48.479905878734876,3350800,2023-09-11
50.34226608276367,50.34226608276367,50.42026882036279,48.26539065550654,48.79192308262287,6620700,2023-09-12
50.69329071044922,50.69329071044922,52.0681229831736,50.56653206982844,50.56653206982844,6209400,2023-09-13
51.29782485961914,51.29782485961914,51.60496692760001,50.86879676771257,51.27832324457314,4979700,2023-09-14
51.23931884765625,51.23931884765625,51.921860480512485,51.11256021252016,51.20031561845243,11700500,2023-09-15
50.5762825012207,50.5762825012207,51.39533177620032,50.391022728381756,51.13206553929049,4218300,2023-09-18
51.229576110839844,51.229576110839844,51.31733152741095,50.751795794052,51.02481471202496,5439500,2023-09-19
50.47877883911133,50.47877883911133,51.668351395780746,50.400772373961146,51.668351395780746,4121300,2023-09-20
50.24476623535156,50.24476623535156,50.48853087452102,49.727986390569335,49.9717510297388,3519100,2023-09-21
50.13749694824219,50.13749694824219,50.49827120413863,49.95711353984627,50.303258796542345,3208600,2023-09-22
49.991249084472656,49.991249084472656,50.08875344537027,49.42571337651823,49.75723341094425,4334400,2023-09-25
49.52322006225586,49.52322006225586,50.13750421380618,49.27945544732397,49.75723200964089,3817800,2023-09-26
49.48421859741211,49.48421859741211,50.04975430962511,49.1429496121477,49.75723378562364,2591000,2023-09-27
49.640228271484375,49.640228271484375,49.952246695084646,49.19170225250311,49.54272390894167,3086000,2023-09-28
49.88398742675781,49.88398742675781,50.264259606345206,49.649971774944945,50.02049500716841,3507600,2023-09-29
48.801673889160156,48.801673889160156,49.669475300493914,48.48965548777167,49.669475300493914,3666300,2023-10-02
49.08444595336914,49.08444595336914,49.367213816330654,48.177641233908474,48.31414883132353,3856900,2023-10-03
49.19169998168945,49.19169998168945,49.747483005543145,48.89430685424371,49.25020110869331,2759500,2023-10-04
48.587162017822266,48.587162017822266,49.26969992443395,48.19713716871334,48.87967879487765,2497300,2023-10-05
48.801673889160156,48.801673889160156,49.23070198073387,48.20688764915313,48.43115064267906,2920400,2023-10-06
49.32820510864258,49.32820510864258,49.34283038966355,48.20688644936788,48.64566347776027,3119800,2023-10-09
49.259952545166016,49.259952545166016,49.91323991073496,49.1965750859781,49.46471392366797,2248400,2023-10-10
48.63591384887695,48.63591384887695,49.269699574739846,47.37808762495841,49.21119845147556,4008900,2023-10-11
48.20689010620117,48.20689010620117,48.938183969144745,47.90462435669837,48.938183969144745,1897000,2023-10-12
48.314144134521484,48.314144134521484,48.59691196999405,47.82661492283196,48.22638872763526,2248000,2023-10-13
48.56766128540039,48.56766128540039,48.787047942287835,48.1386331996789,48.62616241014227,2174900,2023-10-16
50.274009704589844,50.274009704589844,50.29351131787389,48.411648410815644,48.44089897096552,3335200,2023-10-17
49.952247619628906,49.952247619628906,50.63478932871975,49.835241638501444,50.137507399710145,3455700,2023-10-18
49.68898010253906,49.68898010253906,50.625035366742395,49.581723072766245,50.05462703882658,2617000,2023-10-19
49.006431579589844,49.006431579589844,50.342264212028624,48.99668263258445,50.196003970080525,2363800,2023-10-20
47.5536003112793,47.5536003112793,48.06063114371882,46.19826968204323,46.19826968204323,5078100,2023-10-23
47.202579498291016,47.202579498291016,47.568226417680656,46.890561091309415,47.24158272905192,3765900,2023-10-24
47.41709518432617,47.41709518432617,47.93387499130779,47.20258112729096,47.31958710405883,2394400,2023-10-25
47.495094299316406,47.495094299316406,48.08988052505714,47.397589946053486,47.797363745715714,2856600,2023-10-26
46.627296447753906,46.627296447753906,46.99781971347007,46.0325101768696,46.31527803016754,5864100,2023-10-27
47.0173225402832,47.0173225402832,47.14407746849916,46.339657173428776,46.968566639143035,3637600,2023-10-30
46.939308166503906,46.939308166503906,47.13432057955287,46.1495132870066,46.832051153349354,3755200,2023-10-31
46.549293518066406,46.549293518066406,47.095323886895216,46.24702404992694,46.939314678722276,4446800,2023-11-01
48.32389450073242,48.32389450073242,48.35314506178414,46.724795638108596,46.724795638108596,2771400,2023-11-02
48.9771842956543,48.9771842956543,49.38671076877532,48.45065185287842,48.55790887487566,2843100,2023-11-03
48.723670959472656,48.723670959472656,48.99668612973971,48.48965529956324,48.91867966991899,2640900,2023-11-06
48.05087661743164,48.05087661743164,48.60665960619824,47.90462008960246,48.29464121669954,3070700,2023-11-07
47.40734100341797,47.40734100341797,48.34534899202071,47.36834149210872,48.08988266529285,2811700,2023-11-08
43.39984893798828,43.39984893798828,48.43115027123026,43.19021122745517,48.43115027123026,7045300,2023-11-09
42.46379470825195,42.46379470825195,43.54611018172484,42.2687822745496,43.26334233883407,5287900,2023-11-10
44.16039276123047,44.16039276123047,44.2188938806532,42.142022310994406,42.34678366807868,7620400,2023-11-13
45.12570571899414,45.12570571899414,45.81800007363244,44.355412338890076,44.355412338890076,4344200,2023-11-14
45.56447982788086,45.56447982788086,46.071510656050386,45.22321086639787,45.22321086639787,2854000,2023-11-15
45.798500061035156,45.798500061035156,46.75405696817745,45.17933581536573,46.120267439777,3101000,2023-11-16
46.1397590637207,46.1397590637207,46.403025254520635,45.63760462776154,46.022753107660385,3495300,2023-11-17
45.69123840332031,45.69123840332031,46.13001543860273,45.46697541185434,46.13001543860273,3238800,2023-11-20
45.1159553527832,45.1159553527832,45.876499760689704,45.086704789264594,45.671738376953776,2709300,2023-11-21
45.203712463378906,45.203712463378906,45.30121682514411,44.355412613452145,45.13545866623267,1984300,2023-11-22
45.505985260009766,45.505985260009766,46.1202732489585,44.94045317904307,45.04771022531784,1411400,2023-11-24
44.589420318603516,44.589420318603516,45.11107641537681,44.452912737324915,44.77468007611696,3223100,2023-11-27
44.365150451660156,44.365150451660156,45.12569469771768,44.17013805741278,44.5114106772337,4426900,2023-11-28
44.365150451660156,44.365150451660156,44.89168280026246,44.150636446032834,44.60891501458136,3426500,2023-11-29
44.228172302246094,44.228172302246094,44.57064558892009,44.052042116905504,44.48258049624979,7518600,2023-11-30
45.206668853759766,45.206668853759766,45.426829705366345,44.11075067206799,44.384729284321274,5788300,2023-12-01
44.24774169921875,44.24774169921875,45.22134750506908,44.19881374568877,44.913121554295635,5222800,2023-12-04
42.94633102416992,42.94633102416992,44.206640015492574,42.94633102416992,43.97375447910311,4894000,2023-12-05
43.20075225830078,43.20075225830078,43.64107402514392,43.034405410623826,43.142040947471415,3746300,2023-12-06
43.543216705322266,43.543216705322266,43.73891730221895,43.1518155115289,43.298591892371014,4821500,2023-12-07
44.17924880981445,44.17924880981445,44.345591913894815,43.543222715283676,43.660641596556815,5691400,2023-12-08
44.81526565551758,44.81526565551758,44.9131178217667,44.286875155807735,44.59021127216231,5526700,2023-12-11
43.846553802490234,43.846553802490234,44.67827669214405,43.7584887185416,44.67827669214405,4052500,2023-12-12
44.56086349487305,44.56086349487305,44.746777036787485,43.74870720258997,44.16946224247752,8684900,2023-12-13
45.53936004638672,45.53936004638672,46.49828894886348,44.92779796067357,44.92779796067357,7659600,2023-12-14
45.54914093017578,45.54914093017578,45.70570066633102,45.06967837124722,45.382797843557704,14029300,2023-12-15
46.16559982299805,46.16559982299805,46.38087087534769,45.40237152129123,45.87205076331687,7038500,2023-12-18
46.83097457885742,46.83097457885742,47.1392004980312,46.420002953947304,46.50806803552244,6079700,2023-12-19
45.58828353881836,45.58828353881836,46.8456550176615,45.461077581871024,46.75269638766014,4518500,2023-12-20
46.273231506347656,46.273231506347656,46.34172615682907,45.78398186994985,45.90140073753534,3070000,2023-12-21
46.4395751953125,46.4395751953125,46.674416666217766,46.175379940298534,46.43468538641341,2657600,2023-12-22
46.96796798706055,46.96796798706055,47.08538686187815,46.28301770738017,46.478718320528664,2636000,2023-12-26
46.94839859008789,46.94839859008789,47.290875603836554,46.58341725577716,46.85055014769045,1856500,2023-12-27
47.05603790283203,47.05603790283203,47.18324387432775,46.75270173470505,46.9679728045164,1984000,2023-12-28
46.889686584472656,46.889686584472656,47.193022723658736,46.49828908805188,46.928827453918366,2120300,2023-12-29
47.515926361083984,47.515926361083984,47.78990496491453,46.725296524392434,46.80162233489825,3123400,2024-01-02
47.0462532043457,47.0462532043457,47.4259077187531,46.82119505634126,47.241950099286775,3469300,2024-01-03
46.57657241821289,46.57657241821289,47.19302811807124,46.39065886611302,47.06582214417176,3079900,2024-01-04
46.312374114990234,46.312374114990234,46.73312538405331,45.911185814683286,46.576565643824665,2773800,2024-01-05
45.99924850463867,45.99924850463867,46.224306618874834,45.2849444937785,46.00903558752465,2414600,2024-01-08
45.5099983215332,45.5099983215332,45.744839783119154,45.01096534809585,45.686128484553066,3042800,2024-01-09
45.05989456176758,45.05989456176758,45.32408983560091,44.87398102803841,44.981616554342224,2595400,2024-01-10
45.04032897949219,45.04032897949219,45.568719584088896,44.844632073504556,45.26538340752133,4007900,2024-01-11
45.11860656738281,45.11860656738281,45.54914494660406,44.854411289447434,45.42193898329913,3299000,2024-01-12
44.51192855834961,44.51192855834961,45.06282331825565,44.286870466147896,45.03542546114283,5702900,2024-01-16
43.875911712646484,43.875911712646484,44.64892710748669,43.71445842144337,44.03247146187043,3644900,2024-01-17
43.45515441894531,43.45515441894531,43.778060984500094,43.1224645026216,43.72913303261944,4040000,2024-01-18
44.619571685791016,44.619571685791016,44.65871255810667,43.063757471694565,43.220317228278155,5115300,2024-01-19
44.003116607666016,44.003116607666016,44.58043136879868,43.836769778519944,44.193923680756754,4708200,2024-01-22
44.45322036743164,44.45322036743164,44.89354576796176,44.0862831557696,44.50214458245091,2634600,2024-01-23
44.433658599853516,44.433658599853516,44.68317699759198,43.94440888889601,44.62935923077233,2454400,2024-01-24
44.267311096191406,44.267311096191406,44.84462584712874,44.04225296673086,44.76634410945921,3958100,2024-01-25
44.873985290527344,44.873985290527344,44.952263305388165,44.27710002991202,44.67828465435654,3226200,2024-01-26
44.94247055053711,44.94247055053711,44.95225390059318,44.32601498201004,44.75655703804473,2123200,2024-01-29
44.84463119506836,44.84463119506836,45.15383513730819,44.600006334696424,44.63914347551979,2948200,2024-01-30
44.50215148925781,44.50215148925781,45.35344490728595,44.48258105367707,45.020754967771204,5825300,2024-01-31
52.897674560546875,52.897674560546875,56.51811905686962,51.23422497071609,55.2754282057535,12192900,2024-02-01
51.89960861206055,51.89960861206055,53.32821682756145,51.752832210289256,53.132516202759376,5601500,2024-02-02
50.68626022338867,50.68626022338867,51.3712104424909,50.54437738472134,51.3712104424909,5824300,2024-02-05
50.97003173828125,50.97003173828125,51.288044776358895,50.206803433037955,50.63734180705336,4725400,2024-02-06
52.90746307373047,52.90746307373047,53.024881958387645,51.21465953359653,51.21465953359653,7010000,2024-02-07
52.09530258178711,52.09530258178711,53.16186693139394,51.51798786534528,52.829177031534606,6199800,2024-02-08
52.44757080078125,52.44757080078125,52.751884946282296,51.7430537111753,51.89961347916321,2929800,2024-02-09
53.85660171508789,53.85660171508789,54.12079697080721,53.28907033628078,53.45541715625749,3274500,2024-02-12
52.47692108154297,52.47692108154297,53.80768079213153,52.20293872586493,53.40649620873458,3525700,2024-02-13
52.9172477722168,52.9172477722168,53.137408637607145,52.403534109400816,52.946601558887814,3260500,2024-02-14
53.50434112548828,53.50434112548828,54.218645154589865,53.12272700211552,53.12272700211552,3048100,2024-02-15
53.62176513671875,53.62176513671875,54.09144438996448,53.34778650549514,53.59241134985305,3892700,2024-02-16
53.191219329833984,53.191219329833984,53.52390922103012,52.790034790392625,53.21078976257239,3113400,2024-02-20
53.054237365722656,53.054237365722656,53.36735686745517,52.79982543764068,53.054237365722656,2325500,2024-02-21
53.53369903564453,53.53369903564453,53.69025878377913,52.750900294971565,52.907460043106155,4256400,2024-02-22
53.7196159362793,53.7196159362793,53.9250999044268,53.31353780921724,53.44563357940383,2400300,2024-02-23
53.641334533691406,53.641334533691406,54.008271793124365,53.308644602498376,53.43585056425187,2593700,2024-02-26
53.94467544555664,53.94467544555664,54.150159433154336,53.67558660512217,53.89085767746975,2186100,2024-02-27
53.36735916137695,53.36735916137695,53.89379008651352,52.995528337332374,53.700049112852824,3568600,2024-02-28
52.52336883544922,52.52336883544922,53.48511915262403,52.25839623627944,53.465491136723166,6804300,2024-02-29
52.660762786865234,52.660762786865234,53.32810037291975,52.49393026218228,52.49393026218228,4274200,2024-03-01
52.6116943359375,52.6116943359375,52.98461915995155,52.35653386657897,52.36634974660271,2490200,2024-03-04
52.935543060302734,52.935543060302734,53.10237931455864,52.3663456047697,52.44485392044344,2904900,2024-03-05
53.02387237548828,53.02387237548828,53.52437744292635,52.768715645333025,53.092568562209365,4142500,2024-03-06
53.47530746459961,53.47530746459961,54.11320114024726,53.26431097147385,53.4164234164036,3330900,2024-03-07
53.661766052246094,53.661766052246094,53.8187864314031,53.38698132463663,53.46548964238456,4260600,2024-03-08
54.06414031982422,54.06414031982422,54.65296590716703,53.563638944949005,53.563638944949005,4053600,2024-03-11
54.08375930786133,54.08375930786133,54.338916021461664,53.166169239533644,54.1720835055809,4423800,2024-03-12
54.27021789550781,54.27021789550781,54.751094897794204,54.17208156540578,54.30947392501303,3165200,2024-03-13
54.17208480834961,54.17208480834961,54.191712824277225,53.478249607136405,54.06413259257834,3514800,2024-03-14
54.06414031982422,54.06414031982422,54.643153769631425,53.818795701154414,53.818795701154414,6496000,2024-03-15
53.69120788574219,53.69120788574219,54.417429501886126,53.50474734954502,54.417429501886126,3169500,2024-03-18
53.651954650878906,53.651954650878906,53.99053139255834,53.32810172968848,53.68139854819546,3134600,2024-03-19
54.69220733642578,54.69220733642578,54.82567633069608,53.622504934994886,53.82859346115276,5427100,2024-03-20
54.74128341674805,54.74128341674805,54.84923563473026,54.22115408682793,54.78053944940728,2467400,2024-03-21
54.04450225830078,54.04450225830078,55.035696429989265,53.94636592653371,54.89830032438983,1993500,2024-03-22
54.59408187866211,54.59408187866211,54.62352203292686,53.91496670263939,54.25059718970674,2132600,2024-03-25
55.2515983581543,55.2515983581543,55.300666525147534,54.594076684390274,54.61370469991981,3283700,2024-03-26
55.93856430053711,55.93856430053711,55.97782033185828,55.477315291666365,55.53619933864812,2629300,2024-03-27
56.59608459472656,56.59608459472656,57.096589622679446,56.017074993373434,56.085771174675024,4563900,2024-03-28
56.605899810791016,56.605899810791016,56.67459599128757,55.953282352412685,56.49794760039327,3847100,2024-04-01
56.10539245605469,56.10539245605469,56.98863437380435,56.04651215731198,56.723661798479455,3092900,2024-04-02
56.34092712402344,56.34092712402344,56.56664368006137,56.00725835778019,56.1446507185284,3025200,2024-04-03
55.889495849609375,55.889495849609375,57.07696271359006,55.86005195443731,57.0377066824681,2627400,2024-04-04
55.79136276245117,55.79136276245117,55.987639198993236,55.21529559538296,55.81099078047154,2267400,2024-04-05
56.44888687133789,56.44888687133789,56.44888687133789,55.79136138668524,56.036705990397415,3770300,2024-04-08
56.44888687133789,56.44888687133789,56.77273980153396,55.78154924974783,56.65497543997735,1902000,2024-04-09
56.09558868408203,56.09558868408203,56.37037343561127,55.19272236125083,55.565643454422954,2133300,2024-04-10
55.40861892700195,55.40861892700195,56.08577236225757,54.98662595083608,55.85023991876406,1870600,2024-04-11
52.75889587402344,52.75889587402344,54.64805210050695,52.64603946573144,53.651949979193716,3906700,2024-04-12
52.670570373535156,52.670570373535156,53.573440335831464,52.19950924942184,53.49492827664873,2709500,2024-04-15
52.32708740234375,52.32708740234375,52.75889247977227,52.21423100131239,52.533175934048664,2742800,2024-04-16
52.53318405151367,52.53318405151367,53.328101895627896,52.493931761071885,52.59206810266855,2656500,2024-04-17
52.95517349243164,52.95517349243164,53.156357845914904,52.61169257631535,52.85703715744447,1614900,2024-04-18
53.77953338623047,53.77953338623047,53.818789419114275,52.87666709187102,52.89629510831293,2052600,2024-04-19
54.17208480834961,54.17208480834961,54.427241528086135,53.396795025684355,53.77953197711977,2315600,2024-04-22
54.1524543762207,54.1524543762207,54.535191310578966,53.65194935155138,53.65194935155138,2576200,2024-04-23
53.750091552734375,53.750091552734375,54.03959636296214,53.28884253992541,53.63232720142658,1811700,2024-04-24
53.681396484375,53.681396484375,53.92674107183223,53.05331493947029,53.77953282189337,1593400,2024-04-25
53.89729309082031,53.89729309082031,54.167173614033786,53.347723652510716,53.35753578805438,2350200,2024-04-26
54.46649932861328,54.46649932861328,54.46649932861328,53.96599800902081,54.17208656746116,2348000,2024-04-29
53.12200927734375,53.12200927734375,54.12301560860232,53.102381261790306,54.073943697888126,3520000,2024-04-30
52.906105041503906,52.906105041503906,53.71083496380336,52.6509483257075,53.37716618550886,3590000,2024-05-01
55.91893768310547,55.91893768310547,56.6255312899098,55.26141598851022,55.93856569925684,6605000,2024-05-02
56.09558868408203,56.09558868408203,56.331121145150995,55.51657528360151,55.96800844501711,2977600,2024-05-03
55.310482025146484,55.310482025146484,56.715814983197795,55.212341948172366,56.64515712270534,3205100,2024-05-06
56.44888687133789,56.44888687133789,56.811995836606684,55.60490083558214,55.60490083558214,5527600,2024-05-07
55.76191711425781,55.76191711425781,56.56762789476761,55.752104978045026,56.252606285445346,4291900,2024-05-08
56.75310516357422,56.75310516357422,56.86105362481864,55.99744347289803,55.99744347289803,4051600,2024-05-09
56.40962600708008,56.40962600708008,57.665789072575585,56.38018585512666,56.91994318835294,3754500,2024-05-10
56.23297882080078,56.23297882080078,57.361565423063965,56.22316668449177,56.58627562650617,3034100,2024-05-13
56.47832489013672,56.47832489013672,56.86106185846903,56.144656091959064,56.58627711067381,3898000,2024-05-14
56.06614303588867,56.06614303588867,57.11621751193928,55.8404264773009,56.802176757064025,4157400,2024-05-15
54.957191467285156,54.957191467285156,56.07596226602618,54.849239242202856,55.94838202332332,5081800,2024-05-16
55.39881134033203,55.39881134033203,55.50676356314561,54.82961007228279,55.15346674072353,5282000,2024-05-17
55.683406829833984,55.683406829833984,55.93856354264215,55.310482024657915,55.48713041954862,2869800,2024-05-20
55.595088958740234,55.595088958740234,55.90912975346811,55.37918450849173,55.74229347545929,3032200,2024-05-21
55.91893768310547,55.91893768310547,56.04651791625876,55.18290392390472,55.18290392390472,2955100,2024-05-22
54.535194396972656,54.535194396972656,55.928753595232784,54.16226957720427,55.87968168299543,3121400,2024-05-23
54.4763069152832,54.4763069152832,55.01116002694028,54.25059035912938,54.53519096006026,2282200,2024-05-24
54.62351989746094,54.62351989746094,54.75110013372308,54.01506635658679,54.432151414898414,2418800,2024-05-28
53.259403228759766,53.259403228759766,54.47631028002652,53.22014719648373,54.07394530835039,4255800,2024-05-29
54.21133804321289,54.21133804321289,54.23096231446676,53.357536240888415,53.357536240888415,2171600,2024-05-30
54.89829635620117,54.89829635620117,54.97680841086866,53.96108210148823,54.152450555164194,3593400,2024-05-31
54.535194396972656,54.535194396972656,54.9669995215678,53.91692499066268,54.72165493502621,2310900,2024-06-03
52.85219192504883,52.85219192504883,54.289140728151985,52.78329737657616,54.06277238967447,2995900,2024-06-04
53.206512451171875,53.206512451171875,53.23111550328896,52.62582710771255,52.783300908253814,2033700,2024-06-05
54.05292892456055,54.05292892456055,54.13658980985554,53.02442904044663,53.176980720709885,2624000,2024-06-06
52.064823150634766,52.064823150634766,53.806875315858,51.88766466697286,53.10808560500898,3750700,2024-06-07
50.89360809326172,50.89360809326172,51.838450832385114,50.83947612601776,51.82861036310044,5329900,2024-06-10
50.82471466064453,50.82471466064453,51.612083627199674,49.220447810089354,50.293239200293044,6635800,2024-06-11
51.11997985839844,51.11997985839844,51.887667920561285,50.70661254024822,51.238088024559836,3326000,2024-06-12
50.765663146972656,50.765663146972656,51.139661050791595,50.15544892700667,50.824713471538125,3512600,2024-06-13
50.37197494506836,50.37197494506836,50.9821853881447,49.683025732835766,50.75581705852721,1619300,2024-06-14
51.21839904785156,51.21839904785156,51.37587283509555,50.34245087165242,50.450711049874776,2622900,2024-06-17
51.070770263671875,51.070770263671875,51.96640321209761,50.55897947107552,51.45461241950125,2577800,2024-06-18
51.54318618774414,51.54318618774414,52.07367794685307,50.7853424266476,50.962500903499844,3617600,2024-06-20
52.084503173828125,52.084503173828125,52.202611330507686,51.14950467084474,51.612081810523634,8369800,2024-06-21
52.07466125488281,52.07466125488281,52.51755744392253,51.91718747149882,52.2518197304987,2909400,2024-06-24
52.20261764526367,52.20261764526367,52.24198703558589,51.37587922085554,51.779406085479046,3330800,2024-06-25
52.79314041137695,52.79314041137695,52.89156388145748,51.94671734104183,52.07466597491078,3410400,2024-06-26
52.80298614501953,52.80298614501953,52.98014464175716,52.409299762386674,52.77345722591553,2958100,2024-06-27
53.088401794433594,53.088401794433594,53.72814119101132,52.6799566073126,53.255719811549724,6301400,2024-06-28
52.23213577270508,52.23213577270508,53.388584237673825,52.03529260208948,53.05887408571363,2549800,2024-07-01
51.9368782043457,51.9368782043457,52.35024552587946,51.78924487267131,52.15340608960906,2186800,2024-07-02
51.65145492553711,51.65145492553711,52.310879040628485,51.434927043794936,52.02545660641772,1238100,2024-07-03
51.612083435058594,51.612083435058594,51.64161235239356,50.92313793843226,51.26761068674543,1493500,2024-07-05
50.9034538269043,50.9034538269043,51.73511054433019,50.68692595150585,51.63176871865495,2996900,2024-07-08
49.91923904418945,49.91923904418945,50.87392223064973,49.889710128071684,50.81487190735663,2577500,2024-07-09
50.21450424194336,50.21450424194336,50.253873628936844,49.56492437443644,49.99797636795059,3435900,2024-07-10
51.44477081298828,51.44477081298828,51.6514544685655,50.568822578375965,50.63771713023503,2243900,2024-07-11
52.26166534423828,52.26166534423828,52.46343064362445,51.21840283454283,51.8187728660695,2496000,2024-07-12
52.064823150634766,52.064823150634766,52.43390269918519,51.62192694148,52.18292755491893,2646100,2024-07-15
53.34429931640625,53.34429931640625,53.36890236748979,52.079586852993174,52.13371882163692,2818000,2024-07-16
54.66314697265625,54.66314697265625,54.80093608115976,53.36398715752083,53.36398715752083,3089900,2024-07-17
54.32851028442383,54.32851028442383,55.243827864966,53.82655999601228,53.944668154739304,2592000,2024-07-18
53.91514205932617,53.91514205932617,54.407248149694524,53.49193052125166,54.407248149694524,2088300,2024-07-19
53.90530014038086,53.90530014038086,54.102143322130885,53.088402250183265,54.03324877168909,1494700,2024-07-22
53.53129959106445,53.53129959106445,53.924985962805465,53.4033509570779,53.68877338886656,1625500,2024-07-23
52.970298767089844,52.970298767089844,54.033249714402324,52.891563745698996,53.82656230499946,1999600,2024-07-24
54.40724563598633,54.40724563598633,55.027300332454885,52.694718623130186,52.77345364162624,2798200,2024-07-25
54.51551055908203,54.51551055908203,55.174934653979186,54.32851160160415,54.57456463987729,2272000,2024-07-26
54.584407806396484,54.584407806396484,55.16509315559099,54.17104048381986,54.44661869887094,1906900,2024-07-29
54.65330123901367,54.65330123901367,55.16509202394664,54.318668947114105,54.73204001568252,2002900,2024-07-30
55.214298248291016,55.214298248291016,55.6670386753975,54.55487793220989,54.90919489495789,3682600,2024-07-31
52.163246154785156,52.163246154785156,54.791090904210066,52.05498221299374,53.108088957647716,6146400,2024-08-01
50.765663146972656,50.765663146972656,52.114032705306045,50.21450300604343,51.454608630045065,3784000,2024-08-02
50.49992370605469,50.49992370605469,51.37587186572628,49.50586739232516,49.78144933065584,3627700,2024-08-05
50.37197494506836,50.37197494506836,51.1298187030771,50.145606615450866,50.36213072168825,3654300,2024-08-06
49.97829818725586,49.97829818725586,51.56288055275643,49.94877302039894,50.647562835473146,2520500,2024-08-07
50.73613357543945,50.73613357543945,50.82471281561578,50.155448279721575,50.26371221265612,2645700,2024-08-08
50.74597930908203,50.74597930908203,50.95266295748659,49.97829128655298,50.67708475961385,1841200,2024-08-09
50.41135025024414,50.41135025024414,50.923141046453964,50.32277100177568,50.71645363037982,1724700,2024-08-12
50.913299560546875,50.913299560546875,51.20856248650009,50.19482506408772,50.529457381360515,2181500,2024-08-13
51.169189453125,51.169189453125,51.24792446991117,50.44087083687881,51.051081296238856,2011900,2024-08-14
51.927032470703125,51.927032470703125,52.11403518598541,51.562875018820414,51.83845322516717,2270800,2024-08-15
52.95061492919922,52.95061492919922,53.06871934043067,51.759719083563965,51.946718047553055,2926100,2024-08-16
53.45256423950195,53.45256423950195,53.76751183316238,52.965376512723175,53.14745711556214,2517400,2024-08-19
52.7537727355957,52.7537727355957,53.35414278192318,52.67503771144723,53.35414278192318,2760700,2024-08-20
53.42303466796875,53.42303466796875,53.56082376920093,52.90140342631225,53.01950783387248,1584600,2024-08-21
53.68877029418945,53.68877029418945,53.69861451787487,53.11792921798751,53.37382271673915,1922200,2024-08-22
54.702518463134766,54.702518463134766,54.756646682578754,53.87578002588806,53.97419974875029,4475900,2024-08-23
54.77140808105469,54.77140808105469,55.38654067965381,54.50567034792329,54.91903765203562,2602500,2024-08-26
54.68282699584961,54.68282699584961,54.77140623724483,54.08245699911213,54.466299127001,3809600,2024-08-27
55.115882873535156,55.115882873535156,55.15525226237514,54.22024992701907,54.643461470870015,2308000,2024-08-28
56.10009002685547,56.10009002685547,56.508538951808305,54.98792929612376,55.60798397398832,2807100,2024-08-29
56.395355224609375,56.395355224609375,56.66109295461166,55.80975155067915,55.87372398857046,4229100,2024-08-30
54.85541534423828,54.85541534423828,55.85242968625295,54.638243157731445,55.72410032462223,3146400,2024-09-03
54.78631591796875,54.78631591796875,55.35885940534105,54.475367912984886,55.082457413045304,2449300,2024-09-04
54.40133285522461,54.40133285522461,55.58590262855411,54.243390469823574,55.14168849285011,3896700,2024-09-05
54.618499755859375,54.618499755859375,54.94425424672107,54.174285663190574,54.21376843148314,5004100,2024-09-06
55.08245086669922,55.08245086669922,55.53653468955997,54.52965447909237,54.9245085037197,4233700,2024-09-09
54.6678581237793,54.6678581237793,55.19104153861421,54.32235658713999,55.19104153861421,2525100,2024-09-10
54.44082260131836,54.44082260131836,54.57902172598324,53.236509488135134,54.54940493809525,2764000,2024-09-11
54.983741760253906,54.983741760253906,55.008418020171,54.302612217478945,54.47042810687393,2491800,2024-09-12
55.90178298950195,55.90178298950195,55.97581930055279,55.21078369576612,55.21078369576612,1703300,2024-09-13
55.546417236328125,55.546417236328125,56.45458502970236,55.08245982217535,56.16831703913918,2208800,2024-09-16
56.30651092529297,56.30651092529297,56.40522349691355,55.80306701935561,55.93139637497695,1922500,2024-09-17
56.70136642456055,56.70136642456055,57.155454056276916,56.000497357494325,56.000497357494325,2484100,2024-09-18
57.8464469909668,57.8464469909668,58.1623317327036,57.05673513662479,57.530562249229995,3626800,2024-09-19
56.839569091796875,56.839569091796875,57.30352270732503,56.27689537120419,57.30352270732503,8144000,2024-09-20
57.25416564941406,57.25416564941406,57.39236475709938,56.839568326358105,56.869181344964026,3200000,2024-09-23
57.1060905456543,57.1060905456543,57.787220069163176,54.95412342204905,57.48120508282998,4220400,2024-09-24
56.415103912353516,56.415103912353516,57.32820849125695,56.08934560801144,57.30352846251212,2350200,2024-09-25
57.27391052246094,57.27391052246094,57.441722653456075,56.61252421845787,56.819826651439946,2107100,2024-09-26
57.82670974731445,57.82670974731445,58.315343387884894,57.59966405003597,57.62928083460981,2434500,2024-09-27
58.03400802612305,58.03400802612305,58.04387777715331,57.35287847009273,57.91554841990013,3266000,2024-09-30
57.24429702758789,57.24429702758789,58.0626353403198,57.155454204374415,57.34300960198361,3513600,2024-10-01
57.88594055175781,57.88594055175781,58.15246904100971,57.10511175483617,57.510825963294735,3010000,2024-10-02
57.34300994873047,57.34300994873047,57.76748079935679,57.21468058872537,57.60953841998258,1666900,2024-10-03
57.579925537109375,57.579925537109375,58.043879159446554,57.36275335283876,57.85632376025862,1327000,2024-10-04
56.72111511230469,56.72111511230469,57.431857764083425,56.47432988773082,57.28378512308163,2224100,2024-10-07
56.1584358215332,56.1584358215332,56.54342010574808,55.78332128778711,56.36573447216536,1741200,2024-10-08
55.77345657348633,55.77345657348633,56.50394244035845,55.74877654662123,56.069598067650496,1660500,2024-10-09
55.82280731201172,55.82280731201172,55.89190686159246,54.93438291784093,55.29962393214526,2156400,2024-10-10
56.10908508300781,56.10908508300781,56.76059788198398,55.9116561633331,55.92152968042072,2883600,2024-10-11
57.017250061035156,57.017250061035156,57.08635338034825,55.724098043233944,55.990626506950434,1925800,2024-10-14
56.56316375732422,56.56316375732422,57.02712111101958,56.39535163871113,56.84943547622745,3149700,2024-10-15
58.191951751708984,58.191951751708984,58.280794575615,57.185067669321995,57.72799436401723,2482500,2024-10-16
58.191951751708984,58.191951751708984,58.36568723963132,57.61940827194951,58.00439258699443,2659900,2024-10-17
58.64603805541992,58.64603805541992,58.912566538194845,58.172210896812345,58.60655151745841,2604300,2024-10-18
58.48809051513672,58.48809051513672,58.715132439942764,57.79709122427651,58.70526268914389,3047100,2024-10-21
58.359764099121094,58.359764099121094,58.438737172060904,57.574988956409456,58.21169523582402,2349400,2024-10-22
60.0082893371582,60.0082893371582,60.09713215860161,58.5571911754637,58.72500706736491,2783100,2024-10-23
59.998416900634766,59.998416900634766,60.41301799671548,59.65291912527028,60.11687650845402,3673400,2024-10-24
59.573944091796875,59.573944091796875,60.417952765734164,59.55420459012029,60.16623081446088,2632300,2024-10-25
60.34391784667969,60.34391784667969,60.46237368768769,59.593688733794664,59.73188784257788,3028600,2024-10-28
60.0082893371582,60.0082893371582,60.59070255203312,59.9194465157148,60.126745177201656,2511000,2024-10-29
60.778255462646484,60.778255462646484,61.5778408229679,60.15635573795204,60.15635573795204,3067100,2024-10-30
60.13661193847656,60.13661193847656,61.15336945903448,60.13661193847656,60.896710758449736,3605900,2024-10-31
60.077388763427734,60.077388763427734,60.561085639203384,59.751630496945836,60.02803247731803,2458800,2024-11-01
60.422889709472656,60.422889709472656,60.847360570496846,59.963869069790384,60.27482084335662,2578400,2024-11-04
60.95594787597656,60.95594787597656,61.14350328304021,59.87996419199351,60.14649267506933,2166000,2024-11-05
60.94607162475586,60.94607162475586,62.930222877419766,59.99841364188947,62.930222877419766,4744500,2024-11-06
57.88594055175781,57.88594055175781,58.438740799722154,56.563171623050394,57.25417099159492,7352900,2024-11-07
57.579925537109375,57.579925537109375,58.77436501931102,57.40223988918676,58.211695056103856,4673800,2024-11-08
57.76748275756836,57.76748275756836,58.49796487481982,57.5601840836708,58.07349777544821,2735500,2024-11-11
56.395355224609375,56.395355224609375,57.79709335971786,56.26702586562344,57.79709335971786,2695900,2024-11-12
56.918540954589844,56.918540954589844,57.27391226118364,56.51875011749357,56.55823288939239,2396000,2024-11-13
56.6717529296875,56.6717529296875,57.1060935241576,56.37561144411046,56.93828139639982,2628300,2024-11-14
54.50004577636719,54.50004577636719,56.721112703196994,54.47043275568205,56.51381402711399,5636700,2024-11-15
56.25715637207031,56.25715637207031,56.31638241060939,54.59875951139588,54.70734183726531,4190700,2024-11-18
57.49108123779297,57.49108123779297,57.65889336450046,55.44769633912088,55.6056424804596,4217600,2024-11-19
58.00439453125,58.00439453125,58.26599001892857,57.25416914417498,57.708253030184686,3507200,2024-11-20
59.978675842285156,59.978675842285156,60.284690858626846,58.132723523995075,58.56706790404695,4520600,2024-11-21
60.442626953125,60.442626953125,60.48211348641062,59.28767409684382,59.702271399413554,3745800,2024-11-22
63.30533981323242,63.30533981323242,63.374439371277916,60.83749146112697,60.83749146112697,9733800,2024-11-25
62.4366569519043,62.4366569519043,63.05361996526303,61.95295629254795,62.52549977645369,3959100,2024-11-26
61.69629669189453,61.69629669189453,63.27572038094979,61.55809758980759,62.5452383368779,2517700,2024-11-27
61.43964385986328,61.43964385986328,61.755528608498615,60.52160263237835,60.985556238762165,2467400,2024-11-29
61.598018646240234,61.598018646240234,61.83063269227584,60.944721471140404,61.61781598802591,3224600,2024-12-02
61.370357513427734,61.370357513427734,61.8553829681001,60.984318771931875,61.76629681421975,2631000,2024-12-03
60.54878234863281,60.54878234863281,61.15654903760575,60.34190522396318,60.90512694981048,2407700,2024-12-04
60.162742614746094,60.162742614746094,60.86553502238651,60.123151707689416,60.578479234474,2475300,2024-12-05
58.88584899902344,58.88584899902344,60.36071514021164,58.816556412457984,59.756909411231874,2953700,2024-12-06
59.13330841064453,59.13330841064453,60.20233844060463,59.05411904311429,59.202597219255054,3394400,2024-12-09
58.816558837890625,58.816558837890625,59.28178696483818,57.55945963589372,59.1828040244463,3749200,2024-12-10
59.17290115356445,59.17290115356445,59.88559037961152,58.717573604015264,58.92544003629333,5431300,2024-12-11
58.697776794433594,58.697776794433594,59.52924630705172,58.66313238873938,59.202599592785866,2009500,2024-12-12
58.88584899902344,58.88584899902344,59.143206899003886,58.11376774716812,58.64828466553942,1990100,2024-12-13
58.35133361816406,58.35133361816406,59.484706015776005,58.321635715722934,58.74232264601809,3978300,2024-12-16
57.975189208984375,57.975189208984375,58.49980555985287,57.17836412363304,58.047449696594285,4885300,2024-12-17
55.83712387084961,55.83712387084961,58.39092430015821,55.79752918761455,57.876204745972984,4224100,2024-12-18
55.589664459228516,55.589664459228516,56.35184514293283,55.589664459228516,56.2132675233424,4026800,2024-12-19
56.89625549316406,56.89625549316406,57.30209154494372,55.72823880248959,55.84701907287574,11010700,2024-12-20
56.341941833496094,56.341941833496094,57.07442835609076,55.57976496295459,56.98534220842326,2456500,2024-12-23
56.89625549316406,56.89625549316406,56.93089989602488,55.82722550777531,56.55970824710605,986400,2024-12-24
56.846771240234375,56.846771240234375,57.23280999993081,56.04499581750988,56.31225429175138,1401600,2024-12-26
56.65869903564453,56.65869903564453,57.33178980031183,56.37164323356362,56.39144057604751,1502100,2024-12-27
55.98560333251953,55.98560333251953,56.38153884610504,55.649056069195545,56.10438360899949,1802000,2024-12-30
56.38153839111328,56.38153839111328,56.52011600854775,55.88661617115767,56.054891689440154,1750200,2024-12-31
55.76783752441406,55.76783752441406,56.767578776502205,55.728242839431545,56.282557101315824,2487200,2025-01-02
55.37189865112305,55.37189865112305,56.38154047017777,55.13433809132018,56.01529907117342,2380800,2025-01-03
56.36174011230469,56.36174011230469,57.31199362855071,55.71339322324644,55.71339322324644,2980800,2025-01-06
56.450828552246094,56.450828552246094,57.074431621597995,56.08458715797267,56.134078625962545,2777700,2025-01-07
56.56961441040039,56.56961441040039,56.618116579211026,55.89354817336651,56.421136225739296,2833700,2025-01-08
56.51021957397461,56.51021957397461,56.84676683665763,55.11453905613322,55.11453905613322,3886500,2025-01-10
59.32137680053711,59.32137680053711,59.42035973283494,56.6191019684726,56.6191019684726,3845400,2025-01-13
60.271629333496094,60.271629333496094,60.350818703764816,59.40056514032517,59.450060384721624,3181600,2025-01-14
60.30132293701172,60.30132293701172,61.27137383461553,59.71731832814532,61.014012159428574,3521100,2025-01-15
61.004112243652344,61.004112243652344,61.053603709121695,60.00436727177032,60.301319840543194,2187700,2025-01-16
61.68710708618164,61.68710708618164,61.79599058206628,60.97441785926908,61.043706670112584,2621600,2025-01-17
62.478981018066406,62.478981018066406,62.51857570254406,61.5881232730607,62.2216231208755,2146500,2025-01-21
61.87517547607422,61.87517547607422,62.52847266803301,61.81578722514148,62.31070945468471,2045000,2025-01-22
63.53811264038086,63.53811264038086,63.57770732148116,61.66730360593635,61.86527323548121,3415700,2025-01-23
63.31045150756836,63.31045150756836,63.66679612155524,62.68883081051622,63.55791262550847,2386000,2025-01-24
63.815269470214844,63.815269470214844,64.06273056941568,63.14712148160725,63.87465771741075,3426900,2025-01-27
63.62720489501953,63.62720489501953,64.20131653230676,63.45893313813292,63.79547665190614,3155500,2025-01-28
64.33989715576172,64.33989715576172,64.77543118389036,63.58761316678899,63.785586612263266,4177400,2025-01-29
65.47821807861328,65.47821807861328,65.56730046263067,64.23101183896806,64.63189767087539,3913700,2025-01-30
64.60713958740234,64.60713958740234,65.48810803646668,64.27059612193491,65.13176345425804,3750100,2025-01-31
63.9538459777832,63.9538459777832,64.4586687259755,62.50867408962339,63.66679020143516,4693900,2025-02-03
65.03277587890625,65.03277587890625,65.23074929559378,64.22110375027152,64.54775422387071,3479700,2025-02-04
63.171871185302734,63.171871185302734,64.34978847295838,62.36019905523182,62.716543653986236,8909400,2025-02-05
61.72669982910156,61.72669982910156,63.736082832255356,60.30132142012345,62.924410694234766,11376800,2025-02-06
61.706905364990234,61.706905364990234,63.95879930348627,61.36046130551609,61.86528033160085,5558700,2025-02-07
61.57822036743164,61.57822036743164,62.498775978694894,61.42974597023367,62.18202606685773,3221900,2025-02-10
62.330501556396484,62.330501556396484,62.815523186033616,61.20207957206578,61.44954066603152,4129000,2025-02-11
61.42974853515625,61.42974853515625,62.112739853080676,61.3604597250461,61.617817623175654,2566100,2025-02-12
62.221622467041016,62.221622467041016,62.27111393413956,61.360458856464334,61.64751087601863,2153900,2025-02-13
63.31045150756836,63.31045150756836,63.78558017685553,62.46908521695478,62.85512395678823,3906200,2025-02-14
63.80537033081055,63.80537033081055,64.17161548446228,63.122379041170234,63.4490257358828,3446200,2025-02-18
62.99370193481445,62.99370193481445,63.64700291478849,62.686852563446436,62.964007808800005,2384000,2025-02-19
63.1817741394043,63.1817741394043,63.30055441817321,62.55817106794278,63.09268798633837,2241900,2025-02-20
62.12263488769531,62.12263488769531,63.082785194991985,61.89992140088954,62.99369904507831,2476700,2025-02-21
61.97416305541992,61.97416305541992,62.746240536013026,61.88507690181633,62.696749067557036,3005100,2025-02-24
62.34040069580078,62.34040069580078,62.59776235779161,61.65740940997609,62.19192629938156,2082000,2025-02-25
62.1622314453125,62.1622314453125,62.488881930163025,61.54951823699373,62.488881930163025,3276200,2025-02-26
62.18202590942383,62.18202590942383,63.11742858044292,61.86527599838862,62.281008840638535,4088000,2025-02-27
62.34040069580078,62.34040069580078,62.41959006132312,61.120913919219596,62.35030125446946,3509600,2025-02-28
59.948421478271484,59.948421478271484,63.0252428427376,59.581185053770504,62.583570183977905,4531700,2025-03-03
59.3529052734375,59.3529052734375,60.06752341381145,58.588661714687966,59.89879244792239,3838900,2025-03-04
60.702735900878906,60.702735900878906,60.74243774877145,59.26357609727549,59.48193247450786,3807500,2025-03-05
60.40498352050781,60.40498352050781,61.06997247791884,59.849168972596814,60.54393621094135,3258600,2025-03-06
60.10722732543945,60.10722732543945,60.742441789267176,59.52163828169011,60.146925389796046,3614200,2025-03-07
59.78961944580078,59.78961944580078,60.305728352436944,58.99063769681092,59.630815831564234,4015800,2025-03-10
59.52163314819336,59.52163314819336,60.05759293946313,59.213949512360884,59.78961493691651,4442400,2025-03-11
58.55888748168945,58.55888748168945,60.017898262725055,58.117214819679326,59.51170914898029,3371700,2025-03-12
58.151954650878906,58.151954650878906,58.79709646957615,57.655692878396984,58.33060919186655,3304000,2025-03-13
59.37275695800781,59.37275695800781,59.472007796029416,58.330608014073874,58.648215239155135,2987600,2025-03-14
61.119598388671875,61.119598388671875,61.447129171866045,59.42734401927593,59.442231265851575,2802800,2025-03-17
61.119598388671875,61.119598388671875,61.28832556476473,60.611425331477015,61.01538009028905,3443700,2025-03-18
61.993019104003906,61.993019104003906,62.31062633239474,60.9607937186453,61.10967376340586,3743200,2025-03-19
61.367733001708984,61.367733001708984,61.89376927238537,61.0898238327109,61.62578745916055,2684800,2025-03-20
61.2585563659668,61.2585563659668,61.476908978242115,60.69777812197376,61.079901819265274,6880500,2025-03-21
61.605934143066406,61.605934143066406,62.131970393329055,61.1890760850115,62.131970393329055,2117800,2025-03-24
61.38758087158203,61.38758087158203,61.883842653199274,61.099751915738494,61.61586462296165,2565200,2025-03-25
62.23122787475586,62.23122787475586,62.51906061540133,61.58608604726455,61.60593697277564,2634300,2025-03-26
61.973167419433594,61.973167419433594,62.653047395781755,61.72503653865822,62.23122565569898,2833100,2025-03-27
60.603485107421875,60.603485107421875,62.062492049760294,60.26602697246523,61.883837520302265,2534300,2025-03-28
62.459503173828125,62.459503173828125,62.74733589297565,60.404979864091814,60.84168883418774,4566000,2025-03-31
63.07487106323242,63.07487106323242,63.27834020905045,61.91362032308439,62.60838756772067,5043400,2025-04-01
63.52150344848633,63.52150344848633,63.55127794165128,62.51905638810763,62.71755805744283,2098100,2025-04-02
60.84169006347656,60.84169006347656,62.03271902601132,60.63425301452654,61.98309360802585,3125800,2025-04-03
55.372886657714844,55.372886657714844,59.53155873596111,55.0552794424213,59.36283155928871,6393000,2025-04-04
55.15453338623047,55.15453338623047,58.30083500943375,53.00075909948523,54.80715165810281,6454100,2025-04-07
55.10490798950195,55.10490798950195,56.76242050181498,53.844402625764936,56.23142055363469,7888600,2025-04-08
58.12217712402344,58.12217712402344,58.73754062966959,54.092530378662765,54.588792125256,6272900,2025-04-09
57.506813049316406,57.506813049316406,57.92367490858718,55.720271418871214,57.29838401276945,4042100,2025-04-10
58.8367919921875,58.8367919921875,59.352904667614354,56.573839619003884,57.169352205785884,3068200,2025-04-11
59.8392448425293,59.8392448425293,60.36528110457917,58.936048576995105,59.43231034456723,2240600,2025-04-14
59.25365447998047,59.25365447998047,60.176701649912346,59.204029061568626,59.53155985202818,2328200,2025-04-15
58.75739288330078,58.75739288330078,59.80946538672925,58.4695601550819,59.18417829792141,4063800,2025-04-16
59.293357849121094,59.293357849121094,59.670514067660605,58.787168724285,59.1444778038924,3661100,2025-04-17
58.6779899597168,58.6779899597168,59.313204412330094,58.14203013168483,58.93604819745144,1860300,2025-04-21
60.19655227661133,60.19655227661133,60.295803112943844,58.94597053623205,59.164326919575636,2263600,2025-04-22
60.61341094970703,60.61341094970703,61.78458900400234,60.13700011534268,60.9310181726166,2339800,2025-04-23
61.248626708984375,61.248626708984375,61.43720860462753,60.338482805071855,60.72259044466786,3774700,2025-04-24
61.01042175292969,61.01042175292969,61.62578527284964,60.54393448873501,60.801988937031524,1805400,2025-04-25
61.09974670410156,61.09974670410156,61.883837374681605,60.643183026462836,61.248622954181855,2319500,2025-04-28
61.337955474853516,61.337955474853516,62.05257365224087,60.53401381146966,60.71266456963958,3340100,2025-04-29
61.52653503417969,61.52653503417969,61.6754112913531,60.22632785227521,60.66303684063139,6048800,2025-04-30
61.55630874633789,61.55630874633789,62.03768325605423,60.75236333757874,61.010421571283686,2851800,2025-05-01
62.161746978759766,62.161746978759766,62.5289796083939,61.337950668141545,62.22129596475758,3181600,2025-05-02
61.94339370727539,61.94339370727539,62.509131819690836,61.44713193945995,61.87391736267537,2275900,2025-05-05
61.98309326171875,61.98309326171875,62.3701768204901,61.53645692999154,61.87391507105469,2680800,2025-05-06
62.01287078857422,62.01287078857422,62.350328946144714,61.556310865442626,62.201448899560695,3290700,2025-05-07
66.36012268066406,66.36012268066406,66.74720624492068,63.34285029265735,64.1467919149821,6172800,2025-05-08
67.28316497802734,67.28316497802734,67.42211765398729,66.0703012118964,66.21123784431964,4289100,2025-05-09
67.451904296875,67.451904296875,68.76203517219354,66.94571513048815,68.61315511474396,3809800,2025-05-12
67.3923568725586,67.3923568725586,68.13674960479078,67.28317866604284,67.58093121552305,3550700,2025-05-13
67.08466339111328,67.08466339111328,67.30301978460564,66.21124538949765,66.92586356007125,4005500,2025-05-14
67.77942657470703,67.77942657470703,67.95808109666521,66.77697578081101,66.98540479437007,2931700,2025-05-15
68.09703826904297,68.09703826904297,68.26378149090081,67.42212198289548,67.74965655683913,3064600,2025-05-16
68.29554748535156,68.29554748535156,68.57345288581357,67.61567123262458,67.73973668442756,4995300,2025-05-19
68.66278076171875,68.66278076171875,68.70248261313543,67.87868623403554,68.26576981990583,3265700,2025-05-20
68.44441986083984,68.44441986083984,68.90097976355507,68.10299001900867,68.28562003797748,2415000,2025-05-21
68.07717895507812,68.07717895507812,68.46427006233421,67.66032092862127,68.2657608313884,2085000,2025-05-22
68.5436782836914,68.5436782836914,68.7223328369075,67.42212932716241,67.89854399319006,2541500,2025-05-23
69.88358306884766,69.88358306884766,69.90839009839365,68.8910595717007,68.91090670980816,4534200,2025-05-27
69.79425811767578,69.79425811767578,70.18134170961247,69.42206177370943,69.96298530957557,2441000,2025-05-28
69.18881225585938,69.18881225585938,69.75455034779796,68.88113239410343,69.75455034779796,3173100,2025-05-29
70.27066802978516,70.27066802978516,70.47909705966455,68.68759180865568,69.09948997687695,5450700,2025-05-30
70.58903503417969,70.58903503417969,70.74822466907813,69.79310963142625,70.3303632633391,3578400,2025-06-02
70.82781219482422,70.82781219482422,70.94719681812785,69.83289985087367,70.43979698792981,3467800,2025-06-03
71.016845703125,71.016845703125,71.51430191239744,70.87755857177507,71.16608408402261,2776800,2025-06-04
70.83776092529297,70.83776092529297,71.43471444687042,70.76811735985285,71.43471444687042,3278600,2025-06-05
71.27552795410156,71.27552795410156,71.8724739113738,71.05664599863316,71.05664599863316,2855000,2025-06-06
71.64364624023438,71.64364624023438,71.93217175592703,70.7979721924894,71.42476429104826,2888400,2025-06-09
71.18598175048828,71.18598175048828,72.02667631099949,71.04669462859418,71.66353542824551,3491500,2025-06-10
71.70333862304688,71.70333862304688,71.7729821896175,71.13623884080629,71.56405148990564,8169300,2025-06-11
72.15104675292969,72.15104675292969,72.16099800268424,70.93725995315883,71.63369562438633,5547200,2025-06-12
72.06150817871094,72.06150817871094,72.5390694887446,71.5640519597748,71.8525774776273,3344800,2025-06-13
73.81255340576172,73.81255340576172,73.81255340576172,72.25054124094522,72.45947193413453,3168500,2025-06-16
73.83245086669922,73.83245086669922,74.25031226752554,73.24047675357217,73.77773037916866,5042500,2025-06-17
73.74291229248047,73.74291229248047,74.45924286840541,73.66331747607343,73.66331747607343,3721900,2025-06-18
73.3449478149414,73.3449478149414,74.26026545701689,72.4992737414895,73.70311690802828,14522900,2025-06-20
74.06128692626953,74.06128692626953,74.57863807242448,73.12606677257354,73.41459230064102,4926900,2025-06-23
72.91712951660156,72.91712951660156,74.17569307481097,72.91712951660156,73.9020906511613,4629400,2025-06-24
72.86737823486328,72.86737823486328,73.28026777011141,72.56890908484046,72.84748332775996,4961700,2025-06-25
73.9219970703125,73.9219970703125,74.668181397709,73.25042813942385,73.5837228947914,5650000,2025-06-26
74.01153564453125,74.01153564453125,74.41447396736841,73.5041281758647,73.9518433272456,5390700,2025-06-27
74.15081787109375,74.15081787109375,74.24036393167535,73.32503878059003,73.71305399842595,3201600,2025-06-30
74.72787475585938,74.72787475585938,74.83731573264838,73.72698851932023,74.13092880374273,3614200,2025-07-01
76.60826110839844,76.60826110839844,76.64805851854511,74.88705917480915,75.01640265543081,3292000,2025-07-02
76.72765350341797,76.72765350341797,77.01617903466534,76.31476391166294,76.52866645225778,1419300,2025-07-03
76.19039916992188,76.19039916992188,76.93658352629609,75.73274034221527,76.68785540750468,2461500,2025-07-07
76.06105041503906,76.06105041503906,76.84703212677847,75.59841978965065,76.50876555216061,3032800,2025-07-08
75.81231689453125,75.81231689453125,76.27992690649705,74.47913800904287,76.18043719110787,6570500,2025-07-09
74.44929504394531,74.44929504394531,75.68298426691321,74.25030801406078,75.68298426691321,4418100,2025-07-10
73.19570922851562,73.19570922851562,74.071229458912,72.98677852321352,73.96178848129,4389800,2025-07-11
72.73804473876953,72.73804473876953,73.82249558993472,72.66840117576423,73.40463421190294,2876300,2025-07-14
71.72323608398438,71.72323608398438,73.04249402271095,71.56405403640704,72.99673041750168,5725000,2025-07-15
72.60871124267578,72.60871124267578,72.66343172901551,71.41481179269397,71.8525756834119,4036200,2025-07-16
72.79773712158203,72.79773712158203,73.16585743528971,72.29133163817053,72.64849874626384,2688200,2025-07-17
72.67835998535156,72.67835998535156,73.21560604694895,72.12120383277153,72.76789846542451,3693200,2025-07-18
72.62860107421875,72.62860107421875,73.42453398523622,72.45946779756564,72.72809079045123,2655300,2025-07-21
73.37478637695312,73.37478637695312,73.9170117901354,72.63855335765155,72.78779172941537,3733900,2025-07-22
73.52403259277344,73.52403259277344,73.93194275582908,73.25540197682339,73.52403259277344,3827600,2025-07-23
72.74799346923828,72.74799346923828,73.42453416811456,72.30027835920879,73.09621127220869,3399100,2025-07-24
73.0564193725586,73.0564193725586,73.12606293840057,72.18089917474823,72.46941709710825,2668500,2025-07-25
72.03166198730469,72.03166198730469,72.85744113210215,71.90231851246924,72.85744113210215,2317900,2025-07-28
72.50920867919922,72.50920867919922,72.70819570174574,72.11124981526373,72.45946761649667,2631400,2025-07-29
71.61380004882812,71.61380004882812,72.47936900492795,71.34516944201273,72.47936900492795,4975900,2025-07-30
71.76303100585938,71.76303100585938,71.93217188818292,71.3004003683395,71.45461058084612,4852700,2025-07-31
70.80791473388672,70.80791473388672,71.46456057108003,70.22092005267997,71.28547603280725,4770900,2025-08-01
71.5541000366211,71.5541000366211,71.6436461022882,70.96212592716559,71.18598729604365,3943500,2025-08-04
71.9421157836914,71.9421157836914,72.34008227601655,71.43471590679185,72.1709489837167,3744000,2025-08-05
70.80791473388672,70.80791473388672,71.94211427942123,70.69847376102116,71.73318358319953,4566100,2025-08-06
70.68852996826172,70.68852996826172,71.10639135991399,68.3504797256326,70.15127635446052,7323300,2025-08-07
70.54924011230469,70.54924011230469,70.93725533107504,69.91248920935487,70.93725533107504,5568000,2025-08-08
72.09135437011719,72.09135437011719,72.19582351599624,70.59401388304758,70.6387831210331,5965500,2025-08-11
70.66862487792969,70.66862487792969,72.62860347383965,70.45969418976483,72.36992413062548,5485900,2025-08-12
71.96202087402344,71.96202087402344,72.02668502306653,70.47462399675601,71.67349534646422,4693600,2025-08-13
71.50436401367188,71.50436401367188,71.80283320893179,70.98700526362676,71.63369990589317,3242800,2025-08-14
71.3949203491211,71.3949203491211,71.87247407982629,71.2357307118329,71.57400489578046,2649600,2025-08-15
71.92222595214844,71.92222595214844,72.28039506146789,71.2904543856294,71.35512612748931,2818500,2025-08-18
72.03166198730469,72.03166198730469,72.11125680403734,71.50435960996495,71.92222101194216,2723500,2025-08-19
72.58880615234375,72.58880615234375,72.79773684075161,71.9620140871202,72.04160889906005,3086800,2025-08-20
72.60871124267578,72.60871124267578,72.89225733328766,72.19084226036352,72.34008064043365,2815400,2025-08-21
72.9967269897461,72.9967269897461,73.20565768708154,72.32515806999837,72.95692958207563,2664000,2025-08-22
73.22555541992188,73.22555541992188,73.44940920494533,72.52911973527567,72.9270862367505,3261600,2025-08-25
73.56382751464844,73.56382751464844,73.58372242339658,71.7630308544738,73.05642004990713,6802600,2025-08-26
74.64828491210938,74.64828491210938,74.73783098571236,73.23551096016108,73.42454676731617,6016400,2025-08-27
73.94189453125,73.94189453125,74.77762495388018,73.0116537999744,74.64828147469636,3928400,2025-08-28
73.81255340576172,73.81255340576172,74.25030970029107,73.67823810636173,73.85235081264243,4035000,2025-08-29
73.72279357910156,73.72279357910156,73.83749225933718,73.10445249175469,73.52333018493304,3261700,2025-09-02
72.1968765258789,72.1968765258789,73.50038890507223,72.15698232524899,73.2640216633466,3244900,2025-09-03
72.45618438720703,72.45618438720703,72.61575357928034,71.81789240083249,72.24674554252545,3147800,2025-09-04
72.10711669921875,72.10711669921875,72.53596982338547,71.19954080031508,72.33649883014492,3173200,2025-09-05
72.75537872314453,72.75537872314453,72.83516712287619,71.50871351123979,72.00737959600168,4724500,2025-09-08
72.30657958984375,72.30657958984375,73.4634885156206,71.8079135237069,72.9448715457757,3336700,2025-09-09
71.5885009765625,71.5885009765625,72.61575188031732,71.36908668468467,71.98743536097305,2939500,2025-09-10
72.79527282714844,72.79527282714844,72.9149554265883,71.39402234825927,71.44887592187247,2750400,2025-09-11
74.09180450439453,74.09180450439453,75.70748528669549,72.13703445181821,72.70551345889888,6599900,2025-09-12
69.88306427001953,69.88306427001953,74.30124605096897,69.09517094914587,73.69287282357337,8800600,2025-09-15
69.69356536865234,69.69356536865234,70.21218232885782,69.26471225538404,69.8232234132238,5056600,2025-09-16
70.45154571533203,70.45154571533203,70.91031761239812,69.5838639655744,69.89304212047607,3470100,2025-09-17
70.47149658203125,70.47149658203125,70.83253034980142,69.94290412685453,70.65100907253104,5365900,2025-09-18
70.67095947265625,70.67095947265625,70.83052866608531,70.20221212670214,70.38173222496029,12447700,2025-09-19
69.56391906738281,69.56391906738281,70.29197490165731,69.55394361512136,70.21218650164684,2831500,2025-09-22
69.29463958740234,69.29463958740234,70.37175250255387,69.2497538587808,69.75341145310472,3360900,2025-09-23
69.4242935180664,69.4242935180664,70.15234174693066,69.25973279561445,69.45421226595937,3474700,2025-09-24
66.90103912353516,66.90103912353516,69.79828765786046,65.73416239219259,69.74343408797478,7240300,2025-09-25
67.90834045410156,67.90834045410156,67.93826680931987,67.01274120113814,67.35981235307626,4817100,2025-09-26
67.58919525146484,67.58919525146484,68.48679569225621,67.3697885739739,68.21751936453896,5341400,2025-09-29
67.44956970214844,67.44956970214844,67.76871568170297,67.01074873591118,67.71885364026528,4701400,2025-09-30
61.306007385253906,61.306007385253906,66.72152116759167,60.543048912825796,66.72152116759167,12189800,2025-10-01
63.320621490478516,63.320621490478516,63.51011323417823,61.16139641764092,61.16139641764092,11310300,2025-10-02
63.2009391784668,63.2009391784668,63.49016642373856,62.32328959936126,62.33326124717186,4328900,2025-10-03
64.12846374511719,64.12846374511719,64.89142227226715,63.23086323992876,63.35054203911374,5261000,2025-10-06
65.43496704101562,65.43496704101562,65.43496704101562,63.609847266802895,64.01875712608111,4409800,2025-10-07
62.94163131713867,62.94163131713867,65.27040092701613,62.632456987289444,65.00610852135605,6075900,2025-10-08
62.58259201049805,62.58259201049805,63.64474937379795,62.38312482087529,63.420351163297475,3033100,2025-10-09
61.6650505065918,61.6650505065918,62.95659385333399,61.6650505065918,62.532728437799776,2925600,2025-10-10
62.502803802490234,62.502803802490234,62.872816220289806,62.01411318117787,62.103873226554455,2157600,2025-10-13
62.502803802490234,62.502803802490234,62.60253929986433,61.87448728937434,62.293364964784935,4189300,2025-10-14
61.744834899902344,61.744834899902344,62.672354128483605,61.70992842590285,62.482862384560676,3550800,2025-10-15
60.83726119995117,60.83726119995117,62.101879919433756,60.827289552431886,61.83459335077005,4379700,2025-10-16
61.2361946105957,61.2361946105957,61.879470489690725,60.78739438894323,60.91704863175842,7513400,2025-10-17
61.81464767456055,61.81464767456055,62.26344791366719,61.37582288772311,61.79470057454244,4634300,2025-10-20
61.8046760559082,61.8046760559082,62.16371624736255,61.48553006450885,61.7647818558532,4074700,2025-10-21
62.951602935791016,62.951602935791016,63.05732294162304,61.734860325125666,61.734860325125666,5414300,2025-10-22
63.310646057128906,63.310646057128906,63.77939339715615,62.86184581715817,63.77939339715615,3227700,2025-10-23
63.49016571044922,63.49016571044922,63.72952710493817,63.270751415877704,63.62979160535098,2627800,2025-10-24
63.75944519042969,63.75944519042969,64.38776171096274,63.500136698716155,63.849201432345616,3973500,2025-10-27
63.29069900512695,63.29069900512695,63.719552145366784,63.02141886094005,63.58989789716117,2821400,2025-10-28
63.03139114379883,63.03139114379883,63.225870604067985,62.572619278780316,62.87181815576977,5030400,2025-10-29
61.535396575927734,61.535396575927734,61.789717348370594,60.77742198478988,61.11651507987358,5796300,2025-10-30
61.276084899902344,61.276084899902344,61.7747509665489,60.88712597664125,61.166381561037035,4608800,2025-10-31
61.89443588256836,61.89443588256836,61.89443588256836,60.37350280045996,60.78739656438065,6059600,2025-11-03
62.33325958251953,62.33325958251953,62.758121771079026,61.11651313802228,61.64510176635581,5189600,2025-11-04
63.50013732910156,63.50013732910156,64.65704629666195,62.841898250208416,64.52738824499777,6989100,2025-11-05
62.98152542114258,62.98152542114258,63.559976077180295,62.35320511507598,62.92168412382,5146100,2025-11-06
63.978858947753906,63.978858947753906,64.00379377331335,62.487844644169044,63.14109978952798,3686800,2025-11-07
65.38509368896484,65.38509368896484,65.80297458385984,63.88909545550257,64.13842849441295,3695500,2025-11-10
65.54467010498047,65.54467010498047,65.9735232337736,65.00610983098161,65.36515001364752,2912500,2025-11-11
66.30264282226562,66.30264282226562,66.70156958385586,65.08589641591077,65.40504239060711,3131400,2025-11-12
66.02338409423828,66.02338409423828,66.84119613810991,65.95856267980623,66.50709078697751,3408700,2025-11-13
65.82392120361328,65.82392120361328,66.69160290418817,65.5845636206769,65.89373414901307,2862500,2025-11-14
63.70957946777344,63.70957946777344,66.26275116787068,63.67467299434235,66.16301186460427,3998600,2025-11-17
64.32792663574219,64.32792663574219,64.90638113553571,63.39043574122073,63.57992748881495,3148300,2025-11-18
64.5074462890625,64.5074462890625,64.8465355809839,63.87912974924541,64.5872346903525,2505800,2025-11-19
64.20824432373047,64.20824432373047,65.78403102656253,64.02374030154598,64.84653632327546,5939400,2025-11-20
65.36515045166016,65.36515045166016,66.41234465058594,64.49746873622979,64.60717588217067,5184100,2025-11-21
65.48483276367188,65.48483276367188,65.67432069843622,64.90637828924488,65.36515016615718,3825600,2025-11-24
65.87379455566406,65.87379455566406,66.39938904879304,65.30531550859698,65.84386819820513,3722700,2025-11-25
66.4721908569336,66.4721908569336,66.78634531730306,65.53469617935465,65.73416717939305,2062300,2025-11-26
67.29000091552734,67.29000091552734,67.53933395131392,66.50210760935691,66.51208306131969,1976700,2025-11-28
66.54000091552734,66.54000091552734,67.83999633789062,66.5199966430664,67.1500015258789,3498200,2025-12-01
65.5999984741211,65.5999984741211,67.01499938964844,65.2699966430664,66.87000274658203,2603900,2025-12-02
65.30000305175781,65.30000305175781,66.23999786376953,65.2699966430664,65.80000305175781,3885900,2025-12-03
66.29000091552734,66.29000091552734,66.44999694824219,65.62999725341797,65.80999755859375,3644800,2025-12-04
66.0,66.0,67.02999877929688,65.93000030517578,66.16999816894531,5353300,2025-12-05
65.08999633789062,65.08999633789062,66.06999969482422,65.05999755859375,65.87000274658203,5423200,2025-12-08
65.83999633789062,65.83999633789062,65.98999786376953,65.02999877929688,65.05999755859375,5325800,2025-12-09
65.0999984741211,65.0999984741211,65.79000091552734,64.0999984741211,65.69000244140625,6388200,2025-12-10
66.04000091552734,66.04000091552734,66.81999969482422,65.08999633789062,65.33999633789062,2662900,2025-12-11
66.12000274658203,66.12000274658203,66.80000305175781,65.79000091552734,66.5999984741211,1891894,2025-12-12
