Price,Close,High,Low,Open,Volume,Date
125.53167724609375,125.53167724609375,125.67175119894033,122.88996558885414,124.00071798761265,406400,2021-10-25
127.48286437988281,127.48286437988281,127.91291045861801,124.95419133708549,126.14603482660473,691600,2021-10-26
125.27120208740234,125.27120208740234,127.23713468694977,124.08427810793383,127.23713468694977,520000,2021-10-27
126.61539459228516,126.61539459228516,129.0580569539439,124.52659932322061,125.8413206389221,534000,2021-10-28
128.6820831298828,128.6820831298828,129.183388600825,125.99858472973467,125.99858472973467,728400,2021-10-29
129.02857971191406,129.02857971191406,130.68486922407888,128.35279295257678,129.01383587348127,740000,2021-11-01
123.68862915039062,123.68862915039062,129.43405383262683,122.22647688791515,127.68438173063306,968000,2021-11-02
123.93191528320312,123.93191528320312,124.22679953708737,120.2236901074983,123.37407925815478,856800,2021-11-03
121.69812774658203,121.69812774658203,125.66683718809271,120.38095414745541,124.31526380247921,710000,2021-11-04
122.21173858642578,122.21173858642578,122.90718130756962,119.98532895697633,121.06412648190555,781200,2021-11-05
124.44306182861328,124.44306182861328,124.64457095850582,121.44503044238284,122.21174005919319,469600,2021-11-08
123.39620208740234,123.39620208740234,124.73794381148704,123.05215920994732,124.344757308259,596000,2021-11-09
123.84866333007812,123.84866333007812,124.31340543113848,122.26754513064304,122.43229215695747,921200,2021-11-10
124.57896423339844,124.57896423339844,126.57072658281815,123.1945610788873,124.78551708799786,749600,2021-11-11
124.0551986694336,124.0551986694336,126.0961434357579,123.46750046916645,125.01174285186951,536800,2021-11-12
123.3838882446289,123.3838882446289,124.89370130198687,123.33225191166166,124.16338600468903,453600,2021-11-15
124.05274963378906,124.05274963378906,125.70518009843188,121.45115901596854,122.82326290426884,884800,2021-11-16
121.45362091064453,121.45362091064453,124.07242615489395,120.00528193505828,124.05275016479018,870800,2021-11-17
121.75361633300781,121.75361633300781,122.31671585618045,120.29052411262654,121.9454159640317,623600,2021-11-18
123.31751251220703,123.31751251220703,124.71175369230478,119.6929882247547,122.32654656028257,1116400,2021-11-19
120.39872741699219,120.39872741699219,123.47244446395422,120.06676447508188,123.47244446395422,896800,2021-11-22
116.2405776977539,116.2405776977539,119.75199101502903,114.34225014782032,119.4274047619908,1023600,2021-11-23
117.28565979003906,117.28565979003906,117.35942599365198,114.7553739474335,115.61109943030138,868000,2021-11-24
116.42501068115234,116.42501068115234,120.97164997188125,116.19632796222174,117.15532606111707,459600,2021-11-26
117.95448303222656,117.95448303222656,120.19215008817362,116.2553316937234,116.2553316937234,550400,2021-11-29
116.07091522216797,116.07091522216797,120.80443877746097,115.2766641526802,118.687266389287,1516800,2021-11-30
113.5898208618164,113.5898208618164,117.72089328204066,113.47178743396744,116.49632929894545,1142400,2021-12-01
114.90044403076172,114.90044403076172,115.43650591961335,112.27917756181655,112.9750712161984,1035600,2021-12-02
112.16606903076172,112.16606903076172,115.46601460276715,110.59232757116537,115.46601460276715,1037600,2021-12-03
115.13896942138672,115.13896942138672,115.30863918829832,110.79642144590217,112.25951363762064,852800,2021-12-06
116.29960632324219,116.29960632324219,118.41432499350277,115.13159393315428,116.41517837569222,892400,2021-12-07
118.3503646850586,118.3503646850586,119.55034468130609,116.33155000104978,116.99792956709258,445200,2021-12-08
115.62092590332031,115.62092590332031,119.4692175615862,115.402073680759,118.45366040263453,467200,2021-12-09
114.59798431396484,114.59798431396484,117.36432904809476,114.22667697497627,115.59878066126095,537600,2021-12-10
115.66271209716797,115.66271209716797,116.05614927901571,113.76438463612848,114.042249786512,508400,2021-12-13
113.82095336914062,113.82095336914062,114.69143198836706,112.09474936964155,114.58569043694403,692800,2021-12-14
116.66352844238281,116.66352844238281,116.8676199219841,113.0685107216919,114.35454893944204,458400,2021-12-15
113.48899841308594,113.48899841308594,117.57089573573428,113.05621669569742,117.05450982370319,650400,2021-12-16
115.70944213867188,115.70944213867188,116.82089532202448,111.41115428951395,113.11768228828662,1792400,2021-12-17
114.38652038574219,114.38652038574219,115.61600705957541,113.09802075290612,114.95454262871785,631600,2021-12-20
117.94220733642578,117.94220733642578,118.21514979009144,114.21440264847031,114.86110636876211,538000,2021-12-21
120.41346740722656,120.41346740722656,120.92739194041923,117.23155527003902,117.80449276269766,467600,2021-12-22
121.63311004638672,121.63311004638672,122.58719286598625,121.04787321348654,121.04787321348654,396400,2021-12-23
123.1109619140625,123.1109619140625,123.1134232887791,121.96754079533247,121.96754079533247,308800,2021-12-27
122.40522766113281,122.40522766113281,123.49208960108508,120.77984249185045,123.49208960108508,321600,2021-12-28
123.56585693359375,123.56585693359375,123.68388283711784,121.40687889941343,122.6216121844501,414800,2021-12-29
125.11256408691406,125.11256408691406,125.75927529435157,123.34702297971228,123.34702297971228,368000,2021-12-30
127.2125473022461,127.2125473022461,128.594489269948,124.95274245086038,124.95274245086038,870000,2021-12-31
119.94625854492188,119.94625854492188,127.63300383964396,119.3388918505763,127.0379365140918,1001200,2022-01-03
115.08486938476562,115.08486938476562,119.30939135315799,114.06931968273881,119.30939135315799,1361200,2022-01-04
106.89894104003906,106.89894104003906,115.54223004733096,106.552224929964,114.71355730739268,1824400,2022-01-05
104.88504028320312,104.88504028320312,106.95549142265962,103.1121152822763,105.52929003211985,1223200,2022-01-06
102.1162338256836,102.1162338256836,104.84323407249266,101.24575525368215,104.47684948469968,1000400,2022-01-07
105.1875,105.1875,105.723561892,98.61958430152113,100.09005306225573,1323200,2022-01-10
106.30387878417969,106.30387878417969,106.68747803543201,103.08262211936848,105.13586641556354,868400,2022-01-11
105.33503723144531,105.33503723144531,107.69319170728527,103.54736635777024,106.32354929303243,790800,2022-01-12
97.7884521484375,97.7884521484375,105.21701617600934,97.51058695419701,105.13340447691061,1217600,2022-01-13
95.92700958251953,95.92700958251953,98.84827123955435,94.20327429823898,97.37534854547292,1500000,2022-01-14
93.19510650634766,93.19510650634766,94.51311285387096,92.3467575483464,94.14181291496831,1019600,2022-01-18
93.39918518066406,93.39918518066406,96.13602382916746,92.95657296166686,93.56640107832631,755200,2022-01-19
92.75740051269531,92.75740051269531,95.84587068980906,92.73034790147743,94.21065478061266,976000,2022-01-20
90.26890563964844,90.26890563964844,93.36229055373006,90.1361189886659,92.78443036390749,1598000,2022-01-21
93.90575408935547,93.90575408935547,94.07050113167634,85.5427817907279,89.72303725247036,1820800,2022-01-24
90.49022674560547,90.49022674560547,92.64674384996317,88.30419565509224,91.79347972694971,1009200,2022-01-25
89.45989227294922,89.45989227294922,92.74508396212406,88.60416700416945,91.64592277813365,1045200,2022-01-26
87.01077270507812,87.01077270507812,92.20166179805442,86.87307079905655,90.81480474335397,1625600,2022-01-27
90.2664566040039,90.2664566040039,90.2664566040039,85.84768095894538,87.34274103758293,1846800,2022-01-28
92.5582046508789,92.5582046508789,92.58279588199784,90.32545293902572,90.62790932298938,1581600,2022-01-31
98.7449951171875,98.7449951171875,103.88916318910027,96.95486280948653,100.23020962509382,2256800,2022-02-01
102.75065612792969,102.75065612792969,103.67277112813856,99.48760121536601,99.48760121536601,1898400,2022-02-02
100.71955108642578,100.71955108642578,102.04739521000691,97.51058632489757,98.28516894249519,1084400,2022-02-03
100.83511352539062,100.83511352539062,101.54329899159194,97.63107181866006,98.60482308259162,1306000,2022-02-04
101.47691345214844,101.47691345214844,103.65064505827988,100.8154490008124,100.90642981682217,1064400,2022-02-07
101.64167022705078,101.64167022705078,102.62033686873818,99.70645930028634,101.2113498683454,1220400,2022-02-08
104.2825927734375,104.2825927734375,105.50716411956454,101.51133269887193,103.22523730686893,1214800,2022-02-09
104.06110382080078,104.06110382080078,106.25616720695842,101.66425810770637,101.66425810770637,1172400,2022-02-10
103.00540924072266,103.00540924072266,107.03379388375919,102.09490673145015,104.45730481336452,1454800,2022-02-11
101.789794921875,101.789794921875,105.04054986219421,101.6593636978133,103.09156883028712,1123600,2022-02-14
101.57076263427734,101.57076263427734,104.76984177236481,100.73161866687303,103.25888848241344,1408000,2022-02-15
101.39358520507812,101.39358520507812,102.07769569201778,99.18622024195516,100.83005299332704,1428400,2022-02-16
97.98779296875,97.98779296875,102.27701797010498,97.40949640144612,100.89403267501488,1174000,2022-02-17
98.6817626953125,98.6817626953125,99.459386006219,95.97238601017816,97.88937500273157,1004800,2022-02-18
98.46028137207031,98.46028137207031,99.86049446821777,96.85582265738746,98.7506650662979,789600,2022-02-22
96.5531234741211,96.5531234741211,99.78173878248926,96.35379684243473,99.07793748862477,827600,2022-02-23
101.607666015625,101.607666015625,102.08260438838397,95.01264482612727,95.36946065903732,1408400,2022-02-24
104.01683044433594,104.01683044433594,104.43271134140691,101.47971515478655,101.66181418314035,1049200,2022-02-25
103.20967864990234,103.20967864990234,103.79535742960587,101.41081240358875,102.84793631595944,1541200,2022-02-28
103.39915466308594,103.39915466308594,105.05775921425828,102.42220483827867,103.25396659212684,920800,2022-03-01
104.26045227050781,104.26045227050781,105.12174284182356,102.85285709356317,103.95039277153744,755600,2022-03-02
103.3105697631836,103.3105697631836,105.04791519117728,102.18843185246409,104.89534492847046,567200,2022-03-03
102.76181030273438,102.76181030273438,103.99960762765605,100.6676413406456,102.80856667863435,1225200,2022-03-04
98.75802612304688,98.75802612304688,102.6190687889991,98.44304020015183,102.44680769419504,913600,2022-03-07
96.88780975341797,96.88780975341797,99.422461929212,95.25874131520297,97.64820540615618,820400,2022-03-08
102.93650817871094,102.93650817871094,103.48527593111736,98.20187401682978,99.80387662987889,846800,2022-03-09
102.14659881591797,102.14659881591797,102.3090145086239,99.80142795992698,100.87680954464605,600400,2022-03-10
98.6399154663086,98.6399154663086,103.37947676886901,98.52179291479955,103.37947676886901,584800,2022-03-11
96.51620483398438,96.51620483398438,101.51414962695245,96.09540503505426,99.35354133270451,591600,2022-03-14
99.81126403808594,99.81126403808594,99.91707792332018,96.87549571703977,97.80322590244872,899200,2022-03-15
104.19648742675781,104.19648742675781,105.05777809424747,101.21395457848381,101.21395457848381,585600,2022-03-16
106.24141693115234,106.24141693115234,106.3619951987217,102.83316585872642,103.46560097488768,698400,2022-03-17
109.65459442138672,109.65459442138672,110.0015723782617,106.05686189656842,106.05686189656842,1332400,2022-03-18
107.84341430664062,107.84341430664062,109.93758309396885,105.78616397815318,108.1141071156146,824800,2022-03-21
108.80313873291016,108.80313873291016,109.95480534416885,106.86154030264541,107.6490088885536,782400,2022-03-22
105.57452392578125,105.57452392578125,108.28390010682212,105.11189420295972,108.28390010682212,469200,2022-03-23
107.06087493896484,107.06087493896484,107.19868082533263,104.47208434807554,105.73694712863511,436000,2022-03-24
107.15685272216797,107.15685272216797,107.9886070110803,104.89534919587588,107.9886070110803,425200,2022-03-25
107.61702728271484,107.61702728271484,108.80068599904064,105.70988389235377,107.48414035017468,453200,2022-03-28
109.7579345703125,109.7579345703125,110.57985087126117,109.0098476736731,109.35928132055638,652400,2022-03-29
108.86221313476562,108.86221313476562,109.43066433913468,107.43985350710301,109.36176139041898,574000,2022-03-30
106.56378936767578,106.56378936767578,109.93266639479151,106.0568589649411,109.0566114749282,1182400,2022-03-31
106.6203842163086,106.6203842163086,107.62440711371383,105.22755346314794,107.62440711371383,1158400,2022-04-01
106.31770324707031,106.31770324707031,107.12485520052597,105.75663429783718,107.12485520052597,1559600,2022-04-04
106.56624603271484,106.56624603271484,107.08794832981341,105.26692802133556,106.62531106268045,1040800,2022-04-05
106.84925079345703,106.84925079345703,107.47429626011657,103.30811251417182,105.74925938845855,901200,2022-04-06
110.65122985839844,110.65122985839844,112.02191409972187,106.74589348255087,106.74589348255087,1032400,2022-04-07
106.59577941894531,106.59577941894531,109.75794005019118,106.35215213537532,109.6496629263506,1462000,2022-04-08
103.9725341796875,103.9725341796875,106.0593132825525,102.36561243681474,105.88705968275686,1019200,2022-04-11
101.57076263427734,101.57076263427734,106.49488607998023,100.80298484271356,104.8018337653229,512800,2022-04-12
103.20722198486328,103.20722198486328,104.2973680128423,100.80299346889295,101.26070430308692,583600,2022-04-13
102.88236999511719,102.88236999511719,104.62710494930656,101.79960637434263,103.68213968805449,796800,2022-04-14
101.40096282958984,101.40096282958984,102.49849093335186,100.03520515052885,102.4295879920811,503600,2022-04-18
101.69380187988281,101.69380187988281,103.17276314401259,100.37971953354344,100.98508162346218,867200,2022-04-19
104.48930358886719,104.48930358886719,105.29153660705923,101.70364961469446,102.81594211972555,596000,2022-04-20
101.4083480834961,101.4083480834961,105.38751371422393,101.21886686674051,104.87073788414975,588800,2022-04-21
99.16899108886719,99.16899108886719,101.2262489843981,99.09025023213292,101.00969473119932,802000,2022-04-22
98.65714263916016,98.65714263916016,98.72358234979228,95.7705861639757,97.0133098980881,1328400,2022-04-25
94.03569030761719,94.03569030761719,98.12558823184128,93.75761533876245,98.12558823184128,1053200,2022-04-26
93.74040222167969,93.74040222167969,96.28736295933462,93.58536871879998,94.02585942367351,598800,2022-04-27
95.2070541381836,95.2070541381836,96.87303332124745,93.723166459552,94.9880366665268,1440000,2022-04-28
93.43527221679688,93.43527221679688,97.87953142107312,93.25317316614496,94.81087554099109,950000,2022-04-29
94.14644622802734,94.14644622802734,94.66568534804549,91.27712458758523,92.86928215828749,1039200,2022-05-02
94.3556137084961,94.3556137084961,96.31444002023478,93.45987539089704,93.74040613794304,1027200,2022-05-03
97.40950775146484,97.40950775146484,98.01733314879743,92.25652839363686,94.95114063299471,1426800,2022-05-04
95.02494049072266,95.02494049072266,96.51866597014546,93.50414948844016,96.16922483690888,1429200,2022-05-05
91.77173614501953,91.77173614501953,93.85114060675734,90.70373677083802,93.85114060675734,1068000,2022-05-06
85.40557098388672,85.40557098388672,90.7627955419019,85.35389565325558,90.7627955419019,2210000,2022-05-09
86.50800323486328,86.50800323486328,89.09187423641954,84.3154032266457,87.8491508202338,1368800,2022-05-10
83.34093475341797,83.34093475341797,87.49973604321862,83.15144603292794,85.5335277231275,993200,2022-05-11
85.85345458984375,85.85345458984375,86.91407192101858,82.44273965524762,83.03826393298488,1514800,2022-05-12
90.58503723144531,90.58503723144531,91.60475986317289,87.30174232970046,87.47908506927254,1258400,2022-05-13
89.19586181640625,89.19586181640625,91.25254306494391,88.86826670150394,89.76236939819984,792800,2022-05-16
91.39290618896484,91.39290618896484,92.68110432712902,89.24755796595184,91.20571655304694,764000,2022-05-17
88.44707489013672,88.44707489013672,90.92494218394539,87.91012321389637,90.38306703501783,966400,2022-05-18
90.25743865966797,90.25743865966797,91.31656397861634,88.17120186638238,88.17120186638238,834800,2022-05-19
90.23526763916016,90.23526763916016,91.74514240922812,88.28449783036857,91.74514240922812,790000,2022-05-20
89.78207397460938,89.78207397460938,91.37076212490106,88.17367689976935,91.37076212490106,1079200,2022-05-23
87.97415924072266,87.97415924072266,89.44215828216088,87.40517872672774,89.44215828216088,903200,2022-05-24
86.90023803710938,86.90023803710938,88.55296856829682,86.09726865813347,87.52586471633448,1059600,2022-05-25
89.98157501220703,89.98157501220703,90.28699566273767,87.03571496429262,87.73523890059116,690400,2022-05-26
95.21318817138672,95.21318817138672,95.21565366627503,90.79687045270715,90.92249042396747,1013600,2022-05-27
91.06779479980469,91.06779479980469,94.61956502580173,90.2968467189877,94.12202374019121,1615200,2022-05-31
88.65890502929688,88.65890502929688,92.32890669343269,87.64410589307444,90.96435307546194,721200,2022-06-01
92.12200927734375,92.12200927734375,92.44713136619754,87.07513397315803,89.18107992529777,742000,2022-06-02
89.43477630615234,89.43477630615234,91.0875071646311,89.04314599930429,90.80178789640973,791200,2022-06-03
89.50865936279297,89.50865936279297,91.41755347867797,89.03820842706143,91.02592320078402,599600,2022-06-06
90.14906311035156,90.14906311035156,90.54315887866517,88.73278684563975,88.75741924055028,863200,2022-06-07
89.76728057861328,89.76728057861328,90.71556381929908,88.96677666282588,89.93476882466547,539200,2022-06-08
87.54803466796875,87.54803466796875,89.68352858867394,87.44951261283748,89.22293215545325,762000,2022-06-09
82.40264892578125,82.40264892578125,86.12930421227102,82.37555855171915,86.12930421227102,968800,2022-06-10
80.04547119140625,80.04547119140625,80.73020965124252,79.07254800341077,79.78684232936567,1230400,2022-06-13
79.84841918945312,79.84841918945312,80.53808863497716,78.34347538472883,79.92477434882613,1022800,2022-06-14
81.44451141357422,81.44451141357422,82.2056051026265,79.79178060369212,80.84598251976884,1194800,2022-06-15
79.47650909423828,79.47650909423828,80.11937182054409,78.6587616082132,79.77946428016304,1686400,2022-06-16
80.57997131347656,80.57997131347656,82.09476984932361,79.7499113564666,79.79917615306026,2337600,2022-06-17
81.1095199584961,81.1095199584961,82.07258868557129,80.9494206725133,81.56026946707607,1425200,2022-06-21
81.20806121826172,81.20806121826172,81.98146738775581,79.92725171262198,80.50361373513415,1284400,2022-06-22
85.05046081542969,85.05046081542969,85.089871141742,81.4568148388853,81.91741128273678,1021600,2022-06-23
86.88794708251953,86.88794708251953,86.89779402839817,85.21058374449176,85.88546785805431,1365200,2022-06-24
87.0307846069336,87.0307846069336,87.44951273777845,85.3287892297245,86.75491984547152,946000,2022-06-27
85.22535705566406,85.22535705566406,87.75741260830782,85.16377982187726,86.96429753646355,716800,2022-06-28
85.83865356445312,85.83865356445312,86.0824969755312,84.12680366457343,85.04307309367896,891200,2022-06-29
85.38053894042969,85.38053894042969,86.59976374579269,82.91744941433956,84.82880177519367,891200,2022-06-30
86.99138641357422,86.99138641357422,86.99138641357422,84.26228676649994,85.37806592283678,793200,2022-07-01
89.23772430419922,89.23772430419922,89.51359662596691,85.74506540364187,86.26970463881523,963600,2022-07-05
89.35594940185547,89.35594940185547,90.24019751972526,88.63918954501217,89.9864996336331,840000,2022-07-06
90.7007827758789,90.7007827758789,90.92246678912502,89.05790669751528,89.05790669751528,648000,2022-07-07
91.1170654296875,91.1170654296875,91.69096947594215,90.05547448728352,90.28700549491595,710800,2022-07-08
89.41999053955078,89.41999053955078,90.50128276688294,88.98156097184807,89.97664357564426,604800,2022-07-11
86.89778900146484,86.89778900146484,90.25991196756344,86.38300423086437,89.53576309948856,686400,2022-07-12
85.94950103759766,85.94950103759766,86.80419329461452,84.61203788309022,85.12436464843701,515200,2022-07-13
84.08740234375,84.08740234375,85.70072269660565,81.0775071646407,85.70072269660565,885600,2022-07-14
84.81649017333984,84.81649017333984,85.15146674416067,81.0504241460002,84.67855775985447,1381600,2022-07-15
82.81891632080078,82.81891632080078,86.01847459140261,82.66128250650243,85.21058156164857,769600,2022-07-18
86.26724243164062,86.26724243164062,86.41010582902298,83.46671093161228,84.21302673377485,692400,2022-07-19
87.82637023925781,87.82637023925781,88.8707176170126,86.56280432257256,87.01601181700863,651200,2022-07-20
91.16138458251953,91.16138458251953,91.76484440224012,88.6465727847873,88.6465727847873,1156000,2022-07-21
89.47171783447266,89.47171783447266,92.15156016595974,88.66382485366422,91.26731201903465,565600,2022-07-22
88.94215393066406,88.94215393066406,89.5653152075102,88.18844922481068,89.17614289833644,408400,2022-07-25
91.28947448730469,91.28947448730469,91.55302683071623,88.2327799461876,89.13673697277846,1164000,2022-07-26
92.2279052734375,92.2279052734375,92.81165616474533,90.65891878046213,91.2943924361672,892400,2022-07-27
93.78459167480469,93.78459167480469,94.63681847775217,91.4003154921492,92.75009115016167,677200,2022-07-28
94.89789581298828,94.89789581298828,95.09493993276959,93.15156655655306,93.35599964290738,550400,2022-07-29
94.4003677368164,94.4003677368164,95.62205798729981,93.27719956001268,93.98410502252375,699200,2022-08-01
95.32402038574219,95.32402038574219,96.48905680146783,93.6688240931645,93.6688240931645,938800,2022-08-02
96.51615142822266,96.51615142822266,97.86838498837838,95.68609157374631,96.66147278844463,1116800,2022-08-03
96.28215789794922,96.28215789794922,96.54078678091253,92.73038738600324,95.65899661436427,1795600,2022-08-04
94.32893371582031,94.32893371582031,95.03830465564883,91.80426711659507,94.56046471747968,710000,2022-08-05
92.4028091430664,92.4028091430664,94.98905334348592,92.23778634156433,94.42500369413207,647200,2022-08-08
88.94707489013672,88.94707489013672,92.45944245135559,88.00371504554828,92.45944245135559,1206800,2022-08-09
93.58507537841797,93.58507537841797,93.70576434155896,89.38796935685936,91.00867871222297,783200,2022-08-10
92.22544860839844,92.22544860839844,95.04568879487162,92.19342724559846,93.95700004343145,494000,2022-08-11
93.59115600585938,93.59115600585938,93.80069915117483,92.15148257738515,92.15148257738515,512800,2022-08-12
93.2041244506836,93.2041244506836,94.9001804549503,92.78751325966375,93.67744537964352,482800,2022-08-15
91.22703552246094,91.22703552246094,92.01590119075551,90.37900756215747,92.01590119075551,834000,2022-08-16
89.4299087524414,89.4299087524414,91.39960538782199,89.04287871463961,90.21384676447487,841600,2022-08-17
89.1045150756836,89.1045150756836,89.46935927968356,87.88916769397,89.42991523973032,698000,2022-08-18
87.4725570678711,87.4725570678711,88.99358649630445,86.9992435909004,88.82595495334324,489600,2022-08-19
85.20950317382812,85.20950317382812,86.82421116132002,84.90135365596879,86.26707442561222,434800,2022-08-22
84.34174346923828,84.34174346923828,85.00488172839921,83.74270270704886,84.8618961617982,698800,2022-08-23
85.53736877441406,85.53736877441406,85.9268664106218,84.18151104957869,84.58087157573037,921200,2022-08-24
88.40193176269531,88.40193176269531,88.59914443721098,85.97124454795151,86.95486288660842,695600,2022-08-25
83.50604248046875,83.50604248046875,88.3205697129312,83.50604248046875,88.28359327952289,598800,2022-08-26
82.18717956542969,82.18717956542969,83.30637322139408,81.6867375155342,82.31043937519348,662000,2022-08-29
82.18470001220703,82.18470001220703,82.90700058683714,81.77547660051029,82.87249175717535,991600,2022-08-30
81.79766082763672,81.79766082763672,83.71065516625863,81.79766082763672,83.05983986719656,781200,2022-08-31
82.05158233642578,82.05158233642578,82.07130811730511,79.6899278908521,80.94717182579825,692400,2022-09-01
81.3588638305664,81.3588638305664,83.10668690346048,81.08029547699653,82.68514049113519,597200,2022-09-02
81.11482238769531,81.11482238769531,81.79275138044181,80.41223992693976,81.19863816038028,901600,2022-09-06
82.36959075927734,82.36959075927734,82.48545526602601,78.54853716303843,80.00300122084161,1435600,2022-09-07
84.47733306884766,84.47733306884766,84.49212364270365,80.95210586712415,81.5831954289165,961600,2022-09-08
85.48807525634766,85.48807525634766,85.93674277941014,84.44036685010042,84.62772417251813,760800,2022-09-09
85.0024185180664,85.0024185180664,86.20050762754164,84.6252438494351,85.38698847340888,706000,2022-09-12
79.83783721923828,79.83783721923828,83.09682676174347,79.72937551225249,82.46080947865504,898800,2022-09-13
78.8049087524414,78.8049087524414,79.83535867756484,77.7128214159393,79.6874454412514,1224800,2022-09-14
77.99141693115234,77.99141693115234,80.23474714909045,77.75722778817861,78.9627049099749,780000,2022-09-15
75.82696533203125,75.82696533203125,77.38989874417751,74.31333885076411,77.38989874417751,1859600,2022-09-16
74.93702697753906,74.93702697753906,75.58290709360541,73.83508411959066,75.58290709360541,1318800,2022-09-19
73.97806549072266,73.97806549072266,74.67572016821012,72.91063893826822,73.93862145213846,896400,2022-09-20
73.03142547607422,73.03142547607422,75.58043702703975,72.81695464547363,74.78664367958778,1409200,2022-09-21
71.54492950439453,71.54492950439453,73.35931042547541,70.97300213976509,72.9451592399916,960400,2022-09-22
71.75199127197266,71.75199127197266,71.83334694966348,69.86611791288733,71.46849524807553,986800,2022-09-23
71.51041412353516,71.51041412353516,72.84162620296831,71.11844879727802,71.79145012529446,958000,2022-09-26
69.65164184570312,69.65164184570312,72.57782795601868,69.37554112930184,72.20558099559535,1612000,2022-09-27
71.4043960571289,71.4043960571289,71.99111387121931,70.00416662447087,70.73140240711517,1342000,2022-09-28
70.41339111328125,70.41339111328125,70.94093911946582,69.60233956239581,70.6993547380988,883600,2022-09-29
70.01155853271484,70.01155853271484,72.3436315801662,69.89076634970638,70.78563360085803,884400,2022-09-30
72.24750518798828,72.24750518798828,72.94761999000768,69.64671874251151,70.51447259991822,801600,2022-10-03
76.06608581542969,76.06608581542969,76.12524811095494,73.45051651727675,73.45051651727675,1315200,2022-10-04
76.0636215209961,76.0636215209961,77.01272350996726,74.31579841496371,74.74967532950627,5827600,2022-10-05
76.19427490234375,76.19427490234375,76.80564622065114,75.51634600016796,75.99706223098326,916800,2022-10-06
72.96981048583984,72.96981048583984,75.14657550871395,72.23271919949912,74.94443512971614,971200,2022-10-07
70.13235473632812,70.13235473632812,73.14975959000607,70.10770879622962,73.14975959000607,1339600,2022-10-10
69.51359558105469,69.51359558105469,70.72646773141035,68.22429543769908,70.15947569278126,1421600,2022-10-11
69.73301696777344,69.73301696777344,70.42573662986288,69.3016075507264,69.96967374149081,636800,2022-10-12
71.23184967041016,71.23184967041016,71.81856006681718,67.05580656141018,67.8200113912796,1018000,2022-10-13
69.73052978515625,69.73052978515625,72.26229086803933,69.59987469931961,71.86046272013202,815600,2022-10-14
73.00923919677734,73.00923919677734,74.26895063049916,70.10770646914065,70.42325122837117,1030000,2022-10-17
74.60175323486328,74.60175323486328,76.73168599260698,73.96326843281412,75.18107574581305,986000,2022-10-18
71.49560546875,71.49560546875,73.79070214338944,70.86451594946327,73.15715254407974,1072800,2022-10-19
69.55057525634766,69.55057525634766,72.21791910724323,69.50126832756817,71.26881715209605,1006800,2022-10-20
69.8365249633789,69.8365249633789,70.14960208146036,68.13554158428249,69.74531393419184,1274400,2022-10-21
69.95733642578125,69.95733642578125,70.67224180854873,69.18080113892722,70.1299031664962,1094000,2022-10-24
73.11771392822266,73.11771392822266,73.52200215499076,70.39860307597337,70.39860307597337,924000,2022-10-25
74.42180633544922,74.42180633544922,76.32986564947365,73.12264321673706,73.15715957217954,1493600,2022-10-26
72.91310119628906,72.91310119628906,74.97893669935513,72.78491370944751,74.83595863800038,848800,2022-10-27
72.84654235839844,72.84654235839844,73.18674061271518,71.34031120197952,72.85393764552788,806000,2022-10-28
73.0339126586914,73.0339126586914,73.36917576579012,71.9689459834675,72.79232069750613,1587200,2022-10-31
76.24605560302734,76.24605560302734,77.33074042961657,68.62860082701131,70.42819104909013,2727200,2022-11-01
73.45051574707031,73.45051574707031,77.72762466727634,73.33465123742764,75.74067734945754,2304400,2022-11-02
75.23778533935547,75.23778533935547,75.89352085853014,69.78723304159307,72.30419606482104,1822400,2022-11-03
74.83595275878906,74.83595275878906,76.16222933927551,73.0067741148183,75.82449118594026,1261200,2022-11-04
77.59943389892578,77.59943389892578,77.88786512072646,73.86713133094356,74.90497666705221,4941600,2022-11-07
76.5172348022461,76.5172348022461,78.7852109802349,76.04638138625491,78.02346619410748,1072000,2022-11-08
77.1754150390625,77.1754150390625,77.33319117306058,75.80476684846978,76.19919966028483,1378400,2022-11-09
83.18431854248047,83.18431854248047,83.29289875442102,80.47229843400287,80.56853553543083,1662400,2022-11-10
86.36273193359375,86.36273193359375,89.46218531090013,83.07819969603001,83.11521396190587,2114000,2022-11-11
85.1683578491211,85.1683578491211,86.66626457592506,84.46505666909528,85.36577228907865,902000,2022-11-14
86.93524932861328,86.93524932861328,88.23820427822666,86.05427209591281,86.53548017249805,1162000,2022-11-15
85.99505615234375,85.99505615234375,86.9229131782095,84.89444828994814,86.9229131782095,980400,2022-11-16
81.84681701660156,81.84681701660156,84.78833304334707,81.06454699382039,84.78833304334707,1446800,2022-11-17
81.09170532226562,81.09170532226562,82.95730769684079,80.99053547683076,82.85859291837122,947200,2022-11-18
81.94304656982422,81.94304656982422,82.29346585336975,79.84055346118498,80.63268886209485,877200,2022-11-21
82.04422760009766,82.04422760009766,82.52049540704847,81.20766751238183,82.38477391789779,803600,2022-11-22
82.99430084228516,82.99430084228516,83.40394296981873,81.62471271397119,82.35022247189617,602800,2022-11-23
83.64826202392578,83.64826202392578,84.66743106352659,82.60441429086907,82.72039737231982,456800,2022-11-25
81.53341674804688,81.53341674804688,83.92463654810624,81.15092339752309,83.38420560066997,1028000,2022-11-28
80.71167755126953,80.71167755126953,81.92332834002218,80.16630629482952,81.23976543847081,812800,2022-11-29
83.8925552368164,83.8925552368164,84.28739169931869,80.13175468768829,80.684521216664,1992900,2022-11-30
85.29421997070312,85.29421997070312,85.57060321871528,83.03378907677701,84.01100342678532,836700,2022-12-01
83.596435546875,83.596435546875,85.27448113923326,82.57973671484434,83.31017929295425,501000,2022-12-02
81.53341674804688,81.53341674804688,82.10592924053594,79.58885338861688,82.10592924053594,721300,2022-12-05
79.62834167480469,79.62834167480469,81.73084273377816,78.4142283455108,81.17806864848062,683000,2022-12-06
79.62834167480469,79.62834167480469,80.95104275543584,79.2631241431554,79.8652480817377,530200,2022-12-07
80.89179992675781,80.89179992675781,81.42482796392409,78.83866409911677,79.62832940793923,921000,2022-12-08
79.68756103515625,79.68756103515625,81.25702622718825,78.66098933954656,80.22058154993351,581100,2022-12-09
81.90852355957031,81.90852355957031,82.58960880938093,80.77337143537937,81.48407563594691,947500,2022-12-12
85.85685729980469,85.85685729980469,87.34735371154767,84.50454497773052,85.86672275064485,998200,2022-12-13
85.68904876708984,85.68904876708984,87.04136112124787,84.45518960373063,85.85685933677449,860400,2022-12-14
83.10289764404297,83.10289764404297,84.87965059577864,82.67844972491147,84.1097235636052,742200,2022-12-15
81.3162612915039,81.3162612915039,83.21147491598029,80.35879279245438,82.51063620041272,2934300,2022-12-16
79.74679565429688,79.74679565429688,81.63212875982174,79.29273633290931,80.76349451858636,563000,2022-12-19
79.98368835449219,79.98368835449219,80.56607381861868,78.48331886627297,79.66782069745241,556200,2022-12-20
82.09605407714844,82.09605407714844,82.60934372259948,80.14162531798966,80.54632722028863,559100,2022-12-21
81.87889099121094,81.87889099121094,81.9578597850026,79.85536648373088,80.80296941659469,434500,2022-12-22
81.6617431640625,81.6617431640625,82.0467066440494,80.8523318047466,81.32612953509393,398400,2022-12-23
81.14845275878906,81.14845275878906,82.30334318815122,80.39826423993132,81.66174241464718,489600,2022-12-27
79.6480712890625,79.6480712890625,82.944939034465,79.60858689601315,81.3359895548131,479100,2022-12-28
83.37928771972656,83.37928771972656,83.8629585173455,78.58204155715362,80.52660526279448,748100,2022-12-29
81.80979919433594,81.80979919433594,82.62908352565528,80.12188068131454,82.62908352565528,657400,2022-12-30
81.46431732177734,81.46431732177734,83.4286190283278,80.69439039814846,82.77714529713366,781900,2023-01-03
83.30030059814453,83.30030059814453,84.05048909039608,82.01708403488888,82.67843828074582,622700,2023-01-04
81.22742462158203,81.22742462158203,82.49089531309147,80.55620487535772,82.49089531309147,771100,2023-01-05
81.4544448852539,81.4544448852539,82.74753443597136,79.15453708105218,81.35573765633656,1243100,2023-01-06
82.85613250732422,82.85613250732422,83.5273523518792,81.75059172485706,82.29349289724729,713000,2023-01-09
85.42255401611328,85.42255401611328,85.61010305288832,83.49772885315268,83.70502385741986,887600,2023-01-10
85.50151062011719,85.50151062011719,87.7027112358551,85.27447721164391,86.06415011925296,545400,2023-01-11
81.10895538330078,81.10895538330078,85.19549588792006,79.9540651387079,85.19549588792006,2441500,2023-01-12
79.8060073852539,79.8060073852539,81.14844672727081,79.19401807375225,80.16135941878065,2219900,2023-01-13
79.8060073852539,79.8060073852539,81.85915079432428,79.44078990087479,80.01329481633142,1301200,2023-01-17
78.95712280273438,78.95712280273438,81.07936232065511,78.74983534250205,80.00344061789505,1185000,2023-01-18
79.74679565429688,79.74679565429688,80.26995079565907,77.68377897640343,78.6116435853882,884200,2023-01-19
80.40812683105469,80.40812683105469,80.6647716258169,79.0952989754334,79.45065098944936,675500,2023-01-20
81.22742462158203,81.22742462158203,81.7308413139701,80.45749763962343,80.52659345772537,645300,2023-01-23
79.11504364013672,79.11504364013672,80.51670571083237,78.64123845226094,80.47722131760288,711500,2023-01-24
78.79918670654297,78.79918670654297,78.80905215802913,76.86449636131573,77.98977536281649,827200,2023-01-25
79.28286743164062,79.28286743164062,79.99357163418688,78.32539135492581,79.55925072576862,800600,2023-01-26
80.14163208007812,80.14163208007812,80.95104348385047,78.29577584656627,78.91763822588224,864900,2023-01-27
77.66403198242188,77.66403198242188,79.89485147286103,77.53571333971826,79.7171754509521,853600,2023-01-30
78.63139343261719,78.63139343261719,78.79919649928365,77.0915318200828,77.71340176142782,1643700,2023-01-31
80.23045349121094,80.23045349121094,80.8128389066615,78.0489914904073,78.87814872763491,1526300,2023-02-01
79.8060073852539,79.8060073852539,85.02770015087229,78.90776185058469,79.68756172799733,2284800,2023-02-02
78.1378402709961,78.1378402709961,79.04595884917987,76.65720920752639,78.27603190111627,1251900,2023-02-03
74.59419250488281,74.59419250488281,77.77261505209816,74.50535825610079,77.37777859657146,1184700,2023-02-06
77.4271469116211,77.4271469116211,77.91081768423236,73.8045300162835,74.16975510712551,900400,2023-02-07
76.00572204589844,76.00572204589844,77.55544880456019,75.8379190124287,76.92371353548013,634700,2023-02-08
74.88045501708984,74.88045501708984,77.68377977739969,74.49549151170757,76.44992045735917,1233900,2023-02-09
75.3843765258789,75.3843765258789,75.81915578026641,73.86265667435006,74.39624733959998,1138100,2023-02-10
76.17489624023438,76.17489624023438,76.81718189520831,75.25594308227457,75.68083151161282,1318200,2023-02-13
76.08596801757812,76.08596801757812,76.74801294295746,74.38638414915458,74.38638414915458,1520800,2023-02-14
75.88833618164062,75.88833618164062,76.39227671611525,75.05830361744545,75.79940062102074,604600,2023-02-15
75.3349838256836,75.3349838256836,76.28358715107517,74.38638050029202,74.57412749991494,815000,2023-02-16
75.05831909179688,75.05831909179688,75.34487756358357,74.11959904260232,74.91009815275822,822500,2023-02-17
72.7856216430664,72.7856216430664,74.89033473674495,72.73621215317637,73.89232184383798,810900,2023-02-21
73.35872650146484,73.35872650146484,73.37849331173625,71.96546793050041,73.24015579515338,1051200,2023-02-22
73.38838195800781,73.38838195800781,74.41603764503044,72.24215554402564,73.62553848958804,1213400,2023-02-23
71.61961364746094,71.61961364746094,72.51880737352641,71.28364577152627,72.34094380128526,677800,2023-02-24
71.8172378540039,71.8172378540039,73.06228288336906,71.54056285610683,72.28165983140042,919700,2023-02-27
71.77772521972656,71.77772521972656,72.19273779429497,71.15520635787396,71.2935438827301,949600,2023-02-28
74.0207748413086,74.0207748413086,74.90020937888012,71.42198976928655,71.42198976928655,2022100,2023-03-01
76.67884826660156,76.67884826660156,77.19267983219514,71.84689557851392,71.84689557851392,1472200,2023-03-02
77.31122589111328,77.31122589111328,78.1709010023525,76.38238957679681,76.82704469778031,852500,2023-03-03
75.99703979492188,75.99703979492188,77.35077231972008,75.70059794370053,77.16302531135794,702100,2023-03-06
73.93183135986328,73.93183135986328,76.01678471364566,73.82313653752747,76.01678471364566,630400,2023-03-07
73.65518188476562,73.65518188476562,75.03856484372773,73.30933802973276,74.13936328181164,1192800,2023-03-08
73.18087005615234,73.18087005615234,75.740129440746,73.14134397057535,74.08995494676348,822100,2023-03-09
71.11566925048828,71.11566925048828,73.12157058880649,70.12753991820712,72.99311648958822,897100,2023-03-10
70.96744537353516,70.96744537353516,72.41999663742492,68.98130338788008,70.8982766247227,987000,2023-03-13
72.40023803710938,72.40023803710938,73.20062797990317,71.43187544396201,72.0642776587441,971500,2023-03-14
71.90617370605469,71.90617370605469,71.9753424630644,70.05837653786875,71.25401221693879,805000,2023-03-15
72.61764526367188,72.61764526367188,72.69669744433382,71.10580811795866,71.66904171222104,621200,2023-03-16
71.4516372680664,71.4516372680664,72.68679906588987,71.23424758543679,72.6571563889548,1278100,2023-03-17
71.69867706298828,71.69867706298828,72.81526826886515,71.14532693260476,71.64927510924981,700100,2023-03-20
72.97335815429688,72.97335815429688,73.16110516165514,71.79748923875293,72.18285911998247,603700,2023-03-21
71.58997344970703,71.58997344970703,73.60575837077906,71.51092882563242,72.9140707924437,616700,2023-03-22
71.06626892089844,71.06626892089844,72.42989239991645,70.4733927529395,71.83700869312801,718600,2023-03-23
71.67890930175781,71.67890930175781,72.00499382090646,69.49514417998242,70.74018182592039,825400,2023-03-24
72.53858947753906,72.53858947753906,73.0227708167534,71.82713503854592,72.26190688772972,636300,2023-03-27
70.76982879638672,70.76982879638672,72.55834055890087,70.57219839740549,72.28166553915602,504800,2023-03-28
71.20459747314453,71.20459747314453,71.9259352048345,70.81922763557121,71.54056536726118,518600,2023-03-29
71.5702133178711,71.5702133178711,72.1532060499114,71.12555809983456,71.91605710288053,487900,2023-03-30
73.30933380126953,73.30933380126953,73.41802865498617,71.97535287635257,72.08404773006922,596700,2023-03-31
72.88442993164062,72.88442993164062,72.90418920344419,71.30342432832693,72.84490384920412,790700,2023-04-03
72.92395782470703,72.92395782470703,73.99113192167229,72.59787329063147,73.06229534725493,833600,2023-04-04
73.16110229492188,73.16110229492188,73.67492627015118,71.7184342634687,72.86466045690133,1054600,2023-04-05
74.75199127197266,74.75199127197266,74.91008805716517,73.22038767303691,73.49706270124564,1047000,2023-04-06
74.2974624633789,74.2974624633789,74.91009795281931,73.06230053940375,74.59389680183489,653400,2023-04-10
76.87646484375,76.87646484375,77.29147735278401,74.10969970586626,74.56423829273615,1293100,2023-04-11
80.2558822631836,80.2558822631836,80.27564153685358,77.52864262809005,77.89425327104055,3711800,2023-04-12
82.55821228027344,82.55821228027344,82.59773082109615,80.25586902766489,81.05625140882961,1192500,2023-04-13
84.22816467285156,84.22816467285156,84.34674293837968,82.3013149757106,82.45941179091754,2043600,2023-04-14
84.21826934814453,84.21826934814453,84.81114546115356,83.32895140921657,84.51470363523465,1560600,2023-04-17
83.3289566040039,83.3289566040039,84.56411839095227,82.73608045403454,84.4356567402589,1271700,2023-04-18
83.97124481201172,83.97124481201172,84.20839377149463,82.94358926914643,83.05228411283225,901800,2023-04-19
81.06615447998047,81.06615447998047,83.0325303020051,80.44363553681114,83.0325303020051,1922800,2023-04-20
82.47916412353516,82.47916412353516,82.67678699255438,81.38233986117126,81.38233986117126,1047400,2023-04-21
83.1016845703125,83.1016845703125,83.23014622263237,82.38035429934591,82.52856768459291,1018900,2023-04-24
77.79544830322266,77.79544830322266,82.11356991796733,77.32114276851557,82.11356991796733,2031300,2023-04-25
77.47921752929688,77.47921752929688,78.52663211400625,76.49108828671737,76.97526950470953,1390400,2023-04-26
76.77764892578125,76.77764892578125,77.70649294470368,75.77964369143778,77.48910327739598,813600,2023-04-27
78.9317855834961,78.9317855834961,79.33692231683118,76.62944946607266,76.76778699969192,817700,2023-04-28
78.28949737548828,78.28949737548828,80.16693724510606,78.05234088639259,79.08987979440595,1170100,2023-05-01
79.24797821044922,79.24797821044922,79.6531149001927,76.77765460614808,78.26973217401819,1578000,2023-05-02
84.9593734741211,84.9593734741211,86.1648850711576,80.33492734406211,80.63136165592509,2477100,2023-05-03
83.03253173828125,83.03253173828125,84.92973882166004,82.10368747213857,84.81116809071813,1571200,2023-05-04
82.14320373535156,82.14320373535156,84.07006080978861,81.33293783591293,83.73409285503948,899400,2023-05-05
81.29340362548828,81.29340362548828,82.13331965899705,80.09776793843132,82.13331965899705,716800,2023-05-08
80.1175308227539,80.1175308227539,81.11553605468335,79.22821288538663,80.43373191839241,785200,2023-05-09
80.23609924316406,80.23609924316406,81.36256608556162,79.55429512623621,80.9277943031741,790100,2023-05-10
80.95744323730469,80.95744323730469,81.12542342846265,77.75590604496881,79.85073557900736,1126900,2023-05-11
80.41344451904297,80.41344451904297,80.83875576609681,79.02870969983063,80.83875576609681,777900,2023-05-12
80.19583892822266,80.19583892822266,80.60136402760932,79.3452164705464,80.41344107500458,797900,2023-05-15
81.04647064208984,81.04647064208984,81.42232413642232,78.89024260365993,79.78042987570865,930800,2023-05-16
81.1453628540039,81.1453628540039,81.9267488880127,80.17604633634078,81.62012427580878,997700,2023-05-17
82.3619613647461,82.3619613647461,82.51032716728176,80.71017404380444,81.14537838558957,889100,2023-05-18
82.96530151367188,82.96530151367188,83.75658068122384,82.54988334649593,82.76748549488259,757300,2023-05-19
83.29170227050781,83.29170227050781,84.83468830073885,82.6290103263647,82.91584882745587,647400,2023-05-22
82.3026123046875,82.3026123046875,84.39949688654747,82.0850101490174,83.29170752413505,1226100,2023-05-23
80.83876037597656,80.83876037597656,81.46188768436738,79.42435382685618,81.01679782783081,980700,2023-05-24
81.41243743896484,81.41243743896484,82.21360981957862,80.54203623054116,80.96734754122292,853100,2023-05-25
82.5894546508789,82.5894546508789,83.00487285120899,81.4717797177438,81.63003103616563,700400,2023-05-26
82.27295684814453,82.27295684814453,83.8654010685697,81.96633968455183,82.8861987215291,702400,2023-05-30
80.89810180664062,80.89810180664062,81.76850291435177,78.64296583278151,81.67948796358267,1090700,2023-05-31
80.7991943359375,80.7991943359375,81.20471946917581,80.28486057402795,81.016796500884,786000,2023-06-01
82.09490203857422,82.09490203857422,82.91585287004737,81.24427955833416,81.76849880974308,672600,2023-06-02
81.76850891113281,81.76850891113281,82.10480524649695,80.86843608715529,81.66960088762517,560100,2023-06-05
81.72894287109375,81.72894287109375,82.68836653062264,81.03657917153598,82.22349052683455,578400,2023-06-06
81.35308074951172,81.35308074951172,82.09490215452246,81.0365705852217,81.87730000166103,849800,2023-06-07
78.42535400390625,78.42535400390625,81.066236198023,77.34723638487542,81.03656455142347,768500,2023-06-08
77.57473754882812,77.57473754882812,78.53416110901294,77.04062523038922,78.33633753948136,613100,2023-06-09
77.80224609375,77.80224609375,78.43526653228405,77.27801920434628,77.35714864571275,801500,2023-06-12
75.89327239990234,75.89327239990234,78.08905724259903,75.7943568502645,77.85167652510151,1772000,2023-06-13
74.0535659790039,74.0535659790039,76.28891586793925,73.32163004201274,76.1405576136014,1658700,2023-06-14
75.77458953857422,75.77458953857422,75.79436812372543,73.8359637072382,73.98432950756555,1261900,2023-06-15
77.63407897949219,77.63407897949219,78.18797741466179,75.99218489595425,76.57574743309321,2739000,2023-06-16
76.58563995361328,76.58563995361328,77.41647628116712,74.67668595774617,76.07131378125099,1304500,2023-06-20
75.81414794921875,75.81414794921875,76.18010834056291,74.78548804435897,76.1207650438471,801000,2023-06-21
75.67567443847656,75.67567443847656,76.23945839000154,75.39872899508849,76.1900006124548,682900,2023-06-22
75.78448486328125,75.78448486328125,76.40761218779302,75.15146447279993,75.28004414561077,1168200,2023-06-23
75.95262145996094,75.95262145996094,76.51640542319987,74.39974229481528,75.61632516728994,467800,2023-06-26
74.76570129394531,74.76570129394531,76.19989383764964,74.46897726663218,76.07131418043369,807000,2023-06-27
75.26026153564453,75.26026153564453,75.59655787856202,73.85574795017413,74.76571386080013,616400,2023-06-28
78.48470306396484,78.48470306396484,78.56383249150917,74.5975586036709,74.9239618326431,799400,2023-06-29
80.73983001708984,80.73983001708984,81.19481285597244,79.01880666197796,79.07814995298973,1200300,2023-06-30
80.25519561767578,80.25519561767578,80.64094219818416,79.66173992044739,80.26508868405253,817500,2023-07-03
79.95845031738281,79.95845031738281,80.66071453222109,79.1473925758062,79.99801502992281,691900,2023-07-05
80.26507568359375,80.26507568359375,80.49256335002268,78.23742753809783,79.22652272200855,745000,2023-07-06
79.91889190673828,79.91889190673828,80.68049185923279,79.05837640133518,80.31452393358379,626000,2023-07-07
81.9366455078125,81.9366455078125,82.35207124092611,80.15627861551694,80.36398770897488,590200,2023-07-10
82.88618469238281,82.88618469238281,83.39061783494004,81.85752473026557,81.93664661489161,507400,2023-07-11
83.68733978271484,83.68733978271484,84.29068841736678,83.28180715612712,83.69723284697716,713100,2023-07-12
83.51921844482422,83.51921844482422,84.38961968492437,83.21259373774195,84.03354473529271,457800,2023-07-13
83.30160522460938,83.30160522460938,84.00386196395073,82.71803508863958,83.67745871228277,751700,2023-07-14
81.89708709716797,81.89708709716797,83.27192884696706,80.63103887888462,83.12356305497627,960100,2023-07-17
81.40254211425781,81.40254211425781,82.47075924942008,80.52224794522894,82.17403520206308,712700,2023-07-18
82.96530151367188,82.96530151367188,83.19279672685722,81.35307907656673,81.35307907656673,675600,2023-07-19
85.97216033935547,85.97216033935547,86.0315111878552,82.43119740886402,83.28181995744461,1082800,2023-07-20
88.44488525390625,88.44488525390625,88.92954730382934,84.48850470973298,86.0512768357687,1613800,2023-07-21
86.95136260986328,86.95136260986328,88.8504235818081,86.46670052884807,88.2371818414895,810700,2023-07-24
85.260009765625,85.260009765625,88.17784535730101,84.81491990994128,86.05128900483838,1234500,2023-07-25
84.0533218383789,84.0533218383789,84.56764807358694,82.47076332285025,84.24124481379428,1160400,2023-07-26
82.76749420166016,82.76749420166016,85.01273719051763,82.65869311602142,84.55775426248213,594600,2023-07-27
82.87629699707031,82.87629699707031,83.8950639597976,81.24428822501862,83.85549924182199,774000,2023-07-28
82.49055480957031,82.49055480957031,83.00488107816578,82.2037162486656,82.71804251726107,826200,2023-07-31
81.20471954345703,81.20471954345703,82.9554223839841,81.1849409585338,82.24327258757972,965100,2023-08-01
81.12557983398438,81.12557983398438,81.67947824223832,79.20674039920274,80.96732853605255,1280200,2023-08-02
80.1266098022461,80.1266098022461,82.63891268940755,79.35511670032211,82.63891268940755,554300,2023-08-03
81.27394104003906,81.27394104003906,81.3530704576504,79.89909948037754,79.94855725293378,872700,2023-08-04
80.40355682373047,80.40355682373047,81.53112484774691,80.01781026531421,80.90799753327408,935300,2023-08-07
83.38072204589844,83.38072204589844,84.91381496174493,81.25416601816615,82.45097021372783,1511600,2023-08-08
82.09490203857422,82.09490203857422,83.57854484650026,82.06523038980731,83.28181326643603,956400,2023-08-09
82.09490203857422,82.09490203857422,83.58843791148841,81.49155335965516,82.72792236626019,508500,2023-08-10
83.46974182128906,83.46974182128906,84.11265519895181,81.50144452166691,81.63002417872052,424900,2023-08-11
83.8851547241211,83.8851547241211,84.07308521173033,82.15423826387959,82.77737301913255,617300,2023-08-14
83.68733978271484,83.68733978271484,84.35992477480895,83.41039435294616,83.68733978271484,420500,2023-08-15
81.24427795410156,81.24427795410156,83.28181162197073,81.22449937071335,83.28181162197073,562300,2023-08-16
79.44236755371094,79.44236755371094,81.848212301204,79.13545154366356,81.01656599518373,629100,2023-08-17
77.46226501464844,77.46226501464844,79.58099206447234,76.71972027605906,78.79884403339818,1262900,2023-08-18
77.89788818359375,77.89788818359375,78.26421294807108,77.05633904993222,77.77907831452012,523400,2023-08-21
77.46226501464844,77.46226501464844,78.17510917226315,76.79892686102862,77.6800793465369,566000,2023-08-22
77.89788818359375,77.89788818359375,78.37312010633312,77.33355452421553,77.72957986757248,376500,2023-08-23
78.00679779052734,78.00679779052734,78.7988409485487,77.66027843679579,77.75928288735403,427500,2023-08-24
79.36317443847656,79.36317443847656,79.99681192451371,78.00679018210238,78.00679018210238,1020300,2023-08-25
77.48206329345703,77.48206329345703,78.73943561130156,76.44249773386247,78.21470525298325,1252500,2023-08-28
79.48196411132812,79.48196411132812,79.49186681991053,77.4919426852595,77.8582673672737,890600,2023-08-29
79.44236755371094,79.44236755371094,80.26411870386484,78.85823610832348,79.71958298905102,697200,2023-08-30
77.62066650390625,77.62066650390625,79.69978994837021,77.57116050736121,79.69978994837021,814000,2023-08-31
77.97708129882812,77.97708129882812,79.17505227930413,77.64045717135464,77.9968791634777,511000,2023-09-01
76.49199676513672,76.49199676513672,78.05628498699335,76.42269290438075,77.68006510768302,601700,2023-09-05
74.75938415527344,74.75938415527344,76.26427105421321,74.45246061821497,76.26427105421321,766000,2023-09-06
73.24459075927734,73.24459075927734,74.74947758037858,73.14557878586486,74.3930556260422,762700,2023-09-07
71.1060791015625,71.1060791015625,73.15550214062982,70.1952260961004,73.14559942978312,1085200,2023-09-08
70.91796112060547,70.91796112060547,71.64070789807317,70.12591803202201,71.64070789807317,982900,2023-09-11
71.25458526611328,71.25458526611328,71.56150130191226,70.18531916561047,70.50213791166077,955300,2023-09-12
71.76941680908203,71.76941680908203,72.33375046730298,70.28432743970535,70.85856380871756,742700,2023-09-13
73.30400848388672,73.30400848388672,73.5317179457223,71.89812576459516,72.31394895420735,958500,2023-09-14
72.91788482666016,72.91788482666016,75.78905893229644,72.24464405398375,73.14559428523259,1312900,2023-09-15
70.46251678466797,70.46251678466797,72.64065172166892,70.30411122852495,72.42283747261354,893200,2023-09-18
69.92789459228516,69.92789459228516,70.73974302008047,69.65067916136296,70.19521486749869,743500,2023-09-19
70.16551208496094,70.16551208496094,70.97736048720512,69.37346154706498,70.32391766040789,669800,2023-09-20
69.22496032714844,69.22496032714844,70.01701097030949,69.1061580181626,69.73979551126953,830000,2023-09-21
68.6606216430664,68.6606216430664,69.48237280296534,68.51211121421474,69.23485793939729,1052400,2023-09-22
67.74976348876953,67.74976348876953,68.53191130323974,67.55175463473685,68.31409703167164,863000,2023-09-25
66.84881591796875,66.84881591796875,68.81903981462429,66.65080703405435,67.4032543893276,635900,2023-09-26
66.89832305908203,66.89832305908203,67.3933528308833,65.92806138278739,67.0468335013334,718100,2023-09-27
67.34382629394531,67.34382629394531,67.55174538181953,66.3636697596996,66.92800322530199,1004100,2023-09-28
67.39336395263672,67.39336395263672,69.16557173457475,67.22505561530197,68.04680698495676,827300,2023-09-29
66.48251342773438,66.48251342773438,67.28445940453211,65.11622614453061,67.22505823693419,1028500,2023-10-02
65.83895111083984,65.83895111083984,66.62109895527479,65.27461754631766,66.08646596464,1044900,2023-10-03
66.13597869873047,66.13597869873047,66.30428700361901,65.43302979515194,66.14587385533238,838500,2023-10-04
67.03692626953125,67.03692626953125,67.18543670176618,65.4429299075554,66.3636855231467,764800,2023-10-05
67.5517578125,67.5517578125,68.32400295453037,66.68050068524198,66.90821767629004,680900,2023-10-06
67.2646484375,67.2646484375,67.74977550339919,66.22508288558964,66.79931923909356,496200,2023-10-09
68.72003173828125,68.72003173828125,69.05664833384408,66.8488123825458,67.26464310246165,760900,2023-10-10
68.6012191772461,68.6012191772461,69.15565004386777,67.95767903360077,68.84873403606707,504600,2023-10-11
67.52204895019531,67.52204895019531,70.78924803475961,66.76960923481819,68.6012176382935,1306700,2023-10-12
67.11612701416016,67.11612701416016,68.11608911394367,66.81910617547477,67.21513144253738,624000,2023-10-13
67.89827728271484,67.89827728271484,68.46261085368177,66.61119700683393,67.2448344355142,988300,2023-10-16
67.68045806884766,67.68045806884766,68.16558503749278,65.82904435690116,66.84880428333116,658800,2023-10-17
65.65083312988281,65.65083312988281,67.07652101207357,65.52212813356691,67.07652101207357,700000,2023-10-18
62.86878204345703,62.86878204345703,65.69045027800355,62.7301743093779,65.68054756741076,1393000,2023-10-19
63.433109283447266,63.433109283447266,64.04694886776605,62.58165754378589,62.858876760721735,1379000,2023-10-20
62.77967071533203,62.77967071533203,64.0073461174442,62.6905652121402,63.07668780037908,1152500,2023-10-23
62.99748229980469,62.99748229980469,63.41330922242381,61.96781959089511,62.69056251827097,1322500,2023-10-24
60.670841217041016,60.670841217041016,62.66086280454718,60.2946213494776,62.314339734809884,1230400,2023-10-25
60.898555755615234,60.898555755615234,61.631201418191736,60.06690565769627,60.75994803542493,1162400,2023-10-26
58.94814682006836,58.94814682006836,61.037173085719644,58.75013415368283,60.96786921900133,850500,2023-10-27
56.076969146728516,56.076969146728516,59.274860859754156,53.29490438518753,59.274860859754156,2958500,2023-10-30
54.086952209472656,54.086952209472656,60.027309282726364,52.720669025126654,56.96802523892961,3699700,2023-10-31
52.30484390258789,52.30484390258789,54.383967290390046,51.27518114165968,54.383967290390046,2556300,2023-11-01
54.85919189453125,54.85919189453125,55.39382488369775,52.46324992917884,53.23549506234583,1887700,2023-11-02
58.13629913330078,58.13629913330078,58.81943887665925,55.79975794484799,56.344289952752064,1837100,2023-11-03
58.10658645629883,58.10658645629883,59.20555302541007,57.34424024370115,58.136290807340345,1567100,2023-11-06
59.027347564697266,59.027347564697266,59.7401916281466,57.89868031542072,58.60162166866806,1917300,2023-11-07
58.086788177490234,58.086788177490234,59.42337074843066,57.423450135331706,59.34416417677025,1049100,2023-11-08
56.371646881103516,56.371646881103516,58.701461913327925,56.05439556902021,58.26524230469687,943900,2023-11-09
56.99623489379883,56.99623489379883,57.17468544088266,55.152209348572335,56.37164474223706,968700,2023-11-10
56.609588623046875,56.609588623046875,57.08546941638888,55.96517349136186,56.55010636032985,997900,2023-11-13
59.841590881347656,59.841590881347656,60.14892598552263,58.48335836377423,58.76095233707659,1173500,2023-11-14
60.36703872680664,60.36703872680664,61.873984488316744,59.52434056094465,59.54416924250937,1112000,2023-11-15
60.376953125,60.376953125,60.971798426139884,60.04978556201913,60.38686557451418,879200,2023-11-16
60.52566146850586,60.52566146850586,61.74509696121951,60.01012711857312,61.19982148134604,1057500,2023-11-17
63.043846130371094,63.043846130371094,63.15290198092323,60.585146505131746,60.585146505131746,1834300,2023-11-20
62.974449157714844,62.974449157714844,64.64001673977313,62.875305753944964,63.42058501984392,1808900,2023-11-21
63.033935546875,63.033935546875,64.27319973631245,62.9942781851488,63.65852197535887,850700,2023-11-22
63.46023941040039,63.46023941040039,63.827056750406506,62.518397919317586,62.62744998545785,414100,2023-11-24
61.72526550292969,61.72526550292969,63.39083677947296,61.64595456601208,63.20246999510143,809700,2023-11-27
61.13042449951172,61.13042449951172,62.0326086886855,60.704117310809735,61.68561622436259,727000,2023-11-28
62.577880859375,62.577880859375,62.875303496136084,61.56664086884008,61.56664086884008,1192200,2023-11-29
62.359779357910156,62.359779357910156,63.41067303470337,61.37828039550154,62.99428205678932,1453500,2023-11-30
64.01541900634766,64.01541900634766,64.07490125616783,61.84422990344079,62.0821664665885,1189400,2023-12-01
64.73916625976562,64.73916625976562,65.23487195068613,63.172734461128364,63.51972693199901,1076400,2023-12-04
63.82705307006836,63.82705307006836,64.70940847079655,62.97444257833055,64.32275869132543,926200,2023-12-05
65.47280883789062,65.47280883789062,65.869374905057,64.26328573677407,64.51113858326947,1145800,2023-12-06
67.46553802490234,67.46553802490234,67.544845175701,65.48271554145325,65.68099476425115,1023200,2023-12-07
67.72331237792969,67.72331237792969,68.89317816814473,67.12846703257112,67.46555085205797,1229200,2023-12-08
68.40737915039062,68.40737915039062,68.73454669209035,67.723302938449,68.02072935160655,1162300,2023-12-11
68.60566711425781,68.60566711425781,69.53759626780881,67.80262628594957,68.49661125314573,1770800,2023-12-12
73.36444091796875,73.36444091796875,73.55281149752035,68.31816070710586,68.64532070860544,1368900,2023-12-13
74.39551544189453,74.39551544189453,76.11065299909454,73.56272589822484,75.02010192674504,2626700,2023-12-14
75.33734893798828,75.33734893798828,75.78348859902482,73.1959042821661,74.27653905986422,2971700,2023-12-15
75.3670883178711,75.3670883178711,76.1403955329236,74.80198414478515,75.82314420003094,1139500,2023-12-18
76.75505828857422,76.75505828857422,76.98308620752975,75.61493382153192,76.14038814540898,848500,2023-12-19
75.20846557617188,75.20846557617188,77.27060299840522,75.15889198315087,76.75506486091273,574700,2023-12-20
77.052490234375,77.052490234375,77.60767816202682,75.81322606453203,76.12056115821525,1016000,2023-12-21
76.85420989990234,76.85420989990234,77.96459341256703,76.39816155466565,77.70682432565278,642800,2023-12-22
77.27061462402344,77.27061462402344,77.52837616768242,76.41800013008807,76.99302061462484,439600,2023-12-26
77.50853729248047,77.50853729248047,77.82578861229433,76.93351691160906,76.93351691160906,457300,2023-12-27
77.54820251464844,77.54820251464844,78.06373312515906,77.39948928881324,77.63742591182823,460100,2023-12-28
76.49730682373047,76.49730682373047,77.59776651277211,76.12056565297677,76.9533551574972,592900,2023-12-29
76.05116271972656,76.05116271972656,77.22102839942013,74.71275892814644,75.72399516333392,838700,2024-01-02
71.52041625976562,71.52041625976562,75.85288670800787,71.23290605225647,75.82314557686358,1176400,2024-01-03
71.79800415039062,71.79800415039062,71.84757774067523,71.10401926961353,71.52041019807979,1572400,2024-01-04
70.47942352294922,70.47942352294922,72.23422570585092,70.43977372837008,71.34195405046596,1090100,2024-01-05
72.28379821777344,72.28379821777344,72.63079064417823,69.88457723262971,70.5785696493069,1234000,2024-01-08
71.37169647216797,71.37169647216797,73.75108507503909,71.17341724020699,71.51049344731423,741200,2024-01-09
72.52173614501953,72.52173614501953,72.89846970583102,70.14234757664256,71.38161166810268,903400,2024-01-10
72.51182556152344,72.51182556152344,73.00753123671234,71.3518760969098,72.61096518378756,725700,2024-01-11
71.55015563964844,71.55015563964844,73.61229307235736,71.44109978554289,73.09676249611432,575300,2024-01-12
70.81651306152344,70.81651306152344,71.83766554221502,70.09277944763042,70.53891909363078,1100500,2024-01-16
69.24016571044922,69.24016571044922,70.72728274956232,68.7048102325727,69.80527744662587,966100,2024-01-17
69.25999450683594,69.25999450683594,69.63672808047465,68.67505790253928,69.3888752537436,914200,2024-01-18
69.7160415649414,69.7160415649414,70.10269136268072,67.84227483316847,69.63672684646465,2113900,2024-01-19
71.40143585205078,71.40143585205078,71.98637243058674,69.7556970882465,70.33071743626691,660100,2024-01-22
71.85750579833984,71.85750579833984,72.02604393085811,70.36047237899321,71.80793219989604,534800,2024-01-23
70.44969177246094,70.44969177246094,72.77951461715728,70.23158005390479,72.35320741194356,565500,2024-01-24
70.50917053222656,70.50917053222656,71.60963762029786,69.92423396392759,71.60963762029786,560900,2024-01-25
72.0062026977539,72.0062026977539,73.11658611840909,71.7781823259644,71.97646156785686,1070600,2024-01-26
72.1549072265625,72.1549072265625,72.46224228366552,70.8561609515867,71.56997823867387,1080500,2024-01-29
72.08552551269531,72.08552551269531,73.36444718892326,71.84758888293891,72.23423874274397,1131200,2024-01-30
69.7160415649414,69.7160415649414,72.09543017216878,69.46818874260246,72.08551394139221,1434400,2024-01-31
67.95133972167969,67.95133972167969,68.85352018182583,64.65985410560982,66.52370485460929,2506900,2024-02-01
65.413330078125,65.413330078125,67.19786613013461,64.41200240677816,66.10731505992835,1745400,2024-02-02
66.19654083251953,66.19654083251953,67.42589650703876,64.78873835388255,65.34393392310292,1946000,2024-02-05
66.79138946533203,66.79138946533203,67.01940985403839,65.3736708454024,66.0973969394846,1017800,2024-02-06
65.79005432128906,65.79005432128906,67.21768901043232,65.43314564900325,67.1879403178519,942500,2024-02-07
67.39614868164062,67.39614868164062,67.70348378782225,65.79005952921676,66.1172270986886,971400,2024-02-08
67.44576263427734,67.44576263427734,67.68398712654916,66.29437454608093,67.39613821130521,908300,2024-02-09
69.43092346191406,69.43092346191406,69.74854855538784,66.78073837829412,67.5946531536194,1277500,2024-02-12
67.01896667480469,67.01896667480469,68.32917135425443,65.85765043972486,67.69392105953824,1029900,2024-02-13
69.59967803955078,69.59967803955078,69.69893447609753,67.12814960468661,67.90236798442497,1036500,2024-02-14
70.73121643066406,70.73121643066406,71.42601904310672,69.85774163470127,69.97685389945453,1109700,2024-02-15
71.07861328125,71.07861328125,72.27963347763115,69.56988831340688,70.06617802626421,1048600,2024-02-16
69.80812072753906,69.80812072753906,70.24485057478388,69.39123913903136,69.82796898627619,632200,2024-02-20
71.18779754638672,71.18779754638672,71.45579065901465,69.10338226921158,69.48055972437164,1373900,2024-02-21
71.22750854492188,71.22750854492188,72.01164727521896,70.45329773021307,71.11832419179312,801000,2024-02-22
71.08854675292969,71.08854675292969,72.03149425195751,70.63196109014291,71.53520450030484,479600,2024-02-23
71.37638854980469,71.37638854980469,71.65430957117567,70.62202608266924,71.23742046633932,581100,2024-02-26
72.66674041748047,72.66674041748047,72.86526085057959,71.03891072996876,71.62453654163589,1156000,2024-02-27
73.8379898071289,73.8379898071289,73.87769389661966,72.01164712723869,72.18038382798883,1191300,2024-02-28
73.02406311035156,73.02406311035156,75.0389979966941,72.99428694123786,74.44345189608136,1241400,2024-02-29
73.82804870605469,73.82804870605469,74.0265691180532,71.56496901872733,72.93473335678924,1117200,2024-03-01
74.32434844970703,74.32434844970703,74.51294097346982,73.12332819227017,73.8379866267603,707200,2024-03-04
72.85533905029297,72.85533905029297,74.43353686878898,72.35904928506315,73.80821449080051,769400,2024-03-05
74.12582397460938,74.12582397460938,75.49558071100851,71.10838193087369,72.88509982370387,1212700,2024-03-06
76.36906433105469,76.36906433105469,76.76609004776049,74.42360954263182,74.52286597180827,1418200,2024-03-07
76.5179443359375,76.5179443359375,78.16562981847405,76.30950356515517,76.60728042214708,1513100,2024-03-08
74.57249450683594,74.57249450683594,76.83558210970358,74.13576467985212,76.21025218317178,1192600,2024-03-11
73.56999206542969,73.56999206542969,75.10848567982688,72.67666903973891,74.51293952029312,1105200,2024-03-12
71.95207977294922,71.95207977294922,74.12583111810925,71.47564589384399,73.45087681206019,995800,2024-03-13
70.69151306152344,70.69151306152344,71.85282925675418,69.18278798375682,71.65431638625991,1380400,2024-03-14
71.98186492919922,71.98186492919922,72.2994900791781,69.5897521749666,69.5897521749666,1749500,2024-03-15
71.34661102294922,71.34661102294922,72.3292701705607,70.51284788619097,71.94216477524002,1004000,2024-03-18
70.23491668701172,70.23491668701172,71.872674123486,69.52025834580262,71.34660070864415,1041600,2024-03-19
71.34661102294922,71.34661102294922,71.41609128434574,70.1952227522668,70.31432744450053,1190400,2024-03-20
71.79327392578125,71.79327392578125,72.23993165221651,71.27712836750288,72.21015548015819,821900,2024-03-21
70.96942901611328,70.96942901611328,71.92230435710651,70.12573801789033,71.8428961854954,975500,2024-03-22
68.70635986328125,68.70635986328125,71.2175849935698,68.56739932765288,71.1977367339577,1136300,2024-03-25
67.89244079589844,67.89244079589844,68.97434883956984,67.79318435828888,68.84531622795551,1465100,2024-03-26
68.90486907958984,68.90486907958984,69.2721262314883,67.49540796600249,68.56739567469462,971600,2024-03-27
69.8676528930664,69.8676528930664,70.24483028235943,68.76588931830297,69.37136326741724,1180000,2024-03-28
68.89494323730469,68.89494323730469,70.29447632350941,68.10087664844765,70.22499606494294,772900,2024-04-01
68.24976348876953,68.24976348876953,68.46813217425154,66.84029494778021,68.38872400266172,689300,2024-04-02
67.36637115478516,67.36637115478516,68.36887096410231,66.90978550867646,67.78325271347825,810500,2024-04-03
66.55245971679688,66.55245971679688,68.35895413680265,66.2745310905969,67.9817690733502,858800,2024-04-04
66.49288940429688,66.49288940429688,67.8527258577524,66.35392889930488,66.52266557354095,1053200,2024-04-05
67.71377563476562,67.71377563476562,68.34902591769716,66.2447546224985,66.76090021036832,1008200,2024-04-08
70.7014389038086,70.7014389038086,70.74113541851901,68.21999023148706,68.24976640391006,1175100,2024-04-09
68.99419403076172,68.99419403076172,69.64929247618281,68.73612127455118,69.06367428365152,843700,2024-04-10
68.29939270019531,68.29939270019531,70.30440752298179,68.22991243838274,70.15551908401756,1101000,2024-04-11
66.23482513427734,66.23482513427734,68.01153555439181,65.78815987112783,67.58472611953144,703400,2024-04-12
65.03379821777344,65.03379821777344,66.95940465520529,64.61691669197265,66.76089180657056,735400,2024-04-15
63.535011291503906,63.535011291503906,64.80551174739605,63.177682091686734,64.80551174739605,1616300,2024-04-16
62.264503479003906,62.264503479003906,64.32906660144755,62.23472730952317,64.0610735033413,903000,2024-04-17
61.74836349487305,61.74836349487305,61.966732174268884,60.70615588333916,61.15281737010794,1174700,2024-04-18
61.659034729003906,61.659034729003906,62.49280162326251,61.480370124063484,61.986587766858065,909600,2024-04-19
62.333988189697266,62.333988189697266,62.91961021183305,61.361260791069874,62.07591920083289,829400,2024-04-22
63.21738815307617,63.21738815307617,64.10078710487029,63.08835554190712,63.52508916682853,1217200,2024-04-23
63.04864501953125,63.04864501953125,63.47545447173434,62.14539790155518,62.750871951721884,984800,2024-04-24
62.195030212402344,62.195030212402344,62.84020839048394,61.331487122949795,62.7409481704151,965800,2024-04-25
63.58464050292969,63.58464050292969,63.88241738277353,61.936962466727465,62.363771955687305,973800,2024-04-26
64.03130340576172,64.03130340576172,66.13556702492424,63.80300679679467,63.91219114376408,1604600,2024-04-29
62.74094009399414,62.74094009399414,64.29928937776675,62.69131188354331,63.356342020031676,1329600,2024-04-30
72.91488647460938,72.91488647460938,76.11099355848897,69.49049035489857,70.01655625886998,3117200,2024-05-01
75.03900909423828,75.03900909423828,75.74373963434381,72.53771207263529,73.89754114846372,2256000,2024-05-02
76.71646118164062,76.71646118164062,77.40134337706502,75.61469746412298,76.31942791512243,1509900,2024-05-03
75.4955825805664,75.4955825805664,77.14326792870591,74.64196373778223,76.90505100621108,1090400,2024-05-06
76.88519287109375,76.88519287109375,77.01422545591025,75.28713956729153,76.29957470987365,1007600,2024-05-07
76.4782485961914,76.4782485961914,77.1234191715637,76.00180713474313,76.95468248485956,838300,2024-05-08
79.03909301757812,79.03909301757812,79.19790935273846,76.04150663283347,76.66682891377307,816100,2024-05-09
80.39036560058594,80.39036560058594,80.56920228772675,78.95961146029664,79.09871171500306,1463800,2024-05-10
81.44355773925781,81.44355773925781,82.21854706062153,80.0326793552164,81.61246411332004,1418000,2024-05-13
83.60956573486328,83.60956573486328,83.9275102985519,81.54292228068913,81.88074264358121,926900,2024-05-14
82.9637451171875,82.9637451171875,85.0204508306492,82.4669562242702,84.3944995545163,1149200,2024-05-15
82.30797576904297,82.30797576904297,83.2816852828274,81.79131868322033,82.61599002096473,1389900,2024-05-16
83.27173614501953,83.27173614501953,84.06660125636395,81.66214528612056,82.44707249896442,1380000,2024-05-17
81.97015380859375,81.97015380859375,83.6791085311635,81.85092176502062,82.69546880797115,1006900,2024-05-20
82.14899444580078,82.14899444580078,82.86437151476783,80.31087744272429,81.89066215303039,840100,2024-05-21
82.44707489013672,82.44707489013672,82.74514363023899,79.77434864563072,80.44998173574989,696300,2024-05-22
79.8935775756836,79.8935775756836,83.42077346864373,79.2477506267092,81.79130682900107,793200,2024-05-23
80.2711410522461,80.2711410522461,80.50959757107972,79.43653186573432,80.3208153876219,452600,2024-05-24
78.88011932373047,78.88011932373047,80.4102296261534,78.53236870508775,80.4102296261534,795300,2024-05-28
78.0951919555664,78.0951919555664,78.19454819199588,77.1811024517834,77.93622349335824,718500,2024-05-29
76.75386810302734,76.75386810302734,77.71763956909366,74.67729459811774,77.71763956909366,1222600,2024-05-30
76.69426727294922,76.69426727294922,78.3137962411301,75.68081374506455,76.97246782400886,1307000,2024-05-31
77.39970397949219,77.39970397949219,78.68142011606916,76.61477669056228,77.3897660800283,863700,2024-06-03
76.40612030029297,76.40612030029297,78.07533100087524,75.65099918849737,76.82342108033963,1095100,2024-06-04
78.75096130371094,78.75096130371094,78.79070531665447,76.09810339759652,76.81348046978938,930500,2024-06-05
78.32372283935547,78.32372283935547,79.4166566666998,77.99584041703355,78.34359105568011,785600,2024-06-06
77.13143920898438,77.13143920898438,77.96604847383409,76.61478210628447,77.63816599191468,897300,2024-06-07
76.6048355102539,76.6048355102539,77.12150013470095,75.41254535912304,76.49554136202072,722200,2024-06-10
76.39619445800781,76.39619445800781,76.80356498405337,75.41255458398108,76.25709417604027,827500,2024-06-11
76.95259094238281,76.95259094238281,78.48270153209226,76.07824528271871,77.65803779030301,782500,2024-06-12
76.38624572753906,76.38624572753906,77.1612426491305,75.39266809413009,76.62470981744217,529500,2024-06-13
75.38273620605469,75.38273620605469,76.5253443963669,74.30967056502149,76.00868737312625,787800,2024-06-14
74.32953643798828,74.32953643798828,75.50195828724318,74.13082395386863,74.99523917861943,773000,2024-06-17
74.06127166748047,74.06127166748047,74.7567729220206,73.85262129111844,74.35934038497118,1147700,2024-06-18
74.05134582519531,74.05134582519531,74.76672299227049,72.95841185567329,73.7731452780875,784200,2024-06-20
73.18692016601562,73.18692016601562,74.7965108178815,73.0378820292591,74.30965997951171,1578300,2024-06-21
74.01158905029297,74.01158905029297,75.00516659322227,73.07763131460808,73.48499416540365,840800,2024-06-24
72.60072326660156,72.60072326660156,74.29974024807741,72.38213495663454,73.81288929067584,630300,2024-06-25
71.63694763183594,71.63694763183594,72.68020720498338,71.45810335016483,72.38213087539955,1338200,2024-06-26
71.35874938964844,71.35874938964844,71.9648323869552,70.53407808768728,71.50778755922154,1236600,2024-06-27
71.1898422241211,71.1898422241211,72.14367588641662,70.19626454501373,71.58727481184326,4737500,2024-06-28
71.15010070800781,71.15010070800781,72.89879960720884,70.55395559567003,71.31900710009751,1405500,2024-07-01
70.78247833251953,70.78247833251953,71.88535026552461,70.50427776931048,71.20971707756111,884500,2024-07-02
70.99111938476562,70.99111938476562,72.24302933436287,70.93150715205961,71.40842775489526,508000,2024-07-03
70.98119354248047,70.98119354248047,72.16354585462142,70.16646012907066,71.0209375602561,564500,2024-07-05
71.10041809082031,71.10041809082031,72.21322784852951,70.92157380083842,71.19978192556295,841100,2024-07-08
70.8321533203125,70.8321533203125,71.49784854289071,69.84851354513006,71.0209355041824,727400,2024-07-09
71.60713958740234,71.60713958740234,71.9052159089624,70.7129182031179,71.34880728074333,917300,2024-07-10
75.87952423095703,75.87952423095703,76.04843060408507,71.90521382100471,72.53116498162981,1118200,2024-07-11
76.81348419189453,76.81348419189453,77.96603788191949,75.6609380822653,76.23721492727779,1323500,2024-07-12
76.71412658691406,76.71412658691406,77.37982176830162,76.167663448024,76.7041886882737,710900,2024-07-15
79.30736541748047,79.30736541748047,79.60544173598564,76.38624478555433,77.09168398692782,909300,2024-07-16
77.78720092773438,77.78720092773438,80.00287500740687,77.77726302798258,78.84039088953045,649900,2024-07-17
75.43241119384766,75.43241119384766,78.09519952229033,75.10452875950611,76.9525837416549,738900,2024-07-18
74.97537231445312,74.97537231445312,76.14779430338908,73.72346229024105,75.44235504620504,587500,2024-07-19
77.27053833007812,77.27053833007812,77.37983248907769,74.3096808782628,75.85965974349776,631200,2024-07-22
76.01861572265625,76.01861572265625,77.66795041078493,75.79008956506284,77.38974992703271,861500,2024-07-23
77.11155700683594,77.11155700683594,77.42950153093786,75.45228425856641,76.08817330677024,915200,2024-07-24
78.16474914550781,78.16474914550781,79.2676209044872,76.54522036215039,77.07181528518826,883200,2024-07-25
80.08235931396484,80.08235931396484,80.79773645483853,78.26411034431021,79.20801368645039,969100,2024-07-26
79.20801544189453,79.20801544189453,80.47979368479078,77.85674916371819,80.37049953137974,1270600,2024-07-29
81.44355773925781,81.44355773925781,81.81117660275848,79.48620863866734,79.48620863866734,1258500,2024-07-30
81.06599426269531,81.06599426269531,83.08296319597848,80.9865138143083,82.24835405455171,1024400,2024-07-31
81.82110595703125,81.82110595703125,82.79481524654761,80.44997173013984,81.39386732699776,789900,2024-08-01
79.65512084960938,79.65512084960938,80.77786848035517,77.42950896715152,80.77786848035517,857900,2024-08-02
77.16124725341797,77.16124725341797,80.76793154896446,76.44587010181293,80.76793154896446,1098700,2024-08-05
77.91635131835938,77.91635131835938,80.0326763965811,76.56508521502379,77.16123782209176,1555800,2024-08-06
70.50426483154297,70.50426483154297,77.02213139203697,69.68953151148122,77.02213139203697,2594500,2024-08-07
72.89879608154297,72.89879608154297,73.20680273226856,69.71934300218471,71.43823569969607,1439300,2024-08-08
71.3090591430664,71.3090591430664,72.94846365607214,71.02092831738474,72.51129467822716,829700,2024-08-09
71.31900024414062,71.31900024414062,71.67668879323766,70.02735388830857,71.3090623454447,791500,2024-08-12
72.978271484375,72.978271484375,73.25647957913156,71.09048011395465,71.18983635759855,805200,2024-08-13
72.28277587890625,72.28277587890625,75.1144707374646,72.02444356081438,73.08757137018176,1284100,2024-08-14
74.42890167236328,74.42890167236328,74.54812613293862,72.47155258703259,73.13724775989662,1015400,2024-08-15
74.04139709472656,74.04139709472656,74.85613039796112,72.61065055026296,74.24011715673211,798200,2024-08-16
74.58845520019531,74.58845520019531,74.70781537811658,73.5739202477618,74.12097065568129,680400,2024-08-19
71.95264434814453,71.95264434814453,74.86695566374856,71.9128652101973,74.58845616686497,943500,2024-08-20
72.26099395751953,72.26099395751953,72.82794156437964,71.51500986488556,72.56933162080794,930500,2024-08-21
70.96794891357422,70.96794891357422,73.11638665462492,70.75907428684023,72.49970376483245,471500,2024-08-22
71.90292358398438,71.90292358398438,72.97714253744145,70.75907974957414,71.52496102860188,530800,2024-08-23
70.95800018310547,70.95800018310547,72.25104225655556,70.65961111206933,72.25104225655556,538300,2024-08-26
70.64966583251953,70.64966583251953,71.44538523619435,69.87384358763504,70.95800349688578,545800,2024-08-27
71.21660614013672,71.21660614013672,71.49510562630796,70.420894406582,70.7093348825866,713800,2024-08-28
74.1209716796875,74.1209716796875,75.01615405510904,71.08730777056279,71.52495417377824,1367200,2024-08-29
73.59381103515625,73.59381103515625,74.59840501413846,73.11638549264939,74.36963323313654,842900,2024-08-30
71.34591674804688,71.34591674804688,73.66343472595463,70.82869689867626,73.08654617040717,637100,2024-09-03
70.73918914794922,70.73918914794922,71.65426116672691,70.50046876940853,71.29618818745864,625200,2024-09-04
71.98249816894531,71.98249816894531,72.17147565531674,70.43084601575792,70.73919128354615,743000,2024-09-05
71.1072006225586,71.1072006225586,73.58387324032938,70.45073857596884,71.9824934694016,734800,2024-09-06
71.7039794921875,71.7039794921875,72.35050048607212,71.18676725020487,71.58462690709862,789700,2024-09-09
73.38494110107422,73.38494110107422,73.76291123396533,70.61982792602487,71.82334802653341,954900,2024-09-10
73.09649658203125,73.09649658203125,73.78280441392616,72.06206433850234,72.84783520392939,993700,2024-09-11
72.80803680419922,72.80803680419922,73.21584504142938,70.76901838367387,72.86772068558767,950400,2024-09-12
74.27017211914062,74.27017211914062,74.31990742584483,72.85777743583267,72.97713761879734,401700,2024-09-13
74.35968780517578,74.35968780517578,75.10567181079762,73.34514530794672,74.87690004344856,931600,2024-09-16
74.87690734863281,74.87690734863281,76.44844896171647,74.12097469106027,74.63819456833608,671200,2024-09-17
76.1003189086914,76.1003189086914,77.42319147524594,74.65807857806458,75.1554012599617,834000,2024-09-18
79.9297103881836,79.9297103881836,80.51654757160208,77.16459720225761,77.90063272353352,1534000,2024-09-19
77.8807373046875,77.8807373046875,79.5616828585921,76.96565777586638,79.30308052017116,1558300,2024-09-20
76.79656982421875,76.79656982421875,78.6963461658972,76.58769520247343,78.64661086086836,776600,2024-09-23
77.00543975830078,77.00543975830078,78.8455321042216,76.69710213380976,76.89602816473139,846700,2024-09-24
74.54866790771484,74.54866790771484,77.67185378177136,74.17070539664947,77.67185378177136,674400,2024-09-25
77.64202117919922,77.64202117919922,78.6366666263877,75.5632158370757,76.49818498576649,575400,2024-09-26
78.2984848022461,78.2984848022461,79.69098983905143,77.60222848957245,77.661912372028,690200,2024-09-27
79.50200653076172,79.50200653076172,79.59152097359178,77.58234061958167,78.07966331586104,721100,2024-09-30
77.75143432617188,77.75143432617188,79.50201247270444,76.58770095115138,79.50201247270444,744200,2024-10-01
77.01539611816406,77.01539611816406,77.96030624332944,76.90598451353955,77.5624541412866,714100,2024-10-02
73.60376739501953,73.60376739501953,77.00545320202552,73.4943557823489,76.5280276090473,1142900,2024-10-03
74.37958526611328,74.37958526611328,75.33444398401276,73.65349833983986,74.72770965463769,703900,2024-10-04
73.12632751464844,73.12632751464844,73.96183360863697,72.22120413374833,73.95188502970291,893400,2024-10-07
73.34514617919922,73.34514617919922,74.3795782565743,72.70857376059021,73.82257928742688,698800,2024-10-08
73.86238098144531,73.86238098144531,73.9717925994934,72.6290150304567,73.49435939450693,459000,2024-10-09
72.5892333984375,72.5892333984375,73.67339337288436,72.45992462415232,72.95724738422001,433100,2024-10-10
72.96719360351562,72.96719360351562,73.48440591829375,72.39029739925101,72.80804668294213,650600,2024-10-11
73.42472839355469,73.42472839355469,73.47446370254066,71.77362085711005,73.02686868729509,886900,2024-10-14
73.19595336914062,73.19595336914062,74.76749496588192,72.86772614534924,73.20590194820775,579900,2024-10-15
71.41554260253906,71.41554260253906,73.64354616897782,71.31607199191826,73.57392129466855,882000,2024-10-16
69.77437591552734,69.77437591552734,72.35050384380904,69.55555271465326,71.89296787313691,930300,2024-10-17
70.85853576660156,70.85853576660156,70.9381092193973,69.54560414964017,70.2319119000548,834000,2024-10-18
69.98324584960938,69.98324584960938,70.54024480467308,69.42624689454567,70.40099506590715,951300,2024-10-21
69.57544708251953,69.57544708251953,70.27170345955585,68.53107389977903,69.6848586905032,864800,2024-10-22
68.96871185302734,68.96871185302734,69.90368100425967,68.29236023210147,69.38646870927442,734600,2024-10-23
68.00391387939453,68.00391387939453,69.67491858147116,67.96412714975666,69.20743399390467,595600,2024-10-24
68.31224822998047,68.31224822998047,68.76978421577591,67.70551391242638,68.48133613132049,681300,2024-10-25
70.00314331054688,70.00314331054688,70.04293003875789,68.83940996740898,69.2173725025999,1066900,2024-10-28
70.3612289428711,70.3612289428711,70.62978750950779,69.45610537588628,69.77439167033225,1581900,2024-10-29
75.6129379272461,75.6129379272461,79.03452043918573,73.5540223083852,73.60375761245906,2663600,2024-10-30
73.35509490966797,73.35509490966797,76.01079618548658,73.35509490966797,75.48363536165837,1109800,2024-10-31
74.90674591064453,74.90674591064453,76.15005271483683,73.67338768567767,73.70322583481148,984000,2024-11-01
75.49359130859375,75.49359130859375,76.87614787949889,74.62824703366084,75.13551833886582,692000,2024-11-04
77.20438385009766,77.20438385009766,77.2342219999291,73.52419107051723,74.50889554621128,542200,2024-11-05
75.42396545410156,75.42396545410156,80.36735449967112,74.42932001518753,80.36735449967112,1100100,2024-11-06
76.01080322265625,76.01080322265625,77.17453657415363,75.58310537699364,76.27936174287413,685300,2024-11-07
75.6324462890625,75.6324462890625,76.40908157726335,74.61684804983723,75.91123766467355,649400,2024-11-08
74.367919921875,74.367919921875,76.16015330056672,74.07916956495639,75.5826601832241,628500,2024-11-11
74.08912658691406,74.08912658691406,74.83589237384388,73.26270395955308,74.30817150335817,802000,2024-11-12
75.6025619506836,75.6025619506836,76.10040576503118,73.93976543392117,74.22851575782202,1456000,2024-11-13
72.2271957397461,72.2271957397461,75.51296100447026,71.95835577294883,74.84585198485449,1211100,2024-11-14
67.27861785888672,67.27861785888672,72.15748912803697,67.18900961183938,71.95834702933011,2449000,2024-11-15
66.57168579101562,66.57168579101562,67.19896635967973,65.70543468491239,66.94009300552975,1889600,2024-11-18
66.08379364013672,66.08379364013672,67.19895897295707,66.03400621785262,66.46215222141589,1568600,2024-11-19
68.42366027832031,68.42366027832031,68.62279478065064,65.32707090916944,66.00413885218461,1493400,2024-11-20
70.74362182617188,70.74362182617188,71.01245419198489,68.1249580282951,68.3041821376688,1338400,2024-11-21
70.97262573242188,70.97262573242188,72.09775781711762,70.30551672428066,70.79340162313818,620600,2024-11-22
74.06920623779297,74.06920623779297,74.67657633302107,71.58994603055504,71.74925210988852,1165800,2024-11-25
74.54714965820312,74.54714965820312,74.80602302137119,72.40641933049686,73.49171540565074,995000,2024-11-26
75.05493927001953,75.05493927001953,75.86145150679339,73.79041917992156,74.94541301066128,557000,2024-11-27
75.0350341796875,75.0350341796875,75.54283709122981,74.18870105811375,75.00516476074299,464400,2024-11-29
75.69217681884766,75.69217681884766,75.941098747818,73.93977190837234,74.70644810714349,922600,2024-12-02
74.72637176513672,74.72637176513672,75.52291744016752,74.0592551717235,75.2042976508562,595600,2024-12-03
75.562744140625,75.562744140625,76.47877506444841,73.36227508391025,74.72637006143705,571800,2024-12-04
73.57136535644531,73.57136535644531,76.26967817829251,73.48175710755662,75.5627408054686,722100,2024-12-05
74.1886978149414,74.1886978149414,75.29391184654496,73.66098451267021,74.3280934949189,497000,2024-12-06
77.06623840332031,77.06623840332031,77.16580566552518,74.42766417416783,74.42766417416783,773900,2024-12-09
76.78744506835938,76.78744506835938,77.92252854077888,75.90128354333879,77.55412132389029,966600,2024-12-10
76.47876739501953,76.47876739501953,78.0818251492004,76.38915915116182,77.5541119002764,695800,2024-12-11
76.3493423461914,76.3493423461914,77.24546290354598,75.3934829505116,76.24977508348428,652800,2024-12-12
75.36360168457031,75.36360168457031,76.2497630974055,74.08912269067224,76.2497630974055,487400,2024-12-13
75.83157348632812,75.83157348632812,76.5783392082295,74.77613943375843,75.58265157902767,560800,2024-12-16
74.9454116821289,74.9454116821289,77.28528391194543,74.69648975099902,75.67226706348575,620600,2024-12-17
71.10206604003906,71.10206604003906,75.61253034264443,70.9128829362185,75.13459687906946,765600,2024-12-18
71.08214569091797,71.08214569091797,71.76917264828533,69.18038609675557,71.1618025316406,1051800,2024-12-19
72.85447692871094,72.85447692871094,73.94973202588115,70.94275811221435,70.94275811221435,2221200,2024-12-20
72.42632293701172,72.42632293701172,72.81464054176084,70.96266076688296,72.17740100594206,618800,2024-12-23
72.71507263183594,72.71507263183594,73.06356181288686,72.17740035400263,72.31679602642299,309600,2024-12-24
72.90425872802734,72.90425872802734,73.46184144064875,71.62977961546714,72.09775407634356,353400,2024-12-26
72.66529846191406,72.66529846191406,73.26270961830257,72.17740597395954,72.17740597395954,474700,2024-12-27
71.978271484375,71.978271484375,72.50598479934915,71.1120203695243,71.62978227604253,328400,2024-12-30
71.7193832397461,71.7193832397461,72.80468677420953,71.30119623226223,72.59559327046759,444800,2024-12-31
71.17176055908203,71.17176055908203,72.61550469401683,70.69382711779996,72.43628060309784,658100,2025-01-02
73.47180938720703,73.47180938720703,73.74064177165529,70.45487633403064,71.251422078078,657000,2025-01-03
73.92981719970703,73.92981719970703,75.3138225974769,73.44193231759621,73.49171214838597,692700,2025-01-06
74.44757080078125,74.44757080078125,76.39912550389577,73.601237720351,74.22852587367166,533400,2025-01-07
74.86576843261719,74.86576843261719,74.9255072699939,72.90426224280073,74.26834967286968,468800,2025-01-08
72.99386596679688,72.99386596679688,74.6566702699939,72.75490303563174,73.05361239695912,1034500,2025-01-10
76.0904541015625,76.0904541015625,76.15020053066321,72.20727045577298,72.71507332240945,1356600,2025-01-13
74.40775299072266,74.40775299072266,78.10175383473086,73.83025224081429,76.1502066490187,1278400,2025-01-14
74.80602264404297,74.80602264404297,77.2255443331076,73.7605549984565,75.81166946203152,795100,2025-01-15
75.77183532714844,75.77183532714844,75.98092884050672,73.3523138204389,74.53718465929708,959000,2025-01-16
75.50300598144531,75.50300598144531,76.83722395680921,75.33374088245047,76.67791786260668,991000,2025-01-17
78.41040802001953,78.41040802001953,78.49006486084933,76.0805023994563,76.16015164379164,906200,2025-01-21
78.3705825805664,78.3705825805664,78.7987286206938,76.99653620821314,77.85282828846792,1176000,2025-01-22
76.57835388183594,76.57835388183594,78.78877446116029,74.12895515974196,78.78877446116029,1328200,2025-01-23
76.7177505493164,76.7177505493164,77.65369194645203,75.82162998057352,76.19998862226704,718000,2025-01-24
76.12033081054688,76.12033081054688,77.93248233932859,75.19434083396366,76.48873803873425,815200,2025-01-27
74.2782974243164,74.2782974243164,77.13592372431127,73.24278135320148,76.42898640197677,1585000,2025-01-28
71.52025604248047,71.52025604248047,73.68089673158573,70.81331862055411,73.68089673158573,1373300,2025-01-29
72.44624328613281,72.44624328613281,74.40774938177339,72.09775409067515,72.33671702520402,931000,2025-01-30
73.23283386230469,73.23283386230469,73.97959964228811,72.47610907823642,72.68520258505245,940200,2025-01-31
71.73931121826172,71.73931121826172,72.7549094628025,70.57435068336795,71.79905005720668,1323900,2025-02-03
72.23715209960938,72.23715209960938,74.46749061899555,71.45055783505687,71.7393082053226,2090600,2025-02-04
74.92549896240234,74.92549896240234,78.93811915318894,74.87571153911202,78.93811915318894,3093000,2025-02-05
74.68653869628906,74.68653869628906,76.69782456686876,73.12330926526343,76.69782456686876,2007000,2025-02-06
72.49601745605469,72.49601745605469,75.36360283249802,71.1617996128994,75.36360283249802,1215200,2025-02-07
69.61848449707031,69.61848449707031,71.6895168057278,67.34831768032805,71.02240784749986,2922600,2025-02-10
68.0452880859375,68.0452880859375,69.93709607716019,67.56736228390895,69.19033036455863,2067400,2025-02-11
67.14918518066406,67.14918518066406,67.89595100305937,66.05392256395513,67.69680889252375,1706200,2025-02-12
66.48206329345703,66.48206329345703,68.0851210718194,66.10370470841588,67.57732582264437,1766100,2025-02-13
65.73441314697266,65.73441314697266,67.52879650116539,65.54500309965836,67.39920455624937,1172600,2025-02-14
65.08644104003906,65.08644104003906,66.45217241911303,64.20918742467936,65.95373130923888,1507700,2025-02-18
65.5948486328125,65.5948486328125,65.86400346734005,63.311983789639896,63.32195474072825,1881200,2025-02-19
65.28581237792969,65.28581237792969,66.98051666129344,65.1861256802277,66.09329212221303,1729500,2025-02-20
64.71759033203125,64.71759033203125,66.66151517738724,64.37865403611924,66.0035692774062,1973200,2025-02-21
65.3555908203125,65.3555908203125,65.97366048660359,64.17926958808569,64.62787111551874,1122400,2025-02-24
64.019775390625,64.019775390625,66.26276031574004,63.04283130180024,65.81415876735252,1712700,2025-02-25
63.94999313354492,63.94999313354492,65.09640915746121,63.521333493493,64.35871087092981,1016300,2025-02-26
61.03909683227539,61.03909683227539,64.21914969077984,60.869628683114215,63.53130233973137,2022900,2025-02-27
61.557472229003906,61.557472229003906,61.776787517000336,60.7499963254927,60.90949731599822,2197100,2025-02-28
60.99921798706055,60.99921798706055,62.055914445421614,60.20171301980863,61.78675580594841,1813200,2025-03-03
59.93255615234375,59.93255615234375,60.80981354366029,58.79611106505837,60.51074964744895,1958600,2025-03-04
62.006072998046875,62.006072998046875,62.38488929515098,59.79299331865418,60.27149631366811,2143300,2025-03-05
63.19236373901367,63.19236373901367,64.6976580308282,61.467757943242404,61.467757943242404,2496600,2025-03-06
64.1693115234375,64.1693115234375,64.4484373293757,61.86651221603572,62.813547286984274,1991300,2025-03-07
62.703887939453125,62.703887939453125,64.59796552090572,62.205446870944925,63.51136003664213,2469300,2025-03-10
58.28770446777344,58.28770446777344,63.65092805932048,58.01854581274129,63.16245790236885,3067800,2025-03-11
60.05218505859375,60.05218505859375,60.111995556458055,56.42353067694258,58.4870765149443,3589200,2025-03-12
59.69330596923828,59.69330596923828,61.48769313165709,59.01542578299948,59.74314931764919,2636300,2025-03-13
61.9661979675293,61.9661979675293,62.21541851981228,59.97243354926541,60.35124985352063,2197700,2025-03-14
62.384891510009766,62.384891510009766,63.56120903776292,61.63722984073048,62.11573285273275,1531700,2025-03-17
62.63410949707031,62.63410949707031,62.67398189433194,60.92943807091132,62.61417139703763,1242700,2025-03-18
60.700157165527344,60.700157165527344,62.813546386188634,60.640346666714834,62.32507623280184,1520500,2025-03-19
60.15187072753906,60.15187072753906,61.13878575625285,59.46402339424405,60.48083986857451,992800,2025-03-20
60.42102813720703,60.42102813720703,60.949374463458554,59.26464498733337,59.78302416524965,2581200,2025-03-21
60.87959289550781,60.87959289550781,61.95622744814536,60.28146512368937,60.5207147112953,1121500,2025-03-24
59.792991638183594,59.792991638183594,61.667131168085284,59.14502051437333,61.02912719266437,1454500,2025-03-25
59.19486618041992,59.19486618041992,60.171810281397754,58.786144629982225,59.783026831323326,1912900,2025-03-26
59.76308822631836,59.76308822631836,60.600469420486164,58.91573608065121,59.1749275803814,1604500,2025-03-27
58.54689025878906,58.54689025878906,59.693306292466225,58.28770256396665,59.523834343587005,1505100,2025-03-28
58.44720458984375,58.44720458984375,59.02539428976141,56.52322163504187,57.79922963718055,1467700,2025-03-31
57.17119216918945,57.17119216918945,58.56682875860103,56.892066372428644,57.51013226645777,1675900,2025-04-01
58.19798278808594,58.19798278808594,58.4571704818968,56.64284521680956,56.86216051351364,1455900,2025-04-02
54.68895721435547,54.68895721435547,57.0116907252636,54.649081014328644,56.752503030696744,1989300,2025-04-03
51.55875015258789,51.55875015258789,53.58241986259419,50.19301875946667,52.844725339159176,2931900,2025-04-04
52.146907806396484,52.146907806396484,54.16061025094784,48.7575068991707,50.39239305343124,3815800,2025-04-07
48.65781784057617,48.65781784057617,53.6621665593028,48.18928202540745,53.09394025005376,3343900,2025-04-08
53.90141677856445,53.90141677856445,54.15063731251483,46.29520501761378,46.38492456194806,4371400,2025-04-09
49.106414794921875,49.106414794921875,52.48584859883949,48.24909930956501,52.48584859883949,2696100,2025-04-10
50.561866760253906,50.561866760253906,50.930712112090326,48.269034641715095,49.10641584777874,3195500,2025-04-11
52.376190185546875,52.376190185546875,52.585534528818094,50.78117643000477,51.78802955244889,1798200,2025-04-14
50.91077423095703,50.91077423095703,52.83475720314492,50.38242787582281,52.83475720314492,1295300,2025-04-15
49.82417297363281,49.82417297363281,51.708279763796476,49.564985269279646,51.07027575049279,1609300,2025-04-16
47.95003128051758,47.95003128051758,49.84410894141275,47.551280690668506,49.265915452346576,2741500,2025-04-17
47.36186981201172,47.36186981201172,47.62106130353007,45.86654657000229,47.082744023733795,2468700,2025-04-21
48.926979064941406,48.926979064941406,49.255948205842614,47.68087634388406,48.13944123256027,2148700,2025-04-22
50.00360870361328,50.00360870361328,53.37307144966528,49.87401295877954,51.150024702088885,1756800,2025-04-23
50.62167739868164,50.62167739868164,51.83787491158135,49.51513753731273,50.242864896961926,2472200,2025-04-24
50.0833625793457,50.0833625793457,50.21295452520031,48.99676084706512,50.183049276588285,1468300,2025-04-25
50.09333038330078,50.09333038330078,51.3693383781573,49.58492213622632,50.20298803338447,1556300,2025-04-28
50.34254837036133,50.34254837036133,50.591768906848266,49.39550957115024,50.053451635363615,1335500,2025-04-29
50.193016052246094,50.193016052246094,50.25283035182945,49.18616672748367,49.85407596021448,1530000,2025-04-30
49.47526168823242,49.47526168823242,50.6715210171618,48.06965802251138,49.91388846095831,1609800,2025-05-01
50.332584381103516,50.332584381103516,51.37930993948241,50.04348762796155,50.79114928434702,1525100,2025-05-02
49.64473342895508,49.64473342895508,50.88086904586346,49.53507577711596,50.33258458947175,1688800,2025-05-05
47.57122039794922,47.57122039794922,49.295826169257765,47.14256074234493,49.16623041684618,3186200,2025-05-06
48.59800720214844,48.59800720214844,50.23289340009005,46.6241809044284,49.83414280216496,3468200,2025-05-07
49.624794006347656,49.624794006347656,50.65158524392039,47.132588541138496,48.438505573917446,4635200,2025-05-08
49.78429412841797,49.78429412841797,50.611708153660906,49.62479313356199,49.84410842754034,3168900,2025-05-09
53.73195266723633,53.73195266723633,54.23039377248786,51.1599947387926,51.3793100420005,3352500,2025-05-12
51.449092864990234,51.449092864990234,53.49270069047692,51.39924951369621,53.28335633335964,2574100,2025-05-13
47.71078109741211,47.71078109741211,51.17993058051556,47.60112345064789,50.96061528698712,2849100,2025-05-14
48.089595794677734,48.089595794677734,48.34878347616174,46.20548536795274,47.88024765650592,2047800,2025-05-15
48.996761322021484,48.996761322021484,49.0266665709234,47.40174753105255,48.259066825742735,1616000,2025-05-16
49.206443786621094,49.206443786621094,49.24638499705263,47.86844370919251,48.237894192178985,2082000,2025-05-19
49.45607376098633,49.45607376098633,49.845491064773036,48.56740272229282,49.14653888310649,1852700,2025-05-20
46.59035873413086,46.59035873413086,48.79705934459802,46.20094142746063,48.6572689072296,2342000,2025-05-21
47.24937057495117,47.24937057495117,47.86844410575471,45.98126570077052,46.340728979625325,2050500,2025-05-22
46.71017837524414,46.71017837524414,46.899897232905715,46.14102942026689,46.17098723458403,1471200,2025-05-23
48.61732482910156,48.61732482910156,48.63729543454935,47.269341337906035,47.60883401251133,1854400,2025-05-27
47.858463287353516,47.858463287353516,48.76710493165926,47.17947790380596,48.59735668127052,2687500,2025-05-28
48.25786590576172,48.25786590576172,48.807044230296455,47.85846141027997,48.51747616152237,1572000,2025-05-29
48.327762603759766,48.327762603759766,48.956819561287446,47.15950689448725,48.06814853103091,11773100,2025-05-30
48.53744888305664,48.53744888305664,48.71718053295799,47.17947811002588,47.8085388846806,2430900,2025-06-02
48.707191467285156,48.707191467285156,49.456072043640724,47.46904438075262,48.20793774971477,1835400,2025-06-03
49.77559280395508,49.77559280395508,50.08513147191734,48.507491746730764,48.75711859892513,1827900,2025-06-04
48.23789596557617,48.23789596557617,49.975296784182724,47.80853746016112,49.725669923313674,2205800,2025-06-05
48.61732482910156,48.61732482910156,49.45607121289091,48.537446216313946,48.707190649114835,1191700,2025-06-06
49.8055534362793,49.8055534362793,50.484538817411696,48.87694118881892,49.496014750791275,2105100,2025-06-09
51.32328414916992,51.32328414916992,51.60286501463038,49.875447593457245,50.44459653186097,3973200,2025-06-10
51.46307373046875,51.46307373046875,52.74116201886107,51.07365644316194,51.53296894567748,2732300,2025-06-11
51.453086853027344,51.453086853027344,52.12208881446175,50.414642016552676,51.023728351704676,1811600,2025-06-12
50.44459533691406,50.44459533691406,51.273354515184366,50.224922485539594,50.41464133318246,1915500,2025-06-13
51.552940368652344,51.552940368652344,51.58289437307283,49.64579130414108,50.544445717788264,1635500,2025-06-16
49.426116943359375,49.426116943359375,51.16352151793597,49.02671245455911,50.824028845156796,2335100,2025-06-17
50.055179595947266,50.055179595947266,50.34474386195696,48.97678972031292,49.50600125957955,2164700,2025-06-18
49.81553649902344,49.81553649902344,50.464567870700705,49.64579205938691,50.25488221856018,2577400,2025-06-20
49.226417541503906,49.226417541503906,49.895419527524865,48.337746502061314,49.73565848458017,1375000,2025-06-23
49.92537307739258,49.92537307739258,50.174999942779536,49.35622412903059,50.02522229994589,1580900,2025-06-24
51.81254959106445,51.81254959106445,53.20047430015736,49.19646120826336,49.75562673661164,3881700,2025-06-25
52.72119140625,52.72119140625,53.33028154641994,50.53446151143008,51.403161906769014,2348800,2025-06-26
51.76262664794922,51.76262664794922,52.92089514402432,51.023729454882364,52.92089514402432,2486400,2025-06-27
51.373207092285156,51.373207092285156,52.05219243694187,50.71419235294229,51.93236880505881,1917500,2025-06-30
52.00226974487305,52.00226974487305,53.86947760699932,49.815535994951595,51.04369969949477,2532600,2025-07-01
53.100624084472656,53.100624084472656,53.1505486929049,51.483043155446445,52.08214607464031,1805400,2025-07-02
53.06068420410156,53.06068420410156,53.539967313270665,52.62134230628077,53.230432447830125,843100,2025-07-03
51.46307373046875,51.46307373046875,52.7211914132295,50.89392480148132,52.7211914132295,2101700,2025-07-07
52.60137176513672,52.60137176513672,53.350252338320324,51.18348923256057,51.602864334225245,1664200,2025-07-08
52.511505126953125,52.511505126953125,53.52998314771647,51.752641167229356,52.83102719515298,1513000,2025-07-09
54.32878875732422,54.32878875732422,55.44711600506249,52.261878695511754,52.591384164567025,1985700,2025-07-10
54.0591926574707,54.0591926574707,54.37871473630069,53.35025328312942,53.599880145278064,1420800,2025-07-11
52.54146194458008,52.54146194458008,53.59988123280673,52.211956460540165,53.29034254622063,1592300,2025-07-14
51.3432502746582,51.3432502746582,53.280357128596705,51.19347644540754,52.910910445640795,1526300,2025-07-15
51.71269989013672,51.71269989013672,51.97231014183986,50.644297261775435,51.902414927573496,1073500,2025-07-16
53.2104606628418,53.2104606628418,53.25040187330489,51.5529385186583,51.842502772007016,1275300,2025-07-17
51.94235610961914,51.94235610961914,53.80956390642472,51.66277525270805,53.629832267266586,1805700,2025-07-18
50.194969177246094,50.194969177246094,51.89243257728595,49.63580364282014,51.86247476413577,2599000,2025-07-21
53.040714263916016,53.040714263916016,53.480059976252726,50.60435747615381,50.85398433670745,1649900,2025-07-22
55.227447509765625,55.227447509765625,55.90643286916312,54.00926722219889,55.57692358783629,2631300,2025-07-23
58.38273239135742,58.38273239135742,58.5724474374715,54.728195240976625,55.227448970859264,4382500,2025-07-24
58.692264556884766,58.692264556884766,59.41119111361127,57.67378653785673,58.77214697830038,2697000,2025-07-25
58.462608337402344,58.462608337402344,59.970356665829385,58.27289329995277,58.73220579630659,2952200,2025-07-28
57.78362274169922,57.78362274169922,58.852025365522145,57.35426425074195,58.3627588677359,2100400,2025-07-29
57.623863220214844,57.623863220214844,58.41268500885425,57.01477307478451,58.11313353984033,1981200,2025-07-30
54.648311614990234,54.648311614990234,57.65382113588046,54.528491788972445,56.64532649063689,2876900,2025-07-31
54.80807113647461,54.80807113647461,54.99778998217497,52.910909342495415,53.72968511413969,1771200,2025-08-01
54.79808807373047,54.79808807373047,55.19748875485322,53.629832415963456,54.33877176738422,1847300,2025-08-04
54.55844497680664,54.55844497680664,55.14756450866689,53.879459624526916,54.91790825848456,2616800,2025-08-05
49.79556655883789,49.79556655883789,54.47856903997171,47.58886596002419,53.08065705566233,6682400,2025-08-06
50.07514953613281,50.07514953613281,50.77410169548571,49.076642098196,50.43460901422705,3135300,2025-08-07
50.34474182128906,50.34474182128906,50.50450666365113,49.48602864761389,50.30480441970204,1898100,2025-08-08
50.07514953613281,50.07514953613281,51.2833426218755,49.60584982142136,50.13505754464672,1965100,2025-08-11
52.75114822387695,52.75114822387695,52.82104343775764,49.96531163976345,50.07514806414838,2057300,2025-08-12
54.62834167480469,54.62834167480469,54.74816531128614,52.8410124251613,53.1006264952008,1667000,2025-08-13
53.6597900390625,53.6597900390625,54.09913192944693,53.140565727333545,53.7796098620758,1597100,2025-08-14
53.519996643066406,53.519996643066406,54.29883502740526,53.310310997245914,54.24891041778184,1305900,2025-08-15
53.290000915527344,53.290000915527344,54.13999938964844,53.06999969482422,53.439998626708984,1325600,2025-08-18
54.869998931884766,54.869998931884766,54.91999816894531,53.33000183105469,53.33000183105469,1617600,2025-08-19
54.33000183105469,54.33000183105469,54.95000076293945,53.9900016784668,54.68000030517578,1661400,2025-08-20
54.0,54.0,54.939998626708984,53.88999938964844,54.65999984741211,1872900,2025-08-21
57.09000015258789,57.09000015258789,57.43000030517578,54.310001373291016,54.88999938964844,1442400,2025-08-22
56.709999084472656,56.709999084472656,56.939998626708984,55.77000045776367,56.86000061035156,2317300,2025-08-25
56.790000915527344,56.790000915527344,57.599998474121094,56.11000061035156,56.63999938964844,1870500,2025-08-26
56.220001220703125,56.220001220703125,57.369998931884766,56.02000045776367,56.880001068115234,1813900,2025-08-27
54.33000183105469,54.33000183105469,56.599998474121094,52.93000030517578,56.22999954223633,4028800,2025-08-28
54.630001068115234,54.630001068115234,55.25,54.09000015258789,54.150001525878906,1720800,2025-08-29
53.41999816894531,53.41999816894531,54.380001068115234,52.310001373291016,54.16999816894531,1738900,2025-09-02
53.34000015258789,53.34000015258789,54.040000915527344,52.810001373291016,53.599998474121094,2340600,2025-09-03
52.91999816894531,52.91999816894531,53.189998626708984,51.619998931884766,53.189998626708984,2402200,2025-09-04
54.40999984741211,54.40999984741211,54.47999954223633,52.77000045776367,53.040000915527344,1745300,2025-09-05
54.11000061035156,54.11000061035156,54.33000183105469,53.290000915527344,54.04999923706055,2427800,2025-09-08
54.20000076293945,54.20000076293945,54.540000915527344,53.4900016784668,54.189998626708984,2229700,2025-09-09
50.959999084472656,50.959999084472656,54.619998931884766,50.869998931884766,53.900001525878906,3130200,2025-09-10
53.209999084472656,53.209999084472656,53.400001525878906,50.97999954223633,51.02000045776367,1846500,2025-09-11
51.2599983215332,51.2599983215332,52.959999084472656,50.7599983215332,52.959999084472656,1982100,2025-09-12
51.619998931884766,51.619998931884766,51.869998931884766,51.02000045776367,51.52000045776367,2006200,2025-09-15
51.779998779296875,51.779998779296875,52.20000076293945,50.959999084472656,51.52000045776367,3987600,2025-09-16
51.52000045776367,51.52000045776367,53.75,51.099998474121094,51.84000015258789,1819900,2025-09-17
52.9900016784668,52.9900016784668,53.2599983215332,51.79999923706055,52.029998779296875,1647100,2025-09-18
53.150001525878906,53.150001525878906,53.43000030517578,51.959999084472656,53.2400016784668,4477800,2025-09-19
53.040000915527344,53.040000915527344,54.0,52.5,53.0099983215332,2437800,2025-09-22
52.91999816894531,52.91999816894531,54.56999969482422,52.7400016784668,53.060001373291016,2392000,2025-09-23
51.220001220703125,51.220001220703125,53.08000183105469,50.880001068115234,52.91999816894531,2320500,2025-09-24
50.47999954223633,50.47999954223633,51.380001068115234,50.130001068115234,50.779998779296875,2461400,2025-09-25
51.849998474121094,51.849998474121094,52.08000183105469,50.52000045776367,50.560001373291016,1695700,2025-09-26
52.22999954223633,52.22999954223633,52.459999084472656,51.31999969482422,52.11000061035156,2974600,2025-09-29
55.630001068115234,55.630001068115234,55.72999954223633,51.75,52.22999954223633,3640600,2025-09-30
59.91999816894531,59.91999816894531,60.16999816894531,54.400001525878906,55.56999969482422,3836400,2025-10-01
62.09000015258789,62.09000015258789,62.81999969482422,59.560001373291016,60.130001068115234,7247100,2025-10-02
62.95000076293945,62.95000076293945,63.869998931884766,61.869998931884766,62.41999816894531,3493000,2025-10-03
61.91999816894531,61.91999816894531,63.099998474121094,61.5,62.95000076293945,2820100,2025-10-06
59.189998626708984,59.189998626708984,63.279998779296875,58.9900016784668,62.099998474121094,2549000,2025-10-07
60.560001373291016,60.560001373291016,61.060001373291016,58.86000061035156,59.16999816894531,2095100,2025-10-08
59.900001525878906,59.900001525878906,60.970001220703125,59.619998931884766,60.560001373291016,1630800,2025-10-09
58.65999984741211,58.65999984741211,60.06999969482422,57.849998474121094,59.95000076293945,1600100,2025-10-10
59.650001525878906,59.650001525878906,59.880001068115234,58.22999954223633,59.349998474121094,1565400,2025-10-13
59.27000045776367,59.27000045776367,60.08000183105469,58.150001525878906,58.72999954223633,1691200,2025-10-14
59.58000183105469,59.58000183105469,60.58000183105469,58.779998779296875,59.630001068115234,1351500,2025-10-15
61.599998474121094,61.599998474121094,62.369998931884766,59.61000061035156,59.619998931884766,1797900,2025-10-16
61.86000061035156,61.86000061035156,62.43000030517578,61.16999816894531,61.33000183105469,1991700,2025-10-17
62.540000915527344,62.540000915527344,63.540000915527344,62.060001373291016,62.5,1490400,2025-10-20
63.459999084472656,63.459999084472656,64.94000244140625,62.63999938964844,63.380001068115234,1942800,2025-10-21
63.790000915527344,63.790000915527344,64.80000305175781,62.900001525878906,63.36000061035156,1691100,2025-10-22
66.05999755859375,66.05999755859375,66.4000015258789,63.290000915527344,63.79999923706055,2368500,2025-10-23
65.91000366210938,65.91000366210938,66.95999908447266,65.80999755859375,66.30000305175781,1806800,2025-10-24
