Price,Close,High,Low,Open,Volume,Date
153.9022979736328,153.9022979736328,155.72096706809978,153.48814043685772,155.49588473544569,10159200,2021-10-25
154.31646728515625,154.31646728515625,155.29783685860588,153.5421833832987,153.9563409885452,8015100,2021-10-26
151.10226440429688,151.10226440429688,153.68620503651383,150.66109811233576,153.34408925260362,9847000,2021-10-27
153.38011169433594,153.38011169433594,153.51515560437244,151.21932670613648,151.5254353941765,7212900,2021-10-28
152.9569549560547,152.9569549560547,155.07273445463179,152.50679027447964,154.11837378982656,8140100,2021-10-29
152.8759307861328,152.8759307861328,155.15376300828473,152.16466288587773,154.89265979601123,7435500,2021-11-01
153.4791259765625,153.4791259765625,154.57752874363607,152.08361291302472,152.8759070369293,7173800,2021-11-02
153.5331573486328,153.5331573486328,154.07336043407602,152.29069849487448,153.17303111696074,8402700,2021-11-03
151.51641845703125,151.51641845703125,153.2360507920958,149.8958366367367,153.05598767183366,9574200,2021-11-04
151.30035400390625,151.30035400390625,153.13701988163567,150.7241437542327,152.06562572882018,7975600,2021-11-05
152.20965576171875,152.20965576171875,153.88426866072862,151.92155755499394,152.2006574151733,6413700,2021-11-08
151.05723571777344,151.05723571777344,151.67846507881575,149.99485383037572,150.67010074665066,7990300,2021-11-09
150.9132080078125,150.9132080078125,152.11064774547864,150.4360345299825,150.76015366001195,6999200,2021-11-10
150.90420532226562,150.90420532226562,151.86755059848315,150.26496542882586,150.8231789765712,5815300,2021-11-11
150.2289581298828,150.2289581298828,151.02125236583242,149.20258320510072,150.94021228229332,8113400,2021-11-12
149.95887756347656,149.95887756347656,151.0662789888683,149.4546952474588,150.54409997437688,6492500,2021-11-15
148.87844848632812,148.87844848632812,150.41801758116407,148.66236451609,150.40900549619514,9706100,2021-11-16
148.0771942138672,148.0771942138672,149.0585500734178,147.1048367036741,148.7434429906489,9909600,2021-11-17
146.79869079589844,146.79869079589844,148.41928623583098,146.3575245062146,148.00512872531814,8122500,2021-11-18
144.88099670410156,144.88099670410156,145.95239082386934,143.55751146649848,145.22312625170755,12193600,2021-11-19
147.96913146972656,147.96913146972656,149.43665894167265,146.74468302653472,147.7980666982759,14549900,2021-11-22
151.50741577148438,151.50741577148438,151.7595068802208,148.88745417218593,149.0045013790761,12354400,2021-11-23
150.3189697265625,150.3189697265625,152.55178230262348,149.85079469454,151.66946353060425,9629800,2021-11-24
145.79031372070312,145.79031372070312,146.43855190135795,142.99030284823365,145.9793889142002,13619300,2021-11-26
145.16009521484375,145.16009521484375,148.3562671100349,143.89064129000658,147.03278188509077,12104400,2021-11-29
142.99929809570312,142.99929809570312,144.61989351221192,142.51311260178335,143.29640840022427,18922600,2021-11-30
142.1529998779297,142.1529998779297,146.99677615512337,142.07197353390134,144.95302469326103,12253400,2021-12-01
145.14207458496094,145.14207458496094,146.97874008559725,142.97227794264234,143.89961590816,12969900,2021-12-02
142.5131072998047,142.5131072998047,145.7002804566872,141.52275339284643,145.40317016321958,12681800,2021-12-03
144.19676208496094,144.19676208496094,146.4025663992508,143.5665342434405,144.96203384325838,11186500,2021-12-06
146.36654663085938,146.36654663085938,147.1048095420635,145.0970789710085,145.74531719144574,9851600,2021-12-07
144.69190979003906,144.69190979003906,146.99675031232377,144.2057243354718,146.44754895834708,11705700,2021-12-08
144.46685791015625,144.46685791015625,144.89000007853895,142.83725019755852,143.7375795747582,11189600,2021-12-09
143.8906707763672,143.8906707763672,145.58328093564822,143.26944120822017,145.24116505914304,10405400,2021-12-10
142.1799774169922,142.1799774169922,143.86358852777227,141.60376731173525,143.602499119518,12069000,2021-12-13
143.26939392089844,143.26939392089844,144.85396841069493,141.62178979116553,141.7568336796954,12563600,2021-12-14
142.19802856445312,142.19802856445312,143.9176610268092,141.66683751208237,143.9176610268092,14014200,2021-12-15
144.4218292236328,144.4218292236328,145.6912968593471,142.8822600448826,144.4038187906477,19542800,2021-12-16
141.13563537597656,141.13563537597656,143.49450780556813,139.71311323936482,143.4404902382687,28082000,2021-12-17
138.59669494628906,138.59669494628906,139.2809402701443,136.70599791693775,139.10987550469676,15148000,2021-12-20
140.53236389160156,140.53236389160156,141.51371929932012,139.63203480460876,139.92014670665364,11291300,2021-12-21
141.0815887451172,141.0815887451172,141.40570782008044,139.76711575182955,140.2262787172217,7273000,2021-12-22
141.58578491210938,141.58578491210938,143.26039800859007,141.54077943614138,141.90090567149701,8055200,2021-12-23
142.39608764648438,142.39608764648438,142.43209477436486,140.75748170025307,141.8919054285471,6188100,2021-12-27
142.8282012939453,142.8282012939453,144.18769322665386,142.32401921924364,142.43205431012794,6342300,2021-12-28
142.75621032714844,142.75621032714844,143.7195692637006,142.38707202036107,143.01731351504574,6398900,2021-12-29
142.6842041015625,142.6842041015625,144.26879268932925,142.5851673148271,143.25141603813236,6948200,2021-12-30
142.56716918945312,142.56716918945312,143.41346730460756,142.2160412650788,142.65719388871463,5805900,2021-12-31
145.5832061767578,145.5832061767578,146.42951769077538,143.61148333834055,143.92660400434497,13120900,2022-01-03
151.10226440429688,151.10226440429688,151.77751136292648,147.8610735077009,147.93310149850686,20195800,2022-01-04
148.33982849121094,148.33982849121094,152.48805593761367,148.29453941942515,151.9989698950665,17539400,2022-01-05
149.915771484375,149.915771484375,151.59135629326423,148.42131529126183,151.17473007235895,14047500,2022-01-06
151.40113830566406,151.40113830566406,151.73625245188626,149.49910846864762,150.0516017969025,13913300,2022-01-07
151.54611206054688,151.54611206054688,153.34849832552965,149.92485444840474,153.13113288589304,12922500,2022-01-10
151.70005798339844,151.70005798339844,152.63295469017265,150.6312940797368,152.39745707701402,11854100,2022-01-11
152.5604705810547,152.5604705810547,153.6020498227436,151.41924711872815,152.57858896846884,12568000,2022-01-12
152.37030029296875,152.37030029296875,153.8013492115644,152.0623567310679,152.469930718323,13623400,2022-01-13
143.0050811767578,143.0050811767578,145.8490603353332,142.1084074389489,145.60451043951582,40158400,2022-01-14
137.0091552734375,137.0091552734375,141.0939739434792,136.34796544232597,141.0939739434792,32324800,2022-01-18
134.88978576660156,134.88978576660156,137.87868475654378,134.5456192353533,137.2809160147825,22380000,2022-01-19
133.73951721191406,133.73951721191406,136.41140640228232,133.46779662198367,134.9441345650549,14860800,2022-01-20
131.40277099609375,131.40277099609375,133.60367923339652,130.66913491699282,133.5946269458558,20705400,2022-01-21
131.2849578857422,131.2849578857422,131.7649914758383,126.41216225906928,128.8666715487638,28471400,2022-01-24
132.716064453125,132.716064453125,133.00590348281378,127.51719087543897,130.10756846706852,18915900,2022-01-25
133.9749755859375,133.9749755859375,136.3751575510209,132.19976053325192,134.69955908143967,20709100,2022-01-26
131.61106872558594,131.61106872558594,136.20310708218912,130.54231846918796,135.3336038703069,17536800,2022-01-27
132.78846740722656,132.78846740722656,132.92432075660028,128.76704242240837,130.5966125088926,14117000,2022-01-28
134.59091186523438,134.59091186523438,134.76298822526724,131.0314008973616,131.90995637140296,13985700,2022-01-31
136.90049743652344,136.90049743652344,137.19033642850434,134.31918628807702,134.67241892187636,14584900,2022-02-01
135.80455017089844,135.80455017089844,136.71027611434016,134.11084707915236,136.31175448798083,12441100,2022-02-02
134.6814422607422,134.6814422607422,137.35333097498565,134.31009131468738,135.8588887270999,12474900,2022-02-03
138.1775360107422,138.1775360107422,139.02892053667412,134.74484105691621,135.043732251357,16654400,2022-02-04
138.6394805908203,138.6394805908203,139.13761881712205,136.62876783572545,138.82062302041015,12572300,2022-02-07
141.24794006347656,141.24794006347656,143.53942530189818,140.20636088975013,140.38750329123133,20411400,2022-02-08
141.8367156982422,141.8367156982422,142.58845621481652,141.13025043137,141.82764959207475,9131100,2022-02-09
141.24794006347656,141.24794006347656,144.037577271181,140.58676407894447,141.8910114820561,16455600,2022-02-10
139.40936279296875,139.40936279296875,143.27681719674055,138.548925742649,140.94004214768395,16830000,2022-02-11
138.11415100097656,138.11415100097656,139.19195324052455,136.14872740611025,138.33151637755998,17026500,2022-02-14
140.13392639160156,140.13392639160156,141.23891320591656,139.34594920215534,139.94371785262393,9500000,2022-02-15
140.3875274658203,140.3875274658203,141.3838315759485,139.24631770172218,139.24631770172218,9076500,2022-02-16
137.15411376953125,137.15411376953125,139.23728682301257,136.46576682311112,138.57611055735342,11367500,2022-02-17
137.79714965820312,137.79714965820312,139.6086016131264,136.88237139626827,137.7880973737299,11733300,2022-02-18
137.55259704589844,137.55259704589844,138.79345100819685,136.2302448843944,136.40233502794334,11333500,2022-02-22
134.67239379882812,134.67239379882812,138.8477909836843,134.02027000880815,138.6847531260387,11799000,2022-02-23
130.92271423339844,130.92271423339844,131.32123593995007,126.60239674414953,129.4644946182167,25655100,2022-02-24
134.02029418945312,134.02029418945312,135.97666591249188,131.24877449195674,131.55671805383773,18367700,2022-02-25
128.4319610595703,128.4319610595703,131.38462310855166,127.59869472342127,130.0169817014402,31315300,2022-02-28
123.58631896972656,123.58631896972656,127.23639391091335,120.98688958220644,126.83787223053751,36840400,2022-03-01
126.1495132446289,126.1495132446289,126.83786001334094,123.73122653922604,124.34711357118707,19405600,2022-03-02
125.25283813476562,125.25283813476562,127.68924320189471,124.1387990629064,126.65671615035363,16640800,2022-03-03
121.7295913696289,121.7295913696289,122.65343593005038,119.91813903484108,122.21869123938097,21016000,2022-03-04
117.02886199951172,117.02886199951172,120.18078459525098,116.79336439562074,119.70980320775094,27560100,2022-03-07
116.20465087890625,116.20465087890625,119.36562583689386,115.27174727580395,117.41832042621543,19207800,2022-03-08
120.86007690429688,120.86007690429688,122.49038643129904,119.95435092488252,120.37097713605539,17536200,2022-03-09
119.42903137207031,119.42903137207031,120.86913240074048,118.0342194076307,119.42903137207031,15604200,2022-03-10
116.73902130126953,116.73902130126953,121.43974136046774,116.31332898398264,119.99964036553467,20061800,2022-03-11
117.89836120605469,117.89836120605469,120.38910790558103,117.04697648660766,117.25530343389914,15786900,2022-03-14
119.99058532714844,119.99058532714844,120.95971885128739,118.76786343049186,119.3746982361421,15096600,2022-03-15
125.35246276855469,125.35246276855469,125.43398860539807,121.75672973274604,122.15525135187056,20354900,2022-03-16
126.93745422363281,126.93745422363281,126.9736909918151,123.10623829488121,123.95762268355439,17050500,2022-03-17
126.89224243164062,126.89224243164062,127.57153706174516,125.40685205995678,126.97375447038486,23656500,2022-03-18
126.48466491699219,126.48466491699219,127.49002160438341,125.65139842784683,127.11868434637923,12676100,2022-03-21
129.17462158203125,129.17462158203125,130.36112028276176,128.35947381183968,128.85762581374797,13548600,2022-03-22
126.60240173339844,126.60240173339844,128.2417638742679,126.0770789013584,127.68927036300892,12093200,2022-03-23
127.42659759521484,127.42659759521484,127.44471598552568,125.99554880687354,127.07336499570722,10017600,2022-03-24
128.54063415527344,128.54063415527344,129.68184395678463,127.52622544281904,127.78887990576449,8383500,2022-03-25
127.58961486816406,127.58961486816406,127.68019299462321,124.89960759165174,126.80163768504003,10818100,2022-03-28
127.87042999267578,127.87042999267578,130.0622997592587,127.0190588957464,129.83586818852203,11316500,2022-03-29
127.29071807861328,127.29071807861328,128.72176672845208,126.72012013173028,128.5225059151656,8771000,2022-03-30
123.46857452392578,123.46857452392578,127.11864918559685,123.41421935507813,126.64766779755745,17353900,2022-03-31
122.55376434326172,122.55376434326172,124.45579418416995,121.18612326507564,124.44672808055846,15721300,2022-04-01
123.09723663330078,123.09723663330078,124.03013340359544,120.36193996238805,121.47597918725077,17416400,2022-04-04
121.6646728515625,121.6646728515625,123.54429588984593,121.36356616250917,122.33076367403855,12110300,2022-04-05
119.97667694091797,119.97667694091797,120.95297998297751,119.49308511137706,120.05879315588405,12914700,2022-04-06
119.61170196533203,119.61170196533203,120.3690284922998,117.45834398585835,119.48396098022441,12994200,2022-04-07
121.80155181884766,121.80155181884766,122.175641426288,119.97667284953658,120.1409052738682,13126900,2022-04-08
121.35446166992188,121.35446166992188,123.08809126754592,120.96211934141478,121.35446166992188,10466400,2022-04-11
120.02228546142578,120.02228546142578,122.79610933254386,119.25583962442809,120.56975472940803,12989900,2022-04-12
116.153564453125,116.153564453125,117.93281889759626,114.97651652779719,115.82508563855157,30838000,2022-04-13
115.0768814086914,115.0768814086914,117.06599995552259,114.07319230968737,115.42360594020823,18835200,2022-04-14
117.21200561523438,117.21200561523438,117.9237074408653,114.54767649999559,114.66629115048,11834400,2022-04-18
119.6390609741211,119.6390609741211,119.82156000953665,117.00211141593735,117.20284921671714,15015400,2022-04-19
120.0588150024414,120.0588150024414,121.81981690541448,119.83982446662768,120.9165105309727,13430200,2022-04-20
119.12809753417969,119.12809753417969,121.18108638577347,118.58064219405436,120.64275042836431,12174200,2022-04-21
115.70645904541016,115.70645904541016,119.09161595859376,115.59697075284797,118.87262545074654,14318800,2022-04-22
115.66996765136719,115.66996765136719,115.98932708769678,112.33044225956453,114.97651855182636,17149000,2022-04-25
112.24832916259766,112.24832916259766,115.3415061591888,112.11146877628332,113.72648398705482,17209500,2022-04-26
110.78840637207031,110.78840637207031,112.74102641482857,110.60592125010383,111.6187296881485,17215200,2022-04-27
112.54029083251953,112.54029083251953,112.82315182693868,110.5329266056911,112.05669898450658,13015600,2022-04-28
108.90879821777344,108.90879821777344,112.78666676719263,108.48907681014093,112.27570278596386,14874800,2022-04-29
109.90335083007812,109.90335083007812,110.14058708345043,107.86861435018751,109.38326051857548,18545000,2022-05-02
112.25743865966797,112.25743865966797,113.29761920770723,110.20444963674393,110.88877931105195,15720900,2022-05-03
115.97107696533203,115.97107696533203,116.24481164214498,111.99283957412602,112.04759068630582,17128500,2022-05-04
113.06950378417969,113.06950378417969,115.05862221863555,111.46361523922091,114.28305001797143,15055400,2022-05-05
112.88703155517578,112.88703155517578,113.40712186313881,110.56943407156591,112.96002839592614,14417900,2022-05-06
111.18989562988281,111.18989562988281,112.53118302104582,109.94897715651854,111.41800554099592,14312300,2022-05-09
108.47994232177734,108.47994232177734,112.94177136093853,107.2663959960867,112.3304385062324,16382400,2022-05-10
107.79560852050781,107.79560852050781,112.12969640875676,107.6131233939682,108.85404174624942,14630300,2022-05-11
107.70438385009766,107.70438385009766,107.95986585424073,105.26817150312439,106.75544571945015,16318800,2022-05-12
108.66242980957031,108.66242980957031,109.72086309858621,107.63137555639733,108.9544171676672,10443200,2022-05-13
107.90511322021484,107.90511322021484,109.00003799803468,106.96530150966979,108.160595204282,10269000,2022-05-16
111.48186492919922,111.48186492919922,112.20269301185418,110.231820234768,110.44168439507973,11160200,2022-05-17
109.57488250732422,109.57488250732422,111.29027363422342,109.06391849234791,110.67894069325354,12664900,2022-05-18
107.95072174072266,107.95072174072266,109.17339436678051,107.33026256362494,107.84123344917452,12765800,2022-05-19
107.06566619873047,107.06566619873047,109.19165227399658,104.94880646923177,109.00004078105394,13150100,2022-05-20
113.6899642944336,113.6899642944336,115.48747128628357,109.90333884437781,109.9124651888789,24376700,2022-05-23
115.29586791992188,115.29586791992188,116.32692215742304,112.33043923260158,113.47098872772477,19324900,2022-05-24
116.09882354736328,116.09882354736328,116.66453865804236,114.2100736782396,115.2228822852992,12780400,2022-05-25
118.10618591308594,118.10618591308594,118.79051562387154,116.98388908576017,117.12986884279115,15990900,2022-05-26
119.77594757080078,119.77594757080078,119.77594757080078,117.83244681003467,118.76313908004249,11177800,2022-05-27
120.65189361572266,120.65189361572266,121.49133644104775,118.35255567263742,118.78138950845316,17015000,2022-05-31
118.5350341796875,118.5350341796875,121.23584765369716,117.40360404057749,121.23584765369716,10768000,2022-06-01
120.44202423095703,120.44202423095703,120.45114361455181,117.40359876713113,118.52589554910259,8374800,2022-06-02
118.76314544677734,118.76314544677734,120.23217380631054,118.60803238058115,119.72120984172922,8596000,2022-06-03
118.37078857421875,118.37078857421875,120.79788131655943,118.12443989999359,119.61170702030299,11323500,2022-06-06
118.68101501464844,118.68101501464844,118.90912489458184,117.35796657285708,117.54958499799888,6722200,2022-06-07
116.79227447509766,116.79227447509766,118.11530917484106,115.78859225859969,117.70471411943436,8422100,2022-06-08
114.33780670166016,114.33780670166016,116.8835210414605,114.30130828144978,116.21743705500437,13560100,2022-06-09
109.0821533203125,109.0821533203125,112.595044270681,108.87228915632453,111.85596348564636,12945200,2022-06-10
105.8338623046875,105.8338623046875,107.62224300167676,104.98529323792286,106.6276872256484,16805600,2022-06-13
104.07288360595703,104.07288360595703,107.04743936732109,103.30643749887368,105.43242394947352,13357900,2022-06-14
105.30465698242188,105.30465698242188,106.70980783248368,103.26078727779048,105.49626846197576,14083500,2022-06-15
103.4980239868164,103.4980239868164,104.25535052466779,102.07462044009753,103.89037329281734,16724900,2022-06-16
103.1330337524414,103.1330337524414,104.592935534424,102.3392158567113,103.59837983841614,30919900,2022-06-17
105.68788146972656,105.68788146972656,106.78280621482702,104.96705334401342,105.72437988941148,11680500,2022-06-21
105.09479522705078,105.09479522705078,106.02548057217425,104.3739670952002,104.82106055776408,9842700,2022-06-22
103.94512176513672,103.94512176513672,105.09479765681445,101.71877378482223,104.939684589268,11851500,2022-06-23
107.04741668701172,107.04741668701172,107.5036365001956,102.95056471380178,103.31554195662126,14841100,2022-06-24
106.18972778320312,106.18972778320312,108.12410241692119,105.5145243670806,107.72262672883423,11280500,2022-06-27
105.67875671386719,105.67875671386719,108.84492331519465,105.47801888326195,107.36676862185207,11590900,2022-06-28
105.20429229736328,105.20429229736328,106.59119747425548,104.68420198585846,105.84299725487378,9338400,2022-06-29
102.74981689453125,102.74981689453125,104.09110412873183,101.2169181927822,103.26078080799387,15172600,2022-06-30
104.06373596191406,104.06373596191406,104.40133414825277,101.42678615597688,102.78631916895507,10573600,2022-07-01
103.66793060302734,103.66793060302734,103.75077320543755,100.61183497550743,101.96497997545549,12514200,2022-07-05
102.99593353271484,102.99593353271484,104.00849381821563,101.98337324721408,102.84865548426649,10656200,2022-07-06
105.60099792480469,105.60099792480469,105.76669014630984,104.3859239747469,104.4779736482631,10347400,2022-07-07
105.26961517333984,105.26961517333984,106.4570749427177,104.57923207646482,106.00602661918255,8807800,2022-07-08
103.88883972167969,103.88883972167969,105.14994192784845,103.2997134266807,104.5239943615446,7939500,2022-07-11
103.99009704589844,103.99009704589844,106.02442489207306,103.33653527818129,103.63109842733463,11250900,2022-07-12
103.01435852050781,103.01435852050781,103.53904935240601,101.6059712131542,102.86707343361876,12979900,2022-07-13
99.4151611328125,99.4151611328125,99.62688169568881,97.62936802808609,99.40595405887709,26204800,2022-07-14
103.97168731689453,103.97168731689453,104.82776260283421,99.11139163785882,100.48295772392696,18863900,2022-07-15
102.90390014648438,102.90390014648438,106.6319645630104,102.44364476002882,105.64701831691312,13977900,2022-07-18
105.45369720458984,105.45369720458984,105.80349574424046,103.71393264802282,104.13736670181247,11862300,2022-07-19
105.435302734375,105.435302734375,105.61940207622342,104.45956358128687,105.03027575478082,11667500,2022-07-20
106.15328979492188,106.15328979492188,106.34659619216161,104.35829680416785,105.34324293654501,11595900,2022-07-21
105.63780212402344,105.63780212402344,107.00936099966074,104.63444188293715,106.07964329466019,7645500,2022-07-22
106.06122589111328,106.06122589111328,107.20265699804271,105.64699193298877,106.63193793310894,9394000,2022-07-25
104.40432739257812,104.40432739257812,106.39263398002949,104.04532876255603,105.47212323167749,10675100,2022-07-26
106.07965850830078,106.07965850830078,106.53991389043685,104.29387240121184,104.94743420109229,9337400,2022-07-27
105.683837890625,105.683837890625,106.76084081504135,104.50558524392173,106.08886487153165,10384800,2022-07-28
106.19012451171875,106.19012451171875,107.23950624273088,105.66543364621269,106.40183805900826,12944500,2022-07-29
105.13152313232422,105.13152313232422,105.95998414270461,104.0821415268221,105.39847207027674,14740400,2022-08-01
103.49302673339844,103.49302673339844,105.30643408415578,103.34574163835994,104.86458582198014,14942900,2022-08-02
104.5792236328125,104.5792236328125,105.03027191993033,102.83025185735183,104.43193854635965,14394500,2022-08-03
103.42858123779297,103.42858123779297,104.31227065357461,102.1950932666604,103.8796295074969,18033900,2022-08-04
106.55831909179688,106.55831909179688,106.95413896811796,103.14322528583554,103.58506648274235,14174600,2022-08-05
105.2603988647461,105.2603988647461,107.4235976405949,105.10391372868806,107.00937062798492,10332500,2022-08-08
106.20854187011719,106.20854187011719,106.77005406380378,105.2788309460281,105.6286225490867,10233800,2022-08-09
108.97926330566406,108.97926330566406,109.8813668990951,108.16000932875376,108.58344341613913,12847300,2022-08-10
110.59014892578125,110.59014892578125,111.56588796741094,109.82612340079928,110.3692283362109,11684900,2022-08-11
112.42196655273438,112.42196655273438,112.53243036232972,109.94579760502282,111.07802180588378,9906700,2022-08-12
112.7257308959961,112.7257308959961,112.96506562619548,111.01358056252884,111.51065714543276,8456200,2022-08-15
113.802734375,113.802734375,114.36424645920825,112.18264061286597,112.56925341817482,9555000,2022-08-16
112.84539794921875,112.84539794921875,113.37009576516569,112.01694397716119,112.57845603916223,8149300,2022-08-17
111.9709243774414,111.9709243774414,112.73494996708698,110.96757105506359,112.52322940958128,9531800,2022-08-18
109.20016479492188,109.20016479492188,111.37257027020803,108.7215023956102,111.03198585896607,13464500,2022-08-19
107.39598846435547,107.39598846435547,107.84704379235089,106.3189925628606,107.4696310105106,8967600,2022-08-22
106.33738708496094,106.33738708496094,107.96669486657618,106.20851615593294,107.41438988175058,7607000,2022-08-23
106.59513854980469,106.59513854980469,107.15665062115436,105.35244352515076,106.12567614100074,9771300,2022-08-24
109.12654876708984,109.12654876708984,109.30144102845435,106.48468046996439,106.92652870607039,10758900,2022-08-25
105.5549545288086,105.5549545288086,110.45207090490814,105.4905190642391,109.96420138417629,11276200,2022-08-26
105.29722595214844,105.29722595214844,105.72986713580282,104.44115065892203,104.93822731527347,8117300,2022-08-29
105.31562042236328,105.31562042236328,106.39261613175432,104.34908148956303,105.8587183017706,10745400,2022-08-30
104.68968200683594,104.68968200683594,105.88634166884638,104.3306763829998,105.38006501209011,10738300,2022-08-31
105.4076919555664,105.4076919555664,105.51814875508357,103.01436531918179,104.28466767420888,9979800,2022-09-01
104.67127990722656,104.67127990722656,108.1139882565621,104.19261739192052,106.65958656220532,10666600,2022-09-02
104.69888305664062,104.69888305664062,105.62860081234875,103.1616319024369,105.24198801122071,9751900,2022-09-06
106.68718719482422,106.68718719482422,106.88049359120829,103.79678427623361,104.13736872669834,10647900,2022-09-07
109.17256927490234,109.17256927490234,109.34746855790151,105.5181406166825,106.11647398536539,11435000,2022-09-08
109.697265625,109.697265625,110.50731958878647,109.2370102448267,109.66965142585997,9299700,2022-09-09
110.99517059326172,110.99517059326172,111.88806700504371,110.26796637153141,111.03199186026637,8614600,2022-09-12
107.13825225830078,107.13825225830078,109.46714347619702,106.57674010423013,108.68471069488321,12904600,2022-09-13
106.88970184326172,106.88970184326172,108.47297430105287,105.74826355258604,107.4235926959994,9345700,2022-09-14
108.5006103515625,108.5006103515625,109.89057660083331,106.55833200481874,106.8897164541265,10821400,2022-09-15
107.77338409423828,107.77338409423828,108.06794720903984,106.19931179111687,108.05874013650082,14844100,2022-09-16
108.7675552368164,108.7675552368164,109.29224609133811,106.32820030781761,106.7792486157195,8201300,2022-09-19
106.62275695800781,106.62275695800781,108.33490743615872,105.52734696850821,108.07716556167395,9619000,2022-09-20
103.5482406616211,103.5482406616211,107.33153998069028,103.48380519728163,107.27631158923899,12606300,2022-09-21
102.37000274658203,102.37000274658203,104.57002294347816,102.24113179953757,104.36750944871117,11684500,2022-09-22
100.46453094482422,100.46453094482422,101.56914090647506,98.64192380580646,101.30219900037821,18138600,2022-09-23
98.30133056640625,98.30133056640625,100.89717025009871,97.629354719517,99.41514758080896,15753600,2022-09-26
97.43606567382812,97.43606567382812,99.57165042476623,96.33145553549255,99.18503757864278,12793600,2022-09-27
99.40595245361328,99.40595245361328,100.08713545503974,97.24275362774388,97.52810970867631,12762600,2022-09-28
97.72142028808594,97.72142028808594,98.75238778800839,96.10131947300002,98.44861756837865,12713900,2022-09-29
96.19335174560547,96.19335174560547,99.06534716808605,96.10130209589107,97.6293459453767,15973400,2022-09-30
99.16661834716797,99.16661834716797,99.74653754555945,96.15654449980768,97.22434025639544,12248100,2022-10-03
103.80599975585938,103.80599975585938,104.00851325539313,101.12731698159574,101.81770008112989,16013600,2022-10-04
102.52432250976562,102.52432250976562,103.04441826680329,101.07548028043311,101.92992533435878,10943500,2022-10-05
100.43464660644531,100.43464660644531,102.33857977832898,100.24890013952796,101.66059171111097,11521400,2022-10-06
98.42855834960938,98.42855834960938,100.03528584554235,97.76914209134485,99.85882174101182,11681100,2022-10-07
97.50910186767578,97.50910186767578,99.6637936590703,97.07258983948296,99.12512602555223,8931700,2022-10-10
94.69497680664062,94.69497680664062,97.09114408544183,94.5928141414828,96.93325890684241,12739700,2022-10-11
96.22743225097656,96.22743225097656,97.26763095556824,94.06345105204134,94.5464032342987,13181000,2022-10-12
101.5770034790039,101.5770034790039,102.0692379719777,94.50924230993819,94.71356766606465,22398700,2022-10-13
103.26731872558594,103.26731872558594,107.02873754863839,102.83080676593075,103.98245036522299,33387100,2022-10-14
107.60457611083984,107.60457611083984,108.67263606308502,106.17430557007809,107.18664299663575,22276300,2022-10-17
110.37224578857422,110.37224578857422,111.57961923838947,108.62620468010665,111.13382482531344,21539700,2022-10-18
108.208251953125,108.208251953125,110.36294345519173,107.42810124273932,109.58279274480604,17072000,2022-10-19
107.8553237915039,107.8553237915039,110.25149135761384,107.4095294589742,108.8119385968441,12207400,2022-10-20
113.52069091796875,113.52069091796875,113.6692866774312,108.0410850009257,108.16181949834981,20593300,2022-10-21
113.66000366210938,113.66000366210938,114.32870233197761,112.68482400669656,113.37209449038379,12624200,2022-10-24
113.95719146728516,113.95719146728516,114.48657668305479,112.27616258814841,113.16775836808813,11289100,2022-10-25
115.2667236328125,115.2667236328125,116.27905387229795,114.12436237011123,114.23581449610772,11667000,2022-10-26
115.72181701660156,115.72181701660156,117.2078100576652,115.35960643427273,116.27906352127872,10727600,2022-10-27
117.09636688232422,117.09636688232422,117.2821133582649,115.2110125170083,116.36265625654298,11859500,2022-10-28
116.91061401367188,116.91061401367188,118.35017401095453,116.64127666191952,116.74343935002469,13295200,2022-10-31
119.01885223388672,119.01885223388672,119.13959380762135,117.32854105933296,117.83006499403739,13386900,2022-11-01
117.92294311523438,117.92294311523438,121.07139315337622,117.61645507256875,118.55449101264836,16546100,2022-11-02
118.13655853271484,118.13655853271484,119.04672618527648,116.93848171659631,117.30997466862824,12474400,2022-11-03
121.36858367919922,121.36858367919922,121.50790415467262,119.30677952335043,120.26338726777169,14953200,2022-11-04
122.0094223022461,122.0094223022461,122.86386737558276,121.1828384899875,121.66579063458539,12011200,2022-11-07
122.08373260498047,122.08373260498047,122.65026857403308,120.86707687755958,121.88870376324391,9884100,2022-11-08
120.4955825805664,120.4955825805664,122.06515234703198,120.01263040620515,121.96300383114841,9494000,2022-11-09
125.4550552368164,125.4550552368164,125.61294041142474,123.08674927460268,123.17962957568724,16351600,2022-11-10
125.65939331054688,125.65939331054688,126.46739816008925,124.24769478579654,125.55723063760679,10704700,2022-11-11
124.36843872070312,124.36843872070312,126.05874986603547,124.36843872070312,125.19502248237825,11085600,2022-11-14
123.4675521850586,123.4675521850586,126.04018375405263,122.22303537493428,125.08356189710051,14038300,2022-11-15
123.63472747802734,123.63472747802734,124.04337819864251,122.62239721112398,123.52328243478563,7893400,2022-11-16
123.09605407714844,123.09605407714844,123.42112101866154,121.92583859648556,122.59453720587773,8820200,2022-11-17
124.30341339111328,124.30341339111328,125.07427459511769,122.85457129068871,124.9814084590787,9468500,2022-11-18
123.56971740722656,123.56971740722656,124.97211943816524,123.29109063926929,124.2105547220645,7800500,2022-11-21
125.41791534423828,125.41791534423828,125.63153723290664,124.16411612995175,124.45202526423503,9185700,2022-11-22
126.75531005859375,126.75531005859375,126.77388895541131,125.25074536192975,125.32504677765398,7316200,2022-11-23
126.99681091308594,126.99681091308594,127.36830387196808,126.36525587712873,126.75532773541937,3220500,2022-11-25
124.77708435058594,124.77708435058594,126.96892641867176,124.62848152560325,126.37452929028638,9906900,2022-11-28
126.82962036132812,126.82962036132812,126.90392178225868,124.83282104567725,125.06500767175511,7925300,2022-11-29
128.3341522216797,128.3341522216797,128.3341522216797,123.69971742455571,126.39307592708947,14761200,2022-11-30
126.53243255615234,126.53243255615234,128.77999746184702,125.78013596152066,128.33418892320287,8858500,2022-12-01
125.52938079833984,125.52938079833984,125.70584490143003,123.83905535984128,124.90712234165926,8931900,2022-12-02
122.0094223022461,122.0094223022461,124.98142241834367,121.2942977058466,124.6749343749381,10154500,2022-12-05
122.21375274658203,122.21375274658203,125.48294450730542,120.61630757779375,123.88549933851714,13966700,2022-12-06
122.13015747070312,122.13015747070312,123.59757855382638,121.04352583105502,121.95369337877337,11739400,2022-12-07
123.41182708740234,123.41182708740234,123.50469322516777,122.06513346012125,122.90101372928319,8907300,2022-12-08
122.74315643310547,122.74315643310547,124.22914251894055,122.59455357305734,122.78030006234313,7957800,2022-12-09
124.64706420898438,124.64706420898438,125.05570073278501,122.22303546753908,122.9660212719372,8841600,2022-12-12
124.52633666992188,124.52633666992188,127.32185862855937,123.59759013822934,127.13611215653034,10025400,2022-12-13
123.90406799316406,123.90406799316406,126.04018767449816,123.30037429433798,124.2476996467037,9966100,2022-12-14
120.8299331665039,120.8299331665039,122.66884738790795,119.85474644385629,121.80510571760365,12087800,2022-12-15
120.07762145996094,120.07762145996094,120.64415735743009,119.27889895158714,119.94759752471617,21133700,2022-12-16
120.79277038574219,120.79277038574219,121.97228243673368,119.89188512566446,120.41198091054494,9017200,2022-12-19
121.37789154052734,121.37789154052734,122.64098744300321,120.92280061932091,121.63793944648873,8549900,2022-12-20
122.74315643310547,122.74315643310547,123.50472129064184,122.3809458189561,122.76172116194992,8051700,2022-12-21
121.35002136230469,121.35002136230469,121.94441855677087,119.2603417326357,121.75867209066524,8648200,2022-12-22
121.92584991455078,121.92584991455078,122.07445276855387,120.40270608988946,121.27573014272244,5091900,2022-12-23
122.35306549072266,122.35306549072266,122.79885982986059,121.24785492008051,122.19518029085185,5411000,2022-12-27
123.02177429199219,123.02177429199219,123.9040806804947,121.67508045677772,122.4552383294299,8827700,2022-12-28
123.72759246826172,123.72759246826172,123.77403262104187,122.88242987091597,123.45824808506387,6585200,2022-12-29
124.544921875,124.544921875,124.75852962007217,123.00319915315289,123.34683085238397,9292500,2022-12-30
125.49223327636719,125.49223327636719,126.99681237168072,124.34987895171378,125.60369250255036,11054800,2023-01-03
126.6624526977539,126.6624526977539,127.86981181521433,125.91017029727419,126.30024212820638,11687600,2023-01-04
126.63441467285156,126.63441467285156,126.9712337679233,125.09065453867694,126.92445056211861,8381300,2023-01-05
129.05758666992188,129.05758666992188,129.46925588995748,125.82974650551515,127.36414087714117,10029100,2023-01-06
128.52430725097656,128.52430725097656,129.93708271845475,128.06586903541816,129.67511394492783,8482300,2023-01-09
129.6751251220703,129.6751251220703,129.78739338433653,128.468184197794,128.91727152308746,9048700,2023-01-10
130.63876342773438,130.63876342773438,130.75103165933615,129.20728636991262,129.95576028222416,8703700,2023-01-11
130.50778198242188,130.50778198242188,131.78955857594025,130.25516417944687,130.98493625361903,11001700,2023-01-12
133.8011016845703,133.8011016845703,134.2502031548059,126.11977909380654,126.86826726797466,20200000,2023-01-13
131.73342895507812,131.73342895507812,132.42576879069344,130.26451955293916,132.07959887288578,14292900,2023-01-17
127.77582550048828,127.77582550048828,131.667938876779,127.62612498856996,129.9744928798542,13392600,2023-01-18
126.07301330566406,126.07301330566406,127.14895538961885,124.98770601714655,126.60631602158657,13303400,2023-01-19
126.38176727294922,126.38176727294922,126.76536948425635,124.95029002219499,126.45661752951354,13092500,2023-01-20
128.4307403564453,128.4307403564453,129.07631128701559,126.13850671369528,126.41917731287732,10487100,2023-01-23
129.53475952148438,129.53475952148438,131.25627261937325,126.306918893886,127.63547884614114,6945000,2023-01-24
130.16162109375,130.16162109375,130.16162109375,128.4120408433662,129.16052918258035,8967000,2023-01-25
130.9662322998047,130.9662322998047,131.04108255491334,129.4505538934766,130.44229479027035,7487600,2023-01-26
131.2843475341797,131.2843475341797,132.16380589734277,130.7510448279102,131.55566721328483,7489900,2023-01-27
130.17100524902344,130.17100524902344,131.06917996585213,129.965170568869,130.264557382402,6729300,2023-01-30
130.94752502441406,130.94752502441406,131.05044233640135,129.34763122465296,130.87267477240277,9188700,2023-01-31
130.60133361816406,130.60133361816406,131.80827423544017,129.22599065032387,129.31020610183094,8841800,2023-02-01
129.99322509765625,129.99322509765625,131.41535158439459,129.1137523265974,130.98496612843212,11822100,2023-02-02
132.0047607421875,132.0047607421875,133.16491832027768,129.23537259300392,129.2821415122905,11501200,2023-02-03
132.78131103515625,132.78131103515625,133.08071205403195,131.01301481157248,131.2001333102566,8406200,2023-02-06
134.39991760253906,134.39991760253906,135.0454886099237,132.08896755279602,132.27610034281807,10447900,2023-02-07
133.4549560546875,133.4549560546875,134.76479989043915,133.11813702889035,133.46430698343318,6958000,2023-02-08
131.3778839111328,131.3778839111328,134.10985361247737,130.86329739904875,133.90401900764377,6443100,2023-02-09
131.95799255371094,131.95799255371094,132.18254335197665,129.66575847513386,130.77913298433006,6582900,2023-02-10
133.38946533203125,133.38946533203125,133.53915156673622,131.67730321334727,132.2012407253809,7134600,2023-02-13
133.97891235351562,133.97891235351562,134.54963316393173,132.48194979960212,133.32399034391415,9249400,2023-02-14
134.54026794433594,134.54026794433594,134.6244691345783,132.20125081830864,132.4912866577396,6728300,2023-02-15
132.68777465820312,132.68777465820312,134.1566700370946,132.55677598974128,133.70758273175412,8165300,2023-02-16
133.08071899414062,133.08071899414062,133.63272359072488,131.05045391127624,131.90184526612273,7948800,2023-02-17
130.63876342773438,130.63876342773438,132.23864283295882,129.81542499272194,131.63050421014947,9996300,2023-02-21
129.63768005371094,129.63768005371094,130.45165342724934,128.58980497272103,129.97449908349014,11107500,2023-02-22
130.6761932373047,130.6761932373047,131.14399661294172,129.0575975549438,129.79672060691087,8068000,2023-02-23
131.8550567626953,131.8550567626953,132.25737510206838,129.9838432011359,130.15225984531403,9126900,2023-02-24
133.00587463378906,133.00587463378906,134.08181681221623,132.59420533122392,132.95909143554707,10014700,2023-02-27
134.11924743652344,134.11924743652344,134.5028353944571,132.76260608528156,133.73564520236226,11019800,2023-02-28
133.3707275390625,133.3707275390625,134.222132995958,132.66902256878635,132.94970741214163,7139200,2023-03-01
131.9860382080078,131.9860382080078,133.2584495587857,130.55454688593335,133.08069628564445,11106800,2023-03-02
134.40927124023438,134.40927124023438,134.48412149455592,131.99540407421262,132.39770813043643,9513100,2023-03-03
133.62335205078125,133.62335205078125,134.76477905908396,133.47365155662766,134.20342362034532,9261300,2023-03-06
129.6938018798828,129.6938018798828,133.1461930386579,128.93596270380553,132.86550816108925,11747600,2023-03-07
128.92662048339844,128.92662048339844,129.66574357723047,128.07521486521995,129.1137389890067,10002500,2023-03-08
121.94699096679688,121.94699096679688,128.5056039910733,120.89911588412114,127.95358511066699,25888100,2023-03-09
125.04383087158203,125.04383087158203,126.5501582432082,119.58924918638323,120.65584740106054,37599700,2023-03-10
122.79839324951172,122.79839324951172,125.2590437169231,121.07688015329873,122.76097525882312,42901100,2023-03-13
125.95138549804688,125.95138549804688,126.80279113025775,122.83581307533757,126.56888942533567,29648100,2023-03-14
120.00092315673828,120.00092315673828,122.55514000234989,118.56945303142079,122.54577479755473,34280600,2023-03-15
122.33058166503906,122.33058166503906,123.45330690155713,117.90515862923581,119.76701404940493,24558500,2023-03-16
117.70867919921875,117.70867919921875,120.20674742932513,117.37186020885466,120.11319532302852,38396000,2023-03-17
118.95304107666016,118.95304107666016,121.13300650727749,117.89580802374506,118.81269863718325,22875500,2023-03-20
122.14347076416016,122.14347076416016,123.24747993709805,121.8066517446453,122.18088875467211,17807800,2023-03-21
118.99046325683594,118.99046325683594,122.24637779200849,118.89690401220554,122.15281140926528,17250200,2023-03-22
118.67236328125,118.67236328125,121.18914786159336,117.90516598951037,119.66411134480128,16677600,2023-03-23
116.86666107177734,116.86666107177734,117.58707524256761,115.18256579989675,117.54029204241542,22311100,2023-03-24
120.21612548828125,120.21612548828125,121.04881498735799,118.1577862006077,118.62558961079075,18853900,2023-03-27
120.58098602294922,120.58098602294922,121.01135707442369,119.51438790670709,120.42193461034134,10820500,2023-03-28
120.82426452636719,120.82426452636719,121.834721608147,119.54248060939943,121.72245335780275,14595300,2023-03-29
120.45938110351562,120.45938110351562,121.7411579107486,119.43021500326368,121.58210646049707,12134700,2023-03-30
121.9189224243164,121.9189224243164,121.94698948681693,120.55294446186731,121.31078370183562,13105200,2023-03-31
121.77857971191406,121.77857971191406,122.97615522658911,121.07687463958605,121.54467802113805,11775400,2023-04-03
120.15061950683594,120.15061950683594,122.18088448148947,119.20566181001996,122.09668329861232,11579900,2023-04-04
120.32978820800781,120.32978820800781,120.83897461536871,119.24539482672081,119.56600140283258,9614700,2023-04-05
120.19776153564453,120.19776153564453,120.77296124692943,119.62256182435962,119.7545741652316,8760200,2023-04-06
120.59381103515625,120.59381103515625,120.91441041212009,119.01908709602118,119.32083064839517,9477300,2023-04-10
121.18788146972656,121.18788146972656,121.58391855830105,120.2637877355852,120.98043141548253,10516300,2023-04-11
121.16900634765625,121.16900634765625,122.98889191016728,120.7541062806077,121.81020507799164,11821000,2023-04-12
121.63104248046875,121.63104248046875,121.67817843760622,119.59426842049776,121.13128047338309,12450200,2023-04-13
130.81539916992188,130.81539916992188,131.1831489529831,127.20390033202857,127.43963774138243,43931300,2023-04-14
131.8526153564453,131.8526153564453,132.06948968813182,129.8064169001238,131.96576467936595,16050500,2023-04-17
133.33303833007812,133.33303833007812,133.69136370343526,131.0982528743348,132.2675153006867,13760100,2023-04-18
133.16331481933594,133.16331481933594,133.42733949908558,132.39008940845062,133.17273913351775,9158100,2023-04-19
132.77671813964844,132.77671813964844,133.36134223133274,131.86205596430952,131.9280693363475,10586200,2023-04-20
132.52212524414062,132.52212524414062,133.05961340138282,130.8625391931505,131.76777710440686,11842500,2023-04-21
132.70126342773438,132.70126342773438,133.05016448553388,132.05062604748386,132.44667745236612,7567500,2023-04-24
129.81582641601562,129.81582641601562,131.9751883373687,129.77811477542963,131.6357260190377,10629300,2023-04-25
127.51502990722656,127.51502990722656,129.9478408296678,126.35520629605888,129.76867816040928,14416100,2023-04-26
129.2312469482422,129.2312469482422,130.042184188499,127.92054756566921,128.24114697993443,9041100,2023-04-27
130.3533477783203,130.3533477783203,130.4287854670644,127.92996058782079,128.76918509123036,9887300,2023-04-28
133.1444854736328,133.1444854736328,135.19068445328898,132.7955987132192,134.14400978377853,20415800,2023-05-01
130.9945068359375,130.9945068359375,134.28540486687294,130.5324565280627,133.33301692495385,14113400,2023-05-02
128.22225952148438,128.22225952148438,130.7587957914702,128.01480949572795,130.54192145118535,12930900,2023-05-03
126.46839141845703,126.46839141845703,127.97711648211761,124.29018021914514,127.26047999042653,17089200,2023-05-04
128.93890380859375,128.93890380859375,130.01386552966144,128.15625409412766,128.65601611604632,11261400,2023-05-05
129.25009155273438,129.25009155273438,130.0987403256374,128.69374042693596,129.6461286059736,7484900,2023-05-08
128.6277313232422,128.6277313232422,129.13691766926044,127.49619491899472,128.1751052509304,7343600,2023-05-09
128.6937255859375,128.6937255859375,130.1835873124645,127.1755765294603,130.07986230655868,8133400,2023-05-10
128.28829956054688,128.28829956054688,129.00493609689627,127.20389885713077,127.29819957508676,7057300,2023-05-11
126.44952392578125,126.44952392578125,129.17464719449126,125.53486183045923,129.01434751848083,9988600,2023-05-12
127.51502990722656,127.51502990722656,127.9299299016643,126.31749465486658,126.60980663596649,7639500,2023-05-15
126.656982421875,126.656982421875,128.18455599165506,126.31752002989417,127.73194426510308,6477200,2023-05-16
130.5513458251953,130.5513458251953,130.68335816998533,127.73193623540837,128.14682189884383,12711500,2023-05-17
131.54147338867188,131.54147338867188,131.75834777486247,129.90073585264906,130.38164937245497,10999600,2023-05-18
131.2397003173828,131.2397003173828,132.47497620912503,130.2496148845783,131.81490006956594,13492200,2023-05-19
130.15528869628906,130.15528869628906,133.5593361916844,129.8064020649796,132.95584922463507,11402500,2023-05-22
128.7974853515625,128.7974853515625,131.09828473021815,128.6749116847868,129.6932846143619,9514900,2023-05-23
127.61875915527344,127.61875915527344,128.57114718919925,127.3735975086989,127.67533381307794,8578000,2023-05-24
127.92993927001953,127.92993927001953,128.49571464718738,126.90212791015465,127.12844093867488,8472500,2023-05-25
129.12750244140625,129.12750244140625,129.74985254342872,127.8922409405316,128.34485265642655,8579900,2023-05-26
129.61781311035156,129.61781311035156,129.86297474101355,128.25996385811655,128.99546313836652,7399900,2023-05-30
127.96766662597656,127.96766662597656,129.0331896408175,126.73239085265756,128.92946463353928,14219900,2023-05-31
129.7310028076172,129.7310028076172,130.34391426922116,127.72251563103093,128.73147857139236,12248100,2023-06-01
132.45608520507812,132.45608520507812,133.40845878870135,131.3905479249524,131.5979979155656,12922500,2023-06-02
131.1548309326172,131.1548309326172,132.1166433664904,130.24960754989695,132.1166433664904,8511900,2023-06-05
131.3905792236328,131.3905792236328,132.10723004856132,130.32505607795176,130.7682291035425,9329500,2023-06-06
132.66357421875,132.66357421875,133.21048668321725,130.9096874838268,131.5886123094918,9281400,2023-06-07
132.70126342773438,132.70126342773438,132.85213878309276,131.52257669199528,132.64468876654144,7368100,2023-06-08
132.96531677246094,132.96531677246094,133.71025500748368,132.21096860956504,132.34298097689873,7249100,2023-06-09
132.9558868408203,132.9558868408203,133.2576376038491,131.78662421648616,133.02190021583348,7596600,2023-06-12
133.9176788330078,133.9176788330078,134.71917719613074,132.1449293433094,132.46552868855858,7701600,2023-06-13
133.4179229736328,133.4179229736328,135.4169712050859,132.6729848500705,134.84177146456653,9068700,2023-06-14
134.9266357421875,134.9266357421875,135.2189477747532,132.04121267609554,132.56926207534545,9343100,2023-06-15
135.08692932128906,135.08692932128906,135.75642974325956,134.3702929387251,134.88891799965063,13813500,2023-06-16
134.39857482910156,134.39857482910156,134.84176219156166,132.99357506425298,134.47401250656986,8428600,2023-06-20
134.2005615234375,134.2005615234375,135.8035725781131,133.60649881485895,134.74745949749948,9926500,2023-06-21
131.6168670654297,131.6168670654297,134.4645780243866,131.02280439295552,134.1911146657099,10075200,2023-06-22
130.9285430908203,130.9285430908203,131.23970376238745,129.7687048528185,130.63621666132667,9919500,2023-06-23
131.2491455078125,131.2491455078125,132.02235662946714,129.8347212330188,130.94739475615467,8429700,2023-06-26
131.25856018066406,131.25856018066406,131.86204725137853,130.63621009228976,131.0699731688658,8154000,2023-06-27
130.68338012695312,130.68338012695312,131.26801865633772,130.08933166972128,131.2208682992193,7558600,2023-06-28
135.2472686767578,135.2472686767578,135.36985674210604,131.87152140963724,132.07897149487087,15423200,2023-06-29
137.142578125,137.142578125,137.6706275449675,135.4641291594173,136.3505039950488,14212800,2023-06-30
138.24581909179688,138.24581909179688,139.06618050698506,137.6706193532151,137.84978205038647,8021600,2023-07-03
137.32485961914062,137.32485961914062,138.07489914884223,137.0590217235189,137.60969007504357,8934900,2023-07-05
135.96719360351562,135.96719360351562,136.13808319116896,134.28670688952792,135.78680049182867,9709500,2023-07-06
137.0400390625,137.0400390625,138.46417695781037,135.76781268625524,136.631793152976,8981500,2023-07-07
137.80908203125,137.80908203125,138.60661032544056,137.1919613563135,137.1919613563135,9100100,2023-07-10
139.9642791748047,139.9642791748047,140.3440579957012,138.3407699875993,138.93889808900514,11260900,2023-07-11
140.6573486328125,140.6573486328125,142.29036126404046,139.56551536188823,139.99275383802905,11323200,2023-07-12
141.34092712402344,141.34092712402344,141.81563973153297,140.2775755190674,141.17952657591968,11234900,2023-07-13
142.1954345703125,142.1954345703125,145.15763693987807,140.9042155525643,143.88541048495756,27028400,2023-07-14
145.6228485107422,145.6228485107422,145.9741312150365,142.7460911813732,142.7460911813732,17262400,2023-07-17
145.88868713378906,145.88868713378906,146.5912525458151,145.09117340209914,145.62284922322576,13491700,2023-07-18
146.44882202148438,146.44882202148438,147.3602764939548,144.52149022289066,145.024684368115,12510000,2023-07-19
148.25277709960938,148.25277709960938,148.67052661237804,146.6007861008566,146.7147125181271,9935900,2023-07-20
147.11346435546875,147.11346435546875,148.24328291109748,146.86661896426295,147.9204817486556,10636400,2023-07-21
150.0092010498047,150.0092010498047,150.7592406807382,146.90457618688498,147.13244347977806,14381400,2023-07-24
148.88885498046875,148.88885498046875,149.74333179770247,148.07234879390148,149.3445749838549,9944700,2023-07-25
149.7813262939453,149.7813262939453,150.2465498944333,148.37618094215227,148.7844413440254,8728600,2023-07-26
148.1293487548828,148.1293487548828,150.74975753368724,147.68311767662203,149.7908431352339,10778400,2023-07-27
148.97433471679688,148.97433471679688,149.6294405243451,148.5281036446142,149.32561745942027,9103800,2023-07-28
149.9712371826172,149.9712371826172,151.31941946384197,149.20219046703477,149.2306720690473,8892700,2023-07-31
149.2306671142578,149.2306671142578,150.0092028423015,148.252760178746,149.46802344786906,6853900,2023-08-01
147.54067993164062,147.54067993164062,147.8160213704071,146.15452716177566,147.6925914504718,8299400,2023-08-02
148.44264221191406,148.44264221191406,148.98380706595435,146.54379173008377,147.16091234184682,6084000,2023-08-03
148.1293487548828,148.1293487548828,149.8193247370734,147.8255256858196,148.49012054054376,6209400,2023-08-04
148.83189392089844,148.83189392089844,149.72435595551954,148.6799968941956,148.6799968941956,7251800,2023-08-07
147.99639892578125,147.99639892578125,148.09133274975824,144.87278202924898,146.51529799061993,8623400,2023-08-08
146.01211547851562,146.01211547851562,147.65463173407502,145.70830690546498,147.46474956503326,6277800,2023-08-09
145.7937469482422,145.7937469482422,147.57867115053412,145.3475158976692,146.57228264909904,5995100,2023-08-10
146.63873291015625,146.63873291015625,146.70519963414918,144.9107864183827,145.2905507389474,5180700,2023-08-11
146.9425506591797,146.9425506591797,147.08495865248776,145.18610814395512,145.84121388733163,5044300,2023-08-14
143.20181274414062,143.20181274414062,145.51841268094154,142.63215179712807,145.11965581286464,10300300,2023-08-15
142.5941925048828,142.5941925048828,143.32525406472072,142.1099763152781,142.9834603667389,6978200,2023-08-16
141.11309814453125,141.11309814453125,143.61007702996244,140.89471987754786,143.24930523862056,9953900,2023-08-17
141.4359130859375,141.4359130859375,141.93910742486503,139.9832932792851,140.18266451474088,8517500,2023-08-18
141.9200897216797,141.9200897216797,142.50874325862085,140.53393689708872,142.08149028415505,8327000,2023-08-21
138.9768829345703,138.9768829345703,142.07200426146593,138.47368867409207,141.7112180041115,9673300,2023-08-22
139.9167938232422,139.9167938232422,140.125668536263,138.10340261413177,138.9483905033234,7858000,2023-08-23
139.7838592529297,139.7838592529297,141.8536135906271,139.55600649114578,140.0402080970145,6534000,2023-08-24
139.61297607421875,139.61297607421875,141.10356607842567,138.47366875189857,139.8313398099528,6695500,2023-08-25
140.09718322753906,140.09718322753906,141.09408260654033,139.6889373364973,140.1066867514753,5094100,2023-08-28
141.23651123046875,141.23651123046875,141.3219705229853,139.73641742436376,140.23962619289455,6337000,2023-08-29
140.6668701171875,140.6668701171875,141.6067919872875,139.74592632430438,141.1035976864852,6277300,2023-08-30
138.92938232421875,138.92938232421875,140.84722516132396,138.57809965866406,140.76176588863726,10933900,2023-08-31
139.39462280273438,139.39462280273438,140.5908934079119,138.331256666608,138.7015319363353,7903500,2023-09-01
137.85655212402344,137.85655212402344,140.71433157905065,137.6761589971782,139.7174321060663,7854700,2023-09-05
137.62869262695312,137.62869262695312,138.17934653137564,136.82167535781971,137.38183278661216,8629200,2023-09-06
136.45140075683594,136.45140075683594,137.92301282052452,136.13808867976056,136.84066859384592,8373700,2023-09-07
136.55584716796875,136.55584716796875,136.83117413978792,135.43551774351775,136.11910514116357,7107900,2023-09-08
137.15399169921875,137.15399169921875,137.71414917581293,136.4229301272596,137.42931867492538,6854200,2023-09-11
138.9388885498047,138.9388885498047,139.86933573180843,136.76471108688352,137.19194955486336,8363200,2023-09-12
139.00535583496094,139.00535583496094,140.23010804641115,138.445198408293,139.88831437322602,8325900,2023-09-13
141.70172119140625,141.70172119140625,142.3188418205235,140.0592195348162,140.3630280871712,10034900,2023-09-14
141.2839813232422,141.2839813232422,142.15745089014752,140.80926865728838,141.38841868923527,19863400,2023-09-15
141.5782928466797,141.5782928466797,141.59728540862577,140.27758485143556,140.6668526923895,6512400,2023-09-18
141.3979034423828,141.3979034423828,142.14795754462602,139.7649052491013,141.93908281896947,7943400,2023-09-19
140.79978942871094,140.79978942871094,142.65116605749836,140.64787788812276,142.08150502383367,7332000,2023-09-20
139.6984100341797,139.6984100341797,141.32193334576007,139.21420844367623,140.11615940029756,8052400,2023-09-21
138.35972595214844,138.35972595214844,140.04970159559198,137.84704273472062,139.84082689924924,7071700,2023-09-22
139.0433349609375,139.0433349609375,139.10980168701403,136.43241533573797,137.99897580310608,7044700,2023-09-25
137.60020446777344,137.60020446777344,138.46418498457916,136.93560964218466,137.28690686127354,7468400,2023-09-26
138.40721130371094,138.40721130371094,138.70153081225254,137.20143718403054,137.84705388506208,6717800,2023-09-27
140.12564086914062,140.12564086914062,141.34090378472516,138.62554753866797,138.881896360775,8868100,2023-09-28
137.6856231689453,137.6856231689453,141.2364635419619,137.53371168585466,141.08456654594764,11917800,2023-09-29
136.49888610839844,136.49888610839844,138.25531430699093,135.416541792985,137.50527465765012,9170600,2023-10-02
135.4924774169922,135.4924774169922,136.32796174640745,135.15068376361538,135.95768649583914,9431100,2023-10-03
136.1001434326172,136.1001434326172,136.21406985023197,134.7519465511233,135.94823188440907,8128700,2023-10-04
136.67396545410156,136.67396545410156,136.86526330323926,134.69416114252306,135.8514343223309,8576200,2023-10-05
138.77810668945312,138.77810668945312,139.52412150170392,135.94706526795585,136.68352102660472,10270600,2023-10-06
138.4625244140625,138.4625244140625,139.06506603955546,137.2478529186425,137.40088538612426,6964900,2023-10-09
139.30416870117188,139.30416870117188,140.37538134037726,138.95029390279785,139.08419365845117,11288800,2023-10-10
139.7823944091797,139.7823944091797,140.81534171137423,138.70163722888586,140.12671017657786,8698200,2023-10-11
139.45718383789062,139.45718383789062,140.55708810280757,138.80681784665097,139.92584022144413,10484400,2023-10-12
141.55178833007812,141.55178833007812,146.4391513352339,141.39875586716633,142.03000383119326,29427000,2023-10-13
141.40830993652344,141.40830993652344,143.00554773780095,140.32753838358445,142.93859057180651,12663500,2023-10-16
141.1022491455078,141.1022491455078,142.80469497559815,140.39448502750164,141.14051455403643,11482700,2023-10-17
139.5528564453125,139.5528564453125,141.05444558812798,139.03637551146755,140.20322254691933,9620300,2023-10-18
138.95982360839844,138.95982360839844,140.61445938931763,138.5676980743661,139.14154779425465,11143600,2023-10-19
136.72177124023438,136.72177124023438,138.81635689397112,135.92793197547718,138.2711989615324,13332900,2023-10-20
134.8567657470703,134.8567657470703,137.4199937221178,134.59852530081517,136.7122441498325,10133400,2023-10-23
135.0193634033203,135.0193634033203,135.55496243179275,134.24465662328134,135.03849610975976,8881400,2023-10-24
134.2828826904297,134.2828826904297,135.02889757028947,133.43165983551395,134.445488774224,8242600,2023-10-25
134.62722778320312,134.62722778320312,135.49758353116673,133.3551727501747,133.67079674429266,9109400,2023-10-26
129.77809143066406,129.77809143066406,133.03952380650347,129.2998760533495,132.896050436924,17434700,2023-10-27
131.43272399902344,131.43272399902344,132.02570644847643,130.1128447725879,130.49542586415146,9855500,2023-10-30
133.00128173828125,133.00128173828125,133.1734468931873,131.4805600741699,131.7101087493854,9672500,2023-10-31
132.8865203857422,132.8865203857422,134.40724211494657,132.43699666543975,133.18301164935053,9432000,2023-11-01
135.2584686279297,135.2584686279297,135.31585215219695,133.16388242830206,133.98641366208327,10186200,2023-11-02
136.76962280273438,136.76962280273438,137.5060787041398,135.66973307233147,135.99491608553157,9538700,2023-11-03
137.8025665283203,137.8025665283203,137.90777451161767,136.56876248838046,136.93221090231273,7625100,2023-11-06
137.73561096191406,137.73561096191406,137.97471869091854,136.59747043079386,137.2573955039051,6297900,2023-11-07
138.41465759277344,138.41465759277344,138.52942461127964,137.36257794321705,137.83123425874214,7618200,2023-11-08
138.00340270996094,138.00340270996094,139.30414926654268,137.4391120037173,139.10330695807204,7992500,2023-11-09
140.05018615722656,140.05018615722656,140.09801062664803,137.80258203420752,138.62511328872822,7983300,2023-11-10
139.42849731445312,139.42849731445312,139.87802101103242,138.83551481853044,139.35198109014414,6676300,2023-11-13
141.9726104736328,141.9726104736328,142.74731719674958,140.13626482780626,140.2892826861417,9927700,2023-11-14
143.21597290039062,143.21597290039062,143.6176721402416,141.99174247589872,141.99174247589872,8365300,2023-11-15
144.85147094726562,144.85147094726562,144.92798717797052,143.5507242132401,143.5507242132401,8126200,2023-11-16
146.16177368164062,146.16177368164062,146.20002449538472,144.93752873217457,145.56877661377965,7812400,2023-11-17
146.6112823486328,146.6112823486328,147.05124697230633,145.30097672048066,145.45400916297382,7019000,2023-11-20
146.3052520751953,146.3052520751953,146.9365000413645,145.92268551059647,146.5252271201407,7083500,2023-11-21
146.64955139160156,146.64955139160156,147.1755913044763,146.23827851645316,146.72606761474492,5174500,2023-11-22
146.85040283203125,146.85040283203125,147.7111994503958,146.60173603684765,146.89822729871454,3496900,2023-11-24
146.5156707763672,146.5156707763672,146.84085382169422,146.05658797155377,146.7452048817843,6259100,2023-11-27
146.85040283203125,146.85040283203125,147.1660267993671,146.06613703554254,146.54435251441902,6582700,2023-11-28
147.596435546875,147.596435546875,148.8493577931611,147.29037062877043,147.45296214377154,9126100,2023-11-29
149.27972412109375,149.27972412109375,149.32754858088393,147.6537946460609,148.16070181308922,9869800,2023-11-30
150.00660705566406,150.00660705566406,150.9821705832512,149.03105812205314,149.03105812205314,8916000,2023-12-01
151.10653686523438,151.10653686523438,151.1639203894084,149.08846689923547,149.22236665363442,9607500,2023-12-04
151.08738708496094,151.08738708496094,151.59429428318467,150.13095620620268,150.40831473969268,9135600,2023-12-05
149.4997100830078,149.4997100830078,152.28292747550225,149.2032188421399,151.91947906722433,9366000,2023-12-06
149.95880126953125,149.95880126953125,150.4561494466625,149.34668604920742,149.86316693153012,8130900,2023-12-07
151.61341857910156,151.61341857910156,151.86208533995674,150.14050693486942,150.40830639855233,7369400,2023-12-08
152.1681671142578,152.1681671142578,152.35945038185653,151.2595460537026,151.613435422437,8093900,2023-12-11
153.5262908935547,153.5262908935547,153.6506169856291,151.95774481419468,152.29248687005938,10223000,2023-12-12
154.04275512695312,154.04275512695312,154.97049424764484,152.80896571367018,153.52628887334043,12379100,2023-12-13
156.84510803222656,156.84510803222656,157.65806553818322,154.66444675487165,154.7792137924238,13643000,2023-12-14
158.0310821533203,158.0310821533203,158.07890661972826,155.31482175149597,155.9747614435823,20309300,2023-12-15
158.98748779296875,158.98748779296875,159.8482842693287,158.41363806937127,158.6909965800137,8469600,2023-12-18
161.11077880859375,161.11077880859375,161.12991151250628,158.3371350943328,158.7675260715144,10345700,2023-12-19
159.29359436035156,159.29359436035156,162.0289877482107,159.19794541772123,160.67085740794212,10734700,2023-12-20
160.20217895507812,160.20217895507812,160.766469694813,158.46146767714353,159.57093104589453,7601700,2023-12-21
160.10650634765625,160.10650634765625,160.90034564441572,159.94391486672606,160.2021552630154,6576300,2023-12-22
161.05340576171875,161.05340576171875,161.41685418980157,159.89611790038964,160.16393199064615,4683600,2023-12-26
162.0194091796875,162.0194091796875,162.08636635629225,160.27871230969336,160.52737912141274,6428600,2023-12-27
162.8801727294922,162.8801727294922,163.22448841091332,161.63680973580614,161.9715663627903,6320100,2023-12-28
162.68890380859375,162.68890380859375,163.2531945435635,162.2393801128782,162.59325487989693,6435100,2023-12-29
164.58262634277344,164.58262634277344,164.66870161877102,161.55074222727333,161.72289277926848,9977400,2024-01-02
163.8652801513672,163.8652801513672,164.54433780296387,162.94710022121015,164.37218727517032,9852300,2024-01-03
164.95274353027344,164.95274353027344,166.8196633034986,164.1155076901761,164.21174642065995,11972500,2024-01-04
165.7803497314453,165.7803497314453,166.848535049971,165.01048392534204,165.01048392534204,10066000,2024-01-05
165.5397491455078,165.5397491455078,165.8669373043667,163.10505926723127,165.5397491455078,11229900,2024-01-08
164.2310028076172,164.2310028076172,165.31842414321613,163.69210113971522,165.15483004288654,9923600,2024-01-09
164.5774383544922,164.5774383544922,164.63517572002957,162.58541113963955,163.5958590884502,9670200,2024-01-10
163.8845672607422,163.8845672607422,163.94230462862615,162.28709822409536,163.91343594468418,11919500,2024-01-11
162.681640625,162.681640625,169.66814045333157,162.53728253539273,167.25270113383752,19436500,2024-01-12
161.66159057617188,161.66159057617188,161.75781462803792,158.11059560979592,158.6591152889438,17206400,2024-01-16
160.79550170898438,160.79550170898438,162.70092314003227,160.2181132894915,161.0360838880991,11107500,2024-01-17
161.11306762695312,161.11306762695312,161.2189243702837,159.01519812963667,160.8243660829633,9382300,2024-01-18
163.89418029785156,163.89418029785156,164.1443951297312,160.7858630544763,161.23815866783056,13115700,2024-01-19
163.7017059326172,163.7017059326172,165.50125557503034,163.3167803963043,164.03852678986695,12837500,2024-01-22
162.62391662597656,162.62391662597656,163.3552810812602,162.09463295519336,163.2782930306036,8360800,2024-01-23
164.07701110839844,164.07701110839844,164.5677933627289,162.49879293788166,162.9799571933315,9967100,2024-01-24
166.4250946044922,166.4250946044922,166.4732139667093,164.4715689070125,165.8188229452855,8873500,2024-01-25
165.7899627685547,165.7899627685547,166.54057786894606,165.30879848963878,166.10753295471542,7443000,2024-01-26
166.2230224609375,166.2230224609375,166.328879199069,164.84689954919781,165.75149082341792,6971200,2024-01-29
169.6296844482422,169.6296844482422,170.1012161145788,166.31927136324012,166.31927136324012,10822100,2024-01-30
167.79161071777344,167.79161071777344,171.58318764804025,167.7723600347859,169.56229176944086,11521800,2024-01-31
167.1853485107422,167.1853485107422,168.25353387569092,164.97198972849165,167.09874245833353,9354800,2024-02-01
168.14768981933594,168.14768981933594,169.19663926327556,166.73306545410523,166.77156682516997,8607600,2024-02-02
167.92633056640625,167.92633056640625,168.49410088199127,166.40584970808408,167.31044088693116,7820200,2024-02-05
168.5037384033203,168.5037384033203,169.2447208294231,167.21420696029546,168.03219211800783,6764800,2024-02-06
168.8212890625,168.8212890625,169.24471597038416,167.40667961511346,169.0715038811415,7225500,2024-02-07
168.21505737304688,168.21505737304688,168.7058397170377,167.0313971999099,168.40752017359404,6060300,2024-02-08
168.4171142578125,168.4171142578125,168.50373498713284,167.12759752489953,168.40749625854062,6296700,2024-02-09
169.167724609375,169.167724609375,170.14930381441653,167.15646152031283,168.19577808730364,8539300,2024-02-12
167.6953582763672,167.6953582763672,169.59114658650472,166.117140131701,168.71543881574524,8397600,2024-02-13
169.39871215820312,169.39871215820312,169.46608221243557,167.84936243452663,168.47488487137227,7056700,2024-02-14
173.09402465820312,173.09402465820312,173.42122751191647,169.51416142083875,169.51416142083875,8723400,2024-02-15
172.28567504882812,172.28567504882812,173.19988421286885,171.4484539290391,172.84382735667683,8152600,2024-02-16
172.95928955078125,172.95928955078125,173.66179989719546,171.68902362257478,172.43963864468927,9668000,2024-02-20
174.08523559570312,174.08523559570312,174.1718563283898,171.79490354267645,173.1710263744216,7024000,2024-02-21
176.1735076904297,176.1735076904297,176.51031389738972,174.4124445519668,174.97059691420935,9296500,2024-02-22
177.058837890625,177.058837890625,178.22324723079254,176.28897210213543,176.88561111332976,7105800,2024-02-23
176.4525604248047,176.4525604248047,177.5111276848513,175.6057066167674,176.82786796537246,7145400,2024-02-26
176.53915405273438,176.53915405273438,176.6257600904741,175.37474483254346,176.40442865492798,5717100,2024-02-27
177.4341583251953,177.4341583251953,178.22326016980873,176.0676534263031,176.51993437525894,6131600,2024-02-28
179.0508575439453,179.0508575439453,179.40691442822336,176.92411955410998,178.66593197629172,9643000,2024-02-29
178.30984497070312,178.30984497070312,179.41653157884087,178.1270148864763,178.70440318796878,6311800,2024-03-01
179.64749145507812,179.64749145507812,180.5232139830772,177.32829074756444,177.7517176702879,7063600,2024-03-04
181.44705200195312,181.44705200195312,182.1687984182823,179.33955011683693,179.33955011683693,6617800,2024-03-05
182.39013671875,182.39013671875,182.90980238103012,180.5617182690242,182.12068588792658,7572900,2024-03-06
180.7926483154297,180.7926483154297,183.32357693737163,179.59937038822216,182.75580665368628,7618300,2024-03-07
181.12950134277344,181.12950134277344,183.28512282481842,180.84079980832553,181.34121482243722,6172200,2024-03-08
181.19683837890625,181.19683837890625,181.3411964735084,179.20482589231966,180.22489181804664,5762600,2024-03-11
182.68846130371094,182.68846130371094,182.9964135097539,180.83117411941103,181.83198942111187,5708400,2024-03-12
184.1704559326172,184.1704559326172,184.50726213912242,182.68846163529204,183.1888766290354,7795500,2024-03-13
180.88890075683594,180.88890075683594,184.4110268136827,180.05167960777032,183.83362380358804,10310900,2024-03-14
183.13111877441406,183.13111877441406,183.7470084347489,179.45501681018882,179.45501681018882,17214200,2024-03-15
185.4022674560547,185.4022674560547,185.44075414655143,182.73661260701857,183.4487411949697,9013800,2024-03-18
186.48965454101562,186.48965454101562,186.6243799588185,185.13278236313286,185.45035256594733,8478700,2024-03-19
188.93399047851562,188.93399047851562,189.1553219621997,186.3164553084396,186.87460770187923,9367000,2024-03-20
191.5611114501953,191.5611114501953,191.91716830113904,188.93395872119092,189.11680348809753,11203800,2024-03-21
189.21302795410156,189.21302795410156,192.92761661002132,189.13603991081175,191.51299251800214,8108800,2024-03-22
187.48086547851562,187.48086547851562,189.52099741793748,187.03818786020395,189.193809217081,8620000,2024-03-25
188.3565673828125,188.3565673828125,189.25154059089598,186.74948042882315,187.25951339752766,5961500,2024-03-26
192.0038299560547,192.0038299560547,192.0808180155829,188.98211836843424,189.09759311574112,8725800,2024-03-27
192.7544403076172,192.7544403076172,193.15861659694235,191.06073240876447,191.97495641506362,8628300,2024-03-28
191.44566345214844,191.44566345214844,193.37032074683742,191.0896065515013,192.45611146865411,7309000,2024-04-01
191.36866760253906,191.36866760253906,192.25400815995368,190.6180524629056,190.91637198199464,7014700,2024-04-02
190.8297576904297,190.8297576904297,192.04228639809702,190.25235467689177,191.54187143196205,9353400,2024-04-03
189.3778533935547,189.3778533935547,193.27865861619978,189.28106805175017,192.76565051880343,9243800,2024-04-04
191.12013244628906,191.12013244628906,191.76865177151936,188.85515185913454,189.87149384658753,6532300,2024-04-05
192.11712646484375,192.11712646484375,192.60109747099133,191.28469574348503,191.28469574348503,8001000,2024-04-08
190.8297576904297,190.8297576904297,192.50430796962533,188.661577082323,191.72027731975658,7351500,2024-04-09
189.20359802246094,189.20359802246094,190.75231091831472,187.9549447423939,189.2810351442157,7681400,2024-04-10
189.16490173339844,189.16490173339844,190.2683698141862,187.04512111771547,189.71663577379232,10137700,2024-04-11
176.93011474609375,176.93011474609375,182.87327813825445,176.68812924190217,182.2828476868651,31532300,2024-04-12
177.02688598632812,177.02688598632812,181.4503873709913,176.3590037405369,178.5852729699674,14766600,2024-04-15
175.00392150878906,175.00392150878906,177.28826528425031,173.89077931549912,177.03659090456608,16451800,2024-04-16
174.30699157714844,174.30699157714844,176.57197224025347,173.455197918016,175.55563021871998,9017100,2024-04-17
175.4394989013672,175.4394989013672,177.48185724487976,174.20053424241985,175.29431349978108,9557700,2024-04-18
179.84361267089844,179.84361267089844,179.9210497972754,175.5943482097053,176.55260126317435,13402300,2024-04-19
183.337890625,183.337890625,184.03481001942976,180.01784201408847,180.02753088626974,11529700,2024-04-22
185.98037719726562,185.98037719726562,186.06748843344988,184.41231586745752,185.00276108430006,9144400,2024-04-23
186.89024353027344,186.89024353027344,187.03542892273344,184.07352875956673,184.42198847109358,6964900,2024-04-24
187.1709442138672,187.1709442138672,187.7226782562567,185.0511488208939,186.08685387466093,9802300,2024-04-25
187.28709411621094,187.28709411621094,188.62284397024155,186.87087139552148,187.36453124493508,6413700,2024-04-26
187.0838165283203,187.0838165283203,188.03239549172775,186.2610599734651,187.27740196192687,5387800,2024-04-29
185.59320068359375,185.59320068359375,188.7390121206503,185.49640057768147,186.62889092266713,8153700,2024-04-30
185.7093505859375,185.7093505859375,188.2260056649916,184.67364556836887,186.1062103461062,7445300,2024-05-01
185.51577758789062,185.51577758789062,187.29678742228694,183.444382183411,186.88057942854564,6501700,2024-05-02
184.40261840820312,184.40261840820312,186.35786531271233,182.4183491959402,185.84485725290688,8922800,2024-05-03
185.84486389160156,185.84486389160156,186.0384493375641,183.73475742225128,185.58351541625962,7911100,2024-05-06
185.60287475585938,185.60287475585938,186.74503920339973,185.506074649963,185.5544747029112,7688800,2024-05-07
189.3778533935547,189.3778533935547,190.34579542934003,184.87692883500213,184.87692883500213,9227600,2024-05-08
191.16854858398438,191.16854858398438,191.25565982090802,188.84549364828138,188.91324190934765,7977300,2024-05-09
192.39781188964844,192.39781188964844,192.9495310818099,191.91384094897793,192.1751746228129,7529800,2024-05-10
192.35911560058594,192.35911560058594,193.44322071817325,191.69123323634977,192.42687863214533,7049200,2024-05-13
195.04998779296875,195.04998779296875,195.1177508226274,191.80739094327103,192.62045868143795,8596200,2024-05-14
195.63075256347656,195.63075256347656,196.19216067962503,193.36577189356964,195.5339524584218,8370000,2024-05-15
195.97921752929688,195.97921752929688,197.92477562833844,195.51460950572124,195.73723202978124,8497900,2024-05-16
198.22482299804688,198.22482299804688,198.47649735450221,196.30830209616892,197.27624403423565,9260500,2024-05-17
189.31007385253906,189.31007385253906,199.27987812779418,189.13583663468188,197.83763941570317,17373300,2024-05-20
193.12380981445312,193.12380981445312,193.49161776508427,190.29742068573265,190.68459161364675,14420800,2024-05-21
191.9525604248047,191.9525604248047,194.4982524090751,191.35244115870537,192.6204427149457,9425300,2024-05-22
190.6071319580078,190.6071319580078,191.94289660988062,189.78439014097358,191.4685997250333,8069400,2024-05-23
194.27565002441406,194.27565002441406,194.32403530988782,191.22662378878633,191.4105351363807,7356200,2024-05-24
193.10440063476562,193.10440063476562,193.9852312700893,192.29133301890715,193.45286029436505,6910200,2024-05-28
191.75897216796875,191.75897216796875,192.61076577410185,190.57808185751023,191.65249796720212,6120000,2024-05-29
192.93988037109375,192.93988037109375,193.44321434590657,192.03968663210884,192.1945608966086,6829100,2024-05-30
196.13406372070312,196.13406372070312,196.78258299422666,191.99127374352958,192.9108155561489,14417900,2024-05-31
195.3500518798828,195.3500518798828,195.930808189422,192.80435981935085,195.82433398389654,6444300,2024-06-03
192.7753143310547,192.7753143310547,195.5049028369205,191.92352072401673,193.74325624100823,6848300,2024-06-04
190.93624877929688,190.93624877929688,193.41419290273672,190.60715201784845,193.35610397163643,8351600,2024-06-05
190.59742736816406,190.59742736816406,191.67184337941524,189.06807751983047,190.93619814347602,7640300,2024-06-06
193.54000854492188,193.54000854492188,194.4789135082066,190.69425657534748,191.10079046105474,6964500,2024-06-07
193.21087646484375,193.21087646484375,194.40144082454103,192.0783862539677,192.85274270069905,6070800,2024-06-10
188.1291961669922,188.1291961669922,191.59443008671676,187.3935656091954,191.5653930100683,9235300,2024-06-11
185.3899383544922,185.3899383544922,190.4135599218932,185.17698992341604,189.71664046921194,12751300,2024-06-12
187.45164489746094,187.45164489746094,188.34214973485805,184.76076741043292,186.15460620622747,8587800,2024-06-13
187.56777954101562,187.56777954101562,188.61315856169503,185.28343607426163,185.31247314958983,6874000,2024-06-14
188.72933959960938,188.72933959960938,189.3101107461555,186.46435871340236,187.27742650286788,8725400,2024-06-17
190.6845703125,190.6845703125,191.61380111316439,187.90658155250065,188.36151546527287,9023000,2024-06-18
192.30104064941406,192.30104064941406,193.056034248581,189.82311142449456,190.09413401036866,8731100,2024-06-20
190.00701904296875,190.00701904296875,190.84912386328887,187.99369789483606,190.40387881078834,20972100,2024-06-21
192.5043182373047,192.5043182373047,192.84308909057918,190.78138258234185,191.4686131618798,9785900,2024-06-24
191.72027587890625,191.72027587890625,193.65615984709413,191.40085325180053,191.73962408445988,6862500,2024-06-25
191.10076904296875,191.10076904296875,191.59442888213218,189.98764172611885,191.12013201715325,7758600,2024-06-26
192.78497314453125,192.78497314453125,193.4528553725731,190.58774104769134,191.11043790860248,7913500,2024-06-27
195.77593994140625,195.77593994140625,196.10505144016432,192.91083994597997,193.59807048213818,15307600,2024-06-28
198.86367797851562,198.86367797851562,200.45110224404223,196.16312633744886,196.33734880543008,10205800,2024-07-01
202.13534545898438,202.13534545898438,202.1643825396881,198.2055029944284,198.70882223970847,7802900,2024-07-02
201.9998321533203,201.9998321533203,203.63565660829684,200.9931641335084,202.83226292101628,5560900,2024-07-03
199.3231964111328,199.3231964111328,201.83432600033046,199.06041465926384,201.46448006573155,8093100,2024-07-05
199.6930694580078,199.6930694580078,201.3768836611792,198.5251059347182,199.5665350020686,8707000,2024-07-08
202.08740234375,202.08740234375,204.1605327199737,199.96558887640106,200.14079156889778,9058900,2024-07-09
202.25286865234375,202.25286865234375,202.4183287910824,200.09212943817215,200.6371780955376,8328500,2024-07-10
201.91220092773438,201.91220092773438,202.54485834443793,199.8974664857853,200.70531174463153,10658100,2024-07-11
199.46920776367188,199.46920776367188,201.9121989308691,196.7050240375946,198.5542983265217,15443400,2024-07-12
204.44281005859375,204.44281005859375,205.96116416442476,201.20170117047186,201.6591559140828,10719700,2024-07-15
207.91751098632812,207.91751098632812,208.03431774241804,202.52540518508133,204.39414991642738,11557000,2024-07-16
211.08074951171875,211.08074951171875,211.75233265266107,207.57685878064,208.09270948425547,11572500,2024-07-17
204.37466430664062,204.37466430664062,210.85688185316707,203.6544278135567,209.87384874293699,12415100,2024-07-18
204.1800079345703,204.1800079345703,206.68140996958013,203.34296468703909,205.5620998360359,8095900,2024-07-19
204.66665649414062,204.66665649414062,206.5062030896364,204.1118801438605,204.84185918733442,7663200,2024-07-22
204.71531677246094,204.71531677246094,205.83461198833933,203.761481684493,205.3868998425724,5557300,2024-07-23
203.0217742919922,203.0217742919922,206.3699473179496,202.51566616590065,203.9561540312095,7119000,2024-07-24
203.09963989257812,203.09963989257812,204.579068287081,202.49619528558682,203.0801696257991,6403800,2024-07-25
206.5743408203125,206.5743408203125,207.46977999477056,203.0509652180435,203.65442465737732,8027800,2024-07-26
205.22146606445312,205.22146606445312,207.9077838383527,204.92947145063593,206.97340404443028,6533600,2024-07-29
209.44561767578125,209.44561767578125,210.02959207815985,207.27515051992003,207.53793231783175,8850700,2024-07-30
207.11940002441406,207.11940002441406,210.61356297991412,206.99286556509915,209.04654063182772,9071600,2024-07-31
202.4086151123047,202.4086151123047,208.12191355444543,200.87079066445926,207.5087263466785,10918600,2024-08-01
193.8240203857422,193.8240203857422,199.20639760486796,191.63408342077005,198.43749293847594,18041700,2024-08-02
189.6972198486328,189.6972198486328,190.9333218867359,185.8039981803061,188.8699191549906,13927000,2024-08-05
194.9919891357422,194.9919891357422,197.191668719055,188.82123681650197,190.18385835809855,10605800,2024-08-06
195.05039978027344,195.05039978027344,200.2575897059211,194.8557416670121,198.07738022359274,9204400,2024-08-07
198.61270141601562,198.61270141601562,199.44001696271343,196.40329395657514,197.0651493642258,7761200,2024-08-08
200.30625915527344,200.30625915527344,200.95837200693634,197.48366451584198,198.03845573601825,5540200,2024-08-09
200.68585205078125,200.68585205078125,201.61048925310052,198.2233904634164,200.89998043676624,6936000,2024-08-12
202.38912963867188,202.38912963867188,202.5351195098086,199.91692557670268,202.18472896761853,6387800,2024-08-13
204.62774658203125,204.62774658203125,205.1338547314555,201.59102342817175,202.1944829162742,6999800,2024-08-14
205.90277099609375,205.90277099609375,208.18030218560887,205.4647865137197,207.31406092883793,7001000,2024-08-15
208.25816345214844,208.25816345214844,208.37495535094791,205.94169178287726,206.03902826618497,7931200,2024-08-16
209.6986541748047,209.6986541748047,209.77652039221624,208.11217640586452,208.28736425644368,6090800,2024-08-19
208.79348754882812,208.79348754882812,210.23397544438944,207.97589969054405,209.2606700025173,5640000,2024-08-20
208.87136840820312,208.87136840820312,209.26068467165803,207.15834120548922,208.70589340219814,5202300,2024-08-21
210.84713745117188,210.84713745117188,211.01259757435957,208.61825993858216,208.85185856326748,5247100,2024-08-22
212.4822998046875,212.4822998046875,213.33881331039245,210.72061940437672,211.79126128650793,7214000,2024-08-23
213.31935119628906,213.31935119628906,213.81573162344978,212.22925385752248,213.16361876176174,5105200,2024-08-26
214.30238342285156,214.30238342285156,214.53598207363984,213.33882054770734,213.65027056396275,5185200,2024-08-27
215.38275146484375,215.38275146484375,216.27820552721434,213.33881897846442,213.39721492786637,6506400,2024-08-28
216.2781982421875,216.2781982421875,217.02763270288517,213.0954854438265,216.21978744329084,6416100,2024-08-29
218.79905700683594,218.79905700683594,219.4608975504868,216.005660408354,216.56045161535118,8574100,2024-08-30
214.419189453125,214.419189453125,218.11775306179587,213.38748807233762,216.36580031542942,8956100,2024-09-03
213.47508239746094,213.47508239746094,216.14194463034985,211.4116796320134,215.13942637103617,7389500,2024-09-04
211.82044982910156,211.82044982910156,214.9058260320061,210.26315531560613,214.2731686383843,8067900,2024-09-05
206.78848266601562,206.78848266601562,212.90083971053073,205.45504409907426,211.79127209038532,7777000,2024-09-06
211.02235412597656,211.02235412597656,212.32657987629256,208.46255601710973,209.44560403533967,8935100,2024-09-09
200.07266235351562,200.07266235351562,212.803499194385,195.25480343232988,212.76457351172357,28406900,2024-09-10
201.6980743408203,201.6980743408203,202.15552906797424,196.44223110949054,199.77093380286098,13658700,2024-09-11
201.08489990234375,201.08489990234375,203.2066985279337,199.4205411475912,202.1068586826451,9054400,2024-09-12
198.8657684326172,198.8657684326172,202.30153534063777,197.6004684297529,201.3379576385375,10226700,2024-09-13
202.31126403808594,202.31126403808594,202.65192687372226,200.10185658891385,200.33545523490406,8634900,2024-09-16
203.66415405273438,203.66415405273438,204.32599459311692,202.11660203790314,202.18472569284287,7573300,2024-09-17
201.99008178710938,201.99008178710938,205.69837322929007,201.18223646968863,203.43056971564306,8259900,2024-09-18
204.861328125,204.861328125,206.25316264919195,201.80514958864276,204.18001727641004,11635200,2024-09-19
205.45504760742188,205.45504760742188,205.7762401939306,203.9074954781678,204.3260097005664,20885000,2024-09-20
205.79568481445312,205.79568481445312,206.14607533320773,204.38439503249685,205.36742808581295,7223500,2024-09-23
205.94168090820312,205.94168090820312,207.26537681339477,204.75424716156965,205.51342416660268,7323200,2024-09-24
204.57907104492188,204.57907104492188,206.574350150001,203.04124668081326,206.02928663307486,8976500,2024-09-25
204.1800079345703,204.1800079345703,206.0487525415433,203.43055860967957,205.4939761800251,7807500,2024-09-26
204.88079833984375,204.88079833984375,206.76901329935234,203.74203273932275,205.02678821755313,7032500,2024-09-27
205.23118591308594,205.23118591308594,205.328522397785,199.7806695021104,200.8026431856011,8663800,2024-09-30
201.5131378173828,201.5131378173828,203.50841680159343,200.685837161513,203.32348640455743,8540100,2024-10-01
201.7564697265625,201.7564697265625,203.37216025407412,200.19918999824844,201.55208390948727,5810900,2024-10-02
199.75146484375,199.75146484375,200.97783916349206,198.88522362417538,200.66637430404583,7251300,2024-10-03
206.8413848876953,206.8413848876953,207.28205334443106,202.6207341030634,204.96118851447628,10211700,2024-10-04
206.557373046875,206.557373046875,208.90762954720935,205.34308805038341,206.65530600448238,6718900,2024-10-07
206.38111877441406,206.38111877441406,206.94909707469532,204.0602540352679,206.2146446947152,6021800,2024-10-08
208.99578857421875,208.99578857421875,209.79879709653196,205.0395445956133,205.35290320598602,7024000,2024-10-09
208.42779541015625,208.42779541015625,210.3569582482096,207.08620047071284,210.3569582482096,7927100,2024-10-10
217.681884765625,217.681884765625,219.97338753283674,210.69970101199584,211.19912324790937,18320700,2024-10-11
216.888671875,216.888671875,219.06265203396435,214.342579351621,218.57301713226016,9048900,2024-10-14
217.7798309326172,217.7798309326172,220.77639441475992,217.22165486362624,219.02350788076828,9235800,2024-10-15
219.00392150878906,219.00392150878906,219.04308573039975,216.45781377237907,217.72108032079964,6382500,2024-10-16
219.7677459716797,219.7677459716797,221.1681096784183,218.68075580077473,219.62086146580305,6470200,2024-10-17
220.6980438232422,220.6980438232422,221.23664523536294,218.47511199703732,220.33571875621197,7000500,2024-10-18
218.37718200683594,218.37718200683594,221.02120767941076,218.27924904239993,220.55116232355738,5870000,2024-10-21
219.47396850585938,219.47396850585938,220.6099251931302,216.51658412198015,218.39678056514924,9586800,2024-10-22
218.77870178222656,218.77870178222656,220.13988640673114,217.9169394498875,219.0235192682344,6180500,2024-10-23
220.3161163330078,220.3161163330078,220.394459710429,217.0649483536214,217.23142242721462,6002200,2024-10-24
217.70147705078125,217.70147705078125,220.942857849908,216.30112834353372,220.3357153270423,6369700,2024-10-25
220.82534790039062,220.82534790039062,220.96244507965875,218.3282068314262,218.7199237311007,6843000,2024-10-28
218.2792510986328,218.2792510986328,222.0494461278477,218.19112039529367,220.5413770816453,6580000,2024-10-29
219.75794982910156,219.75794982910156,221.61855656037676,216.986614370538,217.92670505535023,7110900,2024-10-30
217.319580078125,217.319580078125,221.0114318812249,217.221662051057,220.0419492756705,7829900,2024-10-31
218.31842041015625,218.31842041015625,221.46186822718468,218.08339026938503,218.92556292905866,6923500,2024-11-01
215.2239227294922,215.2239227294922,219.12141248144985,214.6265675335852,218.0344223689788,8229600,2024-11-04
216.8984832763672,216.8984832763672,217.3587412987622,215.43936582851143,215.46874272845392,5600700,2024-11-05
241.93841552734375,241.93841552734375,242.85893161053414,229.90319520891288,230.12842309869163,23987800,2024-11-06
231.4798126220703,231.4798126220703,239.50003510853182,230.34385600645422,239.43147904643865,16451100,2024-11-07
232.06736755371094,232.06736755371094,234.37844502414484,230.8922467086113,234.37844502414484,9502100,2024-11-08
234.32948303222656,234.32948303222656,237.0812439469585,234.04550134168815,235.0247712217789,9017100,2024-11-11
234.59388732910156,234.59388732910156,236.45450904490977,233.8104684457335,235.5633698782977,6861000,2024-11-12
236.1607208251953,236.1607208251953,239.0299743158966,235.3283354749557,235.5927425185864,11472600,2024-11-13
236.85598754882812,236.85598754882812,239.22581872980692,236.05299406323496,237.3945889405214,10172200,2024-11-14
240.2246856689453,240.2246856689453,241.31167580537607,236.45450569378207,236.45450569378207,11518800,2024-11-15
239.95050048828125,239.95050048828125,242.79037719864746,237.6492102646422,242.62390311007164,9051400,2024-11-18
238.05072021484375,238.05072021484375,240.06801385033518,236.54265111939492,237.22813707187166,6792700,2024-11-19
235.78858947753906,235.78858947753906,239.5391947355304,233.69295263010096,239.3335414956658,9015300,2024-11-20
239.68609619140625,239.68609619140625,240.40097397951203,237.0910369242283,238.18781443451138,8783500,2024-11-21
243.3975372314453,243.3975372314453,243.98509020740502,237.99196318627313,238.5599415227652,7997300,2024-11-22
245.10145568847656,245.10145568847656,249.03812485418172,243.89695790032175,244.41596974978978,10295400,2024-11-25
244.78807067871094,244.78807067871094,245.79671736733056,243.19185613891796,245.29729515356306,6212100,2024-11-26
244.61180114746094,244.61180114746094,245.98278785749332,243.61295669215443,244.18093497942152,5472300,2024-11-27
244.54327392578125,244.54327392578125,246.5507801542937,244.2788668761305,244.68037111032748,5494800,2024-11-29
241.1452178955078,241.1452178955078,245.0622975770592,239.95050739723678,244.37681162128234,8899700,2024-12-02
239.74485778808594,239.74485778808594,243.87736291037757,239.55879412118145,243.08415670302463,6657700,2024-12-03
238.35427856445312,238.35427856445312,240.26386675037756,237.2085346183818,239.62733237424533,7346300,2024-12-04
240.3911590576172,240.3911590576172,242.05591481733268,239.54898638729446,240.30302835714056,6572500,2024-12-05
242.23219299316406,242.23219299316406,242.60432032128764,239.76442876384584,240.60660144053932,5519700,2024-12-06
238.7557830810547,238.7557830810547,242.73161633693363,238.70681659937458,242.00696620096832,7076500,2024-12-09
237.8254852294922,237.8254852294922,242.81976762755573,237.1987530998406,238.83413201717414,9108300,2024-12-10
238.48159790039062,238.48159790039062,239.2062630067407,237.159577556468,238.9418559494616,7884400,2024-12-11
236.52305603027344,236.52305603027344,239.03978682734456,236.04320840347538,237.9625839681949,6113800,2024-12-12
234.9660186767578,234.9660186767578,237.68838776257604,234.1825997799997,237.05186831410091,10392700,2024-12-13
234.6134796142578,234.6134796142578,235.68088019713136,232.5961860525048,235.6221263951343,9032000,2024-12-16
233.4187774658203,233.4187774658203,234.06509919571647,231.7246446972801,233.70275916639545,8083600,2024-12-17
225.59439086914062,225.59439086914062,234.11405052968323,224.7718077802173,234.04549446770358,11322400,2024-12-18
228.13070678710938,228.13070678710938,231.46021824110554,227.4550082117905,227.4550082117905,11790800,2024-12-19
232.67453002929688,232.67453002929688,234.25115513761958,226.78910847304047,227.11226932732094,32348400,2024-12-20
233.44815063476562,233.44815063476562,233.67337852765274,230.01091866842074,231.17625223907558,8611500,2024-12-23
237.28688049316406,237.28688049316406,237.46315684035804,234.114055668397,234.46657847784007,3729100,2024-12-24
238.09967041015625,238.09967041015625,238.21717801040668,235.79838028877134,236.42511239422714,4451800,2024-12-26
236.17051696777344,236.17051696777344,238.34449731335218,235.06393721334237,237.68838828184474,5730200,2024-12-27
234.35887145996094,234.35887145996094,235.8473508974243,232.19467848181526,233.82027004526657,5723800,2024-12-30
234.74078369140625,234.74078369140625,236.43491635792464,234.07487241942522,235.07373185616066,4871000,2024-12-31
235.02476501464844,235.02476501464844,238.23676894111753,234.48616360632877,235.92569148744127,9220900,2025-01-02
238.23678588867188,238.23678588867188,239.80362374388588,235.2793865346302,238.83414113994397,9491100,2025-01-03
237.07528686523438,237.07528686523438,241.83942841040394,236.80951423195071,239.88061125782104,9917800,2025-01-06
239.35890197753906,239.35890197753906,241.41614272410112,237.12447448141728,238.34504591508428,8753400,2025-01-07
239.31954956054688,239.31954956054688,240.42199155278274,236.7307634327298,238.94550030476157,8675300,2025-01-08
236.11061096191406,236.11061096191406,239.98886335933202,234.99833120229488,239.28014642276608,10256800,2025-01-10
240.3826141357422,240.3826141357422,240.70742897825536,235.25426149206223,235.91375908384575,10005300,2025-01-13
243.5915069580078,243.5915069580078,243.83758881212796,238.3942594005622,238.8568944878796,12407400,2025-01-14
248.39503479003906,248.39503479003906,249.69433919695268,239.86090269206412,246.47558427174647,18448500,2025-01-15
250.28494262695312,250.28494262695312,253.01153384400604,248.3753449882823,250.0191700123843,15292300,2025-01-16
255.09829711914062,255.09829711914062,256.5354067376623,248.1883144429222,250.1569692778846,17678100,2025-01-17
258.9076232910156,258.9076232910156,260.10850386711076,255.43294892531785,255.9940227277619,13712100,2025-01-21
258.72064208984375,258.72064208984375,259.25218736233944,256.17123741443055,258.7796993379775,9021900,2025-01-22
261.7818908691406,261.7818908691406,262.67760239191387,259.67541575937634,260.54162870024055,10749700,2025-01-23
260.6893005371094,260.6893005371094,262.913890376841,258.88799436692057,259.55732988070605,7666300,2025-01-24
261.6834411621094,261.6834411621094,261.80155564195655,258.1497094566725,260.02977836567374,7522300,2025-01-27
262.9532470703125,262.9532470703125,263.14024164800065,260.6794230449138,261.6834562601186,7375400,2025-01-28
262.4020080566406,262.4020080566406,266.43775675796087,261.4472091934451,263.0221391792397,7684900,2025-01-29
264.0261535644531,264.0261535644531,265.473116067307,262.4413708045233,264.4198785229307,8753500,2025-01-30
263.1107177734375,263.1107177734375,266.5755696542428,262.7760500420943,265.01049259915686,7193800,2025-01-31
262.6283874511719,262.6283874511719,263.96708831653945,257.59848892765325,257.72642625482933,8381400,2025-02-03
263.7406921386719,263.7406921386719,265.610908234634,262.6480730786415,265.610908234634,5626000,2025-02-04
266.191650390625,266.191650390625,266.39838077199465,264.12455685194567,264.6954835634121,5704400,2025-02-05
272.5602722167969,272.5602722167969,272.6390352369144,266.93977073735846,268.1800329702387,7264400,2025-02-06
271.47747802734375,271.47747802734375,274.18437830877383,270.4045647932369,272.9244404702615,6857900,2025-02-07
266.7921447753906,266.7921447753906,271.8515727090942,265.36485782708667,271.8220440844745,8627400,2025-02-10
270.68017578125,270.68017578125,271.8909092690704,265.4337240792701,266.0243265133115,7196400,2025-02-11
271.13299560546875,271.13299560546875,272.1173230100422,268.9674632996918,269.78444182820084,6683900,2025-02-12
271.9893493652344,271.9893493652344,272.62915615558643,269.51867802419144,271.1821937026794,8398700,2025-02-13
272.255126953125,272.255126953125,274.85376585107855,272.11733672996746,273.0229011658313,5688600,2025-02-14
275.5625,275.5625,275.5821757361664,271.6940700339416,272.4224928221831,7919800,2025-02-18
274.8734436035156,274.8734436035156,275.8577710649427,272.87526005839027,274.0170835183605,7007200,2025-02-19
262.6185607910156,262.6185607910156,274.37143335649915,261.5751760608188,274.31237611058543,13846700,2025-02-20
260.09869384765625,260.09869384765625,264.9809799671769,258.7206413297641,264.1147669447042,12835600,2025-02-21
257.2441101074219,257.2441101074219,262.81540660113416,254.55688558533427,261.3290626665858,10372800,2025-02-24
253.36587524414062,253.36587524414062,258.8781148767506,249.37936115624098,258.12019356749136,9608400,2025-02-25
254.73411560058594,254.73411560058594,256.82088504076154,252.9032508771268,253.12965701046303,5943600,2025-02-26
254.989990234375,254.989990234375,259.50807924500594,253.81863827447617,256.1022849558997,8204400,2025-02-27
260.50225830078125,260.50225830078125,260.6597543003171,253.84822504631072,256.6437114496689,10467100,2025-02-28
256.5354309082031,256.5354309082031,262.14610973219465,253.77932589529357,259.86246269904575,9058300,2025-03-03
246.32794189453125,246.32794189453125,253.19855824083865,242.09533089800894,251.27910771685373,13465600,2025-03-04
247.58787536621094,247.58787536621094,249.08405725382895,243.9458669070905,247.31226488949767,7861400,2025-03-05
242.67608642578125,242.67608642578125,245.45189708437567,240.02825816346999,244.22148775407217,9983200,2025-03-06
238.48284912109375,238.48284912109375,242.8532653241074,235.6676720636346,241.38661204275448,20498700,2025-03-07
228.5805206298828,228.5805206298828,233.78760620871546,225.1156838157023,232.50799254508934,18887200,2025-03-10
225.54879760742188,225.54879760742188,229.66329427384025,223.1371982913278,228.11789292464056,18143000,2025-03-11
224.32821655273438,224.32821655273438,230.64761190621743,223.6982475947717,230.33261991741372,16054000,2025-03-12
221.6606903076172,221.6606903076172,225.90313901184248,220.7157293919961,225.70627653515098,16467900,2025-03-13
228.79705810546875,228.79705810546875,229.48608426601953,224.0132264484392,224.54475662382302,11962100,2025-03-14
230.26370239257812,230.26370239257812,231.97643748249317,226.84810011900387,227.55680203176283,9586000,2025-03-17
231.28741455078125,231.28741455078125,232.46860444815488,229.8601427989696,230.64760773710017,10344900,2025-03-18
235.36253356933594,235.36253356933594,238.53206911141493,231.20867059231674,232.04535491987377,10120600,2025-03-19
235.26409912109375,235.26409912109375,237.97099961668997,232.49814138146405,232.85249986530974,8328500,2025-03-20
237.84304809570312,237.84304809570312,238.5025456891323,232.79344343809566,234.08291000283364,19326900,2025-03-21
244.17227172851562,244.17227172851562,244.79240284578717,240.57948244257165,241.63270503355284,9422700,2025-03-24
247.19415283203125,247.19415283203125,247.87334116333017,243.7391539327531,245.4026696961619,9287700,2025-03-25
247.09571838378906,247.09571838378906,250.67866969827517,245.8653090722259,248.64111968854195,12779300,2025-03-26
244.2313232421875,244.2313232421875,246.71183263341337,243.3060530316706,245.61922855796286,8022500,2025-03-27
239.04393005371094,239.04393005371094,245.599539532935,237.33119486348127,243.0698257668777,11978400,2025-03-28
241.45553588867188,241.45553588867188,242.00675687898743,233.63997322827274,235.65784758325657,13603000,2025-03-31
239.8412322998047,239.8412322998047,241.83941584029594,237.10480316495526,238.81752333129344,8054700,2025-04-01
241.96737670898438,241.96737670898438,243.37495772827663,237.67570850174647,237.81351374153482,7758800,2025-04-02
225.1058349609375,225.1058349609375,231.45474367154702,223.7376204790553,230.59838364191864,17188500,2025-04-03
208.25930786132812,208.25930786132812,215.60800337192092,206.9222746752959,213.24097074130162,27170700,2025-04-04
212.37933349609375,212.37933349609375,219.91620553083897,200.217339808407,203.7926499875628,22914400,2025-04-07
214.7859649658203,214.7859649658203,225.65054905266808,211.20075649105397,221.37207030821745,19485700,2025-04-08
232.0880889892578,232.0880889892578,235.19791432492164,208.97238005467744,210.45796569487658,24022400,2025-04-09
224.9275665283203,224.9275665283203,228.1364368957953,217.98493519741433,227.78979420757258,18896400,2025-04-10
233.9302215576172,233.9302215576172,236.28735566743066,222.8378515262956,224.1352605994588,20284500,2025-04-11
232.4644317626953,232.4644317626953,237.47580467962493,231.3849098728121,234.82156570866533,13017800,2025-04-14
230.88973999023438,230.88973999023438,236.35668461950382,230.5827213559865,233.83120095731806,10912900,2025-04-15
227.40354919433594,227.40354919433594,231.33540044425504,225.73968539929047,229.77058173792562,9322300,2025-04-16
229.73097229003906,229.73097229003906,232.08809125254,228.33451814771584,228.5821157568302,9557900,2025-04-17
226.7895050048828,226.7895050048828,229.58239809757103,224.1649613559644,228.41374466977848,8716200,2025-04-21
233.32608032226562,233.32608032226562,233.7222455658828,229.146631453097,229.75077022647423,10701400,2025-04-22
238.56524658203125,238.56524658203125,244.41844241462425,237.6936981861248,237.9115852851014,14126800,2025-04-23
242.2891082763672,242.2891082763672,243.11113412666035,235.29695442919305,237.43620133269152,9055200,2025-04-24
241.2095947265625,241.2095947265625,243.259695079398,239.42688891181936,242.2990151434575,8588600,2025-04-25
240.88275146484375,240.88275146484375,244.4679598348008,238.52561750466666,242.20987095832245,7394300,2025-04-28
242.26930236816406,242.26930236816406,242.89325317551487,239.3674656594956,239.86266087494008,7216800,2025-04-29
242.26930236816406,242.26930236816406,242.8635426715609,236.13878318301607,238.89208248407334,12991700,2025-04-30
244.5175018310547,244.5175018310547,246.06250854186877,239.84285761711718,240.50641741665095,8689600,2025-05-01
250.08348083496094,250.08348083496094,251.18281481145482,247.06280212773012,248.8454928034209,7165000,2025-05-02
250.1330108642578,250.1330108642578,252.70803209178587,248.18194045918935,248.76626720064505,5450700,2025-05-05
246.8548126220703,246.8548126220703,250.22213401116895,246.60721501663193,247.59760543838547,6369900,2025-05-06
246.99346923828125,246.99346923828125,250.02406154233302,246.43885301429253,247.44905548636268,8724100,2025-05-07
251.0342559814453,251.0342559814453,253.42110047316643,249.1327082262644,249.15252026567538,8320100,2025-05-08
250.64801025390625,250.64801025390625,253.0546517297615,249.91511589996063,252.05436284215986,5087600,2025-05-09
257.551025390625,257.551025390625,261.06692963579167,256.2140224576069,260.3736442284861,9603900,2025-05-12
260.48260498046875,260.48260498046875,261.13626631205113,257.8877868069351,258.52162098572154,8589000,2025-05-13
263.08734130859375,263.08734130859375,264.07773178744077,259.7695271595925,260.4726959367646,8643100,2025-05-14
264.9195251464844,264.9195251464844,266.9300165005274,262.21577862944,264.4045330061705,9214600,2025-05-15
264.9888610839844,264.9888610839844,265.8802064262929,262.1662423130763,264.9294400761183,8932900,2025-05-16
262.3346252441406,262.3346252441406,265.7415707842711,259.4129613490514,262.99816991499483,12145000,2025-05-19
263.1269226074219,263.1269226074219,264.09751611112114,259.77939811280237,259.9972852167219,8436300,2025-05-20
258.5315246582031,258.5315246582031,263.0972100036598,258.2245060448101,261.80971454261277,7464000,2025-05-21
258.16510009765625,258.16510009765625,259.77941119398804,256.38237909645915,256.94690892472084,6514100,2025-05-22
258.2046813964844,258.2046813964844,259.4723799421045,253.53995091856495,254.34216475157282,6671800,2025-05-23
262.7406921386719,262.7406921386719,262.75057549068066,259.4723855042117,259.5219231615278,7506600,2025-05-27
260.9579772949219,260.9579772949219,264.1569494186174,260.37365054000264,263.6815511085711,5535400,2025-05-28
261.8294982910156,261.8294982910156,262.85951274259725,260.0071836301039,262.2553588979227,5081200,2025-05-29
261.46307373046875,261.46307373046875,262.7802797047294,260.2052887641105,260.9183710832572,10977700,2025-05-30
262.1167297363281,262.1167297363281,262.48316935241536,259.3832425308735,260.49247495502414,6011200,2025-06-02
263.71124267578125,263.71124267578125,264.01826128387165,260.3538349141645,261.1956728046096,6998400,2025-06-03
261.68096923828125,261.68096923828125,264.55309553497005,261.64134515696793,263.3646451144359,5915700,2025-06-04
259.43280029296875,259.43280029296875,262.19596799161184,257.8085453857792,262.19596799161184,8173800,2025-06-05
263.17645263671875,263.17645263671875,264.0875948817465,261.7205775355199,261.7898818932406,7738100,2025-06-06
264.1767272949219,264.1767272949219,265.3255837931054,260.81931953433354,263.44384806606826,8285000,2025-06-09
266.01885986328125,266.01885986328125,266.31596488504243,263.29528634131304,263.3249968434892,7538100,2025-06-10
265.57318115234375,265.57318115234375,267.0290562571952,263.2358743033668,266.09808685821173,7434100,2025-06-11
265.66229248046875,265.66229248046875,265.7118301315635,262.59210663653823,264.2955489890084,6618000,2025-06-12
262.4039611816406,262.4039611816406,264.45404643769336,260.185466026478,262.53268655140175,7098300,2025-06-13
267.7619323730469,267.7619323730469,269.1187926010441,264.28568264317573,264.4342351573897,8566000,2025-06-16
266.9300231933594,266.9300231933594,267.9897482286564,265.22655041044976,265.59302026536324,6739300,2025-06-17
271.3273620605469,271.3273620605469,275.0512398633253,267.12811618035386,267.4054243002851,9586400,2025-06-18
272.35736083984375,272.35736083984375,274.6352466771413,271.1787938422642,272.9218906234205,13969700,2025-06-20
275.5959167480469,275.5959167480469,275.87322484203924,269.4951084558995,272.4167721304353,8094600,2025-06-23
278.5572204589844,278.5572204589844,279.99326843987956,276.8240372161571,277.51729237869773,9267900,2025-06-24
281.3302917480469,281.3302917480469,281.54817884280607,278.21056806460314,278.79489476774904,6826900,2025-06-25
285.9752502441406,285.9752502441406,286.62891158590264,281.73638021139936,281.9641809018724,8942100,2025-06-26
284.3509826660156,284.3509826660156,285.92573005163604,282.3008974405109,283.0634871930461,17868600,2025-06-27
287.12408447265625,287.12408447265625,289.83774449670244,286.1436076484999,287.60936609684416,12689200,2025-06-30
287.6192932128906,287.6192932128906,288.33237554338774,283.8359944531888,288.09469150799464,9338300,2025-07-01
289.19403076171875,289.19403076171875,290.00615823892747,286.91614466394003,289.23365484518064,8158700,2025-07-02
294.56787109375,294.56787109375,294.9659297104321,289.8010379194307,290.73649237209275,6541600,2025-07-03
290.557373046875,290.557373046875,294.6076885980012,288.6765027897454,293.8215023235984,8825700,2025-07-07
281.4118347167969,281.4118347167969,288.29836729820295,278.95378401211,287.8704246702362,15440900,2025-07-08
281.7900085449219,281.7900085449219,285.8104705722976,281.1133058346495,285.7905479002781,11273800,2025-07-09
286.7956848144531,286.7956848144531,286.91509937261486,281.63079258445833,281.63079258445833,8410900,2025-07-10
285.4720764160156,285.4720764160156,285.9895799471578,282.27761579845765,284.1385633556329,7384700,2025-07-11
287.30322265625,287.30322265625,287.9002954379141,283.8798636483791,285.6811040695642,9079900,2025-07-14
285.1636047363281,285.1636047363281,290.53750281058245,284.0988046799193,286.6066015099572,12526100,2025-07-15
284.4371337890625,284.4371337890625,289.32338154204075,281.64073174918,287.0046376972024,9979800,2025-07-16
288.4974060058594,288.4974060058594,288.8954646605109,282.06866914194785,282.06866914194785,8509500,2025-07-17
289.8607482910156,289.8607482910156,291.08480816107146,286.83547847596185,288.1192152507357,12217000,2025-07-18
289.5622253417969,289.5622253417969,292.75668616305364,289.1740976686908,289.5920789805029,7898100,2025-07-21
290.0199890136719,290.0199890136719,292.2093570682598,287.7808750182681,290.08965762675587,6717500,2025-07-22
295.32421875,295.32421875,295.55308652202564,291.1345658012183,291.423171220215,7083500,2025-07-23
295.1152038574219,295.1152038574219,298.14050407118975,294.7669215419926,295.98102008785213,7001200,2025-07-24
297.1752014160156,297.1752014160156,297.45384549542877,294.52806747662726,295.2645078343046,5918500,2025-07-25
296.83685302734375,296.83685302734375,297.98128299458955,295.38392533944716,296.2198575860422,5840400,2025-07-28
295.6028747558594,295.6028747558594,299.832312479978,294.7669424736015,298.5485452319008,7635700,2025-07-29
298.1803283691406,298.1803283691406,299.15556747472186,295.9412143688823,295.9810293435777,8061700,2025-07-30
294.80670166015625,294.80670166015625,299.52378891963946,294.0702916971252,297.69269497782847,14749700,2025-07-31
287.969970703125,287.969970703125,290.38820663449775,282.8647857124969,288.99498616189175,12007100,2025-08-01
292.8363037109375,292.8363037109375,292.8960109858209,288.8556567457698,288.8556567457698,6649500,2025-08-04
289.96026611328125,289.96026611328125,294.3588942877941,285.85024334176074,293.26421031948314,7182300,2025-08-05
289.9403991699219,289.9403991699219,291.8710155092677,288.75615418743877,290.8857846666577,6330200,2025-08-06
285.5517272949219,285.5517272949219,292.0401712516968,285.0242927594624,291.52269805254355,8057100,2025-08-07
287.3629150390625,287.3629150390625,289.82096576259374,283.33249175217816,287.58185183763345,6634100,2025-08-08
288.1590270996094,288.1590270996094,289.9105214566491,287.382802167726,287.99979757897614,5510100,2025-08-11
291.4331359863281,291.4331359863281,293.3239373114666,288.9352701775296,290.0896614971756,8570900,2025-08-12
289.1243591308594,289.1243591308594,293.1248986695454,285.770668693986,292.5278258801357,8420400,2025-08-13
292.7367858886719,292.7367858886719,292.77660086250484,288.2386656831993,289.1740897938242,6322400,2025-08-14
289.08453369140625,289.08453369140625,294.070303892013,288.4177923107223,293.4134934775076,7340500,2025-08-15
290.1195068359375,290.1195068359375,290.48771182814966,287.01460700223555,288.5969105571057,5386900,2025-08-18
289.25372314453125,289.25372314453125,291.0649248511568,288.12918548745137,289.4228836379399,6031500,2025-08-19
290.8260803222656,290.8260803222656,291.91080306079334,285.8801248660847,289.40300620960403,7374200,2025-08-20
290.059814453125,290.059814453125,291.35351266028397,288.0694908298476,290.52754171939233,6624000,2025-08-21
294.80670166015625,294.80670166015625,295.7222638160247,288.72627805745185,291.78143186234297,8552800,2025-08-22
293.47320556640625,293.47320556640625,295.91136409796144,292.7169032581514,294.8067187195671,5856300,2025-08-25
297.1254577636719,297.1254577636719,297.2946182578716,292.0799802873029,292.73679070167583,6714700,2025-08-26
297.8320007324219,297.8320007324219,299.6133487290695,295.60284818014264,295.81182363943736,6056500,2025-08-27
299.6133728027344,299.6133728027344,299.78253330292296,297.2548441771251,298.5684346824493,6410500,2025-08-28
299.961669921875,299.961669921875,301.4842661940908,298.27984412427315,300.57866535154164,6796400,2025-08-29
298.25,298.25,299.00630230729985,293.0751465546297,298.80728817166414,7221900,2025-09-02
298.0609130859375,298.0609130859375,299.1157821383293,294.9460518695642,299.1157821383293,6316900,2025-09-03
302.3500671386719,302.3500671386719,302.95710126266795,296.8368622307461,298.5485417515856,6605800,2025-09-04
292.9557189941406,292.9557189941406,303.67360004151425,292.8860503832935,302.1808574258392,9837700,2025-09-05
291.4928283691406,291.4928283691406,295.02564039164184,290.02993939924687,293.4632595438729,8188500,2025-09-08
296.408935546875,296.408935546875,297.5533654940205,290.89573090671735,291.1843363199733,7848200,2025-09-09
299.0859375,299.0859375,300.081099305405,293.97079124265275,295.26451981163615,7787300,2025-09-10
304.0816345214844,304.0816345214844,304.2508253887744,299.3347237101347,299.7825282942652,7942500,2025-09-11
305.42510986328125,305.42510986328125,306.0619976191254,302.2306490078873,303.5243471922108,6846700,2025-09-12
307.40545654296875,307.40545654296875,308.4503945957688,305.68384616318764,305.68384616318764,7122000,2025-09-15
307.6940612792969,307.6940612792969,309.3957793536566,305.64403052143217,308.5001398603055,10525600,2025-09-16
310.2416687011719,310.2416687011719,311.39605995003245,307.27607581858564,308.8882633286686,8657800,2025-09-17
311.71453857421875,311.71453857421875,311.92351404664583,308.11202738183795,310.281503166292,8050700,2025-09-18
313.25701904296875,313.25701904296875,314.27207310967725,307.62439981099584,312.08273544953454,23568600,2025-09-19
310.9283447265625,310.9283447265625,312.182258270615,308.062273980115,308.30110308567663,7520200,2025-09-22
311.22686767578125,311.22686767578125,314.77960231730736,309.0773147087216,310.31133589735856,8584400,2025-09-23
311.90362548828125,311.90362548828125,315.04831005850303,310.1620923339846,312.53055191308846,7310500,2025-09-24
311.9334716796875,311.9334716796875,314.1228093708585,310.2914304489001,312.60021306425335,7083200,2025-09-25
314.53082275390625,314.53082275390625,316.2723558301295,312.1822555829643,313.3764314704185,7258100,2025-09-26
314.1626281738281,314.1626281738281,316.47141081731513,312.1424509532589,315.52599496806425,6462400,2025-09-29
313.90386962890625,313.90386962890625,315.8743008654659,308.6096017269858,314.71990956858593,11823300,2025-09-30
309.2066955566406,309.2066955566406,313.06792796484126,305.92267396447164,312.450932545579,9235200,2025-10-01
306.0619812011719,306.0619812011719,309.05742775902445,304.6588298723343,308.5001396138323,7600000,2025-10-02
308.5299987792969,308.5299987792969,310.15211730487346,306.71879709000723,307.0173638395194,6029900,2025-10-03
309.17999267578125,309.17999267578125,311.75,305.1300048828125,310.17999267578125,7214500,2025-10-06
307.69000244140625,307.69000244140625,310.010009765625,304.70001220703125,309.3500061035156,8454200,2025-10-07
304.0299987792969,304.0299987792969,308.7799987792969,303.54998779296875,308.2099914550781,6489900,2025-10-08
305.5299987792969,305.5299987792969,308.0400085449219,303.3900146484375,305.04998779296875,7060300,2025-10-09
300.8900146484375,300.8900146484375,310.4700012207031,300.80999755859375,305.6600036621094,8597400,2025-10-10
307.9700012207031,307.9700012207031,309.4599914550781,305.45001220703125,305.6000061035156,10788700,2025-10-13
302.0799865722656,302.0799865722656,307.0,294.2099914550781,305.8399963378906,16178800,2025-10-14
305.69000244140625,305.69000244140625,312.1199951171875,305.44000244140625,306.3900146484375,11354800,2025-10-15
298.5400085449219,298.5400085449219,308.67999267578125,297.07000732421875,305.3500061035156,10549400,2025-10-16
297.55999755859375,297.55999755859375,299.54998779296875,294.20001220703125,299.1600036621094,10153500,2025-10-17
302.3599853515625,302.3599853515625,303.69000244140625,298.1600036621094,298.5,6894900,2025-10-20
297.0899963378906,297.0899963378906,304.04998779296875,297.0,301.6600036621094,7372700,2025-10-21
294.1099853515625,294.1099853515625,298.05999755859375,290.5400085449219,297.7699890136719,8054100,2025-10-22
294.5400085449219,294.5400085449219,296.3699951171875,292.510009765625,294.3800048828125,5438800,2025-10-23
300.44000244140625,300.44000244140625,302.6000061035156,295.45001220703125,296.0799865722656,7223000,2025-10-24
