Price,Close,High,Low,Open,Volume,Date
45.69377136230469,45.69377136230469,46.658602352805,45.543016890968076,45.90482702868946,3447912,2020-12-14
46.54553985595703,46.54553985595703,46.54553985595703,45.49779570939623,45.882220696010236,2485469,2020-12-15
46.24402618408203,46.24402618408203,46.80935768759691,46.191262266512545,46.56814993552246,2362042,2020-12-16
46.00281524658203,46.00281524658203,46.56060943288193,45.9199022203898,46.48523071732648,2913439,2020-12-17
44.864620208740234,44.864620208740234,46.387242443812674,44.676176378036864,45.882215114078996,5752678,2020-12-18
45.053070068359375,45.053070068359375,45.06060734780694,44.25406800055883,44.683719635965794,2970612,2020-12-21
45.927452087402344,45.927452087402344,45.927452087402344,44.864630304826,45.14352747442305,2357088,2020-12-22
45.573177337646484,45.573177337646484,46.304338040794434,45.52795068825555,45.95760237375278,2138407,2020-12-23
46.04804992675781,46.04804992675781,46.07066473234805,45.44503196669965,45.723929108571326,797426,2020-12-24
46.56061935424805,46.56061935424805,46.643532398107794,45.9500611239315,46.01790257587386,1960800,2020-12-28
45.95758056640625,45.95758056640625,46.92241133901297,45.85959003379562,46.56060128300134,1624678,2020-12-29
46.191261291503906,46.191261291503906,46.726440701925675,45.91236418492895,45.99528018254473,1450889,2020-12-30
47.04251480102539,47.04251480102539,47.06521367983398,45.741031986901376,46.11180417161892,2362970,2020-12-31
45.29460144042969,45.29460144042969,47.110622265334364,45.26433328478648,47.05008893290394,3965254,2021-01-04
45.52159881591797,45.52159881591797,45.968036921009826,45.355128451366575,45.40052918907554,2801777,2021-01-05
45.13570022583008,45.13570022583008,45.90750989389172,44.908696506148424,45.854539876919354,4274647,2021-01-06
44.56819534301758,44.56819534301758,45.23407097857703,44.310926429719856,45.22650468390007,4302924,2021-01-07
45.20379638671875,45.20379638671875,45.29459786763004,44.537923824795556,44.64385789290681,3300542,2021-01-08
44.96166229248047,44.96166229248047,45.27190119721732,44.84059563125821,45.08273193255862,2622106,2021-01-11
43.74342727661133,43.74342727661133,43.849364359712204,43.13052153968892,43.16078672441194,12195247,2021-01-12
43.720703125,43.720703125,44.537913280879316,43.523967622552675,44.0687734001872,4415309,2021-01-13
43.7585563659668,43.7585563659668,44.05365974644383,43.6374867084382,44.00068972331134,3009828,2021-01-14
44.3790283203125,44.3790283203125,44.583330202417706,43.425618544202756,43.925023806872446,3361121,2021-01-15
43.99311828613281,43.99311828613281,44.64386128921748,43.72071680153158,44.64386128921748,3406219,2021-01-19
44.62870788574219,44.62870788574219,44.78004264533967,43.90229925236141,44.03850142965558,2624686,2021-01-20
44.71196365356445,44.71196365356445,44.99950072298001,44.02338913743736,44.25795916552438,2632426,2021-01-21
45.27946853637695,45.27946853637695,45.36270075081755,44.45469183412325,44.57575849814011,2904151,2021-01-22
45.68806457519531,45.68806457519531,46.376638930604365,45.12055984231881,45.40052757289289,3731918,2021-01-25
45.90751266479492,45.90751266479492,46.29341752211833,45.6124093008248,45.741042267361834,2520763,2021-01-26
45.672935485839844,45.672935485839844,46.28584100172874,45.48376623411443,45.58970030015529,3546571,2021-01-27
46.119388580322266,46.119388580322266,46.724727999262115,45.52161545729066,45.58971509932156,3127373,2021-01-28
44.86222457885742,44.86222457885742,46.25989471516736,44.74068635504756,45.68259488043711,4867118,2021-01-29
45.69778060913086,45.69778060913086,45.75095263775716,44.69510166135355,45.15846175559154,2511578,2021-02-01
45.81932067871094,45.81932067871094,46.17633675355325,45.42432671538321,45.697785454787756,2356366,2021-02-02
45.92567443847656,45.92567443847656,46.03961709913176,45.31039663055778,45.62183332416712,2373703,2021-02-03
46.29787826538086,46.29787826538086,46.67008554616833,45.92567098459339,46.01682391010809,1957910,2021-02-04
46.47260284423828,46.47260284423828,46.66250134207114,46.32827783280721,46.44221752958418,1627774,2021-02-05
46.259910583496094,46.259910583496094,46.56375176166829,46.168757631967196,46.49538854321471,1972771,2021-02-08
46.897972106933594,46.897972106933594,46.93595299682354,46.2599045202485,46.32067214984094,2203939,2021-02-09
47.47526550292969,47.47526550292969,48.22727266497121,47.057484743035076,47.18661556427487,3566489,2021-02-10
47.80188751220703,47.80188751220703,47.877846277097845,47.39169941641127,47.58919639166614,2190833,2021-02-11
47.444889068603516,47.444889068603516,47.94623026075966,47.171433226904284,47.56642732410335,1866578,2021-02-12
46.86758804321289,46.86758804321289,47.71074821738647,46.54855276654993,47.589209972338686,2784130,2021-02-16
46.91316223144531,46.91316223144531,47.05749020791921,46.40422848546298,46.79922255467571,1930975,2021-02-17
46.27511215209961,46.27511215209961,46.89798577006354,46.21434151441663,46.80683280392574,3308386,2021-02-18
46.40422821044922,46.40422821044922,47.17142960512825,46.358651741934345,46.50297672716717,2858434,2021-02-19
47.17142868041992,47.17142868041992,47.39171244860216,46.411822880319754,46.53336112410546,3666490,2021-02-22
47.384124755859375,47.384124755859375,47.71835124391797,46.72327035093186,47.50566301987438,4029650,2021-02-23
47.37651443481445,47.37651443481445,47.581607014244106,47.042288050743615,47.34612913066793,3710040,2021-02-24
46.784027099609375,46.784027099609375,48.45515616059112,46.38903306666407,47.49805339437107,3338004,2021-02-25
45.94906997680664,45.94906997680664,47.222468048730015,45.90331895014935,46.78783479640517,3404465,2021-02-26
46.13970947265625,46.13970947265625,47.0852259068223,46.09395843537083,46.64296788095629,3024276,2021-03-01
46.03295135498047,46.03295135498047,46.29982986544734,45.52969301990629,46.13207808770233,3517882,2021-03-02
46.345584869384766,46.345584869384766,46.89459428215522,45.9795795948176,46.03295530148699,3220356,2021-03-03
45.33144760131836,45.33144760131836,46.45996822074786,44.75956111786541,46.20833600670399,4465361,2021-03-04
45.72032165527344,45.72032165527344,45.79657137149695,44.431671132520655,45.499191174363034,3907358,2021-03-05
46.086326599121094,46.086326599121094,46.63533595936834,45.51444022286735,45.81944809130616,3772063,2021-03-08
46.292213439941406,46.292213439941406,46.9784760197724,45.75845332209066,46.11683695949198,3305496,2021-03-09
46.833587646484375,46.833587646484375,47.138595503354495,46.269328964860726,46.2922029781605,3441101,2021-03-10
47.13860321044922,47.13860321044922,47.657110948409574,46.24645951095243,47.03184879207902,3234907,2021-03-11
47.984989166259766,47.984989166259766,48.023112525048205,46.84884403206101,47.153848913404154,2806730,2021-03-12
48.73986053466797,48.73986053466797,49.01436663794821,47.82484319223879,48.21372533763331,3268241,2021-03-15
48.77037811279297,48.77037811279297,49.15163271141081,48.259492087665464,48.800876799652414,2896514,2021-03-16
48.709381103515625,48.709381103515625,48.95338563948789,48.38150216587515,48.64838071998248,2877216,2021-03-17
48.198486328125,48.198486328125,48.70936929434538,47.97735586389899,48.44249080494046,2706833,2021-03-18
47.085227966308594,47.085227966308594,48.328127698113555,46.91747615681773,48.137498868059545,11386056,2021-03-19
47.62660217285156,47.62660217285156,47.84773264720642,46.84121300854955,47.11571918323026,3583414,2021-03-22
48.000244140625,48.000244140625,48.29762438509577,47.504610399840374,47.61136182064943,3369067,2021-03-23
48.213748931884766,48.213748931884766,48.976264257365834,47.94687036907024,48.00024608163314,3019735,2021-03-24
48.73224639892578,48.73224639892578,48.83137312400798,47.58847672504192,48.076482677736706,2139026,2021-03-25
48.968631744384766,48.968631744384766,49.2507596079507,48.350994309557066,48.86950500808989,2014877,2021-03-26
48.961002349853516,48.961002349853516,49.258382548285404,48.38149429777233,48.9533776783818,2276695,2021-03-29
48.89237976074219,48.89237976074219,49.09825790817688,48.594999547372225,48.762751333694005,2346046,2021-03-30
48.597740173339844,48.597740173339844,49.18703276091781,48.53651238696543,48.83498654723353,2567410,2021-03-31
49.82989501953125,49.82989501953125,49.860508909403784,48.704879006719125,48.92681991642982,2642333,2021-04-01
49.93703079223633,49.93703079223633,50.09009418109134,49.3783462593906,49.92172234433419,2546460,2021-04-05
49.84520721435547,49.84520721435547,50.082456593261,49.46254712017764,49.852859934177935,3194350,2021-04-06
50.16664123535156,50.16664123535156,50.266132622200864,49.70745091440448,49.822247741420775,2230565,2021-04-07
50.05949401855469,50.05949401855469,50.35796816056036,49.990616529200196,50.15898539922324,1812192,2021-04-08
49.891117095947266,49.891117095947266,50.250815949642806,49.72274524021823,50.12836341703249,2281236,2021-04-09
50.25848388671875,50.25848388671875,50.31205594443245,49.523777507225155,50.036542935173706,2085053,2021-04-12
50.51103210449219,50.51103210449219,50.54164599611725,49.914083814416635,49.9829643173526,2127778,2021-04-13
50.02123260498047,50.02123260498047,50.549303454505385,49.95235510846941,50.49573139880078,1819003,2021-04-14
51.21512222290039,51.21512222290039,51.238080379588354,50.289085991738226,50.44214940830234,2697442,2021-04-15
51.291656494140625,51.291656494140625,51.56717248972778,51.13859606932359,51.40645934495808,2515913,2021-04-16
51.53656005859375,51.53656005859375,51.61309328158038,50.962569924839364,51.42176323699559,2178346,2021-04-19
52.49321746826172,52.49321746826172,52.55443923442193,51.43707571858989,51.51360895205453,2745223,2021-04-20
53.067195892333984,53.067195892333984,53.22026234264197,52.37840891747547,52.608008592937466,2526233,2021-04-21
52.86820983886719,52.86820983886719,53.6105718329562,52.77637720530239,53.266175354034765,2478761,2021-04-22
53.113121032714844,53.113121032714844,53.2891456521029,52.74576635325526,53.18200154155453,2084950,2021-04-23
53.05188751220703,53.05188751220703,53.557003154770584,52.883521657115914,53.44220031052034,1886909,2021-04-26
52.69984817504883,52.69984817504883,53.1131191620029,52.6462731087796,53.07485556164191,2023030,2021-04-27
52.500850677490234,52.500850677490234,53.05952921489544,52.42431747246857,52.78401931803688,2008066,2021-04-28
53.04423522949219,53.04423522949219,54.98049379797334,52.791683431894135,53.587614474104754,8460439,2021-04-29
53.10182571411133,53.10182571411133,53.2554128895503,52.080490950110416,52.84841473477906,6067850,2021-04-30
52.74090576171875,52.74090576171875,53.3014911522754,52.70251198685751,53.17862502645568,3719947,2021-05-03
53.07112121582031,53.07112121582031,53.647058122204996,52.75627409465954,52.85610396460146,3839556,2021-05-04
51.55829620361328,51.55829620361328,52.84840527046264,51.24344315497492,52.73321188638118,5389207,2021-05-05
51.873165130615234,51.873165130615234,52.13425492768787,51.45848812069375,51.681184137686465,4503854,2021-05-06
52.2955207824707,52.2955207824707,52.56429538123757,51.688862780943865,51.688862780943865,3373918,2021-05-07
51.865478515625,51.865478515625,52.825377288554556,51.834757449951525,52.556602729927725,3449563,2021-05-10
50.82876205444336,50.82876205444336,51.5659645823742,50.498554551108164,51.496855813239804,4554216,2021-05-11
49.715301513671875,49.715301513671875,50.84414515333008,49.546356789330126,50.66752469612912,3441926,2021-05-12
49.6922607421875,49.6922607421875,50.08390147114405,49.623148917190775,49.74601505565877,3071335,2021-05-13
50.176055908203125,50.176055908203125,50.30660383420828,49.84584822662091,49.91496307932521,2540887,2021-05-14
50.22212219238281,50.22212219238281,50.460178708475894,50.06085927108046,50.31427329687896,2512198,2021-05-17
50.283546447753906,50.283546447753906,50.529281675662006,49.95334190812802,50.398733796634446,2251411,2021-05-18
50.42178726196289,50.42178726196289,50.42946601763049,49.530997188143076,50.00711027085552,2799610,2021-05-19
51.38167953491211,51.38167953491211,51.53526065672271,50.229793913149955,50.32962375851883,3614064,2021-05-20
51.12826156616211,51.12826156616211,51.75027688808545,51.0745102907247,51.55830200097488,3769174,2021-05-21
52.32622146606445,52.32622146606445,52.51820240596057,51.26648691968841,51.358644058951974,3547810,2021-05-24
52.863765716552734,52.863765716552734,53.03270433316285,52.0881632734937,52.37997403379054,4231510,2021-05-25
53.078792572021484,53.078792572021484,53.3782821400968,52.740903184697466,52.97128396139934,3630886,2021-05-26
52.379981994628906,52.379981994628906,53.30148693475777,52.24175232353844,53.23237209921253,5518723,2021-05-27
52.70748519897461,52.70748519897461,52.853898082198995,52.39925489454696,52.5996048957833,3115505,2021-05-28
53.439517974853516,53.439517974853516,53.47033917389605,52.661234161708194,52.95405375410777,3064111,2021-06-01
54.410457611083984,54.410457611083984,54.41816291328915,53.32394326131742,53.50117734637044,2960602,2021-06-02
54.08682632446289,54.08682632446289,54.54146957116194,53.88647629720599,54.54146957116194,3755551,2021-06-03
54.26405334472656,54.26405334472656,54.37193364782105,53.82482682978237,54.240937437027895,2808072,2021-06-04
54.2100944519043,54.2100944519043,54.70326400908066,54.202389151570735,54.32568002407342,3279283,2021-06-07
54.29486846923828,54.29486846923828,54.71097902984319,54.26404726242805,54.29486846923828,4061126,2021-06-08
54.680171966552734,54.680171966552734,54.91905458262126,54.4104681357018,54.710993181335155,4259064,2021-06-09
54.77262878417969,54.77262878417969,54.94215755991116,54.4181606289533,54.66474849066879,3442442,2021-06-10
54.23321533203125,54.23321533203125,54.77261668038742,53.91727375603104,54.77261668038742,3380522,2021-06-11
54.402748107910156,54.402748107910156,54.502923096008935,54.06369663556301,54.302573119811385,3454620,2021-06-14
53.639896392822266,53.639896392822266,54.39505864061131,53.632185021800716,54.25635710408592,3225103,2021-06-15
52.745994567871094,52.745994567871094,53.932683447934565,52.738283201524,53.86332968812841,3394145,2021-06-16
52.576480865478516,52.576480865478516,52.80765204129358,52.27595591005235,52.7922414385281,3681454,2021-06-17
51.50537872314453,51.50537872314453,52.445486190675766,51.497673421539076,52.299073325838954,6611921,2021-06-18
52.44549560546875,52.44549560546875,52.77684183548488,51.62097358117121,51.75197586631409,6134930,2021-06-21
51.998538970947266,51.998538970947266,52.476297920036515,51.98312837051947,52.222004811481334,4012313,2021-06-22
51.95230484008789,51.95230484008789,52.337588035002966,51.79818670838966,51.99853663929821,2973811,2021-06-23
51.628665924072266,51.628665924072266,52.32218548913616,51.536202311418855,52.32218548913616,3497138,2021-06-24
52.499427795410156,52.499427795410156,52.561076280696966,51.67491191572251,51.944615696497465,4008494,2021-06-25
52.26825714111328,52.26825714111328,52.591898041136034,52.021669264547945,52.5302556223701,4729656,2021-06-28
52.36073303222656,52.36073303222656,52.784548980060904,52.16038301319565,52.27596862922611,4264843,2021-06-29
51.607566833496094,51.607566833496094,52.798392148729164,51.522507012649015,52.31897403028509,4297661,2021-06-30
51.8472900390625,51.8472900390625,52.20298760442601,50.84204548013962,50.84977763884444,7887060,2021-07-01
52.17976760864258,52.17976760864258,52.51226854801914,51.893659600583646,52.04058272637852,3403330,2021-07-02
52.775177001953125,52.775177001953125,52.8911654117706,51.83953148033538,52.25709219100263,4088474,2021-07-06
52.72880554199219,52.72880554199219,52.92211557818733,52.257113467593946,52.59734668080591,2785368,2021-07-07
52.50455856323242,52.50455856323242,52.82159532604085,52.19525395890855,52.54322544396901,3075773,2021-07-08
53.254615783691406,53.254615783691406,53.277812254415146,52.51228001403147,52.75972730002229,2660909,2021-07-09
53.58711624145508,53.58711624145508,53.78816449560659,52.94531069486082,53.12316247852849,2742230,2021-07-12
52.93756103515625,52.93756103515625,53.63349753775938,52.64372090791002,53.45564581289526,2780105,2021-07-13
53.246891021728516,53.246891021728516,53.43247498991746,52.85252661140535,52.87572308535063,2726957,2021-07-14
53.57164764404297,53.57164764404297,53.610308425091254,53.23141450588208,53.362867249758246,2141916,2021-07-15
53.78814697265625,53.78814697265625,54.159314732729506,53.703087186946924,53.88867106698355,2944090,2021-07-16
53.12314987182617,53.12314987182617,53.31646592327373,52.61279111242068,53.2391382850325,3832538,2021-07-19
54.32170867919922,54.32170867919922,54.53822120249616,53.293265061071935,53.316467615098276,3915924,2021-07-20
54.26758575439453,54.26758575439453,54.74700989361562,54.236657128739026,54.290782223636164,2018076,2021-07-21
54.05879592895508,54.05879592895508,54.20571296351457,53.76495577152502,54.06652808402078,2118077,2021-07-22
54.49956130981445,54.49956130981445,54.600085429084025,54.10519698896364,54.12839954595815,1823544,2021-07-23
54.63876724243164,54.63876724243164,54.824351219273666,54.29079576377443,54.39905206888001,3046877,2021-07-26
54.93259811401367,54.93259811401367,55.195503629240804,54.36811412184566,54.40677490693417,3615406,2021-07-27
54.383583068847656,54.383583068847656,55.17231185834652,54.35265443814202,55.17231185834652,3601061,2021-07-28
54.29852294921875,54.29852294921875,54.863006986389166,54.23666568814568,54.52277378554795,2434385,2021-07-29
54.535945892333984,54.535945892333984,55.43595584737359,54.48163215566125,54.621292559194266,5686423,2021-07-30
54.256629943847656,54.256629943847656,55.280777704881984,54.248871711479545,54.76094559199671,3196620,2021-08-02
54.629032135009766,54.629032135009766,55.0014454966085,54.04712823965605,54.5436854972968,2991562,2021-08-03
54.42731475830078,54.42731475830078,54.78421171792927,54.303176950988416,54.61352452369105,3057610,2021-08-04
54.923892974853516,54.923892974853516,54.93165120895699,54.396302511588104,54.69888585931533,2745120,2021-08-05
54.791988372802734,54.791988372802734,55.24199647528429,54.60578465364519,54.96268173327975,2083298,2021-08-06
54.791988372802734,54.791988372802734,55.00147290209476,54.47388246198318,54.74543897022472,2352857,2021-08-09
54.380760192871094,54.380760192871094,54.807493457875715,54.31093611128777,54.78421265517108,2224373,2021-08-10
55.0169792175293,55.0169792175293,55.133358798422414,54.47386636156983,54.67559259747622,2378347,2021-08-11
55.03247833251953,55.03247833251953,55.2186880467869,54.605751300814504,55.12558318965322,1806619,2021-08-12
55.823883056640625,55.823883056640625,55.84715775059001,55.117841244937786,55.2652537487941,2983822,2021-08-13
56.2661018371582,56.2661018371582,56.429036840559796,55.81610018409227,55.83937486776654,2991355,2021-08-16
56.10317611694336,56.10317611694336,56.31266663119797,55.583344217999084,56.157489830011265,2491248,2021-08-17
55.637664794921875,55.637664794921875,56.14198029773177,55.52128523409537,55.99456781637624,2441093,2021-08-18
55.50576400756836,55.50576400756836,56.05662884386921,55.17213570515932,55.45145029246383,3700649,2021-08-19
55.792850494384766,55.792850494384766,56.126478915067004,54.97042900869229,55.505783684689455,4906438,2021-08-20
55.195438385009766,55.195438385009766,56.095448339466905,55.11009171820472,55.8549248041355,3253277,2021-08-23
54.96265411376953,54.96265411376953,55.47472782903083,54.799719068932674,55.4436949095733,3022212,2021-08-24
55.03247833251953,55.03247833251953,55.39713953202994,54.51264644368082,54.86954330532515,2423755,2021-08-25
55.071292877197266,55.071292877197266,55.28853559986745,54.78421995479584,55.024743483272665,1988767,2021-08-26
55.513553619384766,55.513553619384766,55.75407108648373,55.22648064032906,55.25751357573652,2729950,2021-08-27
55.90922546386719,55.90922546386719,55.90922546386719,55.34283796771923,55.47473399892561,3616025,2021-08-30
56.21747970581055,56.21747970581055,56.35759284874372,55.711507066168885,55.91389612202555,3799308,2021-08-31
56.365379333496094,56.365379333496094,56.63004431524412,55.46241226089911,56.295325823054945,5329558,2021-09-01
56.5755500793457,56.5755500793457,56.59890737756522,55.96059918085362,56.43543693460774,2742024,2021-09-02
56.27973556518555,56.27973556518555,56.55217803097445,55.26778451756402,56.4743346997861,5519755,2021-09-03
55.43126678466797,55.43126678466797,56.279747631600145,55.06540733988167,56.279747631600145,3147084,2021-09-07
55.81271743774414,55.81271743774414,55.96839807087257,55.18998264739547,55.29896092926061,2803325,2021-09-08
54.232513427734375,54.232513427734375,55.54804242823154,54.20916225629205,55.54025870441743,4775786,2021-09-09
52.870269775390625,52.870269775390625,54.39597752727672,52.86248605248636,54.34148533803121,5009225,2021-09-10
53.3451042175293,53.3451042175293,53.757666021599334,53.12714773186006,53.469656034124824,5332344,2021-09-13
53.09601593017578,53.09601593017578,53.65647462179015,52.66788665636059,53.454085569195804,4360510,2021-09-14
53.29061508178711,53.29061508178711,53.54749016472982,52.92475563339088,53.09600977462932,4468044,2021-09-15
53.23614501953125,53.23614501953125,53.64870697119227,52.94812880010578,53.243928744738625,3121078,2021-09-16
52.683467864990234,52.683467864990234,53.78104049523486,52.59784076207509,53.181656903746074,8805746,2021-09-17
52.628944396972656,52.628944396972656,53.02593864715724,52.10740449331599,52.302009758265825,5323056,2021-09-20
52.34873580932617,52.34873580932617,53.00261151205116,52.34873580932617,52.82357360651439,4148640,2021-09-21
52.74573516845703,52.74573516845703,53.04153508775042,52.48886000078357,52.77687619553636,3644611,2021-09-22
52.76129150390625,52.76129150390625,53.119367273016294,52.71458916650007,52.85470230763428,3899825,2021-09-23
51.73379135131836,51.73379135131836,52.79244534094209,51.54696969850728,52.590056238549614,4209528,2021-09-24
51.126609802246094,51.126609802246094,52.270884445816876,51.118826079623645,51.95951715417234,4117061,2021-09-27
50.597293853759766,50.597293853759766,51.06434486354413,50.52723421039428,50.92422864127136,4416238,2021-09-28
51.41461944580078,51.41461944580078,51.523597677695136,50.752963268335876,50.79966866264165,4034398,2021-09-29
50.66936111450195,50.66936111450195,51.599001085339125,50.66936111450195,51.55993983288409,3607253,2021-09-30
51.44274139404297,51.44274139404297,51.794286393898524,50.763086292447454,50.97401575271755,3023554,2021-10-01
51.95053482055664,51.95053482055664,52.020845678817466,51.20057488571565,51.27869737812845,3561019,2021-10-04
51.75522994995117,51.75522994995117,52.005214506607096,51.41930820434494,51.95052692496181,3218498,2021-10-05
52.92704391479492,52.92704391479492,52.97391986468026,51.348998676531025,51.63023284772019,4103851,2021-10-06
52.98175048828125,52.98175048828125,53.70046405336541,52.88800470580119,53.09111954269224,3184442,2021-10-07
52.49739074707031,52.49739074707031,53.184857669333304,52.41145661292574,52.88799709269459,2094444,2021-10-08
52.93486785888672,52.93486785888672,52.95830276383346,52.35676996483837,52.52082660125292,2593726,2021-10-11
53.59107208251953,53.59107208251953,53.91136747282341,52.81767124550173,53.04422089341278,3707770,2021-10-12
53.71607971191406,53.71607971191406,53.97388211491854,52.91924374921934,53.7942022113906,5716558,2021-10-13
54.38792419433594,54.38792419433594,54.52072813984319,53.43484321817228,53.895760436299575,4535124,2021-10-14
54.41915512084961,54.41915512084961,54.98162958319558,54.27072179708113,54.7472621484388,4263811,2021-10-15
54.95819091796875,54.95819091796875,55.02850176653479,54.05979775632875,54.22385435268544,2513539,2021-10-18
54.716041564941406,54.716041564941406,55.13008289986561,54.67698338273906,55.09883635410374,3519636,2021-10-19
55.74720764160156,55.74720764160156,55.7784603206312,54.76288049633236,54.82537970350026,2735832,2021-10-20
55.59879684448242,55.59879684448242,56.090960561958184,55.387870415691836,55.74722404771191,3152347,2021-10-21
56.051883697509766,56.051883697509766,56.13781780684315,55.661277464662646,55.676906880725646,2530258,2021-10-22
57.70805740356445,57.70805740356445,58.24709083475772,56.05188664321979,56.075321542208165,7199232,2021-10-25
57.88775634765625,57.88775634765625,58.27836277130321,57.32528777228469,57.48934443850275,5146790,2021-10-26
57.27840042114258,57.27840042114258,58.2002286913784,57.262777151444375,58.11430070803832,6688186,2021-10-27
57.14560317993164,57.14560317993164,57.50496302871072,56.64562773648362,57.481521970520646,9845486,2021-10-28
55.80188751220703,55.80188751220703,57.27837187536231,55.653454222261594,56.66121612449352,45300982,2021-10-29
55.54011917114258,55.54011917114258,55.85363884862003,54.38009698160428,55.649850749695545,5556391,2021-11-01
56.42581558227539,56.42581558227539,56.84906683892341,55.571475539877184,55.77526363909903,4598076,2021-11-02
56.65311050415039,56.65311050415039,56.94311756526959,56.331753329812514,56.433647369055365,3625519,2021-11-03
55.869319915771484,55.869319915771484,56.86474164894703,55.555800239204885,56.80204141640335,2901571,2021-11-04
56.25337600708008,56.25337600708008,56.94312174752518,56.12796937371258,56.36310758268696,3300130,2021-11-05
56.01823425292969,56.01823425292969,56.30040378861108,55.68903954694249,56.29256626022678,2880415,2021-11-08
55.61850357055664,55.61850357055664,56.25338048813024,55.469584338685564,56.206355311102456,3382793,2021-11-09
55.75959777832031,55.75959777832031,56.02608615431617,55.5793222366689,55.61850988864365,2653582,2021-11-10
56.762847900390625,56.762847900390625,56.770691600782854,55.39120007955797,55.508769187482734,2945328,2021-11-11
57.013671875,57.013671875,57.14691605172884,56.60609564379815,56.67663341138699,3001985,2021-11-12
57.543907165527344,57.543907165527344,57.729952877260544,56.9534263286263,57.729952877260544,7029300,2021-11-15
57.762306213378906,57.762306213378906,57.79465608484808,56.921067615645015,57.61670710663103,4903200,2021-11-16
58.21526336669922,58.21526336669922,58.2557037811864,56.25776957258275,57.624776539387085,6557200,2021-11-17
57.46300506591797,57.46300506591797,58.36895555397066,57.357852578087986,58.34468389867191,4760600,2021-11-18
57.35786056518555,57.35786056518555,57.77038619346636,56.86444175054348,57.4791880021601,5543500,2021-11-19
57.179908752441406,57.179908752441406,57.94025414390111,57.04239403040535,57.38212938752992,6528200,2021-11-22
56.54087448120117,56.54087448120117,57.47917474804936,56.532783930173906,57.27695417134355,4518600,2021-11-23
57.13945770263672,57.13945770263672,57.22034471610982,56.16071064566002,56.557061331576705,3930900,2021-11-24
56.19305419921875,56.19305419921875,57.252688034218096,55.958477592371146,56.49233669969706,3720200,2021-11-26
56.45999526977539,56.45999526977539,57.10709750169048,55.96657650087546,56.637944217935946,5540100,2021-11-29
55.13360595703125,55.13360595703125,56.408042748265956,55.10925464782138,56.408042748265956,6217100,2021-11-30
53.51011657714844,53.51011657714844,56.08334133869768,53.49388443619945,55.56382612479214,6009300,2021-12-01
54.808902740478516,54.808902740478516,55.24724484845235,53.91598638413612,54.021516972585715,5086200,2021-12-02
54.58972930908203,54.58972930908203,55.10112528721663,54.2487986569923,54.85760604705641,4047600,2021-12-03
55.26348114013672,55.26348114013672,56.48109599737358,54.9631339124989,55.011836524993356,5604700,2021-12-06
55.51512908935547,55.51512908935547,55.91288161024219,55.23102014586495,55.52324825720105,6229000,2021-12-07
55.888545989990234,55.888545989990234,56.08336272120374,55.39338189527541,55.482674187313314,4298400,2021-12-08
54.67902755737305,54.67902755737305,55.62064653695351,54.66278922371441,55.62064653695351,3697900,2021-12-09
54.338111877441406,54.338111877441406,55.04432475892347,54.29752222519262,55.04432475892347,3874900,2021-12-10
55.32841873168945,55.32841873168945,55.580057138469805,54.26503094284762,54.378674493852245,4984500,2021-12-13
54.622215270996094,54.622215270996094,55.718067645281664,54.58974479114405,55.27972545694528,4766400,2021-12-14
54.56537628173828,54.56537628173828,54.69525196710173,53.29093976649595,54.38679179539331,6006200,2021-12-15
54.9306640625,54.9306640625,55.19854082047506,54.50044113229676,54.74396658374854,5136800,2021-12-16
55.019954681396484,55.019954681396484,55.742405654645616,54.83325720818881,54.91443029189255,12326900,2021-12-17
54.59785842895508,54.59785842895508,54.695263665533865,53.867288189063416,54.50044699926614,3914000,2021-12-20
55.79112243652344,55.79112243652344,55.89664684111554,54.84137802275374,54.86572933203574,4084300,2021-12-21
56.123924255371094,56.123924255371094,56.205097336608716,55.57193863260251,55.92910762177898,2989200,2021-12-22
56.18885040283203,56.18885040283203,56.35119652256082,55.896622432834214,56.2132017014806,2863700,2021-12-23
57.585079193115234,57.585079193115234,57.59319216813408,56.20511168729613,56.21323085542567,3346100,2021-12-27
57.958473205566406,57.958473205566406,58.04776546454971,57.42271965166659,57.53636321889808,2663800,2021-12-28
58.36436080932617,58.36436080932617,58.46988523827875,57.885428908147134,58.03966216001843,1920100,2021-12-29
58.37245178222656,58.37245178222656,58.61597100674325,58.04775328976234,58.445505691648975,2071500,2021-12-30
58.3129997253418,58.3129997253418,58.65511174176986,58.24784115433948,58.44332929625838,2309800,2021-12-31
57.99531173706055,57.99531173706055,58.492182201575496,57.09931795684566,58.42702365015293,3110500,2022-01-03
58.850608825683594,58.850608825683594,59.03795605872848,57.930179395441414,57.954614640087065,3410700,2022-01-04
57.897579193115234,57.897579193115234,59.03793790339938,57.74281440534342,58.744702628913316,3237600,2022-01-05
58.1663703918457,58.1663703918457,58.54105847131913,57.742805631081595,58.12564085984582,2869800,2022-01-06
58.1663703918457,58.1663703918457,58.27225847480969,57.59618801611772,57.938293712882064,3108900,2022-01-07
58.345558166503906,58.345558166503906,58.36999961185924,57.46585878176823,58.06861726367776,3275800,2022-01-10
58.068626403808594,58.068626403808594,58.337426414946115,57.31925020408074,58.23153211176529,3998100,2022-01-11
58.54107666015625,58.54107666015625,58.801729588360324,57.99532934828172,58.10936461596751,4234500,2022-01-12
58.4025764465332,58.4025764465332,59.09494114044562,58.2478179108952,58.63879403871631,2390600,2022-01-13
58.239681243896484,58.239681243896484,58.41888125742121,57.62877549658288,58.280410779499235,2506100,2022-01-14
56.79794692993164,56.79794692993164,58.18266415062434,56.72463500807244,58.060481757162115,4224000,2022-01-18
55.85309600830078,55.85309600830078,57.03417839305143,55.84494885535263,56.91200217111346,3281300,2022-01-19
54.83489227294922,54.83489227294922,56.1788859796029,54.82674512403087,55.98339790673899,3647100,2022-01-20
55.32362365722656,55.32362365722656,55.5761355950124,54.55795933712269,55.03038839779794,4183100,2022-01-21
55.722747802734375,55.722747802734375,55.804200652549,53.54791880451382,54.54980687915062,6464500,2022-01-24
56.1381721496582,56.1381721496582,56.38253696992008,54.66385472025669,55.217742926988805,4623200,2022-01-25
55.33177185058594,55.33177185058594,57.091177225875505,54.95708372635255,56.51285384622476,4577500,2022-01-26
55.19330978393555,55.19330978393555,56.35810387110232,54.97338019445647,55.69832131712085,3257500,2022-01-27
56.60245132446289,56.60245132446289,56.61059847436259,54.51722839086722,55.16071651494344,3531800,2022-01-28
56.73897933959961,56.73897933959961,56.76350174312842,55.82343677590856,56.10136566473307,4353700,2022-01-31
56.51007080078125,56.51007080078125,56.82887441711157,56.117699997584616,56.428327403167074,3264300,2022-02-01
57.057777404785156,57.057777404785156,57.23761042505104,56.093190129618804,56.395641392001814,3400900,2022-02-02
56.13408279418945,56.13408279418945,56.83708769810337,56.07686175487672,56.81256528648727,2299800,2022-02-03
55.74168014526367,55.74168014526367,56.24849299577775,55.36565549479059,55.91334316591735,3705200,2022-02-04
55.61906814575195,55.61906814575195,56.1912782786477,55.504626119172805,55.668112946679386,2636500,2022-02-07
55.218536376953125,55.218536376953125,55.70082701757856,55.03052086018212,55.57820874460829,3039200,2022-02-08
56.04413604736328,56.04413604736328,56.22397529448599,55.64358896571341,55.71716240163748,2224900,2022-02-09
54.9650993347168,54.9650993347168,56.19126904949158,54.69534673729882,55.41469739144956,3162100,2022-02-10
55.16946029663086,55.16946029663086,55.76619896149272,54.597250264534516,55.2021589036966,3795300,2022-02-11
54.67900848388672,54.67900848388672,55.332968329205094,54.425602006221915,55.046856998988744,3771800,2022-02-14
54.8098258972168,54.8098258972168,55.45560356316986,54.679031378738365,55.169498349780675,3069800,2022-02-15
55.128604888916016,55.128604888916016,55.29209172669026,54.540042294331805,54.932413199639214,3651400,2022-02-16
54.86701965332031,54.86701965332031,55.10407992269776,54.40924530293295,54.736225199888835,3543000,2022-02-17
54.46646499633789,54.46646499633789,55.275741624918815,54.401074007830694,54.85884211049434,3611100,2022-02-18
53.98417282104492,53.98417282104492,54.515514344675026,53.61631811855217,54.32749888740685,3521000,2022-02-22
53.338382720947266,53.338382720947266,54.91605467388229,53.305684113413385,54.84248124777564,3725100,2022-02-23
53.738948822021484,53.738948822021484,53.90244191771739,52.234849761362625,52.8642810290761,5712100,2022-02-24
55.09589385986328,55.09589385986328,55.144938652820194,53.84520174648856,53.95146754343576,5839700,2022-02-25
54.223751068115234,54.223751068115234,54.94575391799274,53.74789295108671,54.56013989763751,7089700,2022-02-28
54.00223159790039,54.00223159790039,54.61757152324546,53.72328050300011,54.36323302382915,5832800,2022-03-01
54.231971740722656,54.231971740722656,54.62579215055015,53.99403948930483,54.14992764771449,6091100,2022-03-02
54.65860366821289,54.65860366821289,54.6914225529027,53.674055906205304,54.494509244763854,5489700,2022-03-03
54.82267761230469,54.82267761230469,54.855496488482004,53.46892870290329,54.24836292810317,4697900,2022-03-04
53.05873107910156,53.05873107910156,54.57656893768179,53.05053105025525,54.50273112068096,5221300,2022-03-07
53.24742889404297,53.24742889404297,54.05967603760124,52.64849513554014,53.017702935021475,4348800,2022-03-08
53.46894073486328,53.46894073486328,54.11709960120721,53.43612185130083,53.90377998783227,3745900,2022-03-09
53.18178176879883,53.18178176879883,53.29664472811851,52.61566699817911,53.09153140653882,4454700,2022-03-10
53.616634368896484,53.616634368896484,54.05968000505154,53.47715877776342,53.534590271733705,3451700,2022-03-11
53.231014251708984,53.231014251708984,54.272993573364054,53.00128830161382,53.87917318779901,3301000,2022-03-14
53.42791748046875,53.42791748046875,54.24837072412702,53.05870976508564,54.002232247204944,3920800,2022-03-15
53.82175827026367,53.82175827026367,54.28941660109513,52.92746679498925,53.75612047586795,4870100,2022-03-16
54.551937103271484,54.551937103271484,54.57654970026285,53.44432642172722,53.460738992762664,3685900,2022-03-17
54.87190628051758,54.87190628051758,54.92933775258396,54.39604819463655,54.39604819463655,6202100,2022-03-18
54.62578201293945,54.62578201293945,55.36419123210296,54.346824637005724,54.830895337175875,4196600,2022-03-21
55.339569091796875,55.339569091796875,55.61852645117971,54.847298394748876,54.86371096506867,5000400,2022-03-22
54.88833236694336,54.88833236694336,55.39700945635876,54.76526310804648,55.20830868433773,2835000,2022-03-23
54.78986740112305,54.78986740112305,54.99498071499941,54.44527853610554,54.81447999725835,3150900,2022-03-24
55.749794006347656,55.749794006347656,55.78261288641932,54.970365948219815,54.986772258474986,2642000,2022-03-25
56.38154983520508,56.38154983520508,56.38154983520508,55.684165806142104,55.71698468815894,3393400,2022-03-28
57.94042205810547,57.94042205810547,58.01425986040319,56.66871676898969,56.70153565653182,3769500,2022-03-29
57.661460876464844,57.661460876464844,58.161937924548795,57.44814125115963,57.833755330132085,2922000,2022-03-30
57.05794906616211,57.05794906616211,58.185930425109426,57.04147860860196,57.971864729939874,3834800,2022-03-31
58.37531280517578,58.37531280517578,58.3835480353395,57.08265806163615,57.107357470487216,3288700,2022-04-01
58.10359191894531,58.10359191894531,58.342363279648,57.44491186999731,58.18592535465419,3090800,2022-04-04
58.1859130859375,58.1859130859375,58.84459299600038,58.06240981759606,58.095344441262924,3135600,2022-04-05
59.09986114501953,59.09986114501953,59.116331606775645,57.44493151040555,57.840140931224056,3280800,2022-04-06
58.968109130859375,58.968109130859375,59.2562792987751,58.284729674345996,58.73756671488826,3550900,2022-04-07
59.4127082824707,59.4127082824707,59.71734257914193,58.7622635547114,59.03396322548673,2816600,2022-04-08
58.885765075683594,58.885765075683594,59.52798090755728,58.74579761609647,59.38800716633207,2342100,2022-04-11
58.91870880126953,58.91870880126953,59.165715411792924,58.57290457184801,58.869309991820465,2302300,2022-04-12
59.43742370605469,59.43742370605469,59.46212311172627,59.00927973561632,59.0669137760631,2546700,2022-04-13
59.78321838378906,59.78321838378906,60.17019242843515,59.54444703110024,59.68441449527146,2625300,2022-04-14
60.31016540527344,60.31016540527344,60.41719824972216,59.70911935471958,59.783223848290895,2544600,2022-04-18
61.026493072509766,61.026493072509766,61.14999011980506,60.39251224873939,60.417211658198454,3406000,2022-04-19
61.693397521972656,61.693397521972656,62.01450238358902,60.95238388684267,61.026488391175555,2807700,2022-04-20
61.38874435424805,61.38874435424805,62.0803590336034,61.35580972364651,61.89098647805417,2734200,2022-04-21
60.54893112182617,60.54893112182617,61.54518010620358,60.49953231848725,61.273474124562945,3112400,2022-04-22
59.89848709106445,59.89848709106445,60.64773578670267,59.16570885117563,60.515997267261,4179100,2022-04-25
59.22335433959961,59.22335433959961,60.51600897389894,59.20689016230363,60.07963603670051,3676200,2022-04-26
59.00104904174805,59.00104904174805,59.742056316519175,58.95987917908783,59.42095148901459,2955000,2022-04-27
59.865562438964844,59.865562438964844,59.96436634501369,58.630541880731556,59.00105181718518,3130100,2022-04-28
57.302001953125,57.302001953125,59.54914027333389,57.19460427717767,59.49130978581603,6374100,2022-04-29
55.66622543334961,55.66622543334961,57.72335236660603,54.617013169854815,57.48376707426908,4257100,2022-05-02
55.905818939208984,55.905818939208984,56.72371563415897,55.44317488771988,55.95539244690601,3143500,2022-05-03
56.6576042175293,56.6576042175293,56.91370976600206,55.36054357366806,55.798403886753945,3296200,2022-05-04
55.434906005859375,55.434906005859375,57.310278231468345,55.06313940234223,57.05416632612923,3206300,2022-05-05
54.62526321411133,54.62526321411133,55.2366149444072,54.00564818524321,54.955719520400976,3568400,2022-05-06
53.33649444580078,53.33649444580078,54.22874218188879,53.121698967266134,54.11308113866117,4524500,2022-05-09
52.46075439453125,52.46075439453125,54.1213249205355,51.8328790356933,53.83217241676656,5762800,2022-05-10
52.70859909057617,52.70859909057617,53.386047942505414,52.1716011410752,52.46075364068911,4444100,2022-05-11
54.02217483520508,54.02217483520508,54.030438134749524,52.369867897158,52.526839073248716,5584800,2022-05-12
55.691009521484375,55.691009521484375,55.740576713672326,54.030439249628195,54.36090190466662,5225300,2022-05-13
56.22800064086914,56.22800064086914,56.484112491209295,55.459677695949644,55.839707518816745,3543200,2022-05-16
56.6823844909668,56.6823844909668,56.8558759461911,55.996675665758744,56.533676628910236,4711800,2022-05-17
55.814937591552734,55.814937591552734,56.591524025817975,55.65797268689956,56.45933641868686,5187300,2022-05-18
55.476219177246094,55.476219177246094,56.02147731179567,54.674849123647746,55.459692574441824,4499300,2022-05-19
56.170169830322266,56.170169830322266,56.27757380996323,55.26966561885837,56.00494166586756,4085500,2022-05-20
55.53403854370117,55.53403854370117,56.5832507014763,55.36880406405684,56.09582316839007,6075200,2022-05-23
56.54193878173828,56.54193878173828,56.60802626116283,54.76570777179691,55.558814252341655,4053100,2022-05-24
57.153297424316406,57.153297424316406,57.37635608833302,56.203219671251446,56.26931346171962,4227300,2022-05-25
56.236263275146484,56.236263275146484,57.26895505433094,56.19495308275894,57.070679997581635,4491900,2022-05-26
57.293731689453125,57.293731689453125,57.310258285620925,56.533672145024866,56.59150262551289,3369600,2022-05-27
56.561649322509766,56.561649322509766,56.86012818375632,55.798872821804515,56.528484301751156,6709300,2022-05-31
56.445560455322266,56.445560455322266,56.71916706231662,56.03929379927151,56.56992766991782,2879800,2022-06-01
56.74406814575195,56.74406814575195,56.77723317491044,55.52528020790333,56.263184711327696,2701500,2022-06-02
55.84861755371094,55.84861755371094,56.52848466973587,55.757415327426294,56.520191833097,2821700,2022-06-03
55.5335578918457,55.5335578918457,56.2051321536849,55.08583960875931,56.2051321536849,4764100,2022-06-06
56.42898941040039,56.42898941040039,56.47044726786946,55.23508028737868,55.34286186098494,3832200,2022-06-07
55.64134216308594,55.64134216308594,56.18026269622594,55.45064486960646,56.113932652791235,2979100,2022-06-08
54.95317840576172,54.95317840576172,56.01443372521459,54.93659905883681,55.51697108491864,4325300,2022-06-09
54.68785095214844,54.68785095214844,55.3179735131912,54.11576557925572,54.49716004490359,4513600,2022-06-10
52.40781021118164,52.40781021118164,53.98311349881731,52.18395112318354,53.784129751345425,5406100,2022-06-13
52.059593200683594,52.059593200683594,52.78920457769712,51.64503998805727,52.49072892134978,4541300,2022-06-14
53.726097106933594,53.726097106933594,54.54691066958196,52.432689987779,52.54876437742302,4884500,2022-06-15
53.25351333618164,53.25351333618164,53.817306009818125,52.48244087452939,52.63168029771495,4708400,2022-06-16
53.78414535522461,53.78414535522461,54.46401248811122,53.236931983945055,53.236931983945055,15381100,2022-06-17
54.28159713745117,54.28159713745117,54.920006283576306,53.90020895169618,53.90020895169618,3592900,2022-06-21
55.044368743896484,55.044368743896484,55.60816130133239,53.69292770317452,53.69292770317452,3427300,2022-06-22
56.370948791503906,56.370948791503906,56.42069948257011,55.46722574875174,55.5915929880464,4081700,2022-06-23
57.365882873535156,57.365882873535156,57.52340881294633,56.30462752651309,56.428988445632214,5933800,2022-06-24
57.573143005371094,57.573143005371094,57.76383391042116,56.84352541922052,57.258078565686425,3798400,2022-06-27
57.31612014770508,57.31612014770508,58.601237530513416,57.233210777170875,57.954535584535364,2858800,2022-06-28
57.50682830810547,57.50682830810547,57.59803053067768,57.108854398192115,57.19177011004373,3085800,2022-06-29
56.797889709472656,56.797889709472656,57.388666862002225,56.548262699320524,57.08911698913109,3766600,2022-06-30
58.37052536010742,58.37052536010742,58.4204482245303,56.69803957087435,56.731323596582534,2950200,2022-07-01
57.65495300292969,57.65495300292969,58.12923941052894,56.648134711299015,57.921218944945394,2979500,2022-07-05
57.82967758178711,57.82967758178711,58.229079587105744,57.438598170904974,57.82967758178711,3031300,2022-07-06
57.238895416259766,57.238895416259766,57.987770144107444,57.12240449729224,57.92952468462368,3871800,2022-07-07
57.397003173828125,57.397003173828125,57.663269085768,57.01423997390196,57.24722820159444,2885900,2022-07-08
57.87959289550781,57.87959289550781,57.896238082207745,57.10575676920648,57.347061190126105,2836000,2022-07-11
57.713191986083984,57.713191986083984,58.154194307779264,57.238905631846414,57.488526353493505,2587200,2022-07-12
56.623172760009766,56.623172760009766,57.61334585041809,56.606527567876086,57.10577541111367,3343100,2022-07-13
56.95598220825195,56.95598220825195,57.13072492836744,55.63297552936839,55.7744278758631,3969800,2022-07-14
58.50367736816406,58.50367736816406,58.59520688660766,57.28051593830975,57.71320208882154,3803500,2022-07-15
57.80472946166992,57.80472946166992,58.778263741764015,57.55510235731099,58.661772785938105,2913500,2022-07-18
58.31227111816406,58.31227111816406,58.35387138282363,57.65492599307568,58.18745762762969,2528700,2022-07-19
58.453731536865234,58.453731536865234,58.703358552490734,57.73814086356943,58.195788276123274,1861400,2022-07-20
58.728302001953125,58.728302001953125,58.744940835369995,58.03767297203284,58.24569330526593,1843200,2022-07-21
59.36902618408203,59.36902618408203,59.468878270365884,58.819855580219304,59.07779886777003,2224600,2022-07-22
59.58536911010742,59.58536911010742,59.818350962817696,59.29414179421958,59.493839618217045,2051000,2022-07-25
60.267677307128906,60.267677307128906,60.417452265872676,59.59369316692172,59.59369316692172,2374700,2022-07-26
59.80171203613281,59.80171203613281,60.34256004416564,59.25253508558462,59.909880368083506,2529500,2022-07-27
61.191280364990234,61.191280364990234,61.24952582185898,59.94315799070692,60.10125552289865,2739000,2022-07-28
61.774051666259766,61.774051666259766,61.932684197291266,60.980901750624504,61.03099355210345,4414900,2022-07-29
61.506866455078125,61.506866455078125,61.91597061117136,61.281447045804875,61.46512542286564,2613300,2022-08-01
60.780513763427734,60.780513763427734,61.83247956362334,60.75546149886721,61.44842764723706,2684800,2022-08-02
60.112586975097656,60.112586975097656,61.38162767521135,60.07083957512805,60.94748401641846,3723800,2022-08-03
60.5050048828125,60.5050048828125,61.08943041141657,60.137648053541064,60.98924681780475,3074600,2022-08-04
60.74711990356445,60.74711990356445,60.77216579951558,59.745239477200016,60.19608471360002,2509400,2022-08-05
61.164546966552734,61.164546966552734,61.640437931450144,60.88902946851801,60.94747199509286,2033200,2022-08-08
61.406700134277344,61.406700134277344,61.531929635857466,61.19797580529579,61.33155606356826,2577200,2022-08-09
61.890926361083984,61.890926361083984,62.074604761925386,61.306500876370464,61.991116316932036,3214300,2022-08-10
61.665489196777344,61.665489196777344,62.249914513496826,61.46511571243898,61.91596082951896,2899800,2022-08-11
62.34177780151367,62.34177780151367,62.425266254801734,61.749001502479544,61.97442733309406,3283900,2022-08-12
62.408565521240234,62.408565521240234,62.70912902196012,62.099651265011424,62.283329667646925,3073400,2022-08-15
61.53190994262695,61.53190994262695,62.46699693030455,61.364933080786905,62.06624354422587,4727900,2022-08-16
61.43174362182617,61.43174362182617,61.74065153993928,60.9808983245619,61.31485851176811,3280200,2022-08-17
60.939144134521484,60.939144134521484,61.64046108662636,60.73041983695314,61.51522523413334,2830300,2022-08-18
60.87234115600586,60.87234115600586,61.15620306839562,60.63856465374806,60.838944512826174,4178100,2022-08-19
59.93726348876953,59.93726348876953,60.7053672909431,59.8788209466424,60.530039664561706,3956300,2022-08-22
58.95210266113281,58.95210266113281,59.93728179340282,58.54300474130582,59.86213771928528,4441200,2022-08-23
58.97712707519531,58.97712707519531,59.25264463031029,58.89363864418565,58.95208118286831,3051600,2022-08-24
59.29440689086914,59.29440689086914,59.386246108789834,58.88530897361595,59.21091842996704,2575400,2022-08-25
58.36766815185547,58.36766815185547,59.42798482662982,58.35096664026261,59.286053826892214,3309700,2022-08-26
58.434452056884766,58.434452056884766,59.018883906863245,58.025354220731835,58.108842665083046,3709700,2022-08-29
57.58286666870117,57.58286666870117,58.726671870579274,57.457630802209785,58.48455726372624,3989400,2022-08-30
57.212501525878906,57.212501525878906,58.08392881103235,57.02816027807283,57.8157978304272,5103900,2022-08-31
57.354942321777344,57.354942321777344,57.388459492050174,56.58406658374191,56.95274906399649,3476400,2022-09-01
56.71813201904297,56.71813201904297,57.73200238897607,56.60919962370346,57.60631460583229,2563100,2022-09-02
56.76841735839844,56.76841735839844,57.354951954817885,56.441632884286506,56.97789491322647,3910500,2022-09-06
57.20410919189453,57.20410919189453,57.363314127288845,56.625955676309616,56.71812628177521,2662100,2022-09-07
55.60371780395508,55.60371780395508,57.11195862396174,55.45289372195441,56.72651433115675,8201300,2022-09-08
55.96403121948242,55.96403121948242,56.13999162011716,55.31046219062529,55.637246705053855,4143300,2022-09-09
56.64270782470703,56.64270782470703,56.83542991404966,56.05617345322109,56.34105975001564,3794600,2022-09-12
55.226646423339844,55.226646423339844,56.114828901346804,55.10095865558998,55.81318081584531,4210200,2022-09-13
54.807708740234375,54.807708740234375,55.511550233162495,54.47254338480541,55.30207268511282,4994900,2022-09-14
53.14863204956055,53.14863204956055,55.25178795907169,53.10673718844586,54.94175895480239,7543300,2022-09-15
53.8859977722168,53.8859977722168,54.05358363186709,52.88050818530257,53.07322712934024,12575400,2022-09-16
53.601112365722656,53.601112365722656,53.72680016453832,53.073228085619796,53.56759519318868,4448700,2022-09-19
52.86374282836914,52.86374282836914,53.21566349943923,52.45316551574766,53.165390944356666,4382400,2022-09-20
52.40290451049805,52.40290451049805,53.49218712780115,52.38614592298585,53.03971485409296,4966400,2022-09-21
52.369384765625,52.369384765625,52.671032933294775,52.05097801126539,52.369384765625,4300400,2022-09-22
51.79121780395508,51.79121780395508,52.293962521069325,51.13764583605901,51.94204185836394,4557500,2022-09-23
51.028717041015625,51.028717041015625,51.6990443592119,50.56786401315621,51.53146173056963,5015900,2022-09-26
49.84727096557617,49.84727096557617,51.48119302842019,49.788614320607174,51.22982064924213,6882500,2022-09-27
50.58462905883789,50.58462905883789,50.836001435732655,49.528863797330615,50.23270837045987,8458700,2022-09-28
48.556884765625,48.556884765625,50.207565279389236,48.27199523996233,50.157292725454795,4837900,2022-09-29
48.9759635925293,48.9759635925293,49.304152521363356,48.53837728404682,49.1106052866692,5621400,2022-09-30
49.83430862426758,49.83430862426758,50.17091127501284,48.563624549139504,49.52294707943617,4283300,2022-10-03
50.71788787841797,50.71788787841797,51.39951320644045,50.095168086261644,50.322376528935806,3868000,2022-10-04
50.08674240112305,50.08674240112305,50.35602570353955,49.15266454144258,50.170892229336886,3357800,2022-10-05
49.2452392578125,49.2452392578125,50.398108783715976,48.99278652215556,50.120411737526545,3871700,2022-10-06
48.83290100097656,48.83290100097656,49.405128956892526,48.53837332224523,48.97595959501102,3287300,2022-10-07
48.26068115234375,48.26068115234375,49.49770403104395,48.23543683567198,49.06853459706653,3157200,2022-10-10
48.858150482177734,48.858150482177734,49.093772634608584,48.05029714077999,48.30275311565426,3625200,2022-10-11
48.41215133666992,48.41215133666992,48.93389073235164,48.40373763485437,48.69826535006878,2931400,2022-10-12
48.428977966308594,48.428977966308594,48.62252519325714,47.01523862936077,47.56222229560181,4441300,2022-10-13
46.73754119873047,46.73754119873047,49.1695084891782,46.703879974268304,49.018036189209525,4153100,2022-10-14
48.37848663330078,48.37848663330078,48.56361693865963,47.24244443852403,47.435991654646536,5014200,2022-10-17
49.33781051635742,49.33781051635742,49.57343266314386,48.82448808790611,49.06011023469255,4069500,2022-10-18
48.66460418701172,48.66460418701172,49.43879310845244,48.31116774148925,48.91705695660712,3660400,2022-10-19
48.361663818359375,48.361663818359375,49.085364175380136,48.34483320422966,48.731927698878906,3185100,2022-10-20
48.49629211425781,48.49629211425781,48.630933779961815,47.69685581971696,48.29432801064655,3781500,2022-10-21
49.6575813293457,49.6575813293457,49.758564998514316,48.9422979950114,49.043278454069096,4207300,2022-10-24
50.90302658081055,50.90302658081055,50.953515210916976,49.64917316801676,49.71649562164036,6585800,2022-10-25
50.99559020996094,50.99559020996094,51.29012112980496,50.66740127336979,50.90302665126727,3814300,2022-10-26
51.45000457763672,51.45000457763672,51.95491332501109,51.239626735425176,51.33219349961603,3401700,2022-10-27
52.434574127197266,52.434574127197266,52.5187239793614,51.256456936232915,51.32377938605309,2980500,2022-10-28
52.61030960083008,52.61030960083008,52.77083451654246,51.96820349210285,51.99355190622291,6662200,2022-10-31
52.55961608886719,52.55961608886719,53.17637378456963,52.39909117286974,52.80463034718345,3586600,2022-11-01
51.59645462036133,51.59645462036133,52.770828957821884,51.20781335613986,52.20476492814347,4138300,2022-11-02
52.0695915222168,52.0695915222168,52.37374671293369,50.65020278083059,51.013498900527,2826600,2022-11-03
53.235504150390625,53.235504150390625,53.61569805804473,52.12872138058873,52.3061441298479,3706200,2022-11-04
53.33689498901367,53.33689498901367,53.488972562476604,52.88066226862489,53.32844444441104,3316300,2022-11-07
53.51432418823242,53.51432418823242,54.00434947716692,53.1003344722381,53.379144464774065,2999300,2022-11-08
53.43829345703125,53.43829345703125,54.30851285669055,53.31156103712738,53.4636386518363,2979900,2022-11-09
55.22941207885742,55.22941207885742,55.66029314957098,54.173319648110486,54.70558791269134,4617900,2022-11-10
54.89992141723633,54.89992141723633,55.61806310734505,54.62956196522324,55.423739229705426,3558000,2022-11-11
54.139522552490234,54.139522552490234,55.10267830938951,54.122621464333264,54.76472745089162,3993600,2022-11-14
54.697139739990234,54.697139739990234,55.24630911696518,54.03813906597108,54.83232267100798,4436700,2022-11-15
53.936744689941406,53.936744689941406,54.68023455247837,53.8100123280195,54.52815700734722,3569100,2022-11-16
54.4183464050293,54.4183464050293,54.43524105162851,53.33690531515266,53.4129441166054,3087800,2022-11-17
54.663360595703125,54.663360595703125,55.08579771451344,54.33386015870139,54.91682544534087,2991800,2022-11-18
55.1702766418457,55.1702766418457,55.22941756600823,54.58731149947414,54.62110723412091,2831100,2022-11-21
55.1702766418457,55.1702766418457,55.49132645217411,54.992847423480825,55.22941756600823,3128700,2022-11-22
54.511268615722656,54.511268615722656,55.24631132934385,54.2324650896183,55.026642280581676,3283300,2022-11-23
54.79008102416992,54.79008102416992,54.88301768562991,54.51972158516199,54.75628528855925,1691200,2022-11-25
52.162532806396484,52.162532806396484,54.654912258815465,51.97665945718379,54.545074491074296,7739200,2022-11-28
52.63566207885742,52.63566207885742,52.84688062911202,51.909069750311325,52.30616165613054,5291900,2022-11-29
53.49917221069336,53.49917221069336,53.57551490429707,51.82811727060079,52.17589993350222,7034600,2022-11-30
53.278629302978516,53.278629302978516,54.2201848914219,53.08353202415764,53.78757844461384,3923000,2022-12-01
53.354976654052734,53.354976654052734,53.634897735634745,52.70182314926804,52.871473956558354,3357300,2022-12-02
52.79513168334961,52.79513168334961,53.354977086875174,52.379487363907586,52.85450898100989,5078700,2022-12-05
53.193809509277344,53.193809509277344,53.38890681458044,52.82058030380448,52.88843868851766,5584400,2022-12-06
53.923301696777344,53.923301696777344,54.135364391270194,53.19380550999074,53.19380550999074,5196200,2022-12-07
54.33893585205078,54.33893585205078,54.6443066109975,53.94026023748769,53.94874132042754,3862500,2022-12-08
54.66975784301758,54.66975784301758,55.051474560667785,54.28804759700696,54.39831786389813,4418000,2022-12-09
54.85637664794922,54.85637664794922,55.05996149568943,54.37287395993602,54.76306854397826,4943900,2022-12-12
55.10237121582031,55.10237121582031,56.35778524789822,54.62735283853463,55.98455282480803,4250200,2022-12-13
54.847904205322266,54.847904205322266,55.67918643145034,54.627357167687244,55.18719937504934,4750200,2022-12-14
54.830909729003906,54.830909729003906,55.15324257702628,54.3474072211516,54.49160824750602,4543800,2022-12-15
53.84695816040039,53.84695816040039,54.39831921602022,52.92236469734942,54.08446733907848,10962300,2022-12-16
53.897850036621094,53.897850036621094,54.36438403675077,53.439793883876874,53.84695382993186,3610900,2022-12-19
53.53311538696289,53.53311538696289,53.95724084148065,53.09202452596597,53.702766215934076,4438400,2022-12-20
54.49161911010742,54.49161911010742,54.966643867553,54.22866348355562,54.27107536824275,3845700,2022-12-21
53.821510314941406,53.821510314941406,54.457695136660355,53.032636864727785,54.25411677030704,3204100,2022-12-22
54.63582992553711,54.63582992553711,54.63582992553711,53.64337493785882,53.71123331027894,1848300,2022-12-23
54.38136672973633,54.38136672973633,54.644322442709566,53.97420667845028,54.635844593133,4073900,2022-12-27
53.63490676879883,53.63490676879883,54.669770719502985,53.56704837594603,54.31350687642956,3155200,2022-12-28
54.31348419189453,54.31348419189453,54.45768523886765,53.80453513269396,53.863912415073386,2462900,2022-12-29
54.014591217041016,54.014591217041016,54.312636691032544,53.42701446183541,54.16787267465152,2374100,2022-12-30
54.32967758178711,54.32967758178711,54.52553653355963,53.520692695107506,54.380772492513564,4483600,2023-01-03
55.019447326660156,55.019447326660156,55.53890091176183,54.3722580818456,54.499993741558484,3887200,2023-01-04
53.98053741455078,53.98053741455078,54.73842739427037,53.750615187818,54.72139900572951,3783000,2023-01-05
54.568115234375,54.568115234375,54.88318913596561,54.22748900568617,54.28709810843884,4261600,2023-01-06
55.0960807800293,55.0960807800293,55.23233387289622,54.227490052170346,54.51701812915498,3885800,2023-01-09
54.619197845458984,54.619197845458984,54.93427819175205,54.33818401453363,54.815060005998745,3121500,2023-01-10
56.20309829711914,56.20309829711914,56.27122482400878,54.5851290164578,55.06200820778208,5024500,2023-01-11
56.67146682739258,56.67146682739258,56.909903203124856,55.84545045653149,56.305294822688296,3525800,2023-01-12
56.364906311035156,56.364906311035156,56.66295179336165,56.04130850430561,56.33936048353635,2148700,2023-01-13
56.961021423339844,56.961021423339844,57.26758447709619,56.39899348939121,56.41602188264123,3192800,2023-01-17
56.23717498779297,56.23717498779297,57.13982894543781,55.95615786995476,57.046156572825076,2505400,2023-01-18
55.61552429199219,55.61552429199219,56.68849446554974,55.58997846591527,56.08388609308188,2709300,2023-01-19
56.52669906616211,56.52669906616211,56.57779721837915,55.21529243893231,55.72623497967702,3038300,2023-01-20
56.99507141113281,56.99507141113281,57.310151836466794,56.30530794954018,56.53522693776923,2676500,2023-01-23
57.13983917236328,57.13983917236328,57.4378847308824,56.714057946791414,56.94398344686753,1904100,2023-01-24
57.31866455078125,57.31866455078125,57.34421038393855,56.799210953563744,57.34421038393855,4140100,2023-01-25
57.88068389892578,57.88068389892578,57.90622972547649,57.16536827098569,57.63373008076218,2294800,2023-01-26
58.161712646484375,58.161712646484375,58.4853040091817,57.769988237817486,57.778505680676844,3979800,2023-01-27
57.71038818359375,57.71038818359375,58.28945094765649,57.65929651223438,57.96585953420326,2652000,2023-01-30
57.97446823120117,57.97446823120117,58.247972751926206,57.350532579089176,57.718054890144266,5001200,2023-01-31
58.03430938720703,58.03430938720703,58.230887338750236,57.068491250175015,57.79499369618217,3303200,2023-02-01
58.000125885009766,58.000125885009766,58.84627973422981,57.69243239059082,58.299270526565934,3235300,2023-02-02
57.76935577392578,57.76935577392578,57.812093519794836,56.735166228366666,57.547137753827265,3637600,2023-02-03
57.88901138305664,57.88901138305664,57.95738263687275,57.02575991010109,57.26507560061625,2489100,2023-02-06
57.58133316040039,57.58133316040039,58.025775771740726,57.102695131804765,57.51295536762027,3609200,2023-02-07
57.45310592651367,57.45310592651367,57.863359495061395,57.213790258050345,57.487294810703126,2520800,2023-02-08
56.606956481933594,56.606956481933594,57.89755272236806,56.56421874327512,57.63259700110303,2395300,2023-02-09
57.13686752319336,57.13686752319336,57.265074217404994,56.43601165181488,56.478749390173206,2123500,2023-02-10
57.393287658691406,57.393287658691406,57.56422559049325,57.2394409117241,57.26508094940797,2237800,2023-02-13
56.16251754760742,56.16251754760742,57.37619390116267,56.136877508159216,57.29072492938046,3228300,2023-02-14
56.75226593017578,56.75226593017578,56.78645482390003,56.00012330997172,56.17106777859297,2425900,2023-02-15
56.67533493041992,56.67533493041992,56.9573883913049,56.000119003239604,56.26508127900923,2447500,2023-02-16
56.51293182373047,56.51293182373047,56.752247481138696,56.10267175327165,56.6667785350447,2891900,2023-02-17
55.74370574951172,55.74370574951172,56.453110486952625,55.55567013034777,56.19669709339024,2603800,2023-02-21
56.00011444091797,56.00011444091797,57.30781496551993,55.914645480575906,56.265076695101165,3501900,2023-02-22
56.478755950927734,56.478755950927734,56.854820704539854,56.136873566937,56.453115913279646,3560100,2023-02-23
55.53856658935547,55.53856658935547,56.282153527677416,55.2650620734824,56.1710445596503,3220400,2023-02-24
55.35053634643555,55.35053634643555,56.17959882406907,55.09412298521559,56.11122105829539,3981100,2023-02-27
54.87430191040039,54.87430191040039,55.60367300758075,54.83997787147697,55.337663342584506,5975000,2023-02-28
54.505332946777344,54.505332946777344,54.77991874311812,53.861771872855996,54.77991874311812,3625700,2023-03-01
54.994422912597656,54.994422912597656,55.13171905184561,54.19641037979978,54.38518929794558,3244700,2023-03-02
55.337677001953125,55.337677001953125,55.595104084100704,55.045932419052335,55.25187015678481,3574000,2023-03-03
55.17462921142578,55.17462921142578,55.68089402688794,55.097398491568455,55.55218052488616,3483800,2023-03-06
54.83141326904297,54.83141326904297,55.3548435470064,54.625472253346004,55.26903669990349,3548000,2023-03-07
55.38058090209961,55.38058090209961,55.42348104919673,54.71127510495408,54.762761173448716,2807300,2023-03-08
54.436683654785156,54.436683654785156,55.51786479475425,54.40236288599373,55.38057517294692,3414300,2023-03-09
52.669036865234375,52.669036865234375,54.479589129789524,52.53174397316635,54.42810306776873,5725400,2023-03-10
53.87892532348633,53.87892532348633,54.63403450664378,52.64328616319163,52.66903082791135,6428000,2023-03-13
54.24790954589844,54.24790954589844,54.94295341560028,53.83603084854749,54.393781819132336,5061000,2023-03-14
54.1106071472168,54.1106071472168,54.702682056967475,53.29542926974302,53.9218282165773,5503300,2023-03-15
53.57002258300781,53.57002258300781,53.9733218923788,52.97794758966555,53.7502188931571,4573500,2023-03-16
52.669036865234375,52.669036865234375,53.53569763266617,52.64329219756361,53.53569763266617,7068400,2023-03-17
53.1753044128418,53.1753044128418,53.44989019385046,52.68619828583758,52.90929800541185,3943500,2023-03-20
52.57465744018555,52.57465744018555,53.55286989236438,52.360137050731545,53.44131837331832,4396700,2023-03-21
50.970027923583984,50.970027923583984,52.608962991863784,50.935703887741845,52.342956624067504,4155200,2023-03-22
50.858497619628906,50.858497619628906,51.81954811011843,50.70404266734932,51.39908995260746,3559300,2023-03-23
52.377288818359375,52.377288818359375,52.42019223318471,50.68686743301106,50.76409488902496,3675100,2023-03-24
52.09412384033203,52.09412384033203,52.74626757284335,52.01689637920098,52.6690401117123,3778500,2023-03-27
52.39446258544922,52.39446258544922,52.40304196100943,51.69941532549906,51.79380482326875,2410300,2023-03-28
53.235374450683594,53.235374450683594,53.32118128717256,52.814913095917326,52.866399161803294,3023300,2023-03-29
53.72447967529297,53.72447967529297,53.93900003606426,53.5013766670311,53.570024753671966,3008000,2023-03-30
54.555908203125,54.555908203125,54.59037261067504,53.82355761957411,53.866636485658255,4142600,2023-03-31
54.1682014465332,54.1682014465332,54.624846710831115,53.754638342670724,54.237130273863976,5758400,2023-04-03
54.14234161376953,54.14234161376953,54.2715814902336,53.75462527108392,54.133727155801665,2832400,2023-04-04
54.03034210205078,54.03034210205078,54.37497963354663,53.82356221251894,54.245739737558914,4001900,2023-04-05
53.90972137451172,53.90972137451172,54.262973374597756,53.51339050352879,54.25435891510124,3177600,2023-04-06
53.97864532470703,53.97864532470703,53.98725978342593,53.16874816344252,53.63400781522764,3083000,2023-04-10
53.5047721862793,53.5047721862793,53.84940972319057,53.16875239547973,53.84940972319057,7405700,2023-04-11
53.34968948364258,53.34968948364258,54.46975991629725,53.306610610088335,54.27159446858182,4749400,2023-04-12
53.013671875,53.013671875,53.211837330963235,52.53118321237908,53.211837330963235,5126000,2023-04-13
52.35885238647461,52.35885238647461,53.32383277656562,52.117608110628545,53.13428182456842,3728700,2023-04-14
53.039520263671875,53.039520263671875,53.04813472380398,52.3760950854471,52.57426053555984,2960500,2023-04-17
52.651798248291016,52.651798248291016,53.20321566616436,52.44501507323498,52.91027475208077,2197000,2023-04-18
53.10844039916992,53.10844039916992,53.11705814513228,52.23823539927474,52.27269652300296,2290700,2023-04-19
53.358299255371094,53.358299255371094,53.40137812248671,52.80688186819465,52.93611846954151,3031000,2023-04-20
53.702938079833984,53.702938079833984,53.95279682990143,53.237678415503765,53.3927649702805,4020800,2023-04-21
53.496158599853516,53.496158599853516,53.84079614238877,53.09982772663301,53.74602065385621,2647300,2023-04-24
53.45308303833008,53.45308303833008,53.659862947288524,53.22906763579981,53.32384313020051,3493600,2023-04-25
52.824119567871094,52.824119567871094,53.608166863087476,52.686265206735484,53.410001424374244,2788900,2023-04-26
53.66847610473633,53.66847610473633,53.97003148230865,52.789653350044986,52.82411776082672,3183400,2023-04-27
54.364898681640625,54.364898681640625,54.45141056739351,53.80256152359618,53.80256152359618,3464600,2023-04-28
53.8458366394043,53.8458366394043,54.40817066299707,53.79392751252062,54.15728150005276,2194100,2023-05-01
53.110469818115234,53.110469818115234,53.81122814873119,52.911489790951684,53.75066915351697,2620200,2023-05-02
52.74711227416992,52.74711227416992,53.48247333780254,52.65194720235964,53.23158420306953,3099100,2023-05-03
53.56898880004883,53.56898880004883,53.79392503931868,52.36645546771588,52.91148972417375,3254900,2023-05-04
54.46007537841797,54.46007537841797,54.97915340433609,53.87178518892805,53.897738100158676,3226900,2023-05-05
54.29570007324219,54.29570007324219,54.46007731746907,54.04481422190562,54.20918816591478,2160400,2023-05-08
53.82852554321289,53.82852554321289,54.183229606635386,53.61224249721826,54.139973657479935,2526900,2023-05-09
53.958290100097656,53.958290100097656,54.35625338862367,53.56033011178882,54.26973819537142,2665300,2023-05-10
53.46516418457031,53.46516418457031,53.79391531317728,53.110460148516026,53.69010038317086,2319500,2023-05-11
53.664154052734375,53.664154052734375,53.72471304806915,53.28349703917043,53.59494518673081,2349900,2023-05-12
53.58627700805664,53.58627700805664,53.83716609001631,53.30078515289517,53.65548915489385,2449700,2023-05-15
52.1588134765625,52.1588134765625,53.49976752975499,52.15016030771045,53.465161454780706,3311800,2023-05-16
52.470272064208984,52.470272064208984,52.54813409839363,51.85602566110004,52.24533583202329,3722300,2023-05-17
51.968505859375,51.968505859375,52.548146315336616,51.80413188242208,52.27130089592469,4197100,2023-05-18
51.88197326660156,51.88197326660156,52.54812538185572,51.760855300231185,52.17611831359409,3425200,2023-05-19
52.20207977294922,52.20207977294922,52.41836283410658,51.83007264374115,52.02040279362926,2844500,2023-05-22
51.99444580078125,51.99444580078125,52.60003902296466,51.89063085704676,52.22803189934704,2700000,2023-05-23
51.12066650390625,51.12066650390625,51.899286875181495,51.09471359160299,51.82142483805397,3159100,2023-05-24
50.558326721191406,50.558326721191406,51.38020300604338,50.29013783997211,51.38020300604338,3615000,2023-05-25
50.748661041259766,50.748661041259766,50.913034991655955,50.36800401392329,50.653495959371185,3448200,2023-05-26
50.973575592041016,50.973575592041016,51.49265676948409,50.91301661637182,51.259070734667205,4422700,2023-05-30
51.64698028564453,51.64698028564453,51.93371646425288,51.0735112429904,51.15171171765063,9241100,2023-05-31
51.47320556640625,51.47320556640625,51.86420463401001,51.160403660673126,51.664359708583326,4558800,2023-06-01
51.87289810180664,51.87289810180664,52.220453214837086,51.5514087107487,51.77731936849035,4781900,2023-06-02
52.124874114990234,52.124874114990234,52.64620840500034,51.85551618689956,51.95109491346601,3849900,2023-06-05
52.142250061035156,52.142250061035156,52.3507857698121,51.71649448935276,52.23782878945114,3669300,2023-06-06
53.00244903564453,53.00244903564453,53.15884997009503,52.10749071094849,52.298644830617334,3542800,2023-06-07
52.88081359863281,52.88081359863281,53.00245805400046,52.446367221141,52.93294504261162,2554200,2023-06-08
52.924251556396484,52.924251556396484,53.002452028036735,52.59407141896401,52.67227189060427,2605600,2023-06-09
52.97639083862305,52.97639083862305,53.11541354291891,52.67227639421399,52.90687782919375,4422200,2023-06-12
53.167537689208984,53.167537689208984,53.46296130961683,52.98507103634121,53.08064975390879,4279900,2023-06-13
53.15884780883789,53.15884780883789,53.975605633102106,52.941624665884014,53.33262698611341,5399900,2023-06-14
53.202301025390625,53.202301025390625,53.297879755239606,52.84605514158432,53.04590007010369,4542500,2023-06-15
53.34132766723633,53.34132766723633,53.56724164802697,53.09803874751988,53.20230495388937,18479700,2023-06-16
52.42030715942383,52.42030715942383,53.21099951925427,52.28128112163431,53.150173970439766,5309100,2023-06-20
51.794700622558594,51.794700622558594,52.35947895692008,51.655677906378216,52.35947895692008,5495800,2023-06-21
51.67304611206055,51.67304611206055,52.168314649305145,51.30810948144947,52.02060117764565,3217500,2023-06-22
51.05613327026367,51.05613327026367,51.6296023160495,51.047445801726234,51.3776259537128,6096400,2023-06-23
52.09010314941406,52.09010314941406,52.11616886230888,51.16038849113351,51.238588944379615,3160800,2023-06-26
52.298641204833984,52.298641204833984,52.42028894563247,51.898951428753605,52.19437502728302,4823300,2023-06-27
52.26390075683594,52.26390075683594,52.359476176051395,51.94240804966119,52.33341045395289,3648700,2023-06-28
52.32472229003906,52.32472229003906,52.34210054272827,51.79469718398797,52.0292986234481,3702900,2023-06-29
52.172889709472656,52.172889709472656,52.78371195470032,51.64932635840032,52.617915395606374,7161500,2023-06-30
52.5306510925293,52.5306510925293,52.853512962116056,51.97218623852633,52.13797945183561,2347700,2023-07-03
52.90586471557617,52.90586471557617,53.12401523422839,52.18160339586868,52.34739992042052,4649000,2023-07-05
52.26887130737305,52.26887130737305,52.303772864346335,51.649321236935386,52.164156650313856,4102900,2023-07-06
51.980899810791016,51.980899810791016,52.321214051238236,51.78020175434041,51.980899810791016,4710100,2023-07-07
51.76276397705078,51.76276397705078,52.05944886816861,51.64060019753992,51.90238020059368,4837300,2023-07-10
52.79243087768555,52.79243087768555,52.81860787739539,51.70167817360114,51.95473359983986,5433900,2023-07-11
52.626644134521484,52.626644134521484,53.368354732993915,52.60919168966509,53.05421738300585,4271000,2023-07-12
53.18510818481445,53.18510818481445,53.220013073956096,52.460846714335865,52.70517760961392,4705200,2023-07-13
53.07167053222656,53.07167053222656,53.124027867490625,52.774985623157306,53.07167053222656,4981700,2023-07-14
53.48179626464844,53.48179626464844,53.534150272759966,52.79243964232841,52.95823288253766,3229500,2023-07-17
53.220001220703125,53.220001220703125,53.62139737029203,53.01929981719598,53.58649248892446,4082600,2023-07-18
53.86573028564453,53.86573028564453,54.214772476906774,53.43815709649697,53.43815709649697,4362500,2023-07-19
54.64234161376953,54.64234161376953,54.65979405490967,53.6388512135574,54.10132925327635,3250600,2023-07-20
54.75578308105469,54.75578308105469,55.113549817439754,54.563809549287555,54.70342575546922,3116800,2023-07-21
55.29679489135742,55.29679489135742,55.36660465808188,54.76450707057854,54.86922172066522,4913400,2023-07-24
55.052467346191406,55.052467346191406,55.46259140377341,55.017562462841255,55.18335899439801,3284600,2023-07-25
55.628387451171875,55.628387451171875,55.70692177836911,55.0524701612965,55.0524701612965,3440300,2023-07-26
54.267127990722656,54.267127990722656,56.003607781232425,54.22349854777493,55.84653912365011,4957900,2023-07-27
53.63886260986328,53.63886260986328,54.720887560740564,53.34217770487174,54.485284548360795,5075900,2023-07-28
53.425052642822266,53.425052642822266,53.91575132165982,53.09207615172961,53.77555122161566,9894200,2023-07-31
53.2585563659668,53.2585563659668,53.71420747235623,53.1095952398608,53.4600937767986,3206500,2023-08-01
52.8993034362793,52.8993034362793,53.17970365585066,52.715291418929525,53.01321707005338,3554800,2023-08-02
51.558631896972656,51.558631896972656,52.70652242067908,51.374619907391605,52.653946133955735,6619800,2023-08-03
51.89162063598633,51.89162063598633,52.79415871111418,51.70760526024242,51.90038168119577,4508100,2023-08-04
52.67145919799805,52.67145919799805,52.74155755453949,51.90035722024421,51.97921996049896,4059400,2023-08-07
51.69883346557617,51.69883346557617,52.417359358195505,51.593684231753166,52.3209711677603,4465600,2023-08-08
52.14571762084961,52.14571762084961,52.40859570627371,51.400905292504554,51.593681663779904,3896100,2023-08-09
51.51482391357422,51.51482391357422,52.23334984026624,51.30452209332176,52.18077354954462,6938500,2023-08-10
51.365848541259766,51.365848541259766,51.50604861083576,51.111738213213684,51.39213835236568,5070300,2023-08-11
50.77000045776367,50.77000045776367,51.36585162489054,50.66485123492761,51.23441593200385,6150100,2023-08-14
50.32312774658203,50.32312774658203,50.57724150317543,49.80613918848677,50.57724150317543,6157700,2023-08-15
49.832420349121094,49.832420349121094,50.47208352349458,49.78860844398424,50.37569866924716,5102000,2023-08-16
49.84117889404297,49.84117889404297,50.48960303639099,49.81488907993491,49.955089165520995,5229500,2023-08-17
49.85871505737305,49.85871505737305,50.139115288916635,49.5344995737603,49.56078939352868,4842100,2023-08-18
49.271610260009766,49.271610260009766,49.86746141217174,49.035022007595444,49.78859866136697,4748900,2023-08-21
49.35047912597656,49.35047912597656,49.61335388035491,49.20151799079458,49.4994436037924,3448300,2023-08-22
50.042720794677734,50.042720794677734,50.13910898890355,49.50820687588654,49.54325773608394,5834900,2023-08-23
49.385528564453125,49.385528564453125,50.42826650864333,49.385528564453125,50.06900357470941,5722400,2023-08-24
49.07007598876953,49.07007598876953,49.473150810730914,48.90358943429861,49.42057786859992,8429000,2023-08-25
49.4819221496582,49.4819221496582,49.639647683483005,48.9999811615079,49.24533384892099,8568900,2023-08-28
49.4819221496582,49.4819221496582,49.516969668459396,49.11389478985562,49.50820862441763,4698800,2023-08-29
49.56078338623047,49.56078338623047,49.59583090394946,49.13141870349108,49.376768040694145,9020900,2023-08-30
49.32840347290039,49.32840347290039,49.61007859423538,49.284392364785354,49.574868364610424,6971200,2023-08-31
49.46923828125,49.46923828125,49.81252960641282,49.301991378752746,49.55726049258278,3864100,2023-09-01
48.63301086425781,48.63301086425781,49.45163013928726,48.61540575150287,49.44282590399383,5264600,2023-09-05
48.404151916503906,48.404151916503906,48.835465433738264,48.20169479538185,48.79145433003728,4915100,2023-09-06
48.48336410522461,48.48336410522461,48.800246006825795,48.386537680638966,48.39533855658705,5821300,2023-09-07
48.69462966918945,48.69462966918945,49.06433034103732,48.59780322280472,48.72103566080998,4243300,2023-09-08
48.562599182128906,48.562599182128906,48.87948455327372,48.45697184435815,48.83547344235528,3698600,2023-09-11
48.54498291015625,48.54498291015625,48.72102730119665,48.34252581636305,48.54498291015625,3704500,2023-09-12
48.46577072143555,48.46577072143555,48.88828338362565,48.412955379474724,48.78265269970401,4928400,2023-09-13
48.51857376098633,48.51857376098633,48.79144794073031,48.45695755230729,48.65061041263086,5902100,2023-09-14
47.6207389831543,47.6207389831543,48.40415139505282,47.51511166384346,48.36894116933856,18363000,2023-09-15
47.29505157470703,47.29505157470703,47.876006852737824,47.224634482919704,47.84960086304656,5925300,2023-09-18
47.53272247314453,47.53272247314453,47.75278137348317,47.25104734933767,47.268652464304644,4394700,2023-09-19
47.35667037963867,47.35667037963867,48.069662360790474,47.29505416176738,47.752777035834114,3731900,2023-09-20
45.82505798339844,45.82505798339844,47.13660690197777,45.80745287174769,47.03097958990501,8675400,2023-09-21
45.38493347167969,45.38493347167969,46.12433126116754,45.349723253649024,45.833851999161396,6976500,2023-09-22
45.05925369262695,45.05925369262695,45.34973301717154,44.759973490595534,45.33212790436593,5307200,2023-09-25
44.240638732910156,44.240638732910156,45.068062326366395,43.967767852372255,44.89201453896088,5231400,2023-09-26
43.71249771118164,43.71249771118164,44.83919815182302,43.466032829249386,44.522316171266766,5416500,2023-09-27
43.67728042602539,43.67728042602539,44.08219126956269,43.64207356131785,43.82692219290109,5850100,2023-09-28
44.186920166015625,44.186920166015625,44.70895241185544,43.91263426793961,44.22231298358829,5298500,2023-09-29
43.34636306762695,43.34636306762695,44.222313371135336,43.1428560524231,44.08074547484889,6159100,2023-10-02
43.257896423339844,43.257896423339844,43.434857200509654,42.8420391032777,43.187114137619574,6352400,2023-10-03
43.85954284667969,43.85954284667969,43.877239254580424,43.063221367370005,43.461382107024846,5468700,2023-10-04
44.2931022644043,44.2931022644043,44.372734422874714,43.62065217615515,43.82415583108064,5067200,2023-10-05
44.337345123291016,44.337345123291016,44.71780953561355,43.69144128673647,44.071905699059,4249200,2023-10-06
44.72665786743164,44.72665786743164,44.99209730242693,44.15153965414944,44.16038617270955,3747300,2023-10-09
44.41697692871094,44.41697692871094,44.61163070477527,43.51448019342781,44.408127035335745,6226300,2023-10-10
45.08057403564453,45.08057403564453,45.31062061871636,44.71780606314022,44.82398114953913,4027300,2023-10-11
44.487762451171875,44.487762451171875,45.07173057253885,44.293108660879966,44.956708952217234,4110400,2023-10-12
44.76205062866211,44.76205062866211,44.9036185521418,44.41697902613321,44.7266578039808,3230800,2023-10-13
44.894771575927734,44.894771575927734,45.14251459568027,44.18692859049965,44.77089669080597,4545500,2023-10-16
45.09827423095703,45.09827423095703,45.38141006861409,44.59393830917755,44.762049158022236,6089900,2023-10-17
44.16038513183594,44.16038513183594,44.947856899700746,44.1338422015357,44.77089615545973,3930800,2023-10-18
43.72682189941406,43.72682189941406,44.57623261066946,43.66488615878274,44.00996105332901,4883200,2023-10-19
43.66489791870117,43.66489791870117,44.080755182292144,43.656051399904726,43.72683367601315,4965900,2023-10-20
43.36405563354492,43.36405563354492,43.86839484482266,43.01013758426904,43.35520911679208,4859100,2023-10-23
43.88610076904297,43.88610076904297,43.974582838785516,43.47909337396477,43.52333272121312,4002400,2023-10-24
43.602970123291016,43.602970123291016,43.90380244598645,43.417162817426664,43.726841660533914,3336300,2023-10-25
44.054203033447266,44.054203033447266,44.43466739175883,43.73567441948922,43.73567441948922,4299200,2023-10-26
43.35521697998047,43.35521697998047,44.12499233639303,43.1871061292281,44.05421006379825,4107900,2023-10-27
40.895469665527344,40.895469665527344,42.65622031725597,39.851405074200294,42.028012933985764,36132700,2023-10-30
42.15533447265625,42.15533447265625,42.27989591131289,40.86522755477241,41.23891187074233,18220500,2023-10-31
42.69805145263672,42.69805145263672,42.83150862633557,42.01296043337761,42.40443956122143,8149300,2023-11-01
44.51311111450195,44.51311111450195,44.66436670858962,43.31197912271331,43.49882127360585,9626500,2023-11-02
45.2426872253418,45.2426872253418,45.70534639493075,45.18930569418752,45.260482200408035,6433100,2023-11-03
44.895687103271484,44.895687103271484,45.22488900258364,44.70884498358229,45.16260490197662,7734800,2023-11-06
45.10922622680664,45.10922622680664,45.36724825259853,44.522005674961335,45.242683437563564,5787000,2023-11-07
45.55408477783203,45.55408477783203,45.69644115487973,45.13591143536028,45.13591143536028,5455100,2023-11-08
44.63766860961914,44.63766860961914,45.71424246652747,44.35295581603597,45.64306257110957,5464300,2023-11-09
44.539794921875,44.539794921875,44.95796486800055,44.35294942036813,44.851198434313574,5189600,2023-11-10
44.39743423461914,44.39743423461914,44.48640568837854,44.059336601055314,44.44191996149884,6125100,2023-11-13
46.39043426513672,46.39043426513672,46.95096405952655,45.27827386026081,45.37614451893696,7029200,2023-11-14
46.68404769897461,46.68404769897461,46.99545126444642,46.4260256624155,46.45271642687185,5937800,2023-11-15
47.23568344116211,47.23568344116211,47.404730624429895,46.6306678249847,46.853099936989786,7522900,2023-11-16
47.075523376464844,47.075523376464844,47.59156741038942,46.9242711973074,47.538182491487,7215100,2023-11-17
47.35133743286133,47.35133743286133,47.52928036342395,46.71962781080618,46.977649811783365,4947400,2023-11-20
47.64494705200195,47.64494705200195,47.707227757904334,46.96875507618583,47.15559719389298,5302100,2023-11-21
47.431419372558594,47.431419372558594,48.08092065820168,47.23567805023943,48.03643491968668,3993600,2023-11-22
47.96525192260742,47.96525192260742,48.01863684180149,47.25346997024029,47.386927177159336,2454200,2023-11-24
48.160987854003906,48.160987854003906,48.34782995925184,47.73391873027562,48.01863147942781,4751900,2023-11-27
47.87628173828125,47.87628173828125,48.44570731548158,47.840691791195184,47.9919439752447,6855800,2023-11-28
47.751708984375,47.751708984375,48.49018499043447,47.66273752549623,48.22326721975456,5561500,2023-11-29
48.239837646484375,48.239837646484375,48.37393789440683,47.51570585657382,47.94482187549033,10126200,2023-11-30
48.811988830566406,48.811988830566406,48.94608906885193,48.052096574443674,48.14149445976021,6197100,2023-12-01
49.64340591430664,49.64340591430664,49.768564327432046,48.642135198992406,48.642135198992406,7323500,2023-12-04
49.098060607910156,49.098060607910156,49.67915702773637,48.946083537983185,49.58975915252173,7666100,2023-12-05
48.91032791137695,48.91032791137695,50.4658763318541,48.90138948708641,49.91160194745196,11296300,2023-12-06
48.89244842529297,48.89244842529297,49.33050624928869,48.56167215634359,48.81198896416358,6195400,2023-12-07
48.15043258666992,48.15043258666992,48.78516639034774,47.882235541062016,48.54378802620749,6648000,2023-12-08
48.624263763427734,48.624263763427734,48.74942219926842,48.07892765556907,48.27560714635392,6461100,2023-12-11
48.704708099365234,48.704708099365234,48.83880833052856,48.23983161772574,48.66894758301361,5013300,2023-12-12
50.61785888671875,50.61785888671875,50.85923729237489,48.77623635590016,48.963973979084585,8882400,2023-12-13
51.69063949584961,51.69063949584961,52.06611807140473,51.359863267851516,51.40456220509824,11549500,2023-12-14
51.21683883666992,51.21683883666992,51.71747252927039,50.72514356987535,51.52079646873931,20187200,2023-12-15
50.5195198059082,50.5195198059082,51.395635545971814,50.50164295516585,51.315176076386834,8848800,2023-12-18
51.06485366821289,51.06485366821289,51.2794133814518,50.62679922705356,50.6983168579259,6198200,2023-12-19
50.68938064575195,50.68938064575195,51.60125349878053,50.67150038467558,51.055917472039916,5402900,2023-12-20
50.921810150146484,50.921810150146484,51.43138558399498,50.573153633335465,51.0916709016364,5859900,2023-12-21
50.8592414855957,50.8592414855957,51.53867781167778,50.80560410901277,51.136380435749096,5287200,2023-12-22
51.58336639404297,51.58336639404297,51.61912691145131,50.841351004217884,50.88604994582298,4212000,2023-12-26
51.85157012939453,51.85157012939453,51.86945039040062,51.47609487919996,51.67277092964475,5619600,2023-12-27
52.37008285522461,52.37008285522461,52.39690153921619,51.735345581500816,51.81580504378633,5243000,2023-12-28
51.55925369262695,51.55925369262695,52.187806776436474,51.54129806696099,52.080055895747016,6688600,2023-12-29
52.59187698364258,52.59187698364258,52.60085822183529,51.19110183005,51.280897085283414,5815300,2024-01-02
51.837608337402344,51.837608337402344,52.295555526018056,51.415579246979696,52.20576028053538,5312500,2024-01-03
51.80168151855469,51.80168151855469,52.295546722222774,51.60413886242525,51.819640564627875,5107000,2024-01-04
52.008209228515625,52.008209228515625,52.13392256025703,51.31680474329719,51.60414265088715,3944200,2024-01-05
53.40898895263672,53.40898895263672,53.47184391155278,51.91842213699887,52.008213956782285,8842900,2024-01-08
53.23838424682617,53.23838424682617,53.723268304686826,52.89716915884959,53.103693088974296,7605900,2024-01-09
53.076751708984375,53.076751708984375,53.69632344661281,52.9330827513312,53.5167363932118,6719400,2024-01-10
53.22042465209961,53.22042465209961,53.364093620511575,52.439224850443196,52.96002357643467,6628800,2024-01-11
52.8881950378418,52.8881950378418,53.588580886738704,52.54697992605209,53.45388971948683,5892800,2024-01-12
52.385353088378906,52.385353088378906,52.888196242185884,52.25964315626185,52.645754190814955,5809000,2024-01-16
51.37067413330078,51.37067413330078,52.34044205873912,50.84987550416141,51.810662193991384,6658200,2024-01-17
50.391937255859375,50.391937255859375,51.50537431872,50.11358055914799,51.32578725369882,7117800,2024-01-18
50.75111389160156,50.75111389160156,50.86784600342942,49.77236793551847,50.55356776779112,9218000,2024-01-19
49.90705490112305,49.90705490112305,51.514350342665544,49.68257193397227,50.84988267808866,45785700,2024-01-22
50.27521896362305,50.27521896362305,50.36501080201836,49.75441670998084,50.10460967519725,12145100,2024-01-23
49.37727355957031,49.37727355957031,51.05640514708462,49.3413554637649,50.86784028211343,8218600,2024-01-24
49.76338195800781,49.76338195800781,50.0417420672875,49.28747916907183,49.92500996657819,6945800,2024-01-25
49.35932159423828,49.35932159423828,49.97889342176235,49.34136254375863,49.90706064518239,5696200,2024-01-26
49.31441116333008,49.31441116333008,49.46706134540296,48.81157156435557,49.38624734909093,6329600,2024-01-29
49.547874450683594,49.547874450683594,50.05071746595322,48.85646658918953,49.13482666600022,8151000,2024-01-30
49.067039489746094,49.067039489746094,49.88798081994826,48.814443216258084,49.78874558640194,12325100,2024-01-31
49.84286880493164,49.84286880493164,49.84286880493164,48.561841068497536,49.15724895638598,6320800,2024-02-01
48.886619567871094,48.886619567871094,49.66245503072109,48.3814269437765,49.65343520873368,7480300,2024-02-02
47.49734115600586,47.49734115600586,48.36338869072888,47.46125498171732,48.30023960640743,9135600,2024-02-05
48.489681243896484,48.489681243896484,48.652065568022586,47.4522262221316,47.587547639358874,7198800,2024-02-06
48.13785171508789,48.13785171508789,48.61598144438218,48.07470263542135,48.489683285049104,4686700,2024-02-07
47.95741653442383,47.95741653442383,48.282185143769816,47.84916147843056,48.05665176965357,4484400,2024-02-08
47.59656524658203,47.59656524658203,48.047632027863145,47.15452172809174,47.8401417214378,6516500,2024-02-09
47.5153694152832,47.5153694152832,47.84916128541242,47.39809453899948,47.66873389857401,5069600,2024-02-12
46.477928161621094,46.477928161621094,46.730524493800296,46.18022239180968,46.67639867482871,9692900,2024-02-13
46.36063766479492,46.36063766479492,46.68540625895403,46.15314738327461,46.68540625895403,5923100,2024-02-14
46.928985595703125,46.928985595703125,47.26277403076752,46.64932296875574,46.748558205458565,5127100,2024-02-15
47.208656311035156,47.208656311035156,47.39810355463564,46.243370124046635,46.459883717709204,5678200,2024-02-16
47.33494567871094,47.33494567871094,47.49732998344553,46.874855668174206,47.325922416577804,6095700,2024-02-20
47.53341293334961,47.53341293334961,47.831118640563886,46.63127943226323,47.80405573676848,6522900,2024-02-21
47.65069580078125,47.65069580078125,47.7769939523711,47.28984098935322,47.51537438615411,5764000,2024-02-22
47.758949279785156,47.758949279785156,48.1919729742818,47.56950205869907,47.74090619567699,5181800,2024-02-23
47.35298538208008,47.35298538208008,47.92132696672304,47.06429951764808,47.831115000027125,5120200,2024-02-26
47.19060134887695,47.19060134887695,47.74992311647764,47.0823428586064,47.632644806034186,5966900,2024-02-27
46.928985595703125,46.928985595703125,47.181581877225774,46.676389314180476,47.08234664052295,7631100,2024-02-28
47.24358367919922,47.24358367919922,47.72408725598504,47.035063193830794,47.30704628524819,6753300,2024-02-29
47.36144256591797,47.36144256591797,47.38863983653563,46.14658157384276,47.14385402561908,8952600,2024-03-01
47.78755187988281,47.78755187988281,47.914477097340225,47.04412978467273,47.152922334142964,5170600,2024-03-04
47.37051010131836,47.37051010131836,47.92354436111681,47.207319550608894,47.73315653810668,5979500,2024-03-05
47.288909912109375,47.288909912109375,47.73315157809068,47.01692684200663,47.68781818436324,4927400,2024-03-06
47.36144256591797,47.36144256591797,47.678755584632476,47.1619866921817,47.515565044021436,4875600,2024-03-07
47.9688606262207,47.9688606262207,48.023258613767084,47.63341501581406,47.68780954490869,4968000,2024-03-08
48.132057189941406,48.132057189941406,48.49470356900209,47.86007413487198,47.95073400041106,4753800,2024-03-11
47.94167709350586,47.94167709350586,48.08673497672641,47.63342865935558,48.05046964130809,6964600,2024-03-12
47.397708892822266,47.397708892822266,48.349654955290426,47.31611361485222,48.02327384341024,7512600,2024-03-13
46.835601806640625,46.835601806640625,47.40676865238504,46.45482621511251,47.30704072361752,9746700,2024-03-14
47.31610870361328,47.31610870361328,47.42490470191594,46.27350632493971,46.382298864789895,10074800,2024-03-15
47.33424758911133,47.33424758911133,47.569968824618705,47.14385975474587,47.18918969743484,4781200,2024-03-18
47.23451232910156,47.23451232910156,47.506498860042846,46.98066192257226,47.3705055945722,5448500,2024-03-19
47.542755126953125,47.542755126953125,47.58808851573226,46.81746586636289,47.044118976450584,4058200,2024-03-20
47.58808517456055,47.58808517456055,47.95072805016842,47.32516675528991,47.74220761854225,5075700,2024-03-21
47.21638488769531,47.21638488769531,47.91447353176248,47.143854221144025,47.841946323663734,5775200,2024-03-22
47.2979736328125,47.2979736328125,47.669688087104916,47.11665389509718,47.37956889816532,6775300,2024-03-25
47.68782424926758,47.68782424926758,47.841950198947266,47.37051120353412,47.48837181700061,6484800,2024-03-26
48.74856185913086,48.74856185913086,48.74856185913086,47.92354449860071,48.05046971430493,9112000,2024-03-27
49.28329849243164,49.28329849243164,49.37439725007984,48.846034880907155,48.846034880907155,6318200,2024-03-28
48.70027542114258,48.70027542114258,49.2377458742218,48.645619647140514,49.20130637484581,4855900,2024-04-01
48.162803649902344,48.162803649902344,48.34499766673396,47.971501496006965,48.25390239584907,5107500,2024-04-02
48.071712493896484,48.071712493896484,48.25390652632368,47.86219057287694,48.13547988398668,4683600,2024-04-03
47.9350700378418,47.9350700378418,48.69117411824373,47.780207356349784,48.19925123280602,3923300,2024-04-04
48.29033660888672,48.29033660888672,48.42698298515337,47.34293401198925,47.543344295435524,4718600,2024-04-05
48.86424255371094,48.86424255371094,48.89157043671909,48.2265653080498,48.32677217916159,4006900,2024-04-08
49.53837966918945,49.53837966918945,49.54748780891799,48.91892191576337,48.9735777042603,3401400,2024-04-09
47.497806549072266,47.497806549072266,48.60918711387706,47.096982423680544,48.2903466612374,7578800,2024-04-10
47.588905334472656,47.588905334472656,48.06260499423609,47.46136706831527,47.78931565973797,5724500,2024-04-11
47.38848876953125,47.38848876953125,47.64355833684057,47.24273423463132,47.5433514425227,6410600,2024-04-12
47.051422119140625,47.051422119140625,47.689095902699975,46.7781293832592,47.64354827174024,6251800,2024-04-15
46.27710723876953,46.27710723876953,46.9785520083166,46.258887487929876,46.933004368748534,7121500,2024-04-16
46.7143669128418,46.7143669128418,46.96032831593956,46.14046044734221,46.28621496676364,5120700,2024-04-17
47.3975944519043,47.3975944519043,47.41581420220558,46.577726538718736,46.85101584311392,4961100,2024-04-18
48.31767272949219,48.31767272949219,48.42698775623834,47.534240841843676,47.54334897946334,6611700,2024-04-19
48.581851959228516,48.581851959228516,48.62739959563485,47.871295626054504,48.2812313038353,4182400,2024-04-22
48.636505126953125,48.636505126953125,48.80959100110993,48.381435596694736,48.49075061322523,6650900,2024-04-23
48.89158630371094,48.89158630371094,48.964465315466306,48.15370542253185,48.43610290542753,5340400,2024-04-24
49.01000213623047,49.01000213623047,49.11020901773174,48.17191453651397,48.30855744078333,4880800,2024-04-25
48.92802047729492,48.92802047729492,49.374395687993136,48.74582644282499,49.09199476081164,6861600,2024-04-26
49.47459411621094,49.47459411621094,49.68411600373298,49.12842585744942,49.19219323734475,6558900,2024-04-29
49.00505447387695,49.00505447387695,49.545080419389784,48.97759316031889,49.40778432635351,8569700,2024-04-30
49.35285568237305,49.35285568237305,49.92034283211039,48.82198477418677,48.849442590870055,5867900,2024-05-01
50.259010314941406,50.259010314941406,50.286468136145324,49.444395697769075,49.81966771775581,5897000,2024-05-02
50.579368591308594,50.579368591308594,51.027866171082756,50.21325146709485,50.70751325094761,9076600,2024-05-03
50.75326919555664,50.75326919555664,50.95463235905009,50.47868052418602,50.78072701521839,6845100,2024-05-06
50.35969924926758,50.35969924926758,50.88141885967647,50.21325170058411,50.63428796660095,6362200,2024-05-07
50.149169921875,50.149169921875,50.33223018976254,49.91119052614593,50.140014988109314,6602400,2024-05-08
50.00272750854492,50.00272750854492,50.39630590261244,49.68237113415404,50.34138676916655,6113300,2024-05-09
50.35053253173828,50.35053253173828,50.46952222832103,49.98441549149128,50.103405188074035,3859700,2024-05-10
50.30476760864258,50.30476760864258,50.78987783002148,50.1949328473197,50.75326507905249,3928200,2024-05-13
50.2224006652832,50.2224006652832,50.70751098325963,50.04849530092776,50.478686481514934,4898900,2024-05-14
50.44206619262695,50.44206619262695,50.81733817979953,50.32307649184025,50.60682008861338,6024400,2024-05-15
50.51529312133789,50.51529312133789,50.725811233005665,50.26816225331452,50.387151965677916,4198600,2024-05-16
50.46037673950195,50.46037673950195,50.606824271195315,50.23155225300704,50.606824271195315,4270900,2024-05-17
50.323081970214844,50.323081970214844,50.79903733359181,50.23155356985124,50.469529505747396,3913100,2024-05-20
50.41461181640625,50.41461181640625,50.79903527223557,50.304773550525425,50.323079928172234,3783200,2024-05-21
49.16981887817383,49.16981887817383,50.34139942009786,49.1148997309266,50.167494024526455,5760100,2024-05-22
47.87923812866211,47.87923812866211,49.17895957175714,47.85177681524956,49.16980812834274,5576000,2024-05-23
47.760250091552734,47.760250091552734,48.291121117843,47.69617951064847,48.23620547225922,4660500,2024-05-24
47.2019157409668,47.2019157409668,48.57486268745585,47.165302984413444,48.14467152691553,6564900,2024-05-28
46.835792541503906,46.835792541503906,46.98224355953391,46.64358081771619,46.98224355953391,5639700,2024-05-29
47.36666488647461,47.36666488647461,47.68701774511173,47.174453171292335,47.174453171292335,6217400,2024-05-30
48.56571578979492,48.56571578979492,48.648092753958025,47.33921626313596,47.45820249569435,9284200,2024-05-31
49.037593841552734,49.037593841552734,49.05599140859822,48.44888222302855,48.90881087223433,4398700,2024-06-03
50.06783676147461,50.06783676147461,50.270206505066945,48.936412621256096,48.936412621256096,5815900,2024-06-04
49.69990158081055,49.69990158081055,50.141432777311714,49.46993719665506,49.98505868039544,4729300,2024-06-05
49.911468505859375,49.911468505859375,50.01265339655275,49.26757103595248,49.48833488021255,3350700,2024-06-06
49.046791076660156,49.046791076660156,49.6538967558035,48.872019452459405,49.07438567285576,3968800,2024-06-07
48.48568344116211,48.48568344116211,48.94561214808031,48.182132319264426,48.82603321074542,4317100,2024-06-10
48.053348541259766,48.053348541259766,48.60526153656599,47.95216367335893,48.29250990349853,5218000,2024-06-11
48.46727752685547,48.46727752685547,49.16637100603072,48.40288779969156,49.009993447934825,4344300,2024-06-12
48.95480728149414,48.95480728149414,49.21236620605501,48.43048889422257,48.513276192685304,4314100,2024-06-13
49.09279251098633,49.09279251098633,49.175579824184396,48.76164325819406,48.81683596998537,3374700,2024-06-14
48.81682586669922,48.81682586669922,49.166372617745274,48.577664516390065,48.84442046239491,3624400,2024-06-17
48.844417572021484,48.844417572021484,49.30434618761105,48.67884298969109,49.00999215435188,3597700,2024-06-18
48.761627197265625,48.761627197265625,48.9547998704198,48.45807615484046,48.66964288355537,4471000,2024-06-20
48.890411376953125,48.890411376953125,48.954801099962836,48.55006168792837,48.761628421956964,16269900,2024-06-21
49.34113693237305,49.34113693237305,49.81026604359385,48.770826482258556,48.890408894193975,4265500,2024-06-24
48.67885208129883,48.67885208129883,49.423937840943104,48.51328097702206,49.30435539604223,5553500,2024-06-25
48.45808410644531,48.45808410644531,48.669650869876726,48.228119775457614,48.43968653888903,4776800,2024-06-26
48.228126525878906,48.228126525878906,48.467287919631204,47.713005089133866,48.45809088905438,6201700,2024-06-27
48.58686828613281,48.58686828613281,48.62366342481666,47.95216793423548,48.48568340924101,8379400,2024-06-28
48.40475845336914,48.40475845336914,48.64511666202829,47.89630581950516,48.40475845336914,4417400,2024-07-01
48.46946334838867,48.46946334838867,48.700578468864855,48.3400394451679,48.39550481709859,4590200,2024-07-02
48.487945556640625,48.487945556640625,48.839241473403625,48.367764724965014,48.598879810052395,2125700,2024-07-03
49.07960510253906,49.07960510253906,49.135073998720436,48.42323903380806,48.70981951440335,3378500,2024-07-05
49.14431381225586,49.14431381225586,49.20902575693378,48.74679556549926,49.033379553741796,5347700,2024-07-08
48.774532318115234,48.774532318115234,49.13507485980755,48.635865365036764,49.088849015577935,3617300,2024-07-09
49.5325927734375,49.5325927734375,49.57881509078851,48.83000085416982,48.95942475336735,3279400,2024-07-10
50.8453254699707,50.8453254699707,51.261333383668735,49.99482353666522,50.04104585451238,5896000,2024-07-11
51.538665771484375,51.538665771484375,51.78827049526607,51.09492521582906,51.131904477101116,5273800,2024-07-12
51.75128936767578,51.75128936767578,51.93618214083178,51.43697271127149,51.705067056020866,4621500,2024-07-15
52.11183547973633,52.11183547973633,52.15805779772786,51.63111561424348,51.88996694276228,5127600,2024-07-16
53.276649475097656,53.276649475097656,53.37834067501314,52.139563699430184,52.139563699430184,5270200,2024-07-17
53.36909103393555,53.36909103393555,54.14563780281581,52.93459357797395,53.008552092408294,4518500,2024-07-18
53.230438232421875,53.230438232421875,53.415327514490926,52.869895668698405,53.31363629343075,3722300,2024-07-19
53.21194076538086,53.21194076538086,53.304385392806275,52.64801936909098,53.07327029770626,4000800,2024-07-22
53.14723205566406,53.14723205566406,53.4523021659651,52.814425734218055,52.93460305187835,3275400,2024-07-23
52.93460464477539,52.93460464477539,53.563238042748615,52.82367037646741,53.14723365495949,4860000,2024-07-24
53.02705001831055,53.02705001831055,53.7851072771976,52.80517796682663,53.11949464928248,4755000,2024-07-25
53.68342208862305,53.68342208862305,53.87755795136139,53.0732782867761,53.267414149514444,3138600,2024-07-26
53.812835693359375,53.812835693359375,53.923773473571316,53.31362626201465,53.785103011574556,2744900,2024-07-29
53.960758209228516,53.960758209228516,54.10867174765077,53.7204000317437,53.85906699033754,4091500,2024-07-30
53.091766357421875,53.091766357421875,53.88680294508336,53.01780782529666,53.859066732267955,7681900,2024-07-31
53.874664306640625,53.874664306640625,53.92110281216907,53.391736442542,53.53104133084564,5966600,2024-08-01
55.091285705566406,55.091285705566406,55.20273033595812,53.54033582818186,53.54033582818186,8459400,2024-08-02
54.96126174926758,54.96126174926758,55.685657099926196,52.825221542452226,52.825221542452226,12166900,2024-08-05
56.131439208984375,56.131439208984375,56.97656830024523,54.385460487259934,54.68264850554327,9104700,2024-08-06
55.98284912109375,55.98284912109375,57.208750668069456,55.97356354482977,56.14073225966836,7729800,2024-08-07
55.9271240234375,55.9271240234375,56.103578300170106,55.31417329986666,56.03856864333385,6671700,2024-08-08
56.252174377441406,56.252174377441406,56.35433342558896,55.648509207166235,56.1871647182131,3374900,2024-08-09
56.010704040527344,56.010704040527344,56.07571369233383,55.48133770852574,56.0199896153167,4391100,2024-08-12
56.010704040527344,56.010704040527344,56.63294029146383,55.824960659897236,56.49363541306149,4228400,2024-08-13
55.87141036987305,55.87141036987305,56.140738165753426,55.69495606020725,56.07572849678385,4208100,2024-08-14
55.4534797668457,55.4534797668457,55.66708343720823,55.174866437797235,55.611362897054946,5586400,2024-08-15
55.769248962402344,55.769248962402344,55.90855741448835,55.37919096497928,55.509210297453635,6572900,2024-08-16
56.5214958190918,56.5214958190918,56.558645203861175,55.75066202754864,55.75995114512115,2664600,2024-08-19
56.24288558959961,56.24288558959961,56.679378484810385,55.99213254285614,56.52149890506108,3163600,2024-08-20
56.58651351928711,56.58651351928711,56.614373790446514,55.89926397434825,56.2707507893575,3305400,2024-08-21
56.187164306640625,56.187164306640625,56.642235460666136,56.03857029481283,56.58651137769545,3413200,2024-08-22
56.735111236572266,56.735111236572266,56.92085465618967,56.298614731885536,56.38219909357531,4245700,2024-08-23
57.36662673950195,57.36662673950195,57.57094481974773,57.0137146580121,57.097299005134424,3406700,2024-08-26
57.719547271728516,57.719547271728516,57.83099190328811,57.10659648400932,57.21804111556891,3495200,2024-08-27
57.57093811035156,57.57093811035156,57.96099598962422,57.17159111428096,57.858836961407086,3306900,2024-08-28
57.023006439208984,57.023006439208984,57.65453185968246,56.63294495349979,57.55237281478813,3680100,2024-08-29
57.682395935058594,57.682395935058594,57.79384056285993,57.13445482945752,57.153029524551215,5700000,2024-08-30
58.08623123168945,58.08623123168945,58.39401162734186,57.37740915228138,57.480002617498855,4818200,2024-09-03
58.487281799316406,58.487281799316406,58.65516138353706,58.08623652121442,58.08623652121442,4034600,2024-09-04
58.132869720458984,58.132869720458984,59.121489938131326,57.946336462727565,58.94428530009077,4743300,2024-09-05
58.19816207885742,58.19816207885742,58.44997791234597,57.61990856198926,58.17950839529784,4567200,2024-09-06
58.62718200683594,58.62718200683594,58.72977548029006,57.87172388598604,57.92768493273177,4479100,2024-09-09
58.58055877685547,58.58055877685547,58.85102831735635,58.36604673405914,58.76708851297286,2556000,2024-09-10
58.39401626586914,58.39401626586914,58.47795605700339,57.73182655682458,58.15152195466972,2988400,2024-09-11
58.207489013671875,58.207489013671875,58.561901897049225,57.778464951483045,58.394022297440294,2788600,2024-09-12
58.487281799316406,58.487281799316406,58.66449000367495,57.90903187468201,58.58987527387638,3506300,2024-09-13
58.45929718017578,58.45929718017578,58.97226094360348,58.366032335125574,58.73909527315218,3164100,2024-09-16
58.282100677490234,58.282100677490234,58.88832937049218,58.27277205698909,58.53391650580062,3639700,2024-09-17
58.002296447753906,58.002296447753906,58.972266583473534,57.72249832801874,58.32873055230004,4640800,2024-09-18
56.61262893676758,56.61262893676758,57.91835463593167,56.35148095067396,57.77845735985659,7228500,2024-09-19
57.480010986328125,57.480010986328125,57.601254592123276,56.370139945920556,56.48206204672177,12378400,2024-09-20
58.12354278564453,58.12354278564453,58.28209730455148,57.68519015094271,57.825090987753185,4122900,2024-09-23
58.34738540649414,58.34738540649414,58.664490897316306,57.57327358325944,57.83441802588021,5128700,2024-09-24
58.4219970703125,58.4219970703125,58.64583770717199,58.104891576826844,58.487283181516055,5233600,2024-09-25
58.272769927978516,58.272769927978516,58.75775499935679,57.992971806213475,58.28209854813883,4229700,2024-09-26
58.50593185424805,58.50593185424805,59.009570575683114,58.32872721870278,58.580546579420314,4304800,2024-09-27
59.14946365356445,59.14946365356445,59.214753312372586,58.3007407829667,58.66448220564488,7133400,2024-09-30
59.003360748291016,59.003360748291016,59.574663701771186,58.77858446869146,59.31242768615318,5380900,2024-10-01
58.46015548706055,58.46015548706055,58.834781441624834,58.076165491346195,58.56317780320062,4326300,2024-10-02
58.441436767578125,58.441436767578125,58.5444555275248,57.870133703053995,58.347778477583255,3617200,2024-10-03
58.076175689697266,58.076175689697266,58.600651403647205,57.28946390512161,57.71091728484045,5249000,2024-10-04
57.75773620605469,57.75773620605469,57.94504918886394,57.56105918181906,57.94504918886394,4015400,2024-10-07
57.60788345336914,57.60788345336914,58.0199727080498,57.22389346686076,57.86075543073287,4442500,2024-10-08
57.88886260986328,57.88886260986328,57.99188136491396,57.420581900239505,57.57979562661641,3132800,2024-10-09
57.5704345703125,57.5704345703125,58.3196830300308,57.28946327180697,57.87949799689072,3184800,2024-10-10
57.83266830444336,57.83266830444336,58.08554031927566,57.59852794693549,57.81393664711893,2913800,2024-10-11
58.16983413696289,58.16983413696289,58.37587880597707,57.62662676327043,57.81393977394709,3132300,2024-10-14
59.340538024902344,59.340538024902344,59.696432400135535,58.403976512066635,58.5257305090909,3863200,2024-10-15
60.15533447265625,60.15533447265625,60.22089347678294,59.36861927774038,59.39671497302388,3616900,2024-10-16
59.902469635009766,59.902469635009766,60.033587666707355,59.40609320852651,59.79008326108304,3450800,2024-10-17
60.60489273071289,60.60489273071289,60.66108413318737,59.58404057094365,59.93993493497565,3406700,2024-10-18
59.74325180053711,59.74325180053711,60.76410028371078,59.70578848756794,60.44567284156732,3301000,2024-10-21
59.64959716796875,59.64959716796875,59.89310514447002,59.41545680663204,59.54657841004724,2840000,2024-10-22
60.164703369140625,60.164703369140625,60.33328470985333,59.565304634472454,59.565304634472454,4232900,2024-10-23
59.293704986572266,59.293704986572266,60.576793135949,59.274973329385226,60.08041672493648,3841100,2024-10-24
57.42058181762695,57.42058181762695,59.27497299634537,57.326923532217975,59.200046368018185,5994200,2024-10-25
57.40184783935547,57.40184783935547,58.16982788516247,57.298825515920704,57.88886018569374,4605000,2024-10-28
56.577674865722656,56.577674865722656,57.44867726638749,56.568310823571736,57.23326856993358,5174300,2024-10-29
56.64323425292969,56.64323425292969,57.13024662005394,56.474652911513665,56.68069756717731,4564700,2024-10-30
55.6036491394043,55.6036491394043,56.568309807746814,55.55682178409405,56.42782416911786,9170600,2024-10-31
55.39104461669922,55.39104461669922,56.28475272966278,55.33459864718945,55.88963812040632,4615700,2024-11-01
55.77674865722656,55.77674865722656,56.491712980139404,55.4192647014422,55.49452599262033,4691600,2024-11-04
55.3345947265625,55.3345947265625,55.513334901028536,54.48792318718506,55.50392903443799,5515400,2024-11-05
53.62244415283203,53.62244415283203,54.788969078323326,52.68169951857182,54.788969078323326,11418200,2024-11-06
53.0391845703125,53.0391845703125,53.93289270888824,52.92629262805767,53.87644673776082,7303100,2024-11-07
54.10222244262695,54.10222244262695,54.2903720875765,53.340221584132486,53.43429461227926,5576600,2024-11-08
54.23392105102539,54.23392105102539,55.174665536984854,54.073992622311465,54.11162326302714,5228100,2024-11-11
53.641258239746094,53.641258239746094,54.23392835049289,53.60362759396562,53.99874219734878,3675500,2024-11-12
53.52836608886719,53.52836608886719,54.177478533521445,53.26495517577022,54.045774871300786,3792000,2024-11-13
52.7475471496582,52.7475471496582,53.47192089091394,52.568806975318104,53.47192089091394,5115100,2024-11-14
53.189697265625,53.189697265625,53.2649549628836,52.63465784230224,52.75695563758506,7984900,2024-11-15
53.406070709228516,53.406070709228516,53.518959055002576,52.653475756308424,52.81340061376702,4208300,2024-11-18
53.79177474975586,53.79177474975586,53.93288787058715,52.982733846121995,53.359033109234964,3365100,2024-11-19
53.50956344604492,53.50956344604492,53.876453331636185,53.27437725388062,53.54719050941227,4131300,2024-11-20
53.98933029174805,53.98933029174805,54.102218635311125,53.20851416484111,53.35903315247713,2953100,2024-11-21
54.0457763671875,54.0457763671875,54.45029682015056,53.904663245956385,54.23392599927707,3277800,2024-11-22
54.0457763671875,54.0457763671875,54.299777832210054,53.7823654467998,54.092812878045955,6793300,2024-11-25
54.3280029296875,54.3280029296875,54.4126700907865,53.69770574379406,53.9893342852915,3038900,2024-11-26
54.864227294921875,54.864227294921875,55.306378425519966,54.685487104660695,54.694892972082435,3016100,2024-11-27
54.45969772338867,54.45969772338867,55.174665542435534,54.3656247102456,55.033552434065506,3486200,2024-11-29
53.57513427734375,53.57513427734375,54.50128718506864,53.310520190878506,54.40678318421578,5053000,2024-12-02
52.951393127441406,52.951393127441406,53.81139242631762,52.923042651080536,53.773592992868515,4856200,2024-12-03
53.08369445800781,53.08369445800781,53.46171759268244,52.866332417353426,53.253804508101815,4011300,2024-12-04
52.97975158691406,52.97975158691406,53.08370454385954,52.62062990124998,52.89469654570669,3790600,2024-12-05
53.08369445800781,53.08369445800781,53.26325706927137,52.87578497852298,52.97974152081329,3112200,2024-12-06
53.37667465209961,53.37667465209961,53.5656862622291,52.7056868609817,53.01755295336324,3946800,2024-12-09
52.71512985229492,52.71512985229492,53.225460060350564,52.63007481761898,53.159306545057746,5089600,2024-12-10
52.2804069519043,52.2804069519043,52.90414268583866,52.13864735574346,52.611174536151196,6634600,2024-12-11
52.11030197143555,52.11030197143555,52.80964385303,52.03469948983153,52.13865245139997,3885200,2024-12-12
52.299312591552734,52.299312591552734,52.45997011510077,51.76063185186163,51.9779939393601,3899100,2024-12-13
51.58107376098633,51.58107376098633,52.422171647109316,51.52436919598715,51.97799490069067,5671600,2024-12-16
51.52436828613281,51.52436828613281,52.11975359027222,51.165246591006245,51.420411721351705,4951700,2024-12-17
49.9083251953125,49.9083251953125,51.807882992405204,49.879971111259785,51.316454261617366,7659400,2024-12-18
48.91600799560547,48.91600799560547,50.569852987263765,48.89711008247098,50.248534387537745,7959000,2024-12-19
49.8894157409668,49.8894157409668,50.61710796093051,49.1428220030058,49.1428220030058,14467200,2024-12-20
50.08788299560547,50.08788299560547,50.154036514927796,49.5586512359304,49.804367397781704,5474900,2024-12-23
50.314701080322266,50.314701080322266,50.314701080322266,49.776016720965686,49.97448089761144,2585000,2024-12-24
50.15404510498047,50.15404510498047,50.45646227513468,49.983934996131595,50.191848152524,7385900,2024-12-26
49.766563415527344,49.766563415527344,50.54150771730155,49.587004381490615,50.02172853027198,5373900,2024-12-27
49.83271408081055,49.83271408081055,49.95557215237942,49.33183644263184,49.672056576148,5695300,2024-12-30
50.47535705566406,50.47535705566406,50.541510577478974,49.965026797294875,50.050081840356405,5643300,2024-12-31
49.9567985534668,49.9567985534668,50.6691103405771,49.7668516419748,50.583632781203654,4991100,2025-01-02
50.60261917114258,50.60261917114258,50.63111410118792,49.89980702876807,49.99478046757399,4074200,2025-01-03
50.080257415771484,50.080257415771484,50.60261856899713,49.833324304011796,50.5361364380232,6850000,2025-01-06
49.87131881713867,49.87131881713867,50.887553588887286,49.776345365538404,50.19423362478652,4908500,2025-01-07
49.87131881713867,49.87131881713867,49.89981375102271,49.339461691369245,49.89981375102271,4727800,2025-01-08
49.073516845703125,49.073516845703125,49.61487697378272,49.0450255421741,49.39643157004681,5852100,2025-01-10
49.83332443237305,49.83332443237305,49.89030704592353,49.007040305846836,49.149504085731884,5172700,2025-01-13
50.47915267944336,50.47915267944336,50.67859906784049,49.814327761781925,49.89980530295274,4294600,2025-01-14
50.49814987182617,50.49814987182617,51.66634426716771,50.374685117037814,51.64734885342995,4978000,2025-01-15
51.83729553222656,51.83729553222656,51.88478225155494,50.43166400367644,50.51714154766929,4332000,2025-01-16
51.87527847290039,51.87527847290039,52.34065697930338,51.723318809728745,51.90377340056043,5345400,2025-01-17
52.48311996459961,52.48311996459961,52.701565388791785,51.91327210263174,51.979754232427844,5732400,2025-01-21
51.248451232910156,51.248451232910156,52.18870426478992,51.219959924460795,52.10322671643721,4950000,2025-01-22
51.40990447998047,51.40990447998047,51.514377429533845,50.84005301596321,51.362417763730086,3785600,2025-01-23
51.60935974121094,51.60935974121094,51.827801571948086,51.18197197541875,51.33393166736654,3359200,2025-01-24
53.18593978881836,53.18593978881836,53.32840357674026,52.150713315865815,52.33116430729621,6102700,2025-01-27
52.217201232910156,52.217201232910156,53.109964016798784,52.13172367529278,52.834539551591725,3694700,2025-01-28
51.34342956542969,51.34342956542969,52.397647857101546,51.181970359891295,52.321669825028266,3510700,2025-01-29
51.59035873413086,51.59035873413086,52.08422858517388,51.07749347077797,51.95126432200931,4277800,2025-01-30
51.894283294677734,51.894283294677734,52.312175161437374,51.314935841582646,51.371922084233,6768400,2025-01-31
52.003082275390625,52.003082275390625,52.25121429392014,51.16324438700766,51.44000968349445,4324200,2025-02-03
51.56406784057617,51.56406784057617,51.955355281335564,51.39228275530675,51.81220347067394,3700800,2025-02-04
51.94581604003906,51.94581604003906,52.23212331714958,51.58315821404865,52.09851349720431,4581700,2025-02-05
51.81220626831055,51.81220626831055,52.20349373019778,51.554528626492925,52.12714318124683,4367300,2025-02-06
51.649967193603516,51.649967193603516,51.86946957803633,51.411377170446784,51.707230109775274,4544100,2025-02-07
51.49727249145508,51.49727249145508,51.88856000483297,51.14416025757626,51.58316505003047,3831200,2025-02-10
51.898094177246094,51.898094177246094,52.08896689196987,51.344563668606575,51.52589438586156,3893200,2025-02-11
51.60224151611328,51.60224151611328,51.67859205857889,50.86738392755586,51.21095408746263,4310000,2025-02-12
52.413448333740234,52.413448333740234,52.489798879595874,51.46863399264038,51.649961078155904,4129700,2025-02-13
52.003082275390625,52.003082275390625,52.900179438498604,51.9839946369507,52.5661548672868,3721300,2025-02-14
52.70929718017578,52.70929718017578,52.718842817970064,51.75493727401886,51.869459443391335,3811500,2025-02-18
53.129215240478516,53.129215240478516,53.329633591441336,52.48979583865646,52.53751310675458,4123500,2025-02-19
53.9404296875,53.9404296875,54.11221478527823,53.129221472303975,53.129221472303975,5226100,2025-02-20
54.484413146972656,54.484413146972656,54.713461151362246,54.04540841587,54.131300962441784,7387200,2025-02-21
54.694374084472656,54.694374084472656,54.93296408959331,54.074038614921136,54.15038916404513,5309300,2025-02-24
53.6732063293457,53.6732063293457,53.88316304719898,51.659506209599684,53.148305433226604,9778000,2025-02-25
53.53959655761719,53.53959655761719,54.3126294973083,53.34872746291337,53.596859470385105,6078300,2025-02-26
53.98814010620117,53.98814010620117,54.23627572286101,53.49187251347565,53.51096014864903,5082100,2025-02-27
54.427146911621094,54.427146911621094,54.637107266105474,54.07403474865634,54.245819831308225,7520400,2025-02-28
55.182735443115234,55.182735443115234,55.26903352610286,54.300580512826954,54.34852307942378,5859800,2025-03-03
55.38410186767578,55.38410186767578,56.12242917083018,55.32657224521163,55.32657224521163,8280700,2025-03-04
55.71969985961914,55.71969985961914,55.86352755466105,54.74165617064451,54.98137265349761,5369000,2025-03-05
54.9717903137207,54.9717903137207,55.87312304967469,54.39646851090839,55.479988130422214,7126600,2025-03-06
56.074485778808594,56.074485778808594,56.59227432011,55.06767716480052,55.106032684404404,6256800,2025-03-07
56.084068298339844,56.084068298339844,57.90591132009908,55.825174065492256,56.33337182379504,7584000,2025-03-10
54.377288818359375,54.377288818359375,56.35255405288718,53.91703358714369,56.09365979949397,7482500,2025-03-11
54.05127716064453,54.05127716064453,54.38688246627246,53.581434853662515,54.17593076889397,7062100,2025-03-12
53.562255859375,53.562255859375,55.08685296032054,53.50472258202069,54.17592952002013,5824100,2025-03-13
54.35811233520508,54.35811233520508,54.48276593964131,53.56225545561261,53.66773130107531,6367700,2025-03-14
54.63618469238281,54.63618469238281,55.01014185022649,54.4731792267724,54.607419882635924,3837200,2025-03-17
54.617008209228516,54.617008209228516,54.82795990638994,54.28140656172953,54.645776677431016,3708700,2025-03-18
54.11840057373047,54.11840057373047,54.684131710747245,53.9649821462912,54.61701137735405,6039800,2025-03-19
54.1375732421875,54.1375732421875,54.32934717289423,53.792380898472075,54.29099165519619,5079400,2025-03-20
53.504722595214844,53.504722595214844,54.01292406751104,53.28418385197759,53.955390790142545,10839500,2025-03-21
53.9649772644043,53.9649772644043,54.13757343688272,53.45677945531978,53.600610818312965,4699400,2025-03-24
53.36089324951172,53.36089324951172,54.12798530194639,53.22664893977515,54.01292240852705,6720600,2025-03-25
54.23346710205078,54.23346710205078,54.38688552938935,53.428019444077314,53.504726828854686,4472400,2025-03-26
53.849910736083984,53.849910736083984,54.58823794459498,53.792377463211075,54.14716049258579,4490600,2025-03-27
54.28140640258789,54.28140640258789,54.4060600103436,53.67731978107716,54.089632465529164,3504300,2025-03-28
55.623809814453125,55.623809814453125,55.87311699934347,54.415640377608355,54.415640377608355,8202100,2025-03-31
55.05448532104492,55.05448532104492,56.06598428938147,54.437949081704375,55.80588392469654,5135800,2025-04-01
55.02558517456055,55.02558517456055,55.439818698019685,54.60171993710603,55.256786733514716,4765600,2025-04-02
54.9677848815918,54.9677848815918,56.02744976137342,54.312718116875324,55.401281812069044,9623700,2025-04-03
53.1278190612793,53.1278190612793,54.90035201639707,53.05075065353229,54.26455235178004,12097500,2025-04-04
50.98922348022461,50.98922348022461,53.02185699702634,50.555722831528264,50.76765729862966,13272600,2025-04-07
50.353416442871094,50.353416442871094,52.44384729277061,49.9102841440201,52.05851629696166,12132400,2025-04-08
52.00071334838867,52.00071334838867,52.376412619213724,48.850614091344035,49.61164802060813,10569200,2025-04-09
52.16448974609375,52.16448974609375,52.77138696382112,50.680955864222874,51.92365646688708,7982300,2025-04-10
53.195255279541016,53.195255279541016,53.32048593742473,51.682822597383385,52.01998771449209,6516600,2025-04-11
54.20675277709961,54.20675277709961,54.56318498725256,53.330119822513225,53.49388468196964,4591800,2025-04-14
54.91961669921875,54.91961669921875,55.04485102725908,54.081517957339045,54.36088542957362,4991100,2025-04-15
55.16044998168945,55.16044998168945,55.7962496610165,54.89071789798223,54.90998500036475,4657900,2025-04-16
56.18157958984375,56.18157958984375,56.470578751400765,55.10264767177983,55.21824660143789,5109600,2025-04-17
55.83478546142578,55.83478546142578,56.53801818177659,55.06411971822106,56.01782110187849,4414200,2025-04-21
56.37425231933594,56.37425231933594,56.72105281633391,55.85405157383898,56.1815849682455,4058300,2025-04-22
55.92148208618164,55.92148208618164,56.50911582696827,55.314581243668115,56.220116650712654,4954500,2025-04-23
55.05448532104492,55.05448532104492,55.969648779410775,54.87144968951259,55.969648779410775,5522300,2025-04-24
54.80401611328125,54.80401611328125,55.266415531971944,54.486118120666866,55.16044830949251,3861500,2025-04-25
55.14118576049805,55.14118576049805,55.266416411945976,54.35124927348019,54.726952252295895,3789800,2025-04-28
55.27605056762695,55.27605056762695,55.55541435486215,54.74621813343398,55.141184530722256,3691100,2025-04-29
55.73844909667969,55.73844909667969,55.93111643554597,54.87144790919334,55.44944992579218,7999000,2025-04-30
55.330997467041016,55.330997467041016,56.01816153689929,55.20518186567724,55.84395134363821,4308500,2025-05-01
55.12775421142578,55.12775421142578,55.843952092434535,54.96322441113362,55.74716659933116,4292700,2025-05-02
55.108394622802734,55.108394622802734,55.505205896624524,54.9245077321986,55.12775172054878,4392800,2025-05-05
54.96321487426758,54.96321487426758,55.698766034279814,54.556723257743336,55.050319956952166,5650200,2025-05-06
54.91482925415039,54.91482925415039,55.3890652116374,54.759976169176646,54.97289685352256,6818500,2025-05-07
54.44058609008789,54.44058609008789,54.98257369850064,54.39219519640552,54.8761115172063,4858600,2025-05-08
54.866432189941406,54.866432189941406,55.0503227582934,54.10184719412307,54.40187295597973,3634800,2025-05-09
54.14055633544922,54.14055633544922,54.39219488835404,53.569534932458744,54.34380399494573,8776900,2025-05-12
53.28886413574219,53.28886413574219,54.09216327165651,53.05658268791841,53.98570109523679,6642100,2025-05-13
52.78559494018555,52.78559494018555,53.405007260993386,52.63074185998359,53.27918797958284,6270200,2025-05-14
53.6179313659668,53.6179313659668,53.6179313659668,52.766237583067905,53.027552846866044,5836500,2025-05-15
54.430912017822266,54.430912017822266,54.52769380986275,53.52114692789141,53.71471420396109,6484500,2025-05-16
54.44058609008789,54.44058609008789,54.566405367252884,54.101846142322756,54.295409717052245,4691300,2025-05-19
54.39219284057617,54.39219284057617,54.53736551533558,54.19862558224192,54.19862558224192,2781400,2025-05-20
53.47275924682617,53.47275924682617,54.392201094445404,53.395330854947574,54.3244530975461,4534000,2025-05-21
53.40500259399414,53.40500259399414,53.60824655175009,52.882372109488834,53.45339348508056,4038600,2025-05-22
53.74374771118164,53.74374771118164,53.90828118714299,53.25983136963096,53.67599971872364,4007100,2025-05-23
54.35348129272461,54.35348129272461,54.5180147625029,53.76310278750063,53.99538424719099,4487800,2025-05-27
54.05345153808594,54.05345153808594,54.39219517772325,53.86956466536067,54.35348098599524,3306000,2025-05-28
54.547054290771484,54.547054290771484,54.55673099378039,53.77278883044602,54.00506662254919,4850700,2025-05-29
54.79868698120117,54.79868698120117,54.92450626720008,54.30509392380361,54.57608590104237,9971400,2025-05-30
55.02137756347656,55.02137756347656,55.03110045860339,54.13644201281023,54.554596985907125,4573600,2025-06-02
54.46707534790039,54.46707534790039,54.76853702729671,54.31148306070517,54.671293238904475,4757800,2025-06-03
54.37956237792969,54.37956237792969,54.65185170240507,53.99058345807145,54.311490974214166,5147700,2025-06-04
54.29203796386719,54.29203796386719,54.4865255431347,54.03919817543897,54.46707604328539,4883500,2025-06-05
54.45735549926758,54.45735549926758,54.63239729585569,54.07809950986432,54.253141306452434,4841600,2025-06-06
55.24504470825195,55.24504470825195,55.332565608327215,54.32121380959371,54.41845760540488,5659200,2025-06-09
55.77016830444336,55.77016830444336,55.9646596123234,55.264496097413655,55.27421899348174,4739200,2025-06-10
56.16886901855469,56.16886901855469,56.35363741458448,55.77016354078232,55.78961304087034,4193800,2025-06-11
56.36336135864258,56.36336135864258,56.518953652629214,55.93548347758256,56.19804616923742,4266800,2025-06-12
56.05217742919922,56.05217742919922,56.5675762135327,55.692370940680355,56.22721922569228,4854100,2025-06-13
55.80906677246094,55.80906677246094,56.460612091165615,55.65347446957242,56.10080187667527,5060600,2025-06-16
55.94520950317383,55.94520950317383,56.15915031048043,55.51733159817375,55.818793307595485,4274000,2025-06-17
55.993831634521484,55.993831634521484,56.31473911593942,55.692369943820985,56.03272692556923,4413000,2025-06-18
55.604854583740234,55.604854583740234,56.39254273229031,55.56595557920642,55.97438770758495,16937600,2025-06-20
56.76206970214844,56.76206970214844,56.839867707865814,55.64375119205941,55.64375119205941,5171300,2025-06-23
56.3828125,56.3828125,56.80096749781106,56.28556870453311,56.65509809499771,5388600,2025-06-24
55.507606506347656,55.507606506347656,56.19804709037955,55.47843040038806,56.15914808884208,8468700,2025-06-25
55.62429428100586,55.62429428100586,55.96465123664822,55.13806793888101,55.799336060939815,6188400,2025-06-26
55.458980560302734,55.458980560302734,56.06190395160587,55.25476636789987,55.73126985978616,5318600,2025-06-27
56.02300262451172,56.02300262451172,56.0619016241963,55.001927995274364,55.497877257608124,7304300,2025-06-30
56.47145080566406,56.47145080566406,56.8036359638686,55.904784198735975,56.11972490556332,5686900,2025-07-01
56.42259979248047,56.42259979248047,56.510531265912995,55.826620219995014,56.17834611372514,3975000,2025-07-02
56.35421371459961,56.35421371459961,56.54961741914435,56.07087852936052,56.39329520091169,2942500,2025-07-03
56.20765686035156,56.20765686035156,56.60823275510422,55.895012441374625,56.36397906984003,4691000,2025-07-07
56.1685791015625,56.1685791015625,56.3249013110463,55.7484624647594,55.875471697641856,3968800,2025-07-08
55.61167907714844,55.61167907714844,56.25651240511215,55.61167907714844,56.158808691625715,5712200,2025-07-09
55.62145233154297,55.62145233154297,55.846165286157365,55.29903566165124,55.48467085717035,5412800,2025-07-10
55.846168518066406,55.846168518066406,56.022031488727436,55.28927035331176,55.46513332397279,4629300,2025-07-11
57.35076904296875,57.35076904296875,57.624331992117924,55.75823388824539,55.80708388244836,13455200,2025-07-14
55.3576545715332,55.3576545715332,57.09673960202086,55.3576545715332,56.86225815344623,7800400,2025-07-15
55.48466491699219,55.48466491699219,55.875468555215214,55.308801975336486,55.67029636562198,5292700,2025-07-16
55.064552307128906,55.064552307128906,55.62145042052124,55.064552307128906,55.44558746607992,4440100,2025-07-17
55.172019958496094,55.172019958496094,55.5139736043652,55.00592552549166,55.152479217729976,4161900,2025-07-18
55.0938606262207,55.0938606262207,55.68007170679114,55.0254698925398,55.367423560944296,3718400,2025-07-21
56.51053237915039,56.51053237915039,56.549613863004815,55.19156397869456,55.20133248615045,5154900,2025-07-22
56.549617767333984,56.549617767333984,56.7547899812122,56.21743258566729,56.4519140509522,3666100,2025-07-23
56.68639373779297,56.68639373779297,56.92087518030472,56.30535859844988,56.43236782688736,3995900,2025-07-24
56.569156646728516,56.569156646728516,56.8622603321851,55.973177040991295,56.754788111214054,4439300,2025-07-25
55.55305862426758,55.55305862426758,56.5691548467334,55.543286389754485,56.5691548467334,4243400,2025-07-28
56.041568756103516,56.041568756103516,56.11972800098395,55.455357647929894,55.758233573503716,4392200,2025-07-29
55.48466491699219,55.48466491699219,56.40305738018231,55.28926123437304,56.06110373086026,3860500,2025-07-30
54.83983612060547,54.83983612060547,55.64098787594814,54.751904648579306,55.4553526977733,7458500,2025-07-31
55.53587341308594,55.53587341308594,55.95801310982727,54.897754221743135,55.46715334570598,7981900,2025-08-01
56.39978790283203,56.39978790283203,56.42923829042505,55.49660398536378,55.526058117919604,5232200,2025-08-04
56.15435791015625,56.15435791015625,56.527412380445874,56.12490377765785,56.3310677252954,4204400,2025-08-05
55.869659423828125,55.869659423828125,56.439058560238344,55.85002458343851,56.18380938013622,4195500,2025-08-06
56.04636764526367,56.04636764526367,56.164172939281485,55.24135793704354,55.91874305884942,5058300,2025-08-07
56.38997268676758,56.38997268676758,56.92010217154193,56.08564200640545,56.11509239612744,4538000,2025-08-08
56.34088897705078,56.34088897705078,56.861199182659945,56.30161929305227,56.33107342853275,3609400,2025-08-11
56.605953216552734,56.605953216552734,56.64522290019741,55.967833964697746,56.399792994862906,4143500,2025-08-12
56.83174514770508,56.83174514770508,56.959369740034504,56.23289561250119,56.67467016674692,4666600,2025-08-13
56.763023376464844,56.763023376464844,56.95936803301902,56.55686317231623,56.733572988718706,4193700,2025-08-14
57.41096115112305,57.41096115112305,57.61712136615047,56.76302637177755,56.949551745617164,6242800,2025-08-15
56.812110900878906,56.812110900878906,57.55821987695219,56.792476059933506,57.410960442343175,4331100,2025-08-18
57.9312744140625,57.9312744140625,57.950909256293826,56.92992367500749,56.98882445673823,4600200,2025-08-19
58.80500793457031,58.80500793457031,59.07006894180531,58.068718204562984,58.147253828382894,6768000,2025-08-20
58.4908561706543,58.4908561706543,58.765736463109675,58.23560697483449,58.657746706798456,4921000,2025-08-21
57.842918395996094,57.842918395996094,59.00134785086169,57.764382773528226,58.765737238494914,7650000,2025-08-22
57.145896911621094,57.145896911621094,57.81346653798468,57.05754199798582,57.607306321156734,6829000,2025-08-25
57.067359924316406,57.067359924316406,57.312789817984594,56.6648550484991,57.23425045442855,7617700,2025-08-26
57.479679107666016,57.479679107666016,57.69565860782126,57.11644392146547,57.33242342162072,5703900,2025-08-27
57.067359924316406,57.067359924316406,57.55821971165278,56.80229518975921,57.55821971165278,5009800,2025-08-28
57.68584442138672,57.68584442138672,57.70547926359006,57.10662968375956,57.13608381954617,4370700,2025-08-29
56.94518280029297,56.94518280029297,57.507336175324504,56.66903457659974,57.22132726180007,5442000,2025-09-02
57.15229034423828,57.15229034423828,57.19174062738161,56.649308639626014,56.85642074503546,4102200,2025-09-03
57.477745056152344,57.477745056152344,57.84265452738715,57.132564488428635,57.270636715518116,4320300,2025-09-04
58.47384262084961,58.47384262084961,58.47384262084961,57.625680374821336,57.64540551568082,5321100,2025-09-05
58.286460876464844,58.286460876464844,58.44425825526697,57.82293319246336,58.20756406815691,5197800,2025-09-08
58.67109298706055,58.67109298706055,58.710539508422194,58.020178357266914,58.23714739240739,4083700,2025-09-09
58.63164138793945,58.63164138793945,59.026132928007165,58.35549317148743,58.710538191078584,4673300,2025-09-10
59.331871032714844,59.331871032714844,59.42063229368249,58.73026734862153,58.73026734862153,4690700,2025-09-11
59.57843017578125,59.57843017578125,59.75595269921483,59.20365998606744,59.26283541460741,3910100,2025-09-12
59.39104461669922,59.39104461669922,60.24906760462113,59.25297238441134,59.74608964954585,6098800,2025-09-15
59.15435028076172,59.15435028076172,59.716503696315115,58.96696706297272,59.41077338109024,6206300,2025-09-16
58.8880615234375,58.8880615234375,59.65732699735898,58.878200833727135,59.42062906026327,5236300,2025-09-17
58.296321868896484,58.296321868896484,58.937372036276365,58.148385189093254,58.62177729740312,6234000,2025-09-18
58.34563064575195,58.34563064575195,58.87819815837855,58.13852231157024,58.25686939364752,12684300,2025-09-19
58.247013092041016,58.247013092041016,58.50343241622176,57.9018287468834,58.49357172621666,5909900,2025-09-22
58.73026657104492,58.73026657104492,58.81902783083738,58.28646027208262,58.306185414501634,4571800,2025-09-23
59.15435028076172,59.15435028076172,59.469945048714976,58.64150784229108,58.84861620335045,5751300,2025-09-24
58.96696472167969,58.96696472167969,59.52911811491269,58.67109510874436,59.37132073720143,4799300,2025-09-25
59.489662170410156,59.489662170410156,59.637598843897045,59.045855912135394,59.045855912135394,5681800,2025-09-26
59.716495513916016,59.716495513916016,59.716495513916016,59.27268925660916,59.469936900099526,6067500,2025-09-29
59.95319366455078,59.95319366455078,59.98277949442081,59.46993712428692,59.71649573903287,6684000,2025-09-30
59.89375686645508,59.89375686645508,60.17113707718301,59.74516396900091,59.9333831506977,5639100,2025-10-01
59.51731872558594,59.51731872558594,59.74516419237723,59.25975165601632,59.71544258959891,4493300,2025-10-02
59.834320068359375,59.834320068359375,60.17113592000333,59.48759575636009,59.48759575636009,4124200,2025-10-03
59.33900451660156,59.33900451660156,59.824413276379026,59.33900451660156,59.68572505929975,4976800,2025-10-06
59.071529388427734,59.071529388427734,59.527220298210494,58.95265054146419,59.39843677015179,4613200,2025-10-07
58.45733642578125,58.45733642578125,58.99227992835872,58.40780545975826,58.93284428071932,4673500,2025-10-08
58.11061477661133,58.11061477661133,58.744620199145736,57.872860853675725,58.58611884351213,4040100,2025-10-09
57.714359283447266,57.714359283447266,58.4177125892409,57.67473677891399,58.209676490331866,4849400,2025-10-10
58.17995834350586,58.17995834350586,58.3186465560267,57.486513501931306,57.57567074983333,4231700,2025-10-13
58.2889289855957,58.2889289855957,58.536587588733184,58.01155255935225,58.179958595579954,5303500,2025-10-14
58.90312194824219,58.90312194824219,58.99227919756729,58.06108419937096,58.298834344924295,5143800,2025-10-15
58.73471450805664,58.73471450805664,59.34890677820746,58.68518354382954,59.0021862496474,4717800,2025-10-16
59.378623962402344,59.378623962402344,59.4281587050671,58.774340158977516,58.94274619133272,4241100,2025-10-17
60.07207107543945,60.07207107543945,60.081979535937315,59.42816096498451,59.447970328039354,3687600,2025-10-20
59.4677848815918,59.4677848815918,60.32963957478192,59.130969017108086,60.1315119287967,5307300,2025-10-21
59.705535888671875,59.705535888671875,59.9829123120852,59.29937593482936,59.48759511086406,4077400,2025-10-22
59.656005859375,59.656005859375,60.012634854479174,59.31919000610666,59.94328696856856,3455700,2025-10-23
59.42816162109375,59.42816162109375,59.873944095187845,59.41825316048649,59.81450844742622,3884200,2025-10-24
59.834320068359375,59.834320068359375,59.84422474974432,59.230032471677255,59.43806479149459,4946500,2025-10-27
58.655460357666016,58.655460357666016,59.705534154178665,58.60592939477689,59.705534154178665,5791000,2025-10-28
57.81342315673828,57.81342315673828,58.754526575734836,57.54595142003588,58.48705483903243,7192900,2025-10-29
57.36764144897461,57.36764144897461,58.28893179943807,57.33792362443404,57.97192907443673,7396400,2025-10-30
57.706031799316406,57.706031799316406,57.91503859376418,56.939669756335874,57.18848845353713,6794300,2025-10-31
57.924991607666016,57.924991607666016,58.0643294661567,57.049148758575,57.41739935553922,7773500,2025-11-03
55.874725341796875,55.874725341796875,57.66621918005201,55.685624501075445,57.52688131881811,11474000,2025-11-04
55.854820251464844,55.854820251464844,56.73066313129689,55.83491430002866,56.233025735408326,7875100,2025-11-05
56.0638313293457,56.0638313293457,56.38231896174227,55.81501262924388,56.04392537773691,6114400,2025-11-06
56.60127639770508,56.60127639770508,56.631137223223014,56.123544952810356,56.24297686486603,5958500,2025-11-07
56.11359405517578,56.11359405517578,56.76052039449909,55.76524559861212,56.611231453119274,6427800,2025-11-10
56.88990783691406,56.88990783691406,56.98943379898137,56.352458529737575,56.412176384981215,5019100,2025-11-11
56.66099548339844,56.66099548339844,56.929720138867516,56.50175166497292,56.80033334993675,5498000,2025-11-12
56.322601318359375,56.322601318359375,57.37759397755365,56.28278941499233,56.690851932824366,6716400,2025-11-13
56.53160858154297,56.53160858154297,56.8500962177578,56.27283880087045,56.571420485237844,5630900,2025-11-14
56.73066329956055,56.73066329956055,56.80033223145782,56.39226971748576,56.57141948427076,5548000,2025-11-17
57.06905746459961,57.06905746459961,57.188489378118945,56.41217624523518,56.73066387906811,5440700,2025-11-18
56.44203186035156,56.44203186035156,57.13872496565822,56.27283697016085,57.04915008359491,4429100,2025-11-19
56.03396987915039,56.03396987915039,56.76052001975035,56.00411285040596,56.53160727380833,6060300,2025-11-20
56.4022216796875,56.4022216796875,56.889908007290884,56.043925937168886,56.22307570676424,7221700,2025-11-21
56.22307586669922,56.22307586669922,56.760521380342034,56.03397122232613,56.63113838823342,10444700,2025-11-24
56.451988220214844,56.451988220214844,56.770475854451625,56.20316951867535,56.43208226849104,7260000,2025-11-25
56.869998931884766,56.869998931884766,57.1287724944969,56.41217345547485,56.47189130761732,5129900,2025-11-26
57.61000061035156,57.61000061035156,57.619998931884766,56.880001068115234,56.90999984741211,3490800,2025-11-28
57.43000030517578,57.43000030517578,57.59000015258789,57.02000045776367,57.29999923706055,4602100,2025-12-01
57.5,57.5,57.72999954223633,57.060001373291016,57.59000015258789,4730700,2025-12-02
58.09000015258789,58.09000015258789,58.25,57.52000045776367,57.7400016784668,6560800,2025-12-03
58.209999084472656,58.209999084472656,58.619998931884766,57.869998931884766,58.11000061035156,6072600,2025-12-04
58.47999954223633,58.47999954223633,58.86000061035156,58.099998474121094,58.20000076293945,5419800,2025-12-05
57.31999969482422,57.31999969482422,58.470001220703125,57.31999969482422,58.470001220703125,8372000,2025-12-08
57.04999923706055,57.04999923706055,57.79999923706055,57.0,57.52000045776367,6047300,2025-12-09
56.66999816894531,56.66999816894531,57.58000183105469,56.650001525878906,57.09000015258789,7983900,2025-12-10
57.220001220703125,57.220001220703125,57.400001525878906,56.689998626708984,56.97999954223633,5385900,2025-12-11
57.720001220703125,57.720001220703125,57.91999816894531,57.34000015258789,57.290000915527344,5135738,2025-12-12
