Price,Close,High,Low,Open,Volume,Date
79.92688751220703,79.92688751220703,80.39446157070611,78.91539141309163,80.37538003536433,1331000,2021-10-25
80.72842407226562,80.72842407226562,80.89064256542936,79.7360170219284,79.88869838978721,760400,2021-10-26
80.23223114013672,80.23223114013672,81.22463827647583,79.94595719071717,80.90019398178373,1124300,2021-10-27
81.3868637084961,81.3868637084961,81.81626738891227,80.01276028276503,80.23223796669413,2317200,2021-10-28
83.36212921142578,83.36212921142578,84.34499197158449,82.25521100525728,82.43651833081054,2773600,2021-10-29
83.62931060791016,83.62931060791016,84.46903635132328,82.9136330246976,83.8487882700715,1500000,2021-11-01
84.9938735961914,84.9938735961914,85.3660253750164,83.49572207418457,83.87741825971639,1243000,2021-11-02
84.84120178222656,84.84120178222656,85.35648327432897,84.05872057660947,84.91753519719582,961400,2021-11-03
85.26105499267578,85.26105499267578,85.26105499267578,84.17322564390882,84.68851437967984,825200,2021-11-04
84.7171401977539,84.7171401977539,85.60458069472206,84.54537728607463,85.40419184447104,956700,2021-11-05
84.38317108154297,84.38317108154297,84.71715254731382,83.07586388095429,84.58355996100548,1261900,2021-11-08
85.55687713623047,85.55687713623047,85.60458460928199,84.09688868006921,84.50721080560815,981200,2021-11-09
86.26300811767578,86.26300811767578,86.78783398917122,85.55687492462334,85.83359718981694,873600,2021-11-10
86.1580581665039,86.1580581665039,86.25348040886215,85.73819156382716,86.03400997946324,565300,2021-11-11
86.04608154296875,86.04608154296875,86.70635742761166,85.91211358096966,86.4575566550249,734400,2021-11-12
87.23265838623047,87.23265838623047,87.45274546307037,85.94081309754655,86.16090747509224,864700,2021-11-15
87.17526245117188,87.17526245117188,87.78768962675565,86.90732647444246,87.33793682265649,760100,2021-11-16
87.54845428466797,87.54845428466797,87.67285833762948,86.94559837661059,87.20396310843309,780700,2021-11-17
87.29007720947266,87.29007720947266,87.55801313072142,86.73506291505376,87.54844190476074,929700,2021-11-18
88.25656127929688,88.25656127929688,89.050797769095,87.82594374555943,88.02689567435456,1719300,2021-11-19
89.71107482910156,89.71107482910156,90.38091460087648,87.96948412178085,88.25656248151635,1311800,2021-11-22
90.07469177246094,90.07469177246094,90.52444441585621,89.38571692164192,89.72063677288142,1067800,2021-11-23
89.35701751708984,89.35701751708984,89.99815824979224,88.78286806603806,89.77806385485745,805600,2021-11-24
89.31875610351562,89.31875610351562,90.668014493725,89.26134333821571,89.46229531747308,661800,2021-11-26
89.71107482910156,89.71107482910156,90.30436669889217,88.92640225329126,89.84504278345655,1129900,2021-11-29
85.52934265136719,85.52934265136719,89.32830892084621,85.108303624764,88.91683381935012,3807400,2021-11-30
86.7733383178711,86.7733383178711,88.38096110530533,85.86426899372752,86.07478485458041,2932300,2021-12-01
87.136962890625,87.136962890625,88.07474587366167,86.73505902676898,87.03170131189519,1754400,2021-12-02
88.35224914550781,88.35224914550781,88.40966189477534,87.52929900271344,87.86421887461681,1342700,2021-12-03
90.0938491821289,90.0938491821289,90.30437235235385,88.28527438440574,88.35225836577673,2337800,2021-12-06
88.93598175048828,88.93598175048828,90.601017409979,88.60105453274423,89.77806715628329,1564200,2021-12-07
90.9072265625,90.9072265625,91.33783682067143,88.78286704734752,88.9264062336401,2349400,2021-12-08
91.42396545410156,91.42396545410156,92.1129477243307,90.59144399412361,91.15602952694722,1309500,2021-12-09
91.52921295166016,91.52921295166016,91.93111678053049,91.19429309426822,91.51964172696172,1390000,2021-12-10
93.5483169555664,93.5483169555664,93.88323683563576,91.05076009165445,91.51964792375153,1603600,2021-12-13
93.6918716430664,93.6918716430664,93.97894274463195,92.89762772405837,93.66315796227352,1475300,2021-12-14
94.83058166503906,94.83058166503906,95.76836460956628,93.81625082152027,93.81625082152027,2204500,2021-12-15
97.16547393798828,97.16547393798828,97.31857705209863,94.38083849933622,94.70619448046865,1753600,2021-12-16
93.86409759521484,93.86409759521484,97.86401574427371,93.34736822012411,97.12719198292086,4787400,2021-12-17
94.58180236816406,94.58180236816406,94.89758716300811,93.23255134583266,93.78756571846026,1765200,2021-12-20
94.16075134277344,94.16075134277344,94.55308400425041,92.60097002084278,94.19902894645277,1917700,2021-12-21
95.11768341064453,95.11768341064453,95.28035777448666,94.00765464410591,94.25645545396931,1044500,2021-12-22
95.24207305908203,95.24207305908203,96.01717451190463,95.11767631378548,95.31862827189849,709700,2021-12-23
96.03630828857422,96.03630828857422,96.03630828857422,95.08896134286093,95.31861965985374,674400,2021-12-27
95.86406707763672,95.86406707763672,96.42864532018824,95.64397267585996,96.16070938808198,935600,2021-12-28
96.62960052490234,96.62960052490234,96.87839399389662,95.94061827078156,96.10329260836387,912000,2021-12-29
97.05064392089844,97.05064392089844,97.22288949217292,96.00760656757991,96.84969197119597,1101500,2021-12-30
98.0841293334961,98.0841293334961,98.56258850097656,97.05065577956847,97.28988536330871,1320600,2021-12-31
97.3281478881836,97.3281478881836,97.45254462419392,95.481295495919,97.00279920906134,1516500,2022-01-03
97.43341827392578,97.43341827392578,98.13197182559207,95.28035215947482,96.54348398792443,1472900,2022-01-04
98.12237548828125,98.12237548828125,98.77308003948922,97.65348769865797,97.6726228469118,1450200,2022-01-05
98.28507995605469,98.28507995605469,99.51950546726235,97.85446963152738,98.1032631386862,1345900,2022-01-06
99.1367416381836,99.1367416381836,99.89270802631174,98.00757766993884,98.28508487322951,1968100,2022-01-07
98.37120056152344,98.37120056152344,99.89269709852235,97.95015418870047,99.0984531864088,2272100,2022-01-10
97.43341827392578,97.43341827392578,98.48602691418262,96.02674724437136,98.11282937173435,2544200,2022-01-11
98.17981719970703,98.17981719970703,98.29465002522464,96.32340064176982,96.97409808424769,1999000,2022-01-12
98.84007263183594,98.84007263183594,99.53861876496939,97.58651224175689,98.0745352222071,2316300,2022-01-13
99.73001861572266,99.73001861572266,99.91183541476828,98.43818047162034,98.74439401170909,1333800,2022-01-14
98.7730941772461,98.7730941772461,99.99794826055424,98.00755672482539,99.80656754780217,2541600,2022-01-18
98.49559020996094,98.49559020996094,100.32330016802136,98.34247979425616,98.94534293021064,1984600,2022-01-19
97.5865249633789,97.5865249633789,99.57690934661488,97.41427938879335,98.10325438642883,1633700,2022-01-20
98.94534301757812,98.94534301757812,99.93096759225193,98.24678952154456,98.24678952154456,1777000,2022-01-21
98.00755310058594,98.00755310058594,99.97880941242661,96.36165274923984,99.51948549781837,2249800,2022-01-24
97.25160217285156,97.25160217285156,98.39033726233293,96.42865186795518,98.03627487046126,1751900,2022-01-25
94.68704223632812,94.68704223632812,96.48605292085077,93.44305309776624,94.08418646692006,3531000,2022-01-26
94.4095458984375,94.4095458984375,96.07458139494257,93.97892836093565,95.12723449356798,2608700,2022-01-27
98.56256866455078,98.56256866455078,98.63912386811018,91.7301737120549,92.49571114623674,3393600,2022-01-28
98.22765350341797,98.22765350341797,99.32811088026425,96.8879665794619,98.08411431501081,4746800,2022-01-31
97.74920654296875,97.74920654296875,98.7539663851285,96.50520982329596,98.4956016544895,1551800,2022-02-01
98.74440002441406,98.74440002441406,99.10802634394041,97.30902259896314,97.76833928671144,1806000,2022-02-02
98.60084533691406,98.60084533691406,99.60560499651251,97.61522082767206,97.61522082767206,1603200,2022-02-03
96.62960052490234,96.62960052490234,98.11281931574533,96.0650150052787,97.78747064058066,2709700,2022-02-04
96.78270721435547,96.78270721435547,97.43341188944602,96.34252571366282,97.06021437145212,1573500,2022-02-07
96.45735168457031,96.45735168457031,97.41426982707317,96.37122525537791,97.17504029144746,1760900,2022-02-08
96.15113830566406,96.15113830566406,97.06020762203258,95.92147269463337,96.9166684403149,1619200,2022-02-09
94.4573974609375,94.4573974609375,95.9501875611996,94.11290631461445,95.87363965145525,2014000,2022-02-10
93.68229675292969,93.68229675292969,94.9645636846715,93.55789270981278,94.89757970018807,4228200,2022-02-11
93.6180191040039,93.6180191040039,94.57751504944635,92.92718085202564,93.90587081578587,2061500,2022-02-14
92.7640609741211,92.7640609741211,94.97090440254942,92.39945517897428,93.83869898350427,1535600,2022-02-15
92.14037322998047,92.14037322998047,93.19581706259851,91.24804191359847,92.75444990788084,1543400,2022-02-16
93.02312469482422,93.02312469482422,93.48368594837233,91.4303653053981,92.14998723131073,1309100,2022-02-17
94.77900695800781,94.77900695800781,94.9709105365634,92.56257369839508,93.02312764618247,2724300,2022-02-18
92.80242919921875,92.80242919921875,94.58709186230924,92.44741313987399,94.30883721909926,1667500,2022-02-22
92.39945220947266,92.39945220947266,93.79071824765727,92.18836195366593,93.11907408861069,1185100,2022-02-23
91.20967102050781,91.20967102050781,92.60094436261952,90.05827895564563,91.58387380760664,1930600,2022-02-24
94.70223236083984,94.70223236083984,94.71182936852668,91.45913919803007,91.86212567641309,1417500,2022-02-25
93.88666534423828,93.88666534423828,94.23208442808976,92.71607926233855,93.50286554880641,2187500,2022-02-28
92.96554565429688,92.96554565429688,94.6062825616947,92.45701406152334,93.76192890957749,1428900,2022-03-01
93.0519027709961,93.0519027709961,93.5508373492284,91.59346510470763,92.0636159811689,1404900,2022-03-02
95.1819839477539,95.1819839477539,95.50821633839797,93.27258928492743,93.49327654804303,1668000,2022-03-03
96.61164093017578,96.61164093017578,96.76515646188803,94.15532653942745,94.37601380920614,1324500,2022-03-04
97.59031677246094,97.59031677246094,98.61697698388821,95.1148158558102,96.23743150337079,1717800,2022-03-07
91.45914459228516,91.45914459228516,97.94533862083203,91.29603205384862,96.94746205333465,2233800,2022-03-08
93.12864685058594,93.12864685058594,93.67555908651691,90.79707209311785,92.36105471123544,1642100,2022-03-09
92.03483581542969,92.03483581542969,93.27258628174226,91.52630421027837,92.98474193260085,1329600,2022-03-10
91.29602813720703,91.29602813720703,93.12866133477206,91.24805041837341,92.14038181792516,896200,2022-03-11
92.7160873413086,92.7160873413086,92.89839390710807,91.44955303028237,92.04444313105714,1086100,2022-03-14
94.94210052490234,94.94210052490234,95.22035516788846,92.71607070138494,93.89625368230044,1298400,2022-03-15
93.15745544433594,93.15745544433594,95.00928286444677,91.67983816811088,95.00928286444677,1346100,2022-03-16
93.33975982666016,93.33975982666016,93.84829148156106,92.3706669195555,93.368543532353,1068100,2022-03-17
93.01353454589844,93.01353454589844,93.57963361103424,92.20755418627347,93.57963361103424,2033300,2022-03-18
93.5892333984375,93.5892333984375,94.13614578284624,92.2843183548705,93.0711047205177,1231600,2022-03-21
93.89627075195312,93.89627075195312,94.8077889423203,92.55297500795976,94.26087656402542,1145800,2022-03-22
93.20542907714844,93.20542907714844,94.4815603527891,92.72568113776828,94.18411897289263,629200,2022-03-23
93.30137634277344,93.30137634277344,93.80990798257938,92.74487430169428,93.24380893309656,687500,2022-03-24
94.0018081665039,94.0018081665039,94.58710121173458,93.41651512127324,93.69476979198718,673600,2022-03-25
95.21076202392578,95.21076202392578,95.21076202392578,93.66597335331403,94.13612419903939,610400,2022-03-28
95.77686309814453,95.77686309814453,96.71717213080042,95.4218470441106,95.46022775160385,982100,2022-03-29
95.21076202392578,95.21076202392578,95.74807727618334,93.55083123338542,95.40265823676883,1057600,2022-03-30
95.35469055175781,95.35469055175781,96.03593169547895,93.9730215691619,94.9325173750292,1775100,2022-03-31
97.25450134277344,97.25450134277344,97.26409835111598,95.0668519445156,95.46024144208951,1114300,2022-04-01
96.72676849365234,96.72676849365234,96.76514920379469,94.57749996828433,96.66920108862479,1044800,2022-04-04
96.8131332397461,96.8131332397461,98.43467625694622,96.35257200835287,96.35257200835287,1077000,2022-04-05
97.94532775878906,97.94532775878906,98.18520169590187,96.04552295589215,97.09137712829721,1078100,2022-04-06
99.2310562133789,99.2310562133789,99.54769159171659,97.90695461356525,98.11804486579037,969300,2022-04-07
99.25983428955078,99.25983428955078,99.96026942128208,98.67454128533431,99.41335712623723,889600,2022-04-08
99.76837921142578,99.76837921142578,100.41123965797567,98.53062871740411,99.21186987543982,1205300,2022-04-11
99.70122528076172,99.70122528076172,100.89099818044674,98.98160333556649,99.35580616143817,1453000,2022-04-12
98.68415069580078,98.68415069580078,100.03704341274373,98.24278346541183,99.55729546835931,1219000,2022-04-13
98.49224853515625,98.49224853515625,99.66283462046081,98.20439685765203,99.09672827346843,998600,2022-04-14
97.1105728149414,97.1105728149414,98.79928753829805,96.92826626333479,98.49224916317614,854000,2022-04-18
98.20439147949219,98.20439147949219,98.3483173103622,96.68838639235541,97.02421577117607,1057100,2022-04-19
98.90483093261719,98.90483093261719,99.96027487107769,98.52103114034824,98.52103114034824,1312100,2022-04-20
98.78968811035156,98.78968811035156,100.0658192995942,98.56900817258605,98.91441993081153,1073000,2022-04-21
98.62657928466797,98.62657928466797,100.19055488459166,98.4826534431158,99.53809741387782,1029500,2022-04-22
99.81634521484375,99.81634521484375,100.27690641201933,97.6190989915546,99.01037227025134,1101700,2022-04-25
98.43466186523438,98.43466186523438,100.20973479386964,98.3291240713505,99.88350244425222,1292800,2022-04-26
99.94108581542969,99.94108581542969,101.01571642395776,98.57859621903276,98.66495464743062,1806300,2022-04-27
96.33338928222656,96.33338928222656,97.59032656163735,93.74274597457453,95.34510968204499,2406300,2022-04-28
93.60843658447266,93.60843658447266,96.15110269754842,93.45492101603325,95.46986134927988,1669900,2022-04-29
92.34188079833984,92.34188079833984,94.47196280836357,91.33441452358036,93.7811246083156,1406100,2022-05-02
91.7853775024414,91.7853775024414,93.04231473681065,91.30562957233131,92.43782765983356,1167300,2022-05-03
92.62012481689453,92.62012481689453,92.88878245923375,91.52630023287239,91.76617417358553,1197000,2022-05-04
90.9410171508789,90.9410171508789,92.47620907481264,90.18301453710514,92.19795439479145,1697800,2022-05-05
91.85254669189453,91.85254669189453,92.01565923971683,90.51884064215524,90.90264047025751,1206300,2022-05-06
94.3759994506836,94.3759994506836,95.52739138465444,90.83545790714757,91.34398946665756,2072300,2022-05-09
94.03057861328125,94.03057861328125,95.42184445032926,93.33014353121897,94.51032646334902,1304000,2022-05-10
93.72354888916016,93.72354888916016,95.38347982379781,93.5028616368988,94.0401842561722,1285100,2022-05-11
93.73314666748047,93.73314666748047,94.87494168703468,92.77365087134001,94.36641008633974,1514000,2022-05-12
94.4287338256836,94.4287338256836,94.48645663161902,93.10105056810478,93.87072223453114,924600,2022-05-13
94.90016174316406,94.90016174316406,95.28499760831315,93.24537266111652,94.31328870034177,1128900,2022-05-16
93.1876449584961,93.1876449584961,94.79432672050697,92.49494190561798,94.50570534189657,1001400,2022-05-17
86.77054595947266,86.77054595947266,92.80282245526703,86.57812433926917,92.74509963927314,1574100,2022-05-18
84.87522888183594,84.87522888183594,86.20290493170509,83.99972709044947,86.15480503533905,1478000,2022-05-19
85.38513946533203,85.38513946533203,85.49096952117586,83.62452018007662,85.01954939795696,1667800,2022-05-20
86.05858612060547,86.05858612060547,86.63584356827387,85.06763875697919,86.00086331189198,1094100,2022-05-23
87.00141906738281,87.00141906738281,87.07838769290817,85.40435311832628,86.08744049469864,1125900,2022-05-24
86.67431640625,86.67431640625,87.12649795992394,85.73147632168704,86.57810928294626,1051600,2022-05-25
86.40493774414062,86.40493774414062,88.08858817463523,86.30873061613903,87.20347085280721,1473900,2022-05-26
86.90522003173828,86.90522003173828,87.02066564062267,86.10668698300148,86.43379266168432,2103400,2022-05-27
86.64544677734375,86.64544677734375,87.40549545751213,85.3081480720227,86.80900694557839,2875800,2022-05-31
85.01952362060547,85.01952362060547,87.09762510319162,84.69241063623004,86.73203514666099,1436600,2022-06-01
85.6929931640625,85.6929931640625,85.85654600990561,83.83616703265209,85.55830172158781,1469300,2022-06-02
85.37549591064453,85.37549591064453,85.7891931179903,84.59620872430139,85.30815019503626,1276400,2022-06-03
84.82711791992188,84.82711791992188,85.9046568450436,84.47115080993827,85.51982099034774,1066000,2022-06-06
84.67316436767578,84.67316436767578,84.72126424851483,83.28775861319902,83.58600283084779,1106200,2022-06-07
84.15364837646484,84.15364837646484,84.99065834741829,84.09592557574595,84.51923834790513,868400,2022-06-08
82.72013854980469,82.72013854980469,84.9329314385417,82.68165423780944,84.35568143887691,1316600,2022-06-09
82.64319610595703,82.64319610595703,83.56679786603047,81.38285834428517,82.13329165572075,1835100,2022-06-10
81.63298034667969,81.63298034667969,82.55658185292472,81.28662886432127,81.7965331744233,1762500,2022-06-13
78.89104461669922,78.89104461669922,81.53678086908852,78.26568730719879,81.51754238054784,1756900,2022-06-14
78.41000366210938,78.41000366210938,80.60355841835812,77.86161497304718,79.50678104023375,2125700,2022-06-15
79.08346557617188,79.08346557617188,80.14176603907497,77.29398504452398,78.45811555371736,2190000,2022-06-16
79.01611328125,79.01611328125,79.83389217825768,77.98668164939134,79.25663475916214,2592500,2022-06-17
82.65280151367188,82.65280151367188,83.17232142980401,80.50734677058534,81.48867113899719,2060200,2022-06-21
84.26910400390625,84.26910400390625,84.78863129258468,82.36417795221854,82.43152367444723,1747800,2022-06-22
87.23233032226562,87.23233032226562,87.45361331788096,84.35569542006547,84.625078308548,1772000,2022-06-23
88.1366958618164,88.1366958618164,88.81015310142317,87.23233270565869,87.88655145561958,3055500,2022-06-24
88.40606689453125,88.40606689453125,88.67544975422572,87.51132677332753,87.77109405955606,1331100,2022-06-27
87.67489624023438,87.67489624023438,89.18537099596307,87.5402047848293,89.050679540558,930800,2022-06-28
88.85826873779297,88.85826873779297,89.06992884457831,87.25158678557206,87.87693684999444,908400,2022-06-29
89.14688110351562,89.14688110351562,89.88768400095407,88.70431513969939,89.10839678752583,1808400,2022-06-30
90.67659759521484,90.67659759521484,90.7920505475983,89.0891543655744,89.5990587267018,1124100,2022-07-01
91.36929321289062,91.36929321289062,91.60981467240013,89.46436002391711,90.68621314869954,1435300,2022-07-05
91.38853454589844,91.38853454589844,92.62000328251472,91.26346602550645,91.92730762326755,1565100,2022-07-06
91.63867950439453,91.63867950439453,91.82147816930876,90.6573551425098,90.7343164339339,1920000,2022-07-07
91.1191635131836,91.1191635131836,92.14859523205402,90.92674925064344,91.64831374536944,1319700,2022-07-08
91.52322387695312,91.52322387695312,92.51417846392988,90.84976672088396,91.50398538969365,1079500,2022-07-11
91.09991455078125,91.09991455078125,92.6007661784413,90.68621732775537,91.49436594568532,1064000,2022-07-12
92.4083480834961,92.4083480834961,92.84128377645247,90.34948496830661,90.8209049757686,979000,2022-07-13
92.19669342041016,92.19669342041016,92.35062334731028,91.05180885228404,91.11915457157777,1003400,2022-07-14
91.9561767578125,91.9561767578125,92.6103954966721,91.44627237931506,92.44683530685724,1274700,2022-07-15
90.41683197021484,90.41683197021484,91.77336921021103,90.23403330874521,91.47512494371432,1351500,2022-07-18
90.52265930175781,90.52265930175781,91.20574675380267,90.26289933699866,91.0614323999885,1124300,2022-07-19
89.71452331542969,89.71452331542969,91.03258383393302,89.36817175348916,90.71509367879854,984500,2022-07-20
89.65678405761719,89.65678405761719,89.89730552373152,88.23289374856205,89.38740118999037,1435000,2022-07-21
90.49380493164062,90.49380493164062,90.72471085174105,89.82034768168151,89.94541621663576,685300,2022-07-22
90.57077026367188,90.57077026367188,90.63811598620805,89.6567915520904,90.3494946068244,1023400,2022-07-25
90.64773559570312,90.64773559570312,90.77280412152915,88.7524251789774,89.45475112278935,942500,2022-07-26
90.8786392211914,90.8786392211914,91.32119788353572,89.8203461294869,90.28214328144036,1111000,2022-07-27
92.56230163574219,92.56230163574219,92.8797918063804,90.75358243294443,90.78244384115985,938000,2022-07-28
84.63470458984375,84.63470458984375,87.62679256618667,84.25949164594138,86.8282594434679,3720900,2022-07-29
85.24079895019531,85.24079895019531,86.22213055984064,83.93236169742288,84.15364465728628,1931100,2022-08-01
83.75918579101562,83.75918579101562,85.66411886809983,83.56677157076275,85.6160116429706,1240800,2022-08-02
84.23062133789062,84.23062133789062,84.730902763503,82.92218395997185,83.41284247159186,1655000,2022-08-03
83.67261505126953,83.67261505126953,85.04839823373186,83.51867777820343,84.10555078653489,1485000,2022-08-04
83.70147705078125,83.70147705078125,83.8265455809379,82.88370546716233,83.64375424303714,1004000,2022-08-05
84.30758666992188,84.30758666992188,84.43266253741884,83.66299086406222,83.96123515092471,1934300,2022-08-08
84.07669067382812,84.07669067382812,84.62507937231334,83.89389199428862,84.37493496980665,1485600,2022-08-09
84.7501449584961,84.7501449584961,84.8848437398831,84.14403347285331,84.49038499040148,1461600,2022-08-10
84.26910400390625,84.26910400390625,85.17346713680574,84.19214270716861,84.76939280343358,1484500,2022-08-11
84.62904357910156,84.62904357910156,84.95714177255331,83.91495790475025,84.55185050026522,2519200,2022-08-12
84.64834594726562,84.64834594726562,85.15978597687385,84.22375089072786,85.04398531720742,2239900,2022-08-15
85.26593780517578,85.26593780517578,85.70982930649033,84.69659374415447,84.70624564003332,2446600,2022-08-16
85.15977478027344,85.15977478027344,85.32382017155322,84.78343188863712,84.98607749473067,1184900,2022-08-17
85.62299346923828,85.62299346923828,85.64228990081615,84.70625468112486,85.4010440137716,2017000,2022-08-18
85.59403228759766,85.59403228759766,86.47217079398196,85.22734121321989,85.75808507556641,1291300,2022-08-19
85.08259582519531,85.08259582519531,86.0282829212248,84.76414949428577,85.45893881181928,1605600,2022-08-22
83.59650421142578,83.59650421142578,84.54219112534147,83.27806530407904,84.45533879625519,1301600,2022-08-23
83.72196960449219,83.72196960449219,84.14655733351896,83.2491223938582,83.66406558880327,921700,2022-08-24
83.68335723876953,83.68335723876953,83.74125388381773,82.77627053440801,83.42280761157524,1005900,2022-08-25
82.31307983398438,82.31307983398438,83.90529641625689,82.1972791856103,83.52895351183919,925600,2022-08-26
82.33238220214844,82.33238220214844,82.79557746683113,81.63759298624389,81.94638737528602,929900,2022-08-29
81.75338745117188,81.75338745117188,82.54467347330221,81.6954908083111,82.51572515187182,935900,2022-08-30
80.77877044677734,80.77877044677734,82.22624574238563,80.69192546291607,82.12974886179309,1664500,2022-08-31
81.88849639892578,81.88849639892578,81.94639305018093,80.24802747395462,80.69191897880283,2020100,2022-09-01
81.2322998046875,81.2322998046875,82.72802696246977,80.95245374590455,82.25517981371299,1476700,2022-09-02
77.4206314086914,77.4206314086914,80.04538041100473,77.29517883867494,79.01284833429705,2969600,2022-09-06
78.68476104736328,78.68476104736328,78.84880648704642,77.59433226552551,77.75837770520864,1829500,2022-09-07
78.0092544555664,78.0092544555664,78.37595285908654,76.57143125222012,78.04785467500216,1741100,2022-09-08
78.70404815673828,78.70404815673828,79.38918552564797,77.54607095676911,78.0864593351228,1646600,2022-09-09
79.36988067626953,79.36988067626953,79.89097256964925,78.42419375223108,78.74264002522513,1464100,2022-09-12
76.05035400390625,76.05035400390625,79.12865399702453,75.95385711782139,79.10935756470376,1788500,2022-09-13
74.82482147216797,74.82482147216797,76.29159315275695,74.46777492676783,76.00210252010588,1992800,2022-09-14
74.34233093261719,74.34233093261719,75.17221734509414,73.64754162335834,75.03712024187602,1870300,2022-09-15
73.85983276367188,73.85983276367188,74.7186674291137,73.73438756792666,74.4098730253845,1888100,2022-09-16
73.90807342529297,73.90807342529297,73.98527386251016,73.03959427443583,73.82122845510281,1300100,2022-09-19
72.45097351074219,72.45097351074219,73.58965450125858,72.06497858201375,73.24225980162709,1643900,2022-09-20
72.0746078491211,72.0746078491211,73.35803009296774,72.05530405951338,72.65359637929652,1335300,2022-09-21
72.56674194335938,72.56674194335938,73.00098885006031,71.56316578005755,71.78510781843143,1405300,2022-09-22
72.58605194091797,72.58605194091797,72.97204677025468,71.71756541547012,72.3930508451301,1184800,2022-09-23
72.6246566772461,72.6246566772461,73.25189739365203,72.20971349829196,72.80799852684945,1595500,2022-09-26
70.65609741210938,70.65609741210938,73.23260174931242,70.31835463869629,72.64396118897521,1736100,2022-09-27
71.41841888427734,71.41841888427734,71.88160676351761,70.3086865734797,71.16752115504968,1668600,2022-09-28
70.36659240722656,70.36659240722656,71.485976759012,70.0288496673739,71.41842821104147,1269000,2022-09-29
68.93842315673828,68.93842315673828,70.72364114791742,68.8708746066582,70.39554293164288,1719500,2022-09-30
70.34729766845703,70.34729766845703,70.47274287134951,69.1410683098149,69.2858173052999,1372400,2022-10-03
70.78153228759766,70.78153228759766,71.37982465758425,70.0384982946007,70.34729269408815,1317100,2022-10-04
69.970947265625,69.970947265625,70.86838210762393,69.3726549168794,70.86838210762393,2572900,2022-10-05
69.30511474609375,69.30511474609375,70.09640092241004,69.16036574849836,70.08674902597305,1258400,2022-10-06
68.24363708496094,68.24363708496094,69.40161438735565,67.84799029992799,69.3726660591318,1177700,2022-10-07
68.67787170410156,68.67787170410156,68.8033242668726,67.70324370147513,67.95413410253799,788200,2022-10-10
69.39196014404297,69.39196014404297,70.04814179128319,68.72611923909271,68.79366778291092,1576500,2022-10-11
69.36300659179688,69.36300659179688,70.13499628396254,69.34371016250043,69.72970500858327,1449800,2022-10-12
70.54993438720703,70.54993438720703,70.83943234153311,68.42697392961176,68.8033168528924,1174400,2022-10-13
69.96128845214844,69.96128845214844,70.97452385048864,69.62354577344777,70.8876715261152,1465600,2022-10-14
71.38948822021484,71.38948822021484,71.843024316833,70.40520084944934,70.40520084944934,1509000,2022-10-17
71.25437927246094,71.25437927246094,73.23259842473759,71.02278529009722,72.17111802981059,1105900,2022-10-18
71.04207611083984,71.04207611083984,72.39304689647149,70.72362984183869,71.43771545170665,1512500,2022-10-19
69.68145751953125,69.68145751953125,71.38948243414998,69.6139089691488,70.98418376961548,1451100,2022-10-20
70.62712860107422,70.62712860107422,70.77187020324672,68.71645846777751,69.3340471778407,1306200,2022-10-21
71.57281494140625,71.57281494140625,71.88160932598734,70.559586818049,71.06137493215371,1272600,2022-10-24
72.97205352783203,72.97205352783203,73.13609895276389,70.86838924348807,71.56317852818731,1723900,2022-10-25
73.87911987304688,73.87911987304688,74.3133667799802,73.05888553182398,73.26153114349752,1751300,2022-10-26
73.83088684082031,73.83088684082031,75.42311102776304,73.79228661881837,74.16862958053797,2362300,2022-10-27
73.69578552246094,73.69578552246094,74.70901368356,71.95881244309234,74.13967700669089,3341500,2022-10-28
71.53421020507812,71.53421020507812,74.27476663710559,70.69467943621098,73.71507454970188,4854500,2022-10-31
71.0613784790039,71.0613784790039,72.95274509924577,70.90698496012664,71.92021313405661,2328500,2022-11-01
69.9323501586914,69.9323501586914,71.88161344257203,69.55600721100039,70.97453402717694,2147200,2022-11-02
68.97701263427734,68.97701263427734,69.6524980298467,67.99272550103213,68.96736073941531,2277300,2022-11-03
68.89981842041016,68.89981842041016,69.7779495139315,67.83833811914991,69.42091035642649,2215300,2022-11-04
70.30868530273438,70.30868530273438,70.43413048396164,69.23755322827262,69.72969678302927,1302400,2022-11-07
70.32798767089844,70.32798767089844,71.00348046948383,69.73934720683704,70.23149080316884,1243200,2022-11-08
69.99024963378906,69.99024963378906,70.9359366701621,69.8262042114532,70.36659259667232,1205000,2022-11-09
72.31586456298828,72.31586456298828,72.47025809188453,70.42449782001108,71.4473779559478,1750000,2022-11-10
71.86231231689453,71.86231231689453,72.49919750896406,70.64643121645787,72.29655188593108,2015300,2022-11-11
72.1266860961914,72.1266860961914,73.98601878946644,72.10731389136673,72.16541572917802,1422100,2022-11-14
73.12415313720703,73.12415313720703,73.31783088924644,71.98143666817619,72.85300132901881,1754900,2022-11-15
72.92079162597656,72.92079162597656,74.39276179847501,72.88205459665649,73.5599341389256,1275400,2022-11-16
72.85298919677734,72.85298919677734,72.90140493255818,71.894264535341,72.51404210465444,1624500,2022-11-17
74.00538635253906,74.00538635253906,74.11191131803416,73.46308281062338,73.53087075336285,1499400,2022-11-18
75.14810180664062,75.14810180664062,75.69041273069593,73.83107260131305,74.1700123111404,1309500,2022-11-21
75.62261962890625,75.62261962890625,75.78725382567242,74.98347721273015,75.36115395600052,1274500,2022-11-22
76.08745574951172,76.08745574951172,76.19398071584814,75.63230496395276,75.95187986296203,1066500,2022-11-23
76.39734649658203,76.39734649658203,76.44576962372848,75.70978094342739,76.44576962372848,495700,2022-11-25
76.9783935546875,76.9783935546875,77.16239258732035,76.23272609691078,76.3295649710161,1542900,2022-11-28
76.9783935546875,76.9783935546875,77.82090727490204,76.31020015152804,76.7072417518596,1480200,2022-11-29
79.28318786621094,79.28318786621094,79.31223878565592,76.56196932767115,76.84280719619177,2362800,2022-11-30
79.6415023803711,79.6415023803711,80.94884563770329,79.14762191119317,79.7770782803414,1584100,2022-12-01
80.44526672363281,80.44526672363281,80.80357862620433,79.18633940180317,79.35097358793843,2056100,2022-12-02
77.84996795654297,77.84996795654297,79.51562339793603,77.77249389221458,79.34131044736388,1424300,2022-12-05
77.89836120605469,77.89836120605469,78.47940168891907,77.50131231996016,78.22761477062328,1396000,2022-12-06
78.15015411376953,78.15015411376953,78.65372803656292,77.2495386252466,78.08236616897025,1217500,2022-12-07
78.5859375,78.5859375,78.62467452265517,77.7337377782496,77.7337377782496,1189400,2022-12-08
77.50133514404297,77.50133514404297,78.60531460310555,77.31733610475494,78.1211128267331,1750700,2022-12-09
78.62467956542969,78.62467956542969,78.81835730279586,77.06554939813608,77.7724797890215,1077200,2022-12-12
79.3993911743164,79.3993911743164,80.05790576921878,78.57624977777131,79.54465315919647,2069600,2022-12-13
79.6124496459961,79.6124496459961,80.2709643115837,79.24445898135359,79.24445898135359,1554700,2022-12-14
79.01203155517578,79.01203155517578,79.35097866311477,77.87900132606087,78.96361581713576,1884500,2022-12-15
77.57879638671875,77.57879638671875,78.9539274312676,77.3366955385236,78.61498772146071,2526600,2022-12-16
77.36575317382812,77.36575317382812,78.4019445985156,76.8815514354072,77.51101517302084,1304600,2022-12-19
77.29795837402344,77.29795837402344,77.82089709176279,76.42639384445783,77.17206859299289,994900,2022-12-20
78.43099212646484,78.43099212646484,78.59562632553562,77.29796188079327,77.48196089769667,814800,2022-12-21
79.25413513183594,79.25413513183594,79.32193046641713,77.97584286804285,78.25668075631287,1136200,2022-12-22
79.46719360351562,79.46719360351562,79.59309079458593,78.6731029815059,79.15730476049556,538700,2022-12-23
79.32192993164062,79.32192993164062,79.8448612915619,79.1379309123482,79.53497248389316,809400,2022-12-27
78.36320495605469,78.36320495605469,79.83518232916647,78.35352624120864,79.42844726734256,686800,2022-12-28
79.00234985351562,79.00234985351562,79.29286643576674,78.45036022007389,78.48909724204033,587000,2022-12-29
78.06299591064453,78.06299591064453,78.92487431516696,77.44321834757967,78.92487431516696,917800,2022-12-30
79.4284439086914,79.4284439086914,79.49623185140698,77.80152589518623,78.19857483704284,1566400,2023-01-03
80.17411804199219,80.17411804199219,80.445269810741,79.16697762354545,79.48655251742724,1562200,2023-01-04
79.38972473144531,79.38972473144531,80.15475701929127,79.03141276513406,79.83518946915702,915300,2023-01-05
80.94883728027344,80.94883728027344,81.34588622371697,79.9417042382831,80.18380509013939,902700,2023-01-06
79.65118408203125,79.65118408203125,81.09410315958677,79.61244705727601,80.69706158542661,1626100,2023-01-09
78.72152709960938,78.72152709960938,80.10634450037831,78.47942620708567,79.73834641520922,1018000,2023-01-10
79.13793182373047,79.13793182373047,79.38003268839518,78.3147903615369,79.10888090210383,1054200,2023-01-11
78.81835174560547,78.81835174560547,79.37034138534561,78.34383615068221,79.26381642080527,1155500,2023-01-12
79.32192993164062,79.32192993164062,79.40908269551684,78.56656903638685,78.64404308538704,778200,2023-01-13
82.04315185546875,82.04315185546875,83.32144427580893,81.80105096231088,82.25620182358094,2686600,2023-01-17
79.46719360351562,79.46719360351562,81.99472748090825,79.45751488753545,81.71388956249432,1381000,2023-01-18
78.0049057006836,78.0049057006836,79.07983418805483,77.99521959684867,78.63436207163748,1283000,2023-01-19
80.5711669921875,80.5711669921875,80.6292762253502,77.03650018279983,77.88869258975284,1506500,2023-01-20
80.78421783447266,80.78421783447266,81.14252978766523,80.07728742010946,80.67769285888384,1009900,2023-01-23
80.10633087158203,80.10633087158203,81.30714902546663,79.67054490618155,80.77453158553045,1090300,2023-01-24
79.52529907226562,79.52529907226562,79.79645087351639,78.07269380413729,79.24446116716092,1134300,2023-01-25
78.72152709960938,78.72152709960938,79.63182881976505,78.28574106006695,79.32193997286802,845000,2023-01-26
77.0364990234375,77.0364990234375,78.51815515097374,76.14556221556269,78.1888941291145,2374100,2023-01-27
78.04362487792969,78.04362487792969,78.40193678846734,76.92028079862837,77.20111866553657,1599200,2023-01-30
78.30509185791016,78.30509185791016,78.49876956363852,77.61752639774436,78.22761782028647,2090800,2023-01-31
78.82804870605469,78.82804870605469,79.12825143565559,77.54007023981117,78.17922011508963,2051800,2023-02-01
77.28826904296875,77.28826904296875,78.39224827152695,76.8331182860782,78.21793537289507,1810000,2023-02-02
80.28064727783203,80.28064727783203,81.73325244912574,76.89123521148005,76.89123521148005,2290300,2023-02-03
80.6583251953125,80.6583251953125,82.16903223099331,79.86423465241207,81.83977860048117,2026800,2023-02-06
80.31938171386719,80.31938171386719,80.69705845516555,79.50591900222568,80.10633178014366,1590200,2023-02-07
80.60990142822266,80.60990142822266,81.24905125415098,79.79644607340335,80.01917473031872,1313300,2023-02-08
79.3993911743164,79.3993911743164,81.45240900273708,79.35097543824402,81.02630915064394,1256300,2023-02-09
80.27095031738281,80.27095031738281,80.59052518504224,79.20570814684905,79.48654599524694,1290700,2023-02-10
80.75515747070312,80.75515747070312,81.05536015499382,79.61244118388929,79.61244118388929,1529800,2023-02-13
80.43744659423828,80.43744659423828,81.46732334344141,79.93221872333234,81.46732334344141,692000,2023-02-14
81.08841705322266,81.08841705322266,81.34103102265304,79.92251896948112,80.3403004751317,841200,2023-02-15
80.43744659423828,80.43744659423828,80.66090678080964,79.59216577902926,80.34028966909429,1439500,2023-02-16
81.3993148803711,81.3993148803711,81.40903279691875,79.89336396981486,80.52488770604252,1816400,2023-02-17
81.60335540771484,81.60335540771484,81.93369789239269,80.87466725302463,81.06898854183488,1341000,2023-02-21
81.6908187866211,81.6908187866211,82.67211370142381,81.46735111128338,82.01144342021838,1421400,2023-02-22
81.63248443603516,81.63248443603516,81.9433910195982,80.88436801741703,81.5450454340632,1233500,2023-02-23
81.19529724121094,81.19529724121094,81.5353502535839,80.75808728424566,81.16615089909321,1445400,2023-02-24
81.49647521972656,81.49647521972656,81.87539244236508,81.20500442448086,81.47704679841634,1071800,2023-02-27
81.3993148803711,81.3993148803711,81.61306456882902,80.82608381823252,80.92324074591382,1439100,2023-02-28
80.76779174804688,80.76779174804688,81.15642690994399,80.06825735175109,81.09813423006914,1320100,2023-03-01
82.07942962646484,82.07942962646484,82.15715072240216,80.8455136444029,80.8455136444029,1046900,2023-03-02
81.82682800292969,81.82682800292969,82.38063073760168,81.47705707444214,82.26403795723927,1179500,2023-03-03
81.22444915771484,81.22444915771484,82.00171959299641,81.09814586233668,81.61308437535563,1496600,2023-03-06
81.29244995117188,81.29244995117188,81.74909572082817,80.71921881911778,81.20501092937353,1578800,2023-03-07
81.27301788330078,81.27301788330078,81.31188213989014,80.4666012374193,81.29244630529597,1393400,2023-03-08
81.25358581542969,81.25358581542969,82.17659527386778,80.88438647961407,81.68108524513151,1073600,2023-03-09
81.49647521972656,81.49647521972656,81.86568193800935,81.05926532055864,81.50619313668103,1727200,2023-03-10
82.01142883300781,82.01142883300781,83.35221240874928,81.63250416177274,81.6810863385617,1406200,2023-03-13
82.3611831665039,82.3611831665039,82.65266136958057,81.61306665041847,82.13772296839728,1014400,2023-03-14
83.7408447265625,83.7408447265625,83.9740228594706,82.06000079587697,82.27375050629239,1440700,2023-03-15
83.51737976074219,83.51737976074219,84.10032881789368,82.87613802165536,83.99345395927931,1276600,2023-03-16
83.0315933227539,83.0315933227539,84.04204188346596,82.61381177758065,83.67284251829422,2425400,2023-03-17
83.2842025756836,83.2842025756836,83.98374441732902,82.9052853135589,83.63397349650631,1424600,2023-03-20
82.13773345947266,82.13773345947266,83.44937071564976,81.59364865100797,83.12874613383326,1481200,2023-03-21
81.83653259277344,81.83653259277344,83.10930540089046,81.76852200178853,82.13772129390685,1502400,2023-03-22
81.92399597167969,81.92399597167969,82.98302681783926,81.7102462185502,81.77825682976406,1025800,2023-03-23
83.53681945800781,83.53681945800781,83.76999760912737,82.34176753489552,82.45836031675519,829200,2023-03-24
83.61454010009766,83.61454010009766,84.34322830430516,83.42022621068222,83.96431103112523,906200,2023-03-27
83.94488525390625,83.94488525390625,84.28493827740459,83.6242606549221,83.84772830613528,908600,2023-03-28
84.27522277832031,84.27522277832031,84.36266922264468,83.84773071333514,83.98375192663954,908300,2023-03-29
84.37236022949219,84.37236022949219,84.38207814608235,83.57566155886367,84.0906073617637,880400,2023-03-30
85.89775848388672,85.89775848388672,86.08235443230164,84.41122850392135,84.43066433802744,1362800,2023-03-31
86.3447036743164,86.3447036743164,86.58759976131365,85.3828298327351,85.51885104844553,1363200,2023-04-03
86.30582427978516,86.30582427978516,87.29683687944588,86.16980308792189,86.65559517674752,947300,2023-04-04
87.16082763671875,87.16082763671875,87.91866221316468,86.60702487603903,86.72361766187687,1671800,2023-04-05
88.03524017333984,88.03524017333984,88.09353285014191,87.16081295831485,87.53001226572594,1264700,2023-04-06
87.96723937988281,87.96723937988281,88.11297850072343,87.03451938414233,87.68547905628418,1070500,2023-04-10
88.01580810546875,88.01580810546875,88.39473275869246,87.87007640722783,88.0546723625327,705700,2023-04-11
87.20939636230469,87.20939636230469,88.17126260611646,87.16081418921769,87.63688835255498,1110600,2023-04-12
87.11225128173828,87.11225128173828,87.57860759139359,86.45157366589333,87.24827248977107,1269200,2023-04-13
86.02405548095703,86.02405548095703,86.91791105707382,85.88803430253049,86.59728653109771,1102600,2023-04-14
87.39401245117188,87.39401245117188,87.47174098098309,85.97550013881992,86.41271755955755,997200,2023-04-17
86.859619140625,86.859619140625,87.37455752238102,86.4904124423106,87.06365091004163,887600,2023-04-18
86.97620391845703,86.97620391845703,87.04421450781771,86.29609802485024,86.91791124546168,909800,2023-04-19
87.67575073242188,87.67575073242188,88.14211438124164,86.76246668123953,87.58831171785495,1020700,2023-04-20
89.0068359375,89.0068359375,89.0165538557683,88.20041921102569,88.41416893732969,1514400,2023-04-21
89.2497329711914,89.2497329711914,89.8132536352507,88.4335983176228,88.59877327957109,1318700,2023-04-24
89.85211944580078,89.85211944580078,90.64881827636307,89.06513112117952,89.73552666110875,1159700,2023-04-25
89.38574981689453,89.38574981689453,89.92983461766119,88.68620798013771,89.01655047531708,1446900,2023-04-26
94.53515625,94.53515625,95.4290120354381,91.24148603482698,91.26091445946693,2442700,2023-04-27
94.36026763916016,94.36026763916016,95.33185191604055,94.1853821728177,94.95293464106518,2458500,2023-04-28
93.91333770751953,93.91333770751953,94.48656886029511,93.20407793936373,94.02020515604751,2666900,2023-05-01
94.26309204101562,94.26309204101562,94.41854906482695,93.21378678068474,93.96190332312979,1834400,2023-05-02
94.66146087646484,94.66146087646484,95.53588824959314,94.24367932111466,94.38941845206939,1810500,2023-05-03
94.88490295410156,94.88490295410156,95.20552006065292,93.93274731279048,94.7391638624338,1591400,2023-05-04
94.75860595703125,94.75860595703125,95.39013717033116,94.350542371551,94.36026028909079,1114700,2023-05-05
93.86476135253906,93.86476135253906,94.62259593292853,93.7384580600075,94.33111767311716,1402300,2023-05-08
93.21378326416016,93.21378326416016,94.1950778927036,93.16520109290217,94.1950778927036,1970500,2023-05-09
93.47611999511719,93.47611999511719,93.75788031770827,93.00004578716656,93.07777430635021,1517500,2023-05-10
93.64128112792969,93.64128112792969,94.03963420202362,93.25265338381735,93.6995812196258,1454700,2023-05-11
94.3749771118164,94.3749771118164,94.41395177074224,93.59549880061188,93.59549880061188,1162200,2023-05-12
93.65396118164062,93.65396118164062,94.97906980346077,93.4493498047846,94.75496738100561,1199900,2023-05-15
93.21549987792969,93.21549987792969,93.51755160904867,92.66986955124614,93.51755160904867,1725500,2023-05-16
92.35807037353516,92.35807037353516,93.42984730678145,91.88064388605957,93.30318526053627,1612300,2023-05-17
92.11448669433594,92.11448669433594,92.23141065558268,91.10116799782949,91.83192602989763,1665800,2023-05-18
92.59192657470703,92.59192657470703,92.77705434835418,92.05604173394052,92.3970607114567,1817900,2023-05-19
92.35807037353516,92.35807037353516,93.18626130224116,92.16319710970997,92.28012106800509,1652300,2023-05-22
91.5103988647461,91.5103988647461,92.28987714186107,91.33501662407801,91.86116334608225,1494100,2023-05-23
91.27654266357422,91.27654266357422,91.77346016565052,91.0134730646247,91.43243383200425,1059000,2023-05-24
91.09142303466797,91.09142303466797,91.45193300881522,90.56527635631329,91.10116855657876,1421400,2023-05-25
91.55913543701172,91.55913543701172,91.86117979248391,90.77965702034253,90.8770899640119,1774300,2023-05-26
89.3668441772461,89.3668441772461,91.28630328950592,89.31812399761947,90.7309274365787,1218100,2023-05-30
90.0781021118164,90.0781021118164,90.24374624559643,89.10375808709733,89.57144648977066,7182600,2023-05-31
90.37041473388672,90.37041473388672,90.80886660279917,89.68837684143278,90.29246542227612,1314700,2023-06-01
91.40321350097656,91.40321350097656,91.41295902295857,89.71760244719454,89.78580623375818,1084800,2023-06-02
92.2216567993164,92.2216567993164,92.43601365873566,91.38372040357996,91.38372040357996,869100,2023-06-05
90.51657104492188,90.51657104492188,92.7478199917319,90.06837363774886,92.4944884368408,950500,2023-06-06
90.1365737915039,90.1365737915039,90.39964342483259,89.454528468733,90.02939534697785,1202300,2023-06-07
91.44219207763672,91.44219207763672,91.52988691192601,90.37041505695382,90.55554281427692,945200,2023-06-08
91.68577575683594,91.68577575683594,91.90013264222063,91.06219614498339,91.13039993272803,1105000,2023-06-09
91.77347564697266,91.77347564697266,92.11449460449111,91.0232265067763,92.04629081298742,1046400,2023-06-12
92.51396179199219,92.51396179199219,92.53345283525296,91.13039506667553,91.26680263488113,1548800,2023-06-13
92.92320251464844,92.92320251464844,93.19601768213454,92.32885199962983,92.62115077894101,902100,2023-06-14
93.38111877441406,93.38111877441406,93.63445027788512,92.82574303111683,93.42983894442344,1183700,2023-06-15
93.69292449951172,93.69292449951172,94.49188629829399,93.53702588821034,93.57600054103568,1903300,2023-06-16
92.0073013305664,92.0073013305664,94.15085508984932,91.98781772198582,93.8195817083975,1281500,2023-06-20
93.87804412841797,93.87804412841797,94.11188461002143,92.24114588988391,92.86472546326308,1570000,2023-06-21
95.0472640991211,95.0472640991211,95.3200792410042,94.39444794258073,94.43342259622904,1787700,2023-06-22
94.62828826904297,94.62828826904297,95.4564791500426,94.39444036592312,95.23237676796636,5221400,2023-06-23
94.92060089111328,94.92060089111328,95.14470330599168,93.46883025660547,94.5211236737069,2235900,2023-06-26
96.2457046508789,96.2457046508789,96.27493378317061,94.69650117017717,94.77444304506996,1389900,2023-06-27
95.94365692138672,95.94365692138672,96.35287962606185,95.10572046877292,95.73904556904915,2181500,2023-06-28
96.43084716796875,96.43084716796875,96.56725476199001,95.21291691159581,95.68059796719547,1454100,2023-06-29
97.65850830078125,97.65850830078125,97.81439948471478,96.62569854339374,96.62569854339374,1457400,2023-06-30
97.6292724609375,97.6292724609375,97.91183313217749,97.0641585521128,97.6292724609375,1187800,2023-07-03
97.35645294189453,97.35645294189453,97.80465030019568,96.99595041111695,97.43440224776994,1065900,2023-07-05
97.65850830078125,97.65850830078125,97.94106153626424,96.67441871980404,96.90825921253196,1315500,2023-07-06
96.43084716796875,96.43084716796875,97.47339517007774,96.1288028431583,97.42467498636027,1517300,2023-07-07
95.76827239990234,95.76827239990234,97.28824665713105,95.56366105247962,96.72312535454175,909200,2023-07-10
95.29086303710938,95.29086303710938,95.9923845969878,94.61856317936278,95.75854407702832,1061800,2023-07-11
95.72931671142578,95.72931671142578,95.94367362270914,94.94010029593365,95.19342443321739,770300,2023-07-12
95.50520324707031,95.50520324707031,95.92417149792283,94.94982742000118,95.436999458962,728500,2023-07-13
96.28466796875,96.28466796875,96.40159191780558,95.11545821281166,95.52468088402465,693100,2023-07-14
95.86570739746094,95.86570739746094,96.4210831907289,95.48571382489101,96.19698822929276,700500,2023-07-17
95.66110229492188,95.66110229492188,96.71339568785416,95.32008335285737,95.85596813791433,1011400,2023-07-18
95.748779296875,95.748779296875,96.03133994208977,94.85238462259993,95.82672859906968,1716700,2023-07-19
94.74522399902344,94.74522399902344,95.53444782319337,93.56626845793443,95.46624402936693,1767100,2023-07-20
95.61238861083984,95.61238861083984,96.11905173087881,94.80368861720859,94.80368861720859,1306900,2023-07-21
95.56366729736328,95.56366729736328,95.81699140101908,95.14469905374145,95.55392177532875,976100,2023-07-24
95.45648956298828,95.45648956298828,95.84622867704854,94.6965023790812,95.84622867704854,1261700,2023-07-25
95.39803314208984,95.39803314208984,95.81699396325985,94.80368265422918,95.41751675302466,1268200,2023-07-26
93.48831176757812,93.48831176757812,95.70982252054665,93.38113332378184,95.36879614465553,2559000,2023-07-27
94.65753173828125,94.65753173828125,95.87546187533155,93.48831434651957,94.53086224648841,1787700,2023-07-28
93.21549987792969,93.21549987792969,94.99855139589931,92.26064680623347,94.87188933682083,3309000,2023-07-31
93.89753723144531,93.89753723144531,94.18009789334016,93.34216142941891,93.34216142941891,1177100,2023-08-01
94.29701232910156,94.29701232910156,95.05699946937601,93.45907588375927,94.07291736910007,1418600,2023-08-02
92.66986846923828,92.66986846923828,94.72573512654552,92.66012294675967,94.62830220272616,1576400,2023-08-03
92.20216369628906,92.20216369628906,92.90369251737755,91.95857771305857,92.49446984962735,1142800,2023-08-04
93.2252426147461,93.2252426147461,93.33242105909272,92.22166939373253,92.22166939373253,906800,2023-08-07
93.04986572265625,93.04986572265625,93.6831909027877,92.7965341638725,93.6831909027877,1392500,2023-08-08
93.58575439453125,93.58575439453125,94.26779229555885,93.00114198375834,93.059607685029,1095700,2023-08-09
93.09858703613281,93.09858703613281,94.68676533356091,92.86473908656885,93.91703255863878,1338800,2023-08-10
93.52729797363281,93.52729797363281,93.95601180176449,93.02064225883238,93.37140676663897,1172400,2023-08-11
92.9830322265625,92.9830322265625,94.22397520938512,92.78760314530805,93.74518700631182,996300,2023-08-14
92.03523254394531,92.03523254394531,92.90487155729197,91.88866257942281,92.78761409470235,766500,2023-08-15
91.46849060058594,91.46849060058594,92.32835621299895,91.22420983463093,91.91796631536029,1099100,2023-08-16
90.06143188476562,90.06143188476562,91.77139726319007,90.02234606724733,91.65414726549257,1251100,2023-08-17
90.96038055419922,90.96038055419922,91.04832550465264,89.28950104415615,89.72921088670888,1312200,2023-08-18
90.33502197265625,90.33502197265625,90.91152844218591,89.82692127251876,90.59884936790348,928100,2023-08-21
90.58906555175781,90.58906555175781,91.04831451963761,89.77805173421928,90.12005072211704,913400,2023-08-22
90.37411499023438,90.37411499023438,91.34147224341494,89.88555343180863,90.88222318571749,773400,2023-08-23
90.71610260009766,90.71610260009766,91.62482735699444,90.26662688069867,90.37411101521337,773000,2023-08-24
91.16559600830078,91.16559600830078,91.40987680419134,90.75519860551235,91.10696354798343,701400,2023-08-25
92.27951049804688,92.27951049804688,92.68012710358477,91.81048811695648,92.4456196404685,957900,2023-08-28
93.25662231445312,93.25662231445312,93.36410644177398,91.69321953700683,92.25995267108826,1004500,2023-08-29
93.81358337402344,93.81358337402344,93.9699191809252,93.1979910994195,93.1979910994195,964400,2023-08-30
94.55619812011719,94.55619812011719,94.82979884734243,93.64747334840591,93.90152743911486,2718900,2023-08-31
94.057861328125,94.057861328125,95.09360931443048,93.8331197597543,94.69299276410464,1481100,2023-09-01
92.9927978515625,92.9927978515625,94.1067175198627,92.6117204626628,93.75495262936188,1144100,2023-09-05
91.9668197631836,91.9668197631836,93.5888400722919,91.77139068959067,93.09050525320107,1511700,2023-09-06
94.31192016601562,94.31192016601562,94.97636418513186,92.4749313860391,92.4749313860391,1629000,2023-09-07
93.48136138916016,93.48136138916016,94.58551521840106,93.2761664410813,94.04809455329642,971800,2023-09-08
94.11649322509766,94.11649322509766,94.71253889051872,93.62793169310382,94.71253889051872,778800,2023-09-11
93.11982727050781,93.11982727050781,94.39985604778693,92.84622656141006,94.27283273827719,747300,2023-09-12
93.51067352294922,93.51067352294922,93.6572434723923,92.77783123059113,93.13936944523641,1134800,2023-09-13
93.41297149658203,93.41297149658203,93.65725228368338,92.76807409516064,93.50091645646468,1242100,2023-09-14
93.04165649414062,93.04165649414062,94.33145860088018,92.88531323036268,93.38364806508348,2241300,2023-09-15
92.97325897216797,92.97325897216797,93.45204717556767,92.70943157600892,93.45204717556767,852500,2023-09-18
92.67034912109375,92.67034912109375,93.48136306484119,91.78117099681324,92.78760657417955,989100,2023-09-19
92.93418884277344,92.93418884277344,93.50092209217397,92.6215097146315,93.01236048852354,841100,2023-09-20
92.84623718261719,92.84623718261719,93.40319707242298,92.6215030358639,92.92440882273047,1133800,2023-09-21
92.5237808227539,92.5237808227539,93.28593558288645,92.29903924881013,92.70942912659581,837700,2023-09-22
91.6932144165039,91.6932144165039,92.56286070395106,91.37076950740484,92.4358299488347,685500,2023-09-25
90.95061492919922,90.95061492919922,91.76162884670862,90.91152911276846,91.76162884670862,1047300,2023-09-26
89.86601257324219,89.86601257324219,91.29261140265056,89.5044743430025,90.94084649075725,1099500,2023-09-27
89.78784942626953,89.78784942626953,90.26663770250809,89.46539698406754,90.16892687437795,1503100,2023-09-28
89.53378295898438,89.53378295898438,90.42296851848893,89.23087719710614,90.16891443650802,1158500,2023-09-29
89.5533218383789,89.5533218383789,89.88554007039271,89.09407284894847,89.37743940529612,1191300,2023-10-02
88.88888549804688,88.88888549804688,90.01257850216619,88.67391723318926,89.45561865906112,1174600,2023-10-03
89.94417572021484,89.94417572021484,89.99302739762022,88.44917125835713,89.03545102607713,1380500,2023-10-04
88.16581726074219,88.16581726074219,89.81715016802372,88.06809899054953,89.47515858692147,1503900,2023-10-05
84.0228042602539,84.0228042602539,88.05832700107557,83.76875764902796,88.00946786937843,4247000,2023-10-06
84.65792846679688,84.65792846679688,84.91198251117909,83.19224409935946,83.95439877764993,2178400,2023-10-09
86.13339233398438,86.13339233398438,86.44607138995646,84.84359029624244,85.32237846994978,1989600,2023-10-10
85.64483642578125,85.64483642578125,86.30928039489021,84.72633837749196,86.0845388142966,1687600,2023-10-11
84.12052154541016,84.12052154541016,85.6839244218061,83.78830327983334,85.6350652863472,1577900,2023-10-12
85.69368743896484,85.69368743896484,85.71323407444218,84.17915120318578,84.32572114983722,1341700,2023-10-13
86.90531158447266,86.90531158447266,87.62838043040735,85.67413466474693,86.2799535358498,1420800,2023-10-16
87.08121490478516,87.08121490478516,87.29617572852855,86.10409178740369,86.700137485395,1102600,2023-10-17
88.18535614013672,88.18535614013672,88.76185516704265,87.34502971238506,87.60885711323077,1443500,2023-10-18
87.55022430419922,87.55022430419922,88.70322980817812,87.12029522897232,88.46872236215825,1082000,2023-10-19
88.0583267211914,88.0583267211914,88.48825576836099,87.3645702914668,87.84335847017822,1759600,2023-10-20
88.9670639038086,88.9670639038086,89.61196129261398,88.0681049591697,88.56643984246787,2175000,2023-10-23
89.48492431640625,89.48492431640625,90.03211079976731,88.81070707451015,88.9475036953504,1850700,2023-10-24
90.12983703613281,90.12983703613281,90.61839860987249,88.95729224110082,89.2699713500999,1729600,2023-10-25
90.11027526855469,90.11027526855469,90.99945323337582,89.70965130016661,90.09072863578369,1509600,2023-10-26
88.0485610961914,88.0485610961914,90.42297047234065,87.81405364498804,89.6803548461963,1274500,2023-10-27
88.68370056152344,88.68370056152344,89.03546549738651,87.6772648941378,88.65438805934454,1215000,2023-10-30
88.85958099365234,88.85958099365234,89.22111178538684,88.29284778165054,89.04522932148483,1842900,2023-10-31
88.20489501953125,88.20489501953125,89.2797363454381,87.97038757335945,89.2797363454381,1852600,2023-11-01
89.85623168945312,89.85623168945312,89.86600500697664,88.4296329801572,88.8009370426237,2378400,2023-11-02
84.81429290771484,84.81429290771484,84.87291791150987,80.36837956675939,83.34860817397455,4526200,2023-11-03
84.8924560546875,84.8924560546875,85.6839308705164,84.25733197506578,84.82405773281172,2165500,2023-11-06
86.68057250976562,86.68057250976562,86.87600156481066,84.43319428816912,84.68724087744339,2443400,2023-11-07
86.59263610839844,86.59263610839844,87.37432997377987,86.34835537768119,86.94440095701978,2049300,2023-11-08
87.59908294677734,87.59908294677734,87.82381707361708,86.43630413141366,86.85646734121974,1848300,2023-11-09
87.66748046875,87.66748046875,87.8726754128648,87.0616614993226,87.72610546568075,1372600,2023-11-10
88.84980010986328,88.84980010986328,89.07454169371417,87.01281144151758,87.46228715436204,1580500,2023-11-13
89.95040893554688,89.95040893554688,90.18562255808831,88.94094268327922,89.2937668557445,1736100,2023-11-14
89.822998046875,89.822998046875,90.82266149425752,89.68578948502457,89.99941012315496,1726900,2023-11-15
91.02847290039062,91.02847290039062,91.30289749706624,89.81319388147858,89.82299662925772,1539600,2023-11-16
90.55805206298828,90.55805206298828,91.22449689006666,90.18562239422593,91.22449689006666,1773600,2023-11-17
89.62699127197266,89.62699127197266,90.37184318125331,89.38197488525068,90.20523383283599,1709100,2023-11-20
90.96968078613281,90.96968078613281,91.49891706141025,89.47998449362727,89.98961527131677,1295500,2023-11-21
92.22415924072266,92.22415924072266,92.2535600084566,91.38130233825423,91.38130233825423,1270300,2023-11-22
92.93961334228516,92.93961334228516,92.94940861364383,91.56752014412616,92.14575520115599,695700,2023-11-24
93.35122680664062,93.35122680664062,93.3806275714707,92.48877196996827,92.586777011837,1231800,2023-11-27
93.2042236328125,93.2042236328125,93.98827899074458,92.98860803551587,93.57665329261796,1837600,2023-11-28
92.77301788330078,92.77301788330078,93.54726316564513,92.61620379042104,93.30224675350117,1602300,2023-11-29
94.70372009277344,94.70372009277344,94.75272635534257,91.82233280450964,92.59658539380577,3966400,2023-11-30
93.4688491821289,93.4688491821289,94.94874269959396,93.1748265419761,94.61552401957339,1490500,2023-12-01
93.2042236328125,93.2042236328125,94.0274825063718,92.53777882176205,92.79259793468587,1308600,2023-12-04
91.6263198852539,91.6263198852539,93.02781382462668,91.30290395871114,92.96901228840186,1337600,2023-12-05
91.66552734375,91.66552734375,92.25356516320446,91.06768677540111,91.27349963834484,1630300,2023-12-06
92.27316284179688,92.27316284179688,92.44957492041476,91.12648806943353,91.74392660594319,915100,2023-12-07
91.08728790283203,91.08728790283203,92.03795261270211,90.71485823577832,92.03795261270211,963100,2023-12-08
91.49890899658203,91.49890899658203,91.69491909134607,90.78345794381222,91.42050196775409,971900,2023-12-11
92.57699584960938,92.57699584960938,92.57699584960938,91.41071539071828,91.7733423552182,1049100,2023-12-12
93.07682037353516,93.07682037353516,93.22383169185179,89.68579469028127,91.44011280696549,1620400,2023-12-13
89.53877258300781,89.53877258300781,92.88079159835816,89.47997105368894,92.72398502773939,2178900,2023-12-14
89.6760025024414,89.6760025024414,89.9112161530641,88.46072325069913,88.88215175827283,2904600,2023-12-15
91.0774917602539,91.0774917602539,91.19510231795476,89.61719618600858,90.46005315626456,951000,2023-12-18
90.87167358398438,90.87167358398438,91.50871764903094,90.49924391167386,90.98927665750871,1257100,2023-12-19
89.59758758544922,89.59758758544922,91.27349871879818,89.56818681636868,90.58745584923071,1153200,2023-12-20
89.96021270751953,89.96021270751953,90.39144391817354,88.88214215819087,90.03861974169413,1166900,2023-12-21
90.06802368164062,90.06802368164062,90.72466579203525,89.64659520474578,90.18562675973722,813700,2023-12-22
90.44043731689453,90.44043731689453,90.73445993887431,89.75439450201623,90.16602019094321,778600,2023-12-26
91.12649536132812,91.12649536132812,91.14609338171793,89.99941851759827,90.29343368728442,828900,2023-12-27
92.11636352539062,92.11636352539062,92.30257838187629,90.9500905475416,91.2245077188002,1046600,2023-12-28
92.67498779296875,92.67498779296875,92.75339482456596,92.09675275887805,92.12615352640049,1196600,2023-12-29
92.6847915649414,92.6847915649414,93.81186835535495,92.39076893185748,92.48878146108956,1419700,2024-01-02
92.0771484375,92.0771484375,93.1552264424558,91.72432426811558,93.1552264424558,1230200,2024-01-03
92.63578033447266,92.63578033447266,92.9690064659252,91.83212698807102,92.16535311952357,1162600,2024-01-04
91.99874877929688,91.99874877929688,92.66519360102124,91.45970977742196,92.66519360102124,1056400,2024-01-05
92.4887924194336,92.4887924194336,92.51819319076424,91.58712639388702,92.30257756459673,1244600,2024-01-08
94.06669616699219,94.06669616699219,94.09609693755692,92.03796074764998,92.44958649016999,1372900,2024-01-09
94.55670928955078,94.55670928955078,94.7625221180194,93.9098625623877,94.00786760299582,1165500,2024-01-10
95.59558868408203,95.59558868408203,95.77200077117536,94.16469396757228,94.62532594372186,1324100,2024-01-11
95.70339965820312,95.70339965820312,96.06601911563749,95.02715205571293,95.91901526927573,984800,2024-01-12
96.20323181152344,96.20323181152344,96.26203334801674,95.20356082729973,95.7229943391406,1408800,2024-01-16
96.73246002197266,96.73246002197266,97.4479111133999,96.0954234409161,96.31103156588401,1369400,2024-01-17
95.87980651855469,95.87980651855469,96.74226143847059,95.56618586792108,96.10521738887871,1262100,2024-01-18
94.99774932861328,94.99774932861328,96.08562263310924,94.79193647064193,96.08562263310924,1430800,2024-01-19
95.67398834228516,95.67398834228516,96.1052120395878,94.62531864910135,94.7723224792581,1260700,2024-01-22
97.52632141113281,97.52632141113281,97.92814438375316,96.04642039105342,96.04642039105342,1295800,2024-01-23
95.16436004638672,95.16436004638672,97.07549228773048,95.13495927729483,96.69326733492302,1194200,2024-01-24
96.11502075195312,96.11502075195312,96.144421519809,95.13495527779135,95.47797669828674,1134300,2024-01-25
97.14410400390625,97.14410400390625,97.16370202569745,96.0268298291311,96.2424379780626,1201000,2024-01-26
97.61451721191406,97.61451721191406,97.84973082599701,97.13428723561381,97.37930359783113,1814300,2024-01-29
98.49658203125,98.49658203125,98.76119642430426,97.34990719917106,98.00654928482587,1504400,2024-01-30
97.85954284667969,97.85954284667969,98.98661971513513,97.38911557393911,98.7808068486478,1850700,2024-01-31
99.75106048583984,99.75106048583984,99.76086323400332,97.30089685638885,97.90854012832285,2111100,2024-02-01
97.38911437988281,97.38911437988281,101.1525624248918,96.48744840978948,99.7314703977237,2343800,2024-02-02
98.1829605102539,98.1829605102539,98.9180096234339,97.28130205930663,98.00654842399847,2771300,2024-02-05
98.16336822509766,98.16336822509766,99.28064234421574,97.95754788135415,98.39858186141024,1931700,2024-02-06
98.74159240722656,98.74159240722656,99.7216578405489,97.97714256560407,98.7317896592477,1981800,2024-02-07
97.94774627685547,97.94774627685547,98.98661329093322,97.76153144327316,98.46717978389434,1385100,2024-02-08
96.85987854003906,96.85987854003906,98.08496045779538,96.19343367768735,97.84973934592539,1377200,2024-02-09
96.61486053466797,96.61486053466797,96.83047614494272,95.65439303725493,96.62465580618482,1370100,2024-02-12
95.92881774902344,95.92881774902344,97.4577251618282,95.38978615814503,96.85988455067957,1308200,2024-02-13
95.34298706054688,95.34298706054688,96.19812789157791,94.44852863393301,95.9818848654047,1372600,2024-02-14
95.72632598876953,95.72632598876953,96.39471012773318,95.3036712023798,95.78529863368657,883700,2024-02-15
96.10966491699219,96.10966491699219,96.80753539103526,95.195551408923,96.21778643400526,1321400,2024-02-16
96.37506103515625,96.37506103515625,97.57421405061102,96.17847304150902,96.66010050258066,1019700,2024-02-20
96.92547607421875,96.92547607421875,97.4955699110602,96.42418614878477,96.50282133298303,707400,2024-02-21
97.9378890991211,97.9378890991211,98.02635556460132,95.3724740861639,96.34556021205864,1032400,2024-02-22
98.6849136352539,98.6849136352539,99.00927819404043,97.65284731150227,98.67508236100022,1164200,2024-02-23
98.70455932617188,98.70455932617188,99.16653168444873,98.45882998658327,98.66524173194998,838700,2024-02-26
98.1836166381836,98.1836166381836,98.98960859105162,97.45625987561111,98.34088701877467,891700,2024-02-27
98.40968322753906,98.40968322753906,98.76353405708899,97.88873075693331,98.1934402206959,767800,2024-02-28
98.40968322753906,98.40968322753906,98.93062819908091,97.83958939114599,98.39002068197301,1597700,2024-02-29
98.56695556640625,98.56695556640625,98.6259282106423,97.42677528314306,98.5079829221702,956200,2024-03-01
99.21569061279297,99.21569061279297,99.4909063011897,97.76096947532662,97.99686756551452,1056900,2024-03-04
100.16911315917969,100.16911315917969,100.59176043079356,98.8716550267179,99.35328993918549,1575800,2024-03-05
100.69005584716797,100.69005584716797,101.27980475801971,99.88406391922227,99.88406391922227,1050900,2024-03-06
102.34136199951172,102.34136199951172,102.45930728766302,100.39518225530458,100.8669859051036,1367600,2024-03-07
102.34136199951172,102.34136199951172,102.97042853320067,101.34861332953884,101.96784858952698,954100,2024-03-08
102.07598114013672,102.07598114013672,103.50121601827531,101.67298886360471,102.98026344270819,1318500,2024-03-11
102.71487426757812,102.71487426757812,103.22598804568462,101.61400401595597,101.84007833067898,897600,2024-03-12
103.61914825439453,103.61914825439453,103.86487759904965,102.28238001954554,103.20632475514941,1122500,2024-03-13
102.5969009399414,102.5969009399414,103.57981820033233,102.13493612677108,103.19648106870495,1037000,2024-03-14
102.55760192871094,102.55760192871094,102.55760192871094,101.1127195933985,101.16186096588223,1892100,2024-03-15
102.47897338867188,102.47897338867188,103.4717145940049,102.32170300026375,102.32170300026375,907200,2024-03-18
103.0687255859375,103.0687255859375,103.28496862726152,102.34136876435541,103.07855686028816,1255600,2024-03-19
101.25032043457031,101.25032043457031,103.08837111799733,101.12253637700456,103.05888479673274,1190600,2024-03-20
102.10545349121094,102.10545349121094,102.41016297466378,100.53278720217709,101.03407715961,1047200,2024-03-21
102.81316375732422,102.81316375732422,103.02940679614757,101.84007758168417,102.3511913560316,762800,2024-03-22
101.23066711425781,101.23066711425781,103.00975281637315,101.14220814240154,102.91145507111273,1011200,2024-03-25
101.0832290649414,101.0832290649414,101.9776875626324,101.04391896529943,101.72212692056853,1251900,2024-03-26
102.42982482910156,102.42982482910156,102.6853854615097,101.52554259019878,101.74178562538529,981300,2024-03-27
102.52810668945312,102.52810668945312,102.91144385718947,102.11528320097771,102.86230248897913,1731300,2024-03-28
103.22598266601562,103.22598266601562,103.35376672818153,101.76143783099131,102.14477501935966,1505300,2024-04-01
102.85247039794922,102.85247039794922,103.65846232102045,102.3020390843584,103.2063212421331,1477100,2024-04-02
101.39776611328125,101.39776611328125,103.07855402590295,101.17169180382301,102.7050406014993,1786900,2024-04-03
100.35586547851562,100.35586547851562,102.24306509498292,100.30672410773977,101.83024158495533,1469300,2024-04-04
100.257568359375,100.257568359375,100.70970943444135,99.69730577732929,100.17893317265107,1075000,2024-04-05
99.75627899169922,99.75627899169922,100.39517676414418,99.66782003042404,99.93320441331376,1092600,2024-04-08
100.14946746826172,100.14946746826172,100.27724404869292,98.94048309453339,100.05117721415574,819200,2024-04-09
100.82768249511719,100.82768249511719,101.1323845311303,99.7857848091171,99.81527863436912,1170000,2024-04-10
99.84474182128906,99.84474182128906,101.36825914734142,99.77593790977785,101.36825914734142,1242100,2024-04-11
99.3532943725586,99.3532943725586,100.4148469833611,98.97978095446247,99.51055725986372,1164600,2024-04-12
99.84474182128906,99.84474182128906,100.62124739352362,99.55969490243861,100.05115355582271,1218500,2024-04-15
101.4862289428711,101.4862289428711,101.99734272851528,100.29689970212091,100.29689970212091,1520500,2024-04-16
101.72212982177734,101.72212982177734,102.22341984575928,101.0635768975467,101.92854159657804,1414800,2024-04-17
101.43707275390625,101.43707275390625,102.13495070758903,100.72937852460754,101.97768032392399,809900,2024-04-18
102.56742858886719,102.56742858886719,102.82298921110701,100.35586445183287,101.33878184607035,1103900,2024-04-19
104.14009094238281,104.14009094238281,104.79865127065843,102.7148637747984,103.17683613229612,1243800,2024-04-22
104.88712310791016,104.88712310791016,105.58499361693936,103.99267210303745,105.20165640069888,1053800,2024-04-23
105.51618194580078,105.51618194580078,105.72259370099992,103.47171194325975,104.19907622241635,912800,2024-04-24
105.41789245605469,105.41789245605469,106.25337075659276,104.87728487973108,105.93883748465849,898500,2024-04-25
104.5037841796875,104.5037841796875,106.00764669554312,104.49395290533681,105.1918234029335,1037600,2024-04-26
105.0837173461914,105.0837173461914,105.21149392617478,104.13028613666695,104.59225857831824,1544600,2024-04-29
106.04695892333984,106.04695892333984,106.07644524583353,104.63155545112545,105.21148062340512,1620000,2024-04-30
104.4448013305664,104.4448013305664,106.82345955468146,104.24821335807898,105.70293435822843,1977900,2024-05-01
104.07129669189453,104.07129669189453,104.75934340491581,101.6434968946117,104.27770845608141,2024700,2024-05-02
104.29736328125,104.29736328125,104.503775030152,102.14477182988504,103.42256741725677,1283900,2024-05-03
103.60932159423828,103.60932159423828,104.78881941610602,103.31444338923922,104.35633338185787,1224800,2024-05-06
105.10335540771484,105.10335540771484,105.33925347842344,103.92385755510736,104.29736345865136,972600,2024-05-07
104.95591735839844,104.95591735839844,105.87986210165363,104.51360753398218,105.79139563733166,1041500,2024-05-08
105.22130584716797,105.22130584716797,105.70293325135613,104.55292174583849,105.15250193228395,882500,2024-05-09
105.47686767578125,105.47686767578125,105.74225958302371,104.98540895769588,105.29011846227296,680700,2024-05-10
105.31961059570312,105.31961059570312,105.91919086476967,104.82815185050532,105.46704971907553,911400,2024-05-13
105.28412628173828,105.28412628173828,105.43195722175888,103.81568180159256,104.99832180276348,1215900,2024-05-14
105.6290512084961,105.6290512084961,105.81630421797449,104.81105992592481,104.88990408980975,844200,2024-05-15
105.13629913330078,105.13629913330078,106.34850386239339,105.02789027464232,105.90501102633765,1015100,2024-05-16
104.8504867553711,104.8504867553711,105.25455747433226,104.49569552081766,105.25455747433226,829700,2024-05-17
104.96875762939453,104.96875762939453,105.08701636679137,104.30844709662156,104.8307840897689,705900,2024-05-20
105.51079559326172,105.51079559326172,105.75717799098108,104.91947934253406,105.40238673674567,843300,2024-05-21
105.75718688964844,105.75718688964844,105.84588847016789,105.00818975123485,105.33340882915364,597200,2024-05-22
104.88005828857422,104.88005828857422,106.17110717824276,104.82092891861787,105.53051143407053,799400,2024-05-23
104.92932891845703,104.92932891845703,105.45165835962932,104.515408325716,105.10672453234513,770800,2024-05-24
102.65277099609375,102.65277099609375,104.52527129844097,102.39653118416419,104.09164336939992,1631100,2024-05-28
101.81505584716797,101.81505584716797,102.56406041374329,101.70664699467706,102.56406041374329,1797100,2024-05-29
102.84986877441406,102.84986877441406,103.1159584557719,101.42085387428175,101.82491709693537,1071000,2024-05-30
105.46151733398438,105.46151733398438,105.62905554988076,102.81044048659147,102.8498625701542,2658900,2024-05-31
105.73747253417969,105.73747253417969,106.62445068509112,105.05745469864856,105.05745469864856,1502800,2024-06-03
106.54559326171875,106.54559326171875,106.77226083271091,105.75716666584876,106.16123736395528,1106300,2024-06-04
106.1513900756836,106.1513900756836,106.35835038504086,105.15600309535142,106.27950621414458,952500,2024-06-05
106.34849548339844,106.34849548339844,106.69342931604675,105.84587331640027,106.20066454969385,796200,2024-06-06
105.826171875,105.826171875,107.00881197494401,105.7079131283018,106.34850890923049,830800,2024-06-07
106.16123962402344,106.16123962402344,106.21051158794347,104.3971409054282,105.56992342402904,1169400,2024-06-10
106.36820983886719,106.36820983886719,106.4076319250761,105.09687575485752,105.97399649577213,1438800,2024-06-11
104.8504867553711,104.8504867553711,106.111963358675,104.18032636999169,106.07254127494754,1517800,2024-06-12
104.9391860961914,104.9391860961914,105.25455524032373,104.35771977229504,105.05744482587009,1304600,2024-06-13
106.14154052734375,106.14154052734375,106.20067741938814,104.49570781283695,104.61397407793119,1313000,2024-06-14
107.7183837890625,107.7183837890625,107.87606460860047,105.34325394313548,105.67833790301866,1080400,2024-06-17
108.3195571899414,108.3195571899414,108.71376299744064,107.20590397867399,107.46214376874354,1084300,2024-06-18
107.33402252197266,107.33402252197266,108.66448585641064,107.11720482677661,108.07316965432636,1011200,2024-06-20
107.3537368774414,107.3537368774414,108.53636935953462,107.03836771428362,107.86620894795008,1736700,2024-06-21
105.92471313476562,105.92471313476562,107.1566250000709,105.4023761879218,107.1566250000709,1578200,2024-06-24
103.332763671875,103.332763671875,105.45165354122155,103.07652390374648,105.45165354122155,1794300,2024-06-25
102.96813201904297,102.96813201904297,104.19018657147019,102.17970536128703,102.6429054587941,1530000,2024-06-26
102.50492858886719,102.50492858886719,103.15537416922359,102.28811088908385,103.1159520857181,1486200,2024-06-27
102.17970275878906,102.17970275878906,102.76116157685418,101.3617114380253,102.50492931075446,6988900,2024-06-28
103.35248565673828,103.35248565673828,103.8156782249874,102.20926778022468,102.60348110036708,1786300,2024-07-01
103.91424560546875,103.91424560546875,104.06206903336805,102.48522314415642,103.23422776115481,1362000,2024-07-02
104.00292205810547,104.00292205810547,104.13104569925702,103.52001473105395,103.91422801637873,831600,2024-07-03
105.04759979248047,105.04759979248047,105.22499542687649,103.75655838153932,104.19019382539501,998700,2024-07-05
104.05221557617188,104.05221557617188,105.11658933444652,103.3032109849052,105.11658933444652,1378700,2024-07-08
103.09624481201172,103.09624481201172,103.99307277510653,102.66260941240908,103.7959698765564,1221700,2024-07-09
103.332763671875,103.332763671875,103.93393725152666,102.87942101687416,103.54958135883044,1666700,2024-07-10
102.23883056640625,102.23883056640625,104.57453824174198,102.07129235212729,103.23421748952319,1894500,2024-07-11
102.66261291503906,102.66261291503906,103.40176008831062,102.51478197658598,102.56406146240163,1115600,2024-07-12
99.71587371826172,99.71587371826172,102.95826663026202,99.63702955480434,102.5837606133361,1924200,2024-07-15
100.8492431640625,100.8492431640625,101.96288887641983,100.11009598318076,100.139660667377,1256200,2024-07-16
102.21913146972656,102.21913146972656,102.81044772682257,101.00692675153472,101.016784152868,1681100,2024-07-17
100.69155883789062,100.69155883789062,102.96813735869608,100.46489123735226,102.03187971418487,1703500,2024-07-18
101.12519073486328,101.12519073486328,102.18956448508027,100.7605420836795,101.3124437610109,1190100,2024-07-19
99.1836929321289,99.1836929321289,100.54372099910312,97.86308694928357,100.47473423162603,1937300,2024-07-22
98.75992584228516,98.75992584228516,99.7651703011953,98.60224500733517,99.50893048553267,1480000,2024-07-23
98.89789581298828,98.89789581298828,99.51878428542939,97.83352201937006,98.63180612408087,1087300,2024-07-24
98.40512084960938,98.40512084960938,100.42545936871892,98.37555616711401,99.02600925798603,1130500,2024-07-25
99.9129867553711,99.9129867553711,100.57329729264814,97.93207770052204,98.6022381199867,1273400,2024-07-26
100.11994934082031,100.11994934082031,100.78025989309879,99.31181536242909,99.83415237100621,1349800,2024-07-29
97.99120330810547,97.99120330810547,98.17845632839845,96.23696191481464,96.93668699197032,2005400,2024-07-30
96.59175872802734,96.59175872802734,98.10947522258266,96.24682486994527,98.04048845096624,3040100,2024-07-31
98.56281280517578,98.56281280517578,98.78948039196919,96.4636300429078,96.94654493806449,2346400,2024-08-01
97.1042251586914,97.1042251586914,98.48396802965165,94.95577044335161,95.53723678653213,3855900,2024-08-02
98.47410583496094,98.47410583496094,99.43007065299521,97.30133084288217,97.56742049952378,2867900,2024-08-05
99.8538589477539,99.8538589477539,100.79996646314706,98.48397340285186,98.66136903192522,1735400,2024-08-06
100.11994934082031,100.11994934082031,101.31244678408729,99.29210807861213,99.84400225341759,1495200,2024-08-07
100.7309799194336,100.7309799194336,100.96750491906789,99.59761937106995,99.66660614258804,1097700,2024-08-08
100.77040100097656,100.77040100097656,101.10547745386754,99.76516412330955,100.77040100097656,1451000,2024-08-09
99.35122680664062,99.35122680664062,100.3958931928969,98.51352823276041,100.35647111049163,1120300,2024-08-12
98.73035430908203,98.73035430908203,99.75530598166134,98.31643368717329,99.41037213007071,1709800,2024-08-13
99.02600860595703,99.02600860595703,99.33152034838884,98.5332438502962,98.5332438502962,811800,2024-08-14
98.82241821289062,98.82241821289062,99.84038973305329,97.85386586062778,99.46482969405636,965100,2024-08-15
98.8421859741211,98.8421859741211,99.02008441687232,97.90327459392607,98.78288146633325,1843900,2024-08-16
98.99043273925781,98.99043273925781,99.41540437957336,98.61486518317484,98.74335199564781,1143100,2024-08-19
100.4432601928711,100.4432601928711,100.46303087473731,98.64451269864121,98.81253333328087,1170200,2024-08-20
101.18450927734375,101.18450927734375,101.63913696711778,100.38397003451408,100.38397003451408,816900,2024-08-21
101.44147491455078,101.44147491455078,102.07400104877149,101.21416484085294,101.94552176973819,923700,2024-08-22
100.96708679199219,100.96708679199219,101.68855839866909,100.02817536673142,101.4414776352278,865800,2024-08-23
100.62116241455078,100.62116241455078,101.56007379057687,100.55198010602727,100.80894619781722,760900,2024-08-26
99.9688720703125,99.9688720703125,100.83859358807896,99.57354136576191,100.77929662150348,847200,2024-08-27
100.38396453857422,100.38396453857422,100.71011293087304,99.46482386774495,100.71011293087304,1044500,2024-08-28
99.59330749511719,99.59330749511719,100.59151585747946,99.47471355840905,100.56186737330242,724400,2024-08-29
100.69033813476562,100.69033813476562,100.78917646073731,99.66248137516602,99.74154901982114,1437800,2024-08-30
104.06053161621094,104.06053161621094,104.48551081616007,100.59151570687293,100.76941415197503,1888600,2024-09-03
104.97967529296875,104.97967529296875,105.23664139655823,103.85298762224643,104.27796683420706,1501300,2024-09-04
104.25819396972656,104.25819396972656,105.22675385357559,103.58613400999423,105.00932158126419,1861500,2024-09-05
103.95182037353516,103.95182037353516,104.9796772669135,103.63555729405772,104.34715110795861,1350300,2024-09-06
104.36691284179688,104.36691284179688,104.3965613269245,102.34085510824205,103.02279288709691,1948000,2024-09-09
104.70293426513672,104.70293426513672,105.3651088226618,103.20067917966769,104.34713740491014,1449000,2024-09-10
102.05423736572266,102.05423736572266,104.75235499328298,101.58972433892129,104.40644344363503,1489200,2024-09-11
102.34085845947266,102.34085845947266,102.59781703253071,101.02638694685693,101.817040890608,1257700,2024-09-12
102.82513427734375,102.82513427734375,103.03268121956795,101.76762888202616,102.11354045239982,1034900,2024-09-13
103.99134063720703,103.99134063720703,104.10005676350107,103.08208534484372,103.08208534484372,1114200,2024-09-16
102.60769653320312,102.60769653320312,103.86286346185841,102.45944657084382,102.88442577477713,1303600,2024-09-17
101.41182708740234,101.41182708740234,102.92396012245798,100.70023329671585,102.48909557474815,1522600,2024-09-18
100.39385223388672,100.39385223388672,101.95540438487005,100.37408155129872,101.19439145166028,1159500,2024-09-19
102.1926040649414,102.1926040649414,102.62746107607296,100.40373423126657,100.40373423126657,4692100,2024-09-20
102.31119537353516,102.31119537353516,102.93384369986727,101.31299455566439,101.67866924605629,1428000,2024-09-23
101.93563079833984,101.93563079833984,103.3884667746191,101.79726618539,102.37049531921414,1573600,2024-09-24
101.73797607421875,101.73797607421875,103.02279150107161,101.61937459499737,102.77571074125686,904800,2024-09-25
101.70832824707031,101.70832824707031,102.4594483327428,101.01649759093225,101.4612474856581,1497100,2024-09-26
103.1710433959961,103.1710433959961,103.2599963921536,101.73797797837152,101.87634260323293,1359000,2024-09-27
103.49718475341797,103.49718475341797,104.20877851290186,102.91407026816633,103.8727447752318,1482200,2024-09-30
103.25999450683594,103.25999450683594,103.92216913376939,102.52863002842852,103.37858844580528,1826400,2024-10-01
102.05423736572266,102.05423736572266,103.5169512157501,101.5600758547095,103.28964114325555,1107400,2024-10-02
100.15665435791016,100.15665435791016,102.11353731640847,100.07759424447183,101.92575352384118,1537200,2024-10-03
99.86015319824219,99.86015319824219,100.1566455632909,99.22762710443796,99.54389015134007,1037100,2024-10-04
97.93292236328125,97.93292236328125,100.11712282680195,97.8736253962321,100.11712282680195,1470000,2024-10-07
98.91136932373047,98.91136932373047,99.0596192843008,97.47829642529231,97.84397865599162,1102500,2024-10-08
99.45494079589844,99.45494079589844,99.85027150404078,98.88171918641343,99.20786004584774,923800,2024-10-09
99.04972839355469,99.04972839355469,99.87991606174701,98.74335068843216,99.60318683901623,948100,2024-10-10
100.42350006103516,100.42350006103516,100.47291922687602,98.95090091071138,99.1880963180742,1119700,2024-10-11
101.95540618896484,101.95540618896484,102.1431824350369,100.23571870807217,100.76941404280028,1040100,2024-10-14
103.13150787353516,103.13150787353516,103.92216932286594,102.34085396451079,102.59781252628284,1332800,2024-10-15
103.43789672851562,103.43789672851562,103.57626135589767,101.78739146136134,102.10365454399266,1059500,2024-10-16
103.72449493408203,103.72449493408203,104.1593594632076,102.82512493284311,103.6454348254005,1052200,2024-10-17
103.12162780761719,103.12162780761719,103.92217463960546,102.57805463116075,103.70474235290017,1520100,2024-10-18
102.69664764404297,102.69664764404297,103.5564838374125,102.10364780547701,102.94372839667673,939700,2024-10-21
101.49089813232422,101.49089813232422,102.39026820206182,100.65081749338391,101.81703901370221,1183000,2024-10-22
101.36241149902344,101.36241149902344,101.53043215131234,100.46304142758966,101.36241149902344,891400,2024-10-23
101.42171478271484,101.42171478271484,102.1728348767095,101.0362693938657,101.8170379731093,1044300,2024-10-24
99.66249084472656,99.66249084472656,101.58972527970909,99.33634997507036,100.99673296906305,1159800,2024-10-25
99.87004852294922,99.87004852294922,100.4037363414496,99.36600164958043,100.11712928867615,1737000,2024-10-28
99.45494079589844,99.45494079589844,100.24560221218312,99.0101984619296,99.51424530331875,1378000,2024-10-29
99.34622192382812,99.34622192382812,99.70201879731684,98.9311280848599,99.41540423032282,1298500,2024-10-30
98.74336242675781,98.74336242675781,100.34444098869054,98.66429477077659,99.20786793995737,2716600,2024-10-31
103.5268325805664,103.5268325805664,104.7918847937177,101.70832190923794,104.5151555646291,2960200,2024-11-01
101.75773620605469,101.75773620605469,104.08029377152293,101.30310852628565,102.61757993927581,2407600,2024-11-04
102.92395782470703,102.92395782470703,102.94372850751049,101.36240565670695,101.60948640960673,1587000,2024-11-05
102.00481414794922,102.00481414794922,104.95001995437003,101.45135569048999,104.1494732109097,3047900,2024-11-06
102.69664764404297,102.69664764404297,103.40823387777101,101.29322323845052,102.41991086723597,1442400,2024-11-07
105.20698547363281,105.20698547363281,105.72091768131173,103.00302929853271,103.39836002590731,1421500,2024-11-08
106.45226287841797,106.45226287841797,106.63016130908957,105.04884611440065,105.325575330933,1575900,2024-11-11
106.72900390625,106.72900390625,107.41094922267709,105.95811313479665,106.73888924802174,1542400,2024-11-12
106.00753021240234,106.00753021240234,107.12433252077349,105.84939490839953,106.8673664219221,1160800,2024-11-13
106.62028503417969,106.62028503417969,107.2330480231077,105.38488125511162,105.79998265551126,1263300,2024-11-14
108.0313720703125,108.0313720703125,108.52683792702139,106.18824603874774,106.92153338981836,1951800,2024-11-15
109.28985595703125,109.28985595703125,109.40877048037453,107.32780790301545,107.71427065362015,1361700,2024-11-18
109.91413879394531,109.91413879394531,110.43933136832247,108.81420403771031,109.08175982177215,1648600,2024-11-19
110.28079223632812,110.28079223632812,110.73661992117229,109.31958725646167,109.89432946960787,2195500,2024-11-20
111.2320785522461,111.2320785522461,111.82663603469301,109.90423376012163,110.82579294377877,1808300,2024-11-21
110.88525390625,110.88525390625,112.47074304506381,110.73661264569058,111.91582373653112,1712400,2024-11-22
109.40877532958984,109.40877532958984,111.97528486711269,109.25022262477145,111.42036552066646,2535600,2024-11-25
109.37903594970703,109.37903594970703,110.22133392458787,108.62593331740729,109.90423608988041,1254600,2024-11-26
109.35922241210938,109.35922241210938,110.69697868767041,109.06193987966967,109.92405317557777,1054000,2024-11-27
109.13130187988281,109.13130187988281,109.57722566662729,108.35837638844278,108.92320713681886,965200,2024-11-29
110.23123931884766,110.23123931884766,112.41129357772155,109.00248613742964,109.8745033048539,2076300,2024-12-02
108.96285247802734,108.96285247802734,110.46907294624413,108.69530423654903,110.28079349766475,1055500,2024-12-03
108.89348602294922,108.89348602294922,109.00248911688281,107.42691131218459,108.25929032744953,1058900,2024-12-04
108.17011260986328,108.17011260986328,109.80514393636236,108.01155990220732,108.43766085377119,1836200,2024-12-05
106.23778533935547,106.23778533935547,108.9232093060063,106.13869368261952,108.05119214243764,1818900,2024-12-06
104.92974853515625,104.92974853515625,106.09904814802985,104.622562152521,106.0296832371055,1474400,2024-12-09
106.08914947509766,106.08914947509766,106.40624732892127,104.5234830744612,104.92976115582465,1604800,2024-12-10
104.62257385253906,104.62257385253906,108.14037695739877,104.49374788912408,106.39634255620457,1211300,2024-12-11
104.45410919189453,104.45410919189453,106.18823958498096,104.33519467183639,105.49458289162126,996400,2024-12-12
104.68202209472656,104.68202209472656,104.93966644844492,104.02801111708301,104.56310757142376,927000,2024-12-13
104.86038970947266,104.86038970947266,106.36660253132763,104.71174844594933,104.71174844594933,1463900,2024-12-16
104.84058380126953,104.84058380126953,106.05942563896946,104.25593012838655,104.54330124757183,1407500,2024-12-17
104.90003204345703,104.90003204345703,105.79187209975328,103.85955071774323,104.34511270185448,2221700,2024-12-18
104.89012145996094,104.89012145996094,105.54414002661775,103.839736251922,104.54329686864705,1991200,2024-12-19
105.13785552978516,105.13785552978516,105.60359465468402,103.99828252294502,104.88021116192871,3432000,2024-12-20
104.47393035888672,104.47393035888672,105.49458880929475,103.82982323613913,105.13785278931792,814000,2024-12-23
105.49459075927734,105.49459075927734,105.5639556777656,104.08746952125304,104.34511388715622,369300,2024-12-24
105.77204895019531,105.77204895019531,106.05942005424862,104.86039358850073,105.00903485752265,656700,2024-12-26
104.97930145263672,104.97930145263672,106.33687297502188,104.71174567333746,104.94957471276092,762500,2024-12-27
103.67127227783203,103.67127227783203,104.71174597755058,103.06680336457283,104.4342863242923,733500,2024-12-30
103.76045989990234,103.76045989990234,104.4640205166297,103.37399713240717,103.9289164785112,814600,2024-12-31
102.89834594726562,102.89834594726562,104.20638307255993,102.7001626277896,104.12710672068592,1231100,2025-01-02
103.69109344482422,103.69109344482422,104.14692112382654,102.1452423977547,103.03708244806748,1094300,2025-01-03
100.7480239868164,100.7480239868164,103.59200068360359,100.59938271997784,102.83889047577468,1515500,2025-01-06
101.86778259277344,101.86778259277344,102.02632773472345,101.09484951006195,101.31285569542604,1658500,2025-01-07
101.63986206054688,101.63986206054688,102.03623624437552,100.92639004169706,101.69931554204811,1608700,2025-01-08
100.50029754638672,100.50029754638672,101.76868899285527,99.94537817860906,100.53993572411503,1537800,2025-01-10
101.92723846435547,101.92723846435547,101.9569652066546,100.07419340554877,101.12458618144248,2021400,2025-01-13
104.32528686523438,104.32528686523438,104.43428995569161,101.92723399559273,102.09569056804162,2150700,2025-01-14
102.5019760131836,102.5019760131836,104.61265778256646,101.3524916285898,104.61265778256646,1548600,2025-01-15
105.30631256103516,105.30631256103516,105.54414162170963,102.48215861735616,102.6010731476934,1662600,2025-01-16
105.5044937133789,105.5044937133789,106.11886649626298,104.9892050229894,105.73240375857509,1712800,2025-01-17
105.69278717041016,105.69278717041016,106.49543949208277,105.11804492417593,105.98015073331777,1230000,2025-01-21
105.73240661621094,105.73240661621094,107.0701704245878,105.22703690570413,107.02062081679284,1474300,2025-01-22
105.32613372802734,105.32613372802734,105.68286975306694,104.05774233242393,105.44504825644356,1584200,2025-01-23
105.28649139404297,105.28649139404297,105.71259232044603,104.33519788490773,105.26667608686066,1208400,2025-01-24
108.39801788330078,108.39801788330078,108.57638589142137,106.57470718714266,107.17917612798416,1552800,2025-01-27
106.55488586425781,106.55488586425781,108.67547912476358,106.13869635934562,108.03137199942289,1265600,2025-01-28
105.80177307128906,105.80177307128906,106.90170785051372,105.5540401491251,106.42606487367586,1500100,2025-01-29
106.14860534667969,106.14860534667969,106.79270489696533,105.07839730710816,106.73325141483652,1928800,2025-01-30
104.5631103515625,104.5631103515625,106.02969260378909,103.82982300555368,106.02969260378909,3425100,2025-01-31
105.46485900878906,105.46485900878906,106.39633720729101,103.94873474796523,104.05773783758605,2514100,2025-02-03
105.0189437866211,105.0189437866211,105.5540402460026,103.98837392224814,104.92975600325164,1622000,2025-02-04
106.21797180175781,106.21797180175781,106.47560860152193,104.5036566268499,105.31622032195664,1533400,2025-02-05
104.44420623779297,104.44420623779297,107.01071579902252,103.94874037097253,106.92153557189523,1337800,2025-02-06
104.06764221191406,104.06764221191406,104.305471259618,103.35417774942856,104.16674142856175,855100,2025-02-07
103.6019058227539,103.6019058227539,103.99827242996228,102.91816057296514,103.82981586587788,1086500,2025-02-10
103.92890930175781,103.92890930175781,103.97845890861366,102.79924781936327,103.83972908166756,1222800,2025-02-11
104.98921203613281,104.98921203613281,105.52431606872379,103.33435788880325,103.33435788880325,1438200,2025-02-12
106.55488586425781,106.55488586425781,106.91162188567084,104.96939663587158,105.23694487182685,1230200,2025-02-13
104.33406066894531,104.33406066894531,106.5399820217641,104.31419085017517,106.34124592902872,1723600,2025-02-14
103.20128631591797,103.20128631591797,104.06577121884506,102.56534601296232,103.50931776800407,1237500,2025-02-18
103.6981201171875,103.6981201171875,104.39367748778878,103.26090829509141,103.67824271745218,1094700,2025-02-19
103.7676773071289,103.7676773071289,103.89685008319009,102.4858579224965,102.54547496052369,1727100,2025-02-20
104.6619644165039,104.6619644165039,104.9103788345165,102.37654873838555,103.48944806024424,1978500,2025-02-21
106.90763092041016,106.90763092041016,108.10996343812003,104.19494957838786,104.19494957838786,1706600,2025-02-24
109.86872863769531,109.86872863769531,110.49473024273568,107.66280738992488,107.70255460657916,2470400,2025-02-25
107.90128326416016,107.90128326416016,109.30234422446595,107.73236327889117,109.28247440661342,1874400,2025-02-26
108.67634582519531,108.67634582519531,109.03406320514729,106.53004154548346,107.31503204143326,988800,2025-02-27
110.49473571777344,110.49473571777344,110.65372459226846,108.46768063500943,109.91842000024596,1949200,2025-02-28
111.34928131103516,111.34928131103516,111.42877574781531,109.3619658775717,110.13701768366137,1728200,2025-03-03
110.00784301757812,110.00784301757812,113.87317086270262,109.89854006413704,112.28332005947772,1583600,2025-03-04
109.95816802978516,109.95816802978516,111.52814148146435,109.54082602166132,110.12708802442677,1563900,2025-03-05
110.18670654296875,110.18670654296875,110.99156688908236,109.31229045806764,109.9581695073842,1716400,2025-03-06
111.6175765991211,111.6175765991211,113.12793303971868,109.60045258460292,110.04759553858716,1696800,2025-03-07
112.4820556640625,112.4820556640625,115.72138209196072,112.22371010418018,112.67085306482866,2232400,2025-03-10
111.47846221923828,111.47846221923828,112.56154549696716,110.84252188385483,112.03490811744712,1535400,2025-03-11
108.3385009765625,108.3385009765625,110.06746330228718,107.87148063098583,109.53089479992977,1540400,2025-03-12
109.06387329101562,109.06387329101562,109.69981362429213,108.00065983559958,108.39811685814233,2196900,2025-03-13
108.4080581665039,108.4080581665039,108.84526999902916,107.4839561629436,108.25900798896058,938200,2025-03-14
108.62666320800781,108.62666320800781,109.54082650410173,107.87148120727477,108.15964285993616,1616100,2025-03-17
106.69895935058594,106.69895935058594,108.4974849132355,106.56978658086238,108.36830456250544,1207100,2025-03-18
107.3448486328125,107.3448486328125,107.55351585664354,106.12265381022966,106.53998825789174,1413800,2025-03-19
107.38459014892578,107.38459014892578,107.7522462367197,106.43067964165688,107.30509571140166,1391200,2025-03-20
106.47042846679688,106.47042846679688,108.47761376801992,105.89410515756197,107.66281472362148,2538700,2025-03-21
106.22201538085938,106.22201538085938,107.23554295393426,105.27803596629235,106.12265112169628,1424400,2025-03-24
104.0657730102539,104.0657730102539,106.42073687920441,103.56894416620439,106.1921998563053,1084000,2025-03-25
105.63574981689453,105.63574981689453,105.87423312808627,104.17507175512392,104.17507175512392,1187300,2025-03-26
107.70256042480469,107.70256042480469,107.85161060005848,105.67549775197084,106.70890269778849,1051500,2025-03-27
108.4179916381836,108.4179916381836,108.79557883287832,107.4740198609435,108.37824442068838,1138400,2025-03-28
109.39177703857422,109.39177703857422,109.52095739671414,108.23913800144584,108.8154613105135,3010300,2025-03-31
108.77571105957031,108.77571105957031,110.29600614756212,107.69262021023202,109.88860284633205,1518100,2025-04-01
107.63300323486328,107.63300323486328,109.34209571523147,107.05667994152857,108.95456981340458,2056300,2025-04-02
110.05753326416016,110.05753326416016,111.63744542985386,108.68628073287152,109.08374534456398,2597000,2025-04-03
105.41714477539062,105.41714477539062,113.18755548985831,105.19854644317113,110.97169541970847,3154300,2025-04-04
101.89960479736328,101.89960479736328,105.49664098295575,101.24378704668204,102.95287958129828,3061300,2025-04-07
100.95561981201172,100.95561981201172,104.17506860570204,100.27000116083173,103.36026960294687,2387200,2025-04-08
101.26366424560547,101.26366424560547,103.97634563910285,99.36577431726242,100.19051206353737,2203300,2025-04-09
103.11186218261719,103.11186218261719,103.9664084607341,100.59790926855511,101.90953720550085,2262700,2025-04-10
103.68817901611328,103.68817901611328,104.56260264005559,101.41270198354628,102.46598429593075,1524300,2025-04-11
104.91038513183594,104.91038513183594,105.53638677364154,102.50573524057485,103.87698018115195,1684300,2025-04-14
104.40361785888672,104.40361785888672,106.37106350880605,103.58881881985094,106.27169167055224,2307400,2025-04-15
102.30699920654297,102.30699920654297,105.44696127945302,101.90953459742683,104.96006353230747,1236400,2025-04-16
104.70172119140625,104.70172119140625,105.19855007278731,102.43617512426268,102.84357844587855,1704500,2025-04-17
102.48585510253906,102.48585510253906,104.86069641136352,101.73067312394431,104.33405904059586,2038700,2025-04-21
103.19135284423828,103.19135284423828,103.54907023039873,101.11461184553542,102.50573417160308,2022800,2025-04-22
101.48225402832031,101.48225402832031,102.9727405174638,99.94208920480916,102.29705300581183,2938400,2025-04-23
99.5744400024414,99.5744400024414,100.91587641889565,98.6205294933849,100.40911643599512,2662800,2025-04-24
98.68014526367188,98.68014526367188,100.64759087527291,97.72623476686755,100.4488547836428,2777200,2025-04-25
98.18331146240234,98.18331146240234,99.15709930984109,97.72622984617807,98.5310977099917,2754500,2025-04-28
98.38204956054688,98.38204956054688,98.64039510044302,96.92137154995264,97.55731186216957,2568200,2025-04-29
98.70995330810547,98.70995330810547,99.40551825396027,97.08035526959847,99.35583233603968,3142900,2025-04-30
91.79409790039062,91.79409790039062,93.33427040644357,91.18796608169934,92.4002297190819,4640800,2025-05-01
92.35055541992188,92.35055541992188,93.39389152812521,91.72454617399274,92.16175801800584,3110400,2025-05-02
92.19155883789062,92.19155883789062,93.05604375334572,91.3370126219713,92.68838768058761,1976900,2025-05-05
91.48606872558594,91.48606872558594,91.95308908097725,90.50234967591493,91.10848150980489,2060500,2025-05-06
91.40657043457031,91.40657043457031,92.13194389704002,90.96936619814284,91.4264478340937,2089300,2025-05-07
91.59536743164062,91.59536743164062,92.87718677915309,90.86006285357378,91.0985385797834,2017500,2025-05-08
90.9892349243164,90.9892349243164,91.84378114940236,90.86006215299192,91.1979021307667,1892500,2025-05-09
94.57633972167969,94.57633972167969,94.84462396371045,90.41291155334046,90.67126467674508,3965100,2025-05-12
93.50318908691406,93.50318908691406,94.32792680646817,92.52940877551849,94.23849367035658,3675500,2025-05-13
92.56916046142578,92.56916046142578,93.23490934047167,91.46619974252549,93.06598934089413,2539100,2025-05-14
94.25875091552734,94.25875091552734,94.33849787894596,92.31496621400485,92.95292671117578,1908300,2025-05-15
95.51473999023438,95.51473999023438,95.63436043663808,93.94974194062593,94.33849888507656,2058100,2025-05-16
95.66426849365234,95.66426849365234,95.91347206580207,95.03627062457777,95.51474482934461,2250000,2025-05-19
96.54145812988281,96.54145812988281,96.62120509472291,95.31538086709507,95.54464388464893,2410500,2025-05-20
95.52471160888672,95.52471160888672,96.65110897598565,95.15588759775859,95.86362480417536,2062800,2025-05-21
94.90668487548828,94.90668487548828,95.72407226528998,94.16904445178658,95.10605229073826,2431000,2025-05-22
95.63436126708984,95.63436126708984,95.80381786381642,94.36840291486389,95.1459168105168,1816000,2025-05-23
97.5781478881836,97.5781478881836,97.75757476026321,95.62439283947735,95.85366346689159,2790000,2025-05-27
97.6479263305664,97.6479263305664,98.84410803420616,97.43859624357458,97.9469736577487,2340800,2025-05-28
97.82734680175781,97.82734680175781,98.56498719407249,97.019929718347,97.28906621112095,2304100,2025-05-29
97.9968032836914,97.9968032836914,98.83413118099404,97.57814313758456,97.85724990165579,4911600,2025-05-30
98.7244873046875,98.7244873046875,99.90072846049296,97.58811963273351,98.10645971262382,2658600,2025-06-02
99.22289276123047,99.22289276123047,99.63158265486547,97.27910038317982,98.38556482473915,3754100,2025-06-03
99.3125991821289,99.3125991821289,100.36922743935838,98.65470574374928,99.27272570024392,2171700,2025-06-04
98.67463684082031,98.67463684082031,99.29266439087125,98.39553007792276,99.29266439087125,1687500,2025-06-05
98.75438690185547,98.75438690185547,99.51196785712685,98.24600950771777,98.83413386663965,1550100,2025-06-06
98.3955307006836,98.3955307006836,99.1830148467509,97.52829959182974,98.32575400951758,2143400,2025-06-09
99.04346466064453,99.04346466064453,99.36244491699567,97.88715647819089,98.4553402974754,2152300,2025-06-10
98.78429412841797,98.78429412841797,99.26276833148607,98.29585725816366,98.87401136871988,1409400,2025-06-11
98.76435852050781,98.76435852050781,98.88397136422601,97.7177005074381,98.67464128262992,1730300,2025-06-12
96.78069305419922,96.78069305419922,99.23286283137672,96.61123645486828,98.2061377531668,2129100,2025-06-13
97.47846984863281,97.47846984863281,98.40550743794223,96.99003297837844,97.12958636987969,2117900,2025-06-16
95.8536605834961,95.8536605834961,96.82056400413414,95.55461327066267,96.69098089128717,2848400,2025-06-17
95.58451843261719,95.58451843261719,96.39193554662894,95.40509156227132,95.45493531712432,3076900,2025-06-18
96.12279510498047,96.12279510498047,96.73085238484329,95.07613713666868,95.34528123370379,4741900,2025-06-20
96.6411361694336,96.6411361694336,96.80063009603758,95.21569152203868,95.92343631498264,2010100,2025-06-23
95.71410369873047,95.71410369873047,96.89034485185161,95.355257555065,96.66108182659062,1843000,2025-06-24
94.9465560913086,94.9465560913086,95.32534276360458,94.20891568522102,95.32534276360458,2033300,2025-06-25
94.66744995117188,94.66744995117188,95.87359427356773,94.27869300449424,95.27550724830132,2057500,2025-06-26
94.4780502319336,94.4780502319336,95.19575768469527,94.18897319651076,94.68738030480759,3093600,2025-06-27
95.80381774902344,95.80381774902344,96.03308076665193,94.33849959123835,94.3484698631189,2824400,2025-06-30
97.32894134521484,97.32894134521484,97.70772801687045,95.1857892178852,95.9234372278148,2415000,2025-07-01
97.71769714355469,97.71769714355469,97.86722079814442,96.82056282110537,97.37878395790105,1608900,2025-07-02
98.09649658203125,98.09649658203125,98.37560336258352,97.05980882205895,97.94697291956699,1204900,2025-07-03
98.26595306396484,98.26595306396484,98.55503011635277,97.488439146206,98.00677922301544,2389900,2025-07-07
97.72766876220703,97.72766876220703,98.03667874221964,97.03986450466766,97.58811537735689,1723600,2025-07-08
98.07655334472656,98.07655334472656,98.23604727499965,97.25916596479993,97.7476028173552,2472600,2025-07-09
98.77432250976562,98.77432250976562,99.54187375764948,97.82735199390251,98.07655556177063,1603200,2025-07-10
97.73764038085938,97.73764038085938,98.89394095770749,96.9202529990065,98.39553383206331,1425800,2025-07-11
96.76075744628906,96.76075744628906,97.00996100493357,95.81378696547553,96.74082450783669,1822900,2025-07-14
95.20573425292969,95.20573425292969,96.73085888837129,95.1558904967679,96.36203486600661,2036900,2025-07-15
96.00318145751953,96.00318145751953,96.05302521385869,94.97646395968445,95.62439476664613,2043500,2025-07-16
96.72088623046875,96.72088623046875,97.33891380821963,96.07295544179416,96.79066292432053,1271000,2025-07-17
96.29225158691406,96.29225158691406,96.99998876650454,95.87359144210092,96.4118720304702,1983000,2025-07-18
96.18260192871094,96.18260192871094,96.97008607487874,95.86362168261287,96.14272844731256,2034600,2025-07-21
97.79744720458984,97.79744720458984,98.46531093047884,96.37200251518047,96.40190572602785,1840600,2025-07-22
96.75078582763672,96.75078582763672,98.08652083802268,96.46170879102267,97.98684093697035,2294200,2025-07-23
96.9700927734375,96.9700927734375,97.5881203701714,96.60127635393086,97.1694601942014,2411900,2025-07-24
96.92024993896484,96.92024993896484,97.29903660466296,95.75397152191232,96.87040618593845,1652700,2025-07-25
95.37519073486328,95.37519073486328,96.89034509613441,95.28547349490366,96.5215286793266,3007100,2025-07-28
96.45175170898438,96.45175170898438,97.04983875501627,95.0362696537653,95.6343643048866,2035000,2025-07-29
95.64432525634766,95.64432525634766,96.84050693204384,95.11601491507811,96.36203274074751,2216800,2025-07-30
93.47126770019531,93.47126770019531,95.24560343114535,93.01273406357534,94.98642959998134,4360100,2025-07-31
93.71051025390625,93.71051025390625,94.06936399415908,91.74678495449196,92.70372572680309,4729700,2025-08-01
91.20850372314453,91.20850372314453,93.86999594099193,90.99917364360375,93.00277241219288,2882900,2025-08-04
90.84964752197266,90.84964752197266,92.12556850843784,90.83967725033462,90.86958806524872,2475700,2025-08-05
92.20531463623047,92.20531463623047,92.50436194195109,90.54063672693823,90.83967642756997,2253400,2025-08-06
92.33489990234375,92.33489990234375,92.99280094825791,91.7069096717713,92.4744532869154,1988900,2025-08-07
90.6303482055664,90.6303482055664,92.76353005498909,90.22165832483411,92.11560688785035,1670300,2025-08-08
91.36799621582031,91.36799621582031,91.72684234289505,90.70012490007217,90.73002811023764,2470700,2025-08-11
91.95611572265625,91.95611572265625,91.99598920577002,91.0290781542568,91.44773831931738,2308900,2025-08-12
93.39153289794922,93.39153289794922,94.07932958389452,91.74678780487316,91.85643798475087,2390600,2025-08-13
92.30500030517578,92.30500030517578,93.0825142225346,92.07573728087222,92.90308734890645,1588400,2025-08-14
92.4800033569336,92.4800033569336,93.1500015258789,92.11000061035156,92.88999938964844,1962200,2025-08-15
92.80000305175781,92.80000305175781,94.06999969482422,92.37999725341797,92.62000274658203,2252200,2025-08-18
94.05999755859375,94.05999755859375,94.19999694824219,92.68000030517578,93.05000305175781,2275900,2025-08-19
94.91000366210938,94.91000366210938,95.88999938964844,93.8499984741211,94.54000091552734,1741300,2025-08-20
94.95999908447266,94.95999908447266,95.05000305175781,94.0199966430664,94.52999877929688,1778400,2025-08-21
95.0199966430664,95.0199966430664,95.9800033569336,94.54000091552734,95.38999938964844,1717000,2025-08-22
92.75,92.75,95.08000183105469,92.73999786376953,94.73999786376953,2429100,2025-08-25
92.37999725341797,92.37999725341797,92.8499984741211,91.69999694824219,92.72000122070312,2463800,2025-08-26
93.02999877929688,93.02999877929688,93.12000274658203,92.41999816894531,92.41999816894531,1225900,2025-08-27
92.08999633789062,92.08999633789062,92.95999908447266,91.9000015258789,92.79000091552734,1511200,2025-08-28
93.16000366210938,93.16000366210938,93.38999938964844,92.08999633789062,92.62000274658203,1364300,2025-08-29
93.25,93.25,94.02999877929688,92.7300033569336,93.45999908447266,1971400,2025-09-02
93.27999877929688,93.27999877929688,93.44000244140625,92.0,92.8499984741211,1603400,2025-09-03
95.2300033569336,95.2300033569336,95.41000366210938,93.25,93.25,1532900,2025-09-04
95.80000305175781,95.80000305175781,96.52999877929688,94.88999938964844,94.94999694824219,2928400,2025-09-05
94.58000183105469,94.58000183105469,95.41999816894531,93.98999786376953,95.4000015258789,2223300,2025-09-08
94.91000366210938,94.91000366210938,95.19999694824219,94.02999877929688,94.37000274658203,1281100,2025-09-09
93.0,93.0,94.36000061035156,92.23999786376953,94.36000061035156,1884300,2025-09-10
94.41999816894531,94.41999816894531,94.66999816894531,93.0199966430664,93.19999694824219,1270600,2025-09-11
92.94000244140625,92.94000244140625,94.51000213623047,92.94000244140625,93.94999694824219,1480200,2025-09-12
91.25,91.25,93.27999877929688,91.04000091552734,93.04000091552734,2270000,2025-09-15
91.5199966430664,91.5199966430664,91.87999725341797,91.19000244140625,91.25,2036800,2025-09-16
92.0,92.0,92.94000244140625,91.62000274658203,91.87000274658203,1754800,2025-09-17
92.06999969482422,92.06999969482422,92.43000030517578,91.05000305175781,91.16999816894531,1586300,2025-09-18
90.3499984741211,90.3499984741211,92.0999984741211,90.22000122070312,91.88999938964844,4641500,2025-09-19
86.68000030517578,86.68000030517578,90.55000305175781,86.6500015258789,90.37000274658203,3331600,2025-09-22
87.19000244140625,87.19000244140625,87.5,85.66999816894531,86.79000091552734,2570500,2025-09-23
86.86000061035156,86.86000061035156,87.31999969482422,86.31999969482422,86.88999938964844,2264900,2025-09-24
85.83999633789062,85.83999633789062,87.61000061035156,85.61000061035156,87.54000091552734,1817300,2025-09-25
86.69999694824219,86.69999694824219,86.7699966430664,85.83999633789062,86.08000183105469,2198000,2025-09-26
86.16999816894531,86.16999816894531,86.56999969482422,85.08000183105469,86.4000015258789,2676100,2025-09-29
87.62999725341797,87.62999725341797,87.87999725341797,85.79000091552734,86.0,2433200,2025-09-30
87.91999816894531,87.91999816894531,88.5199966430664,87.08999633789062,87.72000122070312,2071400,2025-10-01
88.4000015258789,88.4000015258789,88.62999725341797,87.26000213623047,87.58999633789062,1676300,2025-10-02
87.9000015258789,87.9000015258789,88.83999633789062,87.76000213623047,88.18000030517578,1184800,2025-10-03
88.88999938964844,88.88999938964844,89.16000366210938,87.73999786376953,87.91999816894531,2352000,2025-10-06
90.01000213623047,90.01000213623047,90.5199966430664,88.2300033569336,88.9000015258789,2282100,2025-10-07
88.91999816894531,88.91999816894531,90.63999938964844,88.69999694824219,89.80999755859375,1621400,2025-10-08
87.62000274658203,87.62000274658203,88.73999786376953,87.52999877929688,88.5999984741211,1256300,2025-10-09
87.69999694824219,87.69999694824219,88.80000305175781,87.30000305175781,87.8499984741211,2208900,2025-10-10
86.5199966430664,86.5199966430664,87.30999755859375,86.08000183105469,86.66000366210938,2033300,2025-10-13
86.93000030517578,86.93000030517578,87.18000030517578,86.13999938964844,86.98999786376953,1400800,2025-10-14
86.37999725341797,86.37999725341797,86.87999725341797,86.13999938964844,86.30999755859375,1612600,2025-10-15
87.25,87.25,87.7300033569336,86.30999755859375,86.5,2560800,2025-10-16
88.4800033569336,88.4800033569336,88.58999633789062,87.27999877929688,87.87000274658203,1604900,2025-10-17
88.08000183105469,88.08000183105469,88.58999633789062,87.0999984741211,88.44999694824219,1990900,2025-10-20
87.98999786376953,87.98999786376953,88.2300033569336,87.11000061035156,87.44999694824219,2228500,2025-10-21
88.12000274658203,88.12000274658203,89.69000244140625,87.83999633789062,88.23999786376953,1681000,2025-10-22
86.70999908447266,86.70999908447266,88.05999755859375,86.19999694824219,88.05999755859375,1869900,2025-10-23
85.88999938964844,85.88999938964844,88.5,85.66999816894531,87.7300033569336,2268300,2025-10-24
