Price,Close,High,Low,Open,Volume,Date
53.19960403442383,53.19960403442383,53.9324798644646,53.11130728376344,53.91481984067149,968200,2021-10-25
53.50865173339844,53.50865173339844,53.738228698873726,53.09365291909471,53.20843803352686,853400,2021-10-26
53.287906646728516,53.287906646728516,53.755888907960795,52.687479244936746,53.7293971852045,1358300,2021-10-27
53.61461639404297,53.61461639404297,53.861850037669505,52.890572122017446,53.208442505977665,1377600,2021-10-28
53.287906646728516,53.287906646728516,53.93248579701228,53.08482140322622,53.47333523280061,1130700,2021-10-29
53.234928131103516,53.234928131103516,53.552801846946885,52.9612027939483,53.287904838207155,1102000,2021-11-01
53.36737823486328,53.36737823486328,53.535146805122544,52.88173928747711,53.44684667122143,977900,2021-11-02
53.11131286621094,53.11131286621094,53.76471697370846,52.66982232989432,53.323226437391845,1474400,2021-11-03
53.3825798034668,53.3825798034668,53.48930843573625,52.662153901753356,53.1602265070809,1640700,2021-11-04
53.8272819519043,53.8272819519043,54.245307200304325,53.391468034121104,53.52488135807398,1275400,2021-11-05
52.98234558105469,52.98234558105469,53.88954747836751,52.84893224006902,53.81839279175057,1361900,2021-11-08
53.42705154418945,53.42705154418945,53.64051220860232,53.06239226181753,53.12465091542916,949300,2021-11-09
54.1563720703125,54.1563720703125,54.20973808655901,53.50710080710356,53.58714813505219,1129100,2021-11-10
53.43594741821289,53.43594741821289,54.1385812772997,53.34700406128648,53.98738265978803,1084000,2021-11-11
53.36479187011719,53.36479187011719,53.6760851322227,53.32032188879384,53.50709784605715,1211500,2021-11-12
54.40541076660156,54.40541076660156,54.41430679972975,53.44484615215189,53.676092120846754,1071000,2021-11-15
53.836185455322266,53.836185455322266,54.52103409700151,53.80950414228361,54.4409867650431,1158500,2021-11-16
54.20083999633789,54.20083999633789,54.307572024778786,53.40926277936646,53.72055943972249,1057800,2021-11-17
53.7650260925293,53.7650260925293,54.218625310367344,53.62272012292893,54.20083664006206,841400,2021-11-18
54.16526412963867,54.16526412963867,54.24531145171566,53.74723884847642,53.97848478289769,1162600,2021-11-19
54.82343292236328,54.82343292236328,54.832328954974265,53.74724368971303,54.094114319010025,1105300,2021-11-22
54.52992248535156,54.52992248535156,55.001310378110276,54.343143141738246,54.93905172785316,772800,2021-11-23
54.2897834777832,54.2897834777832,54.56549940311529,54.1652661704923,54.50324074946984,644700,2021-11-24
53.48041915893555,53.48041915893555,54.298677712513694,53.41816050346078,53.97848840273363,789700,2021-11-26
54.36982727050781,54.36982727050781,54.47655589941705,53.2758494938728,53.658297423042995,1160000,2021-11-29
52.34196853637695,52.34196853637695,54.12969107334337,52.30639458484805,53.99627772837251,3459500,2021-11-30
52.475379943847656,52.475379943847656,53.56046515720959,52.45759127231885,52.63547459476473,1676300,2021-12-01
52.973445892333984,52.973445892333984,53.47151506100442,52.671045300137614,52.671045300137614,1365000,2021-12-02
54.040748596191406,54.040748596191406,54.12079592591454,52.79557205841659,53.302537349049004,1216700,2021-12-03
54.76116943359375,54.76116943359375,55.428229321181306,54.28978153207466,54.52102746692118,1373600,2021-12-06
55.1702995300293,55.1702995300293,55.21477290415767,54.34314498530454,54.57439431654055,1477900,2021-12-07
55.03689193725586,55.03689193725586,55.63279717620071,54.80564259614127,55.22366790234226,727100,2021-12-08
55.27703857421875,55.27703857421875,55.597224515834405,54.707811205825045,55.188095207512305,878100,2021-12-09
55.61499786376953,55.61499786376953,55.88182449751895,55.13471738727206,55.428221934418204,1185700,2021-12-10
56.691200256347656,56.691200256347656,57.046963509399774,55.74842101971726,55.77510233066457,1621000,2021-12-13
56.4510612487793,56.4510612487793,56.91355655563357,56.3532252463698,56.780143208194744,1413800,2021-12-14
57.70512771606445,57.70512771606445,57.8029637138742,56.637834558101886,56.637834558101886,1497900,2021-12-15
58.1765251159668,58.1765251159668,58.38998240029125,57.59840513464021,57.62508644697017,1227900,2021-12-16
57.08253860473633,57.08253860473633,58.17651981028729,57.00248788936231,57.34936527507094,3035500,2021-12-17
57.38493728637695,57.38493728637695,57.536142689099194,56.26427813535244,56.67341079024781,1343400,2021-12-20
56.68230056762695,56.68230056762695,57.91858771629501,56.4510546377026,57.678442361891996,1184200,2021-12-21
56.664512634277344,56.664512634277344,57.0558566031749,56.406581998929774,56.44215934025537,955800,2021-12-22
56.49552536010742,56.49552536010742,56.92244327754799,56.42437067744632,56.76234863440253,876300,2021-12-23
56.84239196777344,56.84239196777344,56.88686194489549,56.24648681008594,56.477732726825714,649200,2021-12-27
57.40272521972656,57.40272521972656,57.40272521972656,56.806816648016984,57.08253594452045,626400,2021-12-28
57.98084259033203,57.98084259033203,58.06088651279748,57.36714537536292,57.50945472954616,985300,2021-12-29
57.900794982910156,57.900794982910156,58.1854069208348,57.49166574624873,58.15872561191747,670000,2021-12-30
57.85633087158203,57.85633087158203,58.105365479708794,57.491668205622034,57.918589523613726,784500,2021-12-31
57.553932189941406,57.553932189941406,57.954172234956054,56.92244957920428,57.79407757408715,1222800,2022-01-03
57.456092834472656,57.456092834472656,58.354402089472416,57.38493814808598,57.38493814808598,1220400,2022-01-04
58.16762161254883,58.16762161254883,58.505596168128584,57.39382972593799,57.39382972593799,1706400,2022-01-05
57.509464263916016,57.509464263916016,58.37218942036815,57.278214917871665,58.11425876241188,1730500,2022-01-06
57.883018493652344,57.883018493652344,58.132053128935766,56.90466183976008,57.26042511975891,1401600,2022-01-07
57.616188049316406,57.616188049316406,58.16762669567803,57.43830811729495,57.85633342179826,1206700,2022-01-10
56.80681610107422,56.80681610107422,57.74959524756593,56.45105288203645,57.669544536693245,1506200,2022-01-11
57.029178619384766,57.029178619384766,57.07364520937192,56.29985665104602,56.46884733577667,1516500,2022-01-12
57.25152587890625,57.25152587890625,57.69623244590998,56.904651906656184,57.01138053274136,2117500,2022-01-13
56.700096130371094,56.700096130371094,57.29600139447105,56.43327282714959,57.1981653916266,2300600,2022-01-14
56.1931266784668,56.1931266784668,56.566678596767986,55.3215021429219,56.44216129066759,1764700,2022-01-18
56.42436599731445,56.42436599731445,56.96691192549872,55.97076680792087,56.264271367448075,1086400,2022-01-19
56.504417419433594,56.504417419433594,57.08253733517802,56.27317148884101,56.55778343088202,1208000,2022-01-20
56.691200256347656,56.691200256347656,57.47388484160982,56.56667955529512,56.99360088750516,1668000,2022-01-21
55.67726516723633,55.67726516723633,57.01138497213345,54.42319268634672,56.67341039773917,2453600,2022-01-24
55.65058517456055,55.65058517456055,56.13086912997794,54.95684394529689,55.134727268730245,2139700,2022-01-25
55.45491409301758,55.45491409301758,56.25538736523289,55.07246612883051,55.730633418523354,1735400,2022-01-26
56.202022552490234,56.202022552490234,56.63783654176778,55.63279861021596,55.90851794162357,1837700,2022-01-27
56.7801399230957,56.7801399230957,56.85129121619545,55.67726604089124,55.91740801668194,2181100,2022-01-28
57.26042556762695,57.26042556762695,57.304898946711795,56.16645101326316,56.379908304363546,1821500,2022-01-31
56.326534271240234,56.326534271240234,57.44718991183532,55.89072035150036,57.07363803163696,1542700,2022-02-01
56.89575958251953,56.89575958251953,57.046958187572095,55.98855777367855,56.28206234524488,2289100,2022-02-02
57.50056457519531,57.50056457519531,58.03421113655554,56.88686729750475,57.38493651668307,3139400,2022-02-03
57.527252197265625,57.527252197265625,58.158734822490935,56.904662212140444,57.12701892875316,1930600,2022-02-04
57.74070739746094,57.74070739746094,57.918594121447306,57.08254348292309,57.57172349177974,1989300,2022-02-07
57.758506774902344,57.758506774902344,58.21210271070208,57.509472115478445,58.08758538099013,1987400,2022-02-08
57.651763916015625,57.651763916015625,58.140943895070166,57.34936668218865,58.10536655244036,1939900,2022-02-09
55.967708587646484,55.967708587646484,57.3382389965195,55.7885539061562,57.32927938304476,1551700,2022-02-10
56.52309799194336,56.52309799194336,56.84557580918778,55.922933600921226,56.093128707981506,2154400,2022-02-11
55.8870964050293,55.8870964050293,56.872445572561816,55.38546733226315,56.702247065366066,1284300,2022-02-14
55.40338134765625,55.40338134765625,56.32602690807626,55.26005826308982,56.01250531133653,1646900,2022-02-15
55.46608352661133,55.46608352661133,55.815436739588876,55.04507389887064,55.546702973130486,1671500,2022-02-16
55.89604949951172,55.89604949951172,56.14686400663781,54.9554882636061,55.48399270154422,1200800,2022-02-17
55.994590759277344,55.994590759277344,56.397688011536864,55.44817383631661,55.71690419879231,1492200,2022-02-18
56.155826568603516,56.155826568603516,56.5589237986711,55.68106950713045,56.41560071876838,2425600,2022-02-22
55.54670333862305,55.54670333862305,56.35289780911933,55.483999703927985,56.28123797679289,1949400,2022-02-23
55.51087188720703,55.51087188720703,55.67211077188423,54.78529690615962,55.29588556860689,2140300,2022-02-24
57.454689025878906,57.454689025878906,57.71446315399549,55.8870914775148,56.119993598271556,2660000,2022-02-25
57.3382453918457,57.3382453918457,57.53531590517477,56.702246030763284,56.93514816780522,2817500,2022-02-28
56.99785614013672,56.99785614013672,58.01903015696413,56.55892725896668,57.54427306644525,1742100,2022-03-01
57.75926208496094,57.75926208496094,57.92945376564403,56.791828686007534,57.141178496598954,1829600,2022-03-02
58.47587585449219,58.47587585449219,58.861057302608685,57.81300783942568,57.81300783942568,1969400,2022-03-03
60.01659393310547,60.01659393310547,60.01659393310547,58.18922219324923,58.35046107718311,1656700,2022-03-04
59.99868392944336,59.99868392944336,60.40177773824655,59.541839267731866,60.03450871913761,2196200,2022-03-07
59.04916763305664,59.04916763305664,60.580933795012754,59.02229562157769,60.26741560411834,2043700,2022-03-08
58.4221305847168,58.4221305847168,59.5866276853506,58.33255493608095,59.416436003197674,2225900,2022-03-09
59.165626525878906,59.165626525878906,59.29998659326,58.05486651817546,58.29672830783044,2739600,2022-03-10
59.084983825683594,59.084983825683594,59.77473049966091,58.861041342944866,58.98644858654398,1525700,2022-03-11
59.273101806640625,59.273101806640625,59.80160968312455,58.789385165754375,59.38059667156524,2179800,2022-03-14
60.24055099487305,60.24055099487305,60.527197209510994,59.362693118315356,59.86432911957039,2657000,2022-03-15
59.54183578491211,59.54183578491211,60.29427933978049,58.547530491562426,60.088256057264026,2402600,2022-03-16
59.85535430908203,59.85535430908203,60.222623309017074,59.299974419247256,59.58662056112063,2583900,2022-03-17
59.299991607666016,59.299991607666016,60.01661058715685,59.10292788078186,59.855371658480664,5173900,2022-03-18
60.007633209228516,60.007633209228516,60.44656545048776,59.34476529161793,59.452260156980344,1771400,2022-03-21
60.02555465698242,60.02555465698242,60.39281683406516,59.82848414695511,60.186793543897195,2306600,2022-03-22
60.58989715576172,60.58989715576172,61.01986986855683,59.7030865512158,60.070348787771415,2072700,2022-03-23
60.95716857910156,60.95716857910156,61.458797734902205,60.57198709613044,60.58989949418703,2067100,2022-03-24
61.736480712890625,61.736480712890625,61.85293521308752,61.01090903584227,61.09152507365462,1706900,2022-03-25
61.91564178466797,61.91564178466797,61.91564178466797,61.02882432164883,61.80814689497894,1402800,2022-03-28
62.1754264831543,62.1754264831543,62.19333888403729,61.431935414073784,61.933564649026536,1736700,2022-03-29
62.694950103759766,62.694950103759766,62.694950103759766,61.969378478239115,62.327687900611416,1980200,2022-03-30
62.65016174316406,62.65016174316406,63.259285672496986,62.39934721358875,62.703905761163526,2226600,2022-03-31
63.689247131347656,63.689247131347656,63.78778238040016,62.27392885785078,62.45308696257482,1672100,2022-04-01
63.2324104309082,63.2324104309082,63.438440568613494,62.399350767733615,63.28616128615258,1601700,2022-04-04
63.698219299316406,63.698219299316406,64.39691895998858,63.13388653512369,63.38470109698712,1933900,2022-04-05
65.8928451538086,65.8928451538086,65.96450840069096,63.75195520102741,64.02068895974459,3617600,2022-04-06
64.81792449951172,64.81792449951172,65.5166240788335,64.31629543419012,65.35538518866821,3050700,2022-04-07
64.9522933959961,64.9522933959961,65.36434683160934,64.59398398071129,65.13144468654666,1834100,2022-04-08
64.71044158935547,64.71044158935547,65.55246781966046,64.52233065508867,65.09562307404981,1634300,2022-04-11
65.23893737792969,65.23893737792969,65.42704827696707,64.18192839701716,64.50440617656223,1473900,2022-04-12
64.4058837890625,64.4058837890625,65.44497374863523,64.35213292560914,65.19415916646888,1701400,2022-04-13
64.09234619140625,64.09234619140625,64.82687731755453,64.08338657784098,64.56710319762392,2472100,2022-04-14
63.99381637573242,63.99381637573242,64.65668431798007,63.76987385687466,64.31629414962227,1017800,2022-04-18
64.77313995361328,64.77313995361328,64.98812971883564,64.0923595329616,64.10131231420775,1707300,2022-04-19
65.42705535888672,65.42705535888672,65.61516627828551,64.88959461286387,65.346432488182,1481500,2022-04-20
65.24789428710938,65.24789428710938,66.07200801708741,65.00603935423773,65.30164514322385,1311100,2022-04-21
64.28047180175781,64.28047180175781,65.20311401911374,64.16401730127083,65.18519478787684,1360300,2022-04-22
63.2324104309082,63.2324104309082,64.66564811157305,62.62329330106453,64.52232160983306,2958600,2022-04-25
63.04429626464844,63.04429626464844,64.01172959884153,62.90993621894112,62.90993621894112,1593000,2022-04-26
62.89202117919922,62.89202117919922,63.787791325892016,62.60537500562488,63.062219694009684,1391300,2022-04-27
63.48322677612305,63.48322677612305,63.68029044911706,62.48892146022574,63.035341744968704,2037000,2022-04-28
61.53044509887695,61.53044509887695,63.241362289923536,61.40503784232623,63.169699047842286,2110700,2022-04-29
60.73322296142578,60.73322296142578,62.30977361014703,60.21367459950921,61.95147099355496,2015400,2022-05-02
60.45551681518555,60.45551681518555,61.960410724118304,60.36594117990514,60.89444904617049,2112100,2022-05-03
61.66481018066406,61.66481018066406,61.80813667655399,60.44656913651701,60.49135354084501,2247400,2022-05-04
60.853206634521484,60.853206634521484,61.79106856681572,60.41132157162604,61.51151396469869,1370900,2022-05-05
61.0966796875,61.0966796875,61.33114857658249,60.348187347839676,60.6006891298558,2060700,2022-05-06
62.386253356933594,62.386253356933594,62.84617128614862,60.59168107648805,60.82614310457891,2055600,2022-05-09
61.57462692260742,61.57462692260742,63.30607351104443,61.01551783184637,62.35919188306661,1880100,2022-05-10
61.845176696777344,61.845176696777344,62.873223675555636,61.45740410792882,61.5115096709725,1345400,2022-05-11
61.845176696777344,61.845176696777344,62.26902195437434,61.06061163185366,61.86320959107255,2882600,2022-05-12
62.62974166870117,62.62974166870117,62.82813792823887,61.71893248469093,62.31411438314521,2445800,2022-05-13
62.29608154296875,62.29608154296875,62.90930321838322,62.06161261056235,62.8732305456931,1953500,2022-05-16
62.503482818603516,62.503482818603516,62.674826271932716,61.55660108215829,62.476430037584784,1409500,2022-05-17
62.133758544921875,62.133758544921875,62.828138580352196,61.98946785279362,62.71992744141488,1575200,2022-05-18
62.41330337524414,62.41330337524414,62.602679718851924,61.457401770321674,61.96240535327576,1679700,2022-05-19
62.07062530517578,62.07062530517578,62.575628903993106,61.502489376348265,62.530536348316694,2142000,2022-05-20
62.79206848144531,62.79206848144531,63.05359021152955,61.980457385508416,62.909306393645345,1548700,2022-05-23
64.66780090332031,64.66780090332031,64.75797914202704,62.75599059400817,63.017512302368694,1634000,2022-05-24
63.612693786621094,63.612693786621094,64.73993884192663,63.3601919950579,64.71288606142456,2113400,2022-05-25
63.856178283691406,63.856178283691406,64.30707632411891,63.63072926347766,64.02752174070444,1535700,2022-05-26
64.45136260986328,64.45136260986328,64.55957372889463,63.54054670378954,63.67581748273635,1544700,2022-05-27
64.06358337402344,64.06358337402344,64.34313790928209,63.24294577933179,63.72991640472734,3033500,2022-05-31
63.87422180175781,63.87422180175781,64.43333100135519,63.522521860024476,64.33413287623465,1866200,2022-06-01
64.280029296875,64.280029296875,64.34315475297952,62.873229486454896,64.2439566247926,1573700,2022-06-02
64.15377807617188,64.15377807617188,64.45137245930162,63.96440170876895,64.09967250838781,1954600,2022-06-03
64.20787048339844,64.20787048339844,64.57761013456127,64.08161959767388,64.38823380597442,1833900,2022-06-06
64.7669906616211,64.7669906616211,64.9022614422826,63.77501640369955,64.00948529816898,1416200,2022-06-07
63.36020278930664,63.36020278930664,64.49646104491762,63.2880574422383,64.49646104491762,1760800,2022-06-08
61.204898834228516,61.204898834228516,63.56760002185605,61.16882616752672,63.41429634849167,2002600,2022-06-09
61.06061553955078,61.06061553955078,61.610711732892916,60.411321220841465,60.70891559694299,2140800,2022-06-10
58.346195220947266,58.346195220947266,60.79006830032102,58.093693455737736,60.546579540899614,1706700,2022-06-13
56.380287170410156,56.380287170410156,58.788084315021976,55.767065606093674,58.53558253209594,2117600,2022-06-14
56.50653839111328,56.50653839111328,57.22797451801889,55.703940484925866,56.659845503125055,2516200,2022-06-15
55.4604606628418,55.4604606628418,55.8121605946813,54.739024464186514,55.8121605946813,1663300,2022-06-16
55.15385055541992,55.15385055541992,55.82118119778003,54.45045068272404,55.5776958325978,2620700,2022-06-17
55.84823226928711,55.84823226928711,56.10073407429649,55.1809016473749,55.216974316684556,2348300,2022-06-21
56.56966018676758,56.56966018676758,56.98448550295974,55.61375523025302,55.61375523025302,1920500,2022-06-22
57.82316589355469,57.82316589355469,57.89530434949641,56.786099047635346,56.867260830707984,1717000,2022-06-23
58.788089752197266,58.788089752197266,59.058624453143054,57.85924087331614,58.08468989751673,2345900,2022-06-24
59.689884185791016,59.689884185791016,59.71693696711597,58.38227575376806,58.49951364638689,1092000,2022-06-27
60.0235481262207,60.0235481262207,60.537571644387064,59.69890096946738,59.86122454784404,1504700,2022-06-28
59.96942901611328,59.96942901611328,60.276036328156444,59.77103281177622,60.07764700397628,1733800,2022-06-29
60.87123107910156,60.87123107910156,61.3401619801453,59.58166250103429,59.71693327946381,2486400,2022-06-30
62.25099182128906,62.25099182128906,62.422335304342305,60.754013677246334,61.19589189757616,2260000,2022-07-01
59.617740631103516,59.617740631103516,62.260003475307336,58.779069984167606,61.9714289989508,1722300,2022-07-05
60.75400924682617,60.75400924682617,61.240979994603194,59.68988951208942,59.88828576638657,1874100,2022-07-06
59.86122131347656,59.86122131347656,61.10570430717635,59.82514864465764,60.82614284386917,2975600,2022-07-07
59.53656768798828,59.53656768798828,59.99648556512578,59.401303794851366,59.852201785727296,2408600,2022-07-08
59.75300216674805,59.75300216674805,60.30309825212267,59.157813531362855,59.33817685124799,1073500,2022-07-11
59.4373893737793,59.4373893737793,60.33016566324425,59.20292044113639,59.410329709115295,2025600,2022-07-12
59.46443557739258,59.46443557739258,59.85220816608948,58.9413922009813,58.9413922009813,1457300,2022-07-13
59.329166412353516,59.329166412353516,59.48247009854895,58.418350422334164,58.54460132627844,2325900,2022-07-14
59.69890213012695,59.69890213012695,59.888285375380406,58.84219854324657,59.888285375380406,1210700,2022-07-15
58.44540023803711,58.44540023803711,59.64479064478781,58.39129467628105,59.49148696637369,1518200,2022-07-18
58.5806770324707,58.5806770324707,59.06764777870809,58.51755157722652,58.78809317407794,1510900,2022-07-19
57.60673904418945,57.60673904418945,58.82416591113788,57.57968282042661,58.77907335155959,1657700,2022-07-20
57.64280319213867,57.64280319213867,57.796106872931006,57.390301393149414,57.55262496109365,2092000,2022-07-21
58.77907180786133,58.77907180786133,58.78809169557182,57.77807755690789,58.00352658856121,1673500,2022-07-22
59.40130615234375,59.40130615234375,59.41933904542525,58.454417581861684,58.56263558082345,959100,2022-07-25
60.13175964355469,60.13175964355469,60.17685219718372,59.32916172609343,59.5005051736945,1035800,2022-07-26
60.1588134765625,60.1588134765625,60.25801159215636,59.54559188932676,59.86121912978093,1265600,2022-07-27
61.80009078979492,61.80009078979492,62.04357961000426,60.28507294015048,60.28507294015048,1754700,2022-07-28
61.98044204711914,61.98044204711914,62.36821460194912,61.56560983298315,61.727933388031914,1498000,2022-07-29
62.25099182128906,62.25099182128906,62.305097392712554,61.51151919781176,61.80009371233561,1890000,2022-08-01
62.133758544921875,62.133758544921875,63.14376586918415,62.079646095294336,62.70188766481941,2290800,2022-08-02
62.53053665161133,62.53053665161133,62.638754657664805,60.81712961012535,61.91732192444914,1354800,2022-08-03
62.28542709350586,62.28542709350586,63.0661515482487,62.24003339860704,62.50330159158827,1031100,2022-08-04
61.37760543823242,61.37760543823242,62.32173744936073,61.00539655235753,62.18556329779419,2037200,2022-08-05
61.92230224609375,61.92230224609375,62.29451117481255,61.577333691707864,61.577333691707864,2002500,2022-08-08
62.35806655883789,62.35806655883789,62.612254677853926,62.03125128407248,62.194658921455186,1774100,2022-08-09
62.421600341796875,62.421600341796875,62.693941728901954,61.858750393344536,62.621321514670456,2096900,2022-08-10
62.348976135253906,62.348976135253906,62.857352289322314,61.83151985668981,62.33989601075822,2056100,2022-08-11
63.24771499633789,63.24771499633789,63.24771499633789,62.6939451418081,62.80288585824379,1710900,2022-08-12
63.64715576171875,63.64715576171875,63.70162265551272,62.939058437975056,63.28402697551274,1001200,2022-08-15
63.78333282470703,63.78333282470703,64.21908184709817,63.538217939269416,63.56545138740563,1662500,2022-08-16
63.928585052490234,63.928585052490234,64.42788805998356,63.67439694907777,63.71071052472331,2007000,2022-08-17
64.01934814453125,64.01934814453125,64.1555222846983,63.74700679030164,63.946727939066044,1878500,2022-08-18
64.40064239501953,64.40064239501953,64.62759700517834,63.91949972965965,63.9467331747019,1612900,2022-08-19
63.61991882324219,63.61991882324219,64.38248299892891,63.4746645462894,64.1736886334407,1599900,2022-08-22
62.957218170166016,62.957218170166016,63.51098806713535,62.51238899798131,63.51098806713535,2023000,2022-08-23
62.9481315612793,62.9481315612793,63.12061929289559,62.38528852313014,63.07523252348981,1680800,2022-08-24
63.220489501953125,63.220489501953125,63.23864975336316,62.56685897332303,63.01169509348363,1795900,2022-08-25
62.421600341796875,62.421600341796875,63.44743272615944,62.24003249095484,63.402039031922605,1521900,2022-08-26
63.038917541503906,63.038917541503906,63.383886070910656,61.64087624953124,62.18556595294913,2393800,2022-08-29
61.83152389526367,61.83152389526367,63.10247128955324,61.58640900060965,62.88458984405942,1288200,2022-08-30
61.31407165527344,61.31407165527344,62.1220296891844,61.25960475333544,61.885994903942134,1580100,2022-08-31
61.822452545166016,61.822452545166016,62.12203438066266,61.02357457661535,61.314076285734416,2427000,2022-09-01
60.95093536376953,60.95093536376953,62.41252374668956,60.696747284323564,61.731659851271125,2647900,2022-09-02
61.15974044799805,61.15974044799805,62.16741962951129,61.06895304878659,61.06895304878659,1976400,2022-09-06
63.29310989379883,63.29310989379883,63.42020393566543,61.57733340249393,61.59548672585809,1533100,2022-09-07
63.102474212646484,63.102474212646484,63.59269709855701,62.73934537944168,63.129707663068224,1201500,2022-09-08
63.411136627197266,63.411136627197266,63.62901118213177,62.757506036286514,63.238655779006585,1214500,2022-09-09
63.75609588623047,63.75609588623047,63.96489026124819,63.22955949740284,63.54729458510729,1723200,2022-09-12
61.76795959472656,61.76795959472656,63.42018866732585,61.53192489118261,63.284014533508035,1268900,2022-09-13
62.35806655883789,62.35806655883789,62.55778777409529,61.61365552767374,61.61365552767374,1492000,2022-09-14
60.49702835083008,60.49702835083008,62.0584773839239,60.47887502709674,62.0584773839239,1822800,2022-09-15
60.678592681884766,60.678592681884766,60.99633473686688,60.34270422826168,60.433484704211,2777900,2022-09-16
61.005401611328125,61.005401611328125,61.05987543213511,60.22467713211583,60.49702545783384,966600,2022-09-19
60.59688949584961,60.59688949584961,60.82384413815616,59.81616497222659,60.62412294474943,1890600,2022-09-20
59.82524108886719,59.82524108886719,61.54101751565722,59.82524108886719,60.94185397558168,1442600,2022-09-21
59.71630859375,59.71630859375,60.106670883135834,59.153465473779626,59.49843406105523,1417500,2022-09-22
59.24423599243164,59.24423599243164,59.534737629224374,58.463511544906424,59.298702884922356,1184300,2022-09-23
57.664634704589844,57.664634704589844,59.1716133588854,57.28334911284844,59.080832889117566,1833800,2022-09-26
56.057796478271484,56.057796478271484,58.100388252783404,55.86715541044976,58.100388252783404,2166100,2022-09-27
56.65694808959961,56.65694808959961,56.992839939115,55.74005299885139,56.79312223934902,2537300,2022-09-28
54.2239990234375,54.2239990234375,56.52985886302605,54.11506177222035,56.37552791600337,1745700,2022-09-29
52.8713493347168,52.8713493347168,54.77776674075681,52.68978494770045,54.62343579972449,3710200,2022-09-30
54.33293914794922,54.33293914794922,54.88670902075505,53.1346189320313,53.897186656983884,2042300,2022-10-03
54.99565124511719,54.99565124511719,55.27707278859624,54.1150661142369,54.45095801922145,1728600,2022-10-04
53.134620666503906,53.134620666503906,54.37833462122644,52.92582280754137,54.37833462122644,2114300,2022-10-05
51.373443603515625,51.373443603515625,53.26170408241008,51.300816468955034,53.26170408241008,3128900,2022-10-06
50.19329071044922,50.19329071044922,51.446077872204846,49.96633606277642,51.38253084790071,2659600,2022-10-07
50.32944869995117,50.32944869995117,51.092016261907354,50.22959158917962,50.27498181463073,2111700,2022-10-10
50.3112907409668,50.3112907409668,50.810593598412794,49.83014812893935,50.0571027139413,1938600,2022-10-11
48.44119644165039,48.44119644165039,50.284066916152476,48.3958062085792,50.284066916152476,1974100,2022-10-12
49.49427032470703,49.49427032470703,49.8573956856803,47.57877253092142,47.878354330201155,2200700,2022-10-13
49.08575439453125,49.08575439453125,50.27499807917689,48.886033182271575,49.993573049452195,2227200,2022-10-14
50.256832122802734,50.256832122802734,50.81967861652592,49.80292287814311,49.80292287814311,1854500,2022-10-17
51.346214294433594,51.346214294433594,51.536855343428684,50.84691136175218,51.010318964620154,1697400,2022-10-18
50.501949310302734,50.501949310302734,51.04663908101154,50.00264977664414,50.692590383745504,1516600,2022-10-19
48.994964599609375,48.994964599609375,50.43839612503861,48.78616676423945,50.43839612503861,2680500,2022-10-20
49.41256332397461,49.41256332397461,49.86647259319131,48.54105835821123,49.15837524139018,2418200,2022-10-21
49.585052490234375,49.585052490234375,50.32038682559173,49.01312924800967,49.793850359101796,4240500,2022-10-24
50.610877990722656,50.610877990722656,50.75612880248783,49.70305955142718,49.748449780781456,2161000,2022-10-25
50.74705505371094,50.74705505371094,51.21911762174538,50.52917709203505,50.910462659204676,3096400,2022-10-26
51.38252639770508,51.38252639770508,52.26311146258583,50.85599346149435,50.99216416047255,3205800,2022-10-27
52.580848693847656,52.580848693847656,52.72610298621304,51.15557384901521,51.42792218414737,2169900,2022-10-28
51.791046142578125,51.791046142578125,52.571770627924465,51.61856186958064,52.571770627924465,3529400,2022-10-31
52.02708435058594,52.02708435058594,52.26311565893141,51.40068731061163,51.98169065089563,2200900,2022-11-01
51.78196334838867,51.78196334838867,53.14369097419309,51.78196334838867,51.95444760095836,3050300,2022-11-02
52.074832916259766,52.074832916259766,52.46836882918563,50.729489051550075,51.32436989421689,2068600,2022-11-03
52.193809509277344,52.193809509277344,52.82529919468074,51.553172859169415,52.239572262463255,2782500,2022-11-04
51.81857681274414,51.81857681274414,52.34024006824902,50.83931396530813,52.184657882772186,1979800,2022-11-07
52.093135833740234,52.093135833740234,52.532434513954094,51.781971463001135,52.16635344417849,2132500,2022-11-08
51.45249557495117,51.45249557495117,52.09313216513053,51.38843191593323,51.983309248415146,1712100,2022-11-09
54.17979431152344,54.17979431152344,54.33537650253852,52.038228005404186,52.85275474944302,2276200,2022-11-10
53.465938568115234,53.465938568115234,54.17064241033646,52.85275674571967,53.9784514055147,1442000,2022-11-11
52.92596435546875,52.92596435546875,53.676427320117256,52.91681040961278,53.61236366395512,1438500,2022-11-14
53.4842414855957,53.4842414855957,53.85032257230772,52.75208280337966,53.39272295952169,1397700,2022-11-15
54.39028549194336,54.39028549194336,54.69229939450584,53.621518070137505,53.658126873844374,2178100,2022-11-16
53.58491134643555,53.58491134643555,54.03336048123294,53.09070295083217,53.85031994680119,3541300,2022-11-17
54.91195297241211,54.91195297241211,55.33294377397736,53.92353614312888,54.152335947180596,3608100,2022-11-18
55.01261901855469,55.01261901855469,55.488522974335055,54.2987648304879,55.14074633526334,3246900,2022-11-21
55.11329650878906,55.11329650878906,55.5159828967949,54.63739250957787,55.177360172989815,2039000,2022-11-22
55.671573638916016,55.671573638916016,55.72648336110679,55.021779499590465,55.08584316961848,1443300,2022-11-23
56.065093994140625,56.065093994140625,56.22067965286176,55.85459862510049,55.927816227135715,658900,2022-11-25
55.64410400390625,55.64410400390625,56.07424869362569,55.18650445865832,55.70816766094436,1788900,2022-11-28
55.09498977661133,55.09498977661133,55.387853226634945,54.58247699346614,55.369548824607506,1623400,2022-11-29
55.89120864868164,55.89120864868164,56.019335963838515,54.637386861665455,54.9119458928884,3204500,2022-11-30
56.20238494873047,56.20238494873047,57.181647852051725,56.11086642160453,56.36712109052358,2090800,2022-12-01
55.38785171508789,55.38785171508789,56.129164266533934,55.09498827305658,55.6807151571192,1757100,2022-12-02
54.84788513183594,54.84788513183594,55.18650783852004,54.65569414895099,54.93940365000753,1427600,2022-12-05
55.8637580871582,55.8637580871582,55.9003668917907,54.75636793108321,54.857036907010944,1898800,2022-12-06
55.946128845214844,55.946128845214844,56.41287890752135,55.54343895728741,55.82715197003556,2501900,2022-12-07
56.742347717285156,56.742347717285156,57.0443651147859,55.52513116305401,55.836299015990654,2217100,2022-12-08
56.94369888305664,56.94369888305664,57.26401722649713,56.431186042343754,56.4677948505107,2243300,2022-12-09
58.481224060058594,58.481224060058594,58.50867891595368,57.0443617480905,57.74906198491949,2248700,2022-12-12
58.71918487548828,58.71918487548828,59.83572205045834,58.041932430322994,59.22254025334176,2482300,2022-12-13
58.35309600830078,58.35309600830078,59.46048962819269,57.94125918559888,58.8839096975116,1998600,2022-12-14
57.803977966308594,57.803977966308594,58.20666433402451,57.34637839295554,58.10599536050129,3223900,2022-12-15
56.65998077392578,56.65998077392578,57.4836614277537,56.03764505574642,57.181644024280864,2894600,2022-12-16
56.35796356201172,56.35796356201172,57.273162683256146,56.05594617622141,56.641673055224636,1562000,2022-12-19
56.54099655151367,56.54099655151367,56.815559061226224,55.90951045983095,56.293892387496776,1260600,2022-12-20
57.34638214111328,57.34638214111328,57.35553259704703,56.632527877211494,56.67828713929608,1131200,2022-12-21
57.26401138305664,57.26401138305664,57.41959705628553,56.1017080264229,57.12673011204337,1288700,2022-12-22
58.224971771240234,58.224971771240234,58.234125718260806,57.04436746376091,57.04436746376091,1269200,2022-12-23
58.8564567565918,58.8564567565918,58.9754371181822,58.19751572409009,58.3164925944727,1240700,2022-12-27
58.23412322998047,58.23412322998047,59.15847284071324,58.11514636225187,58.9754358026172,938400,2022-12-28
58.737483978271484,58.737483978271484,59.09441110186272,58.18836586370156,58.32564364674013,796900,2022-12-29
57.95956039428711,57.95956039428711,58.7923879403434,57.50196084653322,58.66426062556551,913600,2022-12-30
58.32563781738281,58.32563781738281,58.4812234787259,57.145030148724736,58.11514244479538,1574400,2023-01-03
59.149314880371094,59.149314880371094,59.62522231899169,58.62765167653907,58.66426047815719,1679400,2023-01-04
57.91380310058594,57.91380310058594,58.95712960912702,57.73991651289836,58.682574044067366,1624400,2023-01-05
58.97543716430664,58.97543716430664,59.249992727789945,58.353097953821546,58.50868362924477,1483500,2023-01-06
59.478790283203125,59.478790283203125,60.14688872912249,58.77409001612943,58.87476248034215,1903300,2023-01-09
59.38727951049805,59.38727951049805,59.74420666383179,58.91137896685847,59.368978597534166,1133600,2023-01-10
59.84487533569336,59.84487533569336,59.918092947725526,59.33236601629977,59.4513393990402,1498800,2023-01-11
58.883914947509766,58.883914947509766,60.000459122278926,58.84731312293476,60.000459122278926,1459800,2023-01-12
58.49952697753906,58.49952697753906,58.84730711725262,58.10599456177601,58.53613578079392,1248500,2023-01-13
58.096839904785156,58.096839904785156,58.67341632977051,57.68499960122419,58.33479363182376,2027800,2023-01-17
56.11085891723633,56.11085891723633,58.27072589293299,55.97357765369964,58.23412058170309,1941400,2023-01-18
55.91866683959961,55.91866683959961,56.12001177040209,55.31463553839989,56.01018884960423,2186600,2023-01-19
56.751495361328125,56.751495361328125,56.788104163673644,55.23226497606459,55.94612265697201,1628800,2023-01-20
56.4769401550293,56.4769401550293,57.19079788433299,56.26644476408327,56.559308220287114,1374300,2023-01-23
56.5501594543457,56.5501594543457,57.12673243717007,55.781391986038656,56.72404604565986,1103300,2023-01-24
56.87963104248047,56.87963104248047,57.035213228966505,55.88206378595143,56.16577330041605,2186200,2023-01-25
57.14503860473633,57.14503860473633,57.154192552103254,56.55016120058186,56.678288534054886,1359000,2023-01-26
57.1907958984375,57.1907958984375,57.71245912988684,56.815564390005385,57.12672874661028,1517400,2023-01-27
57.355525970458984,57.355525970458984,57.8405838678965,56.9711440239086,57.00775282582983,2407000,2023-01-30
57.83143997192383,57.83143997192383,57.84974437606543,56.769808970167496,57.593489700499184,2400900,2023-01-31
58.316497802734375,58.316497802734375,58.50868880891168,57.39214459762012,57.419602949365526,2488600,2023-02-01
58.316497802734375,58.316497802734375,59.18593430435782,57.06267230634011,58.0602396366232,4634000,2023-02-02
57.428749084472656,57.428749084472656,58.142603334391936,56.30305450144307,58.060235267769876,2215500,2023-02-03
58.06938934326172,58.06938934326172,58.08769374601911,57.06266813885186,57.28231748073281,3976600,2023-02-06
57.16334533691406,57.16334533691406,57.685008639423984,56.48609983490841,57.685008639423984,2478300,2023-02-07
55.726478576660156,55.726478576660156,56.751500700312356,55.46106997149775,56.751500700312356,2152700,2023-02-08
55.36954879760742,55.36954879760742,56.27559749588148,55.278030278722554,55.68071664950674,2256600,2023-02-09
56.65939712524414,56.65939712524414,56.74243497574862,55.3492482835033,55.64449319205326,1484400,2023-02-10
56.85315704345703,56.85315704345703,57.102270621729105,56.57636535190938,56.687081324608975,1170900,2023-02-13
56.428749084472656,56.428749084472656,56.89929465986668,56.17041061324438,56.677862690127505,1795700,2023-02-14
56.44718933105469,56.44718933105469,56.511773933982916,55.60758597339082,56.01354683745353,1547200,2023-02-15
56.25344467163086,56.25344467163086,56.57636773879394,55.312350064987434,55.79212399305648,943400,2023-02-16
57.176082611083984,57.176082611083984,57.48055241055274,56.03200584798374,56.41028864101901,1699500,2023-02-17
56.428749084472656,56.428749084472656,57.000785779162854,56.33648635034761,56.70554080644548,1243200,2023-02-21
56.10581970214844,56.10581970214844,56.86238529982381,55.995100210100354,56.64094983532495,1292400,2023-02-22
55.57991409301758,55.57991409301758,56.401064296225165,55.543007595894316,56.354932934619725,1946600,2023-02-23
55.74598693847656,55.74598693847656,55.99510051755662,54.86025211481236,55.16472544022043,1319200,2023-02-24
55.081687927246094,55.081687927246094,56.484103166674096,55.017103315922206,55.95819789183827,1357200,2023-02-27
54.40815734863281,54.40815734863281,55.496874339415214,54.20517514098272,54.87870285229774,2734000,2023-02-28
53.31021499633789,53.31021499633789,54.029877628079376,52.59055588419376,54.029877628079376,2680300,2023-03-01
54.334346771240234,54.334346771240234,54.445062744152125,53.21795161875231,53.33789597583862,1666900,2023-03-02
55.21084976196289,55.21084976196289,55.238527871798766,53.88224769588779,54.56500021554978,1542900,2023-03-03
55.247764587402344,55.247764587402344,55.71831012356534,54.97097288850662,55.247764587402344,1304900,2023-03-06
54.37125015258789,54.37125015258789,55.59836120765883,54.08523009272763,55.01709974348702,1206000,2023-03-07
55.13703918457031,55.13703918457031,55.238530284530654,54.43583338785789,54.62958720436562,1437300,2023-03-08
54.555782318115234,54.555782318115234,55.810575078314464,54.39893146329167,55.34002603344109,2091800,2023-03-09
53.587005615234375,53.587005615234375,54.77721015563534,53.14413471694906,54.71262554955145,1796900,2023-03-10
54.93406295776367,54.93406295776367,56.41951598986172,53.550101030158864,53.66081699888004,2540400,2023-03-13
55.46919250488281,55.46919250488281,55.96741963842179,54.961740507210365,55.275438681705594,1921600,2023-03-14
56.89006423950195,56.89006423950195,57.17608431871867,55.09091294295262,55.45074249834301,2281000,2023-03-15
57.129947662353516,57.129947662353516,58.03413923448161,56.64094889914736,56.77011811813787,2376000,2023-03-16
56.59481430053711,56.59481430053711,57.19453251965469,56.22575639344982,56.9638722076244,3536500,2023-03-17
57.102272033691406,57.102272033691406,57.35138561812329,56.585595135252596,56.70553597547738,1616300,2023-03-20
55.31234359741211,55.31234359741211,57.10226635393308,54.4173804593531,56.973097142171376,2262100,2023-03-21
54.168270111083984,54.168270111083984,55.30311849260931,54.15904524666713,55.044780053770225,1787400,2023-03-22
53.476295471191406,53.476295471191406,54.5834658710922,53.37480435259083,54.02065404583277,1583000,2023-03-23
55.755210876464844,55.755210876464844,55.782888987623,53.60545508005661,53.6884929331281,1566900,2023-03-24
55.3953857421875,55.3953857421875,56.437967900518416,55.192403525352624,55.939744262210496,1384700,2023-03-27
55.755210876464844,55.755210876464844,56.30879421721014,55.201627535719545,55.201627535719545,886900,2023-03-28
56.437965393066406,56.437965393066406,56.44719377683835,55.930513393121856,56.10581748881705,1583600,2023-03-29
56.4564208984375,56.4564208984375,56.80702558424976,55.93974401365872,56.57636525508857,2259400,2023-03-30
56.6317253112793,56.6317253112793,56.78857264656116,56.15195140164492,56.62249692708782,1500600,2023-03-31
56.318031311035156,56.318031311035156,56.95465260331437,55.87516386602384,56.24421831040114,2823900,2023-04-03
56.124271392822266,56.124271392822266,56.64094826298123,56.00432703956513,56.41028794034678,2234700,2023-04-04
57.314476013183594,57.314476013183594,57.67430555354903,55.939742460526034,56.41028797032764,4029200,2023-04-05
57.48978042602539,57.48978042602539,58.05258866017473,56.908515424005486,57.63740289261488,1855800,2023-04-06
57.15762710571289,57.15762710571289,57.18530521740878,56.354930190157944,57.18530521740878,1452100,2023-04-10
56.954647064208984,56.954647064208984,57.3606079694217,56.88083759035087,57.1760825249778,2224200,2023-04-11
56.687076568603516,56.687076568603516,57.24066342485058,56.604038716146306,56.982321484096474,1725700,2023-04-12
56.954647064208984,56.954647064208984,57.06536303479477,55.56146024891299,56.33647908220799,2098800,2023-04-13
56.087364196777344,56.087364196777344,56.74243866018346,55.847475493255814,56.39183398866585,1488000,2023-04-14
56.59481430053711,56.59481430053711,56.650174042479314,55.89360850058771,56.37337885236533,2526000,2023-04-17
55.838253021240234,55.838253021240234,56.61327186960949,55.690630551055484,56.521005625995706,2657700,2023-04-18
56.84392547607422,56.84392547607422,57.00077279227069,56.041228609357866,56.041228609357866,1640200,2023-04-19
56.6132698059082,56.6132698059082,57.065362064545226,56.336478124351245,57.046912336092326,1330100,2023-04-20
56.862388610839844,56.862388610839844,57.212989797281864,56.4010679259027,57.06536731888588,1210900,2023-04-21
57.443641662597656,57.443641662597656,57.54513276144204,56.631719911036534,56.917736440946726,1282400,2023-04-24
57.78502655029297,57.78502655029297,58.15408096457518,57.452875113720864,57.508234859681984,1939900,2023-04-25
56.9454231262207,56.9454231262207,57.738895220787846,56.69630954865214,57.240668065650716,2257800,2023-04-26
57.66508102416992,57.66508102416992,58.135626536704365,57.000778164500375,57.32370472999406,2904300,2023-04-27
57.443641662597656,57.443641662597656,58.01568176161203,57.09304052789503,57.78502145318278,2377900,2023-04-28
56.87160873413086,56.87160873413086,57.98800385389366,56.72398626804319,57.23143827524472,5846900,2023-05-01
56.733211517333984,56.733211517333984,56.936190197241324,56.078133560641824,56.88083397526524,6304300,2023-05-02
56.4564208984375,56.4564208984375,57.489781707189685,56.327251677242806,57.0007794160418,3791700,2023-05-03
57.0032958984375,57.0032958984375,57.198607364774304,56.08253626759051,56.621971991254696,2003900,2023-05-04
57.6450309753418,57.6450309753418,57.69153319525766,56.39875232297986,56.89168224029362,1611500,2023-05-05
56.9102897644043,56.9102897644043,57.61713635314671,56.75218149064674,57.338119456703055,2092100,2023-05-08
56.9102897644043,56.9102897644043,57.04050096077751,56.482463619997866,56.724280865370076,2509900,2023-05-09
57.53342819213867,57.53342819213867,57.76594285276135,56.81728261167376,57.28231193291912,1629000,2023-05-10
57.245113372802734,57.245113372802734,57.80315073223566,56.78008401388818,57.61713827909135,2419200,2023-05-11
57.403221130371094,57.403221130371094,58.01705969870703,56.99399305288567,57.68223801636157,1323800,2023-05-12
56.491764068603516,56.491764068603516,57.68223800752298,56.259249405665045,57.65433738329587,2109800,2023-05-15
55.20827865600586,55.20827865600586,56.70567355861185,55.17107546078649,56.62196814331425,1981500,2023-05-16
54.71535110473633,54.71535110473633,55.25478326719285,54.33402365907407,55.10597402776773,2742000,2023-05-17
54.631649017333984,54.631649017333984,54.817657917039384,54.175918698114124,54.371230171540205,1720400,2023-05-18
54.52934265136719,54.52934265136719,55.161782852091136,54.47353785204717,55.00367102796396,1901300,2023-05-19
54.780460357666016,54.780460357666016,55.18968491969372,54.51074247574452,54.66885075611007,1836900,2023-05-22
54.52934265136719,54.52934265136719,55.35709432787261,54.4363346525005,54.65955030188817,1630600,2023-05-23
53.99920654296875,53.99920654296875,54.68744795774468,53.95270077211475,54.389829473318514,2121600,2023-05-24
53.16215896606445,53.16215896606445,53.989910700817695,53.087756109627854,53.952707498653076,2637100,2023-05-25
53.10634231567383,53.10634231567383,53.11564488808605,52.28789333799044,53.00403885438229,1771900,2023-05-26
52.92034149169922,52.92034149169922,53.58998134367072,52.855237666478274,53.16215519282097,1705900,2023-05-30
53.9248046875,53.9248046875,54.12941874322771,53.041248185276025,53.08775396004504,5660200,2023-05-31
53.422576904296875,53.422576904296875,54.09222038451651,52.99475070210892,54.008514949489054,2891000,2023-06-01
54.278228759765625,54.278228759765625,54.631652075194026,52.85524001959574,52.92034384771511,2806800,2023-06-02
54.86416244506836,54.86416244506836,55.133876762678696,54.259622891064915,54.31542768844581,2200000,2023-06-05
55.143184661865234,55.143184661865234,55.961633815143166,54.919968998675955,55.8221271300559,3210800,2023-06-06
56.18484115600586,56.18484115600586,56.36155101676513,54.8548570440661,55.17107711714042,2005800,2023-06-07
56.71497344970703,56.71497344970703,56.919587478646775,55.738412621580835,55.738412621580835,2655000,2023-06-08
56.44525909423828,56.44525909423828,56.87308877648053,56.212744428018645,56.817283979346605,1538100,2023-06-09
55.88722610473633,55.88722610473633,56.71497776052023,55.78491908249026,56.64987393688952,2401100,2023-06-12
55.77561569213867,55.77561569213867,55.868620133506816,55.28268221878986,55.40359083088206,1881400,2023-06-13
56.19414520263672,56.19414520263672,56.817286379331044,55.905829274996826,55.91512830096582,1980300,2023-06-14
56.75217819213867,56.75217819213867,56.93819062825394,56.25924825214151,56.501061935566874,1835500,2023-06-15
56.491764068603516,56.491764068603516,57.28231250343744,56.38945704924784,56.938191795698316,2646100,2023-06-16
55.924434661865234,55.924434661865234,56.65917839151172,55.85933083199646,56.333659242167876,1736800,2023-06-20
56.1290397644043,56.1290397644043,56.26854998517736,55.0222712154908,55.62681077498433,1641900,2023-06-21
55.440799713134766,55.440799713134766,56.51036509014153,55.28268788912101,56.370858413780155,1303600,2023-06-22
54.49213409423828,54.49213409423828,55.81281561726646,54.39912965240803,55.69191055246554,2412800,2023-06-23
55.42219543457031,55.42219543457031,55.49659828212168,54.427032956811814,54.77115366600784,1397800,2023-06-26
55.46869659423828,55.46869659423828,55.933725913167706,55.37569214960926,55.487298192742514,1487200,2023-06-27
54.3712272644043,54.3712272644043,55.51519896630956,54.24101962241556,55.46869674386961,1243800,2023-06-28
54.32472610473633,54.32472610473633,54.706050012831376,53.68298690756921,53.81319455210524,1500100,2023-06-29
54.64094924926758,54.64094924926758,54.919966152876846,54.27822691978629,54.43633519760432,2864100,2023-06-30
55.61750793457031,55.61750793457031,55.65471113298362,54.33402597244935,54.33402597244935,1118000,2023-07-03
56.00813674926758,56.00813674926758,56.52896735712535,55.19898311567295,55.459401967494266,2319900,2023-07-05
55.831417083740234,55.831417083740234,55.998827916954106,55.0594702842692,55.64540820051774,2004300,2023-07-06
55.1524772644043,55.1524772644043,55.70121201010834,55.096676016025974,55.38499192702648,1493500,2023-07-07
54.733951568603516,54.733951568603516,55.11527548318709,54.04571013637574,54.92926658662322,1798400,2023-07-10
55.53379821777344,55.53379821777344,55.53379821777344,54.52933677353293,54.836254266978756,1423400,2023-07-11
56.56616973876953,56.56616973876953,56.724281562362194,55.645413614402564,55.76631869068194,1679300,2023-07-12
56.575469970703125,56.575469970703125,56.612669620691825,56.212744113202426,56.398756554714836,1455700,2023-07-13
56.68707275390625,56.68707275390625,56.789379768244544,56.0732342157685,56.35225108803257,1508700,2023-07-14
55.80352020263672,55.80352020263672,56.687076648756914,55.77561957786092,56.538267403465575,1299100,2023-07-17
55.19898223876953,55.19898223876953,56.24065053372175,54.75255449002959,55.80352181087765,2083900,2023-07-18
56.27784729003906,56.27784729003906,56.4638597294179,55.3756928130738,55.412896010528,1758100,2023-07-19
57.403221130371094,57.403221130371094,57.47762397761886,56.0081331525265,56.45456087968971,1385700,2023-07-20
58.49138641357422,58.49138641357422,58.61229502834767,57.47762236945551,57.552028762513665,1660100,2023-07-21
58.286773681640625,58.286773681640625,58.97501864122324,58.258873057567065,58.64019696077181,1584700,2023-07-24
58.649497985839844,58.649497985839844,58.826207846794595,58.137962905380135,58.2588715196608,1464200,2023-07-25
58.98432159423828,58.98432159423828,59.30054169706626,58.519292239955504,58.519292239955504,2134400,2023-07-26
57.29160690307617,57.29160690307617,58.956412606790956,57.207901489261126,58.85410559569569,3441800,2023-07-27
56.75217819213867,56.75217819213867,57.87754828619248,56.45455971351109,57.87754828619248,2344200,2023-07-28
56.79867935180664,56.79867935180664,57.328812478689436,56.49176185366547,57.114899422920246,1603700,2023-07-31
56.20344161987305,56.20344161987305,57.040495781085745,56.11973620375178,56.7986785576723,1933000,2023-08-01
56.063941955566406,56.063941955566406,56.4173652843204,55.85933143714477,56.10114515814949,1950700,2023-08-02
54.71184539794922,54.71184539794922,56.03393101371762,54.48681152713909,55.92141407831255,1783200,2023-08-03
54.130496978759766,54.130496978759766,55.46196092635882,53.87733122301526,55.030639503507935,1317700,2023-08-04
53.95235061645508,53.95235061645508,54.514938859938816,53.93359719809244,54.3274082531613,1496400,2023-08-07
54.28052520751953,54.28052520751953,54.374292297107466,53.56791321089491,54.12112652049315,1346300,2023-08-08
54.008602142333984,54.008602142333984,54.67433591172637,53.8304500501577,54.06486239205472,1405300,2023-08-09
53.830448150634766,53.830448150634766,54.58056690286598,53.596035817009486,54.11174223561543,1101600,2023-08-10
54.158634185791016,54.158634185791016,54.25240128300778,53.680434508957106,53.98986056449889,1127800,2023-08-11
53.4366455078125,53.4366455078125,54.139882618717905,53.1553478019712,54.139882618717905,1227100,2023-08-14
52.42397689819336,52.42397689819336,53.17409568976362,52.40522348129803,53.00531851455424,1595300,2023-08-15
53.052207946777344,53.052207946777344,53.220981558186374,52.50836954531346,52.61151155778756,1870800,2023-08-16
52.89280319213867,52.89280319213867,53.6054151715031,52.89280319213867,52.98656670260682,1337600,2023-08-17
53.38038635253906,53.38038635253906,53.54916354878623,52.836547925331736,52.836547925331736,1296300,2023-08-18
52.84592056274414,52.84592056274414,53.38038043263876,52.480237870379256,53.174096420802734,893300,2023-08-21
53.108463287353516,53.108463287353516,53.28661896872126,52.61151023269345,52.78966233721246,1235900,2023-08-22
53.333499908447266,53.333499908447266,53.446016837113035,52.883428616935525,53.446016837113035,1345400,2023-08-23
53.20222854614258,53.20222854614258,54.12112452920278,53.08970804277705,53.21160346633207,1023600,2023-08-24
53.54916000366211,53.54916000366211,54.046113061462805,53.220980554086246,53.47414633169662,1462500,2023-08-25
53.26786804199219,53.26786804199219,53.98048007024324,53.08971235229275,53.614797346742776,1345900,2023-08-28
53.361629486083984,53.361629486083984,53.67105551816419,53.080335369460286,53.34287606806257,1514700,2023-08-29
53.192848205566406,53.192848205566406,53.58666279999987,52.8740472774435,53.277236791741544,1074300,2023-08-30
52.686519622802734,52.686519622802734,53.549158949174995,52.508367520666,53.38038176742496,1988600,2023-08-31
51.936405181884766,51.936405181884766,53.024078457746526,51.411323751581904,53.024078457746526,2417800,2023-09-01
51.42070007324219,51.42070007324219,52.020795196703226,50.92374696978522,51.739501054687,2474100,2023-09-05
51.50508499145508,51.50508499145508,51.645733840832804,51.111270359306744,51.467578154707844,1869800,2023-09-06
52.264583587646484,52.264583587646484,52.64901973136247,51.87076894609535,51.964532463353336,2344400,2023-09-07
52.4802360534668,52.4802360534668,52.761530147328166,52.13330321341759,52.414600884127424,1950200,2023-09-08
52.6396369934082,52.6396369934082,52.93030959645255,52.20831912580585,52.25520088065852,1570500,2023-09-11
52.536495208740234,52.536495208740234,52.76153264057255,52.348968188536716,52.695897468131584,1520000,2023-09-12
53.23973083496094,53.23973083496094,53.46476826074845,52.46148370684488,52.46148370684488,1352900,2023-09-13
53.6804313659668,53.6804313659668,53.84920855422604,53.380383826138996,53.62417111093078,2014400,2023-09-14
53.642921447753906,53.642921447753906,54.01798263941765,53.36162734243041,53.62416803048586,3474100,2023-09-15
53.45539093017578,53.45539093017578,53.86795895697958,53.25848541384594,53.66167494357768,2551100,2023-09-18
53.26786804199219,53.26786804199219,53.72731428239317,53.202232864792045,53.44602015484273,3248600,2023-09-19
53.29599380493164,53.29599380493164,54.03673771391839,53.00532119363528,53.51165274485524,4068000,2023-09-20
52.98656463623047,52.98656463623047,53.4647678207755,52.66776370548329,53.26786231036214,2670000,2023-09-21
52.85530090332031,52.85530090332031,53.11784519354025,52.536499932720275,52.73340904459747,2580800,2023-09-22
52.452110290527344,52.452110290527344,52.65839431940934,51.87076861813585,52.536498886265534,1695100,2023-09-25
50.63307189941406,50.63307189941406,52.423982262411975,50.54868330317442,52.02079270002799,2182800,2023-09-26
50.02360153198242,50.02360153198242,50.895615890395234,49.92046308712802,50.52055822047681,2241500,2023-09-27
49.414127349853516,49.414127349853516,50.351776811608424,49.3016104159606,50.314269974694504,2471800,2023-09-28
49.79856491088867,49.79856491088867,50.31427141423901,49.51727077968384,49.901706926928526,2807300,2023-09-29
47.416934967041016,47.416934967041016,49.56415318221411,47.004370474374376,49.56415318221411,4085700,2023-10-02
48.6358757019043,48.6358757019043,48.804652888121915,46.760576812240835,47.004367670932396,4346800,2023-10-03
49.02031326293945,49.02031326293945,49.15158361675408,47.942018515998654,48.842161150883726,2805400,2023-10-04
48.579620361328125,48.579620361328125,49.55477309238465,48.467099849520594,49.35786756199477,4882700,2023-10-05
49.732933044433594,49.732933044433594,49.83607506734143,47.538832951977724,47.88576228433658,4374800,2023-10-06
50.02360153198242,50.02360153198242,50.11736863209888,49.292236035319725,49.71417904372095,2430400,2023-10-09
50.201751708984375,50.201751708984375,50.50179924263799,49.845443921452436,50.11736311659125,3019900,2023-10-10
50.801849365234375,50.801849365234375,50.90499138084323,49.90170671840084,50.41741321959616,2110200,2023-10-11
50.12673568725586,50.12673568725586,50.99874990882276,49.92045525306968,50.651820634958604,2619700,2023-10-12
50.65182876586914,50.65182876586914,50.69871052767133,50.07048705045389,50.40803788153913,1916800,2023-10-13
50.904991149902344,50.904991149902344,51.17691035766498,50.2298823794155,50.67057877979985,2377900,2023-10-16
50.904991149902344,50.904991149902344,51.130025022165356,50.548683345828856,50.65182536096978,1536800,2023-10-17
50.5861930847168,50.5861930847168,50.96125075228182,50.16425007896317,50.90499406941408,2748000,2023-10-18
50.173622131347656,50.173622131347656,50.858109399788894,50.145493791522284,50.46429475798916,1800600,2023-10-19
49.61103820800781,49.61103820800781,50.454924244984014,49.48914276336698,50.29552195939996,4017500,2023-10-20
49.329734802246094,49.329734802246094,50.014218425255095,48.87028502899012,49.085943958690336,2796000,2023-10-23
50.29551696777344,50.29551696777344,50.40803390258701,49.68604695875515,49.826692233059894,3971900,2023-10-24
51.055015563964844,51.055015563964844,51.11127224431164,50.05173089349207,50.09861265273072,4649400,2023-10-25
51.739498138427734,51.739498138427734,52.25520463253157,50.67057831290552,51.06438937416155,5237100,2023-10-26
50.88623809814453,50.88623809814453,51.852015925341895,50.829977841248486,51.60822863249024,3007200,2023-10-27
50.717464447021484,50.717464447021484,51.430076533237425,50.192379409860294,50.895616574363174,2833700,2023-10-30
50.95186996459961,50.95186996459961,51.11126865017192,50.29551465086646,50.95186996459961,2582300,2023-10-31
51.31755065917969,51.31755065917969,51.636351594690254,50.43616152069685,51.0643848947876,2481100,2023-11-01
52.517189025878906,52.517189025878906,52.88616529362591,51.21159401949549,51.23997542123423,2053600,2023-11-02
52.73479080200195,52.73479080200195,53.397047556864095,52.70640579177312,53.34974401852089,2426900,2023-11-03
52.10091781616211,52.10091781616211,52.96185530527552,52.07253641170609,52.696952572941875,2378300,2023-11-06
52.28066635131836,52.28066635131836,52.29958848832481,51.58056532722282,52.0914521993111,3038600,2023-11-07
52.41312026977539,52.41312026977539,52.47934594346884,51.344043008822034,52.08198829227962,4098100,2023-11-08
51.78870391845703,51.78870391845703,52.78209262754297,51.750859645399075,52.422579251549436,2691100,2023-11-09
52.60233688354492,52.60233688354492,52.88616533728133,52.006305792367385,52.138757145962394,2755600,2023-11-10
52.32797622680664,52.32797622680664,52.668563883595624,52.025229236975015,52.54557540018382,3265000,2023-11-13
54.16337966918945,54.16337966918945,54.19176107133214,53.340286525792706,53.52950429447772,2470300,2023-11-14
54.00254440307617,54.00254440307617,54.88240030988603,53.81332664318096,54.02146293093996,2038000,2023-11-15
54.399898529052734,54.399898529052734,54.77833404938802,54.030925881691566,54.541812751435614,3112600,2023-11-16
54.305294036865234,54.305294036865234,54.749951644029316,54.05930985423689,54.749951644029316,2110700,2023-11-17
54.059303283691406,54.059303283691406,54.1633732245368,53.311895171282096,54.12552895349696,1958300,2023-11-20
53.76602554321289,53.76602554321289,54.220146022134045,53.4159714083753,54.1728388732439,2274100,2023-11-21
53.99308395385742,53.99308395385742,54.13499818240649,53.567344877238966,53.945780414017314,2233600,2023-11-22
54.48504638671875,54.48504638671875,54.48504638671875,53.889011704847015,54.20122155074174,858200,2023-11-24
54.239070892333984,54.239070892333984,54.46612933871891,53.94578315597211,54.46612933871891,2950300,2023-11-27
54.343135833740234,54.343135833740234,54.98647409687817,54.097155255024596,54.21068447527575,2458000,2023-11-28
53.690338134765625,53.690338134765625,54.73103046997774,53.6146495821537,54.42828347758771,2296900,2023-11-29
53.699798583984375,53.699798583984375,53.926860637800466,53.18891527869876,53.80386854160721,3234700,2023-11-30
55.25138473510742,55.25138473510742,55.27030326576847,53.567350392973395,53.652498217064604,3880100,2023-12-01
55.185157775878906,55.185157775878906,55.57305260799389,54.72157438675171,54.89187003100015,1843700,2023-12-04
54.239070892333984,54.239070892333984,55.27976325782759,54.13500093397884,55.27976325782759,2511500,2023-12-05
54.71211242675781,54.71211242675781,54.854023050622246,54.248529060464726,54.390443293358025,2280900,2023-12-06
54.81617736816406,54.81617736816406,55.04323941316432,54.2769090714458,54.73102955241756,2082400,2023-12-07
55.01485824584961,55.01485824584961,55.12838746432015,54.314753579052244,54.749951924046634,2281700,2023-12-08
54.94862747192383,54.94862747192383,55.2513744324555,54.55126983058324,54.82563539138645,2559100,2023-12-11
54.84455871582031,54.84455871582031,55.071617136624326,54.40935679272699,55.071617136624326,2640600,2023-12-12
56.67995834350586,56.67995834350586,56.67995834350586,54.39989339095897,54.91078021244954,2646300,2023-12-13
55.781185150146484,55.781185150146484,57.10570593607209,55.57304885049385,57.04893952215112,3043700,2023-12-14
54.854026794433594,54.854026794433594,55.40275801610803,54.39990627082153,55.12839240527081,4149300,2023-12-15
54.96754837036133,54.96754837036133,55.31760249091304,54.749949208656226,55.194610405069774,3406700,2023-12-18
54.910789489746094,54.910789489746094,55.194614346628704,54.63642389751373,55.10946652866103,2055600,2023-12-19
54.02146530151367,54.02146530151367,54.89186559161519,53.99308389944396,54.759414236584874,2005200,2023-12-20
53.841705322265625,53.841705322265625,54.418817836709685,53.49165483002338,53.98361953727031,2022600,2023-12-21
54.14445877075195,54.14445877075195,54.72157135438807,54.00254814776151,54.14445877075195,1602200,2023-12-22
54.399898529052734,54.399898529052734,54.57019415230076,54.00254448082642,54.11607369331557,1067200,2023-12-26
54.362060546875,54.362060546875,54.4661305074633,53.9552435785911,54.1917649039176,1847900,2023-12-27
54.87294387817383,54.87294387817383,54.89186601604286,54.116076408556495,54.116076408556495,2828500,2023-12-28
54.93916702270508,54.93916702270508,55.14730692063735,54.63642004881919,54.80671567275858,1538900,2023-12-29
56.01770782470703,56.01770782470703,56.09339637844387,54.66480560340661,54.72157201870924,2188100,2024-01-02
56.09339904785156,56.09339904785156,56.28261683216938,55.714963479215925,56.11232118718625,1908000,2024-01-03
56.17853927612305,56.17853927612305,56.670504005233916,55.85687016897473,56.15015426644358,1829600,2024-01-04
56.14069747924805,56.14069747924805,56.57589581722756,55.83795049552067,56.07447180212198,1675100,2024-01-05
56.35830307006836,56.35830307006836,56.386684475205286,55.73388689385202,55.894723277362594,1934800,2024-01-08
56.1690788269043,56.1690788269043,56.32045231862179,55.77172476453164,56.112316023153184,1213300,2024-01-09
56.29207229614258,56.29207229614258,56.60428216053904,56.00824744334594,56.02716958140289,1412900,2024-01-10
54.57019805908203,54.57019805908203,56.09339590438863,54.30529534129961,56.05555162784004,2718400,2024-01-11
54.96754837036133,54.96754837036133,55.23245467902595,54.75941208165957,54.99593338034276,2787400,2024-01-12
54.93916702270508,54.93916702270508,55.46897603151968,54.69318645980852,55.090540509648015,2759500,2024-01-16
54.0971565246582,54.0971565246582,55.34598880381689,53.79440952419724,54.65534698345102,2353100,2024-01-17
53.30244064331055,53.30244064331055,53.77548324624762,53.113222880329985,53.766023982161485,3001100,2024-01-18
53.39704895019531,53.39704895019531,53.529503913652626,52.94292847399928,53.49165963837911,1950900,2024-01-19
53.538963317871094,53.538963317871094,53.94578025555274,53.21729419526302,53.4159712274251,3195800,2024-01-22
53.74711227416992,53.74711227416992,53.870100776297896,53.33083239303109,53.52951306767887,2350900,2024-01-23
52.6118049621582,52.6118049621582,54.16338430183152,52.536116404598985,54.135002897261344,2136100,2024-01-24
53.41597366333008,53.41597366333008,53.4727400789774,52.706409708368646,53.1699930802495,2436200,2024-01-25
53.34974670410156,53.34974670410156,53.718719374392414,53.18891394383275,53.60519015484804,1865800,2024-01-26
54.04985427856445,54.04985427856445,54.15392423916128,53.009158281625254,53.32136816341572,1546600,2024-01-29
54.19175720214844,54.19175720214844,54.50396703954186,53.53895973627377,53.96469878316094,1916100,2024-01-30
54.07823181152344,54.07823181152344,54.95809136754757,53.87955477862218,54.76887359901024,2891700,2024-01-31
55.66765594482422,55.66765594482422,55.77172589919015,53.66195623650487,54.163380261327504,4020900,2024-02-01
54.65534210205078,54.65534210205078,55.6203494332188,54.248525179822245,55.554123758347046,3221100,2024-02-02
53.52950668334961,53.52950668334961,54.06877500229925,53.43489599027051,53.9647050444267,2323000,2024-02-05
53.42543411254883,53.42543411254883,53.718718224177806,53.23621634467381,53.30244202207575,2505600,2024-02-06
53.3686637878418,53.3686637878418,53.709255023247586,53.1983681701389,53.6903328869441,1907700,2024-02-07
53.2362174987793,53.2362174987793,53.30244317761695,52.70640845904928,53.13214754374047,2128100,2024-02-08
53.54653549194336,53.54653549194336,53.57517904843208,53.08821673393533,53.21234488266104,1604900,2024-02-09
54.377235412597656,54.377235412597656,54.39633233245025,53.479698391350986,53.63247010780669,1706300,2024-02-12
53.603816986083984,53.603816986083984,54.348578515641606,52.61079918509756,54.19580682644096,2487300,2024-02-13
53.87117004394531,53.87117004394531,54.02394538547116,53.29827708268187,53.59427384334127,1833900,2024-02-14
54.63503646850586,54.63503646850586,54.921482971610736,54.12897721591019,54.12897721591019,1900400,2024-02-15
54.682777404785156,54.682777404785156,54.90238651375638,54.1671715094449,54.42497445711503,2081500,2024-02-16
54.453617095947266,54.453617095947266,55.389344274088344,54.348585862480384,54.76871079634792,3457500,2024-02-20
55.12199020385742,55.12199020385742,55.20792451129953,54.367678354350524,54.7209658640373,2883900,2024-02-21
54.55863952636719,54.55863952636719,54.74960504346148,54.128968023496085,54.5490928895764,1762400,2024-02-22
55.09334945678711,55.09334945678711,55.341602111847855,54.51090619247891,54.71141837260853,2084800,2024-02-23
54.04303741455078,54.04303741455078,54.845089727242836,53.76614122033203,54.845089727242836,2207300,2024-02-26
54.74006652832031,54.74006652832031,54.78780700408595,53.985754627182786,54.339038518686316,1815800,2024-02-27
54.44406509399414,54.44406509399414,55.10289234488371,54.38677434255676,54.701868011915586,2614200,2024-02-28
54.77825164794922,54.77825164794922,55.17927962042534,54.510902094541464,54.72096453928441,3940600,2024-02-29
55.513465881347656,55.513465881347656,55.580303268879874,54.18626112554435,54.77825097612878,4294100,2024-03-01
56.30597686767578,56.30597686767578,56.344167062478114,55.08379957488142,55.08379957488142,2857800,2024-03-04
56.62106704711914,56.62106704711914,57.51860401076308,56.34416719057517,56.59242349036107,3849000,2024-03-05
57.575889587402344,57.575889587402344,57.80504896244431,56.82157771241324,57.0507370874552,2809800,2024-03-06
57.3658332824707,57.3658332824707,58.12014154809443,57.174867735308865,58.00556367674327,2298100,2024-03-07
57.537696838378906,57.537696838378906,57.75730957969433,57.04119152740816,57.60453787423454,1959700,2024-03-08
57.73820877075195,57.73820877075195,58.04375216108368,57.11757171031057,57.585437075586086,1596100,2024-03-11
56.73564529418945,56.73564529418945,57.61408534505394,56.5064895538699,57.346735767226185,2015500,2024-03-12
56.143653869628906,56.143653869628906,57.27034654921128,56.04817292079571,56.983900060346976,3042800,2024-03-13
55.656700134277344,55.656700134277344,56.086371726827366,55.14109422321731,55.780824650285645,3025500,2024-03-14
55.20792770385742,55.20792770385742,55.952689316513975,55.169733866704576,55.30340865437475,4804000,2024-03-15
55.66624069213867,55.66624069213867,55.86675286596993,55.14108819966244,55.18882867309398,3269100,2024-03-18
55.77127456665039,55.77127456665039,56.25823324655217,55.45618451315273,55.84766224165881,2297600,2024-03-19
55.8858528137207,55.8858528137207,56.31552438262892,55.475278163693396,55.666243710137586,2252400,2024-03-20
56.229591369628906,56.229591369628906,56.58287527118617,55.7617295945005,55.9049510258732,3123100,2024-03-21
56.30597686767578,56.30597686767578,56.66880739366906,56.17230207995564,56.649714117450294,2726700,2024-03-22
55.96223831176758,55.96223831176758,56.582871760606444,55.72353229859154,56.41100678209523,1845900,2024-03-25
55.61849594116211,55.61849594116211,56.18184222600322,55.47527088951809,55.981330067593085,2277500,2024-03-26
57.21305847167969,57.21305847167969,57.25125230994607,55.96224122855725,55.98133814769044,3561400,2024-03-27
57.61408233642578,57.61408233642578,57.661822809635595,57.03163909311801,57.24170154607875,2363600,2024-03-28
57.270347595214844,57.270347595214844,57.690468877064745,57.02209493829554,57.66182532036457,1619100,2024-04-01
57.470855712890625,57.470855712890625,58.02465538569814,57.17486260161343,57.26079690800202,2343200,2024-04-02
56.640159606933594,56.640159606933594,57.55678977629932,56.630612969537175,57.45175855311615,2166800,2024-04-03
56.59242248535156,56.59242248535156,56.84067513836402,55.74262965454871,56.57332556706372,4843000,2024-04-04
56.000431060791016,56.000431060791016,56.36326157127162,55.71398093664946,56.11500892502885,2713200,2024-04-05
56.420555114746094,56.420555114746094,56.71655189122684,55.96223999276498,56.0863681432072,2154700,2024-04-08
56.563777923583984,56.563777923583984,56.82157720997517,56.19139348713797,56.67835578890948,1927000,2024-04-09
55.513465881347656,55.513465881347656,55.933590765680975,55.12198819335988,55.57075663167432,2466200,2024-04-10
55.26521301269531,55.26521301269531,55.83810594406502,55.03605365472877,55.79991211067652,1425100,2024-04-11
55.05515670776367,55.05515670776367,55.61850306475796,54.80690404779755,55.274765810678076,1361100,2024-04-12
55.007415771484375,55.007415771484375,55.494374449111874,54.57774420748082,55.341602742173365,2248700,2024-04-15
54.319942474365234,54.319942474365234,55.016963630385945,54.052592891881915,54.825998081884336,2046200,2024-04-16
55.61849594116211,55.61849594116211,55.69488360666942,54.58728431099966,54.74005964201427,2023300,2024-04-17
55.838111877441406,55.838111877441406,55.952689747417544,55.20792812902542,55.7521775643681,2283100,2024-04-18
56.859771728515625,56.859771728515625,56.98389987548788,56.02907582079454,56.02907582079454,1743900,2024-04-19
57.28944396972656,57.28944396972656,57.61408429791627,56.420554215213635,56.611519756919,3424800,2024-04-22
57.241703033447266,57.241703033447266,57.71911506267974,57.050737493281325,57.09847796773163,3175400,2024-04-23
57.55678939819336,57.55678939819336,57.68091753771844,56.563775209086124,56.792930928739914,5468400,2024-04-24
57.74775695800781,57.74775695800781,58.16787822039809,56.363261384579815,58.16787822039809,5007200,2024-04-25
56.65925979614258,56.65925979614258,57.910080624449606,56.64016287788239,57.910080624449606,2386400,2024-04-26
57.480411529541016,57.480411529541016,57.48995816789732,56.77384009313319,56.98390256062076,4502400,2024-04-29
57.87188720703125,57.87188720703125,58.21562445347453,56.80248527326917,57.10802868291548,3496700,2024-04-30
58.09149169921875,58.09149169921875,58.425678638784035,57.44221109460809,57.74775448002905,3489800,2024-05-01
58.502071380615234,58.502071380615234,58.66438972466467,58.05330290081891,58.37794323128257,1539600,2024-05-02
58.778968811035156,58.778968811035156,59.11315576580023,58.081947703693274,58.87444975743528,1543300,2024-05-03
58.82671356201172,58.82671356201172,58.950841715249965,58.37794506809527,58.950841715249965,1910200,2024-05-06
59.409149169921875,59.409149169921875,59.47598655709758,58.826705959649786,59.21818364554939,2509500,2024-05-07
59.905662536621094,59.905662536621094,60.00114348473416,59.046319434144735,59.409153593230826,2227600,2024-05-08
60.37351989746094,60.37351989746094,60.51674495159446,59.67649882823093,59.90565818637169,1788800,2024-05-09
60.08707809448242,60.08707809448242,60.82229305418468,59.98204686561571,60.593133678260514,2002100,2024-05-10
60.0679817199707,60.0679817199707,60.679068538146495,60.00114432688052,60.211206786515234,1898700,2024-05-13
60.06316375732422,60.06316375732422,60.525261711977585,59.62032034316825,60.409738141421265,1362900,2024-05-14
60.64079284667969,60.64079284667969,61.08363628925582,60.428996560044,60.631163739598975,1746600,2024-05-15
60.79482650756836,60.79482650756836,60.996993690446914,60.52526659130189,60.65041927841031,1369600,2024-05-16
60.881465911865234,60.881465911865234,60.91997132088056,60.419364279399844,60.89109134601203,1639900,2024-05-17
60.40974044799805,60.40974044799805,61.131769218292845,60.20757327369828,61.04512561896034,1539600,2024-05-20
60.27496337890625,60.27496337890625,60.87183947777242,60.15943980193209,60.36160697974395,1804600,2024-05-21
59.5336799621582,59.5336799621582,60.35197777913404,59.41815638536323,59.9476434241375,1967100,2024-05-22
58.599853515625,58.599853515625,59.41815498575383,58.484329941551216,59.18710416517806,2479500,2024-05-23
59.13896942138672,59.13896942138672,59.158223962396384,58.436195200460936,58.657616913429756,2134400,2024-05-24
58.9560546875,58.9560546875,59.65882888335813,58.82127290523998,59.0812036909565,2028300,2024-05-28
58.20514678955078,58.20514678955078,58.6383647991261,58.15701227124871,58.6383647991261,2743500,2024-05-29
59.04269790649414,59.04269790649414,59.11008696098069,58.4073090971729,58.52283633837387,1890400,2024-05-30
60.58302688598633,60.58302688598633,60.66967048423094,59.21598385506334,59.302627453307956,3483600,2024-05-31
60.3038444519043,60.3038444519043,61.07400776645429,60.217200849490645,60.58302980106253,2244400,2024-06-03
60.53489303588867,60.53489303588867,60.73706020987482,59.928387841502,60.17868953228082,1264100,2024-06-04
59.668453216552734,59.668453216552734,60.34234742570873,59.524049675437304,60.303838345773414,1247700,2024-06-05
59.07158279418945,59.07158279418945,59.8417461041184,58.92717556689038,59.44703717825304,1335500,2024-06-06
58.368804931640625,58.368804931640625,58.75388472655658,58.311041309810584,58.503583043482614,1383400,2024-06-07
58.243656158447266,58.243656158447266,58.62873965160669,58.002979893329716,58.29179067698511,2299300,2024-06-10
58.13775634765625,58.13775634765625,58.31104354736778,57.56013479690331,57.84894557227978,2412300,2024-06-11
57.57938766479492,57.57938766479492,58.8020234617019,57.24243870962507,58.77313981430394,2958700,2024-06-12
57.52162551879883,57.52162551879883,58.13775615015644,57.16542568612551,57.49274554308777,5760800,2024-06-13
57.42535400390625,57.42535400390625,57.848942876557565,56.90549242899686,57.22318316537832,3655900,2024-06-14
57.069156646728516,57.069156646728516,57.463865587331064,56.68407681360055,56.94400762898688,1912300,2024-06-17
56.7418327331543,56.7418327331543,57.35796703270975,56.48190193625471,56.905494496725844,3496900,2024-06-18
57.26169204711914,57.26169204711914,57.329081102251365,56.35675068360915,56.712950499654944,2893400,2024-06-20
57.32908248901367,57.32908248901367,57.88745315639094,57.24243889140093,57.377217004925605,4489200,2024-06-21
58.50358581542969,58.50358581542969,58.6864984512492,57.309829948044445,57.309829948044445,1802400,2024-06-24
56.94400405883789,56.94400405883789,58.561348804888716,56.91512041065353,58.426567015694275,1934300,2024-06-25
57.386844635009766,57.386844635009766,57.47348823039318,56.42413965182873,56.62630681691401,1535100,2024-06-26
57.72378921508789,57.72378921508789,57.810432809428015,57.14616770110576,57.454232998219965,1513500,2024-06-27
57.3098258972168,57.3098258972168,57.89707651863966,56.92474611127403,57.89707651863966,3123900,2024-06-28
56.6070556640625,56.6070556640625,57.81043696505204,56.48190298047967,57.58901524636136,2382800,2024-07-01
56.770713806152344,56.770713806152344,56.99213551070643,56.385630345449904,56.64556113055985,1766200,2024-07-02
56.67444610595703,56.67444610595703,57.28095132473417,56.58780250327459,56.693700647934065,898200,2024-07-03
56.73220443725586,56.73220443725586,57.12691332987714,56.53003727400721,56.81884803185214,1561100,2024-07-05
56.51078414916992,56.51078414916992,57.01139118910552,56.31824241497498,56.74183129226135,1980900,2024-07-08
56.66482162475586,56.66482162475586,57.001766933953164,56.31824720819381,56.44339989693643,1730600,2024-07-09
56.982505798339844,56.982505798339844,57.021014878486156,56.43376425975301,56.953625824444124,1920800,2024-07-10
58.39768600463867,58.39768600463867,58.542093225715625,57.23281381903564,57.33871195816832,1740300,2024-07-11
58.90791702270508,58.90791702270508,59.418153164714035,58.339920931643555,58.619106260157956,1878100,2024-07-12
58.06074142456055,58.06074142456055,58.64798840542331,57.79118152010165,58.455450338217545,1758000,2024-07-15
58.99456024169922,58.99456024169922,58.99456024169922,58.031855257742365,58.39768417992583,1897500,2024-07-16
59.8128662109375,59.8128662109375,60.544520438281964,59.0330737928074,59.16785191317914,1864100,2024-07-17
59.30263137817383,59.30263137817383,60.38086371045221,59.26412596607194,59.456664043866674,1579100,2024-07-18
59.05232238769531,59.05232238769531,59.67808208060714,58.570969907740974,59.67808208060714,1817600,2024-07-19
59.14859390258789,59.14859390258789,59.35076474371757,58.965681274585755,59.23523749952114,2040300,2024-07-22
59.11009216308594,59.11009216308594,59.475917441800114,58.97531036982305,59.25449571865363,1488900,2024-07-23
60.14018249511719,60.14018249511719,60.23645152609782,59.129339307679935,59.620320913994284,2311200,2024-07-24
60.85258483886719,60.85258483886719,61.88267894027412,60.00540704584074,61.12214474794678,2846700,2024-07-25
60.61190414428711,60.61190414428711,61.256918385067834,60.42899152171575,61.09325663019617,1609200,2024-07-26
61.28580093383789,61.28580093383789,61.526477186903925,60.390484978637986,60.67929574783159,3074300,2024-07-29
62.681732177734375,62.681732177734375,62.710612156722526,61.064387250681825,61.21841992599975,2399100,2024-07-30
62.3832893371582,62.3832893371582,62.739485500149236,62.17149305383567,62.71060552421554,1570000,2024-07-31
63.894737243652344,63.894737243652344,63.9910062803304,62.065596167342484,62.68172681591008,3400500,2024-08-01
64.15184020996094,64.15184020996094,65.75271952632104,63.53089137642022,64.29736930977987,5154200,2024-08-02
62.5800666809082,62.5800666809082,64.77279667136243,62.50244621700127,64.27797546682432,2244300,2024-08-05
62.96815872192383,62.96815872192383,63.64731924435002,62.36661125756455,62.65768428277264,1788600,2024-08-06
63.60851287841797,63.60851287841797,63.93839615384735,62.735308554335134,63.09429025129964,1984500,2024-08-07
63.26892852783203,63.26892852783203,63.7637497080073,62.95845408978557,63.03607454987081,1410800,2024-08-08
63.453269958496094,63.453269958496094,63.540587417062056,62.2986897688314,63.33683927811427,1343900,2024-08-09
63.82196044921875,63.82196044921875,63.928686729752776,63.298033454495624,63.385358321430004,1902800,2024-08-12
64.08392333984375,64.08392333984375,64.21975543279346,63.62791242681517,63.99659847877956,1689400,2024-08-13
64.34590148925781,64.34590148925781,64.5787555147525,63.73465689647324,63.91899627393754,1410200,2024-08-14
63.99660873413086,63.99660873413086,64.38470366287615,63.61821821423535,63.889882443668526,1925600,2024-08-15
64.47201538085938,64.47201538085938,64.90862491258666,63.95779279214685,64.13243512437887,2009800,2024-08-16
64.54964447021484,64.54964447021484,64.74369564435801,64.42351675874335,64.42351675874335,1354300,2024-08-19
64.74369812011719,64.74369812011719,65.1026798519923,64.4914352852324,64.71458489116088,1310800,2024-08-20
65.00564575195312,65.00564575195312,65.20939390260183,64.62725527184918,64.74368595891742,1035500,2024-08-21
65.2579116821289,65.2579116821289,65.32582773561583,64.87952118380252,64.93773282899284,1003900,2024-08-22
65.12208557128906,65.12208557128906,65.45196146080049,65.00565486789338,65.41315122633526,2165900,2024-08-23
65.69451904296875,65.69451904296875,65.94678186265209,65.31612851459137,65.38404457347204,1249100,2024-08-26
65.4422607421875,65.4422607421875,65.6557133426361,65.2773227881302,65.53929003497015,1915800,2024-08-27
65.40345001220703,65.40345001220703,66.05350474251875,65.35493537167248,65.7333258804984,1675900,2024-08-28
65.65570068359375,65.65570068359375,65.67510949932638,64.86981389919188,65.4131423029962,1625000,2024-08-29
65.84004974365234,65.84004974365234,66.04379790226483,65.40344760409626,65.76242928257295,1826700,2024-08-30
66.6356430053711,66.6356430053711,67.04313933507976,65.7527268887075,65.91767222412798,2004600,2024-09-03
67.10136413574219,67.10136413574219,67.49915609104367,66.66475454308978,66.9170173698026,1603300,2024-09-04
66.27665710449219,66.27665710449219,67.58647843093755,65.61689793793056,67.56706961299138,4366500,2024-09-05
65.98558807373047,65.98558807373047,66.73266467587143,65.93707343364692,66.45129604843542,1748100,2024-09-06
67.06254577636719,67.06254577636719,67.17896906513398,65.83034502009183,65.97588153334488,2466300,2024-09-09
67.4409408569336,67.4409408569336,67.61558320425792,67.0334371116468,67.1207619864565,2632400,2024-09-10
67.16927337646484,67.16927337646484,67.32450689862958,66.5580214892742,67.25659084475225,2272800,2024-09-11
67.24688720703125,67.24688720703125,67.50885441948495,66.8879055191207,67.1692741462068,1714000,2024-09-12
68.00366973876953,68.00366973876953,68.03278296481194,67.25659312083651,67.34391799437385,1304700,2024-09-13
68.38206481933594,68.38206481933594,68.53729834031826,68.00366691942197,68.38206481933594,4142200,2024-09-16
68.16860961914062,68.16860961914062,68.63431756640232,68.11039057401214,68.17830662475006,2166500,2024-09-17
67.91635131835938,67.91635131835938,68.43057393683121,67.28569800422993,68.12009948403907,1506200,2024-09-18
67.16927337646484,67.16927337646484,67.60587552249127,66.78117846761096,67.47004341473662,2268900,2024-09-19
67.76110076904297,67.76110076904297,67.87753144816796,67.09164472038226,67.29539285713064,4018900,2024-09-20
68.19772338867188,68.19772338867188,68.43057738944073,67.65439491944615,68.16861756386267,2406500,2024-09-23
67.99397277832031,67.99397277832031,68.8380712767468,67.62527927115016,67.62527927115016,2503000,2024-09-24
67.75141906738281,67.75141906738281,68.38207243440986,67.29540805734332,68.30445196412751,1829000,2024-09-25
67.86783599853516,67.86783599853516,68.3044455511594,67.46033967125501,67.54766454269777,1467100,2024-09-26
68.33354949951172,68.33354949951172,68.90598374323011,67.96486341384366,67.96486341384366,1508700,2024-09-27
68.52759552001953,68.52759552001953,68.70223786160577,68.01337290376419,68.70223786160577,2546600,2024-09-30
68.93510437011719,68.93510437011719,69.35230513919923,68.20742912652958,68.48879037336353,1993300,2024-10-01
69.12913513183594,69.12913513183594,69.18734677163394,68.2171132960994,68.35294539049072,3910900,2024-10-02
69.02241516113281,69.02241516113281,69.4396158898072,68.77985677009642,69.10003562281517,1284200,2024-10-03
69.10004425048828,69.10004425048828,69.17766472186216,67.99397844144505,68.44998945789712,2218400,2024-10-04
67.69319152832031,67.69319152832031,68.97389951826315,67.5961696537766,68.97389951826315,3017300,2024-10-07
67.88724517822266,67.88724517822266,68.33355173938523,67.79992030631324,68.21712104427094,1591600,2024-10-08
67.54766845703125,67.54766845703125,68.13951156764699,67.29540563882735,67.71260639873198,1364800,2024-10-09
67.08195495605469,67.08195495605469,67.98427255992581,66.90731260039269,67.6349878486018,1487800,2024-10-10
67.27598571777344,67.27598571777344,67.58646753650349,66.93640548140492,67.3245003525235,2277600,2024-10-11
67.79022979736328,67.79022979736328,67.90665310134119,67.20808366829168,67.40213484541405,1329600,2024-10-14
68.20741271972656,68.20741271972656,69.09032128704196,68.09098204393277,68.39175203686641,1648000,2024-10-15
69.05152893066406,69.05152893066406,69.19706546249428,68.17831714197827,68.25593761259378,1739000,2024-10-16
68.89629364013672,68.89629364013672,69.17766228724292,68.67313664336444,68.87688482182853,1344800,2024-10-17
69.1679458618164,69.1679458618164,69.40079982499466,68.58580725272374,68.89628167105943,1706900,2024-10-18
69.05152893066406,69.05152893066406,69.38141222963225,68.77016027640445,69.20676987189509,982100,2024-10-21
68.91568756103516,68.91568756103516,68.97389920503812,68.41116937432224,68.85747591703219,1307100,2024-10-22
69.95384216308594,69.95384216308594,69.97325098067172,68.83807202534432,68.90598808230449,2296500,2024-10-23
69.6336669921875,69.6336669921875,70.24491893959102,69.47843345473112,70.14789705339383,1236900,2024-10-24
68.65373992919922,68.65373992919922,70.08968168594441,68.61492969222019,69.9538495576657,1475600,2024-10-25
69.04182434082031,69.04182434082031,69.30378414750773,68.91568923934942,69.22616368541712,1272000,2024-10-28
67.45064544677734,67.45064544677734,68.57612012324522,67.4021382018029,68.45968941117395,1729300,2024-10-29
68.02307891845703,68.02307891845703,68.04248033362703,67.41183440961967,67.89695121411455,1966500,2024-10-30
67.5379638671875,67.5379638671875,68.42087262509433,67.03343823213058,68.04248209994923,2128400,2024-10-31
66.26695251464844,66.26695251464844,67.85813489857205,66.0534999554377,67.73199980324152,2807400,2024-11-01
66.3542709350586,66.3542709350586,66.53861767563338,65.52957390991497,66.42218698648702,3611200,2024-11-04
67.05284881591797,67.05284881591797,67.06255322515794,66.20874286712913,66.5386261606299,1519800,2024-11-05
65.84004974365234,65.84004974365234,67.0431372812047,65.54897671575189,66.95581981421131,2929800,2024-11-06
64.38470458984375,64.38470458984375,66.02440180119493,63.15250372850919,65.88856968452272,5889100,2024-11-07
65.24820709228516,65.24820709228516,65.87886038850594,64.66606843511775,64.8504077784724,2759900,2024-11-08
66.55802154541016,66.55802154541016,66.78117852393513,65.19969306442327,65.24820770393144,1981700,2024-11-11
66.07290649414062,66.07290649414062,66.67445398927886,65.8400525034366,66.37368394285718,1982500,2024-11-12
66.17555236816406,66.17555236816406,66.58615378375173,65.6769606728364,66.46883589699826,2203700,2024-11-13
65.90182495117188,65.90182495117188,66.54705474873217,65.69651676330679,66.35153237582308,1911800,2024-11-14
66.70348358154297,66.70348358154297,66.77191716302755,65.6965216558398,65.6965216558398,2677400,2024-11-15
66.9674301147461,66.9674301147461,67.47579272575999,66.47861675624429,66.68391747177105,2284200,2024-11-18
67.03587341308594,67.03587341308594,67.14341296425566,66.19511371777774,66.70348386125298,2688300,2024-11-19
66.98698425292969,66.98698425292969,67.34870884973525,66.8403462016441,66.87945216822041,2111300,2024-11-20
67.66155242919922,67.66155242919922,67.71043675448293,66.74258081651134,67.20206662285528,1512400,2024-11-21
67.96461486816406,67.96461486816406,68.16014471205546,67.65177457663872,67.80819845175184,1311000,2024-11-22
68.11125183105469,68.11125183105469,68.60984354697428,67.56378325432726,68.09170257847154,2644300,2024-11-25
68.8738021850586,68.8738021850586,68.91290815046092,67.89617542610134,68.25790001204761,2265700,2024-11-26
68.91291046142578,68.91291046142578,69.75367009901956,68.78582166363157,69.27463505950233,1763400,2024-11-27
68.15036010742188,68.15036010742188,69.0400040334916,68.03304221184229,68.87380181674546,1354100,2024-11-29
66.86967468261719,66.86967468261719,68.34589324061804,66.81101200263863,68.13081415099798,1406700,2024-12-02
66.72303009033203,66.72303009033203,67.52468377988251,66.71325173375074,67.3975949791284,1939200,2024-12-03
65.98980712890625,65.98980712890625,66.78168242766901,65.63786089418939,66.67414288602217,2913300,2024-12-04
65.87248992919922,65.87248992919922,66.52750554218082,65.77472874267524,65.9018249979868,3652000,2024-12-05
65.66718292236328,65.66718292236328,66.03868583782081,65.18814793309932,66.0191291271653,3485100,2024-12-06
66.1364517211914,66.1364517211914,66.27331887072042,65.20770182515857,65.6671875951632,2827200,2024-12-09
66.14623260498047,66.14623260498047,66.4492945249904,64.95352672033415,66.13645424858322,2626400,2024-12-10
65.32501983642578,65.32501983642578,66.4004077812055,65.13926836515192,66.1951070565503,2187200,2024-12-11
65.53032684326172,65.53032684326172,66.02891862733716,65.18815893603386,65.69652161838654,1706000,2024-12-12
65.81383514404297,65.81383514404297,66.3613037591563,65.3348001058188,65.53032248015914,1946600,2024-12-13
65.20770263671875,65.20770263671875,66.04846225640385,64.6015788123181,65.86271824184574,5059500,2024-12-16
65.54010009765625,65.54010009765625,66.19510824888305,64.75799569171055,64.82642926782827,2998200,2024-12-17
64.37672424316406,64.37672424316406,65.64764208549589,64.34739663212113,65.44234134949473,2044700,2024-12-18
64.28873443603516,64.28873443603516,64.9339641850875,64.00522179554099,64.19097325693023,2152300,2024-12-19
65.11972045898438,65.11972045898438,65.32502118788689,64.18119964455842,64.37672201721784,3507800,2024-12-20
65.17837524414062,65.17837524414062,65.19793195649632,64.55269470536483,64.83620736491955,1334600,2024-12-23
65.32501983642578,65.32501983642578,65.33479819246658,64.95352435257831,64.98285196200045,800700,2024-12-24
65.45211029052734,65.45211029052734,65.62808341022445,65.05128718708977,65.1881543403319,867600,2024-12-26
65.55964660644531,65.55964660644531,65.97025550466006,65.10993920240065,65.11971755820818,889100,2024-12-27
65.13927459716797,65.13927459716797,65.32502608621309,64.6211335579379,65.32502608621309,1678700,2024-12-30
65.15882873535156,65.15882873535156,65.60853617537217,64.73844890639958,65.34457275835312,1086600,2024-12-31
65.04151153564453,65.04151153564453,65.95070478210626,64.89486602001507,65.76495329839555,1297400,2025-01-02
65.11972045898438,65.11972045898438,65.43256073045968,64.8557570513237,64.9828533063827,1267100,2025-01-03
63.95634078979492,63.95634078979492,65.100162307846,63.80969528419088,64.9339675488882,1009700,2025-01-06
64.23985290527344,64.23985290527344,64.75799388984774,63.90746339015036,63.93679099928473,1579500,2025-01-07
64.81666564941406,64.81666564941406,64.92420520377611,63.878137273399574,63.96612757183272,1323900,2025-01-08
63.63372039794922,63.63372039794922,64.99262841726765,63.51640996369154,64.513585948382,2559600,2025-01-10
63.53596115112305,63.53596115112305,63.77059694418296,62.53878513606933,63.77059694418296,2183000,2025-01-13
64.09320831298828,64.09320831298828,64.42560529154176,62.96894350043756,63.48708449238534,1741600,2025-01-14
65.11972045898438,65.11972045898438,65.33479954412998,64.32784515340319,65.10016374649818,2119700,2025-01-15
66.49817657470703,66.49817657470703,66.49817657470703,64.963302683482,65.0024086534197,1983200,2025-01-16
66.55683135986328,66.55683135986328,67.14340592191091,66.09734559100423,66.32219556808404,1922900,2025-01-17
66.77190399169922,66.77190399169922,67.39758445862347,66.67413535854895,67.11407183162662,1786000,2025-01-21
65.10993957519531,65.10993957519531,66.55683043628859,64.93396646315288,66.42973418616344,2536900,2025-01-22
64.38648986816406,64.38648986816406,65.38366573994858,63.6434915476251,65.04149791427248,3509600,2025-01-23
64.3473892211914,64.3473892211914,64.77754735681457,64.08343329350434,64.23984968728561,2215700,2025-01-24
65.6867446899414,65.6867446899414,66.0484618192184,64.00522546170146,65.07083505477195,3877100,2025-01-27
64.14208984375,64.14208984375,65.62807917974737,63.88790480752809,65.59875157147177,3195400,2025-01-28
64.29850769042969,64.29850769042969,64.80687777433496,64.23985247255605,64.28873679325083,2044000,2025-01-29
64.71888732910156,64.71888732910156,65.02195669100104,64.04432994911913,65.02195669100104,2674100,2025-01-30
64.52336883544922,64.52336883544922,65.0219605921593,64.35717406944605,64.72866956851794,1812400,2025-01-31
64.99263000488281,64.99263000488281,65.21747998183594,63.7119338829185,64.2300748700803,2454300,2025-02-03
64.69933319091797,64.69933319091797,64.82642197263463,64.0345467582855,64.49403248566817,1733400,2025-02-04
65.61831665039062,65.61831665039062,65.91160022924602,64.8948674134053,65.27614128700795,2700900,2025-02-05
66.80123901367188,66.80123901367188,66.80123901367188,65.04150784341506,65.84316149682087,3448900,2025-02-06
67.16294860839844,67.16294860839844,67.20205456987142,65.54009223011697,66.48839128441314,2904300,2025-02-07
67.6322250366211,67.6322250366211,67.6322250366211,66.50795267976073,66.78168700135438,2224700,2025-02-10
67.89617919921875,67.89617919921875,67.91573591235684,66.70348075231863,67.4562501167204,2434900,2025-02-11
67.99394226074219,67.99394226074219,68.12103105089477,66.82078570597199,67.15318267370189,2119500,2025-02-12
68.25790405273438,68.25790405273438,68.46320478922463,67.85708093635837,68.1992488305088,1864700,2025-02-13
67.79776763916016,67.79776763916016,68.75349965055766,67.72879767530479,68.54658975899154,2237100,2025-02-14
68.51703643798828,68.51703643798828,68.86188627820795,67.89630672559288,67.94556669295984,2278900,2025-02-18
69.1180648803711,69.1180648803711,69.20673733348609,68.43821267117139,68.51703764093773,1378900,2025-02-19
69.65996551513672,69.65996551513672,69.95555537570183,69.03923582854488,69.46291061953492,2145300,2025-02-20
70.43834686279297,70.43834686279297,70.88173166453576,69.53188229329064,69.53188229329064,2150600,2025-02-21
71.05908203125,71.05908203125,71.4039318556569,70.11320500552151,70.40878734765782,2043300,2025-02-24
72.00496673583984,72.00496673583984,72.29070162572371,70.95070715041606,71.29555701159894,2722200,2025-02-25
72.1231918334961,72.1231918334961,72.2808417692541,71.502462125065,71.581287092944,2869100,2025-02-26
71.27584075927734,71.27584075927734,72.27098528613415,71.19702331017818,71.50246065798905,2635500,2025-02-27
71.97540283203125,71.97540283203125,72.26113017927318,70.98025830664508,71.84731038275469,3228100,2025-02-28
72.97054290771484,72.97054290771484,73.09863536237603,71.61084601178402,71.64040349604035,2409200,2025-03-03
71.79804992675781,71.79804992675781,73.95582886082727,71.74878244396268,73.34495417027756,2573800,2025-03-04
71.31525421142578,71.31525421142578,71.9754039163842,70.89157940846559,71.20687176063392,2031900,2025-03-05
70.58614349365234,70.58614349365234,71.42363811641705,70.23143865059578,71.25614069529666,2224700,2025-03-06
72.00496673583984,72.00496673583984,72.37937408267223,70.4482073428849,70.65511725959463,3049400,2025-03-07
72.92127990722656,72.92127990722656,73.7784769836646,71.92613538139085,72.29069521210518,2952200,2025-03-10
71.0196762084961,71.0196762084961,73.13805035301377,70.99011872322706,72.71437552411024,3398200,2025-03-11
70.1329116821289,70.1329116821289,70.96055131019885,69.89644429084646,70.4482040428931,2365000,2025-03-12
70.8226089477539,70.8226089477539,70.98025888132068,70.01467183113067,70.45805663141527,1609900,2025-03-13
71.69951629638672,71.69951629638672,71.8177537469994,70.4580568921853,70.55658434244789,1801800,2025-03-14
72.18231201171875,72.18231201171875,72.75377421767624,71.64039977131839,71.92613463287836,1786000,2025-03-17
72.41878509521484,72.41878509521484,72.54687003614333,71.63055041384389,71.7093753854136,1837300,2025-03-18
72.62568664550781,72.62568664550781,72.90156649707362,71.97539949784017,72.23156935020145,2270100,2025-03-19
72.60598754882812,72.60598754882812,72.81289744714995,72.11334278601542,72.77348496406543,1896900,2025-03-20
72.41878509521484,72.41878509521484,73.21686726015975,71.94584278295967,72.7636349493785,4949700,2025-03-21
72.06407165527344,72.06407165527344,73.03950613146449,72.01480417462089,72.36950898726529,3677800,2025-03-24
70.98026275634766,70.98026275634766,72.23157722440597,70.43835047658048,71.92613985789882,2271300,2025-03-25
72.23157501220703,72.23157501220703,72.4384849171004,70.99011558284684,71.14775800302918,1700500,2025-03-26
72.07392883300781,72.07392883300781,72.6651010328938,71.95569138616567,72.45819113879182,1624400,2025-03-27
73.08877563476562,73.08877563476562,73.6208328684563,71.94583620302363,72.69465833012485,2717800,2025-03-28
74.00509643554688,74.00509643554688,74.40906122975129,73.2562742956732,73.37451174423087,3304700,2025-03-31
74.03465270996094,74.03465270996094,74.19230263879793,73.21686061773434,73.7981853338678,2314400,2025-04-01
73.56172180175781,73.56172180175781,74.3400939352868,73.37451438077191,74.09377154647915,2172000,2025-04-02
74.39921569824219,74.39921569824219,75.32538275950006,73.57156857095596,74.55685811662457,3543300,2025-04-03
71.62069702148438,71.62069702148438,75.25641020852093,71.32510716106599,75.25641020852093,4395200,2025-04-04
69.89643859863281,69.89643859863281,71.83746009036224,69.4629088189517,70.6058482318702,4384700,2025-04-07
69.157470703125,69.157470703125,71.39407450535606,68.42835107876871,70.73393236077268,2986800,2025-04-08
70.0836410522461,70.0836410522461,70.88173067740351,67.14748248384352,68.72394421692837,4262300,2025-04-09
70.49747467041016,70.49747467041016,71.13790690379778,68.98997525123805,70.08364732076673,2777200,2025-04-10
70.76349639892578,70.76349639892578,71.2265836981466,68.67467981077587,70.41864655391969,3467100,2025-04-11
72.4483413696289,72.4483413696289,72.66510627924185,70.54673218597375,70.94084952007341,2175100,2025-04-14
71.6404037475586,71.6404037475586,72.89172571133037,71.6108462631985,72.58628083289602,2686000,2025-04-15
71.10834503173828,71.10834503173828,72.34981196975959,70.80290767667726,72.21187203410862,1811100,2025-04-16
71.83746337890625,71.83746337890625,72.8720128771014,71.2068711627021,71.55172851259638,2186700,2025-04-17
71.03936767578125,71.03936767578125,72.0148021241995,70.41863802990817,71.66995232093669,3544100,2025-04-21
72.61583709716797,72.61583709716797,72.74392955012667,71.40393515578913,71.57143257579064,3842800,2025-04-22
72.41878509521484,72.41878509521484,72.73407746433062,71.39408301629783,72.63555000845001,4695100,2025-04-23
73.04936218261719,73.04936218261719,74.3893564903056,72.37936502877298,72.55671743764827,5981800,2025-04-24
71.11819458007812,71.11819458007812,73.51244830413566,71.00981213649494,73.51244830413566,3216600,2025-04-25
71.44334411621094,71.44334411621094,71.60098652809502,70.7536369523763,71.17731174023567,2647700,2025-04-28
72.54685974121094,72.54685974121094,72.70450966197866,70.999955600197,71.28569044371703,4362500,2025-04-29
72.56657409667969,72.56657409667969,73.10847881823948,71.35466468879294,72.9508364051691,3799500,2025-04-30
71.8965835571289,71.8965835571289,72.90157564496525,71.77834609855158,72.4187858441433,2643300,2025-05-01
71.83746337890625,71.83746337890625,72.44833807769884,71.24628364603753,72.16260321138897,1771900,2025-05-02
71.9655532836914,71.9655532836914,72.2118756836833,71.18717359765745,71.5812909410771,1871100,2025-05-05
72.29069519042969,72.29069519042969,73.0887773005741,71.63054549531655,71.8473103936675,2958300,2025-05-06
72.8621597290039,72.8621597290039,73.3153995403005,72.13304756167231,72.20201752997176,2798600,2025-05-07
71.53202056884766,71.53202056884766,72.86215997171783,71.38422563138147,72.56657761394823,1961800,2025-05-08
71.7533950805664,71.7533950805664,71.82288478509142,70.73090046806568,71.79310456512495,2475700,2025-05-09
69.56941986083984,69.56941986083984,71.02871109153335,69.28153180540019,70.70111355529419,2472000,2025-05-12
68.73554229736328,68.73554229736328,69.83745587704064,68.39802303992468,69.46022713511343,3115600,2025-05-13
68.288818359375,68.288818359375,68.9043039587377,67.21668508583062,68.62633758967094,2629100,2025-05-14
70.3834457397461,70.3834457397461,70.57205630750721,68.60648622492678,68.94400545320075,3233500,2025-05-15
70.94929504394531,70.94929504394531,71.05849422717671,70.22461024375605,70.34373869104738,2410500,2025-05-16
71.4456558227539,71.4456558227539,71.50521626250365,70.47279238858629,70.71104929520473,1710100,2025-05-19
71.45558166503906,71.45558166503906,71.86259060685201,70.97907544843359,71.22725403391763,1236800,2025-05-20
70.24446868896484,70.24446868896484,71.58463153072081,70.12534024181411,71.34638221022871,1531600,2025-05-21
68.85466766357422,68.85466766357422,70.07570206815983,68.4873606288809,70.00621236687293,2191000,2025-05-22
69.1425552368164,69.1425552368164,69.69847284312348,68.19947207033479,69.41058477591179,1948100,2025-05-23
69.30138397216797,69.30138397216797,69.6984712133059,69.0035742216714,69.35102271748865,1933300,2025-05-27
68.25904083251953,68.25904083251953,69.32124488415823,68.06049341821685,69.05320776830196,1781100,2025-05-28
69.04328918457031,69.04328918457031,69.06314013998907,67.87188589580981,68.1101352298837,1770800,2025-05-29
69.71833038330078,69.71833038330078,69.85730978290815,68.63626783057569,69.00357485742902,3560600,2025-05-30
69.70840454101562,69.70840454101562,69.73818476042051,68.88444979303586,69.30138801232334,2784800,2025-06-02
70.4032974243164,70.4032974243164,70.53235513254502,68.9936449142855,69.70840043312064,3788800,2025-06-03
69.21204376220703,69.21204376220703,70.43307813729655,69.1524833264883,70.43307813729655,3966400,2025-06-04
68.83480834960938,68.83480834960938,69.44036469983014,68.43772867467911,69.25175412638107,2387000,2025-06-05
69.49000549316406,69.49000549316406,69.59920467912951,68.6958309722898,68.98371904676148,4439400,2025-06-06
69.1524887084961,69.1524887084961,69.57934862944774,68.55685400971467,69.21204914885031,2927900,2025-06-09
69.638916015625,69.638916015625,69.8176049088861,69.02343036687908,69.27160896453006,1603800,2025-06-10
69.49000549316406,69.49000549316406,69.74811334851962,69.2318976378085,69.59920467912951,1944800,2025-06-11
70.29409790039062,70.29409790039062,70.35366590920871,69.49000173253309,69.55949143131326,1736900,2025-06-12
70.01614379882812,70.01614379882812,70.48272076783319,69.74811424951119,70.41323106439475,1900300,2025-06-13
69.03335571289062,69.03335571289062,70.5124979502627,68.72561669289082,70.10548901159935,1965000,2025-06-16
68.61641693115234,68.61641693115234,69.18226379394956,68.23918064008137,69.13262504813204,2267800,2025-06-17
68.288818359375,68.288818359375,68.8943746949616,68.21932866056059,68.7553952973328,2393200,2025-06-18
68.54692840576172,68.54692840576172,69.22197446187619,68.31860077442195,68.45758017652116,3506800,2025-06-20
69.36095428466797,69.36095428466797,69.47015346895243,68.71568844311686,68.94400850203208,2090200,2025-06-23
69.20211791992188,69.20211791992188,69.85731304046014,69.03335829450187,69.17233770059006,3461900,2025-06-24
68.07041931152344,68.07041931152344,68.79510408367518,67.91158896175604,68.79510408367518,2583900,2025-06-25
68.6561279296875,68.6561279296875,68.73553932141682,68.06049326195641,68.1895509744092,2003100,2025-06-26
68.50721740722656,68.50721740722656,69.1028444850156,68.358308744327,68.7057572418865,2439200,2025-06-27
68.7752456665039,68.7752456665039,68.84473536472767,67.9612202413931,68.3285272598953,2749600,2025-06-30
69.61905670166016,69.61905670166016,69.78782390225571,68.30867402378742,69.0234295887743,2246800,2025-07-01
69.18226623535156,69.18226623535156,69.88709252273965,68.44765215513623,69.44036651604499,2291200,2025-07-02
69.95658111572266,69.95658111572266,70.09556051814127,68.98371772498294,69.35102475926608,1413300,2025-07-03
69.12269592285156,69.12269592285156,69.70840131467429,68.76531815891448,69.46022273270738,2990900,2025-07-07
68.86459350585938,68.86459350585938,69.10284281646038,68.1299794729753,68.58662714071433,1968400,2025-07-08
69.25175476074219,69.25175476074219,69.38080489889572,68.3583103363463,69.00357617473274,2326600,2025-07-09
70.02606964111328,70.02606964111328,70.16504904119827,68.33845073838094,68.73553798454205,2288400,2025-07-10
69.83745574951172,69.83745574951172,70.14520236028406,69.32124759972187,69.6091356813813,1760200,2025-07-11
70.03600311279297,70.03600311279297,70.45294133809739,69.65876679806159,69.76796598666175,1574000,2025-07-14
69.8176040649414,69.8176040649414,70.14520162759509,69.2418279076367,69.84738428448999,2109000,2025-07-15
70.17498016357422,70.17498016357422,70.31395956733977,69.51978505398567,69.75803437846811,1592800,2025-07-16
70.33380889892578,70.33380889892578,70.63162622801346,69.648841160119,69.78782056067745,2011500,2025-07-17
71.39601135253906,71.39601135253906,71.5151397963021,70.48271600511653,70.65147562009065,1583700,2025-07-18
71.7236099243164,71.7236099243164,71.99163945937758,71.21732349830171,71.54492104300589,1305600,2025-07-21
73.0439224243164,73.0439224243164,73.0637733784961,71.80302950833037,72.00156934536442,1525600,2025-07-22
72.35894775390625,72.35894775390625,73.02406454506941,72.10083990442153,72.89501440723173,2673800,2025-07-23
72.35894775390625,72.35894775390625,72.79574448783279,72.03135020346134,72.46814693738789,1905300,2025-07-24
72.24974822998047,72.24974822998047,72.73617613440972,71.5945607059873,72.29938697635072,2035900,2025-07-25
70.82023620605469,70.82023620605469,72.04127815648735,70.8103145159619,71.96185919288978,1944100,2025-07-28
71.74346160888672,71.74346160888672,71.83280983735644,70.64155566569522,70.98900416794562,2165600,2025-07-29
71.64419555664062,71.64419555664062,72.37880965682564,71.4158754887583,71.83281371395971,2505800,2025-07-30
73.26232147216797,73.26232147216797,73.31195264498442,71.62434129303804,71.62434129303804,3890000,2025-07-31
73.540283203125,73.540283203125,73.85795150226943,73.01414579271172,73.60977290688129,2926300,2025-08-01
74.1259765625,74.1259765625,74.39401367061578,73.64947792955296,73.77852806476587,2467300,2025-08-04
73.61969757080078,73.61969757080078,74.38408426435274,73.4012992086976,74.29473603721543,2046300,2025-08-05
73.57006072998047,73.57006072998047,74.21532656913378,73.33181140779487,73.71896939652498,1853400,2025-08-06
73.98699951171875,73.98699951171875,74.34437728467664,73.20275426405057,73.49064233525607,3072200,2025-08-07
73.4800033569336,73.4800033569336,74.62000274658203,73.2300033569336,74.37999725341797,2571400,2025-08-08
72.91999816894531,72.91999816894531,73.62999725341797,72.44000244140625,73.5999984741211,2404300,2025-08-11
72.80999755859375,72.80999755859375,73.08999633789062,72.33000183105469,73.0199966430664,2583400,2025-08-12
73.45999908447266,73.45999908447266,73.47000122070312,72.62999725341797,72.87000274658203,1799900,2025-08-13
72.58999633789062,72.58999633789062,73.38999938964844,72.31999969482422,73.20999908447266,2263300,2025-08-14
72.30000305175781,72.30000305175781,72.55000305175781,71.98999786376953,72.5199966430664,2491500,2025-08-15
72.02999877929688,72.02999877929688,72.91999816894531,72.02999877929688,72.41000366210938,2067300,2025-08-18
73.02999877929688,73.02999877929688,73.06999969482422,72.05999755859375,72.11000061035156,2838000,2025-08-19
73.01000213623047,73.01000213623047,74.13999938964844,72.94999694824219,73.37999725341797,2144400,2025-08-20
72.77999877929688,72.77999877929688,73.29000091552734,72.58000183105469,72.83000183105469,3325700,2025-08-21
73.12000274658203,73.12000274658203,73.6500015258789,72.80999755859375,73.0,1807200,2025-08-22
72.22000122070312,72.22000122070312,73.12000274658203,72.0999984741211,72.9000015258789,1461800,2025-08-25
72.08999633789062,72.08999633789062,72.77999877929688,71.91999816894531,72.26000213623047,2494500,2025-08-26
72.20999908447266,72.20999908447266,72.51000213623047,71.91000366210938,72.13999938964844,1516000,2025-08-27
71.20999908447266,71.20999908447266,72.41999816894531,71.0999984741211,72.0199966430664,1519400,2025-08-28
71.56999969482422,71.56999969482422,71.9000015258789,71.12000274658203,71.22000122070312,1487200,2025-08-29
71.16000366210938,71.16000366210938,71.76000213623047,70.80000305175781,71.37999725341797,1886500,2025-09-02
71.5199966430664,71.5199966430664,71.72000122070312,71.0,71.0,1936800,2025-09-03
71.54000091552734,71.54000091552734,72.23999786376953,71.2300033569336,71.94000244140625,1560000,2025-09-04
71.55000305175781,71.55000305175781,71.88999938964844,71.12999725341797,71.72000122070312,1540800,2025-09-05
70.69000244140625,70.69000244140625,71.37999725341797,70.5199966430664,71.29000091552734,1705500,2025-09-08
70.91000366210938,70.91000366210938,71.16999816894531,70.4000015258789,70.44999694824219,1479500,2025-09-09
71.22000122070312,71.22000122070312,71.33999633789062,70.52999877929688,70.87999725341797,1798600,2025-09-10
71.66999816894531,71.66999816894531,71.7699966430664,70.93000030517578,71.30000305175781,1618800,2025-09-11
71.68000030517578,71.68000030517578,71.9000015258789,71.16999816894531,71.43000030517578,1911100,2025-09-12
71.58000183105469,71.58000183105469,72.0,71.55999755859375,71.58000183105469,2803100,2025-09-15
69.95999908447266,69.95999908447266,71.44000244140625,69.91999816894531,71.16999816894531,2012100,2025-09-16
70.37999725341797,70.37999725341797,71.13999938964844,70.26000213623047,70.31999969482422,1941000,2025-09-17
70.18000030517578,70.18000030517578,70.66999816894531,69.76000213623047,69.80999755859375,2005300,2025-09-18
70.12000274658203,70.12000274658203,70.54000091552734,69.81999969482422,70.33999633789062,5110600,2025-09-19
70.44000244140625,70.44000244140625,70.75,70.16999816894531,70.2699966430664,1964300,2025-09-22
71.48999786376953,71.48999786376953,71.61000061035156,70.16000366210938,70.23999786376953,1706000,2025-09-23
71.66000366210938,71.66000366210938,72.02999877929688,71.33999633789062,71.45999908447266,2015100,2025-09-24
70.9800033569336,70.9800033569336,72.22000122070312,69.81999969482422,71.94000244140625,4981800,2025-09-25
71.83999633789062,71.83999633789062,71.9000015258789,70.97000122070312,71.2699966430664,2200400,2025-09-26
72.7699966430664,72.7699966430664,72.9800033569336,71.37999725341797,71.70999908447266,3034800,2025-09-29
73.26000213623047,73.26000213623047,73.44000244140625,72.62000274658203,73.0,1969100,2025-09-30
72.37000274658203,72.37000274658203,73.44999694824219,72.33000183105469,72.95999908447266,2237700,2025-10-01
71.83000183105469,71.83000183105469,72.29000091552734,71.37000274658203,72.19999694824219,1793700,2025-10-02
72.33999633789062,72.33999633789062,72.91999816894531,71.72000122070312,71.77999877929688,2808200,2025-10-03
73.22000122070312,73.22000122070312,73.26000213623047,72.3499984741211,72.5,2910200,2025-10-06
73.76000213623047,73.76000213623047,74.55999755859375,73.05000305175781,73.30999755859375,2791400,2025-10-07
73.19000244140625,73.19000244140625,74.26000213623047,72.98999786376953,74.12000274658203,1886100,2025-10-08
73.27999877929688,73.27999877929688,73.80000305175781,73.01000213623047,73.62999725341797,2604800,2025-10-09
74.08999633789062,74.08999633789062,74.62999725341797,73.19000244140625,73.54000091552734,2161800,2025-10-10
73.55000305175781,73.55000305175781,74.13999938964844,73.31999969482422,73.66999816894531,1927700,2025-10-13
74.3499984741211,74.3499984741211,74.91000366210938,73.5999984741211,73.83999633789062,1619800,2025-10-14
75.30999755859375,75.30999755859375,75.41999816894531,74.06999969482422,74.27999877929688,1884800,2025-10-15
74.75,74.75,76.11000061035156,74.66999816894531,75.3499984741211,2070000,2025-10-16
74.77999877929688,74.77999877929688,74.9800033569336,74.19999694824219,74.87999725341797,1805900,2025-10-17
75.08999633789062,75.08999633789062,75.30999755859375,74.80000305175781,75.08000183105469,2002800,2025-10-20
74.54000091552734,74.54000091552734,75.37000274658203,74.19000244140625,75.37000274658203,1613100,2025-10-21
75.16000366210938,75.16000366210938,75.5999984741211,74.37999725341797,74.80999755859375,2014400,2025-10-22
74.55999755859375,74.55999755859375,75.55000305175781,74.47000122070312,75.44000244140625,1619000,2025-10-23
74.75,74.75,75.16999816894531,74.27999877929688,74.62999725341797,1684100,2025-10-24
