Price,Close,High,Low,Open,Volume,Date
187.7117462158203,187.7117462158203,188.73286878853858,186.13362322796246,186.84841894418935,3294700,2021-10-25
185.3260040283203,185.3260040283203,188.25014640126062,185.16819456408928,188.21302059516157,2933600,2021-10-26
182.0676727294922,182.0676727294922,186.05935554568762,181.87272329442635,185.89226817112998,3406700,2021-10-27
189.45693969726562,189.45693969726562,189.8375464907476,182.92170716547693,183.209478196976,4462700,2021-10-28
189.38267517089844,189.38267517089844,194.711127820578,188.66789362495564,193.0773232180319,4292200,2021-10-29
190.6544647216797,190.6544647216797,192.04691622758796,189.19702534641607,189.64260586217694,3215200,2021-11-01
192.2696990966797,192.2696990966797,192.91022905473656,188.44510349926654,190.99793125603,3429600,2021-11-02
188.95567321777344,188.95567321777344,191.76842414190625,187.3497164383088,191.4713610199421,3137000,2021-11-03
188.9927978515625,188.9927978515625,190.19959198873374,188.08306683451,189.37340466243367,2543500,2021-11-04
191.1186065673828,191.1186065673828,193.90350945306372,190.5152024433028,190.74727768377622,2591300,2021-11-05
198.8885040283203,198.8885040283203,200.94933353462923,196.10360082138934,200.41091721485256,5944700,2021-11-08
194.76683044433594,194.76683044433594,200.11385326704917,193.97778309358773,199.75180227907458,3310300,2021-11-09
191.85195922851562,191.85195922851562,194.89678526833993,191.62916189703506,194.26554740960134,3261800,2021-11-10
193.57859802246094,193.57859802246094,195.35165625529686,192.97520806446371,192.97520806446371,4819800,2021-11-11
194.26553344726562,194.26553344726562,195.58371902643322,193.36508044044552,194.33979921908815,2018000,2021-11-12
192.81736755371094,192.81736755371094,195.5837000024741,191.93547045206577,194.94317017696184,2392600,2021-11-15
190.70086669921875,190.70086669921875,193.25369443674649,190.54305722975965,193.0866070566424,2138000,2021-11-16
188.426513671875,188.426513671875,190.47806490377275,186.44924237687147,190.30168546551823,3135700,2021-11-17
186.9783935546875,186.9783935546875,189.10421086601946,186.27288986443634,188.6957561425452,2119900,2021-11-18
186.0686798095703,186.0686798095703,188.3708626340365,185.34460606506278,186.51426038355547,2980100,2021-11-19
187.86953735351562,187.86953735351562,189.8653785873336,185.74372039783768,187.04335013371107,2596500,2021-11-22
190.6080322265625,190.6080322265625,190.83082954973793,187.1361816386728,188.4915072330142,3127100,2021-11-23
192.22329711914062,192.22329711914062,193.32796342368195,188.5193709864748,189.0577872725471,3880500,2021-11-24
184.48126220703125,184.48126220703125,187.00624217577203,182.51326852968174,186.58850953960348,3496000,2021-11-26
181.87269592285156,181.87269592285156,187.05261622579707,179.42198231159475,186.80197103693374,4559900,2021-11-29
179.4870147705078,179.4870147705078,182.67108059221295,177.81607003743733,179.94187322232284,6358000,2021-11-30
177.74180603027344,177.74180603027344,184.20277350974246,177.63969234654405,183.4137261034245,3425300,2021-12-01
182.68035888671875,182.68035888671875,183.4508504642719,178.05742358614995,178.52157411493496,3445700,2021-12-02
183.61793518066406,183.61793518066406,185.0939303272966,181.70563744380703,183.4972515215279,3250900,2021-12-03
186.84841918945312,186.84841918945312,188.68645115455763,184.1192120555032,185.27031036427252,2838400,2021-12-06
189.82827758789062,189.82827758789062,191.42495644946982,188.51009186072628,188.71430505023133,2818000,2021-12-07
189.54977416992188,189.54977416992188,191.41565398919886,189.01135791653013,189.75400151309628,2341200,2021-12-08
189.49407958984375,189.49407958984375,190.27384899708403,186.47710146837383,188.53793073375778,1646600,2021-12-09
188.8721160888672,188.8721160888672,191.13715849132186,187.61890414996034,190.6730080198376,3315200,2021-12-10
186.82057189941406,186.82057189941406,189.60547483456062,186.07792828375855,189.2063122129357,1868500,2021-12-13
187.18258666992188,187.18258666992188,189.3548073039743,185.4745164703976,185.66017381125943,2248800,2021-12-14
188.02735900878906,188.02735900878906,188.07377688893098,184.39769891881485,186.5884897128794,2193700,2021-12-15
191.38778686523438,191.38778686523438,193.30008437306077,189.97676558999717,190.30167655733533,2856800,2021-12-16
186.93197631835938,186.93197631835938,190.53378889449286,186.802014739053,190.25529574890783,6079600,2021-12-17
181.44569396972656,181.44569396972656,183.38583938514083,179.21776338672106,183.38583938514083,3605100,2021-12-20
184.09136962890625,184.09136962890625,184.7504695734913,182.63394441994234,182.87529758139996,2303400,2021-12-21
187.6560516357422,187.6560516357422,188.81642794851516,186.43070161512392,186.5699411067567,3558700,2021-12-22
191.41563415527344,191.41563415527344,192.4367707653383,188.71427525798572,188.834958902288,2669600,2021-12-23
191.582763671875,191.582763671875,192.06546999012923,190.43166534002074,191.17430896816063,1711200,2021-12-27
191.80557250976562,191.80557250976562,193.3279857770236,191.3599919391599,191.39711775139747,1393000,2021-12-28
192.4646453857422,192.4646453857422,193.59717372336374,191.30426915168312,191.48064860561993,1334900,2021-12-29
191.3042449951172,191.3042449951172,193.93133815706577,191.1649913657647,192.46462108265203,1465900,2021-12-30
191.91693115234375,191.91693115234375,192.84523204260705,190.92364240068324,191.415640739343,1374500,2021-12-31
192.1582794189453,192.1582794189453,193.64356647165727,191.0443212117849,192.46462040474518,2055600,2022-01-03
202.44387817382812,202.44387817382812,203.22364759269547,193.03090686107583,193.34652579279614,5242300,2022-01-04
203.99412536621094,203.99412536621094,207.34529222436865,202.53668613561914,202.53668613561914,5378200,2022-01-05
206.07351684570312,206.07351684570312,206.74189461052129,202.42528703234174,205.60936640706538,3913200,2022-01-06
208.11582946777344,208.11582946777344,209.76820432111603,206.29635304787607,206.5469983153328,3673400,2022-01-07
205.74864196777344,205.74864196777344,209.5639598092968,204.79249302961975,208.82131614424304,3734900,2022-01-10
204.1798095703125,204.1798095703125,206.16637321623892,201.060717529865,206.08282952272907,2944300,2022-01-11
206.45416259765625,206.45416259765625,207.6516789699347,204.29123346167444,206.1942394182743,2506900,2022-01-12
210.72434997558594,210.72434997558594,211.54125947737452,206.67695660770272,206.90903188300624,5002300,2022-01-13
212.52520751953125,212.52520751953125,213.1750153080425,207.54951419432774,208.60777663983103,3970600,2022-01-14
213.38856506347656,213.38856506347656,213.9084114027365,210.59438390757919,211.38344549272398,5411900,2022-01-18
206.76564025878906,206.76564025878906,214.3679982767948,206.08468209542923,214.22808316568265,4991700,2022-01-19
202.07363891601562,202.07363891601562,206.96153011611668,201.5232729110469,206.22462011080862,3545600,2022-01-20
199.70428466796875,199.70428466796875,202.89447710842754,198.146501514011,202.89447710842754,3754700,2022-01-21
199.9281768798828,199.9281768798828,200.52517174799982,192.77356139213595,196.97118556175008,5107300,2022-01-24
199.90951538085938,199.90951538085938,202.26018888468238,193.18399667382502,197.8293634034798,4554300,2022-01-25
199.8908233642578,199.8908233642578,204.1724101207924,197.9785840592892,200.55312132998483,3558500,2022-01-26
197.91331481933594,197.91331481933594,203.25828563577946,196.02904397537984,200.74905113171272,3678100,2022-01-27
187.64312744140625,187.64312744140625,194.02351261322914,183.57609554998206,191.77544830585796,10747300,2022-01-28
188.0162353515625,188.0162353515625,188.05355553458105,181.5985302863958,186.04801558497675,6179000,2022-01-31
191.55157470703125,191.55157470703125,191.96199708431985,187.064769242481,187.3073077307417,4026400,2022-02-01
191.1691131591797,191.1691131591797,191.97132625588475,187.86697455253008,189.54602687510797,3492300,2022-02-02
187.11141967773438,187.11141967773438,192.03663073276007,186.64501700787602,191.22509464192012,2748200,2022-02-03
185.077880859375,185.077880859375,187.50316580929743,183.2868966055395,186.7569330453075,3930800,2022-02-04
186.3931427001953,186.3931427001953,187.9882316283292,184.7234134142443,185.4789833521475,2402000,2022-02-07
187.96026611328125,187.96026611328125,188.71583612154126,185.84279411759866,186.80358242853163,2407100,2022-02-08
189.91917419433594,189.91917419433594,190.38557686747185,188.51062901203827,189.02367479918377,2743700,2022-02-09
189.42474365234375,189.42474365234375,192.85745968184295,188.0161988035253,188.95834108963072,3538500,2022-02-10
187.71774291992188,187.71774291992188,190.89859816232615,186.68232847186368,189.75125163344413,3826700,2022-02-11
186.45848083496094,186.45848083496094,188.14685642213828,184.79808827260564,187.44725233462404,2730500,2022-02-14
189.741943359375,189.741943359375,190.71205467956028,186.57039656744394,187.21403454885126,2752600,2022-02-15
189.9564971923828,189.9564971923828,191.6168897190739,189.359502286533,189.46211145317037,2253900,2022-02-16
181.65451049804688,181.65451049804688,188.20279350107367,181.37466605942228,187.49386659224018,4699600,2022-02-17
179.05198669433594,179.05198669433594,182.4753806706923,178.33372257899742,180.36724567303258,4385200,2022-02-18
178.36172485351562,178.36172485351562,181.80376478589136,177.74606988018766,179.05199173256756,3488000,2022-02-22
174.12677001953125,174.12677001953125,179.39712869762016,173.84692557258742,178.83743980373254,3550400,2022-02-23
172.27981567382812,172.27981567382812,172.8208444638206,167.59712901342928,169.79855012321826,5919500,2022-02-24
174.4905548095703,174.4905548095703,175.30209085501536,171.74810498685085,172.5130121547023,3594600,2022-02-25
174.9756317138672,174.9756317138672,176.0856723732848,171.32835932820365,171.95333721344713,5168500,2022-02-28
170.54478454589844,170.54478454589844,175.572604244,168.50193878325524,175.15284473070525,5110600,2022-03-01
179.66761779785156,179.66761779785156,180.55377992891968,172.56896935400445,172.75552755525905,5849900,2022-03-02
181.75711059570312,181.75711059570312,183.37085971005195,179.4157602837887,180.32991968664965,4429700,2022-03-03
182.51271057128906,182.51271057128906,182.83918392583573,177.5221959170431,178.25912016425497,4334700,2022-03-04
183.4827880859375,183.4827880859375,189.82586657239884,180.6097462352027,181.70112665932143,6912300,2022-03-07
195.8891143798828,195.8891143798828,200.45053175967521,189.35947723388674,190.17101329588996,9318600,2022-03-08
195.6839141845703,195.6839141845703,199.24723761753157,193.510475911088,198.28644920151967,4798300,2022-03-09
197.55880737304688,197.55880737304688,202.90379142601893,194.19138002612073,195.32008058272362,4886300,2022-03-10
200.39454650878906,200.39454650878906,203.13699612457253,198.03455044807268,198.03455044807268,4045500,2022-03-11
200.96356201171875,200.96356201171875,203.79928366206136,198.62221176353822,201.7657750827825,3530700,2022-03-14
201.91506958007812,201.91506958007812,202.77324886740342,196.36486588645482,201.5979049165273,4364200,2022-03-15
201.5605926513672,201.5605926513672,204.7414624831598,198.0532494694827,202.88517461208124,4378700,2022-03-16
206.80294799804688,206.80294799804688,206.87757413577847,199.93749989502564,200.85165940712722,3600400,2022-03-17
206.06602478027344,206.06602478027344,206.80293471363024,203.35155790776318,204.73210578341408,4105100,2022-03-18
208.6778564453125,208.6778564453125,211.7934223807142,206.14062517612325,206.14994810402166,2902200,2022-03-21
207.74510192871094,207.74510192871094,210.67411038631784,206.46714882098954,209.37751141825098,2461500,2022-03-22
207.24134826660156,207.24134826660156,209.67597062751364,206.79360571559448,206.79360571559448,2001700,2022-03-23
207.27867126464844,207.27867126464844,209.88119177998945,206.62569617010507,207.5864844871307,2110900,2022-03-24
208.35140991210938,208.35140991210938,208.76184655600824,206.28058083315088,207.16674309603408,1581100,2022-03-25
206.94287109375,206.94287109375,207.7170870031864,204.32167612308996,207.39993660251608,3072500,2022-03-28
206.18724060058594,206.18724060058594,206.55103403358441,201.98961749669107,205.96337647780337,3667800,2022-03-29
208.09024047851562,208.09024047851562,210.70209857246581,205.87015896363576,207.0828088894142,2507400,2022-03-30
207.84768676757812,207.84768676757812,210.05843080566225,207.48387903120528,208.21148027047147,3152100,2022-03-31
205.0026397705078,205.0026397705078,210.3662706380717,203.5101454878805,209.27489006521114,2618300,2022-04-01
205.97274780273438,205.97274780273438,206.47647066430906,202.04564523574862,204.43362466304754,2181300,2022-04-04
201.50460815429688,201.50460815429688,207.42791336512414,200.68373492229125,205.2171693230394,3582100,2022-04-05
201.6818084716797,201.6818084716797,202.53998750475782,199.2005433476955,200.66504003706976,2783300,2022-04-06
201.3926544189453,201.3926544189453,201.77510800008477,199.2098934780425,200.9822320515409,2253600,2022-04-07
202.44671630859375,202.44671630859375,203.23960644114172,199.64830064098183,201.29003270859536,2450200,2022-04-08
201.5325927734375,201.5325927734375,204.06048722667163,201.2527483299907,202.446738004116,2494700,2022-04-11
202.13890075683594,202.13890075683594,204.73209828921352,200.53447454110142,200.9728941601381,2508200,2022-04-12
203.60340881347656,203.60340881347656,204.9186534173349,201.8590532922748,202.35343894316398,1898900,2022-04-13
212.5023651123047,212.5023651123047,213.817623951804,203.92055952221153,205.13320921323614,5337900,2022-04-14
214.47061157226562,214.47061157226562,218.6309298358237,212.67962694808884,212.67962694808884,3644000,2022-04-18
216.5601043701172,216.5601043701172,217.28769144105357,212.27853101418825,214.77844264592235,2689400,2022-04-19
219.28390502929688,219.28390502929688,220.48721778683236,216.95189142412758,217.85671384161176,2907700,2022-04-20
216.9425506591797,216.9425506591797,221.91439073120807,216.0843571975647,221.29875000750036,3571400,2022-04-21
202.73341369628906,202.73341369628906,215.37729595407168,202.0773213759382,214.0744789530393,5053700,2022-04-22
203.1082763671875,203.1082763671875,203.38946281668237,196.42548945696333,201.80545964287361,4145500,2022-04-25
197.10972595214844,197.10972595214844,204.5142224303365,196.21931399111148,202.57406283538134,4176700,2022-04-26
200.54017639160156,200.54017639160156,202.0304462366993,194.29789621185637,197.86892611686918,3358300,2022-04-27
199.115478515625,199.115478515625,199.60286741767413,189.33028713012664,194.41970333022638,6092800,2022-04-28
197.33465576171875,197.33465576171875,203.58631742059987,196.9784995726769,199.35918123288243,3404000,2022-04-29
198.76869201660156,198.76869201660156,199.42478421734825,194.6352896992914,196.82851832824633,2639500,2022-05-02
200.2214813232422,200.2214813232422,201.85235149136838,197.56898075347848,198.6093607345396,2121100,2022-05-03
208.6288604736328,208.6288604736328,209.28495269722538,200.4183042860933,201.4680518438414,3023700,2022-05-04
202.38661193847656,202.38661193847656,209.1537662700372,200.3621005245815,208.45080714392003,3005600,2022-05-05
201.18687438964844,201.18687438964844,203.39885277238844,197.156587277699,203.39885277238844,2268400,2022-05-06
193.35121154785156,193.35121154785156,198.74994586826185,192.5545332552477,198.73119629027775,2929900,2022-05-09
190.2582244873047,190.2582244873047,196.37865376969677,188.75857272029202,195.17893807678232,3040400,2022-05-10
192.3389892578125,192.3389892578125,196.55674386695785,190.8205878733373,192.6670282574801,2552400,2022-05-11
190.2957000732422,190.2957000732422,192.46081165883564,186.79965440260295,190.8393234547519,3282000,2022-05-12
191.51414489746094,191.51414489746094,193.51055296335298,190.1925785918215,192.28270594002046,2323800,2022-05-13
194.1947784423828,194.1947784423828,196.08808544330412,190.90492101328744,192.16088535549082,2540800,2022-05-16
199.72471618652344,199.72471618652344,200.36207314400954,196.02246815525336,199.45291165433397,2275900,2022-05-17
194.89776611328125,194.89776611328125,204.23305543861963,194.5041107129829,200.42770560066208,4723300,2022-05-18
193.79171752929688,193.79171752929688,196.1536635977624,189.0584720567592,192.94817251285596,2887700,2022-05-19
185.4124755859375,185.4124755859375,193.669898479304,181.8695490132859,193.50118087977884,5404500,2022-05-20
191.34544372558594,191.34544372558594,192.60140807155656,186.66843209624946,187.39012640871454,3246600,2022-05-23
192.75137329101562,192.75137329101562,192.798240089854,188.6648372825684,189.33967914097175,2467800,2022-05-24
196.1818084716797,196.1818084716797,196.9128847361344,191.9734361317331,192.14213943811262,3080200,2022-05-25
199.6310272216797,199.6310272216797,200.2402527529085,197.20346413314866,198.28134339067532,2016000,2022-05-26
203.5207061767578,203.5207061767578,203.97997791056807,200.7276195203277,201.5149302339407,2020400,2022-05-27
202.31161499023438,202.31161499023438,204.41111014457516,200.09963666566952,201.31808754556883,3773500,2022-05-31
203.92373657226562,203.92373657226562,205.26403826781015,200.85883117446505,204.75791405525706,2314000,2022-06-01
206.20135498046875,206.20135498046875,206.98866581252184,203.6238380432129,205.81706720467827,1784100,2022-06-02
208.91941833496094,208.91941833496094,210.04416422618,204.5610780625705,204.5610780625705,2222500,2022-06-03
209.6036376953125,209.6036376953125,210.6627528881838,208.31018852856778,208.91941395542528,1565400,2022-06-06
212.8560028076172,212.8560028076172,213.0153384736401,207.74782234762804,208.07587561997647,1799000,2022-06-07
215.38665771484375,215.38665771484375,217.77672136665782,210.53154639566688,211.15952143643176,4171300,2022-06-08
209.64112854003906,209.64112854003906,213.89638191657792,209.5942617439253,213.165291361027,3045700,2022-06-09
201.6836395263672,201.6836395263672,206.4075325516607,201.5243038511524,205.7326906909045,2604100,2022-06-10
193.90423583984375,193.90423583984375,196.70669019928508,192.04841358444537,196.43488564969547,3559400,2022-06-13
193.72613525390625,193.72613525390625,196.5754561865299,192.39520122667685,195.01020248616,2359000,2022-06-14
193.0794219970703,193.0794219970703,195.5632049574051,190.38943656813353,194.4665905389702,2343100,2022-06-15
182.57252502441406,182.57252502441406,188.6273521617245,181.1291220136808,188.45864884822825,4789900,2022-06-16
180.55735778808594,180.55735778808594,185.33748460324088,178.8983705802281,183.4066785790782,7226100,2022-06-17
184.0534210205078,184.0534210205078,185.9748452918347,181.71022417785028,184.73764479581556,2755400,2022-06-21
176.04908752441406,176.04908752441406,180.69798259593094,175.93661863934614,178.08298090592024,4008700,2022-06-22
167.46359252929688,167.46359252929688,175.48669634020447,164.97980956274444,174.87747087346182,6667900,2022-06-23
173.85580444335938,173.85580444335938,173.9589056565546,168.11964995736298,169.96608985620898,4868900,2022-06-24
175.8240966796875,175.8240966796875,178.15792564237083,174.16512378381262,176.28336836200296,3061100,2022-06-27
175.68353271484375,175.68353271484375,180.98853391835775,175.67415077414944,178.05484682880967,3327200,2022-06-28
171.97189331054688,171.97189331054688,175.8053740949457,170.7065756360017,175.57105441798495,2436900,2022-06-29
167.5479278564453,167.5479278564453,170.7159342989508,166.01079142846828,168.95384584429274,4197100,2022-06-30
167.107421875,167.107421875,169.947389642215,162.82406542875484,168.06345020351577,3423100,2022-07-01
162.86155700683594,162.86155700683594,163.48016443915324,159.89976690694016,162.87093894782637,3724900,2022-07-05
161.5025177001953,161.5025177001953,163.71449637668601,158.67193154513527,162.59913224761897,3190600,2022-07-06
168.97259521484375,168.97259521484375,171.05335497844658,165.27034737839745,171.05335497844658,4677600,2022-07-07
167.8666229248047,167.8666229248047,169.87239879504,165.32659132426136,168.9257381434566,2491100,2022-07-08
164.04249572753906,164.04249572753906,168.49456883738083,163.6675757267215,166.28259088863211,2773300,2022-07-11
163.54579162597656,163.54579162597656,166.12330846254434,161.77433517218685,163.7801113383918,2718400,2022-07-12
162.9646453857422,162.9646453857422,164.25809458729393,161.08072031970053,161.4462584459993,2389000,2022-07-13
159.28115844726562,159.28115844726562,159.9934851727176,156.60054055958642,159.10307319046782,2531200,2022-07-14
162.5054168701172,162.5054168701172,162.5054168701172,158.58758371290355,161.44628715864422,2282100,2022-07-15
162.6085205078125,162.6085205078125,165.6171777493015,161.87744411445587,165.08293621649824,2476400,2022-07-18
169.40386962890625,169.40386962890625,169.6020609709896,163.16530677095574,164.12797923519813,2671400,2022-07-19
169.85691833496094,169.85691833496094,170.64027974119017,167.1198842564705,168.73378588990158,2175900,2022-07-20
170.81961059570312,170.81961059570312,170.8951168734695,166.56303239489205,168.39402002701434,2214500,2022-07-21
168.58282470703125,168.58282470703125,172.5279459933987,167.3747527344962,171.29156095911316,1961500,2022-07-22
171.5935516357422,171.5935516357422,172.33916724470802,167.7805776196754,169.10190168431433,1845600,2022-07-25
171.0460968017578,171.0460968017578,173.33010745575464,170.4326281621306,170.98003781659492,1767700,2022-07-26
174.8402099609375,174.8402099609375,175.7179433736,170.18724934264074,172.64113838549366,1856500,2022-07-27
177.28469848632812,177.28469848632812,178.87030169087237,173.8492416780591,176.3503387992151,2229200,2022-07-28
187.10971069335938,187.10971069335938,188.28003638861335,178.4927494209659,178.55882281406042,5188100,2022-07-29
183.91021728515625,183.91021728515625,186.1092891402413,182.53225284327974,184.11785595997807,3185100,2022-08-01
173.197998046875,173.197998046875,178.8230934753928,172.86767427456886,177.43569618819623,8193100,2022-08-02
172.59396362304688,172.59396362304688,175.0195542747168,171.39533922604346,173.0186882501816,4155900,2022-08-03
173.32070922851562,173.32070922851562,175.48202082620804,170.94231166146335,172.58454095322466,2478900,2022-08-04
174.9723663330078,174.9723663330078,175.64247559050102,172.93373990606182,173.26407809239737,1908500,2022-08-05
175.36874389648438,175.36874389648438,177.4356831480095,173.8114683953527,176.2748047853232,2655000,2022-08-08
175.57640075683594,175.57640075683594,177.3224493251575,174.75529334214943,175.50089447482387,2460000,2022-08-09
180.0028533935547,180.0028533935547,180.75790179497176,176.91660079348816,178.12467247521533,2304300,2022-08-10
183.09854125976562,183.09854125976562,184.5897579115897,181.1259882664356,181.99428889888682,2538900,2022-08-11
185.77894592285156,185.77894592285156,185.90164542774423,182.90977929606078,183.93852535621352,1864800,2022-08-12
184.93894958496094,184.93894958496094,185.45804623331395,182.22079564682556,182.5322392344877,1752400,2022-08-15
186.4207305908203,186.4207305908203,187.25127081497146,183.99514010559665,184.3443584284182,1959300,2022-08-16
184.92005920410156,184.92005920410156,185.83555295118342,182.9758195024964,184.04232579373274,1576200,2022-08-17
186.26028442382812,186.26028442382812,186.52454918520243,184.27828431217154,185.9771394933987,1750900,2022-08-18
184.60862731933594,184.60862731933594,186.1375898219738,182.91920497753384,184.29716932780792,2003600,2022-08-19
180.9844207763672,180.9844207763672,183.0324801888759,180.78622937589785,182.2585659562192,2008900,2022-08-22
186.12815856933594,186.12815856933594,187.00589204295872,181.66394171965376,181.91877360611034,2444900,2022-08-23
183.24954223632812,183.24954223632812,187.5155388476078,182.57943303336734,186.4584797795172,2503200,2022-08-24
187.70433044433594,187.70433044433594,187.73264350067052,183.63652480228933,184.5048254663689,1888700,2022-08-25
181.13543701171875,181.13543701171875,189.110603250623,180.95611137819557,188.1951093120534,2560400,2022-08-26
181.0032958984375,181.0032958984375,182.31518698418478,178.37951372694295,179.32332067787914,1996600,2022-08-29
176.43527221679688,176.43527221679688,181.17318710271724,174.21732014035527,180.7390295723719,2691200,2022-08-30
174.33055114746094,174.33055114746094,177.4922951194852,174.1323453933469,176.1426583794901,2656600,2022-08-31
172.18814086914062,172.18814086914062,172.91487624713935,169.97963608033265,172.02769541710083,2686200,2022-09-01
170.6686248779297,170.6686248779297,175.3027207949375,169.74369803220858,174.4627331245541,2185400,2022-09-02
170.50814819335938,170.50814819335938,173.33956873034103,169.4982679558548,172.62226631077527,2141700,2022-09-06
170.69696044921875,170.69696044921875,171.6218874169264,168.17699710571614,169.04529794906372,2166900,2022-09-07
172.85824584960938,172.85824584960938,172.9809453677298,168.0731518604884,169.5832344158347,2245700,2022-09-08
178.8419952392578,178.8419952392578,179.09681276259943,176.69954929741525,177.01100733840707,2279600,2022-09-09
181.58843994140625,181.58843994140625,181.87158488877913,179.89903194428683,180.12555078245518,1937200,2022-09-12
173.9530487060547,173.9530487060547,179.37050553613227,173.18856741568382,177.29413322122798,2207500,2022-09-13
174.27394104003906,174.27394104003906,174.73641161273153,171.6501589692627,173.5849660246814,2295000,2022-09-14
172.23532104492188,172.23532104492188,176.05772735076266,171.47082538240377,174.2928131107152,1933100,2022-09-15
169.385009765625,169.385009765625,170.20611708394296,167.78054106488975,169.88522622406572,5088300,2022-09-16
171.8766632080078,171.8766632080078,172.46181883696994,166.86505122099493,167.2897614162529,2923700,2022-09-19
167.98818969726562,167.98818969726562,170.56477841571572,166.40258666959255,170.44207891438717,2512400,2022-09-20
162.28758239746094,162.28758239746094,170.3477008330908,162.22152340771282,169.20568822615073,4061900,2022-09-21
160.96624755859375,160.96624755859375,164.8075336251009,160.7208485814472,162.99542635424552,2508400,2022-09-22
155.01083374023438,155.01083374023438,159.91862621121822,152.64186945959293,159.18245806063808,4047200,2022-09-23
153.48187255859375,153.48187255859375,156.53037919647198,153.10435556137463,154.7843306812953,3213400,2022-09-26
153.31202697753906,153.31202697753906,155.32234070044012,151.57542537723427,155.2185213438266,2753500,2022-09-27
158.33306884765625,158.33306884765625,159.01261109003119,154.35020186092925,155.25626298454685,3694800,2022-09-28
156.5775604248047,156.5775604248047,157.22878949615694,154.35017554376324,156.3888019232962,3518100,2022-09-29
154.85980224609375,154.85980224609375,158.35188409227698,154.68047667214145,156.56809003779153,2963000,2022-09-30
161.60806274414062,161.60806274414062,163.62780907518083,156.71914957326206,158.02159339332914,3444700,2022-10-03
169.53602600097656,169.53602600097656,170.06455552318067,164.42059469485918,164.5055338534957,4008200,2022-10-04
168.35626220703125,168.35626220703125,170.13060920459142,166.7612264049926,167.1953694698221,3067400,2022-10-05
168.76211547851562,168.76211547851562,170.81017479609216,166.9500078943191,167.44079153212783,2415000,2022-10-06
167.5729217529297,167.5729217529297,168.90369296825386,165.29834361632894,166.78956028010802,2759200,2022-10-07
168.62997436523438,168.62997436523438,170.98005869267985,166.1760851057656,169.7059136377642,2633900,2022-10-10
169.6493377685547,169.6493377685547,172.79221735356998,166.74240997459438,166.88398969004004,2542400,2022-10-11
169.413330078125,169.413330078125,170.94229257123382,168.73378799199892,169.39444990869103,2260800,2022-10-12
172.84878540039062,172.84878540039062,174.55707348941135,163.00488689786798,163.9864396822499,3745900,2022-10-13
168.17694091796875,168.17694091796875,173.9719142635066,167.5540249554152,173.4245045753246,2830200,2022-10-14
170.64031982421875,170.64031982421875,173.9530774299599,169.13022276328866,172.05603041833336,2940000,2022-10-17
173.2357635498047,173.2357635498047,175.1044972244582,170.7441138498164,174.5098942546977,2674000,2022-10-18
174.0474395751953,174.0474395751953,175.2649441794032,171.77286141551187,172.66004223473118,2088700,2022-10-19
170.39492797851562,170.39492797851562,175.3027364334556,170.3194360834935,174.170156389175,2953900,2022-10-20
180.73223876953125,180.73223876953125,180.91276429989955,170.27139898774635,170.765452073507,3483800,2022-10-21
181.7583770751953,181.7583770751953,182.55647623195696,179.0505230461013,179.24054458375207,2919500,2022-10-24
185.12181091308594,185.12181091308594,185.91041409987494,179.49708907857732,180.7987518880757,2545000,2022-10-25
187.13604736328125,187.13604736328125,189.62536252183443,184.8652562192232,188.409207444548,3546000,2022-10-26
201.5589141845703,201.5589141845703,206.30002897608034,197.0268274278099,199.66816586941286,7872200,2022-10-27
208.39981079101562,208.39981079101562,208.55183383043476,200.67532675861247,201.90097808185595,5161000,2022-10-28
205.66343688964844,205.66343688964844,207.9532201406775,204.28574824149,204.5992902753508,3786100,2022-10-31
207.60166931152344,207.60166931152344,208.52328886599568,205.90095720965803,207.72518981811623,2717500,2022-11-01
203.83920288085938,203.83920288085938,210.64208106106832,203.25962778035554,206.74658888356436,3150000,2022-11-02
208.32376098632812,208.32376098632812,210.72756867673428,200.81780239143563,200.9888174060674,3570400,2022-11-03
216.48532104492188,216.48532104492188,218.27154069124893,212.447302217646,212.8463517502631,4973800,2022-11-04
217.20741271972656,217.20741271972656,217.70148026849034,211.563685155744,216.62783766186305,3405600,2022-11-07
218.34756469726562,218.34756469726562,221.0269160667143,215.36418178457998,217.20742103912895,3676600,2022-11-08
214.29052734375,214.29052734375,217.71097262763533,213.83447280513607,214.79410538357433,6248300,2022-11-09
220.8559112548828,220.8559112548828,220.98892778825288,215.04116779939963,220.63738719957092,4590800,2022-11-10
224.6943817138672,224.6943817138672,226.50910391521248,220.4283282454574,221.37845034996369,3585400,2022-11-11
224.7039031982422,224.7039031982422,227.8868184083813,222.80365877373274,224.22884209211483,3217700,2022-11-14
222.88916015625,222.88916015625,227.45924555172607,221.14093881328913,225.27397612188196,3371000,2022-11-15
220.82740783691406,220.82740783691406,222.95568685977295,219.32621296780576,222.3286027060224,3062000,2022-11-16
218.94613647460938,218.94613647460938,219.03164398315502,214.2620270377602,216.3903057359644,3256900,2022-11-17
219.8867645263672,219.8867645263672,220.2763180914122,216.27631191659606,219.335706431564,2868700,2022-11-18
220.58982849121094,220.58982849121094,222.0150115266867,216.88435839805862,220.00075747581533,2522600,2022-11-21
225.42596435546875,225.42596435546875,225.63499237740507,221.7204939624392,222.3285715268777,2523300,2022-11-22
225.10293579101562,225.10293579101562,227.6777731708043,223.8582781065755,225.7775288897749,2311300,2022-11-23
223.9437713623047,223.9437713623047,225.64449800426803,223.4592143206685,225.17893296587943,1034800,2022-11-25
220.71337890625,220.71337890625,223.2407073111332,220.01979379434462,222.27157865630704,2862100,2022-11-28
223.3927001953125,223.3927001953125,223.97227524761422,220.00077188749384,221.66348553780225,2277900,2022-11-29
224.61837768554688,224.61837768554688,224.95091173456976,219.27868142196562,224.1338061175763,3850000,2022-11-30
223.9342803955078,223.9342803955078,225.1789380286906,220.371322515307,225.0839200194668,2504700,2022-12-01
224.35235595703125,224.35235595703125,226.57563838823742,221.93903749084555,222.22407704560084,2218300,2022-12-02
220.96990966796875,220.96990966796875,224.1433140874224,220.67535963100937,223.088677948297,2064500,2022-12-05
216.9033660888672,216.9033660888672,221.42595652709932,214.30953683604807,220.98889398561414,3633800,2022-12-06
217.5589599609375,217.5589599609375,218.37606556773682,214.5185720627469,215.67772221419975,3044000,2022-12-07
219.40220642089844,219.40220642089844,220.90340116640002,218.09103320696502,219.39271041851975,2189400,2022-12-08
215.95326232910156,215.95326232910156,221.19794078358964,215.8582588104268,220.42834414306915,2257000,2022-12-09
221.43545532226562,221.43545532226562,221.75849335829662,215.69672419093112,216.20028774642435,2709200,2022-12-12
223.74429321289062,223.74429321289062,226.05308331468947,220.55188188238168,225.9580797885982,2945200,2022-12-13
222.78463745117188,222.78463745117188,226.33809950781628,221.49247074854787,224.28583218640517,3513800,2022-12-14
219.15516662597656,219.15516662597656,221.3119333502984,216.36180533794408,220.58034977311863,2953200,2022-12-15
221.1124267578125,221.1124267578125,221.5874878303417,216.67535808011527,217.22643066397475,7610700,2022-12-16
220.70387268066406,220.70387268066406,225.1124389733579,219.411705948441,222.23356995559197,2622400,2022-12-19
223.4116973876953,223.4116973876953,223.96276991427627,220.2952982356396,220.84637076222054,2649900,2022-12-20
229.67300415039062,229.67300415039062,229.84403366197125,225.80601486045123,225.80601486045123,4143600,2022-12-21
225.6920166015625,225.6920166015625,228.78942419161166,221.41646678505788,228.17183607504373,3129900,2022-12-22
227.90579223632812,227.90579223632812,228.54237232803894,224.7038852756849,225.13143733755476,1959900,2022-12-23
231.01272583007812,231.01272583007812,232.82746282702206,227.76330943900624,228.6849291914766,3381500,2022-12-27
227.44024658203125,227.44024658203125,231.65879127874734,226.39510641024535,231.01270067317597,2270000,2022-12-28
228.21934509277344,228.21934509277344,229.5590208481164,226.38561624141315,229.17897777460863,1652500,2022-12-29
227.61123657226562,227.61123657226562,228.1813156028379,225.84400897474598,227.4497175630696,1521100,2022-12-30
226.9651641845703,226.9651641845703,228.67537230835944,224.4188295041767,228.67537230835944,2651900,2023-01-03
229.32147216796875,229.32147216796875,230.053070249216,226.651631368766,228.0293055234275,2387900,2023-01-04
228.29531860351562,228.29531860351562,229.4924671337227,225.71098554026827,228.53284910934562,2355900,2023-01-05
236.44737243652344,236.44737243652344,237.44500348221,230.15756914486303,230.77514267434375,3945100,2023-01-06
234.31910705566406,234.31910705566406,238.45214397904138,233.7300359944583,236.58989828887246,3417100,2023-01-09
238.01507568359375,238.01507568359375,238.32861770793028,234.15758238043722,234.6326434177267,3011900,2023-01-10
238.22409057617188,238.22409057617188,239.32623560141778,234.8036599947449,238.9461925916075,2402400,2023-01-11
242.34762573242188,242.34762573242188,244.54240523490293,238.49011823062747,239.43074423070988,3881500,2023-01-12
245.5685577392578,245.5685577392578,245.68256775565376,242.4996673169907,243.9913515231192,3067800,2023-01-13
243.47828674316406,243.47828674316406,247.50679497204283,243.17424072709895,245.9485808862771,4100100,2023-01-17
240.20989990234375,240.20989990234375,245.99614058089233,239.49730825726985,244.4474367663299,3361400,2023-01-18
234.6060791015625,234.6060791015625,239.8566729369993,233.22183454922748,239.12158572131867,4885200,2023-01-19
238.38648986816406,238.38648986816406,238.5869589103829,233.66094422276717,235.67526333532783,2964100,2023-01-20
241.24087524414062,241.24087524414062,242.17643135772246,237.96642156317782,239.37930430548445,2610200,2023-01-23
245.92822265625,245.92822265625,247.30292573909986,238.4246617015923,241.41273119231863,3505100,2023-01-24
246.72059631347656,246.72059631347656,247.43658627434593,242.78742945649367,242.9878984880994,2424900,2023-01-25
250.2336883544922,250.2336883544922,250.36735378465715,245.24087083924627,248.20982826236084,2677200,2023-01-26
252.54396057128906,252.54396057128906,253.97594034229073,250.23368705524373,250.5582656406264,2783000,2023-01-27
249.64181518554688,249.64181518554688,252.98310143086013,249.4604287443907,251.3983736013242,3426900,2023-01-30
240.8494873046875,240.8494873046875,245.71823978414446,235.23613551115537,245.34591099339866,10992100,2023-01-31
238.2241973876953,238.2241973876953,241.24090555633344,234.18601768000045,240.33398776117164,6022000,2023-02-01
233.79457092285156,233.79457092285156,238.2146200528054,230.8351546408162,238.02369231958573,6130300,2023-02-02
236.5248565673828,236.5248565673828,239.5702024126839,232.10482243753705,232.93536600740066,4134700,2023-02-03
240.01893615722656,240.01893615722656,240.7062877135214,236.75402354825292,236.85903599621057,3528800,2023-02-06
238.3387451171875,238.3387451171875,240.57263033136252,234.22419174658174,239.18838596703287,3467900,2023-02-07
237.58456420898438,237.58456420898438,240.1525839393728,235.8757411963001,236.84949164962342,2300300,2023-02-08
235.11203002929688,235.11203002929688,240.5440100175278,234.34830442242384,238.66334171943035,2464900,2023-02-09
236.43896484375,236.43896484375,237.35543835829728,233.54636670852457,235.1119974304514,2820300,2023-02-10
236.89720153808594,236.89720153808594,237.11678227685024,231.6466085882308,232.45806968904043,3068100,2023-02-13
233.27908325195312,233.27908325195312,236.09530760112284,230.69196637423778,235.8089086949514,2512900,2023-02-14
237.42227172851562,237.42227172851562,237.48910445130454,232.20031703565985,233.12633189784216,2398200,2023-02-15
235.3411102294922,235.3411102294922,237.25995791161026,233.43180383527854,235.32201308683156,1934900,2023-02-16
236.55352783203125,236.55352783203125,239.48432036882076,234.4914878355586,236.6203605531529,3759300,2023-02-17
229.7946014404297,229.7946014404297,236.75401756342293,228.8781278662526,233.41273102522948,3105900,2023-02-21
227.1024932861328,227.1024932861328,231.24568548301562,225.69915164414758,230.2528523715457,3145200,2023-02-22
227.15975952148438,227.15975952148438,229.9091658042787,224.91633291080075,229.75641777371146,3219000,2023-02-23
225.46047973632812,225.46047973632812,225.9569035566396,222.45332751303926,224.5631032573684,2105500,2023-02-24
229.09768676757812,229.09768676757812,230.31010049449594,227.89482889610912,228.25760179869545,1720900,2023-02-27
228.68719482421875,228.68719482421875,230.16691031309264,227.88528956966812,230.01416229312503,2647700,2023-02-28
237.3936309814453,237.3936309814453,238.37692270109065,230.61560138810637,231.0356365979664,4117700,2023-03-01
240.74447631835938,240.74447631835938,241.04043109486997,234.9688351681778,235.33159353798845,2676500,2023-03-02
243.73252868652344,243.73252868652344,243.8184439864191,238.57740675683922,240.94494283292318,2314700,2023-03-03
242.46286010742188,242.46286010742188,244.1048650777949,240.17169783412928,244.05712949567328,2317100,2023-03-06
234.97837829589844,234.97837829589844,243.19794433784176,234.796991826147,242.52968989680048,3018400,2023-03-07
237.4413604736328,237.4413604736328,239.72298118698154,235.56069238227414,236.7444676711396,2068600,2023-03-08
230.0332794189453,230.0332794189453,238.78744895867757,229.6991449170985,237.66095042213033,2518800,2023-03-09
216.71583557128906,216.71583557128906,227.33158993675863,215.56071326140557,225.59411397729352,5767500,2023-03-10
214.51058959960938,214.51058959960938,217.975985675431,211.4938817317755,212.48672930271346,4885100,2023-03-13
215.4365692138672,215.4365692138672,219.17880772006856,212.12392170103053,218.60602458453252,3754900,2023-03-14
207.40797424316406,207.40797424316406,211.15021349481918,202.9306624261354,209.45093175725268,5471700,2023-03-15
208.792236328125,208.792236328125,209.84234625158814,203.6466554592796,205.89008204589663,3555000,2023-03-16
205.260009765625,205.260009765625,207.54163066973362,201.84234905413712,207.54163066973362,7203000,2023-03-17
210.3196563720703,210.3196563720703,211.80891311983748,206.66333265576876,207.49389089344865,3464200,2023-03-20
214.72059631347656,214.72059631347656,215.75162351902333,213.47000295032365,213.8995939775885,3074600,2023-03-21
209.9759979248047,209.9759979248047,216.3148954806415,209.89008262077942,214.95928949422336,2930200,2023-03-22
209.48912048339844,209.48912048339844,215.08338935068264,207.7325619242073,210.51059192988612,2957400,2023-03-23
207.16932678222656,207.16932678222656,207.57027945773768,203.47482282677404,207.0165933107376,2976800,2023-03-24
208.11441040039062,208.11441040039062,209.0308839381745,204.21942335680134,205.18361790403893,3209500,2023-03-27
210.17648315429688,210.17648315429688,210.55833866414366,207.83758538106375,208.25762061515366,1802000,2023-03-28
212.88766479492188,212.88766479492188,213.09768966544888,211.45568498688428,212.63946020559536,1857300,2023-03-29
214.35781860351562,214.35781860351562,216.07619724069139,213.83277100805628,214.84470104804547,1921100,2023-03-30
218.46287536621094,218.46287536621094,218.6729002745662,214.70153872893633,216.11443621548153,2746700,2023-03-31
219.4461669921875,219.4461669921875,223.2456979187499,218.48197232600097,219.57981788222182,2242500,2023-04-03
207.58934020996094,207.58934020996094,219.08337316024665,206.4437592569345,218.52011668846058,4282100,2023-04-04
203.84710693359375,203.84710693359375,207.9998543902247,201.95689758077634,206.39602935840043,4265300,2023-04-05
199.68482971191406,199.68482971191406,203.3411536117343,199.46526353086446,203.02611627360923,4180100,2023-04-06
205.75645446777344,205.75645446777344,206.29105806272287,199.8280647711704,200.68724703921694,3839000,2023-04-10
210.59652709960938,210.59652709960938,212.79221807045835,206.36740533971948,206.36740533971948,3882000,2023-04-11
210.5010528564453,210.5010528564453,213.0977110003402,209.91871376020006,212.0762249762488,2385100,2023-04-12
211.61801147460938,211.61801147460938,212.10487945084017,206.83520331927522,209.96646521780667,2909100,2023-04-13
213.53683471679688,213.53683471679688,215.5893479708307,211.39842073205446,212.87813620197352,2246900,2023-04-14
215.026123046875,215.026123046875,216.62993366226476,214.12874657865999,214.8065422910495,1751800,2023-04-17
214.9879150390625,214.9879150390625,217.18362048924746,213.8996108860982,215.33159080141192,2567100,2023-04-18
214.46287536621094,214.46287536621094,214.940202054822,212.32446112402025,214.60608211290696,2078400,2023-04-19
212.19081115722656,212.19081115722656,214.0523823375394,210.91156455537285,212.33400333769117,2826800,2023-04-20
211.4229278564453,211.4229278564453,212.1140104513908,208.7641799466112,211.80685612211525,2712500,2023-04-21
214.45599365234375,214.45599365234375,214.70556020327382,211.6724771458613,211.6724771458613,2790700,2023-04-24
209.84877014160156,209.84877014160156,214.26400318313173,209.50322889087985,213.428951263022,2505600,2023-04-25
207.5067901611328,207.5067901611328,211.5380953814216,207.4395946619314,208.9849300383999,3254700,2023-04-26
205.72149658203125,205.72149658203125,207.40120831600646,195.84478338453945,202.02612490891613,7711100,2023-04-27
210.011962890625,210.011962890625,211.70126771650246,204.44491531895227,204.67528105945,4669500,2023-04-28
208.54344177246094,208.54344177246094,213.0450721485785,207.8331583028595,210.53029343756722,2876400,2023-05-01
206.50852966308594,206.50852966308594,208.389813028612,202.1316836588721,208.389813028612,2858000,2023-05-02
206.9788818359375,206.9788818359375,210.36709924592216,206.23021147965287,206.9788818359375,2635100,2023-05-03
201.93016052246094,201.93016052246094,208.2170701895231,200.92233050121612,207.3724250620732,3211000,2023-05-04
206.45098876953125,206.45098876953125,207.01728812980727,203.86902924897618,205.01123569673925,2716600,2023-05-05
206.1630096435547,206.1630096435547,209.3496697459542,205.04961186965767,207.74674661465943,2414100,2023-05-08
204.91526794433594,204.91526794433594,206.73894937378424,203.43711320406948,205.1552267979963,4111900,2023-05-09
204.6080780029297,204.6080780029297,207.3148204315959,201.7477730655272,206.77730039028648,2446100,2023-05-10
201.59420776367188,201.59420776367188,201.83416658971498,200.0488723381172,200.6055785720482,3263300,2023-05-11
201.12391662597656,201.12391662597656,204.01303074519996,199.57858094353267,203.2067724706884,2172600,2023-05-12
202.80357360839844,202.80357360839844,204.74244481941946,200.74952685970663,201.86293921026706,1925600,2023-05-15
198.8778839111328,198.8778839111328,201.8245855000562,198.73391446532318,201.61342054891853,2771500,2023-05-16
203.58103942871094,203.58103942871094,205.25114320200828,200.26959647285182,200.8742972988647,2897400,2023-05-17
206.09584045410156,206.09584045410156,206.99808799550036,201.7861746079002,202.52525190290714,2643600,2023-05-18
206.15341186523438,206.15341186523438,211.0581705319848,204.39691161690718,210.64544840844826,4402100,2023-05-19
205.654296875,205.654296875,208.43782790762023,203.3794920027968,205.64470379496333,2540600,2023-05-22
204.16656494140625,204.16656494140625,206.61413314177435,202.86118839977883,204.63687484620425,2298300,2023-05-23
201.27745056152344,201.27745056152344,203.9457914056062,200.8167337387982,203.30270354061454,2964000,2023-05-24
201.54620361328125,201.54620361328125,203.28350308897618,200.2216409148967,201.2678578323372,2243600,2023-05-25
203.29312133789062,203.29312133789062,204.71367349408976,201.766986711884,203.23553356270918,1973900,2023-05-26
201.4694366455078,201.4694366455078,204.33934965070694,199.8857141564201,202.69802473731622,2885900,2023-05-30
197.48611450195312,197.48611450195312,202.3140849266088,197.34214506420972,200.7303625277333,5937000,2023-05-31
200.67276000976562,200.67276000976562,202.11251286512308,197.76444576769404,199.33857497038125,2989100,2023-06-01
217.5274658203125,217.5274658203125,218.63127049145666,205.41433509372695,206.31658256554667,8358200,2023-06-02
213.53456115722656,213.53456115722656,217.8730208302286,211.88364326340962,217.8730208302286,3438400,2023-06-05
217.57545471191406,217.57545471191406,219.10160394132402,212.55552028749295,212.94905626816765,3230100,2023-06-06
226.0892333984375,226.0892333984375,226.86669773596427,217.19155506089822,218.66010206421015,5586400,2023-06-07
225.03338623046875,225.03338623046875,226.7898866109789,222.4322407336467,225.11976789362714,3546800,2023-06-08
225.590087890625,225.590087890625,226.33875824798392,222.13467497518053,226.23317577984744,2488500,2023-06-09
228.3448028564453,228.3448028564453,229.2950450378794,223.94877024711192,225.7820444657067,3644200,2023-06-12
235.58197021484375,235.58197021484375,236.77215657222436,230.05330970496365,230.43725259921857,4335100,2023-06-13
233.54714965820312,233.54714965820312,238.3463265164178,231.86743775782801,236.8873726506614,3122400,2023-06-14
237.72239685058594,237.72239685058594,238.40388632871554,233.70068477183244,234.19980320739538,2743900,2023-06-15
235.41879272460938,235.41879272460938,240.8130620708795,235.13083922426995,239.38290229494515,5261200,2023-06-16
231.4642791748047,231.4642791748047,233.45114529677744,230.88838677629303,232.59689245661596,2979800,2023-06-20
231.78102111816406,231.78102111816406,235.40919733313874,228.46959230556644,229.24705654507184,2892500,2023-06-21
227.8072967529297,227.8072967529297,231.3010965082714,226.47312632936053,230.58122006434724,2421600,2023-06-22
225.02378845214844,225.02378845214844,226.38675281080583,221.99070541100562,225.02378845214844,3354000,2023-06-23
227.43296813964844,227.43296813964844,229.99572659633372,225.68607553461626,226.00282293657835,1748300,2023-06-26
231.02272033691406,231.02272033691406,231.16668974839052,225.8684103631518,227.94164311802174,2283000,2023-06-27
232.15533447265625,232.15533447265625,232.32811242404148,228.30640060420777,229.67895790623524,2200100,2023-06-28
234.43017578125,234.43017578125,236.94493954662124,231.67543854819246,232.2225516918537,2070000,2023-06-29
236.16748046875,236.16748046875,237.01212558058342,234.09423268839402,236.6665989297819,2377900,2023-06-30
237.3960723876953,237.3960723876953,238.41349548755278,235.41881396405915,236.0714949541848,1045700,2023-07-03
234.99647521972656,234.99647521972656,237.55923368009792,234.3149857213265,235.15964546110703,1820600,2023-07-05
230.91714477539062,230.91714477539062,234.07499601066286,229.24702632283072,232.99998531711014,3079700,2023-07-06
235.33241271972656,235.33241271972656,237.8471911745274,230.46605534608392,230.54284392788713,2903900,2023-07-07
238.81658935546875,238.81658935546875,239.34450163489782,234.28616612351436,234.68929514255404,2771900,2023-07-10
242.6943817138672,242.6943817138672,244.24931034291512,239.805267846407,239.805267846407,3293300,2023-07-11
243.4142303466797,243.4142303466797,247.2919730394569,241.34098264831903,245.22831842126428,2986200,2023-07-12
245.5834197998047,245.5834197998047,246.15931209693994,242.58873884611992,244.3356311871287,1949400,2023-07-13
245.35308837890625,245.35308837890625,246.17856194740307,242.7519429846305,246.17856194740307,1936800,2023-07-14
247.11920166015625,247.11920166015625,248.45338686025843,241.88810191806334,244.0573391881689,2674500,2023-07-17
253.21417236328125,253.21417236328125,253.55012060877607,246.61050018110865,247.28239667209832,3832400,2023-07-18
253.44566345214844,253.44566345214844,253.6096564720834,250.50367989473676,250.9281012484295,2771900,2023-07-19
251.84445190429688,251.84445190429688,256.0018267102169,251.2174751572085,254.8154014876877,2102300,2023-07-20
248.52626037597656,248.52626037597656,252.49073504409483,248.39123327184848,252.48107973776087,2249900,2023-07-21
250.18533325195312,250.18533325195312,253.14662723335056,248.96031636259298,249.15321641488126,2195300,2023-07-24
252.78005981445312,252.78005981445312,254.53561794833388,250.25284265576352,250.88947459783802,2016600,2023-07-25
249.17251586914062,249.17251586914062,253.24308063888256,248.14039907828223,251.30424827583715,2622800,2023-07-26
249.15322875976562,249.15322875976562,251.85409455778642,247.72565644185283,249.79951608737565,2284400,2023-07-27
251.20782470703125,251.20782470703125,253.66754352118897,249.81881464270728,250.72553036349962,2101200,2023-07-28
255.7799835205078,255.7799835205078,255.81854587166882,252.39426796239078,253.445666051259,3568700,2023-07-31
278.4284973144531,278.4284973144531,278.5538985440752,260.92121987215074,263.09154425186364,11823200,2023-08-01
277.3867492675781,277.3867492675781,283.4733009457276,275.95914755000746,277.5603681497818,6288300,2023-08-02
271.4834899902344,271.4834899902344,277.7436609705597,271.0976309769077,275.42865407514853,4743500,2023-08-03
266.6509094238281,266.6509094238281,273.46090346558424,265.6091371164315,273.1715386229251,3888200,2023-08-04
271.6763916015625,271.6763916015625,271.97541173275056,266.1203809084311,267.30680612672245,2438200,2023-08-07
272.8724670410156,272.8724670410156,273.8949285415758,265.04963865060955,268.15561493634124,2519500,2023-08-08
274.4543762207031,274.4543762207031,276.9526570078937,273.82739955682854,274.5797774408593,3088600,2023-08-09
273.76959228515625,273.76959228515625,277.4736096365472,271.2327191053418,274.4158502776098,2647100,2023-08-10
275.11993408203125,275.11993408203125,275.9109037195753,272.60234278128866,273.88526197531337,1874100,2023-08-11
274.46405029296875,274.46405029296875,275.48651186074636,271.30982671058524,274.0010371646341,2194000,2023-08-14
267.54791259765625,267.54791259765625,272.63131292846384,267.2392372069583,272.51553757927303,2593600,2023-08-15
264.78924560546875,264.78924560546875,271.7342663773933,264.3744501047156,267.19106197744026,2831300,2023-08-16
265.4258728027344,265.4258728027344,269.65074637912517,264.9339231695143,267.21033826263147,2534700,2023-08-17
264.1043395996094,264.1043395996094,265.92742613289516,261.50959398243236,263.3423358212616,2533000,2023-08-18
263.091552734375,263.091552734375,266.45795768319084,259.2814158146038,265.02073002298636,2207400,2023-08-21
260.63189697265625,260.63189697265625,264.4227237672631,260.12066610292743,264.2394495463308,1668800,2023-08-22
263.36163330078125,263.36163330078125,264.06579360018594,259.58043290703387,260.72829573530134,1677800,2023-08-23
259.7637023925781,259.7637023925781,264.9628491601032,259.66726708055,261.98227387048587,1433600,2023-08-24
262.9082946777344,262.9082946777344,263.93075634851766,259.3103682162993,261.9051141837336,1291700,2023-08-25
265.0592956542969,265.0592956542969,267.1910281055125,263.37126569334146,263.81496818360165,1550700,2023-08-28
270.11376953125,270.11376953125,270.21023428757786,263.7474782934497,265.2618896007562,2065800,2023-08-29
272.332275390625,272.332275390625,273.7598770577497,269.9015228149436,270.11373347577415,1431000,2023-08-30
271.1748352050781,271.1748352050781,274.72451467748755,270.8950962301863,273.59596234460287,2579000,2023-08-31
276.11346435546875,276.11346435546875,276.90443400817406,273.60552831149647,274.7147992241461,2336600,2023-09-01
271.6571044921875,271.6571044921875,279.1616029642732,271.41595733121187,276.20030876263405,2515600,2023-09-05
272.8821105957031,272.8821105957031,274.39652177112464,269.15881270836456,270.4899496937971,1688900,2023-09-06
271.4641418457031,271.4641418457031,273.4415659864261,267.81799839438384,270.98184758263494,1593200,2023-09-07
272.2840576171875,272.2840576171875,273.35476622628516,269.235954234287,271.59920798172556,1240100,2023-09-08
272.0621643066406,272.0621643066406,274.90771204821704,270.0365520831768,274.4832907694008,1515300,2023-09-11
271.8306884765625,271.8306884765625,274.6279892972875,269.9111667414994,270.33558804526797,1587300,2023-09-12
266.14935302734375,266.14935302734375,272.7278262312249,263.36167728260244,270.28741775956405,2119300,2023-09-13
272.55413818359375,272.55413818359375,273.1521783743608,267.99162374730923,269.1202053024292,2660500,2023-09-14
269.2649230957031,269.2649230957031,271.8886054726565,267.5093646400182,271.8886054726565,4940900,2023-09-15
270.99151611328125,270.99151611328125,272.7374190758434,268.9755295276959,269.17808488573655,1363200,2023-09-18
269.7664794921875,269.7664794921875,273.46084050515117,267.8179918771877,270.1619348738032,2313500,2023-09-19
268.7440185546875,268.7440185546875,276.45110156718505,268.2327877687643,271.531693767846,2380300,2023-09-20
262.39703369140625,262.39703369140625,266.4290069439837,261.9822676614083,266.4290069439837,2277600,2023-09-21
263.39056396484375,263.39056396484375,265.3583329751133,261.99189870306765,262.3777576972875,1707800,2023-09-22
264.5577087402344,264.5577087402344,265.09787600948056,260.50645422088826,261.1623674139859,1257400,2023-09-25
259.9758605957031,259.9758605957031,263.7377789866196,259.6189675898855,261.54814443162627,1756400,2023-09-26
263.052978515625,263.052978515625,264.51917219251897,259.6672921650798,261.4035400660306,1991600,2023-09-27
266.4579162597656,266.4579162597656,268.3967485532211,262.58028110975954,263.8052979002998,1994700,2023-09-28
263.3326721191406,263.3326721191406,269.6507152981524,261.7507327796257,269.1973575056725,2257800,2023-09-29
262.0980224609375,262.0980224609375,267.0077750316029,260.67042069811407,262.9854569485107,1778200,2023-10-02
259.44537353515625,259.44537353515625,263.8921124506471,258.0660190263381,261.60604238460036,2187900,2023-10-03
255.64491271972656,255.64491271972656,258.3361231269975,253.47458839316465,258.02744771347307,2970100,2023-10-04
251.564697265625,251.564697265625,256.5226968419191,251.20780419046534,254.5549278386861,2639300,2023-10-05
256.619140625,256.619140625,258.9148660350656,249.1242689113263,252.3074287207514,2293400,2023-10-06
261.69293212890625,261.69293212890625,261.9919523047682,255.27842243590055,256.619215010242,1640800,2023-10-09
263.5352783203125,263.5352783203125,265.3583651472353,262.2041411648283,262.99511098720467,2009000,2023-10-10
263.1686706542969,263.1686706542969,264.6927369872148,260.3424333803089,263.84389438714487,1538200,2023-10-11
260.062744140625,260.062744140625,264.10437313091313,256.76386728571356,264.10437313091313,1910500,2023-10-12
258.45184326171875,258.45184326171875,264.23937422178665,256.67700396639316,260.9115321449857,1918300,2023-10-13
261.200927734375,261.200927734375,264.2683120945509,260.0337544566935,262.4838174850595,1678600,2023-10-16
262.9950866699219,262.9950866699219,265.8020431432707,259.06920384233405,259.06920384233405,2110100,2023-10-17
250.04063415527344,250.04063415527344,259.4743085835485,249.58727637915683,258.9920143296758,4257100,2023-10-18
243.93479919433594,243.93479919433594,250.7930244121921,242.84480941679328,248.777037863769,3850000,2023-10-19
241.6175537109375,241.6175537109375,245.77702956453604,240.60920444629684,243.6633530369608,3103500,2023-10-20
239.79473876953125,239.79473876953125,243.95419934249932,239.05785401369576,240.09530395383004,3193200,2023-10-23
241.9569091796875,241.9569091796875,244.06088050191863,239.72688865193078,242.63560722000275,2304600,2023-10-24
237.4871826171875,237.4871826171875,243.13979425967096,237.0605681846215,242.2671697945565,2542400,2023-10-25
235.0535125732422,235.0535125732422,239.2226783197555,233.09498628785008,238.05919398909052,3859200,2023-10-26
231.30126953125,231.30126953125,236.49817998795004,230.62257157495642,235.65465644187844,3229900,2023-10-27
234.79173278808594,234.79173278808594,236.1879198682142,231.9023954382906,233.60885288933872,4478300,2023-10-30
219.1719207763672,219.1719207763672,223.52529290930087,216.951590917447,220.72322828324224,12093300,2023-10-31
224.77606201171875,224.77606201171875,225.5711040075449,217.10673768085448,218.26053166977294,4932800,2023-11-01
231.84422302246094,231.84422302246094,232.29992338235814,225.79409874553704,228.62524929977806,7749900,2023-11-02
233.4246368408203,233.4246368408203,236.808451024888,230.93282780101134,234.1615067962064,3929500,2023-11-03
231.02978515625,231.02978515625,235.52860195836234,229.16820732032477,234.16150088065763,2891500,2023-11-06
227.7720489501953,227.7720489501953,229.92450183054922,226.46313449776866,227.44239773650332,4074000,2023-11-07
227.6750946044922,227.6750946044922,230.55471224252065,227.31634260411943,228.81918342022996,2532500,2023-11-08
227.02545166015625,227.02545166015625,231.99936456170514,226.70550567440702,230.2153542668028,2708800,2023-11-09
232.38719177246094,232.38719177246094,232.84289215274495,227.48115597911152,228.1792495491421,2525200,2023-11-10
234.316650390625,234.316650390625,235.90674914734552,231.61154886220956,231.61154886220956,3035700,2023-11-13
240.3183135986328,240.3183135986328,241.95689398956404,237.24476961333568,239.2420872042317,3441800,2023-11-14
243.4500274658203,243.4500274658203,245.234037842696,241.0358006953819,241.92780588381976,3739900,2023-11-15
240.6576690673828,240.6576690673828,245.22434863003667,239.09665628141997,242.8779842501465,2625000,2023-11-16
245.36978149414062,245.36978149414062,246.52356063243863,242.39318606786438,242.48044406416736,2792500,2023-11-17
242.82952880859375,242.82952880859375,245.2049794445428,241.09399983459258,244.9238098143278,2661400,2023-11-20
241.82115173339844,241.82115173339844,242.24776612570048,240.7643209489725,241.85023773337298,1765500,2023-11-21
238.5245819091797,238.5245819091797,240.09529979156883,234.45237940331174,234.48146540164248,3593700,2023-11-22
239.8335418701172,239.8335418701172,241.32667755639667,239.1936202354941,239.24210183711847,982200,2023-11-24
239.86260986328125,239.86260986328125,240.6673570474005,238.8251746800476,239.44570066853026,1743300,2023-11-27
239.96923828125,239.96923828125,241.2975481185046,238.5245696621411,240.20194105045363,2149900,2023-11-28
241.8599090576172,241.8599090576172,243.92510365994946,240.75459676225037,242.08290663800113,2224700,2023-11-29
243.09127807617188,243.09127807617188,243.8475436283175,240.2989038562459,243.40153365921594,3210500,2023-11-30
248.947509765625,248.947509765625,249.60681213692934,243.37245163606448,244.24507599129842,3731500,2023-12-01
246.9986572265625,246.9986572265625,247.75492278544252,244.73955095136742,245.85456848679743,3028700,2023-12-04
247.42526245117188,247.42526245117188,249.37411306848153,246.0581613781797,246.0581613781797,2682200,2023-12-05
248.18154907226562,248.18154907226562,253.06820423517928,247.79372587276754,248.9862814714988,3632600,2023-12-06
249.5777587890625,249.5777587890625,251.48781854773526,248.02643626203115,249.38383237730253,2162500,2023-12-07
251.60414123535156,251.60414123535156,253.679041227071,249.18020923886456,249.54865163657277,3258200,2023-12-08
252.98095703125,252.98095703125,254.26077068531254,251.6041505869066,251.9338017999996,2898300,2023-12-11
253.47540283203125,253.47540283203125,254.5031476038361,251.23569209451188,252.07921567240712,2375700,2023-12-12
259.81646728515625,259.81646728515625,260.0685657232523,251.39087589529765,253.44636583633692,3708300,2023-12-13
276.49310302734375,276.49310302734375,276.77425785013276,262.3179230864134,264.1601351751153,6464100,2023-12-14
277.0456848144531,277.0456848144531,278.1219258627178,271.460966364707,271.5773103506795,7321200,2023-12-15
277.0166015625,277.0166015625,280.09015997110237,275.91130409580114,278.01526023733743,2691700,2023-12-18
284.0460510253906,284.0460510253906,284.11392822557906,277.4529675465846,278.07347877812384,3659600,2023-12-19
280.89495849609375,280.89495849609375,289.1945002097618,280.7107372767119,283.0474115323825,3818400,2023-12-20
281.2440185546875,281.2440185546875,281.8839402201666,277.879599403936,281.0791781423148,3209300,2023-12-21
281.525146484375,281.525146484375,283.9199925050245,280.11928366540326,281.4766796795537,2833800,2023-12-22
286.6347961425781,286.6347961425781,288.0503640693253,282.1456695863946,282.71771395686767,2019000,2023-12-26
289.0490417480469,289.0490417480469,290.0477005600477,285.76220530428265,286.634814916582,1876500,2023-12-27
287.8467712402344,287.8467712402344,290.09618718791216,287.03233365690545,288.06007843508337,2267400,2023-12-28
286.673583984375,286.673583984375,289.1653634292204,284.2787381419582,287.81767271193957,2300600,2023-12-29
283.8036804199219,283.8036804199219,287.61412447366445,282.4850754547413,284.50177410414017,2433100,2024-01-02
275.6495056152344,275.6495056152344,280.1386319315984,274.6993433101968,279.6150839798877,3043400,2024-01-03
277.394775390625,277.394775390625,279.4502649286038,275.15506465924125,275.7561950423468,2995400,2024-01-04
280.1386413574219,280.1386413574219,282.14566400687477,276.78392800157604,277.54019354628144,2684800,2024-01-05
283.357666015625,283.357666015625,283.77457524064874,276.56095085417337,278.81036697232486,2369100,2024-01-08
283.39642333984375,283.39642333984375,283.46427094372666,279.23694801675424,280.42953313428666,1974500,2024-01-09
284.4241943359375,284.4241943359375,285.5876639733649,282.59168749264376,283.26069510949566,2048000,2024-01-10
283.17340087890625,283.17340087890625,286.605696527696,280.6040391373166,285.6361238260387,1941400,2024-01-11
281.5736083984375,281.5736083984375,286.8286758073626,280.1386301654748,286.2857174681897,1955600,2024-01-12
278.4904479980469,278.4904479980469,281.3797564408444,276.91003936144705,280.0902374415248,3140100,2024-01-16
270.1520690917969,270.1520690917969,273.4389054378149,268.51348872243534,270.34596589486716,3789200,2024-01-17
273.32257080078125,273.32257080078125,273.9334064088536,269.21159153110756,271.4997691732047,2479300,2024-01-18
277.88116455078125,277.88116455078125,278.6604043870396,271.7153483427799,274.99794148531214,3116000,2024-01-19
281.18328857421875,281.18328857421875,283.0534762749554,278.6799349958445,278.6799349958445,2072200,2024-01-22
281.339111328125,281.339111328125,285.2840914386538,280.0630888716251,282.96581255551735,1866300,2024-01-23
283.1411437988281,283.1411437988281,285.0210816944974,280.8618357752642,283.29699773113566,2765900,2024-01-24
292.9693908691406,292.9693908691406,295.4435232074383,285.5275529902756,286.3749844124643,4647100,2024-01-25
291.6642150878906,291.6642150878906,295.12216295356893,290.9141958954509,293.1935039537402,2920500,2024-01-26
295.3851318359375,295.3851318359375,295.8234728585318,289.7355682452602,291.2648272922805,2101400,2024-01-29
296.8559875488281,296.8559875488281,297.8008315607339,292.716212294021,292.716212294021,2150200,2024-01-30
292.5213928222656,292.5213928222656,297.82030762381567,292.15124344827456,297.6449830970088,2813000,2024-01-31
299.7099914550781,299.7099914550781,300.0801408238484,294.10911902765866,295.3753913382013,3196300,2024-02-01
306.9180603027344,306.9180603027344,309.1389267566601,298.06381524065824,299.0378799963467,4661500,2024-02-02
313.06439208984375,313.06439208984375,326.18504493269063,307.7167863401767,326.18504493269063,6557500,2024-02-05
314.3501892089844,314.3501892089844,318.93802603185287,310.79485868211435,314.80800084785903,2825700,2024-02-06
315.19757080078125,315.19757080078125,319.31787489682944,312.77215937868914,314.564434735001,3203000,2024-02-07
313.64886474609375,313.64886474609375,317.96396466408225,313.0839202431152,316.2496308344966,1986100,2024-02-08
308.9344177246094,308.9344177246094,313.97031645570183,307.3856581485002,313.64888812809835,2823000,2024-02-09
313.2884216308594,313.2884216308594,314.7105477124189,308.3012153233949,308.98304275034525,2483600,2024-02-12
304.7264099121094,304.7264099121094,307.80445805983936,302.7295890841219,307.5999127876004,2923200,2024-02-13
308.4960021972656,308.4960021972656,309.6064501495816,305.8270746099775,307.8141747884887,1887100,2024-02-14
314.6911315917969,314.6911315917969,314.8274852103512,307.2784827819429,307.75579476213187,2362900,2024-02-15
313.5611572265625,313.5611572265625,319.785414925726,313.10334564883885,315.32421187722076,2513200,2024-02-16
305.6030578613281,305.6030578613281,310.72664783643654,304.62899313456813,309.031784724225,2701600,2024-02-20
308.9148864746094,308.9148864746094,309.5772433218694,304.78483202313447,304.78483202313447,1779700,2024-02-21
313.7364807128906,313.7364807128906,314.9832822804628,312.03186756907974,312.6747538075912,1875800,2024-02-22
315.4800720214844,315.4800720214844,316.6489317970365,313.69751701777756,314.6228903504226,1575000,2024-02-23
316.9411926269531,316.9411926269531,318.7529387906585,313.8923652079356,315.2560499106327,1650000,2024-02-26
319.1328430175781,319.1328430175781,319.44455087596214,315.37293757530205,318.49970686692757,1640900,2024-02-27
321.0127868652344,321.0127868652344,323.07779944488783,318.5094332436686,318.8990829369676,1471000,2024-02-28
325.29864501953125,325.29864501953125,326.20454779943725,321.5387694751955,322.4154217764985,2699800,2024-02-29
327.9676513671875,327.9676513671875,329.0098781790936,324.94804434570386,325.3376643458081,1815500,2024-03-01
329.86700439453125,329.86700439453125,331.4352640176022,326.1071289246504,326.8961189528087,1551000,2024-03-04
324.8797912597656,324.8797912597656,330.19817608481304,323.13620716071665,326.7207877719522,2030000,2024-03-05
326.92535400390625,326.92535400390625,328.9708959066391,325.493477644603,327.5292693875681,1542300,2024-03-06
331.39630126953125,331.39630126953125,333.46131372624933,329.65271709194155,329.7306589164005,1732500,2024-03-07
330.3930358886719,330.3930358886719,335.56531750463216,329.3313088430894,333.1983472178906,2307400,2024-03-08
326.282470703125,326.282470703125,329.4384309827721,322.93168558291575,328.259820957833,1868000,2024-03-11
328.4936218261719,328.4936218261719,329.6138201890688,324.11032998349793,326.584463035782,1645900,2024-03-12
332.66253662109375,332.66253662109375,334.2015753594414,328.6396747309689,329.37022319223576,1818800,2024-03-13
333.05224609375,333.05224609375,337.8446282141863,330.14952231800237,335.6140115216617,2110200,2024-03-14
337.97125244140625,337.97125244140625,338.2829603002302,332.30218837919875,334.0749933844,4406000,2024-03-15
342.77337646484375,342.77337646484375,344.176032070185,338.8381465872978,339.0524420193943,2528200,2024-03-18
344.7214660644531,344.7214660644531,344.81887847251716,340.5524706437161,342.48112930944757,2207600,2024-03-19
347.2054138183594,347.2054138183594,348.890526916914,339.11093761594225,342.0136317284116,2563900,2024-03-20
355.1050109863281,355.1050109863281,355.72842663885945,347.468347599386,348.3937209192077,2616300,2024-03-21
348.8222961425781,348.8222961425781,356.040119151072,348.57877996709357,355.1439962719024,2052000,2024-03-22
346.7183837890625,346.7183837890625,349.5626364104452,345.82223107719585,347.70216904130075,1774800,2024-03-25
347.1469421386719,347.1469421386719,350.2639314277495,346.76704262681847,347.2151040776922,1637200,2024-03-26
355.19268798828125,355.19268798828125,355.348541907886,348.59828065065255,349.4164914340055,2262800,2024-03-27
356.9265441894531,356.9265441894531,357.6960636759996,354.1017623202503,355.16348934543595,2028600,2024-03-28
354.3063049316406,354.3063049316406,358.3876386384806,353.2348574806265,357.9493273338195,1953800,2024-04-01
355.3680419921875,355.3680419921875,355.5238959247264,352.10494874735514,352.91340943842124,1968900,2024-04-02
366.0438232421875,366.0438232421875,366.31656019992045,355.1440356411233,356.0109378643784,2623700,2024-04-03
360.1994323730469,360.1994323730469,371.1479112630833,359.31302983383557,367.582830511544,2492200,2024-04-04
369.4626770019531,369.4626770019531,371.1185986501462,362.14747234466483,362.83904986136343,2068300,2024-04-05
363.7839660644531,363.7839660644531,372.1024874143381,363.2190215847538,369.2776758375498,2690000,2024-04-08
362.254638671875,362.254638671875,367.3782282613586,356.030380993915,365.3034657933405,2042700,2024-04-09
362.4202880859375,362.4202880859375,362.95601182192195,354.9394777457772,356.7025326110106,2148500,2024-04-10
362.3326110839844,362.3326110839844,363.68654560902553,357.38434558005656,362.96574721696464,2535700,2024-04-11
356.14727783203125,356.14727783203125,363.17027593291544,353.2737751022917,359.0792220651605,2072900,2024-04-12
354.4718933105469,354.4718933105469,364.74826414329016,352.7185589913133,363.29691723312516,2171000,2024-04-15
350.5464172363281,350.5464172363281,354.0335558648566,347.9164305940378,353.60496500868936,2513900,2024-04-16
349.02691650390625,349.02691650390625,353.49787049986503,343.72800145845156,353.24460413208755,2313800,2024-04-17
348.6469421386719,348.6469421386719,354.05301861278997,346.93260862202,351.7834314026432,2380700,2024-04-18
346.7210693359375,346.7210693359375,352.8702783426155,344.2574893536637,350.26981788854425,2929600,2024-04-19
349.60498046875,349.60498046875,353.8967258010726,345.33280653576844,348.12880170656393,2085400,2024-04-22
355.1188049316406,355.1188049316406,357.3379812172376,351.0030523251719,351.9415547842825,1810700,2024-04-23
355.3827209472656,355.3827209472656,359.9286561879233,350.86614280815417,355.80311822154243,3032700,2024-04-24
330.43402099609375,330.43402099609375,334.2858282429822,322.925941525446,323.0432506055411,6459600,2024-04-25
335.6936340332031,335.6936340332031,337.76617423618956,330.75665758001605,330.8642108049796,3324600,2024-04-26
341.9698486328125,341.9698486328125,343.0941301894881,336.2801497847059,336.2801497847059,2171400,2024-04-29
327.080810546875,327.080810546875,339.98531667615975,325.66325620071075,339.2521050835485,4201700,2024-04-30
323.6591796875,323.6591796875,330.922855892915,323.33654985629005,325.9174691681366,3520600,2024-05-01
327.9313049316406,327.9313049316406,328.63518919749765,321.87986335232284,326.05427027787067,2492000,2024-05-02
329.21197509765625,329.21197509765625,333.96317146449684,327.48160663710075,330.5219761103381,1977100,2024-05-03
334.4422607421875,334.4422607421875,334.8821698062866,332.0959895636222,333.23978296473655,1653900,2024-05-06
337.2773742675781,337.2773742675781,340.7381417658855,335.7131833765467,336.7592392048353,1965600,2024-05-07
336.78851318359375,336.78851318359375,338.5188817416949,331.15743880075536,332.389243780615,2260300,2024-05-08
343.9055480957031,343.9055480957031,344.9809310147175,337.6976842688268,338.17673610765644,3208900,2024-05-09
346.8481750488281,346.8481750488281,349.50729012199685,345.6065844006105,347.0534659285471,2210600,2024-05-10
348.6958312988281,348.6958312988281,350.52396720580947,346.4375422567391,346.85790969145035,2051200,2024-05-13
350.16229248046875,350.16229248046875,352.53789084850075,349.0380406870526,349.71259772999343,1563400,2024-05-14
351.9806823730469,351.9806823730469,355.17747422136443,350.1036475424163,353.37866533567404,1913900,2024-05-15
342.8692932128906,342.8692932128906,350.73908568363913,341.78412454505684,348.7643132070057,2821700,2024-05-16
348.2950134277344,348.2950134277344,348.43189389861726,343.6904534376197,345.06889467480374,2104300,2024-05-17
354.6300048828125,354.6300048828125,356.27239168037386,346.82862284271204,348.4221408015013,2247900,2024-05-20
351.03240966796875,351.03240966796875,355.10904965284135,349.49754615117484,354.15100554345895,1841100,2024-05-21
347.9724426269531,347.9724426269531,351.1594785132019,344.66809766123964,350.47513577038404,2104200,2024-05-22
342.84979248046875,342.84979248046875,353.25160663583046,340.98254316082927,352.3326456128778,2749200,2024-05-23
341.0899963378906,341.0899963378906,345.9878588844771,338.91968902494636,344.7462981060294,2635200,2024-05-24
338.7144470214844,338.7144470214844,341.4126753767354,336.6907757550461,340.2101975587523,2264900,2024-05-28
330.5415344238281,330.5415344238281,337.5803773621927,330.1602799249964,337.2773189695851,3040000,2024-05-29
331.65606689453125,331.65606689453125,336.837417243846,330.8935279783216,330.8935279783216,2745800,2024-05-30
330.9423828125,330.9423828125,333.25935656988827,327.55984159243576,331.74403466942977,8319400,2024-05-31
323.9426574707031,323.9426574707031,333.75792543560203,318.4582488411314,333.2397904144422,3878600,2024-06-03
320.23748779296875,320.23748779296875,322.93568604370313,317.2362013166988,321.35195384916335,3706600,2024-06-04
322.0754089355469,322.0754089355469,323.8546463085406,319.3869665565672,322.1047362044848,2616300,2024-06-05
320.94140625,320.94140625,323.62006321805467,319.76825569647326,322.82819703648437,2452100,2024-06-06
321.5768737792969,321.5768737792969,325.4286815812863,316.4737192185291,318.89821661623847,2499100,2024-06-07
322.2318115234375,322.2318115234375,324.48034494075523,321.0880181635701,321.35196359251125,2640500,2024-06-10
319.98333740234375,319.98333740234375,321.2835827672418,316.4834869248341,320.4232763255411,3247000,2024-06-11
321.37152099609375,321.37152099609375,327.6673665552002,318.70262021523746,325.6925643542943,4817300,2024-06-12
319.0545349121094,319.0545349121094,320.55031505559265,314.25446974366713,320.16903074424516,3183900,2024-06-13
314.2740173339844,314.2740173339844,315.4569235898814,308.7798236730857,314.19582123076094,4195300,2024-06-14
315.1831970214844,315.1831970214844,316.59096557543444,311.7420015754143,314.2740218654407,3198900,2024-06-17
317.86187744140625,317.86187744140625,318.31157216039134,313.81453546717967,315.8186350527369,3275300,2024-06-18
321.7625427246094,321.7625427246094,323.6884461443529,317.3143750117739,317.7836411169766,4463300,2024-06-20
320.50146484375,320.50146484375,323.15079451910606,318.8786195189114,323.13125294933366,8265100,2024-06-21
322.6130676269531,322.6130676269531,326.20092911226675,318.77104643639177,321.9873794782907,2447300,2024-06-24
320.0712890625,320.0712890625,322.0949601834011,317.1091154729245,320.6676499947673,2990400,2024-06-25
319.4162902832031,319.4162902832031,320.37433428085484,316.53231292031705,318.9470241509453,2198600,2024-06-26
320.12994384765625,320.12994384765625,321.8603422716911,317.4024182489992,318.73196092776965,1995100,2024-06-27
325.64373779296875,325.64373779296875,326.70933513655166,320.97073677041,321.1564861071725,8891500,2024-06-28
321.7136535644531,321.7136535644531,327.7846665067733,318.0867088871475,327.6086730655883,2950200,2024-07-01
320.4232482910156,320.4232482910156,322.701079154194,318.29202394346487,320.6578664511492,2119800,2024-07-02
323.2094421386719,323.2094421386719,323.9915524296772,320.91206960963984,320.91206960963984,1352200,2024-07-03
321.00006103515625,321.00006103515625,325.9761204375018,319.3185611522167,324.14798419387586,2280900,2024-07-05
321.6941223144531,321.6941223144531,325.8001189432604,319.81711744687885,322.96501040532206,1913400,2024-07-08
318.7612609863281,318.7612609863281,322.73037694985936,318.5363987137659,321.1857578126211,1896100,2024-07-09
321.1271057128906,321.1271057128906,321.1271057128906,314.4402201989803,318.8003763715672,2904400,2024-07-10
323.71783447265625,323.71783447265625,326.943953780401,321.9287813496032,322.6131241528015,3016400,2024-07-11
328.0779113769531,328.0779113769531,330.65883006140604,325.9662587717965,327.45225310567577,2451300,2024-07-12
338.03009033203125,338.03009033203125,340.11241605670915,330.27760681495914,331.50941185422363,3394300,2024-07-15
352.5085754394531,352.5085754394531,354.17053368352265,337.5315290115255,339.0663626356622,4637000,2024-07-16
349.7908020019531,349.7908020019531,354.57135595397835,348.2266411230197,350.934625224991,3061000,2024-07-17
348.0604553222656,348.0604553222656,360.96499222868187,347.78672416773964,348.51993581391196,3876300,2024-07-18
339.84844970703125,339.84844970703125,348.5101079179517,338.92948883499594,347.39564186461496,3462700,2024-07-19
341.4681091308594,341.4681091308594,342.31229804275176,335.0975548297814,341.5957215209329,2659600,2024-07-22
337.83624267578125,337.83624267578125,342.24360348948187,335.09757873913463,339.36753155400123,2027800,2024-07-23
329.8558349609375,329.8558349609375,338.47425465697745,329.2766963771079,336.63867322301763,2835800,2024-07-24
337.9637756347656,337.9637756347656,341.79202722575,327.8042724376455,329.33556109165613,3291300,2024-07-25
344.03009033203125,344.03009033203125,346.44481030457644,340.4963355210139,342.2239556410579,1894900,2024-07-26
338.1895446777344,338.1895446777344,344.9134887563214,336.81531514741425,343.735560612643,2190300,2024-07-29
335.4312744140625,335.4312744140625,339.35766178636527,332.3883182093362,337.335574686106,1970800,2024-07-30
339.828857421875,339.828857421875,344.53068498603665,334.57730803639856,338.9944940689743,2568100,2024-07-31
325.41900634765625,325.41900634765625,343.39204389954836,322.04231048190627,339.927007904027,3747900,2024-08-01
314.9649658203125,314.9649658203125,317.4484045686306,311.8140484259861,316.8103726288887,4246700,2024-08-02
310.9698486328125,310.9698486328125,314.6802832714601,301.39928000592437,303.3134057136846,4681300,2024-08-05
320.4324645996094,320.4324645996094,326.05702509709783,304.7858090738658,308.2704657620536,5071700,2024-08-06
319.8042297363281,319.8042297363281,329.01161263646827,318.4790980033646,327.3723627338724,3011700,2024-08-07
329.9736022949219,329.9736022949219,330.2386226615652,321.5809312130447,323.9269620748104,2268300,2024-08-08
332.03497314453125,332.03497314453125,332.2705468119029,326.36134432630644,329.81655459024927,1668100,2024-08-09
329.84600830078125,329.84600830078125,333.5957156844987,327.4607350001287,332.03498019311024,2127600,2024-08-12
332.5650329589844,332.5650329589844,333.2717839575705,327.5883592147337,330.974850701156,1503800,2024-08-13
331.3772888183594,331.3772888183594,335.5000077178169,328.44232371806396,333.3503081431517,1610900,2024-08-14
339.2791442871094,339.2791442871094,341.2423379562926,334.51839364814833,338.160109516815,3232600,2024-08-15
337.15887451171875,337.15887451171875,339.475428545568,334.4889300581556,338.89629003710564,2483800,2024-08-16
338.307373046875,338.307373046875,339.7307005656156,336.9822112114891,337.3552228346603,2252600,2024-08-19
336.982177734375,336.982177734375,339.7993857825735,335.5294336065061,338.6509043177441,1479500,2024-08-20
336.6582946777344,336.6582946777344,339.23989935362556,335.55891092738386,338.2386513298731,1433200,2024-08-21
336.0594787597656,336.0594787597656,338.78834672453473,335.48034022061046,336.6877151143491,2021400,2024-08-22
341.9981689453125,341.9981689453125,343.107378200957,336.7564452561603,338.6214733172808,2183900,2024-08-23
344.69757080078125,344.69757080078125,347.8877607239494,342.5184244857942,343.37240899535016,1718100,2024-08-26
344.6582946777344,344.6582946777344,345.2472588019931,340.71228597033235,343.90247585777746,1210800,2024-08-27
341.7920227050781,341.7920227050781,347.90735168605795,339.4754386463445,344.13802351404354,1514500,2024-08-28
345.1687316894531,345.1687316894531,349.90000575331095,341.0950807856606,344.7564478306649,1664500,2024-08-29
349.546630859375,349.546630859375,349.68403883600234,343.3919996742977,346.1012164622153,2974100,2024-08-30
333.9784851074219,333.9784851074219,346.14048381866525,332.1723505930498,345.7281999827091,3107200,2024-09-03
330.5527038574219,330.5527038574219,334.5772565028533,329.1195809974818,332.3588382733907,2782500,2024-09-04
327.42144775390625,327.42144775390625,330.297519377705,324.47665716015655,329.8361676531125,2525500,2024-09-05
323.2987060546875,323.2987060546875,332.3883019632031,322.0815356146719,328.04966090420487,2676600,2024-09-06
327.89263916015625,327.89263916015625,330.16992121757613,326.84232328036967,327.76502676930886,2355800,2024-09-09
328.0104064941406,328.0104064941406,329.5711418885628,323.3282003108741,328.9429055266538,1869200,2024-09-10
328.8349609375,328.8349609375,329.3061382328396,320.1085501325664,326.8717671408582,1934700,2024-09-11
333.3306579589844,333.3306579589844,334.76381098337947,327.53924231249545,329.1098033240754,1747000,2024-09-12
338.9552001953125,338.9552001953125,340.8300537421004,334.0864882885923,336.11840092346256,2518600,2024-09-13
341.5564270019531,341.5564270019531,344.9920159313234,337.95398338563575,341.9392641472286,1648200,2024-09-16
347.1809997558594,347.1809997558594,348.05460539409,342.81288169682875,343.5589049048147,2088400,2024-09-17
348.5846862792969,348.5846862792969,354.97489168318214,345.8362269421205,348.46689944426936,1990700,2024-09-18
366.43994140625,366.43994140625,367.79454993992255,354.6215061792657,356.31967962387785,4066600,2024-09-19
362.0325622558594,362.0325622558594,364.61416679889334,359.1073928195316,363.5834721190121,5440500,2024-09-20
364.3393249511719,364.3393249511719,366.1061873422208,360.2264316520936,362.1994209990411,2442700,2024-09-23
378.82763671875,378.82763671875,382.26322543607864,372.51597663605867,373.0067750242485,4024300,2024-09-24
371.28900146484375,371.28900146484375,381.4878069216143,370.9650876911139,379.8779737393114,2661500,2024-09-25
383.76513671875,383.76513671875,389.9099432362267,379.0927555881222,382.83263758609854,3906800,2024-09-26
383.8828430175781,383.8828430175781,388.28040723265167,381.978572885985,383.8043284583605,2683700,2024-09-27
383.92218017578125,383.92218017578125,385.5320134934558,379.70132542834966,382.2142111314841,2251300,2024-09-30
385.16876220703125,385.16876220703125,388.21168816012243,379.5147553544004,384.0693486866099,2091400,2024-10-01
386.7982177734375,386.7982177734375,388.37860424231803,381.48780529956053,384.76633510767374,1767900,2024-10-02
383.8927001953125,383.8927001953125,386.7491505619443,381.5663205039211,385.1196962313593,1866100,2024-10-03
389.78228759765625,389.78228759765625,390.14547363736347,384.6387297156135,389.41910155794903,1675100,2024-10-04
390.9209289550781,390.9209289550781,393.78720481629904,388.8497740681618,389.15406668229684,2224500,2024-10-07
380.8202819824219,380.8202819824219,387.7307317666395,377.7675303466121,387.00435972847646,2438800,2024-10-08
388.8988342285156,388.8988342285156,389.3012925067185,380.3687557356701,381.0264387649179,1757900,2024-10-09
389.3406066894531,389.3406066894531,389.654694929225,383.31358737718415,387.9074536549118,1331700,2024-10-10
394.62158203125,394.62158203125,396.1725219364032,389.34061577754426,389.34061577754426,2110400,2024-10-11
386.7000732421875,386.7000732421875,388.9970061707572,379.75035108870856,386.1503814279635,3006100,2024-10-14
380.8497619628906,380.8497619628906,385.2473267472386,380.4571292040644,383.4411920918705,2715100,2024-10-15
386.37615966796875,386.37615966796875,387.33813539589676,379.8092741348537,380.27062586735514,1551600,2024-10-16
387.2301025390625,387.2301025390625,389.81170685263373,385.92459200773567,387.87796000587156,1561500,2024-10-17
386.61175537109375,386.61175537109375,389.15411780011084,382.54795962750904,388.9577864302537,3024100,2024-10-18
384.6710510253906,384.6710510253906,387.3013140436571,383.44947739158994,386.4541222291097,2375900,2024-10-21
382.68109130859375,382.68109130859375,385.4690078307219,379.9917232191822,383.9322174757481,1523900,2024-10-22
379.9917297363281,379.9917297363281,384.2277491093533,376.99694563217133,381.1935817077368,1500900,2024-10-23
381.3019104003906,381.3019104003906,382.58255896155106,376.53391613177797,381.1935612428146,1844100,2024-10-24
380.2281494140625,380.2281494140625,386.1979959043867,378.5928406634648,383.8139836125649,1606800,2024-10-25
384.799072265625,384.799072265625,385.7448124624616,381.6072817761549,382.6121269773459,3213900,2024-10-28
381.7452392578125,381.7452392578125,383.8041438846596,379.8143754399855,383.70562551622595,2186400,2024-10-29
373.5982360839844,373.5982360839844,382.4840695221602,361.73737048611935,368.4361984321799,4037500,2024-10-30
370.603515625,370.603515625,373.27319220122763,367.2048271311482,371.7364017684217,2394500,2024-10-31
373.9824523925781,373.9824523925781,377.56828642682177,371.3324676784097,372.44566208310454,1633300,2024-11-01
370.918701171875,370.918701171875,375.8147663248433,369.71684926117905,372.475213186893,1793600,2024-11-04
377.66680908203125,377.66680908203125,380.32665468210314,370.06165410311564,371.51964777432624,1724100,2024-11-05
410.6783142089844,410.6783142089844,412.0771728275753,397.9997788110341,399.1425257474463,4720000,2024-11-06
402.13726806640625,402.13726806640625,412.27419761554546,401.47725213641627,408.7474686034661,3211100,2024-11-07
387.5180358886719,387.5180358886719,397.0638852428697,386.5624648676932,394.9951198294167,3345900,2024-11-08
390.6408996582031,390.6408996582031,396.09846246158685,389.13366183417213,391.99051410711905,1858900,2024-11-11
387.1634216308594,387.1634216308594,392.7983296212711,385.33107616817347,391.8723110657304,1737100,2024-11-12
381.3117980957031,381.3117980957031,385.3803633635105,379.93263107193445,383.1638352691581,2001900,2024-11-13
381.59747314453125,381.59747314453125,384.3755289837122,380.46458698791963,382.7205285081272,1372500,2024-11-14
378.3564147949219,378.3564147949219,382.7106441162701,376.514238538691,380.24783520396466,2165500,2024-11-15
378.7406311035156,378.7406311035156,380.55325501687355,377.22356232412386,380.25772994649543,1626200,2024-11-18
376.64227294921875,376.64227294921875,377.5485998415254,372.4062537174614,372.4062537174614,1793200,2024-11-19
375.82464599609375,375.82464599609375,380.4547388503135,372.8397227494415,378.29731580372874,1859600,2024-11-20
383.7942810058594,383.7942810058594,386.1881240218954,373.36182619808653,378.2086473017753,1833500,2024-11-21
391.57672119140625,391.57672119140625,392.2367671488699,382.1195598645451,384.55278599131685,1893000,2024-11-22
399.6153564453125,399.6153564453125,401.093041749607,394.0494144785203,394.0494144785203,4398000,2024-11-25
401.7629089355469,401.7629089355469,402.33429740849004,395.78323206209285,397.64509986793536,1796600,2024-11-26
397.69439697265625,397.69439697265625,405.9891205909885,397.241218484973,402.3244597104573,1371900,2024-11-27
400.0685119628906,400.0685119628906,405.07295645129807,398.9750392488036,401.27036390094895,1962100,2024-11-29
396.5221252441406,396.5221252441406,402.07820693069,394.82771138384226,401.39846921522457,1548500,2024-12-02
393.3204345703125,393.3204345703125,399.4971483490257,390.7000023438202,397.5170404114181,1716200,2024-12-03
393.5667419433594,393.5667419433594,395.49757579571883,390.23701934076036,392.64072334747965,1193800,2024-12-04
389.1041259765625,389.1041259765625,395.4581550869783,388.345561572395,394.5419973645386,1291400,2024-12-05
389.1533508300781,389.1533508300781,393.79327428598947,386.8974095055213,392.22693146491326,1331000,2024-12-06
393.3204345703125,393.3204345703125,403.6149575348345,392.51262605149316,396.5516385820052,1739800,2024-12-09
382.6121520996094,382.6121520996094,389.5868136436321,379.8734797546467,384.9074767556376,2251000,2024-12-10
383.0849914550781,383.0849914550781,385.5281086907489,381.6664111328932,384.67105600934235,1651600,2024-12-11
375.1153564453125,375.1153564453125,384.07012620030366,374.49472377832336,383.26231764760087,1804600,2024-12-12
374.8493957519531,374.8493957519531,377.1939947619988,373.25350030843276,374.9380532695279,2034800,2024-12-13
373.2829895019531,373.2829895019531,376.63240320667455,372.1402426966092,376.0905672730576,1311100,2024-12-16
370.20941162109375,370.20941162109375,373.2534697935668,368.26871705882803,370.43600085654055,2138700,2024-12-17
358.47662353515625,358.47662353515625,375.4896964442645,357.6294016479219,373.06630092572107,2820700,2024-12-18
355.00897216796875,355.00897216796875,364.0721209367469,354.65434211722834,362.9589265048365,2616700,2024-12-19
360.5946350097656,360.5946350097656,365.9635403541033,351.9255296751189,353.1667949765553,5142000,2024-12-20
359.95428466796875,359.95428466796875,360.89999479590557,356.12213988023154,359.44200121499983,1804900,2024-12-23
362.10186767578125,362.10186767578125,362.10186767578125,357.26490747522683,359.0282870338319,886000,2024-12-24
361.6585693359375,361.6585693359375,362.023060255863,358.4569176526327,359.61935627931035,1097900,2024-12-26
359.4321594238281,359.4321594238281,361.9343816266179,356.3684396530467,357.9840566848969,1245800,2024-12-27
357.6097106933594,357.6097106933594,359.3927819196936,353.4032138801966,355.0680750903118,1422200,2024-12-30
357.3634033203125,357.3634033203125,360.32860455266587,356.417663133481,358.09238507536014,1168100,2024-12-31
354.4178771972656,354.4178771972656,363.3628155750329,352.7628769025225,360.07250663301375,1802600,2025-01-02
358.37811279296875,358.37811279296875,359.0578504629581,354.1420633938311,356.21082890842524,1390800,2025-01-03
358.7820129394531,358.7820129394531,365.32321775138905,357.1860875172313,361.54034688480226,1590700,2025-01-06
357.599853515625,357.599853515625,360.6438817189129,355.71826390189324,358.7130479524451,1607400,2025-01-07
355.6985778808594,355.6985778808594,357.4816491537428,352.37871622983977,357.05805323003807,1828800,2025-01-08
345.77838134765625,345.77838134765625,354.4967311635836,344.5962210099221,352.50676226385065,2773900,2025-01-10
357.1072692871094,357.1072692871094,357.79686776357994,346.56643579582203,347.7091826651708,2746000,2025-01-13
366.0423583984375,366.0423583984375,366.46595430239773,359.7474045915935,360.0527904817588,2331700,2025-01-14
369.31298828125,369.31298828125,374.2878502667155,368.76129142550315,373.49976343893786,1984500,2025-01-15
374.88873291015625,374.88873291015625,375.7458156017318,369.14547617893044,370.7118189238102,1974700,2025-01-16
380.27740478515625,380.27740478515625,381.09507421636783,376.3172186992232,378.9770644693906,2605900,2025-01-17
393.8724670410156,393.8724670410156,398.0449300213211,386.39763272350876,386.5953917965045,3144500,2025-01-21
393.13092041015625,393.13092041015625,395.96861528947,390.6590828375752,394.1888741329326,1994800,2025-01-22
401.8219299316406,401.8219299316406,404.975997246462,392.79477383568985,392.8936533783156,2587400,2025-01-23
403.0380859375,403.0380859375,404.7881361684829,400.7145524621498,401.15949531816585,1938200,2025-01-24
390.5306091308594,390.5306091308594,395.0392388707438,385.52761183025245,392.7157053005881,2964400,2025-01-27
385.8934020996094,385.8934020996094,392.40916230606075,382.1263240610033,389.60115845050495,1788900,2025-01-28
388.8003234863281,388.8003234863281,394.8612444475436,386.71407668531356,387.52484672831645,2675800,2025-01-29
370.7558898925781,370.7558898925781,376.52020211278585,368.95638481142237,369.2925511166163,4234600,2025-01-30
367.2557678222656,367.2557678222656,373.74186766196607,367.097566585468,373.2079422594991,2858000,2025-01-31
357.4771423339844,357.4771423339844,364.39828762737267,355.63810963945036,360.03799264548104,3079300,2025-02-03
357.8726501464844,357.8726501464844,365.4957886506415,355.3612547639475,365.4957886506415,2709800,2025-02-04
354.8075866699219,354.8075866699219,358.9108311845166,353.17617983566134,358.78229079733126,2134200,2025-02-05
361.3332214355469,361.3332214355469,363.3996739853711,358.43620492446894,359.8006640659313,3007000,2025-02-06
359.7809143066406,359.7809143066406,365.36726129638174,358.49554063920164,365.09041668973015,1804800,2025-02-07
359.12835693359375,359.12835693359375,362.11432601236834,357.47715607366405,361.21457346878987,1944400,2025-02-10
358.14947509765625,358.14947509765625,360.31480707199074,356.9135563987802,357.6649744495153,1516900,2025-02-11
348.0743103027344,348.0743103027344,354.88667939753753,347.4810632126611,352.97842791132564,2833100,2025-02-12
349.7156066894531,349.7156066894531,353.56177042534677,346.472556863458,348.598331231392,3547200,2025-02-13
349.3398742675781,349.3398742675781,354.8372387184535,348.8257127315832,352.5829240168269,2045300,2025-02-14
350.01220703125,350.01220703125,352.9091934805031,347.154748258786,351.46564875892494,3120200,2025-02-18
349.0234375,349.0234375,349.8638682426204,345.65184769819547,347.90616217821247,2211000,2025-02-19
345.21685791015625,345.21685791015625,352.8301303330373,343.5360263260326,351.0009643432489,2174100,2025-02-20
336.20947265625,336.20947265625,348.03473532840366,333.79695673609234,346.58129360743817,3225200,2025-02-21
335.1020812988281,335.1020812988281,341.5585196769877,332.4423817204603,339.521727979815,2513300,2025-02-24
338.5033264160156,338.5033264160156,340.3522863556574,332.59070996787545,337.158661194967,3323500,2025-02-25
338.7208557128906,338.7208557128906,344.8510253740217,336.2885758268188,341.55855078274163,2397800,2025-02-26
336.1698913574219,336.1698913574219,343.0119506579906,334.6472310479046,339.77876797988193,1971000,2025-02-27
340.075439453125,340.075439453125,341.01471966550287,334.9241080124242,338.12763015794593,3210300,2025-02-28
328.2995910644531,328.2995910644531,344.22809807223666,326.3122239788359,343.7139667141073,2569700,2025-03-03
323.0691833496094,323.0691833496094,328.1809569257522,315.0900841120861,323.70198827631936,3500200,2025-03-04
334.6769104003906,334.6769104003906,335.6854394414722,324.94776133327605,325.41246800398267,3189100,2025-03-05
337.16851806640625,337.16851806640625,338.05837349485836,328.77413774526406,331.4931588828544,2234100,2025-03-06
346.3538818359375,346.3538818359375,348.1533868992535,335.5766756424088,335.5766756424088,3063800,2025-03-07
341.3211975097656,341.3211975097656,348.440101508547,337.9990624261992,341.11357161049204,2809100,2025-03-10
335.9425048828125,335.9425048828125,341.2619044032365,332.58081166945084,340.0457795747067,3190900,2025-03-11
334.32098388671875,334.32098388671875,341.02460625064015,331.6711812213596,339.16577954772293,1816700,2025-03-12
329.5552673339844,329.5552673339844,336.8125787650307,327.9337575904195,332.244627797227,2490300,2025-03-13
335.8139953613281,335.8139953613281,338.13749864857215,333.1542955956353,333.91561074082847,1936100,2025-03-14
338.7801818847656,338.7801818847656,340.480777153065,335.18117192696445,335.91282618646983,1683800,2025-03-17
332.9169921875,332.9169921875,338.1474093955279,331.57232691426395,338.1474093955279,3310000,2025-03-18
334.8054504394531,334.8054504394531,338.14737966275834,332.87743523863753,333.1344858278005,2407200,2025-03-19
332.462158203125,332.462158203125,335.95239169790403,329.8518832062257,330.80109057262484,2782900,2025-03-20
331.9974365234375,331.9974365234375,332.16553474962006,325.5014403428713,327.47891033947855,6766100,2025-03-21
337.82110595703125,337.82110595703125,339.2844144684575,335.4679117927886,336.713697393895,2277200,2025-03-24
338.7604064941406,338.7604064941406,340.9257387218181,336.99056226161616,339.7095837172678,1678000,2025-03-25
337.26739501953125,337.26739501953125,343.3580064869416,334.9735526587602,339.49204885958767,1703200,2025-03-26
335.4778137207031,335.4778137207031,338.1474106108355,332.83790785098233,337.23776102511744,1481100,2025-03-27
325.9760437011719,325.9760437011719,334.43961286486825,324.3545038220406,333.20369411813925,1965200,2025-03-28
326.0848083496094,326.0848083496094,328.2402736968384,318.3726870071545,321.96180007668903,2837500,2025-03-31
326.8461608886719,326.8461608886719,328.4676707208207,320.24141783131955,323.32626643660745,1955300,2025-04-01
330.89007568359375,330.89007568359375,332.56104033315785,322.4265060636214,322.45616690819,1747600,2025-04-02
302.3156433105469,302.3156433105469,321.04228786673366,301.5641950050823,316.06895169376577,4638700,2025-04-03
284.83477783203125,284.83477783203125,290.97484417249484,278.3289145273658,281.78948717690673,7216800,2025-04-04
276.9051513671875,276.9051513671875,291.0341844803229,264.28888175925124,272.89088925080796,7824700,2025-04-07
270.8540954589844,270.8540954589844,288.4931260059177,265.24795417066423,286.62443235901145,4989000,2025-04-08
297.619140625,297.619140625,298.45954126030085,266.09826308431235,267.709906008795,6457300,2025-04-09
285.90264892578125,285.90264892578125,294.91001132272703,276.64807257675864,293.337926113749,4116800,2025-04-10
290.144287109375,290.144287109375,292.0821991891772,280.9391670130689,285.694979773613,3197900,2025-04-11
294.7616882324219,294.7616882324219,299.072588740128,292.37883314143596,295.3055106141169,2758400,2025-04-14
290.12451171875,290.12451171875,298.3310305467854,289.09624901584795,293.4862047756495,3611300,2025-04-15
286.8716125488281,286.8716125488281,292.3986380628229,284.37008381253935,289.41263878964986,3017200,2025-04-16
290.935302734375,290.935302734375,294.346450893729,288.6117692181339,288.87874700596194,2717600,2025-04-17
282.8879699707031,282.8879699707031,289.1072630638046,280.62280087492536,287.4481118219761,2978300,2025-04-21
289.2761535644531,289.2761535644531,291.3227522615063,285.1332631943687,285.630011039655,2231200,2025-04-22
293.8462219238281,293.8462219238281,303.3738423614184,293.260063079869,299.3800004311332,2458300,2025-04-23
304.8641052246094,304.8641052246094,306.2053306122223,295.13780321734265,295.4954471505271,2874400,2025-04-24
304.456787109375,304.456787109375,305.98674874666597,301.9332993951868,303.1155617725108,2162400,2025-04-25
305.06280517578125,305.06280517578125,309.40437678932005,301.8736922803786,304.4567873162641,2189600,2025-04-28
305.40057373046875,305.40057373046875,306.662332680351,300.9397877159964,303.0161901016819,2651000,2025-04-29
307.2583923339844,307.2583923339844,313.9942917065583,300.21451173185517,313.1597589891426,5124800,2025-04-30
311.9179382324219,311.9179382324219,316.81589565299566,308.997058104761,309.35473236482466,2961000,2025-05-01
321.5746765136719,321.5746765136719,322.55825786023365,316.40851713557936,316.40851713557936,3765200,2025-05-02
321.0083923339844,321.0083923339844,324.3465537690014,317.3026726472102,317.3026726472102,1829100,2025-05-05
318.8028564453125,318.8028564453125,321.99196922018376,317.7696124061925,319.45853694033906,1724200,2025-05-06
318.2067565917969,318.2067565917969,320.70041026292506,316.04091285285153,320.640802944513,1555500,2025-05-07
322.1409912109375,322.1409912109375,326.73093664329053,320.79976590846303,322.7668983733645,2553400,2025-05-08
323.5020751953125,323.5020751953125,325.60828129474834,321.2071024813911,323.53187885449006,1646200,2025-05-09
340.3219299316406,340.3219299316406,348.7169804781928,337.5202951822667,340.8782850818058,4592000,2025-05-12
350.2469787597656,350.2469787597656,353.0188099028932,345.80605181628016,346.66044355583233,4132500,2025-05-13
347.3857116699219,347.3857116699219,350.13768385648666,346.5114305989183,349.4323103956427,2052200,2025-05-14
347.53472900390625,347.53472900390625,349.05477621482163,346.23325206013936,347.1671404453117,1580400,2025-05-15
351.28021240234375,351.28021240234375,351.91606423271253,345.9749487589261,349.25350291098243,2561700,2025-05-16
350.27679443359375,350.27679443359375,350.6642419997498,346.27300788153656,347.425466558832,2277700,2025-05-19
347.216796875,347.216796875,350.1674802690389,345.22980550713766,348.5580221121235,2266000,2025-05-20
340.2822265625,340.2822265625,346.1537898680841,339.4278044828927,344.38536871066407,2093400,2025-05-21
342.9447937011719,342.9447937011719,345.1106071174882,338.3747072761976,339.7755398947555,2174100,2025-05-22
341.1565246582031,341.1565246582031,342.6964309634381,334.0530056964762,335.433979360403,1936600,2025-05-23
349.22369384765625,349.22369384765625,351.041777693645,344.36548517349894,347.6738429339691,2240100,2025-05-27
347.216796875,347.216796875,350.5052651632856,346.5908897430702,350.19728392679355,1924400,2025-05-28
349.5018615722656,349.5018615722656,350.7933938575147,346.4716814890541,349.9091984484645,2290300,2025-05-29
345.7663269042969,345.7663269042969,350.94243130605423,344.76288648817604,349.54159865117055,4867100,2025-05-30
342.4281921386719,342.4281921386719,344.21647235396597,337.29180579108805,344.21647235396597,2552700,2025-06-02
347.1274108886719,347.1274108886719,348.55804720203946,342.67656930849216,343.7495313839757,2614300,2025-06-03
347.0578308105469,347.0578308105469,349.4422446858343,347.0578308105469,348.021522828069,1616300,2025-06-04
346.6902770996094,346.6902770996094,349.2237095169081,343.60051979301073,348.71701696963135,1753300,2025-06-05
351.05169677734375,351.05169677734375,355.11509037980204,349.96879014853926,351.2702670348416,1608000,2025-06-06
355.74102783203125,355.74102783203125,358.1154668909394,351.6279409044761,352.9095589017832,2147100,2025-06-09
356.2377624511719,356.2377624511719,358.0160979345441,353.7738821862923,357.10209886403334,1894300,2025-06-10
360.778076171875,360.778076171875,361.92059026794533,355.42311930411114,358.5923733035866,2551700,2025-06-11
358.6122131347656,358.6122131347656,359.64545719173174,355.5423149423307,357.5094474186363,1571800,2025-06-12
354.7276306152344,354.7276306152344,358.0359883034398,353.386435663939,354.90648288527893,1609600,2025-06-13
360.08258056640625,360.08258056640625,362.2384492365605,357.85715992132253,358.65194434625744,1579800,2025-06-16
355.3535461425781,355.3535461425781,360.03293287000406,354.7077799805996,358.37378165717945,1560100,2025-06-17
357.4597473144531,357.4597473144531,361.8609563889976,354.63822311278886,354.80713072529545,2000500,2025-06-18
358.1750793457031,358.1750793457031,361.88082943363446,356.80408066927714,360.58929707735956,6268300,2025-06-20
363.84796142578125,363.84796142578125,364.7122978819513,355.4032475046313,357.5790056345484,2927400,2025-06-23
370.5937805175781,370.5937805175781,371.6766872665631,365.5269763553201,367.4841642313238,3841800,2025-06-24
369.1631164550781,369.1631164550781,371.75615598106936,367.10660341200935,370.57389368026253,1737700,2025-06-25
379.3961486816406,379.3961486816406,379.8432035621604,370.61365019501596,371.5673975925413,2575100,2025-06-26
382.2077331542969,382.2077331542969,384.9696500662751,380.2604900161246,380.5287229479021,4455000,2025-06-27
385.6849670410156,385.6849670410156,386.6188554483525,382.3070876387103,383.7973312267053,2791400,2025-06-30
388.3773498535156,388.3773498535156,391.32803327605063,381.750720237302,384.0754965218626,2393600,2025-07-01
395.8385009765625,395.8385009765625,396.0471569120007,386.8871249633641,390.1457897824515,2713700,2025-07-02
395.2721862792969,395.2721862792969,399.8025545835402,395.00395335406023,396.325319619197,1737800,2025-07-03
388.9635314941406,388.9635314941406,395.4709165408775,385.5657626825455,395.4709165408775,3012900,2025-07-07
391.7254333496094,391.7254333496094,393.37463987224345,388.9734308191112,389.87751555665005,2003600,2025-07-08
399.5640869140625,399.5640869140625,401.13382707346665,394.29857191650166,397.1200960207684,3101000,2025-07-09
405.6741027832031,405.6741027832031,409.3202454948772,400.8159243732288,402.02799039061296,3382800,2025-07-10
403.27978515625,403.27978515625,404.23353253245483,399.0872321178489,402.8128409676455,2072600,2025-07-11
403.1307373046875,403.1307373046875,404.14412231794967,399.6137843736086,401.37226083914805,2497500,2025-07-14
402.00811767578125,402.00811767578125,406.09137048085097,400.3986291614422,403.61757587103745,2167000,2025-07-15
410.19451904296875,410.19451904296875,410.38328565590206,400.6967023547706,402.3657678931548,3242100,2025-07-16
415.35076904296875,415.35076904296875,417.1688528968994,410.19452375484116,412.16162590514585,2444700,2025-07-17
411.01910400390625,411.01910400390625,417.1688449088828,409.4791977723881,415.9766682416348,2526600,2025-07-18
408.8952331542969,408.8952331542969,416.2341335190825,408.66588110659075,416.0247436503992,1833300,2025-07-21
415.99481201171875,415.99481201171875,417.3209883603129,409.20432413423094,409.20432413423094,2185000,2025-07-22
426.3650207519531,426.3650207519531,426.93339509817434,418.24835634773757,418.7967685154,3254900,2025-07-23
428.28948974609375,428.28948974609375,428.9276708650651,423.28388211853326,425.8166139854562,2511400,2025-07-24
432.50738525390625,432.50738525390625,433.62417178908066,427.3920769006959,428.4590188488235,2218400,2025-07-25
431.69970703125,431.69970703125,435.1497862317508,429.8849137013906,430.014546143545,2550300,2025-07-28
428.8179626464844,428.8179626464844,433.96318371482994,423.58300306551155,433.3050708587468,2383700,2025-07-29
432.8763122558594,432.8763122558594,435.5785400281656,425.2083404150878,428.7681202515753,3172600,2025-07-30
436.76513671875,436.76513671875,439.8861746733199,432.43757372751287,432.8862967265972,4116400,2025-07-31
427.4618835449219,427.4618835449219,429.62564984866833,420.08308928520626,425.7468098149209,4027300,2025-08-01
432.45751953125,432.45751953125,435.63838304123453,428.75812627659764,429.62562897383896,4059500,2025-08-04
432.98602294921875,432.98602294921875,438.4802171338295,425.347963769708,426.4248563817632,4329900,2025-08-05
426.4946594238281,426.4946594238281,433.4646245783156,424.3209120396743,432.09855425368823,2630800,2025-08-06
415.9250183105469,415.9250183105469,426.1057599019703,408.7855268233796,425.6171734050628,4261100,2025-08-07
415.32672119140625,415.32672119140625,420.691313160362,414.56891917087836,419.31526178629974,2965200,2025-08-08
407.3695983886719,407.3695983886719,417.09166599824556,405.6345625535386,415.7854213999866,3416000,2025-08-11
411.52764892578125,411.52764892578125,416.9919606312964,408.46646707011735,409.8225562995755,2765100,2025-08-12
412.51483154296875,412.51483154296875,414.34955660211324,409.3638807576498,413.9905721176337,4403000,2025-08-13
416.3039245605469,416.3039245605469,418.03892998154646,405.8340054997427,408.1274041695732,3676000,2025-08-14
406.62176513671875,406.62176513671875,415.3666297441018,405.9337394254602,414.529039841298,3107400,2025-08-15
411.4578552246094,411.4578552246094,411.956422790306,404.2984018542919,405.83399847707943,3185200,2025-08-18
414.8979797363281,414.8979797363281,420.6714010372175,412.87379650719436,418.1087562822111,3543600,2025-08-19
419.38507080078125,419.38507080078125,420.711277596585,410.8695280645389,413.6116497382451,4060200,2025-08-20
416.6928405761719,416.6928405761719,419.37510625067733,412.9735153499375,418.72697446099795,2504300,2025-08-21
434.421875,434.421875,436.58564118884374,418.8465987251537,420.40212709183606,3785100,2025-08-22
431.0615234375,431.0615234375,435.64835132275283,430.93192142623974,433.7538005786692,1857900,2025-08-25
430.0245056152344,430.0245056152344,430.95183398228136,426.0160029200068,430.1640887096639,2792200,2025-08-26
431.43048095703125,431.43048095703125,433.8136181541011,427.7211369627617,428.4989011665529,1970900,2025-08-27
433.6640625,433.6640625,434.7310044402134,431.3905955187873,433.6640625,1651700,2025-08-28
417.83953857421875,417.83953857421875,426.87358096198886,413.1829038472491,424.19128486624453,3673800,2025-08-29
414.8580627441406,414.8580627441406,416.01474315793325,409.3439066382206,412.724209368634,2329500,2025-09-02
413.9307556152344,413.9307556152344,416.93214227776474,410.19149864901925,416.93214227776474,1496700,2025-09-03
419.0161437988281,419.0161437988281,419.58451815092326,413.1031395235839,414.61877403235366,1634600,2025-09-04
421.867919921875,421.867919921875,423.6827131725115,416.71274830997766,419.6343469550297,1843200,2025-09-05
421.5688171386719,421.5688171386719,422.6955847794866,415.5860059599613,421.43918469430895,1876700,2025-09-08
416.8922424316406,416.8922424316406,422.3365919767216,415.24697547589176,421.94772508143404,1710700,2025-09-09
421.69842529296875,421.69842529296875,425.27813679041907,418.2981908173055,418.61728136502654,2221000,2025-09-10
430.1441650390625,430.1441650390625,434.54153469362626,422.1072581801087,422.70554535497484,2737900,2025-09-11
430.28375244140625,430.28375244140625,431.3706261120489,426.52456385045963,427.8308084730765,2341800,2025-09-12
434.69110107421875,434.69110107421875,437.49304842000095,429.37635366734366,432.58713007751237,2255800,2025-09-15
439.4075622558594,439.4075622558594,439.53716426471664,433.03585400730253,434.88056013055586,2366300,2025-09-16
449.3689270019531,449.3689270019531,451.04410673823384,441.73086815825343,443.72513844339227,4512200,2025-09-17
465.6222229003906,465.6222229003906,466.37007426574445,447.5840516196742,449.6680604395089,4331900,2025-09-18
465.2034606933594,465.2034606933594,470.7674616718317,461.3844158696002,468.9128048223913,5069300,2025-09-19
470.7475280761719,470.7475280761719,471.8842463661743,458.29328889255106,465.9712420078949,3180000,2025-09-22
469.909912109375,469.909912109375,483.9495613806235,466.8486999504731,471.9041823736526,3856600,2025-09-23
468.4441223144531,468.4441223144531,475.1548222794047,467.28744190938994,471.34578920100705,2776700,2025-09-24
462.3915100097656,462.3915100097656,466.65924720718954,458.2633559087687,463.3786640642868,2979200,2025-09-25
464.4256896972656,464.4256896972656,467.1079857573462,461.05536793076135,464.1464930649597,2329000,2025-09-26
470.2589111328125,470.2589111328125,471.1363949665665,466.1208061910485,466.7390251384249,2892100,2025-09-29
475.7830505371094,475.7830505371094,476.072228263086,468.89284271224193,470.268894145333,2315300,2025-09-30
479.4425354003906,479.4425354003906,482.54361114453235,469.79027434544594,472.6520473886032,2964700,2025-10-01
489.16461181640625,489.16461181640625,494.55911678366994,482.8028845087986,485.4652183944898,2648600,2025-10-02
496.4237365722656,496.4237365722656,503.03474743310267,491.11897031314584,491.8369088326519,2996500,2025-10-03
493.9608154296875,493.9608154296875,504.14155678979466,491.6275228305234,498.98638510566,2629200,2025-10-06
485.3156433105469,485.3156433105469,496.9522239716332,482.1646925656168,496.503500979323,2135400,2025-10-07
500.6814880371094,500.6814880371094,508.02041843855267,487.93810225651043,489.5833691396807,3959400,2025-10-08
498.9265441894531,498.9265441894531,505.07888164093634,495.715798121954,502.615956528483,3113900,2025-10-09
489.8924865722656,489.8924865722656,510.03462875579584,489.8924865722656,501.67863133765894,3889100,2025-10-10
503.31396484375,503.31396484375,504.9293189718192,494.03063872194167,500.7114261917434,2618400,2025-10-13
525.9588623046875,525.9588623046875,530.037171954866,497.5804341337534,499.1459132338522,5459800,2025-10-14
532.52001953125,532.52001953125,536.9074385752943,525.699649124954,532.6696141492312,3447100,2025-10-15
539.4102783203125,539.4102783203125,543.4287015186642,533.1682022466497,536.518561903597,3463100,2025-10-16
525.5700073242188,525.5700073242188,540.6566668811106,525.4602762048469,535.8404871076843,2814700,2025-10-17
531.1799926757812,531.1799926757812,534.2000122070312,526.9400024414062,529.5599975585938,2170800,2025-10-20
524.6500244140625,524.6500244140625,533.3800048828125,522.0399780273438,525.0700073242188,2259100,2025-10-21
513.9099731445312,513.9099731445312,525.7999877929688,510.2099914550781,525.72998046875,4149000,2025-10-22
520.5,520.5,522.8900146484375,513.010009765625,518.3300170898438,2619400,2025-10-23
522.72998046875,522.72998046875,527.22998046875,521.02001953125,522.8599853515625,2392000,2025-10-24
