Price,Close,High,Low,Open,Volume,Date
189.32225036621094,189.32225036621094,190.87171028275952,186.26837568975157,189.17811136331062,563700,2021-10-25
185.2323760986328,185.2323760986328,190.32217595109302,185.16030660339695,190.07894312290324,544300,2021-10-26
181.9983367919922,181.9983367919922,185.13328426653652,181.2776555776766,184.89906871387055,541900,2021-10-27
185.40357971191406,185.40357971191406,186.52063651198327,181.9983743608534,181.9983743608534,370400,2021-10-28
183.079345703125,183.079345703125,186.50257104884807,182.07040028386572,185.13327816138874,343600,2021-10-29
184.4756622314453,184.4756622314453,185.2593956347952,183.36762298087297,183.6919288280954,231200,2021-11-01
184.7459259033203,184.7459259033203,184.7909710564923,181.13353005088157,184.67385640741534,469400,2021-11-02
190.10597229003906,190.10597229003906,190.151017443936,183.9892197763213,184.22343533239402,284900,2021-11-03
188.81776428222656,188.81776428222656,190.61946045382854,187.25028366442652,190.07894610400757,232700,2021-11-04
190.98880004882812,190.98880004882812,196.91638217511183,188.91686042292577,192.00676279685658,554700,2021-11-05
192.88059997558594,192.88059997558594,193.59226397339836,191.81759199955928,192.39414801764292,273900,2021-11-08
193.5472412109375,193.5472412109375,193.80848114068485,191.83562138393356,192.213975978319,323200,2021-11-09
196.46597290039062,196.46597290039062,196.80829960157953,193.18688613138477,193.32202160357352,451600,2021-11-10
198.27667236328125,198.27667236328125,198.82619025426754,195.80834362009088,196.4569553519387,366700,2021-11-11
199.31265258789062,199.31265258789062,200.4747406497198,197.85328298795358,199.09644408403437,453600,2021-11-12
199.6999969482422,199.6999969482422,200.51076847251034,197.99739461688526,199.7450421016767,449000,2021-11-15
201.4837188720703,201.4837188720703,202.38456710408795,199.91623799985248,200.47475950503042,436500,2021-11-16
196.0065155029297,196.0065155029297,201.8710312143456,195.38492816452361,201.33953417704333,552800,2021-11-17
195.6438446044922,195.6438446044922,196.94052729478304,194.11142155037004,196.78637872139154,603900,2021-11-18
195.5440673828125,195.5440673828125,198.2825043671138,194.71892090151067,195.60754763930115,251700,2021-11-19
196.62313842773438,196.62313842773438,199.0351393367282,196.07908712303774,196.49619173969003,307800,2021-11-22
196.86795043945312,196.86795043945312,197.32133340174414,193.45851554403865,196.6775235073849,317200,2021-11-23
195.34458923339844,195.34458923339844,196.77728114802844,193.98444025780483,196.64127178492944,297600,2021-11-24
191.5996551513672,191.5996551513672,192.52456032900017,188.6073246374846,190.54780328944346,242800,2021-11-26
192.97793579101562,192.97793579101562,193.68521212391656,190.04000913701537,193.2499545066311,300100,2021-11-29
186.71218872070312,186.71218872070312,190.6656889990004,186.19532546394578,190.36645456132263,607300,2021-11-30
183.86495971679688,183.86495971679688,191.59059666397272,183.79241677092617,189.74079997080233,367000,2021-12-01
190.48434448242188,190.48434448242188,191.50898067654472,184.4362029525841,185.4427137883341,271500,2021-12-02
191.43641662597656,191.43641662597656,192.18903400000556,189.5866202368589,191.07371579239268,211900,2021-12-03
190.6385040283203,190.6385040283203,194.52852439072223,190.38461063495922,194.02073760400006,347000,2021-12-06
194.29275512695312,194.29275512695312,195.08163712114217,191.51805337455605,191.80821130040385,267100,2021-12-07
194.68267822265625,194.68267822265625,195.06351832298748,192.9416889770766,194.95471081893643,413200,2021-12-08
194.34715270996094,194.34715270996094,195.5712784721766,192.07117509808316,193.54919422592062,390700,2021-12-09
197.17625427246094,197.17625427246094,197.9560735477011,194.39248998364525,195.49874555633826,296500,2021-12-10
193.31346130371094,193.31346130371094,197.72034497164196,193.1955772866601,197.43924970281515,335900,2021-12-13
193.04141235351562,193.04141235351562,194.73706033863,190.38459462633324,192.92352834645598,442000,2021-12-14
196.47805786132812,196.47805786132812,196.67754749595971,191.15534566239333,193.59454851081028,391200,2021-12-15
196.65940856933594,196.65940856933594,201.36552618101646,195.85238740715042,198.43666212742622,446300,2021-12-16
189.83143615722656,189.83143615722656,196.12437953138414,189.22389086215475,195.22669019537278,926000,2021-12-17
185.44273376464844,185.44273376464844,187.98168166164217,182.90379970380766,187.70058637891714,392900,2021-12-20
189.06976318359375,189.06976318359375,189.96746645477603,186.79378563094923,186.79378563094923,244300,2021-12-21
188.7705535888672,188.7705535888672,189.722660728476,188.03607528681678,188.6073423378125,138300,2021-12-22
190.36643981933594,190.36643981933594,191.2369273559416,189.16950216131573,189.35086641457934,182500,2021-12-23
194.02072143554688,194.02072143554688,194.06606250261555,189.1513924604659,190.2757734413227,233600,2021-12-27
196.67755126953125,196.67755126953125,197.22161643553835,193.22277482299648,193.22277482299648,177700,2021-12-28
197.12185668945312,197.12185668945312,197.80193117738804,194.57384648844106,196.68661289129702,146000,2021-12-29
194.27459716796875,194.27459716796875,198.0648720489604,194.2111169126063,197.67496934710474,240000,2021-12-30
195.2992706298828,195.2992706298828,196.36018521737037,192.87820700672123,194.02072721567288,182900,2021-12-31
193.43133544921875,193.43133544921875,196.91331367093036,191.45457831629344,196.70474752276866,206100,2022-01-03
200.2955322265625,200.2955322265625,200.9393421456689,195.08162795980056,195.24485302729744,329300,2022-01-04
198.6996307373047,198.6996307373047,203.5145558073462,198.29157498331423,200.93934378224745,271100,2022-01-05
199.25279235839844,199.25279235839844,201.92774964743109,198.3369497212857,200.56760046628028,198500,2022-01-06
198.61801147460938,198.61801147460938,200.54942741335435,198.05582100221062,198.8628421600075,249800,2022-01-07
197.3938751220703,197.3938751220703,198.92631173897342,195.96118330970378,197.53896098978714,246900,2022-01-10
196.2694549560547,196.2694549560547,198.76306091003497,193.04137091668574,198.24621159800697,301500,2022-01-11
198.454833984375,198.454833984375,198.8900778487464,196.3148653833323,197.42112115889734,197900,2022-01-12
199.9056396484375,199.9056396484375,201.12070277505828,198.3369244969878,199.96004339498003,328100,2022-01-13
199.60638427734375,199.60638427734375,199.7333309513496,195.78889370677965,197.36667137183755,403600,2022-01-14
194.5466766357422,194.5466766357422,198.35509162776464,193.11398448501814,198.15560197157816,329000,2022-01-18
192.78750610351562,192.78750610351562,196.15161381218627,192.415728749278,195.0997620063116,333200,2022-01-19
190.16696166992188,190.16696166992188,195.0906942802253,190.0309523079276,193.38598365324376,245600,2022-01-20
186.66683959960938,186.66683959960938,190.95583868229457,185.959563263307,190.03094737245323,329600,2022-01-21
191.1281280517578,191.1281280517578,191.41829980047683,182.95817172847634,184.2367012173368,380500,2022-01-24
189.4596710205078,189.4596710205078,191.31854389903182,185.07092734671383,188.10858483665092,340300,2022-01-25
189.25112915039062,189.25112915039062,194.3743512777724,187.5826692724757,191.0011808076853,287700,2022-01-26
185.9595947265625,185.9595947265625,192.70593677071903,184.00097661642297,190.6022327629056,311400,2022-01-27
187.28343200683594,187.28343200683594,187.44665707157236,181.45293362761487,184.83516672499172,265600,2022-01-28
188.8340301513672,188.8340301513672,189.20580755301393,185.1344230023491,185.82356022020616,288500,2022-01-31
190.60218811035156,190.60218811035156,190.8016777138804,186.78471144568084,188.29900882799544,385700,2022-02-01
191.3820343017578,191.3820343017578,192.66057771286776,189.6138433268991,191.0827998542969,486000,2022-02-02
196.5233917236328,196.5233917236328,199.03513742309443,190.42086040478281,191.8444896691616,666600,2022-02-03
193.77589416503906,193.77589416503906,196.61407621262623,189.85867218460425,196.61407621262623,399100,2022-02-04
190.70193481445312,190.70193481445312,194.30179655565684,190.30295560341548,194.30179655565684,373400,2022-02-07
192.22532653808594,192.22532653808594,193.3134429551026,189.65010061989375,191.22787841806598,360400,2022-02-08
194.70985412597656,194.70985412597656,197.05838851897295,192.83285575070929,193.38598354944037,244800,2022-02-09
191.93516540527344,191.93516540527344,195.5803687483984,190.99213481463227,192.8963351907784,224100,2022-02-10
189.4415740966797,189.4415740966797,194.07514947359107,187.85473340371212,192.27975644938485,425500,2022-02-11
191.06466674804688,191.06466674804688,191.59965535841087,187.54641029940058,189.99467569116797,247100,2022-02-14
196.06094360351562,196.06094360351562,197.61150569926897,193.59453900207717,193.59453900207717,381300,2022-02-15
198.00140380859375,198.00140380859375,199.2255433162834,194.4831476653729,194.4831476653729,473600,2022-02-16
196.1697540283203,196.1697540283203,198.75404267475565,194.51944709547183,196.50526685845776,338500,2022-02-17
195.380859375,195.380859375,197.90166759648474,194.89119801620782,195.65289192586783,375500,2022-02-18
190.59788513183594,190.59788513183594,196.58572898872373,189.7855102292022,195.78249081412548,328400,2022-02-22
185.7418975830078,185.7418975830078,191.81188850101347,185.34939432689325,191.20944941652465,445600,2022-02-23
187.0745391845703,187.0745391845703,187.45790568900432,180.50251609953034,182.09988349864122,350000,2022-02-24
193.6009521484375,193.6009521484375,193.84739311313498,187.14758057711774,187.3940354697549,361600,2022-02-25
191.848388671875,191.848388671875,193.8565189016085,189.9132965537015,191.09079236367606,499300,2022-02-28
184.38185119628906,184.38185119628906,191.99444507624224,182.7297190155253,190.88998733159377,379300,2022-03-01
190.99949645996094,190.99949645996094,192.66076519343395,186.143493018675,186.73680924974593,331000,2022-03-02
192.27737426757812,192.27737426757812,193.81997688497518,190.31490005402327,192.37778076717015,309400,2022-03-03
189.4021453857422,189.4021453857422,189.59383561298003,186.24391553198066,188.99139653073442,319100,2022-03-04
186.34432983398438,186.34432983398438,189.4021533018406,183.78855288358847,189.4021533018406,478300,2022-03-07
188.35244750976562,188.35244750976562,195.40824383376298,187.4579117094189,188.57150613194128,503900,2022-03-08
189.57557678222656,189.57557678222656,193.75611738880102,189.3017395685674,192.3504261917224,297800,2022-03-09
188.9640350341797,188.9640350341797,189.25611787938595,186.5542923674798,186.5542923674798,213300,2022-03-10
187.75914001464844,187.75914001464844,191.16381089676452,187.60396884071173,189.81289826112646,223000,2022-03-11
186.8646240234375,186.8646240234375,188.50763345828577,184.54615128539052,187.12020172130946,724400,2022-03-14
184.92037963867188,184.92037963867188,188.5806419498345,182.96702800871134,188.5806419498345,576900,2022-03-15
188.23379516601562,188.23379516601562,188.735827758259,184.6009288285869,185.90619964047983,468000,2022-03-16
192.00357055664062,192.00357055664062,192.01269335646364,186.67291666494128,187.120184559165,408900,2022-03-17
195.3260955810547,195.3260955810547,196.07456908185537,189.776383032337,191.9396704798958,1199600,2022-03-18
194.2307586669922,194.2307586669922,197.48027232929437,193.5005446491567,195.49040152525575,424200,2022-03-21
194.0299530029297,194.0299530029297,195.96504515507388,192.67902647413172,195.96504515507388,224300,2022-03-22
189.091796875,189.091796875,193.59180246084935,187.70436525665482,193.57355686108997,313100,2022-03-23
188.86361694335938,188.86361694335938,190.46098451283956,187.24798984469055,189.9041872600746,290000,2022-03-24
190.60702514648438,190.60702514648438,191.28247449168373,188.0877394825191,189.48429395800449,270700,2022-03-25
187.90518188476562,187.90518188476562,190.3331837814958,185.4041558037798,190.3331837814958,488300,2022-03-28
192.3504180908203,192.3504180908203,192.94373435008396,188.6354050823072,189.0644134491195,555300,2022-03-29
190.77134704589844,190.77134704589844,194.00258765704194,190.3514613977903,191.46505602109735,234500,2022-03-30
187.5583038330078,187.5583038330078,192.7702913568351,187.49441638242033,189.94980038917203,346500,2022-03-31
185.93357849121094,185.93357849121094,189.40215078515348,184.1627802505806,188.74494702723007,335300,2022-04-01
190.4062042236328,190.4062042236328,190.41532702350835,183.46906006301018,185.33112797714767,347400,2022-04-04
188.27027893066406,188.27027893066406,191.51979228262525,187.85040730330198,190.00457187724072,275500,2022-04-05
189.28347778320312,189.28347778320312,190.31492524024665,185.76014096024696,187.0015242431522,317600,2022-04-06
187.38487243652344,187.38487243652344,189.73984993084457,185.741877190756,189.12828811328663,347900,2022-04-07
190.22361755371094,190.22361755371094,193.0441223589812,187.33010250094688,188.4345740034289,465200,2022-04-08
192.39605712890625,192.39605712890625,194.2672617334447,190.72566554112444,190.72566554112444,330400,2022-04-11
192.1952362060547,192.1952362060547,195.91938573461118,192.12221202769814,192.79767523154277,344500,2022-04-12
192.2682647705078,192.2682647705078,193.41836426799966,190.57961368634304,190.80780902593622,314900,2022-04-13
192.742919921875,192.742919921875,193.73784828532285,191.30984646705124,193.0715217764376,256000,2022-04-14
197.4346160888672,197.4346160888672,198.42954445444013,191.66583105821059,191.66583105821059,537400,2022-04-18
207.0827178955078,207.0827178955078,207.6303923229072,198.46605899578478,198.6668720239686,911300,2022-04-19
206.5807342529297,206.5807342529297,210.98033423413386,206.12434346208593,208.5249495509238,702900,2022-04-20
206.46202087402344,206.46202087402344,214.83222438848685,205.83219949852898,212.66893699260444,1076400,2022-04-21
202.98434448242188,202.98434448242188,207.05534197333077,202.40016490815935,207.05534197333077,576700,2022-04-22
203.78758239746094,203.78758239746094,204.89205408504822,195.93767025015296,201.7429608544678,578600,2022-04-25
200.45594787597656,200.45594787597656,203.78759481476726,199.96305198909718,202.61923559674014,342100,2022-04-26
201.19529724121094,201.19529724121094,203.91538222061564,199.99043289965238,201.68820705252975,392800,2022-04-27
201.03097534179688,201.03097534179688,202.19019766164806,197.1699000917127,202.19019766164806,574400,2022-04-28
193.95697021484375,193.95697021484375,201.0036453906823,193.35453100676744,200.65678392034584,480600,2022-04-29
195.53602600097656,195.53602600097656,197.54414222738978,191.318980532715,194.7419106668074,369500,2022-05-02
200.61109924316406,200.61109924316406,200.88493645457416,196.33015215767222,196.33015215767222,384900,2022-05-03
208.06851196289062,208.06851196289062,208.62530915960707,200.10905724652028,201.31393534876776,360900,2022-05-04
202.61009216308594,202.61009216308594,207.16487644611624,200.66586328872842,205.8961108341213,345700,2022-05-05
199.10501098632812,199.10501098632812,202.74699985382654,196.72265097823316,202.74699985382654,351300,2022-05-06
198.9498748779297,198.9498748779297,200.91234966008275,196.54925491900855,196.54925491900855,320100,2022-05-09
195.33523559570312,195.33523559570312,200.81192444418076,193.25409494751682,200.24600438677888,387400,2022-05-10
192.51475524902344,192.51475524902344,198.92247154200203,191.98534029188198,196.2480283526542,284200,2022-05-11
196.0198211669922,196.0198211669922,196.09284535612548,190.87173422058552,191.53806079550927,317700,2022-05-12
197.60809326171875,197.60809326171875,198.77645259349478,196.01072546443757,197.11518339891026,174400,2022-05-13
197.9275360107422,197.9275360107422,199.23282079097373,193.22671688319917,197.09690150768031,247600,2022-05-16
203.88796997070312,203.88796997070312,203.92448902511472,200.27336354850385,200.7114947058744,365000,2022-05-17
197.52589416503906,197.52589416503906,203.30380223810266,197.05125785367824,202.63747569981362,357100,2022-05-18
197.57183837890625,197.57183837890625,201.0449412582037,194.70515384867642,195.88123027235721,440800,2022-05-19
192.91346740722656,192.91346740722656,200.70497687134767,189.5965607925578,199.14300175522934,387900,2022-05-20
195.08189392089844,195.08189392089844,196.7633051588994,193.37290546364332,194.76030456896592,291200,2022-05-23
194.71432495117188,194.71432495117188,195.64231853508164,190.441861614044,195.0267171651689,313800,2022-05-24
197.73724365234375,197.73724365234375,198.04043882546063,192.26112607888697,193.2442601915128,300400,2022-05-25
201.4676513671875,201.4676513671875,202.23026602616872,199.21656767401717,199.45545343878194,326000,2022-05-26
204.8028564453125,204.8028564453125,204.922306297627,202.2485643569112,202.85498265644307,232900,2022-05-27
203.8656768798828,203.8656768798828,204.8855570889441,201.23787830644153,202.69878362700797,406900,2022-05-31
199.34519958496094,199.34519958496094,205.11533035244045,197.36056486979285,205.06938700793427,290300,2022-06-01
202.5885467529297,202.5885467529297,202.87337578521166,199.6391586671751,200.31908353322052,150900,2022-06-02
202.3129119873047,202.3129119873047,202.52423450361852,200.34665782784964,201.28384858271136,164400,2022-06-03
203.57168579101562,203.57168579101562,204.2424136413175,202.32210274363877,202.95608433663747,202100,2022-06-06
206.4383544921875,206.4383544921875,206.48429782519875,201.3297699079207,202.56098674091297,242000,2022-06-07
203.2776641845703,203.2776641845703,205.81357641826074,203.0755247289931,204.66506315699812,229600,2022-06-08
200.9163360595703,200.9163360595703,204.59157889566055,200.64988712272685,202.57938119971095,159100,2022-06-09
192.36219787597656,192.36219787597656,197.60861284619017,192.15087535246434,197.30540364987897,263500,2022-06-10
189.2198944091797,189.2198944091797,191.4985412195956,186.30726591692846,189.22907746980778,303500,2022-06-13
188.87989807128906,188.87989807128906,191.47093662216162,186.8677006535194,189.32092322506668,260900,2022-06-14
187.2903594970703,187.2903594970703,190.54295704864256,186.3348025900172,189.51387958727238,307100,2022-06-15
176.2462615966797,176.2462615966797,183.93670207556767,174.96910136314028,183.93670207556767,531000,2022-06-16
179.8387908935547,179.8387908935547,181.6396657990842,174.6475167246525,175.96140912445165,1240400,2022-06-17
181.5018310546875,181.5018310546875,182.88924396693972,180.26144521610937,182.51252827421317,277300,2022-06-21
180.63818359375,180.63818359375,181.64886692026292,178.35952303446712,178.9383782437926,274100,2022-06-22
179.92147827148438,179.92147827148438,182.38388367414046,177.27529955346003,180.50031935110053,230800,2022-06-23
185.48031616210938,185.48031616210938,186.26131088462017,180.481983585894,181.0057124275648,391100,2022-06-24
187.50169372558594,187.50169372558594,188.55832035187075,184.57068554562278,186.51855961283488,221000,2022-06-27
184.78199768066406,184.78199768066406,189.83545590829704,184.68092795531393,189.23823463482427,291100,2022-06-28
182.72386169433594,182.72386169433594,185.23222475632468,182.11745734632404,185.23222475632468,199900,2022-06-29
181.0332489013672,181.0332489013672,182.6962938212568,179.2323880013518,180.1695647060807,355500,2022-06-30
182.14500427246094,182.14500427246094,183.95506213575177,178.92916742173205,181.51102276441318,275100,2022-07-01
182.5676727294922,182.5676727294922,182.67793954067457,177.41314443974238,179.27832893129766,242800,2022-07-05
182.5309295654297,182.5309295654297,183.76213248831627,179.95825690660564,181.8326244892137,219300,2022-07-06
184.99331665039062,184.99331665039062,185.79269137920534,183.20163884431742,184.04694288564588,213400,2022-07-07
181.94287109375,181.94287109375,185.48948041764777,181.8509844297365,183.7529290193106,261500,2022-07-08
181.82342529296875,181.82342529296875,182.9811215777221,180.9229948492717,181.12513429866408,219300,2022-07-11
183.35784912109375,183.35784912109375,187.52006019974027,182.63199488408472,183.0730200658125,276700,2022-07-12
181.1619110107422,181.1619110107422,182.62281671519696,179.9123278498398,181.0148979282974,187600,2022-07-13
180.12359619140625,180.12359619140625,180.27980630695978,176.64131072099647,178.4973117735297,158600,2022-07-14
181.80506896972656,181.80506896972656,183.06384916399577,180.20634732231434,182.91683608701067,193900,2022-07-15
184.0469512939453,184.0469512939453,185.14952122344377,182.84331163641318,183.10976054489984,355700,2022-07-18
190.69915771484375,190.69915771484375,191.2412526463602,186.21535715057877,186.21535715057877,329700,2022-07-19
190.9472198486328,190.9472198486328,191.79252389268416,189.36686454281698,190.80020679229258,256600,2022-07-20
194.61326599121094,194.61326599121094,197.25024785973758,189.27497878422437,191.44337230585083,488800,2022-07-21
195.95474243164062,195.95474243164062,197.26863487243534,194.6132727742442,195.7066596417236,468400,2022-07-22
196.79086303710938,196.79086303710938,198.08638944966285,194.76029930276556,196.76329983853913,317900,2022-07-25
198.4539031982422,198.4539031982422,198.75711237352712,195.49533199448405,195.6515281114605,305300,2022-07-26
201.4676513671875,201.4676513671875,202.27619535097472,197.2043697456116,198.2426164331905,332000,2022-07-27
203.6176300048828,203.6176300048828,204.13216172897168,200.35584937260904,200.35584937260904,361000,2022-07-28
205.85951232910156,205.85951232910156,206.27297428425862,202.87337795750318,204.39860687824287,372800,2022-07-29
205.8135986328125,205.8135986328125,206.16275118830214,203.1214899874093,204.8764077848838,186000,2022-08-01
203.62681579589844,203.62681579589844,205.93303954579324,202.95608793370897,205.5471407475498,413000,2022-08-02
205.0417938232422,205.0417938232422,205.6573952937765,202.6988237954283,203.7003240674943,263300,2022-08-03
204.9499053955078,204.9499053955078,205.7860264683142,204.3159237912906,205.04179207029858,254300,2022-08-04
204.89476013183594,204.89476013183594,205.77682446081695,202.60691673161708,203.98513260694332,232600,2022-08-05
206.19949340820312,206.19949340820312,206.98048810283305,204.5088851030539,205.4001325941253,361200,2022-08-08
203.48899841308594,203.48899841308594,205.74926479020016,202.96526960623137,205.60226573944874,156200,2022-08-09
208.37704467773438,208.37704467773438,208.91915357354702,206.03408892133675,206.73237991297665,186700,2022-08-10
210.1687774658203,210.1687774658203,211.45510691680272,208.25764941011826,210.2606501294965,328200,2022-08-11
212.57601928710938,212.57601928710938,212.68627207185312,209.51637833103686,210.398442668798,298400,2022-08-12
211.8501739501953,211.8501739501953,212.35550858136907,210.50870425996675,211.0140529110781,226700,2022-08-15
214.40444946289062,214.40444946289062,215.83779169115425,210.57299709588432,211.11510598062424,293600,2022-08-16
212.77816772460938,212.77816772460938,213.5591483494198,211.94204668516153,212.44739533647274,225800,2022-08-17
214.39601135253906,214.39601135253906,214.71033094879255,212.9538258107308,213.30511837448182,153400,2022-08-18
212.7504425048828,212.7504425048828,214.37752112214605,212.2234824914751,213.71189484543933,229800,2022-08-19
206.75979614257812,206.75979614257812,210.79978039983712,206.62112988589988,210.42998020463665,206400,2022-08-22
206.2513427734375,206.2513427734375,207.63806175907754,205.5672229955385,206.7597951163575,187100,2022-08-23
207.0371551513672,207.0371551513672,207.18507523829882,205.0402762970977,206.40851594156155,186700,2022-08-24
210.71658325195312,210.71658325195312,210.76281004332395,207.41619912333178,207.41619912333178,192500,2022-08-25
203.6165771484375,203.6165771484375,211.3914518793548,203.53337739235494,211.3914518793548,220100,2022-08-26
204.69822692871094,204.69822692871094,204.96633385414947,201.33312247904823,201.79536217876253,242300,2022-08-29
201.77685546875,201.77685546875,205.3638398184302,201.05576271278434,205.3638398184302,278400,2022-08-30
201.4070587158203,201.4070587158203,202.53492457831518,200.0942998165828,202.35927125615763,359500,2022-08-31
198.76304626464844,198.76304626464844,200.90784497682523,197.78310047962896,200.0942986920086,323100,2022-09-01
197.2931365966797,197.2931365966797,201.9709997351252,196.2762036942198,201.35160027869418,282800,2022-09-02
200.7136993408203,200.7136993408203,200.90784619867208,196.8216353206718,198.48570086499225,318100,2022-09-06
206.59339904785156,206.59339904785156,206.79678563097886,199.70603079248824,200.69521635002994,342800,2022-09-07
205.5579833984375,205.5579833984375,206.43623593522594,202.72906481670495,204.4855839967168,341500,2022-09-08
206.556396484375,206.556396484375,208.10028927863334,205.95549060156688,206.77827658744764,174400,2022-09-09
207.8691864013672,207.8691864013672,208.15577274133653,205.90928059725604,206.22361429550062,324100,2022-09-12
200.80615234375,200.80615234375,204.70744196100455,200.29768591408734,203.43167013600072,340200,2022-09-13
200.36239624023438,200.36239624023438,201.90627499002835,198.37477137291773,201.02802246973576,354900,2022-09-14
198.60589599609375,198.60589599609375,202.00797315665423,197.5150030522295,200.76917424100026,280600,2022-09-15
199.18832397460938,199.18832397460938,199.34548376898337,195.2130600078594,196.9880586405032,677100,2022-09-16
204.0510711669922,204.0510711669922,204.18049770406404,197.92176892569904,197.92176892569904,258800,2022-09-19
200.83389282226562,200.83389282226562,202.4147445619649,199.02190714582395,202.4147445619649,250600,2022-09-20
199.49339294433594,199.49339294433594,204.77217624534782,199.34548696906768,202.4055113638308,248900,2022-09-21
194.99114990234375,194.99114990234375,200.77838457836802,194.91718987405307,199.77995946252628,253700,2022-09-22
190.85874938964844,190.85874938964844,193.05901464607626,187.52137853969728,193.05901464607626,323400,2022-09-23
191.03439331054688,191.03439331054688,193.5767112700693,189.93426073648774,190.3687671162663,314400,2022-09-26
188.88961791992188,188.88961791992188,194.02046676533416,187.151592316592,193.26240107238124,299800,2022-09-27
192.36566162109375,192.36566162109375,193.32711392217007,188.52906391894672,190.18388982735325,274700,2022-09-28
187.4474334716797,187.4474334716797,191.04365768528518,186.74483422321617,191.04365768528518,342600,2022-09-29
186.14390563964844,186.14390563964844,190.15614226397415,185.5892124381066,188.2701966638792,416900,2022-09-30
191.3302459716797,191.3302459716797,192.43036451133588,187.30875529346073,188.58454126710382,323900,2022-10-03
198.22686767578125,198.22686767578125,198.25460092876557,194.11293724135504,194.11293724135504,225200,2022-10-04
197.83856201171875,197.83856201171875,198.88322809154045,195.56433682101473,195.67528392479832,209200,2022-10-05
197.6629180908203,197.6629180908203,199.26226333984832,197.32086526177713,197.73687812804704,218700,2022-10-06
193.72463989257812,193.72463989257812,196.3039309295021,192.32866712321612,196.3039309295021,211600,2022-10-07
193.4842529296875,193.4842529296875,196.11902439260152,191.91264105112197,195.44415850070166,202500,2022-10-10
193.253173828125,193.253173828125,195.5921197637985,192.07909510873375,193.47505396962814,232800,2022-10-11
192.09754943847656,192.09754943847656,194.7970414348154,191.99585615021425,193.62294876241134,206100,2022-10-12
196.33168029785156,196.33168029785156,197.96801274092985,187.63234010251125,189.3056455137471,273800,2022-10-13
193.7708740234375,193.7708740234375,198.52269723531387,193.04052745007007,197.45953753749288,225100,2022-10-14
196.4518585205078,196.4518585205078,198.00497703089871,195.7215260533101,196.52581856001717,423400,2022-10-17
200.27920532226562,200.27920532226562,202.00797718841218,198.44874016361427,199.63207260016014,307500,2022-10-18
197.56121826171875,197.56121826171875,200.39937640727993,196.63673898664618,199.94637648417805,335400,2022-10-19
187.79872131347656,187.79872131347656,196.91408762408847,187.78022777798253,196.0913016250339,637900,2022-10-20
192.0605926513672,192.0605926513672,192.66149861034944,186.55994311994374,189.49054108399375,517800,2022-10-21
196.65524291992188,196.65524291992188,196.8124027122218,194.12216449397243,194.1314183153304,333500,2022-10-24
201.75839233398438,201.75839233398438,201.85083181149705,196.5350751824644,196.5350751824644,325500,2022-10-25
199.9186553955078,199.9186553955078,203.42242585433635,198.66136294067056,202.66436013800947,302700,2022-10-26
198.73529052734375,198.73529052734375,202.82148681169804,197.94023786798948,201.370061833901,656600,2022-10-27
202.9694366455078,202.9694366455078,203.25602297643317,199.19755934352213,199.19755934352213,388600,2022-10-28
205.28062438964844,205.28062438964844,205.80757023734236,201.7953335976369,202.48869304900492,347300,2022-10-31
205.11422729492188,205.11422729492188,206.54717309770223,203.38545543776019,206.39001330218164,208400,2022-11-01
203.41317749023438,203.41317749023438,208.36838705961148,202.67359123534752,204.33765678223432,352900,2022-11-02
204.0140838623047,204.0140838623047,205.59494966213526,199.28075439030712,202.0634460938218,256700,2022-11-03
211.83517456054688,211.83517456054688,211.9738408053292,206.94468553996128,207.8229380052616,245300,2022-11-04
211.78895568847656,211.78895568847656,213.43452768472395,209.66265051496896,213.09247486386047,230700,2022-11-07
211.29898071289062,211.29898071289062,214.26656539072906,209.35758270039122,212.83361969403367,237700,2022-11-08
210.19886779785156,210.19886779785156,212.98155970259808,209.12648245997576,210.16189483024297,234300,2022-11-09
218.20484924316406,218.20484924316406,218.3805025681537,213.59169243263267,216.53154395804754,282700,2022-11-10
216.61474609375,216.61474609375,219.44365054131427,215.14482736808384,218.00146506659013,277700,2022-11-11
216.09703063964844,216.09703063964844,219.1755483197148,215.36669821886315,215.62555128747826,285200,2022-11-14
218.4636993408203,218.4636993408203,219.10159230963737,216.37438121820938,217.21566075987928,254700,2022-11-15
216.30967712402344,216.30967712402344,218.0014760488886,215.07087816475675,218.0014760488886,270100,2022-11-16
216.67022705078125,216.67022705078125,216.79041388383814,212.13104403107695,213.6656690758453,182600,2022-11-17
220.04945373535156,220.04945373535156,220.45905816412574,216.92158215744521,219.36987629460336,257400,2022-11-18
220.24493408203125,220.24493408203125,221.74370615095884,219.5095182913269,219.5932971400236,229700,2022-11-21
223.084228515625,223.084228515625,223.80103626689018,219.9191266240924,221.213096505025,208800,2022-11-22
224.50851440429688,224.50851440429688,225.47667286165446,222.82356243663702,223.56829643353836,155700,2022-11-23
226.00729370117188,226.00729370117188,227.06853506442624,224.787798666731,225.97936741829307,100700,2022-11-25
222.23709106445312,222.23709106445312,225.33703633072588,221.78095230398597,224.6016205345853,287700,2022-11-28
222.65597534179688,222.65597534179688,224.14544323392954,221.68783115514364,222.6932198516404,342300,2022-11-29
223.97789001464844,223.97789001464844,224.12682544313333,217.85247484829105,222.08813593407868,560700,2022-11-30
225.4114990234375,225.4114990234375,226.91957504844922,223.49381859543016,226.05383190953341,268900,2022-12-01
228.03668212890625,228.03668212890625,228.59522196312082,223.59621871357308,223.59621871357308,248300,2022-12-02
223.12144470214844,223.12144470214844,226.0910624219418,222.72115852907,225.92350473217485,318700,2022-12-05
220.71971130371094,220.71971130371094,222.92597290046706,218.88580961873285,221.37134825163255,298300,2022-12-06
219.9097900390625,219.9097900390625,222.2277707997673,219.7515363781561,220.14251851768117,243000,2022-12-07
217.98280334472656,217.98280334472656,221.60405786600865,216.60504053837502,220.88725018205997,294800,2022-12-08
217.68490600585938,217.68490600585938,220.43109920827357,217.64767569937192,218.22483777995132,255900,2022-12-09
219.39776611328125,219.39776611328125,220.0680252117632,217.0797997519309,218.02933584221662,291400,2022-12-12
219.89117431640625,219.89117431640625,224.38747586638462,218.44825495838808,224.38747586638462,316200,2022-12-13
216.9029541015625,216.9029541015625,220.2542500613745,214.22191733371292,219.64914746063687,445500,2022-12-14
214.4174041748047,214.4174041748047,215.27384327376114,212.54627231557996,214.81769034083712,301900,2022-12-15
210.1259002685547,210.1259002685547,214.0636623435788,209.16706002575472,212.20183442286125,884400,2022-12-16
208.645751953125,208.645751953125,211.55950301046917,207.82654311674972,210.433105065073,315100,2022-12-19
209.1484375,209.1484375,209.92109779065746,207.6682877140438,208.04064761586002,214100,2022-12-20
213.40272521972656,213.40272521972656,213.42133327194176,210.17245258288565,210.9171866054745,212400,2022-12-21
209.70700073242188,209.70700073242188,211.63398532579075,204.9965781657198,211.63398532579075,339200,2022-12-22
212.00634765625,212.00634765625,212.11805278454494,208.9436328123809,209.753537606378,125000,2022-12-23
213.8309326171875,213.8309326171875,214.6687636994382,211.92255616856164,211.92255616856164,156000,2022-12-27
210.8147735595703,210.8147735595703,215.36694208148376,210.58204507848146,214.84561835196456,171100,2022-12-28
214.3057098388672,214.3057098388672,215.01319933763406,211.29884750871335,212.11805634226855,163800,2022-12-29
212.7045440673828,212.7045440673828,213.81231979078174,211.11267488413242,213.34686279276494,180000,2022-12-30
213.5330352783203,213.5330352783203,215.58104302076148,211.52225784190802,214.27775503584883,310700,2023-01-03
216.2699432373047,216.2699432373047,216.3537220866227,213.72853783769816,215.03182593599846,189900,2023-01-04
214.15675354003906,214.15675354003906,216.14890879231118,213.37478924392164,215.44140511091214,256100,2023-01-05
221.00830078125,221.00830078125,221.86473997464577,216.52128838898838,216.60506724163542,260400,2023-01-06
223.79168701171875,223.79168701171875,228.4741826068328,220.6079633044094,221.09204249052388,365300,2023-01-09
227.53396606445312,227.53396606445312,227.93426641436287,223.76376205560342,223.79168833529266,257000,2023-01-10
229.8705596923828,229.8705596923828,230.56874510882858,228.35317971311474,228.35317971311474,348300,2023-01-11
231.090087890625,231.090087890625,231.54622664272628,228.57660882028316,230.86666342526001,269000,2023-01-12
231.62069702148438,231.62069702148438,232.51438066118158,229.12585446022135,230.01952389529902,236500,2023-01-13
228.42767333984375,228.42767333984375,233.3149716574345,228.00875069178295,231.31349810936354,256400,2023-01-17
224.24789428710938,224.24789428710938,231.32284704397253,224.18273768729543,229.13519325340226,312800,2023-01-18
218.29000854492188,218.29000854492188,224.0895982448717,218.29000854492188,223.80101720461792,415000,2023-01-19
221.93917846679688,221.93917846679688,222.08812809464288,217.30321718126402,219.44432191654062,298500,2023-01-20
222.33016967773438,222.33016967773438,223.7823930970699,221.06412619851028,222.9352580342512,181600,2023-01-23
224.31301879882812,224.31301879882812,225.76524220494088,220.65451979839594,220.65451979839594,194100,2023-01-24
223.99652099609375,223.99652099609375,224.67609843996658,221.65062795534305,222.7304773943434,254800,2023-01-25
226.09107971191406,226.09107971191406,226.52861043036867,223.27041141484236,225.29049309991422,175400,2023-01-26
227.5618896484375,227.5618896484375,229.31201224619593,225.26253128380574,225.4580294439329,240500,2023-01-27
225.7559356689453,225.7559356689453,229.38650857690595,225.62560828484123,226.76132443401352,260500,2023-01-30
231.54623413085938,231.54623413085938,231.78828086065414,225.29980917544108,226.60308308733485,363700,2023-01-31
233.0729217529297,233.0729217529297,234.5716937847101,229.39581448130534,230.40120325460708,443800,2023-02-01
240.1478729248047,240.1478729248047,241.61870446639438,234.45068409374608,237.01069745738602,751800,2023-02-02
241.72113037109375,241.72113037109375,241.8328355045625,237.6530265702903,238.79804680220576,282700,2023-02-03
239.63587951660156,239.63587951660156,240.91122707201936,237.46683412196225,240.91122707201936,269100,2023-02-06
236.76866149902344,236.76866149902344,238.05332735445404,233.93868921119082,238.05332735445404,335200,2023-02-07
233.8455810546875,233.8455810546875,236.81519882355323,233.31496749037115,235.41882790060967,226100,2023-02-08
232.03961181640625,232.03961181640625,236.71280393856443,232.00238150751582,235.46538262374523,268100,2023-02-09
233.9665985107422,233.9665985107422,234.7671850545499,230.8666534354617,231.66723997926945,213300,2023-02-10
237.52267456054688,237.52267456054688,237.52267456054688,233.70593611489244,234.70200659586033,310600,2023-02-13
234.7764892578125,234.7764892578125,237.37374706551375,233.92005015058712,236.60108680250602,229000,2023-02-14
236.27525329589844,236.27525329589844,237.16893688467184,233.28702764906922,233.9572867894946,203800,2023-02-15
235.00924682617188,235.00924682617188,235.9401608672378,233.10087020106252,233.42669579728397,240600,2023-02-16
234.85096740722656,234.85096740722656,236.60109015811923,233.84557864849796,235.08369589198912,1114100,2023-02-17
229.01412963867188,229.01412963867188,234.45998178326968,229.00482561308223,233.13808571395987,272100,2023-02-21
228.88296508789062,228.88296508789062,231.26315421637952,228.49875688367163,229.56703299626577,237400,2023-02-22
230.7196502685547,230.7196502685547,230.83209586668838,227.61788763183736,229.87626538621518,205200,2023-02-23
231.24441528320312,231.24441528320312,231.67546627490862,227.65537885810357,229.07037172907096,194000,2023-02-24
231.31936645507812,231.31936645507812,234.10250918854743,231.02885818391414,233.70892102730022,181500,2023-02-27
233.03421020507812,233.03421020507812,234.04626337032008,231.47866051105157,231.47866051105157,398000,2023-02-28
231.731689453125,231.731689453125,234.18686130517509,231.10384436502818,232.49074013753184,264500,2023-03-01
233.25914001464844,233.25914001464844,233.80265089892427,230.18550310264507,230.682156888508,206500,2023-03-02
234.3649139404297,234.3649139404297,234.90841054090308,231.93785344404046,233.89637154094765,210400,2023-03-03
232.66876220703125,232.66876220703125,235.03021973928963,232.23771123690418,234.23370629502074,240500,2023-03-06
231.45993041992188,231.45993041992188,234.1493590439289,231.4130733232391,232.94052602267195,203900,2023-03-07
231.534912109375,231.534912109375,232.75312519865804,229.64199682598996,232.11590010477096,288500,2023-03-08
231.39431762695312,231.39431762695312,233.65269518096886,231.066346561901,232.50008500602075,268600,2023-03-09
225.05027770996094,225.05027770996094,231.30999699652529,224.609846732153,231.30999699652529,369200,2023-03-10
222.6138458251953,222.6138458251953,224.85347775446522,220.5991193783362,221.65801539842215,301400,2023-03-13
225.61253356933594,225.61253356933594,228.3300880959329,222.81065914037734,226.12793307427498,365900,2023-03-14
221.4893798828125,221.4893798828125,222.65137026622327,217.56299199967634,221.72365109971773,339500,2023-03-15
222.32334899902344,222.32334899902344,223.78519886902077,218.8655041071878,219.44649205583337,324200,2023-03-16
217.16004943847656,217.16004943847656,220.96461166185287,215.88561346376517,220.96461166185287,897800,2023-03-17
222.16404724121094,222.16404724121094,222.22963573627814,219.22160179093487,219.2309674905793,340900,2023-03-20
224.03822326660156,224.03822326660156,226.19352104674675,222.5014048518402,225.2564362987513,208700,2023-03-21
218.959228515625,218.959228515625,225.38763054300574,218.8186572223178,224.09444899822853,276900,2023-03-22
219.04356384277344,219.04356384277344,221.41438715458116,217.73165089114104,218.94984964675166,356300,2023-03-23
219.643310546875,219.643310546875,220.04626445513213,215.57636585683755,217.14129579151705,319400,2023-03-24
222.1359405517578,222.1359405517578,223.50407626530387,220.76779053943338,221.55493828959234,251000,2023-03-27
224.21627807617188,224.21627807617188,225.5094453422615,221.97664603628994,221.97664603628994,198500,2023-03-28
226.35281372070312,226.35281372070312,226.70889618601342,224.87221816854137,226.08105114849548,201500,2023-03-29
226.690185546875,226.690185546875,228.10517843574914,226.30597735030827,228.10517843574914,260600,2023-03-30
231.35684204101562,231.35684204101562,231.47866762816687,227.19618366668854,228.0301884814503,275000,2023-03-31
231.12261962890625,231.12261962890625,232.15341874049182,229.0048128982078,230.46666305734308,199100,2023-04-03
221.84544372558594,221.84544372558594,231.45992789039607,221.34878996348857,231.45992789039607,274000,2023-04-04
215.2764892578125,215.2764892578125,220.49605850953637,214.79858115258352,220.3180101079473,420400,2023-04-05
214.3206787109375,214.3206787109375,214.94852383396744,212.41838334272646,214.55494991947614,316000,2023-04-06
218.6781005859375,218.6781005859375,219.30594566049103,213.6553256907306,213.8521197821715,427800,2023-04-10
221.03953552246094,221.03953552246094,223.81329812563695,219.57768573176313,219.765099805149,334500,2023-04-11
222.96055603027344,222.96055603027344,224.2162603965987,222.07032842413986,222.61383926653605,210200,2023-04-12
223.87893676757812,223.87893676757812,224.2818763749455,219.52148379497484,222.72631214905843,267200,2023-04-13
224.8441162109375,224.8441162109375,227.24305087255038,223.54156898613465,224.3287167409554,218000,2023-04-14
225.46261596679688,225.46261596679688,227.13062582139892,223.86956031571827,225.83744417953315,235700,2023-04-17
226.99940490722656,226.99940490722656,227.9833324120106,225.75308052921852,226.30595707546016,259100,2023-04-18
224.68482971191406,224.68482971191406,226.3247281353592,224.03823890286523,226.3247281353592,256000,2023-04-19
242.6018829345703,242.6018829345703,247.25916665540095,230.26982998150444,231.45993160922603,865100,2023-04-20
246.46267700195312,246.46267700195312,246.73441099776025,242.92049767942535,243.6420426645032,488000,2023-04-21
242.81739807128906,242.81739807128906,246.95932528720013,241.09316554718285,245.7223665424422,542300,2023-04-24
241.62728881835938,241.62728881835938,242.72366187189104,240.83076112625187,241.87091138716934,367600,2023-04-25
238.14134216308594,238.14134216308594,242.27388916997373,237.77587969777613,239.19087246371345,304500,2023-04-26
243.0797882080078,243.0797882080078,243.17350240628875,238.99409796171594,239.75314865072158,270800,2023-04-27
243.08917236328125,243.08917236328125,245.29132737152202,242.33013596007723,242.56440716100585,284700,2023-04-28
245.9379119873047,245.9379119873047,246.81877396844285,243.24845464634828,243.24845464634828,257000,2023-05-01
245.59117126464844,245.59117126464844,246.54701606099815,242.77056546914912,245.1695002641046,248800,2023-05-02
245.86294555664062,245.86294555664062,248.34621466980946,245.028954917528,246.90312460257013,268800,2023-05-03
242.40509033203125,242.40509033203125,246.14407814782314,241.88032512938656,246.14407814782314,254100,2023-05-04
244.40106201171875,244.40106201171875,245.92851467140508,242.49878118588043,244.46666480512323,231300,2023-05-05
243.52020263671875,243.52020263671875,244.99143251673038,242.65810070531825,244.23239617813712,192800,2023-05-08
241.18687438964844,241.18687438964844,242.8923754758515,239.65942169143122,242.8923754758515,321600,2023-05-09
240.63401794433594,240.63401794433594,242.99546138589167,237.91646339825738,242.3863619749114,239400,2023-05-10
239.92181396484375,239.92181396484375,240.64335894697064,238.1319786116522,238.93787209065925,184100,2023-05-11
239.93116760253906,239.93116760253906,242.17078509953672,238.06636395632864,241.28057181901522,182100,2023-05-12
241.5523223876953,241.5523223876953,241.95529055879229,238.7598138747889,240.43718926273925,211600,2023-05-15
238.57240295410156,238.57240295410156,240.97133762512362,238.34751176542983,239.48137630505926,258800,2023-05-16
241.32742309570312,241.32742309570312,241.8521882430487,238.787931550775,239.74374765539244,265900,2023-05-17
246.37261962890625,246.37261962890625,249.616600266354,243.3172251158814,244.9015154768769,308000,2023-05-18
245.995361328125,245.995361328125,248.89042996037762,245.1372413210025,248.46608964563413,979300,2023-05-19
246.41029357910156,246.41029357910156,247.19301368755453,242.1761570941958,245.46727672073746,297700,2023-05-22
243.7415771484375,243.7415771484375,247.1741436693521,243.26062932452194,244.4488398172113,247500,2023-05-23
240.74276733398438,240.74276733398438,243.7604184015555,239.94121163830667,243.7604184015555,247100,2023-05-24
241.18597412109375,241.18597412109375,243.17574016556458,239.7808882834842,241.65749691534072,218200,2023-05-25
242.6853790283203,242.6853790283203,243.42093098054815,240.98794591191205,242.14785254591834,197900,2023-05-26
242.0252685546875,242.0252685546875,242.99657475807228,239.6300120893733,242.5627950655115,235600,2023-05-30
234.67916870117188,234.67916870117188,241.82723799355492,234.53772193250327,241.5820444088028,742200,2023-05-31
238.27206420898438,238.27206420898438,238.6869939225658,233.56640497802425,235.8107896709628,360900,2023-06-01
244.91090393066406,244.91090393066406,245.31642305762077,240.33728073202448,240.33728073202448,273600,2023-06-02
244.59970092773438,244.59970092773438,245.25038481866738,241.63861437727525,244.3262179991392,254100,2023-06-05
247.7965545654297,247.7965545654297,248.8150289914462,243.06261981811167,243.91132932072972,199900,2023-06-06
254.48252868652344,254.48252868652344,255.40669561559392,247.24960512649227,247.7588423142325,227200,2023-06-07
253.98272705078125,253.98272705078125,255.01064078899495,251.64406357516117,254.46367487521226,273000,2023-06-08
252.33245849609375,252.33245849609375,254.53914344645662,251.55920648207018,253.60553711250526,163200,2023-06-09
252.0306854248047,252.0306854248047,254.08645519290437,250.46527404456862,252.72850866495477,235900,2023-06-12
258.0376892089844,258.0376892089844,258.11311788970966,251.71946519581465,251.71946519581465,381300,2023-06-13
256.29315185546875,256.29315185546875,259.11276339652017,255.47273169326277,258.3866506873641,199900,2023-06-14
258.6412353515625,258.6412353515625,259.01846513523657,255.623598532314,255.70846660006308,176100,2023-06-15
258.2640380859375,258.2640380859375,259.56540603411656,257.490757308238,259.3296518052028,482100,2023-06-16
257.46246337890625,257.46246337890625,258.13202609771537,255.15208924374275,256.2836922552743,236800,2023-06-20
257.3304748535156,257.3304748535156,259.97091085269454,256.25542169618234,256.6703514644239,359700,2023-06-21
257.9528503417969,257.9528503417969,259.282507621433,255.02005282409374,256.9060866201294,262700,2023-06-22
258.02825927734375,258.02825927734375,258.67894318944934,256.2836723938517,256.2836723938517,396000,2023-06-23
261.960693359375,261.960693359375,262.884831575926,258.3866509686274,259.0750637201881,220700,2023-06-26
267.04351806640625,267.04351806640625,268.08084240913854,261.44199539424386,262.77165267284727,266700,2023-06-27
267.05291748046875,267.05291748046875,268.37313518338135,264.5727788071825,266.79831331659585,280500,2023-06-28
270.60809326171875,270.60809326171875,270.71184007473516,266.4399751156949,266.4399751156949,291200,2023-06-29
271.7680358886719,271.7680358886719,272.9750963392166,270.164895687493,271.6171497350299,242900,2023-06-30
270.5137939453125,270.5137939453125,272.35268827460425,269.51419840814987,269.7028132855197,124100,2023-07-03
267.54327392578125,267.54327392578125,269.79709777066614,264.9971459694441,267.6941600591222,208200,2023-07-05
265.185791015625,265.185791015625,268.3260536055011,263.5166613582795,267.024685597343,215900,2023-07-06
264.733154296875,264.733154296875,267.8356592897899,263.8278373194608,264.04474157461914,205500,2023-07-07
269.1275939941406,269.1275939941406,269.7028204618218,265.40266590639607,265.40266590639607,250400,2023-07-10
274.60650634765625,274.60650634765625,274.8139711968217,270.7778604046307,270.7778604046307,230900,2023-07-11
276.0776672363281,276.0776672363281,277.5581820605334,274.3236406444244,276.9075268042314,304600,2023-07-12
274.03125,274.03125,276.1907665421522,273.2013906067578,275.558932620019,238400,2023-07-13
276.2662048339844,276.2662048339844,276.4925484445714,272.99393525460755,273.5974798447196,280600,2023-07-14
277.96368408203125,277.96368408203125,280.321226445928,274.9082896089776,276.190807619806,307500,2023-07-17
278.27484130859375,278.27484130859375,280.21745373472754,276.55854371934055,277.72790419326867,294600,2023-07-18
277.53924560546875,277.53924560546875,279.2272535742978,275.77580896242097,277.36007012828986,365700,2023-07-19
257.19842529296875,257.19842529296875,275.3326510066232,256.84007425915433,274.13502987972106,714200,2023-07-20
259.8482666015625,259.8482666015625,261.50798537151246,255.63298037270127,258.2734446684025,383800,2023-07-21
258.9618225097656,258.9618225097656,261.8286015609002,258.2545599292237,260.58381251228525,283400,2023-07-24
257.5661926269531,257.5661926269531,260.0368921289164,257.3587277722071,259.78228794387854,226400,2023-07-25
253.6715545654297,253.6715545654297,257.9905594489814,253.54895775976374,256.2648511269722,303900,2023-07-26
254.42593383789062,254.42593383789062,256.717486648088,251.6251726508408,255.20865393699958,263600,2023-07-27
256.58544921875,256.58544921875,257.3021512281887,254.7748729971862,256.17051950576865,183000,2023-07-28
256.91552734375,256.91552734375,257.63222939914635,255.23695840763116,256.74579120807994,308900,2023-07-31
259.3296203613281,259.3296203613281,260.39523395138707,256.00077220383355,256.1044902382554,191700,2023-08-01
258.02825927734375,258.02825927734375,259.43334513867256,255.49154171359044,258.3583209221,213900,2023-08-02
257.9339599609375,257.9339599609375,259.0184523676554,255.02948070852253,256.41571663727734,224000,2023-08-03
256.71746826171875,256.71746826171875,259.09386018593494,255.66126529458998,259.09386018593494,225900,2023-08-04
258.1414489746094,258.1414489746094,258.90529039676426,256.68922360181233,257.82082666716354,325200,2023-08-07
257.33990478515625,257.33990478515625,257.97171001456127,254.00161678270788,255.86877189265581,124300,2023-08-08
257.0286865234375,257.0286865234375,258.1414395696659,256.3214238413884,257.6699311149665,106100,2023-08-09
253.19058227539062,253.19058227539062,258.09428135701404,252.49275902262818,256.7646241585901,183700,2023-08-10
254.93524169921875,254.93524169921875,255.37846089142855,252.12504035514408,252.96433939557042,161500,2023-08-11
255.2086181640625,255.2086181640625,255.55752974401003,252.44558609620015,254.37875885035686,287200,2023-08-14
252.48330688476562,252.48330688476562,254.53910536471267,251.15364975354154,253.5583598422361,154700,2023-08-15
252.4456329345703,252.4456329345703,254.74659644818541,252.37961484541614,252.7662552237014,243700,2023-08-16
252.10406494140625,252.10406494140625,256.11732310601985,252.05663860636568,253.96362316361626,171100,2023-08-17
254.78903198242188,254.78903198242188,255.17802636308306,251.30710520686898,251.30710520686898,218800,2023-08-18
253.4987030029297,253.4987030029297,256.48728550949653,252.20837680905888,254.836455524761,152300,2023-08-21
251.3829803466797,251.3829803466797,254.25771671500263,251.21221080887145,254.21978723135922,141500,2023-08-22
252.93899536132812,252.93899536132812,253.80236898023082,251.50636091136985,251.50636091136985,172100,2023-08-23
248.6505584716797,248.6505584716797,254.74159939807893,248.6505584716797,252.4266268675052,187100,2023-08-24
251.08889770507812,251.08889770507812,252.11357296238262,248.66957543466702,250.88966655374972,191000,2023-08-25
251.52532958984375,251.52532958984375,253.8118408452419,250.38683686373528,251.38302161830632,157900,2023-08-28
253.21412658691406,253.21412658691406,253.84977845889154,250.6335027508259,251.67711375900464,170500,2023-08-29
255.1021270751953,255.1021270751953,255.77573733667452,253.96360557500682,253.96360557500682,148700,2023-08-30
254.83653259277344,254.83653259277344,256.6486647574461,254.52342608137698,254.52342608137698,208800,2023-08-31
256.6580810546875,256.6580810546875,258.0148274082916,254.83648136005792,255.64293169375975,138100,2023-09-01
249.7795867919922,249.7795867919922,257.00914934686926,249.73216045859522,257.00914934686926,213700,2023-09-05
249.04904174804688,249.04904174804688,251.79096700073706,248.8118521844773,249.42853925899735,197400,2023-09-06
245.4912109375,245.4912109375,248.51775224082135,241.19333698242758,247.910533028985,369400,2023-09-07
246.4304962158203,246.4304962158203,247.739787433337,244.38117460846485,245.19712188402517,165300,2023-09-08
247.86309814453125,247.86309814453125,248.89724118482124,245.96558160371185,247.4456421892466,225100,2023-09-11
248.9541778564453,248.9541778564453,249.58985867174363,246.80050688927,246.80050688927,209000,2023-09-12
247.68283081054688,247.68283081054688,250.1021528093264,246.30711974218704,248.79289072235912,141100,2023-09-13
250.38682556152344,250.38682556152344,251.49685664321873,248.5936583396665,249.19138074695215,175700,2023-09-14
247.07566833496094,247.07566833496094,250.69043542122924,246.71513552046778,250.68093857227697,401400,2023-09-15
247.33180236816406,247.33180236816406,250.40576998034103,247.11357753683092,247.92002787876035,237300,2023-09-18
246.7720489501953,246.7720489501953,247.4266945182492,243.48935321515566,246.65820258250014,252300,2023-09-19
242.6259765625,242.6259765625,249.6373004144741,242.55007415484064,248.3564708101918,315800,2023-09-20
242.06619262695312,242.06619262695312,243.80242205708353,239.96943040940354,241.6012958472233,272500,2023-09-21
242.74929809570312,242.74929809570312,245.13067620601743,242.1610725850293,242.1610725850293,194600,2023-09-22
243.1573028564453,243.1573028564453,244.29579558482413,242.15160677359202,242.15160677359202,194000,2023-09-25
239.99790954589844,239.99790954589844,242.6259596530378,239.96943347771978,241.4400117602086,233400,2023-09-26
240.95616149902344,240.95616149902344,242.43622222217925,239.52354158917979,241.2312950531881,252800,2023-09-27
244.4381103515625,244.4381103515625,245.34891024246122,239.48557622757477,240.9846161281198,188700,2023-09-28
241.9902801513672,241.9902801513672,246.06992909917574,241.27871145439096,246.06992909917574,232400,2023-09-29
238.85939025878906,238.85939025878906,241.69618285709922,238.09089833323193,240.1686813775327,234900,2023-10-02
240.9371337890625,240.9371337890625,241.7246048054719,238.06239769911903,238.28060802415513,258100,2023-10-03
242.77774047851562,242.77774047851562,243.24263721827168,239.12501553862165,241.37358236562798,161000,2023-10-04
244.68475341796875,244.68475341796875,244.8555229586158,241.9808010194073,242.84417452441812,249000,2023-10-05
246.40199279785156,246.40199279785156,248.1666981687312,243.3375222330531,244.20089570028406,266400,2023-10-06
247.07566833496094,247.07566833496094,248.356468975976,245.1401931462022,245.15915789029896,217300,2023-10-09
247.37924194335938,247.37924194335938,250.51962975323568,247.3128508640132,247.66388681952702,230100,2023-10-10
247.82516479492188,247.82516479492188,249.0870296364407,246.89540012623178,247.7587737141637,208900,2023-10-11
241.30715942382812,241.30715942382812,248.82133717944225,240.69995474909075,248.54618919174328,265500,2023-10-12
240.65252685546875,240.65252685546875,242.84417059664133,239.33375345316003,241.57282352581032,211600,2023-10-13
243.97317504882812,243.97317504882812,245.76634201601738,242.39824737659447,242.61645771774639,221600,2023-10-16
245.766357421875,245.766357421875,246.95230529341418,242.87264171993883,243.10981681734393,300200,2023-10-17
237.5216522216797,237.5216522216797,243.63165814499482,237.2180426090638,243.63165814499482,291300,2023-10-18
239.76071166992188,239.76071166992188,244.4760270098769,238.9352821207844,240.07378916311947,449100,2023-10-19
239.9409637451172,239.9409637451172,243.67907369278322,239.3811998331516,241.64873154822635,291400,2023-10-20
237.71139526367188,237.71139526367188,242.69237634502701,237.40778565837118,240.5386909477464,291300,2023-10-23
241.02255249023438,241.02255249023438,241.44950530733774,237.8537032383777,239.8555838331787,227400,2023-10-24
237.37933349609375,237.37933349609375,240.3963925417689,237.0377799150155,240.32049013742892,207600,2023-10-25
240.50074768066406,240.50074768066406,242.46466984185676,237.47420637475037,238.15731351174858,223700,2023-10-26
239.40968322753906,239.40968322753906,241.54438955661686,238.74555526498452,240.12125200389832,240700,2023-10-27
241.4495391845703,241.4495391845703,243.43242636112427,239.28637111226894,241.0510623793469,290800,2023-10-30
244.72271728515625,244.72271728515625,246.56331069644236,241.97130953950594,241.97130953950594,339300,2023-10-31
247.1704864501953,247.1704864501953,248.8782686557818,242.77774563993384,244.35267331709122,263100,2023-11-01
249.87448120117188,249.87448120117188,251.620193085086,248.28057412722512,250.46270674366602,209100,2023-11-02
256.9806823730469,256.9806823730469,257.98639289908,253.66002802412837,253.66002802412837,270900,2023-11-03
255.17800903320312,255.17800903320312,256.73398645017693,253.2994862417394,256.4683353001819,196500,2023-11-06
253.38485717773438,253.38485717773438,254.64669283288046,252.5214837489282,254.31462167506237,145600,2023-11-07
252.06610107421875,252.06610107421875,254.38107366896512,251.7055682834918,253.80234499718145,180700,2023-11-08
251.8194122314453,251.8194122314453,253.84024286058477,250.75677873448927,253.61255015956675,142700,2023-11-09
256.20269775390625,256.20269775390625,256.5726984324937,252.2938182162256,253.17615648050872,139500,2023-11-10
253.5082244873047,253.5082244873047,255.97497285702653,252.919970031372,254.959823500357,171800,2023-11-13
261.08880615234375,261.08880615234375,261.23111411053924,256.4303992953696,256.4303992953696,253100,2023-11-14
260.946533203125,260.946533203125,263.811773309822,260.4816218722381,260.90857475791154,204500,2023-11-15
260.6428527832031,260.6428527832031,262.05649323013444,259.9407809833262,260.6238880426505,225200,2023-11-16
263.5270690917969,263.5270690917969,263.7168033466958,261.3259432676051,261.8287839214782,225100,2023-11-17
262.92535400390625,262.92535400390625,264.7115173040861,261.57858273641256,263.52710596906303,202000,2023-11-20
262.5433349609375,262.5433349609375,262.7057240652357,260.52797278696954,262.1517180849285,174500,2023-11-21
262.3522644042969,262.3522644042969,263.6990064188355,260.84310417182377,262.84893418451685,184200,2023-11-22
262.8012390136719,262.8012390136719,263.97606046435453,262.2854473907603,262.71524945235006,149500,2023-11-24
261.588134765625,261.588134765625,262.36180750924404,260.5756734184445,261.3589070338859,193800,2023-11-27
258.80865478515625,258.80865478515625,261.98933558901183,258.33107753584477,261.47354399803487,160400,2023-11-28
259.649169921875,259.649169921875,261.80782820456005,258.55074818607477,260.74759165767523,144400,2023-11-29
262.3713684082031,262.3713684082031,262.8489456153754,259.13338095205563,260.56611257357235,386500,2023-11-30
267.3094787597656,267.3094787597656,267.5005212867634,262.18986550499363,262.18986550499363,266400,2023-12-01
268.32196044921875,268.32196044921875,268.74220152675434,265.2845476031039,265.2845476031039,226800,2023-12-04
266.4307556152344,266.4307556152344,268.03540792081566,265.7334824489889,267.43365601897335,253600,2023-12-05
267.5769958496094,267.5769958496094,270.43289847936313,267.08985772651346,267.7775701330598,229800,2023-12-06
267.4432373046875,267.4432373046875,269.88843028526753,265.6571032050997,268.2455635187216,228800,2023-12-07
265.7430725097656,265.7430725097656,268.3315329101248,265.2272809445315,267.23311112133035,222300,2023-12-08
268.4652404785156,268.4652404785156,269.7833581469669,266.44984964007267,266.53581003379804,294600,2023-12-11
267.53875732421875,267.53875732421875,268.9714889459311,267.21400832117723,268.54165779981764,231600,2023-12-12
271.3307189941406,271.3307189941406,272.2954051224757,265.1604005466946,267.6533687027864,328600,2023-12-13
276.2306823730469,276.2306823730469,277.3099824311302,273.44161851538666,273.44161851538666,361200,2023-12-14
273.4416198730469,273.4416198730469,275.8581595105963,272.34319806488827,274.16754659624786,618500,2023-12-15
274.4158630371094,274.4158630371094,275.23731102521685,271.60770660978966,274.32037091088813,220900,2023-12-18
275.60980224609375,275.60980224609375,277.2049229878643,274.38720572777277,275.8199373890396,226300,2023-12-19
271.3975830078125,271.3975830078125,277.28130841300515,271.0441513975179,275.0175971671926,274300,2023-12-20
274.14837646484375,274.14837646484375,275.5142692659471,272.0374936253145,273.537092870829,174700,2023-12-21
275.2277526855469,275.2277526855469,276.37394970075513,274.3203734350912,274.3203734350912,134500,2023-12-22
276.9088439941406,276.9088439941406,277.5965563986137,275.084495405205,275.68624740274424,170300,2023-12-26
277.1762390136719,277.1762390136719,277.94991169368296,276.20199208487935,276.92788955870634,179800,2023-12-27
276.93743896484375,276.93743896484375,277.89259326101853,276.06824505744515,276.76551818729126,163700,2023-12-28
275.88677978515625,275.88677978515625,277.0998153196623,274.8361041671995,276.81328067340024,158200,2023-12-29
275.7912902832031,275.7912902832031,276.6604843423006,273.460711061865,274.55916201337345,211000,2024-01-02
270.1558837890625,270.1558837890625,274.30125064482877,270.11766944896766,273.86188775524084,200100,2024-01-03
269.42041015625,269.42041015625,272.6010615010184,269.34398148037013,270.41374975069465,160200,2024-01-04
268.3315124511719,268.3315124511719,270.20363601957763,267.2426516175874,268.18824512425266,178500,2024-01-05
270.108154296875,270.108154296875,270.2609825176296,266.80329867743626,268.97151808857717,219600,2024-01-08
268.341064453125,268.341064453125,268.3792787887065,265.67617566451685,267.59604522877186,240300,2024-01-09
269.8215637207031,269.8215637207031,270.4233156712452,268.1213900131238,269.1338513699407,157400,2024-01-10
271.3784484863281,271.3784484863281,271.46440887970397,267.7202201617915,270.1654129589172,183300,2024-01-11
271.18743896484375,271.18743896484375,273.2410150109228,270.26093806883625,273.2410150109228,113700,2024-01-12
272.2572021484375,272.2572021484375,272.91626097716767,269.65918116896415,270.1940652692383,270900,2024-01-16
270.3182678222656,270.3182678222656,272.964035131636,269.4968198450782,270.6238950903118,161200,2024-01-17
272.18072509765625,272.18072509765625,272.3622067225265,269.1815561505756,270.78620816617257,127600,2024-01-18
273.9955749511719,273.9955749511719,274.6928481511078,270.1749573824249,272.01842751258437,180200,2024-01-19
275.9727478027344,275.9727478027344,276.6700209932308,275.20863595892877,275.2372894243465,139500,2024-01-22
275.84857177734375,275.84857177734375,277.37682460679406,274.2630411663247,276.97567609282476,121800,2024-01-23
273.4416198730469,273.4416198730469,277.1380629995552,272.7348148945624,277.1380629995552,173300,2024-01-24
275.60980224609375,275.60980224609375,276.4025967554349,273.8905359121737,275.7244452641553,150200,2024-01-25
276.6700134277344,276.6700134277344,277.81618116210103,275.39964181462267,276.50762436214205,164500,2024-01-26
278.7618103027344,278.7618103027344,279.2584800843252,274.6259755336287,276.6031520865546,273200,2024-01-29
281.1114807128906,281.1114807128906,282.0284207477089,277.64426568089266,277.92126861031625,197800,2024-01-30
276.9278869628906,276.9278869628906,281.7705263953427,276.0109469709164,281.11146757795586,277800,2024-01-31
277.0425109863281,277.0425109863281,278.5612320727402,275.19907006377474,278.1696152865142,414800,2024-02-01
279.4877014160156,279.4877014160156,280.5861522418562,275.3996419485582,275.88677999657455,163200,2024-02-02
278.4275207519531,278.4275207519531,280.2709618352712,276.1255950413383,276.51721186171676,186800,2024-02-05
280.26141357421875,280.26141357421875,281.29296748851533,278.42750432224864,278.42750432224864,190800,2024-02-06
281.2929992675781,281.2929992675781,282.2577146368895,279.8316140536421,281.6464017675035,263700,2024-02-07
254.09974670410156,254.09974670410156,275.0844919241354,254.09974670410156,274.12933743828773,776400,2024-02-08
250.6611785888672,250.6611785888672,256.1151315568216,249.55319591452795,254.11883307914945,472000,2024-02-09
255.73304748535156,255.73304748535156,256.1151325910812,250.32686970808936,250.32686970808936,360700,2024-02-12
250.33644104003906,250.33644104003906,253.59352140416493,247.90080870875252,252.80075598955472,340200,2024-02-13
251.33937072753906,251.33937072753906,254.03288428150861,250.67075091366587,252.1607896112668,314500,2024-02-14
256.9365539550781,256.9365539550781,257.0511678283183,251.97929989443367,251.97929989443367,278000,2024-02-15
255.25546264648438,255.25546264648438,258.12092596006954,254.72057849320183,256.2583922956393,313700,2024-02-16
256.9747314453125,256.9747314453125,257.24217349418836,254.23344315708576,254.83516590530857,393200,2024-02-20
257.0511474609375,257.0511474609375,258.7513211269562,256.40164946470543,257.3090578042936,266700,2024-02-21
259.0665588378906,259.0665588378906,259.65874994875617,255.99096026136212,257.1944350789593,309300,2024-02-22
260.58612060546875,260.58612060546875,261.1919983265293,258.5471863708927,259.893659573982,192400,2024-02-23
260.8361511230469,260.8361511230469,261.71134694993737,258.32599827087273,259.71092031009783,245400,2024-02-26
263.2886047363281,263.2886047363281,263.57711790344956,260.66301751443785,262.55766557925875,276800,2024-02-27
264.6639404296875,264.6639404296875,265.88535215859787,262.06720412538334,262.7115894313602,299200,2024-02-28
265.115966796875,265.115966796875,266.7605508199643,263.63486381189915,265.92383314769563,398400,2024-02-29
266.6932373046875,266.6932373046875,266.89522591723164,264.08690327642057,264.4523729368971,216100,2024-03-01
273.6274108886719,273.6274108886719,275.3489216839271,269.6842313300443,270.80946201965617,462000,2024-03-04
272.2136535644531,272.2136535644531,276.02217430190126,271.81933265056057,272.8195605943302,416700,2024-03-05
274.7334899902344,274.7334899902344,275.8106452215313,272.46374488119113,273.3197164115874,229200,2024-03-06
283.3410949707031,283.3410949707031,283.64886195129134,274.83923024630826,275.7817556180066,516000,2024-03-07
283.947021484375,283.947021484375,286.1494368989946,281.48494417163386,284.6298850224891,491100,2024-03-08
281.0233154296875,281.0233154296875,286.22635624402034,277.68604230563255,283.927789384952,383700,2024-03-11
283.7257995605469,283.7257995605469,284.47596318207303,279.07093435129815,280.50393206863424,278000,2024-03-12
283.4853820800781,283.4853820800781,284.5432833859785,281.12908331633685,283.20646641838766,375300,2024-03-13
279.7248840332031,279.7248840332031,285.3030201127491,278.06104661745087,283.55262875286206,390500,2024-03-14
278.1380615234375,278.1380615234375,282.1773931839844,277.5513788672146,278.0899564219542,1995400,2024-03-15
276.33953857421875,276.33953857421875,280.0326833866066,274.94501906797234,278.5708050045402,380400,2024-03-18
278.14764404296875,278.14764404296875,278.7150728878458,274.916178889037,276.72427316099714,380600,2024-03-19
280.8405456542969,280.8405456542969,281.49452842105416,276.98391987780013,278.54194973106917,229200,2024-03-20
281.9657897949219,281.9657897949219,283.4757439739804,280.99444248792145,281.60032018722376,406200,2024-03-21
280.47509765625,280.47509765625,283.70656288213354,279.3883156909092,283.70656288213354,273300,2024-03-22
280.72515869140625,280.72515869140625,282.2062322273682,279.6479742785146,280.6866804819487,227700,2024-03-25
279.8403015136719,279.8403015136719,281.65799312042475,279.6575667290948,280.7924242910057,322200,2024-03-26
285.5820007324219,285.5820007324219,285.7551086600981,281.9562143903607,281.9562143903607,242400,2024-03-27
284.88946533203125,284.88946533203125,287.0726263398956,284.47592005151273,285.7742878708383,241600,2024-03-28
283.3603515625,283.3603515625,285.1107432629043,282.3601235408011,284.1297396713299,263700,2024-04-01
280.9175109863281,280.9175109863281,282.78330804880886,279.6672479177808,282.78330804880886,283300,2024-04-02
281.3214111328125,281.3214111328125,282.93714356748114,280.8982389213129,280.8982389213129,257200,2024-04-03
281.9946594238281,281.9946594238281,285.3319325077925,281.2444957304721,283.34110331571384,268800,2024-04-04
281.5618896484375,281.5618896484375,283.43728420694237,281.12909048478804,282.5236394785248,210200,2024-04-05
282.0908203125,282.0908203125,284.03354426542325,281.7349775966437,282.49476812661493,222200,2024-04-08
282.74481201171875,282.74481201171875,283.2256869078101,280.4558428102799,283.2256869078101,240600,2024-04-09
280.9078674316406,280.9078674316406,282.5236293947271,278.1476502138516,279.5518260478597,252700,2024-04-10
280.3885498046875,280.3885498046875,282.1196877347973,278.99400083023363,281.5714832951616,303400,2024-04-11
278.50347900390625,278.50347900390625,281.4272064547709,277.0993325904463,279.4748556410976,348000,2024-04-12
274.8968811035156,274.8968811035156,282.889047451831,273.82935311292823,281.2829126715353,315000,2024-04-15
271.6462097167969,271.6462097167969,273.8293709312165,269.1648790983832,273.56970908289134,355900,2024-04-16
272.656005859375,272.656005859375,275.8490215082122,270.9633172069277,273.6466067525077,437800,2024-04-17
251.7476348876953,251.7476348876953,263.20207842979505,251.33406017102257,263.20207842979505,862100,2024-04-18
258.518310546875,258.518310546875,258.8068530703049,251.93034850750237,252.07460509408136,522100,2024-04-19
258.2875061035156,258.2875061035156,260.6822535480546,256.9122110285548,258.4894653294921,374400,2024-04-22
260.961181640625,260.961181640625,262.3268792415996,257.421949496224,258.41255059507193,289200,2024-04-23
263.1250915527344,263.1250915527344,264.615821167597,260.9803791992296,260.9803791992296,299000,2024-04-24
259.8263244628906,259.8263244628906,262.557690320011,259.4897061693486,262.2018475969398,261200,2024-04-25
260.3456726074219,260.3456726074219,262.4326531571648,259.68206292287084,260.5284074104301,237100,2024-04-26
261.8363952636719,261.8363952636719,263.11550964321685,260.2495138897048,260.2495138897048,267800,2024-04-29
257.7104797363281,257.7104797363281,261.7690652481791,257.0757213178556,260.34569426458245,325800,2024-04-30
257.4988708496094,257.4988708496094,260.49952539893087,257.3065385081474,258.075926574542,358800,2024-05-01
256.6621398925781,256.6621398925781,258.28749924721274,256.31592408580883,258.28749924721274,339500,2024-05-02
260.6629943847656,260.6629943847656,260.74954832722176,257.7488942543337,258.40287694195933,262500,2024-05-03
264.08685302734375,264.08685302734375,264.22151207675097,262.5095987431036,262.84618766607696,173300,2024-05-06
266.2699890136719,266.2699890136719,267.3086950523293,264.53885141626887,264.53885141626887,224900,2024-05-07
265.35638427734375,265.35638427734375,267.64535344077785,264.4811884589558,266.51046639863665,296100,2024-05-08
269.3861389160156,269.3861389160156,269.4149902375111,265.750725656204,266.0007606590728,156300,2024-05-09
270.1651306152344,270.1651306152344,271.3865422534304,269.4918940381122,270.73255945582656,137400,2024-05-10
269.2225646972656,269.2225646972656,271.473055291172,268.29929327803285,271.0210317947291,156000,2024-05-13
268.4435729980469,268.4435729980469,271.27111947913187,266.9817240123569,270.74216888142263,253500,2024-05-14
269.1168212890625,269.1168212890625,270.64599986498393,268.1069664444006,270.4728919545641,254100,2024-05-15
266.2219543457031,266.2219543457031,268.4051157809583,266.0488464293091,268.4051157809583,235800,2024-05-16
270.1240234375,270.1240234375,270.5403663547579,266.80288346693925,267.6452908642498,279200,2024-05-17
270.4725646972656,270.4725646972656,271.4989134550672,268.87494857795724,270.12400680162943,215400,2024-05-20
267.3354187011719,267.3354187011719,269.95938351212624,266.92873828436166,269.95938351212624,192800,2024-05-21
267.4032287597656,267.4032287597656,268.69099602753244,266.0573389565889,266.6286063572391,167300,2024-05-22
261.7001953125,261.7001953125,267.6453005366191,260.9159104218532,267.6453005366191,195500,2024-05-23
262.2908630371094,262.2908630371094,264.00466539547506,261.0127581179082,262.997670954696,174500,2024-05-24
260.8675231933594,260.8675231933594,263.9271859002373,260.76099967667795,261.9229186012125,251100,2024-05-28
256.9654235839844,256.9654235839844,259.29889408298135,256.2295397128052,258.2338363311028,229000,2024-05-29
259.7152404785156,259.7152404785156,261.1579320349465,257.2752171710472,257.5753740781057,281500,2024-05-30
264.1982727050781,264.1982727050781,264.6049531568761,257.85620881134867,259.0665286039553,455500,2024-05-31
260.3349304199219,260.3349304199219,264.9147909598624,257.04286663242624,264.78891297892034,216000,2024-06-03
258.5436706542969,258.5436706542969,259.8217754889001,257.1493798436068,258.67924065894755,217900,2024-06-04
260.6738586425781,260.6738586425781,260.9740156123501,257.87558486453077,258.72765479762234,160400,2024-06-05
258.56304931640625,258.56304931640625,261.4097238667473,257.8271654180308,259.8992471113202,135900,2024-06-06
259.6765441894531,259.6765441894531,260.1897186186995,256.5878055996495,257.2849510081374,184400,2024-06-07
259.395751953125,259.395751953125,260.8287813351481,258.6792520365261,258.6792520365261,172200,2024-06-10
257.1299743652344,257.1299743652344,258.36934044572064,256.1617186914539,258.30155545683965,240500,2024-06-11
259.75396728515625,259.75396728515625,263.38492645766996,259.066513955497,260.5188976245025,198300,2024-06-12
260.2962341308594,260.2962341308594,261.02242609362116,256.8395828452214,258.72766421910615,179900,2024-06-13
253.91539001464844,253.91539001464844,258.54365152895815,252.9955647394542,257.65287274563696,218800,2024-06-14
259.7152404785156,259.7152404785156,260.5866647102603,253.71204323970653,253.71204323970653,322400,2024-06-17
260.7609558105469,260.7609558105469,261.89382804883354,259.1536477064856,259.1536477064856,263000,2024-06-18
260.1510009765625,260.1510009765625,261.40005942296017,258.8728960336824,259.7733965222909,228100,2024-06-20
258.2822570800781,258.2822570800781,262.1746350965291,256.0649428318491,260.18972235368153,903600,2024-06-21
258.9115905761719,258.9115905761719,262.8814451979494,258.28223022671455,259.4925499559869,257600,2024-06-24
254.6900177001953,254.6900177001953,257.27524417737123,252.86000002749603,257.2365352199464,340300,2024-06-25
253.421630859375,253.421630859375,254.20591578534652,250.9138515894527,252.9471653685934,271600,2024-06-26
250.69113159179688,250.69113159179688,254.50606209482837,250.3231896322927,254.16716662955744,390800,2024-06-27
253.09243774414062,253.09243774414062,253.62496669877262,250.62336733463573,250.69115234306577,536500,2024-06-28
248.74493408203125,248.74493408203125,254.9127194194109,247.78637019942292,254.65130096474275,376400,2024-07-01
248.89984130859375,248.89984130859375,249.81000415274602,247.6217512956225,249.63572519505465,361000,2024-07-02
248.73526000976562,248.73526000976562,249.8390563156842,247.68952714223894,248.72556799562182,146100,2024-07-03
247.244140625,247.244140625,247.48620459084614,244.94936418217856,247.18603286269087,456600,2024-07-05
249.23875427246094,249.23875427246094,249.87780671105742,247.15699522692614,247.5733529457981,293100,2024-07-08
247.97998046875,247.97998046875,249.59698066740935,247.5152365927835,248.5996783684683,334500,2024-07-09
253.10205078125,253.10205078125,253.13109727221502,248.39634195198957,248.39634195198957,297800,2024-07-10
259.395751953125,259.395751953125,260.0928973891328,255.61955982009323,255.93907126838522,417800,2024-07-11
261.0708312988281,261.0708312988281,263.28814548373873,259.7055869953936,260.0928834282035,302400,2024-07-12
262.2424011230469,262.2424011230469,264.566209166928,261.25479083032354,261.25479083032354,312600,2024-07-15
270.0271911621094,270.0271911621094,270.76307505006946,262.75558040800075,263.3558942960427,396200,2024-07-16
266.9771728515625,266.9771728515625,273.04812586350533,266.84160286096215,268.991131842266,446100,2024-07-17
261.9519348144531,261.9519348144531,268.690986970752,258.08857404372856,261.42906840397495,747900,2024-07-18
262.300537109375,262.300537109375,265.5926015069742,260.59642669053,263.38497907104744,421100,2024-07-19
266.01861572265625,266.01861572265625,266.3381567160521,260.7125923176162,263.36560402013623,300800,2024-07-22
266.0573425292969,266.0573425292969,266.6092554581039,264.6049587474828,265.0987786889232,260700,2024-07-23
261.49688720703125,261.49688720703125,266.1057653600208,260.79004973758,265.02132344167035,273900,2024-07-24
264.7889099121094,264.7889099121094,268.9136889994669,261.8647880877512,261.8647880877512,296400,2024-07-25
271.7507019042969,271.7507019042969,273.2805332105398,267.8583238601916,267.8583238601916,258900,2024-07-26
271.32464599609375,271.32464599609375,272.4768727812715,270.0949717471023,271.9152678605378,208600,2024-07-29
276.1852722167969,276.1852722167969,276.92115607317373,271.46017923151305,273.35798185597736,249100,2024-07-30
277.91845703125,277.91845703125,280.2519570210128,274.6844862523617,276.92115475377494,322600,2024-07-31
270.1240234375,270.1240234375,279.7484887995822,267.9357557951685,277.4827441431237,319800,2024-08-01
267.9551086425781,267.9551086425781,268.61354506335624,264.2563938331694,266.78352736324274,250500,2024-08-02
262.62969970703125,262.62969970703125,266.2703510534213,258.0982695517305,260.9255895534888,287500,2024-08-05
263.7335510253906,263.7335510253906,267.8292546372304,263.22037657206306,263.22037657206306,234900,2024-08-06
260.4996032714844,260.4996032714844,267.9164477989199,260.3737252633057,266.5027727596511,222700,2024-08-07
265.001953125,265.001953125,265.9702090012143,262.2327259536384,262.5522669401308,169500,2024-08-08
264.5178527832031,264.5178527832031,266.89975421351573,262.2037068141877,266.61895170644755,169000,2024-08-09
259.31829833984375,259.31829833984375,265.2537116456223,258.5243214220357,264.52751973151544,293400,2024-08-12
263.8497314453125,263.8497314453125,265.06974332890377,259.4441789416272,260.4414813317427,150100,2024-08-13
264.5565490722656,264.5565490722656,264.759874521361,261.7873220539729,263.7625722059391,155600,2024-08-14
267.3645324707031,267.3645324707031,268.4877129701052,265.2150029811079,268.1972184424784,141100,2024-08-15
267.4225769042969,267.4225769042969,267.73242585796777,265.7378212355482,266.99654198020505,242400,2024-08-16
270.3762512207031,270.3762512207031,271.53629021711095,268.55334129753845,268.55334129753845,155600,2024-08-19
268.4169006347656,268.4169006347656,270.31778325606757,267.68578506907215,268.9725556044931,130600,2024-08-20
271.8970031738281,271.8970031738281,272.3064112089575,269.09924277099844,270.1033069036573,150400,2024-08-21
270.6784973144531,270.6784973144531,272.7938417337813,270.2203303608617,271.89702328154004,186000,2024-08-22
276.693115234375,276.693115234375,277.677693701376,271.0099234105756,272.2186916082788,194500,2024-08-23
275.8645324707031,275.8645324707031,278.74026576996766,275.0749299917645,277.8239318254169,193500,2024-08-26
275.02618408203125,275.02618408203125,275.7475419202472,274.15857933138255,275.51359445902443,225400,2024-08-27
273.1252746582031,273.1252746582031,275.7963037823718,272.6866231636788,275.17240421348987,212000,2024-08-28
274.06109619140625,274.06109619140625,276.1666826497213,273.35922412224596,275.3478368605619,268600,2024-08-29
276.59564208984375,276.59564208984375,276.75161698651345,272.78408922201766,275.75731048806,292400,2024-08-30
272.5209045410156,272.5209045410156,277.4827389172721,270.8344538221097,275.30890754025194,340400,2024-09-03
272.0432434082031,272.0432434082031,273.7881511926584,270.317791580563,272.520896072765,202200,2024-09-04
265.2389831542969,265.2389831542969,271.69229197491484,263.9619703090891,271.69229197491484,458800,2024-09-05
264.0204772949219,264.0204772949219,268.22195280794114,262.1293224527309,265.1415153304462,268400,2024-09-06
270.04486083984375,270.04486083984375,271.56557898412234,265.0830262890773,265.8823865249387,327400,2024-09-09
268.79705810546875,268.79705810546875,271.585060858013,266.73044292131067,270.454265243269,246100,2024-09-10
269.313720703125,269.313720703125,269.7036728065289,262.7921674376382,268.5826051329957,282500,2024-09-11
270.8636779785156,270.8636779785156,270.94168029766496,266.20403600648064,270.1130767144209,216600,2024-09-12
273.3787536621094,273.3787536621094,275.24066500176076,271.7313040932338,271.7313040932338,244800,2024-09-13
274.35357666015625,274.35357666015625,276.8198721690558,272.99856142742215,274.88971621676325,239700,2024-09-16
273.0278015136719,273.0278015136719,276.42018866874423,272.6963660055763,275.11393234301335,251200,2024-09-17
273.59320068359375,273.59320068359375,278.10662560535206,273.2130063039629,274.36331742111355,266900,2024-09-18
278.9059143066406,278.9059143066406,279.77351894114423,275.4940421244316,278.61348001925995,205300,2024-09-19
276.0594787597656,276.0594787597656,277.2780046451245,274.5485185615874,277.2780046451245,532400,2024-09-20
277.62890625,277.62890625,279.78328128284954,275.59153468319755,277.1999827886558,326000,2024-09-23
277.248779296875,277.248779296875,278.6817670214877,276.75161118348825,277.9506514425867,330400,2024-09-24
276.4786376953125,276.4786376953125,278.96444828954367,275.6792775944617,278.2333327763874,288700,2024-09-25
282.2106018066406,282.2106018066406,282.5322795584444,278.0676136972167,278.9644618599494,227100,2024-09-26
281.2455139160156,281.2455139160156,285.25201248889533,280.74834586714303,282.6979871578871,293700,2024-09-27
282.4153137207031,282.4153137207031,282.67853436506437,278.3015689283306,280.74837855281305,216100,2024-09-30
280.7386169433594,280.7386169433594,283.39013056077016,277.86291359397796,282.181362356228,259500,2024-10-01
283.69232177734375,283.69232177734375,284.043272714217,279.91004228568244,280.50466865901655,335100,2024-10-02
281.44049072265625,281.44049072265625,282.96120871445146,278.8377359767319,282.96120871445146,201000,2024-10-03
279.52008056640625,279.52008056640625,284.257724681501,278.876695328595,284.257724681501,276600,2024-10-04
278.8182067871094,278.8182067871094,279.286131434291,277.2487597347402,277.4729792061502,187600,2024-10-07
278.2528381347656,278.2528381347656,279.9782601579897,277.21953051645033,279.57858007933294,185400,2024-10-08
280.2122497558594,280.2122497558594,282.3665953856054,278.3015795759835,278.3015795759835,210000,2024-10-09
279.1009216308594,279.1009216308594,282.1131141253417,277.8239088508119,280.436421274942,326200,2024-10-10
284.4624328613281,284.4624328613281,284.76462490559123,280.202471060747,280.202471060747,401400,2024-10-11
289.1318359375,289.1318359375,289.37554112123877,283.8190510323278,283.858052191493,430800,2024-10-14
288.2350158691406,288.2350158691406,295.01979026521514,288.00106838967974,290.32114672490314,693200,2024-10-15
290.5745849609375,290.5745849609375,292.202548864933,288.83940504338284,288.83940504338284,543100,2024-10-16
319.5364685058594,319.5364685058594,320.1798537033751,296.80364385696396,297.8077079343374,927800,2024-10-17
317.8793029785156,317.8793029785156,322.1880238940386,314.4089433991362,321.6908557790096,1420100,2024-10-18
317.78179931640625,317.78179931640625,319.60470931626696,315.1887726123482,316.9727112025246,505800,2024-10-21
315.1692810058594,315.1692810058594,317.3723853276463,313.9409973929457,317.3723853276463,335000,2024-10-22
317.0506896972656,317.0506896972656,317.30415261078997,313.18065014826715,315.52997171445617,389000,2024-10-23
317.4504089355469,317.4504089355469,319.5462678467706,315.0816013719197,316.8167813227358,563500,2024-10-24
318.3569641113281,318.3569641113281,320.1603885430709,316.45608139881807,319.74122273842806,222100,2024-10-25
324.21563720703125,324.21563720703125,325.97033244730954,321.12547201725334,322.30499682239713,379500,2024-10-28
325.0832214355469,325.0832214355469,327.0523485621973,320.0531429965531,321.65183349313224,376000,2024-10-29
324.6640625,324.6640625,329.21648882322296,324.3033835561355,325.1417449316754,422000,2024-10-30
321.8175964355469,321.8175964355469,325.79485222192085,321.7006226990609,324.55684051188405,545200,2024-10-31
321.9735412597656,321.9735412597656,324.5762959009771,320.5892827592489,322.158759574958,253900,2024-11-01
322.7046813964844,322.7046813964844,325.70711632837435,321.3789096576716,321.8273486387299,231100,2024-11-04
325.7655944824219,325.7655944824219,325.9508128067812,317.00196536853394,320.11164597330105,272600,2024-11-05
345.3205261230469,345.3205261230469,346.60729677642206,338.5747825447552,338.7892443203177,515400,2024-11-06
344.2384948730469,344.2384948730469,346.11013426373955,341.39200487368834,344.9111236460316,347000,2024-11-07
350.223876953125,350.223876953125,351.3351870045302,345.2133132410566,346.9094920045998,356800,2024-11-08
352.7389221191406,352.7389221191406,354.0549361851239,351.12071597679005,352.5244603472828,374800,2024-11-11
351.2767028808594,351.2767028808594,354.3376249119517,351.01348220916697,352.0565476692573,471400,2024-11-12
352.16375732421875,352.16375732421875,356.1507706632493,352.15399959688347,352.7388980027951,295800,2024-11-13
348.7811279296875,348.7811279296875,351.8225639399699,347.94276660680936,351.4326415859383,397600,2024-11-14
348.0694885253906,348.0694885253906,353.47000371567265,347.7282953190263,348.8103618021625,342500,2024-11-15
348.3424377441406,348.3424377441406,350.2628357813359,347.66980905730986,348.25470744792375,272400,2024-11-18
345.80792236328125,345.80792236328125,347.26042559013945,343.13692288104386,344.44317918802017,393900,2024-11-19
348.8200988769531,348.8200988769531,349.17104981953304,344.15072886377493,346.82172822196753,420800,2024-11-20
354.4198303222656,354.4198303222656,354.7924957023503,349.17315548149566,349.17315548149566,354600,2024-11-21
358.90155029296875,358.90155029296875,360.0293328732322,354.0961963021815,355.1455371940743,593000,2024-11-22
363.48138427734375,363.48138427734375,365.73694955299874,360.4020166269086,360.4020166269086,584300,2024-11-25
364.17767333984375,364.17767333984375,364.8445324928906,360.55894038806593,361.8828721874258,442500,2024-11-26
362.0986022949219,362.0986022949219,366.6783878870832,361.88285023753366,364.73664929874246,273000,2024-11-27
362.5496826171875,362.5496826171875,364.79546114965854,361.98086817685453,362.09857559523977,181200,2024-11-29
359.7939758300781,359.7939758300781,363.9520736375445,359.5586208381544,363.27539810761124,327500,2024-12-02
358.04840087890625,358.04840087890625,361.42196251290915,355.26325672583994,359.60768775008654,271300,2024-12-03
355.8515930175781,355.8515930175781,359.75473281498546,354.67478815338205,356.97940549697495,265600,2024-12-04
354.3805847167969,354.3805847167969,356.5381053165205,352.3701909206277,354.96900214655363,332000,2024-12-05
350.85992431640625,350.85992431640625,356.0869960389488,348.7612724080626,354.9689999365561,433000,2024-12-06
347.7511901855469,347.7511901855469,352.6546191787775,346.0644094147493,351.1639576108159,453200,2024-12-09
347.92767333984375,347.92767333984375,351.2718151863973,344.5639285533186,347.80017940964643,395700,2024-12-10
348.9573669433594,348.9573669433594,350.3009314438055,348.25127206756525,350.26169563733043,386200,2024-12-11
348.7710876464844,348.7710876464844,350.644171055426,348.14343441329606,348.4572610298902,255900,2024-12-12
348.25128173828125,348.25128173828125,349.16334217728325,345.97611367812146,348.37877566675206,263900,2024-12-13
345.3876953125,345.3876953125,349.496770744963,343.8087757900711,347.31964731756767,454700,2024-12-16
342.0827941894531,342.0827941894531,345.91727888052804,340.54311045259834,343.5244033703526,328700,2024-12-17
331.7365417480469,331.7365417480469,345.3778834586304,331.66791649428075,342.5142979676353,390100,2024-12-18
331.1481628417969,331.1481628417969,336.41444041105643,330.84412273230794,334.3255750225449,371100,2024-12-19
337.0126647949219,337.0126647949219,338.05218933513004,330.19691653058743,331.9131166582346,1521500,2024-12-20
337.71875,337.71875,338.3856091332873,333.61949071060224,334.7374569130951,752300,2024-12-23
338.75830078125,338.75830078125,339.650728482426,336.83616492464756,336.83616492464756,158000,2024-12-24
339.9841003417969,339.9841003417969,340.5823341621661,336.9832045907129,336.9832045907129,281000,2024-12-26
336.9145812988281,336.9145812988281,340.51371121092507,334.9434232699036,340.20970101919653,149800,2024-12-27
333.3938903808594,333.3938903808594,335.0610679830567,329.9713069861212,333.8646302743172,166300,2024-12-30
332.9232177734375,332.9232177734375,335.50239622283004,332.41324201626173,334.3255912493613,232800,2024-12-31
328.6375732421875,328.6375732421875,336.4046172179305,328.4316376233904,335.57102838050037,350600,2025-01-02
329.5790710449219,329.5790710449219,330.4028434931905,326.62719732584355,328.4022361598785,343800,2025-01-03
328.1178283691406,328.1178283691406,330.49110107641553,326.7056684088288,329.1868021841754,365200,2025-01-06
329.1769714355469,329.1769714355469,330.43224795647035,326.3721947216402,327.4803743706104,330300,2025-01-07
330.3146057128906,330.3146057128906,331.1677975894329,326.34281017732866,328.2355565589816,343600,2025-01-08
326.1074523925781,326.1074523925781,328.09824339701896,325.07774425958166,326.73510567878407,332200,2025-01-10
332.64862060546875,332.64862060546875,333.14874999018315,322.24352916544376,324.59716899562096,407400,2025-01-13
333.7371520996094,333.7371520996094,335.5906624599316,330.4518489803229,334.45306344316793,378500,2025-01-14
339.4349670410156,339.4349670410156,340.2489530213379,337.3657343518665,339.1505597768417,382900,2025-01-15
338.92498779296875,338.92498779296875,343.23999893682975,336.1888662787038,340.1704478721188,468900,2025-01-16
341.76898193359375,341.76898193359375,343.4067402951783,339.1995900716937,340.9157901244449,1131700,2025-01-17
347.33929443359375,347.33929443359375,349.00647228872253,344.58356969039653,344.58356969039653,421200,2025-01-21
344.8091125488281,344.8091125488281,346.8685585907237,343.1713541928394,346.58415134592786,304700,2025-01-22
344.03436279296875,344.03436279296875,345.113123094913,341.3864993180286,344.5247056640203,270700,2025-01-23
343.71075439453125,343.71075439453125,343.9657123398407,340.74906425862036,343.0242623943542,224600,2025-01-24
345.8486328125,345.8486328125,347.0058347900702,342.6025654434621,342.6025654434621,293000,2025-01-27
345.77996826171875,345.77996826171875,347.7609426066833,343.730338734821,344.6521856894461,202000,2025-01-28
346.2213134765625,346.2213134765625,349.3006512393344,344.61297444427237,346.02516435081577,264900,2025-01-29
351.69354248046875,351.69354248046875,353.6156782995901,348.48671063687715,350.0754168699988,290800,2025-01-30
348.29052734375,348.29052734375,358.7152213320048,347.5844324284846,355.5574121176448,393900,2025-01-31
345.2503967285156,345.2503967285156,348.6926131924334,340.7294499120778,342.6908213576098,421500,2025-02-03
348.8789367675781,348.8789367675781,350.7716529803561,344.23049614000973,344.23049614000973,397200,2025-02-04
349.22216796875,349.22216796875,351.7033014804622,345.84860691900246,348.5160730995435,629200,2025-02-05
333.2762145996094,333.2762145996094,339.57222977125093,324.10679759677765,339.57222977125093,697800,2025-02-06
331.9817199707031,331.9817199707031,336.0907955417865,329.37309235775655,334.4922730257797,450400,2025-02-07
334.0313415527344,334.0313415527344,335.2964344842583,329.61825590747407,334.27651297747104,333700,2025-02-10
330.8245544433594,330.8245544433594,334.8846081468238,330.04001775028394,333.5802792325942,424100,2025-02-11
328.4218444824219,328.4218444824219,330.0791757615578,325.264035369334,327.0292576368096,353400,2025-02-12
333.16839599609375,333.16839599609375,333.67834183549036,326.80372483374356,329.18681406161113,294500,2025-02-13
332.3740234375,332.3740234375,335.37491940104155,330.03017015854596,334.16866516936165,330500,2025-02-14
336.21832275390625,336.21832275390625,336.24774213136396,329.2260280726178,332.825158198442,342800,2025-02-18
335.72796630859375,335.72796630859375,336.20849276374804,332.70746727480883,335.8162244374085,459000,2025-02-19
331.9523010253906,331.9523010253906,335.36509811787005,330.83433486305546,334.00193059646614,263300,2025-02-20
329.3927307128906,329.3927307128906,334.9434155854767,327.1371355569211,332.6976368639037,315600,2025-02-21
331.6035461425781,331.6035461425781,333.85384573092585,328.3662725221471,330.2908538126753,293100,2025-02-24
337.0713806152344,337.0713806152344,337.6931791115896,329.84675316249957,331.6726311342615,467400,2025-02-25
334.6434326171875,334.6434326171875,341.3943317798207,334.13021693349924,336.7950289050324,305300,2025-02-26
332.53131103515625,332.53131103515625,337.4266939021466,331.06069921522993,334.27824426493413,449700,2025-02-27
336.7259826660156,336.7259826660156,336.7753193252947,330.4192034150276,334.1795725019325,370300,2025-02-28
329.728271484375,329.728271484375,339.2624442515637,327.95173027411556,337.85107861407533,395200,2025-03-03
325.13885498046875,325.13885498046875,329.49141416766184,320.59876831364176,326.5601000260852,391000,2025-03-04
329.4716796875,329.4716796875,331.1692762329917,325.0401457874335,325.1388492149734,326700,2025-03-05
329.9848937988281,329.9848937988281,330.4191647819262,324.7144560894727,327.78393086721996,261100,2025-03-06
337.594482421875,337.594482421875,338.5222404952766,325.20796938410075,329.43221737190515,362000,2025-03-07
335.0283508300781,335.0283508300781,343.3090473855933,331.7614691584672,334.9000393853227,414100,2025-03-10
331.3568115234375,331.3568115234375,336.30153107518174,327.81357826761547,334.74212531548307,459700,2025-03-11
321.3686218261719,321.3686218261719,333.3603812216516,320.3125824317878,333.3603812216516,554600,2025-03-12
319.8684387207031,319.8684387207031,325.33628377543283,318.7433038870929,321.8719949781497,366600,2025-03-13
327.5174865722656,327.5174865722656,328.3366919546116,320.766587242854,322.9477916024887,357700,2025-03-14
324.9513244628906,324.9513244628906,328.1885981209613,323.73736566615,325.84947445693604,363200,2025-03-17
324.9710998535156,324.9710998535156,326.6686965001268,322.20755431807055,323.94463836206126,391000,2025-03-18
328.4452209472656,328.4452209472656,329.8368579628217,323.6781495706225,324.8131636964844,343200,2025-03-19
325.5731506347656,325.5731506347656,329.04731884057003,324.4973524501465,325.95808500213786,427400,2025-03-20
323.6978759765625,323.6978759765625,323.6978759765625,318.05238328261646,323.0365901192397,1763800,2025-03-21
332.9655456542969,332.9655456542969,333.3998166388636,326.5502144332644,326.63906860197517,411800,2025-03-24
331.5443420410156,331.5443420410156,333.4689234008007,328.79067595879536,333.1333558322237,289700,2025-03-25
333.0544128417969,333.0544128417969,336.40023928542934,331.73184107888176,332.9754380487574,238200,2025-03-26
330.92254638671875,330.92254638671875,333.6564537341091,328.0504482110557,333.6564537341091,308300,2025-03-27
325.0204162597656,325.0204162597656,333.370208141788,323.3919151300178,331.0310845037793,280000,2025-03-28
332.6201171875,332.6201171875,335.5020643986144,323.836024496497,326.38243428226684,415000,2025-03-31
335.1566162109375,335.1566162109375,335.1566162109375,327.7740699998502,330.42903245791905,358800,2025-04-01
337.7425537109375,337.7425537109375,338.95651259378775,331.6726388164476,331.78122163137107,302400,2025-04-02
323.1846618652344,323.1846618652344,332.1858603025009,320.68761874559766,327.1226786515241,571400,2025-04-03
310.8869323730469,310.8869323730469,318.49652364235794,309.23870265099254,316.6804649664773,649000,2025-04-04
306.721923828125,306.721923828125,316.66076003702227,296.9015498096112,303.87946378015204,618100,2025-04-07
305.35992431640625,305.35992431640625,316.7989502610129,300.71125472461864,314.40058036127806,578700,2025-04-08
325.5830078125,325.5830078125,327.487860519957,299.971018901145,301.806806315629,583900,2025-04-09
318.16094970703125,318.16094970703125,321.0330478918538,307.31411421525513,320.30269671167895,334700,2025-04-10
331.7911071777344,331.7911071777344,336.16339535329075,315.2888984873608,316.6015608299775,611200,2025-04-11
332.501708984375,332.501708984375,337.03191635241853,329.17558106678126,335.67973657532616,371900,2025-04-14
332.67938232421875,332.67938232421875,337.8609965860957,332.05758379358383,332.5214628465924,420800,2025-04-15
327.6753845214844,327.6753845214844,334.69275555767524,324.64536695989653,330.6165780330004,586100,2025-04-16
301.46136474609375,301.46136474609375,315.93040834168505,297.25684553606214,311.52851238811985,1850700,2025-04-17
288.5517272949219,288.5517272949219,301.58967656568194,286.0349554413548,301.1850135788623,632800,2025-04-21
297.4048767089844,297.4048767089844,299.71442248756057,291.0783995652965,291.30538431955915,399000,2025-04-22
300.58294677734375,300.58294677734375,309.28806547172917,298.4116218534316,304.4321698207523,454200,2025-04-23
306.6922912597656,306.6922912597656,307.24499429041015,299.4084183172748,300.58291978740846,343700,2025-04-24
304.7381286621094,304.7381286621094,306.9884283750879,301.8166636788989,305.82377606148293,263000,2025-04-25
305.75469970703125,305.75469970703125,309.6631085155556,303.020762308798,306.59363367443154,393700,2025-04-28
305.656005859375,305.656005859375,306.25804559175737,302.5568927843156,304.4815042922088,311200,2025-04-29
309.72235107421875,309.72235107421875,310.51191833465214,297.82932478860124,303.41560201034554,605100,2025-04-30
307.649658203125,307.649658203125,311.9726091577449,307.4226734591518,310.6007309552835,335000,2025-05-01
312.8214416503906,312.8214416503906,314.34136002259413,310.2553030598349,312.3871706526016,326900,2025-05-02
309.6729736328125,309.6729736328125,313.8478543996286,309.02156717471536,311.51861020405966,275400,2025-05-05
307.3634948730469,307.3634948730469,309.69273934748327,305.5375867200855,306.95883186789956,314100,2025-05-06
310.5612487792969,310.5612487792969,312.1404132354694,307.14632710336434,308.96235568594284,334600,2025-05-07
312.8214416503906,312.8214416503906,318.38795970923303,309.8802480962845,313.09779318352383,325300,2025-05-08
311.5482482910156,311.5482482910156,315.0816023192586,309.80131497571955,312.6339258259705,158500,2025-05-09
322.7306213378906,322.7306213378906,322.7306213378906,318.56558981803283,321.506783206008,261400,2025-05-12
323.0563659667969,323.0563659667969,325.39548973798526,321.2205784992439,322.5826075609634,287600,2025-05-13
320.84552001953125,320.84552001953125,321.6647253714941,317.0950305712,321.3390070585253,299200,2025-05-14
323.6189270019531,323.6189270019531,324.4973182203813,319.5624481032029,320.77643699524924,228900,2025-05-15
327.408935546875,327.408935546875,327.68528709556796,322.79975315539355,324.1815108988585,271200,2025-05-16
327.5964660644531,327.5964660644531,328.11956114788336,323.6288107900769,324.4776242032252,257000,2025-05-19
324.5666198730469,324.5666198730469,327.1195799845635,324.0599870564548,326.3248891842916,214000,2025-05-20
319.9871520996094,319.9871520996094,326.41431370421765,319.7487509050439,323.57326508393515,370200,2025-05-21
319.0136413574219,319.0136413574219,321.29840017738957,315.8447609677073,319.4606435706271,231000,2025-05-22
317.1759033203125,317.1759033203125,318.4474268826142,314.9904579872097,314.9904579872097,289700,2025-05-23
323.6030578613281,323.6030578613281,323.9110028357977,317.3447538069351,321.8547016329752,261900,2025-05-27
318.1990661621094,318.1990661621094,324.020250677454,318.07986557095046,323.99045052966426,268400,2025-05-28
320.2255554199219,320.2255554199219,321.6262230783184,318.3580288575732,320.86133236366777,235500,2025-05-29
318.626220703125,318.626220703125,320.00703165917685,315.7851721486912,318.3778760260376,631500,2025-05-30
314.3944091796875,314.3944091796875,317.78183412116994,312.0103064073967,317.78183412116994,363700,2025-06-02
318.9540100097656,318.9540100097656,319.3215855826777,313.11296889546986,313.95731651252123,251100,2025-06-03
317.9705810546875,317.9705810546875,320.67257230249726,317.82158031437865,320.5533717102502,287000,2025-06-04
316.90765380859375,316.90765380859375,319.1129556784872,315.4871295798568,319.1129556784872,226800,2025-06-05
319.5401306152344,319.5401306152344,321.50700098296954,318.32820742332706,321.22885616755696,207700,2025-06-06
318.63616943359375,318.63616943359375,321.15932956714556,317.92093553919403,320.9109848859722,254100,2025-06-09
319.95733642578125,319.95733642578125,321.5368048941672,317.06660081988235,319.1725587777303,242500,2025-06-10
318.5964050292969,318.5964050292969,320.58316234918135,316.95733630349434,320.11627316638805,256300,2025-06-11
317.0765380859375,317.0765380859375,318.3083179279398,315.6758705322844,316.6593057083662,229300,2025-06-12
307.9473876953125,307.9473876953125,315.2288400074767,306.7553211651262,314.27520497263436,318900,2025-06-13
310.27191162109375,310.27191162109375,311.9507241148103,306.62622862659475,311.86132366618506,487900,2025-06-16
305.2453918457031,305.2453918457031,310.1626283133507,304.0334686741815,308.2652714447507,369800,2025-06-17
304.7884521484375,304.7884521484375,308.3745346114973,304.53016399213556,305.4738858589993,393700,2025-06-18
303.7652893066406,303.7652893066406,307.5798599790648,302.8811676884876,306.6460815507851,937100,2025-06-20
306.2884521484375,306.2884521484375,306.357995935639,299.8215771955033,303.83480545936794,331000,2025-06-23
306.4175720214844,306.4175720214844,307.70898246477117,304.60964590570006,307.0632620853724,344300,2025-06-24
305.1063537597656,305.1063537597656,308.1560033818551,303.1692531349729,308.1560033818551,330900,2025-06-25
307.5003662109375,307.5003662109375,308.41428795897036,304.3414292026607,306.2785298049032,368800,2025-06-26
308.9507141113281,308.9507141113281,310.11295019454366,306.0897786518567,307.50035940599145,412900,2025-06-27
309.11956787109375,309.11956787109375,309.21891180139403,305.4341414863901,308.69242231786495,462900,2025-06-30
315.7553405761719,315.7553405761719,319.6096548015206,306.4771871106169,308.8116331301464,492600,2025-07-01
317.98052978515625,317.98052978515625,318.675876689899,314.2255594899062,315.23879485622336,286300,2025-07-02
319.5003967285156,319.5003967285156,320.43417513350147,318.0599854846192,318.695762405253,178400,2025-07-03
315.05999755859375,315.05999755859375,320.75206852125694,313.87787445998384,319.42091436266946,245000,2025-07-07
314.9804992675781,314.9804992675781,319.49044697388865,313.69906259448703,313.69906259448703,288200,2025-07-08
316.0136413574219,316.0136413574219,319.2918094036584,313.6791952446883,316.51033072968374,226800,2025-07-09
318.5765686035156,318.5765686035156,321.9937938359969,316.27192269035146,317.82159107304494,268400,2025-07-10
315.46728515625,315.46728515625,319.35139956185674,314.1560179793956,318.09973268254004,261000,2025-07-11
317.0765380859375,317.0765380859375,318.29840475585047,312.21890186908666,314.65269172131224,377900,2025-07-14
310.9970703125,310.9970703125,322.3414378500756,310.9970703125,317.6328326125452,516900,2025-07-15
310.9374694824219,310.9374694824219,312.79508275848974,308.17587797215026,311.0169264377808,509500,2025-07-16
335.5633239746094,335.5633239746094,340.30175993426684,325.629536641844,327.66598123436876,835800,2025-07-17
334.48052978515625,334.48052978515625,337.7487541593355,332.72226041973454,335.5931090660228,619600,2025-07-18
326.21563720703125,326.21563720703125,336.8348273385892,326.1858067439295,336.0997368210165,520600,2025-07-21
330.308349609375,330.308349609375,331.49047264599903,324.4672782085295,326.41429190364096,321000,2025-07-22
327.9937744140625,327.9937744140625,333.1891559686233,324.6262363592169,333.1891559686233,402300,2025-07-23
328.14276123046875,328.14276123046875,331.1030405671947,325.88780257340426,327.5566714556946,325400,2025-07-24
328.0831604003906,328.0831604003906,329.10633921154886,324.23878982172323,329.10633921154886,259800,2025-07-25
324.3679504394531,324.3679504394531,328.2421213629769,324.0004051655629,327.23882947586065,255500,2025-07-28
323.2056884765625,323.2056884765625,327.3778912614769,322.530198217066,325.97722361676296,203800,2025-07-29
320.1361389160156,320.1361389160156,325.65932199688,318.62621422361417,322.87787379626906,269300,2025-07-30
319.06329345703125,319.06329345703125,323.5235539286533,318.5467474686676,318.93414938106264,349000,2025-07-31
315.6858215332031,315.6858215332031,317.77192283968697,310.70898460874355,315.70567819336543,339800,2025-08-01
316.8182678222656,316.8182678222656,316.89775509653475,312.29840677349233,316.0533771216231,352300,2025-08-04
319.9375,319.9375,320.8911351078164,316.79841952477784,318.06994310703755,223500,2025-08-05
321.0500793457031,321.0500793457031,321.35802433172273,316.88781997471267,319.68915531416224,235500,2025-08-06
318.8348083496094,318.8348083496094,323.3944127915281,317.930830125125,323.3944127915281,199900,2025-08-07
319.66925048828125,319.66925048828125,321.2288623081456,318.82490285373507,319.31164871113396,156800,2025-08-08
319.04345703125,319.04345703125,321.67590457771536,317.5037018250253,320.75206964328817,222300,2025-08-11
323.40435791015625,323.40435791015625,323.63284591821485,317.8215746260855,319.29178597367985,162000,2025-08-12
331.5997314453125,331.5997314453125,331.78847581787494,323.9209034117519,323.9209034117519,236200,2025-08-13
322.5699462890625,322.5699462890625,329.3447965846839,322.1626573670135,329.3447965846839,250900,2025-08-14
323.8514099121094,323.8514099121094,324.9043889421115,321.3878197447483,323.0566887377124,378800,2025-08-15
321.05999755859375,321.05999755859375,324.57653621543153,318.5268637664016,323.3248997085533,248500,2025-08-18
324.760009765625,324.760009765625,325.57000732421875,321.1700134277344,321.5299987792969,293100,2025-08-19
323.1600036621094,323.1600036621094,325.7099914550781,321.67999267578125,324.07000732421875,229000,2025-08-20
321.3800048828125,321.3800048828125,324.07000732421875,320.8599853515625,322.07000732421875,144600,2025-08-21
333.0299987792969,333.0299987792969,333.2200012207031,323.44000244140625,323.7200012207031,230400,2025-08-22
328.95001220703125,328.95001220703125,335.0,328.5199890136719,332.80999755859375,179100,2025-08-25
329.7900085449219,329.7900085449219,332.739990234375,327.1300048828125,328.1300048828125,244000,2025-08-26
330.2099914550781,330.2099914550781,333.9200134277344,329.1600036621094,329.1600036621094,200600,2025-08-27
327.1400146484375,327.1400146484375,331.2099914550781,326.3800048828125,331.2099914550781,193700,2025-08-28
325.239990234375,325.239990234375,328.6099853515625,324.19000244140625,327.5400085449219,172800,2025-08-29
323.45001220703125,323.45001220703125,324.1400146484375,321.04998779296875,323.0199890136719,232600,2025-09-02
321.8500061035156,321.8500061035156,323.4100036621094,319.20001220703125,322.6400146484375,234200,2025-09-03
328.7699890136719,328.7699890136719,328.8599853515625,321.8500061035156,322.5,236800,2025-09-04
328.70001220703125,328.70001220703125,331.4800109863281,327.05999755859375,330.4100036621094,157200,2025-09-05
326.9599914550781,326.9599914550781,329.5,324.75,328.70001220703125,162700,2025-09-08
322.6400146484375,322.6400146484375,327.6600036621094,321.7200012207031,326.95001220703125,173300,2025-09-09
324.1600036621094,324.1600036621094,326.6300048828125,321.67999267578125,321.67999267578125,220300,2025-09-10
331.9800109863281,331.9800109863281,332.5400085449219,323.6400146484375,325.1400146484375,218700,2025-09-11
333.5899963378906,333.5899963378906,334.8699951171875,329.5899963378906,330.4700012207031,414000,2025-09-12
339.7200012207031,339.7200012207031,341.9800109863281,335.010009765625,336.0,475900,2025-09-15
334.010009765625,334.010009765625,341.1700134277344,332.67999267578125,339.0799865722656,409200,2025-09-16
331.3699951171875,331.3699951171875,338.57000732421875,330.5799865722656,334.2799987792969,292100,2025-09-17
339.489990234375,339.489990234375,341.32000732421875,331.1300048828125,331.1300048828125,382600,2025-09-18
337.239990234375,337.239990234375,341.1099853515625,335.9100036621094,339.6400146484375,989300,2025-09-19
337.5199890136719,337.5199890136719,338.55999755859375,333.7799987792969,334.4800109863281,244400,2025-09-22
340.1499938964844,340.1499938964844,342.0799865722656,338.0899963378906,338.0899963378906,345200,2025-09-23
339.4700012207031,339.4700012207031,342.1300048828125,338.5899963378906,339.0,269500,2025-09-24
336.9800109863281,336.9800109863281,339.94000244140625,335.75,338.55999755859375,289200,2025-09-25
341.9100036621094,341.9100036621094,342.0799865722656,336.7900085449219,338.5799865722656,171900,2025-09-26
344.5400085449219,344.5400085449219,345.32000732421875,340.8399963378906,344.1700134277344,358000,2025-09-29
346.5299987792969,346.5299987792969,347.8800048828125,343.1400146484375,345.4100036621094,329800,2025-09-30
345.239990234375,345.239990234375,349.7799987792969,344.0,344.1199951171875,423800,2025-10-01
349.1300048828125,349.1300048828125,350.29998779296875,342.69000244140625,345.7099914550781,248500,2025-10-02
347.4200134277344,347.4200134277344,349.8800048828125,346.44000244140625,349.1000061035156,233300,2025-10-03
340.55999755859375,340.55999755859375,348.82000732421875,340.55999755859375,348.82000732421875,382700,2025-10-06
336.8399963378906,336.8399963378906,342.05999755859375,334.8500061035156,342.05999755859375,367100,2025-10-07
339.25,339.25,340.739990234375,336.7300109863281,337.8699951171875,381100,2025-10-08
331.7900085449219,331.7900085449219,341.17999267578125,331.7699890136719,340.2099914550781,276200,2025-10-09
327.3299865722656,327.3299865722656,333.8299865722656,326.45001220703125,333.04998779296875,350300,2025-10-10
331.989990234375,331.989990234375,334.79998779296875,329.5899963378906,331.0,536200,2025-10-13
337.0199890136719,337.0199890136719,337.8699951171875,328.9800109863281,328.9800109863281,420500,2025-10-14
332.5899963378906,332.5899963378906,337.8999938964844,328.0,337.79998779296875,497600,2025-10-15
344.1700134277344,344.1700134277344,357.4100036621094,337.5199890136719,346.0,1114300,2025-10-16
339.75,339.75,344.6099853515625,337.1000061035156,344.07000732421875,580000,2025-10-17
340.8699951171875,340.8699951171875,342.8599853515625,336.010009765625,340.67999267578125,348800,2025-10-20
345.7300109863281,345.7300109863281,347.6300048828125,338.1400146484375,340.94000244140625,354000,2025-10-21
343.010009765625,343.010009765625,347.9599914550781,341.7099914550781,346.3800048828125,334100,2025-10-22
346.6700134277344,346.6700134277344,347.3399963378906,342.67999267578125,344.75,250500,2025-10-23
343.92999267578125,343.92999267578125,348.6000061035156,343.010009765625,348.4700012207031,255600,2025-10-24
