Price,Close,High,Low,Open,Volume,Date
85.17179107666016,85.17179107666016,85.64195770816598,84.21338456363318,85.08137653927427,464300,2021-10-25
85.01808166503906,85.01808166503906,85.71428805627988,84.46654404534475,85.18083058393553,433600,2021-10-26
82.98373413085938,82.98373413085938,85.13563754175821,82.92044325984398,85.13563754175821,765500,2021-10-27
83.98735809326172,83.98735809326172,84.08681616961846,82.79386807516885,82.88428262689641,474900,2021-10-28
83.29114532470703,83.29114532470703,84.54792602067546,82.91139323022459,83.89693031377644,1357900,2021-10-29
84.12297821044922,84.12297821044922,84.26764010470316,82.66728125289673,83.05607000984902,472400,2021-11-01
84.80108642578125,84.80108642578125,84.84629024379316,83.4177240476174,84.60217031160586,666000,2021-11-02
84.41231536865234,84.41231536865234,85.66909628204309,83.82461042612996,84.80110415541131,755700,2021-11-03
84.65642547607422,84.65642547607422,85.0633012649038,83.84268769478993,84.41230552132642,666000,2021-11-04
84.98192596435547,84.98192596435547,85.95841960978662,84.75588615188646,85.18988562702953,469200,2021-11-05
84.05967712402344,84.05967712402344,85.05425080754993,83.23688898791272,84.94574922640297,481800,2021-11-08
84.21337890625,84.21337890625,84.6654584609961,83.93309178972711,84.02350632103902,677600,2021-11-09
85.05426025390625,85.05426025390625,85.62387809727068,84.32189346983947,84.45751873678937,684000,2021-11-10
85.68716430664062,85.68716430664062,86.93490841686659,85.09946634547957,86.18445462567087,787300,2021-11-11
86.28392028808594,86.28392028808594,86.591331131877,85.46113203290186,86.15733854085575,810000,2021-11-12
86.9891586303711,86.9891586303711,87.05244950049983,86.0036283814825,86.68174780351363,972600,2021-11-15
85.50633239746094,85.50633239746094,86.93490554106594,85.38879418875433,86.93490554106594,892900,2021-11-16
84.85533905029297,84.85533905029297,85.33454231981544,84.13201583338277,85.33454231981544,809300,2021-11-17
83.73417663574219,83.73417663574219,84.93670992062962,83.23688636058223,84.55695784769536,793900,2021-11-18
85.80471801757812,85.80471801757812,86.24775413827298,83.80652681406617,84.08681398660137,3139800,2021-11-19
86.45569610595703,86.45569610595703,86.60035797570424,85.04520321134925,85.8951149774936,877500,2021-11-22
86.17539978027344,86.17539978027344,86.88064275956016,85.72332023989104,86.64556636525549,747700,2021-11-23
85.89513397216797,85.89513397216797,86.66366800175501,85.53346887054228,86.34721362465307,1044400,2021-11-24
85.03909301757812,85.03909301757812,85.56728782494754,84.42894054074817,85.32140786864547,483600,2021-11-26
85.42158508300781,85.42158508300781,85.84049606012904,84.52000900928108,85.43979558291716,932400,2021-11-29
82.25242614746094,82.25242614746094,84.68393442854007,82.17957024929086,84.68393442854007,2321600,2021-11-30
81.44190979003906,81.44190979003906,84.13751504100168,81.44190979003906,82.98095737930747,1268100,2021-12-01
82.58026123046875,82.58026123046875,83.39987262068462,81.01389433981622,81.50566117394574,1333300,2021-12-02
84.4744644165039,84.4744644165039,84.97533297693616,82.58025315499873,83.09933916005434,1356500,2021-12-03
86.11367797851562,86.11367797851562,86.66009013711654,85.05729549758689,85.35782079523355,1379800,2021-12-06
86.40509033203125,86.40509033203125,86.92417629900247,85.28496074705494,85.83136593103745,1601100,2021-12-07
85.97709655761719,85.97709655761719,86.68742414750315,85.03909256418478,86.37779007493313,3058500,2021-12-08
86.72383880615234,86.72383880615234,86.99703794229121,85.34871355945285,85.97708338403514,1721500,2021-12-09
87.18827819824219,87.18827819824219,87.5616593780199,86.50526994560228,87.02435593969184,1131500,2021-12-10
88.65447235107422,88.65447235107422,89.48319238976326,87.78933131869987,87.78933131869987,1567100,2021-12-13
88.46324920654297,88.46324920654297,89.56516861381033,88.20826051037146,88.68180995355841,1443100,2021-12-14
89.719970703125,89.719970703125,89.95674886837263,88.46323788373988,89.02786060150883,1309200,2021-12-15
91.38650512695312,91.38650512695312,91.59596405348265,89.34658903951512,89.61979512665461,1858900,2021-12-16
90.00228881835938,90.00228881835938,91.40473346686568,89.89300498089335,91.40473346686568,1650200,2021-12-17
90.45762634277344,90.45762634277344,90.50315606341795,88.70912665744508,89.16446555141101,667100,2021-12-20
90.57601165771484,90.57601165771484,91.33187588672699,89.88389459573263,90.9220667147459,995500,2021-12-21
92.99842834472656,92.99842834472656,93.06217551891552,90.22085800952023,90.32103313294871,1521900,2021-12-22
93.5539321899414,93.5539321899414,94.31889819662766,92.67967539955693,92.96199023833697,1112800,2021-12-23
94.76512145996094,94.76512145996094,94.91083323037776,93.59945508830482,93.74516685872165,1054400,2021-12-27
94.19139862060547,94.19139862060547,95.32974579191321,93.95462046355593,94.71048465280501,735000,2021-12-28
95.46634674072266,95.46634674072266,95.61205156252464,93.89997995581368,94.30978214929632,952100,2021-12-29
95.15672302246094,95.15672302246094,95.89437677780552,94.99280073770883,95.5483147611509,575100,2021-12-30
95.41170501708984,95.41170501708984,95.71223034274159,94.3280032168279,95.0292220287621,651600,2021-12-31
95.63028717041016,95.63028717041016,95.6484976711242,94.28248083618003,95.62117844609267,941600,2022-01-03
96.76860809326172,96.76860809326172,97.83409926589835,95.49365800607787,95.74864663393083,1174300,2022-01-04
97.07825469970703,97.07825469970703,98.04357791823895,96.76862757438651,96.79594679745357,855100,2022-01-05
96.3223876953125,96.3223876953125,97.84322489930663,96.04007980109716,97.52448211147875,916700,2022-01-06
95.88526153564453,95.88526153564453,96.40434757741697,95.47545237766427,96.11293097410473,1245900,2022-01-07
95.75775909423828,95.75775909423828,96.37702019230879,95.30242025588996,96.0036390098619,855000,2022-01-10
95.2933120727539,95.2933120727539,96.32237535199133,94.07300731407871,96.05828493842438,856300,2022-01-11
94.89261627197266,94.89261627197266,95.46634768603298,94.31889180583201,94.77423066884131,909700,2022-01-12
96.52274322509766,96.52274322509766,96.8961244780155,94.82888187091362,94.8653098186071,1721400,2022-01-13
96.577392578125,96.577392578125,96.77773587676792,95.22958624991811,96.24954798336984,1118700,2022-01-14
95.99454498291016,95.99454498291016,96.33149130381308,94.29157508879695,95.93989959331304,1121900,2022-01-18
95.93079376220703,95.93079376220703,97.88875237372952,95.90347454054486,96.23131909633096,965800,2022-01-19
95.6393814086914,95.6393814086914,96.34060721952918,95.0565481608867,95.93079803259376,1339200,2022-01-20
95.24777221679688,95.24777221679688,96.55915025803507,95.1749232851096,95.61204466690961,1350700,2022-01-21
93.1805419921875,93.1805419921875,95.87614715061376,90.90384774203835,95.25688603665641,1270000,2022-01-24
94.63764190673828,94.63764190673828,95.16583673506545,92.14238650618402,92.64326211027371,1566200,2022-01-25
94.39176177978516,94.39176177978516,95.93080264187964,93.58125903849118,94.47371945235793,1564600,2022-01-26
95.46634674072266,95.46634674072266,96.95074891818334,94.82886817007015,95.0838637670829,1259700,2022-01-27
96.63201141357422,96.63201141357422,96.68664985230261,94.32799794160093,95.22956692021668,1271600,2022-01-28
97.64286041259766,97.64286041259766,97.9433857097318,95.33884703040766,95.7122212603677,2251500,2022-01-31
96.7868423461914,96.7868423461914,97.71573765899743,95.93080293006051,97.69752021086828,1119300,2022-02-01
97.25127410888672,97.25127410888672,97.83410729119424,96.12203568665583,96.37702433542542,1104400,2022-02-02
97.24217224121094,97.24217224121094,97.5609080746416,96.14936168432864,97.2330635179929,964700,2022-02-03
96.31328582763672,96.31328582763672,97.26949334644443,95.34796263751436,96.52273783026689,951200,2022-02-04
96.4771957397461,96.4771957397461,96.9325345802049,95.43902373933356,96.34970142025118,871800,2022-02-07
97.05094146728516,97.05094146728516,97.44253323389897,96.4043610057453,96.75952482338099,1063100,2022-02-08
99.12728118896484,99.12728118896484,99.46423448997795,96.76862892563466,96.76862892563466,1203600,2022-02-09
96.48631286621094,96.48631286621094,98.67194103775736,96.00365473019485,98.39874185876432,940700,2022-02-10
97.1511001586914,97.1511001586914,98.18927221125756,96.14024732625809,96.60469491227548,859600,2022-02-11
96.51363372802734,96.51363372802734,97.59733555655005,95.19314678447944,97.33323816784046,1040000,2022-02-14
96.10382843017578,96.10382843017578,97.29681414107623,95.6849174702254,96.82326473571676,860300,2022-02-15
96.61380004882812,96.61380004882812,97.03271793184072,95.4208144087181,96.29506422298803,706400,2022-02-16
97.75950622558594,97.75950622558594,98.26360597310608,96.02721533302366,96.98959838525364,961900,2022-02-17
97.19123077392578,97.19123077392578,98.15360673135123,96.4671534386776,96.4671534386776,2331400,2022-02-18
97.39286804199219,97.39286804199219,98.39190688415538,96.8062750168662,97.14539495757752,1190000,2022-02-22
96.59546661376953,96.59546661376953,97.82365058979985,96.3938239466048,97.31037643899677,1539500,2022-02-23
96.00888061523438,96.00888061523438,96.4671568950207,93.76332964137782,96.05471104030944,2330500,2022-02-24
99.98672485351562,99.98672485351562,100.2158630151483,96.86128396507172,96.9346098550522,1311100,2022-02-25
100.64663696289062,100.64663696289062,101.16907165580936,99.02434196679809,99.02434196679809,2296500,2022-02-28
100.75663757324219,100.75663757324219,101.44405209130049,100.00506464654146,100.48166896892204,2193300,2022-03-01
101.86565399169922,101.86565399169922,102.46141457198426,100.32584536534678,100.82078460161092,1338700,2022-03-02
104.2486801147461,104.2486801147461,104.27617557109821,102.52556392018705,102.53473140321799,1162300,2022-03-03
106.45758056640625,106.45758056640625,106.55840190678519,103.10299486159644,103.87290264333191,1156400,2022-03-04
106.32927703857422,106.32927703857422,107.06251497778369,105.07359736524859,106.53091974449795,1539300,2022-03-07
103.93705749511719,103.93705749511719,106.65921960696109,103.93705749511719,106.65921960696109,1197900,2022-03-08
102.81885528564453,102.81885528564453,105.1377318915789,102.79135983067145,104.62446475144047,1096200,2022-03-09
103.83622741699219,103.83622741699219,104.2120102835206,101.99395504308791,102.04894595215542,798200,2022-03-10
104.2486801147461,104.2486801147461,104.88110358180742,103.00216814668528,103.85456225730421,1308300,2022-03-11
103.44212341308594,103.44212341308594,104.91777360740159,101.95730573512017,104.706963439896,898600,2022-03-14
104.58780670166016,104.58780670166016,105.14690428804258,103.61626328592577,104.87193573998083,1193700,2022-03-15
104.80776977539062,104.80776977539062,104.92692606755772,102.40640686573585,104.34949355687755,1206600,2022-03-16
104.91776275634766,104.91776275634766,105.8526432024759,104.50530994764426,105.02774457780954,737000,2022-03-17
103.32296752929688,103.32296752929688,105.77016105274363,103.10298989212316,104.8994319725976,2273600,2022-03-18
105.6235122680664,105.6235122680664,105.66017520862746,103.49711066471114,103.57043654583326,726500,2022-03-21
104.63362884521484,104.63362884521484,106.3200819611874,104.25783899211264,106.0176179807988,756700,2022-03-22
104.77112579345703,104.77112579345703,105.43104478634358,103.23131714096893,104.84445167994252,673000,2022-03-23
106.01762390136719,106.01762390136719,106.21926656622034,104.71612105534837,105.04608050824616,792000,2022-03-24
108.62981414794922,108.62981414794922,108.69397255205438,106.27427417902892,106.61340116800854,905000,2022-03-25
107.96072387695312,107.96072387695312,108.58397988011738,107.35579584767271,108.58397988011738,1134800,2022-03-28
109.2347183227539,109.2347183227539,109.24388580497377,107.36495053608516,107.61242360684105,728700,2022-03-29
110.32543182373047,110.32543182373047,110.3620947644815,108.25402112411362,109.19806912204447,931900,2022-03-30
109.51885223388672,109.51885223388672,110.84785750558909,109.50969174399732,110.02295888741871,1157100,2022-03-31
111.27865600585938,111.27865600585938,111.32447944082537,108.90478110399012,109.58302807906355,995000,2022-04-01
109.2347183227539,109.2347183227539,110.74703122298864,108.29983792578956,110.67370535070985,1042400,2022-04-04
110.19711303710938,110.19711303710938,110.86619246369321,109.3263839436666,109.48219619448851,745800,2022-04-05
111.86524963378906,111.86524963378906,111.92024055309827,109.72968035922227,110.60040254774513,1013900,2022-04-06
110.77454376220703,110.77454376220703,111.81024564511105,109.31722154504143,111.81024564511105,1112800,2022-04-07
111.5536117553711,111.5536117553711,111.65443309685755,109.77549754305478,110.96701867367231,947800,2022-04-08
110.45375061035156,110.45375061035156,112.27768824095135,110.07796070543756,111.95689624452542,902200,2022-04-11
110.16960144042969,110.16960144042969,111.16864724486511,109.2072255657793,110.0596196220355,762300,2022-04-12
109.8946533203125,109.8946533203125,110.85702931247313,108.68480422106694,110.47207891560888,862100,2022-04-13
109.74799346923828,109.74799346923828,110.90285156749526,109.72049801330797,110.79286275103345,939200,2022-04-14
109.61967468261719,109.61967468261719,111.65442229727662,109.08807256851436,109.94046665052736,630000,2022-04-18
110.54540252685547,110.54540252685547,110.78370814547739,109.75716678219455,110.09629373974339,532400,2022-04-19
112.45183563232422,112.45183563232422,112.69930174629616,110.71955185629739,111.36113585010693,628200,2022-04-20
111.04950714111328,111.04950714111328,112.3876729867443,110.88452740711817,112.11270443250552,686200,2022-04-21
108.79476928710938,108.79476928710938,110.90284264691535,108.67561999008174,110.90284264691535,844100,2022-04-22
107.87821960449219,107.87821960449219,109.13389896716477,106.48506296973956,108.76727659189086,1052000,2022-04-25
107.2824935913086,107.2824935913086,108.93228421351544,107.17250475273134,108.0432269983898,874900,2022-04-26
106.37508392333984,106.37508392333984,108.38233619283345,105.7884908661552,107.44745569317692,797300,2022-04-27
107.0625,107.0625,107.76824937200044,106.13678696902522,106.98918111125553,819500,2022-04-28
103.93705749511719,103.93705749511719,106.76004094389907,103.57960257060645,106.76004094389907,2886900,2022-04-29
102.43391418457031,102.43391418457031,105.09191795836142,101.43486827627095,104.65196966082553,1086400,2022-05-02
103.21298217773438,103.21298217773438,105.00025683517768,102.61722162767295,102.87385522025549,915500,2022-05-03
105.68768310546875,105.68768310546875,105.68768310546875,103.66210260205719,103.80875438156258,994200,2022-05-04
105.44020080566406,105.44020080566406,107.69491912437311,104.42282696770818,105.6693389314606,1006600,2022-05-05
105.31188201904297,105.31188201904297,105.6785044119183,103.89122286892878,104.77111241618525,1356500,2022-05-06
104.14787292480469,104.14787292480469,105.17441438873092,103.58877526057381,104.98193917538381,1134400,2022-05-09
103.6712646484375,103.6712646484375,105.61435866850955,102.25977281207498,104.25785775020617,952600,2022-05-10
103.22215270996094,103.22215270996094,105.89848452985896,102.8280348260708,104.13870527782255,1064600,2022-05-11
102.73638153076172,102.73638153076172,103.91873526938745,101.80150091959389,103.25882324589692,1184800,2022-05-12
103.53377532958984,103.53377532958984,104.04704252051118,101.88398493331081,102.55306437965599,1086200,2022-05-13
103.71707153320312,103.71707153320312,104.76194069560636,103.35044917962976,104.10202185772226,1234000,2022-05-16
104.25784301757812,104.25784301757812,104.3769923207831,102.36974717511252,104.26701050020631,1040900,2022-05-17
102.51640319824219,102.51640319824219,104.82611958251796,102.28726505654171,104.82611958251796,1080400,2022-05-18
102.07646942138672,102.07646942138672,102.58973665902805,100.74746390572018,101.8931546988422,937800,2022-05-19
103.00785827636719,103.00785827636719,103.39518055866492,101.38482094708824,101.93812944732876,981400,2022-05-20
104.8245620727539,104.8245620727539,105.248765498112,103.01708385508489,104.16981284867732,1294900,2022-05-23
107.00092315673828,107.00092315673828,107.37902167268152,104.71391259857913,105.28566172026893,937900,2022-05-24
106.89948272705078,106.89948272705078,107.70178470298066,106.43839109309798,106.88104215740066,1013600,2022-05-25
107.6556625366211,107.6556625366211,108.31963555238578,107.03780149416757,107.34212363234293,1083900,2022-05-26
108.48564147949219,108.48564147949219,108.4948652823718,106.82570874616907,107.44357689650053,909200,2022-05-27
107.2591323852539,107.2591323852539,107.42512565296512,106.14329148841176,107.42512565296512,2783200,2022-05-31
107.36978149414062,107.36978149414062,107.98764249914429,105.78362539388732,107.60955107656702,993000,2022-06-01
107.52655792236328,107.52655792236328,108.4671887106919,104.77845597211547,107.56344609403297,725000,2022-06-02
107.07470703125,107.07470703125,107.67412760301377,106.56750338536516,107.19458833132258,652400,2022-06-03
107.67411804199219,107.67411804199219,108.25509095557189,107.0654737209755,107.388236450742,715600,2022-06-06
108.29197692871094,108.29197692871094,108.34730567106067,106.91792588666179,107.40668187261687,714800,2022-06-07
106.25394439697266,106.25394439697266,108.19975141966508,106.10639171482578,107.98764619800372,630500,2022-06-08
104.16059875488281,104.16059875488281,106.65049783452986,104.11449381226163,106.30006368496838,554400,2022-06-09
103.25686645507812,103.25686645507812,104.12372101881449,102.82343917320995,103.45974790920368,646000,2022-06-10
98.68283081054688,98.68283081054688,102.57444522199965,98.23095595574041,102.15023473877324,856500,2022-06-13
97.32721710205078,97.32721710205078,99.9277734801538,96.28515260466502,98.8672613785243,906700,2022-06-14
97.83441925048828,97.83441925048828,99.62345703681274,97.03212431242729,97.90819560028928,982500,2022-06-15
96.44190979003906,96.44190979003906,96.96755387290484,95.59350303097474,96.69089613004974,990800,2022-06-16
95.45519256591797,95.45519256591797,97.27189473958636,94.09958202878673,96.88457241776314,2207000,2022-06-17
97.2626724243164,97.2626724243164,97.73298787077294,95.44597022286483,95.60273969311697,839700,2022-06-21
97.4378662109375,97.4378662109375,98.09261534405289,96.12836090900828,96.12836090900828,627900,2022-06-22
98.71048736572266,98.71048736572266,98.95025695992972,97.94507364601887,97.96352124941131,669800,2022-06-23
100.73928833007812,100.73928833007812,101.13582737779163,99.05169846255254,99.27302045513471,723400,2022-06-24
102.13178253173828,102.13178253173828,102.33466394780662,100.41652133223195,100.45340950203519,511100,2022-06-27
102.03956604003906,102.03956604003906,103.44128131976761,101.87357279309893,102.40844070387259,521200,2022-06-28
102.27010345458984,102.27010345458984,102.66664245450654,101.52313038665004,102.19632712072199,726800,2022-06-29
103.37673950195312,103.37673950195312,103.91160746819523,101.53237302721462,101.55082063195387,829600,2022-06-30
106.18939971923828,106.18939971923828,106.41994552538699,103.25685678359864,103.76405333570601,800000,2022-07-01
102.00267791748047,102.00267791748047,105.92195627167227,100.48107432577208,105.7190748546846,838100,2022-07-05
104.20669555664062,104.20669555664062,104.77845164033404,101.84590895297583,102.38076983082554,643100,2022-07-06
103.59806060791016,103.59806060791016,104.89834233842784,103.56117947015193,104.76923724917498,673100,2022-07-07
103.33063507080078,103.33063507080078,104.05915364049743,102.9709841693101,103.93004854948538,585900,2022-07-08
103.39518737792969,103.39518737792969,104.17904172460989,102.61132599554972,103.01708887248054,673400,2022-07-11
103.14619445800781,103.14619445800781,103.85627949604319,102.46378082728664,102.61132648779672,519200,2022-07-12
102.43611145019531,102.43611145019531,103.28451830484582,101.71680968056991,102.33467073543281,565300,2022-07-13
102.28856658935547,102.28856658935547,102.66666510707881,100.89607491777434,100.89607491777434,748200,2022-07-14
103.19230651855469,103.19230651855469,103.55195742123448,101.89202476602026,103.4505167014325,1145500,2022-07-15
103.19230651855469,103.19230651855469,103.74561505839283,102.74043869851853,103.40440472490441,927700,2022-07-18
104.64012908935547,104.64012908935547,104.72312220042565,103.52428825887067,103.77327462778071,1029600,2022-07-19
103.00785827636719,103.00785827636719,105.15654677192882,102.82342445485345,104.7231195521023,1193500,2022-07-20
103.85629272460938,103.85629272460938,104.2897129946077,102.6021227898763,102.73122789765463,706400,2022-07-21
104.52946472167969,104.52946472167969,104.98133252145111,103.69949843129376,104.3265832911743,588700,2022-07-22
105.83895874023438,105.83895874023438,105.9865114237545,104.43724342528913,104.66778921651493,830500,2022-07-25
107.20378875732422,107.20378875732422,107.36978200198932,105.87584280000338,106.05105984595514,680700,2022-07-26
107.42512512207031,107.42512512207031,107.7478878533304,106.33694860260782,106.92714532139766,979300,2022-07-27
110.59742736816406,110.59742736816406,110.80030879037457,107.36978628750387,108.1352000037711,853800,2022-07-28
111.94380187988281,111.94380187988281,112.43255777941738,110.56052728012905,110.83718501435918,1185800,2022-07-29
111.7409439086914,111.7409439086914,111.99915409574027,110.62510300854456,111.56573387359391,1085900,2022-08-01
110.75420379638672,110.75420379638672,112.30347189415046,110.64354631235337,111.70405139140443,920400,2022-08-02
109.99801635742188,109.99801635742188,110.26545034280333,107.82166333597941,110.21933836626523,947600,2022-08-03
106.81648254394531,106.81648254394531,109.94268305248475,106.53060096553024,109.0389404140137,1105300,2022-08-04
105.0274429321289,105.0274429321289,106.62282294632223,104.27125299785851,106.46604645691177,1106000,2022-08-05
105.68219757080078,105.68219757080078,106.22628933928598,104.76923813601346,105.48853993528223,1474400,2022-08-08
106.30927276611328,106.30927276611328,106.78881194572786,105.76518808290727,106.4476016462213,988700,2022-08-09
105.56230926513672,105.56230926513672,107.01013656979154,105.36865164249237,106.59514991923996,2173300,2022-08-10
106.300048828125,106.300048828125,106.84414054633164,105.22109622892594,105.34098454152523,2238700,2022-08-11
107.84932708740234,107.84932708740234,107.88621526128074,106.41994728703847,106.89026270936326,1578100,2022-08-12
108.25509643554688,108.25509643554688,108.6147473577354,107.16691986603543,107.84011676708327,1789500,2022-08-15
108.43030548095703,108.43030548095703,108.69773946097659,107.5173390208455,108.32886476316686,759300,2022-08-16
108.50408172607422,108.50408172607422,109.03894264991293,107.47123398031387,108.30120029068382,966200,2022-08-17
108.89140319824219,108.89140319824219,109.10350141227477,108.32887083558181,108.73463372948767,604900,2022-08-18
109.45718383789062,109.45718383789062,109.8281951060967,108.54820658460832,108.9006704738072,812000,2022-08-19
107.73199462890625,107.73199462890625,109.17893088715574,107.6114118897509,109.17893088715574,604400,2022-08-22
107.79691314697266,107.79691314697266,108.06589613763946,106.9714167960941,107.86183958772318,836100,2022-08-23
108.26066589355469,108.26066589355469,108.42762059451057,107.46299421970441,108.19573945854133,631600,2022-08-24
109.05834197998047,109.05834197998047,109.16037025005113,108.05661373371454,108.46472681399717,519400,2022-08-25
107.58358764648438,107.58358764648438,109.27168231232501,107.47228921174991,109.09545743184482,801600,2022-08-26
107.92676544189453,107.92676544189453,108.65023351388291,106.84156333391195,107.3609748570931,656400,2022-08-29
106.13664245605469,106.13664245605469,108.20502547046911,105.80273302703307,108.20502547046911,626200,2022-08-30
105.16275024414062,105.16275024414062,106.53548994387637,105.12564840615295,106.43346165852329,938200,2022-08-31
106.46127319335938,106.46127319335938,106.78590539031829,104.70825225333007,105.22766376846434,715900,2022-09-01
106.24796295166016,106.24796295166016,108.04735615481792,105.94187808578691,106.82302376777716,883400,2022-09-02
105.93258666992188,105.93258666992188,107.75981131509182,105.64505630037071,106.35924714864181,564400,2022-09-06
109.11399841308594,109.11399841308594,109.17892485502401,106.40562815445307,106.40562815445307,671500,2022-09-07
109.40153503417969,109.40153503417969,109.47573870818884,108.14937811019557,108.8821234690193,914400,2022-09-08
109.53138732910156,109.53138732910156,110.13427979335262,108.89140010449974,109.86529678387286,654600,2022-09-09
110.78355407714844,110.78355407714844,111.17311275858334,109.43863899631081,109.99515240928238,611800,2022-09-12
108.01951599121094,108.01951599121094,110.23629925858721,107.48155001527873,109.78181417789679,787700,2022-09-13
108.54821014404297,108.54821014404297,109.18820442577339,107.94531769799491,107.94531769799491,962300,2022-09-14
105.84912109375,105.84912109375,108.28850850220856,105.70999097374586,108.28850850220856,948500,2022-09-15
105.74708557128906,105.74708557128906,106.12736699171724,105.01434026078688,105.92331043987468,1302400,2022-09-16
106.869384765625,106.869384765625,106.88793214385139,105.06070756293163,105.23693950011203,717500,2022-09-19
105.28331756591797,105.28331756591797,106.09025942548836,104.30013669438074,106.09025942548836,602700,2022-09-20
104.46709442138672,104.46709442138672,107.01778710241753,104.45782427031874,106.0160659003338,807500,2022-09-21
105.11637115478516,105.11637115478516,105.85838663506925,103.32624828237809,104.35580121853431,786600,2022-09-22
103.44682312011719,103.44682312011719,104.11464200059378,102.34306652174887,104.11464200059378,987100,2022-09-23
101.25785827636719,101.25785827636719,104.0682566652799,100.62714126909181,103.06653548139047,805800,2022-09-26
99.77381896972656,99.77381896972656,101.85147205131403,99.31933390610295,101.85147205131403,822500,2022-09-27
101.15583038330078,101.15583038330078,101.71235080320601,99.60686600314392,100.99815290000481,523800,2022-09-28
97.0747299194336,97.0747299194336,100.97033048456775,97.01907363036511,100.55294723703597,640500,2022-09-29
94.4683837890625,94.4683837890625,97.8538501625844,94.2086780203893,97.31588416950335,1019100,2022-09-30
97.39936828613281,97.39936828613281,98.25268929038748,95.58142076889179,96.03590587908911,817400,2022-10-03
98.69790649414062,98.69790649414062,98.77210309186464,97.23241577320069,97.56632523054022,940600,2022-10-04
96.56458282470703,96.56458282470703,97.77963773783141,95.74836375674992,97.77963773783141,521200,2022-10-05
93.50374603271484,93.50374603271484,96.27704948515006,93.38317039078528,96.13791938972328,859300,2022-10-06
92.18667602539062,92.18667602539062,93.49448920168318,91.67653462830098,93.35535908643585,856600,2022-10-07
92.64116668701172,92.64116668701172,93.66144954238628,92.28870984016999,92.50204363987159,1035200,2022-10-10
94.79302215576172,94.79302215576172,95.9153332776918,92.28870827926691,92.28870827926691,1159900,2022-10-11
92.06609344482422,92.06609344482422,94.58896147994271,92.03826883915691,94.34780310340757,779800,2022-10-12
94.10665130615234,94.10665130615234,94.44056075040682,90.62843382554448,91.06437154867957,755300,2022-10-13
90.99944305419922,90.99944305419922,95.10837749506186,90.75828466623996,94.51476229120169,951900,2022-10-14
92.40927124023438,92.40927124023438,93.49448037555557,91.81565607590618,92.10319350732676,1091100,2022-10-17
94.37562561035156,94.37562561035156,94.80228606614808,93.39245182423137,93.39245182423137,776500,2022-10-18
94.64461517333984,94.64461517333984,95.43300970253742,93.78201697454801,94.60751333854272,831500,2022-10-19
92.8544921875,92.8544921875,94.60751318930333,92.77101129022529,94.60751318930333,685200,2022-10-20
94.36636352539062,94.36636352539062,94.98781046914736,92.25160828495244,92.98435366676253,740000,2022-10-21
94.0046157836914,94.0046157836914,95.44228172880977,93.45737967227346,94.95996497918446,715900,2022-10-24
95.83184814453125,95.83184814453125,95.97097825962933,93.63361214004597,93.97679881376104,712000,2022-10-25
95.92459869384766,95.92459869384766,96.87994796196313,95.46083636358176,96.09155341580143,780900,2022-10-26
97.1025619506836,97.1025619506836,97.86313191256487,96.57387316103993,96.57387316103993,637400,2022-10-27
99.34716033935547,99.34716033935547,99.4491886113352,97.4828339144405,97.4828339144405,493300,2022-10-28
98.8277587890625,98.8277587890625,99.70890441611255,98.13211526988032,99.34717035225395,1107600,2022-10-31
98.56803894042969,98.56803894042969,99.36571068530273,97.32515933766786,99.1523839840293,739200,2022-11-01
97.90023803710938,97.90023803710938,100.4880258053428,97.68690423566845,98.0115364757289,748300,2022-11-02
97.14892578125,97.14892578125,97.69616898153133,95.27532918054285,96.43473494437062,865300,2022-11-03
98.34544372558594,98.34544372558594,98.48457384717335,96.65734903890687,97.41791901693917,560500,2022-11-04
96.43473052978516,96.43473052978516,98.68861551454613,95.16401932327805,98.44745714530335,667600,2022-11-07
97.05616760253906,97.05616760253906,97.7703654633815,96.1286430596429,96.96341656353958,652200,2022-11-08
95.67416381835938,95.67416381835938,97.57558500076105,95.40518083542965,96.62023579586128,876700,2022-11-09
103.697265625,103.697265625,104.06826984861273,98.92051194324038,100.90541426066677,1693000,2022-11-10
102.6677017211914,102.6677017211914,104.03116403511471,101.12800746625861,104.03116403511471,1076100,2022-11-11
102.5193099975586,102.5193099975586,104.1424783181696,102.25032696954021,103.18712895312805,688900,2022-11-14
103.49320220947266,103.49320220947266,103.51174958884549,102.07409062632561,103.30769303348681,909600,2022-11-15
104.16101837158203,104.16101837158203,104.77318094522948,103.35406939912036,103.35406939912036,716300,2022-11-16
103.10364532470703,103.10364532470703,103.73435530453268,101.86075859184375,103.17784191992371,680800,2022-11-17
106.71171569824219,106.71171569824219,106.91576518062766,104.19811762505982,104.19811762505982,1034400,2022-11-18
107.39807891845703,107.39807891845703,107.93604490802382,106.18302390447981,106.18302390447981,1061800,2022-11-21
108.99343872070312,108.99343872070312,109.08618978327775,107.34244574693648,107.86185735851633,808500,2022-11-22
109.98587799072266,109.98587799072266,110.0137025988241,108.51111007328119,108.97487241217634,1054900,2022-11-23
111.21788787841797,111.21788787841797,111.29255039837216,110.38720058559439,110.44320637667113,365900,2022-11-25
110.2005386352539,110.2005386352539,110.62987840836846,108.31517640367358,110.62987840836846,1249000,2022-11-28
110.73255157470703,110.73255157470703,110.84455604531865,109.23919423766607,109.64053468957921,898000,2022-11-29
112.18856048583984,112.18856048583984,112.45923258299969,110.52720020475883,110.76053748290815,2773500,2022-11-30
109.65918731689453,109.65918731689453,112.95390860726486,109.02450962350247,112.89790993813544,1230600,2022-12-01
108.77252197265625,108.77252197265625,109.0151947704415,107.38183359010203,108.595183337249,968400,2022-12-02
108.13783264160156,108.13783264160156,108.14716812691186,107.01781651458757,107.87649602002422,677100,2022-12-05
109.6125259399414,109.6125259399414,109.74319425065667,108.1564964305745,108.1564964305745,958400,2022-12-06
109.58452606201172,109.58452606201172,110.38719977204795,109.05251021559245,109.35118877676348,1070000,2022-12-07
109.66853332519531,109.66853332519531,109.99520412794354,109.1178607035468,109.58453531344124,916800,2022-12-08
109.82719421386719,109.82719421386719,110.60187572755456,107.9418320392975,109.20185198416779,2023400,2022-12-09
111.06855773925781,111.06855773925781,111.12455641405515,109.033856144577,110.2098781615476,1480900,2022-12-12
110.62987518310547,110.62987518310547,113.00991839780075,110.06053162383937,112.49657350964638,1748000,2022-12-13
110.45254516601562,110.45254516601562,112.60858674329859,109.90187253482354,111.0685590797792,742100,2022-12-14
109.07119750976562,109.07119750976562,110.2378841106138,108.20318239389898,109.86454297416441,721400,2022-12-15
107.12047576904297,107.12047576904297,108.22182801958938,105.47778643875138,107.71782575929019,1713700,2022-12-16
105.91647338867188,105.91647338867188,107.51249971196626,105.41246395170162,106.99915478887911,733700,2022-12-19
105.5337905883789,105.5337905883789,106.34580693150184,105.05778051683173,105.43112160979247,613300,2022-12-20
106.94315338134766,106.94315338134766,107.25116032732977,106.03780351515807,106.1871356847653,548000,2022-12-21
106.4298095703125,106.4298095703125,106.72848103350016,104.15243521295073,106.72848103350016,527600,2022-12-22
107.4284896850586,107.4284896850586,107.4471606564419,105.0764528738947,106.4298063427275,512400,2022-12-23
107.87651062011719,107.87651062011719,108.22184529355846,106.82182138486615,107.6431733020018,960100,2022-12-27
107.4004898071289,107.4004898071289,108.67918074664614,107.34449113503983,107.66182643806343,834800,2022-12-28
106.8591537475586,106.8591537475586,108.21251443397169,106.27114628297959,107.99784097306146,815200,2022-12-29
104.60043334960938,104.60043334960938,106.93380609955237,103.91908537343507,106.93380609955237,588900,2022-12-30
103.78842163085938,103.78842163085938,105.38445492835179,102.86440797511813,104.85243908192842,1040000,2023-01-03
104.47911834716797,104.47911834716797,105.08578966889922,103.88177539098754,104.04044305602834,755200,2023-01-04
101.61373138427734,101.61373138427734,103.88177025673522,101.48306306412664,103.58309879340655,768100,2023-01-05
105.02976989746094,105.02976989746094,105.36577613293889,102.38839031557693,102.668397885438,820700,2023-01-06
106.205810546875,106.205810546875,106.82181734051443,104.7591163809766,105.11379364845313,834800,2023-01-09
106.68181610107422,106.68181610107422,106.7564786249833,105.50579411861258,106.10313703522088,698800,2023-01-10
108.94985961914062,108.94985961914062,109.30452976584621,106.68182068733464,107.07382565804441,644000,2023-01-11
108.62318420410156,108.62318420410156,109.85520494120497,108.40851786221953,109.26719747152711,585800,2023-01-12
107.09248352050781,107.09248352050781,108.28716933827185,106.7658127298519,108.28716933827185,633600,2023-01-13
106.35514831542969,106.35514831542969,108.45518420940527,105.9818142976571,107.3911665927955,689600,2023-01-17
104.18043518066406,104.18043518066406,106.53247191662904,103.7790947594249,106.45780227526153,595000,2023-01-18
104.57244110107422,104.57244110107422,104.89911188402154,103.48042428912645,103.48042428912645,812100,2023-01-19
105.46846008300781,105.46846008300781,105.53379424247144,103.46175786963997,105.00178548087061,592800,2023-01-20
105.95379638671875,105.95379638671875,106.81248304910824,104.68444804587304,105.41245927109675,581400,2023-01-23
107.19515228271484,107.19515228271484,107.42848957855048,104.62844202852281,106.72847769104357,511600,2023-01-24
107.46582794189453,107.46582794189453,107.55916143912674,105.97247062351114,106.5698135508645,566300,2023-01-25
107.78318786621094,107.78318786621094,108.60453274436905,106.98983520878612,107.54051503732015,519600,2023-01-26
108.22183227539062,108.22183227539062,108.80984680367773,107.2138205942637,107.78316415164922,585000,2023-01-27
107.829833984375,107.829833984375,109.31386294341954,107.64316698918586,107.96050230518529,681500,2023-01-30
109.70587158203125,109.70587158203125,109.9485443806205,107.31649978327454,108.43651603371934,1145100,2023-01-31
111.04055786132812,111.04055786132812,111.94590774422197,109.18319490706628,109.20185875827805,1098600,2023-02-01
111.5819091796875,111.5819091796875,113.34593874775129,110.78855659563446,111.3952350513086,1299700,2023-02-02
109.37920379638672,109.37920379638672,111.57257316806675,107.69917225333103,110.99389405414982,1130400,2023-02-03
109.79920196533203,109.79920196533203,110.03253927095724,108.1658408259555,109.42586085215379,648800,2023-02-06
109.10852813720703,109.10852813720703,109.53786793529217,107.72716812176338,109.31386611039767,797700,2023-02-07
108.68850708007812,108.68850708007812,110.56454088978064,107.1858143593999,109.77119552615966,971100,2023-02-08
106.9618148803711,106.9618148803711,109.66852893354711,106.8778168719807,108.68850944365762,716200,2023-02-09
108.50183868408203,108.50183868408203,108.52050253389034,106.7938080306225,106.91514797748758,682600,2023-02-10
109.02452087402344,109.02452087402344,109.22052335709112,108.20317611818416,108.51118307195745,578700,2023-02-13
108.05382537841797,108.05382537841797,109.4725200401905,107.40981932252254,109.04318029596398,551800,2023-02-14
109.11785125732422,109.11785125732422,109.15517895650164,106.79380677419967,107.24181749410585,754400,2023-02-15
108.6669921875,108.6669921875,109.0896718817441,106.49721683596655,107.69951991728654,809700,2023-02-16
110.00080108642578,110.00080108642578,110.73344979381129,108.63882666026038,108.92061076588956,1223000,2023-02-17
109.00514221191406,109.00514221191406,109.96321955968924,108.91120701803976,109.52174994697697,824600,2023-02-21
108.6200180053711,108.6200180053711,109.9068540810073,108.34762173390438,108.78909130606601,761700,2023-02-22
109.09907531738281,109.09907531738281,109.6908283685877,108.39460432803197,109.06150267133417,541100,2023-02-23
108.7233657836914,108.7233657836914,109.10848006557625,107.2956409369174,107.84042643790674,515400,2023-02-24
107.92495727539062,107.92495727539062,109.8692969242779,107.47409268791336,109.05210799470953,493000,2023-02-27
105.96182250976562,105.96182250976562,108.23492090907284,105.9148620790821,107.36137663636882,1069300,2023-02-28
103.82962799072266,103.82962799072266,105.49217631234654,103.30362529755337,105.05070669504408,709400,2023-03-01
104.72195434570312,104.72195434570312,104.72195434570312,102.9560830539748,103.5666259853766,544800,2023-03-02
105.88668060302734,105.88668060302734,105.92424607973192,103.6793326185671,105.06949174284958,565300,2023-03-03
106.5160140991211,106.5160140991211,107.04201680674039,105.79275320989512,105.9054711470633,573100,2023-03-06
104.44955444335938,104.44955444335938,107.2016878497745,104.09262508276163,106.78840310756894,588700,2023-03-07
105.56732940673828,105.56732940673828,106.04637170414878,104.30867796466922,104.51531677637104,606500,2023-03-08
103.82023620605469,103.82023620605469,106.09332753232712,103.71691322156508,105.83972113073864,961400,2023-03-09
102.53340911865234,102.53340911865234,104.51531426976996,101.60350224017228,104.09263453682416,948900,2023-03-10
103.82023620605469,103.82023620605469,106.14029513118582,102.31736620381876,102.41129423528673,1112700,2023-03-13
105.24797058105469,105.24797058105469,106.23422568425255,104.25231335836257,104.74075059958881,722300,2023-03-14
106.87295532226562,106.87295532226562,107.78407237477882,104.49654075550451,105.02254352138834,1096800,2023-03-15
107.39894104003906,107.39894104003906,108.89242317931824,106.38450831918331,106.56296941999409,1070800,2023-03-16
107.72769927978516,107.72769927978516,109.2681418406556,106.65690401591787,109.2681418406556,2777100,2023-03-17
107.90615844726562,107.90615844726562,108.81727533373576,107.55862404010614,107.83102032743992,1022300,2023-03-20
103.51966094970703,103.51966094970703,108.41338514218714,102.50522102316143,107.94373782429558,1473400,2023-03-21
100.77692413330078,100.77692413330078,104.11141585014532,100.75813422714984,103.55723544493364,877600,2023-03-22
100.05365753173828,100.05365753173828,101.45321164393934,99.35858153503214,100.50452209240521,896300,2023-03-23
102.74003601074219,102.74003601074219,102.77760865295227,99.78126389074828,100.29787159707715,945300,2023-03-24
103.55723571777344,103.55723571777344,104.22413406289941,102.89973232574769,103.33180700711455,533500,2023-03-27
103.3787612915039,103.3787612915039,104.3556285345911,102.90911399191866,103.32240590875338,584200,2023-03-28
104.75952911376953,104.75952911376953,105.11646566017036,103.8953797726137,103.92355746496126,577000,2023-03-29
105.14464569091797,105.14464569091797,105.61429301715398,104.5153128274121,104.853459475602,690400,2023-03-30
105.53913116455078,105.53913116455078,105.59548654165636,104.03626138966588,105.52973621295041,1245300,2023-03-31
104.36502838134766,104.36502838134766,105.91486597590865,104.16777736622161,105.17282234781582,645500,2023-04-03
104.40260314941406,104.40260314941406,105.2855352589392,103.76388249239078,104.4871362292225,839900,2023-04-04
107.86857604980469,107.86857604980469,108.3288355107043,104.70315819733241,104.70315819733241,907000,2023-04-05
108.41337585449219,108.41337585449219,108.75152246770529,106.9762563314609,108.47912618671425,903600,2023-04-06
109.02392578125,109.02392578125,109.1272487622993,107.07958621298008,107.75587948303034,962500,2023-04-10
109.30571746826172,109.30571746826172,110.13229415370205,109.0051434766244,109.02392621586769,783200,2023-04-11
108.8642349243164,108.8642349243164,110.68646139701961,108.357015029982,109.55931085377539,863000,2023-04-12
107.39894104003906,107.39894104003906,108.40399314085059,105.29492314423759,108.40399314085059,923500,2023-04-13
106.17784881591797,106.17784881591797,107.35196691521875,105.60487861015933,106.7132463825492,905400,2023-04-14
107.17350769042969,107.17350769042969,107.38015363989723,106.06513982476184,106.48782667583149,883800,2023-04-17
106.70387268066406,106.70387268066406,107.16412506069709,105.50157665414947,106.76023523370353,840600,2023-04-18
107.774658203125,107.774658203125,107.99069910987593,106.87293626543423,107.13593760147958,743100,2023-04-19
108.74212646484375,108.74212646484375,108.89241703204122,107.3331846454865,108.23491371617398,813300,2023-04-20
108.37580871582031,108.37580871582031,109.65324994921828,108.08462968208592,109.48417663402593,472100,2023-04-21
109.1648178100586,109.1648178100586,109.20239045340666,108.02827222221303,108.49791951469048,470700,2023-04-24
109.21178436279297,109.21178436279297,109.70961654038044,108.91121036540493,109.06150094722364,632500,2023-04-25
106.93869018554688,106.93869018554688,109.11785339960494,106.91051249377553,108.66699599876489,806500,2023-04-26
107.9625244140625,107.9625244140625,108.02827474989783,105.83971659584448,107.14533552618123,790600,2023-04-27
107.21109008789062,107.21109008789062,108.15977968483648,106.53479679764206,107.60559211845248,684200,2023-04-28
107.59620666503906,107.59620666503906,108.75153508906024,106.929301147068,107.07959173315996,707600,2023-05-01
105.48278045654297,105.48278045654297,107.971905272196,104.9285929475636,107.65254856613058,706900,2023-05-02
106.0557632446289,106.0557632446289,107.82163462132038,106.01819059836957,106.11211863089315,731000,2023-05-03
110.79918670654297,110.79918670654297,111.01522761096658,104.3556253778502,104.3556253778502,1864700,2023-05-04
110.4234619140625,110.4234619140625,111.42850676778149,110.08531531222728,110.29196125404307,1169200,2023-05-05
110.70526123046875,110.70526123046875,110.85554463879906,109.31510208060605,109.65324870716051,837000,2023-05-08
111.3064193725586,111.3064193725586,111.87938969959072,109.6908313793696,110.16047871849432,1449600,2023-05-09
112.06723022460938,112.06723022460938,112.45234442907476,110.69586104452904,112.09540791444856,1046100,2023-05-10
110.93069458007812,110.93069458007812,112.14238551502544,110.43286957183412,112.14238551502544,806500,2023-05-11
111.91695404052734,111.91695404052734,112.15177769266178,110.75223073249025,111.77605841599684,933600,2023-05-12
110.4516372680664,110.4516372680664,112.43354924449237,109.96320727921305,111.96390199256675,786100,2023-05-15
108.94877624511719,108.94877624511719,111.01522861930113,108.77970293419531,110.63950935433596,677800,2023-05-16
109.69082641601562,109.69082641601562,109.72839906139546,108.53549802714561,109.15542876028941,822700,2023-05-17
109.0615005493164,109.0615005493164,109.83172186270376,107.82163191883313,108.77032150591673,842000,2023-05-18
110.1864242553711,110.1864242553711,110.8576001474545,109.43017308123596,109.7137645669562,949400,2023-05-19
110.00682067871094,110.00682067871094,111.12229785417323,109.7988492576937,110.24315052764605,715900,2023-05-22
110.03518676757812,110.03518676757812,110.88597572542167,109.18439780973456,109.64760232647684,593200,2023-05-23
110.04462432861328,110.04462432861328,110.59290404707909,109.35453805900403,109.75157043823533,776300,2023-05-24
108.56047058105469,108.56047058105469,110.47947491785109,107.75695057681973,110.04462888276176,713200,2023-05-25
107.4828109741211,107.4828109741211,108.6550122019654,106.46187152165103,108.47539921126686,885700,2023-05-26
108.17288970947266,108.17288970947266,108.97640968630658,107.4828034348373,107.4828034348373,792000,2023-05-30
108.9764175415039,108.9764175415039,110.00681942143605,108.62665398489479,108.63610198594967,6839700,2023-05-31
105.94194030761719,105.94194030761719,108.900787305811,104.73193268167485,108.8157120253374,1393300,2023-06-01
108.25798034667969,108.25798034667969,108.42813813633498,105.15733370159656,105.15733370159656,1205200,2023-06-02
108.3335952758789,108.3335952758789,109.9500904871002,108.0500038002799,108.46593940693462,783000,2023-06-05
108.8724365234375,108.8724365234375,109.76103909147568,107.89875866895217,109.17493845116319,706100,2023-06-06
110.7347183227539,110.7347183227539,111.16010918470828,108.10673144067233,109.32619438041381,653800,2023-06-07
111.07502746582031,111.07502746582031,111.16955796164619,110.13916329637942,110.4038515695777,765000,2023-06-08
110.91432189941406,110.91432189941406,111.59495299048,110.6023647806398,111.26408544572371,544600,2023-06-09
111.07502746582031,111.07502746582031,111.32081252473921,110.05408080158597,111.07502746582031,791300,2023-06-12
111.14120483398438,111.14120483398438,111.35863147574516,110.22424383509677,110.4227600494619,671100,2023-06-13
110.66854095458984,110.66854095458984,111.64221877458588,110.33768060976809,111.01831172609549,949000,2023-06-14
111.06556701660156,111.06556701660156,111.44369619429344,110.33767429962143,111.07502222940276,887500,2023-06-15
110.60237884521484,110.60237884521484,112.28504636087136,110.54566198448515,111.21683794790908,1510700,2023-06-16
109.57197570800781,109.57197570800781,110.83870024899035,109.5247068528665,110.18642755155668,701200,2023-06-20
111.1506576538086,111.1506576538086,111.62331735751194,108.50376042818401,109.60978240391829,610400,2023-06-21
109.60977935791016,109.60977935791016,111.62331425554854,109.28837423018666,111.48151490593513,506000,2023-06-22
108.16344451904297,108.16344451904297,110.79143130928482,108.05001080633392,110.19588268091822,865100,2023-06-23
109.98792266845703,109.98792266845703,110.5551129274883,108.49431612364289,108.74010121370209,590600,2023-06-26
110.78199005126953,110.78199005126953,110.93323741482617,109.80831215943795,110.0635452407839,530600,2023-06-27
108.95751190185547,108.95751190185547,110.82924020352576,108.85352619484996,110.82924020352576,756300,2023-06-28
109.37345123291016,109.37345123291016,109.64759472321741,108.36195976767323,108.56993118874871,827100,2023-06-29
109.97846221923828,109.97846221923828,110.38494987443543,108.81572332540077,109.65705706556453,520900,2023-06-30
110.88597106933594,110.88597106933594,111.08448728246124,109.49635036524396,109.49635036524396,260200,2023-07-03
112.10541534423828,112.10541534423828,113.08854830818062,110.69689156872535,110.7441604198839,794000,2023-07-05
111.11285400390625,111.11285400390625,111.72731311641897,110.29987866345225,111.28301180102953,536000,2023-07-06
110.89542388916016,110.89542388916016,111.44371090859491,109.79885706250582,110.56456351957544,694300,2023-07-07
111.1506576538086,111.1506576538086,111.28300179386835,110.6023706665812,110.89541737496856,818900,2023-07-10
112.0014419555664,112.0014419555664,112.02980038266769,110.81979274491701,111.3775277104806,621300,2023-07-11
113.7881088256836,113.7881088256836,114.137872418762,112.42684646153002,112.48356332263131,573100,2023-07-12
113.8070068359375,113.8070068359375,113.94880619441952,113.24927182804723,113.7408347636079,551500,2023-07-13
112.9089584350586,112.9089584350586,113.58958959915658,112.23778248496617,113.58958959915658,576200,2023-07-14
113.14529418945312,113.14529418945312,113.77865652870801,111.7745765758991,112.86169545224458,696700,2023-07-17
112.82388305664062,112.82388305664062,114.3553032725482,111.79348824364861,113.27763959875917,733600,2023-07-18
114.54435729980469,114.54435729980469,114.57271572966575,113.17364696694239,113.34380475832388,597000,2023-07-19
115.49913024902344,115.49913024902344,115.53694389234504,112.3606699754808,112.3606699754808,791400,2023-07-20
116.53898620605469,116.53898620605469,117.2007141799771,115.36679205150995,115.86781022997603,622700,2023-07-21
116.43500518798828,116.43500518798828,116.84149287580415,115.23445255404786,116.5579013431378,638900,2023-07-24
117.07781219482422,117.07781219482422,117.52211348934799,116.1324927468043,116.50116675455486,545200,2023-07-25
117.60718536376953,117.60718536376953,118.42960859342021,117.02108476255617,117.05889840252617,511200,2023-07-26
115.57476043701172,115.57476043701172,117.9097006821771,115.41405064580677,117.3992273028433,697300,2023-07-27
115.42350006103516,115.42350006103516,116.71859026643958,114.9508403497187,116.52007405315246,526900,2023-07-28
115.0548324584961,115.0548324584961,116.15140651156635,114.4403733571871,115.96233828920153,1574200,2023-07-31
114.44036865234375,114.44036865234375,115.8867062359508,114.24185243618346,114.91302837050108,810000,2023-08-01
114.83740997314453,114.83740997314453,115.94343199884554,113.29653465364214,113.51396130054283,1383300,2023-08-02
111.86909484863281,111.86909484863281,116.12303216819704,111.25464300557861,115.98124002731666,1123600,2023-08-03
110.85760498046875,110.85760498046875,113.4572333800856,110.55510305518374,112.02980625163609,1208400,2023-08-04
111.53824615478516,111.53824615478516,111.9447338296193,110.56456822051662,110.85761495857771,1025900,2023-08-07
110.7347183227539,110.7347183227539,111.94472604870096,109.71377159940546,111.57605204508319,936200,2023-08-08
111.0561294555664,111.0561294555664,111.82183588351546,109.7704944578897,110.30932624278252,617300,2023-08-09
110.5645523071289,110.5645523071289,111.98253135773503,110.24314718418778,111.03721199066429,446000,2023-08-10
111.03721618652344,111.03721618652344,111.1695603259372,110.08244157028305,110.47002598729097,556400,2023-08-11
109.89337921142578,109.89337921142578,111.13174530581361,109.09931438479333,111.13174530581361,527800,2023-08-14
108.42813110351562,108.42813110351562,109.46798820185958,108.25797332489702,109.46798820185958,585200,2023-08-15
109.33565521240234,109.33565521240234,109.64760516149806,108.33361165293795,108.6172103836235,418400,2023-08-16
110.29986572265625,110.29986572265625,111.33026038663526,109.16548534973437,109.16548534973437,848800,2023-08-17
111.27023315429688,111.27023315429688,111.6317446395635,109.88125880575056,109.88125880575056,665900,2023-08-18
111.06095123291016,111.06095123291016,111.61273773498748,109.89079106490745,111.49857275786015,491000,2023-08-21
111.31781768798828,111.31781768798828,111.86959691730003,110.58527180596202,111.0704638731777,516700,2023-08-22
110.8421401977539,110.8421401977539,112.01230032456526,110.30937758149467,111.74592264555933,692300,2023-08-23
110.73749542236328,110.73749542236328,112.14549385840313,110.22376390924137,110.4140316141394,587100,2023-08-24
111.9742431640625,111.9742431640625,112.31673081850519,110.97532688714398,111.31781454158669,788600,2023-08-25
111.12754821777344,111.12754821777344,112.00279854610564,110.61381669622448,111.67933473257578,500300,2023-08-28
111.54613494873047,111.54613494873047,111.58418993825273,110.0810505142351,110.96580906044831,553100,2023-08-29
111.65078735351562,111.65078735351562,112.19305826683713,111.04192202130366,111.4414885346464,439800,2023-08-30
110.30937194824219,110.30937194824219,112.1740301225545,110.29034808281929,111.83154247896628,873000,2023-08-31
109.85272216796875,109.85272216796875,111.44147979276103,109.18677077305662,110.69942568097765,494500,2023-09-01
106.76083374023438,106.76083374023438,110.39500187310404,106.57055878721272,109.45316444495057,909300,2023-09-05
106.80840301513672,106.80840301513672,107.08429626878024,106.14245878789214,106.71326916242288,725700,2023-09-06
108.48278045654297,108.48278045654297,108.986996380705,106.78937329303753,107.70267129386359,683300,2023-09-07
108.62548065185547,108.62548065185547,109.37705035701576,108.30201687298724,108.84429502505283,556900,2023-09-08
108.38765716552734,108.38765716552734,109.04409311621802,107.96905948586975,108.30203161366646,616500,2023-09-11
108.34005737304688,108.34005737304688,108.64448998748982,107.55044004255946,108.39714347829909,801900,2023-09-12
109.65293884277344,109.65293884277344,110.59477619483326,108.56839710203869,108.56839710203869,714200,2023-09-13
110.69943237304688,110.69943237304688,110.89921562612392,110.12862204164858,110.20472476312044,678400,2023-09-14
109.41511535644531,109.41511535644531,110.81360548904118,109.08214324350527,110.41403169526544,2483400,2023-09-15
108.92991638183594,108.92991638183594,109.89078492546092,108.86332196346078,109.34851401633539,690200,2023-09-18
108.53985595703125,108.53985595703125,109.36753564698907,108.3400727059891,108.91089028982047,587300,2023-09-19
108.60646057128906,108.60646057128906,109.60537685353145,108.3495911999644,109.02505095031323,448100,2023-09-20
106.20904541015625,106.20904541015625,108.64450670034847,106.16147485816926,108.64450670034847,615300,2023-09-21
105.45748138427734,105.45748138427734,106.275645566551,105.15304870656487,105.99024401395984,731500,2023-09-22
105.10547637939453,105.10547637939453,105.51455843538226,104.51563494152361,105.13401580637672,772100,2023-09-25
101.77574157714844,101.77574157714844,104.97228080504473,101.55692720546584,104.82958366943323,1189600,2023-09-26
101.28104400634766,101.28104400634766,102.44169587920544,101.21444958372045,101.67110223762676,1388500,2023-09-27
100.75780487060547,100.75780487060547,101.91844949307789,100.4343410597624,101.91844949307789,1393500,2023-09-28
100.77680969238281,100.77680969238281,102.05161905274392,100.25356271119198,101.71864700027993,1028700,2023-09-29
97.76103973388672,97.76103973388672,100.44385499745374,96.92384441930707,100.32969002048898,1422300,2023-10-02
99.26416778564453,99.26416778564453,99.80644595946261,96.086652273624,97.0570291326595,1392500,2023-10-03
101.13833618164062,101.13833618164062,101.1954222978552,98.65530424460636,99.96817604382986,1560600,2023-10-04
102.21337127685547,102.21337127685547,102.72710278108491,100.14892969738322,101.21444769781253,1311200,2023-10-05
103.26936340332031,103.26936340332031,103.488170512493,100.45335234466684,101.15735873845362,1216700,2023-10-06
104.3539047241211,104.3539047241211,104.53465684436414,103.35498124901495,103.35498124901495,656200,2023-10-09
105.40992736816406,105.40992736816406,105.95219834990068,104.16364985991112,104.35392483663779,763200,2023-10-10
106.35176086425781,106.35176086425781,106.43737915683869,105.19110895428632,105.55262050892993,916300,2023-10-11
105.71434783935547,105.71434783935547,107.25553505212922,105.00083309025729,106.55153586532828,696500,2023-10-12
106.53250885009766,106.53250885009766,107.39823627912568,106.02828567871097,106.56104827789844,764500,2023-10-13
106.78937530517578,106.78937530517578,107.51240562462924,106.01878169020078,107.16991796058537,948800,2023-10-16
107.24602508544922,107.24602508544922,107.94050869918638,105.62872065761792,105.62872065761792,620600,2023-10-17
106.43737030029297,106.43737030029297,107.1604006076655,105.914130508814,106.91304679704513,922500,2023-10-18
104.74395751953125,104.74395751953125,106.65617896630064,104.43952486825552,106.01877423679316,799400,2023-10-19
103.48817443847656,103.48817443847656,105.98072182136156,103.43109558317863,105.46699034893882,840000,2023-10-20
102.54634094238281,102.54634094238281,103.80212661451918,102.23239270978686,102.42266766510897,585400,2023-10-23
103.3835220336914,103.3835220336914,103.77358022224203,102.77465673401225,103.33595874173808,509300,2023-10-24
103.0791015625,103.0791015625,103.8687263363368,102.62245616291207,102.84126329989236,975200,2023-10-25
103.46914672851562,103.46914672851562,104.64882232974178,103.05054911655766,103.1932535077476,790400,2023-10-26
100.95758056640625,100.95758056640625,103.78309281212567,100.32016855533246,103.2217980394642,846800,2023-10-27
101.26200866699219,101.26200866699219,102.0230866596153,100.38675845101764,101.38568193550364,712500,2023-10-30
102.42266082763672,102.42266082763672,102.85076674659929,101.50935561955527,101.72816998900636,1380600,2023-10-31
103.3835220336914,103.3835220336914,104.30633554489958,101.83281935767214,102.66049902672673,1167000,2023-11-01
105.9616928100586,105.9616928100586,106.75131752924312,103.27887768386005,103.27887768386005,951400,2023-11-02
106.06633758544922,106.06633758544922,108.14980285331104,106.037798158478,107.23650489899752,762000,2023-11-03
105.31478118896484,105.31478118896484,106.32322037152731,105.06743461848063,105.63824500472951,812700,2023-11-06
104.51564025878906,104.51564025878906,105.5050482412411,104.34439642993684,105.22915500263211,644200,2023-11-07
103.95433807373047,103.95433807373047,104.05898748334066,102.57487914086512,103.8496959223676,1217200,2023-11-08
105.87606811523438,105.87606811523438,109.39607104178295,105.57163546892882,106.62763779854275,1556600,2023-11-09
105.99024963378906,105.99024963378906,106.84646159520837,105.14353871893904,106.5705683323018,910100,2023-11-10
105.71434783935547,105.71434783935547,106.17099321415978,105.02937251890164,106.05683549958239,747800,2023-11-13
108.58743286132812,108.58743286132812,108.73965282812132,107.27456830985055,107.59802485191484,934500,2023-11-14
108.0071029663086,108.0071029663086,109.43413244038102,107.24602493508498,107.96904797601033,1282900,2023-11-15
108.50182342529297,108.50182342529297,110.1000969157715,108.16884403533018,109.46268482563416,1099300,2023-11-16
108.35911560058594,108.35911560058594,109.15824869156205,107.82635294835399,109.07263039963513,1112000,2023-11-17
107.42677307128906,107.42677307128906,107.97855952272366,106.53250623640044,107.73120572410694,1214600,2023-11-20
106.17098999023438,106.17098999023438,107.44580674420142,105.12450317498352,107.03672467681051,1313400,2023-11-21
107.55046081542969,107.55046081542969,107.78829906822078,105.90461691248647,106.62764723328067,1452100,2023-11-22
107.31570434570312,107.31570434570312,107.6702320721254,106.67372822596475,107.61273654522041,732400,2023-11-24
107.9289321899414,107.9289321899414,108.37927603008102,106.6449800000388,107.32528400801283,1319200,2023-11-27
107.79478454589844,107.79478454589844,109.04041609143839,107.48816856226884,107.93851238735331,1151000,2023-11-28
107.36360931396484,107.36360931396484,108.03432949982086,106.9324257856559,107.76604142547845,1329700,2023-11-29
109.05000305175781,109.05000305175781,109.1170750761665,106.52041911648372,107.85228310852946,10055800,2023-11-30
109.08832550048828,109.08832550048828,109.8261250423133,108.2259657225184,109.16498132748606,1687300,2023-12-01
110.11357116699219,110.11357116699219,110.46809887685038,108.36010753950998,108.57090740427421,1363300,2023-12-04
109.11707305908203,109.11707305908203,110.50643255372533,108.54216895902029,110.23814446105,1046000,2023-12-05
109.93152618408203,109.93152618408203,109.9411026798354,108.86795033128976,109.327870677723,932100,2023-12-06
109.73988342285156,109.73988342285156,110.31478749432388,109.41410712946127,110.06566702654374,864800,2023-12-07
108.71463012695312,108.71463012695312,109.6919735793001,108.2355422060815,109.66322216339452,885500,2023-12-08
108.58049011230469,108.58049011230469,108.84877818827341,107.6127304294445,108.59007391796122,878200,2023-12-11
108.94459533691406,108.94459533691406,109.28953924077051,107.813947498785,108.77212338498583,894700,2023-12-12
111.96286010742188,111.96286010742188,112.22157171187813,108.30262821159758,109.02126018572775,1900500,2023-12-13
110.56391906738281,110.56391906738281,113.3234630913492,110.4106147212024,112.48985471770736,1317900,2023-12-14
110.01776123046875,110.01776123046875,110.21897730080089,109.2128969491402,110.1902331922252,2470500,2023-12-15
109.50033569335938,109.50033569335938,110.64056730170542,108.96375955310319,110.16147937353335,918900,2023-12-18
110.33395385742188,110.33395385742188,110.36269796412496,109.40452208574578,109.77821009348952,787800,2023-12-19
108.42718505859375,108.42718505859375,110.6597292819327,108.39843364181365,110.08482522146045,588500,2023-12-20
108.99250030517578,108.99250030517578,109.86444381656186,108.3026125401893,108.74337254330813,436300,2023-12-21
110.10399627685547,110.10399627685547,110.83220469809223,109.27996441729105,109.50034078071992,375100,2023-12-22
110.96634674072266,110.96634674072266,111.41669057566419,109.66322695419895,109.94109883767993,602700,2023-12-26
111.07176208496094,111.07176208496094,111.26340167445431,110.65974610542878,111.10050619580923,437600,2023-12-27
111.22505187988281,111.22505187988281,111.85744412506959,110.8705241917787,111.09090784877345,436300,2023-12-28
111.0525894165039,111.0525894165039,111.36878922123495,110.35311778576269,110.75554991343745,429800,2023-12-29
112.03950500488281,112.03950500488281,112.42277681574149,110.83220135928359,110.83220135928359,882300,2024-01-02
113.08391571044922,113.08391571044922,113.72589911478806,112.14490742878665,112.2119794489054,1093500,2024-01-03
112.68148803710938,112.68148803710938,113.78339181995251,112.5760880998625,113.33304796267993,550600,2024-01-04
113.04559326171875,113.04559326171875,113.48635328820168,112.12573798610885,112.4515215858669,628200,2024-01-05
113.87919616699219,113.87919616699219,113.94626818281769,112.47067652435526,113.28513182976675,492600,2024-01-08
113.40969848632812,113.40969848632812,113.84087471103871,112.79646650392549,113.52468222439181,594200,2024-01-09
113.10308074951172,113.10308074951172,113.81212884753982,112.738976550049,113.56300107406442,627600,2024-01-10
110.56391906738281,110.56391906738281,112.83479863449092,110.42019121700596,112.83479863449092,623400,2024-01-11
110.94718170166016,110.94718170166016,111.7520459005703,110.64056572441321,111.31128589017166,509400,2024-01-12
109.3087158203125,109.3087158203125,111.03342817079398,109.0020998039845,110.33396381025005,692500,2024-01-16
108.0247573852539,108.0247573852539,109.68240503870027,107.12407693967093,108.76255697984598,854500,2024-01-17
107.72770690917969,107.72770690917969,107.80436272866437,106.51082684364079,107.76603481892202,1127000,2024-01-18
108.35052490234375,108.35052490234375,108.75295699755398,107.45942108563456,108.56132475515905,1169900,2024-01-19
108.40803527832031,108.40803527832031,109.10750699564993,107.73731498249983,108.53259553031471,685900,2024-01-22
107.98641967773438,107.98641967773438,108.54216344737165,106.98033938128953,106.98033938128953,752300,2024-01-23
106.25213623046875,106.25213623046875,108.72423206901983,106.08924806467269,108.63799242752013,831900,2024-01-24
109.1553955078125,109.1553955078125,109.26079544041448,106.68329996000529,106.73121167857052,1102000,2024-01-25
108.94459533691406,108.94459533691406,109.70155516424894,108.67630725842612,109.50992291112952,799700,2024-01-26
109.4811782836914,109.4811782836914,109.7111384484018,108.56133031454802,109.0020903428687,572900,2024-01-29
109.7207260131836,109.7207260131836,110.15190225057559,108.81045450825303,109.14582192656023,525400,2024-01-30
109.17456817626953,109.17456817626953,111.05259212824572,108.45593622631579,110.70764820744374,1123100,2024-01-31
110.94718170166016,110.94718170166016,110.97592580729244,108.57090239527022,109.27037397696249,638600,2024-02-01
109.01166534423828,109.01166534423828,110.22855279101928,107.93851305009636,109.86444859269281,774700,2024-02-02
107.10491180419922,107.10491180419922,108.33137591104501,106.57791939188722,107.99601577406416,780300,2024-02-05
107.1336441040039,107.1336441040039,107.277371949809,106.2042123194732,106.83661191689481,1171800,2024-02-06
107.2486343383789,107.2486343383789,108.52301010590548,106.0125864860752,108.52301010590548,1227500,2024-02-07
108.20680236816406,108.20680236816406,108.31220229973692,106.69288272402822,106.79828265560108,819200,2024-02-08
108.3792724609375,108.3792724609375,108.76254426824092,107.88101691835254,107.88101691835254,745100,2024-02-09
109.23204803466797,109.23204803466797,109.51950371677461,108.25471187404841,108.52299994518705,918500,2024-02-12
107.07615661621094,107.07615661621094,108.99250841247422,105.84010883038489,108.89669228472145,633600,2024-02-13
108.25471496582031,108.25471496582031,108.55174715159258,106.87493934878452,107.12406712637195,700700,2024-02-14
109.49076080322266,109.49076080322266,109.79737680980699,108.55175248131535,108.55175248131535,719100,2024-02-15
109.18415069580078,109.18415069580078,109.72073421904138,108.56134215305606,108.89670228614229,1012100,2024-02-16
108.93502044677734,108.93502044677734,110.8226281400578,108.80087640555658,109.29912465719057,843300,2024-02-20
109.8931884765625,109.8931884765625,110.18063683989057,108.93501264486605,109.26078891869814,831900,2024-02-21
109.41411590576172,109.41411590576172,109.81654805704196,108.30262827616586,108.9158603096317,922100,2024-02-22
108.81099700927734,108.81099700927734,110.03651668214448,108.79169331302262,109.41893092164723,733100,2024-02-23
107.71092224121094,107.71092224121094,108.5890490061967,107.13192914705422,108.5890490061967,682500,2024-02-26
108.58904266357422,108.58904266357422,108.67589456750596,107.61441219835457,108.12585704994687,498200,2024-02-27
108.52149200439453,108.52149200439453,109.30312231111793,107.9328544719576,108.52149200439453,619400,2024-02-28
108.95574188232422,108.95574188232422,109.58297210917262,108.67589719298746,109.14873466563098,1189100,2024-02-29
108.78205108642578,108.78205108642578,109.26454043197292,107.36353123256471,108.67590284142916,578300,2024-03-01
110.66376495361328,110.66376495361328,110.99185419952619,108.38641448152279,108.38641448152279,981000,2024-03-04
110.45146179199219,110.45146179199219,111.38749231465196,109.7373796110551,111.02080305680931,1395500,2024-03-05
111.1655502319336,111.1655502319336,111.59979509135273,110.39357164108347,111.01115745864503,1120100,2024-03-06
111.54187774658203,111.54187774658203,112.53581193255269,111.14624033152424,112.04367076348798,797000,2024-03-07
111.76383972167969,111.76383972167969,112.54547016160507,111.26205400570129,111.99543256273097,999700,2024-03-08
112.90251159667969,112.90251159667969,113.03760803012679,111.45504349928636,111.97613289781238,845100,2024-03-11
112.43931579589844,112.43931579589844,113.0569089421307,111.72523361352803,112.49721952466591,1264700,2024-03-12
112.15946197509766,112.15946197509766,113.13408502605505,111.75416538206947,113.0182923099346,1051100,2024-03-13
110.87606048583984,110.87606048583984,112.70952159383722,110.50936384691819,112.70952159383722,1289300,2024-03-14
110.5383071899414,110.5383071899414,111.86032322728684,109.83386953678871,110.00756598810014,2832300,2024-03-15
111.36819458007812,111.36819458007812,112.36212145669288,110.29706764103425,110.74095695669699,861400,2024-03-18
111.72522735595703,111.72522735595703,112.59370961679386,111.29098990664005,111.83137559684836,805800,2024-03-19
112.42001342773438,112.42001342773438,112.44896160946287,111.22344195567143,111.31028650085693,979200,2024-03-20
112.73845672607422,112.73845672607422,113.07619777897561,112.03401907670604,112.58405660920342,473800,2024-03-21
112.4875717163086,112.4875717163086,113.77099521073474,112.26562336616882,113.51044682743138,538300,2024-03-22
112.03402709960938,112.03402709960938,112.88321307880454,111.59013777512249,112.80601301484074,466500,2024-03-25
111.21379089355469,111.21379089355469,112.13051767838178,110.73130156212929,111.9857767687165,514300,2024-03-26
114.1183853149414,114.1183853149414,114.15698534714707,111.49364202258344,111.86998313383442,833600,2024-03-27
114.7070083618164,114.7070083618164,114.88070480359193,113.76132609832692,113.92537069272535,1265400,2024-03-28
113.72273254394531,113.72273254394531,115.17985236832132,113.36569515489758,114.88071134242665,650800,2024-04-01
113.6455307006836,113.6455307006836,114.92895405324757,113.40428604172959,113.40428604172959,674900,2024-04-02
112.8735580444336,112.8735580444336,113.74204033400538,112.255972274561,113.4814919660323,628600,2024-04-03
112.0629653930664,112.0629653930664,113.82887804882249,111.12694230837533,113.82887804882249,768700,2024-04-04
112.15946197509766,112.15946197509766,112.33315841148053,110.98218694652508,111.53222443470382,525700,2024-04-05
112.25597381591797,112.25597381591797,112.86390774586405,111.88927719850648,112.32352203035643,676000,2024-04-08
112.55511474609375,112.55511474609375,113.15340418924876,112.14017361146433,112.66126299185034,558700,2024-04-09
111.04975891113281,111.04975891113281,111.20415168639367,109.72773534235607,110.85675873930202,627500,2024-04-10
110.374267578125,110.374267578125,111.8506912606243,109.9400300823452,111.8506912606243,793100,2024-04-11
109.99791717529297,109.99791717529297,111.44538518875963,109.26453868258938,110.21021366188722,668400,2024-04-12
109.10050201416016,109.10050201416016,111.17520793022064,108.63731630772119,110.68306667520069,904200,2024-04-15
108.39605712890625,108.39605712890625,108.88819095599868,107.08368553225361,108.78205007419285,973100,2024-04-16
110.54795837402344,110.54795837402344,110.92429948096785,108.83994930113752,109.06189028102614,687700,2024-04-17
110.55760192871094,110.55760192871094,111.04974309402778,110.0365125822936,110.92429115965527,563700,2024-04-18
113.09549713134766,113.09549713134766,113.15340085782123,111.00149518526086,111.00149518526086,1108300,2024-04-19
113.94469451904297,113.94469451904297,114.31138379993185,112.31387804769848,112.87356749921601,603800,2024-04-22
113.54903411865234,113.54903411865234,114.68770920148911,113.4718340609882,113.72273056729534,657500,2024-04-23
114.5043716430664,114.5043716430664,114.54296431083355,112.08227313841586,112.60336249970739,728000,2024-04-24
114.03153228759766,114.03153228759766,114.59122170580532,112.93145714819819,114.33068069371735,523300,2024-04-25
112.8349609375,112.8349609375,114.33068088397773,112.82530908897601,114.17628075640698,733100,2024-04-26
114.48507690429688,114.48507690429688,114.48507690429688,113.17270523144626,113.17270523144626,618800,2024-04-29
113.77098846435547,113.77098846435547,114.5043743265684,112.91215802345212,113.96398125652583,784000,2024-04-30
114.5043716430664,114.5043716430664,115.70094312332681,113.54903746626381,114.0604749795121,498500,2024-05-01
114.88070678710938,114.88070678710938,115.39214427388927,114.25346921641226,114.90965496753803,529700,2024-05-02
115.14125061035156,115.14125061035156,115.6816362908757,114.15697564051077,115.51759168960268,608200,2024-05-03
115.2667007446289,115.2667007446289,115.5947973252092,114.5912186113799,115.3921526852345,478800,2024-05-06
116.12554168701172,116.12554168701172,116.29923816015831,115.02546647781791,115.79745243895914,747800,2024-05-07
116.36678314208984,116.36678314208984,116.55978330810747,115.41145624746414,116.09659027186872,991600,2024-05-08
115.4983139038086,115.4983139038086,117.22562682395738,113.49115625067664,115.08337272899962,1878000,2024-05-09
113.07621765136719,113.07621765136719,115.58516109382555,112.76742472556006,115.51761287137411,3140300,2024-05-10
112.25597381591797,112.25597381591797,114.12802748558505,112.07262550721222,113.53939725245179,1282700,2024-05-13
113.14375305175781,113.14375305175781,113.6262424037909,112.47791539004712,113.6262424037909,1217700,2024-05-14
113.68413543701172,113.68413543701172,114.43681762616283,113.41394258574753,114.34997307920065,1274100,2024-05-15
114.40787506103516,114.40787506103516,115.26670553566446,113.61659280253839,113.86748933197494,1339100,2024-05-16
114.48507690429688,114.48507690429688,114.6105214898622,113.84819476546839,114.59122515446887,1703600,2024-05-17
114.13768768310547,114.13768768310547,114.78422169176761,113.95433936098787,114.34998419035662,646000,2024-05-20
114.3499755859375,114.3499755859375,114.78421305467371,113.61658971485552,114.17627912600238,957200,2024-05-21
113.08585357666016,113.08585357666016,114.24382504482533,112.79635702851735,113.7999357366219,1200300,2024-05-22
109.99791717529297,109.99791717529297,112.47791207721106,109.86282074967899,112.47791207721106,1351000,2024-05-23
109.43910217285156,109.43910217285156,110.95517295945136,109.03093040946919,110.3137612476454,797200,2024-05-24
108.88516998291016,108.88516998291016,110.46926964874206,108.82686184016954,109.62377192074146,1227300,2024-05-28
108.20487976074219,108.20487976074219,108.92404814626204,107.84530298254796,108.16601260734203,1165900,2024-05-29
109.41966247558594,109.41966247558594,109.4488239572265,108.34092492094481,108.68106806110772,1306600,2024-05-30
112.6559066772461,112.6559066772461,112.84055900338153,109.67235246242258,109.90559243283867,1985400,2024-05-31
112.25746154785156,112.25746154785156,113.29733209911586,112.08252970677134,112.65591287696657,892500,2024-06-03
112.62675476074219,112.62675476074219,113.12239619509545,111.0232141775276,111.68406695181025,880300,2024-06-04
111.77154541015625,111.77154541015625,112.36436959634635,111.16900072832996,112.2380253967731,1087100,2024-06-05
112.19913482666016,112.19913482666016,112.25745037759442,111.12038981643427,111.52856901471556,1125300,2024-06-06
111.54800415039062,111.54800415039062,112.30603959206726,111.13011186657342,111.13011186657342,1073200,2024-06-07
112.22830200195312,112.22830200195312,112.33519778586461,111.22729865125808,111.46054603769683,1060600,2024-06-10
112.49070739746094,112.49070739746094,112.53930246151509,111.24675086915863,111.76182592404326,1098500,2024-06-11
112.90858459472656,112.90858459472656,114.43437597784863,112.24773185088337,113.96788863502087,1185700,2024-06-12
112.89887237548828,112.89887237548828,113.29733111571011,112.00477960197901,112.79196917272463,1537600,2024-06-13
112.87944030761719,112.87944030761719,113.02521807829355,111.96590653163966,112.23802108246733,818900,2024-06-14
113.01549530029297,113.01549530029297,113.75409721945331,112.0630869770679,112.4323916439307,800900,2024-06-17
113.70549774169922,113.70549774169922,114.04564091015028,112.64619367215663,112.94746227641828,699100,2024-06-18
113.88043212890625,113.88043212890625,115.04663942249978,113.41394476272974,113.52084796300842,735600,2024-06-20
113.01549530029297,113.01549530029297,114.58988184557984,112.95718715902632,113.72493573425473,1457000,2024-06-21
114.69676971435547,114.69676971435547,115.03692028710088,112.70449840811749,112.70449840811749,821900,2024-06-24
113.24873352050781,113.24873352050781,115.01748545224793,112.70450443830013,114.63846771077255,1214800,2024-06-25
112.84056091308594,112.84056091308594,113.04464681747459,111.46054722746842,112.10195901060914,931900,2024-06-26
113.26818084716797,113.26818084716797,113.55972897984779,111.29533548466328,112.97662529992259,644600,2024-06-27
113.36536407470703,113.36536407470703,113.7541023346173,112.32549349282228,113.71522776716971,1452600,2024-06-28
112.71421813964844,112.71421813964844,113.99704905222222,112.49069125746271,113.6277444133558,853400,2024-07-01
113.23900604248047,113.23900604248047,113.26816752542771,112.35463383842959,112.76280562491462,806400,2024-07-02
111.91730499267578,111.91730499267578,113.71521083567741,111.91730499267578,113.24872351032904,403100,2024-07-03
111.39250946044922,111.39250946044922,112.59759121285742,111.0134917527195,112.03392119100548,1429200,2024-07-05
110.86772155761719,110.86772155761719,111.82984292631757,110.39151370605816,111.4799792623238,867600,2024-07-08
111.53829956054688,111.53829956054688,111.75210598013567,110.26518895335194,110.44984130019058,942100,2024-07-09
113.71521759033203,113.71521759033203,113.77352572900239,111.4216702181425,112.02420742324259,803200,2024-07-10
116.49468231201172,116.49468231201172,116.89313360496176,114.4635290407929,114.696769002875,940900,2024-07-11
117.53455352783203,117.53455352783203,118.40920524492881,116.74735660205427,117.18468987516742,816000,2024-07-12
117.42765045166016,117.42765045166016,117.84554273639992,116.52383725045857,116.93200904079096,588400,2024-07-15
118.89513397216797,118.89513397216797,119.03119865897882,117.35962941188663,117.94273306644861,697500,2024-07-16
121.14009094238281,121.14009094238281,121.84953135745792,119.07978350254912,119.38105211049348,794700,2024-07-17
119.75035858154297,119.75035858154297,121.55798508572178,119.69205044094532,120.52782764291723,1169200,2024-07-18
119.48795318603516,119.48795318603516,120.48895652558663,118.38005406376219,120.48895652558663,1031800,2024-07-19
120.03218841552734,120.03218841552734,120.54726340731945,119.2449914787568,119.61429612537367,925300,2024-07-22
121.0331802368164,121.0331802368164,121.6260043356963,119.41020618919127,120.03218435612024,629500,2024-07-23
122.35489654541016,122.35489654541016,122.44235875731339,121.23727687884443,121.50939142418594,837700,2024-07-24
121.4122085571289,121.4122085571289,124.29858017917392,121.19840215333812,122.93800003969508,900400,2024-07-25
122.60757446289062,122.60757446289062,122.80193987199151,121.72319479798192,122.00502983137376,504400,2024-07-26
123.46279907226562,123.46279907226562,123.82238325384807,122.03419025583203,122.91856996679205,620400,2024-07-29
124.60956573486328,124.60956573486328,124.87196719187155,122.46179609230522,123.24898563419995,1105000,2024-07-30
124.27912902832031,124.27912902832031,125.1051930907853,123.76405405106206,124.72617537489472,1809400,2024-07-31
126.41718292236328,126.41718292236328,126.61154831622824,124.10419469672199,124.86223011318563,813500,2024-08-01
126.3297348022461,126.3297348022461,128.5163790925258,124.35688950322555,128.351167747867,678800,2024-08-02
123.67659759521484,123.67659759521484,127.89439513735987,123.42391663468769,127.17522682005678,1203900,2024-08-05
123.92926788330078,123.92926788330078,125.51336740953664,123.35588475803868,123.5405370798657,1054500,2024-08-06
124.49295043945312,124.49295043945312,125.71746586661675,123.55025521738222,124.50266351974125,1097800,2024-08-07
123.37532043457031,123.37532043457031,124.833083215985,122.52982276667134,124.10420182527766,1237200,2024-08-08
124.44434356689453,124.44434356689453,124.63870895811847,122.62699675923668,123.70574173402765,674500,2024-08-09
125.01773834228516,125.01773834228516,125.42591015073177,124.41520112445399,124.67758775401455,591100,2024-08-12
125.1732406616211,125.1732406616211,125.639720625101,124.70676069814118,125.58141248330736,461100,2024-08-13
125.03717803955078,125.03717803955078,125.70775129975695,124.40547192916772,124.86223879252177,725500,2024-08-14
125.3967514038086,125.3967514038086,126.07703772584671,123.84180594303231,124.47350462181903,846600,2024-08-15
125.57169342041016,125.57169342041016,125.97013731339491,124.78448905630667,125.69802277856778,876000,2024-08-16
125.76605987548828,125.76605987548828,126.3394430194314,125.25098487104715,125.50365841859919,653700,2024-08-19
125.62027740478516,125.62027740478516,126.31029167173253,125.35789077137159,125.66887246512744,478300,2024-08-20
125.94098663330078,125.94098663330078,126.41719449662932,125.29956742860448,125.63000494047039,648600,2024-08-21
126.06732177734375,126.06732177734375,126.66014587930107,125.54251889147763,126.01872672063328,433100,2024-08-22
126.42689514160156,126.42689514160156,126.8156407558153,125.92154808681707,126.44633612959448,507800,2024-08-23
127.31189727783203,127.31189727783203,128.10398825287749,126.67625784888996,126.89139551142868,656800,2024-08-26
126.45136260986328,126.45136260986328,127.45859137475107,126.40246496738547,127.08700211914382,430800,2024-08-27
126.23621368408203,126.23621368408203,127.7519509371882,126.12864484879155,126.71538666336949,652200,2024-08-28
126.52957916259766,126.52957916259766,126.60781239594905,125.28765083052257,126.39267473459861,503300,2024-08-29
127.84973907470703,127.84973907470703,128.17244556255955,126.10909068917289,126.50024192940803,872100,2024-08-30
128.9352264404297,128.9352264404297,130.06957123016716,127.78130468690411,127.91820914022412,1029500,2024-09-03
129.2774658203125,129.2774658203125,130.32381860758474,128.29957271286466,129.34592550013687,822600,2024-09-04
128.51470947265625,128.51470947265625,130.50961975362688,128.2800097568172,130.36292683567828,631500,2024-09-05
127.9084243774414,127.9084243774414,129.3948261129255,127.77151993611163,128.82764630699782,879200,2024-09-06
130.84210205078125,130.84210205078125,131.05723973025798,127.98665593945758,128.22134073782144,1656800,2024-09-09
133.1890411376953,133.1890411376953,133.31617201928847,131.28215252112284,131.28215252112284,1656900,2024-09-10
131.80044555664062,131.80044555664062,133.09127175522926,129.64908348045913,132.70010551862686,927800,2024-09-11
131.7906494140625,131.7906494140625,132.0840203108789,130.90076316492275,131.46794291971082,795600,2024-09-12
133.9420166015625,133.9420166015625,133.9420166015625,130.93987767827488,132.19157962920283,887200,2024-09-13
135.21328735351562,135.21328735351562,135.49686979596063,133.99092094019835,134.35273662367146,762500,2024-09-16
135.09593200683594,135.09593200683594,135.71200946302594,134.7438898777938,134.9492540036789,740300,2024-09-17
133.51173400878906,133.51173400878906,135.5261912603878,133.08145868874593,135.01769762894,629300,2024-09-18
133.23794555664062,133.23794555664062,133.84423455237794,131.9666814404309,133.2281719965843,1021600,2024-09-19
133.54107666015625,133.54107666015625,134.3820653060843,132.3773815071491,134.3820653060843,2146600,2024-09-20
134.31362915039062,134.31362915039062,134.4505335935426,133.4726404506099,133.9322514215055,732600,2024-09-23
133.4628448486328,133.4628448486328,135.41863103014867,133.02279594208463,133.3259404127853,698100,2024-09-24
133.56063842773438,133.56063842773438,134.430962670582,133.1303630858386,134.430962670582,761500,2024-09-25
133.74644470214844,133.74644470214844,134.91991344871,133.0619225101096,133.44330022577873,527500,2024-09-26
134.73411560058594,134.73411560058594,135.35996661316523,133.9713601453007,134.15716222928702,729000,2024-09-27
135.64356994628906,135.64356994628906,135.85869271874805,134.25494849587787,135.12527283167694,648600,2024-09-30
135.90757751464844,135.90757751464844,136.54321697623502,134.7830064293663,135.72177544005336,771000,2024-10-01
136.0444793701172,136.0444793701172,136.24006992164297,134.48963296715036,134.90034626671908,620400,2024-10-02
136.14227294921875,136.14227294921875,136.24984178263173,135.00791341894816,136.14227294921875,744200,2024-10-03
136.7485809326172,136.7485809326172,136.9441565875027,135.0372678398033,135.26219401831435,674200,2024-10-04
134.6167755126953,134.6167755126953,136.52366418368706,133.638882356139,136.21073121128563,953300,2024-10-07
135.17416381835938,135.17416381835938,136.10315931194057,134.65588165073623,135.27195910040584,897800,2024-10-08
134.9883575439453,134.9883575439453,136.04448388710105,134.46030183309975,134.95902194453527,676600,2024-10-09
135.1448211669922,135.1448211669922,135.99559829630584,134.69499870456363,134.88078585641455,581500,2024-10-10
136.27920532226562,136.27920532226562,136.5627878022447,135.64358067179734,135.66312779354283,490200,2024-10-11
137.1788330078125,137.1788330078125,137.46243034243514,136.07380910942175,136.31828236683822,484500,2024-10-14
138.86082458496094,138.86082458496094,139.69203971479496,137.79492465345334,137.94160265449932,529900,2024-10-15
140.7579345703125,140.7579345703125,140.99261936352295,139.28130644619603,139.3986637642657,446200,2024-10-16
140.58189392089844,140.58189392089844,141.12952654120932,139.30085646363764,140.83615565355143,675900,2024-10-17
140.09295654296875,140.09295654296875,140.69926039602194,139.2324207836246,140.69926039602194,779000,2024-10-18
139.06617736816406,139.06617736816406,140.58189966026112,138.5772308425937,140.58189966026112,649500,2024-10-21
138.7825927734375,138.7825927734375,139.05640165918706,137.6482331487807,138.52834592851724,841900,2024-10-22
139.9462890625,139.9462890625,140.15165318910596,138.5381205413885,138.75325822775082,684300,2024-10-23
139.51602172851562,139.51602172851562,140.61125734294612,139.11508193342368,140.259215192384,587500,2024-10-24
137.60910034179688,137.60910034179688,140.0342707366074,137.43307184751228,140.0342707366074,682100,2024-10-25
138.3621063232422,138.3621063232422,138.8608264549798,137.77536446822663,138.14696863783416,591100,2024-10-28
137.34507751464844,137.34507751464844,138.01005255568424,136.95392625860194,137.57977722115473,787200,2024-10-29
136.53341674804688,136.53341674804688,138.42075800913597,136.14226551415993,137.8829138714441,540300,2024-10-30
135.7119903564453,135.7119903564453,137.63844077450173,135.5066411809361,136.35740332240053,1099900,2024-10-31
135.3404083251953,135.3404083251953,136.18139704555574,134.8612502231706,135.88804103266943,852000,2024-11-01
134.6265411376953,134.6265411376953,135.86846955133336,134.13759458823546,134.7145479354466,864500,2024-11-04
134.92967224121094,134.92967224121094,134.92967224121094,133.64863479599407,134.44072574019913,893200,2024-11-05
135.80979919433594,135.80979919433594,136.84636349817922,133.62908682677852,135.87824395252287,1132500,2024-11-06
138.31320190429688,138.31320190429688,141.31532595025953,135.9075783223686,136.8268002201667,1344800,2024-11-07
141.00241088867188,141.00241088867188,142.0585372453156,138.66524693654677,139.38887829318918,801700,2024-11-08
142.8799591064453,142.8799591064453,143.6720501170862,141.28598860458592,141.6869283501952,1080200,2024-11-11
143.5742645263672,143.5742645263672,145.10954885317238,142.85061829883443,143.202660393112,714400,2024-11-12
143.2711181640625,143.2711181640625,144.47393746631215,143.1342137217087,144.42503982515754,831400,2024-11-13
141.1490936279297,141.1490936279297,143.58405294208904,140.99262714284666,143.58405294208904,616900,2024-11-14
141.6869354248047,141.6869354248047,142.86040419995675,140.5819114097918,141.15887969849902,1553600,2024-11-15
143.720947265625,143.720947265625,144.5130382735656,141.86295638086222,142.11720321011964,1209900,2024-11-18
143.53514099121094,143.53514099121094,143.61337422595335,141.88249934575433,143.26133213034444,880700,2024-11-19
143.96542358398438,143.96542358398438,144.10232802132384,142.85062604523023,142.92885928391917,720700,2024-11-20
146.93821716308594,146.93821716308594,147.05557448593788,143.96542859672016,144.71841048903764,697200,2024-11-21
146.7328643798828,146.7328643798828,147.89655957012124,146.63506910013692,147.4076130143212,538100,2024-11-22
147.71646118164062,147.71646118164062,148.69022676382636,147.01811632661216,147.79515067390184,1828400,2024-11-25
147.86399841308594,147.86399841308594,148.25743083611934,147.1263013635346,148.20824803111896,603600,2024-11-26
148.94593811035156,148.94593811035156,150.14592645547722,148.55250570572986,148.95578367598182,935400,2024-11-27
148.8377685546875,148.8377685546875,149.2705382301019,148.31644881563707,149.26070767218977,367200,2024-11-29
146.12301635742188,146.12301635742188,148.73938526572041,145.9853135205895,148.73938526572041,862200,2024-12-02
143.634521484375,143.634521484375,147.22464085111397,143.51649476807177,147.07710745573493,1000100,2024-12-03
141.63783264160156,141.63783264160156,143.38863242774258,141.1362040540504,142.87715827416105,902300,2024-12-04
140.6935577392578,140.6935577392578,142.70993243350986,140.65422050508684,141.23453851212784,616600,2024-12-05
139.63128662109375,139.63128662109375,141.70667466040624,139.2378392389474,140.6935570316813,673100,2024-12-06
138.73622131347656,138.73622131347656,139.9460402130045,138.43130894931363,139.47391832683235,583400,2024-12-09
138.7952423095703,138.7952423095703,139.601783284136,136.88706352867968,138.3034442736082,903900,2024-12-10
137.7329559326172,137.7329559326172,139.32637675695293,137.3788607484887,139.0509710591291,792000,2024-12-11
137.9198455810547,137.9198455810547,138.8936111177321,137.53624370451246,138.4804875505463,647900,2024-12-12
138.27394104003906,138.27394104003906,138.92311806573292,137.4968917190913,138.52967062206147,612100,2024-12-13
138.14605712890625,138.14605712890625,139.35587602343807,137.96901705050436,138.45096949180999,680100,2024-12-16
139.06080627441406,139.06080627441406,139.10997406727046,136.04115937223662,137.37885052287666,960500,2024-12-17
134.17233276367188,134.17233276367188,140.82143626123099,134.07396716115687,139.06080604068904,1376200,2024-12-18
135.7067413330078,135.7067413330078,137.37885153146294,133.81823881385432,133.88708272944893,1139300,2024-12-19
137.39852905273438,137.39852905273438,138.14605661735888,135.3526475507007,135.3526475507007,2109500,2024-12-20
136.91656494140625,136.91656494140625,137.38868683538615,135.41166420995177,136.71984873628833,870100,2024-12-23
137.762451171875,137.762451171875,137.82146452958082,136.66082847207642,136.9952475047319,215700,2024-12-24
137.7034454345703,137.7034454345703,137.9788511247607,136.63132935429456,137.54606646632308,336800,2024-12-26
137.07394409179688,137.07394409179688,138.23458020948038,136.42476710640554,136.74935559910122,387200,2024-12-27
136.65098571777344,136.65098571777344,137.19196652201117,135.4018295980146,136.39525615962648,567500,2024-12-30
136.9854278564453,136.9854278564453,137.59525261261237,136.2477308094104,137.1723135097184,474200,2024-12-31
136.021484375,136.021484375,138.17556201855444,135.10674729813928,138.17556201855444,567200,2025-01-02
136.51329040527344,136.51329040527344,137.07394736289564,135.51986378888063,136.00183126077593,791300,2025-01-03
134.27069091796875,134.27069091796875,136.57231707345517,133.9264413067504,136.13953241159473,946500,2025-01-06
134.38873291015625,134.38873291015625,135.72642413646446,134.1428338980296,134.27069117856593,611900,2025-01-07
137.2313232421875,137.2313232421875,137.41820889051723,134.3297179356315,134.3297179356315,954900,2025-01-08
134.7919921875,134.7919921875,136.6608336335081,134.52643206779405,136.051008902871,779800,2025-01-10
135.99197387695312,135.99197387695312,136.24771843546228,134.39855320278653,135.09691294762155,785200,2025-01-13
138.41163635253906,138.41163635253906,138.93294105457835,136.34607865913028,136.3952614629704,1049900,2025-01-14
138.76571655273438,138.76571655273438,140.37881328860723,138.11653963246675,140.0050420299411,1223900,2025-01-15
142.56240844726562,142.56240844726562,142.61159124958542,138.66736163419225,138.66736163419225,673900,2025-01-16
142.9853515625,142.9853515625,143.585345747367,142.11979725288535,142.3165134592303,1045900,2025-01-17
143.07388305664062,143.07388305664062,145.27712852652024,142.9656868945673,143.90993066494883,1251900,2025-01-21
139.36573791503906,139.36573791503906,143.12306732328972,139.1886828074119,142.26734349380177,818200,2025-01-22
137.27066040039062,137.27066040039062,140.6444026087148,136.74935570192258,140.1034217871486,1247300,2025-01-23
137.22146606445312,137.22146606445312,137.77229240551782,136.49361466432035,136.56245857665147,898300,2025-01-24
140.49684143066406,140.49684143066406,140.5657003510079,136.62147099914128,138.3821161485609,1116300,2025-01-27
139.13949584960938,139.13949584960938,140.28045579566572,138.25425045033495,140.17225963603718,683100,2025-01-28
138.71653747558594,138.71653747558594,140.10341138559565,138.3526117719529,139.14932210070813,802200,2025-01-29
140.36900329589844,140.36900329589844,140.86080133630264,139.34605496710606,140.47719946512677,654300,2025-01-30
140.17225646972656,140.17225646972656,140.68373057718821,139.02145098430046,140.06406031254204,1240800,2025-01-31
141.04766845703125,141.04766845703125,141.42143976110594,138.3821315494553,139.7099772202471,831100,2025-02-03
140.06407165527344,140.06407165527344,140.80176869350376,139.2477001404317,139.83784876592517,1060800,2025-02-04
142.68043518066406,142.68043518066406,144.02795691515698,140.59521643675077,141.53946020405775,1299000,2025-02-05
140.7722625732422,140.7722625732422,142.74930024900272,140.02473497457976,142.50340123528005,857100,2025-02-06
140.1624298095703,140.1624298095703,141.47061428881102,139.68046236717095,140.77225452602693,660100,2025-02-07
139.946044921875,139.946044921875,140.82144480683974,138.5395097731556,140.38866014308465,836000,2025-02-10
142.69027709960938,142.69027709960938,142.75912101431751,139.19850834255897,139.37554841622304,578100,2025-02-11
143.93943786621094,143.93943786621094,143.9886206688741,140.72308968912174,141.11652209345868,897400,2025-02-12
145.55255126953125,145.55255126953125,145.77878918578125,143.52634564093813,143.9788064649522,1148200,2025-02-13
144.1066436767578,144.1066436767578,146.39842414377793,144.05747588384523,145.80827555247282,745600,2025-02-14
145.6312255859375,145.6312255859375,146.2115436407465,143.22141831768386,144.08698762552393,987700,2025-02-18
146.16236877441406,146.16236877441406,146.8017001586462,144.932873798211,145.69023189744388,808300,2025-02-19
145.1984405517578,145.1984405517578,146.07384041453645,143.85091879888662,144.33288625466886,602300,2025-02-20
147.4410400390625,147.4410400390625,147.7951352129528,145.10009167524524,145.23779452017567,1057700,2025-02-21
147.7754669189453,147.7754669189453,148.8869201817131,146.48694356510828,148.46398111014742,1036800,2025-02-24
148.78457641601562,148.78457641601562,149.41774377077198,147.40941535978388,147.40941535978388,936100,2025-02-25
148.3888397216797,148.3888397216797,149.02200702199585,147.40940268542062,148.53723241085567,816700,2025-02-26
148.04257202148438,148.04257202148438,149.23966174892897,147.10271642001433,147.86450079202453,962100,2025-02-27
150.50599670410156,150.50599670410156,150.7236493823063,148.72520892601716,149.59581963883608,1071700,2025-02-28
151.989990234375,151.989990234375,152.39560197320424,150.0805853147347,150.2586716477939,790800,2025-03-03
148.15139770507812,148.15139770507812,152.9001600496962,147.71609235156905,152.1185849570142,1069700,2025-03-04
146.5684814453125,146.5684814453125,148.08214737128893,146.1134004339982,146.91475120705627,724100,2025-03-05
144.78770446777344,144.78770446777344,146.45965086030063,143.6104054270041,146.32114597879246,1089900,2025-03-06
147.01368713378906,147.01368713378906,147.80513498221265,144.5304719572749,144.6986553798599,1315600,2025-03-07
148.31959533691406,148.31959533691406,151.35683019264266,146.3310576132985,147.082939144041,926700,2025-03-10
147.0730438232422,147.0730438232422,148.7054238761668,146.5289121069673,148.25034287411873,1017600,2025-03-11
145.58905029296875,145.58905029296875,146.6674107693702,144.68876104566874,146.22221760071724,644400,2025-03-12
145.46043395996094,145.46043395996094,146.94442126018163,144.64919541904135,145.68797445247625,811100,2025-03-13
148.2899169921875,148.2899169921875,148.72522238799897,145.09440161242716,145.42088065928579,795700,2025-03-14
149.86293029785156,149.86293029785156,150.81268883563578,148.1909688163157,148.33937660754125,936400,2025-03-17
148.9527587890625,148.9527587890625,149.53645687374168,147.8743982402348,149.04179440959314,645400,2025-03-18
149.14073181152344,149.14073181152344,149.4870015721657,147.7754585901229,148.86372204136975,702400,2025-03-19
149.20999145507812,149.20999145507812,149.7738988087583,148.2701207057774,149.22976708440007,1062300,2025-03-20
147.04336547851562,147.04336547851562,150.41695193208716,146.32114742873077,148.76478115204654,1938400,2025-03-21
148.04257202148438,148.04257202148438,148.90327982233913,146.42007984861945,146.42007984861945,694300,2025-03-24
146.75645446777344,146.75645446777344,148.0326920635641,145.7473539221485,147.80513646375636,875800,2025-03-25
148.55703735351562,148.55703735351562,149.2198832551098,146.61795381925901,146.79604015921453,634000,2025-03-26
149.32870483398438,149.32870483398438,150.3279175619277,148.67574676816787,149.40785263855912,661600,2025-03-27
150.83248901367188,150.83248901367188,151.76244178916394,149.9816689500466,150.64451485721153,858300,2025-03-28
152.92984008789062,152.92984008789062,153.60257375289484,151.5942454761506,151.5942454761506,1116200,2025-03-31
153.2860107421875,153.2860107421875,153.6124897884178,151.35683010164556,152.78144535442215,770800,2025-04-01
153.55313110351562,153.55313110351562,153.95874285741513,151.96031734084497,153.0980349873666,718500,2025-04-02
153.63226318359375,153.63226318359375,155.93739210369924,153.41462558517358,153.92906368456752,1159000,2025-04-03
146.23211669921875,146.23211669921875,154.33469035837769,145.50002590633102,152.83091222546952,1431800,2025-04-04
143.51145935058594,143.51145935058594,147.56769724638602,140.07850093673878,143.03658765266417,2060800,2025-04-07
145.28237915039062,145.28237915039062,148.76479220612453,143.87752439634093,146.7861422488616,1874900,2025-04-08
147.3005828857422,147.3005828857422,149.31879902760656,141.01836376954745,143.59061453269015,1471600,2025-04-09
147.69630432128906,147.69630432128906,150.1597287008131,144.72832968875872,147.40940674900696,1170500,2025-04-10
149.86293029785156,149.86293029785156,150.8324795603125,145.75723803757458,147.35005171630345,926200,2025-04-11
153.3255615234375,153.3255615234375,154.12691223919268,149.69474112366936,150.5950303631051,1002300,2025-04-14
154.60182189941406,154.60182189941406,155.84836596426516,153.1870793002539,154.09725648828984,1439400,2025-04-15
154.64137268066406,154.64137268066406,156.06600295179624,153.7311955843074,155.3734785410792,1481900,2025-04-16
155.8582305908203,155.8582305908203,157.50051346867176,154.63147743533065,154.63147743533065,904400,2025-04-17
154.86892700195312,154.86892700195312,155.25476314349345,152.78145067313204,155.1063704336323,1765700,2025-04-21
158.40081787109375,158.40081787109375,159.76609112866856,155.82856697048334,156.20451528103888,1602300,2025-04-22
157.8863525390625,157.8863525390625,159.7462881272208,156.19461546336493,158.9053559485153,1790300,2025-04-23
157.9654998779297,157.9654998779297,158.3513359726525,156.48151257578053,157.6884901225338,1498200,2025-04-24
156.45184326171875,156.45184326171875,157.95562137674364,155.33390126416535,157.39169892264667,1245900,2025-04-25
157.03553771972656,157.03553771972656,157.12458843393352,154.4929805673725,155.7692030508055,1147600,2025-04-28
157.9853057861328,157.9853057861328,158.3711419179384,156.20451783322216,156.68929249970645,650800,2025-04-29
158.91526794433594,158.91526794433594,159.33078260240225,154.9579682341038,158.3018762240377,1640200,2025-04-30
158.47006225585938,158.47006225585938,159.94416185668288,157.47084949712035,159.04387253478598,1219500,2025-05-01
159.77598571777344,159.77598571777344,159.9243784277576,157.95563136109502,159.12302760204054,663000,2025-05-02
159.67703247070312,159.67703247070312,159.81553735256273,157.64892850688045,159.64735393144036,1107500,2025-05-05
160.2310791015625,160.2310791015625,161.1610318946522,159.46929464629756,159.77598297226237,1042700,2025-05-06
160.92359924316406,160.92359924316406,161.72495003360086,159.4989689064317,159.51875963219206,1332300,2025-05-07
159.5286407470703,159.5286407470703,165.66245213180866,159.11312609895805,164.22793404039487,1841800,2025-05-08
158.15347290039062,158.15347290039062,159.92435775957634,156.12535391594153,159.75617434469606,1107000,2025-05-09
153.57290649414062,153.57290649414062,158.2326336123781,152.17796979903824,156.46173351278972,1275000,2025-05-12
152.01966857910156,152.01966857910156,154.2357467057096,151.81190370678203,153.75098716346412,1001000,2025-05-13
150.62472534179688,150.62472534179688,151.9998864340206,148.39874417911022,151.88117226936558,1504700,2025-05-14
154.3050079345703,154.3050079345703,154.3643650140241,150.80278928779563,151.9998790750808,1088700,2025-05-15
155.9967498779297,155.9967498779297,155.9967498779297,153.30579991927104,153.6025853256631,1206200,2025-05-16
158.27220153808594,158.27220153808594,158.29199226397117,155.40316521666176,156.21440382714624,1226900,2025-05-19
157.401611328125,157.401611328125,158.5887982922742,157.09490790187448,158.16338069837914,1075300,2025-05-20
155.28445434570312,155.28445434570312,157.24331356465194,154.99754164993675,156.8970437858721,1127400,2025-05-21
153.63226318359375,153.63226318359375,155.21518912485348,152.49454554174497,154.9183886238797,1135000,2025-05-22
155.6010284423828,155.6010284423828,155.8384718672175,153.14750676936134,154.78978982535753,984700,2025-05-23
155.6806182861328,155.6806182861328,156.4565828075774,154.8747949632155,156.4565828075774,911600,2025-05-27
152.92494201660156,152.92494201660156,155.70050510611776,152.70607866991642,155.14340392541692,1050900,2025-05-28
153.54173278808594,153.54173278808594,153.70090889353907,151.31332803121805,152.16888062319236,743500,2025-05-29
153.87997436523438,153.87997436523438,154.60620967155464,152.82545920576246,153.44226283440906,3090000,2025-05-30
153.84017944335938,153.84017944335938,154.08888640800396,152.43746851959548,152.86525239231577,935300,2025-06-02
153.81033325195312,153.81033325195312,154.4967668916814,152.27830505448347,154.4669232708122,1259200,2025-06-03
151.36305236816406,151.36305236816406,153.7804919541667,151.2536206967011,153.61137304006363,901500,2025-06-04
151.56202697753906,151.56202697753906,152.0594408958377,150.67663081016224,151.48243892902713,867200,2025-06-05
151.3928985595703,151.3928985595703,152.78566669091293,150.51746035287326,152.188763894642,624500,2025-06-06
151.18399047851562,151.18399047851562,152.00969942051324,149.94045565861592,150.7064773580373,791800,2025-06-09
152.1887664794922,152.1887664794922,152.49716069685158,150.63683739867142,151.27352664156888,871400,2025-06-10
151.68141174316406,151.68141174316406,152.68618246149023,151.6416101262758,152.14898207245176,919400,2025-06-11
153.6909637451172,153.6909637451172,153.7904374246129,151.80078167627494,152.0196450229816,783800,2025-06-12
152.19871520996094,152.19871520996094,153.75064419632372,151.74108772891825,153.4422499977347,646200,2025-06-13
151.2536163330078,151.2536163330078,153.3726044648084,150.59704150304069,152.82544612327914,738300,2025-06-16
151.5122833251953,151.5122833251953,151.72118867122379,149.9006518993489,151.06461383240895,511000,2025-06-17
151.60182189941406,151.60182189941406,152.40763006339276,151.35311492634068,151.71125357476112,501000,2025-06-18
152.76576232910156,152.76576232910156,153.36266511148605,151.53218550931385,151.53218550931385,1558300,2025-06-20
155.5612335205078,155.5612335205078,156.0089182184104,153.710853023416,153.710853023416,820000,2025-06-23
155.63087463378906,155.63087463378906,156.287464672095,154.88475373022376,155.0936590824956,746300,2025-06-24
151.94004821777344,151.94004821777344,154.98421890856832,151.9301054043573,154.86484442810354,672700,2025-06-25
152.1290740966797,152.1290740966797,153.1139591400295,151.35310958247743,152.02960041888386,573300,2025-06-26
151.70130920410156,151.70130920410156,153.18359303329422,151.58191953594041,151.75103845431084,1551600,2025-06-27
153.31292724609375,153.31292724609375,153.3925152991433,151.28348502287184,151.44264594910194,810200,2025-06-30
152.8553009033203,152.8553009033203,154.9742891898229,152.07933635499776,153.12390868693015,980300,2025-07-01
150.7263641357422,150.7263641357422,152.87519596409356,149.2042787189604,152.148975874094,808800,2025-07-02
151.4923858642578,151.4923858642578,152.01964341760987,149.85092596116078,150.1692629840014,412900,2025-07-03
151.99974060058594,151.99974060058594,152.56679976171458,151.34316575594795,151.53218547632414,638000,2025-07-07
151.20388793945312,151.20388793945312,151.80077553187323,149.7315318157738,150.95518098097773,721900,2025-07-08
152.3081512451172,152.3081512451172,152.64638907392055,150.49755725587264,151.23373533609325,680300,2025-07-09
153.5715789794922,153.5715789794922,153.92971763281858,151.36305981395768,151.36305981395768,531100,2025-07-10
153.39251708984375,153.39251708984375,154.23811170111225,152.0992377774617,152.94484756859936,436900,2025-07-11
154.5962371826172,154.5962371826172,155.7999855241659,153.31291597373854,153.39250402093634,733400,2025-07-14
153.302978515625,153.302978515625,154.36743642686136,152.00969926825107,154.11872946313053,530600,2025-07-15
154.02920532226562,154.02920532226562,154.37738597876478,153.0443202381517,153.49198975643293,631100,2025-07-16
154.46693420410156,154.46693420410156,155.13346708380536,153.14381125906473,154.2580136633613,488300,2025-07-17
155.8497314453125,155.8497314453125,156.65553955859755,154.7952163746003,154.7952163746003,751400,2025-07-18
157.40167236328125,157.40167236328125,158.27712577734945,155.84974326006517,155.84974326006517,753400,2025-07-21
157.95877075195312,157.95877075195312,159.74946398530324,157.67027734374034,157.86923988525282,495500,2025-07-22
156.2775115966797,156.2775115966797,158.57556162320682,155.6507803402708,158.15773572564453,509100,2025-07-23
156.89430236816406,156.89430236816406,157.7299540948441,156.2675559832201,156.82465713434013,451100,2025-07-24
156.02879333496094,156.02879333496094,157.19274007537888,155.31251608241635,156.57595167785863,533700,2025-07-25
153.87997436523438,153.87997436523438,155.7800993230817,153.43230484015828,155.5910795907482,734500,2025-07-28
155.30258178710938,155.30258178710938,155.72040767736652,153.73075190669311,154.59624730937801,614300,2025-07-29
155.39210510253906,155.39210510253906,156.72517076094312,154.94443561186526,155.8795762074188,656400,2025-07-30
155.11355590820312,155.11355590820312,156.05863932581656,153.75064661690382,155.06381147993542,1166500,2025-07-31
155.00411987304688,155.00411987304688,156.67543850059437,153.82027234100653,156.67543850059437,829900,2025-08-01
158.62530517578125,158.62530517578125,158.93369939514045,155.0837202904565,155.20309478056484,1092800,2025-08-04
155.8199005126953,155.8199005126953,159.1724657142434,155.63088078088057,158.6750517588864,863200,2025-08-05
156.20787048339844,156.20787048339844,157.74985665948927,154.75541516904931,155.80993024254414,1409800,2025-08-06
161.87838745117188,161.87838745117188,165.5691902393989,160.07775148830515,160.1573395371444,2039500,2025-08-07
163.4402618408203,163.4402618408203,165.5095056036153,161.88833281369116,161.99776448508453,1416100,2025-08-08
164.18638610839844,164.18638610839844,164.30577577592553,162.48523893979208,163.68897216999702,1306500,2025-08-11
164.8628692626953,164.8628692626953,165.09167541331652,162.85331279499232,164.355512533961,1007000,2025-08-12
166.11634826660156,166.11634826660156,166.12630626010483,163.6591222904628,164.6141636948191,861400,2025-08-13
165.270751953125,165.270751953125,166.5739739792621,164.83302527994684,166.11634649915732,658400,2025-08-14
164.51467895507812,164.51467895507812,165.7980153999195,164.00732220936672,165.13148255285486,968700,2025-08-15
163.1716766357422,163.1716766357422,164.49479956617026,162.97271409143875,164.49479956617026,870000,2025-08-18
164.95240783691406,164.95240783691406,165.02205307463274,162.92296564721838,163.03239732087007,669700,2025-08-19
165.23095703125,165.23095703125,166.9818637948756,164.71365746915026,165.53935124169718,766200,2025-08-20
165.92733764648438,165.92733764648438,166.2854762952717,164.76339083289278,164.8927233165815,514400,2025-08-21
167.33999633789062,167.33999633789062,167.98662835689035,166.29542407807963,166.5242302291286,720000,2025-08-22
165.4499969482422,165.4499969482422,166.85000610351562,165.17999267578125,166.42999267578125,638000,2025-08-25
166.00999450683594,166.00999450683594,166.4600067138672,164.52999877929688,165.35000610351562,2011000,2025-08-26
166.25,166.25,166.63999938964844,165.35000610351562,166.00999450683594,927900,2025-08-27
165.42999267578125,165.42999267578125,166.02000427246094,165.10000610351562,166.02000427246094,650700,2025-08-28
166.1300048828125,166.1300048828125,166.72000122070312,164.91000366210938,165.32000732421875,724200,2025-08-29
165.4600067138672,165.4600067138672,166.75,165.36000061035156,165.74000549316406,964000,2025-09-02
165.22000122070312,165.22000122070312,165.75999450683594,164.30999755859375,165.24000549316406,655300,2025-09-03
164.7899932861328,164.7899932861328,166.47000122070312,162.99000549316406,165.97999572753906,980900,2025-09-04
166.47999572753906,166.47999572753906,166.57000732421875,164.8300018310547,165.2100067138672,847700,2025-09-05
163.8699951171875,163.8699951171875,166.5500030517578,163.33999633789062,166.47999572753906,1030400,2025-09-08
164.07000732421875,164.07000732421875,164.9199981689453,162.50999450683594,162.89999389648438,659300,2025-09-09
163.91000366210938,163.91000366210938,164.9499969482422,163.6199951171875,164.58999633789062,703700,2025-09-10
166.38999938964844,166.38999938964844,166.5500030517578,162.7100067138672,163.64999389648438,692100,2025-09-11
166.5399932861328,166.5399932861328,167.13999938964844,165.97000122070312,166.57000732421875,414800,2025-09-12
165.80999755859375,165.80999755859375,166.60000610351562,165.69000244140625,166.60000610351562,680400,2025-09-15
163.2100067138672,163.2100067138672,165.75,162.89999389648438,164.61000061035156,1182300,2025-09-16
163.4499969482422,163.4499969482422,164.8699951171875,162.52999877929688,163.57000732421875,1052400,2025-09-17
162.44000244140625,162.44000244140625,163.1199951171875,160.10000610351562,161.1300048828125,1004300,2025-09-18
162.92999267578125,162.92999267578125,163.94000244140625,161.4499969482422,162.77999877929688,1605700,2025-09-19
162.9600067138672,162.9600067138672,163.60000610351562,162.1999969482422,162.72000122070312,778100,2025-09-22
166.33999633789062,166.33999633789062,166.49000549316406,162.6999969482422,162.7100067138672,822200,2025-09-23
166.77000427246094,166.77000427246094,167.24000549316406,166.0800018310547,166.33999633789062,621500,2025-09-24
166.4600067138672,166.4600067138672,168.86000061035156,166.0,166.9199981689453,758700,2025-09-25
168.4499969482422,168.4499969482422,169.9600067138672,167.0399932861328,167.67999267578125,687300,2025-09-26
169.5500030517578,169.5500030517578,169.6999969482422,167.3800048828125,168.89999389648438,753100,2025-09-29
170.75,170.75,171.1999969482422,169.3699951171875,169.72000122070312,866700,2025-09-30
169.3800048828125,169.3800048828125,171.16000366210938,169.08999633789062,171.16000366210938,851400,2025-10-01
168.85000610351562,168.85000610351562,169.1199951171875,167.6199951171875,168.72000122070312,578700,2025-10-02
170.19000244140625,170.19000244140625,170.99000549316406,168.89999389648438,168.89999389648438,607200,2025-10-03
173.32000732421875,173.32000732421875,173.5500030517578,170.19000244140625,170.63999938964844,843900,2025-10-06
174.91000366210938,174.91000366210938,175.49000549316406,173.5399932861328,174.38999938964844,643500,2025-10-07
175.75,175.75,176.11000061035156,173.22000122070312,175.57000732421875,740300,2025-10-08
174.92999267578125,174.92999267578125,177.00999450683594,174.72000122070312,176.61000061035156,501000,2025-10-09
176.47999572753906,176.47999572753906,177.8300018310547,175.2899932861328,175.91000366210938,639800,2025-10-10
175.5399932861328,175.5399932861328,176.9199981689453,174.1300048828125,175.75,475400,2025-10-13
177.64999389648438,177.64999389648438,177.9499969482422,175.41000366210938,176.2100067138672,610500,2025-10-14
179.19000244140625,179.19000244140625,179.6999969482422,177.64999389648438,177.82000732421875,578300,2025-10-15
176.3699951171875,176.3699951171875,179.60000610351562,176.14999389648438,178.6300048828125,1062100,2025-10-16
176.41000366210938,176.41000366210938,177.22999572753906,175.02000427246094,176.8699951171875,1075000,2025-10-17
177.74000549316406,177.74000549316406,178.07000732421875,175.30999755859375,177.57000732421875,654500,2025-10-20
177.0399932861328,177.0399932861328,178.49000549316406,176.44000244140625,178.2100067138672,692300,2025-10-21
177.10000610351562,177.10000610351562,177.9199981689453,176.13999938964844,177.6999969482422,729900,2025-10-22
175.75,175.75,178.0,174.97999572753906,178.0,765500,2025-10-23
175.92999267578125,175.92999267578125,176.6699981689453,175.19000244140625,176.22999572753906,627200,2025-10-24
