Price,Close,High,Low,Open,Volume,Date
154.0283966064453,154.0283966064453,158.2223859553711,152.93681213887336,156.91055889615694,1833500,2020-12-14
154.11456298828125,154.11456298828125,156.49881968721616,152.48676372312187,156.20198750842792,1625600,2020-12-15
154.6986541748047,154.6986541748047,155.6466148069692,152.8889217757696,153.85602250176953,1107100,2020-12-16
157.75315856933594,157.75315856933594,158.70111907645352,155.7040437708322,155.86682221151278,1371300,2020-12-17
157.36061096191406,157.36061096191406,158.93096091739073,156.2786110740027,158.1745180006824,3119900,2020-12-18
156.16371154785156,156.16371154785156,157.36062517724665,152.1420846752365,154.34440867547588,1831100,2020-12-21
156.33604431152344,156.33604431152344,157.43719879216363,155.00507719884772,156.55627228549963,1813100,2020-12-22
158.81607055664062,158.81607055664062,159.773601425881,157.43722376721263,157.64788172730644,1904800,2020-12-23
157.51939392089844,157.51939392089844,160.0417658019178,157.36593752149736,160.0417658019178,288900,2020-12-24
157.28919982910156,157.28919982910156,158.8716767784975,156.51234697632879,158.78536304694646,906600,2020-12-28
157.12615966796875,157.12615966796875,158.27705333813435,155.87935209428645,157.50978601322163,915500,2020-12-29
155.70669555664062,155.70669555664062,157.2124440467413,154.92982820578396,156.59863322829952,879400,2020-12-30
157.73037719726562,157.73037719726562,158.2482742009664,155.16003398217077,156.39725595755493,958200,2020-12-31
156.94390869140625,156.94390869140625,158.19071607966472,151.8895511234194,156.68495289794834,1617000,2021-01-04
158.25784301757812,158.25784301757812,159.91706255704463,155.58201528473973,156.43559620942057,1142300,2021-01-05
163.58074951171875,163.58074951171875,166.97590229868612,161.25019118091362,161.25019118091362,3093800,2021-01-06
166.49635314941406,166.49635314941406,167.23483447564766,164.04109518210825,164.04109518210825,2094100,2021-01-07
165.23037719726562,165.23037719726562,167.40749389587103,162.6408629335638,166.87999672646362,1063600,2021-01-08
164.3576202392578,164.3576202392578,165.99765432977742,162.71760078314523,163.59995308506907,854900,2021-01-11
165.19203186035156,165.19203186035156,165.3454736193837,162.60250278288677,164.04112354396403,982800,2021-01-12
163.49444580078125,163.49444580078125,165.81541873817434,161.6913698682584,165.0193802069947,862400,2021-01-13
161.38446044921875,161.38446044921875,164.3959722721386,160.7610494184506,163.79174694670007,1489400,2021-01-14
161.864013671875,161.864013671875,162.5449526046379,159.55262624616174,160.43497851508658,1111800,2021-01-15
159.3032684326172,159.3032684326172,164.57821090211567,159.26489701938968,163.5711735037847,1385500,2021-01-19
161.0775604248047,161.0775604248047,162.0750122990586,157.91259197806295,159.2265421604317,942100,2021-01-20
160.55006408691406,160.55006408691406,161.82564286228478,159.94585334498538,161.82564286228478,1014700,2021-01-21
160.13768005371094,160.13768005371094,160.50213534446846,158.5456028339265,159.6677253174398,1023000,2021-01-22
161.53793334960938,161.53793334960938,161.87361740280824,157.84548193646225,159.29368832849764,1180500,2021-01-25
157.41384887695312,157.41384887695312,163.18750154646753,157.30834946222626,162.42983457481353,1221100,2021-01-26
150.59478759765625,150.59478759765625,155.94645724278053,150.02891911807097,154.9586057386823,2287600,2021-01-27
157.0973663330078,157.0973663330078,159.82115105074698,152.45542088991914,153.05963156700886,1709900,2021-01-28
155.83139038085938,155.83139038085938,159.0826725827929,153.16514784992424,156.16707439850356,1531400,2021-01-29
160.09927368164062,160.09927368164062,162.4873889899132,156.69455019173512,157.73994424713936,1811300,2021-02-01
159.0634765625,159.0634765625,163.92600616390496,158.2578379733926,161.8064468568119,3077700,2021-02-02
166.0359649658203,166.0359649658203,166.8416034822885,158.38250881739458,159.3895459871776,2600200,2021-02-03
171.96311950683594,171.96311950683594,172.15493266091406,166.26617956084175,166.8608047288056,2338000,2021-02-04
169.55580139160156,169.55580139160156,173.60312146639666,168.4528648899961,172.1069585258381,2165200,2021-02-05
171.61782836914062,171.61782836914062,172.5193661776508,169.2201276590194,169.2201276590194,1594000,2021-02-08
168.24185180664062,168.24185180664062,172.46181358965487,167.74312599054562,171.91513083528866,1737900,2021-02-09
167.63766479492188,167.63766479492188,169.7572390207033,166.93754016665102,169.19138506955844,1358600,2021-02-10
168.36656188964844,168.36656188964844,169.8723104607407,167.38829581456116,168.6255176871961,985000,2021-02-11
166.41001892089844,166.41001892089844,168.52959284005652,164.99058416313338,167.83905384775912,1106900,2021-02-12
166.87998962402344,166.87998962402344,167.5897143885116,164.7796012062162,166.98548905341485,1097300,2021-02-16
169.22010803222656,169.22010803222656,169.73800488640745,165.44132980984804,166.6018232580859,1068000,2021-02-17
167.46499633789062,167.46499633789062,168.56793272750275,166.62100106864838,168.04045031862898,1179500,2021-02-18
170.11207580566406,170.11207580566406,170.57244490721277,167.49379056612602,167.89660255417766,1090800,2021-02-19
167.6664276123047,167.6664276123047,169.4311318788003,163.1683385956099,163.41769420900462,1761700,2021-02-22
167.9062042236328,167.9062042236328,169.37359599121737,165.9304864059131,168.1076029022555,2355700,2021-02-23
168.25148010253906,168.25148010253906,171.445219828987,166.53473249757246,166.88000205271297,1995900,2021-02-24
167.8678741455078,167.8678741455078,169.69012140892949,165.93052726012937,169.47913714322692,1247700,2021-02-25
164.9905548095703,164.9905548095703,169.23928742668357,164.88505540911646,167.52252578606166,1750600,2021-02-26
168.28025817871094,168.28025817871094,169.84354932349353,166.76490934775876,166.76490934775876,1662500,2021-03-01
170.88894653320312,170.88894653320312,171.61785703685842,168.3090324310529,168.3090324310529,1191700,2021-03-02
168.39537048339844,168.39537048339844,172.068650871635,167.9446014387318,168.68309758511882,1436800,2021-03-03
169.1242218017578,169.1242218017578,173.57435394552436,167.4266601552138,168.31859783718733,1877500,2021-03-04
176.19268798828125,176.19268798828125,177.29562472763527,168.9228559227381,170.46697613847812,2059400,2021-03-05
181.46762084960938,181.46762084960938,182.44587238513034,176.63384712065553,177.23807249537637,2603500,2021-03-08
176.7873077392578,176.7873077392578,186.07119981915685,176.34612427656194,183.2035585320575,2979800,2021-03-09
177.7847137451172,177.7847137451172,180.52768403812914,176.87359037051064,178.5615664606702,1447200,2021-03-10
177.6504364013672,177.6504364013672,179.05070005115394,177.00785436904704,177.21885320167797,1409800,2021-03-11
181.6785888671875,181.6785888671875,182.7048118955246,177.631283138194,178.8301336099494,1188500,2021-03-12
183.9707794189453,183.9707794189453,185.05453014321435,181.275751640548,181.9950618235103,1415200,2021-03-15
178.37493896484375,178.37493896484375,184.18230964698176,178.18264464286077,183.8169401654326,1606900,2021-03-16
178.355712890625,178.355712890625,180.92287961212853,177.81728289720184,179.08643721439688,1801800,2021-03-17
180.7882843017578,180.7882843017578,183.6439000468565,178.048042228423,178.5864869292628,1566200,2021-03-18
181.3363494873047,181.3363494873047,184.93229940391018,179.80757488892996,180.25947469199838,2674000,2021-03-19
180.9324951171875,180.9324951171875,181.96129255846554,179.94216534590876,181.5863134671184,1232500,2021-03-22
176.58657836914062,176.58657836914062,181.55746080747699,174.90397733470672,179.31719595538246,1475900,2021-03-23
177.48077392578125,177.48077392578125,181.77861937699072,176.89426662544946,177.67306827466808,1287800,2021-03-24
180.13449096679688,180.13449096679688,181.49979995534005,176.16354726239817,177.8365389548423,1436300,2021-03-25
183.711181640625,183.711181640625,183.89385170121673,180.14406125975503,181.57668102898816,1553200,2021-03-26
179.98062133789062,179.98062133789062,185.25917169119305,178.35570715711293,183.9611739997276,1470100,2021-03-29
181.27867126464844,181.27867126464844,182.94205359223162,179.09610731621717,179.5383829221312,1317000,2021-03-30
181.08631896972656,181.08631896972656,184.0380888346654,179.5864027491661,181.7689806706822,1724500,2021-03-31
178.98069763183594,178.98069763183594,181.66325305564425,178.26920704504153,181.00943463762025,1402700,2021-04-01
180.75941467285156,180.75941467285156,181.7016670882338,180.12483022793225,180.12483022793225,1138400,2021-04-05
179.2018280029297,179.2018280029297,182.72085684272884,178.6922414185263,181.03825575468665,1288300,2021-04-06
179.57681274414062,179.57681274414062,180.9132782064706,178.66340363036707,179.12491297828424,1583200,2021-04-07
180.79786682128906,180.79786682128906,181.29784377595655,178.07687366203092,179.46140152930766,1110400,2021-04-08
183.52850341796875,183.52850341796875,183.78809414696582,181.0382428353287,181.61514046422113,1370800,2021-04-09
184.27845764160156,184.27845764160156,185.89374749460578,183.52849954254734,183.52849954254734,1112200,2021-04-12
181.31712341308594,181.31712341308594,183.6343093669823,180.9036765948441,183.36509432440974,1586000,2021-04-13
183.59585571289062,183.59585571289062,186.0957266375447,181.74980327807313,182.0767051874311,1246200,2021-04-14
186.03799438476562,186.03799438476562,186.80717170819827,183.04777132590254,184.80729306193294,1322900,2021-04-15
189.34547424316406,189.34547424316406,189.61470388216281,187.13406767428182,187.35520539694696,1523800,2021-04-16
187.38406372070312,187.38406372070312,189.65317196707784,184.79766323597877,188.0763350278084,1484200,2021-04-19
185.50917053222656,185.50917053222656,188.25902195875543,185.45148370115035,186.83602633144693,1409300,2021-04-20
189.92242431640625,189.92242431640625,190.86467696432885,185.90341784895722,186.14378947034396,1328200,2021-04-21
193.7490997314453,193.7490997314453,197.66235602872055,191.0761689814769,195.1817196052236,2607100,2021-04-22
194.7009735107422,194.7009735107422,196.34512152012417,190.57620378647255,194.80673758937047,1672100,2021-04-23
192.83572387695312,192.83572387695312,193.3645443691316,188.66287612252512,188.67248570561227,1461600,2021-04-26
191.2973175048828,191.2973175048828,193.28758648362574,189.8070108305768,193.11452599465522,1809900,2021-04-27
190.84542846679688,190.84542846679688,193.1625993907884,189.9416289619085,191.60499621834848,2274900,2021-04-28
194.1625518798828,194.1625518798828,195.7105454584445,191.8742097191089,191.9607399677641,1388500,2021-04-29
193.31642150878906,193.31642150878906,195.8643688532811,192.84530263962654,193.9413963688867,1394800,2021-04-30
196.63357543945312,196.63357543945312,197.7200597499499,193.9125672076433,195.50863812882383,1594600,2021-05-03
198.3931121826172,198.3931121826172,198.71040447422746,194.39332499707575,196.14323739241976,1732200,2021-05-04
199.83529663085938,199.83529663085938,200.47949065122327,196.44125137683355,198.085399302774,1337000,2021-05-05
201.2679443359375,201.2679443359375,201.75829710484606,199.22959791876735,199.9603222810636,1249700,2021-05-06
202.412109375,202.412109375,203.10438071680787,199.16228083546403,199.60457100927582,1053800,2021-05-07
203.7293701171875,203.7293701171875,208.9117816691635,201.91216125275744,203.0563325139022,1414200,2021-05-10
198.7969207763672,198.7969207763672,202.41211899340237,198.20080390914032,200.30646145127136,1911600,2021-05-11
196.24900817871094,196.24900817871094,200.3257161803645,196.0951668191498,198.4411962035391,1278300,2021-05-12
199.4795684814453,199.4795684814453,201.30638662555327,195.84515135647308,196.40281518399752,1129200,2021-05-13
203.35435485839844,203.35435485839844,204.04662617628657,200.54681658968175,201.07563699516808,1234600,2021-05-14
201.43141174316406,201.43141174316406,203.8928147135058,200.7487499067851,203.00824893798418,1013700,2021-05-17
197.53736877441406,197.53736877441406,202.05635171038085,197.48929152242258,202.05635171038085,1395200,2021-05-18
195.825927734375,195.825927734375,196.76818027154974,192.06651249668136,195.99900291041314,1430700,2021-05-19
198.26812744140625,198.26812744140625,199.86418379941537,195.84517747788456,195.86441131481064,1101400,2021-05-20
198.43153381347656,198.43153381347656,202.00826378027386,198.19116225479993,199.32570896961806,1053500,2021-05-21
198.1815643310547,198.1815643310547,200.17184814343872,197.16239113424876,200.17184814343872,1173300,2021-05-24
202.1140594482422,202.1140594482422,203.03707816202572,198.62385917589816,199.30650629342924,1870100,2021-05-25
203.6716766357422,203.6716766357422,205.41196476433035,201.748703734121,202.10444902616285,1350100,2021-05-26
205.46002197265625,205.46002197265625,206.44074216469937,204.17163377535732,204.61390928374712,2034400,2021-05-27
206.51763916015625,206.51763916015625,207.37336139373036,204.24853086972922,206.1426600841208,1054600,2021-05-28
207.55604553222656,207.55604553222656,208.70021659119143,205.97920856696925,208.50792226296335,1227400,2021-06-01
202.5178985595703,202.5178985595703,208.98869835285902,201.239119802216,208.88293425499904,1360800,2021-06-02
205.04656982421875,205.04656982421875,205.7003881587795,199.9122363338216,201.09486041394294,1567900,2021-06-03
205.5369415283203,205.5369415283203,207.77720648850612,204.74851567772282,206.3638203776974,964700,2021-06-04
203.7101287841797,203.7101287841797,206.93111424933485,203.38322691334358,205.91194096312879,1053000,2021-06-07
201.75827026367188,201.75827026367188,204.05622180390276,200.7679406043537,203.68124275494844,1317200,2021-06-08
200.28724670410156,200.28724670410156,202.86403810466433,200.1911068585799,202.46021554278676,1096200,2021-06-09
202.00828552246094,202.00828552246094,204.22931661630432,200.76795993036836,201.4313878510992,1096400,2021-06-10
203.53704833984375,203.53704833984375,203.78702950993045,201.53715496579778,202.31595656406543,702500,2021-06-11
199.85455322265625,199.85455322265625,203.06591410937992,198.01811077377897,202.6524820211718,1472100,2021-06-14
201.9554443359375,201.9554443359375,203.4877425829893,199.34379356845804,200.16293978304145,859800,2021-06-15
199.25704956054688,199.25704956054688,202.66859762023176,199.03539996053468,201.05920065391217,1339300,2021-06-16
199.6907501220703,199.6907501220703,201.550707038577,196.7225156927844,199.95094174852636,1240900,2021-06-17
194.0530242919922,194.0530242919922,196.74177396068183,193.14713277409476,195.5082239335676,2576000,2021-06-18
200.5387725830078,200.5387725830078,200.8760775742656,194.57339455556152,195.5371062962133,964600,2021-06-21
202.22528076171875,202.22528076171875,203.35282180410744,199.6328936646129,199.94128849932181,1131100,2021-06-22
198.669189453125,198.669189453125,202.32166555272718,198.54391691367968,202.04218088496125,1052100,2021-06-23
197.01161193847656,197.01161193847656,200.72190854661437,196.6646897796618,200.72190854661437,1287200,2021-06-24
200.08587646484375,200.08587646484375,200.895405703429,196.35631581005197,197.40675833841834,3049300,2021-06-25
199.41127014160156,199.41127014160156,200.1436859121887,198.05243279550817,199.79676373539243,1097900,2021-06-28
198.4090118408203,198.4090118408203,202.20603910189308,197.95606606875873,200.98212086429626,916000,2021-06-29
199.23779296875,199.23779296875,199.44981075194954,197.02125277489395,198.03315315742344,1438300,2021-06-30
204.14309692382812,204.14309692382812,204.78878214291657,199.642564040873,199.89312384519667,1446900,2021-07-01
207.05349731445312,207.05349731445312,207.38115581496274,202.7938779875246,203.79614654859338,829400,2021-07-02
207.0438690185547,207.0438690185547,207.1113359125826,203.77688614028528,206.28254305854873,961100,2021-07-06
209.05801391601562,209.05801391601562,209.5302380374718,206.50418328127907,206.78366796512663,975800,2021-07-07
206.28250122070312,206.28250122070312,207.49677272123478,203.95032057075073,205.86809752519622,976900,2021-07-08
210.8505096435547,210.8505096435547,211.9780654509401,207.41006597831415,208.47978672231181,913000,2021-07-09
212.34425354003906,212.34425354003906,213.6645486996284,208.78815466101503,209.58803721607282,1098800,2021-07-12
211.2745361328125,211.2745361328125,212.90321144563407,210.20481543478073,212.0165983444391,872600,2021-07-13
210.8119659423828,210.8119659423828,212.8068565185368,210.06990370484442,212.01660574776784,1223400,2021-07-14
212.2960968017578,212.2960968017578,212.94179674205432,209.14476934547397,209.14476934547397,1122000,2021-07-15
211.24566650390625,211.24566650390625,213.58749429995905,211.04329521966494,212.96107267974435,1040900,2021-07-16
209.7326202392578,209.7326202392578,211.2745504175162,206.82220625687495,208.20995371086084,1593300,2021-07-19
239.8678741455078,239.8678741455078,242.85538676954445,229.05502598674346,230.42350975741954,4824100,2021-07-20
240.2051544189453,240.2051544189453,245.21645259319027,239.29926301837492,241.88201816287827,2435600,2021-07-21
237.8344268798828,237.8344268798828,240.92794820506887,236.81289473230532,240.35936177652292,1704700,2021-07-22
239.44384765625,239.44384765625,241.25561589647387,237.4104151075604,239.6847756136536,1484600,2021-07-23
236.841796875,236.841796875,239.40527368615585,232.08107313223485,238.56684916046913,1710100,2021-07-26
238.70181274414062,238.70181274414062,241.67967910918185,235.15534515870564,236.7454786825703,1548300,2021-07-27
237.0056610107422,237.0056610107422,238.58616264696457,233.90252221483757,238.4415970386123,1106400,2021-07-28
238.90415954589844,238.90415954589844,240.42682601956815,237.90190570130704,238.20065401925999,1092700,2021-07-29
239.19326782226562,239.19326782226562,240.72556606788083,237.52605051172344,238.07535859568495,1283600,2021-07-30
241.8916473388672,241.8916473388672,242.67225149738792,239.39563745530546,239.81967297476712,1171900,2021-08-02
244.3105926513672,244.3105926513672,244.97555619932825,238.44159084948916,242.79757265107395,1276500,2021-08-03
239.25111389160156,239.25111389160156,245.87182472406712,239.01983244405548,243.04814117630215,1528200,2021-08-04
240.02206420898438,240.02206420898438,241.4098115864852,235.4444330511568,240.1955399837097,1147700,2021-08-05
241.04359436035156,241.04359436035156,243.34686500902558,240.6099269847998,240.90867529451157,1047500,2021-08-06
239.61727905273438,239.61727905273438,240.91829574362512,238.53792664285825,239.96421585663364,698300,2021-08-09
231.92686462402344,231.92686462402344,239.44381893435374,231.02097326003772,237.07308164764484,1980400,2021-08-10
232.4087677001953,232.4087677001953,232.9388121916089,227.84076795384473,232.07146264972937,1250400,2021-08-11
233.7386474609375,233.7386474609375,235.5697086566599,227.54198780552233,228.39969069715252,1121400,2021-08-12
234.16270446777344,234.16270446777344,235.16497304062162,233.2664594931857,233.71940524542123,830400,2021-08-13
237.37185668945312,237.37185668945312,237.64169482339517,233.41100051006944,233.79649406218337,897600,2021-08-16
236.1383056640625,236.1383056640625,238.59577374176774,234.8758455348886,235.65644975490756,1087600,2021-08-17
233.67123413085938,233.67123413085938,237.71882131814314,233.41102779090426,234.5289371650816,1224600,2021-08-18
237.554931640625,237.554931640625,238.29699375951932,231.1366082545045,232.30270586990986,1062300,2021-08-19
240.29188537597656,240.29188537597656,241.56399195055428,237.65132457947476,237.65132457947476,1006900,2021-08-20
240.59063720703125,240.59063720703125,242.65297980413004,240.3882659704182,241.15923832649918,1005700,2021-08-23
240.4268035888672,240.4268035888672,242.51805632450936,240.32079470802475,240.5231806460237,817300,2021-08-24
242.94210815429688,242.94210815429688,246.016351199998,240.1955383018769,241.08215140794434,1112100,2021-08-25
241.93020629882812,241.93020629882812,243.98291715963902,240.96649448888124,242.46025073531393,917100,2021-08-26
242.7108154296875,242.7108154296875,244.21420343976754,241.45798718626259,243.33722219886263,905800,2021-08-27
244.29132080078125,244.29132080078125,245.82361910459812,242.44099582361216,243.38542931397356,601700,2021-08-30
243.79981994628906,243.79981994628906,248.07871762257722,242.9228533377449,244.16603515528993,1820600,2021-08-31
243.4914093017578,243.4914093017578,245.74649122139522,242.15185058487162,244.99479724818275,958100,2021-09-01
244.0889129638672,244.0889129638672,245.63085765916463,243.7997964953646,244.22383202182513,804400,2021-09-02
243.7709197998047,243.7709197998047,244.87919729710217,241.978415094986,243.14451295291045,605700,2021-09-03
242.98068237304688,242.98068237304688,244.06966680410375,239.3860264528274,241.85314123173097,1764600,2021-09-07
245.19720458984375,245.19720458984375,247.2210054035308,240.64849808164755,242.25789514364152,1416400,2021-09-08
248.88821411132812,248.88821411132812,252.299732642666,244.73460398063526,245.02372045611168,2145900,2021-09-09
247.38482666015625,247.38482666015625,251.30711126842345,246.40182181820578,250.45906960322355,1113200,2021-09-10
248.33889770507812,248.33889770507812,250.05430354379507,246.67168039768868,249.56280111136005,1129000,2021-09-13
245.42848205566406,245.42848205566406,249.57244573185469,245.1201019266621,249.31225413381165,1403400,2021-09-14
247.610595703125,247.610595703125,248.5278330625939,242.6477490334398,245.27399621812626,1337700,2021-09-15
252.6217498779297,252.6217498779297,253.69347601365615,247.22440128050417,248.60513412428529,1750800,2021-09-16
249.8216552734375,249.8216552734375,254.82313172610188,249.17476555426987,252.36100828418114,5765300,2021-09-17
246.23953247070312,246.23953247070312,248.1223309511559,243.4587966386381,245.650557582185,1217700,2021-09-20
247.02159118652344,247.02159118652344,251.6947604088356,247.0119411747306,248.14161133387367,1413600,2021-09-21
249.34854125976562,249.34854125976562,251.27960450282288,247.224359906128,248.93336973427313,1213500,2021-09-22
246.72232055664062,246.72232055664062,251.00928377369542,246.57749669100158,251.00928377369542,1769400,2021-09-23
247.49472045898438,247.49472045898438,250.30442115970726,247.0698988989962,247.83266243724026,1175200,2021-09-24
246.74163818359375,246.74163818359375,250.82583330336922,246.51957000941837,247.91957334778428,1481500,2021-09-27
243.12088012695312,243.12088012695312,247.35956361556583,242.59948476902497,244.96504917282198,1674600,2021-09-28
243.51675415039062,243.51675415039062,245.3512584692551,242.96639401502463,244.16365861510272,1818600,2021-09-29
234.35385131835938,234.35385131835938,244.97469983326152,234.1800479543092,244.44365446094756,2115800,2021-09-30
239.24908447265625,239.24908447265625,240.90980011289554,234.63384429866494,235.4642021187846,1794000,2021-10-01
235.9566192626953,235.9566192626953,242.155330422978,234.93315811466715,239.25873559670515,1313000,2021-10-04
234.7304229736328,234.7304229736328,239.01738627608313,234.54696958493906,236.40078876627118,1396100,2021-10-05
231.27378845214844,231.27378845214844,233.6586527393135,227.8944277720344,232.7607154017909,1170200,2021-10-06
233.92898559570312,233.92898559570312,235.18417957251194,231.76618959361957,232.06551675334146,1512100,2021-10-07
232.1331329345703,232.1331329345703,235.7345621029449,231.95934429779885,233.88074297982553,817400,2021-10-08
229.3330841064453,229.3330841064453,233.49452320556946,228.99514213216324,231.7469132574773,909000,2021-10-11
230.82965087890625,230.82965087890625,232.11379496534266,229.16893531809663,230.24067600288836,1070600,2021-10-12
230.771728515625,230.771728515625,232.7607362121972,228.8213650706591,231.25449437023246,1166700,2021-10-13
234.1510772705078,234.1510772705078,236.03387579143285,232.2007139273899,232.90554791311382,1146000,2021-10-14
238.37045288085938,238.37045288085938,239.9828889306345,234.92349789936563,235.6766113900907,1127100,2021-10-15
238.0904541015625,238.0904541015625,239.12358007381872,235.5511157943908,237.61735300605895,911100,2021-10-18
240.10841369628906,240.10841369628906,242.84087014805536,239.5097887627528,239.59668307900594,898000,2021-10-19
242.21327209472656,242.21327209472656,244.7139955507878,241.17049613709443,241.17049613709443,1105800,2021-10-20
251.03822326660156,251.03822326660156,251.21201188786745,241.2573831609737,246.48091280405734,1878400,2021-10-21
244.38571166992188,244.38571166992188,248.9913016742003,234.6531510631654,238.02286175860266,2830500,2021-10-22
233.4752197265625,233.4752197265625,245.4574717470413,232.5386527920882,245.4574717470413,2136900,2021-10-25
233.07936096191406,233.07936096191406,233.83247455605752,229.17861913411582,232.55798029398608,1917400,2021-10-26
236.91249084472656,236.91249084472656,238.341488261795,232.50966897835957,232.50966897835957,1710800,2021-10-27
242.0298309326172,242.0298309326172,244.29883633445695,237.8683916377424,238.6794347347574,1357500,2021-10-28
241.8270721435547,241.8270721435547,244.27951613934005,239.8090997263115,241.74016309500195,1176500,2021-10-29
242.33880615234375,242.33880615234375,244.28916957439412,241.46981878455358,242.66708339373702,1117100,2021-11-01
239.8766632080078,239.8766632080078,244.11534616858467,239.57735078155736,243.27533842559885,1085700,2021-11-02
241.38291931152344,241.38291931152344,241.38291931152344,237.04767677686456,238.66977765571698,1171700,2021-11-03
238.88218688964844,238.88218688964844,243.95122800604338,236.63249639766906,241.3829103045208,1184300,2021-11-04
239.71255493164062,239.71255493164062,244.4340042695976,236.52629743292587,236.5359474459266,1824600,2021-11-05
239.0946044921875,239.0946044921875,241.33463023370226,236.47800726791382,240.93875872580975,1233800,2021-11-08
237.65594482421875,237.65594482421875,241.61463023387284,237.07661997744498,239.55804323395313,1006100,2021-11-09
236.8159637451172,236.8159637451172,239.25875776296044,235.58973436319425,236.5842308337228,881300,2021-11-10
235.58006286621094,235.58006286621094,238.11940098259245,232.413120363521,236.84490691826267,1105800,2021-11-11
236.8159637451172,236.8159637451172,239.04633961072673,235.58973436319425,236.21732407389283,734100,2021-11-12
234.1993408203125,234.1993408203125,237.742839998371,234.006237448298,237.25042418980757,983800,2021-11-15
233.38832092285156,233.38832092285156,235.99525353523273,233.2338323168089,234.77868891154668,1093300,2021-11-16
235.45457458496094,235.45457458496094,238.6504823397601,233.39798723036705,234.9138791589079,1176900,2021-11-17
234.86557006835938,234.86557006835938,235.45454495465853,232.95382155743903,235.3000563572717,878300,2021-11-18
230.82000732421875,230.82000732421875,236.0531874038202,229.89310513667058,234.19936829587925,1096400,2021-11-19
232.1427459716797,232.1427459716797,235.1552144581552,231.12894961963636,231.78550400887747,1251300,2021-11-22
233.3400115966797,233.3400115966797,234.55657606502265,230.20203400974287,232.56758339794212,1037500,2021-11-23
231.58277893066406,231.58277893066406,235.05868413279657,231.27380172184647,232.76072875680373,1049700,2021-11-24
223.03782653808594,223.03782653808594,228.49307484382328,221.7150528008336,226.90960341788832,1329800,2021-11-26
221.9950408935547,221.9950408935547,227.80754570082397,221.41573072840342,225.24887792299566,1612400,2021-11-29
217.81430053710938,217.81430053710938,222.719203518273,216.97429264226875,220.95227867548974,3375900,2021-11-30
217.83360290527344,217.83360290527344,226.33028463549746,217.74670858995958,221.6764148663211,1761500,2021-12-01
224.061279296875,224.061279296875,226.17579603326715,219.3494799841051,219.3494799841051,1731600,2021-12-02
222.1012420654297,222.1012420654297,225.88612432790492,220.70122413340047,225.88612432790492,1404200,2021-12-03
225.7123565673828,225.7123565673828,227.46961665428125,222.3233307672619,223.5205954158622,1559900,2021-12-06
230.3758544921875,230.3758544921875,233.17589034648194,227.30545622530423,228.32891740331746,1237600,2021-12-07
232.2200469970703,232.2200469970703,232.92489581593583,229.15931297109958,231.3896890630358,1103900,2021-12-08
233.1179656982422,233.1179656982422,234.68212226857474,230.18274120962644,231.38000576851496,1001700,2021-12-09
235.15521240234375,235.15521240234375,236.90282215395763,232.3261972943127,234.450378494681,1296500,2021-12-10
236.15171813964844,236.15171813964844,237.48677308671722,234.57478883187548,235.18427974458544,1188200,2021-12-13
237.12881469726562,237.12881469726562,238.32844356626282,232.4270637230462,234.04268399705583,2054300,2021-12-14
245.5648651123047,245.5648651123047,245.58421801161958,237.39968350997023,237.39968350997023,1747600,2021-12-15
245.70997619628906,245.70997619628906,248.41880639855034,244.76189079217556,246.69676739922832,1729000,2021-12-16
245.5261993408203,245.5261993408203,247.87708246594977,242.8076996403981,245.29402355893845,3894800,2021-12-17
237.6221923828125,237.6221923828125,243.66868180515777,233.13327922614081,242.7496183653487,1719200,2021-12-20
238.98631286621094,238.98631286621094,240.64063906765622,234.29423060176754,234.29423060176754,1604700,2021-12-21
243.86219787597656,243.86219787597656,244.65548966598053,238.75410968328845,239.4796884633602,1283000,2021-12-22
243.84283447265625,243.84283447265625,246.69677459896266,243.27204939978247,245.3133448702749,822200,2021-12-23
245.5068359375,245.5068359375,246.28078957532446,243.54293725415886,244.2975379915048,819300,2021-12-27
248.3994903564453,248.3994903564453,249.57976637268914,244.73289059324807,246.38720197274603,708100,2021-12-28
250.0731201171875,250.0731201171875,252.25954015253475,248.71871238355948,248.71871238355948,642100,2021-12-29
249.70547485351562,249.70547485351562,252.18214395846377,249.52168874627253,250.65357497590884,617400,2021-12-30
248.5542755126953,248.5542755126953,251.18570902301494,248.3510922006642,249.43461843599425,931500,2021-12-31
245.80673217773438,245.80673217773438,248.3220629736591,243.79445868383215,248.3220629736591,1518500,2022-01-03
251.79513549804688,251.79513549804688,252.47235406322866,245.40038301988332,246.97729728416996,2366800,2022-01-04
250.53753662109375,250.53753662109375,260.9665219329551,250.28599317640882,252.77231707907274,1384800,2022-01-05
246.22271728515625,246.22271728515625,250.7116304224752,244.85864049642817,250.5181604761187,1757400,2022-01-06
243.9976348876953,243.9976348876953,247.81901345130692,243.2817251881219,245.70032108432392,1660000,2022-01-07
241.34681701660156,241.34681701660156,246.8708810568944,238.14459882928298,245.39070174228453,1262000,2022-01-10
242.17881774902344,242.17881774902344,242.517412277761,232.46572949825813,239.68282530439097,1547800,2022-01-11
241.1823272705078,241.1823272705078,245.43904911142096,239.9730296154831,242.73990324065696,1099400,2022-01-12
246.12596130371094,246.12596130371094,249.83123669897867,241.29843926748245,241.78215837789645,1139400,2022-01-13
248.6316375732422,248.6316375732422,248.95087921464133,244.03630575039043,244.30718728741414,1212100,2022-01-14
240.63092041015625,240.63092041015625,247.24820949630302,239.5957691217771,245.77769917027746,1510100,2022-01-18
237.34164428710938,237.34164428710938,242.90441461468913,236.71280052335106,241.5790288430683,1368100,2022-01-19
232.92044067382812,232.92044067382812,240.06014007862638,231.74984859308955,238.52191671867885,1906500,2022-01-20
230.18255615234375,230.18255615234375,233.52022964041626,229.7278737945104,232.64952643233588,1634300,2022-01-21
235.66795349121094,235.66795349121094,236.42255411287275,224.21347388370225,226.67077519993276,1829600,2022-01-24
231.32418823242188,231.32418823242188,234.01366570833858,229.07972413807926,232.15618581747123,1764500,2022-01-25
232.18519592285156,232.18519592285156,238.74442652671715,229.17646216854044,232.29161472812703,2454000,2022-01-26
221.3982696533203,221.3982696533203,224.45536358367056,213.32015362269715,213.32015362269715,3196900,2022-01-27
228.90557861328125,228.90557861328125,228.95395348106166,221.26282188596045,221.55304156876883,1944500,2022-01-28
232.23361206054688,232.23361206054688,234.390995756036,226.60311297310992,227.34804474241758,2497900,2022-01-31
229.60214233398438,229.60214233398438,235.08751593435346,227.74466249803433,233.33645490597056,2018800,2022-02-01
232.949462890625,232.949462890625,234.38128221015825,228.6540492178364,228.96362179912938,1121500,2022-02-02
233.01718139648438,233.01718139648438,236.025914994961,230.85979819611654,232.01105209484922,1045800,2022-02-03
231.29518127441406,231.29518127441406,234.1878274901422,227.25128096677508,231.02429969536902,1545300,2022-02-04
224.8423309326172,224.8423309326172,231.69179562698508,223.14931396720235,230.81142326210463,1436700,2022-02-07
231.68211364746094,231.68211364746094,232.4270452515365,224.12642309193268,225.14223623168363,1762200,2022-02-08
235.49380493164062,235.49380493164062,236.8965873696054,233.01716550092902,233.0268345686347,939700,2022-02-09
232.1948699951172,232.1948699951172,238.97662218647204,230.58893357445123,232.63022905640352,1214700,2022-02-10
229.83432006835938,229.83432006835938,234.661827654787,228.8571979545059,232.2819377443563,1095600,2022-02-11
227.75430297851562,227.75430297851562,233.35577851434496,226.44827024442552,231.24675552782116,1078300,2022-02-14
234.4973602294922,234.4973602294922,234.70052876019201,229.77625677717114,230.898488706319,1094400,2022-02-15
243.78477478027344,243.78477478027344,244.57806648484387,233.16229195541575,234.38127362229844,1945500,2022-02-16
242.63351440429688,242.63351440429688,247.5964625549694,241.482260532707,242.6044924379489,1385000,2022-02-17
236.15171813964844,236.15171813964844,246.51297508408743,235.14557394209743,241.90797363788548,1565500,2022-02-18
236.37423706054688,236.37423706054688,238.02854853496677,233.15266526696075,233.97499385006387,1208100,2022-02-22
233.90725708007812,233.90725708007812,237.53515110968718,232.9881935449649,237.53515110968718,1034100,2022-02-23
235.62925720214844,235.62925720214844,236.2097260554302,227.03840084042102,228.3250954810445,1477000,2022-02-24
245.04241943359375,245.04241943359375,245.9227917537304,236.88692235184618,236.88692235184618,1162600,2022-02-25
242.1595001220703,242.1595001220703,242.35298484695005,233.59767926015203,238.43487119183635,1602200,2022-02-28
244.2008056640625,244.2008056640625,245.02313423075142,239.26687854974566,242.03373827601635,1206300,2022-03-01
252.6271514892578,252.6271514892578,255.2198788780484,244.4426175110067,245.72931213733133,1676200,2022-03-02
255.51011657714844,255.51011657714844,257.541742922543,252.2692218743067,254.43627422999472,1682000,2022-03-03
256.76776123046875,256.76776123046875,257.3482300213907,250.0150323596865,251.69839480574694,1351000,2022-03-04
251.3597869873047,251.3597869873047,255.78098641446277,249.22172742058726,254.95865808294602,1454600,2022-03-07
249.62814331054688,249.62814331054688,257.28058503086373,249.58943750566894,251.35986641132115,1403500,2022-03-08
255.75201416015625,255.75201416015625,259.7378853693769,254.22347440151782,255.02643532353682,1197200,2022-03-09
258.40283203125,258.40283203125,259.5056965806824,252.8981045451927,252.8981045451927,1454000,2022-03-10
258.3060302734375,258.3060302734375,263.39476526129556,257.77395100939026,257.77395100939026,1370000,2022-03-11
252.91732788085938,252.91732788085938,262.0693132920577,250.663210165351,260.5891047001347,2315600,2022-03-14
258.470458984375,258.470458984375,259.2927577783308,254.50395673429722,255.86804804469284,2014500,2022-03-15
258.2184143066406,258.2184143066406,261.61156027759284,255.0579317347848,259.81803434719825,2118100,2022-03-16
258.81951904296875,258.81951904296875,260.2349375712017,255.96927364314624,258.3154050758159,1509000,2022-03-17
252.72152709960938,252.72152709960938,260.3900412204382,249.14417909364514,260.3900412204382,2602700,2022-03-18
253.57472229003906,253.57472229003906,258.1990863011965,251.19950753700337,253.70075819905892,1527300,2022-03-21
252.40158081054688,252.40158081054688,255.47478487779676,251.25761303743442,254.87371806771677,1643200,2022-03-22
252.6536407470703,252.6536407470703,254.15633746399004,249.76463818729047,251.03464191374783,1391300,2022-03-23
252.64398193359375,252.64398193359375,255.0676578355164,251.52909693588683,253.8364115423717,1522400,2022-03-24
252.13986206054688,252.13986206054688,253.72980780256347,248.14566332622724,252.8185032110935,1562600,2022-03-25
256.33770751953125,256.33770751953125,256.37649462495244,250.86020491802248,251.86843297183185,1238700,2022-03-28
255.600830078125,255.600830078125,257.44281766897416,254.03999714886436,256.3279327786616,1077000,2022-03-29
247.17616271972656,247.17616271972656,255.9886297073384,245.61531489118957,255.17427817756518,1613300,2022-03-30
242.9687042236328,242.9687042236328,247.65124874982035,242.88145542454185,245.8286541771516,1643800,2022-03-31
243.09471130371094,243.09471130371094,246.58481078297604,242.7263078050816,243.3370789121892,1182800,2022-04-01
238.0922393798828,238.0922393798828,243.511575533879,236.8416290339394,242.73601102414855,1435200,2022-04-04
236.17266845703125,236.17266845703125,240.79704608831094,235.03838994236705,235.03838994236705,1596800,2022-04-05
242.8329620361328,242.8329620361328,243.05595089777296,234.51490353066717,235.03842587466642,1669800,2022-04-06
246.8562469482422,246.8562469482422,248.78548353191798,242.08645446625633,242.08645446625633,1656900,2022-04-07
250.7922821044922,250.7922821044922,252.2271088442114,243.0365194623299,246.08065570766087,1630500,2022-04-08
250.29783630371094,250.29783630371094,253.0317496650726,248.80487333549425,250.98618152226211,1454500,2022-04-11
252.92515563964844,252.92515563964844,253.48743547338168,249.95854889362016,251.65512215253096,1126400,2022-04-12
250.74383544921875,250.74383544921875,254.14665639399306,249.34779572309503,253.27413896163782,1091600,2022-04-13
252.9736328125,252.9736328125,255.31006025095738,251.48063996921735,251.60667586705108,1045900,2022-04-14
251.9750213623047,251.9750213623047,254.83494090655086,250.94738524323526,251.2479186599885,932700,2022-04-18
253.96241760253906,253.96241760253906,255.10641497919192,251.48057613726112,253.05111320355127,1069700,2022-04-19
266.75946044921875,266.75946044921875,267.53502488146944,255.48451573970152,255.639634543329,1688600,2022-04-20
261.2140808105469,261.2140808105469,270.5015932956165,260.89413904245674,265.6154842702714,2384800,2022-04-21
204.209228515625,204.209228515625,234.61181847691293,202.79379533327426,234.20464271586653,8886800,2022-04-22
204.073486328125,204.073486328125,209.6867125310588,201.17476497358706,202.15393938734738,4740100,2022-04-25
208.3779754638672,208.3779754638672,212.31402302150428,198.47967591821552,200.87426905079775,5892900,2022-04-26
205.75070190429688,205.75070190429688,211.8680578522365,203.08465826472008,206.623234153016,2675100,2022-04-27
212.25584411621094,212.25584411621094,213.49676500018728,205.01389930498897,206.47779423092913,2213400,2022-04-28
207.99990844726562,207.99990844726562,215.0091763475763,207.6896707721634,209.99701540365996,2061800,2022-04-29
204.3837432861328,204.3837432861328,209.2698672694824,201.6498298386688,207.9319934723878,2105900,2022-05-02
209.69644165039062,209.69644165039062,211.97468811871008,203.53060957425373,204.16075939054676,1839100,2022-05-03
217.93692016601562,217.93692016601562,219.20692385582512,209.58007635980402,212.16857500456766,2091300,2022-05-04
217.34559631347656,217.34559631347656,222.19294887038376,212.59518193193986,219.39117968420925,2167800,2022-05-05
220.40908813476562,220.40908813476562,222.00870828162618,212.8084294120939,214.5437896080379,1679200,2022-05-06
217.25833129882812,217.25833129882812,220.15703844397672,215.1061057407952,218.13084877675718,1681900,2022-05-09
217.63641357421875,217.63641357421875,222.26077669204844,215.04792940334244,219.29419966009905,1687900,2022-05-10
203.13314819335938,203.13314819335938,221.04895849548663,202.0764289220145,217.1516978225172,2962700,2022-05-11
207.2727813720703,207.2727813720703,207.49575542946155,200.54465420543505,201.16511469035257,2614400,2022-05-12
208.3585662841797,208.3585662841797,213.47736855948827,207.72841647253446,209.22139430577298,1618200,2022-05-13
205.17872619628906,205.17872619628906,208.51370692335092,204.39345749578982,207.37942826785812,1685100,2022-05-16
209.37652587890625,209.37652587890625,210.1617945450644,203.55001403337133,207.32125334101633,1543700,2022-05-17
200.48648071289062,200.48648071289062,206.2839095349413,198.89654985626674,206.2839095349413,2378500,2022-05-18
196.9285125732422,196.9285125732422,199.99202756884105,193.4481028510907,198.01431460748265,2271800,2022-05-19
198.52813720703125,198.52813720703125,200.62219671457675,192.62406632234433,197.85920029826448,1481400,2022-05-20
198.78018188476562,198.78018188476562,201.39776350385876,196.43406555656009,199.8078328189202,1390400,2022-05-23
198.50877380371094,198.50877380371094,199.03229615657168,194.76661709049185,198.74145204864303,1123400,2022-05-24
199.8660125732422,199.8660125732422,205.55679884146292,197.15149261201364,197.85920183139194,2151900,2022-05-25
205.32411193847656,205.32411193847656,206.65229633203217,201.51410069309475,202.3575351351838,1182900,2022-05-26
208.96932983398438,208.96932983398438,209.9484895289106,207.18550800061766,207.18550800061766,1640600,2022-05-27
203.9765625,203.9765625,208.65910622123204,203.4821379305323,206.44871493322665,3331000,2022-05-31
200.63189697265625,200.63189697265625,206.03185421879763,199.16800198936446,206.02215004728174,1844300,2022-06-01
204.73275756835938,204.73275756835938,204.96543579618026,197.3841847532555,201.36870879790197,2227200,2022-06-02
201.25234985351562,201.25234985351562,205.54711126991276,200.98089933430134,203.32701584633557,1150100,2022-06-03
198.56692504882812,198.56692504882812,202.5029723200284,197.72347578146832,201.07784971591192,1531800,2022-06-06
201.1845245361328,201.1845245361328,202.46421791801166,196.41473139831885,196.41473139831885,1321100,2022-06-07
199.44912719726562,199.44912719726562,201.97944535470322,198.9643920314189,199.71088832884698,1171900,2022-06-08
195.11563110351562,195.11563110351562,200.8355160347884,194.8829676467094,198.29549321873364,1203100,2022-06-09
190.71421813964844,190.71421813964844,193.58384223761664,189.90955593305117,191.74185439606723,1863400,2022-06-10
180.09852600097656,180.09852600097656,187.1756631016248,179.4101954864833,185.35305395869457,2416800,2022-06-13
173.806640625,173.806640625,179.7301049686674,173.34129900582352,179.5459032379879,3828800,2022-06-14
176.69500732421875,176.69500732421875,178.77617416194664,172.80497474235005,174.32208507499138,2534800,2022-06-15
166.84347534179688,166.84347534179688,171.98805113325506,164.4802879504938,171.93942276387006,2574800,2022-06-16
168.34115600585938,168.34115600585938,171.80328242562,166.04603632409845,166.61009279597906,6001700,2022-06-17
169.0899658203125,169.0899658203125,172.26035148387615,165.59866556658076,171.95887636994595,2368000,2022-06-21
171.73521423339844,171.73521423339844,172.95084944628442,168.1077629131498,168.48704050599835,1614600,2022-06-22
172.5618133544922,172.5618133544922,173.87469018594345,170.1694372635973,172.96054517619027,1629000,2022-06-23
177.3173828125,177.3173828125,178.0953921689149,172.8341204048739,172.8341204048739,4783800,2022-06-24
174.8764190673828,174.8764190673828,178.6302862036283,173.99143310761158,177.9689877980606,1367300,2022-06-27
170.98638916015625,170.98638916015625,176.96730831560674,169.55680100000137,175.11954877600485,2543400,2022-06-28
170.84051513671875,170.84051513671875,173.5051929690678,168.94412709877764,172.1631268933106,1627400,2022-06-29
163.43971252441406,163.43971252441406,165.45281145877405,161.3196519424139,164.85958091108932,5189100,2022-06-30
170.2472381591797,170.2472381591797,171.00579316771828,163.4591368707705,163.9064822146299,1386100,2022-07-01
167.83543395996094,167.83543395996094,168.81766170682312,164.87900130284214,168.55509522870705,1320400,2022-07-05
161.42662048339844,161.42662048339844,164.60671119986407,161.377992111858,163.70228581425337,2086500,2022-07-06
169.85829162597656,169.85829162597656,170.42234818212708,164.1204841446993,164.27608902349212,1819900,2022-07-07
167.8549041748047,167.8549041748047,172.68827062410514,167.78682148487,169.79992037687984,1465700,2022-07-08
164.73313903808594,164.73313903808594,167.37836213796413,164.5969885037964,166.9310019028441,1523400,2022-07-11
165.433349609375,165.433349609375,167.8062716920778,162.84647456254027,163.18685832528533,1846700,2022-07-12
164.65536499023438,164.65536499023438,166.4934049395657,162.91458179899803,163.90652950293708,1165200,2022-07-13
162.88539123535156,162.88539123535156,163.25493423221388,159.94841254218227,162.0879274498084,1293700,2022-07-14
166.89215087890625,166.89215087890625,167.05747551010404,163.03129171942518,166.230837514816,1192800,2022-07-15
166.96995544433594,166.96995544433594,169.11919051649858,166.51287534786167,167.76740454843406,1128600,2022-07-18
173.28147888183594,173.28147888183594,173.8358155984943,168.72042854876324,169.96523767751373,1363300,2022-07-19
173.8941650390625,173.8941650390625,174.7499768863661,171.99777727678327,172.8633088626079,1376400,2022-07-20
176.32545471191406,176.32545471191406,177.90091320573956,173.68996586950962,174.2442878124383,1837400,2022-07-21
196.47579956054688,196.47579956054688,206.16198623856215,196.25212686472554,204.23640962108928,5507200,2022-07-22
193.16929626464844,193.16929626464844,201.7079165320238,191.90503271696284,196.39801556746292,2966800,2022-07-25
198.3332977294922,198.3332977294922,198.5958790628116,192.97476877854697,192.97476877854697,1800200,2022-07-26
199.03350830078125,199.03350830078125,200.84237393302791,196.47580728784382,197.53583753939972,1599900,2022-07-27
204.0127410888672,204.0127410888672,205.89940911295645,197.80813487341806,198.87789968273532,1700200,2022-07-28
206.5801544189453,206.5801544189453,207.21229354345147,202.6609482363279,203.0305060371378,1497800,2022-07-29
205.11167907714844,205.11167907714844,207.54294923403666,203.67235645997792,204.5281683037771,1074000,2022-08-01
205.6562957763672,205.6562957763672,208.67107692004242,204.55735683908554,205.59794766275868,1354100,2022-08-02
210.51882934570312,210.51882934570312,211.83172121487212,206.29814775811514,207.79580370105748,1437200,2022-08-03
206.87193298339844,206.87193298339844,211.0731604369521,206.4732010840749,209.32265765422775,1088700,2022-08-04
206.95944213867188,206.95944213867188,209.77972447436045,204.8977297575652,204.8977297575652,907300,2022-08-05
205.52984619140625,205.52984619140625,208.83638244030197,204.40173330039613,207.92222250583842,909800,2022-08-08
204.29478454589844,204.29478454589844,206.28841428781539,203.38062455378056,204.8977348218502,805400,2022-08-09
210.761962890625,210.761962890625,211.7150167019814,206.45374416299475,207.71800769847366,1108400,2022-08-10
210.56747436523438,210.56747436523438,213.64058892269244,210.20763624949024,211.58861091761597,985600,2022-08-11
212.872314453125,212.872314453125,212.99874526481887,210.95647215564273,211.47190030275246,715600,2022-08-12
210.74253845214844,210.74253845214844,212.7750771683717,209.53663769844204,211.06346796091503,902900,2022-08-15
207.01780700683594,207.01780700683594,210.60636448695078,205.38400042298028,209.38100954905903,1194300,2022-08-16
203.24447631835938,203.24447631835938,205.47151337266408,202.72904820449634,204.42120282763298,861600,2022-08-17
209.12811279296875,209.12811279296875,209.95475052474268,204.01272607952006,204.42117765685603,1419800,2022-08-18
209.11842346191406,209.11842346191406,211.70529866714605,207.94169692643177,208.4960188479549,1111100,2022-08-19
206.55096435546875,206.55096435546875,210.12980135299983,205.48119966724903,205.9091055425369,1195700,2022-08-22
204.4698486328125,204.4698486328125,208.37933574383914,203.10834309130942,205.6174011836083,1069600,2022-08-23
204.63516235351562,204.63516235351562,206.8913883756814,203.29309636311368,204.64488209283135,1065500,2022-08-24
207.6888427734375,207.6888427734375,207.78609952632607,203.6626595361816,205.17005017017217,912300,2022-08-25
199.3446807861328,199.3446807861328,207.7277096308414,198.7028367997698,207.66934668726833,1011400,2022-08-26
198.46945190429688,198.46945190429688,199.94766834951844,195.0170452323084,197.92484975060887,843000,2022-08-29
196.23268127441406,196.23268127441406,199.52948310697306,194.78363887771448,198.96542663388118,1043400,2022-08-30
192.43019104003906,192.43019104003906,197.3024665749968,191.79806665149158,197.3024665749968,1869300,2022-08-31
193.9667510986328,193.9667510986328,194.054273272303,187.41205554485205,190.97142416111197,1303200,2022-09-01
194.53079223632812,194.53079223632812,199.33498457967985,193.12065847237687,196.97178220234997,1036900,2022-09-02
195.19210815429688,195.19210815429688,198.508349512281,192.60523303528265,195.20182789319384,1682200,2022-09-06
206.32733154296875,206.32733154296875,207.83472213512758,194.66695354575674,194.66695354575674,1802900,2022-09-07
210.26596069335938,210.26596069335938,210.38265690449882,204.22667949888842,205.4423144959056,1364400,2022-09-08
213.6600341796875,213.6600341796875,215.58559613097555,210.27571002666383,211.03426518442265,1940400,2022-09-09
216.2468719482422,216.2468719482422,216.29550031440883,212.90144217037508,213.40715046777902,1510800,2022-09-12
206.21063232421875,206.21063232421875,212.9306675517403,205.69520416504884,211.90953097325928,1459300,2022-09-13
203.0207977294922,203.0207977294922,206.42457628261892,200.16163620987507,206.42457628261892,1318000,2022-09-14
203.77163696289062,203.77163696289062,206.960296194276,202.7672605638809,202.9817890063111,1030200,2022-09-15
204.4542236328125,204.4542236328125,205.23432571837284,201.27532511722558,205.12706149561816,4048000,2022-09-16
203.20606994628906,203.20606994628906,203.30358828846275,199.54935530292582,201.25582213649534,1039600,2022-09-19
196.74099731445312,196.74099731445312,202.0554345972661,195.77563415354211,201.29482424858224,1279100,2022-09-20
193.8936309814453,193.8936309814453,200.92428078480137,193.8058734022358,198.61322704448187,898000,2022-09-21
189.23252868652344,189.23252868652344,193.17203730493358,188.7352208881161,193.17203730493358,1074400,2022-09-22
186.73619079589844,186.73619079589844,187.4382810586791,183.0307177154909,187.04823752567074,1297800,2022-09-23
182.58221435546875,182.58221435546875,188.02340779988322,180.54419398506067,186.1511567160155,1385300,2022-09-26
179.72509765625,179.72509765625,186.8825040698903,179.21802902249345,184.62997006574886,1617300,2022-09-27
185.2150421142578,185.2150421142578,186.19016604672905,180.01762976868096,181.43155649492215,1724800,2022-09-28
183.01124572753906,183.01124572753906,184.32766893931415,178.8767299296508,182.96250143608873,1129200,2022-09-29
179.2179718017578,179.2179718017578,184.31787928154853,179.04245668411772,183.75230577047552,1330100,2022-09-30
188.45240783691406,188.45240783691406,190.0613709286171,180.36863861343764,182.4749094539176,1526900,2022-10-03
198.8277587890625,198.8277587890625,199.18856475270303,191.70936616762694,191.84588291950956,1814100,2022-10-04
197.50157165527344,197.50157165527344,198.69122390419903,193.57182385699275,195.697601518545,1280400,2022-10-05
196.5166778564453,196.5166778564453,199.9003582820934,195.40503743482537,196.8092179419678,1118000,2022-10-06
195.47332763671875,195.47332763671875,195.74636111616735,191.09501632543208,194.85899486835504,1303100,2022-10-07
194.1374053955078,194.1374053955078,197.84287903322505,193.1232831296361,196.32168819481285,1101500,2022-10-10
197.64784240722656,197.64784240722656,200.3586853398058,193.03551106930698,194.0983924241885,1729300,2022-10-11
195.5026092529297,195.5026092529297,198.52548461927756,195.31733331876043,197.68687741355043,1139700,2022-10-12
200.87551879882812,200.87551879882812,202.61123811073367,190.38319123167662,192.0994038998502,1314400,2022-10-13
196.45822143554688,196.45822143554688,203.39135324600016,195.72687848034803,203.05981467732056,1118800,2022-10-14
201.17782592773438,201.17782592773438,203.15732641674444,198.88629350232247,199.69563331199498,962900,2022-10-17
204.7955322265625,204.7955322265625,208.21821186905612,203.51812225717853,207.07731865489157,1459100,2022-10-18
203.98617553710938,203.98617553710938,204.61025425175558,201.80189259624254,203.7033812674919,1007600,2022-10-19
203.42056274414062,203.42056274414062,208.58872151016257,202.2601631200118,204.46393740232884,2469300,2022-10-20
191.7678680419922,191.7678680419922,193.15254218219022,173.88409944582156,179.01324575775598,6288100,2022-10-21
205.1270751953125,205.1270751953125,205.61463717144898,193.0940491952745,193.84488392549298,3205800,2022-10-24
209.06658935546875,209.06658935546875,214.66380673186882,204.3762450783656,205.12709475940744,2330300,2022-10-25
212.0699005126953,212.0699005126953,218.14493194555783,211.02652587906084,211.02652587906084,1481500,2022-10-26
212.35272216796875,212.35272216796875,216.94554710827754,212.06018204100175,213.51312191477217,1642500,2022-10-27
218.09620666503906,218.09620666503906,218.96406630752466,210.62675430702953,212.5770020320946,1390400,2022-10-28
212.06021118164062,212.06021118164062,217.72567907295598,211.81643018887002,215.50239760922486,1424900,2022-10-31
215.62911987304688,215.62911987304688,216.6139895052845,211.2703155146675,213.4740898359551,1084800,2022-11-01
208.50100708007812,208.50100708007812,215.90219418126784,208.36447544503372,213.76667038134272,1296100,2022-11-02
207.45762634277344,207.45762634277344,208.66678543214508,203.11832761602884,206.45324983565763,1486000,2022-11-03
206.63851928710938,206.63851928710938,209.6419028309346,202.08469223775936,208.920305753264,1648000,2022-11-04
208.91058349609375,208.91058349609375,210.35376293543416,205.70241701362653,207.48689582487617,1254600,2022-11-07
206.4044647216797,206.4044647216797,209.82714409819323,204.36645943456162,208.4814832953775,1236300,2022-11-08
203.81063842773438,203.81063842773438,208.36446519814734,202.37720512236555,204.78576231551128,1221000,2022-11-09
216.96505737304688,216.96505737304688,217.29659591217975,210.1294445174945,211.09480760962902,1346900,2022-11-10
218.50575256347656,218.50575256347656,219.1395771098547,214.27371865512046,216.93580258080135,1333700,2022-11-11
217.0820770263672,217.0820770263672,221.13859600586238,217.0820770263672,219.09082987201063,1224200,2022-11-14
223.35211181640625,223.35211181640625,223.35211181640625,218.42773359653552,219.25659478731293,1565500,2022-11-15
225.2536163330078,225.2536163330078,227.53540264173446,220.88506551575847,222.08446372226203,2014300,2022-11-16
221.6456756591797,221.6456756591797,223.088854931502,219.24686420779113,221.68467407012437,1271200,2022-11-17
224.3564910888672,224.3564910888672,227.35987425065161,222.88405947194667,225.0878339564677,1085800,2022-11-18
223.2936553955078,223.2936553955078,225.9752464589046,221.92847283570603,222.7670800907004,1433600,2022-11-21
228.90057373046875,228.90057373046875,229.85619091986015,225.08783597550124,225.7216605147569,1543200,2022-11-22
231.37738037109375,231.37738037109375,232.3135057914241,228.40324972430474,229.51489029139208,973500,2022-11-23
233.41537475585938,233.41537475585938,235.229105584148,231.50414047697086,233.02533119504363,385100,2022-11-25
228.52029418945312,228.52029418945312,232.6645708056704,227.0283557979517,232.1770088508213,1072600,2022-11-28
229.94398498535156,229.94398498535156,232.37204906940843,227.07711808300306,228.0912553618041,774800,2022-11-29
234.24424743652344,234.24424743652344,234.83907356749302,228.1594693859103,230.02195947065874,2431200,2022-11-30
232.5377960205078,232.5377960205078,237.42316136931856,232.39153338819992,236.77959090795406,1205600,2022-12-01
233.08384704589844,233.08384704589844,234.03946422964054,228.50076803742732,228.9493166652372,803600,2022-12-02
229.4954071044922,229.4954071044922,231.38713490014138,228.1789839377828,229.67092225780846,741700,2022-12-05
230.73382568359375,230.73382568359375,232.92785458436762,227.96447721984973,228.43253255250247,1260800,2022-12-06
232.18670654296875,232.18670654296875,234.90729513951513,230.41197425364356,230.90929686706457,974700,2022-12-07
235.5216827392578,235.5216827392578,236.24327980739488,232.08924232320445,232.08924232320445,1188000,2022-12-08
231.67965698242188,231.67965698242188,235.12184276019676,230.90931573754315,234.96583426247489,823800,2022-12-09
236.69180297851562,236.69180297851562,237.2086174178361,231.67966708983886,232.73280261124913,1162300,2022-12-12
237.60076904296875,237.60076904296875,243.36729743440196,235.07913019558086,243.36729743440196,1189000,2022-12-13
239.1645965576172,239.1645965576172,241.69600414634854,236.0858592106323,238.2654098242553,1161300,2022-12-14
234.27767944335938,234.27767944335938,236.20311674149406,233.5153252242987,236.17379657257757,1280300,2022-12-15
233.6424102783203,233.6424102783203,234.55136542384136,228.73596441824102,230.47569752754094,2206700,2022-12-16
233.27098083496094,233.27098083496094,236.47678189187656,231.35532686646098,233.0168677328257,871900,2022-12-19
232.968017578125,232.968017578125,237.76695119338729,231.75606246489838,232.7432246239422,1093500,2022-12-20
237.40530395507812,237.40530395507812,238.38268275261015,234.74683243270172,234.96185696124812,786200,2022-12-21
235.6948699951172,235.6948699951172,236.01740675911137,231.33576929932698,234.92274737606368,961600,2022-12-22
235.29417419433594,235.29417419433594,236.24223280937704,233.71081042053854,234.90321373195897,592200,2022-12-23
234.6002197265625,234.6002197265625,236.55497722287257,233.5348804703414,235.4016774585854,532100,2022-12-27
231.0523223876953,231.0523223876953,236.03695980238447,230.92527329593406,235.28437401560797,603400,2022-12-28
234.9423065185547,234.9423065185547,236.4670149682363,231.35532832895348,232.87025344651144,567600,2022-12-29
234.53182983398438,234.53182983398438,235.09869642952833,232.56728884745934,233.4078352350272,710300,2022-12-30
237.7083282470703,237.7083282470703,240.3765684617027,234.0236056273085,236.20315639314137,1058300,2023-01-03
243.25003051757812,243.25003051757812,243.35754277770351,238.40222530685546,238.9984269468933,1186400,2023-01-04
244.63790893554688,244.63790893554688,245.51754386245963,240.90431487833024,242.1651418423372,1353800,2023-01-05
248.76246643066406,248.76246643066406,250.00372681915073,243.8657888995556,247.71666391375624,1164000,2023-01-06
244.13943481445312,244.13943481445312,249.66163377734296,243.79736119533942,248.34216648094562,1544300,2023-01-09
244.73565673828125,244.73565673828125,244.80408041594416,242.23356928212164,243.44552441840668,671500,2023-01-10
246.61221313476562,246.61221313476562,247.3941042031632,241.41255103094792,245.5566422960895,1170800,2023-01-11
249.378173828125,249.378173828125,251.60659611114525,246.26034824644404,248.2541942683406,1389100,2023-01-12
253.0140380859375,253.0140380859375,253.8741361781669,247.82415918970588,248.5962967716709,1039300,2023-01-13
252.47647094726562,252.47647094726562,255.06651851635084,251.57726942639027,253.02380062876173,1887900,2023-01-17
250.95179748535156,250.95179748535156,256.75743011131607,250.61949226301584,252.82834813233387,1812800,2023-01-18
251.16680908203125,251.16680908203125,254.2357629344697,247.00316594347115,250.0525829581556,1713800,2023-01-19
255.48678588867188,255.48678588867188,255.67249022761348,248.09780531227523,251.52841408961325,1241200,2023-01-20
257.84228515625,257.84228515625,263.00284375325214,256.18072935354735,256.18072935354735,1888200,2023-01-23
246.96408081054688,246.96408081054688,259.34748397160615,246.38743086796234,257.9205192013591,2223200,2023-01-24
247.90234375,247.90234375,247.9218955006703,243.8853165201787,246.0062266026154,1695600,2023-01-25
249.0850067138672,249.0850067138672,249.81804085379778,243.82670371107395,249.1925189842684,1799500,2023-01-26
249.00680541992188,249.00680541992188,253.98164510630613,238.8909286970211,243.03502025061937,1918600,2023-01-27
247.57003784179688,247.57003784179688,251.5772817279036,245.3709356766452,250.7269669964021,1486800,2023-01-30
249.30003356933594,249.30003356933594,249.30003356933594,245.38073478673556,247.94146263364428,1916800,2023-01-31
255.5454559326172,255.5454559326172,258.6339765589985,244.57927937826847,246.37765281377511,1575900,2023-02-01
252.15396118164062,252.15396118164062,257.6566089060096,251.82165595030784,254.48012762820557,1364300,2023-02-02
252.24188232421875,252.24188232421875,254.27484672791851,250.48261259125974,252.15392182029387,936600,2023-02-03
247.78506469726562,247.78506469726562,250.47284134421272,246.99339029651466,249.84733445482425,887700,2023-02-06
249.45639038085938,249.45639038085938,250.39468060376228,245.52733828859743,246.21150047528852,851100,2023-02-07
250.59991455078125,250.59991455078125,252.93586416439692,249.30978230944456,250.09168832029965,846300,2023-02-08
250.4044647216797,250.4044647216797,254.48011768329016,249.79847971418155,252.6524240687672,733700,2023-02-09
250.81495666503906,250.81495666503906,252.07578373794254,249.4564006549359,249.76916904665754,1024600,2023-02-10
254.23574829101562,254.23574829101562,254.98834899607812,251.7727646503794,252.40805485397507,792300,2023-02-13
253.04335021972656,253.04335021972656,256.4446389780956,251.47953826781324,253.61024659307077,817100,2023-02-14
253.18023681640625,253.18023681640625,253.78620695776118,250.74654309010322,251.35254305869486,700400,2023-02-15
257.1972351074219,257.1972351074219,257.6370675151648,250.14055870800107,250.2089823851584,1051000,2023-02-16
256.8941955566406,256.8941955566406,258.12570217528184,255.79953626328341,256.33708257894784,878800,2023-02-17
250.29693603515625,250.29693603515625,255.71162299767607,249.78870979143258,253.7177618723638,949100,2023-02-21
248.35194396972656,248.35194396972656,251.87051340158544,247.93166335615805,250.45330229672092,960300,2023-02-22
246.27989196777344,246.27989196777344,250.29691920591716,245.4198088135075,248.04894510989033,1681200,2023-02-23
243.50416564941406,243.50416564941406,244.66724886497676,240.3276843926935,243.84625421173874,1624300,2023-02-24
242.4290313720703,242.4290313720703,247.01294033747314,240.7381702212183,247.01294033747314,1265300,2023-02-27
237.94287109375,237.94287109375,241.92081005549537,236.4768028616091,240.2983576326579,2781800,2023-02-28
238.77362060546875,238.77362060546875,239.64348705634222,234.57088919139974,236.3399422612064,917900,2023-03-01
238.236083984375,238.236083984375,238.5390690280841,235.8610606441131,236.70159210027794,1035000,2023-03-02
244.33493041992188,244.33493041992188,244.89202857819396,239.32097242738874,239.64350921949023,1186000,2023-03-03
246.03558349609375,246.03558349609375,246.70020889554382,242.34109248960505,243.85603274993352,996000,2023-03-06
239.78033447265625,239.78033447265625,246.8467787756202,239.2134529986944,246.64153758636806,1006500,2023-03-07
245.7423553466797,245.7423553466797,247.2475271165851,239.4382647918037,239.4382647918037,1954700,2023-03-08
246.426513671875,246.426513671875,251.4697916965541,245.39049456345367,247.3941091079661,2522000,2023-03-09
241.02162170410156,241.02162170410156,248.59630751908364,239.66306574802368,246.14307714912928,1200200,2023-03-10
241.48097229003906,241.48097229003906,244.30559625021942,235.87081295726136,238.06014670230982,1058800,2023-03-13
245.01907348632812,245.01907348632812,247.5016088709421,242.50720301961363,244.94088139916337,1226100,2023-03-14
241.87188720703125,241.87188720703125,242.00871961667713,238.72472687156164,239.72165723533263,1338300,2023-03-15
249.22988891601562,249.22988891601562,250.1508602956663,239.74586007754417,239.74586007754417,1210000,2023-03-16
245.58518981933594,245.58518981933594,249.50420659475074,245.44802483019092,248.75958383950987,1123200,2023-03-17
251.24818420410156,251.24818420410156,253.40365553065388,246.24163934990693,246.73151647869364,1457900,2023-03-20
253.45263671875,253.45263671875,253.91312242567335,250.8170953173821,253.2272824707738,871500,2023-03-21
249.22988891601562,249.22988891601562,256.4212814658317,249.00453467640693,254.12866012703967,842700,2023-03-22
247.65248107910156,247.65248107910156,251.6694644550391,245.36965192759527,248.7595931938816,979200,2023-03-23
249.07315063476562,249.07315063476562,249.12214134195966,244.89940250948234,246.437609056294,1021400,2023-03-24
249.25927734375,249.25927734375,253.5701899775599,248.6420273946425,252.4532857027628,981200,2023-03-27
249.32785034179688,249.32785034179688,250.55254311985288,248.03458254209846,248.03458254209846,609000,2023-03-28
252.1495361328125,252.1495361328125,252.94316457268937,249.60218408602165,251.7282489867527,1174000,2023-03-29
254.18743896484375,254.18743896484375,256.66621596238446,253.94250040817087,254.72629182963368,913000,2023-03-30
258.341552734375,258.341552734375,258.341552734375,254.80465480136522,255.46107330152836,1223900,2023-03-31
258.8118591308594,258.8118591308594,259.4780847750694,256.0979509068215,257.6165578752008,823000,2023-04-03
261.81976318359375,261.81976318359375,261.84915461782043,258.5277730515553,259.58592448317575,1103200,2023-04-04
265.81707763671875,265.81707763671875,266.24817182484344,260.6243929612011,261.30042566986384,1099500,2023-04-05
265.1116638183594,265.1116638183594,267.04178063129814,264.0339283061078,265.80728087183513,912100,2023-04-06
265.5035705566406,265.5035705566406,266.5617217945063,263.0737993728623,263.8086149937096,1008100,2023-04-10
266.0914611816406,266.0914611816406,268.53103976968464,265.5917769311824,267.4141354389122,1752100,2023-04-11
266.86541748046875,266.86541748046875,269.9026610672828,263.69102387216725,266.32653480393327,1200300,2023-04-12
267.87457275390625,267.87457275390625,269.8536652770667,265.7681074134646,269.442185297859,1612600,2023-04-13
267.8158874511719,267.8158874511719,270.0595335350749,266.30705721180306,267.10065593192127,1084100,2023-04-14
265.611328125,265.611328125,267.8059676223971,263.7204099901991,267.4728548343794,1007300,2023-04-17
265.95428466796875,265.95428466796875,268.8739329945507,265.2194690314572,267.2671516839024,1179000,2023-04-18
267.46307373046875,267.46307373046875,267.7374036943155,263.7400199497309,265.17045262552296,2105200,2023-04-19
265.2978515625,265.2978515625,267.94319996691354,263.279560222731,265.7191387092119,2227200,2023-04-20
275.5166931152344,275.5166931152344,288.06734306865815,273.94908028496536,281.7871145365826,4083000,2023-04-21
280.4546813964844,280.4546813964844,283.491925847449,277.39785262251263,278.1130541588932,1892800,2023-04-24
276.2808837890625,276.2808837890625,283.1391633503903,275.6244652034677,280.425254916452,2072500,2023-04-25
272.44024658203125,272.44024658203125,276.47682893927407,270.6962853723567,276.47682893927407,1608200,2023-04-26
276.7218017578125,276.7218017578125,278.0934517724575,273.1750960414704,273.1750960414704,1254500,2023-04-27
281.5128173828125,281.5128173828125,281.64019023822055,276.29073960920124,276.29073960920124,1206400,2023-04-28
278.2599792480469,278.2599792480469,283.8347826240745,277.6917051103972,282.08101436437533,980400,2023-05-01
274.8602600097656,274.8602600097656,278.10324411854054,272.33247735294526,276.9667256239651,1018900,2023-05-02
272.57745361328125,272.57745361328125,276.6140368145839,272.0386006722286,275.49713238593984,938100,2023-05-03
272.0091857910156,272.0091857910156,274.6741186310605,269.6773658185104,272.9889400719185,1460300,2023-05-04
272.43048095703125,272.43048095703125,275.94779534080715,270.03987804943915,273.70414959972095,1247900,2023-05-05
272.1561279296875,272.1561279296875,273.71393356236194,270.6864965894596,271.41150514939295,934600,2023-05-08
268.5016174316406,268.5016174316406,271.5290841185844,267.4826946260461,271.19594139013986,1069300,2023-05-09
272.9007263183594,272.9007263183594,274.5760975245527,269.834091078554,270.5101238266138,1029900,2023-05-10
272.46966552734375,272.46966552734375,274.10583839674416,270.29460987542075,272.31290125786774,1418100,2023-05-11
270.2847900390625,270.2847900390625,274.59570259763655,269.1972772141681,273.15546270809676,1171800,2023-05-12
271.90142822265625,271.90142822265625,272.6362440169771,269.64800507996483,270.3534294385021,769900,2023-05-15
269.9908752441406,269.9908752441406,274.5173349174009,269.9320923834276,271.9405765571506,888900,2023-05-16
269.883056640625,269.883056640625,271.852371954108,267.4826770298858,271.7054148187113,949300,2023-05-17
273.7433166503906,273.7433166503906,276.78056064090845,272.09733677543363,272.6459967337526,1490500,2023-05-18
276.751220703125,276.751220703125,279.97462098278663,274.62514054426794,275.7714663238736,1512000,2023-05-19
271.4311218261719,271.4311218261719,279.01441004246345,271.2645504502258,277.1528829746067,1236300,2023-05-22
262.33905029296875,262.33905029296875,268.8446040251141,261.614011698018,268.8446040251141,1168500,2023-05-23
259.53692626953125,259.53692626953125,261.0555634807425,256.7838188856659,260.0561948889147,1057400,2023-05-24
258.7432861328125,258.7432861328125,261.17308734128767,257.24426338517327,259.5760831925511,868700,2023-05-25
259.0568542480469,259.0568542480469,262.0157016551414,258.42979710497156,258.8119156577325,975300,2023-05-26
258.83148193359375,258.83148193359375,263.41672484862954,257.2932605177394,258.20445473396927,1102400,2023-05-30
258.8412780761719,258.8412780761719,259.0960237494552,253.9326997086158,256.7935952786591,1918100,2023-05-31
262.4468078613281,262.4468078613281,263.0738650328244,258.35144162158707,258.96869168111266,895100,2023-06-01
268.7074279785156,268.7074279785156,270.15744522877424,264.00458932705106,264.043787871572,1037500,2023-06-02
266.7184753417969,266.7184753417969,269.6675149166064,266.6498853773373,267.8745780295886,999000,2023-06-05
265.6995544433594,265.6995544433594,267.7080386732447,261.2906603682415,267.0124215355384,1164800,2023-06-06
267.9922180175781,267.9922180175781,269.8341610610368,262.3586302558042,266.2972321531759,1208000,2023-06-07
267.95294189453125,267.95294189453125,269.62834294992217,266.19920356596464,268.5799988766075,845300,2023-06-08
266.28741455078125,266.28741455078125,269.43241730448466,266.1208431732951,267.34553597922456,730000,2023-06-09
270.6473388671875,270.6473388671875,270.8041031550886,266.20905274631093,266.78710423934785,1166000,2023-06-12
274.18426513671875,274.18426513671875,275.310976676981,271.50952495527787,271.9406192680317,1096400,2023-06-13
278.4461364746094,278.4461364746094,290.87921881061186,277.6819294470885,288.8902892174866,2195800,2023-06-14
280.694580078125,280.694580078125,282.1574929527586,277.18944993925084,277.79817798203834,1251700,2023-06-15
284.80841064453125,284.80841064453125,286.4087937164637,282.3734984533098,282.3734984533098,2967800,2023-06-16
280.1152648925781,280.1152648925781,285.3680459685825,279.86001021662605,284.1014805962184,999400,2023-06-20
281.7647399902344,281.7647399902344,283.94439725827743,276.6493994429137,279.19232792846657,1325600,2023-06-21
289.0498962402344,289.0498962402344,289.1186313293003,280.29201516652785,281.28364017639586,1198000,2023-06-22
290.0317077636719,290.0317077636719,291.5830112989853,286.3007769178776,287.4494977997265,2007500,2023-06-23
289.5113220214844,289.5113220214844,291.4258966522171,288.3134918857555,290.50297687732854,928400,2023-06-26
292.19171142578125,292.19171142578125,293.0557239509779,288.65712835133195,288.65712835133195,1164400,2023-06-27
294.07684326171875,294.07684326171875,294.33212789679106,290.4538988526655,291.985576700114,1226200,2023-06-28
294.9801025390625,294.9801025390625,297.42484214992857,292.73171034791903,293.56626927993995,954300,2023-06-29
297.96490478515625,297.96490478515625,299.3198010401242,296.32524031312875,298.4165368701456,1282700,2023-06-30
292.172119140625,292.172119140625,295.8932525437344,286.71316241499676,294.9801604571391,932900,2023-07-03
292.92816162109375,292.92816162109375,295.08816356078864,290.57178224915873,291.26887119652935,891000,2023-07-05
289.1087951660156,289.1087951660156,293.8902882776503,288.10734232562106,291.7008330536036,1206100,2023-07-06
286.1927795410156,286.1927795410156,289.481906407683,284.72986671055486,286.4971435532191,929000,2023-07-07
290.3654479980469,290.3654479980469,290.5814510923831,286.5167037245715,286.5167037245715,737200,2023-07-10
289.3346252441406,289.3346252441406,292.2801064906753,287.59680209535964,291.74011358067116,843300,2023-07-11
289.8746032714844,289.8746032714844,291.3964531485171,288.24476680318895,290.3949703998029,1275400,2023-07-12
290.6011657714844,290.6011657714844,293.605553989533,288.725872608993,290.2771460827442,1262600,2023-07-13
291.17059326171875,291.17059326171875,294.6168153895347,289.8058694036848,290.6306004330036,1214500,2023-07-14
286.5560302734375,286.5560302734375,290.36552404601144,284.5334689344703,289.42297846158596,1800300,2023-07-17
284.4745788574219,284.4745788574219,287.8422686354632,283.1491362218826,286.32041862864355,1549500,2023-07-18
281.4996337890625,281.4996337890625,284.8280419733452,275.38287025541035,283.5418508952555,2637500,2023-07-19
281.6960144042969,281.6960144042969,284.72985652132803,279.96798913518467,283.26694374321846,1738100,2023-07-20
279.9582214355469,279.9582214355469,284.0131425917058,279.6734831586777,282.4716966637322,1027400,2023-07-21
279.9974365234375,279.9974365234375,282.0003721351002,278.5738052502774,279.8207148420219,1031900,2023-07-24
280.3410949707031,280.3410949707031,281.3622035600239,276.65924328914747,279.3985493298609,3057800,2023-07-25
277.0519714355469,277.0519714355469,282.28512680040313,276.6985280521497,279.01562568904933,1943600,2023-07-26
271.29852294921875,271.29852294921875,271.6716221121019,260.3020453571509,269.0206764538204,3025300,2023-07-27
268.28424072265625,268.28424072265625,273.8413854069251,267.15514561065623,273.330846128912,2011900,2023-07-28
267.85223388671875,267.85223388671875,270.5031788947711,265.29947757581346,270.5031788947711,1600300,2023-07-31
268.8929748535156,268.8929748535156,272.5552006111087,267.5577044206142,268.1369787963274,1273000,2023-08-01
264.4944152832031,264.4944152832031,270.8173542037718,263.4733067156208,268.4904287846444,1168200,2023-08-02
265.82965087890625,265.82965087890625,268.34312551326207,263.6794474276672,264.1114536894766,1091800,2023-08-03
263.80712890625,263.80712890625,266.75261023985985,262.94311625431345,265.1423993952534,1159200,2023-08-04
267.62640380859375,267.62640380859375,267.6558574215417,264.8282206895828,265.0933032061148,952900,2023-08-07
262.7467346191406,262.7467346191406,266.00640776700214,261.116928008195,266.00640776700214,1193800,2023-08-08
262.24603271484375,262.24603271484375,265.30932856986146,261.28383133967077,263.7089455520575,1027500,2023-08-09
263.1787414550781,263.1787414550781,264.7300450481369,261.18563364601033,262.1969143577445,1088800,2023-08-10
264.680908203125,264.680908203125,265.8394868294185,261.3329045166538,262.304903653824,958200,2023-08-11
265.9671936035156,265.9671936035156,266.02610084047285,262.6387849004858,264.0918999924058,880900,2023-08-14
263.8856506347656,263.8856506347656,267.3809526045101,263.1394824369109,266.0751357860261,949200,2023-08-15
262.1969299316406,262.1969299316406,268.0388134929641,261.83365867812734,264.92640822583337,746200,2023-08-16
260.7830505371094,260.7830505371094,263.8463758925594,259.5459689135243,261.28379188652576,1240200,2023-08-17
264.1507873535156,264.1507873535156,264.6024194572014,259.49690624314775,259.49690624314775,977900,2023-08-18
269.82574462890625,269.82574462890625,270.1202807887932,264.54350976636425,264.71040360263794,1264200,2023-08-21
269.8354797363281,269.8354797363281,272.61406670430875,269.33476838103314,270.5620520332911,1628000,2023-08-22
272.1329650878906,272.1329650878906,272.6336764137227,270.3263772906482,271.88750837188223,833700,2023-08-23
267.6361999511719,267.6361999511719,274.8820875075469,267.547839122799,271.9660603193223,1002700,2023-08-24
268.3136901855469,268.3136901855469,271.29845275334213,267.7933230569528,268.5984284145461,879100,2023-08-25
272.4963073730469,272.4963073730469,272.8497507541416,269.02063097735305,269.3642764620746,662200,2023-08-28
274.2734069824219,274.2734069824219,274.8428535179641,271.12175037410776,272.74175910008313,694200,2023-08-29
274.6759338378906,274.6759338378906,276.66904146917886,274.2242718400548,275.03920503742364,538600,2023-08-30
272.26068115234375,272.26068115234375,275.4221660576894,272.22142963617034,274.53852753595703,981000,2023-08-31
275.7068176269531,275.7068176269531,275.89336714056344,273.1049822568356,274.02790196744036,966900,2023-09-01
269.26611328125,269.26611328125,273.86105744895224,266.49735334827994,273.82180593376717,1240100,2023-09-05
269.58026123046875,269.58026123046875,271.47518025232546,268.3235238006952,268.85368883615797,780300,2023-09-06
266.9489440917969,266.9489440917969,270.8762518958289,266.4383749009651,269.51149805169706,1260200,2023-09-07
268.60821533203125,268.60821533203125,272.17225210765724,266.85076658940784,266.9489552812205,990900,2023-09-08
267.52825927734375,267.52825927734375,269.2268009858279,267.1060508520289,268.8144503826639,1042600,2023-09-11
256.12921142578125,256.12921142578125,267.70496044957196,256.05067844742996,266.2223920524628,1591600,2023-09-12
257.7197570800781,257.7197570800781,257.9946674388262,255.1670308758383,255.5400999632249,1422000,2023-09-13
259.3828125,259.3828125,260.24880443089745,256.8931007144822,259.74694594992826,867000,2023-09-14
252.1990966796875,252.1990966796875,258.4282870305691,248.3021625740726,254.47231074393187,4375400,2023-09-15
251.63819885253906,251.63819885253906,253.23238290103788,249.8963793093494,251.6086627441118,1387500,2023-09-18
250.2407684326172,250.2407684326172,253.3996601230508,248.69577637135205,251.85465304597224,1089700,2023-09-19
250.1620635986328,250.1620635986328,252.46478371219894,249.62081858553563,251.77594826398644,1084300,2023-09-20
249.40435791015625,249.40435791015625,251.21505511970486,248.6466147784042,248.74502843762983,1188800,2023-09-21
248.25299072265625,248.25299072265625,250.3195424286233,247.3476421158779,249.13865359438267,818300,2023-09-22
250.46714782714844,250.46714782714844,250.8706077685993,246.76701068276046,247.41650475799648,726700,2023-09-25
244.50363159179688,244.50363159179688,250.36871859028864,244.46426012651568,249.22718635016375,1540300,2023-09-26
243.32272338867188,243.32272338867188,247.7510671546455,239.70132947208864,245.18262716974823,1308900,2023-09-27
246.65875244140625,246.65875244140625,248.59738421973918,243.2538563849557,243.8344578778454,1065300,2023-09-28
242.0631103515625,242.0631103515625,246.93428556228756,240.90190739907504,246.93428556228756,1529100,2023-09-29
243.27354431152344,243.27354431152344,243.46050622258613,240.30162924641897,241.68918063615945,1294700,2023-10-02
240.09498596191406,240.09498596191406,242.25995131011553,238.7074494760142,242.0828247435047,1004200,2023-10-03
239.48484802246094,239.48484802246094,241.74822688472244,236.11930832952535,241.60060640616172,1290400,2023-10-04
241.52188110351562,241.52188110351562,243.06688837079176,238.668065343545,240.11465895738132,896400,2023-10-05
241.47267150878906,241.47267150878906,243.42113857371223,237.920155108986,240.75428492637946,1011700,2023-10-06
244.98583984375,244.98583984375,245.33027262250613,240.2425989573683,242.24027303619636,795400,2023-10-09
249.0402374267578,249.0402374267578,250.24079689575544,245.10393157906086,245.10393157906086,1085300,2023-10-10
240.1835174560547,240.1835174560547,247.7215307439311,237.09350335971627,247.7215307439311,1720200,2023-10-11
231.22845458984375,231.22845458984375,241.66950677345642,230.7265809844799,240.79367929596913,2002900,2023-10-12
233.63943481445312,233.63943481445312,234.9777794206381,230.569121018541,232.1239636504188,1177900,2023-10-13
235.6075897216797,235.6075897216797,236.36533281790133,233.7083293173736,235.09586574617015,1437600,2023-10-16
240.08514404296875,240.08514404296875,241.0987416330588,234.0133938616994,234.32829053234292,1216800,2023-10-17
238.64837646484375,238.64837646484375,241.97455969851544,238.56964854629243,239.4750121017251,1153900,2023-10-18
240.1638641357422,240.1638641357422,243.61796712003172,239.10105975231113,239.54389115812026,1124600,2023-10-19
237.2903594970703,237.2903594970703,243.22433929689504,237.12306830225413,242.17137028645703,1166300,2023-10-20
237.10340881347656,237.10340881347656,240.35086446525,236.6802480843724,237.07388771793634,1282500,2023-10-23
226.45565795898438,226.45565795898438,228.88632788538072,212.52114744879364,215.26671401718596,3636500,2023-10-24
221.771484375,221.771484375,227.74482102235967,221.23023928772292,226.3375988112553,1565400,2023-10-25
218.27798461914062,218.27798461914062,223.42470000410597,217.87450968998166,220.19693060246286,1548100,2023-10-26
221.70257568359375,221.70257568359375,224.20213826271066,217.03806294448887,220.00997801277015,1320400,2023-10-27
219.78363037109375,219.78363037109375,223.56248032896906,218.69130491279066,222.94252237726158,1442700,2023-10-30
222.53904724121094,222.53904724121094,223.41487467886984,220.53153789523168,220.53153789523168,1433500,2023-10-31
221.771484375,221.771484375,222.61779077988342,220.1674348479287,221.4172162284019,1158100,2023-11-01
224.2907257080078,224.2907257080078,225.08782531180844,221.73213568482944,222.17496712962796,1128500,2023-11-02
227.16421508789062,227.16421508789062,230.53960528267035,226.632820386179,227.33150629057423,1250300,2023-11-03
227.3216552734375,227.3216552734375,228.29589634458836,222.8342691562844,227.79400775529186,1610300,2023-11-06
229.3980712890625,229.3980712890625,230.43135460719645,226.8394664075704,227.6661020715669,1387400,2023-11-07
227.8629150390625,227.8629150390625,232.4191789925325,227.7448156491055,230.54943966148795,1424600,2023-11-08
223.9364471435547,223.9364471435547,232.24205525081786,223.69042801722966,230.2739022402177,1279600,2023-11-09
229.1126708984375,229.1126708984375,230.69701946127458,222.87361521273118,225.00905916381495,1536000,2023-11-10
226.3277587890625,226.3277587890625,232.00586936130946,225.62905786973266,229.801547619726,1798200,2023-11-13
233.79689025878906,233.79689025878906,236.07010450890368,229.51615159488452,234.39717750795566,1810800,2023-11-14
237.23129272460938,237.23129272460938,240.94124974994816,233.78702550218614,233.78702550218614,1949900,2023-11-15
236.59165954589844,236.59165954589844,238.18585859818486,235.01714622714326,236.74911538251845,1676600,2023-11-16
242.45677185058594,242.45677185058594,246.34387100599827,239.62262673750027,239.62262673750027,3050100,2023-11-17
244.4544219970703,244.4544219970703,246.7178007190228,241.1282389617885,241.1282389617885,1636400,2023-11-20
244.60203552246094,244.60203552246094,246.3241692783699,243.7262080986598,243.8934992901932,1169000,2023-11-21
248.98118591308594,248.98118591308594,249.3944962346373,245.29089909657503,246.39307496986083,1112600,2023-11-22
248.1643829345703,248.1643829345703,250.06365822227025,247.36728344156904,249.66018328863782,435500,2023-11-24
247.36727905273438,247.36727905273438,249.1878263930972,246.82604904715845,247.1114245952655,1146000,2023-11-27
242.72244262695312,242.72244262695312,247.53457571298884,241.92534313046477,246.511142844664,1546200,2023-11-28
245.11373901367188,245.11373901367188,246.58001818058818,243.77539457729173,244.74963556930084,1401000,2023-11-29
246.491455078125,246.491455078125,246.55049726022006,242.67324881644063,244.79884245093368,1792800,2023-11-30
248.34153747558594,248.34153747558594,249.52242623121964,246.01911641598642,246.4816335561137,980500,2023-12-01
253.04542541503906,253.04542541503906,253.350486703144,246.67843475147467,246.68827010999547,2000400,2023-12-04
248.4891357421875,248.4891357421875,252.30737213925318,248.34153028293906,251.76611207983612,981700,2023-12-05
248.37106323242188,248.37106323242188,250.99854564318798,247.5444425895368,249.24689070267723,1079900,2023-12-06
249.9062042236328,249.9062042236328,250.37855670149995,248.8237291695284,249.6503497597495,900100,2023-12-07
253.4291534423828,253.4291534423828,254.03927590746267,249.23699405647042,250.19154921263126,1552500,2023-12-08
257.8477478027344,257.8477478027344,258.0052036673438,251.6579124064775,252.03185131515266,1484800,2023-12-11
258.8121032714844,258.8121032714844,259.50096879094247,256.63730275170957,258.50704197814343,1373200,2023-12-12
264.6018981933594,264.6018981933594,265.07534592638035,257.73707161624503,259.39409353135756,1417300,2023-12-13
272.0781555175781,272.0781555175781,272.9954318861582,267.5015863706205,267.5213321636831,2410000,2023-12-14
266.69287109375,266.69287109375,270.8946020561104,265.16404676188586,270.7170704873416,2794300,2023-12-15
263.5267333984375,263.5267333984375,267.7284943407057,263.1716702710735,267.7284943407057,881800,2023-12-18
265.4993896484375,265.4993896484375,265.57831263340296,262.6587641956676,264.27635428416687,1478300,2023-12-19
259.8674621582031,259.8674621582031,266.65339376426425,259.62088051612415,265.50925133298205,1019800,2023-12-20
265.0752868652344,265.0752868652344,265.2922799319826,262.12617981741596,262.17548410973575,737200,2023-12-21
266.29833984375,266.29833984375,267.21564656387244,264.3454322144951,266.0912196619235,569500,2023-12-22
267.98492431640625,267.98492431640625,269.3361868165845,266.1108798706008,266.6336317159317,509400,2023-12-26
267.5115051269531,267.5115051269531,268.1723572016592,266.37723554229586,267.4819165325812,517100,2023-12-27
266.7816467285156,266.7816467285156,268.87265443868716,266.5942422544624,267.28465285859966,542300,2023-12-28
266.9788818359375,266.9788818359375,268.56688334366675,266.02214381210797,266.19970547964203,629400,2023-12-29
271.55548095703125,271.55548095703125,271.6639624485583,265.1246114504326,265.8150521975604,1065800,2024-01-02
268.3597106933594,268.3597106933594,271.82172646710615,267.0676253391143,270.1844208051725,1158700,2024-01-03
269.3658142089844,269.3658142089844,272.96590046241226,267.4227495039391,268.1427486944443,832900,2024-01-04
272.0683288574219,272.0683288574219,275.03718158962306,269.089633327311,269.13893761775773,822700,2024-01-05
277.64105224609375,277.64105224609375,277.83832959714977,272.78834245321184,273.06451268451167,834700,2024-01-08
275.5105895996094,275.5105895996094,277.89751316086324,275.03717210668515,276.447611888186,764400,2024-01-09
278.6372985839844,278.6372985839844,279.2291006364357,274.4552829205199,275.13585076579346,890900,2024-01-10
278.6668701171875,278.6668701171875,280.06746721887873,277.4339617918716,278.63728152139197,869800,2024-01-11
278.3315124511719,278.3315124511719,283.3026070645121,277.0986041710984,280.7578675182725,899900,2024-01-12
276.9802551269531,276.9802551269531,278.3512335086442,275.5895309482086,276.8224392520282,841600,2024-01-16
274.0804443359375,274.0804443359375,278.0849279810687,272.71930879246247,274.83990499266946,737400,2024-01-17
280.925537109375,280.925537109375,281.96116795381306,274.6919460468262,275.19498222284926,1316700,2024-01-18
283.835205078125,283.835205078125,284.15083682557525,279.5447082936922,282.1781835544613,1212200,2024-01-19
284.3677978515625,284.3677978515625,286.9914300185927,283.10530110429875,284.64396807439215,1769000,2024-01-22
281.0143127441406,281.0143127441406,287.3761011979555,279.7912774030032,284.80180324276176,1992000,2024-01-23
275.1160888671875,275.1160888671875,282.5727160309195,274.86950720145484,281.2510419146285,1435700,2024-01-24
282.109130859375,282.109130859375,282.29653532642334,276.10240531636765,276.4574985540434,1438800,2024-01-25
279.5545654296875,279.5545654296875,284.25936298678687,278.08494829942964,283.5590493674075,929900,2024-01-26
282.8094482421875,282.8094482421875,283.2631500683733,277.7594305625838,278.5583828330309,1742800,2024-01-29
297.46624755859375,297.46624755859375,300.7803207190669,292.0710396371729,295.89799181401554,2483200,2024-01-30
300.73095703125,300.73095703125,305.10037639398513,298.25529787577625,299.2712130113605,2555800,2024-01-31
310.3575439453125,310.3575439453125,310.5153598196422,299.20219206245315,299.20219206245315,1739800,2024-02-01
305.189208984375,305.189208984375,308.7202451900198,302.95022819755826,308.7202451900198,1280100,2024-02-02
306.37274169921875,306.37274169921875,308.2369132876415,303.87733678423115,304.5677773948241,861900,2024-02-05
302.6247253417969,302.6247253417969,308.21718013587275,300.80001516777793,306.38262716435946,1261300,2024-02-06
303.0784606933594,303.0784606933594,305.93880204215606,302.0526725192021,303.45326964739576,890800,2024-02-07
301.2833557128906,301.2833557128906,303.5025908641942,297.9791551342224,302.86148450721157,899500,2024-02-08
302.131591796875,302.131591796875,303.30532293838576,301.3129238072661,301.4411510899977,770400,2024-02-09
305.9190979003906,305.9190979003906,307.2210563898122,299.3205697611661,301.8159751490728,1367700,2024-02-12
300.37591552734375,300.37591552734375,303.7984700827527,297.7029487305501,301.8554054486969,996800,2024-02-13
301.25372314453125,301.25372314453125,303.1474834413678,299.6657517828543,301.9638794933076,936100,2024-02-14
303.4532470703125,303.4532470703125,305.0806799493821,301.6285368300166,302.6937864201598,839700,2024-02-15
304.3310546875,304.3310546875,307.0927871759317,302.4274516092404,303.03896927373427,869100,2024-02-16
304.3606262207031,304.3606262207031,305.6231229702689,302.4866118409207,302.4866118409207,774900,2024-02-20
307.3591003417969,307.3591003417969,307.5662205064962,303.29543943276207,303.29543943276207,572800,2024-02-21
308.56243896484375,308.56243896484375,313.94777427947037,305.33716151548253,306.76731715986756,1618000,2024-02-22
311.0479431152344,311.0479431152344,312.6458174965578,309.4599717323371,309.4599717323371,787200,2024-02-23
308.91748046875,308.91748046875,312.172345969546,308.79909600119464,311.679182705771,858300,2024-02-26
309.7065734863281,309.7065734863281,310.69290015348207,307.32952260645106,308.6117653339318,620100,2024-02-27
307.7930908203125,307.7930908203125,312.389376603867,305.5048057769436,310.3180846266848,738700,2024-02-28
307.43798828125,307.43798828125,309.736115828399,305.33710797789547,309.66706574793744,1479200,2024-02-29
307.71417236328125,307.71417236328125,309.6966682893014,304.2521564905282,307.32949055506515,1212000,2024-03-01
309.7854309082031,309.7854309082031,310.3969786560753,306.4713881341356,308.2763524842442,750600,2024-03-04
311.22552490234375,311.22552490234375,313.5137798933275,308.2665449016377,310.69290007413235,987400,2024-03-05
318.97802734375,318.97802734375,319.7375181159511,312.4189612491862,312.9614288576441,1914000,2024-03-06
320.2208251953125,320.2208251953125,324.19572053223743,319.85588913787524,320.86193152056455,966800,2024-03-07
320.921142578125,320.921142578125,324.2450590415991,320.0137387882539,320.0137387882539,708700,2024-03-08
316.85748291015625,316.85748291015625,320.5956698914852,312.6655940311892,319.24440699831405,1043900,2024-03-11
319.1259765625,319.1259765625,321.7693548689712,314.7269681178669,316.36427397400854,1048700,2024-03-12
317.4985656738281,317.4985656738281,320.75346191540103,316.83774362650314,319.32327612891106,969700,2024-03-13
320.997314453125,320.997314453125,321.2641589282967,315.53172308741523,317.99271262264836,1058200,2024-03-14
318.2200622558594,318.2200622558594,319.9002746616927,315.1858108717711,315.1858108717711,1231000,2024-03-15
323.3594970703125,323.3594970703125,324.34785017053247,317.9532044056235,318.22004888431144,829500,2024-03-18
326.6308898925781,326.6308898925781,326.86808494587495,323.8832699307173,324.6739402164653,916800,2024-03-19
325.02978515625,325.02978515625,327.5402104692245,324.7431844747265,326.40361043956227,828200,2024-03-20
325.0199279785156,325.0199279785156,330.1395898765351,324.74319031273467,325.39550698824905,1041100,2024-03-21
326.09722900390625,326.09722900390625,326.8384938397649,323.6461024216287,324.92108638470575,710100,2024-03-22
323.50775146484375,323.50775146484375,327.70825223766604,323.4484526904342,326.15653059561487,755700,2024-03-25
323.8932189941406,323.8932189941406,326.52224212776974,322.4008261711671,322.9444083667577,891300,2024-03-26
327.82684326171875,327.82684326171875,328.7064618393821,325.6228049828863,327.16463341113416,1032000,2024-03-27
329.6454162597656,329.6454162597656,330.5942268134587,326.8879025982504,328.88439521261455,812700,2024-03-28
326.26519775390625,326.26519775390625,328.6570253101857,323.8635071777791,328.4494796234209,850500,2024-04-01
325.51409912109375,325.51409912109375,325.8007299651448,321.73858304477636,325.20771207343824,904600,2024-04-02
328.3309020996094,328.3309020996094,328.78553606665986,325.118754620341,325.28675775153397,791700,2024-04-03
321.3827819824219,321.3827819824219,331.9185991967258,320.73046533485854,330.6041028811269,749500,2024-04-04
324.9704895019531,324.9704895019531,325.7117543321694,322.42055175735214,322.42055175735214,604400,2024-04-05
324.1995849609375,324.1995849609375,325.5635171151857,321.2938243267942,322.6874058686502,1063600,2024-04-08
325.0594787597656,325.0594787597656,325.59316773873235,321.5014014225997,325.16818312735893,667200,2024-04-09
323.9425964355469,323.9425964355469,325.40533960565966,320.84904664794686,322.4501737190923,735200,2024-04-10
323.43853759765625,323.43853759765625,325.6820881765555,320.4339358618154,325.4251368922346,643400,2024-04-11
319.0601501464844,319.0601501464844,325.27686933454515,316.90554766004544,322.3612458310087,994900,2024-04-12
318.8723449707031,318.8723449707031,326.08731007181626,317.43922100301717,323.9129514889457,731900,2024-04-15
310.2341613769531,310.2341613769531,319.5938360471997,308.2673182462585,319.5938360471997,1623100,2024-04-16
307.4074401855469,307.4074401855469,311.8747850005582,306.53768469753004,311.80562321202916,1511000,2024-04-17
293.5408630371094,293.5408630371094,301.0622154539357,289.55780135457303,299.480874664931,2767400,2024-04-18
301.5564270019531,301.5564270019531,302.34712765039853,293.88682676597927,295.1618108251224,1652000,2024-04-19
306.69586181640625,306.69586181640625,309.45337553459825,303.4343085048438,303.6813967909362,1131400,2024-04-22
315.7096252441406,315.7096252441406,316.4904326428689,308.7120985286945,308.7120985286945,1183400,2024-04-23
315.3044128417969,315.3044128417969,318.2497161038631,313.9998095996321,315.1166233292609,835600,2024-04-24
310.4614562988281,310.4614562988281,318.5066646310927,308.4946433745059,317.6566653208804,1585000,2024-04-25
303.1180114746094,303.1180114746094,303.6912429952577,292.3449688299638,293.916446623034,2257100,2024-04-26
307.79296875,307.79296875,309.1964134120197,304.00755907940476,305.25289377111915,1141200,2024-04-29
306.2115783691406,306.2115783691406,309.76965572062187,304.5610153470145,308.6824612295937,955800,2024-04-30
305.8360290527344,305.8360290527344,310.21442666779444,303.4738503308854,303.8593225723843,812500,2024-05-01
305.2429504394531,305.2429504394531,308.366149677438,303.50343943041315,308.366149677438,868700,2024-05-02
304.1755676269531,304.1755676269531,310.90625000021186,303.72090347237327,308.3661752281679,1044900,2024-05-03
306.44873046875,306.44873046875,307.3678915249406,304.24469240814057,305.667923149015,751200,2024-05-06
310.78765869140625,310.78765869140625,310.9655550186954,306.20168561810175,308.484778971412,1178500,2024-05-07
305.81622314453125,305.81622314453125,310.5504126788151,303.70113307647404,310.5504126788151,1027000,2024-05-08
318.1409606933594,318.1409606933594,318.39791196233335,306.02374329782793,306.0434994993983,1147800,2024-05-09
322.8455505371094,322.8455505371094,323.9623944229747,318.457260136479,319.12936320196286,1030900,2024-05-10
313.4858093261719,313.4858093261719,322.84551380168887,312.2701543933098,321.4222830141236,1316500,2024-05-13
316.76715087890625,316.76715087890625,318.4275767553638,312.75443992972976,314.345673854133,976300,2024-05-14
323.15191650390625,323.15191650390625,323.45830354754816,318.08166034755624,318.08166034755624,778200,2024-05-15
318.951416015625,318.951416015625,324.13040669778786,318.91190360891795,321.50138386892814,694400,2024-05-16
319.09967041015625,319.09967041015625,320.4043037534259,316.26310181223585,319.8310722213401,739200,2024-05-17
321.26416015625,321.26416015625,321.5211416117889,317.7456255653539,320.2461576790325,725900,2024-05-20
317.3799133300781,317.3799133300781,321.2839197793272,314.27650056705073,321.27402659735526,838600,2024-05-21
314.7015380859375,314.7015380859375,318.75379213605623,313.8713250383561,316.3224216086978,678300,2024-05-22
311.6474914550781,311.6474914550781,315.87764130924575,309.4928890416033,315.08694077071726,900700,2024-05-23
314.9881591796875,314.9881591796875,315.8183722015118,312.9027183607245,313.89107150510745,814300,2024-05-24
314.9485778808594,314.9485778808594,315.06717541765886,312.00327501439557,314.4247519852344,852500,2024-05-28
321.34326171875,321.34326171875,328.14313615814774,311.5289222626639,312.8137692817439,1786600,2024-05-29
331.1971130371094,331.1971130371094,333.00578584699235,323.04320037584824,323.98211767592073,1585500,2024-05-30
335.7929992675781,335.7929992675781,336.01043817778395,328.03442062514017,331.18726974205174,2049300,2024-05-31
328.8251037597656,328.8251037597656,336.04006966116225,323.7350609278296,333.3319916928379,1109000,2024-06-03
328.13323974609375,328.13323974609375,329.8035589517487,324.2984247689012,327.6094137927439,729000,2024-06-04
332.98602294921875,332.98602294921875,333.6877451551034,327.79716954183624,330.83142058278133,647400,2024-06-05
332.8970642089844,332.8970642089844,335.0417733250296,330.06049592910136,332.22499140888704,927700,2024-06-06
333.5098571777344,333.5098571777344,334.2610151511619,328.90412832355776,331.24652023716135,908300,2024-06-07
337.285400390625,337.285400390625,338.2935097296203,329.78380371790905,331.4442297452463,1176300,2024-06-10
332.39300537109375,332.39300537109375,336.42550262750467,331.16745726480264,335.9411891321631,783400,2024-06-11
336.84063720703125,336.84063720703125,339.5289590020162,334.79473893201606,336.62319830588746,794600,2024-06-12
336.9295654296875,336.9295654296875,337.1272481143523,332.1360468669238,336.46503826665383,654200,2024-06-13
334.1865539550781,334.1865539550781,335.11741055112105,329.3243226521125,334.39450227782896,747400,2024-06-14
332.2059631347656,332.2059631347656,334.4934850025905,328.9578779122652,332.5822706663818,931100,2024-06-17
337.32568359375,337.32568359375,338.30604150298257,331.41376879739937,331.89899156529816,737600,2024-06-18
335.0777282714844,335.0777282714844,336.82061352287025,332.1069176224305,335.2856765551365,1007900,2024-06-20
335.6224670410156,335.6224670410156,337.65250933188446,334.0083214066945,336.31563820881354,2060100,2024-06-21
338.0485534667969,338.0485534667969,339.38542436052654,335.38472405253515,337.54350596411786,845500,2024-06-24
337.1375427246094,337.1375427246094,338.92992958717986,333.9587532367264,338.67244963322435,691800,2024-06-25
337.167236328125,337.167236328125,337.69207836849955,334.2063076363662,336.275968898245,837500,2024-06-26
339.94989013671875,339.94989013671875,340.38561147405085,333.7507885633896,336.4245303860502,914000,2024-06-27
318.1540222167969,318.1540222167969,340.8510294659347,316.2328955292068,338.28620294437155,4016800,2024-06-28
312.0539855957031,312.0539855957031,321.768535241164,310.3309248697965,318.0055200266901,2399900,2024-07-01
316.5894470214844,316.5894470214844,318.0451456633785,311.3905276176701,314.3811332333815,1588900,2024-07-02
323.37274169921875,323.37274169921875,323.37274169921875,313.9849989644731,315.59914432549624,945100,2024-07-03
317.1835632324219,317.1835632324219,322.84791052565095,313.34133987520164,322.30327395194956,942700,2024-07-05
313.1334228515625,313.1334228515625,318.16401385903606,310.19231829053155,317.94615314263905,1378100,2024-07-08
313.82659912109375,313.82659912109375,317.05489032687865,311.598490699577,313.67806460379023,1203000,2024-07-09
312.2817687988281,312.2817687988281,316.26264482687304,309.59814454437446,316.26264482687304,1433200,2024-07-10
314.4207458496094,314.4207458496094,316.88650932972246,309.62784102247565,313.04425556879517,1674700,2024-07-11
321.16448974609375,321.16448974609375,322.8677559706087,314.1038572585444,315.68829587540876,1237300,2024-07-12
313.8959045410156,313.8959045410156,319.2334459807842,310.7666466272933,311.7370922232589,1693600,2024-07-15
315.80712890625,315.80712890625,318.8967676408331,311.23208460922086,315.7080958246229,1853100,2024-07-16
319.8374938964844,319.8374938964844,327.62100349891995,314.3414759165975,314.8069041395359,1976700,2024-07-17
318.5997009277344,318.5997009277344,324.4522025127042,316.12402497236576,319.39190514519083,1544900,2024-07-18
319.0255126953125,319.0255126953125,322.79844046623805,318.51058297158244,321.05555490799173,1239800,2024-07-19
322.21417236328125,322.21417236328125,327.819106188937,317.1835820454009,320.0355654979547,1571600,2024-07-22
336.8602600097656,336.8602600097656,344.6140631331756,331.1265865320607,343.12865768863605,2767100,2024-07-23
340.5935974121094,340.5935974121094,341.5937801679788,333.87956543473325,340.85107738189447,1974200,2024-07-24
349.3575134277344,349.3575134277344,352.8333420866531,340.59361407895,340.59361407895,2152100,2024-07-25
351.32806396484375,351.32806396484375,352.62531552254984,347.7630851640051,352.53619483010993,1215900,2024-07-26
355.2396545410156,355.2396545410156,357.6063847029851,350.5061639964272,352.07077768059554,1196700,2024-07-29
357.834228515625,357.834228515625,360.64659293071,354.63564412412893,355.16048624700295,1054000,2024-07-30
359.5176086425781,359.5176086425781,362.5379510918091,354.6355834751981,359.5176086425781,1243400,2024-07-31
359.5869445800781,359.5869445800781,365.8157531955913,357.4182502170094,360.5673025012335,1385300,2024-08-01
352.8927307128906,352.8927307128906,361.89431487255786,349.38719540005087,359.3592251705554,1604500,2024-08-02
346.7728271484375,346.7728271484375,349.2683275071057,338.81107613733775,346.20836585581975,1418600,2024-08-05
349.49609375,349.49609375,354.83366523436723,345.5152179776003,347.92156758134973,1205500,2024-08-06
348.8424987792969,348.8424987792969,356.2497313132782,347.68389948149485,351.9519619476794,824100,2024-08-07
357.16082763671875,357.16082763671875,357.3489512040133,348.941565433517,348.941565433517,811400,2024-08-08
357.3885498046875,357.3885498046875,358.329318690001,353.4868823550477,357.2103084013602,624200,2024-08-09
357.8836975097656,357.8836975097656,359.43842920815564,355.0119195464078,356.81421883165024,808100,2024-08-12
365.2710876464844,365.2710876464844,365.6771020951782,357.8935920581264,359.4681182056067,884500,2024-08-13
367.96466064453125,367.96466064453125,371.0642118209664,366.25151219975766,366.40004671510593,1023100,2024-08-14
368.2716369628906,368.2716369628906,371.98515059383976,365.3206205847286,371.2424478676499,773100,2024-08-15
370.1333312988281,370.1333312988281,371.67815059987487,367.71706926987764,368.4993912943347,734600,2024-08-16
370.56903076171875,370.56903076171875,372.1534692442059,368.717230184693,370.1333094235185,515500,2024-08-19
371.6583557128906,371.6583557128906,374.2033577179068,369.95508953381454,371.37116885496124,688800,2024-08-20
373.0051574707031,373.0051574707031,375.827403878232,370.8463450738018,371.5197519001495,721900,2024-08-21
379.3923645019531,379.3923645019531,380.1350672504469,375.1143894176723,375.1143894176723,979200,2024-08-22
384.9972839355469,384.9972839355469,385.0369032091142,380.11525863600104,382.81867719911105,795400,2024-08-23
384.7200012207031,384.7200012207031,387.5323651707162,383.84855854479616,385.5815315232678,929400,2024-08-26
386.3836975097656,386.3836975097656,388.0671692784226,383.79910627107284,385.0765333285017,762100,2024-08-27
386.3836975097656,386.3836975097656,388.18599689114586,384.4823952648856,387.0768988781901,592000,2024-08-28
388.9682922363281,388.9682922363281,390.2556315798932,384.2050943562243,388.1859702121282,915000,2024-08-29
391.7410583496094,391.7410583496094,392.0579521260688,386.4629304896088,388.04733893059813,904700,2024-08-30
391.9786376953125,391.9786376953125,393.86017524091756,390.08724821845357,392.14699692542115,930100,2024-09-03
390.4635925292969,390.4635925292969,393.29578148574643,388.304810388223,392.8303532057302,899100,2024-09-04
393.8800048828125,393.8800048828125,394.7514475667574,387.88888176166734,389.93871827884374,903600,2024-09-05
384.2051086425781,384.2051086425781,399.1284601356542,383.0167721115214,395.117877229481,2248800,2024-09-06
381.20458984375,381.20458984375,386.3539776194722,375.56994903818054,386.3539776194722,1522500,2024-09-09
382.6701354980469,382.6701354980469,385.52211872820357,381.2045548307973,382.1948251067878,912000,2024-09-10
384.8685302734375,384.8685302734375,394.3751308078509,380.9965699326878,381.1055153759603,1823900,2024-09-11
387.8592224121094,387.8592224121094,389.0772356677488,381.6700323874231,381.6700323874231,1191700,2024-09-12
390.8398742675781,390.8398742675781,391.9786790670392,387.12636064717174,387.12636064717174,876300,2024-09-13
400.1739501953125,400.1739501953125,401.066680332502,392.5261852978963,393.79585333709946,922800,2024-09-16
394.2917785644531,394.2917785644531,401.6320471300152,392.8733273557288,400.2631802629164,1394600,2024-09-17
396.66253662109375,396.66253662109375,400.50129733944874,392.0004578096732,394.242227230221,936100,2024-09-18
400.26324462890625,400.26324462890625,401.3841294255841,394.59933758876343,399.5986690421539,938100,2024-09-19
401.3940124511719,401.3940124511719,402.4256271377033,395.1150846214315,399.16217209175437,3447700,2024-09-20
402.4256591796875,402.4256591796875,406.11563674524587,400.96752215125053,403.00096475434015,957900,2024-09-23
398.55706787109375,398.55706787109375,402.7132528839217,397.37666991635143,400.6004392292775,1000500,2024-09-24
401.8403625488281,401.8403625488281,403.05051719957544,398.39839780888843,400.3623979524831,824500,2024-09-25
400.6004333496094,400.6004333496094,403.42743706755266,397.376664083999,401.0666411927177,857800,2024-09-26
400.025146484375,400.025146484375,402.15778788981294,393.36931102798906,401.1063455174338,823100,2024-09-27
403.1497497558594,403.1497497558594,403.80442661537353,392.80393617671496,399.8962234145396,910800,2024-09-30
402.1776428222656,402.1776428222656,404.0325452903301,398.6265198943876,402.43552378912767,852000,2024-10-01
400.590576171875,400.590576171875,404.5483636245233,399.3010501691876,401.0964394323015,999600,2024-10-02
389.29248046875,389.29248046875,399.6581515220491,387.4475068996972,399.6581515220491,932500,2024-10-03
390.8894958496094,390.8894958496094,392.14923487075316,387.2491028436324,391.15730580083033,787900,2024-10-04
379.4426574707031,379.4426574707031,390.5026614661156,378.5399983094328,389.04452440118285,1641700,2024-10-07
375.5245056152344,375.5245056152344,382.51762393777705,367.4700461611346,379.6112789378968,1893700,2024-10-08
383.24169921875,383.24169921875,383.5392961011655,372.99508529143134,375.42532361043055,1435300,2024-10-09
384.1245422363281,384.1245422363281,385.2751836196728,380.04772818399255,382.88463086694037,956700,2024-10-10
391.3557434082031,391.3557434082031,392.55596922856057,386.8920621409169,387.8938900186624,755000,2024-10-11
392.585693359375,392.585693359375,394.77784816857735,390.0265296309027,391.42512300669523,865400,2024-10-14
398.021484375,398.021484375,408.545837702142,394.07359561944617,394.07359561944617,1602800,2024-10-15
405.9271545410156,405.9271545410156,413.35669377752436,399.9854786760869,401.73128357050956,1769000,2024-10-16
403.1993408203125,403.1993408203125,407.1968137769195,400.85837246505685,403.44732308876524,1109800,2024-10-17
412.18621826171875,412.18621826171875,413.7733108435212,401.48329501561165,403.1794852659719,1094000,2024-10-18
407.44482421875,407.44482421875,412.62269555292545,407.2563552599921,410.8372049338416,962000,2024-10-21
404.875732421875,404.875732421875,408.039958544757,401.8800870304487,404.7765334531229,976700,2024-10-22
406.720703125,406.720703125,407.47457895646875,403.05055320695743,404.88562816597874,905400,2024-10-23
395.6805419921875,395.6805419921875,405.2129971083484,390.9391217448736,402.2967229111223,2224300,2024-10-24
360.6158142089844,360.6158142089844,368.0056981537347,354.1484473385504,367.01376904819904,4263600,2024-10-25
353.7120056152344,353.7120056152344,364.8612793742469,353.6227356258902,360.56623955122325,1969900,2024-10-28
357.75909423828125,357.75909423828125,358.979147700028,352.4026526952787,354.11870099552095,1639700,2024-10-29
358.007080078125,358.007080078125,361.19116415535325,356.0728061382407,356.90602298689504,1266500,2024-10-30
355.84466552734375,355.84466552734375,358.4832007874535,354.37662970968853,355.11064761851617,1188200,2024-10-31
354.3071594238281,354.3071594238281,357.9673802428476,352.69031013933284,357.61027002399805,1317700,2024-11-01
360.2289733886719,360.2289733886719,365.43660113186945,354.72374875452743,354.9618323215397,1547700,2024-11-04
363.7007141113281,363.7007141113281,364.2859486263303,359.82226783989466,360.07025010580776,999800,2024-11-05
345.9352722167969,345.9352722167969,354.84280639619544,343.09836953255655,346.44116574254514,3443800,2024-11-06
353.156494140625,353.156494140625,353.9599542395948,343.03880584588177,345.44921641406313,1670900,2024-11-07
351.3016052246094,351.3016052246094,355.8148704123613,349.07969378094975,354.1980211749124,1252600,2024-11-08
355.1007080078125,355.1007080078125,357.5706321847254,351.7182259615086,353.6624288978685,909700,2024-11-11
347.7008972167969,347.7008972167969,355.25939191984764,347.49260058714236,354.82294070543713,1416200,2024-11-12
346.50067138671875,346.50067138671875,349.15903403987136,344.47712759984944,347.59179942234795,1433100,2024-11-13
342.7214050292969,342.7214050292969,357.2729867855969,342.5130781399989,346.996616679333,1835700,2024-11-14
340.1920166015625,340.1920166015625,342.6222551546725,332.45498125379606,342.6222551546725,1863500,2024-11-15
333.1393737792969,333.1393737792969,340.5093992734504,330.20327230001664,339.91423579583727,1496200,2024-11-18
332.40533447265625,332.40533447265625,334.2800949358904,327.97144061211833,331.651488967652,1173200,2024-11-19
330.3124084472656,330.3124084472656,332.90132901028875,325.2337360196487,332.90132901028875,1510500,2024-11-20
329.55853271484375,329.55853271484375,330.1239395982046,317.58597082218114,324.52947490601076,2322100,2024-11-21
322.3075256347656,322.3075256347656,326.9894323492248,317.4966632897269,325.85864887967045,2133200,2024-11-22
322.9919738769531,322.9919738769531,324.82704890925845,316.9114431765506,317.74466005294994,2688300,2024-11-25
326.29510498046875,326.29510498046875,327.64411409003736,321.18664565692603,324.40051667734133,1056500,2024-11-26
322.8431701660156,322.8431701660156,329.3105370960758,322.3075199681312,326.205794123721,757100,2024-11-27
324.57904052734375,324.57904052734375,325.2039607022352,321.375098644439,321.8809921710223,626800,2024-11-29
324.9857177734375,324.9857177734375,328.130115893369,322.8629750874711,323.8251474717253,1189000,2024-12-02
324.4302673339844,324.4302673339844,330.3520854421699,322.9721303041917,327.9020192838455,1067300,2024-12-03
321.47430419921875,321.47430419921875,325.78920191649377,321.0577109215994,324.36082156496445,1800100,2024-12-04
317.4668884277344,317.4668884277344,322.8828429739583,316.7031139374442,321.8512282597338,1384600,2024-12-05
317.1693420410156,317.1693420410156,322.0595454288016,313.142112160336,319.2424703079645,1329200,2024-12-06
315.929443359375,315.929443359375,320.90891693789786,314.83831520874514,317.4173371271586,1405300,2024-12-09
314.2332458496094,314.2332458496094,317.1991043396604,308.976003159301,315.43347165258183,1087400,2024-12-10
312.5965270996094,312.5965270996094,316.36584528165014,311.7632800808743,315.43342957754936,882800,2024-12-11
309.4719543457031,309.4719543457031,315.77071026888467,307.99398965381783,313.072661870084,1568700,2024-12-12
312.0564270019531,312.0564270019531,313.110098388832,309.3924287911819,310.13795271597996,1324500,2024-12-13
307.75225830078125,307.75225830078125,315.18759691809987,306.7681461684438,310.764173509418,1788200,2024-12-16
305.9431457519531,305.9431457519531,308.40835585548786,301.94714831999204,305.4958192499323,1633500,2024-12-17
297.3646545410156,297.3646545410156,307.9212690945245,297.086326805845,307.46402288719736,1504400,2024-12-18
295.7443542480469,295.7443542480469,302.7821169517984,294.88950139159243,296.7185164119689,1911000,2024-12-19
301.8079528808594,301.8079528808594,303.10021251897166,294.8795495022032,297.19566075762873,2933000,2024-12-20
301.7085266113281,301.7085266113281,302.65286897302104,297.7522993886316,301.08231204748535,924000,2024-12-23
302.802001953125,302.802001953125,302.802001953125,299.87954564928845,300.54556039062345,321300,2024-12-24
300.9530944824219,300.9530944824219,303.64691231872746,299.99880205897506,302.0067658231302,663900,2024-12-26
300.71453857421875,300.71453857421875,302.46404453672267,297.54357418490446,298.2095889478184,1238700,2024-12-27
296.6390075683594,296.6390075683594,301.19166024023616,294.96901095169267,298.5972515892797,903100,2024-12-30
298.3586730957031,298.3586730957031,300.3765566688935,296.3706092665324,298.08034537303706,647800,2024-12-31
295.9730224609375,295.9730224609375,302.04654330625743,295.5555156811534,301.0823614063331,962600,2025-01-02
294.92926025390625,294.92926025390625,296.49981721985694,288.24936504869686,295.9729815559459,1260000,2025-01-03
295.14794921875,295.14794921875,300.1677979095396,294.243376598156,295.94316256179474,1440900,2025-01-06
306.37054443359375,306.37054443359375,306.93714986201473,298.7065674530976,298.7264371691066,1724600,2025-01-07
309.3924255371094,309.3924255371094,312.6230291772559,301.99682585406134,306.2115113572483,1995200,2025-01-08
301.01275634765625,301.01275634765625,312.5932222660113,298.7165450160048,307.15586639504994,2417600,2025-01-10
306.3407287597656,306.3407287597656,306.6190564648087,299.8397822915208,300.9133233437028,1406700,2025-01-13
303.96502685546875,303.96502685546875,305.56540367272737,298.36862233740186,304.1737650630576,1055600,2025-01-14
304.4222717285156,304.4222717285156,308.1498913823342,302.1161104221794,306.927221215121,1235700,2025-01-15
307.59326171875,307.59326171875,308.87557148105265,302.2453647535525,304.193658961967,767800,2025-01-16
308.59722900390625,308.59722900390625,311.0425390910714,306.64890455305994,309.04452517722746,1206600,2025-01-17
316.5693359375,316.5693359375,317.80192576875714,310.2274076513558,310.3466866240006,1846000,2025-01-21
317.6031188964844,317.6031188964844,319.30290482750274,309.56140505265216,316.3406790609364,2376900,2025-01-22
323.418212890625,323.418212890625,324.8496212909374,318.4679533137043,322.1856230096965,2915800,2025-01-23
311.2015686035156,311.2015686035156,324.0345238414311,307.1558515629402,321.99674028189827,3031300,2025-01-24
330.0185852050781,330.0185852050781,330.67464988820916,311.61904534066923,314.36258304549983,2805800,2025-01-27
326.7383117675781,326.7383117675781,332.05635839377044,321.390415061069,331.0722764776361,2498600,2025-01-28
325.66473388671875,325.66473388671875,328.875467920023,322.83173683797344,326.7383053518281,1142200,2025-01-29
332.6130065917969,332.6130065917969,335.65477217928066,326.7879940945779,327.35459957016934,1201700,2025-01-30
327.9410705566406,327.9410705566406,334.0543607265123,327.911250812805,332.0464271922062,1254800,2025-01-31
332.30487060546875,332.30487060546875,338.1497833577618,322.3347313047417,322.89138677301264,1532200,2025-02-03
332.8018798828125,332.8018798828125,333.69653289315147,328.24922696566074,328.24922696566074,1133100,2025-02-04
334.81976318359375,334.81976318359375,335.9827938946721,332.4340926076441,335.4857779273723,951400,2025-02-05
322.5931701660156,322.5931701660156,337.2253208962894,318.09020688817276,334.81975035910136,2209200,2025-02-06
320.1279602050781,320.1279602050781,326.57924784290594,319.29297705208535,323.76612058733343,1530000,2025-02-07
316.360595703125,316.360595703125,322.0663289845834,307.60317727084276,320.69456013708884,1632400,2025-02-10
321.7979431152344,321.7979431152344,322.11601025367423,315.3665558044569,315.3665558044569,1419200,2025-02-11
310.51568603515625,310.51568603515625,320.2571864036303,308.46798277265884,318.3188424232476,1972100,2025-02-12
319.998779296875,319.998779296875,320.8934019864776,311.21151014705987,312.6031791480504,1715000,2025-02-13
314.3228454589844,314.3228454589844,323.86555858134733,314.05446774381636,320.07829914562166,1451600,2025-02-14
314.81982421875,314.81982421875,318.4281647509505,312.4142840875798,316.1816430233667,1084500,2025-02-18
318.6468811035156,318.6468811035156,321.8178454671553,313.6667713010667,314.09422809670474,1738400,2025-02-19
319.58123779296875,319.58123779296875,323.3883664072614,317.80191229857957,318.18959927868855,1545500,2025-02-20
314.5315856933594,314.5315856933594,320.69456524363636,313.23932602805826,317.13594440566334,1638400,2025-02-21
317.66278076171875,317.66278076171875,319.0842390946239,314.6210455822319,317.04648583894567,1488400,2025-02-24
331.08221435546875,331.08221435546875,331.3505920494444,318.25920882959855,319.0643722469719,2908600,2025-02-25
318.0007629394531,318.0007629394531,332.1955378905583,313.66676788789715,331.0822269666202,2109600,2025-02-26
319.0246276855469,319.0246276855469,327.05639277656843,317.96100618111313,319.7602016470867,1788600,2025-02-27
304.471923828125,304.471923828125,307.235330978975,293.23937678380383,302.1856628551741,3469100,2025-02-28
309.4222412109375,309.4222412109375,310.47591257287667,305.5653926776,306.8377522657216,1413600,2025-03-03
310.1876220703125,310.1876220703125,313.1697175762041,308.5077058418247,309.67073643671785,1321100,2025-03-04
317.722412109375,317.722412109375,319.12400068918527,309.1439122001185,309.1439122001185,1324300,2025-03-05
319.8297424316406,319.8297424316406,320.7541847562977,315.4858281728757,317.7124497725946,1512500,2025-03-06
328.1796569824219,328.1796569824219,330.52558826434245,317.26520509532634,318.94509125775267,1869000,2025-03-07
334.15374755859375,334.15374755859375,344.55131212923925,327.60308136179964,328.20942622424593,2674900,2025-03-10
321.6189880371094,321.6189880371094,336.9271025624198,316.71841837172065,334.0642860243312,2126200,2025-03-11
311.00274658203125,311.00274658203125,320.96296534272494,308.3287984225845,319.6408859666329,1466600,2025-03-12
312.91131591796875,312.91131591796875,315.38644568610425,309.40238446133077,310.9530718263611,957100,2025-03-13
317.4838562011719,317.4838562011719,319.5812489035687,311.34071613776035,313.955024831607,1041800,2025-03-14
327.2374267578125,327.2374267578125,328.71192897829235,315.1127418804741,316.9060299182567,1104300,2025-03-17
328.93109130859375,328.93109130859375,331.3819262521164,326.10166592583056,327.3071535844757,1009700,2025-03-18
332.9361267089844,332.9361267089844,334.4405160012173,329.2399443753654,329.77794293086384,1276200,2025-03-19
332.278564453125,332.278564453125,334.23129085281346,330.5450507919187,331.5811882280813,1671400,2025-03-20
327.5661926269531,327.5661926269531,330.90372940144954,324.1489366007033,330.72437628699737,3392400,2025-03-21
332.5973815917969,332.5973815917969,335.53641330305226,324.8164543011151,326.59980010029665,1423800,2025-03-24
335.2076416015625,335.2076416015625,341.4642653711968,331.6509527341848,335.4865981873173,1318000,2025-03-25
336.0345458984375,336.0345458984375,339.2325891064129,331.6010975502838,335.74561682484915,1191800,2025-03-26
341.06573486328125,341.06573486328125,342.3808288425872,332.3682188141261,336.68211866958,1326100,2025-03-27
340.88641357421875,340.88641357421875,343.68595174247076,339.38202437630923,341.72328327253035,1114500,2025-03-28
344.2637939453125,344.2637939453125,347.1430514842383,338.3658461845305,339.92003717581673,1571800,2025-03-31
344.4431457519531,344.4431457519531,346.68477087362226,341.4841993751904,345.50913992500597,1226300,2025-04-01
345.73828125,345.73828125,347.25261254975607,340.77680689597963,342.6398719080292,1249400,2025-04-02
347.8404235839844,347.8404235839844,352.0347443423595,343.8353676239165,345.06080018548687,1946900,2025-04-03
330.41552734375,330.41552734375,347.36222250511213,329.05063161803156,345.2102588017657,2518300,2025-04-04
328.4030456542969,328.4030456542969,334.15155743238984,317.27460960378784,325.0356219325497,1999100,2025-04-07
330.9435729980469,330.9435729980469,344.6822532321222,326.81899845824586,338.6348393110738,2058700,2025-04-08
337.2699279785156,337.2699279785156,343.50663683861757,320.8413165149273,325.6832121088441,2909100,2025-04-09
333.74310302734375,333.74310302734375,340.8964010070341,323.19252437756666,339.0134213004007,2134700,2025-04-10
332.1291198730469,332.1291198730469,335.2873338249926,323.25228117218614,333.16525728116585,1677500,2025-04-11
339.3521423339844,339.3521423339844,339.89014086379717,331.292258510098,335.237510119425,1172400,2025-04-14
334.301025390625,334.301025390625,340.1193148768894,334.012126700688,336.47293424304024,1011400,2025-04-15
329.7679443359375,329.7679443359375,336.0743692894424,327.9248243668581,335.3072463462405,1194600,2025-04-16
333.7630310058594,333.7630310058594,337.5189873157685,329.83769409448104,335.09803959137605,1830600,2025-04-17
316.42779541015625,316.42779541015625,333.6833351817535,313.2596391234322,333.6833351817535,1650300,2025-04-21
323.41168212890625,323.41168212890625,323.7105836997981,316.35804895403083,319.0978127986252,1432800,2025-04-22
334.72943115234375,334.72943115234375,336.7618160036075,326.7791232450327,327.40678313297644,1402100,2025-04-23
340.13922119140625,340.13922119140625,341.70338469803005,334.7194673064833,336.36331966259706,2272300,2025-04-24
326.6994323730469,326.6994323730469,348.9463024612753,320.1937394990646,348.9463024612753,2803600,2025-04-25
330.7841491699219,330.7841491699219,331.84020122143613,324.92606115744104,325.83264721352595,1528100,2025-04-28
339.3122863769531,339.3122863769531,342.3210648503003,328.49272385143456,330.0967165468661,1416600,2025-04-29
343.7955322265625,343.7955322265625,344.8017825408048,333.86264127563135,338.893862442857,1330400,2025-04-30
341.76312255859375,341.76312255859375,346.8441450853791,339.6908478445872,342.7195406706056,1148000,2025-05-01
346.6748046875,346.6748046875,347.60133579106133,343.3572128246889,345.5191187329987,802300,2025-05-02
348.07952880859375,348.07952880859375,349.8429294991454,342.9387319162241,347.1729123981115,789900,2025-05-05
355.372314453125,355.372314453125,359.59652272697826,344.92133933199375,348.2987357727486,1587000,2025-05-06
359.6363830566406,359.6363830566406,362.1569647576548,348.86662211558115,354.82434409762203,1984400,2025-05-07
352.6026611328125,352.6026611328125,362.6052686029866,352.3834787951959,357.35489541169824,1224500,2025-05-08
352.38348388671875,352.38348388671875,355.60144184878396,351.0584173343498,352.6823550768841,979500,2025-05-09
361.92779541015625,361.92779541015625,371.98023469263904,353.43951955957635,353.73839073587004,1679400,2025-05-12
366.7298583984375,366.7298583984375,371.5518392248775,360.1046172151424,361.1008949992164,2203500,2025-05-13
366.132080078125,366.132080078125,370.71496389595427,364.31884724173415,366.63021896258505,1798700,2025-05-14
384.0650939941406,384.0650939941406,384.2543892094916,365.3948576496153,366.13209349635974,3047300,2025-05-15
386.07757568359375,386.07757568359375,386.645461346515,379.5519680257723,385.0215236107858,1789700,2025-05-16
385.4499206542969,385.4499206542969,386.9343648008779,382.8197327501425,383.5470264669696,2041100,2025-05-19
384.6130676269531,384.6130676269531,386.67537015810876,382.5707101121684,383.5968751236535,1361400,2025-05-20
380.38885498046875,380.38885498046875,385.28058302039017,379.5818723298817,380.93679565294553,1118200,2025-05-21
375.23809814453125,375.23809814453125,382.10243661351444,373.3152588170981,377.4697507643246,1250400,2025-05-22
375.1882629394531,375.1882629394531,376.05501978365385,372.2193440717895,373.1658201683227,1138200,2025-05-23
377.3999938964844,377.3999938964844,379.53204299884146,375.7860287126739,378.34646997537857,996900,2025-05-27
377.0313720703125,377.0313720703125,380.9168493992717,375.5469278815015,375.5668424920142,921100,2025-05-28
377.2406005859375,377.2406005859375,384.77245867494565,376.7624066780557,381.1858523458973,1449500,2025-05-29
379.97039794921875,379.97039794921875,383.25810246890245,373.6141408341109,376.2144112517541,2556400,2025-05-30
380.7375183105469,380.7375183105469,380.78732003772495,376.2642408280974,378.8645112280825,1066900,2025-06-02
381.6341857910156,381.6341857910156,383.3577573943801,377.4797242371529,380.0700222900421,1220800,2025-06-03
380.2393798828125,380.2393798828125,384.80231872209333,380.0401121658896,383.6765199698469,943000,2025-06-04
380.0799865722656,380.0799865722656,382.859610190327,377.8283889802029,381.4149951964133,1058700,2025-06-05
382.909423828125,382.909423828125,385.1211618632418,379.31287539661713,379.93056279673306,619600,2025-06-06
371.6216125488281,371.6216125488281,380.44861975320714,354.9239859640907,380.44861975320714,2014600,2025-06-09
363.56170654296875,363.56170654296875,367.7161679243302,356.8567460332407,365.73358484038954,1915000,2025-06-10
366.2217712402344,366.2217712402344,369.130915940046,362.5953356762363,364.189355913078,1026700,2025-06-11
370.2865905761719,370.2865905761719,370.2865905761719,364.7871175536116,366.6800393299914,787900,2025-06-12
369.79840087890625,369.79840087890625,373.41489429809553,366.44094942705976,367.74607096346324,872300,2025-06-13
367.9317321777344,367.9317321777344,373.4019564230619,350.11360436552684,370.9563196880832,2140000,2025-06-16
371.78485107421875,371.78485107421875,371.97451418890995,360.64477814223363,364.3181986928525,1334100,2025-06-17
376.18695068359375,376.18695068359375,379.8803550346996,370.21764986862945,371.8447437239046,1374300,2025-06-18
376.8258361816406,376.8258361816406,378.682499851543,373.06257985721015,375.04901623883046,4238400,2025-06-20
378.04364013671875,378.04364013671875,379.96022458695245,371.66503750037555,378.2832017693443,1098000,2025-06-23
378.3431091308594,378.3431091308594,378.5527560318773,372.3638162317317,378.2532735145993,1105100,2025-06-24
373.5217590332031,373.5217590332031,377.65434981552977,369.2294503296789,376.64617422864575,1294200,2025-06-25
376.9855651855469,376.9855651855469,387.89603869716564,375.5980328740071,378.67254956133615,1838000,2025-06-26
378.62261962890625,378.62261962890625,383.2144108687538,375.5381415225308,377.8240604841843,1554900,2025-06-27
382.41583251953125,382.41583251953125,382.7053231417635,374.3302921171846,375.71782435557606,1172500,2025-06-30
388.8343505859375,388.8343505859375,390.3117184716777,380.3595223323771,383.40406325731357,1299900,2025-07-01
377.3648681640625,377.3648681640625,386.28890468515146,376.74598029407133,386.28890468515146,1297300,2025-07-02
375.907470703125,375.907470703125,380.49926187963155,370.55705748852097,378.48288026602245,943100,2025-07-03
378.3031921386719,378.3031921386719,378.3031921386719,374.2903519438191,376.4165528596452,1369700,2025-07-07
376.9256591796875,376.9256591796875,381.866800813867,375.12885547928613,376.01728067160434,1098700,2025-07-08
377.76416015625,377.76416015625,378.32315763549894,374.3602462960974,378.32315763549894,1217700,2025-07-09
377.6443786621094,377.6443786621094,380.6090758599949,367.76206482351694,376.0871670493895,1584400,2025-07-10
375.3984069824219,375.3984069824219,376.45651155644146,372.8030440702105,374.5399269628316,877100,2025-07-11
379.77056884765625,379.77056884765625,380.7987281584072,374.00089253297176,375.25862159175443,935600,2025-07-14
371.135986328125,371.135986328125,382.3159963168779,367.99161803849967,378.8621840965226,1304400,2025-07-15
361.9324645996094,361.9324645996094,365.166699084514,354.30612451359167,365.166699084514,2004800,2025-07-16
361.95245361328125,361.95245361328125,364.857260419113,357.42055288355374,360.86440385517847,1226100,2025-07-17
360.4750671386719,360.4750671386719,364.2083780853471,358.90786370696406,362.87077486093983,1029800,2025-07-18
363.8989562988281,363.8989562988281,365.50609692157735,358.6982691055386,360.85441532570974,1145300,2025-07-21
350.34320068359375,350.34320068359375,373.5117412025242,344.8630150730204,368.40088993147253,2985800,2025-07-22
352.63909912109375,352.63909912109375,356.43233114008376,349.5246758708792,352.3496389532122,1237000,2025-07-23
340.87017822265625,340.87017822265625,351.4113171883944,339.74219136133394,349.44483409832907,2404800,2025-07-24
333.72296142578125,333.72296142578125,344.38388122024304,329.4106689932759,335.37000867813197,3175900,2025-07-25
339.9318542480469,339.9318542480469,340.5806873511702,331.0177787608012,331.486940628551,1869500,2025-07-28
343.884765625,343.884765625,347.7977783937759,339.213130837082,340.5107970127001,1879300,2025-07-29
354.4259033203125,354.4259033203125,354.85512808114953,342.0979528349088,343.6252192213222,2389900,2025-07-30
353.3578186035156,353.3578186035156,358.0394454225204,352.49936905340854,353.11825695475613,1462700,2025-07-31
356.3324890136719,356.3324890136719,357.8198182766501,352.75889593422926,355.1546036850975,1369800,2025-08-01
362.5513916015625,362.5513916015625,364.1185646657123,354.39596858924136,356.0929448301108,1078300,2025-08-04
363.1602783203125,363.1602783203125,366.76384715177846,360.7745624027497,363.55955787763224,1106100,2025-08-05
365.49609375,365.49609375,369.468996912184,363.3399475963833,363.3399475963833,1125200,2025-08-06
372.66326904296875,372.66326904296875,372.66326904296875,364.6476107697629,365.8953784365949,1136800,2025-08-07
380.928466796875,380.928466796875,381.39762864081933,372.3937484558256,373.58162566787445,1016100,2025-08-08
382.2261657714844,382.2261657714844,384.1327583634653,377.86397501619496,381.0782256458414,991600,2025-08-11
389.6129455566406,389.6129455566406,390.15198970393067,382.56555640024715,384.31243108700625,1089900,2025-08-12
389.7626647949219,389.7626647949219,392.0485835891771,388.0058287125715,390.04216352141464,1416100,2025-08-13
392.9469909667969,392.9469909667969,394.4842492753778,388.1056462847283,389.65289648291576,912000,2025-08-14
395.08319091796875,395.08319091796875,395.28281547212254,385.75987431909317,392.89709947051193,1251400,2025-08-15
392.91705322265625,392.91705322265625,396.69030153313497,392.6176011595542,395.0432542599165,1016100,2025-08-18
401.9708557128906,401.9708557128906,404.4264539751992,392.2582211340393,393.545925908271,1502100,2025-08-19
409.44744873046875,409.44744873046875,410.2659915966174,399.2357380710387,402.72948739120454,1639500,2025-08-20
403.5380554199219,403.5380554199219,411.2642230662337,403.3982908189327,411.2642230662337,1198700,2025-08-21
404.24676513671875,404.24676513671875,407.0417524303901,400.51345415236995,403.22859772182636,1081200,2025-08-22
402.0506896972656,402.0506896972656,405.464595387612,400.6432041340662,404.1968744233338,805500,2025-08-25
401.24212646484375,401.24212646484375,402.28027764649613,398.99614476582485,400.37368508198205,1180600,2025-08-26
404.3266296386719,404.3266296386719,406.14338670445704,398.1077749749064,401.05248844222797,702200,2025-08-27
406.5526428222656,406.5526428222656,407.44106800532717,400.06425108619925,404.027162334289,965400,2025-08-28
403.2385559082031,403.2385559082031,408.24961014434354,400.10417950141675,406.9519135474333,996400,2025-08-29
405.4147033691406,405.4147033691406,407.7505207892291,399.41542667022776,400.9426930780963,955600,2025-09-02
406.8820495605469,406.8820495605469,407.34124999675754,402.549803863663,404.7159419436439,651700,2025-09-03
410.8549499511719,410.8549499511719,416.454947059092,406.8720853222074,409.26779314065914,1714800,2025-09-04
420.0185546875,420.0185546875,420.2282015912977,408.42930309011984,411.24427428923747,1059800,2025-09-05
417.35333251953125,417.35333251953125,418.09200122519934,405.9637056768509,418.09200122519934,1472900,2025-09-08
412.6617126464844,412.6617126464844,415.4866756758892,399.59509342277255,415.0574204507577,1084100,2025-09-09
393.65570068359375,393.65570068359375,414.6481726020559,384.90137393036923,414.43852570613353,2014000,2025-09-10
402.13055419921875,402.13055419921875,403.44820411554696,391.92880493142303,395.0631813484232,1295300,2025-09-11
404.406494140625,404.406494140625,405.65426179935963,398.9263083316473,399.85464015860725,761200,2025-09-12
402.45001220703125,402.45001220703125,405.8838408565536,399.3056132644766,403.0888534221476,897500,2025-09-15
399.75,399.75,406.2300109863281,398.9800109863281,403.739990234375,1319800,2025-09-16
399.3900146484375,399.3900146484375,405.1600036621094,390.3399963378906,401.7300109863281,1250000,2025-09-17
401.05999755859375,401.05999755859375,402.3900146484375,390.1000061035156,396.70001220703125,1337800,2025-09-18
402.29998779296875,402.29998779296875,403.6700134277344,396.8999938964844,401.4800109863281,4308500,2025-09-19
407.239990234375,407.239990234375,409.1400146484375,400.92999267578125,402.44000244140625,1010600,2025-09-22
409.45001220703125,409.45001220703125,413.54998779296875,406.0899963378906,408.8599853515625,801600,2025-09-23
416.6199951171875,416.6199951171875,417.20001220703125,407.19000244140625,407.19000244140625,978600,2025-09-24
414.8900146484375,414.8900146484375,418.3500061035156,409.0,418.3500061035156,667300,2025-09-25
419.0799865722656,419.0799865722656,422.4599914550781,414.05999755859375,417.70001220703125,1184900,2025-09-26
420.9200134277344,420.9200134277344,422.9599914550781,415.92999267578125,419.3500061035156,894800,2025-09-29
426.20001220703125,426.20001220703125,429.44000244140625,419.0799865722656,421.260009765625,1591800,2025-09-30
426.07000732421875,426.07000732421875,428.5400085449219,420.4599914550781,426.32000732421875,1371900,2025-10-01
426.69000244140625,426.69000244140625,427.42999267578125,420.4100036621094,423.8900146484375,865200,2025-10-02
429.5400085449219,429.5400085449219,432.3599853515625,425.80999755859375,426.8900146484375,988400,2025-10-03
433.54998779296875,433.54998779296875,435.0299987792969,425.7099914550781,427.19000244140625,960400,2025-10-06
437.57000732421875,437.57000732421875,439.010009765625,432.739990234375,435.0,1252400,2025-10-07
426.2699890136719,426.2699890136719,436.75,425.7699890136719,436.75,1485100,2025-10-08
418.8699951171875,418.8699951171875,428.32000732421875,417.8699951171875,427.489990234375,1245300,2025-10-09
415.1400146484375,415.1400146484375,421.489990234375,409.5,419.8999938964844,1638400,2025-10-10
410.67999267578125,410.67999267578125,416.5,410.3699951171875,416.25,1067200,2025-10-13
418.3999938964844,418.3999938964844,420.5799865722656,407.70001220703125,410.0,1523000,2025-10-14
420.25,420.25,421.4100036621094,414.8999938964844,418.44000244140625,1260800,2025-10-15
419.6000061035156,419.6000061035156,421.6099853515625,416.9800109863281,420.45001220703125,1004700,2025-10-16
426.1600036621094,426.1600036621094,426.6499938964844,417.989990234375,420.94000244140625,1034500,2025-10-17
433.1499938964844,433.1499938964844,436.260009765625,424.5199890136719,426.9800109863281,878400,2025-10-20
432.010009765625,432.010009765625,434.9700012207031,430.1099853515625,433.7099914550781,1082700,2025-10-21
441.19000244140625,441.19000244140625,443.4100036621094,432.3900146484375,434.70001220703125,1522700,2025-10-22
440.1600036621094,440.1600036621094,447.0899963378906,439.0199890136719,439.0199890136719,1928600,2025-10-23
447.0400085449219,447.0400085449219,461.55999755859375,424.0,457.1300048828125,2847200,2025-10-24
467.8599853515625,467.8599853515625,469.17999267578125,448.79998779296875,450.260009765625,1789500,2025-10-27
466.4599914550781,466.4599914550781,467.0400085449219,454.4599914550781,466.3299865722656,1493700,2025-10-28
468.3999938964844,468.3999938964844,475.3800048828125,460.5400085449219,464.79998779296875,1564900,2025-10-29
466.79998779296875,466.79998779296875,478.19000244140625,464.5899963378906,468.0,1513900,2025-10-30
459.67999267578125,459.67999267578125,466.1099853515625,455.94000244140625,465.3900146484375,1511200,2025-10-31
461.55999755859375,461.55999755859375,461.6099853515625,450.0,457.4100036621094,1269800,2025-11-03
471.67999267578125,471.67999267578125,474.2300109863281,459.5400085449219,462.5,1490400,2025-11-04
473.20001220703125,473.20001220703125,477.92999267578125,465.7699890136719,471.07000732421875,1097000,2025-11-05
471.3599853515625,471.3599853515625,475.25,468.7200012207031,471.94000244140625,836700,2025-11-06
476.6099853515625,476.6099853515625,478.8800048828125,470.0,471.30999755859375,1186300,2025-11-07
459.29998779296875,459.29998779296875,460.1000061035156,443.8699951171875,455.0199890136719,1716500,2025-11-10
462.30999755859375,462.30999755859375,469.57000732421875,458.19000244140625,461.6000061035156,1347900,2025-11-11
473.6099853515625,473.6099853515625,479.42999267578125,459.9599914550781,462.0,1411800,2025-11-12
473.2799987792969,473.2799987792969,476.9700012207031,465.6000061035156,469.7900085449219,1253100,2025-11-13
472.6499938964844,472.6499938964844,480.0,470.5899963378906,475.80999755859375,1000700,2025-11-14
477.1000061035156,477.1000061035156,477.3900146484375,469.0799865722656,475.0,1183800,2025-11-17
478.1400146484375,478.1400146484375,479.0,471.04998779296875,476.2799987792969,1119800,2025-11-18
481.05999755859375,481.05999755859375,484.30999755859375,467.260009765625,478.0,1217000,2025-11-19
476.2799987792969,476.2799987792969,485.739990234375,476.0,482.0,1149700,2025-11-20
491.0,491.0,493.79998779296875,477.0,479.80999755859375,1937800,2025-11-21
501.0400085449219,501.0400085449219,512.6599731445312,493.1400146484375,501.260009765625,3187300,2025-11-24
515.8499755859375,515.8499755859375,517.4000244140625,501.1199951171875,501.29998779296875,1240900,2025-11-25
514.760009765625,514.760009765625,520.0,514.3300170898438,515.219970703125,1056200,2025-11-26
508.2900085449219,508.2900085449219,513.8599853515625,507.8399963378906,512.0,534700,2025-11-28
503.0,503.0,512.1699829101562,502.3999938964844,506.3800048828125,1144400,2025-12-01
500.30999755859375,500.30999755859375,508.2799987792969,497.30999755859375,506.44000244140625,1198900,2025-12-02
486.7699890136719,486.7699890136719,501.739990234375,485.45001220703125,500.6400146484375,2025000,2025-12-03
487.6600036621094,487.6600036621094,491.55999755859375,483.3900146484375,485.45001220703125,1633400,2025-12-04
486.70001220703125,486.70001220703125,491.1400146484375,483.739990234375,489.1300048828125,947300,2025-12-05
485.1499938964844,485.1499938964844,490.07000732421875,483.25,486.70001220703125,1083200,2025-12-08
488.5,488.5,491.239990234375,482.3299865722656,485.9700012207031,994200,2025-12-09
468.7300109863281,468.7300109863281,488.0299987792969,466.2200012207031,487.19000244140625,2229200,2025-12-10
482.3500061035156,482.3500061035156,482.5899963378906,468.7300109863281,470.95001220703125,996400,2025-12-11
484.7699890136719,484.7699890136719,485.19500732421875,478.6700134277344,483.010009765625,854107,2025-12-12
