Price,Close,High,Low,Open,Volume,Date
263.37933349609375,263.37933349609375,269.143343380734,263.23547910389016,265.45092454915135,596800,2020-12-14
266.03594970703125,266.03594970703125,268.5391037322559,263.2450576524583,264.44389293697725,692700,2020-12-15
269.06658935546875,269.06658935546875,269.78589055239314,264.93300748528526,266.60180616468944,808300,2020-12-16
268.59661865234375,268.59661865234375,272.87405432503994,267.66632139375366,271.17651426837904,736400,2020-12-17
271.7711181640625,271.7711181640625,273.0658659305966,267.3881699976299,268.30889643115006,1567400,2020-12-18
267.44580078125,267.44580078125,270.2175225144577,262.53537524140074,269.70921743166343,898200,2020-12-21
269.7571716308594,269.7571716308594,270.0736806087929,265.5276762661245,266.3237194676999,880100,2020-12-22
264.4151306152344,264.4151306152344,272.81654865840693,264.2616761816386,269.92017305394387,420000,2020-12-23
267.4649658203125,267.4649658203125,267.934899910225,264.05068509506015,264.05068509506015,210300,2020-12-24
266.59222412109375,266.59222412109375,269.6516544267798,265.4893013983427,269.6516544267798,518000,2020-12-28
269.2392883300781,269.2392883300781,270.65869086117436,267.3307222699855,268.8844084288586,569800,2020-12-29
273.82354736328125,273.82354736328125,274.14002696367845,270.1215292132546,271.1477391225421,612700,2020-12-30
278.3600158691406,278.3600158691406,278.5518412653525,272.90291408035444,274.35111679694944,709400,2020-12-31
280.0478820800781,280.0478820800781,282.34963964074785,277.05559432436394,281.48648421405113,1356800,2021-01-04
272.7398681640625,272.7398681640625,282.63746078214916,271.38757824806424,279.25195060156716,832900,2021-01-05
269.8337707519531,269.8337707519531,273.37273379175565,266.12218250738727,270.869551248964,1035800,2021-01-06
269.8626708984375,269.8626708984375,275.9143901570036,269.3447657676117,271.560211428687,749900,2021-01-07
268.7404479980469,268.7404479980469,272.67263282604637,265.6234768598722,271.42585607815005,650200,2021-01-08
265.0385437011719,265.0385437011719,267.340301881621,263.37934492325803,267.2443891931766,621700,2021-01-11
262.8422546386719,262.8422546386719,267.53211265100964,261.461193952121,266.0071683054268,581000,2021-01-12
263.02447509765625,263.02447509765625,264.52061926904275,259.2457437429275,263.28341299593586,956000,2021-01-13
261.02008056640625,261.02008056640625,265.3838304352935,259.92672845228935,263.59997711450967,1270200,2021-01-14
255.73556518554688,255.73556518554688,260.80904486316933,255.62048166851758,260.013001756312,888600,2021-01-15
258.2675476074219,258.2675476074219,259.25538692684194,253.23243831292766,256.56997774204416,1357200,2021-01-19
264.25213623046875,264.25213623046875,266.48675290319875,261.21187628102825,261.5283852686889,885100,2021-01-20
259.6868896484375,259.6868896484375,266.083887510982,259.6581187727683,263.59990435007967,838800,2021-01-21
255.7835693359375,255.7835693359375,261.12555840047105,255.75479845294885,259.99386464498934,729700,2021-01-22
255.6396484375,255.6396484375,259.4471508304293,254.60386753224765,256.0904117176659,760400,2021-01-25
257.67291259765625,257.67291259765625,259.30331127034583,254.46002769509536,255.8410884933995,553200,2021-01-26
252.2733917236328,252.2733917236328,258.3059116418115,250.68133446804438,255.35199347800489,1008900,2021-01-27
259.01556396484375,259.01556396484375,263.0628330671863,252.11986104795625,252.58979511487226,784100,2021-01-28
255.36155700683594,255.36155700683594,259.36085577335643,252.8200023772962,256.92484315397513,753100,2021-01-29
259.6677551269531,259.6677551269531,261.8448297394851,256.96317536214633,259.1306791937431,569600,2021-02-01
266.86077880859375,266.86077880859375,269.8530674944937,260.86660138701706,261.6626152704869,733800,2021-02-02
262.6696472167969,262.6696472167969,266.8511712190888,262.1325712764739,265.35502691841157,494500,2021-02-03
265.5179748535156,265.5179748535156,265.6618291961448,261.4611067807802,262.7366835784337,662800,2021-02-04
265.6331481933594,265.6331481933594,267.81022269748775,265.0481013108321,266.8415836171316,480000,2021-02-05
266.9950256347656,266.9950256347656,268.84602034302003,264.8754637173315,267.11010914244815,729300,2021-02-08
270.7641296386719,270.7641296386719,273.00834561823234,267.1100822948243,267.6759289963494,677900,2021-02-09
265.5372009277344,265.5372009277344,272.2794490272071,264.5589619258778,272.2794490272071,849400,2021-02-10
267.2539367675781,267.2539367675781,268.1266923047041,263.94513991080595,267.5416455079768,567300,2021-02-11
267.2635803222656,267.2635803222656,273.3248698313878,263.7437867267432,263.7437867267432,910700,2021-02-12
268.8747863769531,268.8747863769531,270.83129377763606,261.7009454200757,268.61581922089164,1035500,2021-02-16
269.06658935546875,269.06658935546875,269.49818178099963,266.3812099276607,266.7360605018595,656000,2021-02-17
267.3690185546875,267.3690185546875,270.3037647617447,264.6164976381972,267.19639331155173,698900,2021-02-18
268.94189453125,268.94189453125,270.28458404278064,267.0429291209477,267.9732263661575,934500,2021-02-19
265.6907043457031,265.6907043457031,267.68555363946183,263.32180434586525,266.7936270966562,799000,2021-02-22
264.74127197265625,264.74127197265625,266.38127088174946,262.2189171819855,264.8275846238246,992900,2021-02-23
267.74981689453125,267.74981689453125,268.55727353281844,262.03053282455323,264.0587080759947,804800,2021-02-24
266.5386657714844,266.5386657714844,271.758121786313,266.1061018508714,267.74979194742,750400,2021-02-25
264.23175048828125,264.23175048828125,269.1051499395743,262.6168665507545,267.6633091865032,1017300,2021-02-26
271.5178527832031,271.5178527832031,273.1807864266669,266.31761002631833,266.57713081419115,715800,2021-03-01
270.2297668457031,270.2297668457031,272.47903463578325,267.99971303637994,269.96062444349667,702800,2021-03-02
267.2212219238281,267.2212219238281,270.8738743746653,267.0962576661259,269.7396330628544,861100,2021-03-03
267.230712890625,267.230712890625,274.12269367257585,265.28901568395247,266.7404777607315,1003200,2021-03-04
276.295166015625,276.295166015625,277.2179359717951,267.2788496215547,269.2782187499726,1012500,2021-03-05
278.25604248046875,278.25604248046875,281.7452723507252,276.15095270141296,276.84303741417546,1136700,2021-03-08
278.7943420410156,278.7943420410156,282.60079349488655,278.4963639592467,280.84176064656253,1312500,2021-03-09
279.842041015625,279.842041015625,281.6491525970553,278.8615706322452,280.1976903373129,632600,2021-03-10
280.2265319824219,280.2265319824219,281.956729008273,279.37105512736616,280.40916747601227,532400,2021-03-11
280.33233642578125,280.33233642578125,280.8898353379069,278.43871752157474,280.22658617173164,506900,2021-03-12
285.8304748535156,285.8304748535156,286.25341712200935,279.678627313138,280.2842050764051,682100,2021-03-15
284.6962585449219,284.6962585449219,289.7907801890088,283.98495982017323,287.5607260957706,592400,2021-03-16
281.745361328125,281.745361328125,286.2535203759953,280.32276348852423,284.1965089048158,767200,2021-03-17
276.45855712890625,276.45855712890625,281.3031507147071,275.026337903875,280.60147359151466,780600,2021-03-18
276.631591796875,276.631591796875,279.41914488755316,276.13173486500136,278.21761085412925,1804200,2021-03-19
279.0346984863281,279.0346984863281,280.74568201337667,275.0456108100762,276.63163008685933,696100,2021-03-22
279.5056457519531,279.5056457519531,281.15895771943707,277.3140488959234,279.81324549807255,682600,2021-03-23
284.7635498046875,284.7635498046875,286.53220428166765,279.48642201554424,279.957413943005,935100,2021-03-24
284.30218505859375,284.30218505859375,285.73443366831776,281.84144554245836,284.9077629449049,728400,2021-03-25
292.3283996582031,292.3283996582031,292.45336388268856,283.56201263892564,284.26371902716875,755400,2021-03-26
295.0679016113281,295.0679016113281,295.9233785273648,290.9058009278641,291.2422069654154,719200,2021-03-29
285.99395751953125,285.99395751953125,292.59758437989956,284.1676315156059,292.3380635691456,762300,2021-03-30
287.0320739746094,287.0320739746094,289.4351422581154,285.9170761052727,286.3015611637677,535400,2021-03-31
294.4335021972656,294.4335021972656,295.38510774122886,289.31976643718747,292.1169411179709,673200,2021-04-01
298.8359375,298.8359375,299.36460072487466,294.25086499412896,294.3085362792307,571600,2021-04-05
297.499755859375,297.499755859375,299.8066947875433,296.6731147216287,298.33601865408303,511000,2021-04-06
295.971435546875,295.971435546875,299.28765139271803,294.76990168947043,296.85574803870406,508500,2021-04-07
300.96026611328125,300.96026611328125,302.2771427884811,297.81703414542477,298.62449087182483,793100,2021-04-08
302.1040954589844,302.1040954589844,302.4309091766503,300.40270459419463,301.2101318968384,551700,2021-04-09
302.2867431640625,302.2867431640625,303.14222012598896,299.9028891260365,300.60459554877224,654800,2021-04-12
302.9501037597656,302.9501037597656,304.7860225897998,300.7680984190622,300.7680984190622,680400,2021-04-13
302.9501037597656,302.9501037597656,306.3336142191756,302.09459714871656,304.2669808268077,481000,2021-04-14
306.1604919433594,306.1604919433594,307.22744007957135,304.42067301784704,304.7378650940832,694900,2021-04-15
309.5151672363281,309.5151672363281,309.93810956314877,305.68947231075117,307.9868194648146,1931100,2021-04-16
308.2847900390625,308.2847900390625,311.668299236772,307.54465565234284,308.26557605534003,989500,2021-04-19
311.2069091796875,311.2069091796875,312.6199142531571,307.0255652411082,308.0156280249458,875100,2021-04-20
312.4276428222656,312.4276428222656,314.5519464974973,311.12998037171917,311.90857197518244,669600,2021-04-21
312.4469299316406,312.4469299316406,316.2822469017348,310.7551897887495,312.19703077474566,772100,2021-04-22
315.0229797363281,315.0229797363281,316.2341059799428,309.957293957334,312.98515356785697,751600,2021-04-23
312.66802978515625,312.66802978515625,315.3210266458433,312.27392305336355,315.0134268550299,752500,2021-04-26
313.7444763183594,313.7444763183594,314.3308400223676,310.7550745299721,312.6390711726221,1204300,2021-04-27
307.6312255859375,307.6312255859375,326.97111619781606,306.02596291938937,326.97111619781606,996700,2021-04-28
317.156982421875,317.156982421875,317.9259525840373,307.12176633370035,308.8423422050466,788400,2021-04-29
314.04254150390625,314.04254150390625,317.71443657916336,311.4760812155537,316.5897878079307,874400,2021-04-30
316.5513610839844,316.5513610839844,317.81056641911994,312.87946599428903,314.8307561142136,579000,2021-05-03
317.4068298339844,317.4068298339844,318.97363488487827,315.2536902635581,315.50361872595636,874800,2021-05-04
315.92657470703125,315.92657470703125,319.33891972746,311.9470797921251,319.33891972746,629500,2021-05-05
316.82049560546875,316.82049560546875,317.7048082151376,313.08130766248235,316.55135315891823,636700,2021-05-06
321.530517578125,321.530517578125,321.70353144420636,315.7919896784697,317.3107158379526,678100,2021-05-07
320.6846618652344,320.6846618652344,325.46196293908383,320.55010529090384,321.8669820589104,552000,2021-05-10
316.0034484863281,316.0034484863281,317.3684040454489,314.3213008518002,316.4167691505737,706700,2021-05-11
307.33319091796875,307.33319091796875,316.013071578109,306.88141294927436,314.3885952226544,991200,2021-05-12
316.0899658203125,316.0899658203125,317.0896503753488,308.63083296269826,308.80387616203393,709100,2021-05-13
321.08831787109375,321.08831787109375,321.6650600144359,316.34944583861875,317.2049520625356,697100,2021-05-14
316.906982421875,316.906982421875,319.83871350481877,316.4359905038851,319.27159300466315,867500,2021-05-17
311.2550048828125,311.2550048828125,316.07076296878813,310.98586241632194,315.513234716132,781800,2021-05-18
311.9386901855469,311.9386901855469,312.0253630484432,307.15222615275604,308.0093734479433,539000,2021-05-19
314.91461181640625,314.91461181640625,317.76532345384487,313.0173605603329,313.0751424754947,543400,2021-05-20
316.73492431640625,316.73492431640625,319.0270389334043,315.30956807466964,315.6081178551418,926500,2021-05-21
319.6240539550781,319.6240539550781,321.72354198199804,318.85357941038365,318.88247036889726,413300,2021-05-24
320.72198486328125,320.72198486328125,322.0703081584236,319.52778588934666,321.5117103611554,413900,2021-05-25
318.95953369140625,318.95953369140625,322.8214583736527,318.6320930301817,322.8214583736527,675500,2021-05-26
321.4057922363281,321.4057922363281,322.1569866670069,318.12171561010604,319.4314784571958,1018100,2021-05-27
322.96588134765625,322.96588134765625,325.6817487527459,321.4153216795577,321.4827437065611,724700,2021-05-28
318.6995544433594,318.6995544433594,326.48115729601284,318.17948773334217,325.57586795993205,568000,2021-06-01
322.6288146972656,322.6288146972656,323.1392411986255,318.62243544161595,318.72838854447787,511300,2021-06-02
321.9354248046875,321.9354248046875,322.66736828813157,318.25648593556497,322.0317377983932,481700,2021-06-03
323.2547912597656,323.2547912597656,323.5822318890892,321.1938345009417,323.2259003039605,440900,2021-06-04
322.6963195800781,322.6963195800781,324.09275538279763,321.7717499363606,323.47640501092405,380900,2021-06-07
324.5068054199219,324.5068054199219,325.8358187946074,322.04134585759476,322.95624573022764,365900,2021-06-08
326.26922607421875,326.26922607421875,326.6351977947052,323.72673365339307,324.6608844053961,408000,2021-06-09
327.4056396484375,327.4056396484375,328.05091021083956,323.5244643299222,326.24997197436727,592600,2021-06-10
332.0091857910156,332.0091857910156,332.1440298785697,327.78131812782055,328.6191854442964,566300,2021-06-11
334.9176940917969,334.9176940917969,335.07178903099367,330.22754143167356,331.68175914987285,458700,2021-06-14
337.9512939453125,337.9512939453125,339.8100141735147,333.5115207504034,336.50668724949975,650300,2021-06-15
334.0894470214844,334.0894470214844,340.6383498669093,332.21147551444017,339.39597959014725,733000,2021-06-16
342.227294921875,342.227294921875,344.0474838776643,333.3863099581093,333.70411046478523,897900,2021-06-17
335.8807067871094,335.8807067871094,339.5403654347349,332.2884407837522,336.60301015629335,1054000,2021-06-18
342.5162048339844,342.5162048339844,342.77625282122466,335.3413433180388,337.57564576356253,574500,2021-06-21
346.2143859863281,346.2143859863281,347.03300221823326,341.379780124581,342.5161968560945,679200,2021-06-22
344.394287109375,344.394287109375,349.1036902692731,344.1053480981418,347.7457562711031,464200,2021-06-23
348.6028137207031,348.6028137207031,349.4021497249754,344.8468426699998,346.91743945777,480800,2021-06-24
351.5113525390625,351.5113525390625,353.0908034354719,346.14706822086464,349.2192383502055,838800,2021-06-25
352.2432861328125,352.2432861328125,354.36205449737025,350.70236635773415,352.2336460159645,378900,2021-06-28
352.8114318847656,352.8114318847656,354.1115836323111,348.8917258024555,352.4647404270708,435800,2021-06-29
348.9881286621094,348.9881286621094,353.6204990831209,347.726507659582,352.7537408250597,591700,2021-06-30
351.81951904296875,351.81951904296875,352.3106947338849,347.6879355849427,349.11329146588804,439500,2021-07-01
354.2560729980469,354.2560729980469,354.9398452556648,351.68468959727335,352.9174194404399,375500,2021-07-02
356.3748779296875,356.3748779296875,357.0201191801155,351.7617586153973,355.68146548451364,490200,2021-07-06
362.82745361328125,362.82745361328125,363.6460700545634,356.8853204547154,357.5498419690007,537700,2021-07-07
360.5738525390625,360.5738525390625,362.1147723420424,356.7697389214254,359.18702765544066,567400,2021-07-08
361.7198791503906,361.7198791503906,362.75037230457525,358.6284290784348,361.53689328598034,631800,2021-07-09
361.1902770996094,361.1902770996094,363.3571875757134,358.2528919309725,362.6252439654582,445700,2021-07-12
361.15167236328125,361.15167236328125,363.98310382585726,358.8017764638563,361.4020802611113,409200,2021-07-13
361.7295837402344,361.7295837402344,362.13405722479274,359.4085783958761,361.70069277705164,380000,2021-07-14
360.910888671875,360.910888671875,362.66368509822087,358.60913467399274,360.84346664226234,493800,2021-07-15
364.0023498535156,364.0023498535156,365.8514593234228,361.3539042912129,361.6717342174241,570600,2021-07-16
358.0987854003906,358.0987854003906,363.9735261568879,355.74891848839513,361.2576580610083,867800,2021-07-19
363.3763427734375,363.3763427734375,365.30248491186313,357.3282576344049,358.65730041241403,564400,2021-07-20
365.0039978027344,365.0039978027344,366.93978038868596,363.19341917973907,363.19341917973907,771200,2021-07-21
367.1324462890625,367.1324462890625,367.2769011233509,364.0121043060037,364.94628475521176,577100,2021-07-22
367.75836181640625,367.75836181640625,370.3201347874662,366.9590256359866,367.7776420507834,590200,2021-07-23
365.76483154296875,365.76483154296875,366.99756154468326,360.90130418551433,366.20783608045633,558200,2021-07-26
366.90118408203125,366.90118408203125,367.9412878983089,363.4148715361313,366.0344260033671,621100,2021-07-27
364.5994873046875,364.5994873046875,368.5769761214448,363.12598952272816,367.26721337774796,866500,2021-07-28
363.3763427734375,363.3763427734375,367.2189869346057,360.45823860934655,363.8482381923609,792700,2021-07-29
362.11474609375,362.11474609375,364.07941943490283,361.45022466057475,362.4807178268724,896400,2021-07-30
365.2158508300781,365.2158508300781,367.32497904690086,362.2881062393644,364.5898604467261,763900,2021-08-02
365.1484680175781,365.1484680175781,365.9670844794026,360.3908935680976,365.9670844794026,520300,2021-08-03
368.6251220703125,368.6251220703125,370.79203215364663,362.72149122966636,365.5143916811772,726700,2021-08-04
372.554443359375,372.554443359375,373.2382156524176,368.7888316034543,371.032803861086,620100,2021-08-05
370.7534484863281,370.7534484863281,374.4516376437519,366.80485146091485,372.47735382634266,527100,2021-08-06
368.2977600097656,368.2977600097656,373.21904051962787,367.4213615510356,371.61069842710026,510900,2021-08-09
366.3041076660156,366.3041076660156,369.8000605464792,364.2431213544372,369.0103351715417,366400,2021-08-10
365.9670715332031,365.9670715332031,368.3747496353953,364.7439816379062,368.09545074617245,473000,2021-08-11
364.93658447265625,364.93658447265625,366.0633907755552,362.38445151894774,364.78248954461696,411000,2021-08-12
366.5930480957031,366.5930480957031,367.74874529728316,365.4951622057427,366.20782549204336,409400,2021-08-13
370.2430419921875,370.2430419921875,370.3393549766539,363.8482360232512,365.6684544406984,386600,2021-08-16
367.7679748535156,367.7679748535156,369.7037572674045,366.12113141859766,368.2976816196628,483100,2021-08-17
360.1116027832031,360.1116027832031,368.779243745607,359.822663783429,368.33620982407353,614600,2021-08-18
361.3077392578125,361.3077392578125,362.5232042101207,355.96345582435225,358.23043765041115,486800,2021-08-19
363.121337890625,363.121337890625,364.6455045595167,359.8607463935171,362.11807217472756,595300,2021-08-20
365.71624755859375,365.71624755859375,368.9864949387716,363.44929525886363,363.44929525886363,623500,2021-08-23
363.0538330078125,363.0538330078125,367.5009509162796,361.29812522398385,367.3176611234945,455000,2021-08-24
363.1020202636719,363.1020202636719,364.1824466619998,360.3044813166989,363.65188958977456,304600,2021-08-25
362.1083679199219,362.1083679199219,364.50076140465524,361.4234600946303,362.5135424911442,344600,2021-08-26
364.5008239746094,364.5008239746094,365.8995788032886,362.12774233411096,362.67758225024426,337600,2021-08-27
367.62640380859375,367.62640380859375,370.0091419410448,364.93496394446396,364.9446200733969,294100,2021-08-30
367.3175964355469,367.3175964355469,369.2083719187247,366.01531473851054,367.9735947865519,546200,2021-08-31
368.61029052734375,368.61029052734375,370.16342559323726,364.4911574211256,366.8738951209232,375000,2021-09-01
372.0638427734375,372.0638427734375,372.7198117806907,368.33057189345413,370.6168367306896,401300,2021-09-02
371.7744445800781,371.7744445800781,372.9609706659473,369.33379951698515,370.6168279973928,337400,2021-09-03
368.2823181152344,368.2823181152344,374.0414033026051,366.0732434351581,374.0414033026051,437100,2021-09-07
368.4462890625,368.4462890625,370.5106688253627,366.5844818813616,368.50416694299264,765000,2021-09-08
368.9865417480469,368.9865417480469,371.9094927835333,368.108687880701,369.4881599124959,497400,2021-09-09
369.0154724121094,369.0154724121094,372.1699349235809,367.57812252587325,371.2824543879739,353600,2021-09-10
365.774169921875,365.774169921875,373.3178717547269,361.307740265597,371.649010432552,345300,2021-09-13
366.71954345703125,366.71954345703125,368.75501384672447,365.1567817068906,367.3562296217945,352100,2021-09-14
366.3915710449219,366.3915710449219,369.71004056127725,363.4396810997031,368.1858738301132,418700,2021-09-15
366.8932189941406,366.8932189941406,369.1795134356455,366.6424246141149,367.201920704312,461400,2021-09-16
356.9281005859375,356.9281005859375,365.3207460781811,355.75120134696965,364.25960259396277,1260600,2021-09-17
355.89593505859375,355.89593505859375,357.4490701101821,352.48102216145895,353.06945712575083,704900,2021-09-20
356.38787841796875,356.38787841796875,358.799554712244,355.9055431591137,357.72875512909366,363200,2021-09-21
357.29473876953125,357.29473876953125,359.2047679153396,354.16921512045326,359.2047679153396,335700,2021-09-22
363.6036071777344,363.6036071777344,364.13416416145236,358.08569090156016,358.08569090156016,485300,2021-09-23
362.9766540527344,362.9766540527344,365.23398008463414,360.1212368635897,362.53291374887766,337300,2021-09-24
355.1917419433594,355.1917419433594,361.3366892188427,352.7993481544715,361.3366892188427,488400,2021-09-27
342.9308166503906,342.9308166503906,353.14667699032066,340.5577347020445,351.6321661933543,702100,2021-09-28
346.7219543457031,346.7219543457031,348.7573953823822,343.0561880389886,344.83117858605965,511700,2021-09-29
342.564208984375,342.564208984375,350.1272534183439,342.36163637400165,348.6898740110659,661700,2021-09-30
346.557861328125,346.557861328125,349.0949493377841,341.15570088648593,344.8696880300757,415800,2021-10-01
337.374267578125,337.374267578125,346.7026160164136,334.6249504147079,344.99515961190093,637000,2021-10-04
342.82464599609375,342.82464599609375,346.6543894942976,338.48362825230953,339.3228869724688,562300,2021-10-05
345.3039245605469,345.3039245605469,345.930954692527,337.4418339907263,338.5801679084349,454700,2021-10-06
350.1657409667969,350.1657409667969,354.1112398420806,349.3940163302348,349.5483671454288,842200,2021-10-07
349.47125244140625,349.47125244140625,351.9215243223934,347.14639246479373,351.4874107210064,388400,2021-10-08
347.3296813964844,347.3296813964844,353.40712460376614,347.3200547080738,347.985679860863,360800,2021-10-11
348.1785888671875,348.1785888671875,352.2688126561225,346.89558978886004,349.4809002007496,366100,2021-10-12
348.69952392578125,348.69952392578125,350.5806435925447,345.72835108206004,350.5806435925447,342200,2021-10-13
357.4008483886719,357.4008483886719,357.48766522141176,352.78972348908474,352.78972348908474,329000,2021-10-14
358.06646728515625,358.06646728515625,359.9572430742579,355.7898585391217,359.9572430742579,704900,2021-10-15
360.7867736816406,360.7867736816406,361.1244142507751,355.8862604042241,357.998861754094,577700,2021-10-18
365.5716247558594,365.5716247558594,366.1697159196803,361.43320837158285,361.43320837158285,399800,2021-10-19
358.7995910644531,358.7995910644531,366.86422327867155,357.8542032631273,366.86422327867155,525600,2021-10-20
362.9091796875,362.9091796875,363.15034739610695,354.53581447070945,357.7674676539261,384900,2021-10-21
368.1761779785156,368.1761779785156,368.9864977349298,363.47823695295426,364.0666718772488,410100,2021-10-22
371.4946594238281,371.4946594238281,372.6522464972451,366.16965879211335,368.2051290966102,545500,2021-10-25
376.5495300292969,376.5495300292969,381.2281884707884,373.87740298346483,374.2922042887385,595600,2021-10-26
378.7683410644531,378.7683410644531,381.421185652542,375.2087036074643,376.67499256341847,746700,2021-10-27
392.3218994140625,392.3218994140625,392.6981056498726,381.3535991019684,382.44368162012927,714100,2021-10-28
389.8716735839844,389.8716735839844,393.3252113183784,386.1576853480458,393.0165096161974,774400,2021-10-29
380.45648193359375,380.45648193359375,393.52775781402244,377.47562363889296,392.44733136750654,551800,2021-11-01
376.8968811035156,376.8968811035156,382.1832580747188,376.2215997896654,380.3696723192724,620100,2021-11-02
372.89349365234375,372.89349365234375,381.0353177273607,368.93836684233236,378.1509613965059,626800,2021-11-03
375.2955017089844,375.2955017089844,378.0641019396798,373.33722134292566,373.87743458601676,588900,2021-11-04
373.4335632324219,373.4335632324219,379.29877604606804,373.1441738735997,377.18614540844885,533100,2021-11-05
373.5880126953125,373.5880126953125,376.25051325722177,371.35962572568445,374.10894311816725,770000,2021-11-08
378.4403076171875,378.4403076171875,379.4918245973825,373.38544251927055,373.58801512525974,591600,2021-11-09
373.9931640625,373.9931640625,380.09951628135184,373.55905049724294,378.0640753548718,623400,2021-11-10
371.832275390625,371.832275390625,377.11865116507187,368.7163789149543,375.6909575918429,399500,2021-11-11
374.31146240234375,374.31146240234375,376.65563425155716,370.7807645982318,372.84517374028474,579200,2021-11-12
376.9739990234375,376.9739990234375,380.9870324984266,373.70378079725396,374.4369104794434,764400,2021-11-15
387.45037841796875,387.45037841796875,389.2832469752241,377.2248624677345,377.2248624677345,635300,2021-11-16
383.2443542480469,383.2443542480469,388.1931193876053,373.1828464446745,386.639984334258,961300,2021-11-17
381.0835266113281,381.0835266113281,384.2090503000546,378.1605755292451,384.2090503000546,508300,2021-11-18
373.7327575683594,373.7327575683594,384.0547170029,372.84524751872374,383.16723639267957,672600,2021-11-19
371.57806396484375,371.57806396484375,378.27394043132654,371.29785278975726,373.7133951935333,594300,2021-11-22
373.5491027832031,373.5491027832031,374.0902113766534,365.626141869122,370.69878061079464,374000,2021-11-23
379.2498474121094,379.2498474121094,379.9455248376386,371.3655130849794,371.7519939910283,407200,2021-11-24
371.1142883300781,371.1142883300781,378.2449745912951,369.5876784263367,373.8100420478413,544700,2021-11-26
383.84893798828125,383.84893798828125,386.2065093420801,374.5346233579684,376.7279248814647,1197300,2021-11-29
377.44305419921875,377.44305419921875,385.414345107412,376.0227139124765,381.0856819748152,1333000,2021-11-30
367.4233093261719,367.4233093261719,382.58325564565365,367.1624413645893,381.2885284697602,877200,2021-12-01
376.0033264160156,376.0033264160156,377.6652207769751,367.5102710287528,367.89678140442845,872200,2021-12-02
371.7809753417969,371.7809753417969,381.7329986273808,366.7663067628329,379.7039665206948,846200,2021-12-03
372.38970947265625,372.38970947265625,375.4043018916537,367.17214340234506,373.9742900705328,662200,2021-12-06
384.9407653808594,384.9407653808594,387.08576784606004,380.19663737716695,380.19663737716695,641800,2021-12-07
384.6122741699219,384.6122741699219,386.7379630191847,382.3899872256364,385.1630248472215,570800,2021-12-08
380.1097412109375,380.1097412109375,386.86361772417183,380.013113618877,384.84419835589097,553500,2021-12-09
384.31280517578125,384.31280517578125,384.5543594216491,380.1001132814147,382.17747389855793,346400,2021-12-10
385.3273010253906,385.3273010253906,386.66068511057784,383.06635694091693,384.5929962073142,718700,2021-12-13
378.6990966796875,378.6990966796875,385.5495717317278,374.66995878003854,383.1147154854253,595100,2021-12-14
384.29345703125,384.29345703125,384.6605946833398,376.2061968352,380.0227653727144,457300,2021-12-15
382.54461669921875,382.54461669921875,387.1921177347083,378.6700774066221,386.2741998642476,770300,2021-12-16
380.3416748046875,380.3416748046875,385.32732858658517,377.06618501447736,380.86341075539127,1016300,2021-12-17
373.8680419921875,373.8680419921875,376.2256140433296,369.67466337311816,375.4043236220816,488300,2021-12-20
378.0613098144531,378.0613098144531,379.25940921546385,374.0901729043695,377.2207059129958,428700,2021-12-21
381.6267395019531,381.6267395019531,381.9262644207421,377.57828780871785,378.1870092522578,394300,2021-12-22
383.8393249511719,383.8393249511719,386.32247990850846,382.68952451173396,383.47215782105235,304500,2021-12-23
385.9746398925781,385.9746398925781,386.15822344998264,382.5542240436594,385.49153147553415,501300,2021-12-27
385.9263916015625,385.9263916015625,390.090784345244,384.7476057294804,387.9361099066755,320700,2021-12-28
384.6122741699219,384.6122741699219,387.92639086466517,383.9649253975996,385.90700120116446,355300,2021-12-29
377.84881591796875,377.84881591796875,385.8684051863314,377.25943770425704,385.3949682942284,463300,2021-12-30
377.38494873046875,377.38494873046875,378.6313766717968,375.4138876681325,377.500919516427,496900,2021-12-31
370.631103515625,370.631103515625,379.26908417707085,367.7034677536314,378.50576463905753,639300,2022-01-03
373.2205505371094,373.2205505371094,374.9017878101582,369.1817714135235,372.4186035719041,528600,2022-01-04
364.3121032714844,364.3121032714844,375.11443159945435,364.2638042167597,373.60713545817526,559500,2022-01-05
361.9642028808594,361.9642028808594,364.04156350518014,355.8287191172962,362.64056656626724,853600,2022-01-06
359.8192138671875,359.8192138671875,362.4086684149163,358.10902034975686,361.693677252816,504500,2022-01-07
349.567626953125,349.567626953125,357.5099311970417,345.4998324987648,355.9446645080348,952600,2022-01-10
355.4324645996094,355.4324645996094,355.4614794080243,345.06497817819644,349.4902377335616,865200,2022-01-11
360.3022766113281,360.3022766113281,360.7563997344206,355.5678196920957,357.1620716819822,608000,2022-01-12
350.3406066894531,350.3406066894531,363.71304598057463,349.95412579979336,361.2202191786574,569700,2022-01-13
341.60601806640625,341.60601806640625,347.8381296845628,336.5333786751731,347.3260358397691,897000,2022-01-14
332.7844543457031,332.7844543457031,337.383626969249,330.9389764358466,336.01161541500255,1144900,2022-01-18
334.91973876953125,334.91973876953125,342.47556132761764,334.49460101267846,335.57675912590474,583200,2022-01-19
333.605712890625,333.605712890625,342.70748945677235,332.9003933945134,337.3159824088618,771300,2022-01-20
330.3205261230469,330.3205261230469,337.39324003504623,329.44126531415714,333.7892408276098,782600,2022-01-21
332.45587158203125,332.45587158203125,332.91966627238344,317.55682467946076,324.2623717919911,963500,2022-01-24
314.04949951171875,314.04949951171875,328.1562731230694,313.3055230625253,325.67308844182895,1659800,2022-01-25
313.5760192871094,313.5760192871094,324.38798800899815,311.7498553188869,318.9288393124162,1066900,2022-01-26
314.9094543457031,314.9094543457031,322.6778177147223,313.9142520254963,317.8757180950986,1105500,2022-01-27
325.1416015625,325.1416015625,325.39279786165866,311.18942960887733,315.5953755430114,769400,2022-01-28
331.41241455078125,331.41241455078125,331.499370538073,323.21888418227934,325.3735586005119,728900,2022-01-31
332.28204345703125,332.28204345703125,332.6492106603624,324.67791985729934,332.359357334893,925100,2022-02-01
335.3255615234375,335.3255615234375,335.9246407669174,326.5523250933398,327.54752731545375,937200,2022-02-02
328.8616027832031,328.8616027832031,333.0356672849697,322.3010106071618,325.9339664632007,931100,2022-02-03
335.1613464355469,335.1613464355469,339.10349868921014,326.6006487696647,327.0064728701574,1080400,2022-02-04
325.1416015625,325.1416015625,336.56226091233464,323.97245808772107,334.58152840855666,838700,2022-02-07
326.78424072265625,326.78424072265625,327.4509328062982,318.6583522786947,323.68269243349744,1075700,2022-02-08
331.66363525390625,331.66363525390625,337.2097110369682,330.39789342527433,337.2097110369682,1059800,2022-02-09
338.3112487792969,338.3112487792969,342.8234658468013,324.96776431975024,332.60090253045126,2323000,2022-02-10
321.0642395019531,321.0642395019531,338.16626187454125,319.4023451636741,337.72181033250195,1816100,2022-02-11
312.5422058105469,312.5422058105469,320.9772906101282,310.51314426749343,319.73086245721504,1508000,2022-02-14
318.6777038574219,318.6777038574219,319.2284546343006,316.57135783560204,318.3105366728361,674100,2022-02-15
319.4506530761719,319.4506530761719,321.38308703536387,315.61477048771167,316.66794345707905,797300,2022-02-16
312.2233581542969,312.2233581542969,319.26705846186974,310.687047261602,318.4940966995362,1299200,2022-02-17
312.64849853515625,312.64849853515625,314.96744303309345,310.3102697980952,312.6195132032622,1335800,2022-02-18
312.1363525390625,312.1363525390625,315.10264544932244,309.0154908755909,310.0879774631172,773800,2022-02-22
308.1169128417969,308.1169128417969,318.2235330790074,307.3439216512939,314.0977681591074,814300,2022-02-23
311.8063049316406,311.8063049316406,313.0360893467239,300.4379727114108,301.0383403715533,1086700,2022-02-24
313.4524841308594,313.4524841308594,315.7184020712635,308.94966779199314,312.2711050797289,1468300,2022-02-25
311.8353271484375,311.8353271484375,316.45431013204535,308.50422665850294,310.7798373931192,1560900,2022-02-28
312.14520263671875,312.14520263671875,317.1612095634232,310.09232131854424,311.1187619776315,1299700,2022-03-01
315.6698913574219,315.6698913574219,318.99132784699856,312.14514081429934,314.94363464522087,978600,2022-03-02
314.61444091796875,314.61444091796875,318.24572493029865,312.91017838317805,317.59695206891604,875600,2022-03-03
315.5246887207031,315.5246887207031,317.6356680914677,310.1988054421989,311.55447891188874,1160800,2022-03-04
304.72772216796875,304.72772216796875,317.81003959275716,304.56309093033957,315.5247357874118,1156000,2022-03-07
304.0596008300781,304.0596008300781,311.83539135077564,301.87113692177235,305.93818798913344,1021500,2022-03-08
313.0747985839844,313.0747985839844,315.8152242964045,309.7921330091923,311.380199277872,1049800,2022-03-09
304.0596008300781,304.0596008300781,306.03502816720834,292.47823067796924,296.5646379603559,1967200,2022-03-10
294.8312072753906,294.8312072753906,305.55076457450525,294.7246742462313,304.05950902652563,1271100,2022-03-11
291.7712707519531,291.7712707519531,298.6174591888694,290.2025606600756,296.3999466317073,871900,2022-03-14
297.0003356933594,297.0003356933594,298.2011005522073,293.01076910945204,296.6033117010718,936200,2022-03-15
304.89227294921875,304.89227294921875,305.1150023390667,298.9079240278257,300.7477686719202,1814600,2022-03-16
311.6416931152344,311.6416931152344,311.6416931152344,304.39850921376564,304.93108583541306,630800,2022-03-17
320.7441101074219,320.7441101074219,321.3347848720149,311.54485597900816,313.51059015281044,1493900,2022-03-18
316.4639892578125,316.4639892578125,321.36379962160123,312.6971525471925,318.0907974585204,831600,2022-03-21
320.50201416015625,320.50201416015625,321.8286386688077,316.31876743032296,316.31876743032296,637400,2022-03-22
315.7958984375,315.7958984375,319.0592084206238,315.2729851351548,317.67448553159915,690100,2022-03-23
319.06884765625,319.06884765625,319.0978967486365,315.08897424196437,316.97722435002083,948600,2022-03-24
320.046875,320.046875,321.1798191261535,317.587276884191,320.5019971369631,507600,2022-03-25
325.1307067871094,325.1307067871094,325.34374333196524,320.482644777019,320.71506708597883,644200,2022-03-28
328.86846923828125,328.86846923828125,331.93812791101067,326.45730591288685,329.65282428513166,514900,2022-03-29
327.6096496582031,327.6096496582031,330.2338496225997,326.48636878471433,329.54633470529376,689200,2022-03-30
326.72845458984375,326.72845458984375,334.28151445693777,326.72845458984375,330.2822551043279,1032300,2022-03-31
329.5559997558594,329.5559997558594,330.35004772166405,325.3340405158675,326.68002126385807,657300,2022-04-01
331.5411071777344,331.5411071777344,333.5455832287596,329.47853294129976,329.7303114457187,765100,2022-04-04
331.6185607910156,331.6185607910156,333.96196261903754,329.94334719655785,330.8245424084746,664000,2022-04-05
330.3113708496094,330.3113708496094,332.8678098136863,327.5128757571425,329.1687335330028,855300,2022-04-06
332.509521484375,332.509521484375,334.02013373421124,327.4547714017771,329.7013335610371,616500,2022-04-07
331.8412780761719,331.8412780761719,335.25952575828654,330.3597153029373,331.32805775737734,655300,2022-04-08
323.78472900390625,323.78472900390625,329.536686741918,321.9351909856525,328.87822082850585,1167300,2022-04-11
321.6252746582031,321.6252746582031,326.7284287173791,320.1340190148241,324.14294138022365,619900,2022-04-12
323.0972595214844,323.0972595214844,323.21345592828686,316.0186760761573,320.2115873628232,806400,2022-04-13
318.00372314453125,318.00372314453125,324.7627655394642,317.48080983452326,323.42644794248423,968700,2022-04-14
317.839111328125,317.839111328125,320.12438574478784,316.02828579109183,317.14190345412294,643900,2022-04-18
322.9809875488281,322.9809875488281,323.5619989983817,316.3090930882914,316.890104537845,946800,2022-04-19
324.4334716796875,324.4334716796875,328.5392343245742,323.37798192622245,325.04353216826524,537500,2022-04-20
319.4755859375,319.4755859375,327.85174305426267,318.99141466425976,326.0603034329798,776200,2022-04-21
312.2129821777344,312.2129821777344,319.45616470834693,311.88371974319193,315.6796351066283,1059500,2022-04-22
315.2052001953125,315.2052001953125,315.42790007402147,307.3131845891536,309.8696231649702,1376900,2022-04-25
308.9012756347656,308.9012756347656,315.2148584668907,308.15566250452116,312.89084224074753,973300,2022-04-26
309.37579345703125,309.37579345703125,314.3530890182304,307.1098751314199,307.1098751314199,976500,2022-04-27
316.26068115234375,316.26068115234375,317.8971824177444,307.7876838823868,313.2685062340438,771800,2022-04-28
306.4610290527344,306.4610290527344,315.6408965609495,305.5894972070214,313.5880152962679,1283500,2022-04-29
291.5970153808594,291.5970153808594,296.0804464011336,277.9240224322939,278.9117212576691,2997500,2022-05-02
299.62457275390625,299.62457275390625,300.57352956508214,289.582835421394,289.9314541153851,1623800,2022-05-03
307.36163330078125,307.36163330078125,308.52362670913635,293.0495306178924,301.33854104700555,1338000,2022-05-04
294.3858642578125,294.3858642578125,305.02794073360235,291.6163888577192,303.7497213181747,1247700,2022-05-05
290.9288330078125,290.9288330078125,292.9817144497433,286.02902215445863,290.2509814140569,1061700,2022-05-06
276.587646484375,276.587646484375,288.3626937015751,275.45467286535717,286.59061054765806,1261700,2022-05-09
276.016357421875,276.016357421875,280.1318130908222,272.5981095424317,277.594760441965,1180300,2022-05-10
273.2468566894531,273.2468566894531,278.9504077218241,271.61035563729547,274.35078123176964,950000,2022-05-11
276.5489807128906,276.5489807128906,277.69161797582154,268.02757700254466,269.19926336363574,925300,2022-05-12
279.8122863769531,279.8122863769531,284.0729881648383,276.9266441670376,281.12924775951996,1239500,2022-05-13
278.6502685546875,278.6502685546875,280.9064937494928,273.30499863319034,278.1660972676806,961400,2022-05-16
283.58880615234375,283.58880615234375,284.69273092635643,279.93816510518525,283.2208607791445,880200,2022-05-17
271.7170104980469,271.7170104980469,279.8413916690229,270.874556944062,279.7155023698797,831000,2022-05-18
274.4932861328125,274.4932861328125,275.726145963325,268.9793231330653,269.8044786024697,1631300,2022-05-19
280.81298828125,280.81298828125,280.8712317712703,273.5516900218727,278.6287685293595,1505900,2022-05-20
286.52099609375,286.52099609375,287.55972071073336,279.99746065982293,283.4630953396457,716300,2022-05-23
284.3174743652344,284.3174743652344,286.8802769053073,280.6285519718172,285.4241303454952,762600,2022-05-24
283.4534606933594,283.4534606933594,286.326944374099,280.9294971939234,281.9779096109564,805900,2022-05-25
290.6856689453125,290.6856689453125,292.07385480611015,284.696040084708,285.2882217222402,666600,2022-05-26
298.50030517578125,298.50030517578125,298.5682657868825,293.0543316720693,293.5785526892602,572200,2022-05-27
292.7534484863281,292.7534484863281,297.26749734919343,291.24874578178594,296.20936763136683,2883300,2022-05-31
274.12432861328125,274.12432861328125,292.19994860060945,261.59176247872296,263.69833328286455,3024000,2022-06-01
284.9872741699219,284.9872741699219,285.3076133442122,272.57119084775275,274.24090657901877,810300,2022-06-02
276.93963623046875,276.93963623046875,280.6285286924991,274.17295207125835,278.08513098574,947400,2022-06-03
276.2115173339844,276.2115173339844,281.6089635386767,276.1532738560853,278.32777603196996,565900,2022-06-06
280.92950439453125,280.92950439453125,281.3566134454731,273.7555417573754,273.7555417573754,721100,2022-06-07
275.5805358886719,275.5805358886719,281.51189071639425,275.28928886396136,278.6093153432851,566400,2022-06-08
271.2703552246094,271.2703552246094,277.07553590860414,271.0373812926005,274.1146872709181,617300,2022-06-09
265.24188232421875,265.24188232421875,268.50363543842855,263.00910714748255,265.5330997003557,915800,2022-06-10
257.59222412109375,257.59222412109375,261.9121059915212,256.5049732200007,259.9705780608935,936100,2022-06-13
250.14654541015625,250.14654541015625,258.57277268331546,249.33110692811272,258.18447287644375,1084000,2022-06-14
254.63145446777344,254.63145446777344,258.90284092750426,251.41822712559474,252.80644253769438,861300,2022-06-15
246.2246551513672,246.2246551513672,249.21461095700488,244.15692246329243,246.8944848848386,1213600,2022-06-16
248.38943481445312,248.38943481445312,251.4764579063543,243.67152013965804,244.56462143944117,1675900,2022-06-17
252.4569854736328,252.4569854736328,255.3498740276181,250.51545668917026,252.78704181194607,822900,2022-06-21
255.47605895996094,255.47605895996094,257.7379267888939,249.81648638790764,250.5445596274243,841500,2022-06-22
262.1063232421875,262.1063232421875,262.34901428222656,256.8836073204875,256.8836073204875,759800,2022-06-23
269.3870849609375,269.3870849609375,269.67830239182655,263.4945387311615,264.05759859804635,1205300,2022-06-24
269.6783447265625,269.6783447265625,271.1150867370321,267.01845968897254,269.9987135762072,760000,2022-06-27
262.68878173828125,262.68878173828125,271.48390246088894,262.164560808517,268.8628274374382,756000,2022-06-28
263.9896240234375,263.9896240234375,265.95055708022676,261.32973954411597,262.98973806311517,534900,2022-06-29
264.01873779296875,264.01873779296875,266.1253091192648,260.2424508757834,262.1063311547139,708900,2022-06-30
266.872802734375,266.872802734375,267.54263243492665,262.1257513457153,263.52365423161666,706500,2022-07-01
271.862548828125,271.862548828125,271.95963118979336,263.0868602904031,263.1742255282914,747300,2022-07-05
274.7165832519531,274.7165832519531,277.09496766718905,270.5034696917037,272.5226760514562,633500,2022-07-06
276.6095886230469,276.6095886230469,277.03672729528563,271.94021459847806,273.6487692874329,766900,2022-07-07
275.8232116699219,275.8232116699219,278.2889608076039,273.5225054663152,274.8718521757624,532800,2022-07-08
275.34759521484375,275.34759521484375,277.4832588603926,274.085583872798,275.71646075675346,611900,2022-07-11
267.39697265625,267.39697265625,277.2502219578308,266.03787926952043,275.02716396134457,796000,2022-07-12
267.6590881347656,267.6590881347656,268.3968783565126,261.76654273298595,263.0576756210432,740700,2022-07-13
267.154296875,267.154296875,268.9210650528339,262.6208154129984,264.193448542635,1081200,2022-07-14
273.3769226074219,273.3769226074219,273.42547859805643,270.22193860582496,270.7655938737534,937400,2022-07-15
272.6391906738281,272.6391906738281,276.706695924746,271.6295873915805,275.32819742636684,828200,2022-07-18
280.68682861328125,280.68682861328125,281.0654113183887,274.2797777445989,276.01742466418375,886800,2022-07-19
282.5215148925781,282.5215148925781,283.6087660986645,279.0850011962617,281.65755012628125,893400,2022-07-20
287.29766845703125,287.29766845703125,287.49180351614314,282.15260057193683,283.7252337899891,652600,2022-07-21
286.82196044921875,286.82196044921875,289.763374566767,284.4047672549536,288.26841914259546,731200,2022-07-22
282.0846252441406,282.0846252441406,286.8025542773783,280.15281412347497,286.0938858039173,1159200,2022-07-25
278.1919250488281,278.1919250488281,284.62809692408655,274.842776454118,281.5119222749651,1174600,2022-07-26
285.0357666015625,285.0357666015625,288.8023362650109,275.93971120446844,277.47350553501514,1562800,2022-07-27
297.32562255859375,297.32562255859375,298.34491299697567,285.24931497970147,287.3655735734169,960300,2022-07-28
301.1796569824219,301.1796569824219,302.42223423717303,296.1025484735529,296.3937955706003,808000,2022-07-29
298.5197448730469,298.5197448730469,299.8788089930112,295.26767848305576,298.02464559080505,831900,2022-08-01
298.5197448730469,298.5197448730469,301.7329723952173,293.2290674904213,295.61713941731404,871800,2022-08-02
300.8592529296875,300.8592529296875,301.79117826358026,295.1705593308249,300.1408672787492,798200,2022-08-03
304.1307067871094,304.1307067871094,305.3247277232786,299.78167275945503,301.3834276710237,873400,2022-08-04
301.97564697265625,301.97564697265625,303.55799746439897,298.6847418946822,300.9369220991918,482300,2022-08-05
303.7035827636719,303.7035827636719,305.87808506913206,301.3640375107496,304.8005510384209,546900,2022-08-08
301.4417724609375,301.4417724609375,303.37361390086613,300.3059946216211,301.8883454472658,322400,2022-08-09
313.1103210449219,313.1103210449219,313.32389037281825,306.42174089541146,306.69355371042735,779300,2022-08-10
308.3147277832031,308.3147277832031,315.1586038080531,307.761385057688,315.1586038080531,341200,2022-08-11
313.5277099609375,313.5277099609375,313.8577662287365,309.07190590759285,310.1397524359849,373300,2022-08-12
312.8773498535156,312.8773498535156,315.7508337672282,312.2851977980556,312.8288234843519,458300,2022-08-15
312.7704772949219,312.7704772949219,314.89645297289235,309.3436813214746,310.89690975463304,449900,2022-08-16
312.158935546875,312.158935546875,313.4791902715331,308.64477386306595,309.0330736201869,387300,2022-08-17
311.18603515625,311.18603515625,312.8691317743546,310.1061503427289,312.1881321601532,294500,2022-08-18
302.45928955078125,302.45928955078125,309.1429839264646,301.4669309409408,308.9192103852257,504700,2022-08-19
296.1744689941406,296.1744689941406,299.77414437782204,295.3183280581297,298.64559766126246,510000,2022-08-22
290.5026550292969,290.5026550292969,296.31076343416134,290.4345461440278,293.8980046890045,541700,2022-08-23
290.7458190917969,290.7458190917969,293.4698770730162,290.3955660999228,290.6096013477333,466700,2022-08-24
297.75054931640625,297.75054931640625,297.95487593042725,290.04533985346455,292.0008423390619,434400,2022-08-25
284.9669494628906,284.9669494628906,298.3927129220447,284.70428193821533,297.89656315321355,516000,2022-08-26
282.2330627441406,282.2330627441406,285.8229995544136,281.7466217637784,283.361609381381,464400,2022-08-29
279.0225830078125,279.0225830078125,284.4707288738102,277.43681007551896,284.052396683512,524800,2022-08-30
276.80438232421875,276.80438232421875,281.8341954436167,276.2303854938044,281.37693970548963,965400,2022-08-31
279.003173828125,279.003173828125,279.14910022938074,271.8816685467407,276.3083006515676,509100,2022-09-01
276.68768310546875,276.68768310546875,282.7681966656716,274.7029951662164,282.3206791808428,487200,2022-09-02
280.0928039550781,280.0928039550781,282.50556271064033,275.99697784782325,277.6411512849182,648600,2022-09-06
286.4456787109375,286.4456787109375,286.8251169932388,278.90584219552403,280.3359801157253,579000,2022-09-07
288.080078125,288.080078125,288.4595163606217,282.9821858864091,283.82858848586955,739700,2022-09-08
291.4171142578125,291.4171142578125,292.3510727660933,288.5081765725334,289.9286058236752,383500,2022-09-09
295.10430908203125,295.10430908203125,295.5031942987392,292.4775452727421,293.90768312191244,501400,2022-09-12
282.8265075683594,282.8265075683594,288.65409072453957,282.46654599191777,288.65409072453957,908700,2022-09-13
278.4486389160156,278.4486389160156,284.5680769873399,275.33543332366565,284.26648584505,535900,2022-09-14
274.65435791015625,274.65435791015625,279.5187686693457,272.89344359053024,278.39996013273355,621200,2022-09-15
272.6891174316406,272.6891174316406,273.22419068181244,269.32292417018334,271.4632765508785,1471000,2022-09-16
270.9573974609375,270.9573974609375,272.0956528675439,268.4181597946532,270.558512245544,583300,2022-09-19
263.4661865234375,263.4661865234375,269.19647606954356,260.66428145905996,268.3403351120944,824000,2022-09-20
259.46771240234375,259.46771240234375,268.4473967222897,259.45797407887346,265.6941529711604,556400,2022-09-21
248.37681579589844,248.37681579589844,259.93464564012703,246.36294262034895,258.5045076924189,1281500,2022-09-22
247.78330993652344,247.78330993652344,248.61025069942417,243.39560277542392,246.98553959995965,877100,2022-09-23
243.5318603515625,243.5318603515625,247.94873866174686,241.7709312377083,247.66660937765045,886300,2022-09-26
242.9676055908203,242.9676055908203,247.89038713989243,241.11912050671927,246.61591383509364,969300,2022-09-27
245.14683532714844,245.14683532714844,247.4525760732963,242.74381527485707,244.64094730719472,592800,2022-09-28
239.8738250732422,239.8738250732422,243.04543044313095,238.01561656873733,243.04543044313095,740600,2022-09-29
236.5173797607422,236.5173797607422,242.8411137271982,236.11849451698026,239.6500614671099,985300,2022-09-30
244.06690979003906,244.06690979003906,245.46786228657004,236.0309095771622,237.83074726826132,588500,2022-10-03
254.87567138671875,254.87567138671875,255.09941527526124,246.89802603592346,247.78335233800001,855000,2022-10-04
254.75894165039062,254.75894165039062,256.95766512178005,250.49774216913016,251.30522140445717,820200,2022-10-05
247.18016052246094,247.18016052246094,255.43018167044377,245.89594903395238,254.10707627501455,863500,2022-10-06
238.8036346435547,238.8036346435547,245.3997737582347,237.18864687695108,244.36850631492018,961800,2022-10-07
236.47848510742188,236.47848510742188,240.5937726851486,234.45488833609176,240.5937726851486,762800,2022-10-10
234.34786987304688,234.34786987304688,238.0934574486173,231.85729380788734,235.3401990319748,901800,2022-10-11
233.0539093017578,233.0539093017578,235.64177924253858,231.75997433136743,234.62025007170377,758200,2022-10-12
235.27210998535156,235.27210998535156,237.16922735294125,223.91857621392532,226.21457885611207,866700,2022-10-13
228.8705291748047,228.8705291748047,240.80779748857833,228.63703211114765,237.72376280883475,770300,2022-10-14
236.46868896484375,236.46868896484375,238.30743529210304,233.84191061804484,233.84191061804484,785700,2022-10-17
239.26089477539062,239.26089477539062,244.34907899667704,238.60906553058982,243.88208488651864,1023200,2022-10-18
235.3207550048828,235.3207550048828,238.75502803755,233.01501405984516,236.5660430529602,729800,2022-10-19
230.97190856933594,230.97190856933594,238.75496421169424,229.53203258709928,235.66119187445653,730400,2022-10-20
235.4666748046875,235.4666748046875,235.9628393764306,226.89558510249256,230.3493198393429,990300,2022-10-21
238.33663940429688,238.33663940429688,239.92244188922385,233.79328203217685,237.2081075134612,1306300,2022-10-24
250.63385009765625,250.63385009765625,251.8986144814208,233.2484539236921,234.59103580199516,1602300,2022-10-25
250.00152587890625,250.00152587890625,255.75126291614228,247.9779292367909,250.12800530810202,1156700,2022-10-26
253.92221069335938,253.92221069335938,256.5392657381579,251.04248818796898,251.9278144010796,1017400,2022-10-27
261.7927551269531,261.7927551269531,262.6683427926582,252.13204615834852,253.19248373781306,858600,2022-10-28
257.6872863769531,257.6872863769531,261.4134415808392,256.72414256399344,259.5552331399728,882600,2022-10-31
257.181396484375,257.181396484375,263.3980978437231,256.46144352042387,261.60799829093725,789500,2022-11-01
249.16482543945312,249.16482543945312,259.44819657087334,249.1453784854602,256.286329681667,939600,2022-11-02
247.7152099609375,247.7152099609375,250.09878273570047,245.14680207607157,245.50677851048542,540300,2022-11-03
251.93753051757812,251.93753051757812,253.89303296342842,247.11204380220093,251.46082780789496,577100,2022-11-04
257.2203063964844,257.2203063964844,257.51215914336376,253.06608092920428,255.66368913644988,524100,2022-11-07
259.895751953125,259.895751953125,262.6781806525374,256.986814133731,258.6407256656942,733200,2022-11-08
255.36212158203125,255.36212158203125,260.26542632113524,254.6129833127181,258.09591809288327,514500,2022-11-09
286.2802734375,286.2802734375,286.6596819874679,267.54255618362066,270.63631388952507,1585500,2022-11-10
301.95343017578125,301.95343017578125,304.3758972447705,287.2142714421596,289.18922103234115,1882100,2022-11-11
285.6382141113281,285.6382141113281,299.2585646373042,285.4922877222657,298.022985266557,1075400,2022-11-14
290.6387939453125,290.6387939453125,296.34960721803765,287.80770342385813,294.33576380154426,861900,2022-11-15
288.6930236816406,288.6930236816406,291.0182261424073,286.2608184415109,289.92860294523,801200,2022-11-16
281.941162109375,281.941162109375,283.17674112119346,277.7383348752347,283.17674112119346,845300,2022-11-17
284.4026184082031,284.4026184082031,288.33307050461593,279.7619813624675,286.56241791232037,697500,2022-11-18
284.023193359375,284.023193359375,286.095436914997,280.7737708144577,282.2622791911714,555100,2022-11-21
287.0658874511719,287.0658874511719,287.9436096960687,283.0870009705333,285.28124706004076,381600,2022-11-22
290.5766906738281,290.5766906738281,291.69818829202734,285.9151378931004,287.25118521088825,397900,2022-11-23
293.5413513183594,293.5413513183594,294.83838140360234,288.4019503332891,289.14309762712827,430400,2022-11-25
284.6571044921875,284.6571044921875,293.560841983947,284.169494279082,288.68473985289194,727400,2022-11-28
282.3555603027344,282.3555603027344,285.6127928567713,280.9804959718452,283.87690174087464,576200,2022-11-29
290.87896728515625,290.87896728515625,291.06426153524376,277.3819210174158,282.04347316734544,1354400,2022-11-30
298.4954528808594,298.4954528808594,301.21632618422154,293.20977487397136,293.20977487397136,832500,2022-12-01
294.2532958984375,294.2532958984375,296.3109968939902,290.0988469922878,293.8144347633432,479300,2022-12-02
284.0817565917969,284.0817565917969,291.06433984882517,283.30159199515407,290.020876397124,702400,2022-12-05
285.34954833984375,285.34954833984375,287.06591632699957,283.94522832038973,285.85665232855814,647400,2022-12-06
283.4770812988281,283.4770812988281,286.6758032750457,282.3750773972717,283.9354361137755,596000,2022-12-07
282.67742919921875,282.67742919921875,287.1537179490632,281.8289920379315,283.95499556734615,842700,2022-12-08
280.8342590332031,280.8342590332031,283.53560920470403,280.33688703604423,281.3511247269955,620400,2022-12-09
283.8281555175781,283.8281555175781,283.8769046333703,280.32711782866164,281.58513072520356,870200,2022-12-12
294.15570068359375,294.15570068359375,302.9424450156211,290.92772390625885,299.76321734821664,1067600,2022-12-13
290.2451477050781,290.2451477050781,297.70557927841304,287.5632910782252,292.76123349772945,1041100,2022-12-14
279.7517395019531,279.7517395019531,286.0419236575245,279.3226698606363,285.2617591588438,717900,2022-12-15
274.7781677246094,274.7781677246094,277.3527346509202,272.23282646467976,275.3535443113176,1024200,2022-12-16
271.4233703613281,271.4233703613281,274.25150379297946,269.35590771145013,272.83742219647024,525100,2022-12-19
268.068603515625,268.068603515625,272.70090067831626,268.0003309410258,270.1068106958452,583800,2022-12-20
275.42181396484375,275.42181396484375,275.5095802471663,269.7655166481917,271.29662012746076,644500,2022-12-21
272.2718505859375,272.2718505859375,274.03699754866864,268.3709680585543,273.29582034482684,446100,2022-12-22
271.9109802246094,271.9109802246094,273.67612690502347,270.0092883921174,271.49164256271365,320600,2022-12-23
269.511962890625,269.511962890625,272.00855511972964,268.3807331335915,270.94553842776116,424700,2022-12-27
266.2547302246094,266.2547302246094,272.4278935840479,265.94268223633566,269.3949418971631,395700,2022-12-28
275.91912841796875,275.91912841796875,276.06540554042783,268.8975586876229,269.1608575080492,316700,2022-12-29
271.7159118652344,271.7159118652344,272.72038771923405,268.19538039294224,272.3693226493463,432000,2022-12-30
269.61920166015625,269.61920166015625,277.840302991981,268.00033212583173,276.47500030079357,613800,2023-01-03
277.0697937011719,277.0697937011719,278.53262398514613,272.93486962210585,274.4952278772834,588600,2023-01-04
269.833740234375,269.833740234375,274.787846870104,269.06330776983907,273.5298339572159,407700,2023-01-05
282.5213623046875,282.5213623046875,282.5993668418306,268.8390212579519,271.81343157888216,572800,2023-01-06
283.5843200683594,283.5843200683594,290.3816067665486,283.20396986496934,285.0471505219608,752300,2023-01-09
289.8842468261719,289.8842468261719,290.06954107216745,282.677354209194,282.677354209194,472400,2023-01-10
299.81207275390625,299.81207275390625,300.4264665159368,291.5324590842251,292.51744144947224,769400,2023-01-11
304.6588439941406,304.6588439941406,305.14645418931735,296.6620546500611,301.98674964820884,789500,2023-01-12
306.736083984375,306.736083984375,307.19443878190106,301.2651115981911,301.36260983315606,835800,2023-01-13
305.80963134765625,305.80963134765625,309.36920998236343,304.74664457383733,306.8043753051029,1659600,2023-01-17
308.6377868652344,308.6377868652344,313.65040463444757,307.0286492712274,308.88159198416065,1811500,2023-01-18
305.2049865722656,305.2049865722656,309.3691969802453,300.58245111938254,304.51258837942936,880500,2023-01-19
312.52886962890625,312.52886962890625,314.4013058131246,305.3219768906788,307.20417480212313,2579700,2023-01-20
312.2558288574219,312.2558288574219,316.51753733368815,310.2176217497017,310.2761325940293,917400,2023-01-23
307.5455322265625,307.5455322265625,312.02182065175907,306.1509740106146,309.6032630219198,1117400,2023-01-24
307.9063720703125,307.9063720703125,308.04288746124945,299.9778248265438,303.0400016499346,1261400,2023-01-25
310.32489013671875,310.32489013671875,311.0368117771895,306.25823753870026,309.40818053554074,913300,2023-01-26
311.660888671875,311.660888671875,312.96771005671513,307.51620241957755,307.7307520748568,630100,2023-01-27
306.4143371582031,306.4143371582031,310.9295837242916,305.64390451900243,307.7991338013834,973500,2023-01-30
314.75244140625,314.75244140625,316.21527227258423,308.6963299528099,311.30015222851756,1526700,2023-01-31
315.2594909667969,315.2594909667969,318.0778922348294,310.62719402311444,312.8506953656274,1516500,2023-02-01
321.325439453125,321.325439453125,327.5863690628358,318.11698497268577,320.73056914762236,1196900,2023-02-02
316.3224792480469,316.3224792480469,317.21969512406497,310.1591088492601,314.6841160950035,1053600,2023-02-03
306.7263488769531,306.7263488769531,312.2168451957402,305.8291626601205,311.57319607773314,865200,2023-02-06
310.0128479003906,310.0128479003906,310.47117294802274,302.3963486883794,304.356551346642,834800,2023-02-07
304.25909423828125,304.25909423828125,309.40825830268363,303.40089526731856,308.6866045140894,549800,2023-02-08
299.4024658203125,299.4024658203125,307.3017283406629,298.3784664022668,307.3017283406629,865800,2023-02-09
299.1683654785156,299.1683654785156,299.62672027854916,295.92089448862777,297.1106646230958,525400,2023-02-10
305.7803649902344,305.7803649902344,305.79012671852473,299.9875530454437,300.25088161834935,588600,2023-02-13
301.411376953125,301.411376953125,306.72631029010256,301.3918534978009,305.2244922983868,695500,2023-02-14
302.7669372558594,302.7669372558594,303.1667812179066,298.08589092801736,298.08589092801736,610000,2023-02-15
295.00421142578125,295.00421142578125,298.5832838792384,294.62386113220504,297.452024488853,649500,2023-02-16
293.9802551269531,293.9802551269531,294.6043808209273,290.36216535457976,292.41013452054443,851000,2023-02-17
287.53399658203125,287.53399658203125,290.74248022556753,285.27147797425147,289.6697317683128,819600,2023-02-21
287.1147155761719,287.1147155761719,289.56252893504785,284.686425677604,288.1582088159942,858500,2023-02-22
287.89691162109375,287.89691162109375,289.91113159850374,283.00802238671764,288.4444648281909,574700,2023-02-23
282.8123779296875,282.8123779296875,283.85860710262887,279.96704158875355,281.58039846864045,550700,2023-02-24
283.27203369140625,283.27203369140625,287.4960414798396,282.44091648904936,287.4960414798396,395600,2023-02-27
283.7022399902344,283.7022399902344,287.33957482146104,281.6489005172268,282.80270106948853,832700,2023-02-28
282.8515319824219,282.8515319824219,286.3715376717967,281.97153801993,281.97153801993,465600,2023-03-01
283.8879699707031,283.8879699707031,284.1519592039209,278.47107323144746,278.81330138966774,745900,2023-03-02
291.9840087890625,291.9840087890625,292.73691681014805,285.70669187420197,286.71380183851943,708900,2023-03-03
296.73602294921875,296.73602294921875,297.4400241717561,292.0133393782024,292.10133580109317,888500,2023-03-06
286.96795654296875,286.96795654296875,297.31286091956287,286.2346232962868,296.99996490618776,806900,2023-03-07
287.5840148925781,287.5840148925781,289.16801022659655,284.8755810051007,286.83113669438995,856200,2023-03-08
288.49334716796875,288.49334716796875,296.21781617394873,287.0266803702883,289.1289266518268,1124700,2023-03-09
278.7546691894531,278.7546691894531,289.90133013230127,277.5813537340751,289.09957501491994,1162100,2023-03-10
278.9698181152344,278.9698181152344,283.2818223563529,272.04716351769395,273.9342677563593,1515200,2023-03-13
286.5084228515625,286.5084228515625,289.637323557717,282.32353531474075,283.48709321338265,896500,2023-03-14
286.28350830078125,286.28350830078125,286.59637445094535,280.71995143877905,282.3821554344767,960200,2023-03-15
291.328857421875,291.328857421875,293.64618563566245,284.02485731646374,284.71907108022583,652500,2023-03-16
287.71112060546875,287.71112060546875,293.098685887423,284.58221967756344,289.6764635522688,1673700,2023-03-17
284.96356201171875,284.96356201171875,288.7866767581495,282.02044130997155,288.7866767581495,952000,2023-03-20
290.4880065917969,290.4880065917969,291.9840054506085,287.27110923522156,288.8062275615489,776300,2023-03-21
284.36712646484375,284.36712646484375,293.90046075306475,284.30846217945384,290.0578008629639,844000,2023-03-22
283.9173278808594,283.9173278808594,287.6719909578284,282.3919969383223,284.3280076758854,676400,2023-03-23
286.224853515625,286.224853515625,286.87994781112036,278.79373763390487,281.0035246042613,569100,2023-03-24
286.6648254394531,286.6648254394531,290.0577148557087,285.11994998324803,289.8328451081963,703400,2023-03-27
287.45684814453125,287.45684814453125,288.24884567142834,285.51108012652566,286.557309396666,540600,2023-03-28
292.8932800292969,292.8932800292969,293.32350457790693,290.0381860315089,290.98663153557123,517100,2023-03-29
294.25244140625,294.25244140625,297.205319498507,292.2773410737427,295.86576874195526,448700,2023-03-30
299.2195739746094,299.2195739746094,299.4053541576456,294.3111397939879,296.423143580548,641500,2023-03-31
297.5377197265625,297.5377197265625,299.03371830112087,294.5359650919789,297.4008463753807,937500,2023-04-03
297.1856994628906,297.1856994628906,303.39459263361016,295.67015625465115,299.1705866191986,743400,2023-04-04
296.1200256347656,296.1200256347656,297.28358365475196,293.60712941752377,296.491585989304,584200,2023-04-05
291.9840087890625,291.9840087890625,296.1102323965343,289.5786836990307,295.30844742005326,564500,2023-04-06
289.08978271484375,289.08978271484375,290.1751017303524,284.5137898548327,288.52265489100233,492600,2023-04-10
292.6684265136719,292.6684265136719,293.538633144793,290.2141949532546,290.2141949532546,415000,2023-04-11
291.55377197265625,291.55377197265625,297.078210474919,291.1626668276076,295.92443985323206,786000,2023-04-12
297.1466979980469,297.1466979980469,297.25426908359833,291.02582863163605,292.7173653022991,622000,2023-04-13
295.60174560546875,295.60174560546875,299.26841178423643,294.15462394472905,297.0977442128297,520200,2023-04-14
296.6186218261719,296.6186218261719,297.3128654613419,293.1377356825664,294.4577415146397,446500,2023-04-17
298.54486083984375,298.54486083984375,298.88708901284514,295.5626507024206,298.05597197538697,632200,2023-04-18
296.4035949707031,296.4035949707031,298.8675844371062,295.91470604042706,296.9511481854594,736100,2023-04-19
296.002685546875,296.002685546875,297.60622563002374,293.53866638190937,293.53866638190937,604500,2023-04-20
296.84356689453125,296.84356689453125,297.24445938429864,293.1671127166928,297.195582428717,522200,2023-04-21
295.9244079589844,295.9244079589844,297.8799633128708,293.95909511912504,297.4693133986224,748300,2023-04-24
299.6400451660156,299.6400451660156,309.51557794524564,298.5546961958234,299.9333665961146,1142100,2023-04-25
298.14404296875,298.14404296875,301.9377960611171,297.19559723580505,299.913818536501,989600,2023-04-26
304.47998046875,304.47998046875,305.3013101847672,298.6524335278231,301.3901992478805,730100,2023-04-27
306.16180419921875,306.16180419921875,306.45515546608834,302.1529089339695,304.225823099178,578300,2023-04-28
306.3182373046875,306.3182373046875,307.9608968971776,304.9884737791702,305.291582519234,560600,2023-05-01
298.97509765625,298.97509765625,304.2355468272707,297.32265083964586,303.79556473490857,598400,2023-05-02
293.5582275390625,293.5582275390625,302.15287256251366,293.27466363371286,300.2071043693074,700200,2023-05-03
292.99114990234375,292.99114990234375,294.6533843142629,289.8622784391152,292.72716060420265,947200,2023-05-04
297.8702392578125,297.8702392578125,298.87734918451883,296.26666936473674,296.61865504502555,873700,2023-05-05
299.1412353515625,299.1412353515625,299.80611685590964,297.3518859085286,298.9359104421552,494200,2023-05-08
299.1315612792969,299.1315612792969,300.7546760410534,297.3422409982282,297.8604620491966,584500,2023-05-09
303.67822265625,303.67822265625,304.0791151437734,300.295119749072,301.89868969916546,1072100,2023-05-10
302.0844421386719,302.0844421386719,304.44086021334425,301.74221396470176,304.19641578042393,846200,2023-05-11
302.82757568359375,302.82757568359375,304.3920262430678,301.0578001265089,303.1502590906805,630500,2023-05-12
304.1670837402344,304.1670837402344,307.0710847978413,303.0035556914138,303.99109090993295,725000,2023-05-15
300.5982360839844,300.5982360839844,303.9324621201247,300.2071309134021,302.9546842739631,871600,2023-05-16
302.6026611328125,302.6026611328125,304.44085819105976,299.89419773682556,303.0524305313639,876200,2023-05-17
307.9350280761719,307.9350280761719,308.1506769171403,301.9067021809747,302.8379198837555,452400,2023-05-18
308.797607421875,308.797607421875,311.66963463055595,306.7783637947489,308.8662297572225,589800,2023-05-19
315.02197265625,315.02197265625,315.8355391610133,308.6897826612213,308.6897826612213,700100,2023-05-22
306.6019592285156,306.6019592285156,313.61050194806097,305.68055322978995,312.0617429655916,695800,2023-05-23
302.91632080078125,302.91632080078125,305.768754565545,302.17134664654,304.8179433106238,639900,2023-05-24
303.5436096191406,303.5436096191406,304.8472841997752,302.3869315940977,304.39639305560905,542800,2023-05-25
306.8078308105469,306.8078308105469,307.10188385856725,302.92618100747717,303.64172006227346,764300,2023-05-26
307.33709716796875,307.33709716796875,313.29680046903127,306.7881783078907,309.00344730969357,698000,2023-05-30
310.6110534667969,310.6110534667969,310.72867467730606,304.6905365891843,306.8568069862966,2860600,2023-05-31
317.2666931152344,317.2666931152344,318.52136906002875,310.2875263888668,310.2875263888668,750700,2023-06-01
320.52093505859375,320.52093505859375,323.17734290790594,318.57031409242234,319.334881649691,917200,2023-06-02
322.29522705078125,322.29522705078125,323.89298499878555,319.40360584124335,319.92311947643753,694000,2023-06-05
324.1477966308594,324.1477966308594,324.8535537070921,321.844281874139,321.844281874139,561600,2023-06-06
321.0013427734375,321.0013427734375,325.6083428427883,319.8642879283564,324.8633985685768,542600,2023-06-07
326.6473693847656,326.6473693847656,327.2943159287885,318.35474534563014,320.2759615008929,603400,2023-06-08
328.8430480957031,328.8430480957031,331.5680488180966,326.049425037757,327.26488394716245,1017400,2023-06-09
328.95086669921875,328.95086669921875,330.72505625230485,326.36311057598795,329.08811137413966,595000,2023-06-12
332.09735107421875,332.09735107421875,334.07740762562645,328.86264846469015,328.86264846469015,1500600,2023-06-13
333.9696044921875,333.9696044921875,336.3319301945305,331.9699840758471,332.0973871119778,467500,2023-06-14
341.41925048828125,341.41925048828125,343.07581897874275,333.7343557328179,334.36167881804073,572900,2023-06-15
335.0870666503906,335.0870666503906,344.11485359044053,334.99885074185,343.4581251889141,1243300,2023-06-16
333.4598388671875,333.4598388671875,334.6262988440095,331.6464324391491,331.6464324391491,728700,2023-06-20
331.8424987792969,331.8424987792969,332.68547060174905,327.53933403112825,331.5092287624786,764800,2023-06-21
329.1958923339844,329.1958923339844,330.39175761172766,326.41208117726757,329.5193805175278,845100,2023-06-22
330.6074523925781,330.6074523925781,331.5386701245669,325.0594228680432,326.9512337195189,934300,2023-06-23
328.13726806640625,328.13726806640625,330.75442923370355,327.5687257741939,329.93105100613633,525200,2023-06-26
332.12677001953125,332.12677001953125,332.90114949216024,329.0881225582705,330.28398798019236,379800,2023-06-27
334.8321838378906,334.8321838378906,334.98902208309835,330.5976409587923,332.0679658545484,563200,2023-06-28
337.6355285644531,337.6355285644531,338.0177973799215,333.68525793086064,335.11636540412326,384500,2023-06-29
340.8409118652344,340.8409118652344,344.026615763984,339.1549381438042,340.3213982721456,1037200,2023-06-30
339.5372314453125,339.5372314453125,339.7234450725569,335.0380110727297,338.9686890839618,333000,2023-07-03
340.09588623046875,340.09588623046875,340.4389679658066,336.17502048679404,337.68456217398165,655700,2023-07-05
335.44970703125,335.44970703125,336.3809247139921,331.89151618875695,335.75357176691637,957300,2023-07-06
332.85211181640625,332.85211181640625,337.6257612092507,332.09732599437183,332.9599212687926,812400,2023-07-07
335.3320617675781,335.3320617675781,337.7727912156257,333.4108458542428,333.4108458542428,467500,2023-07-10
332.54827880859375,332.54827880859375,335.8025750443792,331.3426016741102,335.047819064224,746200,2023-07-11
340.3409423828125,340.3409423828125,341.35056412131706,336.1848342419907,337.44932182779047,892800,2023-07-12
343.5757141113281,343.5757141113281,344.82057836663887,340.90952388637095,342.35044341812784,728400,2023-07-13
346.1634521484375,346.1634521484375,346.7515880331686,343.2816132357053,344.29123503752413,572800,2023-07-14
349.3589782714844,349.3589782714844,350.0451118965886,344.99700273216155,347.24170696960306,665100,2023-07-17
352.32904052734375,352.32904052734375,352.76033820416706,348.1141213111028,348.54538907409085,585000,2023-07-18
352.4270935058594,352.4270935058594,354.2405002437319,350.64309207016476,351.92717345499705,720000,2023-07-19
351.7507019042969,351.7507019042969,353.85816142586697,350.1431324632786,350.43721536567256,747900,2023-07-20
350.701904296875,350.701904296875,352.50549930441923,349.59425471998634,352.4368769610741,2170100,2023-07-21
349.8197326660156,349.8197326660156,352.1722467093393,348.30037886752814,350.143191007514,1001600,2023-07-24
354.54437255859375,354.54437255859375,356.0048857876133,344.87942088106576,347.5357996138646,1119300,2023-07-25
352.14276123046875,352.14276123046875,354.60311410335015,347.22208539853824,353.7601123974038,1005900,2023-07-26
344.43829345703125,344.43829345703125,351.799699098233,340.958506901772,351.799699098233,1309300,2023-07-27
346.4673767089844,346.4673767089844,350.0157562774558,344.4775380602308,348.4670270968921,668500,2023-07-28
345.7713928222656,345.7713928222656,347.8984759274413,343.26204081246675,347.73182594953573,698000,2023-07-31
345.38909912109375,345.38909912109375,346.3399103984604,342.7915311717424,343.51691178098775,569700,2023-08-01
336.8710021972656,336.8710021972656,342.88951567479614,335.42027107512143,341.2133539128912,1059900,2023-08-02
331.36224365234375,331.36224365234375,335.2733286289133,330.0389750376852,334.4401384506855,890000,2023-08-03
333.3226013183594,333.3226013183594,336.5377101690673,329.6076024053679,331.6562512543591,802500,2023-08-04
335.635986328125,335.635986328125,335.6653916310375,332.4992810862161,335.36152686299585,547700,2023-08-07
331.1367492675781,331.1367492675781,333.16580462676535,327.0884502867507,333.16580462676535,582700,2023-08-08
331.0975646972656,331.0975646972656,334.13624216523294,330.2643745975886,330.6466734334006,499600,2023-08-09
332.57763671875,332.57763671875,335.2340148346961,330.6662027388092,332.33258261433866,515300,2023-08-10
330.0389404296875,330.0389404296875,332.0679660525248,328.8136696824936,331.00934528903736,359500,2023-08-11
332.0777587890625,332.0777587890625,332.7345170340661,329.1371091640644,330.146731005427,350500,2023-08-14
326.1572265625,326.1572265625,331.2445525582402,325.08879417395764,330.11730957317866,469200,2023-08-15
325.0006103515625,325.0006103515625,328.90188315071543,324.38306911333655,324.677152038787,512600,2023-08-16
322.7507019042969,322.7507019042969,327.1326360675043,322.5149118994424,325.73750522748895,682300,2023-08-17
321.29656982421875,321.29656982421875,321.97449602152193,317.356772194876,318.9680537480328,658600,2023-08-18
319.0957946777344,319.0957946777344,322.44611745778406,317.4550093342763,321.45378458628414,517100,2023-08-21
321.2867736816406,321.2867736816406,323.71354564424263,319.10562629021916,320.5302308129851,592000,2023-08-22
328.81268310546875,328.81268310546875,330.10955793145973,321.6993758067166,322.86855105386,392500,2023-08-23
325.2462158203125,325.2462158203125,332.73284738284815,325.13812542581474,329.6183148645521,443100,2023-08-24
328.576904296875,328.576904296875,329.7853880184013,325.3051981005771,327.4568718091535,487000,2023-08-25
328.87164306640625,328.87164306640625,331.59315236734363,328.4491460404,328.5768756075554,369100,2023-08-28
331.87811279296875,331.87811279296875,332.5068961204626,328.16427037756785,328.22321787753697,414100,2023-08-29
332.89984130859375,332.89984130859375,334.76661181589935,331.5931319369445,331.9173431398917,380600,2023-08-30
330.9053955078125,330.9053955078125,334.04940187175697,330.22746932298367,332.8900611436458,698100,2023-08-31
333.3813171386719,333.3813171386719,337.02637729183095,332.290728477493,333.744836697909,409500,2023-09-01
332.3791198730469,332.3791198730469,334.4227328632615,329.86392694929407,332.870368959459,550200,2023-09-05
334.717529296875,334.717529296875,335.788448895927,331.4065146684315,332.0353280018951,536500,2023-09-06
336.1323547363281,336.1323547363281,337.0657402289483,332.4381510815017,333.00801695598733,559500,2023-09-07
333.823486328125,333.823486328125,337.08538836609756,333.38138001734364,336.5057178807577,537400,2023-09-08
333.8135986328125,333.8135986328125,335.41507549907476,331.84860222924465,335.2676767820347,521000,2023-09-11
333.2732238769531,333.2732238769531,335.37578452963106,331.2885882007024,331.7994764980183,458200,2023-09-12
337.19342041015625,337.19342041015625,338.1857232804334,333.0079681585251,333.8234285351055,553300,2023-09-13
342.75433349609375,342.75433349609375,344.3263367312814,338.03835377399855,340.21950114174786,557600,2023-09-14
335.2186279296875,335.2186279296875,340.8286853386535,335.0123116632537,337.9696114270426,933600,2023-09-15
337.389892578125,337.389892578125,338.9324220244846,333.9020357889242,334.5406536538313,361200,2023-09-18
334.7273254394531,334.7273254394531,337.64534639115055,332.2219669383903,336.72179565334284,332500,2023-09-19
329.9720458984375,329.9720458984375,336.93795494863747,329.80500800187593,335.79825337150567,371800,2023-09-20
318.5946960449219,318.5946960449219,329.41201134875354,318.2606502386598,327.82036898454805,663500,2023-09-21
318.5456237792969,318.5456237792969,321.9155860035626,318.1919087735166,318.6045712830151,387600,2023-09-22
317.1602783203125,317.1602783203125,318.96807161992314,316.07952417829824,317.5434670548094,417100,2023-09-25
309.909423828125,309.909423828125,315.1756301759227,309.60485176141395,314.0064548294637,1051700,2023-09-26
309.00555419921875,309.00555419921875,313.43660120471225,307.43355090079456,311.13755874894787,951600,2023-09-27
312.8863830566406,312.8863830566406,314.1341750186025,309.58520334181924,309.58520334181924,603500,2023-09-28
310.6365051269531,310.6365051269531,316.6002471054361,309.81118015774877,315.3131767127867,730400,2023-09-29
310.6855773925781,310.6855773925781,313.9278094110752,308.2096927593693,308.4454827291611,652200,2023-10-02
302.4129638671875,302.4129638671875,309.5852194264116,301.5483905518154,308.8483457035544,537200,2023-10-03
308.98590087890625,308.98590087890625,309.4083979628355,302.4129844255099,303.83761904660247,896700,2023-10-04
308.49462890625,308.49462890625,309.3887059493946,306.14647358132726,308.05252266522353,596200,2023-10-05
311.55999755859375,311.55999755859375,313.141835291337,305.3702707380383,306.6966493377191,643700,2023-10-06
312.79791259765625,312.79791259765625,313.78041068916934,309.1430184978892,309.63426754364576,437700,2023-10-09
316.23675537109375,316.23675537109375,319.056520983169,311.92360298431066,312.51307803783243,845900,2023-10-10
319.8228454589844,319.8228454589844,320.3239292017932,317.11117045803377,318.7224521271819,575600,2023-10-11
314.33062744140625,314.33062744140625,321.660085263662,312.59161650161076,321.660085263662,545100,2023-10-12
311.844970703125,311.844970703125,315.57848242811355,309.2413560688974,314.6745707521988,453900,2023-10-13
315.7946472167969,315.7946472167969,319.41023411325506,313.09277663137533,314.7236975811203,498000,2023-10-16
315.7749328613281,315.7749328613281,319.17436842503867,312.84710725361924,313.7509888566218,390200,2023-10-17
308.52410888671875,308.52410888671875,313.56433002049295,308.4848305423687,313.4071266926858,526300,2023-10-18
306.1268005371094,306.1268005371094,310.97053983936655,304.98712891907377,308.87781370802185,548700,2023-10-19
304.18145751953125,304.18145751953125,306.15625856992426,302.44241646578644,304.94780493837027,1334900,2023-10-20
303.64105224609375,303.64105224609375,307.26647294939374,301.78414626683514,301.8037854364984,708800,2023-10-23
300.2612609863281,300.2612609863281,306.22503226582194,297.75590256573935,304.57444248323486,1543100,2023-10-24
308.7599182128906,308.7599182128906,319.27263178971157,306.8145608298267,313.43658962398774,1442000,2023-10-25
304.6629333496094,304.6629333496094,309.7129896518016,304.57451208927756,306.66723853421433,832600,2023-10-26
296.6850280761719,296.6850280761719,305.9106719952269,295.7123643039649,305.3015278153207,805800,2023-10-27
300.9588928222656,300.9588928222656,302.3638582249713,293.62943376102953,299.44583701286837,779000,2023-10-30
302.6094970703125,302.6094970703125,304.10288379427243,298.6598644285741,300.85081659781133,730500,2023-10-31
307.4040222167969,307.4040222167969,309.46727430330304,301.85291373375344,303.287352619873,1000000,2023-11-01
321.10992431640625,321.10992431640625,321.64048182371664,311.98253618244803,313.40714080775683,1365200,2023-11-02
325.61956787109375,325.61956787109375,330.2667651852925,323.46789440625986,324.22440722908004,950900,2023-11-03
327.60418701171875,327.60418701171875,327.86945071936765,323.94929267790167,325.44267907858773,643700,2023-11-06
329.99169921875,329.99169921875,332.55603537311566,326.23854851677316,328.1347930231812,655000,2023-11-07
332.8016662597656,332.8016662597656,333.38133666973437,328.92078590783404,329.6380204744746,534000,2023-11-08
333.9315185546875,333.9315185546875,337.13447252637997,331.88790535163747,334.0494135503504,887500,2023-11-09
338.5393981933594,338.5393981933594,338.9913389515975,332.8900337732571,335.98489698062025,762200,2023-11-10
337.4980163574219,337.4980163574219,339.050350551045,336.17163759390985,336.70219509600867,744000,2023-11-13
345.02392578125,345.02392578125,346.9790877161448,338.5689050427552,342.13537850968976,1125800,2023-11-14
344.5621643066406,344.5621643066406,347.7061408629023,344.24775765597394,344.6211118057071,839400,2023-11-15
347.3819580078125,347.3819580078125,348.52165972202005,346.00646627806924,346.72367090314737,960300,2023-11-16
350.42767333984375,350.42767333984375,351.40033703850224,347.1068243691711,348.3742255572813,865800,2023-11-17
354.7898864746094,354.7898864746094,355.54642922656194,349.54335004153194,350.2311107281318,1312600,2023-11-20
357.4328308105469,357.4328308105469,358.2679602717351,354.49517080661985,355.3696085909193,1006900,2023-11-21
358.929443359375,358.929443359375,362.98594742529366,358.3485434437689,359.29376402749295,1276500,2023-11-22
356.79290771484375,356.79290771484375,359.333116607665,355.65078874032224,359.333116607665,425100,2023-11-24
355.7294921875,355.7294921875,356.61564009391583,353.84896686297327,355.78856470831965,800100,2023-11-27
355.611328125,355.611328125,357.2162016312341,352.9628000773607,354.7055294895074,727400,2023-11-28
356.3104553222656,356.3104553222656,358.45683723794633,355.84770050126446,357.6396172118707,922300,2023-11-29
359.3330993652344,359.3330993652344,359.56941951738975,353.1499245564625,354.8729433492404,1882000,2023-11-30
365.3292236328125,365.3292236328125,365.46707956730575,356.13322923014255,358.387930945146,937600,2023-12-01
368.1746520996094,368.1746520996094,368.607870649992,362.818522792209,363.074523766634,998200,2023-12-04
369.86810302734375,369.86810302734375,370.10439310844913,363.5273921098279,367.59372085552394,883600,2023-12-05
367.6725158691406,367.6725158691406,372.34928121909127,367.23929730664327,371.07919184214836,890700,2023-12-06
366.8848571777344,366.8848571777344,369.927212463813,365.7328828232662,368.42080295231654,866600,2023-12-07
368.8343200683594,368.8343200683594,372.48714163006747,364.28555515445083,366.2547195360261,1282200,2023-12-08
371.7684020996094,371.7684020996094,372.9794490642725,366.26459101765323,368.74572743018416,858600,2023-12-11
374.70245361328125,374.70245361328125,374.8402794962738,372.13267845676603,372.5265053258271,813900,2023-12-12
384.79443359375,384.79443359375,385.2276521778752,374.3480005292326,375.9331935409326,952300,2023-12-13
385.5820617675781,385.5820617675781,390.7905098216891,384.459653726519,388.6244170448198,855600,2023-12-14
383.0615234375,383.0615234375,387.0293882437918,380.70838775687645,387.0293882437918,1182100,2023-12-15
384.9618225097656,384.9618225097656,385.5131861920636,381.3779585748289,383.74095007711543,665700,2023-12-18
384.5088806152344,384.5088806152344,387.0294086123394,383.35690623475364,384.27259050521326,772400,2023-12-19
376.553466796875,376.553466796875,387.60048005944446,376.10053736014464,385.0700966453002,894300,2023-12-20
380.1767578125,380.1767578125,380.3244391440101,375.06677341278566,377.8728388997432,661000,2023-12-21
381.60430908203125,381.60430908203125,383.455328198682,379.4481019716167,382.66767455405045,477500,2023-12-22
382.3329772949219,382.3329772949219,383.3372403487173,379.6943041399625,380.42288537230047,253300,2023-12-26
384.19378662109375,384.19378662109375,384.8830061346625,380.5016036135375,382.0769410395073,347200,2023-12-27
384.60736083984375,384.60736083984375,386.20237924295344,383.79014076359147,384.3907515476273,294100,2023-12-28
384.5384216308594,384.5384216308594,387.38387861146964,382.7464748155518,384.6073495961553,578600,2023-12-29
375.9233703613281,375.9233703613281,382.5889818005313,373.7671326930187,380.07830892228657,736100,2024-01-02
369.4447937011719,369.4447937011719,374.05263123549423,367.82020901602675,373.4421950724512,791000,2024-01-03
368.7161560058594,368.7161560058594,372.75294878940673,368.55861925780664,370.0650287301745,640400,2024-01-04
365.9593505859375,365.9593505859375,370.73458013831214,364.6892311685492,368.5684873371123,738400,2024-01-05
369.9075622558594,369.9075622558594,370.83307197190254,366.2744513602798,367.3377869664434,846300,2024-01-08
367.318115234375,367.318115234375,369.3364968720936,365.6344579162471,366.75689612833236,835800,2024-01-09
370.7838134765625,370.7838134765625,370.86259688027496,366.79626751673004,369.2774038865075,698800,2024-01-10
370.9905700683594,370.9905700683594,371.01028094296544,365.3095414515367,370.6952074199185,984400,2024-01-11
373.93450927734375,373.93450927734375,374.14126314116425,370.074933552652,373.9935818098639,475000,2024-01-12
375.8445739746094,375.8445739746094,376.0513278234048,370.13397918710524,370.69519825232845,667700,2024-01-16
375.4015197753906,375.4015197753906,377.7842220455252,373.166528880683,373.166528880683,536200,2024-01-17
377.2919006347656,377.2919006347656,378.5226283507623,373.25510771688386,375.38180881577375,500900,2024-01-18
380.87579345703125,380.87579345703125,382.14591297095114,377.4790027274735,379.51706514638187,582200,2024-01-19
382.79571533203125,382.79571533203125,384.42026992452725,381.1317690390384,381.6338855203523,681000,2024-01-22
383.809814453125,383.809814453125,384.0559599864749,379.32994771791954,384.0559599864749,434400,2024-01-23
383.927978515625,383.927978515625,386.0448241978584,383.5144407784094,385.44424348933074,450300,2024-01-24
386.5469665527344,386.5469665527344,386.72418413231486,383.4553641115346,385.4442393281491,413600,2024-01-25
383.2879333496094,383.2879333496094,386.67489781708315,382.9433236418553,386.32043267431783,417700,2024-01-26
385.2374572753906,385.2374572753906,385.3556323760712,379.71396568934773,382.72678474483723,649100,2024-01-29
390.3966979980469,390.3966979980469,391.14496003854345,384.96178502029244,385.9562226580178,716400,2024-01-30
385.9955749511719,385.9955749511719,393.2026930884135,385.46389220392035,391.24338432419904,614600,2024-01-31
396.3337097167969,396.3337097167969,396.3337097167969,384.961767780235,385.94634993679983,652600,2024-02-01
393.4390563964844,393.4390563964844,396.9540220909676,388.26014436641873,393.8328832703418,682700,2024-02-02
390.8692626953125,390.8692626953125,393.153500521384,387.1180070636043,390.44589957714476,727800,2024-02-05
391.9129333496094,391.9129333496094,392.139398072933,388.6835049300663,391.44035312293653,401000,2024-02-06
398.6081237792969,398.6081237792969,400.0357499915575,393.1830660503369,395.4869848741852,779400,2024-02-07
391.8636474609375,391.8636474609375,394.4432475688544,387.33456411906263,394.03956533140087,720900,2024-02-08
398.9231872558594,398.9231872558594,399.09054940520724,390.0127002269096,391.86371958928373,939500,2024-02-09
394.9060363769531,394.9060363769531,401.33535637751,394.8174275923678,401.31567555217816,1026600,2024-02-12
363.5372619628906,363.5372619628906,379.8616200662901,360.1207608518013,372.5953993135307,2001900,2024-02-13
360.8296813964844,360.8296813964844,365.9002735192608,357.8857603013271,364.29539978833884,1422700,2024-02-14
367.4854431152344,367.4854431152344,369.9173623008374,362.3065612823106,362.3065612823106,1262400,2024-02-15
365.043701171875,365.043701171875,369.75000282262374,363.10407306210885,366.4516464876221,985700,2024-02-16
369.5334167480469,369.5334167480469,370.2619979969345,362.57241303929607,363.76374914689853,964900,2024-02-20
370.0650634765625,370.0650634765625,371.2071824718847,366.0381257513756,368.0466819188088,719100,2024-02-21
376.8641662597656,376.8641662597656,379.16345916882227,372.8478270572869,375.4629075949535,790300,2024-02-22
380.4266052246094,380.4266052246094,381.43314447912445,377.8806087055891,377.8806087055891,549100,2024-02-23
375.1076354980469,375.1076354980469,381.8969188742376,374.8806876106648,380.7818145252481,536700,2024-02-26
372.69000244140625,372.69000244140625,374.70308102577906,370.7657033751308,374.70308102577906,548000,2024-02-27
374.85107421875,374.85107421875,376.351050462879,371.62420394621006,372.12748861919204,538500,2024-02-28
374.4169006347656,374.4169006347656,378.7786007125464,373.37085031369656,375.9069689760979,1690200,2024-02-29
377.0023498535156,377.0023498535156,378.59110560472755,372.53208457650163,373.40048553263836,617200,2024-03-01
377.456298828125,377.456298828125,379.4299265344158,372.6406424063483,374.002450342116,795100,2024-03-04
377.456298828125,377.456298828125,379.8147983924236,375.28529630513754,375.7984587824812,796100,2024-03-05
383.9002380371094,383.9002380371094,384.47257688976794,378.2556609168594,378.2556609168594,816800,2024-03-06
386.41656494140625,386.41656494140625,389.2783492785928,384.03836999773046,387.8079761226479,672100,2024-03-07
381.9068603515625,381.9068603515625,388.0152408541692,381.2160785695694,386.9494649685324,493400,2024-03-08
379.77532958984375,379.77532958984375,381.6502699479373,377.82142725647077,380.8509531104597,411000,2024-03-11
383.8015441894531,383.8015441894531,385.6172782523544,379.9430980125984,382.24239139163933,337400,2024-03-12
383.8902893066406,383.8902893066406,386.1106203316091,381.97586814701003,384.2060769467206,339900,2024-03-13
378.3542785644531,378.3542785644531,386.8112799662851,375.97605371845077,383.1797823341811,457100,2024-03-14
379.0944519042969,379.0944519042969,380.8016508849261,373.7261815892621,373.7261815892621,1153100,2024-03-15
379.0154724121094,379.0154724121094,384.03838170356454,378.58130199868583,380.801633290972,797900,2024-03-18
382.09429931640625,382.09429931640625,384.65014333696183,379.5384251806847,380.31801648210364,689900,2024-03-19
385.0646667480469,385.0646667480469,385.6370357091183,381.3838699524033,383.46603295190255,568000,2024-03-20
390.40325927734375,390.40325927734375,390.5710308690924,385.8737876821258,388.8046257866981,732600,2024-03-21
382.52850341796875,382.52850341796875,392.75187959743624,382.4692668859458,392.2781981474167,495200,2024-03-22
381.47265625,381.47265625,383.1897027977923,379.92335120058016,381.6206723118493,728500,2024-03-25
385.7652893066406,385.7652893066406,386.8310350300285,381.2160617296903,383.34758329163526,736200,2024-03-26
385.09423828125,385.09423828125,390.7782958578549,382.3508969038244,389.6039849333109,470000,2024-03-27
387.8474426269531,387.8474426269531,390.3243550040997,386.00210556317,387.13693545700346,566200,2024-03-28
388.6961364746094,388.6961364746094,392.90982093138507,387.4033825764539,388.80467154691706,698200,2024-04-01
386.0415954589844,386.0415954589844,390.06778277151216,383.4561178397938,390.06778277151216,1181500,2024-04-02
387.26519775390625,387.26519775390625,388.9131598829552,385.3112956506421,386.06128375162217,623400,2024-04-03
386.4067077636719,386.4067077636719,397.07416310861345,386.0317136809915,390.3934140480756,892600,2024-04-04
387.2948303222656,387.2948303222656,388.5974318231889,382.6666709875245,385.7652809110691,619700,2024-04-05
390.8473815917969,390.8473815917969,393.0578350513036,387.16655496934175,388.2816594747725,698900,2024-04-08
392.6433410644531,392.6433410644531,395.77152381631413,389.1105309423743,395.77152381631413,398800,2024-04-09
379.390380859375,379.390380859375,386.5645356222076,378.97593597621415,384.5218240668524,591500,2024-04-10
378.4924011230469,378.4924011230469,381.62061395590223,376.5089259672312,379.74567385712254,661600,2024-04-11
372.18670654296875,372.18670654296875,377.0122104963053,370.90383049898224,375.26556086426757,624400,2024-04-12
368.6144714355469,368.6144714355469,379.5384783853751,367.065166389961,376.93330535776363,771600,2024-04-15
365.84149169921875,365.84149169921875,370.29200146843954,365.40729121707517,368.07167041368285,900000,2024-04-16
370.4598083496094,370.4598083496094,373.3906468256402,368.34801215666863,370.055211038387,576000,2024-04-17
369.66046142578125,369.66046142578125,374.95964679825875,364.5487730875213,372.21630559491126,789600,2024-04-18
369.7295837402344,369.7295837402344,371.4071493309719,366.4434765302874,371.02230756301503,820300,2024-04-19
374.2590637207031,374.2590637207031,375.453100153301,369.857851874794,371.63413503209733,504900,2024-04-22
377.1306457519531,377.1306457519531,378.6207141217355,372.1274925244137,374.00243273408404,572200,2024-04-23
376.1832580566406,376.1832580566406,377.45625621573214,372.6208749042369,376.2622200204725,582500,2024-04-24
370.2327880859375,370.2327880859375,375.90696734136975,367.71642498394294,374.98923775030505,897800,2024-04-25
371.17034912109375,371.17034912109375,373.99262266385836,367.06519932829474,370.00591584604433,718500,2024-04-26
369.6802062988281,369.6802062988281,373.0156419900765,367.124361995309,371.55514662442164,966200,2024-04-29
365.4467468261719,365.4467468261719,369.2459860366217,364.58822362562415,367.4105267961634,1116100,2024-04-30
367.9729919433594,367.9729919433594,372.63072391065646,364.6868853069894,364.9829173845157,944500,2024-05-01
371.43670654296875,371.43670654296875,372.6702237871438,355.3022949661252,363.9763966594112,1346800,2024-05-02
375.5418701171875,375.5418701171875,377.89049185965484,372.91694170591035,375.9760706131983,793000,2024-05-03
382.5877685546875,382.5877685546875,382.8443196953866,376.8346265407328,377.48592734128454,781300,2024-05-06
388.7750244140625,388.7750244140625,389.33751549384704,383.66333628361684,384.85737251995783,753600,2024-05-07
390.71905517578125,390.71905517578125,391.47889095408743,388.53820512791964,389.6236762068807,550800,2024-05-08
396.2353820800781,396.2353820800781,396.82747644015,388.8145524306649,390.462514770925,560400,2024-05-09
395.0709228515625,395.0709228515625,398.71226829336564,394.6367223571622,397.9425547105957,667300,2024-05-10
392.2388000488281,392.2388000488281,397.45902390003795,392.1993190605568,395.9985586008706,354300,2024-05-13
396.7978515625,396.7978515625,397.1234868794161,389.45595417488903,394.1630453558687,749700,2024-05-14
404.4949645996094,404.4949645996094,408.59023578585624,398.18924017098993,399.06748878008136,808300,2024-05-15
407.431884765625,407.431884765625,409.8743809540589,404.168644432525,404.168644432525,541500,2024-05-16
409.3107604980469,409.3107604980469,409.72606664120406,404.8114094288695,409.1030772487221,875000,2024-05-17
407.9757995605469,407.9757995605469,409.60741981223237,406.46283821040254,407.5209002009762,420400,2024-05-20
408.35162353515625,408.35162353515625,410.64576633101757,405.78056969767715,407.7978618074224,485600,2024-05-21
410.46771240234375,410.46771240234375,413.09809527786626,407.86699425114966,408.5493130884495,820900,2024-05-22
402.4875793457031,402.4875793457031,411.0313822920597,402.02281186814326,410.7149384397324,707800,2024-05-23
406.0277404785156,406.0277404785156,406.9276107300039,401.79540193059415,403.5160163797324,498500,2024-05-24
401.2811584472656,401.2811584472656,405.3058437678196,399.2342320896643,405.1772865683418,545900,2024-05-28
395.4271240234375,395.4271240234375,399.96600826122807,395.3381298436081,396.4555515088247,656100,2024-05-29
391.0959167480469,391.0959167480469,395.2985909482471,390.6014844891998,394.8535898441847,704100,2024-05-30
392.5693054199219,392.5693054199219,394.27015355499503,389.2862982382453,390.73003194825816,2244100,2024-05-31
397.1773986816406,397.1773986816406,397.4147466695381,391.06622364830804,393.77570257334105,660100,2024-06-03
401.973388671875,401.973388671875,402.8732589197518,396.63352681362835,397.27628265418394,611500,2024-06-04
405.5431823730469,405.5431823730469,405.6816378804335,398.5914665434732,402.4282654120739,482300,2024-06-05
402.2898254394531,402.2898254394531,406.90780532222414,401.389955207438,406.146390592556,577600,2024-06-06
399.2045593261719,399.2045593261719,402.32934418745697,397.60257369310716,399.0760021292828,631500,2024-06-07
397.38507080078125,397.38507080078125,398.47282777898454,395.30847950700604,397.8300718938756,562300,2024-06-10
398.82879638671875,398.82879638671875,399.0760124863072,394.4382360438081,395.54575934152496,485600,2024-06-11
407.4714660644531,407.4714660644531,411.76313397930136,401.4196207082363,403.55557145356227,744600,2024-06-12
406.0475158691406,406.0475158691406,407.3330577615448,403.3083722050205,406.4232891888011,481300,2024-06-13
403.5753479003906,403.5753479003906,403.8423606112793,397.78061680354995,402.8534961774637,462000,2024-06-14
407.71868896484375,407.71868896484375,408.4405708596269,402.31949765004344,402.8930257387669,437600,2024-06-17
415.4021911621094,415.4021911621094,416.1735042748038,407.4121791787555,407.6593953068979,809000,2024-06-18
418.0028991699219,418.0028991699219,419.26864450714066,413.2563616997888,415.41207904043887,761700,2024-06-20
417.1920471191406,417.1920471191406,418.8829969186868,415.07586266099327,418.15121668758735,1037300,2024-06-21
420.9002990722656,420.9002990722656,424.0152162028864,415.8372874973072,418.3094487402998,534500,2024-06-24
422.76922607421875,422.76922607421875,422.91754970931714,418.3588989833837,421.30569579316756,528100,2024-06-25
414.9868469238281,414.9868469238281,419.5257309991063,413.04868110663625,419.5257309991063,933400,2024-06-26
414.729736328125,414.729736328125,416.01527819508055,411.6939152822789,414.8385271079643,526100,2024-06-27
416.24273681640625,416.24273681640625,420.09930242419443,414.02768993967675,414.7495719061379,923600,2024-06-28
416.7964782714844,416.7964782714844,422.82855760975315,413.6518964809234,419.3082024899272,668400,2024-07-01
421.26611328125,421.26611328125,421.8594077517029,413.4639590395973,416.29212678565193,401500,2024-07-02
421.2463684082031,421.2463684082031,422.5912397877814,420.7025050175881,420.8705950789423,195500,2024-07-03
427.446533203125,427.446533203125,427.96073182473305,418.5368553438872,421.246334130345,536900,2024-07-05
427.683837890625,427.683837890625,429.3055899346495,425.88409750354776,427.9607187057334,499100,2024-07-08
431.095458984375,431.095458984375,432.43040181851137,428.0299732253913,430.94710517813996,375100,2024-07-09
432.4205322265625,432.4205322265625,432.4501969521593,425.97311687121925,431.97553116486336,573400,2024-07-10
438.3141784667969,438.3141784667969,438.8481737329728,434.1609356014265,435.14980007625286,637100,2024-07-11
441.0138244628906,441.0138244628906,446.1658003371937,438.94710116727,439.85683965700906,786400,2024-07-12
441.72576904296875,441.72576904296875,444.57367335580227,441.0236535441144,443.3277246494841,673800,2024-07-15
447.32269287109375,447.32269287109375,447.56004085187317,443.68367906177764,446.28439730508,770900,2024-07-16
450.9715881347656,450.9715881347656,453.1372035397776,443.0211402527106,445.97783509011,908800,2024-07-17
443.8320007324219,443.8320007324219,452.14835405815944,443.4760240294423,446.5711744672513,847000,2024-07-18
437.2165222167969,437.2165222167969,446.35361965594825,436.61329923772587,446.35361965594825,1314800,2024-07-19
445.344970703125,445.344970703125,445.35486900431516,438.5811416157573,440.68742768243163,1222800,2024-07-22
446.85797119140625,446.85797119140625,452.57360651035617,435.1003583851786,445.2164525816233,1449600,2024-07-23
428.9792785644531,428.9792785644531,447.5501514653156,426.2104702147683,445.9778606334144,1281900,2024-07-24
432.3414306640625,432.3414306640625,442.33886624496853,431.0658172133934,431.11524836627245,1073200,2024-07-25
443.7528991699219,443.7528991699219,447.57979956663587,434.79379012680573,435.1992281518337,884300,2024-07-26
445.1471862792969,445.1471862792969,446.96669309001527,441.2510582660183,444.909868488517,567900,2024-07-29
452.959228515625,452.959228515625,453.9381946231012,445.6416379287213,449.7058561620896,1009000,2024-07-30
451.3968505859375,451.3968505859375,457.5080255845189,448.9048928825467,457.4981272832363,918500,2024-07-31
455.74786376953125,455.74786376953125,456.6279374592785,451.66384866200207,453.49325397511006,1086200,2024-08-01
455.4610900878906,455.4610900878906,456.74663202662936,444.8703598902174,451.50563214300064,1283800,2024-08-02
435.2684631347656,435.2684631347656,447.81712480641045,434.3389281697924,447.81712480641045,1326100,2024-08-05
444.0198669433594,444.0198669433594,450.526611373903,438.0669143215337,438.0669143215337,879900,2024-08-06
446.02728271484375,446.02728271484375,456.8256954145412,445.4834193572046,447.16450093531176,713800,2024-08-07
454.6600646972656,454.6600646972656,455.95547462445865,444.99887054171063,446.19538799507865,630000,2024-08-08
459.7527160644531,459.7527160644531,460.11859106227496,452.8998930476791,454.8083940879501,649000,2024-08-09
455.451171875,455.451171875,459.82196599123324,454.4128762809576,459.6241810315357,581200,2024-08-12
459.2978515625,459.2978515625,461.72058142671926,456.8157922481792,459.07040188527947,893100,2024-08-13
460.95916748046875,460.95916748046875,461.8293730440669,456.69716402135595,459.21878653102107,807100,2024-08-14
461.9183654785156,461.9183654785156,464.54874858480974,459.83187593628816,461.3843702160089,528100,2024-08-15
462.3641662597656,462.3641662597656,463.5529789143645,459.3822485102008,462.25517715392596,429700,2024-08-16
465.6927795410156,465.6927795410156,467.53543607784593,463.0477153003015,463.5529651984706,479800,2024-08-19
469.1205139160156,469.1205139160156,470.1111810306223,466.10887742243824,467.43636772807986,601800,2024-08-20
471.0325012207031,471.0325012207031,472.3897103507265,467.0301975527915,468.51619824687754,527900,2024-08-21
475.5202331542969,475.5202331542969,476.22359836733085,470.7452102238429,470.7452102238429,990000,2024-08-22
474.9060363769531,474.9060363769531,479.0470179229508,471.2009508076672,477.60065230900557,520100,2024-08-23
475.3320007324219,475.3320007324219,478.7002629810562,474.32153112766014,477.4322102439434,453700,2024-08-26
479.66119384765625,479.66119384765625,480.86980893062173,472.4095033498634,475.15367059229305,515900,2024-08-27
478.026611328125,478.026611328125,484.07960324256607,476.28302749645746,479.8791540328909,612300,2024-08-28
478.5516662597656,478.5516662597656,482.01900124998286,477.52136396892774,478.95784341512245,596600,2024-08-29
483.1879577636719,483.1879577636719,483.61396759011745,476.20376685837726,479.9484872567189,822600,2024-08-30
477.4718322753906,477.4718322753906,485.605200852466,475.7480811638191,484.17863778331673,793100,2024-09-03
479.9682922363281,479.9682922363281,481.7217923472964,476.03534265122886,477.5015408388432,577400,2024-09-04
479.3343200683594,479.3343200683594,482.2468839899754,476.38212099445417,479.5720705165687,551200,2024-09-05
471.0028076171875,471.0028076171875,482.32612625611574,469.49700438373964,480.0277711370928,689100,2024-09-06
477.7492370605469,477.7492370605469,482.52426001911977,474.2026619364683,474.6286415586479,778200,2024-09-09
479.6216125488281,479.6216125488281,481.4741552976757,474.8763083952221,479.1758002344717,687700,2024-09-10
474.1233825683594,474.1233825683594,477.39260226769755,463.24584649508085,477.39260226769755,764100,2024-09-11
474.28192138671875,474.28192138671875,475.41129650498493,469.1403562067461,471.82505585010074,860400,2024-09-12
472.50860595703125,472.50860595703125,477.868118986221,471.09195915673916,475.5994826968549,743200,2024-09-13
480.3150634765625,480.3150634765625,481.8902206371306,474.10359125099063,474.4404144583358,954000,2024-09-16
478.2247619628906,478.2247619628906,480.7806698955013,475.7084589485057,480.4636491531236,613000,2024-09-17
480.14666748046875,480.14666748046875,484.4362429964059,476.2731552428932,477.9275524757445,619500,2024-09-18
485.5358581542969,485.5358581542969,487.8837646749081,482.52425181206377,486.43736888089205,697900,2024-09-19
490.0434265136719,490.0434265136719,490.4793224876031,483.21771519265707,483.9706319172223,1466200,2024-09-20
474.529541015625,474.529541015625,489.3994638647316,473.14261312183913,484.6739624476134,957900,2024-09-23
474.9060363769531,474.9060363769531,475.06454675328126,467.62462657593255,472.94450448175076,810600,2024-09-24
471.70611572265625,471.70611572265625,476.31271151633706,470.4083442895125,475.80749187278155,545200,2024-09-25
469.6059265136719,469.6059265136719,473.4695221761247,466.86178951696735,470.8244579364596,592100,2024-09-26
469.0709533691406,469.0709533691406,472.79587132266687,468.5855361668338,470.051734351953,582600,2024-09-27
470.16070556640625,470.16070556640625,472.2411125681158,467.04011018022254,468.85301771015895,1366200,2024-09-30
467.0004577636719,467.0004577636719,472.4590430758181,464.62286280652313,472.4590430758181,1137400,2024-10-01
465.8017883300781,465.8017883300781,470.0814776615647,463.9591317153705,467.8029250834967,717600,2024-10-02
463.26568603515625,463.26568603515625,467.594896660641,462.1462273139598,466.96085517039216,576100,2024-10-03
456.23193359375,456.23193359375,465.2073754009466,454.6171413295675,464.97951107654114,1308900,2024-10-04
453.25,453.25,459.66953368176326,452.3881244615884,457.5197727757076,1022300,2024-10-07
466.6042175292969,466.6042175292969,467.2976966123601,458.272703350577,459.35252689272403,1049100,2024-10-08
468.6252136230469,468.6252136230469,469.78427729906406,464.44459689334434,466.62404656052587,1086600,2024-10-09
465.0191650390625,465.0191650390625,469.0115525376238,463.41428905577044,467.5949057358549,556100,2024-10-10
470.67584228515625,470.67584228515625,470.8541853441904,466.6141312671658,467.1787885503632,527500,2024-10-11
474.9654846191406,474.9654846191406,475.70848501887866,470.35888818731775,470.6164411009476,459200,2024-10-14
482.6331787109375,482.6331787109375,484.7433044195393,476.5108634386279,476.5108634386279,752900,2024-10-15
485.4665222167969,485.4665222167969,485.7835127171667,478.2346341269589,480.4240302219306,587800,2024-10-16
481.57318115234375,481.57318115234375,489.5877047906072,480.38439874316003,485.56559868565085,703500,2024-10-17
483.9012451171875,483.9012451171875,484.4461301640017,479.44324314953275,482.9105780132642,656000,2024-10-18
482.4152526855469,482.4152526855469,484.5947324444383,479.45316766880194,482.09826218378555,886200,2024-10-21
463.36474609375,463.36474609375,471.0027811760695,460.16488039044856,471.0027811760695,1254000,2024-10-22
464.48419189453125,464.48419189453125,468.6450060754797,461.23480480666876,465.61356697295764,695000,2024-10-23
462.5821228027344,462.5821228027344,466.2971246261816,459.1643090320581,461.66080960638243,796000,2024-10-24
458.4807434082031,458.4807434082031,465.3262570199592,456.93530507794327,464.11764189165217,481700,2024-10-25
457.8269348144531,457.8269348144531,463.6322298473976,457.0046641431375,462.73071910587396,455200,2024-10-28
456.20220947265625,456.20220947265625,459.54075283502976,454.498260814284,455.70687591188243,675000,2024-10-29
454.67657470703125,454.67657470703125,458.94634759229785,452.9726260446613,455.0827518557501,565600,2024-10-30
449.8025207519531,449.8025207519531,455.4790241661852,449.71336433648355,452.9825538347503,688200,2024-10-31
452.100830078125,452.100830078125,455.25117448064293,450.6940997052071,451.72440196995393,582600,2024-11-01
454.1317443847656,454.1317443847656,454.2902547610689,449.9313252273984,451.6649927877144,542100,2024-11-04
457.8863525390625,457.8863525390625,457.8863525390625,454.1317157089171,454.4091012917418,454500,2024-11-05
456.8362731933594,456.8362731933594,472.0727088693647,446.23612238339285,469.69511370839695,1335400,2024-11-06
461.22491455078125,461.22491455078125,462.2353841649588,456.4399752623906,459.83798658050944,741100,2024-11-07
472.7265319824219,472.7265319824219,474.87629294850063,463.2359542166807,464.80119497352314,720000,2024-11-08
473.98468017578125,473.98468017578125,476.21368112297745,471.9042732451794,474.3413058156077,704300,2024-11-11
471.0423889160156,471.0423889160156,475.6291520505917,470.04180550170634,473.6973694054346,530600,2024-11-12
474.9456481933594,474.9456481933594,478.51202567084255,471.4881993555575,471.90429285207006,911700,2024-11-13
477.5906982421875,477.5906982421875,482.89077326964593,476.34244802266824,480.83016877289157,857200,2024-11-14
468.89263916015625,468.89263916015625,475.2329025059774,467.96140967453056,474.519620990025,653000,2024-11-15
467.53546142578125,467.53546142578125,469.22949380245683,463.44400122196816,466.4457215043551,525100,2024-11-18
464.40496826171875,464.40496826171875,467.9515435311409,463.6025302492815,465.13805231437414,545000,2024-11-19
470.16070556640625,470.16070556640625,474.00449883508156,459.24356477123195,468.1298500604286,934000,2024-11-20
473.4596252441406,473.4596252441406,474.94562586749305,469.85358255308057,473.0435317671875,723600,2024-11-21
477.0224609375,477.0224609375,479.57301893917645,473.40999322182375,474.3131101507428,436000,2024-11-22
490.291259765625,490.291259765625,491.0157461470471,479.68215753125617,480.49595917286024,1204000,2024-11-25
495.8786926269531,495.8786926269531,497.4169504717512,488.7728742121336,491.6509216273261,721300,2024-11-26
497.0894775390625,497.0894775390625,500.13625186017765,493.7251176244841,498.3498556119189,559700,2024-11-27
496.1962585449219,496.1962585449219,498.8261977979101,494.46940593494173,494.46940593494173,507200,2024-11-29
493.6457214355469,493.6457214355469,496.4344535917791,489.9042628143762,495.72983518548506,734000,2024-12-02
489.9538879394531,489.9538879394531,494.8664397719577,489.09047671369115,494.14195331442113,398600,2024-12-03
494.42974853515625,494.42974853515625,494.81678135536697,487.4727889190922,489.0606865426017,500000,2024-12-04
487.4430236816406,487.4430236816406,493.2388243413162,485.745973027845,492.24639209918075,529000,2024-12-05
491.0157470703125,491.0157470703125,493.0502208915221,488.5048949072771,488.5048949072771,642200,2024-12-06
486.8078308105469,486.8078308105469,489.05073726952077,483.5923601810727,487.54225123189906,412100,2024-12-09
487.74072265625,487.74072265625,489.91415160664724,482.1235527453874,486.3215518728589,445400,2024-12-10
493.7647705078125,493.7647705078125,497.11919604872855,486.2024423074224,488.72322846976107,540000,2024-12-11
490.99591064453125,490.99591064453125,494.9855075833593,490.76767061560037,493.0403186106795,328000,2024-12-12
485.3192138671875,485.3192138671875,492.76245583229695,483.1358810627329,491.25396969722124,406300,2024-12-13
485.49786376953125,485.49786376953125,488.98128033592525,485.11080065847165,486.5299714924333,465700,2024-12-16
481.95489501953125,481.95489501953125,483.9794653595456,478.6104030676545,483.06641433196904,574500,2024-12-17
466.5324401855469,466.5324401855469,485.24972686238124,465.81788780398597,481.4685626768875,776900,2024-12-18
458.593017578125,458.593017578125,470.79001848561796,458.3052037436054,466.17521455216655,828900,2024-12-19
462.8207702636719,462.8207702636719,467.59436680253543,454.07744485845177,458.59299932928127,1592300,2024-12-20
470.1746826171875,470.1746826171875,471.62362512999005,460.9252073653141,461.5305764618192,638600,2024-12-23
476.74462890625,476.74462890625,477.37976982358873,471.4847195907605,471.4847195907605,183600,2024-12-24
477.5484619140625,477.5484619140625,478.4019390848757,474.13449265755406,474.13449265755406,347300,2024-12-26
473.15203857421875,473.15203857421875,477.9157015552876,470.9091318582616,474.2635579173595,305000,2024-12-27
469.9464416503906,469.9464416503906,472.5069035266552,465.74844233399784,468.7356730951638,299900,2024-12-30
469.78765869140625,469.78765869140625,473.35048690545653,468.40819358548424,473.0726070813883,297200,2024-12-31
469.2616271972656,469.2616271972656,476.5361720192012,466.68129747831625,471.2663292927265,428000,2025-01-02
475.52386474609375,475.52386474609375,476.35750412844675,469.2814579618553,471.31596206756154,412300,2025-01-03
469.55938720703125,469.55938720703125,476.1987307834124,469.202095864797,475.0971455753303,552600,2025-01-06
460.48858642578125,460.48858642578125,470.0854200767634,459.0495474785486,469.559432170113,719700,2025-01-07
468.5272521972656,468.5272521972656,469.7776961864223,458.81133238527934,459.5953623110986,507700,2025-01-08
449.38323974609375,449.38323974609375,462.29479286799307,446.04868196043185,460.1610696113385,1131500,2025-01-10
454.41485595703125,454.41485595703125,454.78205102143374,447.07086380910056,447.170082798789,637600,2025-01-13
459.07928466796875,459.07928466796875,460.43894225507177,455.9035197244172,457.3425282766642,393100,2025-01-14
467.782958984375,467.782958984375,470.89918057953247,463.6742748273636,468.1898598516126,681900,2025-01-15
475.3750305175781,475.3750305175781,476.0399734270905,463.3070511606489,470.69074925591894,557100,2025-01-16
472.2489013671875,472.2489013671875,478.4118972788074,471.7229134759644,478.4118972788074,768400,2025-01-17
481.0815124511719,481.0815124511719,481.24030523872284,474.03523772256574,474.03523772256574,731400,2025-01-21
480.9624328613281,480.9624328613281,481.4884207278157,478.2630160045211,481.3693337069699,413300,2025-01-22
482.4411315917969,482.4411315917969,483.1556839804098,475.5139742856659,478.84853190810827,517100,2025-01-23
485.9444274902344,485.9444274902344,487.62164035469505,479.8211376908389,479.8211376908389,500400,2025-01-24
492.3357238769531,492.3357238769531,492.72278700194767,476.1193841310438,483.6321037247374,612400,2025-01-27
489.2690734863281,489.2690734863281,494.23123447503326,487.9193802349813,491.25393788181015,638300,2025-01-28
486.609375,486.609375,489.2889238309484,483.493123281239,486.0932908604392,732800,2025-01-29
495.42218017578125,495.42218017578125,499.2926598064332,492.4448834927216,492.4448834927216,646900,2025-01-30
495.66033935546875,495.66033935546875,501.9523558559291,494.4595048762329,495.5809278191234,535800,2025-01-31
492.71282958984375,492.71282958984375,494.61831279427395,483.36410467325,488.5148303609974,584700,2025-02-03
489.3981018066406,489.3981018066406,493.67548221967854,487.65141142088174,490.84704435666646,567600,2025-02-04
492.08758544921875,492.08758544921875,494.13199338751843,487.92929204883546,493.0403118945847,854200,2025-02-05
499.0346374511719,499.0346374511719,501.07904549804556,492.2861101509364,493.20906489035787,1621600,2025-02-06
499.49114990234375,499.49114990234375,502.43867495881284,496.67264588697117,497.8735107413089,829100,2025-02-07
500.4140930175781,500.4140930175781,501.67447099304957,494.2312295836571,501.5950897441318,847900,2025-02-10
508.71087646484375,508.71087646484375,509.1574225211825,500.50344232896697,503.073838236144,1004600,2025-02-11
501.6149597167969,501.6149597167969,508.37342092787105,494.04269679054653,505.2174936362898,1184900,2025-02-12
523.4880981445312,523.4880981445312,524.0935277998511,503.6196171372935,514.1890136197288,1386200,2025-02-13
518.88330078125,518.88330078125,527.904475952554,518.3969581004577,526.068500531603,779800,2025-02-14
515.64794921875,515.64794921875,518.297726282507,504.79073832185014,518.2481167862168,1044800,2025-02-18
515.34033203125,515.34033203125,515.9158991438208,509.4353478206664,514.744836316276,655400,2025-02-19
507.7481994628906,507.7481994628906,514.7150934686068,503.93726313296577,514.0997902993951,830400,2025-02-20
496.4939880371094,496.4939880371094,507.7283279961812,495.2336100253963,503.9173919193857,1348200,2025-02-21
497.1589050292969,497.1589050292969,503.53030256626505,493.72506793300755,500.3545378111485,827200,2025-02-24
499.0381164550781,499.0381164550781,502.4982841159256,494.225718197491,501.72273295754513,999700,2025-02-25
495.4984130859375,495.4984130859375,504.45704689731826,494.12627712553024,496.7910185653136,915100,2025-02-26
490.03973388671875,490.03973388671875,501.3051159219317,489.47297679223885,496.97991391934784,1038200,2025-02-27
501.0664978027344,501.0664978027344,501.0764504919062,491.173221330301,496.2143190829563,869500,2025-02-28
499.1375732421875,499.1375732421875,504.4371679893869,495.54817219075574,502.1204671061846,1189700,2025-03-03
478.5555725097656,478.5555725097656,495.91603588619887,475.8908613902795,495.0112211458044,1103400,2025-03-04
479.4305725097656,479.4305725097656,483.01005115563237,474.42925509487395,477.75020656689435,801900,2025-03-05
467.5487060546875,467.5487060546875,475.08547068257883,464.60556246352036,471.36680629731046,1098700,2025-03-06
458.8784484863281,458.8784484863281,465.3612600818146,450.774896062514,465.0331551152951,1245400,2025-03-07
447.7224426269531,447.7224426269531,455.8955731763568,443.79495349732946,451.6698067923471,1198400,2025-03-10
441.31915283203125,441.31915283203125,448.52781299657795,438.65444159848903,448.4085020971008,1050400,2025-03-11
439.5989990234375,439.5989990234375,446.89714223932435,434.38888754383055,444.9483267791268,1116700,2025-03-12
435.3035888671875,435.3035888671875,440.47394985162936,432.9968409042413,438.6146177173837,725000,2025-03-13
444.2920837402344,444.2920837402344,446.7778285671381,438.3461711905974,440.02653712106945,873900,2025-03-14
451.00360107421875,451.00360107421875,454.16546125576167,441.89582825996354,441.89582825996354,975100,2025-03-17
447.53350830078125,447.53350830078125,452.4850926158823,444.0136851014026,449.37296555618457,611800,2025-03-18
457.6852722167969,457.6852722167969,459.68382074195983,446.4198901567864,448.18973923712133,1004600,2025-03-19
457.16827392578125,457.16827392578125,459.2364003603699,453.648450601899,455.1001171476266,778100,2025-03-20
456.8699645996094,456.8699645996094,457.25775537288405,450.3573250324773,453.5291379847781,1091200,2025-03-21
466.474853515625,466.474853515625,468.2049524945042,459.3755822913321,463.5615679523335,910900,2025-03-24
474.51873779296875,474.51873779296875,475.64229931686526,466.4350907093531,469.1197072769565,754800,2025-03-25
467.41949462890625,467.41949462890625,478.11812044690316,464.5161311254378,475.4832368226055,649200,2025-03-26
466.3058776855469,466.3058776855469,469.1694303799743,462.6667434367271,467.2106924887717,526700,2025-03-27
458.74920654296875,458.74920654296875,468.62257819493095,457.5958172457564,465.8882587518645,535600,2025-03-28
463.03460693359375,463.03460693359375,465.66949038782775,453.4396379470469,455.96513284997656,866500,2025-03-31
466.10699462890625,466.10699462890625,467.31008665954266,459.74349377882385,460.4394841419278,674200,2025-04-01
468.2049865722656,468.2049865722656,469.2291122696223,459.82303160769175,460.7178937137256,638800,2025-04-02
439.86749267578125,439.86749267578125,455.94527382767507,439.14164423537943,452.5050113542232,1164800,2025-04-03
400.13531494140625,400.13531494140625,428.5722422525775,398.29585767344327,426.1063724239536,2309200,2025-04-04
395.7305603027344,395.7305603027344,413.2898646850331,376.5505455044267,389.4267153200441,2384200,2025-04-07
394.43798828125,394.43798828125,417.42615082846083,388.48212323849754,413.9162804621991,1311500,2025-04-08
436.0891418457031,436.0891418457031,437.6700719725142,383.4112246133995,387.14979468046425,2532700,2025-04-09
420.6178283691406,420.6178283691406,429.2781543543436,405.5144412375826,427.6375689311721,1330400,2025-04-10
425.987060546875,425.987060546875,428.3037917470589,410.0683711089647,417.6846666519712,883800,2025-04-11
435.1744079589844,435.1744079589844,436.7056049927282,430.5310230657436,434.48833992892315,743300,2025-04-14
432.5693054199219,432.5693054199219,438.7637924920532,431.5750074827713,435.3036247470859,777000,2025-04-15
423.2626953125,423.2626953125,434.10053686164656,417.9034148154544,429.79524010406925,635000,2025-04-16
422.4373779296875,422.4373779296875,428.7810031869443,419.3451261229501,427.99552971803894,953300,2025-04-17
410.9433288574219,410.9433288574219,420.85648059068694,404.430689449926,416.6108392858488,1215900,2025-04-21
427.4188537597656,427.4188537597656,429.178780546405,406.6678604541537,418.58948313258765,1095600,2025-04-22
428.313720703125,428.313720703125,446.4397834121157,426.99131776935377,440.63308697511025,1147900,2025-04-23
437.0734558105469,437.0734558105469,438.6544161676605,427.0012436117839,430.86904664890733,974100,2025-04-24
436.11895751953125,436.11895751953125,437.2623940816392,431.05798464695164,434.309327986559,691300,2025-04-25
437.2723693847656,437.2723693847656,440.69275690220246,432.18156852445964,437.4215080147421,618400,2025-04-28
444.451171875,444.451171875,446.4994231702497,435.24396339198887,436.8646738625213,673000,2025-04-29
450.5362854003906,450.5362854003906,451.8487659860267,435.8803432248178,440.79217755965976,838000,2025-04-30
449.283447265625,449.283447265625,454.175406423473,447.8516861651154,448.140010716923,624600,2025-05-01
462.0999450683594,462.0999450683594,464.04876043947513,455.48787015868675,455.48787015868675,733600,2025-05-02
462.0303649902344,462.0303649902344,465.2419582984423,458.3117003601997,459.26621789779193,555700,2025-05-05
460.2804260253906,460.2804260253906,464.27749290986037,456.4225450769785,457.9139920203193,457500,2025-05-06
465.2021789550781,465.2021789550781,467.5089574911712,460.89688216476,461.284642588226,827700,2025-05-07
468.98052978515625,468.98052978515625,476.258767754633,466.70357897201205,466.70357897201205,775600,2025-05-08
467.9862365722656,467.9862365722656,470.43220107014776,465.95786022731744,468.781662806898,613100,2025-05-09
484.28277587890625,484.28277587890625,484.7500971472705,475.0855194847574,481.98594995282576,918600,2025-05-12
481.93621826171875,481.93621826171875,488.1107999038162,481.92626557248934,483.9645641892512,477400,2025-05-13
476.31842041015625,476.31842041015625,483.5569082663362,475.0954533525649,482.8907456327921,612100,2025-05-14
484.55120849609375,484.55120849609375,485.8239086632727,475.44346594121157,476.31842265200015,570500,2025-05-15
487.05169677734375,487.05169677734375,487.63946262117577,482.8875066552895,485.11902855759496,504900,2025-05-16
490.2396240234375,490.2396240234375,491.4350691869735,480.48662656617034,482.1503265149047,551500,2025-05-19
485.14892578125,485.14892578125,488.7353220705987,481.9809550599113,486.2348013906822,382900,2025-05-20
470.99267578125,470.99267578125,484.6309237993092,470.7237074486023,482.27982986140415,624100,2025-05-21
469.9765319824219,469.9765319824219,473.6027552376364,467.00778685856153,470.4945551896791,495200,2025-05-22
467.8744812011719,467.8744812011719,470.6340286683147,465.035249551152,466.9181189956158,363600,2025-05-23
479.4206848144531,479.4206848144531,480.0981372117306,472.0287528048831,473.1046565380991,609400,2025-05-27
476.7010192871094,476.7010192871094,481.2437779332516,475.9737680819698,477.926349857401,663100,2025-05-28
479.8191833496094,479.8191833496094,480.5065468471523,475.176796746429,478.48422244124947,422600,2025-05-29
477.5079345703125,477.5079345703125,480.42685038759464,473.9813090532944,480.07816748468446,1422100,2025-05-30
478.1156311035156,478.1156311035156,478.7532261949312,467.7948113794362,473.82192736707555,504100,2025-06-02
480.24755859375,480.24755859375,480.8253525471506,472.696197492274,474.5491816367525,633000,2025-06-03
483.6844787597656,483.6844787597656,486.5237104038459,479.5900312242085,482.59860315737546,565800,2025-06-04
485.6968688964844,485.6968688964844,488.03799082773196,482.8177799166889,485.9558652958389,511400,2025-06-05
487.1015319824219,487.1015319824219,491.7140026850304,485.60720274685116,488.9246002728475,373100,2025-06-06
483.7143859863281,483.7143859863281,487.9981482540826,480.68590047118585,486.80267264396326,485900,2025-06-09
483.1863708496094,483.1863708496094,485.2186671418251,481.61235741689165,484.46153059326883,631500,2025-06-10
481.71197509765625,481.71197509765625,486.71298593442503,480.57627029922264,483.32584578830966,482000,2025-06-11
479.1915588378906,479.1915588378906,479.490412531632,469.19947831437867,477.25889054581137,490200,2025-06-12
470.0960693359375,470.0960693359375,475.3959644492613,468.73125346551467,473.4433523113798,471900,2025-06-13
475.11700439453125,475.11700439453125,478.93251159878463,472.2976862609767,474.86794952630515,564000,2025-06-16
469.4485168457031,469.4485168457031,473.8318764804414,468.342697412954,471.27158511845494,417000,2025-06-17
468.7312316894531,468.7312316894531,474.26023757682105,468.0637512688201,470.1060194198574,528100,2025-06-18
468.2231750488281,468.2231750488281,472.44713609077513,465.961767680089,471.4608884933147,799300,2025-06-20
474.4694519042969,474.4694519042969,474.6687079658447,466.131099525811,468.78104705292304,693500,2025-06-23
487.1513366699219,487.1513366699219,487.8088451897657,476.45194894293275,478.96241114416745,693100,2025-06-24
479.8291320800781,479.8291320800781,488.00808593494236,478.08574789699725,487.00192487992246,621400,2025-06-25
479.71954345703125,479.71954345703125,482.389404403329,476.5814581326569,480.5463922597421,832300,2025-06-26
486.18499755859375,486.18499755859375,490.6779571970877,480.7157622751632,481.13415743664854,866500,2025-06-27
499.6937561035156,499.6937561035156,500.3114073548069,484.65083494850745,487.071671539695,1123600,2025-06-30
500.58038330078125,500.58038330078125,502.0747125447989,493.2183066321953,495.220717547885,813500,2025-07-01
495.2406311035156,495.2406311035156,501.20797615725155,495.03143352192427,497.7710371365679,694400,2025-07-02
503.1506042480469,503.1506042480469,503.17051769269887,493.35778021230084,495.1210777334792,485200,2025-07-03
500.4707946777344,500.4707946777344,503.84799343873306,496.55565926629896,502.2938934219464,630300,2025-07-07
497.1334533691406,497.1334533691406,502.7720594942939,495.92803626390787,500.34128143603823,536400,2025-07-08
500.3213806152344,500.3213806152344,500.59034894732577,496.72501225216394,498.8967939638116,441000,2025-07-09
503.8081359863281,503.8081359863281,506.63739576989803,497.4522505955293,499.2155481980402,617300,2025-07-10
497.6415100097656,497.6415100097656,500.2914574449115,496.864460040227,499.67380623863795,455700,2025-07-11
501.516845703125,501.516845703125,501.855556692719,494.5731944109307,496.485918870074,547200,2025-07-14
493.4075927734375,493.4075927734375,502.0448292159252,493.2780793740767,499.1956256366073,467000,2025-07-15
498.3388977050781,498.3388977050781,499.4845440640633,489.56220623173505,495.0314416268998,704700,2025-07-16
500.5305480957031,500.5305480957031,502.75212849002196,495.2804823593336,498.01011401703914,880900,2025-07-17
498.0101013183594,498.0101013183594,501.0983877207374,494.0551088512745,500.90910359141,1949000,2025-07-18
498.2691650390625,498.2691650390625,503.8081432077593,497.36260161619424,501.09842486318615,771600,2025-07-21
497.2330627441406,497.2330627441406,498.71742004287637,490.9070629561463,497.21314929930463,987800,2025-07-22
505.9599609375,505.9599609375,511.8575633104551,478.7731224626152,482.45914674736684,1243800,2025-07-23
511.1502990722656,511.1502990722656,516.5198760611211,505.4319783673724,507.6933857276756,847000,2025-07-24
511.01080322265625,511.01080322265625,514.2584885120629,510.05441061580615,510.98088745162374,688500,2025-07-25
505.5813903808594,505.5813903808594,513.7603742705007,505.0832806366418,509.3968976445955,459200,2025-07-28
508.5700378417969,508.5700378417969,510.78161587215135,503.74833927036656,508.7692938960549,849300,2025-07-29
510.6820373535156,510.6820373535156,517.9544275729351,508.4804007619598,509.6260471112921,1155800,2025-07-30
513.7802124023438,513.7802124023438,519.0303081048839,507.38450087089177,508.74931658639275,1260500,2025-07-31
499.3849182128906,499.3849182128906,508.2612377566873,494.3141645201614,508.2612377566873,1115700,2025-08-01
517.8847045898438,517.8847045898438,518.6219581266369,500.1221235328553,502.8119284571535,886300,2025-08-04
513.8998413085938,513.8998413085938,520.1661013241574,512.5749130585245,518.9407099049905,841000,2025-08-05
515.523681640625,515.523681640625,516.2808182396155,509.02834101403715,514.9160022983256,621100,2025-08-06
512.1166381835938,512.1166381835938,521.2121278723296,510.2935393151344,519.3790570792987,609000,2025-08-07
513.3419189453125,513.3419189453125,517.6455944372402,511.8475897107992,514.2683957741813,375100,2025-08-08
509.7256774902344,509.7256774902344,516.3305872953277,508.97851285867927,514.4975774497174,591300,2025-08-11
514.0990600585938,514.0990600585938,517.3467453525269,510.7617490602634,511.1203734866773,588700,2025-08-12
519.1598510742188,519.1598510742188,520.8135486207567,515.1152025064296,518.0341182221908,520900,2025-08-13
519.3491821289062,519.3491821289062,521.0925663381379,511.5687098901689,514.7267088325121,531900,2025-08-14
515.4369506835938,515.4369506835938,521.8941048259283,515.2273447498198,520.417056095283,410200,2025-08-15
508.21124267578125,508.21124267578125,515.4967997400472,507.67230388112984,514.5087706641222,542700,2025-08-18
510.9857482910156,510.9857482910156,516.4349541765296,509.0994776866937,510.14741595258056,762800,2025-08-19
513.929931640625,513.929931640625,515.2772330177506,509.59850207993827,509.59850207993827,471100,2025-08-20
508.46075439453125,508.46075439453125,512.6723959025364,507.61243213100647,510.9657918960709,492700,2025-08-21
514.98779296875,514.98779296875,517.6424967014945,509.5785165977786,509.89788998688806,643000,2025-08-22
508.9897155761719,508.9897155761719,516.3451111026328,507.98170658924124,515.0875973531648,723500,2025-08-25
510.3769836425781,510.3769836425781,511.0356494223989,504.8579089810706,507.44280515851386,616500,2025-08-26
509.0595703125,509.0595703125,512.4827682512848,508.8599543250737,509.73821593835197,433300,2025-08-27
508.42083740234375,508.42083740234375,511.2552383070065,507.3928789989861,508.92983686419416,506900,2025-08-28
508.75018310546875,508.75018310546875,510.8859279610098,506.7341652015289,507.4327906952528,483600,2025-08-29
497.5124816894531,497.5124816894531,502.6622634897795,495.6062617055575,502.32294067768464,721800,2025-09-02
495.4565734863281,495.4565734863281,497.2529955712441,492.1631228449407,495.3467755544824,556100,2025-09-03
498.77001953125,498.77001953125,499.35884712694155,494.5783272597638,495.0174580865719,714300,2025-09-04
498.04144287109375,498.04144287109375,502.7720433987127,491.9934498941983,501.2251260616166,565200,2025-09-05
506.6244201660156,506.6244201660156,507.6623685161341,496.88374439672987,498.19114692841174,735400,2025-09-08
506.9537353515625,506.9537353515625,507.552552857917,502.39281155526123,504.6682937137095,449900,2025-09-09
505.07745361328125,505.07745361328125,509.8380238441796,503.5005969585296,505.8858770422321,627500,2025-09-10
517.6724853515625,517.6724853515625,518.5107872285209,503.5504916484096,506.92380085798715,844100,2025-09-11
511.2951354980469,511.2951354980469,518.2213901203369,510.57656056596966,516.4349579554549,490200,2025-09-12
507.7521667480469,507.7521667480469,512.9218979658731,507.2331773646928,511.63447535822183,589400,2025-09-15
506.9936828613281,506.9936828613281,508.7402162176418,502.2431023858752,506.6942893259528,504200,2025-09-16
510.7561950683594,510.7561950683594,516.1055929807,508.1214406304969,511.59452741027576,553300,2025-09-17
481.36456298828125,481.36456298828125,513.3610517920807,474.74769171078543,511.0057414168883,1854500,2025-09-18
479.78765869140625,479.78765869140625,486.56421643247216,479.0491343555543,484.01928008905776,2013100,2025-09-19
487.3227233886719,487.3227233886719,489.4485088074982,481.5441846449379,482.0431941627047,1200000,2025-09-22
475.83551025390625,475.83551025390625,488.809757598884,472.9911499368518,487.3227189956238,947800,2025-09-23
473.85943603515625,473.85943603515625,475.8055853789688,468.070937687963,472.7915787916836,834200,2025-09-24
471.7536315917969,471.7536315917969,475.8455158264794,469.2386345268473,473.80954841744904,594500,2025-09-25
475.79559326171875,475.79559326171875,478.15093406292317,472.1927591022257,473.4402829176387,520800,2025-09-26
479.8675231933594,479.8675231933594,481.3645517567001,476.77365807103047,478.88945356741215,560300,2025-09-29
475.5361328125,475.5361328125,479.8276025889058,472.9113378107921,478.8595228821376,599000,2025-09-30
478.8695068359375,478.8695068359375,481.96337197561235,474.05904771572284,477.02316550604087,906200,2025-10-01
481.21484375,481.21484375,482.86156903978036,473.04106554853973,474.46822543587444,823400,2025-10-02
484.07916259765625,484.07916259765625,487.1330984165976,479.26870352599747,481.4244283023897,716300,2025-10-03
482.4923095703125,482.4923095703125,487.43248546724107,482.38251163991487,484.8975086170536,859000,2025-10-06
487.4624328613281,487.4624328613281,488.2908057213058,482.90147853447843,485.2168900191914,923100,2025-10-07
489.119140625,489.119140625,493.21102472158174,486.3147095994989,489.39858473389654,807500,2025-10-08
491.48443603515625,491.48443603515625,494.9675431114417,489.86765010256084,491.36467862638966,644300,2025-10-09
483.1410217285156,483.1410217285156,495.95558250410954,482.78171903762103,495.4166436963296,1002800,2025-10-10
472.7815856933594,472.7815856933594,486.9434784526966,465.4760789359641,485.2268844680156,1607800,2025-10-13
480.2966613769531,480.2966613769531,482.54220420936485,470.6857331810911,471.19473263605073,1080500,2025-10-14
477.5621032714844,477.5621032714844,485.2967508751297,476.6638617647165,480.1369790080794,759300,2025-10-15
467.6318054199219,467.6318054199219,478.8994490655106,465.4561311923107,477.73175337141,818000,2025-10-16
470.1069030761719,470.1069030761719,474.06903993337556,465.2665045795189,469.3883281399974,1380700,2025-10-17
473.5201110839844,473.5201110839844,475.7556944722535,467.93119829899825,471.70373955599155,760300,2025-10-20
483.95941162109375,483.95941162109375,485.62608638030525,473.69977699490715,476.18483468566376,1334200,2025-10-21
471.8534240722656,471.8534240722656,487.90155661743273,470.4761529425403,482.3925025556549,1685800,2025-10-22
478.35052490234375,478.35052490234375,481.2248246780611,469.5679693273182,474.58800399790977,1078500,2025-10-23
489.84771728515625,489.84771728515625,490.7658777548938,481.04518195706197,482.92146264364436,748400,2025-10-24
494.0992431640625,494.0992431640625,495.84577644957005,492.13314447580615,494.0094251070912,703900,2025-10-27
489.787841796875,489.787841796875,496.34480384909443,489.5582864493702,492.92160579582946,777400,2025-10-28
470.7655944824219,470.7655944824219,487.5821909811445,468.1806983603395,486.0352736482758,1223200,2025-10-29
478.02117919921875,478.02117919921875,486.5642197163136,471.95323685756335,473.33047754414673,785900,2025-10-30
479.3485412597656,479.3485412597656,482.3226490164583,474.0690423733395,474.9872028504899,687600,2025-10-31
484.98736572265625,484.98736572265625,485.00731513893487,473.0909653389216,478.0012324275052,871600,2025-11-03
486.4943542480469,486.4943542480469,488.3506855060186,481.77374366648604,483.95940780756405,1127000,2025-11-04
485.496337890625,485.496337890625,488.37063762394996,481.90346322396886,486.0352767049045,799300,2025-11-05
481.2547607421875,481.2547607421875,487.7019857767803,478.50024885689004,481.9034670375352,577200,2025-11-06
487.0133361816406,487.0133361816406,487.1829823603883,478.22079098272866,479.6479508828645,656100,2025-11-07
483.9693603515625,483.9693603515625,486.7139126809059,479.2088205485023,486.0652064035767,572600,2025-11-10
492.02337646484375,492.02337646484375,494.02940443971215,484.4584057004537,485.8955250675459,575200,2025-11-11
489.86767578125,489.86767578125,498.01151503263054,489.43853489163325,493.4206212274779,904100,2025-11-12
489.79779052734375,489.79779052734375,492.66213073993544,484.3486151277434,489.2987810101647,827100,2025-11-13
478.5301818847656,478.5301818847656,489.49840142524033,477.63194038002365,489.1191493156158,756100,2025-11-14
471.18475341796875,471.18475341796875,480.0870968283315,469.9871488210469,478.5301895323459,774600,2025-11-17
469.2286376953125,469.2286376953125,472.41232088436897,465.4760763410863,468.00106330580786,680700,2025-11-18
471.92327880859375,471.92327880859375,473.5001659817774,467.1228095592763,469.60789773329356,695000,2025-11-19
473.5799865722656,473.5799865722656,479.57809078283844,471.68375647697553,477.08304316873983,842500,2025-11-20
479.6499938964844,479.6499938964844,483.3999938964844,473.55999755859375,476.20001220703125,707600,2025-11-21
478.75,478.75,481.4800109863281,476.6499938964844,480.0,1519000,2025-11-24
485.6700134277344,485.6700134277344,487.3500061035156,480.5199890136719,481.5299987792969,473600,2025-11-25
487.1300048828125,487.1300048828125,490.8299865722656,480.92999267578125,484.95001220703125,548200,2025-11-26
490.7799987792969,490.7799987792969,493.7200012207031,487.1600036621094,487.5,278600,2025-11-28
487.239990234375,487.239990234375,494.010009765625,485.7900085449219,487.7699890136719,1037000,2025-12-01
487.8399963378906,487.8399963378906,491.82000732421875,485.70001220703125,488.54998779296875,717700,2025-12-02
492.010009765625,492.010009765625,492.55999755859375,487.2699890136719,487.8699951171875,545400,2025-12-03
489.4800109863281,489.4800109863281,495.0,487.55999755859375,491.6099853515625,466000,2025-12-04
496.5,496.5,498.0,487.17999267578125,488.29998779296875,557100,2025-12-05
487.1300048828125,487.1300048828125,494.6000061035156,484.2699890136719,494.0899963378906,496200,2025-12-08
486.3699951171875,486.3699951171875,491.8399963378906,486.32000732421875,487.3699951171875,619000,2025-12-09
479.989990234375,479.989990234375,486.3500061035156,473.4599914550781,485.7300109863281,2442500,2025-12-10
485.510009765625,485.510009765625,489.42999267578125,481.0,482.510009765625,663800,2025-12-11
486.6000061035156,486.6000061035156,489.489990234375,484.0,486.1600036621094,564384,2025-12-12
