Price,Close,High,Low,Open,Volume,Date
229.18626403808594,229.18626403808594,232.74113908347874,229.16713054251164,230.84415005125,1545300,2020-12-14
230.29898071289062,230.29898071289062,231.56471047891785,228.66342422510604,230.78041220738984,957600,2020-12-15
230.34678649902344,230.34678649902344,232.40957001670463,229.48915052711888,231.7113506556692,1149600,2020-12-16
231.5456085205078,231.5456085205078,232.52121271295945,230.69116856887078,231.81341914673618,1515900,2020-12-17
232.17684936523438,232.17684936523438,232.56580958188138,229.10658705702727,231.70499192031997,2662800,2020-12-18
232.47654724121094,232.47654724121094,232.63914548288008,226.85249575358137,229.52741999104666,1051200,2020-12-21
234.99522399902344,234.99522399902344,235.92618310904953,231.45628630107933,232.74113480252564,1004700,2020-12-22
230.9716796875,230.9716796875,236.12067707083895,230.9684834742502,235.13869527952093,800700,2020-12-23
233.98455810546875,233.98455810546875,234.4022258300335,231.50730308302929,231.87712977044526,326100,2020-12-24
232.5307159423828,232.5307159423828,235.3236225313285,232.37131392862665,235.3236225313285,513300,2020-12-28
232.92929077148438,232.92929077148438,234.20139845754034,231.46589187882543,234.01010725093735,586800,2020-12-29
231.8261260986328,231.8261260986328,234.6222143947438,231.75280292133377,233.3915555015535,642000,2020-12-30
234.30657958984375,234.30657958984375,234.60308310975788,230.74213032954918,232.24379602018726,920400,2020-12-31
230.65924072265625,230.65924072265625,234.94742083182751,227.85678907006942,234.33209865640455,1224900,2021-01-04
229.50830078125,229.50830078125,232.12902073645978,228.81644460711698,229.7091514229211,1171800,2021-01-05
230.30218505859375,230.30218505859375,231.46906575822908,227.49653700514733,227.9588204236676,1648800,2021-01-06
234.37677001953125,234.37677001953125,235.93582193012722,230.82507568298792,231.05463390493958,1507200,2021-01-07
232.3489990234375,232.3489990234375,234.1694686815395,229.9323115415093,233.8602095097272,1203600,2021-01-08
234.316162109375,234.316162109375,235.48625361569523,229.27237637173602,231.3734271412141,781800,2021-01-11
235.6615753173828,235.6615753173828,236.20037806051943,232.61681003536896,234.02918602172525,926700,2021-01-12
232.14813232421875,232.14813232421875,236.32790354502,231.73685703370023,236.32790354502,1207800,2021-01-13
229.1639404296875,229.1639404296875,232.1385640169641,228.43383195209682,231.59656508576262,1224300,2021-01-14
231.32241821289062,231.32241821289062,232.28526663641574,227.03104162542454,228.88341528753864,2126400,2021-01-15
231.34156799316406,231.34156799316406,235.17382870044796,231.28418208519264,232.5786050124053,1353300,2021-01-19
234.72425842285156,234.72425842285156,234.97295012064333,230.5413049308274,231.97919245722636,1271700,2021-01-20
234.7657012939453,234.7657012939453,238.47043398747,233.97182896000552,234.97294437036678,909600,2021-01-21
233.43304443359375,233.43304443359375,235.12280536791764,232.0780394722409,233.60520214633587,924900,2021-01-22
234.10572814941406,234.10572814941406,236.36619546004457,233.30867421721018,234.35760145360857,1200600,2021-01-25
230.7134552001953,230.7134552001953,235.07495868259664,229.89088992275416,235.07495868259664,1313400,2021-01-26
228.7685546875,228.7685546875,230.42644039894193,224.9394919473918,229.02362413166063,1682100,2021-01-27
227.018310546875,227.018310546875,230.63376837151466,220.54937810898423,227.91419906308042,2002800,2021-01-28
220.5620880126953,220.5620880126953,225.06705558579958,218.66508442589472,225.06705558579958,2347800,2021-01-29
222.57064819335938,222.57064819335938,223.07119848163296,217.3068796342877,221.46113908133398,1426500,2021-02-01
226.53683471679688,226.53683471679688,227.98747766773366,223.0552828778001,223.0552828778001,1223100,2021-02-02
223.6036376953125,223.6036376953125,231.9281230506428,223.3964092632085,229.68360809876563,1769400,2021-02-03
226.4667510986328,226.4667510986328,230.35959381442063,224.12021920636985,224.24774668582697,1771500,2021-02-04
228.46253967285156,228.46253967285156,231.48817151420323,227.30520396923893,227.51562864262303,1947300,2021-02-05
230.8313751220703,230.8313751220703,232.5562063339166,229.98967652202126,230.4966046530745,1424700,2021-02-08
227.32435607910156,227.32435607910156,231.22357609343632,227.2350810178943,230.87604989473311,1220400,2021-02-09
227.10435485839844,227.10435485839844,228.77817821131165,225.72703502143966,228.14690418694198,1541400,2021-02-10
229.3265380859375,229.3265380859375,230.0311352353096,227.32432220447583,227.73241585977934,1203000,2021-02-11
229.88768005371094,229.88768005371094,231.88032197319185,228.68251793800957,228.69527360175113,1308600,2021-02-12
225.5421142578125,225.5421142578125,230.31489249234465,225.35718632282988,230.19056125738948,1562700,2021-02-16
229.99929809570312,229.99929809570312,230.7804294010142,222.83852401353778,224.13294682529087,1719600,2021-02-17
231.70819091796875,231.70819091796875,232.93248674705953,227.9715834789779,229.0237070060936,1444200,2021-02-18
228.56773376464844,228.56773376464844,232.55621360065217,227.34025660122163,232.4701347669337,1486200,2021-02-19
225.92788696289062,225.92788696289062,227.9587812252175,223.728002052336,227.50287571789062,1414200,2021-02-22
222.08924865722656,222.08924865722656,224.97777883925767,220.32296874221151,224.97777883925767,2318400,2021-02-23
217.44715881347656,217.44715881347656,222.55151069024862,216.86051511213378,222.2550072213343,2742000,2021-02-24
214.6224365234375,214.6224365234375,218.16457102458114,213.78711556121652,216.36002380043834,2021100,2021-02-25
217.4413299560547,217.4413299560547,220.79401254983014,215.9104152424943,215.95515513100688,2456100,2021-02-26
221.7560272216797,221.7560272216797,224.90416168622795,218.93069881366065,218.93069881366065,1862400,2021-03-01
220.4264678955078,220.4264678955078,222.69248927964082,218.73894881987667,220.9154757900822,1482600,2021-03-02
215.16253662109375,215.16253662109375,221.7847862814642,215.04108933038327,220.822776264192,1626900,2021-03-03
210.79989624023438,210.79989624023438,216.09898335154736,209.08361386842182,214.4945506991298,2100900,2021-03-04
215.95513916015625,215.95513916015625,216.3418655779436,210.0520053793485,212.05593673198848,2087100,2021-03-05
219.9246826171875,219.9246826171875,224.59094495442736,216.3770492220218,216.78934969961884,1971600,2021-03-08
225.65524291992188,225.65524291992188,227.76145599826685,221.3245735300008,221.63138853174414,2317800,2021-03-09
225.6744384765625,225.6744384765625,230.00191871863908,225.24936558280388,226.9496717882815,1690800,2021-03-10
225.00323486328125,225.00323486328125,227.57607106789266,224.77950615928694,225.4826451544456,1447200,2021-03-11
226.3232421875,226.3232421875,227.12545865080682,223.7504055929052,224.33208275493016,1228200,2021-03-12
229.14854431152344,229.14854431152344,229.14854431152344,225.14706003129504,226.3232158563354,818100,2021-03-15
229.17408752441406,229.17408752441406,230.37261320999667,227.30439038099334,229.3211088209768,1269600,2021-03-16
227.67515563964844,227.67515563964844,229.6886701481724,226.46703230409258,229.404225104941,1074600,2021-03-17
226.96240234375,226.96240234375,228.93436612618282,223.3412515342209,226.55010192936606,1385100,2021-03-18
225.72235107421875,225.72235107421875,228.2056928796617,225.57851920811152,226.44465594958385,2829900,2021-03-19
230.19363403320312,230.19363403320312,230.72417768545643,225.4314842763204,225.76388787721373,1058400,2021-03-22
232.01539611816406,232.01539611816406,235.93377927986813,230.60592871781066,230.77213052465754,1797600,2021-03-23
231.44334411621094,231.44334411621094,234.15041505967648,230.6571187180004,230.6571187180004,1266600,2021-03-24
236.25657653808594,236.25657653808594,236.90217397276749,230.161666824953,231.17482480876555,1431000,2021-03-25
242.58799743652344,242.58799743652344,242.90120591337885,235.60458079876636,236.30132628144972,1691400,2021-03-26
241.7218780517578,241.7218780517578,245.45808325027159,240.15899573057132,242.58162133718247,1092600,2021-03-29
238.4970245361328,238.4970245361328,240.94200518981066,237.20261096499962,240.80458146449413,1084500,2021-03-30
235.87306213378906,235.87306213378906,239.60287376317854,235.86028975827193,238.50343996823577,1321500,2021-03-31
239.46543884277344,239.46543884277344,240.45302286556364,234.59462856130958,236.1958571674882,1474800,2021-04-01
245.3622283935547,245.3622283935547,245.9375267058629,239.90655051955494,241.32560115801968,1371100,2021-04-05
248.28660583496094,248.28660583496094,248.89063823323718,243.85684471853193,244.56637722880666,1908800,2021-04-06
241.3351593017578,241.3351593017578,248.99614170896533,240.05034311745285,248.2578603282416,1742700,2021-04-07
243.04185485839844,243.04185485839844,244.47050289734287,240.76945459409615,241.35433577724072,1235900,2021-04-08
244.77732849121094,244.77732849121094,244.8732164127713,242.3419303662701,243.7322174462393,1554200,2021-04-09
246.9922332763672,246.9922332763672,248.5071572002189,244.53763984469074,245.19922850901938,1016500,2021-04-12
246.81005859375,246.81005859375,247.71135246089233,245.70742055740416,246.99223688142055,694000,2021-04-13
244.54718017578125,244.54718017578125,246.9346485729171,244.28829453502186,246.41687729139835,890600,2021-04-14
246.5511016845703,246.5511016845703,247.68250277977268,245.3046175575718,245.33338100030142,1181200,2021-04-15
255.92840576171875,255.92840576171875,258.22956933457084,247.93181626016786,248.13318965269318,2133400,2021-04-16
254.66275024414062,254.66275024414062,256.84885998188935,251.94927163429207,254.83533092480667,1157300,2021-04-19
256.23516845703125,256.23516845703125,258.6514147251835,254.23123722187324,255.295543140197,1056900,2021-04-20
259.802001953125,259.802001953125,260.39646599846793,257.289896852673,257.5775605674676,1168400,2021-04-21
258.6226806640625,258.6226806640625,261.01973206852387,256.96391055825796,259.7540819043567,1053700,2021-04-22
262.64013671875,262.64013671875,263.13871286853197,258.0377805434604,259.9170606197412,1108900,2021-04-23
258.4405212402344,258.4405212402344,263.6756736958389,257.9227499061115,262.956558222123,1230400,2021-04-26
258.3924865722656,258.3924865722656,259.2362531613991,252.05469810854174,254.5476368689246,1538800,2021-04-27
257.8843688964844,257.8843688964844,260.31018373600045,257.0597972624354,259.33219730147886,1290000,2021-04-28
262.179931640625,262.179931640625,262.88944958727126,258.9487105992092,259.6486309754785,1686000,2021-04-29
262.5921325683594,262.5921325683594,263.32084542002775,260.3293305186799,261.3840095270936,1279200,2021-04-30
266.4658508300781,266.4658508300781,267.9520111358864,263.2537957946481,263.67567922227454,1094300,2021-05-03
271.82562255859375,271.82562255859375,271.9215104645824,264.6728295372237,265.12347636057797,1644400,2021-05-04
271.6147766113281,271.6147766113281,273.513252479928,268.90132640675563,273.1105348371737,1059200,2021-05-05
273.63775634765625,273.63775634765625,274.5582156994107,271.9022645775603,272.21869168217523,1065400,2021-05-06
275.40203857421875,275.40203857421875,275.91978060613627,271.35581466127724,273.0145554946298,887800,2021-05-07
276.76361083984375,276.76361083984375,280.9824163974874,276.19791009392424,276.82113774547025,1497500,2021-05-10
274.0693054199219,274.0693054199219,276.1307640730699,271.52843641669824,275.52670235023294,1244300,2021-05-11
268.31634521484375,268.31634521484375,275.02808921528344,268.23005487471534,272.7844525892994,1869900,2021-05-12
274.0404968261719,274.0404968261719,275.2006614891909,268.642332491828,269.4669333737806,1059300,2021-05-13
274.3089294433594,274.3089294433594,277.3771664804898,273.82951923511257,275.51705253162197,980400,2021-05-14
272.52557373046875,272.52557373046875,275.7375991438745,271.2215625750883,274.63496137055006,1268700,2021-05-17
271.50927734375,271.50927734375,274.67337402922334,271.19285011867083,272.52562497052077,1034700,2021-05-18
269.6874694824219,269.6874694824219,270.5599997716099,265.7946600450498,269.05464435199264,1035600,2021-05-19
271.4839172363281,271.4839172363281,274.2411185773535,269.00532680449163,269.36078073093665,1029100,2021-05-20
272.0027770996094,272.0027770996094,276.05692901427517,271.7241661144048,272.7905575028974,1438400,2021-05-21
273.77044677734375,273.77044677734375,274.4621513603797,271.5896701910697,272.6848520119194,923300,2021-05-24
274.36602783203125,274.36602783203125,275.41318623888486,273.3861253925132,274.2795684389744,835200,2021-05-25
274.4140930175781,274.4140930175781,275.80708906084294,273.91451074373236,274.80795383136,960900,2021-05-26
274.53900146484375,274.53900146484375,277.0368252633656,274.3564662702994,274.9136882278179,2675800,2021-05-27
272.3870544433594,272.3870544433594,275.60540276217057,272.2429554209499,275.3459952036194,1444600,2021-05-28
271.72412109375,271.72412109375,277.29619328356245,271.5512022977409,274.6638578987406,1201600,2021-06-01
271.31109619140625,271.31109619140625,274.34690953519106,270.42723992444456,273.7993038910371,1304100,2021-06-02
271.4648132324219,271.4648132324219,271.8779069026511,267.1993059164777,269.735536869673,1008100,2021-06-03
272.07000732421875,272.07000732421875,273.15557272172566,270.36955108808286,272.49271728995336,1049100,2021-06-04
269.77386474609375,269.77386474609375,273.03064819827136,269.41841083217093,271.8970011766899,849500,2021-06-07
269.95648193359375,269.95648193359375,271.0997163555668,267.78529230560906,270.859541549576,926100,2021-06-08
266.0753173828125,266.0753173828125,269.4377655326237,265.25871696849987,268.5251186257505,1879800,2021-06-09
266.9398498535156,266.9398498535156,271.3590717758233,265.55647006007894,270.8691351491809,1206800,2021-06-10
265.8638610839844,265.8638610839844,267.8428988959301,264.2402772501731,266.9398393912702,1151900,2021-06-11
263.0010070800781,263.0010070800781,266.3058144813576,260.82981763250666,265.200987011034,1150000,2021-06-14
260.9450988769531,260.9450988769531,264.1154236682848,260.4647493011342,264.1154236682848,1325600,2021-06-15
257.92852783203125,257.92852783203125,262.0499062279852,256.99664844953236,261.5503532061699,1251600,2021-06-16
258.6490783691406,258.6490783691406,259.39842263672466,255.27701450590476,259.04296859313183,1302400,2021-06-17
257.6211242675781,257.6211242675781,259.41762724298735,255.65167313870035,256.37219760380344,2048600,2021-06-18
262.366943359375,262.366943359375,263.71191630383976,258.5817863682455,259.38877013492436,1041800,2021-06-21
262.71282958984375,262.71282958984375,264.3556465471138,261.3006004072985,262.68400978278027,672600,2021-06-22
260.7049255371094,260.7049255371094,263.76955819331323,260.5608265272056,262.75121943237775,591300,2021-06-23
259.4656066894531,259.4656066894531,262.45339621263014,258.5913962860335,262.45339621263014,892900,2021-06-24
263.22198486328125,263.22198486328125,263.2892408488742,259.18706550092935,259.1966525572889,1840600,2021-06-25
261.78094482421875,261.78094482421875,262.98181895815964,259.6193713831251,262.98181895815964,936400,2021-06-28
262.0594787597656,262.0594787597656,264.74942430138424,261.46385005542203,262.51100847405957,647700,2021-06-29
261.7425231933594,261.7425231933594,262.5975302830128,260.47439314309463,261.96346525788044,971900,2021-06-30
264.5188293457031,264.5188293457031,264.70136448059844,260.15724816790544,262.92406566715675,790300,2021-07-01
264.4036560058594,264.4036560058594,265.114564088519,263.19316553584747,264.7975462273429,549200,2021-07-02
262.7511901855469,262.7511901855469,264.40359372434153,259.01405680815685,264.1922387606047,686100,2021-07-06
266.5075378417969,266.5075378417969,266.74771261408665,261.93460079557275,262.2612349677017,674400,2021-07-07
262.35736083984375,262.35736083984375,264.32681193963055,260.4936019055163,263.90410191422336,1166500,2021-07-08
265.36431884765625,265.36431884765625,265.8446684198721,262.70319277213645,264.8935856487123,698300,2021-07-09
267.04559326171875,267.04559326171875,268.17921143189784,264.3172106895614,265.72943987384105,731600,2021-07-12
267.1224060058594,267.1224060058594,267.6508081670202,265.6141305144916,265.87350874895816,1217900,2021-07-13
266.04644775390625,266.04644775390625,268.6307311934517,264.33640418779584,267.83336368153607,681200,2021-07-14
268.15032958984375,268.15032958984375,268.9765460659,265.59486645147075,265.59486645147075,824000,2021-07-15
271.31109619140625,271.31109619140625,272.7137089776773,268.9477840932368,269.1879589212114,1032800,2021-07-16
271.8106689453125,271.8106689453125,273.01154317207215,267.4202657359068,269.89888655814104,2059700,2021-07-19
270.18701171875,270.18701171875,271.7241361777588,265.0376784970127,265.6141038339173,1661000,2021-07-20
270.7538146972656,270.7538146972656,271.7049267435064,268.0350491418251,271.13811779218025,1203500,2021-07-21
270.48486328125,270.48486328125,272.694489156745,270.08138601270326,270.753857899686,716300,2021-07-22
274.73114013671875,274.73114013671875,275.1826699149411,270.9363667249645,271.26300092139167,1092900,2021-07-23
274.26043701171875,274.26043701171875,275.4708981504903,272.23334631499085,274.52943163346964,1344200,2021-07-26
276.412353515625,276.412353515625,277.3250294119825,268.44814955745534,271.8682360982098,1709200,2021-07-27
276.2394714355469,276.2394714355469,277.9687183637789,274.8848819705388,276.46041350009466,1103100,2021-07-28
278.0167236328125,278.0167236328125,278.3625612323537,275.83591793560385,277.7476997422233,964400,2021-07-29
279.5921936035156,279.5921936035156,280.21664201127163,277.5074641359206,278.151145284908,1219300,2021-07-30
280.1110534667969,280.1110534667969,281.6673813725745,279.19837756244044,280.8988337928507,879600,2021-08-02
284.3477478027344,284.3477478027344,284.453410637545,279.5730718069657,279.97654903578467,863000,2021-08-03
284.587890625,284.587890625,286.0097064577895,282.9835103087319,283.67521479864865,920900,2021-08-04
284.0403137207031,284.0403137207031,287.2394289847109,282.9835387938708,285.6062580234349,956700,2021-08-05
285.2796325683594,285.2796325683594,286.5477332011846,283.9346302649009,283.9346302649009,709500,2021-08-06
285.72149658203125,285.72149658203125,286.1442064926272,284.0787094811559,285.4621184034321,862000,2021-08-09
284.4341735839844,284.4341735839844,286.38439147462503,284.16517902383424,286.00970477394725,622900,2021-08-10
290.44818115234375,290.44818115234375,291.1206823310122,285.40451026697053,285.64468507103595,1151500,2021-08-11
291.77398681640625,291.77398681640625,292.37923208835576,287.77747406472076,289.70848910985166,1325300,2021-08-12
293.6473388671875,293.6473388671875,295.25169021065983,291.7739635858528,291.7739635858528,911100,2021-08-13
295.6647644042969,295.6647644042969,296.68310310486237,291.67783968464175,293.3398596822337,853700,2021-08-16
292.9364318847656,292.9364318847656,294.4158876392103,290.6115267705864,294.0027939928997,869900,2021-08-17
289.2760925292969,289.2760925292969,293.59923848827924,289.05515049949213,292.93638308065505,850300,2021-08-18
291.2780456542969,291.2780456542969,292.17312375356624,286.754485305525,287.50520070682535,707500,2021-08-19
295.5321350097656,295.5321350097656,296.97582095400867,291.7977960011584,292.16353447319847,860200,2021-08-20
293.27996826171875,293.27996826171875,298.3425026898461,293.14521015104197,295.91709167257386,686800,2021-08-23
291.7303771972656,291.7303771972656,293.5879418484108,291.2395440159604,293.57830787776464,555900,2021-08-24
291.3647155761719,291.3647155761719,292.2020487465639,288.32334691493355,289.6611473187446,920900,2021-08-25
290.921875,290.921875,291.999851542684,288.1596280317928,291.999851542684,673000,2021-08-26
291.49945068359375,291.49945068359375,293.41473139656625,291.1625847392758,292.0576923906045,682200,2021-08-27
293.8478088378906,293.8478088378906,295.95559248042713,292.4522341327336,293.1452044997574,615100,2021-08-30
292.2694396972656,292.2694396972656,293.8478544957118,291.24920787263125,293.54949506359327,963100,2021-08-31
294.42523193359375,294.42523193359375,295.2529308762964,290.6812600092354,291.25874009839356,681900,2021-09-01
297.1105041503906,297.1105041503906,297.1971217605786,294.08837490404903,295.1278449700214,824600,2021-09-02
295.8882141113281,295.8882141113281,298.77558575196736,294.2905316122175,295.483998529882,786800,2021-09-03
291.47052001953125,291.47052001953125,293.60717606915154,288.8333968253721,290.9989254146415,938600,2021-09-07
285.5514831542969,285.5514831542969,288.1404958628863,283.05872205832793,287.4667639464111,1688300,2021-09-08
286.1385192871094,286.1385192871094,288.0827016663075,282.3368308974739,283.1452914363219,1708800,2021-09-09
289.3531494140625,289.3531494140625,292.6639751909292,284.89696783686657,286.1000393481241,1200200,2021-09-10
290.7294006347656,290.7294006347656,293.4050299897941,289.4108392098143,292.17308617248295,1190200,2021-09-13
287.6399230957031,287.6399230957031,291.15291510941597,286.68709993824314,290.719797653192,1067200,2021-09-14
288.1693420410156,288.1693420410156,289.3339071431176,285.618836085228,289.1606718793733,606500,2021-09-15
286.8314208984375,286.8314208984375,288.0152535671683,285.2048662394876,287.6880217159754,643400,2021-09-16
282.712158203125,282.712158203125,285.8882844702367,282.01918786956077,285.2819317568853,1862100,2021-09-17
280.8160705566406,280.8160705566406,282.32713510794235,277.3223762911256,278.1693137855233,1101600,2021-09-20
279.45904541015625,279.45904541015625,282.7217892638995,278.78534302481444,282.46193640593555,802700,2021-09-21
281.0278625488281,281.0278625488281,283.2511362845597,279.57457218010325,280.9027384159482,812600,2021-09-22
283.2030029296875,283.2030029296875,284.5311984330694,281.3550723658822,282.32716344018405,854100,2021-09-23
280.84503173828125,280.84503173828125,282.8084528778032,280.1424566989023,281.9711197163226,746700,2021-09-24
276.8123474121094,276.8123474121094,280.42156251473017,276.6583800816411,279.08376205672994,783700,2021-09-27
269.122314453125,269.122314453125,275.705519078862,268.23687015600024,275.00294402455216,1619700,2021-09-28
271.6632080078125,271.6632080078125,274.7430537572863,261.79802064247434,263.1935661100611,2580900,2021-09-29
269.2281799316406,269.2281799316406,273.53036505900235,268.3041998142364,272.66413002745287,1670800,2021-09-30
274.3387756347656,274.3387756347656,278.8238291738906,269.71896400529624,270.23869905513163,1797800,2021-10-01
274.57940673828125,274.57940673828125,278.15011451713093,273.05870800305956,274.28104737349616,1483500,2021-10-04
280.40228271484375,280.40228271484375,281.89410902770976,274.33881398267795,275.3878888269739,1571300,2021-10-05
282.8276672363281,282.8276672363281,282.97205931817973,277.14917545918155,278.843109581343,1409100,2021-10-06
282.7217712402344,282.7217712402344,288.53502030960107,281.9806898520443,285.1856590500601,1426300,2021-10-07
279.10296630859375,279.10296630859375,283.79012837931504,277.2261923091397,282.721814938807,1171400,2021-10-08
277.4667663574219,277.4667663574219,281.49946396742433,277.44749841737786,278.15010267620806,855200,2021-10-11
280.90264892578125,280.90264892578125,282.3174617043204,277.45706624319183,278.34253949018927,1237700,2021-10-12
279.0548400878906,279.0548400878906,282.4811853353955,275.8306026262146,282.4811853353955,838100,2021-10-13
281.249267578125,281.249267578125,281.38399632397505,274.329197384151,277.9095396411558,1079300,2021-10-14
285.2627258300781,285.2627258300781,286.0807910163198,280.94127269254574,283.0009453595,1058700,2021-10-15
286.1866149902344,286.1866149902344,286.22512149706756,283.21262617529794,283.7419658138547,757200,2021-10-18
287.0816955566406,287.0816955566406,287.6399077373014,284.91616713486945,287.6399077373014,656900,2021-10-19
290.5465393066406,290.5465393066406,290.5946504104558,286.1866100397157,288.0826516053946,847100,2021-10-20
295.2625732421875,295.2625732421875,295.41656989513285,289.2857231732967,290.55617353120203,970600,2021-10-21
295.108642578125,295.108642578125,296.8699558253976,294.7429041170798,295.26263926550536,653600,2021-10-22
298.0922546386719,298.0922546386719,299.0835844113232,295.22412151759016,296.4368270271522,1052900,2021-10-25
304.1556701660156,304.1556701660156,306.87944009977593,290.68127129772125,298.0825684544116,1931600,2021-10-26
305.4646911621094,305.4646911621094,309.5936410489847,304.4348548403336,305.6764329350739,1365400,2021-10-27
309.3529968261719,309.3529968261719,311.6628881621975,302.6927802792384,304.7909298627697,1152000,2021-10-28
304.7234802246094,304.7234802246094,311.3548226951859,302.78896173188406,309.2470396292011,1524700,2021-10-29
298.4483337402344,298.4483337402344,306.090245851288,298.4098272301621,304.7331777468863,1284000,2021-11-01
301.0469665527344,301.0469665527344,302.39440062740186,299.2471764631578,299.64175802956834,994800,2021-11-02
302.4617614746094,302.4617614746094,303.10659124889366,298.621537878053,302.4232549685473,1281600,2021-11-03
306.62921142578125,306.62921142578125,306.9372047545222,301.20096852305943,301.2490796304862,1040900,2021-11-04
307.052734375,307.052734375,310.22883154176253,305.3973067350727,306.9468781763112,1098500,2021-11-05
308.75628662109375,308.75628662109375,310.3732371895386,307.42812023438853,308.2943259202799,765200,2021-11-08
311.8842468261719,311.8842468261719,312.4521224267186,307.370320166235,308.58302564856524,781000,2021-11-09
312.4231262207031,312.4231262207031,313.4529621727593,311.17194397537514,311.17194397537514,973200,2021-11-10
313.7609558105469,313.7609558105469,313.8668119732199,310.8735850515541,311.78793087397685,620600,2021-11-11
318.9582824707031,318.9582824707031,319.05453405670613,313.7610199170021,314.77158814038336,1212700,2021-11-12
320.3538818359375,320.3538818359375,320.4982445401867,315.55120048092226,317.88035980630525,852200,2021-11-15
325.9264831542969,325.9264831542969,327.3027897441653,320.38272091523146,320.8639494603765,1334500,2021-11-16
320.6521911621094,320.6521911621094,327.66851121201086,320.4596880052515,325.3393522502053,1131600,2021-11-17
318.8494567871094,318.8494567871094,323.4286881000979,318.5024133778268,321.3945594702406,1126100,2021-11-18
320.3052062988281,320.3052062988281,322.73459862657813,317.48055044188254,319.9870831472694,1355800,2021-11-19
317.9529113769531,317.9529113769531,323.44800094223467,317.9143411897786,320.7293764448666,971800,2021-11-22
315.7162780761719,315.7162780761719,319.3411103584765,314.36661587119556,317.17200092962645,1024700,2021-11-23
316.2272033691406,316.2272033691406,316.7477978380008,314.51119808034684,315.243884412785,907200,2021-11-24
311.67694091796875,311.67694091796875,316.9117478524609,311.38773806874036,312.2746758404279,1030600,2021-11-26
322.26214599609375,322.26214599609375,323.20692416022905,311.9757350903098,313.64354966218616,1629500,2021-11-29
319.3314514160156,319.3314514160156,325.3953253964726,317.5576055082102,320.97034581735926,2644800,2021-11-30
319.0519104003906,319.0519104003906,327.458415750264,318.9361998499857,321.41381192519555,1813400,2021-12-01
327.4584045410156,327.4584045410156,330.5915625257864,318.86872788923876,319.8038562184337,1482400,2021-12-02
330.0903015136719,330.0903015136719,334.5635020441416,324.7784126592821,327.9308416274779,1794700,2021-12-03
328.8659362792969,328.8659362792969,332.97279313761544,327.6223052240933,332.8860028650207,1123600,2021-12-06
329.4829406738281,329.4829406738281,333.3873558818248,328.82739456488025,332.23048557861824,1261500,2021-12-07
329.9167785644531,329.9167785644531,331.70989519462,326.889651237697,330.18671104922345,841200,2021-12-08
331.5074157714844,331.5074157714844,334.82374559319373,330.78437925954944,331.5267155742118,668300,2021-12-09
334.0043029785156,334.0043029785156,335.60462734432775,331.4303094356366,333.9561123118882,659700,2021-12-10
333.56085205078125,333.56085205078125,336.0191644812487,330.85187754238484,334.3031589625446,1007900,2021-12-13
330.43731689453125,330.43731689453125,333.89824793594687,327.83437383275475,333.89824793594687,918800,2021-12-14
333.2138366699219,333.2138366699219,333.2716772434741,325.94490058237744,326.61009659866176,1413500,2021-12-15
335.72998046875,335.72998046875,337.1471333219178,333.1174165684374,334.9683737110852,944500,2021-12-16
328.2007141113281,328.2007141113281,334.1970976965957,326.50397912784024,334.1970976965957,2325600,2021-12-17
323.6214599609375,323.6214599609375,325.8484097568248,317.1719728106372,325.47241670068513,1153600,2021-12-20
322.46466064453125,322.46466064453125,327.1017328311941,320.58478321288686,324.6723405448891,1045100,2021-12-21
326.5425720214844,326.5425720214844,327.01494646297465,321.6741379265086,321.9922610478236,454100,2021-12-22
326.21484375,326.21484375,329.83002681758745,325.61713819009515,326.349795285897,785600,2021-12-23
333.12701416015625,333.12701416015625,334.07179247082786,327.063169062765,327.063169062765,842000,2021-12-27
335.8745422363281,335.8745422363281,337.0989028452911,333.6379423176771,335.19972583667936,601200,2021-12-28
338.7281188964844,338.7281188964844,339.7018174456658,335.247917398425,335.26718778003345,484700,2021-12-29
337.7641296386719,337.7641296386719,341.4178828953805,337.1953443666961,339.3933744941768,410700,2021-12-30
339.4993896484375,339.4993896484375,340.56946957078935,336.68435453322826,337.002507075852,852100,2021-12-31
326.92822265625,326.92822265625,337.7930714050817,323.3033897724764,335.951734676162,1484100,2022-01-03
323.65045166015625,323.65045166015625,325.5399789965661,320.4498027083768,322.3007892770063,1707700,2022-01-04
324.2577819824219,324.2577819824219,330.25416599655637,321.98261178089274,324.43130368529927,1182500,2022-01-05
321.5680236816406,321.5680236816406,325.337456945267,320.88355746653275,323.7853235212203,947100,2022-01-06
311.5998229980469,311.5998229980469,321.2017398433637,311.08887836221254,321.0282181377064,1325500,2022-01-07
311.67694091796875,311.67694091796875,311.83119224436797,305.6709361923449,310.7128921932977,1603700,2022-01-10
312.8337707519531,312.8337707519531,312.99767195896885,306.6349453138265,311.79261120876873,1063600,2022-01-11
310.0284118652344,310.0284118652344,314.28951998124586,307.8207321475046,313.65324432118456,1191400,2022-01-12
305.9794006347656,305.9794006347656,312.8337720894026,305.2563641815544,310.6550128291889,1064300,2022-01-13
297.3704528808594,297.3704528808594,302.18107588546155,293.0708039293535,299.08645838494425,2622700,2022-01-14
295.21099853515625,295.21099853515625,295.91476468810663,287.0744250310273,289.8990807036484,2738200,2022-01-18
292.8683776855469,292.8683776855469,298.083884947895,292.6562857839574,295.63519288780475,1859800,2022-01-19
286.9587707519531,286.9587707519531,296.512497937465,286.08148280917965,294.3433881267804,1501300,2022-01-20
282.32159423828125,282.32159423828125,290.9980302812649,282.2348334083023,286.9586649253975,2124900,2022-01-21
287.78778076171875,287.78778076171875,288.867539919189,274.65744338728814,276.92296350720306,2987300,2022-01-24
283.6809997558594,283.6809997558594,288.20239082933637,280.07543735930136,283.9220119477486,2908000,2022-01-25
282.225341796875,282.225341796875,289.20504706930035,281.2323725140828,284.39445202417807,3524100,2022-01-26
272.9897155761719,272.9897155761719,284.3365595243816,269.75049626285215,279.8440885211699,3374500,2022-01-27
277.3569030761719,277.3569030761719,277.5015045389598,263.9373283410938,272.2281554460673,2316800,2022-01-28
276.20965576171875,276.20965576171875,278.51371730079256,273.01865630247056,276.6820303013519,2498700,2022-01-31
282.5530700683594,282.5530700683594,283.7195609232525,274.4550657227218,278.3498312614066,2221000,2022-02-01
283.7388000488281,283.7388000488281,285.1173825298275,279.7380041155048,283.1410946050622,1190100,2022-02-02
277.4821472167969,277.4821472167969,283.50745208776647,277.0676133025783,281.02986908435355,998800,2022-02-03
271.6014709472656,271.6014709472656,275.8143593708496,270.5217116101755,275.73721899369775,1459700,2022-02-04
269.1816101074219,269.1816101074219,272.51720951564505,269.1816101074219,272.0062650125923,1474900,2022-02-07
269.6155090332031,269.6155090332031,270.89768084094817,267.9862643997779,270.0300429073943,1125900,2022-02-08
276.31561279296875,276.31561279296875,278.1280289191909,272.7871912873206,272.8257614701249,1086400,2022-02-09
269.86614990234375,269.86614990234375,275.1587973569862,268.4972172016066,272.99930822810575,1215200,2022-02-10
263.2817077636719,263.2817077636719,269.86614748743904,262.4140698114652,268.91174868205485,1265100,2022-02-11
260.7558898925781,260.7558898925781,264.775956294563,259.502608993161,263.70587641302586,1074700,2022-02-14
261.8066711425781,261.8066711425781,265.16154125928034,260.5244700987824,264.8626885631472,1166900,2022-02-15
262.8285827636719,262.8285827636719,263.2334667129231,257.2853031399169,262.086246489329,924000,2022-02-16
257.61309814453125,257.61309814453125,263.2431390953737,256.88041170845474,261.49821327929203,946100,2022-02-17
258.4325256347656,258.4325256347656,261.7295555036478,256.7839812798949,258.0661824447943,1317400,2022-02-18
252.1758270263672,252.1758270263672,257.1310510933249,249.8139255413443,256.30195397508487,2088600,2022-02-22
250.07421875,250.07421875,254.60525926057855,249.83320658285072,253.44838909008982,2101400,2022-02-23
249.63079833984375,249.63079833984375,250.24777427251144,242.39078244559346,244.40565561505187,2010200,2022-02-24
258.25970458984375,258.25970458984375,258.375683885133,250.42312544808553,250.79996231930386,1423800,2022-02-25
254.25930786132812,254.25930786132812,257.8055674945266,252.03682827763916,255.8053742045981,2315000,2022-02-28
246.91551208496094,246.91551208496094,254.57816700502647,245.3887756427673,252.70356637670795,2311200,2022-03-01
251.44740295410156,251.44740295410156,252.37503095004791,246.963828322011,247.41797000594693,1449300,2022-03-02
249.34088134765625,249.34088134765625,255.03230045197904,247.58223069174105,253.95973528116602,997900,2022-03-03
249.77572631835938,249.77572631835938,250.02697058511015,244.97328947233854,246.8478901809473,1643700,2022-03-04
234.7595977783203,234.7595977783203,249.78537471899676,234.71128044361848,248.7707844121609,2197700,2022-03-07
231.7641143798828,231.7641143798828,239.71665814725756,228.23715537290528,234.27645359268146,2049100,2022-03-08
233.5614013671875,233.5614013671875,236.2959825235694,229.98612515955855,233.82228842455123,1887100,2022-03-09
229.54164123535156,229.54164123535156,231.36792436000042,227.89895512892545,230.3436617787364,1672300,2022-03-10
225.71514892578125,225.71514892578125,231.068391245107,225.45426185277012,229.98613895359068,1269900,2022-03-11
229.61895751953125,229.61895751953125,231.59017799709534,225.5412221278796,226.94233638458326,1340700,2022-03-14
234.2667999267578,234.2667999267578,236.238020411009,231.20366958797644,231.64815368750473,1757500,2022-03-15
236.1414031982422,236.1414031982422,241.1854263929568,231.5805238747119,236.72116699703486,1651100,2022-03-16
239.17555236816406,239.17555236816406,239.18520993786296,233.3488383090041,234.33444121601556,1409000,2022-03-17
243.05035400390625,243.05035400390625,244.11327641540166,236.62454643221162,239.76498158645262,2068300,2022-03-18
237.53285217285156,237.53285217285156,243.38855334185675,235.90948115144735,242.7314700313611,1135900,2022-03-21
241.7362060546875,241.7362060546875,243.64945168239282,240.17082460878143,243.01171296941175,1400300,2022-03-22
239.29148864746094,239.29148864746094,241.34001388073287,238.47981050722643,240.04519188401875,1276500,2022-03-23
241.50424194335938,241.50424194335938,241.58154671721263,238.28651735493904,240.08381279998736,1369800,2022-03-24
236.9434356689453,236.9434356689453,242.3353085665387,236.2187198258473,240.8858768803427,1143300,2022-03-25
242.13238525390625,242.13238525390625,242.17103027623332,235.8805023553629,237.26228675536453,1282100,2022-03-28
250.60670471191406,250.60670471191406,255.5154329359193,247.678854349506,250.31680072737598,1904000,2022-03-29
244.48040771484375,244.48040771484375,249.40846537316298,243.68805959092893,248.33590034727752,1157500,2022-03-30
241.2047576904297,241.2047576904297,246.88653471438764,241.2047576904297,244.90564176095356,1816700,2022-03-31
246.60630798339844,246.60630798339844,246.7609028206895,241.22407803343373,242.88609417545786,1378300,2022-04-01
250.30715942382812,250.30715942382812,250.34578969766108,243.81370528009435,245.26313674531386,1587500,2022-04-04
249.27320861816406,249.27320861816406,253.46689318388036,248.09433658899908,249.57275540937545,1603300,2022-04-05
253.7761993408203,253.7761993408203,254.7618023962463,245.7270192552075,247.2827433851055,1671300,2022-04-06
254.93568420410156,254.93568420410156,255.30287826744268,249.6211015770866,252.45234709711906,1559400,2022-04-07
254.86802673339844,254.86802673339844,257.7765323561419,253.553860263652,256.0662139206247,1131300,2022-04-08
252.29776000976562,252.29776000976562,255.5444729858226,251.94023822846032,253.2447032167333,995900,2022-04-11
248.28765869140625,248.28765869140625,256.25953293499913,247.21506391356607,254.12401569359395,857600,2022-04-12
249.68870544433594,249.68870544433594,250.96421213066063,245.65928799424765,247.11839168036556,1282300,2022-04-13
244.3741455078125,244.3741455078125,252.45232575201294,244.22920825526452,251.08018428745345,1246800,2022-04-14
237.87103271484375,237.87103271484375,244.06494018591363,237.1076719470493,241.34000189341313,1389300,2022-04-18
243.74607849121094,243.74607849121094,245.29214474807492,238.33486133656763,238.33486133656763,1275500,2022-04-19
244.55770874023438,244.55770874023438,249.9496097002457,242.5575012094867,246.43230891758537,1705500,2022-04-20
243.1276397705078,243.1276397705078,249.71771397304047,242.8570804040918,247.74650837004913,1408400,2022-04-21
236.66322326660156,236.66322326660156,242.68319256612565,236.39266384264874,242.68319256612565,1426500,2022-04-22
239.65870666503906,239.65870666503906,239.97758341153238,232.58547282147498,236.86613548507475,1738500,2022-04-25
262.22149658203125,262.22149658203125,266.6374385856046,257.3417553408472,259.7188148998859,5011900,2022-04-26
269.96148681640625,269.96148681640625,274.4160593626115,263.2651195256782,263.5453217521713,3950200,2022-04-27
271.8263854980469,271.8263854980469,275.102114895038,266.94664449884533,273.45941403993027,2367100,2022-04-28
265.6904296875,265.6904296875,275.39196542820895,264.66616719272724,270.5895148866299,3099500,2022-04-29
259.71875,259.71875,268.8211911174409,256.9455096259865,264.56950257670184,2870700,2022-05-02
260.2889404296875,260.2889404296875,261.9412843137659,256.95526520702987,259.4386024459764,2007000,2022-05-03
273.0052490234375,273.0052490234375,273.60434264922026,261.1005780785786,261.3228348543969,2059100,2022-05-04
267.6134033203125,267.6134033203125,272.64775422520046,264.38597629530466,270.66684665064406,2130000,2022-05-05
264.16375732421875,264.16375732421875,266.4731697782265,259.10041880665574,266.4731697782265,1758600,2022-05-06
267.6326904296875,267.6326904296875,271.3722189006331,260.4338356731647,260.887992046229,2280300,2022-05-09
257.3900451660156,257.3900451660156,270.560550991406,256.24016046520137,269.2754013492512,2208700,2022-05-10
255.7473907470703,255.7473907470703,262.31813562534694,254.8873804983962,256.41410216224904,1376500,2022-05-11
265.28460693359375,265.28460693359375,265.8353684561577,252.20106452476716,253.57320589685173,2637500,2022-05-12
264.1153869628906,264.1153869628906,268.5410008560114,261.37113361124875,266.36685367180047,1501600,2022-05-13
262.22149658203125,262.22149658203125,265.4488940617046,256.37546761080984,261.49678078450324,1278700,2022-05-16
260.18267822265625,260.18267822265625,267.13029028454713,257.67032389274004,266.019035656232,1603800,2022-05-17
250.90621948242188,250.90621948242188,258.94573867807844,249.36015356191027,257.41898789189963,1526900,2022-05-18
251.2064971923828,251.2064971923828,255.03218539485647,247.12901241561744,249.62779562810664,1690300,2022-05-19
249.83123779296875,249.83123779296875,254.0539960236054,242.30577353515073,252.31066143531825,2576100,2022-05-20
251.10960388183594,251.10960388183594,253.55997229395965,249.26941128361378,252.40742454704636,1290300,2022-05-23
249.54061889648438,249.54061889648438,251.83601987585416,246.19920847905883,251.22587356607912,1450700,2022-05-24
256.7755126953125,256.7755126953125,257.10480786574203,247.7101121226808,249.11447134359491,1420800,2022-05-25
263.409912109375,263.409912109375,265.63750919610993,258.01521735210133,261.76340674470583,1363900,2022-05-26
267.6520690917969,267.6520690917969,267.6811236789932,263.9329341453827,265.47288638090174,1180100,2022-05-27
259.6036071777344,259.6036071777344,264.12660512686983,256.65928111090176,264.12660512686983,4118300,2022-05-31
256.9111633300781,256.9111633300781,261.6181845336899,255.13874456299337,261.6181845336899,1202100,2022-06-01
261.0079345703125,261.0079345703125,261.2791205353382,256.72706829690236,258.1604671590155,2271600,2022-06-02
260.41717529296875,260.41717529296875,264.8239550725914,258.0249158122162,258.40262543704216,1395800,2022-06-03
266.3736267089844,266.3736267089844,267.2065741951024,259.7392196374984,260.523723103541,1220000,2022-06-06
268.50439453125,268.50439453125,269.5503892980372,262.90631708247406,263.5649074747867,1293200,2022-06-07
259.6423645019531,259.6423645019531,267.0903297247292,258.52856582468587,266.36393542776455,1154600,2022-06-08
253.7440643310547,253.7440643310547,265.2307956637073,253.6278459644377,258.88693395328795,1593100,2022-06-09
239.6326446533203,239.6326446533203,250.1701949996959,239.43894245469227,250.005562170466,1513800,2022-06-10
230.37351989746094,230.37351989746094,237.5309241144998,229.18223744355987,233.85052355783537,1635600,2022-06-13
222.25726318359375,222.25726318359375,231.67133373299203,219.79721452231155,229.46309642175328,1539000,2022-06-14
221.78271484375,221.78271484375,226.1604405543422,217.33717045903535,224.4267859797871,1580200,2022-06-15
212.0587158203125,212.0587158203125,216.77544640152058,209.31778609924723,216.26211414370005,1553000,2022-06-16
215.77783203125,215.77783203125,219.1579920105401,207.4775745505271,211.68097249942363,2627900,2022-06-17
213.220947265625,213.220947265625,217.10474515104764,210.3928537255036,214.7221651994116,2509400,2022-06-21
214.23788452148438,214.23788452148438,216.51392585591336,208.24270800012124,208.358941134952,2370500,2022-06-22
217.81175231933594,217.81175231933594,218.22822607092192,213.55024498958068,215.0708227112525,2481900,2022-06-23
223.97157287597656,223.97157287597656,224.36867196824704,218.88681284311656,219.85533856366132,2744300,2022-06-24
220.0102996826172,220.0102996826172,223.93283168987205,219.06113386417047,223.10957894048093,1633400,2022-06-27
216.28146362304688,216.28146362304688,224.08777810887028,215.79720079113696,221.8795407776433,1143300,2022-06-28
218.31536865234375,218.31536865234375,219.19673053398498,214.13133078248333,215.3226279634602,1266800,2022-06-29
216.8625946044922,216.8625946044922,218.49940541391163,211.72940540160877,216.94975837127643,1548400,2022-06-30
227.8262939453125,227.8262939453125,228.07812008299837,217.31779907479532,217.9182802735308,2295800,2022-07-01
234.60595703125,234.60595703125,235.0224307331047,223.70036385932008,225.66646968762095,2331100,2022-07-05
235.09991455078125,235.09991455078125,239.26456289806336,232.8044987797198,235.19675824575984,1817700,2022-07-06
231.9522247314453,231.9522247314453,238.0248702172897,231.681038718291,233.2112963160064,1528300,2022-07-07
230.7899627685547,230.7899627685547,232.1168529132218,228.72701325377795,230.99335965067365,923500,2022-07-08
234.34449768066406,234.34449768066406,236.0006684421916,228.5817576279269,228.80452919164173,1214200,2022-07-11
238.79969787597656,238.79969787597656,244.24280766401066,235.94254997302903,237.36628395606414,1691000,2022-07-12
237.9861297607422,237.9861297607422,238.80938249492638,230.38319730960689,232.44616172403698,1308500,2022-07-13
236.74644470214844,236.74644470214844,237.44378444801728,233.0079345895579,234.6447455269853,1098300,2022-07-14
237.8408966064453,237.8408966064453,241.22104231534524,236.13628167706722,240.79488858300073,1109600,2022-07-15
235.59388732910156,235.59388732910156,239.31302264081037,234.45103404438555,238.36387154927147,1269600,2022-07-18
239.69070434570312,239.69070434570312,240.2040217164206,235.4001431567765,238.46068751018709,1034900,2022-07-19
241.6761932373047,241.6761932373047,242.63503890733386,238.43162654640562,240.4364816441408,1062800,2022-07-20
248.51402282714844,248.51402282714844,248.99828571029664,241.8602555418218,242.57696992915209,1087000,2022-07-21
250.85784912109375,250.85784912109375,254.95469388464193,248.77549523617012,250.50916450205605,1496900,2022-07-22
250.85784912109375,250.85784912109375,251.66171244091817,247.71982055651765,249.69560646704608,1194600,2022-07-25
246.28634643554688,246.28634643554688,249.18224304247698,244.5914267861636,248.91105708085777,1366300,2022-07-26
224.66891479492188,224.66891479492188,225.93768113679567,213.79237498382224,219.0708372571928,7253600,2022-07-27
235.39047241210938,235.39047241210938,237.87959047852658,223.25484694527748,223.56478225347388,2498400,2022-07-28
234.32510375976562,234.32510375976562,238.2960501531274,233.8795754475006,235.35173860888585,1974000,2022-07-29
235.4389190673828,235.4389190673828,236.06846966677796,231.31300472688343,232.81422258263493,2162200,2022-08-01
235.9425048828125,235.9425048828125,237.64710449482536,231.91343513238922,236.40739299908387,1980000,2022-08-02
231.78756713867188,231.78756713867188,235.57449122278427,230.33477865435188,235.14833756948582,1887400,2022-08-03
235.4389190673828,235.4389190673828,237.05635528304046,232.02971909620823,232.02971909620823,1016700,2022-08-04
229.61807250976562,229.61807250976562,233.24036391302045,228.3105569159933,232.45584568963952,1955100,2022-08-05
232.9207305908203,232.9207305908203,235.2645608068964,231.20643611340512,232.2524455515638,1518600,2022-08-08
225.04664611816406,225.04664611816406,232.63988452747043,224.8723037965799,231.93286486086805,2056700,2022-08-09
236.0684814453125,236.0684814453125,239.43894705752962,229.705259909419,230.3929197230777,2464800,2022-08-10
236.31057739257812,236.31057739257812,239.55512943550744,234.48974445124384,238.48976009335559,1624800,2022-08-11
243.6907501220703,243.6907501220703,243.8941470200824,236.95949951376855,237.39533311976103,1479100,2022-08-12
249.24038696289062,249.24038696289062,250.14110872275273,243.4292330689821,244.21373648009515,1333600,2022-08-15
248.20407104492188,248.20407104492188,250.77068780121968,247.09027239888138,247.313043950913,1369200,2022-08-16
243.5551300048828,243.5551300048828,246.14109154301295,242.17982544781702,244.41711718425952,1419500,2022-08-17
241.71055603027344,241.71055603027344,244.61337920873981,240.22516881954013,243.4969019183106,1262600,2022-08-18
237.44854736328125,237.44854736328125,241.6134531869966,237.02137449646452,240.759122267237,939900,2022-08-19
234.400146484375,234.400146484375,237.40004536986942,233.41958636749624,234.44869155784326,1065400,2022-08-22
231.13809204101562,231.13809204101562,233.82732884191427,230.04103571288417,232.3807687605473,1241300,2022-08-23
232.54580688476562,232.54580688476562,235.61367147420742,230.2060738698757,231.31283327063954,1464200,2022-08-24
237.4000244140625,237.4000244140625,237.49711455242868,233.06035891607348,234.28362947843632,825300,2022-08-25
228.8274383544922,228.8274383544922,237.85627120377734,228.66239700519913,237.85627120377734,1184000,2022-08-26
227.18675231933594,227.18675231933594,229.4779402460198,224.88586130473962,227.0120078536639,1255700,2022-08-29
228.1478729248047,228.1478729248047,231.2254403265936,227.57507969279118,229.06046678672365,1343600,2022-08-30
225.3324432373047,225.3324432373047,231.05070225597868,225.29360125996502,230.98273620257117,1742500,2022-08-31
225.55577087402344,225.55577087402344,226.60428223126968,223.37137591656293,224.35192120891637,1575000,2022-09-01
225.0509033203125,225.0509033203125,229.3711476735415,224.11890320633768,228.39060249211752,1199100,2022-09-02
221.72093200683594,221.72093200683594,225.96350740543667,221.22579303604473,225.72079687116658,1303000,2022-09-06
231.69146728515625,231.69146728515625,231.7497302563314,221.58501201898548,222.90535790199328,1434500,2022-09-07
233.7593231201172,233.7593231201172,234.09912372756182,228.62357573185574,229.84683125368588,1179700,2022-09-08
233.34190368652344,233.34190368652344,235.29329096638293,232.52638506738273,234.1671105797539,1318300,2022-09-09
235.88551330566406,235.88551330566406,237.68157717014913,233.97295312612061,234.87582919557374,1477800,2022-09-12
224.12863159179688,224.12863159179688,229.83718848625074,223.5461203444082,229.24497414982696,1084200,2022-09-13
219.26467895507812,219.26467895507812,223.69171625284437,217.3424010648319,223.3519156159363,1360900,2022-09-14
217.34242248535156,217.34242248535156,223.15777216588089,217.0123397171154,219.4006178704349,1100000,2022-09-15
215.0997772216797,215.0997772216797,216.66283362369018,213.29401029025064,213.29401029025064,2410700,2022-09-16
216.6725311279297,216.6725311279297,216.99291079617058,214.13864748742165,214.42018517618652,1159800,2022-09-19
212.44935607910156,212.44935607910156,214.09008142500755,210.7406794965883,213.58523943845034,1188000,2022-09-20
207.60487365722656,207.60487365722656,214.70172712512752,207.4301291877413,213.67263685671438,1197100,2022-09-21
201.9837188720703,201.9837188720703,206.3039636180015,201.62449719139383,205.5467079013608,2213900,2022-09-22
205.06126403808594,205.06126403808594,206.73111359033499,200.3817981311411,200.44976418697507,1610600,2022-09-23
202.9059600830078,202.9059600830078,206.12916234905194,200.80893799284937,204.89618897004138,1783300,2022-09-26
202.4788055419922,202.4788055419922,206.50780873812053,200.0322795493686,205.24571117290114,1538200,2022-09-27
206.8573455810547,206.8573455810547,207.9446840568666,202.10991321020464,205.50786076099254,1579500,2022-09-28
201.7798309326172,201.7798309326172,205.47873719114554,200.30416151574744,205.08070316418272,1100800,2022-09-29
198.77992248535156,198.77992248535156,204.60497515891498,198.60517801580465,202.33320817155524,1512200,2022-09-30
208.1291046142578,208.1291046142578,209.76011200023115,200.6244855798367,200.80894792288973,1606400,2022-10-03
213.1095428466797,213.1095428466797,214.9444338128673,210.3620579413737,210.9251481338909,1704400,2022-10-04
211.03195190429688,211.03195190429688,213.30373377768643,210.27469621779218,210.27469621779218,1363200,2022-10-05
210.4494171142578,210.4494171142578,214.06095041282848,209.55624428321715,210.96396217111956,1178100,2022-10-06
199.60511779785156,199.60511779785156,208.5368610861722,198.10030976016415,207.4786468791437,1198900,2022-10-07
199.79928588867188,199.79928588867188,201.43029333250985,194.4014067571035,199.16822970247702,1621700,2022-10-10
198.54690551757812,198.54690551757812,202.46911575866247,196.4693040895951,198.23624375977772,1228300,2022-10-11
195.6343994140625,195.6343994140625,200.34298984173793,195.21694439360664,200.0420311406882,1399100,2022-10-12
199.6827850341797,199.6827850341797,201.0516758752165,189.54720651132217,192.35293943344334,1797200,2022-10-13
195.81883239746094,195.81883239746094,203.13898952127266,195.5858397936278,200.70216657111152,1181000,2022-10-14
203.02249145507812,203.02249145507812,204.03217551616603,199.6245441679496,199.6245441679496,1304500,2022-10-17
206.43014526367188,206.43014526367188,212.45906596498332,205.15834457653648,208.7601602065594,1270700,2022-10-18
201.19732666015625,201.19732666015625,205.13894330454863,199.33331156391588,203.8962665737217,1046500,2022-10-19
195.3528594970703,195.3528594970703,202.7118448052227,193.96454751303745,200.31386349870056,1704800,2022-10-20
201.76040649414062,201.76040649414062,201.86718490073088,193.2072753969953,193.69269643294825,2082600,2022-10-21
206.33302307128906,206.33302307128906,208.68245863753117,201.4496896118324,202.98362155617986,2003700,2022-10-24
213.7794189453125,213.7794189453125,221.9053770722015,212.75032873050705,218.3423736708574,2812500,2022-10-25
214.43960571289062,214.43960571289062,215.97353799370876,209.09997421457263,213.05129382011313,2100300,2022-10-26
215.38131713867188,215.38131713867188,217.97346366363956,214.84735104239596,215.72110297166623,1755000,2022-10-27
219.63357543945312,219.63357543945312,220.9733421028493,215.14829026390652,215.3618766831109,1469300,2022-10-28
218.46859741210938,218.46859741210938,221.6529583271588,217.65309360032532,218.6336387920746,1666000,2022-10-31
218.2258758544922,218.2258758544922,220.953939657781,214.97354904593396,220.41997356496,2148900,2022-11-01
209.4397430419922,209.4397430419922,218.84720450584706,209.14848747569937,218.43945263858652,1777100,2022-11-02
210.857177734375,210.857177734375,213.5366963389701,205.69229114981135,206.20683622807917,1767600,2022-11-03
209.92515563964844,209.92515563964844,214.62404204674502,206.79904330198875,214.09977908564176,1774000,2022-11-04
214.91529846191406,214.91529846191406,215.56576085349334,209.4203437534107,211.2455167220346,1343100,2022-11-07
218.8472137451172,218.8472137451172,221.6238226084341,215.28422518932183,217.01232285804275,1273800,2022-11-08
215.52694702148438,215.52694702148438,219.40061234824384,214.98327781363213,217.71134175481023,988200,2022-11-09
232.03126525878906,232.03126525878906,237.72040063969763,224.98295684375557,227.29355100176792,2699300,2022-11-10
230.3225860595703,230.3225860595703,235.31271388100367,229.24495073169876,230.5944206635492,1913100,2022-11-11
227.25473022460938,227.25473022460938,230.6915048868792,226.36155723223348,229.8371738759275,2775900,2022-11-14
233.57485961914062,233.57485961914062,236.4582613762949,230.93416834784873,232.0312244843856,1799200,2022-11-15
233.78848266601562,233.78848266601562,236.07967060413566,232.1380540663073,232.9923998508562,1539900,2022-11-16
230.77137756347656,230.77137756347656,232.29939928660215,225.47680182175145,231.7641142277696,1521100,2022-11-17
233.62303161621094,233.62303161621094,238.34338306160444,231.24827233171024,233.58410746601942,1394800,2022-11-18
232.86387634277344,232.86387634277344,237.4479708264848,232.35778815352612,234.07073286895405,1583000,2022-11-21
236.94183349609375,236.94183349609375,237.06836295053276,229.32115157625663,233.62298966755853,2046800,2022-11-22
243.3167724609375,243.3167724609375,243.37516611018776,235.18025899580866,237.07812685082854,1380500,2022-11-23
242.84963989257812,242.84963989257812,243.19027450764784,240.3386086932132,241.3702695660241,403900,2022-11-25
238.9954376220703,238.9954376220703,243.12209497030932,238.5574704505318,240.7570484826005,817000,2022-11-28
235.11212158203125,235.11212158203125,240.3482880606612,233.20451168493895,238.45042033834756,1239100,2022-11-29
242.51869201660156,242.51869201660156,242.91773509702318,230.3042016327959,231.16066659338375,2873600,2022-11-30
244.8837432861328,244.8837432861328,246.53829443771934,242.2364555032432,246.53829443771934,1061000,2022-12-01
250.85958862304688,250.85958862304688,252.74772912500177,240.0855149725808,241.74008088105805,1769300,2022-12-02
246.8107452392578,246.8107452392578,249.6429554323492,246.15865820990197,246.96647150471193,1431600,2022-12-05
246.6842803955078,246.6842803955078,248.71840502655394,242.71334893079631,247.60888115044904,1150600,2022-12-06
244.4068145751953,244.4068145751953,248.6308048196555,243.30703291749933,246.58693809327553,1285700,2022-12-07
247.64779663085938,247.64779663085938,247.77432609899026,243.19997395765108,244.79613131742107,1153900,2022-12-08
246.11976623535156,246.11976623535156,248.3972074744883,245.21462019361712,247.39474364228172,972700,2022-12-09
247.09304809570312,247.09304809570312,247.87164986977842,242.37269687326793,247.87164986977842,1402700,2022-12-12
251.9398956298828,251.9398956298828,258.53867477723674,248.21229587756895,254.87918114544826,1312700,2022-12-13
242.0320281982422,242.0320281982422,252.0080148561893,241.99310405298672,247.20981571888484,1742900,2022-12-14
237.66209411621094,237.66209411621094,239.4334325052537,234.78121698290357,239.4334325052537,1324600,2022-12-15
234.04153442382812,234.04153442382812,237.02945661792626,232.13392442480182,235.5403591830883,2295300,2022-12-16
231.74459838867188,231.74459838867188,235.15103277732095,230.81025556482868,233.26289248290112,1026100,2022-12-19
232.20204162597656,232.20204162597656,234.06098515205196,230.09978135096597,230.7518684560073,952800,2022-12-20
235.7350311279297,235.7350311279297,235.83234892752816,232.1436731481801,233.07800124888792,1046500,2022-12-21
234.84933471679688,234.84933471679688,235.07318197298056,231.36503700575304,232.78599853737705,934200,2022-12-22
236.18270874023438,236.18270874023438,237.70100293315852,232.45509422766992,234.25564417620575,605000,2022-12-23
233.0196075439453,233.0196075439453,236.20219512252422,232.68870029380932,235.3651848216125,653300,2022-12-27
231.1314697265625,231.1314697265625,235.7934275120965,230.84922879831348,233.58410700839636,861100,2022-12-28
234.8688201904297,234.8688201904297,235.62796732901444,232.61083342375298,232.91254384410368,605200,2022-12-29
230.98548889160156,230.98548889160156,234.421120659738,228.82483468291414,233.21426407668085,877700,2022-12-30
232.9709014892578,232.9709014892578,234.64492180560387,230.57667314553893,234.14856101504625,1006100,2023-01-03
237.65234375,237.65234375,238.5477625146031,234.24590903759736,235.92967174521624,790100,2023-01-04
221.66159057617188,221.66159057617188,234.69363695388182,220.445006654239,233.38946255378048,1601800,2023-01-05
229.4963836669922,229.4963836669922,230.86869383333382,222.01195734022198,223.32587385708138,1400000,2023-01-06
229.70074462890625,229.70074462890625,234.8201386717055,227.8126190800334,230.76161697007404,1047400,2023-01-09
227.84182739257812,227.84182739257812,229.56449941660816,226.40138143403772,227.68610109691804,865800,2023-01-10
237.2435760498047,237.2435760498047,237.43824134484504,230.41125189914447,230.8200222871507,1459100,2023-01-11
237.22412109375,237.22412109375,239.97846868518172,232.17286262206042,237.6328914812268,1077600,2023-01-12
239.30691528320312,239.30691528320312,239.8616697984346,234.5865639870894,234.5865639870894,827100,2023-01-13
241.1755828857422,241.1755828857422,241.80820054081158,238.25578167611064,239.90060540034338,1379100,2023-01-17
237.7399444580078,237.7399444580078,243.2388973038105,237.56474866802859,242.8301269283609,1382100,2023-01-18
228.0753936767578,228.0753936767578,237.19491590366252,227.61795698171812,235.3456996245362,1435400,2023-01-19
238.7521209716797,238.7521209716797,239.72538795365278,228.38683355401645,229.71047724353488,1648400,2023-01-20
239.4626007080078,239.4626007080078,241.09769695333424,235.70578957928072,237.74965617321988,1110900,2023-01-23
242.6938934326172,242.6938934326172,243.0637396962819,236.89321477231678,239.93954565783787,1133300,2023-01-24
240.4845733642578,240.4845733642578,242.70362124898256,238.15846550040698,238.9662790063807,1608800,2023-01-25
219.04347229003906,219.04347229003906,224.12392730267797,213.21361236755627,214.89736014733853,7703000,2023-01-26
222.43043518066406,222.43043518066406,224.48402915887146,219.0824091522942,219.0824091522942,2871700,2023-01-27
224.70791625976562,224.70791625976562,226.63498098918805,223.63731649293229,224.3088731784116,2315700,2023-01-30
230.26527404785156,230.26527404785156,230.74218030303925,225.15562145279966,225.64225503328078,2244400,2023-01-31
236.71803283691406,236.71803283691406,237.93461675090572,228.73724533130425,229.8370270909558,1818100,2023-02-01
238.7910919189453,238.7910919189453,241.12692704787747,235.9004874076372,237.42850905133693,1678000,2023-02-02
235.26785278320312,235.26785278320312,236.4941788382393,233.67169532741414,235.31651910855618,1691900,2023-02-03
236.53309631347656,236.53309631347656,237.6718170103937,233.02932889921075,234.44057804023925,1342400,2023-02-06
232.0657958984375,232.0657958984375,235.91019774462302,228.21165187726987,234.5865539733093,2156600,2023-02-07
229.214111328125,229.214111328125,231.26770534147587,225.204255944111,226.0801903247957,1268400,2023-02-08
225.32106018066406,225.32106018066406,232.3772466307984,224.6592456834174,230.2847283135233,1228200,2023-02-09
224.32835388183594,224.32835388183594,226.05102606875522,222.78084780506262,224.016901261066,1451800,2023-02-10
226.84910583496094,226.84910583496094,229.39906097893228,224.7079211059934,225.3697356300344,1575700,2023-02-13
225.749267578125,225.749267578125,227.6860741677732,223.8708694805989,225.749267578125,1246200,2023-02-14
226.43055725097656,226.43055725097656,227.89045772287423,223.1409249528959,225.46703244408448,1906700,2023-02-15
221.05812072753906,221.05812072753906,224.53267591633187,220.82453131996385,221.9048581973279,1712400,2023-02-16
221.8854217529297,221.8854217529297,222.10928387094734,218.25513975164944,220.10434123840298,1594900,2023-02-17
217.2526397705078,217.2526397705078,221.26249466772018,215.68567945907418,220.39628771611243,2326000,2023-02-21
216.678466796875,216.678466796875,218.8877724984451,216.08477325109394,218.77098519464482,2339200,2023-02-22
217.0872039794922,217.0872039794922,218.18698557397244,213.54451274804453,217.04826498360092,1718500,2023-02-23
215.75509643554688,215.75509643554688,216.2723297302404,211.44155779212636,213.72519326959585,1423100,2023-02-24
216.59437561035156,216.59437561035156,219.25861690764253,215.5501403857942,218.4095764141829,1173900,2023-02-27
216.0186004638672,216.0186004638672,218.36078843922203,215.21834372267236,215.94052554585298,1675400,2023-02-28
213.73495483398438,213.73495483398438,215.59895445360425,212.3882034191634,213.72520105324037,1515300,2023-03-01
218.6243133544922,218.6243133544922,219.75636256143105,211.04145550059175,211.52941262313647,1350100,2023-03-02
222.84024047851562,222.84024047851562,223.308690007031,218.8097250377197,220.8786583358891,1297500,2023-03-03
219.06346130371094,219.06346130371094,224.99702141686916,219.06346130371094,223.46482897758915,1861500,2023-03-06
215.1890411376953,215.1890411376953,219.6489753512594,214.08625353128562,218.6535388825645,1310100,2023-03-07
214.7303924560547,214.7303924560547,217.01402802742507,213.22749119465587,215.1207521654063,1035000,2023-03-08
211.9587860107422,211.9587860107422,217.76547193431395,211.51962764347945,216.47727306425884,1502500,2023-03-09
208.9432373046875,208.9432373046875,214.63280401709142,208.26985412044857,213.46170994902192,1678600,2023-03-10
208.45526123046875,208.45526123046875,212.64192623788634,206.78644153917955,206.7961953194877,1727300,2023-03-13
211.7635955810547,211.7635955810547,213.46167650173922,208.86512965426328,210.78768152870114,1472000,2023-03-14
211.33419799804688,211.33419799804688,213.47145222592022,208.591881802928,209.78249817743946,1425700,2023-03-15
215.04266357421875,215.04266357421875,215.81362910973112,209.76296507083072,210.72911043509475,1390400,2023-03-16
212.08567810058594,212.08567810058594,214.83774836231132,210.95361407064786,214.3497912691934,1756500,2023-03-17
214.261962890625,214.261962890625,215.02317476573958,211.91975990535275,212.2223058122095,1035100,2023-03-20
215.48182678222656,215.48182678222656,217.297027524052,212.34913610683208,215.67700661538984,1110000,2023-03-21
206.24969482421875,206.24969482421875,213.72520085733402,206.0740374233777,213.70567840459557,2572700,2023-03-22
204.02459716796875,204.02459716796875,208.1429558169541,200.4820242578834,206.72788336543462,1873400,2023-03-23
206.19114685058594,206.19114685058594,207.61598810617633,200.85289509231583,203.585457775782,2237100,2023-03-24
208.7772979736328,208.7772979736328,209.57755468998974,206.0154741523479,208.65043926565656,1021700,2023-03-27
206.6205291748047,206.6205291748047,209.20669551735458,205.8397949364587,209.20669551735458,958900,2023-03-28
210.13381958007812,210.13381958007812,210.2118795994612,206.8059491085611,209.0700619523348,1005200,2023-03-29
211.79287719726562,211.79287719726562,212.0563632763896,209.96790774689373,211.38299507180574,1063800,2023-03-30
219.35623168945312,219.35623168945312,219.85394255422779,211.84169557484205,212.67121368279982,1484500,2023-03-31
221.18118286132812,221.18118286132812,223.02566001335515,219.7661103188766,221.5129900991753,1864700,2023-04-03
217.8630828857422,217.8630828857422,222.77192992930085,217.52150697253484,220.71275045183006,1747600,2023-04-04
217.4629364013672,217.4629364013672,219.26836851600183,215.15002479518566,217.04328560318407,1361200,2023-04-05
218.5852508544922,218.5852508544922,218.6340495410734,214.9158189491178,214.9158189491178,1366200,2023-04-06
218.97560119628906,218.97560119628906,219.15125857899886,216.5553236096644,216.77979456481594,1085200,2023-04-10
220.82986450195312,220.82986450195312,221.69842754633683,219.21961202468898,219.89299520686927,1096000,2023-04-11
220.34190368652344,220.34190368652344,223.45507232194004,220.07840268679274,222.95736144802095,1206000,2023-04-12
221.97164916992188,221.97164916992188,222.64503225150122,219.9222385860573,221.08356380461387,1318900,2023-04-13
220.2150115966797,220.2150115966797,223.07444766467162,219.48307601872762,221.7667263393014,1012100,2023-04-14
225.1433868408203,225.1433868408203,225.38736537335075,220.7224970226705,221.22020786817612,1269200,2023-04-17
224.528564453125,224.528564453125,227.22208201208736,223.21107445975022,226.47062398446712,887000,2023-04-18
227.96377563476562,227.96377563476562,228.31510531348974,223.51360963177174,224.4602475191321,1140200,2023-04-19
228.1394500732422,228.1394500732422,229.48620144500737,225.6118211621303,227.4172682570291,1213800,2023-04-20
228.0125732421875,228.0125732421875,228.9689649053713,225.90459517979784,228.14920062264233,1132600,2023-04-21
230.86224365234375,230.86224365234375,231.36972316827246,227.69052273750785,228.87138538411227,2008400,2023-04-24
229.13487243652344,229.13487243652344,233.38985864651315,226.81220692907027,232.3456382690223,2550100,2023-04-25
223.38671875,223.38671875,230.29619196955167,223.06468021974425,229.87655607837405,1538200,2023-04-26
227.08543395996094,227.08543395996094,227.09518773923054,221.95211672360324,223.99178832716888,1664400,2023-04-27
231.818603515625,231.818603515625,232.88236108613964,227.33916185836298,227.62218525565007,1911100,2023-04-28
226.35353088378906,226.35353088378906,232.25781448389395,226.314485978584,231.4575577311401,1666200,2023-05-01
226.29493713378906,226.29493713378906,227.1830075330713,223.7282786160855,225.4946805270277,1230700,2023-05-02
225.94361877441406,225.94361877441406,229.339795404898,225.5532442304545,227.79784946160675,1486700,2023-05-03
221.86428833007812,221.86428833007812,226.48037233720288,220.68344071245352,224.3431182643139,1363400,2023-05-04
225.280029296875,225.280029296875,226.0997936471234,223.1525434986682,223.6600081585731,1008000,2023-05-05
225.36781311035156,225.36781311035156,227.43676091859874,225.08480460220946,225.28975309458303,1085700,2023-05-08
223.82589721679688,223.82589721679688,225.86555404286668,222.90853561123942,223.5819187000536,875400,2023-05-09
224.4602508544922,224.4602508544922,228.32487737788395,222.59625128436147,226.2852055201469,958600,2023-05-10
224.63587951660156,224.63587951660156,224.91890291841224,223.15250094415242,224.46022214273233,1503700,2023-05-11
221.9521484375,221.9521484375,226.87076410260042,220.45900097626873,225.88509616995495,2209600,2023-05-12
221.1421356201172,221.1421356201172,224.25528901448428,219.97102681568109,222.68406675617513,1233600,2023-05-15
216.8676300048828,216.8676300048828,219.90272341670774,216.41870297187631,219.59042376048282,1477300,2023-05-16
222.14735412597656,222.14735412597656,223.7185765837318,216.49680256849027,216.86765472972098,1792200,2023-05-17
227.8667449951172,227.8667449951172,227.99395670165347,221.05629010046928,222.122867687877,1224100,2023-05-18
227.76890563964844,227.76890563964844,229.77486406679301,225.44003552053852,229.35409491752236,1046900,2023-05-19
225.6846466064453,225.6846466064453,229.10944831132258,225.66507213032273,228.15050801462309,1332300,2023-05-22
222.17181396484375,222.17181396484375,226.2815736129203,221.23243307882066,224.344118266004,1445900,2023-05-23
223.8646240234375,223.8646240234375,225.78251968050748,221.3596284206166,225.64552820007046,1200700,2023-05-24
221.6433868408203,221.6433868408203,224.47129407769174,218.48278814807023,224.07989412147577,1947800,2023-05-25
224.21688842773438,224.21688842773438,225.42045749268513,222.0739385526833,222.11308750736953,1118000,2023-05-26
223.53192138671875,223.53192138671875,225.85099666495486,221.12476842971418,223.90376178543875,1229700,2023-05-30
222.88612365722656,222.88612365722656,223.8352843086619,219.578738503526,223.63958431403609,1976200,2023-05-31
229.84335327148438,229.84335327148438,230.14669048702484,222.3185716614053,222.8861120679769,1722500,2023-06-01
235.65573120117188,235.65573120117188,237.62254065853776,231.84930906285877,231.94715158849223,1693700,2023-06-02
234.57937622070312,234.57937622070312,237.98461887269832,234.4815336878463,235.39154539127338,1253000,2023-06-05
235.13710021972656,235.13710021972656,237.62252114479497,233.13114197207685,234.33471094828656,944000,2023-06-06
235.58718872070312,235.58718872070312,237.3974468490776,234.29555710862738,234.63802828767857,1345500,2023-06-07
238.02374267578125,238.02374267578125,240.48960433452785,235.07841828543948,235.9395012199756,1623700,2023-06-08
235.58718872070312,235.58718872070312,236.8005522977008,233.894362506844,236.8005522977008,1021900,2023-06-09
239.64805603027344,239.64805603027344,239.70676452755225,234.89247364833219,236.47766279866244,1026600,2023-06-12
241.8790740966797,241.8790740966797,242.20198577011857,239.39363816085947,239.72634453803795,805900,2023-06-13
240.56787109375,240.56787109375,244.42320688845317,239.4425701079694,244.40364734261252,1168900,2023-06-14
244.11012268066406,244.11012268066406,245.61702911496798,239.55023948796114,241.11586936052234,1045000,2023-06-15
242.56405639648438,242.56405639648438,245.33325533730607,242.2509393946028,245.33325533730607,2244800,2023-06-16
243.03369140625,243.03369140625,243.80672638104338,239.72632187132024,240.05901328609107,1210400,2023-06-20
241.96714782714844,241.96714782714844,244.100317937034,240.48959579763775,242.65210522722123,970500,2023-06-21
240.9886474609375,240.9886474609375,243.8165549139436,240.18627301008456,243.53279216364197,820500,2023-06-22
241.7322998046875,241.7322998046875,242.72060935012593,237.23114049365915,238.41513509019913,1608500,2023-06-23
246.30197143554688,246.30197143554688,246.5563799131125,242.70102914081534,244.6874130270982,1109500,2023-06-26
251.17494201660156,251.17494201660156,253.1319714266109,246.04751958723526,246.56613118641178,1795300,2023-06-27
250.51937866210938,250.51937866210938,254.99119900611942,249.08097546851704,252.04585954588302,1837500,2023-06-28
255.6761474609375,255.6761474609375,256.7329303346651,249.6386978402255,249.86376700067888,1410700,2023-06-29
259.815185546875,259.815185546875,260.78393530586476,256.0968420158529,256.86008220851096,1769000,2023-06-30
258.45513916015625,258.45513916015625,258.85633384303094,256.4785199976075,257.2907040679333,753100,2023-07-03
253.22007751464844,253.22007751464844,257.4668284779299,252.41768815233013,256.96777633713856,2068700,2023-07-05
251.84034729003906,251.84034729003906,252.17303873595813,247.3783222265693,249.77568048126372,1300800,2023-07-06
249.93226623535156,249.93226623535156,252.88738532261016,249.67785774436382,251.0869215457309,1018900,2023-07-07
251.4098358154297,251.4098358154297,254.19860936068878,249.72680385880122,249.9029293807571,1047300,2023-07-10
255.7642364501953,255.7642364501953,255.9305672651526,252.18286823320406,252.65256614854752,770500,2023-07-11
257.5549011230469,257.5549011230469,259.73700012282995,255.6468149655175,259.30645117343863,917900,2023-07-12
260.5784912109375,260.5784912109375,260.72529232717187,256.4491573716358,257.7408041335565,1154100,2023-07-13
261.3026123046875,261.3026123046875,261.93864098091075,258.62146132601697,260.617639969122,1137100,2023-07-14
262.07562255859375,262.07562255859375,262.49640664463516,259.8739641173433,261.4004747762284,945600,2023-07-17
261.9386291503906,261.9386291503906,265.3536362459228,260.11857609455296,262.40832700458463,1623600,2023-07-18
262.2517395019531,262.2517395019531,264.49251670880943,261.17536733823425,262.4180702815873,1385800,2023-07-19
260.60784912109375,260.60784912109375,262.89760016842405,259.8348438834612,261.34173526495755,1256000,2023-07-20
262.9563293457031,262.9563293457031,263.94460912438126,256.0871353874349,259.73700684683763,2298600,2023-07-21
262.26153564453125,262.26153564453125,263.02477602228095,259.92290071423406,262.66273031079623,2275500,2023-07-24
270.0309143066406,270.0309143066406,276.90010676631096,268.97413154617567,269.1991708206074,4040500,2023-07-25
274.86480712890625,274.86480712890625,275.40300819736746,271.3715020525744,273.455743398317,2289000,2023-07-26
271.1073303222656,271.1073303222656,277.7025110590774,269.70806121042114,275.6280642909351,1889700,2023-07-27
274.1015625,274.1015625,276.048797406861,272.69249879132707,273.8569337986596,1202000,2023-07-28
270.5593566894531,270.5593566894531,275.93139367333697,266.8116579439868,275.43237140470575,1780000,2023-07-31
274.1798400878906,274.1798400878906,275.55951958273005,269.365534463058,270.27554599774777,2013400,2023-08-01
271.7139587402344,271.7139587402344,273.47530314337496,269.7373697673392,271.44977051761794,1239800,2023-08-02
267.359619140625,267.359619140625,271.94885610612704,266.8214180641864,271.0779635691878,1580600,2023-08-03
267.68255615234375,267.68255615234375,271.04865008019846,266.645332660123,270.12884360794123,1218400,2023-08-04
268.4261779785156,268.4261779785156,270.6278362036769,266.8703430828298,269.09156085304147,1096700,2023-08-07
266.9486083984375,266.9486083984375,267.11496904632025,263.53360145320835,266.15601383442674,964300,2023-08-08
265.6765441894531,265.6765441894531,268.46528728349153,265.5493324965097,266.7235322566575,1339800,2023-08-09
266.99755859375,266.99755859375,270.14837773452257,266.18540437416004,266.4104735491812,1112400,2023-08-10
267.8390808105469,267.8390808105469,268.5436126835396,265.6667766906445,267.43788614629653,1240600,2023-08-11
270.6866149902344,270.6866149902344,270.77467775868007,266.6257836261697,267.47708691638684,1359200,2023-08-14
269.34600830078125,269.34600830078125,271.9879804897622,269.1307338383988,269.37536255192873,1026800,2023-08-15
267.20306396484375,267.20306396484375,270.77463728463215,266.79207457828784,270.05054583326194,1662000,2023-08-16
262.85369873046875,262.85369873046875,268.72800793330293,262.40259081007787,267.6590620305231,1189100,2023-08-17
264.9327392578125,264.9327392578125,265.7467266952039,259.97046258143484,261.176719058531,1440600,2023-08-18
265.1582946777344,265.1582946777344,266.86468137412766,262.61831760925884,265.1190587972978,964300,2023-08-21
265.187744140625,265.187744140625,267.87481865481044,263.19694945995695,266.88434450521845,1016000,2023-08-22
266.7960205078125,266.7960205078125,268.3357070546409,265.3642251478852,266.13897664727773,1784700,2023-08-23
264.03057861328125,264.03057861328125,268.12002984697733,263.67751545404826,266.18807374644615,929200,2023-08-24
259.51934814453125,259.51934814453125,264.8346578442803,259.2251239260076,264.4423888144574,1478100,2023-08-25
261.2159118652344,261.2159118652344,263.4028557956237,259.26435328938794,259.46050276347233,1731300,2023-08-28
265.2367248535156,265.2367248535156,265.33479958619284,259.5095136180013,261.1472748619124,1461800,2023-08-29
264.9033203125,264.9033203125,266.7862536060193,264.4914482949301,265.678071868875,944100,2023-08-30
266.472412109375,266.472412109375,267.7669268087214,264.6385312494049,265.51132757291344,1490100,2023-08-31
269.5125732421875,269.5125732421875,269.86560641242045,267.2079513980212,267.93365064452917,1575700,2023-09-01
264.3835754394531,264.3835754394531,268.8849280843953,262.53987790054805,268.4436366063881,1463900,2023-09-05
263.8736267089844,263.8736267089844,265.00141149323525,262.15742336349484,265.00141149323525,1083600,2023-09-06
265.92327880859375,265.92327880859375,266.90396650300744,262.5497107455537,263.3440653837717,1038400,2023-09-07
266.2076721191406,266.2076721191406,268.53189703978285,265.1877485926075,265.32502929967654,1088400,2023-09-08
268.3651428222656,268.3651428222656,269.3360438506626,266.5116589102515,266.72741136898316,1035800,2023-09-11
263.54022216796875,263.54022216796875,266.98241571918436,262.4418267802092,266.805899112089,1358100,2023-09-12
263.275390625,263.275390625,264.0305392480031,260.33332775896895,262.8635185835539,910000,2023-09-13
262.8929748535156,262.8929748535156,264.8837698080325,261.36310434306006,264.25611527645316,1035500,2023-09-14
256.5773010253906,256.5773010253906,262.72620149002717,255.7044746977244,262.72620149002717,2620100,2023-09-15
254.9297637939453,254.9297637939453,256.4890535489651,254.18443161108868,256.13599043616557,1471400,2023-09-18
256.3713684082031,256.3713684082031,256.54788499539336,252.52705980508767,254.01769419949,1264400,2023-09-19
254.79244995117188,254.79244995117188,259.20554427223124,254.55709449774298,257.9992877169856,864500,2023-09-20
249.46731567382812,249.46731567382812,253.14489416199515,249.3300200088341,252.97816410211902,1207700,2023-09-21
249.751708984375,249.751708984375,251.02660585560372,248.79063932752481,250.26167072568754,1091800,2023-09-22
251.26194763183594,251.26194763183594,252.0759350543304,247.47650807205983,248.82004522077008,978300,2023-09-25
248.9671630859375,248.9671630859375,251.948461852012,247.8785992213685,250.05572695050654,1030900,2023-09-26
245.77992248535156,245.77992248535156,250.41858562566085,244.13237449367438,249.93804331270235,1243200,2023-09-27
251.26194763183594,251.26194763183594,251.89938855071634,245.86818109613728,246.5056220150177,1371500,2023-09-28
250.1243896484375,250.1243896484375,253.96868346415434,249.14370199246565,253.25277070113853,1450900,2023-09-29
247.77069091796875,247.77069091796875,250.19299024037676,245.83873534561738,249.25153862016612,1217700,2023-10-02
243.9656524658203,243.9656524658203,249.6830628294605,243.73028206050802,246.64292535828895,1787600,2023-10-03
251.50714111328125,251.50714111328125,251.88962365437575,246.64293885024907,248.31992128111133,1872100,2023-10-04
248.820068359375,248.820068359375,252.79184131638573,247.54517143895285,251.45812049612934,1220800,2023-10-05
249.92822265625,249.92822265625,252.40936090654813,246.34870419829872,247.30977378640407,1196800,2023-10-06
246.95675659179688,246.95675659179688,248.1433801981776,243.1516839464529,246.9959775112693,1140100,2023-10-09
248.3101043701172,248.3101043701172,251.48753767131814,246.15259458174376,246.34872911448576,1277300,2023-10-10
250.6049041748047,250.6049041748047,252.5858973282558,246.35854001056293,249.545774729068,1470700,2023-10-11
244.25987243652344,244.25987243652344,250.4283909755599,242.57308853478804,250.4283909755599,931900,2023-10-12
242.17100524902344,242.17100524902344,246.62332049587164,240.91572628233033,244.25005823183912,939600,2023-10-13
247.4961395263672,247.4961395263672,247.82958470289597,244.13238804130899,245.19153250792166,1132900,2023-10-16
247.95703125,247.95703125,249.6438149970697,244.6030816963904,245.21110317587923,934100,2023-10-17
237.6107940673828,237.6107940673828,243.21052689584428,237.20872352063796,243.07323122922537,1540600,2023-10-18
234.27645874023438,234.27645874023438,238.62091256313997,232.50141658928953,236.34571016221048,2148400,2023-10-19
233.1094512939453,233.1094512939453,235.99267537773991,233.04081093981526,234.60010071113894,1663600,2023-10-20
234.0312957763672,234.0312957763672,236.09074578810467,231.7757112311561,231.7757112311561,3265800,2023-10-23
230.4419708251953,230.4419708251953,242.98497375971047,227.61760067887184,240.2684648851412,3721400,2023-10-24
234.0018768310547,234.0018768310547,236.56147215308732,229.86337382050218,230.65772840939064,2266700,2023-10-25
233.11924743652344,233.11924743652344,236.60067631764693,232.88387703407173,235.32579445565477,1536400,2023-10-26
231.47169494628906,231.47169494628906,235.26695120118094,230.4812058491707,232.7367903406566,1426800,2023-10-27
230.87347412109375,230.87347412109375,234.4725958349356,227.5783631704762,233.2663542710084,1920000,2023-10-30
233.609619140625,233.609619140625,234.61972625520932,231.28537916041185,231.35403448087217,1249000,2023-10-31
234.2960662841797,234.2960662841797,234.59027554215416,231.35400363264404,233.10942776385434,1327600,2023-11-01
240.58229064941406,240.58229064941406,242.19061772444064,235.3650254035319,236.82625532332338,1495500,2023-11-02
246.0643310546875,246.0643310546875,247.731496993705,242.26905984014576,242.26905984014576,1444600,2023-11-03
245.6622314453125,245.6622314453125,247.12346128290315,245.10323235865482,245.55435521617352,1048200,2023-11-06
247.12347412109375,247.12347412109375,247.95704960401366,244.67175511702598,246.15258800840502,1017200,2023-11-07
251.144287109375,251.144287109375,251.75230864064912,247.3588323263251,247.7511163498128,1173800,2023-11-08
247.5255584716797,247.5255584716797,251.61503916698305,247.3294239332352,251.43852257161484,1116300,2023-11-09
250.81085205078125,250.81085205078125,251.4286900232323,246.8292628152192,248.349331578045,1518300,2023-11-10
248.98678588867188,248.98678588867188,250.69318778009358,247.8688025705972,249.9870914777195,1079300,2023-11-13
261.1963195800781,261.1963195800781,263.5107577705333,253.52733572387984,254.0470989304493,1664000,2023-11-14
259.67626953125,259.67626953125,263.92263353261524,259.5880112415081,261.196323290487,1201300,2023-11-15
264.7039794921875,264.7039794921875,265.2544198523246,260.0252364310222,260.0252364310222,1327700,2023-11-16
265.667236328125,265.667236328125,266.7681169290871,263.71120847451357,265.76553566679945,1104400,2023-11-17
268.38018798828125,268.38018798828125,269.7366411024154,264.6843481986697,265.667281760013,1987900,2023-11-20
268.8716125488281,268.8716125488281,269.9430063628443,266.3258186243176,268.58655346171,1838300,2023-11-21
269.9626159667969,269.9626159667969,273.0588497606155,268.9010612362778,272.0661075580517,764700,2023-11-22
271.12249755859375,271.12249755859375,272.08578305757095,270.15924205636236,270.4147843341249,364900,2023-11-24
270.68017578125,270.68017578125,271.7908952049188,269.3433709007325,270.1887091333784,1378500,2023-11-27
268.78314208984375,268.78314208984375,270.4934365550964,268.0950767319799,269.90367053360535,1249600,2023-11-28
269.0485534667969,269.0485534667969,271.38793994973173,268.54724779281105,269.9135397290668,1037400,2023-11-29
274.04180908203125,274.04180908203125,274.3563549568091,267.6920679682739,268.743813863893,1648000,2023-11-30
277.5116271972656,277.5116271972656,277.767199529563,271.41745693882945,273.43245879912837,1537100,2023-12-01
276.6564636230469,276.6564636230469,280.6766581708486,275.2312279991543,276.3222698216496,1608800,2023-12-04
278.1701354980469,278.1701354980469,278.4257077656607,273.69780079527453,276.0469958819153,1786800,2023-12-05
281.8168029785156,281.8168029785156,284.4608960015531,281.0697940552213,281.2073891213238,3189700,2023-12-06
286.6037292480469,286.6037292480469,287.84223502466875,281.58095359263433,282.6130217419865,1923800,2023-12-07
284.8738098144531,284.8738098144531,287.4490909264072,283.3502448077292,285.95504272318425,1265600,2023-12-08
286.6528625488281,286.6528625488281,288.3435091395318,285.09981103116354,287.99947646181533,1360800,2023-12-11
289.7884216308594,289.7884216308594,290.31918404986715,285.9255007087964,287.6554430319905,1890000,2023-12-12
298.21221923828125,298.21221923828125,298.90025471393744,289.8572842004137,290.61413222266077,1864600,2023-12-13
301.5344543457031,301.5344543457031,304.89609961648904,299.7946731071555,301.03317873272067,2130800,2023-12-14
304.4833068847656,304.4833068847656,306.54747328420467,300.37465195428496,300.37465195428496,2849100,2023-12-15
303.1071472167969,303.1071472167969,303.7264000163093,301.308392415268,303.7067521484697,1255400,2023-12-18
301.96697998046875,301.96697998046875,305.16151372687534,301.7015987449814,303.7264392737331,1789300,2023-12-19
299.0181579589844,299.0181579589844,302.45842482152426,298.2613100480544,301.76055051421235,1567000,2023-12-20
301.6918029785156,301.6918029785156,302.5961150900753,299.9421823684735,301.9277274405655,921800,2023-12-21
305.9576416015625,305.9576416015625,306.0068062652691,300.9447057016276,302.45840140630287,1347900,2023-12-22
307.3338317871094,307.3338317871094,308.67060695364336,305.0730667306475,306.13465171277744,548500,2023-12-26
307.923583984375,307.923583984375,308.0612090805195,306.4885093931265,306.6162955547602,694100,2023-12-27
307.50091552734375,307.50091552734375,308.6411219980293,306.6457681735171,307.7958135782582,664200,2023-12-28
306.5769348144531,306.5769348144531,308.7787261241461,306.1936063700646,307.5598682572675,682000,2023-12-29
299.7062072753906,299.7062072753906,301.20025514825966,295.7548260609144,299.40150034077095,1968500,2024-01-02
291.70513916015625,291.70513916015625,296.089043794567,291.12521204414173,295.8629583099861,2153200,2024-01-03
290.72216796875,290.72216796875,292.8649853354109,288.1665654157992,290.1914055905643,1711200,2024-01-04
291.61669921875,291.61669921875,294.16249334605976,289.92605242416886,289.92605242416886,1343000,2024-01-05
294.35906982421875,294.35906982421875,295.22405602547286,289.54270210914166,291.8132758890601,1334500,2024-01-08
292.4325256347656,292.4325256347656,293.6218666504973,290.0439746735897,292.39319989964935,1730400,2024-01-09
293.30731201171875,293.30731201171875,293.7103182935821,291.43974460550146,292.3931911755816,1824100,2024-01-10
292.3440856933594,292.3440856933594,294.2411400902493,291.262852877574,293.89710737657913,1341200,2024-01-11
297.3471984863281,297.3471984863281,297.4159810282008,291.3316507553436,293.7693064390512,1515300,2024-01-12
294.95867919921875,294.95867919921875,297.6715853291637,293.59241719677954,296.8459247671697,1177800,2024-01-16
295.7449951171875,295.7449951171875,297.6125625079063,292.42267555011364,292.6782478235026,1562600,2024-01-17
301.14129638671875,301.14129638671875,301.56395054308297,295.4697815536502,296.73777401948917,1215500,2024-01-18
298.8314208984375,298.8314208984375,302.4093131055015,297.76002702238776,302.17341867312325,1673700,2024-01-19
302.2323913574219,302.2323913574219,303.18583801436813,299.74557090120607,299.8143534459403,1169100,2024-01-22
300.2467956542969,300.2467956542969,303.8934997735199,299.8339804688996,303.43151992536536,1409500,2024-01-23
295.92193603515625,295.92193603515625,302.57638455740675,295.7253373504578,301.25925736082047,1847000,2024-01-24
298.7232971191406,298.7232971191406,300.75797648309765,287.01655657169243,289.9653568104427,3830800,2024-01-25
296.6984558105469,296.6984558105469,301.03319574829595,295.50911478352526,299.0869767976493,1721500,2024-01-26
302.8320007324219,302.8320007324219,303.1367077401371,296.61985335540123,296.69850483937734,1564200,2024-01-29
302.37982177734375,302.37982177734375,304.7093692524716,301.4362140651998,302.2913613665254,1367700,2024-01-30
299.1852722167969,299.1852722167969,303.46103849364584,298.8117527264094,302.2520196163516,1910600,2024-01-31
303.80511474609375,303.80511474609375,304.24744688060196,297.20963845349115,299.68665041193054,1503100,2024-02-01
304.6994934082031,304.6994934082031,306.2525448679864,299.2540643569362,301.09214488480114,1526400,2024-02-02
299.29339599609375,299.29339599609375,302.7828277347005,297.70104860974146,301.85886789379884,2267500,2024-02-05
302.6255187988281,302.6255187988281,302.80243959921927,298.70362440643464,299.30319934000835,1517400,2024-02-06
304.57177734375,304.57177734375,307.6385552365472,304.20809672741467,304.8175107328146,1828500,2024-02-07
306.8226623535156,306.8226623535156,307.0880735759584,302.2225411276464,305.8004031932955,1260000,2024-02-08
306.419677734375,306.419677734375,307.64834460152923,304.1098080215247,306.8914966101921,912500,2024-02-09
305.1221923828125,305.1221923828125,307.91371957659015,304.9255937085234,306.63588818720325,991600,2024-02-12
301.96697998046875,301.96697998046875,302.98923917840847,296.8262571803244,300.4336061819335,975000,2024-02-13
305.7217712402344,305.7217712402344,306.5277838196448,302.18320503516736,303.6969308555912,945700,2024-02-14
307.17657470703125,307.17657470703125,309.0146556544138,306.2526147660874,307.65820254976205,977400,2024-02-15
303.80511474609375,303.80511474609375,307.5501194929365,303.52008558957016,306.50818224268954,1699200,2024-02-16
305.9478759765625,305.9478759765625,306.68507606582295,301.1511559296282,302.72385545273346,998200,2024-02-20
308.92620849609375,308.92620849609375,309.3979974245729,305.3385068676036,306.4491966345668,1097000,2024-02-21
315.14813232421875,315.14813232421875,315.7477373543964,309.1817188111667,309.624050882556,1020700,2024-02-22
317.24151611328125,317.24151611328125,318.05916105175686,315.0446646741802,315.9805505047772,1387800,2024-02-23
317.71441650390625,317.71441650390625,319.6748163892382,316.73911695967774,317.24154308658956,1532200,2024-02-26
322.846923828125,322.846923828125,323.2114172522995,318.571461659523,320.1673680376886,1434000,2024-02-27
324.77777099609375,324.77777099609375,325.8121759159576,320.9554603758279,322.4922613376554,1340300,2024-02-28
327.09283447265625,327.09283447265625,327.8809267405468,324.8270466546262,325.9402187154786,1852500,2024-02-29
330.2452087402344,330.2452087402344,330.94464276643083,324.05859226859064,325.3884939914717,1596200,2024-03-01
332.0874328613281,332.0874328613281,332.47161804830193,329.1714555673185,329.33891088396643,1146100,2024-03-04
328.32421875,328.32421875,334.45173029852157,327.30953576342796,330.66883362827855,1277800,2024-03-05
331.48651123046875,331.48651123046875,332.42239711496654,329.24041517146736,331.2796422689773,1097600,2024-03-06
339.5350036621094,339.5350036621094,340.99300728981063,334.9442929800805,338.8848140739638,1581400,2024-03-07
335.6240539550781,335.6240539550781,342.53965803680893,335.01327796173615,340.91419900786525,1297500,2024-03-08
335.32855224609375,335.32855224609375,335.5748348467984,330.93484900359044,335.23003319305303,992700,2024-03-11
337.6042175292969,337.6042175292969,338.1854408876386,334.10698639052816,335.5551293558187,1305100,2024-03-12
331.8017578125,331.8017578125,336.9145868424939,328.6296368157002,336.6288906170754,1835200,2024-03-13
329.9398498535156,329.9398498535156,333.6931938521594,327.44747142313287,331.5258951893089,1417100,2024-03-14
329.6836853027344,329.6836853027344,332.9247721667101,325.9007888395437,326.5017038472625,1623800,2024-03-15
330.2845764160156,330.2845764160156,333.30893320875055,329.7230750758507,332.7769545069131,1083200,2024-03-18
331.57513427734375,331.57513427734375,332.3533956113892,329.8511562984547,331.34857355522973,855800,2024-03-19
335.97869873046875,335.97869873046875,337.75195142454504,331.1318741736713,332.7573332620632,1222700,2024-03-20
342.0668029785156,342.0668029785156,342.4509881601953,334.9541610497506,337.919382792786,1332200,2024-03-21
337.7716369628906,337.7716369628906,341.84023010256016,337.5647680080679,341.84023010256016,889300,2024-03-22
336.91461181640625,336.91461181640625,337.42686882427193,335.07242269650624,336.20531669424093,1168800,2024-03-25
336.91461181640625,336.91461181640625,339.34788521540986,336.70774284104834,337.1412026414713,1127200,2024-03-26
341.7318420410156,341.7318420410156,341.87960556367705,338.9537675598257,339.86993146411527,958500,2024-03-27
342.165283203125,342.165283203125,343.1898271010439,339.5054495143261,341.4264355011603,995100,2024-03-28
333.1316833496094,333.1316833496094,341.3181141674053,332.78688171374444,341.28856145940506,992200,2024-04-01
328.994140625,328.994140625,330.0186846609141,326.66924730696513,329.8511992645094,1608100,2024-04-02
329.3192138671875,329.3192138671875,330.51121310314073,327.2307424574874,328.5409525183232,1095100,2024-04-03
324.955078125,324.955078125,334.9443141602827,323.7729397603565,332.6194209984962,1316700,2024-04-04
326.91552734375,326.91552734375,327.5755478721712,324.47239314305074,326.14712683878884,870300,2024-04-05
327.3587951660156,327.3587951660156,328.580377213118,326.0190323538415,327.5361414731024,1097700,2024-04-08
329.5753479003906,329.5753479003906,331.87071846090106,322.4528746819014,331.64412765651906,789900,2024-04-09
316.38446044921875,316.38446044921875,324.1374313375521,316.23669691244964,322.5316640891471,1563100,2024-04-10
315.1629333496094,315.1629333496094,317.694695649639,314.54229638237376,317.694695649639,1323300,2024-04-11
313.5177001953125,313.5177001953125,314.50283043944546,310.3652713885714,312.87737154938395,1280100,2024-04-12
309.3013610839844,309.3013610839844,317.2612006693762,308.75955144521816,317.2612006693762,1745200,2024-04-15
303.79449462890625,303.79449462890625,307.272003475839,302.36604363122177,305.96176330702383,1440700,2024-04-16
305.5480651855469,305.5480651855469,306.76961732795337,303.26255531721586,306.1687021817036,1523900,2024-04-17
304.77960205078125,304.77960205078125,308.5821903913454,303.08517681547454,306.848381591903,1127500,2024-04-18
301.4104919433594,301.4104919433594,306.5233211783582,300.8292686088879,306.2179331562425,1563300,2024-04-19
304.6614074707031,304.6614074707031,307.35079396010804,300.38594555850335,301.5779448086198,1638000,2024-04-22
297.8639831542969,297.8639831542969,300.1396618065721,290.17011791441337,293.40134409669616,4426500,2024-04-23
299.213623046875,299.213623046875,299.66677454612125,295.89370883535355,297.32215973001195,2287900,2024-04-24
300.2775573730469,300.2775573730469,302.9669738526314,295.36176691048024,298.7604483283743,2004800,2024-04-25
301.8932189941406,301.8932189941406,305.3017617138586,301.3513792432434,301.6370754732149,1820300,2024-04-26
301.5385437011719,301.5385437011719,305.16381615555525,300.37609710935203,302.93744201917656,1645300,2024-04-29
295.1549072265625,295.1549072265625,300.78002350439084,294.6623420223684,300.78002350439084,1779400,2024-04-30
298.8294372558594,298.8294372558594,303.1640047902739,293.9333382057054,296.71141301261287,1954600,2024-05-01
299.9327392578125,299.9327392578125,301.6961307747321,296.169564654669,300.1199164052738,1521000,2024-05-02
306.6710510253906,306.6710510253906,310.87757665628226,306.32627947068033,310.75936583023406,2027800,2024-05-03
310.3061828613281,310.3061828613281,310.79874801019275,307.0257121979576,308.97628101042625,1533900,2024-05-06
314.0102844238281,314.0102844238281,315.0742119241608,309.90227782776833,310.64112555582443,1820400,2024-05-07
314.2565612792969,314.2565612792969,315.19244707664797,312.74931314405126,313.28129191642927,933600,2024-05-08
315.68505859375,315.68505859375,316.0987965389849,312.6311482453333,314.26646836821186,1287500,2024-05-09
316.0888977050781,316.0888977050781,317.4779350536523,314.95600385822144,317.2119606921858,1075700,2024-05-10
311.1731262207031,311.1731262207031,318.18724966876727,310.9465654756596,316.7194150328856,1153700,2024-05-13
309.38018798828125,309.38018798828125,311.4095541933622,307.2917163647062,310.81850000842115,2196100,2024-05-14
311.66571044921875,311.66571044921875,315.08411425615844,310.9071708383582,311.6460186635141,1509100,2024-05-15
310.0513610839844,310.0513610839844,312.3519310964989,309.1825079561408,311.96684550697785,1139600,2024-05-16
308.4518127441406,308.4518127441406,311.89772583148635,307.30646946834645,311.89772583148635,968600,2024-05-17
305.509521484375,305.509521484375,308.45184055725946,304.97633764041825,307.8100613714762,1424400,2024-05-20
306.04266357421875,306.04266357421875,307.44473062711444,304.7689885118754,306.0920497447222,1529700,2024-05-21
303.3372802734375,303.3372802734375,306.7338071289938,302.21167340684394,305.1935251982054,1876300,2024-05-22
299.25946044921875,299.25946044921875,303.8704529450462,299.03235640587314,303.6532321611165,1569900,2024-05-23
300.9873352050781,300.9873352050781,303.50512560409425,299.6149181188996,299.9407342199128,1011200,2024-05-24
297.91668701171875,297.91668701171875,301.5797908558662,297.2354049585952,300.4344475510772,1735100,2024-05-28
293.6709899902344,293.6709899902344,296.4948601861156,292.04184917393945,295.55685449666987,1711700,2024-05-29
298.23260498046875,298.23260498046875,298.7361691159259,292.60466107619106,294.21406555219875,1149100,2024-05-30
299.96044921875,299.96044921875,300.77009298181343,297.01813086461465,298.29180566419376,6144800,2024-05-31
298.212890625,298.212890625,301.7970188687557,294.44116122405273,301.1256200598025,1971300,2024-06-03
301.9747314453125,301.9747314453125,303.07071871969583,296.2480450173123,298.2030021108155,3117700,2024-06-04
304.33453369140625,304.33453369140625,304.49251519275697,298.143756018029,302.30057082583744,1607500,2024-06-05
300.2172546386719,300.2172546386719,304.62088024252154,299.18053670425024,304.0284872125056,1727100,2024-06-06
288.26025390625,288.26025390625,291.48891574539823,278.5248520938925,289.97825358353606,3302700,2024-06-07
289.4056091308594,289.4056091308594,291.1729952288499,286.5126462245757,287.1741919032285,2137400,2024-06-10
292.25909423828125,292.25909423828125,293.256339303394,288.08254295624664,289.47472671692486,1082400,2024-06-11
295.5075378417969,295.5075378417969,302.41907082263174,294.6189181992109,299.7334453733745,1639800,2024-06-12
296.65283203125,296.65283203125,296.9095255811551,292.2590604547662,295.1520229769391,1333100,2024-06-13
293.236572265625,293.236572265625,296.15918489781393,290.6793088113779,294.5892531147933,927900,2024-06-14
299.0224914550781,299.0224914550781,299.32857116598296,292.18993535680795,292.456542295387,1535400,2024-06-17
296.3961486816406,296.3961486816406,298.66706882657047,294.9644619825164,298.66706882657047,1973200,2024-06-18
297.5414733886719,297.5414733886719,299.9407552417715,294.28316149073737,295.44827127163563,1786400,2024-06-20
297.45263671875,297.45263671875,303.02134181200546,295.88273501342024,298.83493726445937,2312700,2024-06-21
296.7515563964844,296.7515563964844,300.7207698421507,296.7318200093312,298.18324296014123,1602300,2024-06-24
290.9557800292969,290.9557800292969,298.06479733615595,288.5762343770273,296.44550945385777,2654500,2024-06-25
293.1081848144531,293.1081848144531,293.66113509725216,289.3364859561454,290.10662689004874,1617500,2024-06-26
293.2464294433594,293.2464294433594,294.1646686069329,291.8345094221371,293.2661658301855,1133200,2024-06-27
294.6583557128906,294.6583557128906,295.8432018491279,292.1307120786807,293.24643566172824,2175800,2024-06-28
292.0517272949219,292.0517272949219,295.33962851607276,290.9557401332796,294.80644475819577,1818500,2024-07-01
290.9261474609375,290.9261474609375,292.6737971260452,288.63546086023376,291.77529427494443,2354000,2024-07-02
293.46368408203125,293.46368408203125,293.927745347034,289.84993617130846,290.9261569493165,1007000,2024-07-03
291.9629211425781,291.9629211425781,293.0095223290345,290.6003569215971,293.0095223290345,1097900,2024-07-05
296.45538330078125,296.45538330078125,296.6627208438456,292.65403430784846,292.6738008284487,1660500,2024-07-08
295.1322937011719,295.1322937011719,296.2874900332957,294.09554582179936,296.2874900332957,1229200,2024-07-09
301.51068115234375,301.51068115234375,302.0339817238173,295.0434731339539,296.2085528769491,1241800,2024-07-10
310.0019836425781,310.0019836425781,310.82148067350045,302.7547516910266,304.55175738761614,1603100,2024-07-11
314.3463439941406,314.3463439941406,316.0248709603171,309.07383605839703,310.4857560774452,1494700,2024-07-12
314.445068359375,314.445068359375,316.7851106672185,312.7566883614946,313.48732634605017,1961900,2024-07-15
322.27490234375,322.27490234375,322.4032642055639,315.8471971793635,316.1828965930886,2239900,2024-07-16
321.6824951171875,321.6824951171875,323.469617746469,318.276114639736,320.4680592640335,1824100,2024-07-17
321.34674072265625,321.34674072265625,325.67138992807287,320.35937899107756,320.8234402101951,2013900,2024-07-18
317.7823486328125,317.7823486328125,320.9517710480412,316.8443430256815,320.6950473804294,1537700,2024-07-19
318.276123046875,318.276123046875,319.24371845047256,313.9909759015144,318.2662397854033,2350500,2024-07-22
340.1461181640625,340.1461181640625,341.18283593444846,327.54737276634734,334.7156286142734,4163100,2024-07-23
327.8238525390625,327.8238525390625,340.24488080200246,327.49803640453507,339.81043920137205,1919900,2024-07-24
338.40838623046875,338.40838623046875,343.7500173822448,331.16115396572906,331.16115396572906,2536100,2024-07-25
344.8065185546875,344.8065185546875,347.5415001276224,338.66512642703236,339.85982587050074,1928900,2024-07-26
348.0943603515625,348.0943603515625,349.30882610772846,344.3819007951815,345.06318278865405,1322900,2024-07-29
347.39337158203125,347.39337158203125,352.18208233132214,345.2014271839997,348.4695923266116,1358200,2024-07-30
346.3664855957031,346.3664855957031,351.20458221682844,343.6611240761152,350.0098528190331,1785300,2024-07-31
345.95184326171875,345.95184326171875,349.1113830426498,342.47631033123525,346.9392050929894,1351600,2024-08-01
342.8613586425781,342.8613586425781,344.92494102981266,338.2405130061327,344.0165851176338,1446500,2024-08-02
334.80450439453125,334.80450439453125,340.7187918503889,331.872038684874,336.76934470644056,2539100,2024-08-05
339.77093505859375,339.77093505859375,342.1307442048969,333.5999238582912,335.3376902545014,2579200,2024-08-06
335.41668701171875,335.41668701171875,343.1378639422586,334.57742340937443,342.278863950314,1909700,2024-08-07
338.3787536621094,338.3787536621094,340.225115404939,335.74251453292067,337.2827965286444,1774100,2024-08-08
341.2717590332031,341.2717590332031,342.2985936464017,337.43090703263977,337.43090703263977,1763100,2024-08-09
338.90203857421875,338.90203857421875,341.5284244539299,337.727075677193,341.0248904494113,1790000,2024-08-12
344.66827392578125,344.66827392578125,346.0703410620114,338.6750101776711,338.9020841270517,2487700,2024-08-13
347.699462890625,347.699462890625,347.906800438283,343.9277334631369,344.98421785435704,1230800,2024-08-14
351.9648742675781,351.9648742675781,353.1201008717067,349.36810782234477,350.562807204882,1277800,2024-08-15
350.624267578125,350.624267578125,352.7513557503456,347.98273028003723,352.1181899179282,1023700,2024-08-16
352.20721435546875,352.20721435546875,352.7018874093388,349.7932074371872,351.03979319452276,1457500,2024-08-19
351.5542297363281,351.5542297363281,354.68056694814163,350.6044659607284,351.6927526788354,1739800,2024-08-20
354.1562805175781,354.1562805175781,355.0565892337583,350.65398631696155,351.5542950331417,1238400,2024-08-21
354.09686279296875,354.09686279296875,356.4712873711364,352.87995623265124,355.25438081081893,1077700,2024-08-22
354.90814208984375,354.90814208984375,356.8571551407232,353.4636750258781,355.5413079022768,1358600,2024-08-23
356.8472900390625,356.8472900390625,359.26129722809173,355.5017634815534,356.04592201730986,1359200,2024-08-26
356.1448059082031,356.1448059082031,359.0435826207473,355.2345942474067,356.84723315762864,1380200,2024-08-27
357.8465576171875,357.8465576171875,359.0535612732103,355.68975980424534,356.9462488891953,1156500,2024-08-28
356.7680969238281,356.7680969238281,359.2810445724036,355.531414249276,358.9743496845105,847500,2024-08-29
365.434814453125,365.434814453125,366.3252200272604,357.3023871834463,358.865571144495,1882200,2024-08-30
359.87469482421875,359.87469482421875,367.23543326571024,358.5588776096087,364.4355664985491,1446200,2024-09-03
358.83587646484375,358.83587646484375,361.7445566891736,357.6090666540194,359.6767965753716,990300,2024-09-04
356.2437438964844,356.2437438964844,359.5679626184656,354.1958203381765,359.2513646082868,874300,2024-09-05
356.9858093261719,356.9858093261719,360.42874529227544,354.09693506075115,356.7186966965636,1171200,2024-09-06
360.0230712890625,360.0230712890625,360.83434240831605,357.00557749671276,358.98426987004365,1169700,2024-09-09
367.88836669921875,367.88836669921875,368.3731366442611,360.29019562115076,361.71482627989656,1480900,2024-09-10
367.64105224609375,367.64105224609375,368.0664638639243,356.3921908352806,365.88989015708233,1743800,2024-09-11
369.98577880859375,369.98577880859375,370.2726976443395,363.91117898993707,367.1958154353518,902600,2024-09-12
371.40057373046875,371.40057373046875,374.8237032787151,370.5695265091145,371.00484127160263,1006400,2024-09-13
375.0215759277344,375.0215759277344,376.08018362985865,371.90514137164615,373.00330118402604,1154300,2024-09-16
373.97283935546875,373.97283935546875,378.75136790700043,373.08243387168346,376.2087712840981,830400,2024-09-17
371.3114929199219,371.3114929199219,375.5953785623438,370.40131138984526,374.5565470123754,1172500,2024-09-18
375.7042541503906,375.7042541503906,376.93103389011316,372.2811244361132,375.95159072323486,1069300,2024-09-19
374.4873046875,374.4873046875,375.47665086618747,371.70724434078414,374.6456036991839,2543500,2024-09-20
377.8016357421875,377.8016357421875,378.32598803045323,373.47819759682557,375.1007398880331,1213700,2024-09-23
377.49493408203125,377.49493408203125,379.62202237593846,375.69431674981405,376.1988929739667,1079200,2024-09-24
377.1189880371094,377.1189880371094,379.3450170506658,374.99189968486786,379.3450170506658,759400,2024-09-25
379.8396911621094,379.8396911621094,381.12585937767835,375.9021124865151,376.2681657611356,981700,2024-09-26
378.6524353027344,378.6524353027344,381.14557655001715,376.55499625571673,379.404317791152,1325900,2024-09-27
377.6037902832031,377.6037902832031,379.4043774821897,372.59767056386164,378.35567288991314,1706700,2024-09-30
376.5253601074219,376.5253601074219,379.73086229730916,373.69584449337754,378.9789495305227,1255500,2024-10-01
374.13116455078125,374.13116455078125,376.4858133497558,372.2909649091864,373.42873719903304,794300,2024-10-02
369.12506103515625,369.12506103515625,373.2506176447692,368.3533722324082,373.2506176447692,713800,2024-10-03
367.3442077636719,367.3442077636719,370.52990352533396,364.32671412959803,370.52990352533396,883700,2024-10-04
363.8617248535156,363.8617248535156,365.09840753766514,359.9736017407371,362.10068991898464,805300,2024-10-07
369.421875,369.421875,371.3412090951354,365.1478920545984,366.0581038678129,1013400,2024-10-08
374.9226379394531,374.9226379394531,375.13042238580374,370.1441089450523,371.32143337123597,834000,2024-10-09
372.43939208984375,372.43939208984375,374.67529398912524,370.3716319457051,372.31077225200784,975500,2024-10-10
374.9523010253906,374.9523010253906,375.0314656279695,371.81609052642943,373.29020668062856,945400,2024-10-11
380.0672302246094,380.0672302246094,380.9081805118791,373.3297851880157,374.8632596823406,849500,2024-10-14
384.4104309082031,384.4104309082031,388.3876217171515,380.4629494682272,382.53067927928356,1037100,2024-10-15
385.2414855957031,385.2414855957031,387.0321995898121,384.0938405167944,384.0938405167944,777200,2024-10-16
384.934814453125,384.934814453125,388.12051049303165,383.3815638321305,386.220982656133,1080700,2024-10-17
384.22247314453125,384.22247314453125,386.83436158726613,383.1342164858414,386.83436158726613,1280300,2024-10-18
377.6828918457031,377.6828918457031,383.8860813218639,376.8716207584848,382.33283081639513,1351000,2024-10-21
357.52996826171875,357.52996826171875,384.8557080486754,357.1540118395163,374.85343151696,4720200,2024-10-22
358.85565185546875,358.85565185546875,362.1798405671525,353.958376129651,354.3046533352305,1847800,2024-10-23
357.7377014160156,357.7377014160156,359.28107912689796,356.1250622225095,356.30316749103514,1386200,2024-10-24
355.2148742675781,355.2148742675781,361.15095157061444,354.80923869544324,357.76737422320554,1122000,2024-10-25
359.3998107910156,359.3998107910156,362.1996776596958,356.72859396145213,359.3206763736195,1002200,2024-10-28
357.7673645019531,357.7673645019531,359.8746767180632,355.04666247865504,355.04666247865504,1044300,2024-10-29
358.03448486328125,358.03448486328125,361.8632495490151,357.7772452083397,358.4598964522633,1334000,2024-10-30
354.94775390625,354.94775390625,358.3016522868816,354.79935800278236,355.9272272540415,949900,2024-10-31
354.1562805175781,354.1562805175781,360.112134110249,353.78032410945326,357.4903725699724,1093800,2024-11-01
370.41119384765625,370.41119384765625,379.61213119106645,365.23693278779837,378.1281119607534,5565700,2024-11-04
374.1806335449219,374.1806335449219,375.68445915517503,369.77806088570475,369.847292176347,2582500,2024-11-05
376.6737976074219,376.6737976074219,379.34501428877076,371.281848625751,375.8229441572496,4691300,2024-11-06
379.908935546875,379.908935546875,385.04364466927166,378.0984453105872,380.403608640035,16521800,2024-11-07
382.55047607421875,382.55047607421875,385.5877457049983,377.2574683135268,380.8784787222768,2209500,2024-11-08
385.1029968261719,385.1029968261719,387.3389288328478,382.63953452347255,382.63953452347255,1172600,2024-11-11
379.5824279785156,379.5824279785156,387.8137645085059,379.24602373825815,387.8137645085059,1146300,2024-11-12
383.16387939453125,383.16387939453125,385.4591395193084,379.43402508092754,380.94772348473305,1172700,2024-11-13
384.3214111328125,384.3214111328125,384.6479122821113,381.2346558618938,382.1943228704441,1276600,2024-11-14
375.6437072753906,375.6437072753906,385.2184181686376,375.43556993478984,382.2944832712135,1722800,2024-11-15
372.035888671875,372.035888671875,379.4894806527223,369.7561781557923,375.6635766772927,1511900,2024-11-18
370.2021789550781,370.2021789550781,371.8177916975804,364.1262989962496,369.1118853636849,1671700,2024-11-19
368.3784484863281,368.3784484863281,370.6977839324945,364.10650585604697,370.6977839324945,1440800,2024-11-20
379.93548583984375,379.93548583984375,380.0346089401259,366.22758079496367,369.795800668258,2588500,2024-11-21
384.87152099609375,384.87152099609375,385.0202207803893,379.57867377155736,381.60067020784805,1619900,2024-11-22
396.1807861328125,396.1807861328125,396.77549453354567,386.26908028101275,388.53886939055013,3291900,2024-11-25
392.6423034667969,392.6423034667969,396.49794105227386,391.6610240853848,396.23033590177437,1889300,2024-11-26
390.4815368652344,390.4815368652344,396.88452032238484,390.42206905277624,394.21826915405694,2249100,2024-11-27
393.8911437988281,393.8911437988281,395.24904252050845,390.16436335237745,394.0100794170596,1373200,2024-11-29
392.08721923828125,392.08721923828125,394.9814504529073,389.1930182717788,392.55307059052205,1538700,2024-12-02
391.82952880859375,391.82952880859375,394.48585848558025,386.9232227407424,392.24580347910194,1016900,2024-12-03
388.6082458496094,388.6082458496094,391.4033540677228,387.31970598224785,391.32404348455833,1213900,2024-12-04
381.8385009765625,381.8385009765625,388.07297168263204,381.0852319904664,386.972786983508,1388300,2024-12-05
381.56097412109375,381.56097412109375,386.2392999305289,381.06538888809473,384.3362695747613,1910000,2024-12-06
373.12615966796875,373.12615966796875,382.49270306650925,372.1548016552084,381.9971177994503,2337500,2024-12-09
368.3189697265625,368.3189697265625,372.51160164966177,367.33769034718136,372.04575029730364,1808600,2024-12-10
368.6559753417969,368.6559753417969,371.32222653069573,367.23860872040257,370.63831643402654,1302400,2024-12-11
363.61090087890625,363.61090087890625,367.68459708012443,363.0954728644957,367.4368044572341,1219300,2024-12-12
361.2816467285156,361.2816467285156,363.9875530789342,359.24975930569775,363.93797640513185,1118800,2024-12-13
361.80694580078125,361.80694580078125,365.01832835849905,360.7463861666288,362.9666285289135,1486600,2024-12-16
359.5867614746094,359.5867614746094,365.3256170076274,359.3389688445719,360.2607501687615,1292400,2024-12-17
345.58154296875,345.58154296875,361.34114936531796,345.27428250442904,358.387450105574,2306800,2024-12-18
339.35693359375,339.35693359375,346.82044565422063,339.15868741029465,345.9085555576951,2055800,2024-12-19
342.419677734375,342.419677734375,346.2654241577575,336.30414237073614,336.74025981553973,3294800,2024-12-20
341.79522705078125,341.79522705078125,342.75666363293715,337.75126477366405,341.30956319163084,1083300,2024-12-23
343.46038818359375,343.46038818359375,343.46038818359375,339.010042351515,340.76440323397605,445900,2024-12-24
342.4593200683594,342.4593200683594,343.57934754340823,339.822802978382,339.822802978382,750500,2024-12-26
340.2589416503906,340.2589416503906,343.3811227880415,338.3658022975374,341.05186597965536,881700,2024-12-27
335.7590026855469,335.7590026855469,339.55517234400577,334.12357743057765,339.54528120785295,1217400,2024-12-30
336.9285888671875,336.9285888671875,338.05853778332306,334.5894409503175,335.8878719165354,1053100,2024-12-31
330.2183837890625,330.2183837890625,339.0001403355506,328.07745177309454,337.1962329246479,2263600,2025-01-02
333.56854248046875,333.56854248046875,335.2138892090083,330.09944558548307,331.6754031165731,1636100,2025-01-03
334.8372497558594,334.8372497558594,338.73254284267864,334.0442951497079,334.69847135673587,1841100,2025-01-06
331.4473876953125,331.4473876953125,339.74347940359496,328.54326557785004,333.0530789616741,1625900,2025-01-07
334.5597229003906,334.5597229003906,334.6290818517637,329.2668756826777,332.2106534875539,1413700,2025-01-08
327.2449035644531,327.2449035644531,330.406740339742,325.10397134290747,327.09623401742795,1685200,2025-01-10
333.1522521972656,333.1522521972656,333.44962152164715,324.5488987788411,326.80876650276196,1442700,2025-01-13
338.6235046386719,338.6235046386719,339.9814033859755,333.42975064228574,333.5685290315896,1501400,2025-01-14
343.8667907714844,343.8667907714844,350.90410770809035,341.1906484422114,349.0506236240361,1741200,2025-01-15
351.0428771972656,351.0428771972656,352.12324943681347,341.4780574584326,343.38111817045075,1469700,2025-01-16
350.85455322265625,350.85455322265625,363.7199272744639,349.9228505095883,356.92051199412083,2392500,2025-01-17
358.3279724121094,358.3279724121094,358.6253417310178,353.75869061836477,355.8401548582228,1808200,2025-01-21
354.5813293457031,354.5813293457031,359.6462263919361,353.4315679218065,358.64513449524094,1181500,2025-01-22
357.92156982421875,357.92156982421875,358.4469192348855,352.8467816317738,355.433752402575,800000,2025-01-23
356.97003173828125,356.97003173828125,363.04591144023215,355.52293134986184,359.80479495605476,1335400,2025-01-24
360.95458984375,360.95458984375,361.4799090214553,354.0064746600325,356.8412078930509,1270500,2025-01-27
360.95458984375,360.95458984375,362.04485324221895,356.2068744747485,360.27067974943793,1338800,2025-01-28
357.227783203125,357.227783203125,362.19355736093144,355.8302290914033,359.398449137488,1616300,2025-01-29
362.32232666015625,362.32232666015625,366.73304702771054,352.4205440698065,359.130756770693,3418600,2025-01-30
354.99761962890625,354.99761962890625,363.4423811550183,353.4018194410972,362.50078735616114,1870800,2025-01-31
354.48223876953125,354.48223876953125,359.5471056001682,346.4140962295211,349.31821858929186,1641800,2025-02-03
354.43267822265625,354.43267822265625,355.1066669463822,350.01206597829184,353.01531157619945,1783200,2025-02-04
361.2618408203125,361.2618408203125,362.1935435258712,353.53069264108905,357.12864645645135,1619500,2025-02-05
361.99530029296875,361.99530029296875,364.9291565770284,359.59665431367495,364.47322660507547,970300,2025-02-06
357.3863220214844,357.3863220214844,361.39062869955404,354.16501818872985,360.726561463749,951100,2025-02-07
355.9888000488281,355.9888000488281,359.7651572301493,352.79722983213924,359.7651572301493,1263200,2025-02-10
358.17926025390625,358.17926025390625,361.48976592322305,355.9193928404993,356.92048467321627,1111200,2025-02-11
352.3611145019531,352.3611145019531,354.5615142328185,345.3832656777845,349.8831882396328,1095000,2025-02-12
357.9413757324219,357.9413757324219,358.68475354143675,351.4194574823839,355.8301779151203,1907300,2025-02-13
353.7091064453125,353.7091064453125,363.2144585976214,353.173896129245,358.98214100837265,1872000,2025-02-14
349.873291015625,349.873291015625,354.55161733187174,347.6927339030791,354.5417261948633,1498600,2025-02-18
348.74334716796875,348.74334716796875,349.100154029579,344.3227351986545,344.6795420602648,2042700,2025-02-19
346.92950439453125,346.92950439453125,348.1486550581523,345.36346823753706,347.7720054101332,2041800,2025-02-20
341.5276184082031,341.5276184082031,350.04176917308536,339.2974848356795,349.6155731276636,2871800,2025-02-21
340.83380126953125,340.83380126953125,344.2830855623517,339.9913002793975,343.69829858636143,2442500,2025-02-24
349.9129333496094,349.9129333496094,352.4305149822182,342.0529582533903,343.0342074052908,2063300,2025-02-25
356.4150085449219,356.4150085449219,361.7177769492691,351.865539425505,353.29282741372884,2438200,2025-02-26
352.3710021972656,352.3710021972656,359.00193466112114,352.063741789964,355.48326155616206,2468400,2025-02-27
359.0713195800781,359.0713195800781,359.66602791882855,353.9370637435073,356.03834032538583,2799200,2025-02-28
354.35302734375,354.35302734375,361.8427645618419,352.3564107892011,361.8427645618419,2607300,2025-03-03
352.91265869140625,352.91265869140625,358.13761939143893,350.7769908666325,353.1907917525736,2564400,2025-03-04
359.90576171875,359.90576171875,360.7501039796443,352.91266283751895,354.18413260554,2000200,2025-03-05
357.6806640625,357.6806640625,362.5579508762733,354.5914014895903,355.8032734709579,2094000,2025-03-06
361.19708251953125,361.19708251953125,362.6771444877005,353.0914514880124,359.5680261106453,2024500,2025-03-07
355.39599609375,355.39599609375,361.80302980428667,352.5252688524671,353.52851828541,2445600,2025-03-10
350.667724609375,350.667724609375,357.3528917744569,348.780390868548,355.61455248159996,2002600,2025-03-11
347.4989929199219,347.4989929199219,354.8695651766182,346.3566616840893,354.80996739486926,1418800,2025-03-12
339.82049560546875,339.82049560546875,352.2570603400324,339.25428640360116,348.2737704200518,1959500,2025-03-13
339.50262451171875,339.50262451171875,342.99915886908974,336.92988603278445,341.6581785423021,1860100,2025-03-14
339.9694519042969,339.9694519042969,341.93626928862545,335.3702985885219,337.3371159728505,1760100,2025-03-17
333.29425048828125,333.29425048828125,339.22447159967936,332.65853078513936,336.95966521269577,1645300,2025-03-18
332.6883239746094,332.6883239746094,334.68491002634363,327.95008875559006,332.3903047912348,2112100,2025-03-19
333.7909240722656,333.7909240722656,339.7012894564308,330.5129251470396,330.5129251470396,2158600,2025-03-20
332.1817626953125,332.1817626953125,334.029354591199,325.67538847128515,330.71161331920814,3478300,2025-03-21
340.4263916015625,340.4263916015625,341.06214160235663,333.8703637109586,337.45632474681304,1847700,2025-03-24
338.8867492675781,338.8867492675781,341.4296887723625,336.73119530903074,339.58206676300335,1180500,2025-03-25
342.1250305175781,342.1250305175781,343.475953843073,337.78412378925736,339.7211424287976,1499200,2025-03-26
343.3468322753906,343.3468322753906,345.02557376256186,340.605243533322,343.69450619132056,2058100,2025-03-27
337.4861145019531,337.4861145019531,345.7903940415913,336.8503645183607,344.91628328549336,1305200,2025-03-28
346.86322021484375,346.86322021484375,348.81015152143533,336.3139900557366,336.8404572570068,1964500,2025-03-31
348.2340393066406,348.2340393066406,349.49556594858467,343.2574129518487,346.90297182325435,1258000,2025-04-01
351.3034362792969,351.3034362792969,351.58156932318775,343.75407182682255,345.50235399655276,1583100,2025-04-02
338.3801574707031,338.3801574707031,344.90638718679224,336.92989430520504,342.82037395112786,2143700,2025-04-03
329.8473815917969,329.8473815917969,346.42617351052877,328.7745912959611,337.3570046053383,4338800,2025-04-04
320.6590270996094,320.6590270996094,334.44654574996537,314.64935201417234,322.6754994471381,3240400,2025-04-07
311.4209899902344,311.4209899902344,329.7778323024805,306.7820943899951,325.27801838726344,3115400,2025-04-08
334.00946044921875,334.00946044921875,336.8503888184918,307.65623939943026,310.1495241802144,3253100,2025-04-09
327.7117004394531,327.7117004394531,332.1717723327886,316.20884496521495,330.7314523673976,2470900,2025-04-10
334.5259704589844,334.5259704589844,335.50939434955023,318.2849405920255,318.2849405920255,2032700,2025-04-11
338.7476806640625,338.7476806640625,340.44630829817066,333.76114119387256,336.76100720457515,1632000,2025-04-14
334.6352844238281,334.6352844238281,339.64171006050293,334.07901827688994,337.0391423486184,1247900,2025-04-15
329.07257080078125,329.07257080078125,335.43986249271956,327.0958405281803,332.33071386557197,1386000,2025-04-16
331.1585998535156,331.1585998535156,335.886892331127,328.40703774391017,335.886892331127,2238300,2025-04-17
320.15240478515625,320.15240478515625,329.6586442350574,317.28167749899853,329.6586442350574,1511200,2025-04-21
329.748046875,329.748046875,330.4334516323485,323.0033124176136,324.01650495210544,1331500,2025-04-22
329.0427551269531,329.0427551269531,338.072181358239,327.9898207356851,335.19151122525614,1338600,2025-04-23
332.21148681640625,332.21148681640625,333.105483671729,326.6090539783907,330.0857319934889,1081400,2025-04-24
329.4103088378906,329.4103088378906,332.26118029267695,326.4998396067431,331.9333925226905,1552900,2025-04-25
329.9864807128906,329.9864807128906,333.3836754243627,326.68859542510444,330.3937221041593,1799800,2025-04-28
345.810302734375,345.810302734375,350.1511791691168,337.158348752677,342.99914295826846,2461600,2025-04-29
350.56842041015625,350.56842041015625,352.39615639902746,343.70445980524113,344.18124204584893,2307200,2025-04-30
351.2835998535156,351.2835998535156,354.6211965644685,349.36643701254565,351.035265682252,1447100,2025-05-01
357.2436218261719,357.2436218261719,359.0415588103549,354.7701928538157,354.7701928538157,1398600,2025-05-02
357.42242431640625,357.42242431640625,363.1341104316464,355.7933375518374,356.34960368748756,1583500,2025-05-05
350.1710205078125,350.1710205078125,356.2303800588793,349.9425724823136,354.0053156916266,1159000,2025-05-06
349.2373046875,349.2373046875,351.63124977933495,347.62810407898587,350.17104361341836,1025900,2025-05-07
351.21405029296875,351.21405029296875,354.7205274916109,348.47243140971204,350.8564333318257,1259400,2025-05-08
349.51544189453125,349.51544189453125,351.4226617250769,347.8863854457719,350.1313361216185,1470700,2025-05-09
354.77020263671875,354.77020263671875,361.00835601083094,353.6874692522158,356.6078816271701,1390600,2025-05-12
353.6676025390625,353.6676025390625,356.3893353609782,352.9623116650238,355.9125228380797,1390500,2025-05-13
349.0287170410156,349.0287170410156,354.1940800897655,348.4724509052094,354.1940800897655,1159700,2025-05-14
359.04156494140625,359.04156494140625,359.75676858315603,349.92271093053887,350.33992568582227,1650600,2025-05-15
361.8787536621094,361.8787536621094,361.91855228751274,357.4785751046342,358.90215066887055,892900,2025-05-16
360.37554931640625,360.37554931640625,360.6841557817791,356.45322737129646,357.5881262805766,1662500,2025-05-19
357.4885559082031,357.4885559082031,361.30135553392176,355.92559394340026,361.30135553392176,1949600,2025-05-20
352.3517150878906,352.3517150878906,356.2640721259273,350.6195329692003,354.2929767165575,1449800,2025-05-21
351.3561706542969,351.3561706542969,353.5164156829809,349.8131384909512,351.5054914474224,1349600,2025-05-22
350.9281311035156,350.9281311035156,351.9933064196099,346.5279523605671,349.2257828059192,1018300,2025-05-23
357.70758056640625,357.70758056640625,358.46414945363284,352.55083279384627,355.81611277739137,1260200,2025-05-27
353.13818359375,353.13818359375,357.59806044733494,353.0386262609898,357.1898966494609,792200,2025-05-28
354.153564453125,354.153564453125,355.99526861565516,351.3163478114575,355.01965544907375,726400,2025-05-29
357.1998596191406,357.1998596191406,357.50846608263214,350.87834878000615,353.31736670696296,2509200,2025-05-30
353.844970703125,353.844970703125,354.20334062576245,349.6140425150796,354.20334062576245,1990600,2025-06-02
356.1545715332031,356.1545715332031,356.333756496788,350.062039726266,355.3880074434822,1792800,2025-06-03
360.59454345703125,360.59454345703125,362.26699718651315,354.2730329271602,357.13014897684945,1557000,2025-06-04
356.2740478515625,356.2740478515625,361.74936705478325,354.5617649946027,361.74936705478325,1438700,2025-06-05
355.8758239746094,355.8758239746094,361.72941202951574,355.636880312734,359.50943856981354,1495300,2025-06-06
356.3437194824219,356.3437194824219,358.1754588776388,353.30738806125925,356.42334711672214,849200,2025-06-09
359.1112365722656,359.1112365722656,359.3601146983123,355.1689851816326,358.80263012641825,769400,2025-06-10
355.52740478515625,355.52740478515625,361.0425528643829,354.90022701256385,359.847925642242,1115300,2025-06-11
354.6015930175781,354.6015930175781,356.05503287726526,352.70016034480284,356.05503287726526,888500,2025-06-12
334.37274169921875,334.37274169921875,348.7180803986045,333.61614248117695,348.7180803986045,2797900,2025-06-13
334.2532958984375,334.2532958984375,338.71317257727605,332.7998257344798,335.97551312711596,1706400,2025-06-16
329.54449462890625,329.54449462890625,333.6559660270884,327.6629918419762,332.4314747411861,1593300,2025-06-17
329.9825439453125,329.9825439453125,332.4514259897422,328.4195819609683,330.15179444515275,1451800,2025-06-18
332.00341796875,332.00341796875,335.666896668778,328.7381381916589,332.50117421757875,2707400,2025-06-20
342.2273254394531,342.2273254394531,343.01378883079985,330.22144697075487,331.9237952409571,1600800,2025-06-23
344.13873291015625,344.13873291015625,347.88186978809165,339.2407978383763,346.2989781121113,1585100,2025-06-24
342.0780029296875,342.0780029296875,344.62651251816465,340.00735028178633,343.1233092908292,1614600,2025-06-25
340.3358459472656,340.3358459472656,343.4816690229988,337.85702959917995,343.4816690229988,1724300,2025-06-26
344.1686096191406,344.1686096191406,347.2148756768191,341.00288691302507,341.2816292195893,1366900,2025-06-27
341.8191833496094,341.8191833496094,344.18850814026047,339.46978825407376,343.66088769045746,1809800,2025-06-30
353.70556640625,353.70556640625,357.76727427366274,340.0670638739987,340.7838340635051,2310200,2025-07-01
350.9281311035156,350.9281311035156,354.7011017120479,349.84302609324953,352.98881894799695,1340800,2025-07-02
352.4114074707031,352.4114074707031,354.153554259047,350.2113334617136,352.03310787861926,1088700,2025-07-03
344.73602294921875,344.73602294921875,351.3760741342019,342.43639156592195,351.3760741342019,2209200,2025-07-07
344.44732666015625,344.44732666015625,346.5677731562772,342.55585897716594,344.28804101371287,1319800,2025-07-08
349.9624938964844,349.9624938964844,351.117292111917,344.1287744961636,345.86098700962873,2120100,2025-07-09
350.25115966796875,350.25115966796875,354.6712377266413,349.395033475836,349.4248976364771,1216400,2025-07-10
344.3776550292969,344.3776550292969,346.6772866287387,343.083500844381,345.64197543305903,1038500,2025-07-11
342.9540710449219,342.9540710449219,345.1840094193189,341.66985135794454,342.73505707024844,999800,2025-07-14
337.52850341796875,337.52850341796875,345.2039267226272,337.2895901380397,344.44732749534427,1322100,2025-07-15
338.3348693847656,338.3348693847656,339.29058327497006,333.83516374575277,337.3791858751922,1273300,2025-07-16
338.37469482421875,338.37469482421875,339.7286076307506,335.96557157206206,338.0760532245731,1331500,2025-07-17
338.5439453125,338.5439453125,338.82268759904184,334.46233796049916,338.3647603527154,2202500,2025-07-18
339.7684326171875,339.7684326171875,344.5867402565808,338.5738357452939,341.88887928107414,2350600,2025-07-21
338.5439453125,338.5439453125,339.6489496118024,326.6276593967333,329.9427026752711,3896900,2025-07-22
341.4010925292969,341.4010925292969,344.01929552094987,339.58925231096083,341.9884413159948,2234100,2025-07-23
338.6833190917969,338.6833190917969,345.54241520400507,337.27964273834135,338.5538975982635,2132400,2025-07-24
338.5738220214844,338.5738220214844,340.34583313317097,336.65249010444273,340.34583313317097,1868400,2025-07-25
334.6514892578125,334.6514892578125,339.07156723597205,332.81974988371684,336.51309279200524,1919500,2025-07-28
335.4578552246094,335.4578552246094,336.23435377531973,332.22243953321106,334.81077816245596,1518200,2025-07-29
330.4902648925781,330.4902648925781,335.4578627592999,329.34540116386376,333.6858516483583,1539700,2025-07-30
329.39520263671875,329.39520263671875,332.54102599036,328.0014911207087,328.0014911207087,1752600,2025-07-31
341.86895751953125,341.86895751953125,343.45181877778793,326.07017871665397,328.29015218862827,4073900,2025-08-01
346.2890319824219,346.2890319824219,346.4781817893915,341.0227623085481,341.9386471833817,2145700,2025-08-04
350.510009765625,350.510009765625,350.5398739268726,346.0401681419851,346.8863598848433,1565400,2025-08-05
349.1561279296875,349.1561279296875,351.55531682313887,345.9107472918071,350.38058892374437,2134200,2025-08-06
348.3597106933594,348.3597106933594,353.3771026155996,346.3686855284138,353.3771026155996,1410300,2025-08-07
350.5797119140625,350.5797119140625,351.25665317343334,347.2646380275161,348.36967278324255,1628300,2025-08-08
352.9888000488281,352.9888000488281,355.3780542935404,348.92712251795075,351.5751893473574,2626000,2025-08-11
356.48309326171875,356.48309326171875,359.5592234635221,352.4612139642626,353.93458350785,2567500,2025-08-12
367.17486572265625,367.17486572265625,368.39935704707284,358.15552481184756,358.44423194634527,2880900,2025-08-13
363.92950439453125,363.92950439453125,370.0917290726187,362.1475285497852,366.40832074649643,2615100,2025-08-14
363.5503845214844,363.5503845214844,366.76287821400297,361.5051763357514,365.0069719632573,1785100,2025-08-15
358.0133361816406,358.0133361816406,363.8796316506528,357.4247154385153,363.2610516248897,2097300,2025-08-18
367.0721740722656,367.0721740722656,368.0399137619462,357.5943230595611,357.5943230595611,2089400,2025-08-19
366.2740478515625,366.2740478515625,369.1373516265346,364.3086396534236,366.5833226564003,1798300,2025-08-20
363.01165771484375,363.01165771484375,365.45595779867045,360.03862497294006,363.2910341325861,1450100,2025-08-21
372.0605163574219,372.0605163574219,378.764850074745,362.4928788398801,365.0768366704781,2298600,2025-08-22
366.14434814453125,366.14434814453125,371.0029889828137,364.2188552012134,369.3668284363263,1411000,2025-08-25
365.6055908203125,365.6055908203125,367.12206642949013,364.11907449477263,366.54340164816927,1828400,2025-08-26
366.54339599609375,366.54339599609375,367.49119323721476,364.7276320428018,366.1942059363951,812400,2025-08-27
365.32623291015625,365.32623291015625,367.47121403062374,363.23112303460124,367.2916410132284,1136900,2025-08-28
364.97705078125,364.97705078125,366.5733264566388,363.76988043175845,364.9471219443676,1328500,2025-08-29
360.0785217285156,360.0785217285156,362.3132893841518,358.4024155403627,360.6272272147537,1472500,2025-09-02
362.18359375,362.18359375,363.3209504524409,358.8214557818787,359.45994778870187,2528600,2025-09-03
364.92718505859375,364.92718505859375,366.104426589021,360.9065821955987,364.6478390946546,1922900,2025-09-04
371.5616760253906,371.5616760253906,375.7019942543128,365.6455090657932,367.99003615454546,3067000,2025-09-05
374.35516357421875,374.35516357421875,374.7143096212374,369.75589594038667,371.51180224961513,1544600,2025-09-08
360.5374450683594,360.5374450683594,371.1326795983685,357.724012609423,370.11506869566705,2210000,2025-09-09
356.6166076660156,356.6166076660156,361.39541772776136,353.7632600025858,358.1031239471524,1777800,2025-09-10
367.8204040527344,367.8204040527344,368.6584419135994,356.90590855995987,357.8537057846185,2079000,2025-09-11
359.26043701171875,359.26043701171875,366.62323549660874,359.1506776433328,364.98704452377683,1848800,2025-09-12
356.2474670410156,356.2474670410156,359.26044550208786,353.683482045641,359.2205302356927,2016300,2025-09-15
352.37652587890625,352.37652587890625,356.5667153051088,351.55843040292393,355.718690992026,2266100,2025-09-16
349.39349365234375,349.39349365234375,358.37251058388796,347.68748896035015,353.57372730396577,2165900,2025-09-17
348.7449951171875,348.7449951171875,352.2368348340749,347.168692298563,349.283744627078,1608000,2025-09-18
345.9914245605469,345.9914245605469,349.8224984038007,345.18331550906754,349.8224984038007,2559000,2025-09-19
345.60235595703125,345.60235595703125,347.96682547998876,343.14809992076954,344.8042028725047,1224200,2025-09-22
343.6469421386719,343.6469421386719,348.08654889134783,343.22790795378893,344.78426844662096,1350600,2025-09-23
342.1603698730469,342.1603698730469,346.0013995710108,341.65157965702497,342.00073926430997,1128200,2025-09-24
339.30706787109375,339.30706787109375,342.210286901863,338.1996399878556,340.32467879517117,1582400,2025-09-25
341.11285400390625,341.11285400390625,342.41979735497495,339.2073034398347,340.51424679090337,1039400,2025-09-26
342.1204833984375,342.1204833984375,342.60933120340883,339.79589882509663,341.74136451032695,1642100,2025-09-29
345.45269775390625,345.45269775390625,345.96148797532265,340.75365728996235,341.9708140538642,1332900,2025-09-30
340.4244384765625,340.4244384765625,345.2431638174881,339.5265429377694,343.8564204684864,1413900,2025-10-01
343.09820556640625,343.09820556640625,343.9063146498578,338.3792528476087,339.23723317959815,1564100,2025-10-02
345.7919006347656,345.7919006347656,348.8647061512064,341.83115555843904,342.9984106279392,1188100,2025-10-03
336.12451171875,336.12451171875,345.4327458075497,336.00479636528803,345.4327458075497,2032100,2025-10-06
336.21429443359375,336.21429443359375,336.6732134321533,333.9495978323958,336.05466381530624,1499800,2025-10-07
336.782958984375,336.782958984375,338.1896752067908,334.7377203150076,336.26415188462033,1549000,2025-10-08
332.443115234375,332.443115234375,336.713135407763,330.0187879665818,336.713135407763,2228600,2025-10-09
332.0340576171875,332.0340576171875,337.0722714632769,330.9466025842479,335.2066362028013,2419300,2025-10-10
331.38555908203125,331.38555908203125,333.2013229850301,328.6818860824303,331.0862402763976,1697700,2025-10-13
334.4883117675781,334.4883117675781,336.2542045232799,328.48235827330234,329.01112136792773,3393500,2025-10-14
331.9542541503906,331.9542541503906,336.1045588037787,330.93661278491476,334.1990082969262,2245800,2025-10-15
330.68719482421875,330.68719482421875,333.72011561067245,328.8215595874498,333.72011561067245,1913700,2025-10-16
329.9688720703125,329.9688720703125,332.5628162762884,327.5046296415994,331.4853476857831,2203400,2025-10-17
330.46771240234375,330.46771240234375,332.9718701423761,328.21300223993137,331.4055232513428,3061200,2025-10-20
337.65093994140625,337.65093994140625,340.11518242991417,329.84916472475385,330.46771434231476,2268400,2025-10-21
333.0317077636719,333.0317077636719,338.2694672033135,332.3632869423253,336.99245278636266,1797300,2025-10-22
330.9765319824219,330.9765319824219,334.53821591104816,329.1807408224294,332.92199777776955,2346400,2025-10-23
333.2212829589844,333.2212829589844,336.8926957754619,331.52523431026316,333.720117214911,2375300,2025-10-24
335.2964172363281,335.2964172363281,336.5435028656156,332.39322868420214,334.91732878002296,3088700,2025-10-27
353.6236267089844,353.6236267089844,367.7605728918695,345.16338651645236,355.59899093541685,5420800,2025-10-28
344.9239501953125,344.9239501953125,352.6259524280977,344.1856547830572,351.0695919644223,2037200,2025-10-29
347.0888671875,347.0888671875,353.0948510800145,344.3053635304447,346.2807581332624,1609900,2025-10-30
344.1357727050781,344.1357727050781,346.3905132440404,342.62928353650494,344.3752034007462,1558200,2025-10-31
344.83416748046875,344.83416748046875,345.3030424639314,338.3991932431462,340.1750420197973,2386600,2025-11-03
342.18035888671875,342.18035888671875,345.6921411054894,336.00478833140005,341.29241929239373,2221000,2025-11-04
334.9871520996094,334.9871520996094,343.2977480229223,333.47070689136325,341.4021839010078,2543600,2025-11-05
332.882080078125,332.882080078125,336.19434685217846,332.0539981613982,334.6180135498543,1989900,2025-11-06
339.3669128417969,339.3669128417969,340.5441543376948,331.72476865323694,333.45074607942416,1631900,2025-11-07
341.7513427734375,341.7513427734375,342.6991400555098,335.20663965234195,338.0699434620179,1617100,2025-11-10
344.2754211425781,344.2754211425781,345.72205259807413,340.96318497193477,342.67917595276583,2216600,2025-11-11
343.9162902832031,343.9162902832031,347.5677606865398,343.48730013067365,344.7742705882621,1516300,2025-11-12
338.04998779296875,338.04998779296875,345.1434265951992,337.720770587409,341.22256628679446,2322900,2025-11-13
332.17999267578125,332.17999267578125,337.9200134277344,331.5299987792969,337.1700134277344,2317500,2025-11-14
326.80999755859375,326.80999755859375,333.2099914550781,326.7200012207031,331.3999938964844,1991300,2025-11-17
323.8299865722656,323.8299865722656,327.04998779296875,318.2200012207031,322.9200134277344,2255300,2025-11-18
329.7799987792969,329.7799987792969,330.1600036621094,324.6199951171875,328.0199890136719,2050200,2025-11-19
328.010009765625,328.010009765625,334.44000244140625,327.4700012207031,331.0400085449219,2881900,2025-11-20
337.05999755859375,337.05999755859375,342.5899963378906,329.4599914550781,329.489990234375,2392500,2025-11-21
338.0,338.0,338.8999938964844,333.5899963378906,337.4700012207031,2306500,2025-11-24
342.6499938964844,342.6499938964844,344.1400146484375,337.1300048828125,338.80999755859375,1452400,2025-11-25
343.3900146484375,343.3900146484375,344.8399963378906,339.9700012207031,341.260009765625,1174300,2025-11-26
343.69000244140625,343.69000244140625,344.69000244140625,342.25,342.45001220703125,566800,2025-11-28
341.489990234375,341.489990234375,344.79998779296875,339.1099853515625,339.8800048828125,1662600,2025-12-01
337.489990234375,337.489990234375,343.30999755859375,335.8500061035156,343.30999755859375,1389400,2025-12-02
339.239990234375,339.239990234375,342.0799865722656,337.30999755859375,339.05999755859375,1282000,2025-12-03
335.3699951171875,335.3699951171875,340.6600036621094,334.8399963378906,339.25,1368400,2025-12-04
333.1099853515625,333.1099853515625,336.010009765625,332.44000244140625,335.3699951171875,2011700,2025-12-05
327.1300048828125,327.1300048828125,333.0899963378906,326.6400146484375,331.4700012207031,1376300,2025-12-08
321.1400146484375,321.1400146484375,327.54998779296875,320.95001220703125,326.5299987792969,1685000,2025-12-09
326.2699890136719,326.2699890136719,327.05999755859375,320.1099853515625,322.19000244140625,2160500,2025-12-10
329.29998779296875,329.29998779296875,332.2799987792969,326.9599914550781,328.6600036621094,1899700,2025-12-11
328.69000244140625,328.69000244140625,331.4200134277344,326.8299865722656,330.04998779296875,1343336,2025-12-12
