Price,Close,High,Low,Open,Volume,Date
40.421470642089844,40.421470642089844,41.716539902483866,40.398614461521944,41.59465092835046,3121900,2020-12-14
41.236602783203125,41.236602783203125,41.2518392678883,40.49003247000347,41.023294903673005,2335500,2020-12-15
41.008060455322266,41.008060455322266,41.22136542426616,40.55859433786032,41.16041948681805,1948800,2020-12-16
41.008060455322266,41.008060455322266,41.388963846186215,40.82141570143411,41.28992815086416,2222300,2020-12-17
42.402164459228516,42.402164459228516,42.47072718437852,41.32040024693087,41.98317131933946,11536700,2020-12-18
41.960323333740234,41.960323333740234,42.05173934343886,40.93188232689608,41.175660290134125,4458800,2020-12-21
41.64796829223633,41.64796829223633,42.10505402731819,41.4727531109099,41.90698267029752,2268300,2020-12-22
41.70892333984375,41.70892333984375,42.48596664394367,41.69368685473641,41.914611529699236,2251600,2020-12-23
41.7393913269043,41.7393913269043,41.87499108786465,41.39276787073517,41.838424109185155,1074700,2020-12-24
41.358489990234375,41.358489990234375,42.48596365427747,41.27469078107202,42.10506027158471,3668200,2020-12-28
41.38896560668945,41.38896560668945,41.7622493182191,41.02329577857132,41.51847137018192,2222000,2020-12-29
42.25741958618164,42.25741958618164,42.4021618164494,41.36610421478417,41.404193969479685,3790000,2020-12-30
42.28028106689453,42.28028106689453,42.737364024111606,41.98317685409718,42.257427790852454,2663500,2020-12-31
41.16804504394531,41.16804504394531,42.753363252829075,40.870940821736745,42.52406037856397,4852800,2021-01-04
42.50881576538086,42.50881576538086,42.79068344717163,41.13756420638059,41.24421668564942,3112800,2021-01-05
44.51237487792969,44.51237487792969,45.106583296328665,43.08017717336386,43.38490107852681,6208400,2021-01-06
44.57331848144531,44.57331848144531,45.533196760656146,44.264787630444545,44.94660512470787,4437600,2021-01-07
44.34477233886719,44.34477233886719,44.83994791245185,43.9943419145783,44.466661308448636,4063500,2021-01-08
44.839942932128906,44.839942932128906,44.90850565153218,43.61343367728258,43.95624727429894,3455900,2021-01-11
46.50069808959961,46.50069808959961,46.6302038794316,44.94661117523796,45.19038917285591,6235000,2021-01-12
45.73126983642578,45.73126983642578,46.706384699121045,45.449402081348516,46.27977176506294,3236300,2021-01-13
45.441776275634766,45.441776275634766,46.0893108859882,45.26655815625405,45.86838621899711,3578800,2021-01-14
43.659149169921875,43.659149169921875,44.80947617020832,43.52202371213113,44.657114227545,6692900,2021-01-15
43.841983795166016,43.841983795166016,44.33715941188548,42.91258141092047,44.00196253679076,4919300,2021-01-19
44.6190299987793,44.6190299987793,44.66473945906254,43.59820863428864,44.08576458639235,3724400,2021-01-20
43.84960174560547,43.84960174560547,44.77138730329819,43.65915003999643,44.57331590206986,3442000,2021-01-21
43.80389404296875,43.80389404296875,44.02100887980879,43.32395491193089,43.41537382664645,2621500,2021-01-22
43.59819793701172,43.59819793701172,43.74294016663388,42.40216162732281,43.31633026624772,3682400,2021-01-25
42.46310806274414,42.46310806274414,44.37524166079075,42.43263509633764,44.100990775256285,3060300,2021-01-26
41.43466567993164,41.43466567993164,41.96031415941013,40.11674044618657,41.625117353699345,6283500,2021-01-27
41.42705154418945,41.42705154418945,41.78509873767611,40.375757423980865,41.24421664699844,5817000,2021-01-28
39.53777313232422,39.53777313232422,41.67464138745982,39.43111774179482,41.02329403177699,8895400,2021-01-29
40.18531036376953,40.18531036376953,40.25387309485069,39.103546057891776,39.911059439444905,4128300,2021-02-01
41.60226058959961,41.60226058959961,41.80032903501971,40.27671577281023,40.80236420815197,5229500,2021-02-02
42.16600799560547,42.16600799560547,42.20029081501653,41.167281493359056,41.37373108001511,3984200,2021-02-03
42.920196533203125,42.920196533203125,42.94304980795802,41.76224981326903,42.25742541074945,4312200,2021-02-04
43.6058235168457,43.6058235168457,44.055289655459354,42.99637573793321,43.22492010805659,3732500,2021-02-05
43.689613342285156,43.689613342285156,44.38285732716362,43.58296086862108,43.99433718652134,2543200,2021-02-08
43.118263244628906,43.118263244628906,43.81531715643817,42.943048031278245,43.803890519533475,4209500,2021-02-09
43.93339157104492,43.93339157104492,44.47427654375516,43.02684263232198,43.42298247025171,3453000,2021-02-10
43.93339157104492,43.93339157104492,44.13907973147355,43.186821343968035,44.0400469515376,2326500,2021-02-11
44.299068450927734,44.299068450927734,44.390484457086146,43.76199323936437,43.84960230372708,1975100,2021-02-12
44.75614929199219,44.75614929199219,45.217042055122675,44.59617056219066,44.870421473886026,4072700,2021-02-16
44.596168518066406,44.596168518066406,44.87803620613918,43.88768799734828,44.62664148598297,3277800,2021-02-17
43.84960174560547,43.84960174560547,44.69139793566989,43.499168398677426,44.41333716681325,3112600,2021-02-18
46.00551223754883,46.00551223754883,46.11216472469597,43.99434274831033,43.99434274831033,4037100,2021-02-19
47.59769058227539,47.59769058227539,47.65863652383197,45.86077193278697,46.1807294077717,5672600,2021-02-22
47.323429107666016,47.323429107666016,47.97096651506933,46.85872657811095,47.94811033904968,4147200,2021-02-23
48.51947021484375,48.51947021484375,48.740394866855056,47.188595490969625,47.232017870680146,4668600,2021-02-24
47.2562255859375,47.2562255859375,48.40162357107024,47.08291541619001,48.12663449735303,3260300,2021-02-25
45.68487548828125,45.68487548828125,47.02514835821215,45.29203476069801,46.87109322853945,6399700,2021-02-26
47.40258026123047,47.40258026123047,47.964878951134914,46.655414839816416,47.10217439358973,4083800,2021-03-01
48.31920623779297,48.31920623779297,49.32826453509491,47.60285238995429,47.91866408020037,7316000,2021-03-02
47.949466705322266,47.949466705322266,48.82757695075256,47.76459999864171,48.14203484470107,5390300,2021-03-03
47.140689849853516,47.140689849853516,48.23447567395676,46.285686682314044,47.80312484230237,6050400,2021-03-04
48.457855224609375,48.457855224609375,48.557991497905384,46.7940663175207,47.84933908910174,3883800,2021-03-05
48.8660888671875,48.8660888671875,49.505413547277186,48.149735170103746,48.65811492883835,4437600,2021-03-08
47.95716857910156,47.95716857910156,49.07406438544248,47.68757435683432,49.0432527776529,5823200,2021-03-09
49.36677169799805,49.36677169799805,49.651774696310724,48.041904727874034,48.23447289185758,4238500,2021-03-10
49.54393768310547,49.54393768310547,50.2756943657262,49.46691159178446,49.55164205525179,3651800,2021-03-11
49.55934524536133,49.55934524536133,50.106244061989734,49.205023428706106,49.821241032718625,2690800,2021-03-12
48.45014572143555,48.45014572143555,49.52082412123599,48.103522478029056,49.35136321593578,5353300,2021-03-15
48.665828704833984,48.665828704833984,49.16650712780816,47.64906899086662,48.28839379451169,6461600,2021-03-16
50.845699310302734,50.845699310302734,51.03056310096216,48.6658262987484,48.896907506251175,5138900,2021-03-17
49.85205078125,49.85205078125,51.816242667682545,49.782723181389294,50.884213392857674,4203500,2021-03-18
49.22813034057617,49.22813034057617,49.913675542448594,48.26528942252519,49.85205231328183,6445800,2021-03-19
48.920013427734375,48.920013427734375,49.14339319559122,48.06501327684097,49.14339319559122,4631100,2021-03-22
46.794063568115234,46.794063568115234,48.28685175482526,46.524469315493576,48.272985648251726,5523500,2021-03-23
47.787723541259766,47.787723541259766,48.85069785236314,47.29705898563443,47.448801640597146,4322600,2021-03-24
48.71204376220703,48.71204376220703,48.76596261273071,47.17919989320778,47.348660816771904,3921200,2021-03-25
49.28974533081055,49.28974533081055,49.40528445864957,48.59649881034921,48.82758000438405,4256300,2021-03-26
49.220420837402344,49.220420837402344,50.16015435964386,48.91231061879164,49.00474250903213,3193700,2021-03-29
49.76731872558594,49.76731872558594,49.90596804417069,48.89690976743878,49.08177650500415,2605100,2021-03-30
49.25123977661133,49.25123977661133,50.036918353347914,48.92002225097657,49.505428262355785,3643800,2021-03-31
49.759613037109375,49.759613037109375,49.85204787262573,48.89690847412262,49.258937567335764,3698900,2021-04-01
49.75190353393555,49.75190353393555,50.23717902445618,49.490013675386315,50.06771811517682,4077900,2021-04-05
49.759613037109375,49.759613037109375,50.36812914831874,49.39758394389623,49.48231440727437,3420300,2021-04-06
49.28974533081055,49.28974533081055,50.044612131781335,49.035553960522456,49.67487869529742,2374000,2021-04-07
48.67353439331055,48.67353439331055,49.320563625877924,48.23447915746384,49.189618667770866,3638900,2021-04-08
48.635013580322266,48.635013580322266,48.95852961414674,48.17285117583804,48.67352662430313,3721000,2021-04-09
49.13568878173828,49.13568878173828,49.41298738179465,48.758253923137836,48.98933511039924,3143800,2021-04-12
48.765960693359375,48.765960693359375,49.05096074038969,48.10352576916172,48.98163608696536,4471600,2021-04-13
49.48231506347656,49.48231506347656,49.898263013745094,48.804477224176445,48.98163958706332,4234400,2021-04-14
49.73649978637695,49.73649978637695,50.00609401149124,49.14338955276884,49.975282403376276,2632500,2021-04-15
49.82123565673828,49.82123565673828,50.46056337203501,49.49772255142451,50.27569370324372,3698800,2021-04-16
49.721099853515625,49.721099853515625,50.09853179093876,49.25123014793839,49.913668008057954,2566600,2021-04-19
48.12664031982422,48.12664031982422,49.3359712218279,47.97258518454576,49.2974552342403,4532200,2021-04-20
49.929080963134766,49.929080963134766,50.08313316721031,48.04576426624398,48.111236746811834,4283500,2021-04-21
46.932716369628906,46.932716369628906,49.335969336055676,46.77095980603014,49.29745334994028,12028900,2021-04-22
47.841636657714844,47.841636657714844,48.13434109905537,46.56298412557309,47.063659604901865,5682300,2021-04-23
47.91095733642578,47.91095733642578,48.38852553594033,47.702983377357306,48.03420083753782,4871600,2021-04-26
48.25758361816406,48.25758361816406,48.41163580041642,47.541229804933906,47.96487918284194,3781300,2021-04-27
48.765960693359375,48.765960693359375,49.34751734495478,48.296093924411885,48.550282361396526,5584300,2021-04-28
49.34366989135742,49.34366989135742,49.82894547912199,48.86225236675125,49.15880607905954,4366000,2021-04-29
48.14204025268555,48.14204025268555,49.07406944677187,47.987985136205566,48.87379985219776,4932300,2021-04-30
49.721099853515625,49.721099853515625,50.09468254346485,48.61960683610809,48.66582425100671,6327800,2021-05-03
51.0074577331543,51.0074577331543,51.04596784106787,49.143396322412336,49.4900196155624,7367200,2021-05-04
52.432464599609375,52.432464599609375,52.55956030551619,50.94583799270403,51.21543227339369,7467100,2021-05-05
53.17962646484375,53.17962646484375,53.21813657276632,51.73921443945662,52.39394504128198,4670600,2021-05-06
53.17962646484375,53.17962646484375,53.39530187469548,52.20908124379681,52.648136435770446,5174900,2021-05-07
52.94083786010742,52.94083786010742,54.38124384676345,52.88691901370928,53.72651331858221,5039000,2021-05-10
52.817596435546875,52.817596435546875,53.071787825560165,51.76232076824915,52.25529480400664,5693400,2021-05-11
52.070430755615234,52.070430755615234,53.22583974816608,51.916378573960735,52.95624549191369,4886200,2021-05-12
52.44016647338867,52.44016647338867,52.84070568893797,51.85475757984958,51.962595286986485,3068400,2021-05-13
53.78813552856445,53.78813552856445,53.94989206472806,52.66353826996505,52.763671589481554,4817200,2021-05-14
54.62004470825195,54.62004470825195,54.75098966818115,53.510850043640346,53.59558051811567,3607500,2021-05-17
53.55704879760742,53.55704879760742,54.982051822107756,53.54164593255208,54.68935037235133,3523800,2021-05-18
52.80220031738281,52.80220031738281,53.0794989825311,51.81624624312513,52.7636843285009,4398500,2021-05-19
52.57880783081055,52.57880783081055,52.93313251155941,52.27069762420311,52.732859995757565,3126500,2021-05-20
53.01787567138672,53.01787567138672,53.610983112959694,52.80220023808746,52.902333581629314,3855700,2021-05-21
53.572471618652344,53.572471618652344,53.92679637517577,53.221996110226094,53.60327735685903,3420100,2021-05-24
53.17962646484375,53.17962646484375,54.26570788637257,53.11800324011064,53.50313957962134,4419400,2021-05-25
53.58787155151367,53.58787155151367,53.64179040549297,52.540300208446354,53.01787139848756,6059200,2021-05-26
53.424468994140625,53.424468994140625,54.435997707077455,53.097661747505576,53.93801306208958,6256600,2021-05-27
53.23772430419922,53.23772430419922,53.82130066047969,52.6852727326272,53.75127434721996,3815200,2021-05-28
54.7861442565918,54.7861442565918,54.87951266247726,53.57230155207635,53.82129386184581,4139100,2021-06-01
53.650108337402344,53.650108337402344,54.716109773658225,53.58008203585768,54.716109773658225,4797800,2021-06-02
54.94176483154297,54.94176483154297,55.01179113928048,53.254063139593356,53.961354968101226,4322500,2021-06-03
54.75502014160156,54.75502014160156,55.3541558536165,54.373746024783415,55.245222087795604,3041900,2021-06-04
53.875762939453125,53.875762939453125,54.8328306938928,53.60342851711506,54.75502170700267,2803900,2021-06-07
53.984703063964844,53.984703063964844,54.24926077427168,53.15213433968786,53.704585929026244,3469400,2021-06-08
53.56452941894531,53.56452941894531,54.08586217904433,53.2766355288559,53.883554032385696,3379200,2021-06-09
52.90313720703125,52.90313720703125,54.59939928792095,52.87201242413612,54.45934073311555,4022000,2021-06-10
52.91092300415039,52.91092300415039,53.70458423717655,52.78642386523493,53.27663180415745,2726100,2021-06-11
52.1016960144043,52.1016960144043,53.0509811638573,51.84492099467771,52.77864672010742,3712800,2021-06-14
52.303993225097656,52.303993225097656,52.46350548614943,51.697074895328825,52.06278361620092,3255000,2021-06-15
51.03569030761719,51.03569030761719,52.22619095714284,50.73223110375138,52.14059929077606,5428800,2021-06-16
49.44057846069336,49.44057846069336,51.199089813033176,48.49907619737472,51.17574177743583,5696100,2021-06-17
48.22673797607422,48.22673797607422,49.059306470715825,48.148929001484625,48.670255661323594,8745300,2021-06-18
49.10600280761719,49.10600280761719,49.75883073385472,48.85701048056122,49.1293449107091,5260000,2021-06-21
49.409461975097656,49.409461975097656,49.658454301923804,48.77141876657783,49.378337192188724,4019100,2021-06-22
49.137142181396484,49.137142181396484,50.00861261664516,49.09823470705984,49.79852768998974,3254400,2021-06-23
49.10600280761719,49.10600280761719,49.666237027604446,48.83366540924664,49.627329564821025,4253700,2021-06-24
49.246063232421875,49.246063232421875,49.69736072926248,49.106004672107225,49.21493844830245,4259700,2021-06-25
48.94260025024414,48.94260025024414,49.25383916287471,48.374583372453806,49.25383916287471,2727000,2021-06-28
49.00484085083008,49.00484085083008,49.650666635720015,48.69360197627265,49.23827074880369,2652900,2021-06-29
49.238277435302734,49.238277435302734,49.50283214712496,48.82588446060613,48.90369344775631,3356500,2021-06-30
49.409461975097656,49.409461975097656,50.12531417266715,49.34721240927979,49.96969619456782,3324700,2021-07-01
49.417236328125,49.417236328125,49.619544426873006,48.86478484839883,49.27718075666714,3172800,2021-07-02
48.18784713745117,48.18784713745117,49.37056228918112,47.779342484596086,49.331657790867055,3727000,2021-07-06
48.43682861328125,48.43682861328125,48.62357431877195,47.53734446640863,48.008873291467,3424300,2021-07-07
47.783233642578125,47.783233642578125,48.25787623757843,47.19187755308094,47.46421200846327,4251300,2021-07-08
49.082664489746094,49.082664489746094,49.54174171647832,48.32012209007996,48.421276158316964,5063200,2021-07-09
49.191593170166016,49.191593170166016,49.487269695553294,48.22285436246181,48.67804613822391,3100400,2021-07-12
48.7869758605957,48.7869758605957,49.55729486050094,48.49129639151192,49.3472070510116,3074500,2021-07-13
48.491302490234375,48.491302490234375,49.52228793808611,48.37458603643126,48.9737247607233,2571700,2021-07-14
48.172279357910156,48.172279357910156,48.80254284572531,48.00109602260225,48.0866876902562,2745800,2021-07-15
46.693878173828125,46.693878173828125,48.024434235884904,46.53047754157943,47.69763000316531,6961300,2021-07-16
44.96650314331055,44.96650314331055,45.50339230969319,44.39459785291231,45.23883758244172,7815400,2021-07-19
45.61231994628906,45.61231994628906,46.055837669307444,44.84044262355372,45.238831493653706,6771700,2021-07-20
46.47601318359375,46.47601318359375,46.725005484771984,45.95079514105286,46.31261254248723,7428300,2021-07-21
47.05958938598633,47.05958938598633,47.37861095697785,45.1298975702056,45.56563558082281,7111300,2021-07-22
46.77170181274414,46.77170181274414,47.682079535647425,46.53048917514833,47.339715796544326,4690500,2021-07-23
48.25008773803711,48.25008773803711,48.273432808699425,46.84172548401888,46.84172548401888,6534300,2021-07-26
48.203399658203125,48.203399658203125,48.56910542932512,47.355268708475535,47.86103301942208,3568500,2021-07-27
48.141151428222656,48.141151428222656,48.475735397238715,47.5108909498334,48.11002961601977,4113600,2021-07-28
48.709171295166016,48.709171295166016,48.96594631287159,48.25009111629895,48.58467512639984,3708600,2021-07-29
48.36680603027344,48.36680603027344,49.19548334891866,47.98164648422399,48.6235810397882,4646800,2021-07-30
47.63540267944336,47.63540267944336,49.479503483413986,47.61205760237963,48.475751248152434,3714500,2021-08-02
48.4212760925293,48.4212760925293,48.452400877825,46.806714216045485,47.58092766710575,4819700,2021-08-03
47.45642852783203,47.45642852783203,48.397930962505555,47.44864584788312,48.04000485864627,3340100,2021-08-04
47.46420669555664,47.46420669555664,48.08668750119811,47.38639770793493,47.689856915171234,3037100,2021-08-05
48.242305755615234,48.242305755615234,48.530202555635164,47.892159394389665,47.93884656529389,3142800,2021-08-06
48.10225296020508,48.10225296020508,48.41738323886057,47.74432684516145,48.02444396762092,3178100,2021-08-09
49.11378860473633,49.11378860473633,49.46393503561363,48.19562817186832,48.257877745456746,3560000,2021-08-10
49.985260009765625,49.985260009765625,50.03195015645414,49.191598753411235,49.347216745183985,3583600,2021-08-11
49.806297302246094,49.806297302246094,50.280939869653935,49.256178766130965,50.07863174179677,3581400,2021-08-12
49.55730056762695,49.55730056762695,49.87632217398576,49.29274584760579,49.775171081200234,2385600,2021-08-13
49.26940155029297,49.26940155029297,49.48338071439234,48.35124126688529,49.176030173332585,3163400,2021-08-16
48.48352813720703,48.48352813720703,48.923154621106775,47.57314741430051,48.77920470793567,3974300,2021-08-17
48.1489372253418,48.1489372253418,48.88813448308664,48.01665838407966,48.172279328061094,4574000,2021-08-18
47.11406326293945,47.11406326293945,47.76766889181751,46.80282432475449,47.49533444987782,3981600,2021-08-19
47.37861251831055,47.37861251831055,47.54979584387683,46.935094782272884,47.00512405471159,3203600,2021-08-20
48.28899002075195,48.28899002075195,48.569104124654224,47.822127244470295,47.8532520232002,3439900,2021-08-23
49.222713470458984,49.222713470458984,49.432801290914554,48.600232688492014,48.600232688492014,2896000,2021-08-24
49.697364807128906,49.697364807128906,49.93857745151277,48.880358450403335,49.25384698581436,3246700,2021-08-25
49.52618408203125,49.52618408203125,50.234253680612944,49.38612551117115,49.674022365395565,3618500,2021-08-26
50.872291564941406,50.872291564941406,51.2418946546985,49.891887609377896,49.94635449579809,5348700,2021-08-27
50.321739196777344,50.321739196777344,51.38197482330169,50.2981444678183,51.12399298520216,3925000,2021-08-30
49.47228240966797,49.47228240966797,50.24307434828046,49.30711035112185,50.10150001258161,5450000,2021-08-31
49.18914031982422,49.18914031982422,49.550940114865455,48.61497899282055,49.41723266900758,3949200,2021-09-01
49.25205993652344,49.25205993652344,49.834088164607884,49.09475476674279,49.36217265526593,3414600,2021-09-02
48.85879135131836,48.85879135131836,49.41329131844759,48.50485552127269,49.11834529346722,3690400,2021-09-03
48.662166595458984,48.662166595458984,49.00037165199372,48.481266704810764,48.74868458671389,2514300,2021-09-07
47.73406219482422,47.73406219482422,48.850926003322286,47.592487866981564,48.63070060460972,4629000,2021-09-08
47.411590576171875,47.411590576171875,48.12732616116826,47.24642151817567,47.3879958536999,4439100,2021-09-09
47.513851165771484,47.513851165771484,48.32396884205111,47.45879479944259,47.859920182745505,4093300,2021-09-10
47.75767517089844,47.75767517089844,48.44194930714161,47.36048023533937,48.19026219954994,4549200,2021-09-13
46.91608810424805,46.91608810424805,48.21384897615717,46.81541147760822,48.16665952648377,4493600,2021-09-14
47.348670959472656,47.348670959472656,47.718334618056474,46.93181185461123,46.99473511585305,5167600,2021-09-15
46.77450942993164,46.77450942993164,47.443052574830105,46.45989912624635,47.30147823820635,4650700,2021-09-16
45.421695709228516,45.421695709228516,46.53855674364402,45.20147026590076,46.24754412205425,9622900,2021-09-17
44.18685531616211,44.18685531616211,44.93405264678195,43.50258125564976,44.24977558592294,7683900,2021-09-20
43.67560958862305,43.67560958862305,44.72168633996912,43.4239225357353,44.50932482653015,6156400,2021-09-21
44.28123474121094,44.28123474121094,44.81607050578698,44.24584265401744,44.249773107919054,6823800,2021-09-22
45.17000198364258,45.17000198364258,45.65371179695947,44.517186657925286,44.65089708623024,7814100,2021-09-23
44.6823616027832,44.6823616027832,45.099217729048156,44.62730524649713,44.98910501647601,7964900,2021-09-24
46.94754409790039,46.94754409790039,47.490246741406295,44.73741698561659,44.73741698561659,12374000,2021-09-27
46.766639709472656,46.766639709472656,47.69867020279978,46.514952681800075,47.30934230067282,6681800,2021-09-28
46.26327896118164,46.26327896118164,46.87676589255216,46.223953414361176,46.76665316131611,4578800,2021-09-29
45.272247314453125,45.272247314453125,46.538546330598734,45.264380407325,46.34191565723908,4929000,2021-09-30
46.07451248168945,46.07451248168945,46.41271456513719,45.028435594523614,45.358773769199104,6925300,2021-10-01
45.80708312988281,45.80708312988281,46.40483905862129,45.36662934004931,46.07450096650565,5652900,2021-10-04
46.48349380493164,46.48349380493164,46.75484511659487,45.69697104680863,45.82281456809446,5646200,2021-10-05
44.957645416259766,44.957645416259766,46.06664250069212,44.28123529377613,45.901473424368405,8699100,2021-10-06
46.019447326660156,46.019447326660156,46.77451148866907,45.45315295558641,45.53180403479638,7235900,2021-10-07
46.1767578125,46.1767578125,46.63294252551428,45.932937638613545,46.25541190113007,4260200,2021-10-08
45.799217224121094,45.799217224121094,47.01832682936619,45.78348640981745,46.60147075153074,4139000,2021-10-11
45.413822174072266,45.413822174072266,45.90932931652438,45.22505540527193,45.63404757071765,5443800,2021-10-12
44.76101303100586,44.76101303100586,45.6576485550299,44.556518420403314,45.55539974955542,7689800,2021-10-13
46.20034408569336,46.20034408569336,46.23180271299975,44.94190598271313,45.1699982826737,6430400,2021-10-14
46.373374938964844,46.373374938964844,46.9789977423148,46.27899306062399,46.77450317251865,4288200,2021-10-15
46.365516662597656,46.365516662597656,46.71158559210004,45.30370915103433,45.382363226157274,4660100,2021-10-18
46.554283142089844,46.554283142089844,46.61720640583739,46.04304512569959,46.475632062751764,3650600,2021-10-19
47.10485076904297,47.10485076904297,47.66957597273017,46.35844258807345,46.530689475856256,5875300,2021-10-20
46.60934066772461,46.60934066772461,48.111599123425314,45.586861608930576,47.24642522760262,8916600,2021-10-21
45.93292999267578,45.93292999267578,47.34080344081407,45.9171991775683,46.90821652657003,5889500,2021-10-22
46.1767578125,46.1767578125,46.82563979205122,46.098106724216635,46.5936169813726,6293200,2021-10-25
46.1767578125,46.1767578125,47.00260624086214,45.759901643974096,46.1767578125,6875200,2021-10-26
44.04528045654297,44.04528045654297,46.074510889171506,43.96662937015208,46.074510889171506,11512700,2021-10-27
44.49359893798828,44.49359893798828,44.72169129253541,44.21045022204655,44.241911857228224,5974400,2021-10-28
44.02168273925781,44.02168273925781,44.55651849134234,43.77785958746014,44.147526269139675,5894900,2021-10-29
45.177860260009766,45.177860260009766,45.60258321413998,44.0531326224126,44.0531326224126,7562000,2021-11-01
45.98799133300781,45.98799133300781,46.20035285947119,45.02056860157234,45.33517593680412,5929500,2021-11-02
46.44417190551758,46.44417190551758,46.864961494064076,45.6891107186513,46.00372104668548,6234300,2021-11-03
44.96549606323242,44.96549606323242,46.41663123523335,44.67055008520593,46.404833876167594,9047900,2021-11-04
45.86214065551758,45.86214065551758,46.204276116796635,45.02056158932557,45.02056158932557,4979100,2021-11-05
46.066646575927734,46.066646575927734,46.93968748565217,45.8503515756458,46.34979530344342,4894100,2021-11-08
46.23967361450195,46.23967361450195,46.499224564190236,45.92899676537561,46.04304292520778,4447800,2021-11-09
46.2160758972168,46.2160758972168,46.632934998806974,46.00371739305771,46.278999157964826,5103900,2021-11-10
46.93967819213867,46.93967819213867,47.17563441823621,46.42057329458561,46.467765739943594,4140400,2021-11-11
47.23856735229492,47.23856735229492,47.623961900428434,46.76665180311411,47.026205805215575,3499400,2021-11-12
47.128448486328125,47.128448486328125,47.8363202627993,47.01833576562075,47.58463318679768,3470400,2021-11-15
46.29473114013672,46.29473114013672,47.18350271835621,46.279000324553174,47.167771902772664,4004700,2021-11-16
45.8857536315918,45.8857536315918,46.38912789009314,45.75204315648205,46.15317158146404,3342400,2021-11-17
45.60258865356445,45.60258865356445,45.90933204579789,45.35876552110768,45.893601230767175,3801500,2021-11-18
45.099212646484375,45.099212646484375,45.2407869753639,44.06886680860472,45.18573062528254,7424300,2021-11-19
46.23967361450195,46.23967361450195,46.63293499309031,45.15427136950115,45.272250983216146,5309200,2021-11-22
46.546417236328125,46.546417236328125,46.97114024735414,46.271135470114714,46.67226075807514,5279400,2021-11-23
46.113834381103516,46.113834381103516,46.695859595338014,46.08237274780801,46.326195905328476,3307100,2021-11-24
45.30371856689453,45.30371856689453,45.43742902222063,44.029552288543826,44.54865729086054,4317500,2021-11-26
45.27186965942383,45.27186965942383,46.48209234439534,44.889694554262995,46.09991723923451,4564300,2021-11-29
43.735198974609375,43.735198974609375,44.97727015761495,43.321175246940854,44.794141766491116,10398200,2021-11-30
42.00745391845703,42.00745391845703,44.42789937777696,41.959683926834074,44.18107965503739,9113300,2021-12-01
42.341854095458984,42.341854095458984,42.576731292830765,41.458072906672456,41.80043864714395,7333300,2021-12-02
42.254268646240234,42.254268646240234,42.85141772607659,41.983560941890794,42.19853497510275,6969100,2021-12-03
42.89919662475586,42.89919662475586,43.56640924702387,42.86734794052498,43.281371723753296,6066400,2021-12-06
43.679466247558594,43.679466247558594,44.09348998417732,43.20970883843902,43.353024864086166,5806900,2021-12-07
43.719276428222656,43.719276428222656,44.17310950582732,43.615769732744816,44.03775716634335,5013700,2021-12-08
43.30525207519531,43.30525207519531,43.45653179044322,42.775779146342366,43.1858240780209,5607700,2021-12-09
43.536155700683594,43.536155700683594,43.99794947912719,43.22165677356101,43.910370152216906,3628600,2021-12-10
42.45332336425781,42.45332336425781,43.51226931572039,42.25188636291292,43.36098958707851,5398800,2021-12-13
42.89919662475586,42.89919662475586,43.39283908130367,42.30841659248118,42.39759047852147,4048700,2021-12-14
43.026580810546875,43.026580810546875,43.05046580092007,42.08706605061045,42.82753112475115,4955200,2021-12-15
43.472450256347656,43.472450256347656,44.07756300333165,43.20970624990614,43.337097927599004,5605900,2021-12-16
43.07435607910156,43.07435607910156,43.524210368068616,42.501094978971196,43.416721823679616,10400000,2021-12-17
42.60459899902344,42.60459899902344,42.66829636471558,41.776554505828564,42.27815759299513,6251000,2021-12-20
43.15397644042969,43.15397644042969,43.63965820421591,42.915117403049194,43.13008841061143,4422000,2021-12-21
43.177860260009766,43.177860260009766,43.29729129408424,42.708102849778115,43.090277906656134,3729600,2021-12-22
43.90241241455078,43.90241241455078,44.350672233281834,43.2734144750284,43.39284554004187,6240200,2021-12-23
44.48362731933594,44.48362731933594,44.49955166024133,43.92628753667704,44.037757923014794,3249000,2021-12-27
45.0887336730957,45.0887336730957,45.38332634454941,44.51546963155809,44.59508828743519,4748100,2021-12-28
45.43110656738281,45.43110656738281,45.4709159016365,45.033007150330846,45.120586470785966,3580900,2021-12-29
45.208168029785156,45.208168029785156,46.0441792206301,45.16437685170252,45.542573113574626,3678700,2021-12-30
45.160396575927734,45.160396575927734,45.37616637624733,44.82200965860946,45.25593958079329,3093900,2021-12-31
45.27982711791992,45.27982711791992,46.09991398732402,45.21613279018169,45.54257419264117,5231900,2022-01-03
46.5059700012207,46.5059700012207,46.73686837329866,45.462948519847956,45.582379550166145,9068000,2022-01-04
46.45819854736328,46.45819854736328,47.44548639112945,46.43033171098418,46.808527961566135,6706300,2022-01-05
46.37062072753906,46.37062072753906,46.86426314672425,45.57442190557571,46.5696704330299,5820800,2022-01-06
47.05534744262695,47.05534744262695,47.385770670602135,46.521895709299905,46.6811360753217,4633100,2022-01-07
46.49801254272461,46.49801254272461,47.214589662066004,46.1675893017786,46.84833893191879,5544300,2022-01-10
47.11904525756836,47.11904525756836,47.34994363866002,46.50597181669949,47.0155385630691,5720400,2022-01-11
47.182743072509766,47.182743072509766,47.88339891922666,46.88815034495853,47.3857746320926,3742400,2022-01-12
47.72415542602539,47.72415542602539,47.95266652480476,47.14054337671981,47.21458867520913,4482600,2022-01-13
48.36111831665039,48.36111831665039,48.43277633290894,47.206629404599404,47.541031455634275,6795300,2022-01-14
47.93117141723633,47.93117141723633,48.68676213407253,47.42956529088785,48.37704082976157,4796900,2022-01-18
47.6445426940918,47.6445426940918,48.50443593387566,47.28625257865777,48.37704423030554,4351100,2022-01-19
46.028255462646484,46.028255462646484,47.81173914125095,45.99640678049989,47.692311139087465,5765700,2022-01-20
45.160396575927734,45.160396575927734,45.99640470233038,45.01708055000073,45.92474668936688,6189500,2022-01-21
45.080772399902344,45.080772399902344,45.24001275744327,43.47245055952764,44.348271007374144,8872700,2022-01-24
45.526649475097656,45.526649475097656,45.74958417622515,43.503507950593175,44.49955225246171,5644100,2022-01-25
45.55850601196289,45.55850601196289,46.37858997871983,45.10467284227623,45.72570706663523,6126000,2022-01-26
47.915252685546875,47.915252685546875,48.799033999212504,46.76872729977569,46.76872729977569,11664200,2022-01-27
47.80378341674805,47.80378341674805,48.64775231982301,47.031469500002565,48.33723523003069,6971900,2022-01-28
47.556949615478516,47.556949615478516,47.81173296522495,46.402460853482864,47.373824272676835,8056100,2022-01-31
49.213050842285156,49.213050842285156,49.356366874859624,47.533070822751384,47.612689490956086,6659400,2022-02-01
49.09361267089844,49.09361267089844,49.75445906257493,48.663664635633516,49.133421999217695,5463400,2022-02-02
48.73533248901367,48.73533248901367,49.71863858719799,48.691541307836886,48.96623089208077,5363800,2022-02-03
48.24964904785156,48.24964904785156,49.14139394580383,48.20187906074318,48.72737017973833,4995100,2022-02-04
47.70027160644531,47.70027160644531,48.647747117209605,47.5569555745976,48.512394774496485,6214400,2022-02-07
48.6397819519043,48.6397819519043,48.70347627278318,48.07448156610394,48.07448156610394,5595500,2022-02-08
49.35636520385742,49.35636520385742,49.547451215982335,48.767176752414585,48.9582658017969,5515900,2022-02-09
48.528324127197266,48.528324127197266,49.730583143795066,48.337235052580056,49.27675000849423,6537200,2022-02-10
48.6397819519043,48.6397819519043,49.29266468651317,48.050593538174304,48.408883584546786,6042100,2022-02-11
48.43277359008789,48.43277359008789,48.86271862603322,47.8714519883082,48.64774458943189,4472000,2022-02-14
49.25285339355469,49.25285339355469,49.37228137941478,48.337223649008585,48.4248059943269,4076800,2022-02-15
49.42802429199219,49.42802429199219,50.08886773440165,49.061770525820684,49.08565855579853,5613600,2022-02-16
48.7034797668457,48.7034797668457,49.44792674786867,48.269552873127545,48.854759484643346,3927800,2022-02-17
48.241695404052734,48.241695404052734,48.82292028395,47.92321460319434,48.36908711694449,5078900,2022-02-18
48.01079559326172,48.01079559326172,48.59998414671205,47.724163488191714,48.5044380868501,5664000,2022-02-22
47.748043060302734,47.748043060302734,48.71940353203331,47.67240320229739,48.4646201587344,5155100,2022-02-23
46.7527961730957,46.7527961730957,46.95184588018517,45.79735697161478,46.88814851603294,8108500,2022-02-24
48.06625747680664,48.06625747680664,48.465129991510516,46.99453561895616,47.07511486927365,5445200,2022-02-25
47.51024627685547,47.51024627685547,47.68752430160304,46.744731166419506,46.994531740027355,6438200,2022-02-28
46.03562927246094,46.03562927246094,47.78825410482921,45.34263664981016,47.63917910961668,7668100,2022-03-01
47.70364761352539,47.70364761352539,48.179072596773,46.341835453189894,46.37406838484434,6499800,2022-03-02
48.08237075805664,48.08237075805664,48.299938422099146,47.33297512488983,47.77616714842766,4514800,2022-03-03
47.40550231933594,47.40550231933594,47.44176206327456,46.5996974435266,47.05900597682579,5869500,2022-03-04
46.720558166503906,46.720558166503906,47.631118377747626,46.45061431801476,47.341028181323,6987800,2022-03-07
46.607749938964844,46.607749938964844,47.71976142804748,46.4304718986165,46.82531760469197,6583400,2022-03-08
48.18712615966797,48.18712615966797,49.07351327912405,47.49413354366273,47.74393413689061,7484700,2022-03-09
48.85594177246094,48.85594177246094,49.18632158969663,47.727813917855535,47.7358736865619,5421000,2022-03-10
49.08156967163086,49.08156967163086,50.35474271622922,49.04933674227111,49.20244161977928,6140000,2022-03-11
48.573909759521484,48.573909759521484,49.98406808401629,48.16295068604238,49.452237067448586,5836200,2022-03-14
47.43772506713867,47.43772506713867,48.56182306925506,46.43046912336784,48.24352982215534,8354400,2022-03-15
48.05820083618164,48.05820083618164,48.46916303169936,47.31686184851278,47.67141487645421,6154800,2022-03-16
50.636775970458984,50.636775970458984,50.669008901605594,47.65529746523055,47.84869197820871,9420600,2022-03-17
50.274166107177734,50.274166107177734,51.11220392237787,49.80277098884079,50.14523744898554,9510800,2022-03-18
51.0396728515625,51.0396728515625,51.345879516436554,50.3869698992023,50.862394823387866,4836500,2022-03-21
51.208892822265625,51.208892822265625,51.99858113267843,50.95909530938172,51.5715055856953,5136700,2022-03-22
51.0074462890625,51.0074462890625,51.44258164493592,50.78182191515845,51.08802861824363,2936100,2022-03-23
51.6440315246582,51.6440315246582,51.732670552795724,51.09608703725671,51.378117514147306,3611400,2022-03-24
52.13556671142578,52.13556671142578,52.159746018935685,51.442577183971636,51.64402530470152,3962900,2022-03-25
51.66014862060547,51.66014862060547,52.014704716379484,50.79793769044839,51.81325350701752,3879300,2022-03-28
51.7246208190918,51.7246208190918,51.8293732475826,50.62066584334998,51.53122628189775,4225600,2022-03-29
51.78102111816406,51.78102111816406,52.3289686592802,51.59568329857641,51.958299167907974,3145900,2022-03-30
51.34588623046875,51.34588623046875,52.20407036643906,51.337826460551724,51.69238256326305,4302100,2022-03-31
51.716556549072266,51.716556549072266,52.3209101986106,51.12025959567773,51.80519557616214,3317100,2022-04-01
51.57957458496094,51.57957458496094,51.98247704444833,51.02356722357117,51.98247704444833,3650000,2022-04-04
51.16054916381836,51.16054916381836,52.08722285866473,51.09608330301091,51.57150826781085,3432500,2022-04-05
49.69398498535156,49.69398498535156,50.99939109132117,49.3877813471725,50.934925226082434,4977000,2022-04-06
49.35554504394531,49.35554504394531,49.798737078539226,48.37246218350317,49.798737078539226,4644800,2022-04-07
49.70204544067383,49.70204544067383,50.185527141023286,49.41195519090348,49.774568003116414,3913900,2022-04-08
49.91960906982422,49.91960906982422,50.459496822194616,49.2749658304635,49.436124334877604,2760400,2022-04-11
50.9752082824707,50.9752082824707,51.37005397139483,50.19357974759017,50.370854706336644,4137300,2022-04-12
51.700443267822266,51.700443267822266,51.75684936265486,50.94298472481039,51.16055240797966,3465600,2022-04-13
52.77215576171875,52.77215576171875,53.183117939911966,51.88577169228079,51.966350944447356,7000200,2022-04-14
53.08641815185547,53.08641815185547,53.56990595138241,52.61905603894364,52.77215477084461,4958900,2022-04-18
54.02922058105469,54.02922058105469,54.2709583604797,53.110603494072045,53.20729614672067,5292500,2022-04-19
54.4240608215332,54.4240608215332,54.93171566862598,54.02115839272215,54.0453315548023,5021500,2022-04-20
56.01149368286133,56.01149368286133,57.905133743898816,55.51189249085625,55.60053151117655,10282500,2022-04-21
55.197635650634766,55.197635650634766,57.3974857326936,54.988124655247375,56.46274909773717,7439400,2022-04-22
54.851139068603516,54.851139068603516,55.0687036856637,52.804393893392884,54.31931103367668,7252100,2022-04-25
54.287078857421875,54.287078857421875,55.58442525094101,54.270959316494185,54.98812519268755,6612800,2022-04-26
54.351531982421875,54.351531982421875,55.06064414990756,54.030020338790656,54.89142587752197,5412300,2022-04-27
54.641624450683594,54.641624450683594,54.826962269654935,53.27175867635006,54.826962269654935,5532300,2022-04-28
53.58601760864258,53.58601760864258,55.37087223669199,53.43291273389249,54.89142355908459,6499800,2022-04-29
54.03727722167969,54.03727722167969,54.23872845635377,53.03002104830926,54.10980286302033,7250100,2022-05-02
54.91559982299805,54.91559982299805,55.06064493680185,54.03726937057419,54.085621840377385,4599500,2022-05-03
56.89788055419922,56.89788055419922,57.03486590227278,55.14122574751699,55.455489145004826,5589800,2022-05-04
55.173458099365234,55.173458099365234,56.696428747437366,54.415999586299705,56.61584949340556,6530600,2022-05-05
54.73832702636719,54.73832702636719,55.0928831491685,53.70689773945808,54.85113922038515,5807800,2022-05-06
53.690773010253906,53.690773010253906,54.64162294495015,53.56184743575085,53.85999128492829,7266900,2022-05-09
53.030006408691406,53.030006408691406,54.6738487675645,52.60293089273066,54.33541226221471,7885500,2022-05-10
53.819705963134766,53.819705963134766,55.19763150082034,53.03807428524109,53.50544256758207,5683300,2022-05-11
54.021156311035156,54.021156311035156,54.30318677077431,52.91317467450046,53.61019412809928,6035700,2022-05-12
54.44017028808594,54.44017028808594,55.05258365710378,54.198432536912414,54.391823967411774,3924400,2022-05-13
54.77861404418945,54.77861404418945,55.27498764634291,53.73106532527274,54.238720145656956,4028300,2022-05-16
56.382164001464844,56.382164001464844,56.64082665904096,55.51995309361015,56.092073775662996,4502600,2022-05-17
55.52801513671875,55.52801513671875,56.71254310147266,55.193605386399355,55.93091756151757,4623900,2022-05-18
55.407142639160156,55.407142639160156,56.05984259366943,54.633570728829845,55.04452677169707,4988400,2022-05-19
54.883365631103516,54.883365631103516,56.1887716253378,53.884169396641774,55.503832624458866,5232200,2022-05-20
54.383750915527344,54.383750915527344,54.89946536943778,53.859976694205464,54.63355452287234,6582300,2022-05-23
54.04533767700195,54.04533767700195,54.30319501473871,52.756050988318165,54.15009010714993,4664400,2022-05-24
54.23067092895508,54.23067092895508,54.53687457040466,53.505445306781475,53.75524285249552,6264900,2022-05-25
54.665794372558594,54.665794372558594,55.02841021919388,53.91640181467828,54.12590663507801,5732800,2022-05-26
56.22907638549805,56.22907638549805,56.23722018656963,54.81235938214905,55.032192315880735,4784300,2022-05-27
55.3497314453125,55.3497314453125,55.97666738680905,55.05254175680045,55.887104222038204,7876000,2022-05-31
55.4555778503418,55.4555778503418,56.82181682623379,55.36194588837225,55.895249888837284,5958100,2022-06-01
55.44743347167969,55.44743347167969,56.15579500607263,54.633227381899076,55.71612297216316,4598700,2022-06-02
54.576236724853516,54.576236724853516,55.496293641274995,54.29126581742646,55.0321901767368,4966800,2022-06-03
54.60881042480469,54.60881042480469,55.048482524990035,54.2831266974192,54.584385232333354,3117300,2022-06-06
54.85307312011719,54.85307312011719,54.926348695322766,54.079573514401396,54.356406848500804,4873800,2022-06-07
54.74721908569336,54.74721908569336,55.211316336775134,54.42967918821108,54.600661732093855,3200900,2022-06-08
53.62361526489258,53.62361526489258,54.5640223344106,53.58290247435686,54.47039037045808,3113400,2022-06-09
50.37493133544922,50.37493133544922,52.98853531837968,50.36679064093814,52.93154113895268,6448900,2022-06-10
47.77761459350586,47.77761459350586,49.32460743874121,47.19952900312994,49.251328764894275,8509300,2022-06-13
47.679908752441406,47.679908752441406,48.144005965569775,46.7842802085825,47.4519289399584,7128900,2022-06-14
46.74357223510742,46.74357223510742,48.57553596631326,46.21840892611444,48.05444455750001,6387900,2022-06-15
45.1233024597168,45.1233024597168,45.57111831821933,44.496366469713074,45.32685399323616,7641800,2022-06-16
44.59407043457031,44.59407043457031,45.56297461811921,43.942706147060555,44.911610330609456,12735800,2022-06-17
44.740623474121094,44.740623474121094,46.157340274627344,44.70805448639806,45.87236939692483,6391700,2022-06-21
42.61554718017578,42.61554718017578,42.98194054449092,41.988608113669834,42.58297819091449,10383100,2022-06-22
41.5733642578125,41.5733642578125,42.86795207088864,41.052269748905005,42.54226839106518,9662000,2022-06-23
43.266910552978516,43.266910552978516,43.80428644102796,41.67920807730298,41.93975377417849,9109000,2022-06-24
42.517845153808594,42.517845153808594,43.397186160175714,42.31429362106298,43.07150557135267,7507300,2022-06-27
42.77024841308594,42.77024841308594,44.08926462308636,42.61962226192015,42.99008444808601,5169400,2022-06-28
42.32243728637695,42.32243728637695,43.16106866624867,41.752492333494665,42.91680743099915,4392800,2022-06-29
42.021175384521484,42.021175384521484,42.452703603762565,41.40237703766105,41.6547820351896,5848000,2022-06-30
42.0863151550293,42.0863151550293,42.37128917367011,40.62888849390346,41.45123534620407,5255100,2022-07-01
41.30467224121094,41.30467224121094,41.37795090941212,40.18513893066202,41.33724122840026,5891000,2022-07-05
41.67106628417969,41.67106628417969,41.728060459746295,40.73879997534067,41.21510977369718,5657000,2022-07-06
42.56669235229492,42.56669235229492,42.998223681507596,42.12702343494851,42.452703999429204,5507600,2022-07-07
41.83390426635742,41.83390426635742,43.055213240569906,41.77283819645693,42.68881992711629,4226900,2022-07-08
41.53265380859375,41.53265380859375,41.809484020257194,41.12555073885045,41.31282088416831,3919100,2022-07-11
41.05227279663086,41.05227279663086,41.9845392157386,40.91385924129739,41.43495068294102,6068200,2022-07-12
40.44161605834961,40.44161605834961,40.88128810388973,39.920524644057544,40.710305565940736,6071500,2022-07-13
39.81468200683594,39.81468200683594,39.95309556158235,39.30173126229045,39.68440914697756,4969400,2022-07-14
40.34391403198242,40.34391403198242,40.905718262185744,40.034514825924795,40.490471387170246,4809900,2022-07-15
41.09298324584961,41.09298324584961,41.565221173179495,40.873147224076284,41.0522704557084,4839000,2022-07-18
42.70511245727539,42.70511245727539,42.99822716320718,41.589650920546,41.646645101593855,6999400,2022-07-19
42.786529541015625,42.786529541015625,42.88423340245273,42.18401877187875,42.705110174142995,5977700,2022-07-20
41.85020065307617,41.85020065307617,41.88276654112264,40.66960102127311,41.17440800442089,10059700,2022-07-21
41.402381896972656,41.402381896972656,42.18402216927005,41.06855749638992,41.93161714211725,5074800,2022-07-22
41.99675369262695,41.99675369262695,42.314293586498756,41.54893783619247,41.66292619748492,5933200,2022-07-25
41.76877212524414,41.76877212524414,42.175875173455,41.48380123387645,41.66292446304338,4130900,2022-07-26
42.53413009643555,42.53413009643555,42.72872407171157,41.6954956606585,41.882762700039805,4342000,2022-07-27
42.582977294921875,42.582977294921875,43.07964349988201,42.14330526699489,42.70510944910705,6137900,2022-07-28
43.323909759521484,43.323909759521484,43.80021962573405,42.721398930282525,42.95751636014641,9754300,2022-07-29
42.713260650634766,42.713260650634766,42.82724903274195,41.874629177174356,42.81096764039847,5913400,2022-08-01
41.97233200073242,41.97233200073242,42.88424214050479,41.964191304766324,42.58298669455283,5797800,2022-08-02
41.923484802246094,41.923484802246094,42.33872865901431,41.79809446960647,42.33872865901431,5139300,2022-08-03
41.51637268066406,41.51637268066406,42.0944582979145,41.4105250121978,41.77691839846567,6963700,2022-08-04
41.923484802246094,41.923484802246094,42.151461578044284,41.30468625943585,41.33725525767862,5954500,2022-08-05
42.46084976196289,42.46084976196289,42.957512878697464,42.17587576067768,42.24101374015424,4511400,2022-08-08
42.924949645996094,42.924949645996094,43.030794210257845,42.42828339263711,42.46085238438688,4339000,2022-08-09
43.999698638916016,43.999698638916016,44.500433653923416,43.81243160756814,43.84499749123096,5998300,2022-08-10
44.9930305480957,44.9930305480957,45.3675677381647,44.58592747250111,44.58592747250111,5066200,2022-08-11
45.538551330566406,45.538551330566406,45.54669202564731,45.03374437489904,45.050028871010895,4389100,2022-08-12
45.058170318603516,45.058170318603516,45.188443183724,44.66735172324208,45.17215868734017,5991700,2022-08-15
45.68510818481445,45.68510818481445,45.941582007354626,45.0581690682107,45.074453564142615,3925900,2022-08-16
45.155879974365234,45.155879974365234,45.5222734250524,44.78948652367807,45.20473346977369,4198000,2022-08-17
45.6118278503418,45.6118278503418,45.7787384921724,45.123302307968274,45.367566632129986,3561500,2022-08-18
45.180301666259766,45.180301666259766,45.53040746131494,44.90347144467309,45.33499972016554,3517800,2022-08-19
44.30094909667969,44.30094909667969,44.53544206864865,43.88570539616516,44.36608706865422,6342700,2022-08-22
45.28614044189453,45.28614044189453,45.40012879398283,44.39865570727178,44.50450336533219,3894500,2022-08-23
44.16253662109375,44.16253662109375,45.30242320435785,44.032263779979296,45.188434856626394,6957200,2022-08-24
45.40013122558594,45.40013122558594,45.42455952087726,44.58348384085015,44.642922402450914,5736200,2022-08-25
44.34166717529297,44.34166717529297,45.89680083233622,44.178825320460945,45.5792609236863,5777700,2022-08-26
43.61702346801758,43.61702346801758,43.97527305801926,42.7783921224034,43.15292620821653,9304900,2022-08-29
42.38779067993164,42.38779067993164,43.69126720386707,42.28879007274223,43.584021266687316,7452200,2022-08-30
42.07429885864258,42.07429885864258,42.60228955647429,41.72780614334282,42.272296943865875,6069600,2022-08-31
41.21630859375,41.21630859375,41.6535534069978,40.53982018126002,41.62880168171085,6378300,2022-09-01
40.68007278442383,40.68007278442383,41.87630031938461,40.34595121592422,41.68655386110067,5124900,2022-09-02
40.086082458496094,40.086082458496094,41.31531336935742,39.879835893705945,41.16681559094269,8104700,2022-09-06
40.39958190917969,40.39958190917969,40.626451263494154,39.62409273867165,39.87983963595647,6517500,2022-09-07
40.75432205200195,40.75432205200195,40.84506789605694,39.55809135882018,40.00358468958958,5964100,2022-09-08
41.670047760009766,41.670047760009766,41.83917142611166,41.26580632140186,41.43905265223382,6265600,2022-09-09
42.01654815673828,42.01654815673828,42.726036804748134,41.90929906767169,42.31354369749335,5042800,2022-09-12
39.492088317871094,39.492088317871094,40.93581416074429,39.232218799100046,40.21807705146765,9104300,2022-09-13
38.83210372924805,38.83210372924805,39.492092120118386,38.26286433219854,39.27759707323786,11484300,2022-09-14
38.700103759765625,38.700103759765625,39.40134079347121,38.518605782869855,38.856850009856615,6535500,2022-09-15
38.29586410522461,38.29586410522461,38.60935979325582,37.46262929278085,37.95761983424226,10059000,2022-09-16
38.55986022949219,38.55986022949219,38.67535780551271,37.5121272730486,37.652373430481255,4900300,2022-09-19
38.023624420166016,38.023624420166016,38.180370707829546,37.42963318763312,37.90812682430094,4996000,2022-09-20
37.107879638671875,37.107879638671875,38.4361079507023,37.09963116121926,38.29585865742651,5819100,2022-09-21
36.93463897705078,36.93463897705078,37.57812731793317,36.91813887253159,37.355380627533926,4652900,2022-09-22
36.21689987182617,36.21689987182617,36.464395132705405,35.50741114945219,36.29939724309492,6729600,2022-09-23
35.79615783691406,35.79615783691406,36.513895092543606,35.60641135080847,35.903406945434,5497600,2022-09-26
36.12615203857422,36.12615203857422,36.4396445771494,35.70128458341928,36.24989809946239,5444700,2022-09-27
37.16563415527344,37.16563415527344,37.545127118088125,36.22515022696176,36.365399541872584,8315400,2022-09-28
36.431392669677734,36.431392669677734,36.868634375061156,35.87865339284003,36.71188812052647,4904800,2022-09-29
36.24164581298828,36.24164581298828,36.992383166293,36.134396720495396,36.43964074843527,5869800,2022-09-30
37.355377197265625,37.355377197265625,37.734873272212184,36.670640231499846,37.07488174034314,6868700,2022-10-03
38.46085739135742,38.46085739135742,38.5516063807316,37.63999696878028,37.78436893047886,6959800,2022-10-04
37.99887466430664,37.99887466430664,38.312367229979536,37.54512962727652,37.88337392492502,5564500,2022-10-05
37.55337905883789,37.55337905883789,38.031869505731756,37.384255346361314,37.70187685371917,5430600,2022-10-06
36.63764190673828,36.63764190673828,37.48737679910297,36.4643955369097,37.165632641686166,5265100,2022-10-07
37.0253791809082,37.0253791809082,37.48736940938097,36.76138386547451,37.10787653682908,4686100,2022-10-10
36.25814437866211,36.25814437866211,36.95113291749992,35.820899549526416,36.530388190130914,5222700,2022-10-11
36.14264678955078,36.14264678955078,36.489139485205044,35.91990013645621,36.24989273035465,4982100,2022-10-12
37.88337326049805,37.88337326049805,38.36186687403823,35.400165628202664,35.47441452868051,8304900,2022-10-13
37.22337341308594,37.22337341308594,38.279357802577856,36.90575513682054,38.18860882448136,5888400,2022-10-14
37.33888244628906,37.33888244628906,38.00712255190693,37.12026155752704,37.8751248560276,6195300,2022-10-17
38.26285934448242,38.26285934448242,38.72484958433295,37.43374736464713,38.18035883945735,8009100,2022-10-18
37.231624603271484,37.231624603271484,38.44435206378246,37.19862440306202,38.147359703114184,8371500,2022-10-19
37.06663131713867,37.06663131713867,39.29409475261835,37.04188273746788,37.44612422509677,9259900,2022-10-20
38.66710662841797,38.66710662841797,38.70835531360718,37.08313445822722,37.1408832469067,7483600,2022-10-21
38.80735778808594,38.80735778808594,39.03010447523413,38.221618248033145,38.68360857953479,5645700,2022-10-24
39.475589752197266,39.475589752197266,39.54983863860248,38.390733995289736,38.535105955779684,5202500,2022-10-25
39.59109115600586,39.59109115600586,40.053081437606,39.50859064352529,39.599339633717534,6020700,2022-10-26
39.28584289550781,39.28584289550781,39.99945736016173,39.16209685081351,39.69833600530084,4524400,2022-10-27
39.170345306396484,39.170345306396484,39.40959206524012,38.617606050177756,38.9393501721048,6943200,2022-10-28
38.55986022949219,38.55986022949219,39.452492844339176,38.46498542229081,39.170348316192914,6434000,2022-10-31
38.71659851074219,38.71659851074219,39.244589119201784,38.568100758728896,39.120839943499945,4892300,2022-11-01
38.71659851074219,38.71659851074219,40.11082390789782,38.58872667036996,38.65884973463394,7310300,2022-11-02
38.353607177734375,38.353607177734375,38.74960014877682,37.92461400567029,38.172109219187774,5122300,2022-11-03
40.44906997680664,40.44906997680664,41.150310093405984,39.70658432914385,39.82208188675324,10593100,2022-11-04
40.836822509765625,40.836822509765625,40.86157109210211,39.855089929850884,40.416080874680176,5849000,2022-11-07
40.9605712890625,40.9605712890625,41.53805918472058,40.795573398700334,41.1585662398387,4739700,2022-11-08
39.33534622192383,39.33534622192383,40.746072010438624,39.244597227269736,40.71307180382388,5089900,2022-11-09
41.21630859375,41.21630859375,41.265808897251404,40.52332008009289,40.79556702874185,6592000,2022-11-10
43.83976745605469,43.83976745605469,44.087262693931756,41.99180007597141,42.074297439572874,9009800,2022-11-11
42.85803985595703,42.85803985595703,43.63765167481838,42.783790961442946,43.28703311903028,5484400,2022-11-14
42.56929397583008,42.56929397583008,43.476780840006626,42.18980101391943,43.237534045599546,4445700,2022-11-15
41.670047760009766,41.670047760009766,42.25579030012668,41.426678363899015,42.198041523182695,4294900,2022-11-16
41.356563568115234,41.356563568115234,41.37306367155171,40.581074441965434,40.96057052685857,3620400,2022-11-17
41.30706024169922,41.30706024169922,41.67830467423058,40.72132077430124,41.6535560944194,3751300,2022-11-18
41.38955307006836,41.38955307006836,41.80204613943913,40.07782813065878,40.78731356643572,5719800,2022-11-21
42.544532775878906,42.544532775878906,42.71777910097338,41.967041878491784,42.06604247603623,4495500,2022-11-22
42.528038024902344,42.528038024902344,42.68478741719215,42.189793808432775,42.31354299739077,3354800,2022-11-23
42.536285400390625,42.536285400390625,42.750780406476636,42.42078470026646,42.486785100337414,1648100,2022-11-25
41.414310455322266,41.414310455322266,42.202170689038475,41.199812267568355,41.950549630561454,5657800,2022-11-28
42.376461029052734,42.376461029052734,42.52287461495601,41.732238059501526,42.041798668493705,4905000,2022-11-29
42.644187927246094,42.644187927246094,42.644187927246094,41.31223446666917,42.26769358464051,7194200,2022-11-30
42.72785186767578,42.72785186767578,43.095977895800814,42.50195526237974,42.87844960453981,4757300,2022-12-01
43.12944412231445,43.12944412231445,43.25494329834558,42.1923940337657,42.22586090625088,4858300,2022-12-02
42.878456115722656,42.878456115722656,43.45574540031291,42.66092779142953,43.054152438218324,5109900,2022-12-05
42.711116790771484,42.711116790771484,43.392990737488326,42.30952390508365,43.04577912463295,4373400,2022-12-06
42.41828918457031,42.41828918457031,42.95291016666203,42.045979017744884,42.5186866070147,4248500,2022-12-07
42.3011589050293,42.3011589050293,43.02904581296566,42.09199574365636,42.81988265159273,3815800,2022-12-08
41.999969482421875,41.999969482421875,43.00395343971991,41.9330357291994,42.25932979721643,3807000,2022-12-09
42.761322021484375,42.761322021484375,42.778055459261644,41.698772659454704,42.1003655913784,5208100,2022-12-12
43.1378059387207,43.1378059387207,44.20035504325729,42.91609033558409,43.92425817420573,4884100,2022-12-13
42.97047805786133,42.97047805786133,43.54609481701798,42.644184054428436,43.08760891123966,4064300,2022-12-14
41.43940734863281,41.43940734863281,42.30283418902579,41.2971779211128,42.21749461756771,6189600,2022-12-15
41.66530227661133,41.66530227661133,41.80753488995684,40.89558335311165,41.18004538822602,8969100,2022-12-16
41.27207946777344,41.27207946777344,42.09617970123733,40.79518448969398,41.673672383166384,4674700,2022-12-19
41.54817199707031,41.54817199707031,41.836818193224495,41.288808517078394,41.288808517078394,4003400,2022-12-20
42.393192291259766,42.393192291259766,42.61072378831263,41.89120192996018,41.96650080331281,3840500,2022-12-21
41.9748649597168,41.9748649597168,42.041798708523054,41.117297846280074,41.96649983690442,3340600,2022-12-22
42.552154541015625,42.552154541015625,42.59482272851533,41.79080075268123,41.999963916416796,2634200,2022-12-23
42.8282470703125,42.8282470703125,42.853348819537025,42.46012106131006,42.593985354726996,3094500,2022-12-27
41.82426834106445,41.82426834106445,42.962113290346274,41.75315043857831,42.811515554551676,3340300,2022-12-28
42.376461029052734,42.376461029052734,42.50362940682529,41.83263549103851,41.89120092539982,2743400,2022-12-29
42.158935546875,42.158935546875,42.276902625536316,41.815908014613775,42.05016978545249,2700300,2022-12-30
42.70275115966797,42.70275115966797,42.794783459961785,42.09199512049035,42.33462195849271,3962500,2023-01-03
43.78203201293945,43.78203201293945,43.92844557936662,43.00394484098208,43.221473112305816,4527800,2023-01-04
44.26728820800781,44.26728820800781,44.325853633715475,43.10434162384652,43.522667916944904,4803000,2023-01-05
46.032630920410156,46.032630920410156,46.212511374600766,44.61032072350493,44.8780493262663,6100700,2023-01-06
46.250160217285156,46.250160217285156,47.011514046335485,45.865300741408454,46.04936535664373,6510900,2023-01-09
47.24578094482422,47.24578094482422,47.33781325628381,46.26689558570861,46.35892789716819,6611700,2023-01-10
48.174461364746094,48.174461364746094,48.433821644960354,47.70593472938807,47.948564765104365,8926300,2023-01-11
48.96091842651367,48.96091842651367,49.193507784672,48.10753225397566,48.49239174602901,7305900,2023-01-12
49.09477233886719,49.09477233886719,49.17425535314936,48.35015207320119,48.525848344331685,4041200,2023-01-13
48.02386474609375,48.02386474609375,48.92744797405263,47.906730690853585,48.78521855148315,5948400,2023-01-17
47.55534362792969,47.55534362792969,48.81868790775617,47.496778189290005,48.54259415296582,5641500,2023-01-18
47.35453796386719,47.35453796386719,47.68083517312705,46.72704848629875,47.329439406068936,4997500,2023-01-19
48.05732727050781,48.05732727050781,48.15354372995888,47.12027719218177,47.46330465247109,6712600,2023-01-20
48.559322357177734,48.559322357177734,48.860517832902914,47.86908325723697,48.048963711263035,5213700,2023-01-23
48.693180084228516,48.693180084228516,48.91070834756275,47.831425769123484,48.283218921713356,5262500,2023-01-24
48.4338264465332,48.4338264465332,48.504941163217744,47.563706833854575,47.990401517115615,5491500,2023-01-25
48.62625503540039,48.62625503540039,49.00274939649739,46.71032273839889,47.40474283413173,8002500,2023-01-26
49.33740997314453,49.33740997314453,49.63860545111345,48.366892983898424,48.55932271891707,6773300,2023-01-27
48.4840202331543,48.4840202331543,49.55911872808603,48.35852106283559,49.052944273199834,4824700,2023-01-30
49.655338287353516,49.655338287353516,49.73900547536449,48.37526063076602,48.58442381342813,5739100,2023-01-31
50.38322448730469,50.38322448730469,50.79736666267137,49.19517604386351,49.596768939912515,5645100,2023-02-01
50.15732955932617,50.15732955932617,50.55055415457318,49.81095411902679,50.257726988795966,4726200,2023-02-02
50.199161529541016,50.199161529541016,50.402468159268274,49.705536313504126,49.864499176046714,3960900,2023-02-03
50.27446746826172,50.27446746826172,50.4501637923402,49.613510982544916,50.199168587717054,4658600,2023-02-06
50.625850677490234,50.625850677490234,50.93123030042302,49.93143063445132,50.25772465878329,4777500,2023-02-07
50.04019546508789,50.04019546508789,50.62584975886368,49.83103230543181,50.36648948349912,3410400,2023-02-08
49.42945098876953,49.42945098876953,50.7931928109186,49.24120218608141,50.63422992134893,3874700,2023-02-09
50.048561096191406,50.048561096191406,50.06529453212326,49.11987614722113,49.36250618086818,3826300,2023-02-10
50.466888427734375,50.466888427734375,50.54637145210406,49.881230924728364,50.04856209581246,3520600,2023-02-13
49.99835968017578,49.99835968017578,50.23262458645267,49.370870208734146,50.23262458645267,3749100,2023-02-14
49.99835968017578,49.99835968017578,49.99835968017578,49.37923852230287,49.621868550571996,2357500,2023-02-15
49.09477233886719,49.09477233886719,49.684610732398475,48.768478352031636,49.33740234656714,4302100,2023-02-16
48.634620666503906,48.634620666503906,48.94836541817815,48.308326635414964,48.74338321581578,4317200,2023-02-17
47.55534362792969,47.55534362792969,48.425463275686454,47.43821275065032,48.274865521590975,6615600,2023-02-21
47.69757080078125,47.69757080078125,48.053150764798005,47.438210496721915,47.50514105559704,3735400,2023-02-22
47.848167419433594,47.848167419433594,48.29159552677966,47.12864876850246,48.03223203725939,4154000,2023-02-23
48.35015869140625,48.35015869140625,48.421273402563365,46.90274995151969,47.15374511485911,4831800,2023-02-24
48.26546859741211,48.26546859741211,48.81595891489671,48.104553408799475,48.59576343404481,5443100,2023-02-27
48.44331741333008,48.44331741333008,48.705857796686935,48.16383518893262,48.375562972006,5835300,2023-02-28
49.13778305053711,49.13778305053711,49.675570184538735,48.46872249744099,48.51953832715913,4535100,2023-03-01
49.493492126464844,49.493492126464844,49.667956928917725,48.57035873772965,48.91759221987536,3992400,2023-03-02
49.39186477661133,49.39186477661133,49.7560368794625,48.947235069659754,49.595124901971786,3463600,2023-03-03
48.367103576660156,48.367103576660156,49.3325819161309,48.0791536130715,49.129321788011204,4841200,2023-03-06
47.25764083862305,47.25764083862305,48.443317723714614,47.03744536432812,48.172306418101044,5499200,2023-03-07
47.647216796875,47.647216796875,48.163833081886914,47.50324346142417,47.60487188825472,4232700,2023-03-08
46.66480255126953,46.66480255126953,47.99445278345485,46.54200327891622,47.706506097153714,4566100,2023-03-09
45.63157272338867,45.63157272338867,46.73255654948928,45.15306586587529,46.71561793915424,5399000,2023-03-10
44.37813949584961,44.37813949584961,45.0895448939901,44.03090610096611,44.84393991863833,8481300,2023-03-13
44.28498458862305,44.28498458862305,45.51300639615752,43.696381600757185,45.1149571238101,8450400,2023-03-14
42.752079010009766,42.752079010009766,43.21787954589495,42.066079742514134,43.21787954589495,8006200,2023-03-15
43.11624526977539,43.11624526977539,43.17552879010335,41.668028020547446,42.00679053232013,6851400,2023-03-16
42.36249542236328,42.36249542236328,43.05696229562255,42.09148411722355,42.938395253462616,11632000,2023-03-17
43.41266632080078,43.41266632080078,43.53970429200291,42.86895078238888,42.91298858782747,5403200,2023-03-20
44.09020233154297,44.09020233154297,44.539064275420266,43.67944984446576,44.39508767807406,4277400,2023-03-21
43.51429748535156,43.51429748535156,44.59664987379839,43.47618480214904,44.098665038542045,4524000,2023-03-22
43.74296188354492,43.74296188354492,44.83547480405704,43.32373854111891,43.598985309083865,4781100,2023-03-23
43.853057861328125,43.853057861328125,43.98009582480304,42.726667723403025,43.06543024148676,4338400,2023-03-24
44.03937911987305,44.03937911987305,44.632217561859406,43.95892152803851,44.2511069041032,4328000,2023-03-27
44.81007385253906,44.81007385253906,44.85241876865539,44.141013193487005,44.18335810960333,3083600,2023-03-28
45.39443588256836,45.39443588256836,45.60616366789883,45.021796143442195,45.52994153595147,3710400,2023-03-29
45.73320388793945,45.73320388793945,45.987276596730496,45.37750274177395,45.94493168371695,3643800,2023-03-30
46.42766571044922,46.42766571044922,46.48694922831176,45.699321655898736,45.87717220948634,4410800,2023-03-31
46.859596252441406,46.859596252441406,47.5201859265002,46.59281716814097,46.766435507492666,6588800,2023-04-03
45.953392028808594,45.953392028808594,46.81724168518753,45.728961118071226,46.65632974917244,5014500,2023-04-04
46.27522659301758,46.27522659301758,46.30910381575976,45.26740344676091,45.43678632976205,3959800,2023-04-05
46.29216003417969,46.29216003417969,46.63092576234643,45.91104939766946,46.05502596288862,5022100,2023-04-06
47.26611328125,47.26611328125,47.26611328125,46.55470777342847,46.58011407455112,4046400,2023-04-10
47.58793640136719,47.58793640136719,48.05374011888441,47.42702444576738,47.47784027787189,4411100,2023-04-11
48.1807746887207,48.1807746887207,48.90065110288544,48.10031709584044,48.655046094615955,4679700,2023-04-12
48.206180572509766,48.206180572509766,48.40944066776726,47.49477831588259,47.952107876470116,5147600,2023-04-13
47.85048294067383,47.85048294067383,48.64403897001788,47.63875514005137,48.31628345590125,3394800,2023-04-14
48.18924331665039,48.18924331665039,48.22735276575336,47.774255452397625,48.00292183914391,2874400,2023-04-17
48.08761215209961,48.08761215209961,48.477193720956386,47.75308187345918,48.28240132117324,3354600,2023-04-18
47.799659729003906,47.799659729003906,47.92500479035746,47.29151437821118,47.76578574147125,3828000,2023-04-19
47.17295455932617,47.17295455932617,47.56676839716553,46.88924008225638,47.25764438717363,3334700,2023-04-20
46.470008850097656,46.470008850097656,46.98662511241601,46.33027098086,46.88499669004972,4179500,2023-04-21
46.91040802001953,46.91040802001953,46.91887894070582,46.39379170228402,46.698680232797415,5036400,2023-04-24
44.46283721923828,44.46283721923828,46.58011518205915,44.46283721923828,46.12278236671949,8369800,2023-04-25
44.53058624267578,44.53058624267578,45.013325300963096,44.21722681622238,44.26804264419819,5952500,2023-04-26
45.30975341796875,45.30975341796875,45.32669203123078,44.34003961601112,44.581409201252264,3910700,2023-04-27
46.07196807861328,46.07196807861328,46.50389134572287,45.0302645159714,45.08955126901553,6014400,2023-04-28
45.82636260986328,45.82636260986328,46.25828587264977,45.58499306257178,46.12278021856875,4013200,2023-05-01
45.546878814697266,45.546878814697266,45.64003955443224,44.530588059394496,45.30974473588789,4206000,2023-05-02
44.88629150390625,44.88629150390625,45.87717601089334,44.810069370237265,45.52147487424455,3343000,2023-05-03
45.191184997558594,45.191184997558594,45.23352991408586,44.268051602140105,44.80160659637172,3899900,2023-05-04
46.08043670654297,46.08043670654297,46.22441328564971,45.58922990710112,45.95339873854936,4145300,2023-05-05
45.860233306884766,45.860233306884766,46.50388426452503,45.741663049561005,46.088896440664804,2725300,2023-05-08
45.45371627807617,45.45371627807617,45.68238265819246,45.28433664602801,45.64003775018042,3285300,2023-05-09
45.26740264892578,45.26740264892578,46.22017771446613,44.75925400887843,45.970337239533166,3888200,2023-05-10
44.32732391357422,44.32732391357422,44.894752759003296,43.98855820566695,44.886285070124764,5499600,2023-05-11
44.30192565917969,44.30192565917969,44.66609773054669,44.08596240041325,44.505182536257664,3260200,2023-05-12
44.259578704833984,44.259578704833984,44.59834448335098,43.82765540639922,44.5644672593573,3774800,2023-05-15
43.243282318115234,43.243282318115234,44.12406741470047,43.17552787876511,44.04784528578632,4611000,2023-05-16
43.59898376464844,43.59898376464844,43.903872282627226,43.267842501182685,43.463478115625584,4777300,2023-05-17
43.92927932739258,43.92927932739258,44.04361413892884,43.06542958870239,43.38725672210687,4451900,2023-05-18
43.99703598022461,43.99703598022461,44.3273308200058,43.70908605285208,44.25110868538631,3747400,2023-05-19
43.8445930480957,43.8445930480957,44.217232811649794,43.64980386050766,44.05632084730572,3478200,2023-05-22
44.00550079345703,44.00550079345703,44.31038931200215,43.57357754599112,43.844588844540226,3611400,2023-05-23
43.46348190307617,43.46348190307617,44.132542516864504,43.35338254405421,44.132542516864504,3162400,2023-05-24
42.65891647338867,42.65891647338867,43.2940998768727,42.31591846933445,43.19247143691401,4688200,2023-05-25
42.633506774902344,42.633506774902344,43.01461743277556,42.557284643327705,42.963801601489266,3511000,2023-05-26
42.513267517089844,42.513267517089844,42.72368580259729,41.997956494056396,42.53903208536124,5222800,2023-05-30
41.8948974609375,41.8948974609375,42.40162145669738,41.51700287688208,42.19549832949189,8465200,2023-05-31
42.08384323120117,42.08384323120117,42.38014889011226,41.663003357331334,42.08384323120117,4573900,2023-06-01
44.32544708251953,44.32544708251953,44.38556658904984,42.95127897660589,43.0371663261259,7786600,2023-06-02
44.230979919433594,44.230979919433594,44.97389005284216,44.20521534846878,44.39416099599058,5567400,2023-06-05
45.16713333129883,45.16713333129883,45.41620178499378,43.861674819409686,43.89602976673343,7378400,2023-06-06
46.26646041870117,46.26646041870117,46.33517030589823,45.2787803622516,45.36466444498017,6453700,2023-06-07
45.33030319213867,45.33030319213867,46.67011631959128,44.875111719750564,46.47258033579517,5092000,2023-06-08
44.43710708618164,44.43710708618164,45.24442866099549,44.34692453370584,45.02112478787022,5478000,2023-06-09
44.4886360168457,44.4886360168457,44.92665338635829,44.11074144078627,44.4886360168457,3888400,2023-06-12
45.63949966430664,45.63949966430664,45.991629662674235,44.6432291852958,44.78923606456758,4273600,2023-06-13
45.356075286865234,45.356075286865234,46.257871219621165,45.09412458729441,46.000215706871984,3319800,2023-06-14
45.9315071105957,45.9315071105957,46.15481096383542,45.15854055067619,45.295957046413065,3283600,2023-06-15
45.656673431396484,45.656673431396484,45.785502827576366,45.17571406542828,45.77691245382163,9535900,2023-06-16
44.59169387817383,44.59169387817383,45.038298308968606,44.00767622773048,44.935236756098334,5083700,2023-06-20
44.55733871459961,44.55733871459961,45.08124008799899,44.024846967979045,44.38556728911773,3591400,2023-06-21
44.136505126953125,44.136505126953125,44.22239248997239,43.114470079033126,43.30341572513971,4734000,2023-06-22
44.11073684692383,44.11073684692383,44.230975868772035,43.16599559076229,43.56965797233925,3703100,2023-06-23
44.617462158203125,44.617462158203125,44.85364502234261,44.059205795204846,44.17085772305805,3073900,2023-06-26
45.14995193481445,45.14995193481445,45.192893977104085,44.334040026240174,44.6002859304644,3176300,2023-06-27
45.484901428222656,45.484901428222656,45.4934918018703,44.548750552953024,45.149948933851725,3364600,2023-06-28
45.72538757324219,45.72538757324219,45.83703623230671,45.25301526078481,45.47631913144974,2559400,2023-06-29
45.742557525634766,45.742557525634766,46.02598088681202,45.51066985446674,46.01739378932225,4158100,2023-06-30
46.18915939331055,46.18915939331055,46.369521193291675,45.716790427088696,45.73396789738535,2228500,2023-07-03
45.3818359375,45.3818359375,45.897146918512185,45.10700297745787,45.67384636707819,5878100,2023-07-05
45.32172393798828,45.32172393798828,45.41190321078664,44.454279602230635,44.909474429652434,5287100,2023-07-06
45.60514450073242,45.60514450073242,46.3265819666502,44.93523945247587,45.0211235389767,5400200,2023-07-07
45.75115203857422,45.75115203857422,46.094691665795786,45.240132870607255,45.3217250473463,3663100,2023-07-10
45.879974365234375,45.879974365234375,46.29222712573975,45.83703232492647,45.94868425074116,3470800,2023-07-11
46.47258758544922,46.47258758544922,46.944956600934624,45.66526277864759,46.68730107214875,5983900,2023-07-12
46.5584716796875,46.5584716796875,46.76459806852145,46.20634169247486,46.54129420759569,3291900,2023-07-13
45.45054626464844,45.45054626464844,46.42964245084913,45.30454267602608,46.38669713535541,3885600,2023-07-14
45.02970886230469,45.02970886230469,45.24871751746337,44.8064050204224,45.124183312618925,4318300,2023-07-17
45.502079010009766,45.502079010009766,45.8241492209608,44.98676798299516,45.029710022535106,4815500,2023-07-18
45.36466598510742,45.36466598510742,45.55361490504638,45.11559754996386,45.38184345748986,3731800,2023-07-19
45.562198638916016,45.562198638916016,45.81126705566905,45.175713729517796,45.794089584554946,3751900,2023-07-20
45.562198638916016,45.562198638916016,45.67385056302386,45.175713729517796,45.60514067856746,4095300,2023-07-21
45.13276672363281,45.13276672363281,45.8284394840005,44.87940642418074,45.66525516450651,6687900,2023-07-24
45.9315071105957,45.9315071105957,47.36149966940818,45.390428225264664,45.46772520888339,9077400,2023-07-25
46.12045669555664,46.12045669555664,46.34375727579546,45.69102973056313,45.73397177180893,7582000,2023-07-26
47.185428619384766,47.185428619384766,47.26272559575573,46.20633576953078,46.46399126534487,8079600,2023-07-27
47.632041931152344,47.632041931152344,47.9841719391957,47.370091199724826,47.632041931152344,4560900,2023-07-28
48.499488830566406,48.499488830566406,48.516666304569355,47.62345731402475,47.6921639337684,6387600,2023-07-31
47.90686798095703,47.90686798095703,48.45653393539876,47.70074488617514,48.31053034961722,5563300,2023-08-01
46.979305267333984,46.979305267333984,47.65780058094242,46.953537424511254,47.28849317106782,4498900,2023-08-02
47.15108108520508,47.15108108520508,47.863928128595056,46.68729918636282,46.68729918636282,4630200,2023-08-03
46.81612777709961,46.81612777709961,47.623452593880536,46.7603034493241,47.202612713189644,3626600,2023-08-04
47.683563232421875,47.683563232421875,47.94121871642962,47.09954238799515,47.125306953515754,3263400,2023-08-07
47.24555206298828,47.24555206298828,47.340026517122034,46.601411631641085,46.99648691949745,3607400,2023-08-08
47.700748443603516,47.700748443603516,48.12588022503074,47.116727504387164,47.59768361225868,4619700,2023-08-09
48.07863998413086,48.07863998413086,48.293353454911866,47.7694520620034,48.00993337714007,5147000,2023-08-10
47.62345504760742,47.62345504760742,48.09152890590649,47.469719447425256,47.83816854802381,4547000,2023-08-11
47.56333541870117,47.56333541870117,47.70075192759656,47.08237599943332,47.528980472410325,3637200,2023-08-14
45.97444534301758,45.97444534301758,47.38296512671567,45.881690936118844,46.97930604682543,5280400,2023-08-15
45.79409408569336,45.79409408569336,46.17198865854429,45.59655806286665,45.68244215061115,3549100,2023-08-16
46.257877349853516,46.257877349853516,46.9449599003281,46.1204608397586,46.18058035815837,3614900,2023-08-17
46.39528274536133,46.39528274536133,46.48975718771927,45.89714596793481,46.17197892228487,2921100,2023-08-18
46.52411651611328,46.52411651611328,46.7216558061037,46.22351894659358,46.59282640415652,3112700,2023-08-21
46.197750091552734,46.197750091552734,46.79035807775217,45.9701543419892,46.635764120262316,2745900,2023-08-22
45.86280059814453,45.86280059814453,46.33516959847527,45.35607665473977,46.07751407795556,3391300,2023-08-23
45.9830436706543,45.9830436706543,46.28364125834513,45.519261727130164,45.519261727130164,3198500,2023-08-24
46.360931396484375,46.360931396484375,46.7044742541543,46.07321613703962,46.360931396484375,3282700,2023-08-25
46.8934211730957,46.8934211730957,47.13390249061717,46.506939542871294,46.515526640229965,3429700,2023-08-28
47.44309616088867,47.44309616088867,47.48174301808398,46.79895566415627,47.05661120759563,3789500,2023-08-29
47.625762939453125,47.625762939453125,47.756245809079886,47.26911352323283,47.46048751380082,3482600,2023-08-30
47.46049118041992,47.46049118041992,47.756249498548165,47.42569530338896,47.53007961616438,4116300,2023-08-31
48.095489501953125,48.095489501953125,48.330356638268334,47.63445253734178,47.86931967365699,4335600,2023-09-01
47.13862609863281,47.13862609863281,48.191179626731994,46.9603030669125,47.99980565465635,4913900,2023-09-05
47.7475471496582,47.7475471496582,47.782343025435374,46.90376541280719,46.93856128858437,4645100,2023-09-06
47.060340881347656,47.060340881347656,47.79103763987123,46.555813984302695,47.62576221672699,4275500,2023-09-07
46.72108840942383,46.72108840942383,47.651856445023945,46.62540141763589,47.24301655054426,3988400,2023-09-08
46.68629837036133,46.68629837036133,47.747549403436786,46.64280518274557,47.09514163424794,3322400,2023-09-11
46.65149688720703,46.65149688720703,47.16472436685871,46.499269100513075,46.68628943965359,2527600,2023-09-12
45.9468994140625,45.9468994140625,46.808079039262765,45.74247780352764,46.677596171763064,3079000,2023-09-13
47.008148193359375,47.008148193359375,47.17603512427275,46.35574052223201,46.45142751159475,4604300,2023-09-14
46.83417510986328,46.83417510986328,47.069042284506835,46.638454123485594,47.008151163486346,7464100,2023-09-15
46.43403625488281,46.43403625488281,46.9298658907977,46.31660099892969,46.816780949073305,4593700,2023-09-18
46.0164909362793,46.0164909362793,46.73848706284191,45.53718657090875,46.486221956680275,3986200,2023-09-19
45.63374328613281,45.63374328613281,46.52971878706056,45.60764803990289,46.06868175432314,2309200,2023-09-20
44.36372375488281,44.36372375488281,45.520661673047485,44.34632581795734,45.27709387440814,4359000,2023-09-21
43.7113151550293,43.7113151550293,44.581192073537345,43.55908735795381,44.4507092084343,4465100,2023-09-22
44.4420166015625,44.4420166015625,44.67253347842658,43.87659521738018,44.18975147210777,4331600,2023-09-25
43.91138458251953,43.91138458251953,44.594237801804745,43.79395266356955,43.95487776293371,3451800,2023-09-26
44.36372375488281,44.36372375488281,44.67687998290685,44.02447228062916,44.23324088710041,3048800,2023-09-27
44.30282974243164,44.30282974243164,44.52029896232643,43.946180354536864,44.32892498695759,3965200,2023-09-28
44.85085678100586,44.85085678100586,45.03353014429061,44.52899991999875,44.65948278995484,4234800,2023-09-29
44.62468719482422,44.62468719482422,44.93784343002507,44.13755822301601,44.61598988532075,4691000,2023-10-02
44.381126403808594,44.381126403808594,45.277098681534966,44.268041460945284,44.32023527726316,5179200,2023-10-03
44.45941162109375,44.45941162109375,44.7812651647366,43.672174040094816,44.7812651647366,4727300,2023-10-04
43.372066497802734,43.372066497802734,44.49420859177741,43.267682189947536,44.18105234989449,5161800,2023-10-05
43.73740768432617,43.73740768432617,44.28978135153012,43.085000035964185,43.29377194349946,4215600,2023-10-06
44.198448181152344,44.198448181152344,44.27673723789192,43.44165285989735,43.73741114998941,3333600,2023-10-09
44.63338851928711,44.63338851928711,45.07267399988953,44.415919276816375,44.476810399242794,2906500,2023-10-10
44.26803970336914,44.26803970336914,44.80736251063772,43.93748551644829,44.450713075752745,3049700,2023-10-11
43.7113151550293,43.7113151550293,44.633385883241985,43.27637669577528,44.633385883241985,3012500,2023-10-12
43.25897979736328,43.25897979736328,44.11145879976144,43.154595493766024,43.98097924984416,3659600,2023-10-13
43.659122467041016,43.659122467041016,43.95488075966524,43.31117368168835,43.7809080261475,2786400,2023-10-16
44.12886047363281,44.12886047363281,44.38982291388316,43.25898346058666,43.27638139904568,3309300,2023-10-17
43.56344223022461,43.56344223022461,44.21584998737465,43.432959351467616,43.83310197945679,3495300,2023-10-18
43.015419006347656,43.015419006347656,43.74611583084688,42.95887487671397,43.31987463392339,3754300,2023-10-19
42.615272521972656,42.615272521972656,43.119799418940275,42.55437808364763,43.04151036202771,3920000,2023-10-20
41.96287155151367,41.96287155151367,42.536990288191404,41.86283422784449,42.42390533933009,5592100,2023-10-23
42.832740783691406,42.832740783691406,43.25028130497636,41.75409194830078,42.12813928746968,5506600,2023-10-24
41.35395431518555,41.35395431518555,42.65006921635132,41.110386493200394,42.563082841703576,4920200,2023-10-25
41.771488189697266,41.771488189697266,41.99765471851306,41.232165453046555,41.232165453046555,6216100,2023-10-26
41.84978485107422,41.84978485107422,42.22817923907957,41.61491765249285,41.77149578488043,4714900,2023-10-27
42.04984664916992,42.04984664916992,42.667458410214316,41.74973807700298,42.328206972973504,3698600,2023-10-30
42.04984664916992,42.04984664916992,42.44563888651194,41.849775373830894,42.09333982757983,4660500,2023-10-31
41.936763763427734,41.936763763427734,42.12378742614096,41.406138333482446,41.96286232639219,4702900,2023-11-01
42.615272521972656,42.615272521972656,42.70225888817899,42.19772867289421,42.25862311121924,3741600,2023-11-02
43.25897979736328,43.25897979736328,43.559088403312224,43.00671468854583,43.00671468854583,3744000,2023-11-03
42.91972732543945,42.91972732543945,43.31986991186955,42.74575127793855,43.258978792991805,3641100,2023-11-06
42.215126037597656,42.215126037597656,42.510884324334384,41.96286425169169,42.37170414930046,5172700,2023-11-07
42.01505661010742,42.01505661010742,42.2934169725428,41.56272019157061,42.22382854109259,4133300,2023-11-08
42.0672492980957,42.0672492980957,42.43259601965848,41.962864994551644,42.406500773351766,3340800,2023-11-09
43.04151153564453,43.04151153564453,43.21548759111818,42.19772982350356,42.22382838873082,3825200,2023-11-10
42.832740783691406,42.832740783691406,43.07630525819503,42.541329495047904,42.73705379204582,3161000,2023-11-13
44.40721893310547,44.40721893310547,44.789966926026956,43.4329576497293,43.493848772545476,4848900,2023-11-14
44.82475662231445,44.82475662231445,45.14661347187818,44.250637987891,44.528998336804364,5032500,2023-11-15
44.74646759033203,44.74646759033203,44.9291442655352,44.25063801117438,44.7725661543994,5034100,2023-11-16
44.97264099121094,44.97264099121094,45.12921911468326,44.58119568253012,45.12921911468326,3306100,2023-11-17
44.955238342285156,44.955238342285156,45.13791169442104,44.67687800046371,44.946537715049914,3761300,2023-11-20
44.99872970581055,44.99872970581055,45.103114000197785,44.759515559576585,44.96393383490917,2840700,2023-11-21
44.71167755126953,44.71167755126953,45.04222841042929,44.45071180581447,45.016133163210704,3139600,2023-11-22
44.94654083251953,44.94654083251953,45.18140800940609,44.75517015819205,44.850857154514415,1679700,2023-11-24
44.468109130859375,44.468109130859375,44.88564967219171,44.38112276245077,44.711676935374506,3896200,2023-11-27
44.96393966674805,44.96393966674805,45.20750747633162,44.01142663507905,44.5377018070321,6376900,2023-11-28
45.263755798339844,45.263755798339844,45.82811923201904,44.94630052592745,44.96393730371385,3551700,2023-11-29
45.634124755859375,45.634124755859375,45.74876214640557,45.1755785575465,45.41367004689387,4649800,2023-11-30
46.11912536621094,46.11912536621094,46.4013071302269,45.47539800680752,45.678215939451995,4274000,2023-12-01
45.9427604675293,45.9427604675293,46.53358084274582,45.82812643969559,46.09267142035544,6354700,2023-12-04
45.09621047973633,45.09621047973633,45.72671102253989,44.946302906419476,45.6253037497365,4691000,2023-12-05
44.87575912475586,44.87575912475586,45.61648706667759,44.769941808444706,45.36075880204312,3603700,2023-12-06
45.03448486328125,45.03448486328125,45.20643925641581,44.63325906725784,45.069758421840056,2822900,2023-12-07
44.90221405029297,44.90221405029297,45.660578796522266,44.88458063356982,45.008034733863525,3664100,2023-12-08
45.219669342041016,45.219669342041016,45.43130734516407,44.761123138501,44.85812374977107,3582700,2023-12-11
44.81403350830078,44.81403350830078,45.29197916161959,44.611215577278195,45.21966937034595,4350500,2023-12-12
46.14557647705078,46.14557647705078,46.211710191737595,44.49657300418091,44.575936825676635,4774200,2023-12-13
47.8210334777832,47.8210334777832,48.01503469167227,46.51594204769265,46.63057943443362,7892900,2023-12-14
47.82986068725586,47.82986068725586,47.95331480038219,46.84222105450066,47.230223540180305,9909800,2023-12-15
47.83867263793945,47.83867263793945,48.350129185869974,47.61821792532222,48.27958206317392,3219100,2023-12-18
48.42948913574219,48.42948913574219,48.51767303817022,47.9709462986041,48.03267334836776,3796900,2023-12-19
48.129669189453125,48.129669189453125,48.80866666956478,48.12084911814843,48.30603024908797,4953500,2023-12-20
48.47357940673828,48.47357940673828,48.676397322447315,48.0414867244909,48.50884960139121,2653900,2023-12-21
48.60585021972656,48.60585021972656,49.08203316833425,48.36775874542273,48.57939673276115,2341900,2023-12-22
49.12612533569336,49.12612533569336,49.2892630273273,48.60585210071875,48.68521592855799,2266200,2023-12-26
49.12612533569336,49.12612533569336,49.25663683454924,48.9144907040366,49.10848855574332,2535300,2023-12-27
48.70285415649414,48.70285415649414,49.117310087962565,48.64112710676972,49.020309477289366,2172600,2023-12-28
48.35894012451172,48.35894012451172,48.729302382861796,48.21784925982528,48.588211518175356,2271400,2023-12-29
48.791038513183594,48.791038513183594,49.09967376467952,48.13408104891491,48.27076525789621,3533500,2024-01-02
48.173763275146484,48.173763275146484,48.57058241854081,47.574126205988804,48.3677611289056,4120000,2024-01-03
47.7857551574707,47.7857551574707,48.49121282355904,47.65789103958898,48.14730069759882,4579500,2024-01-04
48.341312408447266,48.341312408447266,48.52649357233806,47.6005843890119,47.64467466176606,3796400,2024-01-05
48.570579528808594,48.570579528808594,48.62348650219887,47.962122423847156,48.21785067480568,3966100,2024-01-08
47.565303802490234,47.565303802490234,48.13848735528334,47.42421293218493,48.13848735528334,4287000,2024-01-09
47.07148742675781,47.07148742675781,47.556487083070785,46.77607557886215,47.30957890106527,4062200,2024-01-10
47.300758361816406,47.300758361816406,47.32721184852067,46.50712348584349,46.94803287156344,4497400,2024-01-11
47.06267166137695,47.06267166137695,47.75930936877324,46.74962636944186,47.63585526647456,3673500,2024-01-12
46.82457733154297,46.82457733154297,47.080305593040876,46.09266947054941,47.06266881322669,5962800,2024-01-16
46.26903533935547,46.26903533935547,46.401306146255074,45.88985297127385,46.14558124070041,3469000,2024-01-17
46.383663177490234,46.383663177490234,46.49830055260608,45.94275381890621,46.36602976335375,4230400,2024-01-18
46.568851470947266,46.568851470947266,46.733751826734576,45.96039435349129,46.46303079425039,4171500,2024-01-19
47.23021697998047,47.23021697998047,47.283123956044605,46.33957809235346,46.48948904023611,5615500,2024-01-22
47.53885269165039,47.53885269165039,48.019445700190076,47.39335177828657,47.618216520405944,4668100,2024-01-23
46.815757751464844,46.815757751464844,47.73285006230856,46.76284741526831,47.37130450797788,6016900,2024-01-24
48.44712829589844,48.44712829589844,48.614676036805506,47.41540181585256,48.288400627603366,7240800,2024-01-25
47.67112350463867,47.67112350463867,48.760166850511695,47.403049847371385,48.50003193027135,5240800,2024-01-26
47.6799430847168,47.6799430847168,47.812217252589804,47.09794280104482,47.76812362071759,3742400,2024-01-29
48.03266906738281,48.03266906738281,48.08998607594862,47.177303791362185,47.26548432205907,4640900,2024-01-30
47.265480041503906,47.265480041503906,48.1120285333366,47.24784662805878,48.059118201387264,5471900,2024-01-31
47.21257781982422,47.21257781982422,47.62703035487697,46.445393066852866,47.538849823301064,5039900,2024-02-01
47.106754302978516,47.106754302978516,47.40304746438439,46.28666598996409,46.815755875238835,5720200,2024-02-02
46.87748336791992,46.87748336791992,47.2116940915573,46.17202905946811,46.3307566993537,5482000,2024-02-05
47.65348815917969,47.65348815917969,47.75048876417754,46.78048607807072,46.93039702139606,5212500,2024-02-06
47.69757843017578,47.69757843017578,47.96212339409373,47.35366964069527,47.838669301856804,3455800,2024-02-07
47.512393951416016,47.512393951416016,47.794575674939004,47.177301893280664,47.76811882569708,3554400,2024-02-08
47.60939025878906,47.60939025878906,47.724024260977195,47.22579793613164,47.43302585651423,3897400,2024-02-09
48.31485366821289,48.31485366821289,48.74694300367871,47.48594182945738,47.61821599722061,5262800,2024-02-12
46.8951301574707,46.8951301574707,47.85631290914318,46.38367357223571,47.618221398486085,5105400,2024-02-13
47.24785614013672,47.24785614013672,47.52121783389728,46.9392175207699,47.16849230817062,3766500,2024-02-14
48.64993667602539,48.64993667602539,48.835121161896,47.477119539492485,47.538846580158875,4500400,2024-02-15
48.92330551147461,48.92330551147461,49.34217145030395,48.46475934220308,48.61467028401862,5060900,2024-02-16
48.244300842285156,48.244300842285156,48.89684816813369,48.01238209085696,48.31484795378075,4493800,2024-02-20
49.161399841308594,49.161399841308594,49.23194696246584,48.28839771828307,48.35894483944032,4065900,2024-02-21
49.38185501098633,49.38185501098633,49.54499270728437,49.08203647100761,49.161400301115854,5088600,2024-02-22
49.725765228271484,49.725765228271484,50.10494760909593,49.381856409354434,49.40830989884897,4414200,2024-02-23
49.44357681274414,49.44357681274414,49.80512236400273,49.24957561221022,49.50530385584646,3741600,2024-02-26
49.61994171142578,49.61994171142578,49.87566995751897,49.33864131349759,49.70812224131301,3913000,2024-02-27
49.20026397705078,49.20026397705078,49.72709091094731,49.119900430990455,49.530649336546205,4432800,2024-02-28
49.89674758911133,49.89674758911133,50.039615732418746,49.08418438537939,49.28062595352383,6733400,2024-02-29
49.798526763916016,49.798526763916016,50.20927226385261,49.655658615840444,49.887818079121246,4651400,2024-03-01
50.91468811035156,50.91468811035156,51.039697321196265,49.539579978568746,49.584225638692494,7042200,2024-03-04
50.878971099853516,50.878971099853516,51.55759740795719,50.55751689140921,50.55751689140921,6093400,2024-03-05
50.77182388305664,50.77182388305664,51.879051327285886,50.31732510095944,51.745114336550266,4840100,2024-03-06
50.84325408935547,50.84325408935547,51.481696929340046,50.503944335671626,51.22721291095434,4568700,2024-03-07
50.548587799072266,50.548587799072266,51.51294699292616,50.51286990879181,50.98612003314864,4723600,2024-03-08
51.280784606933594,51.280784606933594,51.606700970062526,50.49500809660643,50.62001729924467,4438400,2024-03-11
51.504024505615234,51.504024505615234,51.66475162211561,51.039702103085915,51.46830661167163,4048300,2024-03-12
51.762969970703125,51.762969970703125,52.45052404579971,51.43258458762393,51.66474747336853,7650600,2024-03-13
51.182559967041016,51.182559967041016,51.70938687477249,50.829853499418284,51.48615519194128,6871500,2024-03-14
50.93254470825195,50.93254470825195,51.61116756709467,50.84324998587438,51.20934983200901,20629600,2024-03-15
50.664676666259766,50.664676666259766,51.26293608805113,50.50305369998532,51.254008317295046,7409100,2024-03-18
50.682525634765625,50.682525634765625,50.94147523430683,50.37446819306577,50.637879974283315,6782700,2024-03-19
51.94155502319336,51.94155502319336,52.42373635634341,50.34321849524487,50.51287337635512,7789700,2024-03-20
51.72725296020508,51.72725296020508,52.34337126363932,51.39240538972537,52.23622099483459,5870700,2024-03-21
51.504024505615234,51.504024505615234,51.97727467850754,51.41473317700207,51.780833074309406,3376000,2024-03-22
51.24507141113281,51.24507141113281,51.65581694491145,51.14684891256714,51.5843845681109,3422400,2024-03-25
50.95933532714844,50.95933532714844,51.51294902333451,50.95040755734917,51.49509007749036,3621600,2024-03-26
51.914764404296875,51.914764404296875,51.9326233493206,51.280787184059285,51.39686862359076,5126900,2024-03-27
51.72725296020508,51.72725296020508,52.182644157309404,51.61117151535667,51.968343619699944,4064500,2024-03-28
52.021915435791016,52.021915435791016,52.09335121693997,51.26292899543378,51.66474674878283,3827200,2024-04-01
52.94163131713867,52.94163131713867,53.0175292783962,51.79957852805566,52.08442239809425,6330200,2024-04-02
53.566680908203125,53.566680908203125,53.82562709473149,53.021995008315244,53.021995008315244,4943200,2024-04-03
53.45060348510742,53.45060348510742,54.19173102291895,53.258624070004885,53.941712586969864,5382100,2024-04-04
53.29880142211914,53.29880142211914,53.56668219694822,52.76304668495208,53.56668219694822,3862400,2024-04-05
53.14700698852539,53.14700698852539,53.7452663482931,52.81662500486629,53.530965809904465,3775900,2024-04-08
53.45952606201172,53.45952606201172,53.79883919658536,53.11396587339191,53.53096184034107,3574800,2024-04-09
52.54874038696289,52.54874038696289,53.25415337068225,52.120135935223956,52.87019457732844,4251900,2024-04-10
52.200504302978516,52.200504302978516,52.68268563305118,52.04870836920326,52.64696774054675,3432000,2024-04-11
51.51294708251953,51.51294708251953,52.34336929863426,51.3968690482744,51.89690588808851,3788300,2024-04-12
51.182559967041016,51.182559967041016,52.388009691831506,50.820925730852906,51.99512315629683,3885300,2024-04-15
50.77182388305664,50.77182388305664,51.00398337741252,50.575378875816114,50.87897415689429,3098000,2024-04-16
50.73610305786133,50.73610305786133,51.21828437163614,50.60216266861979,51.048626091097454,2815400,2024-04-17
50.44144058227539,50.44144058227539,51.164709169806144,50.03962280795513,51.164709169806144,3856200,2024-04-18
50.593231201171875,50.593231201171875,50.82539066514418,50.28517037217918,50.44143528362178,3862100,2024-04-19
50.887901306152344,50.887901306152344,51.173637617937125,50.25392067102468,50.557515928076704,3211600,2024-04-22
50.664676666259766,50.664676666259766,50.98791578631666,50.40572703313545,50.58431310447105,3099300,2024-04-23
50.878971099853516,50.878971099853516,51.09327504089825,50.34321635661006,50.37000307189855,4954700,2024-04-24
50.39678955078125,50.39678955078125,51.70046532405062,49.16455296585246,51.53080704469775,7082800,2024-04-25
51.1557731628418,51.1557731628418,51.97726411918145,51.03076396568099,51.477227330538234,5573600,2024-04-26
51.611167907714844,51.611167907714844,51.637958027727606,51.04862307488227,51.102199908662406,4249500,2024-04-29
50.80754089355469,50.80754089355469,51.74511343739533,50.78968194718444,51.137922885789905,5566000,2024-04-30
51.102203369140625,51.102203369140625,51.74511179305642,50.387862568259536,50.93254849338312,5102800,2024-05-01
50.745033264160156,50.745033264160156,51.575452080354815,50.35214327989007,51.40579720930352,4453100,2024-05-02
50.93254470825195,50.93254470825195,51.28078560991107,50.67359512272504,51.06648168245026,2544400,2024-05-03
51.20042419433594,51.20042419433594,51.22721090904164,50.646810517529865,51.12898841346005,3862600,2024-05-06
52.11121368408203,52.11121368408203,52.798767796003105,51.22721456697043,51.441518518655165,6215200,2024-05-07
52.36122512817383,52.36122512817383,52.9773467780632,51.73617570935278,51.73617570935278,4950700,2024-05-08
53.084503173828125,53.084503173828125,53.2095123907962,52.45945368274206,52.45945368274206,4208200,2024-05-09
53.04877853393555,53.04877853393555,53.691686889420204,52.93269710169632,53.29879693607058,3053500,2024-05-10
53.0041389465332,53.0041389465332,53.50417580805989,52.88805750100209,53.12914816191488,2257700,2024-05-13
53.263084411621094,53.263084411621094,53.52203059209917,53.142537387415686,53.182720864232614,3516800,2024-05-14
52.73625946044922,52.73625946044922,53.74526431924007,52.655895910026054,53.61132733936513,3541000,2024-05-15
52.41481018066406,52.41481018066406,53.04878746784282,52.245151888147326,52.71840546563282,4871300,2024-05-16
52.85234069824219,52.85234069824219,52.87019964455697,52.414808435390064,52.73626265656469,2668700,2024-05-17
52.89699172973633,52.89699172973633,53.08450556363009,52.504101708725564,52.77197910089463,1915100,2024-05-20
52.60232162475586,52.60232162475586,52.941634788132596,52.50856471242394,52.84341228771467,2252900,2024-05-21
51.432586669921875,51.432586669921875,52.37909038426695,51.15578151849465,52.25408116668747,4851900,2024-05-22
50.82538986206055,50.82538986206055,51.361147965158295,50.73609854800023,51.33436125218926,3423500,2024-05-23
51.5754508972168,51.5754508972168,51.62902773190972,51.14684643840976,51.1557776139813,2675800,2024-05-24
51.82547378540039,51.82547378540039,52.11567568502593,51.57545195793682,51.70046457479137,2493700,2024-05-28
50.896827697753906,50.896827697753906,51.441513591799314,50.870040983700996,51.343291098611395,2969500,2024-05-29
51.24507141113281,51.24507141113281,51.38793957097954,50.87897153863522,50.896830484396766,3174100,2024-05-30
52.094791412353516,52.094791412353516,52.20326476321904,51.1555832987845,51.19083877576098,5920100,2024-05-31
50.68461990356445,50.68461990356445,52.05862821236256,50.11512882366335,52.022469282269235,4696600,2024-06-03
49.85298156738281,49.85298156738281,50.3682342145863,49.807781183908205,50.23263996077271,4600600,2024-06-04
50.341121673583984,50.341121673583984,50.56710983534989,49.74451306445421,49.85298986488194,3945300,2024-06-05
50.33208084106445,50.33208084106445,50.62134539603449,50.106092691975014,50.27784244389301,3463500,2024-06-06
50.37727355957031,50.37727355957031,50.86992947641924,49.96145622768485,50.05185010042336,4143500,2024-06-07
50.666542053222656,50.666542053222656,50.784056855618395,50.05185401526793,50.15128935204082,4131500,2024-06-10
50.75693893432617,50.75693893432617,50.76597694290526,50.17840638440672,50.5399887970682,3276300,2024-06-11
50.84733200073242,50.84733200073242,51.724167096025,50.66202006892094,51.416823084666134,3990800,2024-06-12
50.67557907104492,50.67557907104492,50.90156719907585,50.17840243073274,50.64845815083369,2831400,2024-06-13
49.735469818115234,49.735469818115234,50.72981624585872,49.34676994494334,50.18744609405415,3446000,2024-06-14
49.925296783447266,49.925296783447266,50.06089103945929,49.32868826394364,49.71738811965261,3243800,2024-06-17
50.11513137817383,50.11513137817383,50.47671380092724,49.80778735332509,50.0608964285747,6081900,2024-06-18
49.003265380859375,49.003265380859375,49.71738870069903,48.87219185139727,49.626994827838026,8512500,2024-06-20
48.804405212402344,48.804405212402344,48.99423444178214,48.33434941943402,48.903837107573395,10457200,2024-06-21
49.3738899230957,49.3738899230957,49.527563657830555,48.91287561550214,49.00326949595405,6987500,2024-06-24
48.05412292480469,48.05412292480469,49.08462839812318,47.96372903877194,49.06654893125548,7021000,2024-06-25
48.09027862548828,48.09027862548828,48.13095483697669,47.23152297268741,47.593105389121085,4799100,2024-06-26
47.87333297729492,47.87333297729492,48.298191839217615,47.73774214464069,48.18971848343307,3952900,2024-06-27
47.95468521118164,47.95468521118164,48.33434710002821,47.864291329616314,47.88237079559049,13623000,2024-06-28
47.57502365112305,47.57502365112305,48.36146140375203,47.321914592386634,47.90948512895061,3715600,2024-07-01
47.647342681884766,47.647342681884766,47.83717190811403,47.204407820683144,47.48463093131521,3847100,2024-07-02
47.8010139465332,47.8010139465332,48.099316508250446,47.593105264535005,47.65638166999943,1905600,2024-07-03
47.21343994140625,47.21343994140625,47.69253367593934,46.91965468127917,47.52982539396819,3223800,2024-07-05
47.72869873046875,47.72869873046875,47.86429300587093,47.285763867658865,47.45751362797005,3885500,2024-07-08
46.62587356567383,46.62587356567383,47.674458371831676,46.5851939083447,47.60214051360445,4380600,2024-07-09
46.74338912963867,46.74338912963867,47.13208903191212,46.083504131159586,46.86994194464759,5481100,2024-07-10
47.376155853271484,47.376155853271484,47.70157934254727,46.869941153475196,47.014573432230485,3798900,2024-07-11
47.82813262939453,47.82813262939453,48.23491199502043,47.39423578882876,47.75581821345302,3084300,2024-07-12
48.15355682373047,48.15355682373047,48.397624446663286,47.624745364862186,47.91852720980749,2396200,2024-07-15
49.446205139160156,49.446205139160156,49.52756100653396,48.06315539380553,48.207791112074794,3730000,2024-07-16
50.088016510009766,50.088016510009766,50.25072826388595,49.37389308447605,49.42813148520335,4386300,2024-07-17
49.50948715209961,49.50948715209961,50.594231023903596,49.500445694530555,49.789713715543236,3287800,2024-07-18
48.723045349121094,48.723045349121094,49.56372152279468,48.37050094701167,49.56372152279468,3456500,2024-07-19
49.19309616088867,49.19309616088867,49.34676988764825,48.57841159876634,48.885755603980165,3341700,2024-07-22
48.8767204284668,48.8767204284668,49.03491145552948,48.451861571522066,48.939996839291865,2477700,2024-07-23
48.198753356933594,48.198753356933594,49.09366796677001,48.16259442458947,48.912876753354965,3761900,2024-07-24
47.77389144897461,47.77389144897461,48.126435844189444,45.6315248458518,45.90270992437406,6188200,2024-07-25
47.78293228149414,47.78293228149414,48.09027628601962,47.330956007092276,47.79197028972784,4087400,2024-07-26
47.78293228149414,47.78293228149414,47.97276148914965,47.49366774174137,47.90948508659781,3314600,2024-07-29
48.5332145690918,48.5332145690918,48.82247912949769,47.81909462526164,47.81909462526164,4401400,2024-07-30
49.23829650878906,49.23829650878906,49.63603438945433,48.84055517981847,48.949031968613355,5059300,2024-07-31
48.162593841552734,48.162593841552734,49.73547289642576,47.76485593549895,49.428128871832435,4273100,2024-08-01
47.01457595825195,47.01457595825195,47.70158190548052,46.59875856552745,47.502711218392406,4981200,2024-08-02
46.110618591308594,46.110618591308594,46.399886583093576,45.559210426010495,45.81231603947882,5124500,2024-08-05
47.439430236816406,47.439430236816406,48.135474126241334,46.535477671065394,46.56259514458021,5549600,2024-08-06
47.15920639038086,47.15920639038086,48.49705929852289,47.14113037254337,47.837170853370615,4293100,2024-08-07
47.61117935180664,47.61117935180664,47.810050017093445,47.30383879389843,47.4484710645692,3362600,2024-08-08
47.602142333984375,47.602142333984375,47.81457174026889,47.0597721697602,47.52078646452021,2592700,2024-08-09
47.20440673828125,47.20440673828125,47.86429173454627,47.109492127343024,47.70157998770771,2555300,2024-08-12
47.692535400390625,47.692535400390625,47.7829327250934,47.195362183594064,47.204403640217016,2379600,2024-08-13
47.692535400390625,47.692535400390625,47.927564996312505,47.394232849634825,47.76485326015285,2310100,2024-08-14
48.695926666259766,48.695926666259766,48.885759337142325,48.108359532334994,48.41570356101916,3501500,2024-08-15
48.73208236694336,48.73208236694336,48.7953587702728,48.273778446654234,48.57841208694483,6049300,2024-08-16
48.49705505371094,48.49705505371094,48.93998986637761,48.42473719546847,48.81343706275856,2096000,2024-08-19
47.65637969970703,47.65637969970703,48.40665852561116,47.493667964295476,48.38857906075372,4391500,2024-08-20
47.864288330078125,47.864288330078125,48.017958608770144,47.7377355244952,47.909485268028405,2809500,2024-08-21
47.51174545288086,47.51174545288086,48.07129159096829,47.45298633246198,48.00891864671145,2916000,2024-08-22
48.38858413696289,48.38858413696289,48.82248099414326,47.8190964515856,47.91852834627439,4901500,2024-08-23
48.84055709838867,48.84055709838867,49.319654313622806,48.75016321914738,48.90383350351867,2823300,2024-08-26
48.605533599853516,48.605533599853516,48.92191564279497,48.46542204488025,48.714006950532635,3650100,2024-08-27
48.37049865722656,48.37049865722656,48.623607712013495,48.12191377894786,48.225866389479144,2630800,2024-08-28
48.6868896484375,48.6868896484375,49.03943062563018,47.97276623661838,48.73208659068939,3065900,2024-08-29
49.07154846191406,49.07154846191406,49.0880317956919,48.36175892037691,48.71436181599537,5339100,2024-08-30
47.56038284301758,47.56038284301758,48.598046734166104,47.45505790900395,48.28390962460841,3891400,2024-09-03
47.23983383178711,47.23983383178711,48.09157633110396,47.0456707942941,47.55122138384608,3776000,2024-09-04
46.9925537109375,46.9925537109375,47.37721139919342,46.73611175838825,47.27646672073249,4508900,2024-09-05
46.415565490722656,46.415565490722656,47.35889570990057,46.13164897616941,46.9376029415019,4144200,2024-09-06
46.983394622802734,46.983394622802734,47.427585176552014,46.461357176504755,46.461357176504755,4022400,2024-09-09
46.54378128051758,46.54378128051758,47.03834414266855,46.24612751197976,46.98339154897005,3196500,2024-09-10
46.46134948730469,46.46134948730469,46.68115634639014,45.57296852683024,46.598729210947035,3717200,2024-09-11
46.03090286254883,46.03090286254883,46.626210425172076,45.35317164640839,46.41556404752237,5680600,2024-09-12
45.9301643371582,45.9301643371582,46.70864027763388,45.82025913867922,46.15912826008778,4411800,2024-09-13
46.397247314453125,46.397247314453125,46.745273441381734,46.047390482404694,46.07669923288207,3189400,2024-09-16
47.17572021484375,47.17572021484375,47.49627176968524,46.44303643675324,46.5620986424779,4029600,2024-09-17
47.29478454589844,47.29478454589844,47.890092107561784,46.999880316406774,47.303945058749136,3428100,2024-09-18
48.43960189819336,48.43960189819336,48.73267540932413,47.86261189465573,48.128210855902935,4746700,2024-09-19
47.35889434814453,47.35889434814453,48.3571771363833,46.98339367515813,48.210640373601095,8466000,2024-09-20
47.661128997802734,47.661128997802734,47.84430082705749,47.26731078770423,47.505431720136976,5029600,2024-09-23
48.952491760253906,48.952491760253906,49.16313816877543,48.201490305972804,48.2564394163708,4675800,2024-09-24
48.39381408691406,48.39381408691406,49.20892508002037,48.11905808270135,49.14481546216114,3863200,2024-09-25
50.11561965942383,50.11561965942383,50.152251228282815,48.938745350602396,48.96163964442528,5672100,2024-09-26
50.44532775878906,50.44532775878906,50.985679204903164,50.042349061738776,50.37205763433926,5513500,2024-09-27
50.033199310302734,50.033199310302734,50.692613057570945,49.42873467064135,50.5002841935224,5537800,2024-09-30
49.950767517089844,49.950767517089844,50.227354215842595,49.60274139514187,49.978242068342155,5461300,2024-10-01
50.078983306884766,50.078983306884766,50.44532693573296,49.81521505562325,50.078983306884766,6312700,2024-10-02
49.91413497924805,49.91413497924805,50.13394188152764,49.364622964117345,49.877499913249416,4066300,2024-10-03
50.683448791503906,50.683448791503906,50.944467496456376,50.289630605966934,50.46364191136464,3443800,2024-10-04
50.02403259277344,50.02403259277344,50.49569767437037,49.6622692064729,50.390376235377296,3096500,2024-10-07
48.73268127441406,48.73268127441406,49.41041603404079,48.64567735807439,49.22724419411095,4219200,2024-10-08
48.925010681152344,48.925010681152344,49.19977019097505,48.416713972889845,48.61362309161623,3186200,2024-10-09
49.10818099975586,49.10818099975586,49.50199922499207,48.81510745916782,48.92500916346029,2494200,2024-10-10
49.25471496582031,49.25471496582031,49.61189810471939,49.18144833170071,49.22724041473946,4288600,2024-10-11
49.034908294677734,49.034908294677734,49.30050724975978,48.842579462533536,49.08985739316936,2736000,2024-10-14
48.14653396606445,48.14653396606445,49.053232648116285,48.137376946279474,48.81510820915986,4210700,2024-10-15
48.48539352416992,48.48539352416992,48.8334196255132,47.95419910037294,48.1740024848021,4492900,2024-10-16
48.613616943359375,48.613616943359375,48.74183616841395,48.29764564325213,48.54034681834999,3894000,2024-10-17
48.64109420776367,48.64109420776367,48.97995982056261,48.37549523035086,48.97995982056261,2395700,2024-10-18
47.81682586669922,47.81682586669922,48.71436404486969,47.725241693019235,48.67773247162506,3542700,2024-10-21
47.688602447509766,47.688602447509766,47.89924882348637,47.24899216368313,47.844299721578025,4413700,2024-10-22
47.15740966796875,47.15740966796875,47.615337499885,46.819455909447306,47.37721307080977,4522300,2024-10-23
46.69948196411133,46.69948196411133,47.77103141675194,46.452200514953006,47.64281218245772,5804600,2024-10-24
45.51802444458008,45.51802444458008,46.46135460341748,45.508863932015736,46.36060992748108,5889700,2024-10-25
45.893524169921875,45.893524169921875,45.930159232009544,45.307377151366495,45.64624274139786,6457100,2024-10-28
45.31653594970703,45.31653594970703,45.77446376265117,45.16999918931339,45.646244534020724,4900600,2024-10-29
45.188316345214844,45.188316345214844,45.921000141088854,45.005144522818355,45.243268940047365,4775700,2024-10-30
45.224952697753906,45.224952697753906,45.463073628059576,45.0280435944636,45.11504750495558,4835200,2024-10-31
44.84945297241211,44.84945297241211,45.53634472023359,44.74870829040435,45.334855356218085,4980400,2024-11-01
43.915279388427734,43.915279388427734,44.583853597826085,43.45094059894947,44.23582747042966,14634400,2024-11-04
43.86948776245117,43.86948776245117,43.86948776245117,43.1917530329407,43.77790009969997,7193500,2024-11-05
44.281620025634766,44.281620025634766,45.518027270180774,43.93817415110178,45.518027270180774,8862800,2024-11-06
44.785343170166016,44.785343170166016,44.80365720889884,43.97938921115036,44.45563457358179,20309400,2024-11-07
42.5781364440918,42.5781364440918,44.5014321708142,42.47739175002026,44.5014321708142,12571500,2024-11-08
42.37664031982422,42.37664031982422,43.026896977106226,42.28505266081213,42.49570252968395,6734700,2024-11-11
41.25014114379883,41.25014114379883,42.459070375913896,41.131078925779434,42.459070375913896,7101300,2024-11-12
41.204349517822266,41.204349517822266,41.3224928908518,40.93875052608904,41.12192236499858,6000300,2024-11-13
40.83800506591797,40.83800506591797,41.335314031252395,40.63651569756548,41.21350575639441,5542400,2024-11-14
40.33428192138672,40.33428192138672,41.057808692109354,40.29764685847906,40.8196842769215,9814100,2024-11-15
40.49913787841797,40.49913787841797,40.80136842557152,40.33428358225711,40.44418528179367,5075800,2024-11-18
39.97710037231445,39.97710037231445,40.29764845114558,39.702340883359746,40.050367007313554,6289700,2024-11-19
40.233543395996094,40.233543395996094,40.325127573554376,39.68403134322158,39.88551723259227,4808100,2024-11-20
41.039493560791016,41.039493560791016,41.34172411317494,39.949623084676126,40.12363789680854,6158200,2024-11-21
41.63479995727539,41.63479995727539,41.70807009144298,40.90211608416099,40.99370025815818,5494100,2024-11-22
42.01029968261719,42.01029968261719,42.45082884256299,41.64395950144441,41.96450759668461,9463700,2024-11-25
40.792205810546875,40.792205810546875,41.68058329164597,40.384650382532236,41.65310874395873,9225300,2024-11-26
40.88379669189453,40.88379669189453,41.286775424070804,40.8105300547702,40.88379669189453,5700600,2024-11-27
41.13501739501953,41.13501739501953,41.17223608739928,40.61675970389453,40.90240589170089,4339600,2024-11-29
41.29319381713867,41.29319381713867,41.45136793092572,40.72562119826559,41.2001470889965,7611000,2024-12-02
40.81866455078125,40.81866455078125,41.39554361960888,40.74423071732045,41.31180333860937,9478500,2024-12-03
39.869606018066406,39.869606018066406,40.5860497981825,39.28342764745554,40.52091886811463,10962600,2024-12-04
39.255516052246094,39.255516052246094,40.027787947551026,38.911252020895276,39.8137857902589,9742500,2024-12-05
39.06943130493164,39.06943130493164,39.58117592391605,38.82751334364227,39.36717375777239,8620000,2024-12-06
39.757957458496094,39.757957458496094,40.97684300560204,39.46951791851442,40.80470921651091,12855800,2024-12-09
39.24620819091797,39.24620819091797,39.604428299280364,38.86937873870475,39.45090742390757,7585200,2024-12-10
38.61351013183594,38.61351013183594,39.28808208186101,38.39020152356762,39.255516612881244,7135900,2024-12-11
38.408809661865234,38.408809661865234,38.83681751846878,38.362288071838925,38.492549943660514,5738700,2024-12-12
38.018028259277344,38.018028259277344,38.38090167081124,37.62258937617939,38.38090167081124,7580000,2024-12-13
37.3201904296875,37.3201904296875,37.859847275609205,37.25505949223781,37.5434954868379,8419800,2024-12-16
37.74819564819336,37.74819564819336,38.09804284895211,37.45045319863826,37.496974790874376,9702700,2024-12-17
37.35740661621094,37.35740661621094,38.483245373022754,37.32018792605939,38.0087159470147,11720500,2024-12-18
36.380435943603516,36.380435943603516,37.757499100239635,36.37113304564246,37.27366677076175,9553500,2024-12-19
37.162010192871094,37.162010192871094,37.48301518338576,36.14782395918368,36.278089374452136,17715600,2024-12-20
37.1899299621582,37.1899299621582,37.459756620645095,36.92288955913903,37.20853930918661,6718700,2024-12-23
37.30158233642578,37.30158233642578,37.38532262301272,36.68748808457824,37.134101763251905,3784100,2024-12-24
37.42253875732422,37.42253875732422,37.557453851451505,37.07827118636365,37.20853660609914,5274200,2024-12-26
37.245750427246094,37.245750427246094,37.86449783891056,37.124795008692914,37.3294907051358,4855000,2024-12-27
36.6967887878418,36.6967887878418,37.14340243979509,36.501395980619066,37.124796643328935,7954900,2024-12-30
37.338802337646484,37.338802337646484,37.473717445725256,36.687489369096255,36.78983900621602,6867200,2024-12-31
36.79914093017578,36.79914093017578,37.77610858242699,36.752619337091446,37.524891269897566,7130500,2025-01-02
36.65957260131836,36.65957260131836,37.04570498096368,36.47348269762934,36.892184093587204,6839900,2025-01-03
36.9852294921875,36.9852294921875,37.348102874022985,36.799139577321384,37.03175108356155,6899400,2025-01-06
36.66887283325195,36.66887283325195,37.166661248540464,36.4316081345647,36.752613106355135,7248700,2025-01-07
36.21295928955078,36.21295928955078,36.389746314197915,35.66399951642148,36.33391827230355,6196900,2025-01-08
35.82217025756836,35.82217025756836,36.1338688092595,35.775648668406504,36.02686950912421,7833500,2025-01-10
36.910789489746094,36.910789489746094,36.92939883485041,35.86869100949204,35.86869100949204,8230600,2025-01-13
37.29227828979492,37.29227828979492,37.32019053467477,36.901489114627545,37.14340351878267,4516000,2025-01-14
37.59001922607422,37.59001922607422,37.93428324681358,37.348101282247825,37.664453059226354,5446400,2025-01-15
38.02732467651367,38.02732467651367,38.19480523011484,37.310880874857496,37.52488656507978,5812300,2025-01-16
38.18550491333008,38.18550491333008,38.50185669713976,38.13433009908367,38.25063584975826,6194800,2025-01-17
38.68794631958008,38.68794631958008,38.85542333388229,38.28785425629356,38.44602837233391,5583600,2025-01-21
37.980804443359375,37.980804443359375,38.580942523598154,37.97150154532524,38.52046481295197,5607300,2025-01-22
38.58559799194336,38.58559799194336,38.6414224821351,38.055244038902295,38.10176563051871,5442400,2025-01-23
38.492549896240234,38.492549896240234,39.00429448463882,38.43672540802535,38.818208124762826,5111600,2025-01-24
39.00429153442383,39.00429153442383,39.05081667024355,38.40415703528819,38.83681453307705,6182700,2025-01-27
38.5390739440918,38.5390739440918,39.24063177539922,38.40881206412305,39.088037259224386,6009600,2025-01-28
38.19480895996094,38.19480895996094,38.59024781426916,37.99476292081161,38.36228952991712,6765200,2025-01-29
35.86869430541992,35.86869430541992,36.734009410750154,34.88242376985169,36.5851381856057,18933200,2025-01-30
36.33391189575195,36.33391189575195,36.547914028068185,35.73842708419907,36.12456298678614,12725800,2025-01-31
34.78007507324219,34.78007507324219,35.63608375352168,34.11015276737471,35.543040566315675,14986900,2025-02-03
35.86869430541992,35.86869430541992,36.21295834805959,34.928945362202455,34.966164055831065,10017100,2025-02-04
35.310428619384766,35.310428619384766,35.77565164849558,35.0964264519182,35.56164948102901,6757400,2025-02-05
36.073394775390625,36.073394775390625,36.18504731063421,35.5337343478681,35.56165014370657,7610300,2025-02-06
35.896610260009766,35.896610260009766,36.31065846770244,35.66864842254796,36.194352711623154,5966200,2025-02-07
35.88730239868164,35.88730239868164,36.2873944677889,35.49651677734145,36.19435128633739,5911100,2025-02-10
35.94313049316406,35.94313049316406,36.129220405726834,35.76169380449208,35.96173983935733,5446500,2025-02-11
35.59886169433594,35.59886169433594,35.87799832831207,35.406262244035254,35.71051776767428,5607400,2025-02-12
35.673301696777344,35.673301696777344,35.97569737288271,35.40347149044516,35.701213942477224,6619000,2025-02-13
35.9803466796875,35.9803466796875,36.76192149562256,35.924522188858546,36.12922145355129,5387700,2025-02-14
36.95731735229492,36.95731735229492,37.236450450702634,35.99895553028956,36.02687132468927,7612300,2025-02-18
36.21295928955078,36.21295928955078,36.6502700776315,36.09200385616809,36.28739667874328,6219800,2025-02-19
36.83635330200195,36.83635330200195,36.85496264591569,36.222259150326366,36.28739007933973,5747100,2025-02-20
36.76192092895508,36.76192092895508,37.30158132778281,36.43161301561876,37.068969821261184,5962900,2025-02-21
36.33391189575195,36.33391189575195,36.6967852309564,36.189693916214146,36.66887298959281,7411700,2025-02-24
36.50139617919922,36.50139617919922,36.81774796139175,36.273437902865865,36.46417748732485,6180000,2025-02-25
36.147823333740234,36.147823333740234,36.81774554605102,35.85938736406054,36.78983330366126,6294900,2025-02-26
35.75703811645508,35.75703811645508,36.09199922611071,35.50581728421336,36.05478053628906,7949600,2025-02-27
36.117164611816406,36.117164611816406,36.30670699864101,35.65278594485714,35.823373731477254,10056900,2025-02-28
34.17436599731445,34.17436599731445,36.666836471173305,34.126977685426596,36.64788186946228,10954300,2025-03-03
33.75737380981445,33.75737380981445,34.316521937158406,33.62469520590586,34.013255523875664,8840500,2025-03-04
35.80442428588867,35.80442428588867,36.041351399723766,34.307046806365726,34.3639069999448,10393200,2025-03-05
35.482200622558594,35.482200622558594,35.7191277187394,34.80458898287265,35.373216182838945,9128500,2025-03-06
35.49168395996094,35.49168395996094,35.65279266925501,34.83776278284238,35.2452777260487,8667000,2025-03-07
35.444297790527344,35.444297790527344,36.357885794411914,35.21779335767898,35.40638858453804,6310800,2025-03-10
34.752464294433594,34.752464294433594,35.72860637674406,34.278610108045,35.63857292445966,6997100,2025-03-11
33.880577087402344,33.880577087402344,34.875670236855306,33.861622484575896,34.875670236855306,6923900,2025-03-12
34.335479736328125,34.335479736328125,35.25475817073271,33.75737695243333,33.81424076592535,7958400,2025-03-13
35.036781311035156,35.036781311035156,35.23579921082538,34.742990400472905,34.856714398178646,5991200,2025-03-14
35.548545837402344,35.548545837402344,35.80916713267043,35.07469156616668,35.07469156616668,5097100,2025-03-17
35.64331817626953,35.64331817626953,35.82338149440143,35.36848183657786,35.794951395544054,4866000,2025-03-18
35.245277404785156,35.245277404785156,35.747565362310475,35.10312330056632,35.539068337857664,5525100,2025-03-19
34.69560623168945,34.69560623168945,35.06521194128388,34.59135772586112,34.83776032718382,5406300,2025-03-20
34.27861404418945,34.27861404418945,34.45394141476512,33.941230779157955,34.35443245802357,13257700,2025-03-21
34.392337799072266,34.392337799072266,34.93063690807992,34.08907140826637,34.61978578456641,6797400,2025-03-24
33.47306442260742,33.47306442260742,34.42077293653225,33.383030956913814,34.392342837985254,7218000,2025-03-25
33.71946716308594,33.71946716308594,33.90900595403349,33.29299765301254,33.425676252764106,5801600,2025-03-26
33.397247314453125,33.397247314453125,33.54888052159801,32.800189979661035,33.169795696125384,6911900,2025-03-27
32.56325912475586,32.56325912475586,33.37828887518867,32.34054708653057,33.226655685472366,6913700,2025-03-28
33.09397888183594,33.09397888183594,33.3688152128043,32.155749497110826,32.33581280952751,8477200,2025-03-31
32.80018997192383,32.80018997192383,32.947083624529924,32.31117351166058,32.676986861391164,6446000,2025-04-01
33.0655517578125,33.0655517578125,33.33090900318156,32.506403551341045,32.52535815675616,5146700,2025-04-02
29.81490707397461,29.81490707397461,31.880911791442376,29.739090470012965,31.729278583519093,18080900,2025-04-03
26.725379943847656,26.725379943847656,28.848246728870564,26.578484478241766,28.630272403994937,18677500,2025-04-04
26.080936431884766,26.080936431884766,27.758380787097998,24.951266710573954,25.796622818269938,19652900,2025-04-07
24.46035385131836,24.46035385131836,27.4835442218531,23.99597694172443,27.4835442218531,17050500,2025-04-08
28.29857635498047,28.29857635498047,28.563933577796035,23.749574475792045,24.024410808120173,19876900,2025-04-09
25.862964630126953,25.862964630126953,27.312957410837267,25.227999892345895,27.29400280789206,15213200,2025-04-10
26.9433536529541,26.9433536529541,27.01917026264401,25.085844004135428,25.59760747525025,11189100,2025-04-11
27.36981964111328,27.36981964111328,27.910014983909907,26.782241405777956,27.62570136018372,10448500,2025-04-14
26.251523971557617,26.251523971557617,27.256094391182106,26.237307116074714,26.60217507488968,12375800,2025-04-15
26.033550262451172,26.033550262451172,26.706424196524544,25.80136270632087,26.251524577990953,8672400,2025-04-16
26.67799186706543,26.67799186706543,26.924396275077527,26.279954255293635,26.279954255293635,8474900,2025-04-17
26.649564743041992,26.649564743041992,26.8580599695601,26.261002581514152,26.696949446647288,7745100,2025-04-21
27.483545303344727,27.483545303344727,27.815243625424422,27.009691073976715,27.047600279979164,8488300,2025-04-22
27.483545303344727,27.483545303344727,29.14203510613277,27.23240314021502,28.488115763473992,10727000,2025-04-23
28.20380401611328,28.20380401611328,28.60089445416625,26.583221607855045,27.0286457413932,13069300,2025-04-24
28.45020866394043,28.45020866394043,28.507070665930986,27.597271403640317,27.80576661601265,12991600,2025-04-25
28.383869171142578,28.383869171142578,29.32210033197949,28.156417549475655,28.668180986810572,9347200,2025-04-28
29.047266006469727,29.047266006469727,29.10886756688843,28.21328329761502,28.241713396569374,9498800,2025-04-29
28.990400314331055,28.990400314331055,29.037785011636256,28.203802408836534,28.635009661711056,11306100,2025-04-30
28.93354034423828,28.93354034423828,29.232067211885905,28.687135924235946,29.07569625372912,7009600,2025-05-01
28.82929229736328,28.82929229736328,29.43582515167078,28.630272574787078,29.246284538504934,8619400,2025-05-02
27.436161041259766,27.436161041259766,28.43125421576744,27.40772913630423,28.34122256149061,9061700,2025-05-05
27.294002532958984,27.294002532958984,27.748903961009614,27.132892024768438,27.379296437742827,7691300,2025-05-06
26.96230697631836,26.96230697631836,27.587794428446283,26.796456907768842,27.483545917221473,8814500,2025-05-07
27.710994720458984,27.710994720458984,28.18484894305427,27.160376706699477,27.2371404978637,7787000,2025-05-08
27.938444137573242,27.938444137573242,28.203803149235362,27.67782468033226,27.910014041487916,8162800,2025-05-09
29.36000633239746,29.36000633239746,30.69627505610289,29.32209893566508,29.99497104425546,11832500,2025-05-12
29.16098976135254,29.16098976135254,29.587457483981165,28.999879250774498,29.312622970413,8502800,2025-05-13
28.592365264892578,28.592365264892578,29.160990721394885,28.47863945054792,29.075696812539015,6434900,2025-05-14
28.336483001708984,28.336483001708984,28.39239781611738,27.857891017845827,28.241711792818226,6481000,2025-05-15
28.611318588256836,28.611318588256836,28.71082754159904,27.985831156376662,28.327004968922857,5872600,2025-05-16
28.53550148010254,28.53550148010254,28.639748178499165,27.86736710751571,28.09955466120901,5937100,2025-05-19
28.232236862182617,28.232236862182617,28.702298741658108,28.158314630880653,28.563933388503933,5576400,2025-05-20
27.246618270874023,27.246618270874023,28.11851012784641,27.189756269309207,27.966876918599944,8938600,2025-05-21
27.170801162719727,27.170801162719727,27.336649417381274,26.83910284578623,27.047599860344064,6885100,2025-05-22
26.83910369873047,26.83910369873047,26.981259608330983,26.450543368937513,26.67799318582043,7095200,2025-05-23
27.40772819519043,27.40772819519043,27.521454003497038,27.18975568751403,27.34138889351591,8763100,2025-05-27
26.858057022094727,26.858057022094727,27.568838343834823,26.782240420080196,27.483544440617184,7731600,2025-05-28
27.284528732299805,27.284528732299805,27.568840560814955,26.725380569624217,27.33191343451549,10227600,2025-05-29
26.944562911987305,26.944562911987305,27.235961606143654,26.643452595416083,27.15339799436978,13965300,2025-05-30
26.420045852661133,26.420045852661133,26.934847016562447,26.083966685503757,26.86685454983252,12390500,2025-06-02
26.99312973022461,26.99312973022461,27.250530329992632,25.730405786920574,26.420047681466606,10557600,2025-06-03
27.469079971313477,27.469079971313477,27.517645494933475,26.895997899848847,27.051409798620003,8844700,2025-06-04
27.371944427490234,27.371944427490234,27.784756896353496,27.1485400761679,27.692481669326217,8634700,2025-06-05
27.73133659362793,27.73133659362793,28.017877631437624,27.49336293244631,27.537072645083587,6728400,2025-06-06
28.54724884033203,28.54724884033203,28.940636238163922,27.95474169067085,27.97416678788079,11394400,2025-06-09
29.819684982299805,29.819684982299805,29.999379629179266,28.702659497653215,28.82893281368644,10985100,2025-06-10
29.800260543823242,29.800260543823242,30.285923194530515,29.406873129794196,30.169363343192135,7842300,2025-06-11
29.275741577148438,29.275741577148438,29.576853729663807,29.091191119013537,29.343734046214543,6817200,2025-06-12
29.042625427246094,29.042625427246094,30.13051055323446,28.935780906525196,29.062052377433872,10271600,2025-06-13
29.69341278076172,29.69341278076172,29.69341278076172,29.023197835349478,29.470008416509604,10658500,2025-06-16
28.595815658569336,28.595815658569336,29.732266266425437,28.581244520125523,29.576854375834504,8850700,2025-06-17
27.682769775390625,27.682769775390625,28.57638908435158,27.663342825647675,28.498683138035663,12211600,2025-06-18
26.9639892578125,26.9639892578125,27.78961609376766,26.73087141930561,27.69733900899109,22583000,2025-06-20
26.099510192871094,26.099510192871094,26.832859938929353,25.84696540642129,26.420047450162023,17264100,2025-06-23
26.740585327148438,26.740585327148438,27.06889263081355,26.264636167574878,26.46861358482529,19116200,2025-06-24
26.05094337463379,26.05094337463379,26.760010375181785,26.05094337463379,26.740585277852738,15726100,2025-06-25
26.371479034423828,26.371479034423828,26.76000874720692,26.225780623712144,26.322913515071868,13857800,2025-06-26
26.225780487060547,26.225780487060547,26.963987863829836,25.97323571190349,26.614310197819172,18629400,2025-06-27
25.720691680908203,25.720691680908203,26.14807530143583,25.623558787244306,26.128648352171883,11746900,2025-06-30
27.031980514526367,27.031980514526367,27.631288732178085,25.613846597498476,25.672125591342628,21426600,2025-07-01
27.906173706054688,27.906173706054688,27.906173706054688,26.808576999807254,27.342805140850047,14120500,2025-07-02
27.6439151763916,27.6439151763916,27.95474080644589,27.55649761007216,27.847894438219235,5950000,2025-07-03
26.6920166015625,26.6920166015625,27.663341821584332,26.308342695016478,27.20681963513017,13061900,2025-07-07
28.226709365844727,28.226709365844727,28.756081665935152,26.876567951138558,26.915419995169245,18326600,2025-07-08
28.984344482421875,28.984344482421875,29.46029361411667,28.36269693941738,28.522964636061307,15427600,2025-07-09
29.363161087036133,29.363161087036133,30.04017525749938,28.73665587270209,28.848359903837856,12068000,2025-07-10
28.702659606933594,28.702659606933594,28.964917861857252,28.28499131715305,28.770653928794268,12318800,2025-07-11
27.439937591552734,27.439937591552734,28.55696122917327,27.265098754721446,28.411262816032476,13284400,2025-07-14
27.187393188476562,27.187393188476562,28.017875822303964,27.13882766764038,27.847894646721464,9162900,2025-07-15
27.333091735839844,27.333091735839844,27.47879200436481,26.813432879224703,27.158252895734588,8757000,2025-07-16
27.6439151763916,27.6439151763916,27.682769074894335,27.177679510293945,27.20681993417099,7623200,2025-07-17
27.52735710144043,27.52735710144043,27.915886821992224,27.294239269109354,27.823611592316126,9013200,2025-07-18
27.575923919677734,27.575923919677734,28.085871170350455,27.51764492201591,27.77018971542505,7026100,2025-07-21
28.809507369995117,28.809507369995117,28.892070981354877,27.658487443388946,27.658487443388946,9296400,2025-07-22
29.499149322509766,29.499149322509766,29.99452358083715,29.15432744296982,29.343735574563688,20963300,2025-07-23
24.351123809814453,24.351123809814453,26.80857736822593,23.671197243930227,26.410334162487136,66003500,2025-07-24
24.778507232666016,24.778507232666016,24.914492174173194,23.719762566959286,23.933453453992836,36918200,2025-07-25
24.9727725982666,24.9727725982666,25.38072929877375,24.205426573893618,24.603669799072506,17843700,2025-07-28
24.457969665527344,24.457969665527344,24.865926337529647,24.263703877847824,24.865926337529647,13123800,2025-07-29
23.234100341796875,23.234100341796875,24.33169707271901,23.098115397962957,24.31227197549696,16559800,2025-07-30
22.62216567993164,22.62216567993164,22.97864075279192,22.28220147613598,22.957272220050523,21303600,2025-07-31
21.165178298950195,21.165178298950195,22.418186920630216,21.165178298950195,22.335625162827384,25059000,2025-08-01
20.970911026000977,20.970911026000977,21.262307842295616,20.70379696895493,21.24288274649021,18562100,2025-08-04
21.738258361816406,21.738258361816406,22.010230099798257,21.155464691743134,21.320590058972133,22028700,2025-08-05
20.689228057861328,20.689228057861328,22.126790903551562,20.640662534137512,21.97137900444818,19480800,2025-08-06
20.990339279174805,20.990339279174805,21.50999814054974,20.698940592111697,21.126324221544053,12719600,2025-08-07
20.611520767211914,20.611520767211914,21.1554642313378,20.55324177200409,21.009763964334454,11325700,2025-08-08
20.27155876159668,20.27155876159668,20.980625748722204,19.816978144895536,20.669801965470242,20712400,2025-08-11
21.08746910095215,21.08746910095215,21.36915429686745,20.218134459166162,20.290982737221103,15785300,2025-08-12
22.262775421142578,22.262775421142578,22.33076789410212,21.08747087268671,21.184603770910027,16243300,2025-08-13
22.699871063232422,22.699871063232422,22.787288628037068,21.825676888627772,22.170498747568857,11822600,2025-08-14
22.69015884399414,22.69015884399414,23.170963813969,22.680445368999425,22.903849735910086,10779700,2025-08-15
22.573598861694336,22.573598861694336,22.962128595879385,22.554171911821108,22.631877858658115,12231500,2025-08-18
22.855283737182617,22.855283737182617,23.544923773528737,22.631877522272855,22.855283737182617,8879800,2025-08-19
23.389511108398438,23.389511108398438,23.768327349484487,22.855282981089605,22.89413502631739,12660700,2025-08-20
23.01069450378418,23.01069450378418,23.263239278070394,22.74358044434969,23.15639291323428,9431100,2025-08-21
24.389976501464844,24.389976501464844,24.516247963003575,23.22438551387373,23.29237798182965,20539200,2025-08-22
24.205425262451172,24.205425262451172,24.283131208211213,23.807182058848976,24.283131208211213,10012300,2025-08-25
24.03058624267578,24.03058624267578,24.27827521664543,23.90917058753737,24.098578713128354,8049300,2025-08-26
24.03058624267578,24.03058624267578,24.360836972864732,23.71004898721661,23.797468407128736,10348200,2025-08-27
23.865461349487305,23.865461349487305,24.3414105047224,23.593491462299195,24.3414105047224,11714200,2025-08-28
24.269458770751953,24.269458770751953,24.525653048065823,23.885168294495333,23.934437509033593,8791800,2025-08-29
24.05268096923828,24.05268096923828,24.382778143798898,23.717657812711884,23.875315547615077,12152500,2025-09-02
23.5797061920166,23.5797061920166,24.161069755487112,23.4417561530332,23.895021640794848,11528200,2025-09-03
23.559999465942383,23.559999465942383,23.633902349508904,22.86039352040718,23.412195578237746,11630400,2025-09-04
24.1413631439209,24.1413631439209,24.55521515870811,23.426975491327354,23.5501457114494,18476700,2025-09-05
23.62897491455078,23.62897491455078,23.98961843683941,22.78156506602218,23.983705754984598,15488100,2025-09-08
23.786632537841797,23.786632537841797,24.00341333018042,23.353074712021403,23.495950740374628,10959400,2025-09-09
23.481170654296875,23.481170654296875,24.10194773584895,23.36785427748294,23.589561049261683,11492700,2025-09-10
24.653751373291016,24.653751373291016,24.771993730510058,23.31365879528599,23.31365879528599,25711700,2025-09-11
24.673460006713867,24.673460006713867,25.116871682453947,24.505948428031136,24.63404463317513,14732800,2025-09-12
23.816194534301758,23.816194534301758,25.008481397817004,23.693024310578522,24.845897679805137,13192300,2025-09-15
24.121654510498047,24.121654510498047,24.515798823526772,23.830972727246547,24.0428256478923,11070800,2025-09-16
24.18077850341797,24.18077850341797,25.3927730177011,23.83097365009481,24.239899682804648,14775200,2025-09-17
23.75707244873047,23.75707244873047,24.62418996378263,23.540291660396136,24.446824547664864,15350400,2025-09-18
23.146146774291992,23.146146774291992,23.7964853646735,23.008196733734806,23.7964853646735,19106700,2025-09-19
22.83083152770996,22.83083152770996,23.047610433315025,22.604198779200797,23.008196941126997,12901800,2025-09-22
22.52536964416504,22.52536964416504,23.35011730308066,22.505661958594146,23.195415918148665,11016900,2025-09-23
22.79141616821289,22.79141616821289,23.03775660266124,22.57463726249255,22.633758440520214,11913600,2025-09-24
21.875032424926758,21.875032424926758,22.687954771609917,21.840544912733268,22.683028789623044,16437600,2025-09-25
22.623905181884766,22.623905181884766,22.860393658959577,22.01790792302304,22.101664650201286,12623800,2025-09-26
22.554929733276367,22.554929733276367,22.90966056276202,22.387418161511295,22.899806719784266,11803800,2025-09-29
22.594345092773438,22.594345092773438,22.61996358095882,21.986376325321494,22.44654120704508,14368700,2025-09-30
22.712587356567383,22.712587356567383,22.880098927554393,22.481028625665026,22.564783471444343,12531500,2025-10-01
23.343219757080078,23.343219757080078,23.61715019594287,22.614052307186334,22.79141583870508,17945200,2025-10-02
23.471317291259766,23.471317291259766,23.683170224245156,23.05746526861719,23.362926894077905,8354600,2025-10-03
23.077173233032227,23.077173233032227,23.540292598461544,22.95892899109896,23.481171417209143,9417100,2025-10-06
22.170639038085938,22.170639038085938,23.32351234324354,21.924298604329426,23.19541614463863,19270000,2025-10-07
22.269176483154297,22.269176483154297,22.61405348017025,22.111518749563306,22.180493773080812,10240600,2025-10-08
21.75678825378418,21.75678825378418,22.27903067921672,21.4907401193509,22.180494124304936,15428400,2025-10-09
20.347719192504883,20.347719192504883,22.022834872424593,20.347719192504883,21.894736796027495,18840800,2025-10-10
21.106449127197266,21.106449127197266,21.402056905566237,20.692597109823655,20.692597109823655,12276700,2025-10-13
21.599130630493164,21.599130630493164,21.76664221088945,20.584207304629956,20.7073775290558,9683300,2025-10-14
21.875032424926758,21.875032424926758,22.234689251679203,21.579422761145963,21.865178581524553,10597900,2025-10-15
21.579421997070312,21.579421997070312,22.14107789510994,21.24932671221237,21.98342016511385,10929900,2025-10-16
21.569568634033203,21.569568634033203,21.722300385615778,21.357715702243485,21.579422477305798,9111200,2025-10-17
21.313373565673828,21.313373565673828,21.76171308128001,21.12615618864504,21.668104392765617,10342700,2025-10-20
21.431617736816406,21.431617736816406,21.746933191316202,21.24932634207653,21.372496558954783,10565100,2025-10-21
21.38235092163086,21.38235092163086,21.687812540674614,21.24932685863719,21.431618257808484,12026100,2025-10-22
24.151216506958008,24.151216506958008,24.360113090884333,23.008197037301876,23.116585550843297,33606400,2025-10-23
24.44682502746582,24.44682502746582,24.535507737265217,23.845755624793533,24.377850004161495,14496700,2025-10-24
25.353357315063477,25.353357315063477,25.668672773591638,24.584776354758173,24.634043690367555,17744700,2025-10-27
25.008480072021484,25.008480072021484,25.166139679103267,24.427118375942218,25.1464319932895,11767500,2025-10-28
24.49609375,24.49609375,25.27452855658221,24.372923531030857,24.939505410631874,12570700,2025-10-29
23.451608657836914,23.451608657836914,24.1364366457869,23.431902851404484,24.013266428299463,11446600,2025-10-30
23.500877380371094,23.500877380371094,23.73736396746345,23.254536950554684,23.569852400011158,13052700,2025-10-31
22.88995361328125,22.88995361328125,23.34322100769976,22.584491988856268,23.24468445418022,13200100,2025-11-03
22.259323120117188,22.259323120117188,22.633759775617083,22.229761589645427,22.505663569096413,12009900,2025-11-04
22.436687469482422,22.436687469482422,22.88009912875068,22.28888358305967,22.377564411370614,12998600,2025-11-05
21.894737243652344,21.894737243652344,22.604198901147956,21.894737243652344,22.49580850804649,15504300,2025-11-06
21.963714599609375,21.963714599609375,22.150931981392738,21.559714547701304,21.87503189058424,13745900,2025-11-07
21.7764949798584,21.7764949798584,22.416979739383684,21.382350657029637,22.36771240381573,14784800,2025-11-10
21.98341941833496,21.98341941833496,22.16078482841254,21.742006849729172,21.90459055601474,9556900,2025-11-11
21.855323791503906,21.855323791503906,22.35785850667939,21.766641084153623,22.091810384628538,8406100,2025-11-12
22.771711349487305,22.771711349487305,22.820978686742475,21.746934195609466,21.825763062874803,18599300,2025-11-13
22.594345092773438,22.594345092773438,22.840685528796822,22.207098273159495,22.51551622842309,12069100,2025-11-14
21.3527889251709,21.3527889251709,22.485954547323658,21.298593728904002,22.485954547323658,13080800,2025-11-17
21.530155181884766,21.530155181884766,21.682885054333397,20.93893774038812,21.254253208005416,12329300,2025-11-18
20.998058319091797,20.998058319091797,21.66317862650476,20.85025443280949,21.5597142146216,13044100,2025-11-19
20.643329620361328,20.643329620361328,21.436544258310438,20.623621934101767,21.131082639000848,12657200,2025-11-20
21.875032424926758,21.875032424926758,22.121372871696526,20.929084132028052,20.968499505636874,19595100,2025-11-21
22.2002010345459,22.2002010345459,22.23961452747474,21.62869129136476,21.87503173031229,15713700,2025-11-24
22.860393524169922,22.860393524169922,23.008197411898887,22.29873574371441,22.426833824660342,14209700,2025-11-25
23.559999465942383,23.559999465942383,23.747218726063405,22.86039352040718,22.88009932718697,10506200,2025-11-26
23.850000381469727,23.850000381469727,24.020000457763672,23.59000015258789,23.729999542236328,7253900,2025-11-28
23.84000015258789,23.84000015258789,24.28499984741211,23.565000534057617,23.600000381469727,11456100,2025-12-01
23.860000610351562,23.860000610351562,24.09000015258789,23.405000686645508,23.8700008392334,10733800,2025-12-02
23.760000228881836,23.760000228881836,24.46500015258789,23.735000610351562,23.979999542236328,10524700,2025-12-03
22.8700008392334,22.8700008392334,23.93000030517578,22.75,23.850000381469727,10415800,2025-12-04
22.959999084472656,22.959999084472656,23.684999465942383,22.934999465942383,23.170000076293945,9023600,2025-12-05
22.860000610351562,22.860000610351562,23.25,22.760000228881836,22.899999618530273,11723700,2025-12-08
23.110000610351562,23.110000610351562,23.844999313354492,22.850000381469727,22.885000228881836,11305700,2025-12-09
24.59000015258789,24.59000015258789,24.700000762939453,23.174999237060547,23.190000534057617,11997200,2025-12-10
24.579999923706055,24.579999923706055,25.049999237060547,24.424999237060547,24.540000915527344,11607200,2025-12-11
23.969999313354492,23.969999313354492,24.885000228881836,23.93000030517578,24.700000762939453,9552591,2025-12-12
