Price,Close,High,Low,Open,Volume,Date
76.95868682861328,76.95868682861328,78.92354600820549,76.23478605632911,76.23478605632911,3623700,2021-10-25
75.4638900756836,75.4638900756836,77.65438477368032,74.98443111202866,77.40525202611741,3657600,2021-10-26
74.94682312011719,74.94682312011719,75.9903632371943,74.73059104980635,75.8399396800059,2896600,2021-10-27
75.13483428955078,75.13483428955078,75.36046959198589,73.89386881651336,74.83399439222622,2435300,2021-10-28
75.50149536132812,75.50149536132812,76.60144792067956,74.77760170248072,74.79640106121086,2870500,2021-10-29
76.07495880126953,76.07495880126953,76.30059410054888,75.33225874613319,75.64250190320068,1846100,2021-11-01
76.25359344482422,76.25359344482422,76.57323272884774,75.3510736649706,76.46042223923456,1465500,2021-11-02
75.78353118896484,75.78353118896484,76.9210823943047,74.84810356078268,76.41341366940607,2306700,2021-11-03
76.93989562988281,76.93989562988281,76.9587021634137,75.9527677972404,76.09378810835815,1943200,2021-11-04
76.8176498413086,76.8176498413086,77.75777529354234,76.67662958895593,77.21250080982564,1500900,2021-11-05
77.31593322753906,77.31593322753906,77.45601390355816,76.51964666889658,77.19371947235784,2422400,2021-11-08
78.53810119628906,78.53810119628906,78.66031495415703,77.15611528097898,77.46635848086284,3078900,2021-11-09
78.3688735961914,78.3688735961914,79.39360709665942,78.20905395948179,78.92354427862689,2986300,2021-11-10
78.40648651123047,78.40648651123047,78.68851992377974,77.81420271695596,78.45348849369367,1743500,2021-11-11
80.50296020507812,80.50296020507812,80.52176673551732,78.32186889246836,78.91415266727644,1737600,2021-11-12
79.1209716796875,79.1209716796875,80.46534436361584,78.91131690594969,80.38073650487443,1319100,2021-11-15
79.45943450927734,79.45943450927734,79.90129481096967,79.17740105491002,79.49704040437787,1532800,2021-11-16
80.4465560913086,80.4465560913086,80.89311436556297,79.05987211437557,79.30900485177821,2657800,2021-11-17
81.29505157470703,81.29505157470703,81.47417296447998,79.83375535380792,79.93746061814339,2586400,2021-11-18
81.3233413696289,81.3233413696289,82.80348996655059,81.14421276980414,81.49304025557757,2901700,2021-11-19
79.38121795654297,79.38121795654297,81.44588621577691,79.070109374645,81.31389901308975,1770400,2021-11-22
79.01353454589844,79.01353454589844,79.54620178397298,78.74013044107977,79.19266310937753,1683000,2021-11-23
79.62635040283203,79.62635040283203,79.71120343994284,78.1273496105934,78.86270903265492,1024700,2021-11-24
78.42903137207031,78.42903137207031,79.4095129448209,77.7785178303503,78.18390918069176,1170100,2021-11-26
78.79671478271484,78.79671478271484,79.513214771703,78.24047676749187,79.29638170940216,1934300,2021-11-29
75.79871368408203,75.79871368408203,78.79672273971279,75.56302117088076,78.32533771331025,2602300,2021-11-30
75.84583282470703,75.84583282470703,78.5704371613834,75.81755087957582,77.0242951569291,2247400,2021-12-01
78.10848236083984,78.10848236083984,78.31495063127568,76.22766107187537,76.2323723318348,2224700,2021-12-02
78.06134796142578,78.06134796142578,78.8155595403023,77.23170587406933,78.57986707326027,2236400,2021-12-03
79.20210266113281,79.20210266113281,79.65462819288803,77.94821694652623,78.62701243692268,2046200,2021-12-06
80.79537200927734,80.79537200927734,81.32332800813187,79.87146159861723,80.26742320318586,2093000,2021-12-07
81.27619171142578,81.27619171142578,81.56467906886685,79.85260715728751,80.74824287238684,2923600,2021-12-08
81.25733947753906,81.25733947753906,81.65330110681427,80.29571015756956,81.11592255486549,2406900,2021-12-09
81.15363311767578,81.15363311767578,81.61558834559088,80.88494024894871,81.37989587523943,2379000,2021-12-10
80.49369812011719,80.49369812011719,81.68159030619216,79.9468969994603,81.31391059024868,2502400,2021-12-13
79.9563217163086,79.9563217163086,80.51255975875823,79.2633851881316,80.20144393125747,2178600,2021-12-14
80.06002044677734,80.06002044677734,80.49841220291727,78.70337889549576,80.18258514061357,2011900,2021-12-15
81.55902099609375,81.55902099609375,81.89370026185412,80.33341732512936,80.80480224584443,3345100,2021-12-16
79.34352111816406,79.34352111816406,81.70986847431651,79.21152671002778,80.54083576983278,2875700,2021-12-17
77.61824035644531,77.61824035644531,78.48558685731412,75.96367473284182,78.48558685731412,2440500,2021-12-20
79.36237335205078,79.36237335205078,79.45664890692204,78.07077595274674,78.56102034649936,1415100,2021-12-21
79.48492431640625,79.48492431640625,79.7206167805804,78.8532702386827,79.31522545449033,1014500,2021-12-22
80.37114715576172,80.37114715576172,80.68980101745198,79.59807599868961,79.99403769536356,933100,2021-12-23
81.56843566894531,81.56843566894531,81.58729509190698,80.69165951304946,80.82365389549402,674400,2021-12-27
81.51188659667969,81.51188659667969,81.74757907719035,81.20077079614231,81.54016854349878,730200,2021-12-28
81.85128021240234,81.85128021240234,82.24064606944144,81.28561972628249,81.28561972628249,1229700,2021-12-29
81.41761016845703,81.41761016845703,82.27930324895856,81.36104627542645,81.89842483750783,864300,2021-12-30
82.08697509765625,82.08697509765625,82.55741779673768,81.23848074711513,81.23848074711513,985600,2021-12-31
80.67283630371094,80.67283630371094,83.17117848045801,79.73949592869941,82.20954896082738,2209600,2022-01-03
81.28562927246094,81.28562927246094,81.5118920549285,80.10716679099464,80.51255817232962,1739200,2022-01-04
79.03239440917969,79.03239440917969,82.11996695636343,78.93811886731604,81.5778700033125,2656900,2022-01-05
79.86202239990234,79.86202239990234,80.11657425314746,78.98524626949771,79.37178530858763,1641400,2022-01-06
79.53206634521484,79.53206634521484,80.38998318167914,79.39064942698617,79.5697780029267,2351500,2022-01-07
79.81491088867188,79.81491088867188,79.84319283755892,77.74081259286311,79.01355064212973,1940000,2022-01-10
81.30447387695312,81.30447387695312,81.35161524889325,79.36237019144694,80.32399232125931,2334200,2022-01-11
81.97383117675781,81.97383117675781,82.341510823085,81.20076022899774,81.75699815085345,2864100,2022-01-12
80.8519515991211,80.8519515991211,82.66206814715213,80.64454106268266,82.10583014554325,3365800,2022-01-13
79.36237335205078,79.36237335205078,80.74352785318607,78.28761620243804,80.00345719504467,2870400,2022-01-14
79.08895111083984,79.08895111083984,79.33407325162726,77.00543089605216,78.29702799981268,2640500,2022-01-18
78.34417724609375,78.34417724609375,79.60749265224445,78.10848477110986,79.38122269747018,2632200,2022-01-19
77.50511932373047,77.50511932373047,79.28695401352245,77.15629184114552,78.81556902272533,3534500,2022-01-20
78.35360717773438,78.35360717773438,79.09839626389365,76.90174066465012,77.5051128268717,2844000,2022-01-21
78.46675109863281,78.46675109863281,78.57987889646581,75.55358802743905,77.00545470599883,4451900,2022-01-24
78.22161865234375,78.22161865234375,78.8438430373447,76.2889375074539,77.05258600677958,4027200,2022-01-25
76.8545913696289,76.8545913696289,79.77718352051208,76.36435423564778,78.78727234775968,3633100,2022-01-26
77.8822250366211,77.8822250366211,78.64586638356968,76.64719872138053,77.58996865796449,3093400,2022-01-27
78.0330581665039,78.0330581665039,78.08019953662074,76.21351204854754,77.50510934645878,4367500,2022-01-28
80.54082489013672,80.54082489013672,80.79065831354096,75.91182168579138,76.64718817708464,4710600,2022-01-31
78.77786254882812,78.77786254882812,81.42705126266944,76.90175217586444,80.93680681200385,4970900,2022-02-01
78.50444030761719,78.50444030761719,79.48680629445137,77.7125171056839,79.02296658942801,2889900,2022-02-02
77.16571044921875,77.16571044921875,78.84383962409727,77.07143490318032,77.9387814351548,2902900,2022-02-03
77.7219467163086,77.7219467163086,78.46673574158902,76.3360739219743,76.60947803450229,3508500,2022-02-04
76.98657989501953,76.98657989501953,78.15561235066025,76.83573328512408,77.87277855348741,1790200,2022-02-07
79.25865173339844,79.25865173339844,79.43778028563561,77.20812467232882,77.34483031254003,3294300,2022-02-08
78.975830078125,78.975830078125,80.24291447190893,78.63643953696835,80.0505943640474,2132000,2022-02-09
76.88289642333984,76.88289642333984,78.56102587350672,76.55292116892998,78.13677505759303,1926400,2022-02-10
75.08219146728516,75.08219146728516,77.15628229301704,74.5825245897165,76.93001953940852,2494800,2022-02-11
75.18589782714844,75.18589782714844,75.6572827665036,74.16770463187808,75.0067692485092,3899000,2022-02-14
74.28083801269531,74.28083801269531,77.00544232827869,74.0498568079732,76.53405739903917,4126300,2022-02-15
74.35625457763672,74.35625457763672,74.78049809833453,73.0269457453285,74.42224817402888,3305200,2022-02-16
72.0772476196289,72.0772476196289,73.85506217471479,72.02145621101141,73.7888671437998,2253500,2022-02-17
72.20018768310547,72.20018768310547,72.73920648818863,71.24508165489914,71.91649775210904,6320300,2022-02-18
72.15290832519531,72.15290832519531,73.29714095328974,71.755730885463,71.96377449324707,2481400,2022-02-22
70.63042449951172,70.63042449951172,72.62574159593667,70.12923240495626,72.59736610638916,2771000,2022-02-23
72.42713165283203,72.42713165283203,72.74865552381391,69.12682421278208,69.33959343704163,3807000,2022-02-24
74.2427749633789,74.2427749633789,74.49809657166601,72.30419502318476,72.51223859312366,3005300,2022-02-25
74.07256317138672,74.07256317138672,74.6399501730228,72.9661574359888,72.9661574359888,3918500,2022-02-28
73.42952728271484,73.42952728271484,74.21441641214804,72.39876779164958,74.08201912917876,3501600,2022-03-01
74.49810791015625,74.49810791015625,74.71087715189809,73.80778928453005,73.93072086060543,3266200,2022-03-02
74.8763656616211,74.8763656616211,76.16244677564269,74.42245170943566,75.33973089374553,2660900,2022-03-03
73.72266387939453,73.72266387939453,74.30896781253134,72.49332669759448,73.95907570836182,2967900,2022-03-04
70.2615966796875,70.2615966796875,73.84559356732541,70.2143114292022,73.57136220160275,2768400,2022-03-07
69.50508880615234,69.50508880615234,71.14106209810623,69.48617903129309,70.176497641779,3249800,2022-03-08
71.16941833496094,71.16941833496094,72.05832189740914,70.69659468152723,70.86681148535202,3050200,2022-03-09
69.78878784179688,69.78878784179688,70.4980234612675,69.31596409548312,70.26161158811063,3981100,2022-03-10
68.46489715576172,68.46489715576172,70.08667955108693,68.34195833333195,69.96847358473194,3290800,2022-03-11
68.06771850585938,68.06771850585938,69.38689375437951,67.20717571309781,69.3443413432347,4014900,2022-03-14
69.64694213867188,69.64694213867188,69.8928125169856,68.03933700627363,68.5594460344915,4655600,2022-03-15
71.39637756347656,71.39637756347656,72.65409031698776,69.9779064860565,70.46018867250008,2692800,2022-03-16
72.23800659179688,72.23800659179688,72.2852918491781,70.91409874701333,70.96138400439455,1868200,2022-03-17
73.74158477783203,73.74158477783203,74.11038667340807,72.3609332744711,72.48387204947433,3822500,2022-03-18
73.12692260742188,73.12692260742188,73.91653740092598,72.26637992287716,73.30659072567883,1805000,2022-03-21
73.31604766845703,73.31604766845703,74.30898040425966,73.09855278919362,73.09855278919362,2601700,2022-03-22
72.28529357910156,72.28529357910156,73.39169936701414,72.10561825441376,72.93778541533032,1675300,2022-03-23
73.21202850341797,73.21202850341797,73.25931376481208,71.82192550915897,72.2285542271074,1837900,2022-03-24
73.04181671142578,73.04181671142578,73.52409899505146,72.45551983203617,73.39170891165907,1531900,2022-03-25
73.76997375488281,73.76997375488281,73.80780052590983,72.17182694890644,72.7770408559008,2218200,2022-03-28
74.37517547607422,74.37517547607422,75.16951589333814,73.84560798318059,74.42245352107268,1812200,2022-03-29
73.52409362792969,73.52409362792969,74.37517782669497,73.4768083667191,73.76050550454683,1261600,2022-03-30
72.76756286621094,72.76756286621094,74.08674499903431,72.72028482613136,73.3916935988837,2413400,2022-03-31
72.13398742675781,72.13398742675781,73.05504713355718,71.63279542500369,72.72974994672165,2591900,2022-04-01
72.47441864013672,72.47441864013672,72.57844043487549,71.68952953973229,72.15290197619314,1872600,2022-04-04
71.0654067993164,71.0654067993164,72.4082244371262,70.83845343306963,72.20963933982058,1582900,2022-04-05
72.08670806884766,72.08670806884766,72.20018114508353,70.1292181418867,70.28997647636584,2666000,2022-04-06
73.32551574707031,73.32551574707031,73.75105428105115,71.66117395146425,71.66117395146425,3012100,2022-04-07
73.04181671142578,73.04181671142578,73.94963751813866,72.91888512390955,73.06073370317809,2107000,2022-04-08
72.21908569335938,72.21908569335938,73.06071119913997,72.02050062943863,72.81484088512163,1750400,2022-04-11
71.76518249511719,71.76518249511719,72.99452703331644,71.38692208223148,72.36093777547802,2814200,2022-04-12
71.71788787841797,71.71788787841797,72.34201856043458,71.1694179267651,71.1694179267651,1592600,2022-04-13
70.68714141845703,70.68714141845703,72.32784019444405,70.63985616372848,71.89756890645182,1717000,2022-04-14
69.61858367919922,69.61858367919922,70.98976990725826,69.14575984680381,70.63042639193664,1517100,2022-04-18
71.27344512939453,71.27344512939453,71.37746691764433,69.85497406931566,70.00627389740461,1380400,2022-04-19
71.415283203125,71.415283203125,72.21908920557834,71.19778835741755,71.85028732397305,2107800,2022-04-20
71.12215423583984,71.12215423583984,72.46497207942082,70.77226203094119,71.96378001207852,2256200,2022-04-21
69.429443359375,69.429443359375,70.57367606157389,69.33488004463563,69.82661361011145,2115500,2022-04-22
70.5453109741211,70.5453109741211,71.89758735864018,69.08901277427603,71.1883516439914,4038900,2022-04-25
68.43651580810547,68.43651580810547,69.94955044554446,68.26629896047369,69.38216335834461,2231400,2022-04-26
69.5712890625,69.5712890625,70.3088929875776,68.37977114483411,68.37977114483411,2499900,2022-04-27
71.93540954589844,71.93540954589844,72.36094806168745,69.44835906228865,69.5902004244061,2837400,2022-04-28
68.8809585571289,68.8809585571289,71.79355450917454,68.62563691357266,71.47203783101352,2808100,2022-04-29
68.98497772216797,68.98497772216797,70.01573718132998,67.45303348989486,69.032262979959,2627400,2022-05-02
69.33487701416016,69.33487701416016,69.62802544145488,68.52918779577848,68.95661655701713,2297000,2022-05-03
72.43659210205078,72.43659210205078,72.65409418664846,69.2781331311689,69.92117367577059,2700800,2022-05-04
70.62095642089844,70.62095642089844,71.96377415519206,69.91644642779694,71.38692859621615,2377800,2022-05-05
70.52640533447266,70.52640533447266,70.80064402599456,68.81477813667865,70.19543009115974,2470400,2022-05-06
69.32542419433594,69.32542419433594,70.1575987111241,68.81477361759377,69.30651441655381,2718000,2022-05-09
68.81477355957031,68.81477355957031,70.7344442725397,67.58543599264422,69.85499170467841,2771000,2022-05-10
68.93770599365234,68.93770599365234,69.95900705186185,68.40813847381146,68.75803065524936,3214400,2022-05-11
69.03227996826172,69.03227996826172,70.26162482618692,67.38685504119438,68.5783659118022,2482100,2022-05-12
71.02758026123047,71.02758026123047,71.38692369348803,69.4909031611561,69.81715268444975,2601200,2022-05-13
70.29943084716797,70.29943084716797,70.79117158153585,69.58074395034997,70.50747444903763,2101000,2022-05-16
71.35856628417969,71.35856628417969,71.35856628417969,69.8455315829422,70.96139602786458,2742800,2022-05-17
68.28520202636719,68.28520202636719,70.80062772586804,68.07715843140485,70.36563076127295,1899700,2022-05-18
68.92134094238281,68.92134094238281,69.77585692451666,67.61108793231722,67.65856385947276,1780500,2022-05-19
69.72840118408203,69.72840118408203,70.60190335293098,67.83896903848019,69.60496664808959,3017700,2022-05-20
70.13666534423828,70.13666534423828,70.99592612886612,69.43405920240559,70.25059599354385,2473100,2022-05-23
71.6747817993164,71.6747817993164,72.04507087000049,69.52900596504709,71.04814154270098,3071700,2022-05-24
69.8138427734375,69.8138427734375,71.13359254162889,69.0970025664533,70.94370330279378,2854900,2022-05-25
71.28550720214844,71.28550720214844,71.75074089147864,70.33604655399135,70.62088040215255,3380100,2022-05-26
72.44384002685547,72.44384002685547,72.74766710121041,71.5703308497523,72.01657844979428,2837700,2022-05-27
70.6398696899414,70.6398696899414,71.83144012844258,70.00373283004721,71.73175082253874,9765400,2022-05-31
70.23160552978516,70.23160552978516,71.37095541372571,69.86131645531397,70.56391530895033,2384000,2022-06-01
71.43741607666016,71.43741607666016,71.55135396051608,69.92777714557037,70.26008691872129,2133600,2022-06-02
71.38995361328125,71.38995361328125,71.5133808986919,70.34554102976654,70.96269194444058,1415400,2022-06-03
71.3994369506836,71.3994369506836,72.21597367738862,71.28550631036833,71.71276069917013,1019900,2022-06-06
72.62422943115234,72.62422943115234,72.69069137439986,70.62086725693759,70.96267360615583,1582500,2022-06-07
72.48181915283203,72.48181915283203,73.05150131122676,71.38994525146443,71.99759945952988,1926900,2022-06-08
72.15900421142578,72.15900421142578,73.26038196326026,71.93113570007738,72.33940403997335,2505100,2022-06-09
69.58596801757812,69.58596801757812,71.23802742795355,69.5669747491064,71.01015891295924,2314500,2022-06-10
67.50663757324219,67.50663757324219,68.55104263536944,66.88948682259156,67.81996126502291,1860400,2022-06-13
65.71216583251953,65.71216583251953,67.60634229623722,65.17097359200153,67.33574255407353,1859400,2022-06-14
66.23436737060547,66.23436737060547,67.19331727254823,65.28490685824396,65.90205764004071,1629300,2022-06-15
64.51583862304688,64.51583862304688,65.02380347187061,63.58537138171139,64.96208622082992,1818700,2022-06-16
64.44937896728516,64.44937896728516,65.2659156127084,63.832235410184694,64.50635152558127,3669400,2022-06-17
66.33880615234375,66.33880615234375,66.56667463861432,64.71522960552494,65.32288373145214,2506000,2022-06-21
65.28489685058594,65.28489685058594,65.62670316214458,64.43987770362365,65.01904910688648,2621800,2022-06-22
65.12350463867188,65.12350463867188,66.00650336183442,64.48736772085857,65.2089598667509,1791000,2022-06-23
67.27876281738281,67.27876281738281,67.31674210167665,65.00955309843233,65.46529002234283,3453500,2022-06-24
66.38628387451172,66.38628387451172,67.7630061003582,65.63146443078408,67.69654414764904,2327700,2022-06-27
66.26284790039062,66.26284790039062,67.26927369317573,65.97800685830005,66.65212293118522,1877800,2022-06-28
66.25336456298828,66.25336456298828,66.65213630689345,65.05704208746269,65.98751673371817,2728700,2022-06-29
67.0983657836914,67.0983657836914,67.32624149881339,65.27540352556414,65.48428597585524,2822500,2022-06-30
68.26622772216797,68.26622772216797,68.59379283200275,66.68063004654357,67.39272559181555,2096300,2022-07-01
67.76300811767578,67.76300811767578,67.87693875782064,66.62840294877138,66.82303687362209,1936800,2022-07-05
67.65856170654297,67.65856170654297,68.15227801172696,67.02241762442442,67.84845092150391,2440000,2022-07-06
66.54769897460938,66.54769897460938,66.66163686978587,63.95567524268594,65.1804804515439,4386800,2022-07-07
66.35780334472656,66.35780334472656,66.81354763779241,65.34282969190586,66.46224459430812,2485600,2022-07-08
65.51277160644531,65.51277160644531,66.62363860386667,65.22793057150261,66.39577012219756,2116900,2022-07-11
65.36084747314453,65.36084747314453,66.65211413766126,65.09499973229832,65.40832338849891,2430700,2022-07-12
64.94309997558594,64.94309997558594,65.46529890692864,64.40190777761475,64.63927290380929,1635500,2022-07-13
65.50328063964844,65.50328063964844,65.53176329684479,63.61385619293091,63.91768327604031,2793600,2022-07-14
65.99700164794922,65.99700164794922,66.60465579088154,65.75963652199727,66.39577332103441,3010100,2022-07-15
65.47480010986328,65.47480010986328,66.92177999044883,65.30389691732319,66.35779873068557,1525900,2022-07-18
68.2092514038086,68.2092514038086,68.29470663132585,66.22488207041218,66.27235800167844,2450500,2022-07-19
68.99729919433594,68.99729919433594,69.08275441404041,67.50664636086587,68.39914163164227,1942400,2022-07-20
69.26314544677734,69.26314544677734,69.41980730954796,68.59852594757712,68.97831162303837,1520900,2022-07-21
68.26622772216797,68.26622772216797,69.58597755323385,67.77250408757888,69.38659166981495,3805300,2022-07-22
68.73145294189453,68.73145294189453,68.98781136299176,68.08581943768502,68.33268122442061,1620800,2022-07-25
69.0447769165039,69.0447769165039,69.11123886964239,67.97188178808445,68.73145317578975,1897800,2022-07-26
72.5767593383789,72.5767593383789,72.73816587685941,69.12072386929499,69.12072386929499,3786500,2022-07-27
72.9660415649414,72.9660415649414,73.57369573532308,72.07355357683593,72.21596686379328,2118300,2022-07-28
74.21932220458984,74.21932220458984,74.5801218143816,72.52928374969711,73.1939031722476,2183100,2022-07-29
74.32376861572266,74.32376861572266,75.05485727530296,73.39330135928634,73.39330135928634,2425700,2022-08-01
73.54521942138672,73.54521942138672,74.78901052682157,73.48825410169039,74.21933559842903,2146700,2022-08-02
75.22576141357422,75.22576141357422,75.67200178045154,73.54426327025547,73.91550123857024,2483600,2022-08-03
75.48211669921875,75.48211669921875,75.77644716329732,75.04536569826656,75.55807528472593,2129600,2022-08-04
75.31121063232422,75.31121063232422,75.68624436277665,74.5896185851371,74.92193557310836,1492700,2022-08-05
75.27322387695312,75.27322387695312,76.01855381277569,75.02161743533608,75.76694737115865,1882400,2022-08-08
74.87446594238281,74.87446594238281,75.08334844021856,74.39973562686875,74.9124452368811,1276600,2022-08-09
75.86190032958984,75.86190032958984,76.47429920461835,75.36817678096618,75.95684493699925,1419700,2022-08-10
76.52651977539062,76.52651977539062,77.41901502083765,76.05178949484377,76.63096101661567,1665800,2022-08-11
77.618408203125,77.618408203125,77.72284945421809,76.47905831968566,76.96327803605193,1758800,2022-08-12
77.42851257324219,77.42851257324219,77.7988016169567,76.91580299491226,77.15316813800152,2015600,2022-08-15
77.21012878417969,77.21012878417969,77.62789372876676,76.81610180122757,77.13417020447133,1862100,2022-08-16
76.50753784179688,76.50753784179688,76.77338565410676,76.10876612333205,76.45056527929505,1623200,2022-08-17
76.62187194824219,76.62187194824219,76.79338513226448,76.24071457603532,76.74574500447125,1183100,2022-08-18
75.66899108886719,75.66899108886719,76.42176771866065,75.26877180230122,76.25977817908347,1212500,2022-08-19
73.68697357177734,73.68697357177734,74.58745418588597,73.45827477424596,74.39211002256764,2493900,2022-08-22
73.27723693847656,73.27723693847656,74.00143531955939,72.94848875002538,73.49639755079522,1680300,2022-08-23
73.72509765625,73.72509765625,74.00143661267585,73.1628888083565,73.33440928924243,1676800,2022-08-24
74.4969482421875,74.4969482421875,74.55411932174454,73.74416419146365,74.04908873239202,1881600,2022-08-25
71.68592071533203,71.68592071533203,74.69704945325309,71.62874236950334,74.69704945325309,1482100,2022-08-26
70.58055114746094,70.58055114746094,71.27616393920056,70.40903068305751,71.22851653854359,1441700,2022-08-29
69.42756652832031,69.42756652832031,70.85690153957592,68.82724844078352,70.63773363906158,2247000,2022-08-30
68.81769561767578,68.81769561767578,70.02786234352402,68.44606921454285,69.75152345684054,3350600,2022-08-31
69.29415893554688,69.29415893554688,69.33227540627831,67.96011153984026,68.74148101490117,1653600,2022-09-01
68.34127807617188,68.34127807617188,70.14223975566601,68.08399368197306,69.99930478888605,1565900,2022-09-02
68.6843032836914,68.6843032836914,68.75100528351018,67.58847848383486,68.32220048184142,1597300,2022-09-06
69.95166778564453,69.95166778564453,70.046955344449,68.35081207981523,68.80819527006662,1751400,2022-09-07
69.47520446777344,69.47520446777344,69.77059800344821,69.00828319335308,69.50379000090676,1883900,2022-09-08
69.94212341308594,69.94212341308594,70.07552742378061,69.34179809498654,69.73248646200192,1803300,2022-09-09
70.32328796386719,70.32328796386719,70.60915061430501,69.4370999345592,70.50433212815226,1693800,2022-09-12
67.76953887939453,67.76953887939453,69.01782244309697,67.42649790051888,68.86535655471948,1756300,2022-09-13
66.55935668945312,66.55935668945312,67.82194014291956,66.04479528165966,67.70282890787402,2097200,2022-09-14
65.68270874023438,65.68270874023438,67.14062929367336,65.45401717321766,66.60701321397643,2129100,2022-09-15
64.60594177246094,64.60594177246094,65.08238674933757,63.86268150175573,64.95850640256667,3782500,2022-09-16
65.03474426269531,65.03474426269531,65.13003181128322,64.22478919473711,64.2724293340441,2338000,2022-09-19
64.43441009521484,64.43441009521484,64.80603653101473,63.73879735104174,64.63451607834,1842500,2022-09-20
63.87221908569336,63.87221908569336,65.5969477551317,63.86268814957114,64.7298215873385,1579600,2022-09-21
62.366641998291016,62.366641998291016,63.95320457838766,62.276123563187646,63.44341225449774,1981000,2022-09-22
62.681087493896484,62.681087493896484,62.82402241244794,61.70437403209547,61.92830370816597,2551600,2022-09-23
62.29042053222656,62.29042053222656,63.44341653419402,61.79491367205835,62.395239011493935,2415500,2022-09-26
62.061710357666016,62.061710357666016,63.12894955602967,61.56621085805177,62.8335560429888,1890500,2022-09-27
62.67158126831055,62.67158126831055,63.10991713000372,61.837802396352025,62.63347206031314,2264400,2022-09-28
61.46139907836914,61.46139907836914,62.28088498101191,60.86584288574929,62.147480975462905,1910800,2022-09-29
60.79437255859375,60.79437255859375,61.86160818781735,60.73720149318039,61.489981722685066,2625600,2022-09-30
62.357112884521484,62.357112884521484,62.90025979754493,61.08976766414262,61.67103104281345,1905500,2022-10-03
63.89126968383789,63.89126968383789,64.30101262510087,63.16230950356362,63.32906087141992,2424900,2022-10-04
64.25337219238281,64.25337219238281,64.68216977906505,63.20995649215255,63.290951268749254,1452500,2022-10-05
63.653045654296875,63.653045654296875,64.42488411569767,63.557750852171544,64.05325765132153,1670000,2022-10-06
62.18560028076172,62.18560028076172,63.37671272033361,61.81397378121316,63.05272635638389,1446600,2022-10-07
61.9473762512207,61.9473762512207,62.88120430942066,61.432814817734254,62.70016016669311,841300,2022-10-10
61.69962692260742,61.69962692260742,62.48099642449632,61.442349823803504,61.90926388384141,1449200,2022-10-11
61.537635803222656,61.537635803222656,62.26182694363897,61.52334303531796,62.00454985138093,1637600,2022-10-12
61.9473762512207,61.9473762512207,62.46193768470715,59.54609319660387,60.20358593828993,1946400,2022-10-13
61.09930419921875,61.09930419921875,62.98602216690492,60.82296525042166,62.34758766622188,1632800,2022-10-14
62.29042053222656,62.29042053222656,62.6334615061973,61.756797200508984,61.96643415904372,1688600,2022-10-17
63.56729507446289,63.56729507446289,63.8436340644522,62.89074400378874,63.76740111480531,1637200,2022-10-18
63.15753936767578,63.15753936767578,63.795973835249306,62.56675230155158,63.33859076921591,1552300,2022-10-19
61.69962692260742,61.69962692260742,63.56252859996786,61.62339397852712,63.31001333392883,1923200,2022-10-20
63.643524169921875,63.643524169921875,63.78645912436024,61.2708300981506,61.966435729124186,2351000,2022-10-21
63.91986083984375,63.91986083984375,64.69169938803468,63.64352187654704,64.00561744743229,2518300,2022-10-24
65.60646057128906,65.60646057128906,65.663638902256,63.82456131721169,63.82456131721169,2567100,2022-10-25
65.12049865722656,65.12049865722656,65.8923444954373,63.63399259396304,65.45401597088456,3656700,2022-10-26
66.7118148803711,66.7118148803711,68.15067319970666,65.17766176799067,65.2824802243624,3016900,2022-10-27
68.31268310546875,68.31268310546875,68.48420358792949,66.5593618103176,66.81664616899539,1918400,2022-10-28
67.31214904785156,67.31214904785156,68.15068963102787,66.93099159369005,67.35026552026508,2551900,2022-10-31
68.14116668701172,68.14116668701172,68.62713535798959,67.39791364201139,67.91246785010867,1885200,2022-11-01
66.90240478515625,66.90240478515625,69.15122572499122,66.8928738497406,67.8552947674601,1782900,2022-11-02
66.90240478515625,66.90240478515625,67.74094535239313,65.8637581940324,66.19726823384401,2035000,2022-11-03
69.77061462402344,69.77061462402344,70.38999464602624,67.93153643129332,67.93153643129332,2299000,2022-11-04
70.26612091064453,70.26612091064453,70.29470645328504,69.26559056835046,69.64674083019092,1777400,2022-11-07
69.71343231201172,69.71343231201172,70.7044314635784,69.17980899581421,70.45668531067342,1528100,2022-11-08
69.1893310546875,69.1893310546875,70.40902887242504,69.12262905746661,69.52284104079192,1743200,2022-11-09
72.03848266601562,72.03848266601562,72.52445860241788,71.00935971950749,71.00935971950749,2643400,2022-11-10
73.72509765625,73.72509765625,74.35400123951618,72.05277115011887,72.09565672282035,2984500,2022-11-11
74.10623931884766,74.10623931884766,75.81191299703795,73.10570935341033,73.14382581923259,4193900,2022-11-14
75.00196838378906,75.00196838378906,75.73569772911046,74.50646880004383,74.77327682744307,2349100,2022-11-15
74.7065658569336,74.7065658569336,75.99296570324478,74.63986385808701,74.75420598755393,2169600,2022-11-16
73.97968292236328,73.97968292236328,74.03707354768508,72.41114204023705,73.6449346786713,3420800,2022-11-17
74.37181854248047,74.37181854248047,75.32824622379901,74.04662933641082,74.77351641736287,3697600,2022-11-18
74.78307342529297,74.78307342529297,75.09868897513472,73.45841920846355,74.09444441297785,2068800,2022-11-21
74.8404769897461,74.8404769897461,75.16565894632758,74.21879744673215,75.13696727921335,1916300,2022-11-22
74.69701385498047,74.69701385498047,75.10827812362196,74.1327249242911,74.57268086100622,1898000,2022-11-23
75.24217224121094,75.24217224121094,75.5750087024091,74.81178265590873,75.11783925582617,971100,2022-11-25
73.01368713378906,73.01368713378906,74.94567517457412,72.87500832791852,74.62048596207106,2065800,2022-11-28
73.53015899658203,73.53015899658203,74.23792074885341,72.82240454127492,73.12846111359401,1869000,2022-11-29
74.68743896484375,74.68743896484375,74.75917542376337,72.22941995666876,73.46321262104736,3462100,2022-11-30
75.39518737792969,75.39518737792969,75.47170333508865,73.97010503945646,74.2379108895128,1776700,2022-12-01
76.2751235961914,76.2751235961914,76.66726253038932,74.14228620847942,74.66832446241182,1998300,2022-12-02
75.0604476928711,75.0604476928711,75.80646011730538,74.4483272631935,75.38562960220332,2100200,2022-12-05
75.739501953125,75.739501953125,75.76819361284339,74.84045769814459,75.0508729320305,2674000,2022-12-06
75.55779266357422,75.55779266357422,76.02644022048932,74.94567948398092,75.52910099843152,2151300,2022-12-07
76.26554107666016,76.26554107666016,76.5142143163382,75.61039045160503,76.39944036795661,2376700,2022-12-08
75.04132080078125,75.04132080078125,76.51422041949223,74.9408999727809,76.38988743821785,1417200,2022-12-09
77.03068542480469,77.03068542480469,77.10720138968338,75.09869744492,75.46214462961176,1681200,2022-12-12
77.42281341552734,77.42281341552734,78.4270653417375,77.06893986392016,78.4270653417375,2600900,2022-12-13
76.7533187866211,76.7533187866211,78.36968384749862,76.41857056906287,77.47063952294465,3025900,2022-12-14
75.38563537597656,75.38563537597656,76.10295619240502,74.59179858785754,75.88297459803583,2119400,2022-12-15
75.17522430419922,75.17522430419922,75.2995645893875,74.31443781697881,74.80221804256456,4036900,2022-12-16
74.47703552246094,74.47703552246094,75.5721421444072,74.1920160680927,75.20391539771533,1532700,2022-12-19
74.52484130859375,74.52484130859375,74.85003050651031,74.13270976350596,74.50571596611111,1889800,2022-12-20
75.58649444580078,75.58649444580078,75.68213577473273,74.51529988661784,75.0222054972263,1621700,2022-12-21
74.73526000976562,74.73526000976562,75.34737315495467,73.74057432459237,75.13695789311514,1379600,2022-12-22
74.9456787109375,74.9456787109375,75.20391099152293,74.35269088190094,74.50572282370312,810400,2022-12-23
75.0891342163086,75.0891342163086,75.52909004427318,74.61092040804749,74.95523493375258,955400,2022-12-27
74.02751159667969,74.02751159667969,75.31868763968124,74.01794527573401,75.17522201335555,882800,2022-12-28
75.6247329711914,75.6247329711914,75.77776489566511,74.21878317718532,74.63961367252422,957700,2022-12-29
74.8978500366211,74.8978500366211,75.54822115741962,74.17097024634829,75.36650485833351,995900,2022-12-30
75.67256927490234,75.67256927490234,75.99775122054317,74.99350642050683,75.50041198104398,1317300,2023-01-03
77.25066375732422,77.25066375732422,77.34631236692496,75.84472113794503,76.30380235738514,1611900,2023-01-04
76.63856506347656,76.63856506347656,77.28893632789308,76.47597407161388,77.00201233583526,2136300,2023-01-05
78.28361511230469,78.28361511230469,78.4749050532735,76.90636402215492,77.46108660855164,1555400,2023-01-06
77.92017364501953,77.92017364501953,79.31177783835287,77.77192850427306,78.40795386373776,1652600,2023-01-09
78.11145782470703,78.11145782470703,78.20709914672209,77.25067133264129,77.83409288298779,1975300,2023-01-10
78.33143615722656,78.33143615722656,78.64705907394728,77.60454900576929,78.64705907394728,2683300,2023-01-11
79.2878646850586,79.2878646850586,79.3739396830017,77.23154349182748,78.42707822080314,2503600,2023-01-12
79.62261962890625,79.62261962890625,79.67044394086297,78.63941190207193,79.03919804846873,1272000,2023-01-13
79.3643798828125,79.3643798828125,79.8521527936495,79.26395175589616,79.63217849196963,1946300,2023-01-17
78.2262191772461,78.2262191772461,79.7660682934105,78.20708653774867,79.59391102275349,1876300,2023-01-18
76.17947387695312,76.17947387695312,78.20709609359025,76.15078221116522,77.97755547032216,1552100,2023-01-19
77.2889175415039,77.2889175415039,77.3176092040391,75.71081772635543,76.55247144756555,1787600,2023-01-20
77.8053970336914,77.8053970336914,78.22144807238824,76.40901337583114,77.10720885324365,1104400,2023-01-23
78.53228759765625,78.53228759765625,78.92920601209084,76.76289761903058,76.76289761903058,1542900,2023-01-24
77.4323959350586,77.4323959350586,77.94886783685271,76.55248408620872,77.94886783685271,1448800,2023-01-25
77.54715728759766,77.54715728759766,77.91059717553772,76.66724558187074,77.86278017018363,1353100,2023-01-26
77.66194152832031,77.66194152832031,78.0445141426253,76.88723727465283,77.39414288739653,1457100,2023-01-27
77.4323959350586,77.4323959350586,77.96799318271239,76.86810702013267,77.26023863446055,1334300,2023-01-30
78.64705657958984,78.64705657958984,78.64705657958984,77.48021356469513,77.96798646019536,2543400,2023-01-31
80.87552642822266,80.87552642822266,81.41113091839196,78.50358974663176,78.87659597718005,3058700,2023-02-01
80.2060317993164,80.2060317993164,81.81283071320954,80.13908214861105,81.70762307682045,2274200,2023-02-02
81.03813171386719,81.03813171386719,81.1528983812388,79.7995521517492,79.84259694897868,1580500,2023-02-03
80.02429962158203,80.02429962158203,81.15288453901296,79.89996665414851,80.31123083499953,1500100,2023-02-06
79.98605346679688,79.98605346679688,80.16777708196202,78.62792775599672,79.49828054761404,1641500,2023-02-07
79.8904037475586,79.8904037475586,80.35905127232895,79.42175622278823,79.77563709485968,1724200,2023-02-08
79.20177459716797,79.20177459716797,80.5790328044627,78.90528434858365,80.3590512253115,1745200,2023-02-09
79.59392547607422,79.59392547607422,79.79477444548522,78.79052230146493,79.21135288325863,1906000,2023-02-10
80.703369140625,80.703369140625,80.92335072894441,79.7182497473363,80.03387264915632,1758700,2023-02-13
80.65556335449219,80.65556335449219,81.17203527561291,80.04345010656365,80.70338036941334,1887400,2023-02-14
80.88509368896484,80.88509368896484,80.96160965944489,80.30167218374245,80.56947078345806,1182000,2023-02-15
80.22288513183594,80.22288513183594,80.77952375257318,79.74782904657862,80.08852509539216,1427500,2023-02-16
81.34576416015625,81.34576416015625,81.39374570491972,80.01175566931914,80.48201581161024,1800700,2023-02-17
79.7142333984375,79.7142333984375,80.91388178125565,79.52229258601565,80.52040091916908,2365600,2023-02-21
80.01175689697266,80.01175689697266,80.74113789398221,79.70464718189675,80.37644739547744,1671900,2023-02-22
80.58757781982422,80.58757781982422,80.75072823628189,79.39752872026193,80.07892809670777,1371600,2023-02-23
80.26126861572266,80.26126861572266,80.63555830603185,79.70463735966811,80.27086785246891,1889500,2023-02-24
80.61637115478516,80.61637115478516,81.11542165926949,80.34765108913416,80.38604071595182,1362400,2023-02-27
81.21141052246094,81.21141052246094,81.56650180558469,80.558801421225,80.58759181476762,2963600,2023-02-28
81.79682922363281,81.79682922363281,82.11353083450737,80.91388244189443,81.06744095074379,1914600,2023-03-01
82.2191162109375,82.2191162109375,82.51183076762706,81.27859579152695,81.71046636667427,1415400,2023-03-02
83.42835998535156,83.42835998535156,83.55312079999769,82.19032178928313,82.53582116130565,1292300,2023-03-03
83.15962982177734,83.15962982177734,83.81223885422179,83.0444609376732,83.38996026791277,1704900,2023-03-06
81.71045684814453,81.71045684814453,83.31318546334671,81.56649756584068,83.31318546334671,1952400,2023-03-07
81.90238952636719,81.90238952636719,82.19030806232402,81.09622934100409,81.78722796964247,1703600,2023-03-08
80.76033782958984,80.76033782958984,82.30548567082727,80.61637854634243,82.2095152560201,1731600,2023-03-09
78.84088897705078,78.84088897705078,80.74112781369604,78.49538967546577,80.74112781369604,1962300,2023-03-10
78.63935089111328,78.63935089111328,79.64225515325343,77.95795150775177,78.08271230006109,2497000,2023-03-13
80.06934356689453,80.06934356689453,80.55880222824317,79.16720550912915,79.80062346170664,2293000,2023-03-14
77.8907699584961,77.8907699584961,79.3015502381246,76.4511919685275,78.9944405598142,2710400,2023-03-15
78.22666931152344,78.22666931152344,78.35143010023668,76.78709133468607,77.17098025959048,1854400,2023-03-16
76.8158950805664,76.8158950805664,77.9675547334749,76.40321569589405,77.90037470908979,3538700,2023-03-17
78.48580169677734,78.48580169677734,78.59137134974196,77.19978202913317,77.43011248920448,1624900,2023-03-20
78.99444580078125,78.99444580078125,79.58947404539205,78.55777934629464,79.32075397430097,1237300,2023-03-21
77.39171600341797,77.39171600341797,79.16719414825431,77.3629256137185,78.82169482771535,1464400,2023-03-22
77.04622650146484,77.04622650146484,78.22092141216852,76.41281588113821,77.06542497842621,1890300,2023-03-23
77.25736236572266,77.25736236572266,77.40132164821009,75.36671518350182,75.97134270553437,1766800,2023-03-24
77.72762298583984,77.72762298583984,78.18829122813847,77.26696206561452,77.823593400714,1432800,2023-03-27
78.42820739746094,78.42820739746094,78.4569977847495,77.51647030824815,77.67002880321655,1217200,2023-03-28
79.49349212646484,79.49349212646484,79.71422330058142,78.83128395997167,79.20557362223171,1531400,2023-03-29
79.78142547607422,79.78142547607422,80.27088414043905,79.3620317354802,79.76223432075984,1189600,2023-03-30
81.00027465820312,81.00027465820312,81.06745468668943,80.03575250098864,80.22289738906288,2608900,2023-03-31
80.8083267211914,80.8083267211914,81.38416390652294,80.39564731014326,80.87550674987023,1382200,2023-04-03
77.38211822509766,77.38211822509766,81.29777238364849,77.01742774524085,80.71234337514626,2606800,2023-04-04
76.19207000732422,76.19207000732422,77.22856800143411,75.88496030411457,76.88306867006415,1723500,2023-04-05
75.32832336425781,75.32832336425781,75.9137523931732,74.74289433534243,75.90415315540012,1826200,2023-04-06
75.94254302978516,75.94254302978516,75.96174150539332,73.792775052274,74.81007459731468,1235800,2023-04-10
76.5567626953125,76.5567626953125,76.94065166589247,76.0481129211751,76.35522263322447,1407100,2023-04-11
77.47809600830078,77.47809600830078,78.00593691460651,76.64313808034005,76.9214573896603,1327500,2023-04-12
77.8907699584961,77.8907699584961,78.02512998512738,76.345622330164,77.41091062850656,1565200,2023-04-13
77.98674774169922,77.98674774169922,78.69693756712454,77.50688836628991,77.71322438312089,926000,2023-04-14
79.06163024902344,79.06163024902344,79.09042796288793,78.2074811228735,78.25546999057445,1312700,2023-04-17
78.97526550292969,78.97526550292969,79.88699548688504,78.73533578903893,79.46472416944748,2024100,2023-04-18
79.17678833007812,79.17678833007812,79.1863875667226,78.32743527781162,78.3802200962479,1143400,2023-04-19
79.4167251586914,79.4167251586914,79.48390517712097,78.42821603519644,78.95605694512228,1905100,2023-04-20
79.39753723144531,79.39753723144531,80.10772707256426,78.61056813126669,79.90618700908753,1042500,2023-04-21
79.70465087890625,79.70465087890625,80.10773102575108,79.16720336103963,79.25358186226266,1715400,2023-04-24
79.32076263427734,79.32076263427734,80.09333658404763,79.1768033455979,79.64706352134873,2137700,2023-04-25
78.5817642211914,78.5817642211914,80.10772075586563,78.26506261617106,78.60096269547904,2947600,2023-04-26
82.42063903808594,82.42063903808594,82.45902866460331,78.77371238380594,79.49350140634348,2353000,2023-04-27
81.864013671875,81.864013671875,83.1500333037709,81.57609511323435,82.7373539414916,1973800,2023-04-28
82.48780822753906,82.48780822753906,82.90048750584646,81.92157778538815,82.18069857778042,1347200,2023-05-01
82.78533172607422,82.78533172607422,82.88130212541576,81.31216010282556,82.41104204319173,1290800,2023-05-02
82.09434509277344,82.09434509277344,83.41875436956373,82.03196102918257,83.27479508854728,1370300,2023-05-03
81.864013671875,81.864013671875,82.71816278788302,81.65287437181493,82.57420350856269,1857800,2023-05-04
82.4974136352539,82.4974136352539,83.20760338056333,82.19030396251966,82.67976252040218,1478000,2023-05-05
82.30546569824219,82.30546569824219,82.8620968978787,81.99835605213974,82.5837849590962,1546200,2023-05-08
82.00796508789062,82.00796508789062,82.20951247085279,81.65287383292684,82.20951247085279,1293100,2023-05-09
82.00796508789062,82.00796508789062,82.57420296359406,80.70274698892713,82.54541257233463,1871500,2023-05-10
81.13462829589844,81.13462829589844,81.60488845809608,80.6931585261922,81.42253954288597,1323100,2023-05-11
81.00027465820312,81.00027465820312,81.89281350642048,80.49642078351891,81.47053485760722,1437400,2023-05-12
81.10584259033203,81.10584259033203,81.26899303859373,80.60678468473016,81.05785371869092,1390000,2023-05-15
79.59907531738281,79.59907531738281,80.6547644759698,79.4541568491818,80.6547644759698,1812900,2023-05-16
80.37644958496094,80.37644958496094,80.69315854659332,79.52230043782394,80.06933986151924,2546300,2023-05-17
81.42679595947266,81.42679595947266,81.55688816540084,79.88498827559425,80.54988847406493,2172300,2023-05-18
81.48462677001953,81.48462677001953,82.13989607785452,80.8679035805184,82.13989607785452,2092800,2023-05-19
81.02208709716797,81.02208709716797,81.72553353067393,80.56917940199331,81.25335645252004,1553300,2023-05-22
79.2490005493164,79.2490005493164,80.55953911833919,78.95027733276211,80.26081590178491,2892200,2023-05-23
78.15045166015625,78.15045166015625,79.1227576661417,77.98663619857254,78.99845141784903,1987500,2023-05-24
78.46845245361328,78.46845245361328,78.58409079057982,77.7649987695921,78.41063696108961,2541800,2023-05-25
78.81536102294922,78.81536102294922,78.9502687416755,77.96736859782413,78.42026888102278,2736400,2023-05-26
78.2757339477539,78.2757339477539,79.04663418476571,77.95773401592571,78.96954195548864,1823500,2023-05-30
76.61827850341797,76.61827850341797,78.13117839822894,76.20391701111083,77.95772457931156,6744600,2023-05-31
78.54554748535156,78.54554748535156,78.76717844922584,76.15573989940285,76.8302858612694,2415100,2023-06-01
82.48680114746094,82.48680114746094,82.82407048217324,80.11627008530002,80.11627008530002,3155200,2023-06-02
81.4557113647461,81.4557113647461,82.41934217677796,81.02208044009961,82.41934217677796,1683900,2023-06-05
82.40970611572266,82.40970611572266,82.58315996081795,81.37862141207836,81.42680589479589,1431500,2023-06-06
84.01896667480469,84.01896667480469,84.28878210602387,82.01461296872056,82.20733617618595,2151400,2023-06-07
82.95896911621094,82.95896911621094,84.31287651805629,82.86935657190855,84.03823822082438,1503700,2023-06-08
82.54460906982422,82.54460906982422,82.84333223341007,81.77370157112159,82.7566016476446,2064800,2023-06-09
83.35406494140625,83.35406494140625,83.51788041440264,82.0917109347923,82.57352633907789,1570700,2023-06-12
84.0285873413086,84.0285873413086,84.52967938208324,83.48895654532194,83.60459486671259,1724000,2023-06-13
84.32734680175781,84.32734680175781,84.84770839889332,83.64316970698354,84.50080066746965,1854200,2023-06-14
85.31986236572266,85.31986236572266,85.5029545498463,83.99005465723812,84.22132396481831,1495900,2023-06-15
85.3969497680664,85.3969497680664,86.05221889584361,84.90549608425393,85.63785742751512,3054200,2023-06-16
83.9129638671875,83.9129638671875,84.86214070328757,83.59496396889716,84.53932529814514,1541400,2023-06-20
83.83588409423828,83.83588409423828,84.47188398525408,83.1806148210341,83.57570699913542,2063700,2023-06-21
82.939697265625,82.939697265625,83.84551251130428,82.67952020139748,83.84551251130428,1542600,2023-06-22
83.22879028320312,83.22879028320312,83.41187512586797,81.71589030416047,82.168790579737,2143100,2023-06-23
83.9515151977539,83.9515151977539,84.20495056039026,83.25769986813225,83.25769986813225,1023200,2023-06-26
84.5489730834961,84.5489730834961,84.73206530705869,83.78770379048144,84.31770372609934,1052900,2023-06-27
84.32734680175781,84.32734680175781,84.70316228548,83.99007743840721,84.70316228548,962000,2023-06-28
85.3873291015625,85.3873291015625,85.41623685038118,83.54679067296135,83.88406734763224,1107000,2023-06-29
85.77278900146484,85.77278900146484,86.83278152767913,85.77278900146484,86.09078161298488,2777000,2023-06-30
85.3873291015625,85.3873291015625,85.42587521729402,84.6790598478254,85.21387525673056,689400,2023-07-03
84.35623931884766,84.35623931884766,85.18496237736322,84.18278548446254,84.72241636836314,1549900,2023-07-05
83.24805450439453,83.24805450439453,84.08641584920444,82.91078523415561,83.80696206760115,1591800,2023-07-06
83.70096588134766,83.70096588134766,84.1635045151449,82.89151224432393,82.98788119895747,2034100,2023-07-07
84.10569763183594,84.10569763183594,84.39960532894303,83.41188225821138,83.80697442727194,1585500,2023-07-10
84.25023651123047,84.25023651123047,84.88622898130492,84.10569042878473,84.55859805621911,1337900,2023-07-11
85.48368072509766,85.48368072509766,86.17749602334446,84.07678074895009,84.992226996853,2499900,2023-07-12
85.82095336914062,85.82095336914062,86.16786103184876,85.30830403839342,85.59932241080554,1250200,2023-07-13
85.49331665039062,85.49331665039062,85.72458595923142,84.7031397725924,85.53186276051721,930300,2023-07-14
85.31986236572266,85.31986236572266,85.93658542054901,84.91513923947764,85.24277014588968,1373700,2023-07-17
85.31024169921875,85.31024169921875,86.11005710410305,84.97297235737605,85.43551842041765,1859900,2023-07-18
84.87659454345703,84.87659454345703,85.2524099315048,83.78768713795347,84.3658714444136,1783000,2023-07-19
83.70096588134766,83.70096588134766,84.32732732687049,82.68915067304776,83.34441986419304,2714300,2023-07-20
84.0767822265625,84.0767822265625,84.6549592012897,83.68169009348212,84.10568997251099,1788400,2023-07-21
84.05751037597656,84.05751037597656,84.70795669645727,83.83587207702058,84.34659517888392,1300200,2023-07-24
84.38514709472656,84.38514709472656,84.61641642334583,83.00715478550774,83.35406245439636,2330300,2023-07-25
87.43022155761719,87.43022155761719,87.71930637270651,82.13025240986838,82.80479099699599,4285500,2023-07-26
86.40876007080078,86.40876007080078,88.00839050556013,85.78239866740805,88.00839050556013,3478200,2023-07-27
86.77496337890625,86.77496337890625,87.51695591904603,85.87396350997636,87.22786371529695,2465400,2023-07-28
87.65184783935547,87.65184783935547,87.92166325981675,86.8231248468422,86.90021706752223,1961900,2023-07-31
86.94840240478516,86.94840240478516,87.6229409626207,86.591856394547,86.8905795627429,1500100,2023-08-01
86.13894653320312,86.13894653320312,86.75085407805943,85.51258511619356,86.26421587583756,1594600,2023-08-02
86.36058807373047,86.36058807373047,86.85203444925966,85.66677277660811,85.97513431400483,1554600,2023-08-03
85.29096984863281,85.29096984863281,86.63041616171334,85.11751599900052,86.63041616171334,1135000,2023-08-04
86.91949462890625,86.91949462890625,86.99658685684335,85.70532512253453,85.70532512253453,1671100,2023-08-07
85.705322265625,85.705322265625,86.40876860432374,85.17532240612381,86.26422251973985,1651500,2023-08-08
84.79951477050781,84.79951477050781,85.93659946718914,84.73206090510807,85.59933014019043,1713300,2023-08-09
84.5875015258789,84.5875015258789,85.74386277506416,84.30804774112377,84.92477079992173,1628800,2023-08-10
84.23097229003906,84.23097229003906,84.67424157861427,83.84551849721552,84.14424169449195,1559200,2023-08-11
83.88406372070312,83.88406372070312,84.10569468667684,83.31551772814538,84.03824082504316,2050800,2023-08-14
82.62168884277344,82.62168884277344,83.72022718192922,82.2169657392778,83.28659633560079,2251800,2023-08-15
82.16879272460938,82.16879272460938,83.06015412981355,81.87006953779081,82.4964310102111,2331600,2023-08-16
81.1916275024414,81.1916275024414,83.24270563709676,81.17228098158141,82.59449015869777,2218000,2023-08-17
81.0078125,81.0078125,81.75277537097053,80.47569089119875,80.47569089119875,1949600,2023-08-18
80.80464172363281,80.80464172363281,81.12391472169669,80.28220439397624,80.97878996063567,1660300,2023-08-21
80.25315856933594,80.25315856933594,81.49154990225635,80.06934079553612,81.26902432595055,1955700,2023-08-22
81.12389373779297,81.12389373779297,81.28836497982162,80.01128069925495,80.51437875661912,1663100,2023-08-23
80.14673614501953,80.14673614501953,81.57862223610626,80.10804310430301,80.75625856589092,1902000,2023-08-24
81.14326477050781,81.14326477050781,81.54960817708707,80.14191060998934,80.83366873958767,2107900,2023-08-25
81.88822174072266,81.88822174072266,82.2413529578633,81.36577709245032,81.42383141871463,1158000,2023-08-28
82.72994232177734,82.72994232177734,82.96213749112573,81.53025128721607,81.81082383329809,1589000,2023-08-29
82.87505340576172,82.87505340576172,83.81351088003457,82.55578048720645,83.13627200553867,1583400,2023-08-30
82.76863098144531,82.76863098144531,83.75546584691223,82.74927708096246,82.99114916754604,1922300,2023-08-31
83.36847686767578,83.36847686767578,83.68291503859778,82.89440960019378,83.16530518161207,1188600,2023-09-01
81.6076431274414,81.6076431274414,83.45554947064484,81.43349492431936,83.2717243169742,1814500,2023-09-05
81.6463394165039,81.6463394165039,82.21716136837557,81.26901955905915,81.49154512231254,2179300,2023-09-06
80.27252197265625,80.27252197265625,81.96562684653078,80.2338215469198,81.04650834333087,2377800,2023-09-07
80.0209732055664,80.0209732055664,80.68854263473727,79.76942412798222,80.31122270903674,1922700,2023-09-08
80.29185485839844,80.29185485839844,80.84332291411864,79.83713415991242,80.44665653505334,1346000,2023-09-11
79.90487670898438,79.90487670898438,80.28220403861364,79.68235847351411,79.75008237752924,883300,2023-09-12
78.64713287353516,78.64713287353516,79.98226420743019,78.14403477228727,79.94356378569184,1579400,2023-09-13
79.02445220947266,79.02445220947266,79.64364419028071,78.29883591496159,79.24697778758366,1538800,2023-09-14
78.48265838623047,78.48265838623047,79.12119686524956,78.08598461575542,78.66647615523196,3555100,2023-09-15
78.74388122558594,78.74388122558594,79.25664890269157,78.30851439292854,78.45363174958048,1692200,2023-09-18
79.50820922851562,79.50820922851562,79.75975831795961,78.28917159035831,78.31819506580342,2322200,2023-09-19
79.0438003540039,79.0438003540039,80.0499891888334,78.91802951765676,79.73072362251362,1432000,2023-09-20
78.29883575439453,78.29883575439453,79.16957678229231,78.15371101951979,78.87932731254284,2768900,2023-09-21
78.19242095947266,78.19242095947266,78.87933691472576,78.08599663303258,78.30852223777588,1361500,2023-09-22
78.31819152832031,78.31819152832031,78.51169365813396,77.54420515312025,77.76672337571655,1074200,2023-09-25
76.71216583251953,76.71216583251953,78.0908325482303,76.63476497919743,77.85380258428985,3357400,2023-09-26
76.77021026611328,76.77021026611328,77.33135536228264,76.55736161712825,76.8185876431922,3145700,2023-09-27
77.85379028320312,77.85379028320312,78.34721141848027,76.56702898010316,76.94434885374143,1647900,2023-09-28
77.6989974975586,77.6989974975586,78.51169165938335,77.37005495727688,78.39559038445086,1763900,2023-09-29
76.91535186767578,76.91535186767578,77.9118640504795,76.58640925179428,77.45714317917613,1621100,2023-10-02
76.81859588623047,76.81859588623047,77.47648842580159,76.47997635439656,76.6831480734969,1645200,2023-10-03
77.45712280273438,77.45712280273438,77.5345236501165,76.22454789332133,76.97337857862266,1463200,2023-10-04
76.56703186035156,76.56703186035156,77.68932195436021,76.29613628768762,77.41841900034551,1197200,2023-10-05
76.95403289794922,76.95403289794922,77.47647755145817,75.8607735968025,76.45093476582157,2133500,2023-10-06
77.35070037841797,77.35070037841797,77.35070037841797,76.14133978850305,76.53801360504374,1506800,2023-10-09
77.68932342529297,77.68932342529297,78.2891615243057,77.34102700203034,77.5538756363965,1615900,2023-10-10
78.40525817871094,78.40525817871094,78.43428164871645,77.73768884318257,77.73768884318257,1576300,2023-10-11
77.82477569580078,77.82477569580078,78.7342098477119,77.46680230090249,78.71486332590584,1598400,2023-10-12
77.3990707397461,77.3990707397461,78.16338744906315,77.1330099578081,77.96988534340343,1767900,2023-10-13
77.89250946044922,77.89250946044922,78.40817811023561,77.48615863753814,78.02795727430217,1212200,2023-10-16
78.43428802490234,78.43428802490234,78.63745971280782,77.38456394671518,77.52484652359595,1172400,2023-10-17
76.28648376464844,76.28648376464844,77.88284162199092,76.24778333025402,77.83446423365962,2440300,2023-10-18
75.62857055664062,75.62857055664062,77.33135229973428,75.52602144569462,76.2284160544472,2441600,2023-10-19
75.00939178466797,75.00939178466797,75.88980997493462,74.88845570675348,75.69630782146,2008100,2023-10-20
74.40953826904297,74.40953826904297,75.56084447484378,74.23539005738432,74.7965277337503,1822200,2023-10-23
74.75782775878906,74.75782775878906,75.47377451175791,74.15798965608931,75.06742376121986,2970400,2023-10-24
73.016357421875,73.016357421875,74.39502408943655,70.93625569493761,72.65838402377602,2910800,2023-10-25
73.0647201538086,73.0647201538086,73.98383855549402,72.81317848633105,73.28724573187789,1687000,2023-10-26
73.6645736694336,73.6645736694336,74.119294444647,72.7164390746644,72.78416297429077,2331100,2023-10-27
74.05155944824219,74.05155944824219,74.47241451990068,73.31626623294717,74.20635374646989,1942500,2023-10-30
74.69977569580078,74.69977569580078,74.88360084698584,73.98383637324648,74.09026068379042,2165100,2023-10-31
74.31277465820312,74.31277465820312,75.16416909425524,73.74196009889546,74.87391964899201,2392200,2023-11-01
76.09297943115234,76.09297943115234,76.20907333842305,74.99004302396737,75.34800907985502,1974400,2023-11-02
77.21525573730469,77.21525573730469,77.96989559522444,76.97241665238643,77.05078446188146,2600600,2023-11-03
77.70867156982422,77.70867156982422,77.95054368095805,76.85728439591949,77.06045608350979,2205100,2023-11-06
77.27330780029297,77.27330780029297,77.73769813861105,76.9540348293547,77.3216777956358,1841700,2023-11-07
78.221435546875,78.221435546875,78.56005501009899,77.13785326455822,77.33134799172886,2355500,2023-11-08
78.02793884277344,78.02793884277344,78.86964900412582,77.87313715987844,78.56005301968634,1762100,2023-11-09
79.36307525634766,79.36307525634766,79.62430126773047,78.01826692026869,78.24079250843364,2053400,2023-11-10
79.12120056152344,79.12120056152344,79.47917392857664,78.56973246605544,79.17924750377773,1250800,2023-11-13
81.21097564697266,81.21097564697266,81.46251730707374,79.7500661503606,80.3015342226598,2133500,2023-11-14
80.88203430175781,80.88203430175781,81.88822319241409,80.85301082878668,81.41415591073269,1852100,2023-11-15
81.52318572998047,81.52318572998047,81.72718709723652,80.83346470406892,80.86260669774924,1426900,2023-11-16
82.12548828125,82.12548828125,82.24206367812027,81.64948504747844,82.01862935365921,1775300,2023-11-17
82.3780517578125,82.3780517578125,82.65005356327192,81.27061160044582,82.12547547638876,1667500,2023-11-20
82.4751968383789,82.4751968383789,82.84434109880789,81.9457642064299,82.19347855614616,1346200,2023-11-21
82.5140609741211,82.5140609741211,82.95120571815424,82.1837677402898,82.70834588002603,1003300,2023-11-22
82.61121368408203,82.61121368408203,82.81521508405926,81.87291760928707,81.97006007430075,788800,2023-11-24
82.76663208007812,82.76663208007812,82.9900663981811,81.81462563962546,82.02834348872544,1423100,2023-11-27
81.89234161376953,81.89234161376953,82.72778006242201,81.8340502119256,82.71806359353234,1637800,2023-11-28
81.9214859008789,81.9214859008789,82.77634989973328,81.84376897057548,82.45577312085248,1714500,2023-11-29
83.33978271484375,83.33978271484375,83.41749964159203,81.59118892047766,82.1351999962216,2903000,2023-11-30
84.2723617553711,84.2723617553711,84.47636312499618,83.09206652864867,83.34949735780609,1662500,2023-12-01
84.74835968017578,84.74835968017578,84.77750167238202,83.65549050348139,83.6700614995845,1516500,2023-12-04
83.38834381103516,83.38834381103516,84.7386512219005,83.2426338489755,84.42779095035073,1803700,2023-12-05
83.9809341430664,83.9809341430664,84.4569447908839,83.51464737607502,83.85464968773427,2032700,2023-12-06
84.1849365234375,84.1849365234375,84.69979818633996,83.76721731196106,84.34036296342033,1678700,2023-12-07
85.00094604492188,85.00094604492188,85.26323141737441,84.22379157362772,84.22379157362772,3062900,2023-12-08
85.98209381103516,85.98209381103516,85.99180286767985,85.0009380508867,85.14665542698695,1447900,2023-12-11
86.49695587158203,86.49695587158203,86.7786741570174,85.75865993083737,86.1569536000199,1616400,2023-12-12
86.85639953613281,86.85639953613281,87.28382782850085,85.94324413660651,86.51638981997259,3047400,2023-12-13
88.08040618896484,88.08040618896484,88.4301249562351,87.23525867764023,87.5849774449105,3603800,2023-12-14
87.61412048339844,87.61412048339844,87.94440631670038,87.16239731550688,87.69183000144375,5291100,2023-12-15
86.93409729003906,86.93409729003906,87.65296767861389,86.32209322446217,87.58496722688312,3078700,2023-12-18
87.25467681884766,87.25467681884766,87.8181133863712,86.91467454930539,87.32267727275611,2702800,2023-12-19
85.74894714355469,85.74894714355469,87.31296507137196,85.70037962352879,86.76896141352039,1995800,2023-12-20
85.875244140625,85.875244140625,86.66210768018259,85.5740928878667,86.40953136185142,2394000,2023-12-21
86.5649642944336,86.5649642944336,86.91468306637395,85.7878098209007,86.13752859284106,1628300,2023-12-22
87.07009887695312,87.07009887695312,87.28867864133304,86.00151716501328,86.62323770328713,1788800,2023-12-26
87.05067443847656,87.05067443847656,87.62382005592762,86.88066959994798,87.0798164310258,1421600,2023-12-27
87.10894775390625,87.10894775390625,87.4295244556686,86.86608796375161,86.9923797979873,908900,2023-12-28
86.91468048095703,86.91468048095703,87.35182522713176,86.78838862115545,87.00210646559432,1091700,2023-12-29
85.90438079833984,85.90438079833984,86.60381830625683,85.54494557580084,85.85580586693129,1660600,2024-01-02
85.14665222167969,85.14665222167969,85.84608967143596,84.97179285924062,85.63237184940006,2146300,2024-01-03
85.1758041381836,85.1758041381836,85.89466719575348,85.07866168361916,85.46723891337112,2128300,2024-01-04
85.01065063476562,85.01065063476562,85.55465424175704,84.77749987906078,84.9912176993769,1930600,2024-01-05
85.0592269897461,85.0592269897461,85.42837868556165,84.72894116874699,85.03008499512782,3187600,2024-01-08
84.41807556152344,84.41807556152344,84.70950290086166,83.95178144249125,84.5249344760622,2953900,2024-01-09
84.51522064208984,84.51522064208984,84.75322594307029,84.01007545793004,84.19464388848202,5041500,2024-01-10
83.66035461425781,83.66035461425781,84.64636490412178,83.27177741460599,84.5152185242969,3190300,2024-01-11
83.74778747558594,83.74778747558594,84.20242335534535,83.2717842579284,84.04893130960478,2387800,2024-01-12
84.1849365234375,84.1849365234375,84.33064649482955,83.19406424900782,83.35920715758144,1929100,2024-01-16
83.00948333740234,83.00948333740234,83.85463817736844,82.9803413449024,83.42720252338648,1864200,2024-01-17
84.48607635498047,84.48607635498047,84.59293526994901,83.16491832581822,83.16491832581822,2168600,2024-01-18
85.27294158935547,85.27294158935547,85.49637589208845,83.9323580074389,84.65122102282949,2025200,2024-01-19
85.42837524414062,85.42837524414062,86.07923780270927,85.35065832062664,85.50608475616085,1599700,2024-01-22
85.81694030761719,85.81694030761719,86.1763755004333,85.15636872864705,85.84608971094823,1760900,2024-01-23
85.49636840820312,85.49636840820312,86.36580325495233,85.45750994975998,86.36094872695685,2174100,2024-01-24
86.43867492675781,86.43867492675781,86.76896074175521,85.85580539900772,86.2735246077652,1747300,2024-01-25
86.09866333007812,86.09866333007812,86.83695928049264,85.96752435957535,86.55524099136744,1640100,2024-01-26
86.76895904541016,86.76895904541016,86.86610149430471,85.74894480328282,85.79751973347699,1485400,2024-01-29
87.4295425415039,87.4295425415039,87.4295425415039,86.26381827221485,86.6135370353004,2581000,2024-01-30
85.91409301757812,85.91409301757812,89.49384442281269,85.37008197638636,88.55154712744722,4270400,2024-01-31
87.02153015136719,87.02153015136719,87.02153015136719,85.06893517562501,86.59409450793281,3526400,2024-02-01
88.37183380126953,88.37183380126953,88.64869014620893,86.73981549014646,87.24496066219933,2051500,2024-02-02
88.29410552978516,88.29410552978516,88.61468223450328,87.3226663602098,87.4295252617825,1580000,2024-02-05
89.31412506103516,89.31412506103516,89.3529835195635,88.26496891524933,88.62440409801664,1546500,2024-02-06
89.14897155761719,89.14897155761719,89.80955050588793,88.86726071351738,89.2752633961718,2226200,2024-02-07
88.27468872070312,88.27468872070312,89.18783659042222,87.88611153221949,89.03241016192483,1441200,2024-02-08
88.47869110107422,88.47869110107422,88.48840015756595,87.7015367151126,88.27468974234533,2087200,2024-02-09
88.73126983642578,88.73126983642578,89.03727561426875,88.33298354269628,88.33298354269628,1942000,2024-02-12
87.51696014404297,87.51696014404297,88.34268945148533,86.81753009635833,88.21639760322107,1871800,2024-02-13
88.23583221435547,88.23583221435547,88.32325819266596,87.64325365638354,88.19697375349739,1668500,2024-02-14
89.9227294921875,89.9227294921875,89.96173395389637,88.67461647486515,89.09390513906004,2604600,2024-02-15
88.96714782714844,88.96714782714844,90.4785392548879,88.88914633513788,89.97148864044294,1967600,2024-02-16
88.75261688232422,88.75261688232422,89.08415108315775,88.24557376494037,88.54784904034189,2790000,2024-02-20
89.39618682861328,89.39618682861328,89.45468980570156,88.5478564641285,89.12316301641337,2771000,2024-02-21
90.1080093383789,90.1080093383789,90.61505252107024,89.37181212665988,90.43953614257299,1785100,2024-02-22
91.19034576416016,91.19034576416016,91.49750126650716,90.34202285572107,90.40052583165735,1671400,2024-02-23
91.48287963867188,91.48287963867188,91.58038708273314,90.66380818134792,90.78081413848498,1613400,2024-02-26
91.51213073730469,91.51213073730469,91.94117241655208,90.89782714693409,91.78515455524719,1356200,2024-02-27
92.55548095703125,92.55548095703125,92.7114988266804,91.40487520606402,91.51213563161244,1501700,2024-02-28
92.92601013183594,92.92601013183594,93.18928096064718,92.22394466921833,93.01376459499278,2401600,2024-02-29
93.29654693603516,93.29654693603516,93.4428118226886,92.29220612133794,92.81875524968565,1698900,2024-03-01
93.01376342773438,93.01376342773438,93.45255061669356,92.79924260136656,93.21853127853804,1292300,2024-03-04
92.18494415283203,92.18494415283203,93.11127602051751,91.64864205721977,92.84800518043397,1491400,2024-03-05
92.81875610351562,92.81875610351562,93.30630077061788,92.39946739223404,92.63348674942758,1086800,2024-03-06
94.52515411376953,94.52515411376953,94.69091750054402,93.03326875411801,93.24778213970468,1659500,2024-03-07
95.19795227050781,95.19795227050781,95.24670970437585,94.37888094477228,94.71040768918716,2389600,2024-03-08
93.91085052490234,93.91085052490234,95.44174046781902,93.46719053585699,94.98345473404365,1880400,2024-03-11
95.0224609375,95.0224609375,95.21260307669473,93.73534320156448,94.02787300309878,1450700,2024-03-12
95.85127258300781,95.85127258300781,95.9195285303224,94.39838429977705,95.04194675103476,2716500,2024-03-13
96.03654479980469,96.03654479980469,96.51434392171645,95.36373822946591,95.97804182134247,3307100,2024-03-14
96.04629516601562,96.04629516601562,96.35832344157016,95.2272237324378,95.2272237324378,4137700,2024-03-15
95.5977554321289,95.5977554321289,96.7142294022667,95.5294994790114,96.38757538096576,1438100,2024-03-18
96.37782287597656,96.37782287597656,96.37782287597656,95.69526334146607,95.85128120040616,1596300,2024-03-19
96.8556137084961,96.8556137084961,96.96287411751159,95.826894287004,96.23155720477334,1709600,2024-03-20
97.72344970703125,97.72344970703125,97.82582991631723,96.4938605665571,96.92387678784452,1816400,2024-03-21
96.86536407470703,96.86536407470703,97.85020631598745,96.67034919732153,97.85020631598745,1231000,2024-03-22
96.57284545898438,96.57284545898438,97.36266541380189,96.39732908687593,96.98238118079043,1658000,2024-03-25
96.17305755615234,96.17305755615234,97.09939687956238,96.17305755615234,96.57284775074157,1808600,2024-03-26
97.3724136352539,97.3724136352539,97.3919121470512,96.514337768701,96.6801011566702,1501600,2024-03-27
96.79711151123047,96.79711151123047,97.5528072063921,96.62159513970481,97.50892997334593,1587500,2024-03-28
96.11455535888672,96.11455535888672,97.08964469292812,96.10480238253076,96.63135151563407,1226800,2024-04-01
95.31497955322266,95.31497955322266,96.07067525238239,95.26622211224164,95.86102718337322,1411900,2024-04-02
95.80252838134766,95.80252838134766,96.10480369845021,95.1004628609302,95.31498370765124,1374000,2024-04-03
94.7591781616211,94.7591781616211,96.62159485007192,94.70067518440158,96.43633294242976,1879900,2024-04-04
95.33448028564453,95.33448028564453,95.45149368311874,94.54466031088182,95.0809624167955,1595500,2024-04-05
95.58799743652344,95.58799743652344,95.89027272169304,94.96394091526587,95.67575933697495,1449500,2024-04-08
96.6508560180664,96.6508560180664,96.68986048356373,94.84693482568531,95.83177712130475,1718800,2024-04-09
94.8761978149414,94.8761978149414,95.8951644118938,94.82744037114769,95.32473802834618,1238000,2024-04-10
95.52949523925781,95.52949523925781,95.60750416488447,94.51540152413291,94.96394168747536,1475000,2024-04-11
93.76458740234375,93.76458740234375,94.8976361898694,93.24778384224645,94.72017071712442,1537300,2024-04-12
93.6573257446289,93.6573257446289,95.37835768136188,93.21853111708907,95.21746706186467,1475800,2024-04-15
93.58906555175781,93.58906555175781,94.00835420919528,92.68710505770993,93.48180514362217,1192700,2024-04-16
92.59447479248047,92.59447479248047,94.21312652719543,92.1069301648204,94.21312652719543,2506100,2024-04-17
93.11126708984375,93.11126708984375,93.89134143785223,92.86749478600863,92.8967462721744,1967000,2024-04-18
92.7407455444336,92.7407455444336,93.89135123618406,92.57498214596863,93.52081997384924,2339700,2024-04-19
93.89134216308594,93.89134216308594,94.45689569779351,92.78949401940288,93.05276483626861,2007000,2024-04-22
95.04194641113281,95.04194641113281,95.28571871343311,94.04442759098696,94.22286760694688,2074800,2024-04-23
91.0440902709961,91.0440902709961,94.49590727251673,90.70280306582845,94.49590727251673,4222900,2024-04-24
90.70280456542969,90.70280456542969,91.60963792352825,90.25426437445012,91.30736261727576,2219300,2024-04-25
89.90322875976562,89.90322875976562,91.35611714522224,89.82522727116097,90.68330316053886,2314100,2024-04-26
91.0440902709961,91.0440902709961,91.48287747858171,89.8739786518662,90.15675544050573,1714800,2024-04-29
88.92813873291016,88.92813873291016,90.9660791821905,88.8598827813653,90.605293472973,1997800,2024-04-30
89.15242004394531,89.15242004394531,90.51754662910027,88.3138426033219,89.01590812936395,1937400,2024-05-01
89.48394012451172,89.48394012451172,89.79596839713862,88.77212911477262,89.57170202833785,1958100,2024-05-02
89.82523345947266,89.82523345947266,90.81982132160466,89.56195516935385,90.19576473372942,1788700,2024-05-03
90.77105712890625,90.77105712890625,90.80031605623152,89.95198570797736,90.3517758820075,1319600,2024-05-06
91.55113220214844,91.55113220214844,91.86316047519078,90.91732268021656,91.32686583304907,1705900,2024-05-07
92.16543579101562,92.16543579101562,92.3019551348813,91.30735989981093,91.33661138801756,1664900,2024-05-08
93.73532104492188,93.73532104492188,93.78407848009986,92.19468578045489,92.21418429092202,1800300,2024-05-09
94.68115997314453,94.68115997314453,94.75916889470237,93.87183415049752,94.1936153724184,2485500,2024-05-10
94.18386840820312,94.18386840820312,95.04195172142173,93.5744376184016,94.84692940508081,1746900,2024-05-13
94.65191650390625,94.65191650390625,95.37348049107825,94.25213376590828,94.7689298961534,1606900,2024-05-14
94.84693145751953,94.84693145751953,95.78302371753104,94.26187937451799,94.87619038510934,2144400,2024-05-15
94.53365325927734,94.53365325927734,95.16022204466346,94.1469457547379,94.75882991775474,2517300,2024-05-16
94.75882720947266,94.75882720947266,94.79798869110115,94.13225844199437,94.768619447202,1627100,2024-05-17
95.04273986816406,95.04273986816406,95.15532445660138,94.37700963643657,94.86651694008064,1288500,2024-05-20
96.09028625488281,96.09028625488281,96.13923250421175,94.23994922432263,94.74903353921847,1869700,2024-05-21
96.62873840332031,96.62873840332031,96.63853064075873,95.26790870163808,95.73783899792953,2101100,2024-05-22
95.09169006347656,95.09169006347656,96.92245014403007,94.60218273951682,96.92245014403007,2439700,2024-05-23
95.5224609375,95.5224609375,95.61057614172371,94.85673066393429,95.42456096447634,1345700,2024-05-24
93.25114440917969,93.25114440917969,95.70847324564139,93.1140829571975,95.5714117936592,2176200,2024-05-28
92.8008041381836,92.8008041381836,93.31478834859365,92.21339681312469,92.40919676504787,1668900,2024-05-29
94.36721801757812,94.36721801757812,94.52386394102969,92.79100389196837,92.89869609701913,2657000,2024-05-30
97.11824798583984,97.11824798583984,97.3727938801956,94.60218069386505,94.87631106355755,7140200,2024-05-31
96.75601959228516,96.75601959228516,97.15741171450661,95.38539758927509,97.00077325463377,2469100,2024-06-03
97.1280517578125,97.1280517578125,97.40217469076924,96.28609848127981,96.42315994775818,2059600,2024-06-04
98.66509246826172,98.66509246826172,98.67488470588836,97.0790935600312,97.43153195241335,1740700,2024-06-05
97.32384490966797,97.32384490966797,98.72382861626491,97.00076829924316,98.72382861626491,1508200,2024-06-06
96.58958435058594,96.58958435058594,97.93082957681426,96.48189214667566,97.0986686578347,1916200,2024-06-07
95.69868469238281,95.69868469238281,96.78049919713179,95.51266951354988,96.50147642888238,2339900,2024-06-10
94.47491455078125,94.47491455078125,95.42945234901681,93.95603797683212,95.39519071999763,2041200,2024-06-11
95.40498352050781,95.40498352050781,95.93365237695023,94.65114545644288,95.50289097003729,1617000,2024-06-12
95.39518737792969,95.39518737792969,95.54203359613743,94.20568072542531,95.11127224058004,1307600,2024-06-13
95.09169006347656,95.09169006347656,95.1798052658196,93.76121549091104,94.36722131541705,1774300,2024-06-14
95.42455291748047,95.42455291748047,96.06091389240471,94.6824566941199,95.06231483162179,1590900,2024-06-17
94.47491455078125,94.47491455078125,95.44413697135205,92.644154450335,94.80777594943197,2647300,2024-06-18
94.57281494140625,94.57281494140625,95.13085300048252,93.79939246140772,94.1224690927911,1557500,2024-06-20
93.9070816040039,93.9070816040039,94.65113481489438,93.55463573933415,94.62176557105337,2522400,2024-06-21
94.83715057373047,94.83715057373047,95.2581271664058,93.83855146120345,94.23015880985544,1355200,2024-06-24
93.65254974365234,93.65254974365234,94.93015675603964,93.2217808856803,94.76862590358952,1750900,2024-06-25
93.74065399169922,93.74065399169922,94.03436137834447,92.66373935614848,93.01618523240714,2094500,2024-06-26
93.98540496826172,93.98540496826172,94.30848159046946,93.20219027247731,93.58400538261776,1391000,2024-06-27
94.23995208740234,94.23995208740234,95.1014822885111,93.37841441700459,94.53365200016512,4754300,2024-06-28
92.95743560791016,92.95743560791016,94.70498029788908,92.79100491437563,94.58260346982743,2967400,2024-07-01
93.93644714355469,93.93644714355469,94.21057750360133,92.75184038318524,92.81058633783952,1793100,2024-07-02
94.48469543457031,94.48469543457031,95.15042562116025,94.20078032139199,94.33784175957626,1317700,2024-07-03
94.84693908691406,94.84693908691406,94.84693908691406,93.61338597349778,94.28890102057169,1640000,2024-07-05
95.35602569580078,95.35602569580078,95.93364073763811,94.95462611544157,95.2972797393526,1822600,2024-07-08
94.28889465332031,94.28889465332031,95.41476294813347,94.21057916121762,95.07210932865696,2927000,2024-07-09
94.83715057373047,94.83715057373047,94.95364907297564,93.8875051807683,94.18120509029059,1860100,2024-07-10
97.15741729736328,97.15741729736328,97.68608613472932,94.9350572020238,95.27771085514361,2191600,2024-07-11
98.10704803466797,98.10704803466797,98.7130612732584,97.59796375061185,97.9014558736479,1393900,2024-07-12
97.35322570800781,97.35322570800781,98.40077115491286,97.19657976825515,98.14622523745953,2214300,2024-07-15
97.5294418334961,97.5294418334961,98.0581106392472,96.51126570419271,97.4706958755533,2564400,2024-07-16
96.85391998291016,96.85391998291016,98.38118045240871,96.73643553552986,97.27489658274489,1881100,2024-07-17
96.63853454589844,96.63853454589844,98.1755872371408,96.12945021785868,96.12945021785868,2870900,2024-07-18
95.67910766601562,95.67910766601562,97.02035299310892,95.40497728226323,96.89308377404794,2410600,2024-07-19
97.38258361816406,97.38258361816406,97.42174509854347,95.2777007308247,96.69726891545731,1739600,2024-07-22
96.3154525756836,96.3154525756836,97.63222839295845,96.17839113076838,97.18677496233971,2340700,2024-07-23
89.51131439208984,89.51131439208984,91.63577450017678,88.31202287747878,88.31202287747878,5838200,2024-07-24
91.07772827148438,91.07772827148438,92.99659601705383,88.90431463508047,89.57983710836513,4281200,2024-07-25
91.51829528808594,91.51829528808594,92.03717187178493,89.86375809386223,91.92947965977693,2466100,2024-07-26
91.07772827148438,91.07772827148438,92.01758140384766,90.76444389402995,91.44975860484752,1466500,2024-07-29
91.85116577148438,91.85116577148438,92.40920389373224,91.0092124685434,91.52808910352772,2026300,2024-07-30
92.51688385009766,92.51688385009766,93.39309866991566,92.20849184709152,92.62457605847158,2060800,2024-07-31
92.32109069824219,92.32109069824219,92.93786728032268,91.3861298519165,92.51689065370883,2687900,2024-08-01
92.31128692626953,92.31128692626953,92.68330978289127,90.65674987292374,91.64555670385424,3107000,2024-08-02
91.45954895019531,91.45954895019531,93.0455554092462,90.59801872698264,90.89171864728077,3733300,2024-08-05
91.43016815185547,91.43016815185547,93.1287589922533,91.2539452342287,91.7924062240017,3123200,2024-08-06
90.52947998046875,90.52947998046875,93.19240085000328,90.40220330391884,92.23296326904595,2143600,2024-08-07
90.68611907958984,90.68611907958984,91.39101078178327,90.27982712709534,91.22458009356775,2477800,2024-08-08
91.43997192382812,91.43997192382812,91.56234875791534,89.98124215290945,90.58822646963696,1554300,2024-08-09
90.35326385498047,90.35326385498047,91.51339383674446,90.21620240014292,91.47913220767961,1499000,2024-08-12
90.48052978515625,90.48052978515625,91.41059815981433,89.62879184236029,90.70570643523229,1722600,2024-08-13
90.17704010009766,90.17704010009766,91.13647027526457,90.03018640859158,90.41200152493398,1830200,2024-08-14
91.25395965576172,91.25395965576172,91.55745182380329,90.20641422134243,91.05815970269416,2539600,2024-08-15
90.56576538085938,90.56576538085938,91.67669745948292,90.36913525587799,90.87053269874009,1675000,2024-08-16
91.0966567993164,91.0966567993164,91.1064826802049,90.33964393324564,90.64441125558267,2293900,2024-08-19
91.18514251708984,91.18514251708984,91.49974324784965,90.35439797006096,91.09666457750416,1521800,2024-08-20
92.37472534179688,92.37472534179688,92.40421798787115,91.31786552054606,91.5685605128504,1360900,2024-08-21
92.13877868652344,92.13877868652344,92.67949471127459,91.83794168891328,92.51236471275185,974700,2024-08-22
92.61067199707031,92.61067199707031,93.18088814434915,92.15843393219589,92.5811793516374,1063300,2024-08-23
92.06995391845703,92.06995391845703,93.12190075230738,91.72586056171582,92.93510400121674,1085700,2024-08-26
91.55872344970703,91.55872344970703,92.15843223135076,91.44075287015262,91.8438315180846,1301400,2024-08-27
91.83399963378906,91.83399963378906,92.27640427954375,91.35226146319057,91.64720289414181,978500,2024-08-28
92.24691772460938,92.24691772460938,93.18088648314054,91.67670158749621,92.41404771286481,1194900,2024-08-29
93.0924072265625,93.0924072265625,93.09732016708638,91.79467836436764,92.4632058085694,1765400,2024-08-30
93.42667388916016,93.42667388916016,93.66262256263711,91.73569214445034,92.39439375477784,2363200,2024-09-03
92.6696548461914,92.6696548461914,94.06569491850334,92.14859816431948,93.34800812038692,1443200,2024-09-04
90.87053680419922,90.87053680419922,92.76797446712835,90.31998743072263,92.57135183393605,1153000,2024-09-05
89.88740539550781,89.88740539550781,91.7307706427355,89.63671042212691,90.72306280744988,1861600,2024-09-06
90.13319396972656,90.13319396972656,90.97868482453543,89.81859324472835,90.555939397131,2121000,2024-09-09
90.59526062011719,90.59526062011719,90.93935397285293,90.13810212952556,90.52644194957004,1326300,2024-09-10
90.92951965332031,90.92951965332031,91.24412035838718,88.81579265021205,90.55593366001354,1486900,2024-09-11
91.1556396484375,91.1556396484375,91.23429169747574,89.80383849586573,90.9491836452163,1763200,2024-09-12
92.59101104736328,92.59101104736328,92.84662647091442,91.1654782058014,91.49973818218372,1306700,2024-09-13
93.21038055419922,93.21038055419922,93.86908213678475,92.6794904357303,93.08257659075537,1829000,2024-09-16
94.46878814697266,94.46878814697266,94.68016461705595,93.24971124032749,93.24971124032749,1901200,2024-09-17
92.40421295166016,92.40421295166016,94.87186671458004,92.25674222865325,94.87186671458004,2484900,2024-09-18
94.75389099121094,94.75389099121094,94.83254304552591,92.78272169673053,93.57414017917723,2244800,2024-09-19
93.90839385986328,93.90839385986328,94.5474286321303,93.44140950728546,94.14435000698086,7946600,2024-09-20
94.62609100341797,94.62609100341797,95.26512584539384,93.67245543163948,93.95756351500326,2607700,2024-09-23
97.26087188720703,97.26087188720703,98.07687008297509,96.07128768043962,96.07128768043962,3969500,2024-09-24
97.86058044433594,97.86058044433594,98.2390868957855,96.90203196400387,97.42800164267929,1982600,2024-09-25
101.63578796386719,101.63578796386719,102.22075042771195,99.56138691593883,99.78750969633488,3515300,2024-09-26
102.66807556152344,102.66807556152344,103.45949404201099,101.8864904629691,102.24533014646786,3657100,2024-09-27
102.18634796142578,102.18634796142578,102.923694114696,101.48832783641072,102.67791206360593,3276300,2024-09-30
102.01920318603516,102.01920318603516,102.33380388895348,100.2839826292192,102.33380388895348,2712100,2024-10-01
103.04165649414062,103.04165649414062,103.32676455078426,101.02132789502107,101.74392766774304,2778400,2024-10-02
102.54026794433594,102.54026794433594,103.61187401600773,102.15684857000636,102.86469452984159,2843600,2024-10-03
102.79588317871094,102.79588317871094,103.38576610491263,101.77342894081377,103.36609934034698,1506000,2024-10-04
102.2649917602539,102.2649917602539,103.19896804788627,101.76360178022617,102.33381043402278,1451800,2024-10-07
99.44341278076172,99.44341278076172,102.1470151635766,98.74539270200657,100.94759763363841,2269100,2024-10-08
101.16389465332031,101.16389465332031,101.30153200313475,99.17305852116237,99.41392763367415,1591800,2024-10-09
101.24254608154297,101.24254608154297,101.48832813335217,99.96742417634228,100.7608078595124,1817900,2024-10-10
102.27482604980469,102.27482604980469,103.58730130447384,101.5178206316308,101.5178206316308,2408400,2024-10-11
103.54306030273438,103.54306030273438,104.31284685251522,101.60629657521085,102.04870875954202,2794600,2024-10-14
102.71723937988281,102.71723937988281,104.21159096895279,102.6680799687792,104.00513494352903,2350400,2024-10-15
103.35626220703125,103.35626220703125,103.70036306838504,102.24533007092587,102.4026341790502,2132700,2024-10-16
103.4349136352539,103.4349136352539,104.53601988344374,103.16947233024106,103.78884037571947,1657100,2024-10-17
104.22142028808594,104.22142028808594,104.34922425103049,103.4742407723443,104.0641161792255,1135200,2024-10-18
103.73968505859375,103.73968505859375,104.45737194969718,103.20880242762985,103.76918520535659,1091000,2024-10-21
101.22288513183594,101.22288513183594,103.43492372519076,101.16881277730478,103.43492372519076,2339900,2024-10-22
101.12455749511719,101.12455749511719,101.6062881664493,100.52484875092587,101.04590544654438,1722000,2024-10-23
100.76079559326172,100.76079559326172,101.52272136125079,100.10210157476156,100.80012161684454,1430500,2024-10-24
99.55155944824219,99.55155944824219,101.27203372593421,99.4188350466319,101.25236696238393,1505400,2024-10-25
99.73834991455078,99.73834991455078,100.78047087592205,99.39425655494962,100.30856605370282,1492600,2024-10-28
99.65969848632812,99.65969848632812,100.27415355061049,98.93217828973383,99.1583010536855,2162900,2024-10-29
96.62184143066406,96.62184143066406,98.02771510230274,94.5277809969672,95.52074261137098,3765300,2024-10-30
96.54318237304688,96.54318237304688,98.00804873286151,95.63870626543385,95.658373029023,2425500,2024-10-31
97.76227569580078,97.76227569580078,98.54877379632669,96.77914744463841,96.8381327394927,3060600,2024-11-01
97.76227569580078,97.76227569580078,98.62447809197322,97.46733422018275,98.06704305344566,1613600,2024-11-04
98.4701156616211,98.4701156616211,99.22712101035884,97.60495811943822,97.75242883691688,1622400,2024-11-05
98.86336517333984,98.86336517333984,100.88861427938117,97.044579581081,100.88861427938117,2935000,2024-11-06
99.23695373535156,99.23695373535156,100.29872639269631,99.09931640012776,99.39425033246211,1662200,2024-11-07
98.3423080444336,98.3423080444336,99.99494623128474,98.24399672916819,98.70606816165542,2689000,2024-11-08
99.80716705322266,99.80716705322266,100.09227511841881,98.76505360853314,98.76505360853314,1612600,2024-11-11
98.04737854003906,98.04737854003906,100.00380155493225,97.91956707379906,99.78751215114723,2451400,2024-11-12
98.69624328613281,98.69624328613281,99.118988728814,97.66395563519617,97.87041916592207,2324300,2024-11-13
98.03754425048828,98.03754425048828,99.08949111315599,98.0178774863228,98.55860099078076,1980700,2024-11-14
97.81053161621094,97.81053161621094,98.91596113933461,97.3861263781487,98.06715066321016,1855200,2024-11-15
99.45880126953125,99.45880126953125,99.70554832863313,97.40587146069684,97.40587146069684,1851400,2024-11-18
98.97518157958984,98.97518157958984,99.86347252025709,98.47181545819126,98.89622071150323,1755100,2024-11-19
98.39285278320312,98.39285278320312,99.41932138055343,97.44040528633299,99.16270234868531,1881900,2024-11-20
98.64946746826172,98.64946746826172,99.23179442127785,97.8598814272131,98.58037859554344,2564100,2024-11-21
99.88320922851562,99.88320922851562,100.48527267150594,98.61000099543551,98.63960943851326,1820000,2024-11-22
101.12681579589844,101.12681579589844,101.50680838285432,100.37177038254477,100.4161830468308,2311800,2024-11-25
100.6431884765625,100.6431884765625,101.09720214728341,100.12008593269105,100.87019154686175,1179800,2024-11-26
101.18602752685547,101.18602752685547,101.66471740899071,100.38656948994287,100.75175783686615,1373400,2024-11-27
101.64005279541016,101.64005279541016,101.86705587491836,100.64319255940755,100.9590284966401,1060600,2024-11-29
100.47541046142578,100.47541046142578,101.88680401069169,99.99178077991212,101.6696653830934,1444500,2024-12-02
99.74502563476562,99.74502563476562,100.79123825304293,99.26238996855815,100.64318851619853,1352200,2024-12-03
99.8141098022461,99.8141098022461,100.12994571190039,99.02452379317138,99.70554050235349,1210100,2024-12-04
97.83027648925781,97.83027648925781,99.27127840764152,97.7118351903042,98.45207636598832,1989300,2024-12-05
98.50143432617188,98.50143432617188,99.13310622918326,98.01780464252015,98.53104277004381,1475700,2024-12-06
99.55751037597656,99.55751037597656,100.29775158494701,98.97518337592253,99.2021939932609,1864500,2024-12-09
98.7580337524414,98.7580337524414,99.48841041898183,97.55390698178398,98.72842531219936,1915000,2024-12-10
97.70195770263672,97.70195770263672,99.51801986713723,97.52429952926299,98.85673959462702,1587200,2024-12-11
96.99132537841797,96.99132537841797,97.2084639833817,95.98460074554878,96.83341118488578,1780100,2024-12-12
96.517578125,96.517578125,97.24794729321798,96.06849668145064,96.80380561000545,1471400,2024-12-13
94.93840026855469,94.93840026855469,96.81367188175714,94.79528275831309,96.74458300685099,2225800,2024-12-16
95.0864486694336,95.0864486694336,95.91552275240578,94.25935500883561,94.7015238370218,1851200,2024-12-17
92.62884521484375,92.62884521484375,95.6588988234211,92.58936478145988,94.88904919774231,2215200,2024-12-18
91.6615982055664,91.6615982055664,93.79348883355082,91.5589475758199,92.66832287125746,2299500,2024-12-19
92.34261322021484,92.34261322021484,92.83610731827947,91.47406631846513,91.7602937989573,4294200,2024-12-20
92.29327392578125,92.29327392578125,92.39197124535539,91.63298004758656,91.94782954221034,1220100,2024-12-23
92.77689361572266,92.77689361572266,92.87559093269358,91.67146408732948,92.12547776949384,442900,2024-12-24
92.92494201660156,92.92494201660156,93.12233664769771,92.224181287051,92.31300661200751,605100,2024-12-26
92.30313110351562,92.30313110351562,93.14207707900619,91.96755873741716,92.44131637616334,789700,2024-12-27
91.3655014038086,91.3655014038086,92.03665371062449,90.75356598196616,91.69120933140807,1957400,2024-12-30
91.40497589111328,91.40497589111328,91.94782240179931,90.93121825177617,91.59250605482704,865100,2024-12-31
91.03978729248047,91.03978729248047,92.45118068608895,90.88187309990305,92.17482520148683,1278400,2025-01-02
91.68133544921875,91.68133544921875,92.05638826318481,90.9805747143723,91.0694000400001,1284700,2025-01-03
91.08914947509766,91.08914947509766,92.19457906209387,90.95097171798851,91.66160448604872,2037700,2025-01-06
90.92135620117188,90.92135620117188,92.00704172119342,90.6548651688193,90.87200377884808,2160300,2025-01-07
90.59565734863281,90.59565734863281,90.71409865598442,89.19413576385969,90.30942983679213,2814100,2025-01-08
89.58891296386719,89.58891296386719,90.36370229252148,89.3421659211297,89.48035119277507,2227600,2025-01-10
89.97384643554688,89.97384643554688,90.00345487623667,88.9473778209413,89.30269416946331,2870700,2025-01-13
90.58577728271484,90.58577728271484,90.75850323260781,89.68762192158997,90.42786308377836,1856600,2025-01-14
91.04966735839844,91.04966735839844,92.18963759855386,90.87200916966495,91.49380906517075,1773000,2025-01-15
91.98729705810547,91.98729705810547,92.18469921581442,90.86213111459277,91.51354693984874,1425100,2025-01-16
93.53687286376953,93.53687286376953,93.75401148294966,92.44132283720899,92.76702323585646,1869800,2025-01-17
94.25738525390625,94.25738525390625,94.49426034401556,93.38883823675654,93.54675245345497,2041000,2025-01-21
94.14881134033203,94.14881134033203,94.84957211487375,93.04239531079264,93.95141669656249,1927900,2025-01-22
94.9482650756836,94.9482650756836,95.52072005849395,94.04023770785362,94.25737632410049,2471500,2025-01-23
95.41214752197266,95.41214752197266,95.6786385529395,94.80021965702521,94.94826186298192,1557500,2025-01-24
96.46822357177734,96.46822357177734,96.67549018804036,94.75086622979653,95.57006823463766,2136900,2025-01-27
94.62255859375,94.62255859375,96.33991590156964,94.21788982948442,95.94511912744088,3229300,2025-01-28
93.41844177246094,93.41844177246094,95.61942140973,90.73383245855825,92.8459867655005,3861000,2025-01-29
94.11919403076172,94.11919403076172,95.73785405358785,93.40856133193614,95.66876518176439,2499600,2025-01-30
94.17842102050781,94.17842102050781,94.63243473123762,93.45792378417774,93.60596600388729,1789100,2025-01-31
93.31974792480469,93.31974792480469,93.83297853386283,91.66653948992234,92.76702934952297,2002100,2025-02-03
93.20130157470703,93.20130157470703,93.79349302393081,92.67819900239064,93.69479570408065,1575100,2025-02-04
93.31974792480469,93.31974792480469,93.64051611420062,92.25478518660812,92.85586221327958,1421000,2025-02-05
94.80021667480469,94.80021667480469,94.81008113480989,93.6454347938127,93.75400409484718,1756300,2025-02-06
93.5960922241211,93.5960922241211,95.13579139679084,93.29999275393584,95.1160549461689,2284300,2025-02-07
94.8100814819336,94.8100814819336,94.84462968244475,93.96127105080477,94.425156696901,1870300,2025-02-10
95.42202758789062,95.42202758789062,95.7082550938341,94.38568687775475,94.58308905260697,1710400,2025-02-11
95.48123931884766,95.48123931884766,95.57007217526451,94.25737602135032,94.61269238677255,2178400,2025-02-12
96.74458312988281,96.74458312988281,96.94691752455198,95.50098337999027,95.99447749569696,2142500,2025-02-13
95.86265563964844,95.86265563964844,97.16078029331153,95.7041106228349,97.08150400480326,2267800,2025-02-14
96.72476959228516,96.72476959228516,96.77431916333262,95.8032035163052,96.05093625113633,1647000,2025-02-18
97.40850830078125,97.40850830078125,97.44813888291046,96.1004798446416,96.32838971279631,1767900,2025-02-19
98.13188934326172,98.13188934326172,98.2854824286479,96.96259053684051,97.29951098625156,1757200,2025-02-20
97.4778823852539,97.4778823852539,98.84536440421039,97.04682227172584,97.90398300539448,2744900,2025-02-21
97.78506469726562,97.78506469726562,98.78590705569935,97.27968780495907,97.47787852753176,2247400,2025-02-24
99.14264678955078,99.14264678955078,100.18311977420582,97.85443350165025,98.22108068302585,4859700,2025-02-25
97.8346176147461,97.8346176147461,99.34082935680875,96.784225649686,99.34082935680875,2457300,2025-02-26
97.2004165649414,97.2004165649414,98.63727102746847,97.11123640530357,97.53733703071457,1920300,2025-02-27
98.87509155273438,98.87509155273438,99.17237386954683,97.54724767409971,97.69588127230256,3727300,2025-02-28
99.81647491455078,99.81647491455078,101.07495385666903,99.23182174034883,99.2912751762937,2919100,2025-03-03
98.70662689208984,98.70662689208984,101.0254015536475,98.55798574604577,99.10300076147311,3177100,2025-03-04
100.44075775146484,100.44075775146484,100.71821719693362,99.0435415379505,99.0435415379505,2748800,2025-03-05
101.63978576660156,101.63978576660156,101.74383684133353,99.19218514592828,100.08402450004853,2251400,2025-03-06
103.06672668457031,103.06672668457031,103.5820074343738,100.70830626608507,101.09476871848842,3914600,2025-03-07
102.9775390625,102.9775390625,105.85917088620756,102.77935590321522,103.32436337134983,2896300,2025-03-10
100.232666015625,100.232666015625,102.91808795372651,99.86601884643507,102.63071707412409,2491800,2025-03-11
99.00391387939453,99.00391387939453,100.54976372707755,98.55799042011459,99.97502196722506,2619700,2025-03-12
98.70662689208984,98.70662689208984,99.82637607991006,98.43907131716996,98.75617646083877,2075300,2025-03-13
99.70747375488281,99.70747375488281,100.01961185957641,98.76608482717332,99.49937916501939,1613000,2025-03-14
100.47048950195312,100.47048950195312,100.7578603877845,98.80572518554585,99.22191437459686,1757600,2025-03-17
100.7479476928711,100.7479476928711,100.97586513745513,99.59351223094987,100.34166993539931,2183400,2025-03-18
101.83796691894531,101.83796691894531,101.87760506281282,100.4110315407296,100.74794442329905,1833100,2025-03-19
100.97586059570312,100.97586059570312,101.60510383638842,100.17320142279497,100.9362224523321,1812300,2025-03-20
100.2921142578125,100.2921142578125,101.39204814820515,99.37054822965116,100.56957369679395,7259800,2025-03-21
100.46057891845703,100.46057891845703,101.24837478458937,100.17320803021431,100.64885822183756,2161400,2025-03-24
100.48040008544922,100.48040008544922,100.74794811610795,99.74711329752976,100.67858325184804,1392100,2025-03-25
101.75870513916016,101.75870513916016,101.97671116521472,100.2822125300464,100.44076511634188,1779000,2025-03-26
102.07579803466797,102.07579803466797,102.28092146460227,100.98577551496805,102.00643317141987,1543700,2025-03-27
101.1839599609375,101.1839599609375,102.39289693018678,101.05514165904492,102.35325878494217,1327600,2025-03-28
102.26406860351562,102.26406860351562,102.58116619762718,100.0443854447347,100.7380416294933,2477700,2025-03-31
103.11627197265625,103.11627197265625,103.14599869144732,101.58033354022655,102.41271190718925,1970500,2025-04-01
102.99736785888672,102.99736785888672,103.09150751105115,101.74879271476479,102.22444290878379,1922600,2025-04-02
103.35409545898438,103.35409545898438,104.98912538893906,102.28388827704103,102.70007743884031,4133800,2025-04-03
94.10871887207031,94.10871887207031,101.96680205394703,93.91052813470053,101.5307899919371,5319500,2025-04-04
91.12600708007812,91.12600708007812,95.10955363772564,90.52153861018735,92.4934890367704,4484200,2025-04-07
90.05580139160156,90.05580139160156,93.41505668405645,88.886502576279,92.44394859348533,3422700,2025-04-08
93.42497253417969,93.42497253417969,94.92128044604256,89.44638521386437,89.67925460134714,4818800,2025-04-09
93.46460723876953,93.46460723876953,94.34653518263487,90.56613117548189,92.95923033558947,3937600,2025-04-10
96.20948028564453,96.20948028564453,97.11123106010005,92.57573674976913,93.31596378687395,2941400,2025-04-11
97.62651824951172,97.62651824951172,98.28053633476507,96.12030646439426,96.55631852122983,1736900,2025-04-14
97.89407348632812,97.89407348632812,98.81563961016117,97.58192780496748,97.97334978003931,1566800,2025-04-15
95.90229034423828,95.90229034423828,98.48862057248499,95.53565075339282,98.02288184445702,2005000,2025-04-16
97.62651824951172,97.62651824951172,98.33998977516865,96.16985603819958,96.3779506398156,1964400,2025-04-17
96.16985321044922,96.16985321044922,97.47788178229153,95.24828711027374,97.06168503109372,2114100,2025-04-21
98.0526123046875,98.0526123046875,98.39944417766111,96.52658532849682,97.01213936637568,2921600,2025-04-22
91.46292877197266,91.46292877197266,96.4968522006418,89.75356685257385,95.06991678820002,5327100,2025-04-23
91.89893341064453,91.89893341064453,92.62231632452958,91.27464963908575,91.78002653617796,5064300,2025-04-24
92.08721160888672,92.08721160888672,92.85022509834475,90.90304945018173,92.4637626405383,4901100,2025-04-25
92.8006820678711,92.8006820678711,93.06823008948724,91.66110999908513,92.08721059662413,4346200,2025-04-28
94.03934478759766,94.03934478759766,94.41589581139051,92.28539284474037,92.3151271225844,2802300,2025-04-29
95.39691925048828,95.39691925048828,95.69420155963337,93.39029012447008,94.48526459074135,3275600,2025-04-30
95.51583099365234,95.51583099365234,95.93202016656079,94.80235951997902,94.92127395232556,2219300,2025-05-01
96.4374008178711,96.4374008178711,96.73468313023932,95.80320560767524,96.23921764976112,2397400,2025-05-02
96.5265884399414,96.5265884399414,96.952681494935,95.45638118872097,96.5265884399414,1411000,2025-05-05
95.3176498413086,95.3176498413086,96.24911978693582,95.12937054284421,95.98157175877344,4212700,2025-05-06
96.4374008178711,96.4374008178711,96.71486027730637,95.44151792378305,95.69420259715378,3436500,2025-05-07
96.4374008178711,96.4374008178711,97.34905548750223,96.0113002022517,97.16078374585871,5228900,2025-05-08
96.12030029296875,96.12030029296875,96.96259007215518,96.0608468563824,96.6355810505242,2082300,2025-05-09
97.1112289428711,97.1112289428711,97.69587454944612,96.54144669509355,97.69587454944612,3758900,2025-05-12
96.11038970947266,96.11038970947266,97.00222906710248,95.93202183794669,96.97250234854866,3216600,2025-05-13
95.16901397705078,95.16901397705078,96.44731587198945,94.97082324128304,96.00139238666468,4297700,2025-05-14
96.97250366210938,96.97250366210938,97.09141809813849,95.41179043526856,95.60502166868888,5922700,2025-05-15
98.41554260253906,98.41554260253906,98.4354508980266,96.95757505886314,97.38053142809795,3716200,2025-05-16
98.06722259521484,98.06722259521484,98.455350833507,97.4701028126723,97.97765045179897,3165200,2025-05-19
97.73880767822266,97.73880767822266,98.48520933224992,97.53977027426482,98.10703522761393,2410300,2025-05-20
97.16158294677734,97.16158294677734,98.03736569614091,96.53460832712919,97.14168224465082,2165200,2025-05-21
96.7137451171875,96.7137451171875,97.47507415354193,96.27088046471472,96.75355411427144,2368400,2025-05-22
96.31566619873047,96.31566619873047,96.68389374039099,95.80811095866653,96.2957654958686,2286800,2025-05-23
96.62417602539062,96.62417602539062,96.68389331929636,95.85787368750937,96.67393917151372,2192500,2025-05-27
94.70344543457031,94.70344543457031,96.70379639901356,94.63377399116945,96.57442284581965,1988500,2025-05-28
94.70344543457031,94.70344543457031,95.24084794340057,94.01177261329251,95.24084794340057,2121600,2025-05-29
94.89252471923828,94.89252471923828,95.52945349610653,94.22574109232775,94.7034414713739,3846100,2025-05-30
93.75799560546875,93.75799560546875,94.94228861848347,92.8424114305483,94.30535983655707,2208300,2025-06-02
94.43473815917969,94.43473815917969,94.55416515912435,93.2603992344902,93.55896293795665,2359700,2025-06-03
94.81291198730469,94.81291198730469,95.56926779911973,94.50937500704137,94.87262928349428,1496400,2025-06-04
94.82286071777344,94.82286071777344,95.30056109604494,94.20584023712725,95.11147025569727,1707400,2025-06-05
95.59912109375,95.59912109375,95.82802094103609,95.07166514154018,95.07166514154018,1669500,2025-06-06
94.8626708984375,94.8626708984375,95.97730006644542,94.29540596310981,95.78820922373953,1646700,2025-06-09
94.8626708984375,94.8626708984375,95.35031783759534,94.59396965235177,95.29060813686296,1852300,2025-06-10
94.94229125976562,94.94229125976562,95.38017506402815,94.32526316326316,95.38017506402815,1781200,2025-06-11
96.48484802246094,96.48484802246094,96.48484802246094,94.44468811529708,94.83281635690157,2406000,2025-06-12
95.36027526855469,95.36027526855469,96.52466002966585,95.13137541988287,95.75835767031987,1873600,2025-06-13
95.98725128173828,95.98725128173828,97.10188050386358,95.58917646714175,96.1166324299935,2252800,2025-06-16
94.89252471923828,94.89252471923828,95.75835333441384,94.78305187388999,95.28065295536769,1925500,2025-06-17
95.21099090576172,95.21099090576172,96.12657509070218,94.54520192175964,95.08161735553863,1918100,2025-06-18
93.6385726928711,93.6385726928711,96.12160495079297,93.48929843496803,95.5692674181807,4536400,2025-06-20
95.5195083618164,95.5195083618164,95.59911876551642,93.41963115932874,94.05655994566916,2378500,2025-06-23
96.9426498413086,96.9426498413086,97.04216854264253,95.16621027169761,95.69864709265896,2929900,2025-06-24
96.1663818359375,96.1663818359375,96.96254659979954,96.03700828874562,96.90283689998635,2146500,2025-06-25
97.05211639404297,97.05211639404297,97.58952649977205,96.32562303109111,96.5346145845207,2585300,2025-06-26
97.13172912597656,97.13172912597656,97.70894820002718,96.4350906523223,97.27105682070741,2998800,2025-06-27
98.54491424560547,98.54491424560547,98.8036689324074,96.45997210462778,96.71374592125918,2350400,2025-06-30
99.94815826416016,99.94815826416016,100.50546907212384,97.99756284349694,98.65439235391267,1853400,2025-07-01
99.32118225097656,99.32118225097656,100.00786660348608,98.72405485882541,99.7491194991968,1709200,2025-07-02
99.0325698852539,99.0325698852539,99.5301709693624,98.64444164707248,99.22165313411794,1052300,2025-07-03
99.30126953125,99.30126953125,99.42069652291785,98.20157540503597,99.35103267597573,1914900,2025-07-07
99.20175170898438,99.20175170898438,100.21188129494352,98.88328732118626,99.52021609678248,1809400,2025-07-08
98.8633804321289,98.8633804321289,99.67945350480778,97.97765110369309,99.67945350480778,1706800,2025-07-09
99.48040771484375,99.48040771484375,100.296473188176,98.49017882514836,98.86337963782084,1590300,2025-07-10
99.01266479492188,99.01266479492188,99.12711851478042,98.49516299152533,98.73400939364757,1187200,2025-07-11
99.56002807617188,99.56002807617188,99.69935577545702,98.29611704192632,98.56482588539781,1897000,2025-07-14
98.90319061279297,98.90319061279297,100.93340398545165,98.87333576202873,100.75426728807618,2334000,2025-07-15
99.85858154296875,99.85858154296875,99.92825298356321,98.15181347536347,98.8434786759903,1899900,2025-07-16
100.5850830078125,100.5850830078125,100.87369254821752,99.59983498559534,99.92825352393105,1425500,2025-07-17
98.96290588378906,98.96290588378906,100.4855639839544,98.27621395909098,100.4855639839544,2211300,2025-07-18
98.02741241455078,98.02741241455078,99.29131581246921,97.92291284729147,99.1320874156811,2498600,2025-07-21
100.50546264648438,100.50546264648438,100.65971776434155,97.86817543976883,97.92789273165438,2773200,2025-07-22
88.06543731689453,88.06543731689453,91.43917204353562,85.58738605590814,88.57299254623052,12607900,2025-07-23
88.77203369140625,88.77203369140625,89.508488790268,87.5777940819503,88.24457773735004,6741700,2025-07-24
89.35920715332031,89.35920715332031,89.99613595891634,88.69242349633545,89.7572895550154,4084500,2025-07-25
87.478271484375,87.478271484375,89.28953911397156,87.45836318918947,89.03078442608921,4694700,2025-07-28
86.88115692138672,86.88115692138672,87.81664184593204,86.64230292156246,87.71712314240045,3457000,2025-07-29
86.01532745361328,86.01532745361328,87.1000942197345,85.63217247616014,86.58259241052232,3237200,2025-07-30
85.27887725830078,85.27887725830078,86.17953401661215,85.04002326822356,85.53762435836599,4071500,2025-07-31
84.52252197265625,84.52252197265625,85.58738800811538,83.84578418236885,85.58738800811538,3897500,2025-08-01
85.0002212524414,85.0002212524414,85.010167807364,84.18414818138804,84.69170341567074,3632600,2025-08-04
85.86604309082031,85.86604309082031,86.08498878581563,84.73151321019924,85.26892329988134,5447400,2025-08-05
86.552734375,86.552734375,86.69206207207745,85.29877750851294,86.06508743522893,3897100,2025-08-06
86.9110107421875,86.9110107421875,87.91615950656042,86.51292833999304,87.03043014789264,5760200,2025-08-07
87.05033874511719,87.05033874511719,87.4583677040048,86.62240149001634,86.82143889540683,3025000,2025-08-08
85.61724090576172,85.61724090576172,87.29913499166544,85.45801250786234,87.05033445080583,4171300,2025-08-11
87.7270736694336,87.7270736694336,87.85644721940538,85.67695201591316,86.0849885541774,4200200,2025-08-12
88.80189514160156,88.80189514160156,88.82179584466064,87.41358382853764,87.67731180261399,2417800,2025-08-13
87.12000274658203,87.12000274658203,88.32419651468973,86.87120219301953,88.14505981241311,2524000,2025-08-14
87.43000030517578,87.43000030517578,87.86000061035156,87.04000091552734,87.41999816894531,3697300,2025-08-15
87.61000061035156,87.61000061035156,88.29000091552734,87.59500122070312,87.79000091552734,1749400,2025-08-18
88.58999633789062,88.58999633789062,88.9800033569336,87.7300033569336,88.0999984741211,5778400,2025-08-19
89.12000274658203,89.12000274658203,90.16999816894531,88.52999877929688,89.36000061035156,6282400,2025-08-20
87.56999969482422,87.56999969482422,89.19000244140625,87.5199966430664,89.11000061035156,4050900,2025-08-21
88.58000183105469,88.58000183105469,89.12000274658203,88.0,88.0,5451400,2025-08-22
86.86000061035156,86.86000061035156,88.69000244140625,86.58000183105469,88.58000183105469,3300200,2025-08-25
87.62999725341797,87.62999725341797,87.72000122070312,86.69000244140625,87.06999969482422,4398100,2025-08-26
87.72000122070312,87.72000122070312,87.8479995727539,87.26499938964844,87.3499984741211,3144900,2025-08-27
86.25,86.25,88.02999877929688,86.18000030517578,87.91999816894531,3786500,2025-08-28
86.37999725341797,86.37999725341797,86.94000244140625,86.20500183105469,86.3499984741211,2154700,2025-08-29
85.7699966430664,85.7699966430664,86.20999908447266,85.17500305175781,86.0,2126100,2025-09-02
85.66999816894531,85.66999816894531,85.97000122070312,85.24500274658203,85.47000122070312,2058300,2025-09-03
86.5,86.5,86.51000213623047,85.16999816894531,85.5,1740000,2025-09-04
87.0,87.0,87.74800109863281,86.55999755859375,87.19000244140625,3034900,2025-09-05
87.37000274658203,87.37000274658203,87.38500213623047,86.33999633789062,86.91000366210938,2529300,2025-09-08
88.01000213623047,88.01000213623047,88.13999938964844,86.8949966430664,87.08000183105469,3176600,2025-09-09
87.62999725341797,87.62999725341797,88.28500366210938,87.36000061035156,87.66000366210938,2483900,2025-09-10
89.37999725341797,89.37999725341797,89.37999725341797,87.79499816894531,87.94999694824219,3628100,2025-09-11
89.05999755859375,89.05999755859375,89.73999786376953,88.4000015258789,89.0999984741211,3610800,2025-09-12
89.62999725341797,89.62999725341797,89.87999725341797,88.94000244140625,89.41999816894531,3109900,2025-09-15
89.20999908447266,89.20999908447266,90.08999633789062,89.04000091552734,89.55000305175781,2736400,2025-09-16
89.63999938964844,89.63999938964844,91.36000061035156,89.0,89.68000030517578,3800500,2025-09-17
90.3499984741211,90.3499984741211,91.83000183105469,89.7249984741211,89.91000366210938,3248700,2025-09-18
89.16000366210938,89.16000366210938,90.77999877929688,89.16000366210938,90.5,6994400,2025-09-19
89.33000183105469,89.33000183105469,89.8499984741211,88.62000274658203,89.41000366210938,2169000,2025-09-22
89.12000274658203,89.12000274658203,90.02999877929688,88.79000091552734,89.47000122070312,2640400,2025-09-23
88.7300033569336,88.7300033569336,89.25,88.47000122070312,88.83999633789062,2156400,2025-09-24
89.44000244140625,89.44000244140625,89.66999816894531,88.5999984741211,88.80000305175781,2089000,2025-09-25
90.37999725341797,90.37999725341797,90.38999938964844,89.5250015258789,89.8499984741211,1947500,2025-09-26
91.29000091552734,91.29000091552734,91.61000061035156,90.73999786376953,90.83000183105469,3035300,2025-09-29
91.43000030517578,91.43000030517578,91.62999725341797,90.98400115966797,91.62999725341797,2291000,2025-09-30
92.36000061035156,92.36000061035156,92.47000122070312,90.7699966430664,91.1500015258789,2540100,2025-10-01
92.23999786376953,92.23999786376953,93.12999725341797,92.0250015258789,92.62000274658203,2561500,2025-10-02
91.54000091552734,91.54000091552734,92.33999633789062,91.44999694824219,92.12000274658203,1892600,2025-10-03
90.83000183105469,90.83000183105469,91.76499938964844,90.48999786376953,91.51000213623047,2121200,2025-10-06
90.4000015258789,90.4000015258789,91.36499786376953,90.08000183105469,91.0199966430664,1789000,2025-10-07
91.25,91.25,92.41000366210938,91.16999816894531,92.3499984741211,1808900,2025-10-08
89.72000122070312,89.72000122070312,91.4800033569336,89.08000183105469,91.30000305175781,1940900,2025-10-09
89.45999908447266,89.45999908447266,90.41999816894531,89.08499908447266,90.1500015258789,1723400,2025-10-10
89.18000030517578,89.18000030517578,90.06999969482422,88.87000274658203,89.23999786376953,1746900,2025-10-13
90.81999969482422,90.81999969482422,90.91000366210938,88.69999694824219,89.08000183105469,2210900,2025-10-14
91.47000122070312,91.47000122070312,92.19999694824219,90.54000091552734,90.9800033569336,2397600,2025-10-15
90.66999816894531,90.66999816894531,91.63999938964844,90.38500213623047,91.63999938964844,1564100,2025-10-16
91.29000091552734,91.29000091552734,91.5,90.70999908447266,90.8499984741211,1435900,2025-10-17
91.51000213623047,91.51000213623047,91.95999908447266,91.05000305175781,91.4000015258789,1615100,2025-10-20
92.69999694824219,92.69999694824219,92.76000213623047,90.83999633789062,90.95999908447266,1714400,2025-10-21
91.41999816894531,91.41999816894531,92.80999755859375,91.33999633789062,92.33999633789062,2009100,2025-10-22
92.97000122070312,92.97000122070312,93.29000091552734,91.54000091552734,91.66000366210938,2550100,2025-10-23
91.94999694824219,91.94999694824219,93.16999816894531,91.8499984741211,93.16999816894531,1721600,2025-10-24
