Price,Close,High,Low,Open,Volume,Date
58.23126983642578,58.23126983642578,59.81737082470432,57.99010971038878,59.81737082470432,1377800,2020-12-14
60.03998947143555,60.03998947143555,60.837671641131244,58.39823089934106,58.53736406120431,2041100,2020-12-15
60.513031005859375,60.513031005859375,60.59651373181454,59.67823912933977,60.22549433373845,1760600,2020-12-16
61.0231819152832,61.0231819152832,61.51477959690412,60.75419303585537,60.98607926881665,1873700,2020-12-17
60.856231689453125,60.856231689453125,61.40347987571417,59.863758762611035,61.208696263149704,4028700,2020-12-18
61.357112884521484,61.357112884521484,61.66320448139318,59.91941507614198,60.234784105933144,2201300,2020-12-21
60.670719146728516,60.670719146728516,61.20868984456595,60.37854022021726,61.069556685436474,1151500,2020-12-22
60.87476348876953,60.87476348876953,61.440566390448346,60.56867907890494,60.74490778116508,972500,2020-12-23
61.0231819152832,61.0231819152832,61.199417716847776,60.55940944936064,60.70781295862063,992100,2020-12-24
61.217979431152344,61.217979431152344,61.77450510156853,60.79130951461301,61.38493783993798,786400,2020-12-28
60.93044662475586,60.93044662475586,61.77450907930559,60.41101649919388,61.505520121352205,1008400,2020-12-29
61.88581085205078,61.88581085205078,61.98784138024739,61.02319361695698,61.02319361695698,1082200,2020-12-30
62.65566635131836,62.65566635131836,62.785522082642004,61.746669155446206,62.01565804936136,1238200,2020-12-31
60.837669372558594,60.837669372558594,63.091603865555314,60.80057380227778,62.655663686995865,2569600,2021-01-04
60.3831672668457,60.3831672668457,61.607526164433715,60.06687838479677,61.05100067945834,1366100,2021-01-05
62.06204605102539,62.06204605102539,62.45161329472278,60.52231778792497,61.05101821197358,1596000,2021-01-06
62.8690071105957,62.8690071105957,63.03133033726266,62.001754687782515,62.42378941583047,1542500,2021-01-07
61.98783493041992,61.98783493041992,63.045235679337296,61.07883770377869,62.58146317273821,1914000,2021-01-08
61.551876068115234,61.551876068115234,61.95072063185839,61.041723576139496,61.42202035681332,1506200,2021-01-11
60.50376892089844,60.50376892089844,61.96001441918153,60.355358310741174,61.46840958049113,1722000,2021-01-12
59.33505630493164,59.33505630493164,60.78666653169748,59.22374835449679,60.46666236622835,3172600,2021-01-13
60.234771728515625,60.234771728515625,60.633616342801325,59.17736750612593,59.54838336567558,3088300,2021-01-14
60.782020568847656,60.782020568847656,60.93043116037197,58.9083793104922,60.114187060201246,1841100,2021-01-15
60.63362503051758,60.63362503051758,61.635368348663896,60.2162254943998,61.21797588915355,2489200,2021-01-19
60.46666717529297,60.46666717529297,61.6817489885991,60.188400815378095,61.032470250941046,1737200,2021-01-20
58.91765594482422,58.91765594482422,60.513030860799326,58.85272808106203,60.513030860799326,3945600,2021-01-21
60.179107666015625,60.179107666015625,60.485199166658774,58.62083556430543,58.91764963494574,3546500,2021-01-22
59.56694793701172,59.56694793701172,59.928689962814815,57.50779666606633,59.36288688110072,4500200,2021-01-25
58.90838623046875,58.90838623046875,60.373905610893615,57.758232317472576,59.91941050502217,2742100,2021-01-26
57.73039245605469,57.73039245605469,58.44459886986087,56.83994671965613,58.1385109122729,3241300,2021-01-27
59.2052001953125,59.2052001953125,60.12346778165134,57.81388266835981,58.06431670950426,3235000,2021-01-28
59.96578598022461,59.96578598022461,61.20869288998035,58.85273126671886,60.39245583327241,10353200,2021-01-29
59.87303924560547,59.87303924560547,61.22725424716152,58.43534150492075,61.208699382196244,3731500,2021-02-01
59.95650863647461,59.95650863647461,61.94145438367482,59.82665290173117,60.33680548579951,4327800,2021-02-02
59.40926742553711,59.40926742553711,60.16985413650579,58.388965676413,59.956515646423334,3542100,2021-02-03
58.70433044433594,58.70433044433594,59.48346493443302,58.43534151515265,59.2608560910635,2303900,2021-02-04
59.29795455932617,59.29795455932617,59.54838860586607,58.09214671764946,58.19417723795274,3697900,2021-02-05
59.11244583129883,59.11244583129883,59.85448116639217,58.574471540219996,59.130997156964106,1787100,2021-02-08
59.696800231933594,59.696800231933594,59.912919814640716,58.63012200468432,58.936213570840636,2819100,2021-02-09
60.57795715332031,60.57795715332031,61.12521234221269,59.91940110178327,60.23477005802432,1934100,2021-02-10
59.01490020751953,59.01490020751953,60.66728109820259,58.507833558886034,60.512835331227706,4298900,2021-02-11
59.4801025390625,59.4801025390625,60.04764357894052,58.51249170219415,58.51249170219415,2021600,2021-02-12
58.79159927368164,58.79159927368164,59.86155031135843,58.224061879351346,59.83363962534085,3228400,2021-02-16
58.326412200927734,58.326412200927734,58.95908055258314,58.26035500651845,58.90325917101913,2178600,2021-02-17
58.67066192626953,58.67066192626953,59.15446735593259,57.97286624776611,58.112423253963385,2258400,2021-02-18
58.65204620361328,58.65204620361328,59.038160615392364,58.55900466206729,58.91255542159825,3852700,2021-02-19
58.828819274902344,58.828819274902344,59.168414687412444,58.168240307194345,58.47526851857997,2560000,2021-02-22
58.828819274902344,58.828819274902344,59.145153414944076,58.20545692347499,58.46596613909575,2571200,2021-02-23
59.870872497558594,59.870872497558594,59.92670098309746,58.642752290882605,58.69857722724884,2257300,2021-02-24
59.973209381103516,59.973209381103516,60.3918910308146,59.554534829736866,59.80573814088797,2431700,2021-02-25
59.275413513183594,59.275413513183594,60.37327895095008,59.16376720317221,60.37327895095008,3278300,2021-02-26
60.410499572753906,60.410499572753906,61.173422581856194,59.610359941458235,59.65688249378619,1896000,2021-03-01
60.85708236694336,60.85708236694336,61.26180153481728,59.8522550208318,60.22441408587428,2657500,2021-03-02
62.336421966552734,62.336421966552734,62.941179718733196,60.54076057223911,60.950136361102,3210800,2021-03-03
59.49870300292969,59.49870300292969,62.24336628922427,58.931162037895845,62.17823898659794,3634400,2021-03-04
60.35468292236328,60.35468292236328,60.57797557469199,58.391546763172734,60.02903922721652,2168000,2021-03-05
60.680301666259766,60.680301666259766,61.71303963966054,60.094148866125444,60.44770315150001,1636700,2021-03-08
60.410499572753906,60.410499572753906,62.01077883534525,60.40119364261934,61.117601197738544,2547300,2021-03-09
61.63861083984375,61.63861083984375,61.86655995608922,60.112765041260786,60.16858641734382,1814900,2021-03-10
62.61553955078125,62.61553955078125,62.931870207199474,61.303680173841,61.49906212604259,2214700,2021-03-11
61.40602111816406,61.40602111816406,62.94117306578714,61.39671518803384,62.94117306578714,1938200,2021-03-12
61.97356033325195,61.97356033325195,62.00147102446414,60.95477751393933,61.350197901697676,1495700,2021-03-15
62.98768997192383,62.98768997192383,63.23890040281744,61.945652920350426,62.44806668379262,2371800,2021-03-16
63.80643081665039,63.80643081665039,63.87155812148761,62.67134884804984,63.257494591584816,1729500,2021-03-17
63.40636444091797,63.40636444091797,63.86225559909563,62.76439018874845,63.40636444091797,2752800,2021-03-18
62.20615768432617,62.20615768432617,63.16446258852452,61.889819960587616,63.16446258852452,3149000,2021-03-19
62.16893768310547,62.16893768310547,62.280587538061056,61.0710722869133,62.1596317539398,1391500,2021-03-22
62.2991828918457,62.2991828918457,62.996978408687625,61.59208144724316,61.79676926791835,1364500,2021-03-23
62.494571685791016,62.494571685791016,63.22958389649686,62.22475653768301,62.22475653768301,1378000,2021-03-24
63.136558532714844,63.136558532714844,63.39706780414372,62.11312620995342,62.717883931967755,1738900,2021-03-25
64.23440551757812,64.23440551757812,64.55073608468341,62.91324768141509,63.41566131594397,1989400,2021-03-26
65.04385375976562,65.04385375976562,65.75094815214733,64.66238877847191,64.9694205295117,2038300,2021-03-29
64.88568115234375,64.88568115234375,65.58347671235106,64.58795533067438,65.19271290234941,2604800,2021-03-30
63.68547058105469,63.68547058105469,65.14618897162812,63.517999366285736,65.14618897162812,3783100,2021-03-31
64.43910217285156,64.43910217285156,64.79264940188918,63.56452938197345,64.09485377470196,1579200,2021-04-01
64.41119384765625,64.41119384765625,64.84847316080108,64.12276681762502,64.27163329742751,1126600,2021-04-05
64.86707305908203,64.86707305908203,65.56021207011392,64.09484430877316,64.66238523626829,1972800,2021-04-06
64.78334045410156,64.78334045410156,65.37879212702227,64.57865970893945,64.99733422640612,7225700,2021-04-07
64.57865905761719,64.57865905761719,64.79729514460016,64.1227608295542,64.65308519222374,1881700,2021-04-08
65.82537841796875,65.82537841796875,66.01145438688015,64.61586332501508,64.82985707777206,3557700,2021-04-09
65.73235321044922,65.73235321044922,66.15568428510365,65.42532141355625,65.70444251952159,1986000,2021-04-12
66.16962432861328,66.16962432861328,66.27661765187477,65.3062173840826,65.54625494922627,1513400,2021-04-13
65.4997787475586,65.4997787475586,66.12779081946398,65.1834409045504,66.05801406647912,3099700,2021-04-14
66.03006744384766,66.03006744384766,66.28127071628168,65.22992798595655,65.72303570105014,1495600,2021-04-15
65.66722106933594,65.66722106933594,66.43944992048115,64.9880302138885,66.43944992048115,2548500,2021-04-16
66.08589172363281,66.08589172363281,66.416184752086,65.45322345230824,65.78816589585323,2641300,2021-04-19
65.56488800048828,65.56488800048828,66.69997019163715,65.43463336527564,66.65344763691326,3682300,2021-04-20
66.09520721435547,66.09520721435547,66.13242383550512,64.96943104337122,65.54627092532904,3080300,2021-04-21
66.011474609375,66.011474609375,66.75579290972753,65.69514394564968,66.27199098334016,2415600,2021-04-22
66.3184814453125,66.3184814453125,66.96976148724087,65.81606784668526,66.1230995622368,2574700,2021-04-23
70.96116638183594,70.96116638183594,71.52870744266427,69.36089423314644,71.1193387992064,6077800,2021-04-26
73.50113677978516,73.50113677978516,73.74304124279924,70.8216042222044,71.17515143865272,6143800,2021-04-27
72.57073974609375,72.57073974609375,73.9663308950571,72.56143381756443,73.668605067212,3492300,2021-04-28
73.21271514892578,73.21271514892578,73.61278490213525,72.58934569740607,72.58934569740607,2492200,2021-04-29
72.44981384277344,72.44981384277344,73.19412509718437,72.1520879213399,72.80336115624269,3659500,2021-04-30
72.94290924072266,72.94290924072266,73.59418236407276,72.48701805437757,73.02664131443424,2739900,2021-05-03
73.24063873291016,73.24063873291016,74.02216651957684,72.92430098710815,72.92430098710815,3402100,2021-05-04
72.6265640258789,72.6265640258789,73.7244293909153,72.34745004392697,73.39879286279941,2075500,2021-05-05
72.90568542480469,72.90568542480469,73.38855737158234,72.29162188480761,72.9708127307125,2983500,2021-05-06
72.74752044677734,72.74752044677734,73.45461488595346,72.48701122199203,72.64517652299111,2780700,2021-05-07
72.8033447265625,72.8033447265625,73.59417836143137,72.5986568708294,73.19410857931969,4867400,2021-05-10
72.21720123291016,72.21720123291016,72.67309240888797,71.50079371517194,72.37536654522059,2939200,2021-05-11
70.83090209960938,70.83090209960938,72.53352505000913,70.81229734040201,72.3474490645601,2392700,2021-05-12
71.77989959716797,71.77989959716797,72.12879735240533,70.54247385499048,70.70063913376242,2658300,2021-05-13
73.38949584960938,73.38949584960938,73.91052145623546,72.02182226537101,72.24511489772802,3255300,2021-05-14
73.51045227050781,73.51045227050781,73.66861759067552,72.66379008900151,73.24994301415045,2234000,2021-05-17
73.12897491455078,73.12897491455078,74.14310817571874,73.10106422725744,74.01285356945404,2941000,2021-05-18
72.07763671875,72.07763671875,72.57074448786841,71.6682610168355,72.51492310973248,5465700,2021-05-19
72.19895935058594,72.19895935058594,72.66560205211744,71.73231664905444,71.97497284756354,6751500,2021-05-20
72.39495849609375,72.39495849609375,73.07626006803049,72.1243048371273,72.4416256208962,2245000,2021-05-21
72.9175796508789,72.9175796508789,73.10424098753636,72.05895886346043,72.42293956944005,1547500,2021-05-24
72.50694274902344,72.50694274902344,73.36556358141733,72.47894532715877,73.05757770010138,2288600,2021-05-25
72.58161163330078,72.58161163330078,73.01092923772164,72.37629480039078,72.58161163330078,1890100,2021-05-26
73.4588851928711,73.4588851928711,73.81353104393354,72.50693731875518,72.93624770279975,2818900,2021-05-27
73.104248046875,73.104248046875,73.45889394016777,72.63760534077275,73.2442422827862,1915000,2021-05-28
73.17891693115234,73.17891693115234,74.50418058622667,73.0529213993155,73.88820875982694,2207600,2021-06-01
73.04824829101562,73.04824829101562,73.50556328352599,72.58160557079081,73.18824253116364,1898600,2021-06-02
73.86019897460938,73.86019897460938,74.13085256936377,72.48826842758623,73.02957561709502,1949900,2021-06-03
74.54149627685547,74.54149627685547,74.5881562676129,73.93485943379706,73.96285685233181,1644000,2021-06-04
74.29885864257812,74.29885864257812,75.41413452152497,74.16819924323397,75.03615503625058,1723600,2021-06-07
75.45611572265625,75.45611572265625,75.54944282936962,74.07952131752899,74.43883815479738,2647600,2021-06-08
75.36279296875,75.36279296875,75.7641059591582,74.97081482567286,75.40012523767196,1947300,2021-06-09
75.05480194091797,75.05480194091797,76.11874661078829,74.46683476664282,75.64277623559488,1753200,2021-06-10
75.16679382324219,75.16679382324219,75.58676933162448,74.38283052175363,75.45610996810993,1527800,2021-06-11
75.40945434570312,75.40945434570312,75.40945434570312,74.78414778935436,75.19479559583982,1232700,2021-06-14
75.58677673339844,75.58677673339844,75.84809548601696,75.05760269914495,75.56811415981225,1341500,2021-06-15
75.25080871582031,75.25080871582031,75.88544315256293,74.93349505765072,75.6054617695433,2578100,2021-06-16
75.10149383544922,75.10149383544922,75.77346061086713,74.14487466545577,75.52146950988336,3734700,2021-06-17
74.19620513916016,74.19620513916016,74.82150478175045,73.65956876776181,74.43886138867433,4490800,2021-06-18
75.63345336914062,75.63345336914062,75.68944821735012,74.35484974526834,74.7468279235406,2582700,2021-06-21
75.94143676757812,75.94143676757812,76.35207750822691,75.36279724704227,75.63345087178956,1757800,2021-06-22
75.4281234741211,75.4281234741211,76.21208688914686,75.35345893547058,76.19341719428309,1276400,2021-06-23
75.94143676757812,75.94143676757812,76.24941554296406,75.30680240068166,75.49345663548542,1679100,2021-06-24
76.2027587890625,76.2027587890625,76.44541500096143,75.85744060752953,76.07209939505607,2532100,2021-06-25
76.21208953857422,76.21208953857422,76.2960818071742,75.3534615550487,76.15608757243832,1940000,2021-06-28
76.60408020019531,76.60408020019531,76.96806099766349,76.13743742186138,76.24009940272714,1844000,2021-06-29
76.31475067138672,76.31475067138672,76.91205993017758,75.81078277744963,76.38941521878597,1981700,2021-06-30
76.60408020019531,76.60408020019531,76.89339644423316,76.24942713160314,76.70674218106107,1576100,2021-07-01
77.14537048339844,77.14537048339844,77.40668924225132,76.38940450768587,76.70672522943732,1113100,2021-07-02
76.76272583007812,76.76272583007812,77.06137687979849,76.24941600068249,76.78138840550947,1570300,2021-07-06
78.47063446044922,78.47063446044922,79.00260682868243,76.82805023977737,77.33202518658813,1645300,2021-07-07
77.54669189453125,77.54669189453125,78.33065544865578,76.95872456924054,77.38803506205015,1478100,2021-07-08
78.22796630859375,78.22796630859375,78.4052927776822,77.67733145043648,78.24662887988674,1073300,2021-07-09
78.22796630859375,78.22796630859375,78.2932959887209,77.68665917588243,77.90131790795799,1506700,2021-07-12
77.95732879638672,77.95732879638672,78.7599548148955,77.74267714050796,78.40530892408566,1683000,2021-07-13
79.12393188476562,79.12393188476562,79.31245877487326,77.83600064800237,77.83600064800237,1772100,2021-07-14
79.54391479492188,79.54391479492188,79.72123417240502,78.86261334546923,78.86261334546923,1769100,2021-07-15
79.25459289550781,79.25459289550781,79.84256724296542,79.20793289866988,79.39458712682641,1654800,2021-07-16
78.45197296142578,78.45197296142578,78.77862856655118,77.48135523510553,78.68529432485653,2534100,2021-07-19
80.35585021972656,80.35585021972656,80.53317667725968,78.52661217496603,78.81592829376163,1839200,2021-07-20
81.01850891113281,81.01850891113281,81.11184315392414,80.40067866145623,80.49587132943589,1447700,2021-07-21
81.50381469726562,81.50381469726562,81.8024657368086,80.84118292579221,81.19582881012374,2123200,2021-07-22
82.61441040039062,82.61441040039062,82.89253328917317,81.80245675846407,82.203769716341,1648700,2021-07-23
83.11840057373047,83.11840057373047,84.18234542574179,81.05584056692244,83.93969633346059,3098600,2021-07-26
82.33443450927734,82.33443450927734,83.2079868034836,81.68113049367845,83.08572949895469,1701900,2021-07-27
82.06378173828125,82.06378173828125,82.53975926413611,81.44780998477471,82.14777400263094,1670200,2021-07-28
82.9410629272461,82.9410629272461,83.00639261008473,82.00777767503611,82.45575060867212,2009900,2021-07-29
83.5757064819336,83.5757064819336,83.79969297367163,82.77308050610327,82.91306761318818,1545200,2021-07-30
83.93036651611328,83.93036651611328,84.62099580240879,83.69704513773205,83.69704513773205,1441000,2021-08-02
85.19029998779297,85.19029998779297,85.69427501630591,84.08902280409507,84.09835765288328,1683700,2021-08-03
84.74230194091797,84.74230194091797,85.55425553596139,84.52764320451263,84.92895613921729,1214800,2021-08-04
84.6769790649414,84.6769790649414,85.31161335872623,84.02367507758541,85.0689571851139,1547000,2021-08-05
84.12635040283203,84.12635040283203,85.22762752531742,83.95835873599857,84.95697388873,1938600,2021-08-06
83.74372100830078,83.74372100830078,84.05169984842472,83.0064245211597,83.82771329549709,1867200,2021-08-09
83.87435913085938,83.87435913085938,84.51832119709289,83.42637901832958,83.89302170536371,1269500,2021-08-10
84.39698028564453,84.39698028564453,84.49964222650398,83.81834090265501,83.91167511827338,1539600,2021-08-11
84.18235778808594,84.18235778808594,84.3970166078302,83.58505557715065,84.3970166078302,1344100,2021-08-12
84.61166381835938,84.61166381835938,84.95697488393776,84.0890191151979,84.2383482076449,2823900,2021-08-13
85.7689208984375,85.7689208984375,85.95557511115678,84.42498778157298,84.69564137429718,2660100,2021-08-16
84.68631744384766,84.68631744384766,85.62893771651056,84.154345036583,85.33028666542167,1821700,2021-08-17
84.46232604980469,84.46232604980469,85.60093534134266,84.27567182382239,84.43432862794756,2377400,2021-08-18
84.40618133544922,84.40618133544922,85.05186285608893,83.5733492687895,83.81665069008407,1343500,2021-08-19
84.23774719238281,84.23774719238281,84.6027029122065,83.72307959547422,84.05995630659143,3291500,2021-08-20
84.1441650390625,84.1441650390625,85.14543542102888,84.0880213049093,84.72434313620894,2037500,2021-08-23
84.56526947021484,84.56526947021484,84.9302180424897,83.89619232815369,84.08802628364931,2585500,2021-08-24
85.27644348144531,85.27644348144531,85.5946079714434,84.79920745545157,84.93956679289938,2034500,2021-08-25
85.91277313232422,85.91277313232422,86.09057116170229,85.07058847373307,85.07994100418944,1527800,2021-08-26
86.09992980957031,86.09992980957031,86.72595677780951,85.86598804288583,86.19350508837688,1195500,2021-08-27
86.43679809570312,86.43679809570312,86.87660257713927,85.88001560299593,86.09992141338171,867900,2021-08-30
86.29643249511719,86.29643249511719,86.69412918012301,85.95955580938548,86.43679897072799,2124700,2021-08-31
85.62267303466797,85.62267303466797,86.27770702182214,85.11268177757401,86.26835449295923,1711600,2021-09-01
86.14669036865234,86.14669036865234,86.52099852106073,85.76302968845103,85.99697139128949,1547000,2021-09-02
85.92213439941406,85.92213439941406,86.51634850390599,85.69755229557052,85.98763781050745,1313400,2021-09-03
83.63885498046875,83.63885498046875,85.68818707078323,83.5265675054943,85.68818707078323,2056300,2021-09-07
84.89278411865234,84.89278411865234,85.21094147453094,83.32256576539454,83.40491086329203,2312400,2021-09-08
84.668212890625,84.668212890625,85.39811010823905,84.33133615336673,85.00508248854666,1610300,2021-09-09
84.73369598388672,84.73369598388672,85.37937029267765,84.40617185613107,85.1828600996252,1494900,2021-09-10
84.17224884033203,84.17224884033203,85.81920095591187,83.66225747790446,85.46361202363269,2013200,2021-09-13
84.55590057373047,84.55590057373047,84.99571217420485,83.53123464056888,84.41553410601851,2113700,2021-09-14
84.54655456542969,84.54655456542969,84.76178413594027,83.71372243227073,84.76178413594027,2868600,2021-09-15
82.5346450805664,82.5346450805664,84.54654552275376,81.99658192084287,84.54654552275376,3171200,2021-09-16
79.55891418457031,79.55891418457031,81.83282847981071,79.4372670340496,81.65503758894755,11037500,2021-09-17
77.83710479736328,77.83710479736328,78.9787417596184,76.98555334083865,78.60443350553433,4458100,2021-09-20
76.73287963867188,76.73287963867188,78.71670787753935,76.66737624650492,77.96809156191615,4208800,2021-09-21
78.87580108642578,78.87580108642578,80.05486950244567,77.78095541264655,78.47342099187415,3488600,2021-09-22
80.232666015625,80.232666015625,81.23393648787362,78.6325051939568,79.10038872564935,4250200,2021-09-23
79.40918731689453,79.40918731689453,80.6116441862016,79.128454364251,79.93321454653787,1874200,2021-09-24
78.81967163085938,78.81967163085938,79.66653977484167,78.65123325519782,79.11911683877582,1614400,2021-09-27
78.33303833007812,78.33303833007812,78.75038952518436,77.40663119284835,78.20203154862479,2440600,2021-09-28
77.96810150146484,77.96810150146484,78.96937184613785,77.7715912999124,78.51084804251549,1784600,2021-09-29
76.99490356445312,76.99490356445312,78.67928693151616,76.98554389593187,78.49212925776735,2354800,2021-09-30
77.20077514648438,77.20077514648438,77.66865863222064,75.84391589358336,77.35050128880098,2530400,2021-10-01
76.64867401123047,76.64867401123047,77.78562742429565,76.33986920545898,76.83582454478791,2474600,2021-10-04
78.00553894042969,78.00553894042969,78.36581124021353,76.59252874878591,76.99490885080358,2080900,2021-10-05
77.54700469970703,77.54700469970703,78.13653526990628,75.9936282363228,77.47214163510989,1916800,2021-10-06
78.96001434326172,78.96001434326172,79.64312737253799,78.39855558923672,78.54828173128894,2487900,2021-10-07
78.08975982666016,78.08975982666016,78.96470689959979,77.34115044763858,78.52021896528444,1942600,2021-10-08
76.3773193359375,76.3773193359375,78.13655905344662,76.3211684507308,77.88390505769583,2134100,2021-10-11
76.67674255371094,76.67674255371094,76.90600087648113,76.05913296893878,76.55508828677011,2368900,2021-10-12
76.05913543701172,76.05913543701172,77.00426204164931,75.87198490549355,76.9574708391022,1519300,2021-10-13
78.0523452758789,78.0523452758789,78.12720122569208,76.68611888656596,76.69547855754404,2166500,2021-10-14
78.69799041748047,78.69799041748047,79.25009656975313,78.12717206957198,78.52955209942002,1681400,2021-10-15
77.96810150146484,77.96810150146484,78.48184092357243,77.6433902576135,78.28626597493202,1452300,2021-10-18
78.99746704101562,78.99746704101562,79.29691226600154,78.38921691982434,78.60444652184734,1388000,2021-10-19
79.97064208984375,79.97064208984375,80.90640903281782,78.81965274801335,79.19395381373482,2339900,2021-10-20
79.8676986694336,79.8676986694336,79.90513019989588,78.12717176927713,78.77285317591614,1917700,2021-10-21
80.1297378540039,80.1297378540039,81.14036808149469,79.9238750796662,80.344967438119,2678500,2021-10-22
76.60188293457031,76.60188293457031,78.55763242901305,75.88133838658122,75.88133838658122,3623700,2021-10-25
75.11400604248047,75.11400604248047,77.29434463642696,74.63677006303415,77.04636697867498,3657600,2021-10-26
74.59934997558594,74.59934997558594,75.63805196676486,74.3841204139111,75.48832581267176,2896600,2021-10-27
74.7864990234375,74.7864990234375,75.01108825005623,73.5512868343778,74.48705386061502,2435300,2021-10-28
75.15145874023438,75.15145874023438,76.24631174923391,74.4309211644574,74.44963336645009,2870500,2021-10-29
75.72225189208984,75.72225189208984,75.94684107671775,74.98299522285896,75.29179999722145,1846100,2021-11-01
75.90005493164062,75.90005493164062,76.21821225537713,75.00171955132379,76.10592479492188,1465500,2021-11-02
75.43216705322266,75.43216705322266,76.56444409556357,74.50107645862771,76.05912913513022,2306700,2021-11-03
76.58316040039062,76.58316040039062,76.6018797365969,75.60060942960943,75.74097589381674,1943200,2021-11-04
76.46153259277344,76.46153259277344,77.39729973815949,76.32116609309819,76.85455308039475,1500900,2021-11-05
76.95748901367188,76.95748901367188,77.09692026200256,76.16489411724714,76.83584185338994,2422400,2021-11-08
78.17398071289062,78.17398071289062,78.29562786000642,76.79840199831328,77.10720684022576,3078900,2021-11-09
78.00553894042969,78.00553894042969,79.02552155988391,77.84646026132255,78.55763805239062,2986300,2021-11-10
78.04296875,78.04296875,78.3236945646797,77.45343097443501,78.08975281611215,1743500,2021-11-11
80.1297378540039,80.1297378540039,80.14845719488524,77.95875836865523,78.54829623769321,1737600,2021-11-12
78.75415802001953,78.75415802001953,80.0922980420672,78.54547522922365,80.00808243480657,1319100,2021-11-15
79.09101867675781,79.09101867675781,79.53083028112539,78.81029287818406,79.12845021110135,1532800,2021-11-16
80.0735855102539,80.0735855102539,80.5180734274027,78.69333055096618,78.94130824598612,2657800,2021-11-17
80.91813659667969,80.91813659667969,81.09642751112378,79.46361550443014,79.56683995146282,2586400,2021-11-18
80.9462890625,80.9462890625,82.41957501170009,80.76799098501606,81.11520114658603,2901700,2021-11-19
79.01319885253906,79.01319885253906,81.06829510743258,78.70353260050835,80.93691981034883,1770400,2021-11-22
78.64723205566406,78.64723205566406,79.17742987711404,78.37509543754892,78.82553018877131,1683000,2021-11-23
79.25717163085938,79.25717163085938,79.34163125624303,77.76512079009868,78.49707079948435,1024700,2021-11-24
78.06539916992188,78.06539916992188,79.04133478988908,77.41790170104586,77.8214134750764,1170100,2021-11-26
78.43138122558594,78.43138122558594,79.14455922976317,77.87772215560544,78.92873149356217,1934300,2021-11-29
75.447265625,75.447265625,78.43137412199988,75.21266592290698,77.96217471781382,2602300,2021-11-30
75.49418640136719,75.49418640136719,78.20615856915138,75.46603558070888,76.66718499156504,2247400,2021-12-01
77.746337890625,77.746337890625,77.9518488854852,75.8742368969303,75.87892631346517,2224700,2021-12-02
77.6994400024414,77.6994400024414,78.45015490619919,76.87364430106682,78.21555515638434,2236400,2021-12-03
78.83488464355469,78.83488464355469,79.28531205514527,77.58681252998794,78.26246080678843,2046200,2021-12-06
80.42080688476562,80.42080688476562,80.94631529411681,79.5011796973818,79.89530563483201,2093000,2021-12-07
80.89936828613281,80.89936828613281,81.18651812034726,79.48238394291226,80.37386719329994,2923600,2021-12-08
80.88060760498047,80.88060760498047,81.27473344481172,79.9234366689151,80.73984633092194,2406900,2021-12-09
80.7773666381836,80.7773666381836,81.23718002400719,80.50991955619331,81.00258033499719,2379000,2021-12-10
80.12049865722656,80.12049865722656,81.30288332238787,79.57623271496628,80.93690830974056,2502400,2021-12-13
79.58562469482422,79.58562469482422,80.13928388195453,78.89590078950879,79.82961046336047,2178600,2021-12-14
79.6888198852539,79.6888198852539,80.12517902554963,78.33846844110458,79.8108163044017,2011900,2021-12-15
81.180908203125,81.180908203125,81.5140358745874,79.96098650849433,80.43018605882659,3345100,2021-12-16
78.97566223144531,78.97566223144531,81.33103853549727,78.84427978652097,80.16742579553174,2875700,2021-12-17
77.25837707519531,77.25837707519531,78.12170227699382,75.61148255327642,78.12170227699382,2440500,2021-12-20
78.99442291259766,78.99442291259766,79.08826137454466,77.70881378973493,78.19678524692452,1415100,2021-12-21
79.11640167236328,79.11640167236328,79.35100137572995,78.48767618560015,78.94748959956269,1014500,2021-12-22
79.99851989746094,79.99851989746094,80.31569637430565,79.22903295432538,79.6231588414253,933100,2021-12-23
81.19027709960938,81.19027709960938,81.20904908859801,80.31756575645662,80.44894820112873,674400,2021-12-27
81.13397216796875,81.13397216796875,81.36857190491965,80.82429879693377,81.16212299089632,730200,2021-12-28
81.47179412841797,81.47179412841797,81.85935477332183,80.90875620705441,80.90875620705441,1229700,2021-12-29
81.04013061523438,81.04013061523438,81.89782859543303,80.98382897152584,81.51871606500349,864300,2021-12-30
81.7063980102539,81.7063980102539,82.17465961163995,80.86183750559056,80.86183750559056,985600,2021-12-31
80.29879760742188,80.29879760742188,82.78555624882434,79.36978465453977,81.8283853136233,2209600,2022-01-03
80.90875244140625,80.90875244140625,81.13396616758668,79.73575384340259,80.13926564749246,1739200,2022-01-04
78.66598510742188,78.66598510742188,81.73924307753127,78.57214664500805,81.19965938967415,2656900,2022-01-05
79.49177551269531,79.49177551269531,79.74514724266702,78.61906418835625,79.00381120075181,1641400,2022-01-06
79.16332244873047,79.16332244873047,80.01726162421254,79.02256119843365,79.20085925943727,2351500,2022-01-07
79.44485473632812,79.44485473632812,79.47300555797254,77.38037284961365,78.64720993952056,1940000,2022-01-10
80.92752838134766,80.92752838134766,80.97445119547709,78.99442871740808,79.95159255466872,2334200,2022-01-11
81.5937728881836,81.5937728881836,81.95974784784285,80.82428615769304,81.3779451732126,2864100,2022-01-12
80.47708892822266,80.47708892822266,82.27881303661047,80.2706400317462,81.72515398156769,3365800,2022-01-13
78.99442291259766,78.99442291259766,80.36917392068982,77.9246486956872,79.6325344770193,2870400,2022-01-14
78.72228240966797,78.72228240966797,78.9662681260152,76.64842171925494,77.93403077758282,2640500,2022-01-18
77.98094177246094,77.98094177246094,79.23839993451219,77.74634206366326,79.01317905928768,2632200,2022-01-19
77.14575958251953,77.14575958251953,78.91933262896985,76.79854947121227,78.45013325881021,3534500,2022-01-20
77.99034118652344,77.99034118652344,78.73167725302768,76.54520587251194,77.1457806576315,2844000,2022-01-21
78.10295104980469,78.10295104980469,78.21555434652353,75.20329444922052,76.64842975224663,4451900,2022-01-24
77.85896301269531,77.85896301269531,78.4783026046399,75.93524227707482,76.6953503046005,4027200,2022-01-25
76.49830627441406,76.49830627441406,79.40734977447241,76.01034179819932,78.42202766517286,3633100,2022-01-26
77.52112579345703,77.52112579345703,78.28122653390263,76.29182565087669,77.2302244551462,3093400,2022-01-27
77.67127227783203,77.67127227783203,77.7181950856769,75.86016215001538,77.14577119516284,4367500,2022-01-28
80.16741180419922,80.16741180419922,80.41608691975485,75.55987014278826,76.29182723926611,4710600,2022-01-31
78.41260528564453,78.41260528564453,81.04951091147144,76.54519358662411,80.56153950224855,4970900,2022-02-01
78.14048767089844,78.14048767089844,79.11829933329274,77.35223588597408,78.6566100248966,2889900,2022-02-02
76.80796813964844,76.80796813964844,78.47831746252685,76.71412965757766,77.57745514769637,2902900,2022-02-03
77.36160278320312,77.36160278320312,78.10293872710767,75.98215534071079,76.25429186387183,3508500,2022-02-04
76.6296615600586,76.6296615600586,77.79327425139557,76.4795142918005,77.51175170311956,1790200,2022-02-07
78.89120483398438,78.89120483398438,79.06950293768783,76.85018411442167,76.98625598074787,3294300,2022-02-08
78.60967254638672,78.60967254638672,79.87088232646069,78.27185552972134,79.67945387691955,2132000,2022-02-09
76.52644348144531,76.52644348144531,78.19679260325283,76.19799809460885,77.77450874564155,1926400,2022-02-10
74.73408508300781,74.73408508300781,76.79855972354454,74.23673482975039,76.57334600043866,2494800,2022-02-11
74.8373031616211,74.8373031616211,75.30650255448393,73.82383075477789,74.65900510132056,3899000,2022-02-14
73.93647003173828,73.93647003173828,76.64844300777075,73.70655966214993,76.17924343185624,4126300,2022-02-15
74.01152038574219,74.01152038574219,74.43379700737945,72.6883745616259,74.07720801931721,3305200,2022-02-16
71.74309539794922,71.74309539794922,73.51266795291806,71.68756263992891,73.44677980409661,2253500,2022-02-17
71.86544799804688,71.86544799804688,72.40196776551193,70.9147701008654,71.5830733306419,6320300,2022-02-18
71.8183822631836,71.8183822631836,72.95730982951423,71.42304627666387,71.6301253216818,2481400,2022-02-22
70.3029556274414,70.3029556274414,72.28902169297396,69.80408724552193,72.26077776273141,2771000,2022-02-23
72.09134674072266,72.09134674072266,72.41137997052775,68.80634010602564,69.01812289476528,3807000,2022-02-24
73.89856719970703,73.89856719970703,74.15270507422545,71.96897499288147,72.1760540216648,3005300,2022-02-25
73.72914123535156,73.72914123535156,74.29389766590651,72.62786511857925,72.62786511857925,3918500,2022-02-28
73.0890884399414,73.0890884399414,73.8703386143545,72.06310782436807,73.73855516044647,3501600,2022-03-01
74.15270233154297,74.15270233154297,74.36448508268636,73.46558432283176,73.58794593473817,3266200,2022-03-02
74.52922821044922,74.52922821044922,75.80934687001705,74.07741866772625,74.99044521563688,2660900,2022-03-03
73.38087463378906,73.38087463378906,73.96446037460268,72.15723684218807,73.61619042232017,2967900,2022-03-04
69.93585205078125,69.93585205078125,73.5032329235357,69.88878602270334,73.23027294074033,2768400,2022-03-07
69.18284606933594,69.18284606933594,70.81123458555595,69.16402396485748,69.85114208798139,3249800,2022-03-08
70.83946990966797,70.83946990966797,71.72425242774727,70.36883831320961,70.53826597518535,3050200,2022-03-09
69.46522521972656,69.46522521972656,70.171172601304,68.99459363200828,69.93585680744485,3981100,2022-03-10
68.14745330810547,68.14745330810547,69.76171615889005,68.02508450293185,69.64405826546489,3290800,2022-03-11
67.75215148925781,67.75215148925781,69.06521094299757,66.89559823702633,69.02285580800259,4014900,2022-03-14
69.32403564453125,69.32403564453125,69.56876608562108,67.72388390665866,68.24158153564325,4655600,2022-03-15
71.06536865234375,71.06536865234375,72.31725037992247,69.65347391090646,70.13352013375018,2692800,2022-03-16
71.90306854248047,71.90306854248047,71.95013455749032,70.58529911612688,70.63236513113672,1868200,2022-03-17
73.39970397949219,73.39970397949219,73.76679603540491,72.02545345381054,72.1478222599601,3822500,2022-03-18
72.78788757324219,72.78788757324219,73.57384151149682,71.93133458371082,72.96672270435238,1805000,2022-03-21
72.97614288330078,72.97614288330078,73.96447222599956,72.75965634467437,72.75965634467437,2601700,2022-03-22
71.95015716552734,71.95015716552734,73.05143332264838,71.77131486981322,72.59962385289037,1675300,2022-03-23
72.87259674072266,72.87259674072266,72.91966277421184,71.48893865885464,71.8936821305489,1837900,2022-03-24
72.70317840576172,72.70317840576172,73.18322472014769,72.11959973069385,73.05144842698596,1531900,2022-03-25
73.42793273925781,73.42793273925781,73.4655841231114,71.8371958824628,72.43960366158585,2218200,2022-03-28
74.03034210205078,74.03034210205078,74.82099963608849,73.50322989809165,74.07740094692407,1812200,2022-03-29
73.18321990966797,73.18321990966797,74.0303582966446,73.13615387323135,73.4185357293132,1261600,2022-03-30
72.43020629882812,72.43020629882812,73.74327259186585,72.38314744373544,73.05144350871025,2413400,2022-03-31
71.79955291748047,71.79955291748047,72.71634231894878,71.30068459014308,72.3925533061229,2591900,2022-04-01
72.13842010498047,72.13842010498047,72.24195964444473,71.35716982766623,71.81839402392309,1872600,2022-04-04
70.73592376708984,70.73592376708984,72.0725156524983,70.51002263267642,71.8748512622281,1582900,2022-04-05
71.75251007080078,71.75251007080078,71.86545707952816,69.80409517628773,69.9641082261646,2666000,2022-04-06
72.98554992675781,72.98554992675781,73.40911549736695,71.32892467181374,71.32892467181374,3012100,2022-04-07
72.70317840576172,72.70317840576172,73.60679035084337,72.58081675675993,72.72200769408161,2107000,2022-04-08
71.88426208496094,71.88426208496094,72.7219856292855,71.68659770519227,72.47725522426693,1750400,2022-04-11
71.43246459960938,71.43246459960938,72.65610964798107,71.05595787847436,72.02545783804085,2814200,2022-04-12
71.38539123535156,71.38539123535156,72.00662833861476,70.83946408610326,70.83946408610326,1592600,2022-04-13
70.35940551757812,70.35940551757812,71.9924973104473,70.31233949756817,71.56422094466247,1717000,2022-04-14
69.2957992553711,69.2957992553711,70.66062802062072,68.82516765614457,70.30295059046514,1517100,2022-04-18
70.94300842285156,70.94300842285156,71.04654794709609,69.53111365362783,69.68171202808558,1380400,2022-04-19
71.08419036865234,71.08419036865234,71.88426979612366,70.86770386432111,71.51717773985074,2107800,2022-04-20
70.79238891601562,70.79238891601562,72.12898064397325,70.44411902298438,71.63011240616278,2256200,2022-04-21
69.10753631591797,69.10753631591797,70.24646382555922,69.01341144048611,69.50286510149242,2115500,2022-04-22
70.21823120117188,70.21823120117188,71.56423782450193,68.7686850544112,70.85829044543935,4038900,2022-04-25
68.11922454833984,68.11922454833984,69.62524432447981,67.9497968746948,69.06048780608592,2231400,2022-04-26
69.24873352050781,69.24873352050781,69.98291766945312,68.06273987460553,68.06273987460553,2499900,2022-04-27
71.60189056396484,71.60189056396484,72.02545612688606,69.12637095993921,69.26755469340078,2837400,2022-04-28
68.56160736083984,68.56160736083984,71.46069971158438,68.30746945911902,71.14067367376792,2808100,2022-04-29
68.66515350341797,68.66515350341797,69.69113421437088,67.14031158361104,68.71221953999402,2627400,2022-05-02
69.01342010498047,69.01342010498047,69.30520940983311,68.21146629909326,68.63691337471568,2297000,2022-05-03
72.10076141357422,72.10076141357422,72.31725511452635,68.95694569715717,69.5970049757641,2700800,2022-05-04
70.29354858398438,70.29354858398438,71.63014084255468,69.59230478982177,71.05596961378146,2377800,2022-05-05
70.19941711425781,70.19941711425781,70.47238432708703,68.49572569496299,69.86997640266011,2470400,2022-05-06
69.00399017333984,69.00399017333984,69.83230623265428,68.49570727728789,68.98516807256769,2718000,2022-05-09
68.49571228027344,68.49571228027344,70.40648239585906,67.27207456523237,69.53110743004262,2771000,2022-05-10
68.61808013916016,68.61808013916016,69.63464599159629,68.09096792978545,68.43923785550915,3214400,2022-05-11
68.71222686767578,68.71222686767578,69.93587213645733,67.07443059418806,68.2604172846776,2482100,2022-05-12
70.69827270507812,70.69827270507812,71.05595010131053,69.16872015265918,69.49345707432941,2601200,2022-05-13
69.9734878540039,69.9734878540039,70.46294863468098,69.25813314573243,70.18056686265446,2101000,2022-05-16
71.02772521972656,71.02772521972656,71.02772521972656,69.52170542976292,70.632396371349,2742800,2022-05-17
67.9686050415039,67.9686050415039,70.47236824066094,67.76152601826328,70.03938809264294,1899700,2022-05-18
68.60182189941406,68.60182189941406,69.45237634909542,67.29764321672079,67.34489904568032,1780500,2022-05-19
69.40510559082031,69.40510559082031,70.2745577686025,67.52443379359971,69.28224335880823,3017700,2022-05-20
69.81148529052734,69.81148529052734,70.66676221782856,69.11213669596779,69.92488771433946,2473100,2022-05-23
71.34246826171875,71.34246826171875,71.7110405211629,69.20664111986923,70.7187333650535,3071700,2022-05-24
69.49015045166016,69.49015045166016,70.80378119173821,68.77663387881103,70.61477237555506,2854900,2022-05-25
70.95500183105469,70.95500183105469,71.4180785288845,70.00994322555921,70.29345648107288,3380100,2022-05-26
72.10797119140625,72.10797119140625,72.41038964294931,71.2385118342734,71.68269051221391,2837700,2022-05-27
70.3123550415039,70.3123550415039,71.49840088355597,69.67916756615615,71.39917377708878,9765400,2022-05-31
69.90599060058594,69.90599060058594,71.04005811444549,69.53741829807032,70.23675969127619,2384000,2022-06-01
71.10619354248047,71.10619354248047,71.21960314862561,69.603554114731,69.93432311987489,2133600,2022-06-02
71.05895233154297,71.05895233154297,71.18180734329879,70.01938219274645,70.63367167197413,1415400,2022-06-03
71.06839752197266,71.06839752197266,71.88114842258334,70.95499511459163,71.38026856271904,1019900,2022-06-06
72.28751373291016,72.28751373291016,72.35366753134426,70.29343996696639,70.63366156183417,1582500,2022-06-07
72.14576721191406,72.14576721191406,72.71280811768472,71.05895563304445,71.66379253632348,1926900,2022-06-08
71.82445526123047,71.82445526123047,72.92072672349413,71.5976432108475,72.00401870665557,2505100,2022-06-09
69.26333618164062,69.26333618164062,70.9077359017677,69.24443097450155,70.6809238876663,2314500,2022-06-10
67.19365692138672,67.19365692138672,68.23321981407854,66.57936746336117,67.50552795226147,1860400,2022-06-13
65.40750885009766,65.40750885009766,67.29290346834883,64.86882570348665,67.02355828993065,1859400,2022-06-14
65.92729949951172,65.92729949951172,66.88180363233846,64.9822407626905,65.59653038366949,1629300,2022-06-15
64.21673583984375,64.21673583984375,64.7223457057161,63.290582350720165,64.6609145828875,1818700,2022-06-16
64.15057373046875,64.15057373046875,64.96332468501933,63.536291422455314,64.20728214814712,3669400,2022-06-17
66.03126525878906,66.03126525878906,66.25807736672023,64.41521547060405,65.02005256523843,2506000,2022-06-21
64.98223876953125,64.98223876953125,65.32246048116956,64.14113709637702,64.71762348497384,2621800,2022-06-22
64.82157135009766,64.82157135009766,65.7004762102261,64.18838376544208,64.90663038054906,1791000,2022-06-23
66.96684265136719,66.96684265136719,67.00464585476766,64.70815352231192,65.16177754266991,3453500,2022-06-24
66.07849884033203,66.07849884033203,67.44883820404786,65.32717894673326,67.38268438719435,2327700,2022-06-27
65.95565032958984,65.95565032958984,66.95741028671392,65.67212982350047,66.34312066367094,1877800,2022-06-28
65.94617462158203,65.94617462158203,66.3430974228795,64.75539900746618,65.68155942071705,2728700,2022-06-29
66.78728485107422,66.78728485107422,67.0141040905406,64.97277419668961,65.18068822775493,2822500,2022-06-30
67.94970703125,67.94970703125,68.27575336469498,66.3714610797292,67.08025494887946,2096300,2022-07-01
67.44884490966797,67.44884490966797,67.5622473439909,66.31950000310412,66.5132315651478,1936800,2022-07-05
67.34488677978516,67.34488677978516,67.83631414441291,66.71169195409969,67.53389564074371,2440000,2022-07-06
66.2391586303711,66.2391586303711,66.35256826629984,63.659152502464686,64.87827905035333,4386800,2022-07-07
66.0501480102539,66.0501480102539,66.50377933158396,65.03988008973445,66.15410503784568,2485600,2022-07-08
65.20904541015625,65.20904541015625,66.31476227578747,64.92552493732639,66.08795022365867,2116900,2022-07-11
65.05783081054688,65.05783081054688,66.34311108825358,64.79321555517637,65.1050866248166,2430700,2022-07-12
64.64201354980469,64.64201354980469,65.16179148476989,64.10333040398237,64.33959506811892,1635500,2022-07-13
65.19959259033203,65.19959259033203,65.22794319547664,63.318927943413094,63.621346415330834,2793600,2022-07-14
65.69102478027344,65.69102478027344,66.29586170262539,65.45476013216017,66.08794765864975,3010100,2022-07-15
65.17123413085938,65.17123413085938,66.61150526451769,65.00112331026804,66.05013883554388,1525900,2022-07-18
67.89299774169922,67.89299774169922,67.97805675421495,65.917828979424,65.96508478751318,2450500,2022-07-19
68.67740631103516,68.67740631103516,68.7624653338313,67.19366460652908,68.08202199236166,1942400,2022-07-20
68.94202423095703,68.94202423095703,69.09795977026195,68.28048607350449,68.65851096785958,1520900,2022-07-21
67.94970703125,67.94970703125,69.26333775859055,67.45827257758033,69.06487634045537,3805300,2022-07-22
68.41279602050781,68.41279602050781,68.66796589717971,67.77015584142079,68.01587311260195,1620800,2022-07-25
68.72465515136719,68.72465515136719,68.79080895784053,67.65673443372368,68.41278411646825,1897800,2022-07-26
72.24028015136719,72.24028015136719,72.40093837948855,68.80026749751396,68.80026749751396,3786500,2022-07-27
72.62774658203125,72.62774658203125,73.2325834643598,71.7393964668624,71.88114947817036,2118300,2022-07-28
73.87521362304688,73.87521362304688,74.23434043068606,72.19301081954778,72.85454881747773,2183100,2022-07-29
73.97917938232422,73.97917938232422,74.70687847642039,73.05302607557815,73.05302607557815,2425700,2022-08-01
73.2042465209961,73.2042465209961,74.44227111891303,73.14754530589325,73.87523733720741,2146700,2022-08-02
74.87699890136719,74.87699890136719,75.32117040368965,73.20329653845285,73.57281336916766,2483600,2022-08-03
75.13214874267578,75.13214874267578,75.42511456257681,74.69742270951737,75.20775515110958,2129600,2022-08-04
74.96205139160156,74.96205139160156,75.33534638367134,74.24380480293506,74.57458109668264,1492700,2022-08-05
74.92424774169922,74.92424774169922,75.66612223417692,74.67380777919756,75.41568227167527,1882400,2022-08-08
74.5273208618164,74.5273208618164,74.73523490491091,74.05479156759247,74.5651240705813,1276600,2022-08-09
75.51018524169922,75.51018524169922,76.1197448795979,75.01875072117193,75.60468966173137,1419700,2022-08-10
76.17171478271484,76.17171478271484,77.06007209310415,75.69918552573743,76.27567179606783,1665800,2022-08-11
77.258544921875,77.258544921875,77.36250195057568,76.12447742179081,76.60645214370267,1758800,2022-08-12
77.06954193115234,77.06954193115234,77.43811425719576,76.55920935427088,76.79547403559235,2015600,2022-08-15
76.8521499633789,76.8521499633789,77.26797797294736,76.45994985621293,76.77654355978036,1862100,2022-08-16
76.15282440185547,76.15282440185547,76.41743965859416,75.75590151674743,76.09611598239363,1623200,2022-08-17
76.26663208007812,76.26663208007812,76.43735008226355,75.88724185726619,76.3899308270787,1183100,2022-08-18
75.31816101074219,75.31816101074219,76.06744748320646,74.91979729224384,75.90620898843652,1212500,2022-08-19
73.34535217285156,73.34535217285156,74.24165805386714,73.1177136496042,74.04721952886057,2493900,2022-08-22
72.9375228881836,72.9375228881836,73.6583638778645,72.61029877983273,73.15566746957114,1680300,2022-08-23
73.38329315185547,73.38329315185547,73.658350944837,72.82369081819836,72.99441609535006,1676800,2022-08-24
74.15155029296875,74.15155029296875,74.20845630430354,73.40225645323288,73.70576724079835,1881600,2022-08-25
71.35354614257812,71.35354614257812,74.35071366443628,71.29663290638429,74.35071366443628,1482100,2022-08-26
70.25332641601562,70.25332641601562,70.94571421580964,70.08260115279708,70.89828771747818,1441700,2022-08-29
69.10567474365234,69.10567474365234,70.52838283104084,68.50813995200548,70.31023107368355,2247000,2022-08-30
68.49866485595703,68.49866485595703,69.7032213908669,68.12876126922187,69.42816357883609,3350600,2022-08-31
68.97289276123047,68.97289276123047,69.01083251385293,67.64503036451596,68.42277720260664,1653600,2022-09-01
68.02442169189453,68.02442169189453,69.81703342210399,67.76833016685431,69.67476115666697,1565900,2022-09-02
68.36585998535156,68.36585998535156,68.43225273249087,67.27511579412007,68.00543601265242,1597300,2022-09-06
69.6273422241211,69.6273422241211,69.72218798944168,68.033908763424,68.48917133146999,1751400,2022-09-07
69.15312194824219,69.15312194824219,69.44714605873928,68.6883652904162,69.18157496070711,1883900,2022-09-08
69.61785888671875,69.61785888671875,69.75064441192525,69.0203167870211,69.40919385103186,1803300,2022-09-09
69.99724578857422,69.99724578857422,70.28178308459415,69.11516642200314,70.17745057183976,1693800,2022-09-12
67.45532989501953,67.45532989501953,68.69782587454701,67.11387940295188,68.54606688417608,1756300,2022-09-13
66.25077056884766,66.25077056884766,67.50750036402734,65.7385947987247,67.38894135898778,2097200,2022-09-14
65.37818145751953,65.37818145751953,66.82934259751366,65.15055018205929,66.29820054268386,2129100,2022-09-15
64.30640411376953,64.30640411376953,64.78064011096173,63.566589879685374,64.65733412048085,3782500,2022-09-16
64.73322296142578,64.73322296142578,64.82806872730245,63.927023097071896,63.97444236187619,2338000,2022-09-19
64.13568115234375,64.13568115234375,64.5055846644427,63.44329338779578,64.33485940991493,1842500,2022-09-20
63.57607650756836,63.57607650756836,65.29280849860652,63.56658976148738,64.42970274818047,1579600,2022-09-21
62.07748794555664,62.07748794555664,63.65669465422503,61.98738918628508,63.14926590983502,1981000,2022-09-22
62.39048385620117,62.39048385620117,62.53275609628061,61.4182986579695,61.641190145631725,2551600,2022-09-23
62.001625061035156,62.001625061035156,63.149275457356914,61.50841550655116,62.105957573088766,2415500,2022-09-26
61.77397918701172,61.77397918701172,62.83627043949789,61.28077692751961,62.542246433046856,1890500,2022-09-27
62.38100051879883,62.38100051879883,62.81730400855163,61.55108751530314,62.34306800655409,2264400,2022-09-28
61.17644500732422,61.17644500732422,61.99213151965659,60.58364999756333,61.859346016371525,1910800,2022-09-29
60.512516021728516,60.512516021728516,61.57480370386734,60.45561001437609,61.20490018354164,2625600,2022-09-30
62.06801986694336,62.06801986694336,62.608648703474636,60.806550169614304,61.3851187605316,1905500,2022-10-03
63.595054626464844,63.595054626464844,64.0028979024143,62.86947407822311,63.035452347246945,2424900,2022-10-04
63.95547103881836,63.95547103881836,64.38228056960003,62.916892979479776,62.99751223590442,1452500,2022-10-05
63.357940673828125,63.357940673828125,64.12620077740274,63.26308767256921,63.756297228550665,1670000,2022-10-06
61.89729690551758,61.89729690551758,63.08288713841986,61.52739333175355,62.760402832210815,1446600,2022-10-07
61.66017532348633,61.66017532348633,62.58967396047606,61.14799950388729,62.409469176070026,841300,2022-10-10
61.41356658935547,61.41356658935547,62.19131339802478,61.15748231417614,61.62223160275146,1449200,2022-10-11
61.2523307800293,61.2523307800293,61.97316437562908,61.23810427723903,61.71708008913641,1637600,2022-10-12
61.66017532348633,61.66017532348633,62.172351143085365,59.27002511682486,59.924469585334265,1946400,2022-10-13
60.81603240966797,60.81603240966797,62.6940030768392,60.5409746379575,62.05852851957761,1632800,2022-10-14
62.001625061035156,62.001625061035156,62.34307560298007,61.47047575341639,61.679140777523614,1688600,2022-10-17
63.272560119628906,63.272560119628906,63.54761784132392,62.59914593324446,63.47173835197363,1637200,2022-10-18
62.8647346496582,62.8647346496582,63.50020927069366,62.27668653191668,63.04494667865303,1552300,2022-10-19
61.41356658935547,61.41356658935547,63.26783122462634,61.33768708698099,63.01648670474506,1923200,2022-10-20
63.348445892333984,63.348445892333984,63.49071813991077,60.986752633120986,61.67913314238509,2351000,2022-10-21
63.62350082397461,63.62350082397461,64.39176079609567,63.34844308717733,63.7088598269806,2518300,2022-10-24
65.30229949951172,65.30229949951172,65.35921274343877,63.52866138895893,63.52866138895893,2567100,2022-10-25
64.8185806274414,64.8185806274414,65.58684795842974,63.33896644908569,65.15055165548557,3656700,2022-10-26
66.40253448486328,66.40253448486328,67.83472216166152,64.87549380799699,64.97982631905751,3016900,2022-10-27
67.9959716796875,67.9959716796875,68.16669695847474,66.2507791369436,66.50687067325863,1918400,2022-10-28
67.00005340576172,67.00005340576172,67.83470605985796,66.62066320434843,67.03799314952967,2551900,2022-10-31
67.82523345947266,67.82523345947266,68.308948960184,67.08542647130994,67.59759497367878,1885200,2022-11-01
66.59222412109375,66.59222412109375,68.83061881728746,66.5827373741028,67.54069620469218,1782900,2022-11-02
66.59222412109375,66.59222412109375,67.42687694960398,65.55839302337996,65.89035680538588,2035000,2022-11-03
69.44712829589844,69.44712829589844,70.0636366079398,67.61657685407782,67.61657685407782,2299000,2022-11-04
69.9403305053711,69.9403305053711,69.96878351051842,68.94443914387573,69.3238221941971,1777400,2022-11-07
69.39022064208984,69.39022064208984,70.37662523447266,68.85907135819025,70.1300277045108,1528100,2022-11-08
68.86856079101562,68.86856079101562,70.08260393938967,68.8021680324723,69.20052458373229,1743200,2022-11-09
71.70447540283203,71.70447540283203,72.18819810614991,70.68012399684115,70.68012399684115,2643400,2022-11-10
73.38329315185547,73.38329315185547,74.00928101056618,71.71871989055936,71.76140663704848,2984500,2022-11-11
73.7626724243164,73.7626724243164,75.46043836067435,72.76678105579441,72.80472080834781,4193900,2022-11-14
74.65423583984375,74.65423583984375,75.38456338682153,74.16103354688292,74.42660456895935,2349100,2022-11-15
74.36021423339844,74.36021423339844,75.64065012366139,74.29382147571867,74.40763349673092,2169600,2022-11-16
73.63668823242188,73.63668823242188,73.69381277550379,72.07541963333705,73.30349199416595,3420800,2022-11-17
74.02700805664062,74.02700805664062,74.97900144685363,73.70332652713896,74.42684353737813,3697600,2022-11-18
74.43637084960938,74.43637084960938,74.7505231709551,73.11785787581572,73.75093439733926,2068800,2022-11-21
74.49349212646484,74.49349212646484,74.81716643342564,73.87469489259583,74.78860779023898,1916300,2022-11-22
74.3506851196289,74.3506851196289,74.76004258334336,73.78901248458045,74.22692858897419,1898000,2022-11-23
74.89332580566406,74.89332580566406,75.22461913207955,74.4649316421879,74.76956926720368,971100,2022-11-25
72.6751708984375,72.6751708984375,74.5982015869235,72.53713505458038,74.27452006198307,2065800,2022-11-28
73.18927001953125,73.18927001953125,73.89375055790319,72.48479674429454,72.78943442519164,1869000,2022-11-29
74.3411636352539,74.3411636352539,74.41256750055001,71.89454080499036,73.12261320412189,3462100,2022-11-30
75.04564666748047,75.04564666748047,75.12180788791211,73.6271711736927,73.89373544520345,1776700,2022-12-01
75.9214859008789,75.9214859008789,76.31180674416599,73.79853708053601,74.32213644027858,1998300,2022-12-02
74.71245574951172,74.71245574951172,75.45500954398403,74.10317320562406,75.03613006479073,2100200,2022-12-05
75.38836669921875,75.38836669921875,75.41692534178017,74.49349049558018,74.70293022520912,2674000,2022-12-06
75.20747375488281,75.20747375488281,75.67394845715364,74.59819859918503,75.17891511682397,2151300,2022-12-07
75.9119644165039,75.9119644165039,76.15948477570258,75.25985115231498,76.04524293381063,2376700,2022-12-08
74.69340515136719,74.69340515136719,76.15947593468593,74.59344990655774,76.03571940102016,1417200,2022-12-09
76.6735610961914,76.6735610961914,76.74972232305322,74.75053006516939,75.11229226119585,1681200,2022-12-12
77.06387329101562,77.06387329101562,78.06346940202698,76.71164033358312,78.06346940202698,2600900,2022-12-13
76.3974838256836,76.3974838256836,78.00635527967361,76.06428752953805,77.11147900162456,3025900,2022-12-14
75.03612518310547,75.03612518310547,75.75012028720624,74.24596885808184,75.53115859283648,2119400,2022-12-15
74.82667541503906,74.82667541503906,74.95043919821246,73.9698799524774,74.45539859178447,4036900,2022-12-16
74.13172149658203,74.13172149658203,75.22175063828571,73.84802353970026,74.85523118108846,1532700,2022-12-19
74.17932891845703,74.17932891845703,74.50301047281413,73.78901537532687,74.16029224496954,1889800,2022-12-20
75.23603057861328,75.23603057861328,75.33122845755796,74.16980271342076,74.67435800864688,1621700,2022-12-21
74.3887710571289,74.3887710571289,74.99804631237758,73.39869695156631,74.78860658154824,1379600,2022-12-22
74.59822082519531,74.59822082519531,74.85525590743941,74.00798216463507,74.1603046305093,810400,2022-12-23
74.74100494384766,74.74100494384766,75.17892104257707,74.26500823699394,74.60772644697929,955400,2022-12-27
73.68429565429688,73.68429565429688,74.96948537960624,73.67477368596805,74.82668490720881,882800,2022-12-28
75.27411651611328,75.27411651611328,75.42643894372314,73.87468508076348,74.29356449355747,957700,2022-12-29
74.55060577392578,74.55060577392578,75.19796161938316,73.8270959713992,75.01708780031838,995900,2022-12-30
75.32171630859375,75.32171630859375,75.64539056061044,74.64580190308874,75.1503572154282,1317300,2023-01-03
76.89250946044922,76.89250946044922,76.98771461806065,75.49308515904684,75.95003795779307,1611900,2023-01-04
76.28323364257812,76.28323364257812,76.93058948851304,76.12139649687782,76.644995807242,2136300,2023-01-05
77.920654296875,77.920654296875,78.11105732488178,76.54978881089048,77.101939434278,1555400,2023-01-06
77.55891418457031,77.55891418457031,78.94406651625441,77.41135634926806,78.04443291938279,1652600,2023-01-09
77.74929809570312,77.74929809570312,77.84449598168169,76.89250259562984,77.47321914217211,1975300,2023-01-10
77.96827697753906,77.96827697753906,78.28243660742181,77.24475981078523,78.28243660742181,2683300,2023-01-11
78.92025756835938,78.92025756835938,79.00593349158986,76.87347022129569,78.06346202038696,2503600,2023-01-12
79.25345611572266,79.25345611572266,79.30105869431894,78.27480694800532,78.67273951989009,1272000,2023-01-13
78.99642181396484,78.99642181396484,79.48193325714377,78.89645930323164,79.26297882507495,1946300,2023-01-17
77.86355590820312,77.86355590820312,79.39626615558193,77.84451196921634,79.2249070203739,1876300,2023-01-18
75.82628631591797,75.82628631591797,77.84450795640316,75.79772767204457,77.61603154228176,1552100,2023-01-19
76.93061065673828,76.93061065673828,76.9591693064102,75.35982681969638,76.1975786836611,1787600,2023-01-20
77.44466400146484,77.44466400146484,77.85878608203701,76.05475446661217,76.74971286560523,1104400,2023-01-23
78.1681900024414,78.1681900024414,78.56326819236945,76.40700340940303,76.40700340940303,1542900,2023-01-24
77.07340240478516,77.07340240478516,77.5874798298351,76.19757001979706,77.5874798298351,1448800,2023-01-25
77.1876220703125,77.1876220703125,77.54937692628425,76.31178993703384,77.50178161696664,1353100,2023-01-26
77.30187225341797,77.30187225341797,77.68267112061956,76.5307598131071,77.03531522531713,1457100,2023-01-27
77.07340240478516,77.07340240478516,77.60651650640662,76.51172965673895,76.90204326310185,1334300,2023-01-30
78.2824478149414,78.2824478149414,78.2824478149414,77.12101429925367,77.60652587334417,2543400,2023-01-31
80.50057983398438,80.50057983398438,81.03370121104992,78.13963967531937,78.51091661368311,3058700,2023-02-01
79.83419036865234,79.83419036865234,81.43354003722654,79.76755110175905,81.32882015166061,2274200,2023-02-02
80.66241455078125,80.66241455078125,80.77664912534952,79.42957741620316,79.47242264480046,1580500,2023-02-03
79.65328979492188,79.65328979492188,80.77664235047564,79.52953326180786,79.93889073365712,1500100,2023-02-06
79.61520385742188,79.61520385742188,79.79608492405791,78.26337499922917,79.1296924624511,1641500,2023-02-07
79.52001953125,79.52001953125,79.98649433391552,79.05354472858447,79.40578495442908,1724200,2023-02-08
78.8345718383789,78.8345718383789,80.20544467090323,78.53945620592897,79.98648299115654,1745200,2023-02-09
79.22489929199219,79.22489929199219,79.42481705304382,78.42522098465176,78.84410044388407,1906000,2023-02-10
80.32920837402344,80.32920837402344,80.54817007332706,79.34865623773172,79.66281583376711,1758700,2023-02-13
80.28160858154297,80.28160858154297,80.79568591099556,79.67233336066586,80.32920389568845,1887400,2023-02-14
80.51010131835938,80.51010131835938,80.58626255221428,79.92938462070198,80.19594167605914,1182000,2023-02-15
79.85096740722656,79.85096740722656,80.40502542058583,79.37811370820853,79.71723027132981,1427500,2023-02-16
80.96862030029297,80.96862030029297,81.01637938792936,79.64079668111475,80.10887655345527,1800700,2023-02-17
79.34466552734375,79.34466552734375,80.53875214935711,79.15361458307216,80.14709552716243,2365600,2023-02-21
79.64078521728516,79.64078521728516,80.36678446511077,79.33509940553631,80.00378484119796,1671900,2023-02-22
80.21395874023438,80.21395874023438,80.37635276085436,79.02942693082117,79.7076672123451,1371600,2023-02-23
79.88915252685547,79.88915252685547,80.26170689428649,79.33510198562786,79.89870725856841,1889500,2023-02-24
80.24262237548828,80.24262237548828,80.73935921198947,79.97514813367023,80.01335978080516,1362400,2023-02-27
80.83487701416016,80.83487701416016,81.18832193052657,80.18529370933456,80.21395061735075,2963600,2023-02-28
81.4176025390625,81.4176025390625,81.73283585705786,80.53874927762153,80.69159585808991,1914600,2023-03-01
81.8379135131836,81.8379135131836,82.1292709210272,80.90175374537932,81.3316219853531,1415400,2023-03-02
83.04154205322266,83.04154205322266,83.16572441085079,81.80924405599049,82.15314151047968,1292300,2023-03-03
82.7740707397461,82.7740707397461,83.42365403313886,82.65943582157384,83.0033332879656,1704900,2023-03-06
81.33161163330078,81.33161163330078,82.92690930159625,81.18831980883938,82.92690930159625,1952400,2023-03-07
81.52267456054688,81.52267456054688,81.8092582517248,80.72025188625032,81.40804691457652,1703600,2023-03-08
80.38591003417969,80.38591003417969,81.92389413247936,80.24261818693495,81.82836866369156,1731600,2023-03-09
78.47535705566406,78.47535705566406,80.36678576900826,78.13145960085153,80.36678576900826,1962300,2023-03-10
78.27477264404297,78.27477264404297,79.27302736274555,77.59653228208647,77.72071467350045,2497000,2023-03-13
79.6981201171875,79.6981201171875,80.18530951386303,78.80016461902605,79.43064587215045,2293000,2023-03-14
77.52965545654297,77.52965545654297,78.93389512528375,76.0967515884138,78.62820925827457,2710400,2023-03-15
77.8639907836914,77.8639907836914,77.98817314998708,76.43108705268264,76.81319617191004,1854400,2023-03-16
76.45974731445312,76.45974731445312,77.60606743428352,76.04898126869087,77.5391988820955,3538700,2023-03-17
78.1219253540039,78.1219253540039,78.22700556431268,76.84186793842674,77.07113053904285,1624900,2023-03-20
78.6281967163086,78.6281967163086,79.22046617772122,78.1935548179481,78.95299199776868,1237300,2023-03-21
77.03289794921875,77.03289794921875,78.80014428778301,77.00424104294807,78.4562468362854,1464400,2023-03-22
76.68901824951172,76.68901824951172,77.85826694000858,76.05854430124197,76.70812771686538,1890300,2023-03-23
76.89916229248047,76.89916229248047,77.04245411462558,75.01728100568252,75.61910520106704,1766800,2023-03-24
77.36724853515625,77.36724853515625,77.82578094648014,76.9087234119578,77.46277399514548,1432800,2023-03-27
78.06459045410156,78.06459045410156,78.09324736042745,77.15708045440832,77.30992700564602,1217200,2023-03-28
79.12495422363281,79.12495422363281,79.34466207116225,78.46581610479247,78.83837053158238,1531400,2023-03-29
79.4115219116211,79.4115219116211,79.89871121938417,78.99407267425735,79.39241973537314,1189600,2023-03-30
80.62474060058594,80.62474060058594,80.6916091685396,79.66469016795372,79.85096741354802,2608900,2023-03-31
80.43366241455078,80.43366241455078,81.00682975571483,80.0228963737168,80.50053096593652,1382200,2023-04-03
77.02336120605469,77.02336120605469,80.92086170784675,76.66036149497532,80.33814685050461,2606800,2023-04-04
75.83882141113281,75.83882141113281,76.87051389908783,75.53313555782677,76.52661640310282,1723500,2023-04-05
74.97907257080078,74.97907257080078,75.56178732779652,74.39635781380504,75.55223259574532,1826200,2023-04-06
75.5904541015625,75.5904541015625,75.60956356815898,73.45065299470028,74.46323608053108,1235800,2023-04-10
76.20181274414062,76.20181274414062,76.58392184098292,75.69552128827765,76.00120710812651,1407100,2023-04-11
77.11888885498047,77.11888885498047,77.64428256344411,76.28780199350042,76.5648309473271,1327500,2023-04-12
77.52965545654297,77.52965545654297,77.66339256785162,75.99167138836758,77.05202083383324,1565200,2023-04-13
77.62518310546875,77.62518310546875,78.33208032627444,77.14754846933293,77.35292786457077,926000,2023-04-14
78.69507598876953,78.69507598876953,78.7237401874931,77.84488696311456,77.89265333952808,1312700,2023-04-17
78.60910034179688,78.60910034179688,79.51660313190415,78.37028305091334,79.09628965587436,2024100,2023-04-18
78.80972290039062,78.80972290039062,78.81927763475105,77.96430746860182,78.01684757539381,1143400,2023-04-19
79.04853057861328,79.04853057861328,79.11539913470762,78.06460441545698,78.5899981310193,1905100,2023-04-20
79.02943420410156,79.02943420410156,79.73633146160117,78.24611365170293,79.53572577858614,1042500,2023-04-21
79.33512115478516,79.33512115478516,79.73633252617185,78.80016537147627,78.88614340141721,1715400,2023-04-24
78.95301055908203,78.95301055908203,79.72200265129278,78.80971870381343,79.27779862877279,2137700,2023-04-25
78.21743774414062,78.21743774414062,79.7363195284078,77.90220445408085,78.23654720906876,2947600,2023-04-26
82.03850555419922,82.03850555419922,82.07671719178207,78.40848744132516,79.12493924772296,2353000,2023-04-27
81.4844741821289,81.4844741821289,82.76453154546502,81.19789047695967,82.35376545505653,1973800,2023-04-28
82.10538482666016,82.10538482666016,82.51615087419474,81.54177949694734,81.79969897417807,1347200,2023-05-01
82.40151977539062,82.40151977539062,82.49704523375759,80.93517811661299,82.02896538607177,1290800,2023-05-02
81.71372985839844,81.71372985839844,83.03199875674093,81.65163502697037,82.88870691628233,1370300,2023-05-03
81.4844741821289,81.4844741821289,82.33466327583756,81.27431377008833,82.19137142325293,1857800,2023-05-04
82.11493682861328,82.11493682861328,82.82183397244678,81.80925098629675,82.29644030278182,1478000,2023-05-05
81.92389678955078,81.92389678955078,82.4779474417402,81.61821090663973,82.20092575970865,1546200,2023-05-08
81.62774658203125,81.62774658203125,81.82835951862924,81.27430165820446,81.82835951862924,1293100,2023-05-09
81.62774658203125,81.62774658203125,82.1913591747048,80.3285799449578,82.16270226608374,1871500,2023-05-10
80.75847625732422,80.75847625732422,81.22655622442655,80.3190532062304,81.04505270553645,1323100,2023-05-11
80.62474060058594,80.62474060058594,81.5131414537574,80.12322269686979,81.0928205762616,1437400,2023-05-12
80.72979736328125,80.72979736328125,80.89219136853711,80.23305332727779,80.68203099085297,1390000,2023-05-15
79.23001861572266,79.23001861572266,80.28081313002775,79.08577205396868,80.28081313002775,1812900,2023-05-16
80.00379180908203,80.00379180908203,80.31903237968878,79.15360284335495,79.69810597070966,2546300,2023-05-17
81.04928588867188,81.04928588867188,81.17877496245796,79.51462631766029,80.17644391269506,2172300,2023-05-18
81.10682678222656,81.10682678222656,81.75905796193463,80.4929630034229,81.75905796193463,2092800,2023-05-19
80.64643096923828,80.64643096923828,81.34661589748211,80.19562316505846,80.87662805215635,1553300,2023-05-22
78.88157653808594,78.88157653808594,80.18603902621729,78.58423829902932,79.88870078716069,2892200,2023-05-23
77.78812408447266,77.78812408447266,78.7559222050846,77.6250681176557,78.63219227568236,1987500,2023-05-24
78.10464477539062,78.10464477539062,78.21974697186286,77.40445255305906,78.04709733607105,2541800,2023-05-25
78.449951171875,78.449951171875,78.58423342103838,77.60589027458605,78.0566907865867,2736400,2023-05-26
77.91283416748047,77.91283416748047,78.68016037825814,77.59630853809017,78.60342556182991,1823500,2023-05-30
76.26304626464844,76.26304626464844,77.76893176515082,75.85060591392066,77.59628214582682,6744600,2023-05-31
78.18138122558594,78.18138122558594,78.40198462619601,75.80265367304456,76.47407218990834,2415100,2023-06-01
82.1043701171875,82.1043701171875,82.44007578041105,79.74482947560037,79.74482947560037,3155200,2023-06-02
81.07805633544922,81.07805633544922,82.03721944329617,80.6464358640516,82.03721944329617,1683900,2023-06-05
82.02761840820312,82.02761840820312,82.20026804484826,81.00131426754398,81.0492753457694,1431500,2023-06-06
83.62943267822266,83.62943267822266,83.89799717423732,81.63437168235141,81.82620137440941,2151400,2023-06-07
82.57435607910156,82.57435607910156,83.92198651724622,82.48515899503445,83.64862149366671,1503700,2023-06-08
82.16191101074219,82.16191101074219,82.45924921683421,81.3945776376767,82.37292073639348,2064800,2023-06-09
82.96759796142578,82.96759796142578,83.13065391212211,81.71109679643322,82.19067828753974,1570700,2023-06-12
83.6390151977539,83.6390151977539,84.13778408272385,83.10188623040167,83.21698843104858,1724000,2023-06-13
83.93637084960938,83.93637084960938,84.4543198382778,83.25536587872152,84.10902051249884,1854200,2023-06-14
84.9242935180664,84.9242935180664,85.10653683110328,83.60065120282401,83.83084827551116,1495900,2023-06-15
85.00102996826172,85.00102996826172,85.6532611184227,84.51185477618269,85.2408207246763,3054200,2023-06-16
83.52393341064453,83.52393341064453,84.46870975031509,83.20740779761253,84.1473909556921,1541400,2023-06-20
83.44718170166016,83.44718170166016,84.08023279954294,82.79495056346259,83.18821090932911,2063700,2023-06-21
82.55516815185547,82.55516815185547,83.45678381223189,82.29619733336104,83.45678381223189,1542600,2023-06-22
82.8429183959961,82.8429183959961,83.0251544062615,81.33703264325761,81.78783314682666,2143100,2023-06-23
83.56229400634766,83.56229400634766,83.81455437632835,82.87169538613946,82.87169538613946,1023200,2023-06-26
84.1569595336914,84.1569595336914,84.33920284531715,83.39921988588743,83.9267624627867,1052900,2023-06-27
83.93637084960938,83.93637084960938,84.31044389956419,83.60066520450046,84.31044389956419,962000,2023-06-28
84.99143981933594,84.99143981933594,85.02021354044757,83.15943485167188,83.49514777886344,1107000,2023-06-29
85.3750991821289,85.3750991821289,86.43017700006385,85.3750991821289,85.69161740502642,2777000,2023-06-30
84.99143981933594,84.99143981933594,85.02980722009593,84.28645438076714,84.8187901748327,689400,2023-07-03
83.96514129638672,83.96514129638672,84.79002217379073,83.79249164023626,84.32962065144484,1549900,2023-07-05
82.86209106445312,82.86209106445312,83.69656550967743,82.52638547769608,83.41840736126932,1591800,2023-07-06
83.31291961669922,83.31291961669922,83.77331387393868,82.50721868977801,82.60314086805145,2034100,2023-07-07
83.71575927734375,83.71575927734375,84.00830433330987,83.02516063258216,83.4184210400069,1585500,2023-07-10
83.859619140625,83.859619140625,84.49266289842669,83.71574323090512,84.16655099970549,1337900,2023-07-11
85.08735656738281,85.08735656738281,85.77795516085796,83.68697933853983,84.59818134403233,2499900,2023-07-12
85.42305755615234,85.42305755615234,85.76835683418207,84.91278504614911,85.20245415608699,1250200,2023-07-13
85.0969467163086,85.0969467163086,85.32714379863751,84.3104333103376,85.13531411633562,930300,2023-07-14
84.9242935180664,84.9242935180664,85.53815725712083,84.52144681140564,84.84755872122635,1373700,2023-07-17
84.9146957397461,84.9146957397461,85.71080275340532,84.5789901670683,85.03939160804974,1859900,2023-07-18
84.48308563232422,84.48308563232422,84.85715864716613,83.39922667120946,83.97473037204335,1783000,2023-07-19
83.31291961669922,83.31291961669922,83.93637718630264,82.30579528750641,82.95802658345795,2714300,2023-07-20
83.68698120117188,83.68698120117188,84.26247760259886,83.29372081419929,83.71575492356816,1788400,2023-07-21
83.66779327392578,83.66779327392578,84.31522392032903,83.44718255995521,83.95553778860508,1300200,2023-07-24
83.9939193725586,83.9939193725586,84.22411648674489,82.62231573256489,82.9676150627615,2330300,2023-07-25
87.02487182617188,87.02487182617188,87.31261636726813,81.74947474323582,82.42088599029418,4285500,2023-07-26
86.0081558227539,86.0081558227539,87.60037012578141,85.38469832677525,87.60037012578141,3478200,2023-07-27
86.37264251708984,86.37264251708984,87.11119490506375,85.47582001718034,86.82344303981817,2465400,2023-07-28
87.24547576904297,87.24547576904297,87.51404026948696,86.42059490748854,86.49732971271077,1961900,2023-07-31
86.5452880859375,86.5452880859375,87.21669931602743,86.19039511127077,86.48773332490582,1500100,2023-08-01
85.73958587646484,85.73958587646484,86.34865647231246,85.11612842005522,85.86427444061339,1594600,2023-08-02
85.96019744873047,85.96019744873047,86.44936534832705,85.26959886361351,85.57653075501732,1554600,2023-08-03
84.8955307006836,84.8955307006836,86.22876686619857,84.72288104453894,86.22876686619857,1135000,2023-08-04
86.5165023803711,86.5165023803711,86.5932371790524,85.30796223138996,85.30796223138996,1671100,2023-08-07
85.30797576904297,85.30797576904297,86.008160794082,84.78043309168397,85.86428485318098,1651500,2023-08-08
84.40636444091797,84.40636444091797,85.53817734772548,84.33922330737153,85.20247167999332,1713300,2023-08-09
84.1953353881836,84.1953353881836,85.34633549397658,83.91717721222946,84.53104100818558,1628800,2023-08-10
83.84044647216797,83.84044647216797,84.2816606010228,83.45677978512751,83.754117991613,1559200,2023-08-11
83.49514770507812,83.49514770507812,83.71575111196132,82.92923769166013,83.64860999014904,2050800,2023-08-14
82.2386474609375,82.2386474609375,83.33209288019145,81.83580068917746,82.90047238442486,2251800,2023-08-15
81.78783416748047,81.78783416748047,82.67506296049031,81.4904959487314,82.1139534261572,2331600,2023-08-16
80.81520080566406,80.81520080566406,82.85676957844541,80.79594398059125,82.21155940513562,2218000,2023-08-17
80.63224029541016,80.63224029541016,81.37374933471737,80.10258573366968,80.10258573366968,1949600,2023-08-18
80.43000030517578,80.43000030517578,80.74779303074146,79.90998519605088,80.60334112392714,1660300,2023-08-21
79.88108825683594,79.88108825683594,81.11373815031084,79.69812270041622,80.89224424879755,1955700,2023-08-22
80.74778747558594,80.74778747558594,80.91149619671933,79.64033272903721,80.1410983252588,1663100,2023-08-23
79.77515411376953,79.77515411376953,81.20040159213367,79.7366404644962,80.3818506231923,1902000,2023-08-24
80.76705169677734,80.76705169677734,81.17151113057818,79.77034022013025,80.45889107857737,2107900,2023-08-25
81.50855255126953,81.50855255126953,81.86004649945826,80.98853018219592,81.04631534351162,1158000,2023-08-28
82.34637451171875,82.34637451171875,82.57749313501726,81.15224570589788,81.43151740981752,1589000,2023-08-29
82.49082946777344,82.49082946777344,83.42493608118308,82.173036756989,82.75083701024234,1583400,2023-08-30
82.38490295410156,82.38490295410156,83.36716270225956,82.36563878126027,82.60638951187175,1922300,2023-08-31
82.98194122314453,82.98194122314453,83.2949215101561,82.5100719554782,82.77971153700182,1188600,2023-09-01
81.22928619384766,81.22928619384766,83.06862510205616,81.05594539279726,82.88565221563397,1814500,2023-09-05
81.26781463623047,81.26781463623047,81.83599017118433,80.89224409072244,81.11373799180289,2179300,2023-09-06
79.90035247802734,79.90035247802734,81.58560756756997,79.86183148003944,80.67075039639792,2377800,2023-09-07
79.64997100830078,79.64997100830078,80.3144453773252,79.39958819072025,79.93887482451903,1922700,2023-09-08
79.91960144042969,79.91960144042969,80.46851275027568,79.46698894251435,80.07368541722145,1346000,2023-09-11
79.53440856933594,79.53440856933594,79.90998647190138,79.31292200952964,79.38033192083537,883300,2023-09-12
78.28250122070312,78.28250122070312,79.6114424860319,77.78173563286661,79.57292149103459,1579400,2023-09-13
78.65808868408203,78.65808868408203,79.27441004256194,77.93583640331994,78.879582616253,1538800,2023-09-14
78.11878967285156,78.11878967285156,78.75436769946522,77.72395499877642,78.3017552085511,3555100,2023-09-15
78.3788070678711,78.3788070678711,78.88919743990985,77.94545869274025,78.08990325303105,1692200,2023-09-18
79.13957977294922,79.13957977294922,79.38996258780608,77.92619404401272,77.95508295589444,2322200,2023-09-19
78.67733001708984,78.67733001708984,79.67885386415752,78.55214229137964,79.3610685070272,1432000,2023-09-20
77.93582153320312,77.93582153320312,78.80252557417695,77.79136963518603,78.51362177814276,2768900,2023-09-21
77.82989501953125,77.82989501953125,78.51362620509335,77.72396411148776,77.94545801388662,1361500,2023-09-22
77.955078125,77.955078125,78.14768310415765,77.18468024975553,77.40616679187595,1074200,2023-09-25
76.35650634765625,76.35650634765625,77.72878117117381,76.27946434677067,77.49285014576492,3357400,2023-09-26
76.41427612304688,76.41427612304688,76.97281954991966,76.20241431650004,76.46242920530891,3145700,2023-09-27
77.49285125732422,77.49285125732422,77.98398483610261,76.21205552596572,76.5876261017581,1647900,2023-09-28
77.33876037597656,77.33876037597656,78.14768663068524,77.01134291732643,78.0321236379757,1763900,2023-09-29
76.5587387084961,76.5587387084961,77.5506306256566,76.23132121422674,77.0980180388832,1621100,2023-10-02
76.4624252319336,76.4624252319336,77.1172674421727,76.12537571500062,76.3276054251604,1645200,2023-10-03
77.0979995727539,77.0979995727539,77.17504155782217,75.8711393899747,76.61649818676943,1463200,2023-10-04
76.21205139160156,76.21205139160156,77.32913831847725,75.94241174639137,77.05949132613776,1197200,2023-10-05
76.59725952148438,76.59725952148438,77.11728202327457,75.50906877616941,76.09649384696205,2133500,2023-10-06
76.99208068847656,76.99208068847656,76.99208068847656,75.78832703576661,76.1831617604775,1506800,2023-10-09
77.32913970947266,77.32913970947266,77.9261968354267,76.98245806021508,77.19431988444242,1615900,2023-10-10
78.041748046875,78.041748046875,78.07063695542821,77.37727376163795,77.37727376163795,1576300,2023-10-11
77.46395874023438,77.46395874023438,78.36917650656588,77.10764500794824,78.34991968052876,1598400,2023-10-12
77.04022979736328,77.04022979736328,77.80100294826771,76.77540253800908,77.60839796549699,1767900,2023-10-13
77.53136444091797,77.53136444091797,78.04464221684641,77.12689764481375,77.66618425724306,1212200,2023-10-16
78.07064819335938,78.07064819335938,78.27287792947024,77.02579088322187,77.16542307703794,1172400,2023-10-17
75.93277740478516,75.93277740478516,77.52173366358888,75.89425640702353,77.47358057960459,2440300,2023-10-18
75.2779312133789,75.2779312133789,76.9728182909021,75.17585755440362,75.87499562686958,2441600,2023-10-19
74.66160583496094,74.66160583496094,75.53794190871983,74.54123048507944,75.34533694063246,2008100,2023-10-20
74.0645523071289,74.0645523071289,75.21052069619135,73.89121150121034,74.44974756727807,1822200,2023-10-23
74.41122436523438,74.41122436523438,75.12385173906095,73.81416732143123,74.71938497249265,2970400,2023-10-24
72.67784118652344,72.67784118652344,74.0501161212379,70.6073831645121,72.32152741390236,2910800,2023-10-25
72.72598266601562,72.72598266601562,73.64083991597535,72.47560717822559,72.94747658673886,1687000,2023-10-26
73.32305145263672,73.32305145263672,73.77566406052574,72.37931258043126,72.44672249987451,2331100,2023-10-27
73.708251953125,73.708251953125,74.12715591529255,72.97636760151632,73.86232861565158,1942500,2023-10-30
74.35346221923828,74.35346221923828,74.53643514393949,73.64084204233725,73.74677296220322,2165100,2023-10-31
73.96825408935547,73.96825408935547,74.81570138581051,73.4000858766226,74.52679756254095,2392200,2023-11-01
75.74018096923828,75.74018096923828,75.85573661723424,74.64235823050149,74.99866460799461,1974400,2023-11-02
76.85726165771484,76.85726165771484,77.60840276919158,76.61554845075767,76.69355292257336,2600600,2023-11-03
77.34839630126953,77.34839630126953,77.58914703768373,76.50095635405813,76.70318609099053,2205100,2023-11-06
76.91505432128906,76.91505432128906,77.37729165931437,76.5972615594404,76.9632000643046,1841700,2023-11-07
77.8587875366211,77.8587875366211,78.19583710185341,76.78022892787769,76.97282658025915,2355500,2023-11-08
77.66619110107422,77.66619110107422,78.50399898390239,77.51210709905135,78.19583832698625,1762100,2023-11-09
78.99513244628906,78.99513244628906,79.25514736255771,77.65655890588263,77.87805282169926,2053400,2023-11-10
78.75438690185547,78.75438690185547,79.11070066920719,78.20547546666124,78.81216473278221,1250800,2023-11-13
80.83448028564453,80.83448028564453,81.08485579465022,79.38034358845292,79.92925504608904,2133500,2023-11-14
80.50704193115234,80.50704193115234,81.50856584075763,80.47815301934831,81.0366964713236,1852100,2023-11-15
81.14521789550781,81.14521789550781,81.34827344649919,80.45869463916598,80.48770152114594,1426900,2023-11-16
81.74471282958984,81.74471282958984,81.860747723745,81.27091658843561,81.63834935423037,1775300,2023-11-17
81.99613952636719,81.99613952636719,82.26688030641677,80.89383356351794,81.74473421183559,1667500,2023-11-20
82.09281158447266,82.09281158447266,82.46024435675535,81.5658335963336,81.81239945149461,1346200,2023-11-21
82.13150024414062,82.13150024414062,82.56661824981659,81.80273835198795,82.32488438507836,1003300,2023-11-22
82.22818756103516,82.22818756103516,82.43124311042087,81.49331458911665,81.5900066539958,788800,2023-11-24
82.38289642333984,82.38289642333984,82.60529482017068,81.43530382464279,81.64803080149004,1423100,2023-11-27
81.51265716552734,81.51265716552734,82.34422219964355,81.45463602508161,82.33455078004732,1637800,2023-11-28
81.54167175292969,81.54167175292969,82.3925723295174,81.4643151431129,82.07348184687238,1714500,2023-11-29
82.95338439941406,82.95338439941406,83.03074099777419,81.21289782196773,81.75438663335729,2903000,2023-11-30
83.88165283203125,83.88165283203125,84.08470839743505,82.70682976566664,82.96306707751897,1662500,2023-12-01
84.35543823242188,84.35543823242188,84.38444511270605,83.26763595897769,83.28213939911977,1516500,2023-12-04
83.00172424316406,83.00172424316406,84.34577112355448,82.85668984701674,84.03635211655515,1803700,2023-12-05
83.59156036376953,83.59156036376953,84.06536400988101,83.12743551415323,83.4658614205675,2032700,2023-12-06
83.79461669921875,83.79461669921875,84.30709122824595,83.37883422483483,83.94932251122182,1678700,2023-12-07
84.60684967041016,84.60684967041016,84.86791898916941,83.83329837971367,83.83329837971367,3062900,2023-12-08
85.58346557617188,85.58346557617188,85.59312961990817,84.60685862812439,84.75190043262769,1447900,2023-12-11
86.095947265625,86.095947265625,86.37635947669307,85.36107413927881,85.75752127886466,1616400,2023-12-12
86.45370483398438,86.45370483398438,86.87915142886318,85.54478312182701,86.11527151417616,3047400,2023-12-13
87.67204284667969,87.67204284667969,88.02014022809534,86.83081365586904,87.1789110372847,3603800,2023-12-14
87.20791625976562,87.20791625976562,87.53667079309271,86.75828741020652,87.28526549416861,5291100,2023-12-15
86.53105163574219,86.53105163574219,87.24658918259955,85.92188495603266,87.17890399596516,3078700,2023-12-18
86.85014343261719,86.85014343261719,87.41096777451688,86.51171749427502,86.91782862028562,2702800,2023-12-19
85.35139465332031,85.35139465332031,86.90816142246233,85.30305230385538,86.36667989480685,1995800,2023-12-20
85.47708892822266,85.47708892822266,86.26030422406507,85.17733394446141,86.00889896007767,2394000,2023-12-21
86.16361236572266,86.16361236572266,86.51170969295073,85.39006111029771,85.73815843752578,1628300,2023-12-22
86.66641998291016,86.66641998291016,86.88398635648561,85.60279248475018,86.22163057012078,1788800,2023-12-26
86.64708709716797,86.64708709716797,87.21757547712579,86.47787044093933,86.67609398060553,1421600,2023-12-27
86.70508575439453,86.70508575439453,87.02417617086577,86.46335193169769,86.58905824086378,908900,2023-12-28
86.51171112060547,86.51171112060547,86.94682909825532,86.38600479767385,86.59873176528279,1091700,2023-12-29
85.506103515625,85.506103515625,86.20229823117805,85.14833473759575,85.45775379149353,1660600,2024-01-02
84.75189208984375,84.75189208984375,85.44808678122172,84.57784341699926,85.23535980584157,2146300,2024-01-03
84.78089904785156,84.78089904785156,85.49642920256767,84.6842069799924,85.07098262856096,2128300,2024-01-04
84.61652374267578,84.61652374267578,85.15800523685769,84.38445392191318,84.59718090237953,1930600,2024-01-05
84.66484832763672,84.66484832763672,85.03228844486094,84.33609388288929,84.63584145040966,3187600,2024-01-08
84.02668762207031,84.02668762207031,84.3167638154,83.56255538475853,84.13305110609735,2953900,2024-01-09
84.12338256835938,84.12338256835938,84.36028440492281,83.62057938975089,83.80429210534705,5041500,2024-01-10
83.2724838256836,83.2724838256836,84.25392271980779,82.88570816925431,84.12338436812234,3190300,2024-01-11
83.35951232910156,83.35951232910156,83.81204040615799,82.88571597833132,83.65925998693724,2387800,2024-01-12
83.79461669921875,83.79461669921875,83.93965109261823,82.80833856131693,82.9727157919236,1929100,2024-01-16
82.62462615966797,82.62462615966797,83.4658626050919,82.59561927829672,83.04040867262947,1864200,2024-01-17
84.0943832397461,84.0943832397461,84.20074673697125,82.77935034417374,82.77935034417374,2168600,2024-01-18
84.87760162353516,84.87760162353516,85.10000004656281,83.54323321676766,84.25876346006622,2025200,2024-01-19
85.03229522705078,85.03229522705078,85.68014012722918,84.95493863018828,85.10964444678217,1599700,2024-01-22
85.4190673828125,85.4190673828125,85.77683612689563,84.76155841065665,85.44808164081772,1760900,2024-01-23
85.09999084472656,85.09999084472656,85.96539482475508,85.06131254155042,85.96056280328257,2174100,2024-01-24
86.03791809082031,86.03791809082031,86.36667259708021,85.45775092920324,85.87353346055846,1747300,2024-01-25
85.6994857788086,85.6994857788086,86.43435878212729,85.56895480535358,86.15394661800396,1640100,2024-01-26
86.36666870117188,86.36666870117188,86.46336076470241,85.35138359127234,85.3997333116034,1485400,2024-01-29
87.0241928100586,87.0241928100586,87.0241928100586,85.86387319011071,86.21197055152152,2581000,2024-01-30
85.5157699584961,85.5157699584961,89.07892458105619,84.97428111284282,88.14099605370156,4270400,2024-01-31
86.61808776855469,86.61808776855469,86.61808776855469,84.67454526026867,86.19263376867664,3526400,2024-02-01
87.96212768554688,87.96212768554688,88.2377004796894,86.33767567529452,86.8404789126221,2051500,2024-02-02
87.884765625,87.884765625,88.20385610550191,86.91783014018131,87.02419363368195,1580000,2024-02-05
88.9000473022461,88.9000473022461,88.93872560535773,87.85575524962772,88.21352402056142,1546500,2024-02-06
88.73565673828125,88.73565673828125,89.39317309296408,88.45525196944625,88.86136305927437,2226200,2024-02-07
87.86541748046875,87.86541748046875,88.77433168857348,87.47864186693444,88.6196258694385,1441200,2024-02-08
88.0684814453125,88.0684814453125,88.0781454881555,87.29493014421993,87.86542588863038,2087200,2024-02-09
88.31987762451172,88.31987762451172,88.62446464215846,87.92343793885685,87.92343793885685,1942000,2024-02-12
87.11119842529297,87.11119842529297,87.93309933944494,86.41501119977475,87.80739302794214,1871800,2024-02-13
87.82675170898438,87.82675170898438,87.9137723614483,87.23692047406571,87.78807340440075,1668500,2024-02-14
89.50582885742188,89.50582885742188,89.54465248626528,88.26350235383325,88.68084710783725,2604600,2024-02-15
88.55467224121094,88.55467224121094,90.05905645246698,88.47703238506156,89.55435666081898,1967600,2024-02-16
88.34114074707031,88.34114074707031,88.67113788436188,87.83644839014488,88.13732225264755,2790000,2024-02-20
88.98171997070312,88.98171997070312,89.03995171088576,88.13732271380506,88.70996197671754,2771000,2024-02-21
89.69024658203125,89.69024658203125,90.19493898859132,88.95746256053405,90.02023634692617,1785100,2024-02-22
90.7675552368164,90.7675552368164,91.07328665818504,89.9231654518545,89.98139718741066,1671400,2024-02-23
91.0587387084961,91.0587387084961,91.15579408001453,90.24346470192097,90.35992818580301,1613400,2024-02-26
91.08785247802734,91.08785247802734,91.5149049886764,90.47639698720256,91.35961047394946,1356200,2024-02-27
92.1263656616211,92.1263656616211,92.28166018508337,90.98109446806333,91.08785760173103,1501700,2024-02-28
92.49517822265625,92.49517822265625,92.75722845161987,91.79636773895358,92.5825258306942,2401600,2024-02-29
92.8639907836914,92.8639907836914,93.00957753402929,91.86430645214084,92.38841431044739,1698900,2024-03-01
92.58253479003906,92.58253479003906,93.01928768219355,92.36900852103891,92.78635330003452,1292300,2024-03-04
91.75756072998047,91.75756072998047,92.67959798222796,91.22374501245753,92.41754770580378,1491400,2024-03-05
92.38842010498047,92.38842010498047,92.87370436664361,91.97107534375616,92.20400971599642,1086800,2024-03-06
94.08690643310547,94.08690643310547,94.25190128984714,92.60193791273143,92.81545674830032,1659500,2024-03-07
94.756591796875,94.756591796875,94.80512317961912,93.94131788168922,94.27130758883126,2389600,2024-03-08
93.47544860839844,93.47544860839844,94.99924083671262,93.03384557452308,94.54307986792104,1880400,2024-03-11
94.58190155029297,94.58190155029297,94.77116211997772,93.3007513697692,93.59192489459974,1450700,2024-03-12
95.40689086914062,95.40689086914062,95.4748303710494,93.96073840660333,94.60131720018634,2716500,2024-03-13
95.5912857055664,95.5912857055664,96.066869583222,94.92159850238865,95.53305396742479,3307100,2024-03-14
95.60099792480469,95.60099792480469,95.91157955080294,94.78572393337804,94.78572393337804,4137700,2024-03-15
95.154541015625,95.154541015625,96.26583874122672,95.08660151368669,95.94069916731836,1438100,2024-03-18
95.93098449707031,95.93098449707031,95.93098449707031,95.25158952663489,95.40688403693431,1596300,2024-03-19
96.40657043457031,96.40657043457031,96.51333356146263,95.38262037563028,95.78540718984223,1709600,2024-03-20
97.27037048339844,97.27037048339844,97.37227602313604,96.04648213730704,96.47450465681382,1816400,2024-03-21
96.416259765625,96.416259765625,97.3965359073656,96.22214905065715,97.3965359073656,1231000,2024-03-22
96.12510681152344,96.12510681152344,96.91126494073535,95.95040418227077,96.53274381149627,1658000,2024-03-25
95.7271728515625,95.7271728515625,96.64921741149027,95.7271728515625,96.12510950902457,1808600,2024-03-26
96.92097473144531,96.92097473144531,96.94038284405804,96.0668770843297,96.23187195851392,1501600,2024-03-27
96.34833526611328,96.34833526611328,97.10052736213613,96.1736326335199,97.05685355520036,1587500,2024-03-28
95.6689453125,95.6689453125,96.63951389937931,95.65923755327302,96.18334547876994,1226800,2024-04-01
94.8730697631836,94.8730697631836,95.62526182283867,94.82453837681233,95.41658574726213,1411900,2024-04-02
95.35836029052734,95.35836029052734,95.65923417227357,94.65954974789703,94.87307601423967,1374000,2024-04-03
94.3198471069336,94.3198471069336,96.17362909103305,94.2616153664975,95.98922611136871,1879900,2024-04-04
94.89247131347656,94.89247131347656,95.00894218980426,94.10631326160049,94.640128855374,1595500,2024-04-05
95.14482879638672,95.14482879638672,95.44570266160122,94.52366554925678,95.23218381184093,1449500,2024-04-08
96.20275115966797,96.20275115966797,96.24157478775517,94.40719353367186,95.3874697795365,1718800,2024-04-09
94.43631744384766,94.43631744384766,95.45055974308237,94.38778605719959,94.88277806257992,1238000,2024-04-10
95.08659362792969,95.08659362792969,95.1642408822341,94.07720153652154,94.52366214149731,1475000,2024-04-11
93.32986450195312,93.32986450195312,94.45766010947933,92.81545701001761,94.28101742396318,1537300,2024-04-12
93.22310638427734,93.22310638427734,94.93615917596458,92.78634612106492,94.776014486605,1475800,2024-04-15
93.15516662597656,93.15516662597656,93.57251137151596,92.25738781370055,93.04840350003509,1192700,2024-04-16
92.16517639160156,92.16517639160156,93.77632352517428,91.6798921809856,93.77632352517428,2506100,2024-04-17
92.6795883178711,92.6795883178711,93.45604611605569,92.4369461815447,92.46606205312781,1967000,2024-04-18
92.3107681274414,92.3107681274414,93.45603922261935,92.14577326407378,93.0872258683535,2339700,2024-04-19
93.45603942871094,93.45603942871094,94.0189709218711,92.35929971674013,92.6213499470872,2007000,2024-04-22
94.60131072998047,94.60131072998047,94.84395284946648,93.60841662977539,93.78602935798557,2074800,2024-04-23
90.62198638916016,90.62198638916016,94.05779987687345,90.28228147949015,94.05779987687345,4222900,2024-04-24
90.28229522705078,90.28229522705078,91.18492439436096,89.83583452346798,90.88405047354136,2219300,2024-04-25
89.48640441894531,89.48640441894531,90.9325566809956,89.40876457384913,90.26286210870184,2314100,2024-04-26
90.62198638916016,90.62198638916016,91.05873926609267,89.45729970925636,89.73876547177852,1714800,2024-04-29
88.51583099365234,88.51583099365234,90.54432270565609,88.44789150501197,90.18520974864329,1997800,2024-04-30
88.73906707763672,88.73906707763672,90.09786428751411,87.90437768034842,88.60318809713388,1937400,2024-05-01
89.06906127929688,89.06906127929688,89.37964287971374,88.36055047436906,89.1564162882404,1958100,2024-05-02
89.40876770019531,89.40876770019531,90.39874425464441,89.1467100736782,89.77758104305879,1788700,2024-05-03
90.3502197265625,90.3502197265625,90.37934300215737,89.53494572630953,89.93288237275453,1319600,2024-05-06
91.12667846679688,91.12667846679688,91.43726009944449,90.4958074428673,90.90345185215808,1705900,2024-05-07
91.73812866210938,91.73812866210938,91.87401506057238,90.88403107299057,90.91314694235771,1664900,2024-05-08
93.30074310302734,93.30074310302734,93.34927448781585,91.76725056869644,91.78665867970203,1800300,2024-05-09
94.24219512939453,94.24219512939453,94.31984238265349,93.43662153774449,93.75691090380047,2485500,2024-05-10
93.74720001220703,93.74720001220703,94.60130495980583,93.1405947504917,94.40718683314729,1746900,2024-05-13
94.21308135986328,94.21308135986328,94.93129995638772,93.81515213653142,94.32955224234689,1606900,2024-05-14
94.40718841552734,94.40718841552734,95.33894062940686,93.82484883548977,94.4363116886513,2144400,2024-05-15
94.09536743164062,94.09536743164062,94.71903125980563,93.71045281685882,94.31950010488396,2517300,2024-05-16
94.31949615478516,94.31949615478516,94.3584760717454,93.69583235273919,94.32924299268996,1627100,2024-05-17
94.60208892822266,94.60208892822266,94.7141515356566,93.93944525158358,94.42668303044589,1288500,2024-05-20
95.64478302001953,95.64478302001953,95.69350233993386,93.80302470396661,94.30974875209728,1869700,2024-05-21
96.18074798583984,96.18074798583984,96.19049482448065,94.82622736648912,95.29397897067403,2101100,2024-05-22
94.65081787109375,94.65081787109375,96.47309002583688,94.16358004268042,96.47309002583688,2439700,2024-05-23
95.07958984375,95.07958984375,95.16729651916815,94.41694609759892,94.98214376468704,1345700,2024-05-24
92.81880187988281,92.81880187988281,95.26473774340889,92.68237588921528,95.12831175274135,2176200,2024-05-28
92.37055206298828,92.37055206298828,92.88215329002658,91.78586813265574,91.98076029788007,1668900,2024-05-29
93.92970275878906,93.92970275878906,94.08562242387275,92.36079644351386,92.4679893545942,2657000,2024-05-30
96.6679916381836,96.6679916381836,96.92135741544415,94.16358925257641,94.43644870828932,7140200,2024-05-31
96.30742645263672,96.30742645263672,96.70695758726177,94.9431591098348,96.55104535547068,2469100,2024-06-03
96.67772674560547,96.67772674560547,96.95057873354791,95.83967710569135,95.97610309966257,2059600,2024-06-04
98.20764923095703,98.20764923095703,98.21739606860716,96.62900352593945,96.97980790009765,1740700,2024-06-05
96.87262725830078,96.87262725830078,98.2661202907918,96.5510485117294,98.2661202907918,1508200,2024-06-06
96.14177703857422,96.14177703857422,97.47680400199974,96.03458411578916,96.64850113610937,1916200,2024-06-07
95.25498962402344,95.25498962402344,96.33178843015358,95.06983688146906,96.054059316322,2339900,2024-06-10
94.03690338134766,94.03690338134766,94.98701568505633,93.52043245905779,94.95291290218445,2041200,2024-06-11
94.962646484375,94.962646484375,95.48886421293683,94.21230352593953,95.060099994399,1617000,2024-06-12
94.95291137695312,94.95291137695312,95.09907677928395,93.76891957545817,94.670312541348,1307600,2024-06-13
94.65081787109375,94.65081787109375,94.73852454623095,93.32651175805739,93.92970796674662,1774300,2024-06-14
94.98213195800781,94.98213195800781,95.61554254517033,94.24347634728962,94.62157333216862,1590900,2024-06-17
94.03690338134766,94.03690338134766,95.0016322255242,92.2146311782058,94.36822154483194,2647300,2024-06-18
94.13434600830078,94.13434600830078,94.6897968296751,93.3645093550523,93.68608810286354,1557500,2024-06-20
93.4717025756836,93.4717025756836,94.21230615148326,93.12089074686581,94.18307307152499,2522400,2024-06-21
94.39745330810547,94.39745330810547,94.81647811020535,93.40348404049237,93.79327576436694,1355200,2024-06-24
93.21834564208984,93.21834564208984,94.49002924709013,92.7895739705849,94.32924730493508,1750900,2024-06-25
93.30604553222656,93.30604553222656,93.59839120749676,92.2341237806681,92.5849356171286,2094500,2024-06-26
93.5496597290039,93.5496597290039,93.87123846864051,92.77007625739861,93.15012115527497,1391000,2024-06-27
93.80303192138672,93.80303192138672,94.66056785138052,92.94548855673341,94.09537016734258,4754300,2024-06-28
92.52645874023438,92.52645874023438,94.26590132055757,92.36079966629667,94.14409186595765,2967400,2024-07-01
93.50093078613281,93.50093078613281,93.77379019907112,92.32181620304856,92.38028979457903,1793100,2024-07-02
94.04663848876953,94.04663848876953,94.70928216774125,93.76403968387558,93.90046566766459,1317700,2024-07-03
94.40719604492188,94.40719604492188,94.40719604492188,93.17936210814719,93.8517452350498,1640000,2024-07-05
94.91393280029297,94.91393280029297,95.4888698833493,94.51439420251396,94.85545920387445,1822600,2024-07-08
93.85174560546875,93.85174560546875,94.97239406760815,93.7737932053604,94.63132908382461,2927000,2024-07-09
94.39745330810547,94.39745330810547,94.5134116807098,93.45221079397372,93.74454901088559,1860100,2024-07-10
96.70696258544922,96.70696258544922,97.23318033492659,94.49490610463926,94.83597109930257,2191600,2024-07-11
97.65220642089844,97.65220642089844,98.2554100750102,97.1454823415569,97.44756742147247,1393900,2024-07-12
96.90186309814453,96.90186309814453,97.94455176867234,96.74594342215639,97.69118601252129,2214300,2024-07-15
97.07726287841797,97.07726287841797,97.60348059961787,96.06380735255063,97.01878928628983,2564400,2024-07-16
96.40487670898438,96.40487670898438,97.92505634952441,96.28793695407391,96.82390153742288,1881100,2024-07-17
96.19049835205078,96.19049835205078,97.72042494974502,95.68377424403872,95.68377424403872,2870900,2024-07-18
95.23550415039062,95.23550415039062,96.57053097109387,94.96264473587006,96.44385181891775,2410600,2024-07-19
96.93109130859375,96.93109130859375,96.97007122563231,94.83596723438987,96.24895391240746,1739600,2024-07-22
95.86891174316406,95.86891174316406,97.1795826815855,95.73248574697573,96.73619447664382,2340700,2024-07-23
89.09629821777344,89.09629821777344,91.21090833859861,87.90256717760815,87.90256717760815,5838200,2024-07-24
90.65547180175781,90.65547180175781,92.56544325253059,88.49213459113638,89.16452519299425,4281200,2024-07-25
91.093994140625,91.093994140625,91.61046508587584,89.44712778454154,91.50327216123966,2466100,2024-07-26
90.65547180175781,90.65547180175781,91.59096756736125,90.34363987989,91.02577732030421,1466500,2024-07-29
91.4253158569336,91.4253158569336,91.98076674488041,90.58726610534225,91.10373707058015,2026300,2024-07-30
92.08795166015625,92.08795166015625,92.96010412156049,91.78098944219805,92.19514457961277,2060800,2024-07-31
91.89306640625,91.89306640625,92.50698345365791,90.96244027858135,92.08795858282585,2687900,2024-08-01
91.88330841064453,91.88330841064453,92.25360647504142,90.2364422102975,91.22066468222019,3107000,2024-08-02
91.0355224609375,91.0355224609375,92.61417584687038,90.17798648042701,90.47032474360425,3733300,2024-08-05
91.00627899169922,91.00627899169922,92.69699481382528,90.83087307994766,91.36683765326049,3123200,2024-08-06
90.1097640991211,90.1097640991211,92.76033904354972,89.98307750706614,91.80534964002561,2143600,2024-08-07
90.26568603515625,90.26568603515625,90.96730976461738,89.86127770679573,90.80165067145572,2477800,2024-08-08
91.01603698730469,91.01603698730469,91.13784645665743,89.56407019432474,90.16824040413196,1554300,2024-08-09
89.93435668945312,89.93435668945312,91.08910793068722,89.79793069617057,91.0550051496961,1499000,2024-08-12
90.06104278564453,90.06104278564453,90.98679916530487,89.21325368128754,90.28517546883039,1722600,2024-08-13
89.75894927978516,89.75894927978516,90.71393121681382,89.61277645094965,89.99282134512661,1830200,2024-08-14
90.83087921142578,90.83087921142578,91.13296429968919,89.78819050858863,90.63598704506092,2539600,2024-08-15
90.1458740234375,90.1458740234375,91.2516554717259,89.95015553752572,90.44922834422971,1675000,2024-08-16
90.67431640625,90.67431640625,90.6840967325974,89.920813187214,90.22416755373868,2293900,2024-08-19
90.76239013671875,90.76239013671875,91.07553231618255,89.9354970859429,90.67432239838446,1521800,2024-08-20
91.94644927978516,91.94644927978516,91.97580518938447,90.89448936768882,91.14402206518066,1360900,2024-08-21
91.71159362792969,91.71159362792969,92.24980271900961,91.41215140754886,92.0834475889975,974700,2024-08-22
92.18130493164062,92.18130493164062,92.74887740915078,91.7311635595836,92.15194902175178,1063300,2024-08-23
91.6430892944336,91.6430892944336,92.69015897921834,91.30059126032592,92.50422827531823,1085700,2024-08-26
91.13423919677734,91.13423919677734,91.73116761053738,91.01681555203639,91.41802544806474,1301400,2024-08-27
91.40823364257812,91.40823364257812,91.84858718685332,90.92872893377512,91.22230294055667,978500,2024-08-28
91.81922912597656,91.81922912597656,92.74886768248737,91.25165670798829,91.9855842418327,1194900,2024-08-29
92.66080474853516,92.66080474853516,92.66569491129049,91.3690925208803,92.03452048457507,1765400,2024-08-30
92.99351501464844,92.99351501464844,93.22836974720262,91.31037325523262,91.96602089353809,2363200,2024-09-03
92.24002075195312,92.24002075195312,93.62958851773728,91.72137978767435,92.91522905172292,1443200,2024-09-04
90.4492416381836,90.4492416381836,92.33788237591209,89.90124472888138,92.14217132713215,1153000,2024-09-05
89.47065734863281,89.47065734863281,91.30547613862235,89.22112468091707,90.30244037358204,1861600,2024-09-06
89.71530151367188,89.71530151367188,90.55687234485431,89.40215939968982,90.13608692926309,2121000,2024-09-09
90.17523193359375,90.17523193359375,90.51772995917881,89.72019297639737,90.10673232847674,1326300,2024-09-10
90.50794982910156,90.50794982910156,90.82109197412721,88.40402254257098,90.13609586497662,1486900,2024-09-11
90.73301696777344,90.73301696777344,90.81130436422482,89.38748313809062,90.52751815151134,1763200,2024-09-12
92.16173553466797,92.16173553466797,92.41616586000323,90.74281182648204,91.07552208846862,1306700,2024-09-13
92.77823638916016,92.77823638916016,93.4338840839306,92.24980759598151,92.65102495346636,1829000,2024-09-16
94.03079223632812,94.03079223632812,94.24118867870789,92.81736746845115,92.81736746845115,1901200,2024-09-17
91.97579956054688,91.97579956054688,94.43201254730627,91.82901255563587,94.43201254730627,2484900,2024-09-18
94.31458282470703,94.31458282470703,94.39287022392013,92.35255247702415,93.14030170009983,2244800,2024-09-19
93.47300720214844,93.47300720214844,94.10907922314026,93.00818792500336,93.70786938786344,7946600,2024-09-20
94.18737030029297,94.18737030029297,94.82344234614972,93.23815612713867,93.52194234654851,2607700,2024-09-23
96.80994415283203,96.80994415283203,97.62215916004202,95.62587518051396,95.62587518051396,3969500,2024-09-24
97.40687561035156,97.40687561035156,97.78362721622453,96.4527711878532,96.97630234649675,1982600,2024-09-25
101.1645736694336,101.1645736694336,101.74682407013415,99.0997901730169,99.32486457971946,3515300,2024-09-26
102.19207763671875,102.19207763671875,102.97982687969207,101.41411618536863,101.77129218769143,3657100,2024-09-27
101.71258544921875,101.71258544921875,102.4465130737627,101.01780152722489,102.20187053224805,3276300,2024-09-30
101.54621124267578,101.54621124267578,101.8593533613942,99.8190356942278,101.8593533613942,2712100,2024-10-01
102.56392669677734,102.56392669677734,102.84771291312104,100.55296490332749,101.27221450239405,2778400,2024-10-02
102.06486511230469,102.06486511230469,103.13150294494699,101.6832233679742,102.38778757342459,2843600,2024-10-03
102.31929779052734,102.31929779052734,102.90644588363385,101.30158388594704,102.88687029871795,1506000,2024-10-04
101.79086303710938,101.79086303710938,102.72050915292947,101.29179763939408,101.85936264851526,1451800,2024-10-07
98.98236846923828,98.98236846923828,101.67343628124186,98.28758458459232,100.47957954828213,2269100,2024-10-08
100.69486236572266,100.69486236572266,100.83186157916182,98.71325646761707,98.95300882408421,1591800,2024-10-09
100.77314758300781,100.77314758300781,101.01779009684063,99.50393762225059,100.29364288044962,1817900,2024-10-10
101.80065155029297,101.80065155029297,103.10704180515287,101.04715581948942,101.04715581948942,2408400,2024-10-11
103.06300354003906,103.06300354003906,103.82922112790229,101.13521923153621,101.57558025994861,2794600,2024-10-14
102.24101257324219,102.24101257324219,103.72843591648353,102.1920810793753,103.52293708085861,2350400,2024-10-15
102.87706756591797,102.87706756591797,103.21957305912238,101.7712860874979,101.92786088049387,2132700,2024-10-16
102.95536041259766,102.95536041259766,104.05136162389763,102.69114976780168,103.3076462495906,1657100,2024-10-17
103.73822021484375,103.73822021484375,103.86543164235668,102.99450483532031,103.58164541246092,1135200,2024-10-18
103.25872039794922,103.25872039794922,103.97307990250975,102.73029907949363,103.28808377421706,1091000,2024-10-21
100.75357818603516,100.75357818603516,102.955360945693,100.69975653105206,102.955360945693,2339900,2024-10-22
100.65571594238281,100.65571594238281,101.13521317644171,100.05878761459853,100.5774285465659,1722000,2024-10-23
100.29364013671875,100.29364013671875,101.05203340203254,99.63800000939843,100.33278383376879,1430500,2024-10-24
99.09000396728516,99.09000396728516,100.8025015308291,98.95789492193207,100.78292594920063,1505400,2024-10-25
99.27593231201172,99.27593231201172,100.31322168075161,98.93343427483701,99.84350475412825,1492600,2024-10-28
99.19764709472656,99.19764709472656,99.80925336634911,98.47349989367973,98.69857428663144,2162900,2024-10-29
96.17387390136719,96.17387390136719,97.57322952547271,94.08952215325107,95.07788010295022,3765300,2024-10-30
96.09558868408203,96.09558868408203,97.55366362764424,95.19530591034963,95.21488149485137,2425500,2024-10-31
97.30902099609375,97.30902099609375,98.09187265981326,96.33045081702087,96.38916263867789,3060600,2024-11-01
97.30902099609375,97.30902099609375,98.16722596805134,97.0154469560127,97.61237536251899,1613600,2024-11-04
98.01358795166016,98.01358795166016,98.76708366789705,97.15244145779214,97.29922847069214,1622400,2024-11-05
98.4050064086914,98.4050064086914,100.42086588211481,96.59465322530077,100.42086588211481,2935000,2024-11-06
98.77686309814453,98.77686309814453,99.83371307658692,98.63986388860761,98.93343042365944,1662200,2024-11-07
97.88636779785156,97.88636779785156,99.53134392879404,97.78851227914224,98.24844142956333,2689000,2024-11-08
99.34442901611328,99.34442901611328,99.6282152288779,98.30714714358514,98.30714714358514,1612600,2024-11-11
97.5927963256836,97.5927963256836,99.54014867372604,97.46557743846209,99.32486206387163,2451400,2024-11-12
98.23865509033203,98.23865509033203,98.659440546311,97.21115346394923,97.41665976194389,2324300,2024-11-13
97.5830078125,97.5830078125,98.63007748058307,97.56343223035056,98.10164875100418,1980700,2024-11-14
97.3570556640625,97.3570556640625,98.45736011836948,96.93461808292072,97.61248495608591,1855200,2024-11-15
98.99768829345703,98.99768829345703,99.2432913786792,96.95427632076925,96.95427632076925,1851400,2024-11-18
98.51631164550781,98.51631164550781,99.40048428097083,98.01527923621018,98.43771685675297,1755100,2024-11-19
97.93667602539062,97.93667602539062,98.95838562751423,96.98864434124285,98.70295635318074,1881900,2024-11-20
98.19209289550781,98.19209289550781,98.77171997037789,97.40616766061906,98.12332434376492,2564100,2024-11-21
99.42012786865234,99.42012786865234,100.01940000807865,98.15282251959566,98.18229369117212,1820000,2024-11-22
100.657958984375,100.657958984375,101.03618980209765,99.90641420715106,99.95062095987936,2311800,2024-11-25
100.17657470703125,100.17657470703125,100.62848342625449,99.65589743260469,100.40252531903768,1179800,2024-11-26
100.71690368652344,100.71690368652344,101.19337424212395,99.92115213788423,100.28464737990025,1373400,2024-11-27
101.1688232421875,101.1688232421875,101.39477387675107,100.17658470787353,100.49095634807455,1060600,2024-11-29
100.00957489013672,100.00957489013672,101.4144247754622,99.52818746777825,101.19829287076428,1444500,2024-12-02
99.28258514404297,99.28258514404297,100.32394728407822,98.80218708590569,100.17658393928717,1352200,2024-12-03
99.35134887695312,99.35134887695312,99.66572049946323,98.56542356828321,99.24328292903927,1210100,2024-12-04
97.37670135498047,97.37670135498047,98.81102228806924,97.25880919101866,97.99561835155667,1989300,2024-12-05
98.04475402832031,98.04475402832031,98.67349732308568,97.56336658763175,98.07422519913567,1475700,2024-12-06
99.0959243774414,99.0959243774414,99.83273355023186,98.51629726400344,98.74225537488515,1864500,2024-12-09
98.30016326904297,98.30016326904297,99.02715370051303,97.10161917440293,98.27069210199613,1915000,2024-12-10
97.24898529052734,97.24898529052734,99.05662770501938,97.07215078797063,98.39841330475127,1587200,2024-12-11
96.5416488647461,96.5416488647461,96.75778075977486,95.5395916639526,96.38446680167742,1780100,2024-12-12
96.07009887695312,96.07009887695312,96.79708187394156,95.6230994855084,96.35499934088895,1471400,2024-12-13
94.49824523925781,94.49824523925781,96.36482268624815,94.35579125285626,96.29605412236126,2225800,2024-12-16
94.64559173583984,94.64559173583984,95.47082191609975,93.82233279596294,94.26245156132258,1851200,2024-12-17
92.19939422607422,92.19939422607422,95.2153997320847,92.16009683406492,94.44911932593126,2215200,2024-12-18
91.23662567138672,91.23662567138672,93.35863217144292,91.13445096284508,92.23868283901123,2299500,2024-12-19
91.91448211669922,91.91448211669922,92.40568821179951,91.04996208759837,91.33486252218177,4294200,2024-12-20
91.86537170410156,91.86537170410156,91.96361143017486,91.2081391672747,91.52152891523967,1220100,2024-12-23
92.34674835205078,92.34674835205078,92.44498807465982,91.24644397128252,91.69835269145241,442900,2024-12-24
92.4941177368164,92.4941177368164,92.69059719489302,91.79660591687029,91.8850194244415,605100,2024-12-26
91.87518310546875,91.87518310546875,92.71023944854502,91.5411665644063,92.01272770525865,789700,2024-12-27
90.94190979003906,90.94190979003906,91.60995047940241,90.33281144246294,91.26610766029142,1957400,2024-12-30
90.98119354248047,90.98119354248047,91.52152324522467,90.50963239324822,91.16785425710304,865100,2024-12-31
90.6176986694336,90.6176986694336,92.02254840656174,90.46051661591413,91.747474191495,1278400,2025-01-02
91.25627899169922,91.25627899169922,91.62959297169537,90.55876715014237,90.64718066045286,1284700,2025-01-03
90.66683197021484,90.66683197021484,91.76713644332324,90.52929484797768,91.23663290246085,2037700,2025-01-06
90.49982452392578,90.49982452392578,91.58047656383509,90.23456900341039,90.45070091043446,2160300,2025-01-07
90.17562866210938,90.17562866210938,90.29352083997495,88.78060495248408,89.89072818700934,2814100,2025-01-08
89.17355346679688,89.17355346679688,89.94475065335189,88.9279504130217,89.06549501872935,2227600,2025-01-10
89.55670928955078,89.55670928955078,89.5861804594565,88.53499959328997,88.88866862258068,2870700,2025-01-13
90.1657943725586,90.1657943725586,90.3377195129948,89.27180312983786,90.0086123113463,1856600,2025-01-14
90.62753295898438,90.62753295898438,91.76221794476555,90.45069844852426,91.0696154875292,1773000,2025-01-15
91.56082153320312,91.56082153320312,91.75730848640538,90.44087213318838,91.08926783593948,1425100,2025-01-16
93.10321044921875,93.10321044921875,93.3193423546292,92.01273969092144,92.33693005382608,1869800,2025-01-17
93.82037353515625,93.82037353515625,94.05615038569549,92.9558534197051,93.11303548832761,2041000,2025-01-21
93.7123031616211,93.7123031616211,94.40981495399244,92.61101687975537,93.51582371131191,1927900,2025-01-22
94.508056640625,94.508056640625,95.07785755164242,93.60423915810746,93.82037105505964,2471500,2025-01-23
94.96979522705078,94.96979522705078,95.23505074532679,94.36070439808267,94.50806024689042,1557500,2025-01-24
96.02096557617188,96.02096557617188,96.22727123712842,94.3115704602389,95.1269743786935,2136900,2025-01-27
94.1838607788086,94.1838607788086,95.89325591661708,93.78106817711246,95.5002895356285,3229300,2025-01-28
92.9853286743164,92.9853286743164,95.1761039762148,90.31316593343712,92.41552772320306,3861000,2025-01-29
93.68283081054688,93.68283081054688,95.29398626740996,92.97549280602934,95.22521771114911,2499600,2025-01-30
93.74178314208984,93.74178314208984,94.1936919164523,93.0246263353536,93.17198218933277,1789100,2025-01-31
92.8870849609375,92.8870849609375,93.39793605353314,91.24154137810665,92.33692898212956,2002100,2025-02-03
92.7691879272461,92.7691879272461,93.35863377096013,92.24851064037853,93.26039404620954,1575100,2025-02-04
92.8870849609375,92.8870849609375,93.2063659569084,91.82705976216813,92.42534998568533,1421000,2025-02-05
94.36070251464844,94.36070251464844,94.37052124089895,93.21127445041331,93.31934040085602,1756300,2025-02-06
93.16215515136719,93.16215515136719,94.69471585771817,92.86742847927941,94.67507091067726,2284300,2025-02-07
94.37051391601562,94.37051391601562,94.40490194085592,93.52563882097454,93.98737375607958,1870300,2025-02-10
94.97962951660156,94.97962951660156,95.264530007182,93.94809351605896,94.14458048984461,1710400,2025-02-11
95.03855895996094,95.03855895996094,95.12697995996454,93.8203698687017,94.17403887829481,2178400,2025-02-12
96.29605102539062,96.29605102539062,96.49744734715776,95.05821691523644,95.54942306869127,2142500,2025-02-13
95.41820526123047,95.41820526123047,96.71031138776529,95.2603953105618,96.63140264985525,2267800,2025-02-14
96.27632904052734,96.27632904052734,96.3256488872025,95.35903557849453,95.60561976156623,1647000,2025-02-18
96.95689392089844,96.95689392089844,96.99634076403929,95.65492986786272,95.88178307910346,1767900,2025-02-19
97.67691802978516,97.67691802978516,97.8297990077385,96.5130404724336,96.84839884920515,1757200,2025-02-20
97.02594757080078,97.02594757080078,98.38708955941004,96.59688597291195,97.45007266890508,2744900,2025-02-21
97.33170318603516,97.33170318603516,98.32790533273995,96.82866937579688,97.02594122547444,2247400,2025-02-24
98.68299102783203,98.68299102783203,99.71864006015377,97.40075029240292,97.76569758483167,4859700,2025-02-25
97.38102722167969,97.38102722167969,98.88025571800806,96.33550518626126,98.88025571800806,2457300,2025-02-26
96.74977111816406,96.74977111816406,98.17996396396042,96.66100442005555,97.08512953637413,1920300,2025-02-27
98.41667938232422,98.41667938232422,98.71258341639697,97.0949917538109,97.24293624569509,3727300,2025-02-28
99.35369873046875,99.35369873046875,100.60634302371686,98.77175616656636,98.83093396029643,2919100,2025-03-03
98.24899291992188,98.24899291992188,100.557017036229,98.10104091948266,98.64352907937604,3177100,2025-03-04
99.97508239746094,99.97508239746094,100.25125545254016,98.58434412347448,98.58434412347448,2748800,2025-03-05
101.1685562133789,101.1685562133789,101.27212487916945,98.7323033315684,99.62000787708767,2251400,2025-03-06
102.58888244628906,102.58888244628906,103.1017742200834,100.24139628025047,100.62606699188419,3914600,2025-03-07
102.50010681152344,102.50010681152344,105.3683785959389,102.30284248398297,102.8453231472951,2896300,2025-03-10
99.76795959472656,99.76795959472656,102.44093117241101,99.40301230343572,102.15489262385634,2491800,2025-03-11
98.54490661621094,98.54490661621094,100.0835895118001,98.10105057122416,99.51151240056492,2619700,2025-03-12
98.24899291992188,98.24899291992188,99.36355060961489,97.982677814101,98.2983127617854,2075300,2025-03-13
99.24520111083984,99.24520111083984,99.55589205313397,98.30817673407418,99.03807130759314,1613000,2025-03-14
100.00467681884766,100.00467681884766,100.29071536317221,98.34763087165317,98.76189047716385,1757600,2025-03-17
100.28085327148438,100.28085327148438,100.50771402985951,99.13177008101347,99.8764591263183,2183400,2025-03-18
101.36581420898438,101.36581420898438,101.40526857800236,99.94549455009364,100.28084539901947,1833100,2025-03-19
100.50770568847656,100.50770568847656,101.13403156545506,99.70876788846299,100.46825131963564,1812300,2025-03-20
99.82713317871094,99.82713317871094,100.92196748125383,98.90983977726017,100.10330624148723,7259800,2025-03-21
99.99481201171875,99.99481201171875,100.7789554079205,99.70877346548664,100.18221839290747,2161400,2025-03-24
100.01454162597656,100.01454162597656,100.2808492205573,99.28465458420742,100.21180595343253,1392100,2025-03-25
101.28692626953125,101.28692626953125,101.50392156499129,99.81727905033465,99.97509654708828,1779000,2025-03-26
101.60254669189453,101.60254669189453,101.80671911345546,100.51757781498785,101.53350342314098,1543700,2025-03-27
100.71484375,100.71484375,101.91817576041493,100.58662268460327,101.8787213883347,1327600,2025-03-28
101.7899398803711,101.7899398803711,102.10556730925784,99.58054787816383,100.27098805239524,2477700,2025-03-31
102.63819885253906,102.63819885253906,102.66778775074245,101.1093814191976,101.93790066950103,1970500,2025-04-01
102.51984405517578,102.51984405517578,102.61354725031498,101.27705764492573,101.75050259530983,1922600,2025-04-02
102.87491607666016,102.87491607666016,104.50236553649957,101.8096706837405,102.22393027260321,4133800,2025-04-03
93.67240142822266,93.67240142822266,101.49405207963301,93.47512956507579,101.06006150586202,5319500,2025-04-04
90.70352172851562,90.70352172851562,94.66859946346585,90.10185574149656,92.06466366095202,4484200,2025-04-07
89.63827514648438,89.63827514648438,92.98195590374026,88.47439755818148,92.01535016735835,3422700,2025-04-08
92.99182891845703,92.99182891845703,94.48119953934086,89.03168741247427,89.26347715405777,4818800,2025-04-09
93.03128051757812,93.03128051757812,93.90911960946481,90.14624255846768,92.52824667582945,3937600,2025-04-10
95.763427734375,95.763427734375,96.66099775416517,92.14653119289167,92.88332634202204,2941400,2025-04-11
97.17389678955078,97.17389678955078,97.82488268000813,95.67466818676343,96.10865878040167,1736900,2025-04-14
97.4402084350586,97.4402084350586,98.35750191356036,97.12950995076136,97.51911718109476,1566800,2025-04-15
95.45765686035156,95.45765686035156,98.03199604004521,95.09271712712184,97.56841662471439,2005000,2025-04-16
97.17389678955078,97.17389678955078,97.88406047908516,95.72398803609595,95.93111785801807,1964400,2025-04-17
95.72398376464844,95.72398376464844,97.02594796231371,94.8066902941239,96.61168081180266,2114100,2025-04-21
97.59801483154297,97.59801483154297,97.94323870153376,96.07906291425202,96.56236579702642,2921600,2025-04-22
91.03887939453125,91.03887939453125,96.04946405497293,89.33744258607604,94.6291443400757,5327100,2025-04-23
91.47286224365234,91.47286224365234,92.19289133621584,90.85147283990841,91.35450665731163,5064300,2025-04-24
91.66027069091797,91.66027069091797,92.41974664596792,90.48159862437917,92.03507593137546,4901100,2025-04-25
92.37042999267578,92.37042999267578,92.63673758061246,91.23614132522377,91.66026639130925,4346200,2025-04-28
93.60334777832031,93.60334777832031,93.97815298901136,91.85752772752618,91.88712414758054,2802300,2025-04-29
94.95462799072266,94.95462799072266,95.25053200203537,92.95730225239247,94.04720005958602,3275600,2025-04-30
95.07299041748047,95.07299041748047,95.48725001022184,94.36282681555151,94.48118992425685,2219300,2025-05-01
95.99028778076172,95.99028778076172,96.28619180217193,95.359032891895,95.79302344992281,2397400,2025-05-02
96.07906341552734,96.07906341552734,96.50318098057645,95.01381795290807,96.07906341552734,1411000,2025-05-05
94.875732421875,94.875732421875,95.80288383053309,94.68832603521498,95.53657622462595,4212700,2025-05-06
95.99028778076172,95.99028778076172,96.26646085399693,94.99902210179567,95.25053525238805,3436500,2025-05-07
95.99028778076172,95.99028778076172,96.89771574286364,95.56616269682141,96.71031688611225,5228900,2025-05-08
95.6746597290039,95.6746597290039,96.51304441747511,95.61548193515826,96.18755150102042,2082300,2025-05-09
96.66099548339844,96.66099548339844,97.2429305176032,96.09385489751061,97.2429305176032,3758900,2025-05-12
95.664794921875,95.664794921875,96.55249946150714,95.48725401394857,96.52291056437805,3216600,2025-05-13
94.727783203125,94.727783203125,96.00015852479319,94.53051133630497,95.55630246831232,4297700,2025-05-14
96.52291107177734,96.52291107177734,96.64127418606779,94.9694337631187,95.16176912062075,5922700,2025-05-15
97.95925903320312,97.95925903320312,97.97907502794341,96.50805105836372,96.92904647674946,3716200,2025-05-16
97.61255645751953,97.61255645751953,97.99888522844262,97.01820508360613,97.52339959475925,3165200,2025-05-19
97.28565979003906,97.28565979003906,98.0286008909729,97.08754518615845,97.65218012056465,2410300,2025-05-20
96.71111297607422,96.71111297607422,97.58283533636751,96.08704519707211,96.69130453951637,2165200,2025-05-21
96.26535034179688,96.26535034179688,97.02314962173622,95.82453894655382,96.30497477208233,2368400,2025-05-22
95.8691177368164,95.8691177368164,96.2356380645952,95.36391567584297,95.84930929961187,2286800,2025-05-23
96.17620086669922,96.17620086669922,96.23564129548367,95.41345130852113,96.22573329775494,2192500,2025-05-27
94.26437377929688,94.26437377929688,96.25545055730419,94.19502535219007,96.12667681608004,1988500,2025-05-28
94.26437377929688,94.26437377929688,94.79928473982054,93.57590774663329,94.79928473982054,2121600,2025-05-29
94.45257568359375,94.45257568359375,95.08655147547202,93.78888345734424,94.26436908004673,3846100,2025-05-30
93.32330322265625,93.32330322265625,94.50210547033997,92.41196399201058,93.86812969618755,2208300,2025-06-02
93.99691009521484,93.99691009521484,94.11578339539615,92.82801576165629,93.12519523331562,2359700,2025-06-03
94.37332916259766,94.37332916259766,95.12617826823447,94.07119947634516,94.43276959040304,1496400,2025-06-04
94.38323211669922,94.38323211669922,94.85871772579542,93.76907233703471,94.67050357004668,1707400,2025-06-05
95.15589904785156,95.15589904785156,95.38373765673441,94.63088851672495,94.63088851672495,1669500,2025-06-06
94.42285919189453,94.42285919189453,95.5323206058017,93.85822426642115,95.34410644478137,1646700,2025-06-09
94.42285919189453,94.42285919189453,94.90824525403436,94.15540372512822,94.84881238532797,1852300,2025-06-10
94.50211334228516,94.50211334228516,94.93796699982907,93.88794595347092,94.93796699982907,1781200,2025-06-11
96.03751373291016,96.03751373291016,96.03751373291016,94.006812652716,94.39314140896323,2406000,2025-06-12
94.91815948486328,94.91815948486328,96.0771458462768,94.69032087721345,95.3143962699654,1873600,2025-06-13
95.54222869873047,95.54222869873047,96.65169020150864,95.14599946549872,95.67101000136016,2252800,2025-06-16
94.45257568359375,94.45257568359375,95.31439006829746,94.34361038584083,94.83890444559496,1925500,2025-06-17
94.76956176757812,94.76956176757812,95.68090100628027,94.10685959797242,94.64078803523569,1918100,2025-06-18
93.20443725585938,93.20443725585938,95.67595745989783,93.05585507648044,95.12618072343189,4536400,2025-06-20
95.07665252685547,95.07665252685547,95.15589383389232,92.98651095730574,93.62048675912685,2378500,2025-06-23
96.49319458007812,96.49319458007812,96.59225188280186,94.72499111822906,95.25495940206206,2929900,2025-06-24
95.72052764892578,95.72052764892578,96.51300117072648,95.5917539136079,96.4535683017471,2146500,2025-06-25
96.60215759277344,96.60215759277344,97.13707612576871,95.879032441612,96.08705505595658,2585300,2025-06-26
96.681396484375,96.681396484375,97.25593939284369,95.9879878414558,96.82007821295883,2998800,2025-06-27
98.08802795410156,98.08802795410156,98.34558296997002,96.01275228338349,96.26534952201642,2350400,2025-06-30
99.48477172851562,99.48477172851562,100.03949869372458,97.54321979269618,98.19700406489414,1853400,2025-07-01
98.86070251464844,98.86070251464844,99.54420321365708,98.26634356582287,99.28665573059317,1709200,2025-07-02
98.57342529296875,98.57342529296875,99.06871934973111,98.18709653330112,98.76163189537893,1052300,2025-07-03
98.84088134765625,98.84088134765625,98.95975464271956,97.74628570793355,98.89041377666285,1914900,2025-07-07
98.7418212890625,98.7418212890625,99.74726759759315,98.4248334020024,99.0588091761226,1809400,2025-07-08
98.40502166748047,98.40502166748047,99.21731119316934,97.52339883225802,99.21731119316934,1706800,2025-07-09
99.0191879272461,99.0191879272461,99.83146988628721,98.03355002354151,98.40502056988812,1590300,2025-07-10
98.5536117553711,98.5536117553711,98.66753483272954,98.03850924883535,98.27624828588355,1187200,2025-07-11
99.09844207763672,99.09844207763672,99.2371238177308,97.84039086131283,98.10785390120003,1897000,2025-07-14
98.44464874267578,98.44464874267578,100.46544949850312,98.41493230705282,100.28714332717753,2334000,2025-07-15
99.3956069946289,99.3956069946289,99.4649554173791,97.69675201934889,98.38521045117413,1899900,2025-07-16
100.11874389648438,100.11874389648438,100.40601536654569,99.13806374530115,99.46495964822483,1425500,2025-07-17
98.50408172607422,98.50408172607422,100.01968028899117,97.82057352805782,100.01968028899117,2211300,2025-07-18
97.57292938232422,97.57292938232422,98.83097296374257,97.46891430485226,98.67248279519904,2498600,2025-07-21
100.03948974609375,100.03948974609375,100.19302969183218,97.4144297789383,97.47387020388577,2773200,2025-07-22
87.65714263916016,87.65714263916016,91.01523583860347,85.19058027974332,88.16234470810646,12607900,2025-07-23
88.36045837402344,88.36045837402344,89.09349903335455,87.17175563835369,87.83544787314284,6741700,2025-07-24
88.94491577148438,88.94491577148438,89.57889161763272,88.28122348842099,89.34115256472414,4084500,2025-07-25
87.07270050048828,87.07270050048828,88.87557064369018,87.05288450510166,88.6180156067791,4694700,2025-07-28
86.47834777832031,86.47834777832031,87.40949549219579,86.24060118289071,87.31043818956066,3457000,2025-07-29
85.61653900146484,85.61653900146484,86.69627651905083,85.235160425787,86.18117397694128,3237200,2025-07-30
84.88349914550781,84.88349914550781,85.77998019254315,84.64575255321616,85.14104661744231,4071500,2025-07-31
84.13065338134766,84.13065338134766,85.1905824184363,83.45705312503789,85.1905824184363,3897500,2025-08-01
84.60613250732422,84.60613250732422,84.61603294677452,83.79384301715756,84.29904505985546,3632600,2025-08-04
85.46794128417969,85.46794128417969,85.68587187851826,84.33867143859581,84.87358992717569,5447400,2025-08-05
86.15145111083984,86.15145111083984,86.29013284481196,84.90330794750305,85.66606504193742,3897100,2025-08-06
86.50806427001953,86.50806427001953,87.50855285215374,86.11182750163172,86.62693001022444,5760200,2025-08-07
86.6467514038086,86.6467514038086,87.05288863745919,86.22079817383072,86.4189127915742,3025000,2025-08-08
85.22029113769531,85.22029113769531,86.89438740787584,85.06180097516707,86.64674038838581,4171300,2025-08-11
87.32034301757812,87.32034301757812,87.44911675057082,85.27972638094292,85.68587113186891,4200200,2025-08-12
88.39018249511719,88.39018249511719,88.40999093245254,87.00830781636084,87.27081306718351,2417800,2025-08-13
86.7160873413086,86.7160873413086,87.91469809290413,86.46844030442718,87.736391924046,2524000,2025-08-14
87.02465057373047,87.02465057373047,87.45265727822438,86.63645932942467,87.01469481017782,3697300,2025-08-15
87.20381164550781,87.20381164550781,87.8806592441646,87.18888179799511,87.38297740968233,1749400,2025-08-18
88.17926788330078,88.17926788330078,88.56746671872446,87.3232620747405,87.69154178918537,5778400,2025-08-19
88.70681762695312,88.70681762695312,89.7519449785037,88.11954908215777,88.94570279387575,6282400,2025-08-20
87.16400146484375,87.16400146484375,88.77649344004325,87.11423024077325,88.69686251913949,4050900,2025-08-21
88.16931915283203,88.16931915283203,88.70681646689576,87.59200637913146,87.59200637913146,5451400,2025-08-22
86.45729064941406,86.45729064941406,88.27880802317286,86.17859003148814,88.16931740984164,3300200,2025-08-25
87.22371673583984,87.22371673583984,87.31330341612787,86.28808003852303,86.66631550390453,4398100,2025-08-26
87.31330871582031,87.31330871582031,87.44071363456408,86.86041639037236,86.94502139721054,3144900,2025-08-27
85.8501205444336,85.8501205444336,87.62186674468381,85.7804453880425,87.51237612835172,3786500,2025-08-28
85.9795150756836,85.9795150756836,86.53692392071797,85.80533098175363,85.94965537923974,2154700,2025-08-29
85.37234497070312,85.37234497070312,85.81030744809496,84.78010992207717,85.60128197316413,2126100,2025-09-02
85.2728042602539,85.2728042602539,85.57141640052235,84.84977925456616,85.0737345627564,2058300,2025-09-03
86.09896087646484,86.09896087646484,86.10891663988667,84.77512532019196,85.10359716691033,1740000,2025-09-04
86.59664154052734,86.59664154052734,87.34117467857591,86.15867908425821,86.78576307282943,3034900,2025-09-05
86.96492767333984,86.96492767333984,86.97985752105546,85.93969670139245,86.50706129067531,2529300,2025-09-08
87.60195922851562,87.60195922851562,87.7313537725143,86.4921232623656,86.67627070631325,3176600,2025-09-09
87.22371673583984,87.22371673583984,87.87568632664832,86.95497188302024,87.253584025284,2483900,2025-09-10
88.96560668945312,88.96560668945312,88.96560668945312,87.3879561022358,87.54223626401712,3628100,2025-09-11
88.64708709716797,88.64708709716797,89.3239347047525,87.99015101587776,88.68690255573438,3610800,2025-09-12
89.21444702148438,89.21444702148438,89.46328795017826,88.52765122222453,89.0054215526642,3109900,2025-09-15
88.79639434814453,88.79639434814453,89.6723116661774,88.62718434250561,89.13482195344467,2736400,2025-09-16
89.22440338134766,89.22440338134766,90.93643019724864,88.58737120715509,89.2642188414875,3800500,2025-09-17
89.93110656738281,89.93110656738281,91.40424814857057,89.30900427016236,89.4931517140747,3248700,2025-09-18
88.74663543701172,88.74663543701172,90.35911984896421,88.74663543701172,90.0804192145044,6994400,2025-09-19
88.91584014892578,88.91584014892578,89.43342592576606,88.2091328411139,88.99547106660037,2169000,2025-09-22
88.70681762695312,88.70681762695312,89.61259466496362,88.37834577617042,89.05519341080331,2640400,2025-09-23
88.3186264038086,88.3186264038086,88.83621219793363,88.0598297097348,88.42810942673948,2156400,2025-09-24
89.02532958984375,89.02532958984375,89.25425898261557,88.18922015331586,88.38829744488069,2089000,2025-09-25
89.96096801757812,89.96096801757812,89.97092378085408,89.10993631103092,89.43342647428739,1947500,2025-09-26
90.86675262451172,90.86675262451172,91.18526870313919,90.3192995546728,90.40888623611113,3035300,2025-09-29
91.006103515625,91.006103515625,91.20517321828044,90.56217215536593,91.20517321828044,2291000,2025-09-30
91.93179321289062,91.93179321289062,92.041283828929,90.34916095907758,90.72740403049103,2540100,2025-10-01
91.81234741210938,91.81234741210938,92.69822051544195,91.59834785742704,92.190590485907,2561500,2025-10-02
91.11559295654297,91.11559295654297,91.91187935092934,91.02600627568641,91.69290571843813,1892600,2025-10-03
90.40888977050781,90.40888977050781,91.33955243159448,90.07046215209826,91.08573741330429,2121200,2025-10-06
89.98088073730469,89.98088073730469,90.94140307055724,89.66236465445142,90.59800137619527,1789000,2025-10-07
90.82694244384766,90.82694244384766,91.98156804223736,90.74731152105744,91.92184105313332,1808900,2025-10-08
89.30403137207031,89.30403137207031,91.05587359064317,88.66699921877515,90.87670782290252,1940900,2025-10-09
89.04523468017578,89.04523468017578,90.00078291004893,88.67197329691179,89.73203805546866,1723400,2025-10-10
88.76653289794922,88.76653289794922,89.65240596175316,88.45797258858579,88.82625228840094,1746900,2025-10-13
90.39893341064453,90.39893341064453,90.48852009499429,88.2887595748966,88.66700265144932,2210900,2025-10-14
91.0459213256836,91.0459213256836,91.77253259375651,90.12023275579287,90.55819522576947,2397600,2025-10-15
90.24962615966797,90.24962615966797,91.21513017765373,89.96595144996326,91.21513017765373,1564100,2025-10-16
90.86675262451172,90.86675262451172,91.07577808917141,90.28943985886745,90.42879016864057,1435900,2025-10-17
91.08573913574219,91.08573913574219,91.53364978684729,90.62787272078374,90.97624851542356,1615100,2025-10-20
92.27021026611328,92.27021026611328,92.32993725095696,90.4188332104262,90.53827958609132,1714400,2025-10-21
90.99614715576172,90.99614715576172,92.37970208400753,90.91651623761261,91.91187993240945,2009100,2025-10-22
92.5389633178711,92.5389633178711,92.85747939437164,91.11559293981696,91.23503931626301,2550100,2025-10-23
91.52368927001953,91.52368927001953,92.73803420029212,91.42415441872326,92.73803420029212,1721600,2025-10-24
91.62322998046875,91.62322998046875,92.06118483668419,91.13549630851418,91.39429299220208,2821800,2025-10-27
90.876708984375,90.876708984375,92.03630101388045,90.7423327583465,91.18526930175221,3218000,2025-10-28
92.94705963134766,92.94705963134766,93.62191761767757,90.46363205844034,93.60400331889679,3921200,2025-10-29
92.06118774414062,92.06118774414062,93.39497906925055,91.7625831864754,92.12091473089164,2422000,2025-10-30
92.32994079589844,92.32994079589844,92.54892202934766,90.98620129266843,91.36443677243004,2303200,2025-10-31
89.75194549560547,89.75194549560547,91.98156571313763,89.65241064164945,91.92183872554595,2934300,2025-11-03
90.27948760986328,90.27948760986328,90.29939913719014,89.48320117930906,89.92115605820597,2318900,2025-11-04
90.81698608398438,90.81698608398438,91.49881541411955,90.13516434787192,90.35911967197968,1740500,2025-11-05
90.72740173339844,90.72740173339844,91.31466266453336,90.37902596119787,90.71744597018635,2445000,2025-11-06
90.5979995727539,90.5979995727539,90.85679625805258,90.00078287854502,90.55819170795928,1882700,2025-11-07
89.8415298461914,89.8415298461914,90.30935200105702,89.59268892075416,90.27948471102575,2021900,2025-11-10
89.90125274658203,89.90125274658203,90.56814463021377,89.49315756183077,90.30935552535597,1845300,2025-11-11
90.55819702148438,90.55819702148438,91.57346470180833,90.21976939869457,90.43875063802514,2429300,2025-11-12
90.16999816894531,90.16999816894531,90.97624796771244,90.07046331307927,90.57810095022559,1985000,2025-11-13
88.7699966430664,88.7699966430664,90.88999938964844,88.73999786376953,90.61000061035156,1901600,2025-11-14
88.06999969482422,88.06999969482422,88.91000366210938,87.69499969482422,88.4800033569336,2556600,2025-11-17
87.69999694824219,87.69999694824219,88.44999694824219,87.37999725341797,88.08499908447266,3360900,2025-11-18
86.58000183105469,86.58000183105469,87.75,86.16500091552734,87.75,2424500,2025-11-19
86.86000061035156,86.86000061035156,87.51000213623047,86.4000015258789,87.03500366210938,2159900,2025-11-20
88.05999755859375,88.05999755859375,88.43000030517578,86.5780029296875,87.12000274658203,2722900,2025-11-21
86.95999908447266,86.95999908447266,88.12999725341797,86.62999725341797,88.05000305175781,5058300,2025-11-24
88.44000244140625,88.44000244140625,88.6500015258789,87.19999694824219,87.47000122070312,2263600,2025-11-25
88.56999969482422,88.56999969482422,89.05999755859375,88.2699966430664,88.54000091552734,1682800,2025-11-26
88.8499984741211,88.8499984741211,89.16000366210938,88.33999633789062,88.52999877929688,940800,2025-11-28
88.1500015258789,88.1500015258789,89.1050033569336,88.11000061035156,88.16000366210938,2071100,2025-12-01
87.23999786376953,87.23999786376953,88.48999786376953,86.93499755859375,88.37000274658203,2185800,2025-12-02
86.94000244140625,86.94000244140625,88.02999877929688,86.69999694824219,87.51000213623047,2189600,2025-12-03
86.91000366210938,86.91000366210938,87.12000274658203,86.55000305175781,86.76000213623047,2294300,2025-12-04
86.44999694824219,86.44999694824219,87.20999908447266,86.02999877929688,86.76000213623047,2662400,2025-12-05
86.12000274658203,86.12000274658203,86.55999755859375,85.81999969482422,86.55999755859375,2297800,2025-12-08
87.08999633789062,87.08999633789062,87.62000274658203,86.5,86.5,2508200,2025-12-09
87.8499984741211,87.8499984741211,88.5,87.04000091552734,87.08999633789062,2888100,2025-12-10
87.7300033569336,87.7300033569336,88.55000305175781,87.38999938964844,87.8499984741211,2774200,2025-12-11
88.13999938964844,88.13999938964844,89.01499938964844,87.90499877929688,88.0,1428515,2025-12-12
