Price,Close,High,Low,Open,Volume,Date
34.366641998291016,34.366641998291016,34.62477091529582,33.97499718753884,34.17972246340487,6831900,2021-10-25
32.55974578857422,32.55974578857422,32.87127834115318,32.07018978387847,32.53304057303162,12074600,2021-10-26
31.500524520874023,31.500524520874023,32.66655252577426,31.367012041059336,32.470730147506345,7193800,2021-10-27
31.72305679321289,31.72305679321289,31.998988087806044,31.49163306534006,31.634048450673482,6065700,2021-10-28
31.66074562072754,31.66074562072754,32.052387023966844,31.518330256326873,31.61624145599923,3578800,2021-10-29
32.43512725830078,32.43512725830078,32.56864314096208,31.625139278932085,31.669646836785816,4179800,2021-11-01
32.897979736328125,32.897979736328125,32.96028624603915,32.33722114892887,32.48853598809848,4512300,2021-11-02
32.98698425292969,32.98698425292969,33.1472019273045,32.70215358636322,32.8178637102844,4301400,2021-11-03
32.63984680175781,32.63984680175781,33.05819336860822,32.417322610105415,32.99588686658153,3228400,2021-11-04
34.12631607055664,34.12631607055664,34.31323560896874,32.83567485663688,32.889081894233314,5353400,2021-11-05
34.242027282714844,34.242027282714844,34.553559825461775,33.957196559217635,34.31323326586412,4771700,2021-11-08
34.01949691772461,34.01949691772461,34.66036423201235,33.9927917078526,34.27762237985814,3607200,2021-11-09
33.92097091674805,33.92097091674805,34.2882165806561,33.73287022918919,33.96575630660879,3198400,2021-11-10
34.27029800415039,34.27029800415039,34.55693198519537,33.87618183268555,34.028456241894006,3465400,2021-11-11
35.04062271118164,35.04062271118164,35.183938008729996,34.28821654482623,34.404661291867455,3228400,2021-11-12
34.6644172668457,34.6644172668457,35.14810762062586,34.57484308082763,35.14810762062586,3067200,2021-11-15
34.619632720947266,34.619632720947266,34.977919222981576,34.54797337039687,34.66441810658832,2335700,2021-11-16
34.21656036376953,34.21656036376953,34.65546196452694,34.05533022804872,34.512146667986904,3625900,2021-11-17
34.333003997802734,34.333003997802734,34.38674509669798,33.88514328350991,34.315089159202294,3171300,2021-11-18
33.723915100097656,33.723915100097656,34.32404685178435,33.71495597182713,34.32404685178435,4144300,2021-11-19
34.67337417602539,34.67337417602539,35.11227916042708,33.777652786304834,33.84931213759732,5476600,2021-11-22
35.31829833984375,35.31829833984375,35.37204285889754,34.67337777882344,34.879393309836864,5040200,2021-11-23
34.968963623046875,34.968963623046875,35.37203892890104,34.91521910996435,35.21080880655938,3115500,2021-11-24
34.0015869140625,34.0015869140625,34.547977569245205,33.75078599046637,34.15386134403609,2399800,2021-11-26
34.4494514465332,34.4494514465332,34.82565629019853,34.06429089042887,34.32405097094699,3639100,2021-11-29
33.22230529785156,33.22230529785156,34.28821248355945,33.123775401787526,34.21655655172567,8652800,2021-11-30
33.007328033447266,33.007328033447266,34.40465447016357,32.98941661459811,33.876178774569475,6961600,2021-12-01
33.61642837524414,33.61642837524414,33.84035876072678,33.06108197598101,33.204397286013645,4296100,2021-12-02
33.25813674926758,33.25813674926758,33.8851424166179,33.02524727032597,33.61642326139205,4880500,2021-12-03
33.73286819458008,33.73286819458008,34.05532844917809,33.07899197471456,33.58955290552608,4085900,2021-12-06
34.24342346191406,34.24342346191406,34.61066904293328,33.974707766493616,34.01949314624611,3500400,2021-12-07
34.32404327392578,34.32404327392578,34.503188234693596,34.09115721676177,34.24342821242556,3815900,2021-12-08
33.634342193603516,33.634342193603516,34.45840776391884,33.61642735328075,34.22551825662926,3850800,2021-12-09
33.68808364868164,33.68808364868164,34.18968546444368,33.53580922824952,33.894099168284775,3395500,2021-12-10
33.079002380371094,33.079002380371094,33.6074783156702,32.6759269353282,33.57164862790926,3884300,2021-12-13
32.944637298583984,32.944637298583984,33.41041291154471,32.864022222938736,33.03421150313789,3408100,2021-12-14
33.320838928222656,33.320838928222656,33.392494868087006,32.80131884235478,32.989422945424366,3823900,2021-12-15
33.23126220703125,33.23126220703125,33.76869709125234,33.21335078610589,33.47310739239485,3628800,2021-12-16
32.864017486572266,32.864017486572266,33.24917796837836,32.63113142210874,33.04316245295516,8201600,2021-12-17
32.33554458618164,32.33554458618164,32.44303362569917,31.68166830519519,32.40720394586,4663100,2021-12-20
32.47885513305664,32.47885513305664,32.58634415683556,32.030994451362,32.55051448224258,4714700,2021-12-21
32.58634567260742,32.58634567260742,32.78340205822328,32.40720070821537,32.496771481958405,3014500,2021-12-22
32.91775894165039,32.91775894165039,33.15960411125039,32.6579989353868,32.73861399192013,2888300,2021-12-23
33.473106384277344,33.473106384277344,33.482065511376135,32.9535897704399,33.007330865409315,2667400,2021-12-27
33.4552001953125,33.4552001953125,33.571644959357485,33.17752868777555,33.49102987915815,2472900,2021-12-28
33.5985107421875,33.5985107421875,33.89410046657486,33.41041005407167,33.41041005407167,2831900,2021-12-29
33.329795837402344,33.329795837402344,33.91201617291921,33.285010446264046,33.67912667194994,2084600,2021-12-30
33.34770965576172,33.34770965576172,33.508939792446,33.222309197653104,33.29396513789822,2086600,2021-12-31
33.31188201904297,33.31188201904297,33.67912770468838,33.087951639578534,33.49998613464198,3179900,2022-01-03
34.0463752746582,34.0463752746582,34.449450663384006,33.43728775235841,33.51789941319695,5663000,2022-01-04
34.198646545410156,34.198646545410156,35.067497478628866,34.180731705694626,34.36883239734827,6190100,2022-01-05
34.333003997802734,34.333003997802734,34.58380490439677,33.82243963995532,34.22551496620007,4935200,2022-01-06
34.01054382324219,34.01054382324219,34.709205445904644,33.867228530980505,34.28821527998952,3811500,2022-01-07
33.67912673950195,33.67912673950195,34.1269874855959,33.28501051302556,33.956801632166474,4513400,2022-01-10
34.07324981689453,34.07324981689453,34.08220552928021,33.329799263336255,33.78661918385937,3925200,2022-01-11
34.1896858215332,34.1896858215332,34.65546138168133,33.83139929466197,34.27926001593061,3413100,2022-01-12
34.118038177490234,34.118038177490234,34.503198764771646,34.01950824815216,34.1001233342554,3856000,2022-01-13
33.22230529785156,33.22230529785156,33.78661071000553,32.81027429331633,32.99837495839905,6977800,2022-01-14
32.82819366455078,32.82819366455078,33.29396582806479,32.68487836418348,33.29396582806479,5984200,2022-01-18
32.210147857666016,32.210147857666016,33.01629866297018,32.20119214512118,32.935683582439765,3779100,2022-01-19
31.466697692871094,31.466697692871094,32.59530529525445,31.395038331751437,32.26388929234205,5343300,2022-01-20
31.40399932861328,31.40399932861328,31.986216296268587,31.25172488562819,31.466699564869902,4961200,2022-01-21
31.645835876464844,31.645835876464844,31.7354066417047,30.39182466167285,30.911341250494218,6119100,2022-01-24
31.618959426879883,31.618959426879883,31.8608045742958,30.678452798199377,31.081528043892565,7054100,2022-01-25
35.14811706542969,35.14811706542969,36.832071212202365,34.85252729749955,36.36629557046522,14576100,2022-01-26
36.33046340942383,36.33046340942383,37.33367048131086,35.83781387612976,36.02591797834485,11405500,2022-01-27
37.727787017822266,37.727787017822266,37.74570185708869,36.42899021470915,36.42899021470915,8744800,2022-01-28
37.656131744384766,37.656131744384766,37.97859202307735,37.05599657750551,37.29784178652495,8506000,2022-01-31
37.77257537841797,37.77257537841797,37.87110529367977,37.414288815628176,37.77257537841797,5396900,2022-02-01
38.283138275146484,38.283138275146484,38.37270905806038,37.77257387843697,38.095034163977154,4487000,2022-02-02
38.16669464111328,38.16669464111328,38.677255635862444,38.06816472687985,38.462280966907116,4817200,2022-02-03
37.79048538208008,37.79048538208008,38.372705670338306,37.441154575887566,38.02337486414579,3877400,2022-02-04
37.7994499206543,37.7994499206543,38.31001092846873,37.71883484484641,38.22043672373412,3539700,2022-02-07
38.283138275146484,38.283138275146484,38.37270905806038,37.89797775818531,38.130863843905246,3571700,2022-02-08
38.47123718261719,38.47123718261719,38.677252707275855,38.301047919316325,38.65933786814386,3302200,2022-02-09
38.059207916259766,38.059207916259766,38.93701457341304,37.87110380501479,38.059207916259766,4791800,2022-02-10
37.50385665893555,37.50385665893555,38.42645208833431,37.288885421513115,38.14877720501527,4232400,2022-02-11
36.984336853027344,36.984336853027344,37.84422856364687,36.751447379168354,37.76361350221967,5875100,2022-02-14
37.70092010498047,37.70092010498047,37.8173648629944,37.288889012816135,37.45907487690839,3271600,2022-02-15
37.96962356567383,37.96962356567383,38.014408945175944,37.414277342655645,37.58446315152585,3177400,2022-02-16
37.04703903198242,37.04703903198242,37.62925591354646,36.99329451589244,37.34262532821208,3292100,2022-02-17
37.351585388183594,37.351585388183594,37.700916209221354,36.957465760833344,36.98433972800207,3436300,2022-02-18
36.83206558227539,36.83206558227539,37.51281580726152,36.49169388668854,37.03808110862729,4620600,2022-02-22
36.03487777709961,36.03487777709961,37.05599980392989,35.954262700407405,36.84998425614015,4448900,2022-02-23
36.285675048828125,36.285675048828125,36.393164084815766,34.75399216351963,35.16602321742024,7095400,2022-02-24
37.06116485595703,37.06116485595703,37.15134007370561,36.1053316266519,36.37585040023198,4237800,2022-02-25
36.429954528808594,36.429954528808594,36.84475019954385,36.06024474579104,36.42093528736541,6192500,2022-02-28
34.779781341552734,34.779781341552734,36.38486220289595,34.44614167213663,36.18648362531926,4837100,2022-03-01
35.91596603393555,35.91596603393555,36.1233638588671,34.88798927060197,35.10440633652287,4509000,2022-03-02
35.74463653564453,35.74463653564453,36.11434631745756,35.465101968805854,35.843827552199954,3436600,2022-03-03
35.032264709472656,35.032264709472656,35.48313042485754,34.80683185178022,35.19457664219781,4394600,2022-03-04
33.62556457519531,33.62556457519531,35.00521251003338,33.6075295344993,35.00521251003338,5324200,2022-03-07
33.33701705932617,33.33701705932617,34.27481527266804,32.723839319929795,33.625570884944125,5288500,2022-03-08
33.93215560913086,33.93215560913086,34.41007217945456,33.89608552537708,34.346951252801716,5224900,2022-03-09
33.373085021972656,33.373085021972656,33.51736194046363,32.94025426649973,33.35505341701522,4537700,2022-03-10
32.85909652709961,32.85909652709961,33.82394901286304,32.80499483545527,33.69770714591573,4923800,2022-03-11
32.651695251464844,32.651695251464844,33.490305782150834,32.263950449541966,33.31897804356056,5109900,2022-03-14
32.99435806274414,32.99435806274414,33.237825997792214,32.64268330317456,32.92221788650785,4190400,2022-03-15
33.64360427856445,33.64360427856445,34.2026768582936,32.93123555159002,33.23782440624783,6257300,2022-03-16
33.99528121948242,33.99528121948242,34.00429702174676,33.120600487023125,33.44522440586711,5001400,2022-03-17
34.28383255004883,34.28383255004883,34.31990263614237,33.59851467360245,34.05839967171329,10071600,2022-03-18
34.08544921875,34.08544921875,34.61747092896137,33.86903559009298,34.29284704614323,4707300,2022-03-21
34.572383880615234,34.572383880615234,34.662555649551884,34.1485689989815,34.355966819401786,6076700,2022-03-22
33.86002731323242,33.86002731323242,34.671587283069485,33.77887131624872,34.44615434031849,3128800,2022-03-23
34.5814094543457,34.5814094543457,34.73470563265877,33.88707906968298,34.04938761167115,5614000,2022-03-24
34.59944152832031,34.59944152832031,34.906030418770065,34.41909451514402,34.71666760285988,2937800,2022-03-25
34.2207145690918,34.2207145690918,34.500249160830506,33.769848773556554,34.49123335844634,2995000,2022-03-28
34.55435562133789,34.55435562133789,34.73470263444296,34.36499280550249,34.581406469362044,3802600,2022-03-29
33.88707733154297,33.88707733154297,34.518286739769366,33.598520036568104,34.410079904049596,6188700,2022-03-30
33.28291320800781,33.28291320800781,33.778864899886244,33.273897405537184,33.65262302629898,5091300,2022-03-31
32.78696060180664,32.78696060180664,33.60753619707373,32.39019650750191,33.60753619707373,3552400,2022-04-01
32.99435806274414,32.99435806274414,33.0664947991475,32.48037134647584,32.768925171755136,3459800,2022-04-04
32.16476058959961,32.16476058959961,32.86811349072004,32.03851873140258,32.759906675098684,3987700,2022-04-05
31.48845863342285,31.48845863342285,31.82210172594633,31.272045025127262,31.75898080354076,4926100,2022-04-06
31.028583526611328,31.028583526611328,31.281067268235514,30.43344082147361,31.163844639528854,5690100,2022-04-07
30.740034103393555,30.740034103393555,31.127779013525792,30.613792214482313,31.037603778708128,5120400,2022-04-08
30.361299514770508,30.361299514770508,30.94742639583667,30.28014697783779,30.631821730544345,3757300,2022-04-11
30.253095626831055,30.253095626831055,30.830203322105152,30.226044778562958,30.52361442901164,4106900,2022-04-12
30.541645050048828,30.541645050048828,30.568699334230903,30.226040399863788,30.226040399863788,3283800,2022-04-13
30.379337310791016,30.379337310791016,30.712980489850793,30.30720056925997,30.604770217804454,4153300,2022-04-14
30.541645050048828,30.541645050048828,30.767077925847484,30.26211048555142,30.41540318997481,3727700,2022-04-18
31.299104690551758,31.299104690551758,31.353209827795983,30.613790151291155,30.649860242787305,5414000,2022-04-19
31.263031005859375,31.263031005859375,31.8311228422141,31.1999100729125,31.560604066751374,4961000,2022-04-20
31.235977172851562,31.235977172851562,31.91227576674355,31.109735319031593,31.74094802796396,4529600,2022-04-21
30.478530883789062,30.478530883789062,31.199915558467477,30.379339846052005,31.09170871722408,6401900,2022-04-22
31.037599563598633,31.037599563598633,31.064653850286522,29.94650516923382,30.280148332998017,8555700,2022-04-25
32.01146697998047,32.01146697998047,33.13863131026147,31.767999071859865,32.64267969290434,11680800,2022-04-26
32.52545928955078,32.52545928955078,32.70580630169117,31.42534561134424,32.08361272163163,9747100,2022-04-27
32.82302474975586,32.82302474975586,33.093543485200016,32.20984711483852,32.9131965149598,5692600,2022-04-28
31.73193359375,31.73193359375,33.066495941739944,31.659796854854005,32.57956349465107,5097000,2022-04-29
32.42626190185547,32.42626190185547,32.45331618426253,31.560600541143884,31.731928277170404,6268100,2022-05-02
32.579559326171875,32.579559326171875,32.85007808212745,32.300021329112624,32.49840335540194,3985900,2022-05-03
33.6075325012207,33.6075325012207,33.64360258579683,32.43528227115736,32.69678178475279,4594300,2022-05-04
32.94026184082031,32.94026184082031,33.29193669551701,32.42627498551994,33.16569479278834,4575300,2022-05-05
33.23782730102539,33.23782730102539,33.38210421932204,32.318060656946855,32.81401234860202,4858800,2022-05-06
32.24591827392578,32.24591827392578,33.11158316437194,32.110660607173415,32.696784042766,5157200,2022-05-09
32.46233367919922,32.46233367919922,32.83204345295235,31.840140188687656,32.66973150936974,4904100,2022-05-10
31.452402114868164,31.452402114868164,32.52546158095878,31.40731621861507,32.05656069229312,5455000,2022-05-11
31.749958038330078,31.749958038330078,31.777012316237602,31.100713845691814,31.299092391299553,5022500,2022-05-12
32.04753875732422,32.04753875732422,32.21886650623922,31.596673001390563,32.01146867128967,4047400,2022-05-13
31.740949630737305,31.740949630737305,32.038519238362774,31.190892862889918,31.858175689417738,4072300,2022-05-16
32.72383117675781,32.72383117675781,32.75990125594242,32.164755268892634,32.23689542726185,4123900,2022-05-17
30.712974548339844,30.712974548339844,32.30903963401171,30.496557485946834,32.30903963401171,7807200,2022-05-18
30.22603988647461,30.22603988647461,30.794131686991342,29.93748608554003,30.415402673369307,5558600,2022-05-19
29.874366760253906,29.874366760253906,30.703958122515758,29.07182624333408,30.67690727717373,6053300,2022-05-20
30.442453384399414,30.442453384399414,30.667886255385238,29.6489321552088,29.657947956521877,5442000,2022-05-23
30.000612258911133,30.000612258911133,30.40639218735746,29.288243433397934,30.29818191321628,6117800,2022-05-24
30.388343811035156,30.388343811035156,30.514585635654054,29.703026134772937,29.766147047082384,5132900,2022-05-25
31.758989334106445,31.758989334106445,31.84014531897412,30.694945727989506,30.73101581900474,7748900,2022-05-26
32.395076751708984,32.395076751708984,32.43142202788788,31.813507269557117,32.06794500125071,4260400,2022-05-27
32.5495491027832,32.5495491027832,32.931203913121344,31.813502768392325,32.21333194745194,6618900,2022-05-31
32.20424270629883,32.20424270629883,32.85850610807222,32.013417036250374,32.704029175101475,3257500,2022-06-01
33.17655563354492,33.17655563354492,33.19473000577713,32.03159791417234,32.25877236746434,3842200,2022-06-02
32.567726135253906,32.567726135253906,33.04933481334185,32.395074817888165,32.840334755560164,3501300,2022-06-03
32.6131591796875,32.6131591796875,33.194725140246625,32.46776768954772,32.903942159967066,2537100,2022-06-06
32.567726135253906,32.567726135253906,32.60407487566985,31.822594288760357,32.186071293699804,3016600,2022-06-07
32.5495491027832,32.5495491027832,32.57680892266222,32.195157578730466,32.43141743929682,3812400,2022-06-08
31.131982803344727,31.131982803344727,32.17698658272261,31.104722980608408,32.17698658272261,5370100,2022-06-09
30.2414608001709,30.2414608001709,30.732158429917675,30.059724018552313,30.704898605956267,3986200,2022-06-10
29.023805618286133,29.023805618286133,29.632633159095256,28.69667388495486,29.450892922088247,5153100,2022-06-13
29.169193267822266,29.169193267822266,29.66897974997894,28.96019495685381,29.15102236520425,6157300,2022-06-14
29.75076675415039,29.75076675415039,30.068809589644005,29.13285198827115,29.44180937121077,6837100,2022-06-15
28.505849838256836,28.505849838256836,29.005632919014538,28.1332821576078,28.86024141431399,7330900,2022-06-16
28.969284057617188,28.969284057617188,29.414545755589835,28.187805156352525,28.596718111697147,11791400,2022-06-17
29.187368392944336,29.187368392944336,29.678065970097055,29.0238042670967,29.523589028997055,4131600,2022-06-21
28.66941261291504,28.66941261291504,29.24189315190524,28.66032716085787,28.851152851719025,3764200,2022-06-22
28.723934173583984,28.723934173583984,28.823889739646233,28.38771526991112,28.751193994690382,4409200,2022-06-23
29.76893424987793,29.76893424987793,29.805282988744796,28.9874554294762,29.05106398928995,8747400,2022-06-24
30.250551223754883,30.250551223754883,30.677636841490045,29.559938940188392,29.996113477300714,5223900,2022-06-27
29.532676696777344,29.532676696777344,30.695808700507936,29.505416873692035,30.41411461820826,3740900,2022-06-28
29.423633575439453,29.423633575439453,29.75985076617332,29.051065910231852,29.605373815384457,3994700,2022-06-29
28.63306427001953,28.63306427001953,29.078325927804645,28.41497703354539,28.91476006714822,7291100,2022-06-30
28.996545791625977,28.996545791625977,29.02380734876344,27.897022318466753,28.50584989557581,4709500,2022-07-01
28.760278701782227,28.760278701782227,28.787540253743337,27.83340673354203,28.124191421517814,3819200,2022-07-05
28.996545791625977,28.996545791625977,29.250980058761822,28.63306702914373,28.796632905561605,3303900,2022-07-06
29.678062438964844,29.678062438964844,29.841628278554488,29.20553928752878,29.223713654861644,4165900,2022-07-07
29.632633209228516,29.632633209228516,29.823458898525704,29.278241652988967,29.641718661211222,2634200,2022-07-08
29.487241744995117,29.487241744995117,29.659893064109518,29.223718573920465,29.37819898904953,3187300,2022-07-11
29.405458450317383,29.405458450317383,30.07789281453176,29.260066955373194,29.459978094417288,2858400,2022-07-12
29.296415328979492,29.296415328979492,29.459977725638403,28.805717739782885,28.860239116403626,2819100,2022-07-13
29.06924057006836,29.06924057006836,29.12376194931293,28.478587384175928,28.869327690702683,5245700,2022-07-14
30.168764114379883,30.168764114379883,30.250547045442737,29.296415160647147,29.514500665877026,4126800,2022-07-15
29.77802848815918,29.77802848815918,30.67763740420244,29.659896798938853,30.3595945483098,4795900,2022-07-18
31.06836700439453,31.06836700439453,31.113804653582907,30.150584033128105,30.19601821591053,4681200,2022-07-19
31.277374267578125,31.277374267578125,31.322811927297735,30.868463061355648,30.95024599588149,3144500,2022-07-20
31.668115615844727,31.668115615844727,31.668115615844727,31.122898345264158,31.195595830091897,3876200,2022-07-21
31.231937408447266,31.231937408447266,31.731720425042976,30.93206898505242,31.65902641522859,4481300,2022-07-22
31.340991973876953,31.340991973876953,31.713557972766313,30.95025160108965,31.350077427622235,9166000,2022-07-25
31.749897003173828,31.749897003173828,31.82259448445278,30.241458930702645,30.541330841368257,7669800,2022-07-26
32.66767883300781,32.66767883300781,33.176547261468826,31.622675225007633,31.81350088568051,6201300,2022-07-27
32.97663497924805,32.97663497924805,33.340111920041615,32.67676312334744,32.749460591349795,4242300,2022-07-28
33.40372085571289,33.40372085571289,33.558201243792446,32.84941825464396,33.03115499392893,5555100,2022-07-29
33.067508697509766,33.067508697509766,33.512772095043765,32.92211720438967,33.01298905409387,3560000,2022-08-01
32.81307601928711,32.81307601928711,33.19472740706397,32.72220416524015,32.94029314854606,3617000,2022-08-02
33.1674690246582,33.1674690246582,33.29468615944274,32.803988525496436,32.98572877507732,2746600,2022-08-03
33.15837860107422,33.15837860107422,33.249246979038524,32.922115272116756,33.20381279005637,3161200,2022-08-04
32.531375885009766,32.531375885009766,32.96755035053762,32.43141858670841,32.794899041184884,4652500,2022-08-05
32.62224197387695,32.62224197387695,32.96754453163516,32.549544509250445,32.74945907056744,2271300,2022-08-08
32.14971923828125,32.14971923828125,32.63132781478246,32.06793632279935,32.48593635019308,3925800,2022-08-09
33.44007110595703,33.44007110595703,33.485505292837786,32.80398209040766,32.80398209040766,4035300,2022-08-10
33.74903106689453,33.74903106689453,34.266988463902585,33.62181394712505,33.62181394712505,3938800,2022-08-11
34.112510681152344,34.112510681152344,34.13068505015746,33.83990207888849,33.93985590880696,2146600,2022-08-12
33.78538513183594,33.78538513183594,34.28516823817765,33.73086201487959,33.894427899341544,2740500,2022-08-15
33.96712112426758,33.96712112426758,34.23064082378904,33.54003209441213,33.61272957456057,2329900,2022-08-16
33.05842590332031,33.05842590332031,33.58546880834731,32.476859884087666,33.55820898444794,6209600,2022-08-17
33.494598388671875,33.494598388671875,33.612730062424355,33.03116061201576,33.15838120412204,2397500,2022-08-18
32.88576889038086,32.88576889038086,33.24924936109149,32.71311757331698,33.22198953903053,3676600,2022-08-19
31.931638717651367,31.931638717651367,32.46777053447051,31.849855780631266,32.376902145073444,3813700,2022-08-22
31.840763092041016,31.840763092041016,32.20424003343143,31.768065623919288,31.831674175322764,2902500,2022-08-23
31.78624725341797,31.78624725341797,31.977072951227928,31.459115504939835,31.75898742984708,6094300,2022-08-24
32.576805114746094,32.576805114746094,32.59497948134316,31.96797943257141,32.03158798245814,2808800,2022-08-25
31.477285385131836,31.477285385131836,32.62224634144913,31.41367682827047,32.54954886708964,4841600,2022-08-26
31.222856521606445,31.222856521606445,31.568162651323004,31.05020172354468,31.159247953817466,3685100,2022-08-29
31.61668586730957,31.61668586730957,31.809022918240906,31.351075562388555,31.479300263009446,4941500,2022-08-30
31.433507919311523,31.433507919311523,31.955567653594223,31.433507919311523,31.75406968813029,7606900,2022-08-31
31.021352767944336,31.021352767944336,31.3327571082809,30.545087100731873,31.2778056618963,4162700,2022-09-01
30.361913681030273,30.361913681030273,31.59837024978153,30.142097394167582,31.424351497500357,6728900,2022-09-02
30.032190322875977,30.032190322875977,30.508456022159507,29.940598749632255,30.46265848860701,3840400,2022-09-06
30.21536636352539,30.21536636352539,30.664152790256765,30.068823357714614,30.178729738607483,6926700,2022-09-07
30.325275421142578,30.325275421142578,30.57256742037492,29.537605385186488,30.004710165606802,9251200,2022-09-08
30.810699462890625,30.810699462890625,30.911448446474715,30.352752078498405,30.682474754278605,3781500,2022-09-09
31.433507919311523,31.433507919311523,31.451826233795632,31.012197167760792,31.085466931835978,5960400,2022-09-12
30.151256561279297,30.151256561279297,30.792383650295623,30.023031842248344,30.673319836259196,4591300,2022-09-13
30.151256561279297,30.151256561279297,30.252005553049777,29.702470044670957,30.096305106758347,5312600,2022-09-14
29.86733055114746,29.86733055114746,30.27948391770443,29.63835684682264,30.032191897770247,5695900,2022-09-15
29.36358642578125,29.36358642578125,29.61087842319049,29.171247623263874,29.528447757387408,9532200,2022-09-16
29.64751625061035,29.64751625061035,29.684152884291795,29.03386835882376,29.07966240399472,3779700,2022-09-19
29.033864974975586,29.033864974975586,29.400220787506807,28.896479361613075,29.381905966662337,3433200,2022-09-20
28.44769287109375,28.44769287109375,29.36358944610674,28.44769287109375,29.17125062380548,3838000,2022-09-21
28.136287689208984,28.136287689208984,28.64919003613119,28.035540448899482,28.43853290399889,4238900,2022-09-22
27.76076889038086,27.76076889038086,28.026379201690812,27.376093032334747,27.861517870109537,3842700,2022-09-23
27.376094818115234,27.376094818115234,27.96226867385564,27.357778249912943,27.522637845317664,3586000,2022-09-26
27.018892288208008,27.018892288208008,27.760766468675918,26.725806278488857,27.605064307646316,4705700,2022-09-27
27.412729263305664,27.412729263305664,27.476841614229983,26.899828708980593,27.08300660491713,6081100,2022-09-28
27.12880516052246,27.12880516052246,27.275348191014448,26.762445837361774,27.064691056117837,4571000,2022-09-29
26.579265594482422,26.579265594482422,27.40357050552695,26.542628966603278,27.01889464744876,4342400,2022-09-30
27.35777473449707,27.35777473449707,27.476840273700372,26.68001113711366,26.908984806061163,4152000,2022-10-03
28.878164291381836,28.878164291381836,28.923958333590335,27.898155366971096,28.008063513974516,6731500,2022-10-04
28.685821533203125,28.685821533203125,28.841523701042064,28.227874186256894,28.48432532944176,3968200,2022-10-05
28.841527938842773,28.841527938842773,28.942276928992154,28.54844187324176,28.694984906042265,4709000,2022-10-06
27.898155212402344,27.898155212402344,28.466010766067487,27.669181508767007,28.39273925078141,4182000,2022-10-07
27.595909118652344,27.595909118652344,28.172923811802423,27.504321037646257,28.081333983865672,3438100,2022-10-10
27.385255813598633,27.385255813598633,27.815727513460526,27.046375695548633,27.3303026114423,3860600,2022-10-11
27.55011749267578,27.55011749267578,27.806568683988257,27.26619057342574,27.41273361219549,3604600,2022-10-12
28.008060455322266,28.008060455322266,28.264511605703717,26.70748988362087,26.844873742173935,5873900,2022-10-13
27.660018920898438,27.660018920898438,28.548436095826755,27.513475917754185,28.39273393661969,4636800,2022-10-14
28.630868911743164,28.630868911743164,28.86900174653634,28.227874749252358,28.255352219512137,5790200,2022-10-17
28.850685119628906,28.850685119628906,29.400220581505906,28.50264587731143,29.308632502480158,5379200,2022-10-18
28.77741241455078,28.77741241455078,28.923955431230063,28.420214029761343,28.438530596648334,3717800,2022-10-19
28.301145553588867,28.301145553588867,29.400218132730576,28.117967663863826,28.85984187315079,5433700,2022-10-20
29.48265266418457,29.48265266418457,29.583401652261646,28.227877753273308,28.365261625331595,14456900,2022-10-21
29.610876083374023,29.610876083374023,29.72078246447308,29.116292127636985,29.50096620841411,7771900,2022-10-24
29.061342239379883,29.061342239379883,29.10713802856991,27.137962766667204,27.321142429565835,15604600,2022-10-25
29.66583251953125,29.66583251953125,29.867330497007508,28.694984504094453,28.786574335044502,7357600,2022-10-26
29.40938377380371,29.40938377380371,30.160417260601996,29.281157308716388,29.894806919356824,4848100,2022-10-27
29.757423400878906,29.757423400878906,29.87648720854481,29.427700715948845,29.546764523614748,3517400,2022-10-28
29.464332580566406,29.464332580566406,29.59256078106313,29.253678953187077,29.546763248240836,4122500,2022-10-31
29.821537017822266,29.821537017822266,29.922282514600322,29.281157179711403,29.821537017822266,4012800,2022-11-01
29.07965850830078,29.07965850830078,30.160414600086682,29.070499351107436,29.729942946652624,3869300,2022-11-02
29.19872283935547,29.19872283935547,29.455173989274346,28.456848606962648,28.649187406134438,3546400,2022-11-03
30.123783111572266,30.123783111572266,30.233689522785355,29.64751733783311,29.821539607270807,3736600,2022-11-04
30.29780387878418,30.29780387878418,30.42602860115212,29.903968806447434,30.38023106271073,3255700,2022-11-07
30.206207275390625,30.206207275390625,30.709948669767584,29.849008895629893,30.5450873415917,4569700,2022-11-08
29.36358642578125,29.36358642578125,30.151252962069286,29.2811540130476,30.03218916224572,4365800,2022-11-09
31.0488338470459,31.0488338470459,31.10378529672603,30.380227595806822,31.0488338470459,5408100,2022-11-10
31.561729431152344,31.561729431152344,31.946407008646748,31.140418722260144,31.296119138818216,3783000,2022-11-11
31.13126564025879,31.13126564025879,31.873138188635803,31.094629009907454,31.433509106003882,4856000,2022-11-14
31.470144271850586,31.470144271850586,31.88229760946959,30.88397218895298,31.58005066392858,4641000,2022-11-15
30.664159774780273,30.664159774780273,31.323605198064254,30.38023110778597,31.323605198064254,4376700,2022-11-16
30.7380313873291,30.7380313873291,30.756498635199137,30.14709354455754,30.156325407358864,2862100,2022-11-17
31.292034149169922,31.292034149169922,31.42130135957536,31.070434223408405,31.116600581086445,3315000,2022-11-18
31.07965850830078,31.07965850830078,31.25509203361066,30.91345684336871,31.153527480389016,3035300,2022-11-21
31.375125885009766,31.375125885009766,31.62442837075041,31.208924227849337,31.227391470007863,3400300,2022-11-22
31.319730758666992,31.319730758666992,31.605967789044566,30.941161020305444,31.384367880976214,3657500,2022-11-23
31.504398345947266,31.504398345947266,31.73523362827568,31.393598396664352,31.402830258160062,1414700,2022-11-25
30.571823120117188,30.571823120117188,31.208927184750635,30.3686869593935,31.19969532392984,5444100,2022-11-28
30.848831176757812,30.848831176757812,30.950399278331403,30.359461438922164,30.664162221375584,3194900,2022-11-29
31.513633728027344,31.513633728027344,31.578267325294497,30.461025404228675,30.876526094584133,7799900,2022-11-30
31.61520004272461,31.61520004272461,32.07687058146478,31.504396577394953,31.70753274156597,4394300,2022-12-01
31.393600463867188,31.393600463867188,31.402832325970795,31.024262578914847,31.20893152139102,3118000,2022-12-02
30.931922912597656,30.931922912597656,31.190457260562802,30.830354840963828,31.144290915892785,3193300,2022-12-05
30.728788375854492,30.728788375854492,30.941156390252385,30.424087667289346,30.922692669232138,2982800,2022-12-06
30.5810546875,30.5810546875,30.85805629893196,30.461022886648326,30.5810546875,2179800,2022-12-07
30.76572036743164,30.76572036743164,30.91345477947839,30.5718196120452,30.74725312564252,2327100,2022-12-08
30.48872184753418,30.48872184753418,30.950392371835544,30.39638562931396,30.738024353328903,4742900,2022-12-09
30.92269515991211,30.92269515991211,30.987328755488427,30.30405478791006,30.359456522232673,4068500,2022-12-12
31.38436508178711,31.38436508178711,31.79986575292329,31.13506256574537,31.596733109022654,3034800,2022-12-13
31.14429473876953,31.14429473876953,31.72600061536023,30.802659519557043,31.301264556634788,4078700,2022-12-14
30.276355743408203,30.276355743408203,30.74725815817357,30.184019519349548,30.682624562465907,3739700,2022-12-15
29.823915481567383,29.823915481567383,30.073217990004874,29.37147857429192,29.962418049232635,9870500,2022-12-16
29.316078186035156,29.316078186035156,30.008583969957247,29.168343759689105,29.88854864784278,5007800,2022-12-19
29.131410598754883,29.131410598754883,29.43611308710697,28.983676165683164,29.19604595421545,3933100,2022-12-20
29.574617385864258,29.574617385864258,29.69465272759979,29.23298212952003,29.316082978065072,2783600,2022-12-21
29.149877548217773,29.149877548217773,29.343780090370743,28.558939821910332,29.27914473556419,3020900,2022-12-22
29.316078186035156,29.316078186035156,29.38994539920818,28.90980763301688,29.04830843757464,1988600,2022-12-23
29.454586029052734,29.454586029052734,29.52845325987705,29.223750712585026,29.36225155023891,2320000,2022-12-27
29.011377334594727,29.011377334594727,29.57461420612432,28.965210984203793,29.38071342112234,1923500,2022-12-28
29.5284481048584,29.5284481048584,29.703881646730746,29.21451198837797,29.26991372267456,2136200,2022-12-29
29.49151611328125,29.49151611328125,29.528448842601648,29.15911274373048,29.34378167373278,2592900,2022-12-30
30.045522689819336,30.045522689819336,30.054754551774895,29.491517632408698,29.67618481078989,3548700,2023-01-03
31.495166778564453,31.495166778564453,31.56903223802055,30.64569110008441,30.950395366291456,5799200,2023-01-04
31.753698348999023,31.753698348999023,31.864498289472937,31.070427940098863,31.282795960284947,5257100,2023-01-05
32.66780471801758,32.66780471801758,32.89863996202396,32.132265261234956,32.17843160558297,5306100,2023-01-06
32.704742431640625,32.704742431640625,33.01867856918833,32.57547523187399,32.84324501554318,6845500,2023-01-09
33.09254455566406,33.09254455566406,33.221811743721595,32.667808502827384,32.70473946922475,3129900,2023-01-10
33.61884307861328,33.61884307861328,33.62807493810471,33.00943820646156,33.24027343867458,3592900,2023-01-11
33.7388801574707,33.7388801574707,34.10821443504827,33.526512155353686,33.7388801574707,4315500,2023-01-12
33.30491256713867,33.30491256713867,33.58191418746149,33.2772134617864,33.554215082109216,3643300,2023-01-13
33.19410705566406,33.19410705566406,33.63731027829341,33.19410705566406,33.32337422198103,4565500,2023-01-17
33.18488311767578,33.18488311767578,33.77582447389962,33.10178226463394,33.31415385083768,3013600,2023-01-18
33.00944519042969,33.00944519042969,33.221813226325466,32.70474092875301,32.81554439969009,3311000,2023-01-19
33.09254455566406,33.09254455566406,33.24027898805363,32.363104254748876,33.03714282266796,5978200,2023-01-20
33.34185028076172,33.34185028076172,33.72965188227026,33.12024684970895,33.212583080258874,4697500,2023-01-23
33.064842224121094,33.064842224121094,33.43417650792526,32.76013800577296,33.28644208995032,3470000,2023-01-24
32.83401107788086,32.83401107788086,32.907876534963236,32.34463789535956,32.769377482083726,4334800,2023-01-25
33.63731002807617,33.63731002807617,33.64654188748752,32.98173881962181,32.98173881962181,4777900,2023-01-26
33.978946685791016,33.978946685791016,34.2005500663941,33.517276204945304,33.54497882893709,4588700,2023-01-27
33.600379943847656,33.600379943847656,34.25595123810966,33.54498173559633,33.81274796076634,6646400,2023-01-30
31.956836700439453,31.956836700439453,33.600382765560255,31.781399633533184,33.600382765560255,14063400,2023-01-31
32.57547378540039,32.57547378540039,32.86171080236439,31.59673444647439,31.87373607971256,6855300,2023-02-01
33.5080451965332,33.5080451965332,33.55421154133757,32.298467237967365,32.76937311286436,4848800,2023-02-02
33.00020980834961,33.00020980834961,33.64654570852709,32.90787359241962,33.1479442315711,3572600,2023-02-03
32.33540344238281,32.33540344238281,32.69550588218074,32.32616805957098,32.56623870094728,4514600,2023-02-06
32.49237060546875,32.49237060546875,32.64010503405116,32.039935458926756,32.14150353900216,5692500,2023-02-07
32.44620895385742,32.44620895385742,32.71397874513357,32.15074005392068,32.261540010830174,4396500,2023-02-08
32.31694793701172,32.31694793701172,33.15718844248331,32.20614795889123,32.76015137176146,3346100,2023-02-09
32.54777526855469,32.54777526855469,32.584709759593565,32.049170206330636,32.12303918840839,3656800,2023-02-10
32.93557357788086,32.93557357788086,33.00021069189568,32.44620394828227,32.44620394828227,3596600,2023-02-13
32.67704391479492,32.67704391479492,32.88941196429078,32.36310777156907,32.77861200852492,2868300,2023-02-14
32.89864730834961,32.89864730834961,32.90787917037419,32.38157497829629,32.42774133295334,2746000,2023-02-15
32.64010238647461,32.64010238647461,32.88017301486452,32.52930245459191,32.59393604171235,1976900,2023-02-16
32.85247802734375,32.85247802734375,32.87094174974824,32.20613855291685,32.48314017845215,4389100,2023-02-17
31.956836700439453,31.956836700439453,32.58470894330362,31.84603675236544,32.40927187639734,6262900,2023-02-21
31.781396865844727,31.781396865844727,32.08610109934661,31.68906417086833,31.956833917473034,2746100,2023-02-22
32.03993606567383,32.03993606567383,32.14150414767264,31.652130981884415,32.03993606567383,2688700,2023-02-23
31.679832458496094,31.679832458496094,31.79063239743947,31.522862649581967,31.596731623721922,3243400,2023-02-24
31.94049835205078,31.94049835205078,32.40596756035159,31.893948590222116,32.08013698379209,3472100,2023-02-27
31.605358123779297,31.605358123779297,31.996350531512572,31.5588119158941,31.884638922338496,4687400,2023-02-28
31.95911979675293,31.95911979675293,32.07083142026116,31.475031359885957,31.58674298339419,3563900,2023-03-01
32.12668228149414,32.12668228149414,32.21046687865748,31.614666877161795,31.68914365297282,3849700,2023-03-02
32.834197998046875,32.834197998046875,32.96452880665651,32.1732325822419,32.39665581093037,5187200,2023-03-03
33.020389556884766,33.020389556884766,33.52309364527905,32.81558195156765,33.01107818323479,5976500,2023-03-06
32.061519622802734,32.061519622802734,33.10417326592119,31.57743119233669,33.10417326592119,5688900,2023-03-07
32.00566101074219,32.00566101074219,32.42458397251524,31.791545619446612,32.145299630501256,3901000,2023-03-08
31.605358123779297,31.605358123779297,32.27563133007177,31.50295433568305,32.10806569193467,3406400,2023-03-09
30.96300506591797,30.96300506591797,31.596043368880004,30.73958187148881,31.484331771665424,3257700,2023-03-10
30.786128997802734,30.786128997802734,31.09334033841701,30.385825248591996,30.52546741273444,3667800,2023-03-13
31.242290496826172,31.242290496826172,31.52157127541789,30.860605937459678,31.354002098013304,4199800,2023-03-14
30.544086456298828,30.544086456298828,30.851294244172724,30.274113500933954,30.674417248199738,3346600,2023-03-15
31.028179168701172,31.028179168701172,31.08403320096819,30.20895236671861,30.227571561223694,3622700,2023-03-16
30.553396224975586,30.553396224975586,30.972319190834074,30.460303810895017,30.897842418571248,6649900,2023-03-17
30.93507957458496,30.93507957458496,31.205052536430422,30.497537433059406,30.73027201025422,4381600,2023-03-20
31.344696044921875,31.344696044921875,31.530884445991394,31.08403441417357,31.242295798019594,2877900,2023-03-21
30.506853103637695,30.506853103637695,31.43779154359766,30.497541730539037,31.419172348648658,4138900,2023-03-22
30.404443740844727,30.404443740844727,31.14919364622029,30.143782161775196,30.599939925146874,3971800,2023-03-23
30.58131980895996,30.58131980895996,30.599938999937343,29.892427499034557,30.171708261200195,3581900,2023-03-24
31.046796798706055,31.046796798706055,31.55881580224045,30.98163138939231,31.40055441444387,3872900,2023-03-27
31.23298454284668,31.23298454284668,31.307461324055378,30.953703715810846,31.04679614107333,3835500,2023-03-28
31.987041473388672,31.987041473388672,32.117372270926104,31.475026103956818,31.57742633684488,3682800,2023-03-29
32.4152717590332,32.4152717590332,32.61076795237008,32.108063962539234,32.275629591650954,3862400,2023-03-30
32.843502044677734,32.843502044677734,32.936598005304745,32.51767506060267,32.58284045741768,4261600,2023-03-31
32.53629684448242,32.53629684448242,32.778339258897525,32.2756316852107,32.703866035711364,4885000,2023-04-03
32.052215576171875,32.052215576171875,32.5642310846453,31.93119256648762,32.55492326139983,3277000,2023-04-04
31.893949508666992,31.893949508666992,32.145303314537415,31.69845328785056,31.828784101728182,4021600,2023-04-05
31.744993209838867,31.744993209838867,31.92187375183865,31.56811621908672,31.679827815811887,3104700,2023-04-06
32.471134185791016,32.471134185791016,32.48044200775763,31.558814929383114,31.558814929383114,4549100,2023-04-10
32.5642204284668,32.5642204284668,32.80626636862921,32.55491260826718,32.61076663196028,3087900,2023-04-11
32.34080123901367,32.34080123901367,32.82488607683303,32.312870672458146,32.78765124017256,2997200,2023-04-12
32.517677307128906,32.517677307128906,32.62008109526942,32.08013514007327,32.47113109922359,3241400,2023-04-13
32.37803649902344,32.37803649902344,32.83419787874794,32.126682704226035,32.489751664209955,2575500,2023-04-14
32.34080123901367,32.34080123901367,32.52698607606044,32.16392067207185,32.19185123862737,3466900,2023-04-17
32.11736297607422,32.11736297607422,32.53628581209847,31.94048602364036,32.46180906291777,3697400,2023-04-18
31.65191078186035,31.65191078186035,31.90326461716027,31.49365293255045,31.782241610997623,5080500,2023-04-19
31.63328742980957,31.63328742980957,31.679833641066622,31.270222010256965,31.307460399761922,3620700,2023-04-20
31.279529571533203,31.279529571533203,31.60536015011583,31.093344728055424,31.60536015011583,17674700,2023-04-21
31.335386276245117,31.335386276245117,31.530882487161307,31.177128453479106,31.279528694019856,6597700,2023-04-24
30.61856460571289,30.61856460571289,32.1173760565517,30.553399199263232,31.661214660155768,7704500,2023-04-25
30.013452529907227,30.013452529907227,30.469610310873637,29.883118184097587,30.3858257213342,6084200,2023-04-26
30.488231658935547,30.488231658935547,30.516158673674123,29.817954895225217,29.901739490689007,4596500,2023-04-27
30.925769805908203,30.925769805908203,30.935077625860618,30.38582391623063,30.38582391623063,3867100,2023-04-28
30.823368072509766,30.823368072509766,31.102648855805743,30.795441059554516,30.92577185500945,3330900,2023-05-01
30.246192932128906,30.246192932128906,30.72096999680289,29.873816117728868,30.54409296314954,3682100,2023-05-02
29.482818603515625,29.482818603515625,30.404447387825197,29.408343604044873,30.320662791467598,4549900,2023-05-03
29.203536987304688,29.203536987304688,29.48281778364766,29.017348605993373,29.324558192220245,4855900,2023-05-04
29.305938720703125,29.305938720703125,29.65038669017131,29.11975211678366,29.64107709363174,4009500,2023-05-05
29.296632766723633,29.296632766723633,29.389726968070107,29.05458855347248,29.222157760771292,4578200,2023-05-08
29.008037567138672,29.008037567138672,29.166297150697712,28.793922182212885,28.99872797097356,3321400,2023-05-09
29.129060745239258,29.129060745239258,29.343176131661462,28.905633986962957,29.268701137444,3638000,2023-05-10
28.840469360351562,28.840469360351562,29.03596733516619,28.71944815737029,28.98941935277034,3645400,2023-05-11
28.849782943725586,28.849782943725586,28.998732956728507,28.626357924221203,28.887021334788425,2636400,2023-05-12
29.045276641845703,29.045276641845703,29.082513251766883,28.710138274435312,28.849778668981656,3081400,2023-05-15
28.5146427154541,28.5146427154541,29.00804071195159,28.486715699555067,28.784615706638792,3696400,2023-05-16
28.691516876220703,28.691516876220703,28.840466855703934,28.514638109725432,28.672897684879345,2549800,2023-05-17
29.129060745239258,29.129060745239258,29.147678162075678,28.486712810348724,28.561187804566185,2802300,2023-05-18
29.1569881439209,29.1569881439209,29.529363119933027,29.082513148718473,29.33386692338564,4233500,2023-05-19
29.32455825805664,29.32455825805664,29.510746639785967,29.03596786443779,29.184917859571648,4027400,2023-05-22
28.644975662231445,28.644975662231445,29.650389086655558,28.644975662231445,29.305941089347463,5264200,2023-05-23
29.352487564086914,29.352487564086914,30.60925472379669,29.15698958227142,29.417652966150733,10349900,2023-05-24
28.89632797241211,28.89632797241211,29.57591255907427,28.626354991735234,29.482818366577963,5811100,2023-05-25
29.352487564086914,29.352487564086914,29.52005497984072,28.970802972892514,28.970802972892514,3766300,2023-05-26
29.267948150634766,29.267948150634766,29.540340056952306,29.202198874360437,29.502768018205025,3613900,2023-05-30
28.93920135498047,28.93920135498047,29.12705797459036,28.629239186697596,28.929808344846624,10774100,2023-05-31
28.995563507080078,28.995563507080078,29.155241118819074,28.723171549364366,28.995563507080078,5786200,2023-06-01
29.596704483032227,29.596704483032227,29.671846789709296,29.29613525632394,29.32431250161915,5700000,2023-06-02
29.164628982543945,29.164628982543945,29.540342231540926,29.155237763699212,29.540342231540926,3081700,2023-06-05
29.380664825439453,29.380664825439453,29.512163388506394,29.014344584485954,29.051916626238544,3003100,2023-06-06
29.95362663269043,29.95362663269043,30.000591688805354,29.33370222424305,29.455809578608154,7049100,2023-06-07
29.756378173828125,29.756378173828125,30.094519404927794,29.653056843984633,30.009984097152877,2999400,2023-06-08
30.789581298828125,30.789581298828125,31.259221055469517,30.667477541909598,30.864725379762902,7148700,2023-06-09
30.836551666259766,30.836551666259766,30.93047819509917,30.611122980750835,30.864728908298108,2988000,2023-06-12
30.986831665039062,30.986831665039062,31.315578050271586,30.864724329209754,30.986831665039062,3143900,2023-06-13
31.221654891967773,31.221654891967773,31.390721920358633,30.98683499639453,31.0150122372818,5057000,2023-06-14
31.78522300720215,31.78522300720215,31.991865673584368,31.475259007628818,31.59736636349717,5271200,2023-06-15
33.67316818237305,33.67316818237305,33.83284755838936,32.44271434732286,32.83721001206866,21262900,2023-06-16
32.78085708618164,32.78085708618164,33.20353000894947,32.71510780561478,33.025068187848994,7432300,2023-06-20
32.33000183105469,32.33000183105469,32.855999692385964,32.28303856807644,32.63996581623221,4493700,2023-06-21
32.35818099975586,32.35818099975586,32.38635823948771,31.973076530129678,32.25485967664957,4393000,2023-06-22
31.804006576538086,31.804006576538086,32.00125442483238,31.72886249162568,31.841578618994287,5962000,2023-06-23
32.0670051574707,32.0670051574707,32.32061108091581,31.916720563918123,31.944897805500688,4643400,2023-06-26
32.58360290527344,32.58360290527344,32.71510503835089,32.01064544923636,32.14214399924706,2990200,2023-06-27
32.66814041137695,32.66814041137695,32.78085653307579,32.30182197352323,32.499069811895694,4363900,2023-06-28
32.602394104003906,32.602394104003906,32.72450145544231,32.46150431363713,32.6681433894552,3720100,2023-06-29
32.912357330322266,32.912357330322266,33.03446109586631,32.59300212992391,32.87478528720076,4382500,2023-06-30
33.02507400512695,33.02507400512695,33.13778656551458,32.78086286044247,32.84661215259089,1598600,2023-07-03
32.85599899291992,32.85599899291992,33.053246843069736,32.602393078555636,32.7432864475582,3785300,2023-07-05
32.546043395996094,32.546043395996094,32.70571922687887,32.19850732336699,32.49907654402564,2888700,2023-07-06
32.59300231933594,32.59300231933594,32.959320784231394,32.433322926675174,32.47089497001503,2521400,2023-07-07
32.89357376098633,32.89357376098633,32.94053702685572,32.433325156104274,32.46150598207991,2575300,2023-07-10
33.2504997253418,33.2504997253418,33.25989094491987,33.00628501950345,33.081429108397515,3057900,2023-07-11
33.400787353515625,33.400787353515625,33.60742645060649,33.25989396557702,33.57924920624585,3269200,2023-07-12
33.644996643066406,33.644996643066406,33.78589002323525,33.51349806587815,33.57924735447228,3101000,2023-07-13
31.522220611572266,31.522220611572266,32.80903249480596,31.400113276018644,32.80903249480596,7177000,2023-07-14
31.559791564941406,31.559791564941406,31.766434213296613,31.40011576071576,31.475256261802198,4100000,2023-07-17
31.587976455688477,31.587976455688477,32.06700751311848,31.475260314943387,31.475260314943387,5660000,2023-07-18
31.559791564941406,31.559791564941406,31.81339747435903,31.42829300073978,31.66311288911901,4044300,2023-07-19
31.174684524536133,31.174684524536133,31.53161172874355,30.817760903395566,31.353149918173266,5432400,2023-07-20
31.202863693237305,31.202863693237305,31.428288749067878,31.043184327546207,31.221649711734294,3503100,2023-07-21
31.174684524536133,31.174684524536133,31.43768521435221,31.155898505044494,31.334363898681627,5238800,2023-07-24
31.93550682067871,31.93550682067871,32.14214948198231,31.052585274952435,31.653723653580315,7632300,2023-07-25
32.31121826171875,32.31121826171875,32.320609480758876,31.362543900643672,31.653721853827868,6166700,2023-07-26
31.75704574584961,31.75704574584961,32.593004047619196,31.672510435385973,32.593004047619196,6549400,2023-07-27
31.71007537841797,31.71007537841797,32.10457464448862,31.550399578078533,32.07639740515038,4955200,2023-07-28
31.879150390625,31.879150390625,32.02004377294099,31.503440676228298,31.55979516270065,7930000,2023-07-31
31.691295623779297,31.691295623779297,32.048219295836454,31.61615153509314,31.84158021808425,4404000,2023-08-01
31.75704574584961,31.75704574584961,31.991865654574433,31.381332458662907,31.45647654932723,3979600,2023-08-02
31.5316162109375,31.5316162109375,31.785222135524215,31.13712049473641,31.541011013552207,5121900,2023-08-03
31.090152740478516,31.090152740478516,31.747649164692987,31.043189477977606,31.522224071461725,4784100,2023-08-04
31.099546432495117,31.099546432495117,31.50343692510418,30.97743908789846,31.33436631968331,3256300,2023-08-07
30.836551666259766,30.836551666259766,30.85533410557373,30.348125833546586,30.70504950959024,3382600,2023-08-08
30.582944869995117,30.582944869995117,30.921082514052515,30.56415884814738,30.874119250966817,3620100,2023-08-09
30.676868438720703,30.676868438720703,30.97743759317314,30.611119160125916,30.705045677242197,2916200,2023-08-10
30.460838317871094,30.460838317871094,30.601731693888176,30.34812576689786,30.451443515167345,2621200,2023-08-11
30.39508819580078,30.39508819580078,30.46083748065032,30.188445538806633,30.291766867303707,2914300,2023-08-14
29.95362663269043,29.95362663269043,30.25419582569113,29.87848433444025,30.150874493771997,3362500,2023-08-15
29.822124481201172,29.822124481201172,30.047551348909696,29.728196171772577,29.728196171772577,3096100,2023-08-16
30.085124969482422,30.085124969482422,30.30115885130624,30.00059145220963,30.03816170527157,2177600,2023-08-17
30.197839736938477,30.197839736938477,30.29176626111038,29.840912495564243,29.85969851701207,2629400,2023-08-18
30.056947708129883,30.056947708129883,30.27298158981398,29.916056124054762,30.18844628106217,1992400,2023-08-21
30.019371032714844,30.019371032714844,30.291762939236264,30.000586804860557,30.188441624137322,2666300,2023-08-22
30.24480628967285,30.24480628967285,30.357518847555756,29.96302131189798,30.04755662607706,1803500,2023-08-23
30.009984970092773,30.009984970092773,30.36691223364343,29.925449659858867,30.038162212481595,2414200,2023-08-24
30.460838317871094,30.460838317871094,30.59233689118443,29.981805497400615,30.169660346200565,3112500,2023-08-25
30.66748046875,30.66748046875,30.827156281375046,30.59233638064363,30.67687168822963,1861400,2023-08-28
30.902297973632812,30.902297973632812,30.93986643170599,30.639297268718227,30.752013392138927,2746300,2023-08-29
31.034923553466797,31.034923553466797,31.04439899758121,30.788616213838246,30.79808804412958,2649100,2023-08-30
31.091766357421875,31.091766357421875,31.375968254826596,31.05387180741506,31.205446393619123,3617100,2023-08-31
31.129663467407227,31.129663467407227,31.508598157167857,30.997036145299834,31.41386538818357,3018200,2023-09-01
30.504417419433594,30.504417419433594,31.091768530293923,30.504417419433594,31.07282125396637,2820500,2023-09-05
30.182315826416016,30.182315826416016,30.40020404646371,29.727590306297735,30.324414954017815,6148800,2023-09-06
29.86022186279297,29.86022186279297,30.16337102982046,29.727592747034766,29.727592747034766,2933000,2023-09-07
29.718122482299805,29.718122482299805,29.860223435966525,29.547600615135075,29.80338160897051,2744300,2023-09-08
29.396024703979492,29.396024703979492,29.99284940535153,29.301290136817315,29.936009387818856,2177600,2023-09-11
29.7370662689209,29.7370662689209,29.746539906217674,29.301289794738572,29.339182537014118,3271800,2023-09-12
29.613910675048828,29.613910675048828,29.841272534674115,29.54759702518872,29.74653797476905,2402000,2023-09-13
29.82232666015625,29.82232666015625,29.90758758737891,29.642332975496434,29.793907555689714,2763300,2023-09-14
29.585491180419922,29.585491180419922,29.86969487373186,29.48128478575925,29.63285936609434,5427900,2023-09-15
29.907590866088867,29.907590866088867,29.992851802658514,29.45286707565856,29.471814351987753,3196800,2023-09-18
30.201265335083008,30.201265335083008,30.31494718205685,29.888642514544514,29.973903448046983,4069200,2023-09-19
29.954954147338867,29.954954147338867,30.48546514922425,29.89811232766758,30.314943304033235,2021700,2023-09-20
29.538124084472656,29.538124084472656,29.793906860169546,29.43391588543063,29.73706503874036,2831100,2023-09-21
29.576017379760742,29.576017379760742,29.78443378175281,29.48128462275873,29.66127830659177,2605300,2023-09-22
29.33918571472168,29.33918571472168,29.613915805349325,29.253924776727704,29.320240244987716,2632800,2023-09-25
28.53394317626953,28.53394317626953,29.149715143831394,28.514995901720166,28.960246012160873,3522200,2023-09-26
28.477102279663086,28.477102279663086,28.732885073671557,28.316054054573854,28.676045055084657,2466300,2023-09-27
28.72341537475586,28.72341537475586,28.85604270528221,28.42973979705671,28.515000740084183,2925000,2023-09-28
28.86551284790039,28.86551284790039,29.168663834675137,28.75183280890755,28.893933761104424,3036800,2023-09-29
28.61920166015625,28.61920166015625,28.742357135071106,28.382366154301618,28.67604348253765,2611900,2023-10-02
28.439208984375,28.439208984375,28.742358153504632,28.316053505096352,28.429735346975754,2767900,2023-10-03
28.486574172973633,28.486574172973633,28.55288782508314,28.041324075301567,28.496047809976634,2658500,2023-10-04
28.117111206054688,28.117111206054688,28.486574012533374,27.946589354784063,28.429733997746997,2602600,2023-10-05
28.02237892150879,28.02237892150879,28.249740806048848,27.63396880955557,27.9465916266621,2561900,2023-10-06
27.889753341674805,27.889753341674805,28.02238066417648,27.67186327439266,27.73817874255525,2857400,2023-10-09
27.70975685119629,27.70975685119629,28.09816697361739,27.02767117919351,27.179245772971907,4182400,2023-10-10
27.567655563354492,27.567655563354492,27.95606568109739,27.444500078073087,27.861331109399,3066200,2023-10-11
26.648731231689453,26.648731231689453,27.82343697083477,26.39295024990431,27.72870240388285,5720800,2023-10-12
26.459264755249023,26.459264755249023,26.752940296019975,26.336109272179133,26.62031298217083,3741000,2023-10-13
26.90451431274414,26.90451431274414,27.027669793193382,26.468737829706136,26.715046983693025,5693400,2023-10-16
26.70557403564453,26.70557403564453,26.923462282788616,26.468738513032708,26.63926037841908,4151200,2023-10-17
26.146642684936523,26.146642684936523,26.563473720667588,26.108748133092025,26.4592655100069,3150300,2023-10-18
25.985595703125,25.985595703125,26.459266782491007,25.928755679536376,26.108749388718984,3904600,2023-10-19
25.739288330078125,25.739288330078125,25.985597525451112,25.729814690997024,25.938229330045594,4367300,2023-10-20
25.511920928955078,25.511920928955078,25.78664917560529,25.455080913598398,25.710861886159215,4442100,2023-10-23
25.44561004638672,25.44561004638672,25.502450067930614,23.929862285559853,24.24248511441882,10372900,2023-10-24
25.369821548461914,25.369821548461914,25.568762517909626,25.000356908626472,25.066670565109042,7805100,2023-10-25
25.511920928955078,25.511920928955078,25.815070086739386,25.388765454285508,25.455080913598398,3872000,2023-10-26
25.18982696533203,25.18982696533203,25.644550746565063,25.08561875454091,25.559289811719907,4266800,2023-10-27
25.25613784790039,25.25613784790039,25.464552439660558,24.981409604530693,25.350872410304643,3744800,2023-10-30
25.350873947143555,25.350873947143555,25.47402762089695,25.218246635884263,25.312979397119985,3975700,2023-10-31
25.25613784790039,25.25613784790039,25.331925136441495,25.0193023453455,25.284558758695113,3155200,2023-11-01
25.938222885131836,25.938222885131836,25.95717015858618,25.303503679702864,25.417185513517484,3373700,2023-11-02
26.459264755249023,26.459264755249023,26.80978031525366,26.345582909870018,26.345582909870018,3887100,2023-11-03
26.26032066345215,26.26032066345215,26.525577084788186,26.222427921496454,26.497156173137757,2750200,2023-11-06
26.023487091064453,26.023487091064453,26.317164445913498,25.919280687745072,26.10874802545138,3310800,2023-11-07
25.871912002563477,25.871912002563477,26.137168438565386,25.80559834529091,25.97612021079845,2145700,2023-11-08
25.644550323486328,25.644550323486328,26.07085499067901,25.606657579131234,26.042434077228947,2621400,2023-11-09
26.222427368164062,26.222427368164062,26.28874102037087,25.521394491116887,25.805596373977917,4537000,2023-11-10
26.26032066345215,26.26032066345215,26.364528865925507,25.966645137377224,26.156114267890327,3103400,2023-11-13
26.961353302001953,26.961353302001953,27.027668761896614,26.601364125702847,26.620311399958467,5226100,2023-11-14
27.425556182861328,27.425556182861328,27.65291808383583,27.131878813054804,27.14135245145938,4819100,2023-11-15
27.148141860961914,27.148141860961914,27.396856565200686,26.908993317412165,27.224669321915492,3305500,2023-11-16
27.24380111694336,27.24380111694336,27.38728987538929,27.033351059526566,27.32989473692263,3059200,2023-11-17
27.062049865722656,27.062049865722656,27.2151047865091,26.803769002686064,27.071614201783056,3660200,2023-11-20
26.889862060546875,26.889862060546875,27.14814109361578,26.813334601756356,27.023784657290644,3479200,2023-11-21
26.93769073486328,26.93769073486328,27.148140788028684,26.861163276934178,27.07161333009958,2723500,2023-11-22
26.975955963134766,26.975955963134766,27.081180079728004,26.842031540425598,26.96638980261564,976600,2023-11-24
26.660280227661133,26.660280227661133,26.918559265995214,26.641147906433844,26.842031805644638,2689000,2023-11-27
26.5550537109375,26.5550537109375,26.746371445395393,26.373300312327746,26.564619871344174,5052600,2023-11-28
26.995084762573242,26.995084762573242,27.176838151893573,26.822899357729103,26.822899357729103,3565700,2023-11-29
27.253366470336914,27.253366470336914,27.272498790778712,26.803767887305614,27.195971333570014,7180600,2023-11-30
27.588172912597656,27.588172912597656,27.64556804547991,27.023782269673433,27.090743562129123,3638600,2023-12-01
27.60730743408203,27.60730743408203,27.73166386934035,27.291631441209425,27.62643793019664,3449900,2023-12-04
27.22467041015625,27.22467041015625,27.530782090765225,27.071615482131094,27.473385124336794,4754700,2023-12-05
27.540346145629883,27.540346145629883,27.75079619943019,27.387289404751403,27.473383023251195,4608600,2023-12-06
27.750797271728516,27.750797271728516,27.93255067609091,27.511648727668007,27.655137489192594,4718500,2023-12-07
27.846454620361328,27.846454620361328,28.10473363870742,27.75079484618649,27.817756140741345,3790800,2023-12-08
28.219526290893555,28.219526290893555,28.248224771081276,27.90385030706251,27.93254878725023,5919700,2023-12-11
28.133432388305664,28.133432388305664,28.276921138665667,28.066471093108223,28.238658323363612,4178400,2023-12-12
28.391714096069336,28.391714096069336,28.46824155355638,27.87515238961294,28.19082837981679,5506400,2023-12-13
29.243080139160156,29.243080139160156,29.463096335193217,28.55433307240338,28.55433307240338,5375100,2023-12-14
29.137855529785156,29.137855529785156,29.3483074003662,28.965670123707657,29.156987849757698,7860400,2023-12-15
28.793481826782227,28.793481826782227,29.204817568166863,28.783915667150215,29.013498024643372,7148400,2023-12-18
29.061330795288086,29.061330795288086,29.090029277933763,28.85088072956235,28.936974352940748,4435800,2023-12-19
28.458677291870117,28.458677291870117,29.09959547529122,28.449111130976235,28.975239032788004,3642900,2023-12-20
28.870010375976562,28.870010375976562,28.879576535971967,28.52563591437574,28.66912466518993,3703500,2023-12-21
28.9178409576416,28.9178409576416,29.176121818188474,28.831747337459312,28.99436841729713,2973100,2023-12-22
29.128293991088867,29.128293991088867,29.22395195101919,28.84131463762201,28.84131463762201,2201700,2023-12-26
29.233516693115234,29.233516693115234,29.25264901399619,29.051765118421784,29.147423073709476,2896300,2023-12-27
29.30047607421875,29.30047607421875,29.348306873291097,29.18568580556197,29.281345579148237,3575000,2023-12-28
29.128293991088867,29.128293991088867,29.310045574603382,28.984803402076125,29.16655681014927,2855800,2023-12-29
29.166555404663086,29.166555404663086,29.396137781638213,28.774351949260762,28.879577889583814,4923400,2024-01-02
28.822181701660156,28.822181701660156,29.032633587963204,28.67869294026355,28.870012505164755,4439600,2024-01-03
28.96567153930664,28.96567153930664,29.061329494727392,28.554335762586646,28.774351979348047,4008600,2024-01-04
29.243080139160156,29.243080139160156,29.290910936922806,28.793481587541503,28.879575198955894,5701300,2024-01-05
29.960529327392578,29.960529327392578,30.04662294927486,29.24308369474598,29.3004788344813,6979700,2024-01-08
29.26221466064453,29.26221466064453,29.788340703723186,29.185687203022937,29.67355042957005,4271600,2024-01-09
29.35787582397461,29.35787582397461,29.491798424991508,29.013501336149897,29.176122419338387,2841500,2024-01-10
29.40570068359375,29.40570068359375,29.443965321128715,29.061326244012417,29.27177810133805,3779700,2024-01-11
29.27178192138672,29.27178192138672,29.663985384512056,29.252649600122414,29.568325602749116,4333700,2024-01-12
28.908275604248047,28.908275604248047,29.08046284942018,28.669127058077553,29.013501548421818,5246400,2024-01-16
28.554336547851562,28.554336547851562,28.774352770663565,28.42041212237411,28.649996330461573,2826000,2024-01-17
28.850879669189453,28.850879669189453,29.013500749087452,28.630863450668205,28.82218118759855,4969200,2024-01-18
29.118724822998047,29.118724822998047,29.233515092883117,28.525635680063704,28.89870679402785,5534500,2024-01-19
29.290912628173828,29.290912628173828,29.434401380630035,29.166554371368896,29.176120531473774,5276200,2024-01-22
28.98480224609375,28.98480224609375,29.491797806473976,28.98480224609375,29.28134774863843,6164200,2024-01-23
29.051761627197266,29.051761627197266,29.3483052669815,28.99436467145194,29.19525036744394,5495700,2024-01-24
29.482229232788086,29.482229232788086,29.721377752618693,29.185685579074484,29.271779192178176,4926900,2024-01-25
29.52049446105957,29.52049446105957,29.740510665801843,29.45353316609961,29.587455756019526,4596600,2024-01-26
29.79790496826172,29.79790496826172,29.82660344725347,29.434400023824846,29.463096678258204,7017200,2024-01-29
31.854583740234375,31.854583740234375,32.399842101396096,31.175402784979184,31.376286676119395,11379800,2024-01-30
31.079744338989258,31.079744338989258,31.94067685127471,30.955386082538478,31.87371555528974,10103800,2024-01-31
30.697105407714844,30.697105407714844,31.031911889533077,30.390995581733325,30.945818272905964,5168400,2024-02-01
30.850160598754883,30.850160598754883,31.012779848784565,30.467523312829314,30.56318309045033,4246800,2024-02-02
30.620576858520508,30.620576858520508,30.754503103565728,30.343165506303805,30.601446362358292,9026400,2024-02-05
30.64927864074707,30.64927864074707,30.80233356476969,30.563185017914517,30.71623994193714,3984500,2024-02-06
30.410127639770508,30.410127639770508,30.72580179860322,30.19010960775483,30.668408487424692,3955800,2024-02-07
30.352731704711914,30.352731704711914,30.429259163132297,30.16141397094022,30.333599383967186,3542500,2024-02-08
30.64927864074707,30.64927864074707,30.658842977009694,30.20924436576307,30.27620566695314,2844500,2024-02-09
30.783199310302734,30.783199310302734,30.974518865597688,30.524918458022093,30.639708731552265,3206300,2024-02-12
29.922264099121094,29.922264099121094,30.44839012419714,29.625718614495696,30.295335214191073,5065200,2024-02-13
30.371862411499023,30.371862411499023,30.429257546124706,30.04662027435609,30.218807502791577,3888800,2024-02-14
30.639707565307617,30.639707565307617,30.821462778022294,30.429257522140365,30.429257522140365,3589000,2024-02-15
30.524919509887695,30.524919509887695,30.811897028160658,30.352732269100493,30.544051830988177,3373900,2024-02-16
30.888425827026367,30.888425827026367,30.8979901628677,30.257072012544707,30.266638172944578,5561900,2024-02-20
30.850160598754883,30.850160598754883,31.05104448965637,30.65884104351285,30.802331622223626,3922400,2024-02-21
31.271060943603516,31.271060943603516,31.29976124903854,30.697105922541507,30.89798981500151,4716700,2024-02-22
31.271060943603516,31.271060943603516,31.347590225940866,31.05104473055918,31.347590225940866,2885300,2024-02-23
31.098873138427734,31.098873138427734,31.347589652356184,31.098873138427734,31.194534739599046,4089800,2024-02-26
31.022350311279297,31.022350311279297,31.338024500891727,30.936256687000036,31.242366540189124,2533800,2024-02-27
30.96445083618164,30.96445083618164,31.08989214696894,30.694271108711842,30.906553997149583,3000400,2024-02-28
31.109193801879883,31.109193801879883,31.263581705176396,31.003051428195164,31.12848906900623,6684800,2024-02-29
31.311824798583984,31.311824798583984,31.475860322680948,30.95480349015707,31.15743690729956,4710900,2024-03-01
32.209205627441406,32.209205627441406,32.38289246557476,31.14778565208227,31.224981438318288,5846000,2024-03-04
31.360071182250977,31.360071182250977,32.11271171273771,31.147786445591528,32.03551960543286,6456700,2024-03-05
31.659198760986328,31.659198760986328,31.996921125949772,31.514458501203304,31.572355341296056,3831100,2024-03-06
31.45656394958496,31.45656394958496,31.746044490210803,31.128489193653916,31.707446594007628,6428200,2024-03-07
31.56270408630371,31.56270408630371,31.736390926007854,31.369718299866022,31.58200303303725,3836100,2024-03-08
31.746044158935547,31.746044158935547,31.784638373838007,31.321474666927017,31.649549419434546,3051300,2024-03-11
31.736391067504883,31.736391067504883,31.832885801602806,31.553056594065428,31.74604238136354,3366000,2024-03-12
31.582002639770508,31.582002639770508,31.88113078906899,31.45656132801338,31.84253289608254,3826800,2024-03-13
31.389013290405273,31.389013290405273,31.59165036511871,31.089888855980604,31.514454587914116,3889600,2024-03-14
31.369718551635742,31.369718551635742,31.456561972184808,31.234629604314467,31.263579865095988,8405200,2024-03-15
31.196035385131836,31.196035385131836,31.53375775336678,31.13813854447824,31.495159859597717,6913400,2024-03-18
31.40831756591797,31.40831756591797,31.40831756591797,30.94515386676529,31.04164492375206,4040500,2024-03-19
31.524106979370117,31.524106979370117,31.639900662660438,31.273228027370042,31.437267238249092,5431600,2024-03-20
31.967979431152344,31.967979431152344,32.17061288109339,31.668851232978703,31.70744913227174,5398100,2024-03-21
31.42761993408203,31.42761993408203,31.86183709957852,31.398673350015027,31.82323920022366,4104400,2024-03-22
31.33112335205078,31.33112335205078,31.56270334562335,31.31182440577013,31.39866782358425,2587700,2024-03-25
31.17673683166504,31.17673683166504,31.543405784404882,31.157437884536975,31.437267096547217,5452600,2024-03-26
31.861833572387695,31.861833572387695,31.88113251992868,31.24428197466766,31.3600719790157,4027000,2024-03-27
31.80393409729004,31.80393409729004,32.15130776247922,31.726741994413317,31.939023037997483,3939100,2024-03-28
31.524106979370117,31.524106979370117,31.852181720230405,31.495160398996443,31.784637245426623,2304500,2024-04-01
31.369718551635742,31.369718551635742,31.553056706626965,31.302174077975103,31.398668812417263,5086200,2024-04-02
31.42761993408203,31.42761993408203,31.591659165891052,31.27323201756087,31.360075450660165,2985700,2024-04-03
31.234634399414062,31.234634399414062,31.832890802105723,31.138143331056472,31.813591852254543,4417500,2024-04-04
31.39866828918457,31.39866828918457,31.504810654853294,31.14778566471346,31.19603487157938,4540700,2024-04-05
31.060943603515625,31.060943603515625,31.639900983138002,31.060943603515625,31.639900983138002,4923700,2024-04-08
31.40831756591797,31.40831756591797,31.4276165134949,30.974100447681746,31.15743860921364,4345000,2024-04-09
30.829362869262695,30.829362869262695,31.051295237902668,30.6267276071292,30.94515287009708,4155300,2024-04-10
31.138137817382812,31.138137817382812,31.38901675922805,30.9065541410738,31.282874394290488,5991300,2024-04-11
30.385496139526367,30.385496139526367,30.925853768431008,30.27935377225177,30.80041429474647,3352500,2024-04-12
30.19251251220703,30.19251251220703,30.91620646304096,30.163564091612074,30.713571199774037,3385000,2024-04-15
29.83548927307129,29.83548927307129,30.337250852674096,29.8161903260599,30.28900348514562,5754400,2024-04-16
29.89338493347168,29.89338493347168,30.33725152228635,29.864438352764562,29.92233335462772,5182800,2024-04-17
29.82583999633789,29.82583999633789,30.038122893517027,29.642503679417928,29.96092894541108,4653700,2024-04-18
30.173213958740234,30.173213958740234,30.289003961732718,29.825840268864965,29.825840268864965,4636500,2024-04-19
30.443391799926758,30.443391799926758,30.655676539080094,30.182863373477794,30.39514627218222,3521800,2024-04-22
30.424095153808594,30.424095153808594,30.742520426911586,30.37584778488454,30.462691208498896,3186500,2024-04-23
30.414445877075195,30.414445877075195,30.59778035882758,30.22146008102653,30.433744824769853,3203500,2024-04-24
30.25040626525879,30.25040626525879,30.568831516874194,30.10566784915157,30.31795073674557,3770100,2024-04-25
30.231107711791992,30.231107711791992,30.626726913168216,30.182862185945655,30.221458238532957,3689900,2024-04-26
30.665327072143555,30.665327072143555,30.6846241796387,30.269707841534018,30.269707841534018,5595600,2024-04-29
32.209205627441406,32.209205627441406,33.260974289072195,31.900429844292702,31.95832300307203,12895800,2024-04-30
32.30569839477539,32.30569839477539,32.86535683201139,31.68814679568592,32.24780155202404,9865300,2024-05-01
32.39254379272461,32.39254379272461,32.61447618211768,31.919732431247496,32.575878284597636,5213900,2024-05-02
32.53727722167969,32.53727722167969,32.682013785578086,32.3346401427862,32.57587143018086,4490400,2024-05-03
32.26709747314453,32.26709747314453,32.662716659260596,31.765335925722137,32.517980087304494,6961600,2024-05-06
32.247798919677734,32.247798919677734,32.47938259088135,32.19955339510544,32.39253917429219,3997500,2024-05-07
32.73991394042969,32.73991394042969,32.7592128870864,32.13201000388521,32.13201000388521,3956600,2024-05-08
33.000450134277344,33.000450134277344,33.01974908440509,32.749567463515035,32.80746431389827,2816000,2024-05-09
32.97149658203125,32.97149658203125,33.17413369772447,32.88465683646015,33.14518343496944,2891700,2024-05-10
33.07763671875,33.07763671875,33.232024613038654,32.952199085257675,32.97149435125822,2428000,2024-05-13
33.72414016723633,33.72414016723633,33.80133227761818,33.125887508409775,33.15483408969072,6731700,2024-05-14
33.87852478027344,33.87852478027344,33.907471358744516,33.64694110981211,33.82062794243372,4046200,2024-05-15
33.98466873168945,33.98466873168945,34.08115978503678,33.782031630223685,33.83992847077072,4606300,2024-05-16
34.110103607177734,34.110103607177734,34.148701497755255,33.88817125770315,34.110103607177734,3780800,2024-05-17
34.27414321899414,34.27414321899414,34.3513353201916,34.06185849913051,34.129402968014844,7332400,2024-05-20
35.200477600097656,35.200477600097656,35.50925342879953,34.158360098453386,34.158360098453386,10930300,2024-05-21
35.29696273803711,35.29696273803711,35.45135061035816,35.05573145747938,35.19082038564815,5040300,2024-05-22
34.85310363769531,34.85310363769531,35.30661974343775,34.81450942004135,35.248722895609504,3088100,2024-05-23
35.00748825073242,35.00748825073242,35.24871957259447,34.96889403671686,35.084684040559246,2763200,2024-05-24
34.592567443847656,34.592567443847656,34.95924005575863,34.48642876227909,34.91099453124608,4085300,2024-05-28
34.3030891418457,34.3030891418457,34.54432043494012,34.158352574527505,34.22589704212215,3488900,2024-05-29
35.66363525390625,35.66363525390625,35.97241102988744,34.93994133878203,35.38380605664279,11634300,2024-05-30
36.227561950683594,36.227561950683594,36.23728693796893,35.61502127556043,35.644188819424606,7377700,2024-05-31
36.32479476928711,36.32479476928711,36.47063620358907,36.01366192531431,36.227563437423065,5593000,2024-06-03
35.98448944091797,35.98448944091797,36.20811964206113,35.88726182137428,36.013660693977826,3420800,2024-06-04
36.451194763183594,36.451194763183594,36.480362309138556,35.93587796100353,36.16922945563173,3433700,2024-06-05
36.363685607910156,36.363685607910156,36.45119194801299,36.22756174964228,36.39285315161247,3897300,2024-06-06
35.906707763671875,35.906707763671875,36.256733125269974,35.799755157739575,36.17894806313888,4180500,2024-06-07
35.83864974975586,35.83864974975586,35.87754228305798,35.5664094346333,35.65391207106888,3035300,2024-06-10
36.3150749206543,36.3150749206543,36.52898017202947,35.595581508023116,35.644195326336586,8789300,2024-06-11
36.96650695800781,36.96650695800781,37.24847225870736,36.47063643484708,36.703987923804384,8419900,2024-06-12
37.02484893798828,37.02484893798828,37.11235158124328,36.09144661097446,36.40257948364693,9043100,2024-06-13
36.21784210205078,36.21784210205078,36.91789285439198,36.02338314762311,36.80121525633774,5694600,2024-06-14
37.6762809753418,37.6762809753418,38.065198907718035,36.85955628454873,37.335980566259806,13486800,2024-06-17
39.0958251953125,39.0958251953125,39.134717730421094,37.617942242152445,37.91935382574963,15808400,2024-06-18
38.74580001831055,38.74580001831055,39.329176921277856,38.512452224320675,39.124996674287644,11562800,2024-06-20
38.94025802612305,38.94025802612305,39.338897230942926,38.67773898260807,38.93053674702822,12916000,2024-06-21
38.79441833496094,38.79441833496094,39.26111764147671,38.49300674348358,38.78469334643139,9404200,2024-06-24
38.66802215576172,38.66802215576172,38.88192741043924,38.52217698957311,38.70691469461157,5251100,2024-06-25
37.21930694580078,37.21930694580078,38.43467097834649,36.937345309087654,38.356889608941835,15867700,2024-06-26
37.520713806152344,37.520713806152344,37.72489404758528,36.82066302524374,37.219302229039755,11604900,2024-06-27
37.77350997924805,37.77350997924805,37.97769394112774,37.59849727420627,37.72489616318009,8378000,2024-06-28
37.58877944946289,37.58877944946289,37.98741871225427,37.35542791829383,37.86101981166283,4138300,2024-07-01
37.326255798339844,37.326255798339844,37.82212635049649,37.09290800473367,37.59849612721248,6272000,2024-07-02
37.35541915893555,37.35541915893555,37.501264295342025,37.11234640425534,37.44292549898025,3077800,2024-07-03
37.37487030029297,37.37487030029297,37.45265537225645,37.06373743043177,37.42348782476834,3286400,2024-07-05
41.85712814331055,41.85712814331055,42.372444911864676,39.68891958923106,39.76670465203016,35464500,2024-07-08
43.43224334716797,43.43224334716797,43.80171501806762,42.343278311301795,42.343278311301795,22531900,2024-07-09
44.21979904174805,44.21979904174805,44.462871818170804,43.51002697967315,43.7530997560959,13188800,2024-07-10
43.80171203613281,43.80171203613281,44.598990418167936,43.52947172294894,44.47259524933033,10003000,2024-07-11
44.35591506958008,44.35591506958008,44.85178556431024,43.9670008889443,44.229519908096286,10049400,2024-07-12
44.49203872680664,44.49203872680664,44.98790926064017,44.161459607249675,44.54065624859139,11538200,2024-07-15
44.91984558105469,44.91984558105469,45.10457953844515,44.45314633949258,44.63788029688304,8260000,2024-07-16
44.56982421875,44.56982421875,44.77400445980343,44.33647272254879,44.33647272254879,7444800,2024-07-17
43.74338150024414,43.74338150024414,44.53093497652666,43.354463547489864,44.42398235406941,6762500,2024-07-18
43.08222198486328,43.08222198486328,43.83088661184785,42.96554437694615,43.83088661184785,6016900,2024-07-19
43.08222198486328,43.08222198486328,43.31556978270479,42.654411507159885,43.30584850320989,6154600,2024-07-22
42.839149475097656,42.839149475097656,43.403076414352306,42.79053195032012,43.072497274445645,6462600,2024-07-23
42.73219680786133,42.73219680786133,43.07249722695041,42.53773783595483,42.5960766402257,7370800,2024-07-24
41.623783111572266,41.623783111572266,42.693301832457955,41.526551776675994,42.6738555654787,8275700,2024-07-25
41.66267013549805,41.66267013549805,42.05158804027822,41.439043638398054,42.05158804027822,7690500,2024-07-26
41.49739074707031,41.49739074707031,41.82796991963635,41.21542539508818,41.80852364960344,11589700,2024-07-29
38.638851165771484,38.638851165771484,38.80413887767138,36.55814503052761,38.45411347718182,25844700,2024-07-30
38.9013671875,38.9013671875,39.74726315647599,38.79441827681001,39.58197173268895,13528800,2024-07-31
38.930538177490234,38.930538177490234,39.33889867640972,38.366607535367486,39.11527215904957,8966800,2024-08-01
37.86101150512695,37.86101150512695,38.49300216043149,37.46237232979522,38.36660328757139,6589400,2024-08-02
36.71371078491211,36.71371078491211,37.06373617893608,36.14978386820391,36.801217133418106,6816500,2024-08-05
37.267921447753906,37.267921447753906,37.62766813365316,36.84011096928264,37.083183756051724,7389000,2024-08-06
36.80121612548828,36.80121612548828,37.85129227880019,36.71370977937895,37.792953478395255,5983900,2024-08-07
37.5401611328125,37.5401611328125,37.579053668182056,36.956784229258176,37.04429057934151,4128100,2024-08-08
37.38459014892578,37.38459014892578,37.65683044537599,37.24847000070068,37.47209648835561,3163600,2024-08-09
38.22076416015625,38.22076416015625,38.26937797295498,37.42348576146937,37.42348576146937,4119700,2024-08-12
38.66802215576172,38.66802215576172,38.93054122950323,38.20132281655348,38.327718004320516,5439100,2024-08-13
38.493003845214844,38.493003845214844,38.7263553354011,38.181870997630575,38.58051019041017,4456700,2024-08-14
39.144439697265625,39.144439697265625,39.4361300067073,38.71663293054558,38.71663293054558,5466100,2024-08-15
39.08610534667969,39.08610534667969,39.17361169937883,38.64857358318398,39.08610534667969,4741800,2024-08-16
39.4847412109375,39.4847412109375,39.50418747754744,38.88192178201369,39.04720948470404,2851700,2024-08-19
39.60141372680664,39.60141372680664,39.65975252461119,39.231942092036434,39.465293574258666,3182200,2024-08-20
40.91401290893555,40.91401290893555,40.94318045622636,40.05839566810708,40.06811694753857,4557600,2024-08-21
40.12644958496094,40.12644958496094,40.914006621757544,40.06811079034778,40.72926895998044,3736200,2024-08-22
40.777889251708984,40.777889251708984,40.855674323561715,40.34036120402467,40.44731011432762,2893100,2024-08-23
41.050132751464844,41.050132751464844,41.195974195765956,40.76816743322117,40.972347680640524,2607200,2024-08-26
41.34181594848633,41.34181594848633,41.380708480699376,40.71955026906162,41.0501293748805,4120100,2024-08-27
41.147361755371094,41.147361755371094,41.419602094356726,40.85567514802985,41.37098827796593,3727100,2024-08-28
40.7098274230957,40.7098274230957,41.48765956329531,40.632046063573846,41.29320430999256,4482800,2024-08-29
40.964324951171875,40.964324951171875,41.032843239100494,40.220410510532574,41.00347932540727,5231400,2024-08-30
39.809295654296875,39.809295654296875,40.65109600103264,39.70162672987163,40.455331604647455,4886400,2024-09-03
40.36723709106445,40.36723709106445,40.4455421046843,39.82887378632411,39.98548754753041,3493800,2024-09-04
40.49448776245117,40.49448776245117,40.79792859254994,40.10295518235314,40.33787398361856,4030200,2024-09-05
39.77993392944336,39.77993392944336,41.257979847619886,39.48628358474892,40.797925276086346,4653200,2024-09-06
40.10295104980469,40.10295104980469,40.34766028738667,39.75056915025197,39.83866462514015,2936000,2024-09-09
40.28892517089844,40.28892517089844,40.425961734417086,39.8778154803425,40.073579865959815,3626200,2024-09-10
40.964324951171875,40.964324951171875,41.00347932540727,39.887605797465,40.269351611343495,5657100,2024-09-11
40.974117279052734,40.974117279052734,41.00348119408418,40.31829454960489,40.92517617601139,2418200,2024-09-12
41.60056686401367,41.60056686401367,41.70823951686103,41.16008952689556,41.20903062347172,3372800,2024-09-13
42.00189208984375,42.00189208984375,42.0606236492745,41.375437058448526,41.58099191550636,3699800,2024-09-16
42.38364028930664,42.38364028930664,42.677290635142164,42.08998994347112,42.08998994347112,4436700,2024-09-17
42.501094818115234,42.501094818115234,42.931785427765796,42.256385602256074,42.452153721736664,3846000,2024-09-18
43.489723205566406,43.489723205566406,44.29236915451095,42.8339005493509,43.93020055168631,7478800,2024-09-19
43.55824279785156,43.55824279785156,43.577819984263655,43.07861106567153,43.12755589868502,10034500,2024-09-20
43.70507049560547,43.70507049560547,43.90083489477944,43.528879549175635,43.685493308894756,4122300,2024-09-23
44.33152770996094,44.33152770996094,44.63496478395109,43.66591826499961,43.95956861213743,4179100,2024-09-24
43.72464370727539,43.72464370727539,44.46856186231457,43.597397595307186,44.46856186231457,4262100,2024-09-25
44.32173156738281,44.32173156738281,44.37067639727033,44.057445168648556,44.057445168648556,3767600,2024-09-26
43.92041015625,43.92041015625,44.49792407001781,43.70506857980476,44.46856015822219,3940300,2024-09-27
44.19449234008789,44.19449234008789,44.20427906720814,43.64634227218229,43.94978308844613,3725600,2024-09-30
43.59739685058594,43.59739685058594,44.17491077661985,43.35268762318117,44.13575640408314,3753000,2024-10-01
43.959564208984375,43.959564208984375,44.214060155288095,43.430991396700065,43.6169727939666,2525200,2024-10-02
43.646339416503906,43.646339416503906,44.15533507469238,43.47993519461219,43.76379880409614,2480000,2024-10-03
43.930206298828125,43.930206298828125,44.06724288355618,43.48972889508304,44.01830177957714,2368000,2024-10-04
43.17649459838867,43.17649459838867,43.80294959289717,43.117763042416136,43.71485412592152,3170800,2024-10-07
43.646339416503906,43.646339416503906,43.84210755180203,43.088402657982556,43.47993519461219,3160800,2024-10-08
45.741050720214844,45.741050720214844,46.44581452670775,43.63655349533003,43.656126948651114,14297200,2024-10-09
45.04607391357422,45.04607391357422,46.05427471065333,44.9090373470547,45.90745141822515,4261500,2024-10-10
45.47676467895508,45.47676467895508,45.927028788497196,45.134173233426665,45.163537147624325,3277500,2024-10-11
45.83893585205078,45.83893585205078,46.054277440503014,45.17332643181674,45.398458480724344,3560600,2024-10-14
44.79157638549805,44.79157638549805,46.23046787105379,44.73284855929027,46.10321802432598,4078700,2024-10-15
45.036285400390625,45.036285400390625,45.50613041157572,44.71327115591324,44.752425529173095,2818100,2024-10-16
45.53549575805664,45.53549575805664,45.56485967194266,45.07544119268664,45.50613184417061,2985600,2024-10-17
45.67253112792969,45.67253112792969,45.7214722277687,45.212476574716504,45.476762994607064,2036500,2024-10-18
46.03470230102539,46.03470230102539,46.39687467465011,45.50613316589131,45.61380209792287,5225300,2024-10-21
46.308780670166016,46.308780670166016,46.44581725526421,45.320153190871515,45.486557425609966,4273400,2024-10-22
45.897666931152344,45.897666931152344,46.71010344405203,45.58443938578464,46.0640711649853,4856800,2024-10-23
45.819358825683594,45.819358825683594,46.24025901154098,45.77041399116843,46.2011046375155,2304600,2024-10-24
45.27120590209961,45.27120590209961,46.152160591618916,45.21247434480953,46.03469747703875,3955000,2024-10-25
45.848724365234375,45.848724365234375,46.24026065144171,45.39846024987267,45.682320136707894,7093800,2024-10-28
47.99237060546875,47.99237060546875,49.9500443480891,47.98258387970083,48.383906847579354,13396800,2024-10-29
47.0233268737793,47.0233268737793,48.31539131882692,46.91565421436424,47.88470068116668,7981600,2024-10-30
46.582847595214844,46.582847595214844,47.63020276544198,46.514329311851675,47.170148233746666,6856800,2024-10-31
47.33655548095703,47.33655548095703,47.3854965816446,46.40665963202669,46.63179168236281,5890200,2024-11-01
46.02490997314453,46.02490997314453,47.434433718582724,45.92702404598237,47.38549262198481,4309400,2024-11-04
46.2794075012207,46.2794075012207,46.29898468732379,45.63337529568471,46.0249115498135,4500300,2024-11-05
47.219093322753906,47.219093322753906,47.865125522248356,47.091843481257094,47.76723959264834,5073200,2024-11-06
47.199520111083984,47.199520111083984,47.532324831813725,47.13100182157787,47.37571106523307,2831800,2024-11-07
47.68893814086914,47.68893814086914,48.10983833463533,47.072269807263645,47.072269807263645,4827800,2024-11-08
47.88469696044922,47.88469696044922,48.354541934837506,47.8161786795939,47.92385133064262,2994000,2024-11-11
47.29739761352539,47.29739761352539,47.92385261757743,46.94501574025453,47.698720583869125,4385700,2024-11-12
46.21088790893555,46.21088790893555,47.47358837209791,46.14236962649725,47.3757061783193,5383800,2024-11-13
46.05427551269531,46.05427551269531,46.602425522285905,46.02491160049158,46.2011025416469,3506000,2024-11-14
45.778564453125,45.778564453125,46.270912945277544,45.60131869544441,45.86718733196529,3655700,2024-11-15
45.72932434082031,45.72932434082031,45.97549857474094,45.30590435797117,45.8376416047567,3590000,2024-11-18
46.56631851196289,46.56631851196289,46.66478670199213,45.12866190214022,45.23697540864412,4959300,2024-11-19
46.62540054321289,46.62540054321289,46.80264630028104,46.22167493129563,46.487543566897855,4422200,2024-11-20
47.10790252685547,47.10790252685547,47.31468798610534,46.45800268612674,46.62539936561832,4348000,2024-11-21
47.777496337890625,47.777496337890625,47.85627014039465,46.98973953124658,47.0882077234568,3253300,2024-11-22
47.5214729309082,47.5214729309082,48.506169876280964,47.5214729309082,48.250150323265174,8667000,2024-11-25
47.26545333862305,47.26545333862305,47.55101635406088,47.05866788178355,47.52147289142613,3926700,2024-11-26
47.48208999633789,47.48208999633789,47.80703804931655,47.11774940597397,47.35407833603919,2362600,2024-11-27
47.92519760131836,47.92519760131836,48.230455000755285,47.44269821095754,47.48208698952759,2409800,2024-11-29
48.48647689819336,48.48647689819336,48.84096462607557,48.003973765512804,48.14183073018709,4779700,2024-12-02
48.417545318603516,48.417545318603516,48.53571165249331,48.191065479795654,48.26984303572219,2934600,2024-12-03
48.397857666015625,48.397857666015625,48.584948738380255,48.131989032873776,48.4963258606663,2561200,2024-12-04
48.99851989746094,48.99851989746094,49.2348488246002,48.32892940926157,48.32892940926157,4480800,2024-12-05
48.80158615112305,48.80158615112305,49.16592300039378,48.65388009411869,48.95913752564453,3277800,2024-12-06
47.76764678955078,47.76764678955078,49.008367034449655,47.55101601757979,48.850815674688604,4320800,2024-12-09
47.629791259765625,47.629791259765625,48.23045701087075,47.46239457834726,47.75780291729315,4893000,2024-12-10
46.901119232177734,46.901119232177734,47.93505033246568,46.851885133368015,47.93505033246568,3787900,2024-12-11
47.866119384765625,47.866119384765625,48.27969030111402,46.77310516824376,46.83218833757386,4900700,2024-12-12
47.41315841674805,47.41315841674805,48.31907778424543,47.11774633434435,48.00397506891411,4023500,2024-12-13
47.44269943237305,47.44269943237305,48.29938472856348,47.43285035931663,47.56086201480465,4279400,2024-12-16
47.02912521362305,47.02912521362305,47.55101715735156,46.86172853325484,47.26545413708965,4171400,2024-12-17
45.79825210571289,45.79825210571289,47.452543232154255,45.670244210637776,47.16698398009999,4615000,2024-12-18
46.339839935302734,46.339839935302734,46.7829505588556,45.97549935833954,46.13305072048119,4498400,2024-12-19
46.58601760864258,46.58601760864258,46.58601760864258,45.82780044857518,45.98535182233457,11445800,2024-12-20
46.77310562133789,46.77310562133789,46.84203410806367,46.3102968479041,46.5564710880164,2852200,2024-12-23
47.16698455810547,47.16698455810547,47.16698455810547,46.32014459534475,46.6253982403022,1592800,2024-12-24
47.25560760498047,47.25560760498047,47.31468701708717,46.73371567467352,46.88142171758167,1960200,2024-12-26
47.0488166809082,47.0488166809082,47.33437968343079,46.72386865718847,46.88142001093876,2255000,2024-12-27
46.61555480957031,46.61555480957031,46.85188373565601,45.85733769029313,46.438309054086254,1966400,2024-12-30
46.79280090332031,46.79280090332031,46.95035226974277,46.4776981704754,46.87157470837111,2299500,2024-12-31
45.99519348144531,45.99519348144531,46.920811015441025,45.66039636929552,46.79279936059296,5038000,2025-01-02
46.77310562133789,46.77310562133789,46.80264532812871,46.04442821782431,46.32999123787158,3235300,2025-01-03
47.60025405883789,47.60025405883789,47.71841664937313,46.851885977019954,47.048822375805024,3713100,2025-01-06
47.11774444580078,47.11774444580078,47.98427875639037,46.88141929693486,47.875961498026605,3645200,2025-01-07
46.99958419799805,46.99958419799805,47.14729024059156,46.359533444841134,47.068512682856166,2976100,2025-01-08
46.39891815185547,46.39891815185547,46.7140208680128,46.192132698687345,46.635247067133804,4492300,2025-01-10
45.8671875,45.8671875,46.152746771690744,45.48315251940455,45.70963237586592,4569900,2025-01-13
46.70417785644531,46.70417785644531,46.82234044175564,46.14290088082014,46.182289661363875,2949000,2025-01-14
48.06305694580078,48.06305694580078,48.16152513307695,47.42300245954399,47.44269684826333,4151300,2025-01-15
48.48647689819336,48.48647689819336,48.5554053805305,48.05320785913639,48.33877086100202,2983600,2025-01-16
49.077293395996094,49.077293395996094,49.549947454827446,48.74249630145048,49.106833100822875,5472700,2025-01-17
50.76112747192383,50.76112747192383,51.233781561361845,49.23484793713675,49.284082033809725,7148400,2025-01-21
53.1834831237793,53.1834831237793,53.49858961844846,51.223938204446306,51.25347791231616,10469000,2025-01-22
53.15393829345703,53.15393829345703,53.6955208380306,52.897918751842084,52.90776406807626,5934900,2025-01-23
53.41980743408203,53.41980743408203,53.43950182306505,52.858530495188106,53.281950467521504,4562300,2025-01-24
48.77204132080078,48.77204132080078,50.711895617310915,47.826733100131044,50.564189564440845,9956700,2025-01-27
50.446022033691406,50.446022033691406,51.194393785643626,48.30923155112591,49.10683364078373,12501400,2025-01-28
49.03791046142578,49.03791046142578,54.48328749375972,48.78189089100824,54.26665294903033,14826100,2025-01-29
49.225006103515625,49.225006103515625,49.52041446077752,48.03351984432297,49.392402795312975,11414600,2025-01-30
51.28302001953125,51.28302001953125,51.64735684679567,49.47117744381077,49.65826851590421,8511500,2025-01-31
50.564186096191406,50.564186096191406,50.977760762067504,49.40224341269667,50.26877776703459,6849500,2025-02-03
51.243629455566406,51.243629455566406,51.686743828070405,50.60357494458055,50.67250342960109,4502100,2025-02-04
52.47450256347656,52.47450256347656,52.75021651374041,51.34209954262858,51.59812285900574,5742200,2025-02-05
52.8289909362793,52.8289909362793,53.47889074923757,52.651745191261526,52.87822503071298,4793500,2025-02-06
52.15939712524414,52.15939712524414,52.99638800585234,51.6276598862052,52.96684830023484,3843600,2025-02-07
52.2381706237793,52.2381706237793,52.779753176120714,51.844294111313104,52.51388831445833,3329000,2025-02-10
51.59811782836914,51.59811782836914,52.179089135725896,51.214082891245475,52.08061719428887,3452700,2025-02-11
51.214088439941406,51.214088439941406,51.62766312614393,50.80051751005978,50.967914194158276,3228200,2025-02-12
51.31256103515625,51.31256103515625,51.81475485006673,51.086081176955766,51.460263330684775,4750600,2025-02-13
51.73597717285156,51.73597717285156,52.04123081456412,51.01714887069656,51.35194597436114,3779800,2025-02-14
52.08061981201172,52.08061981201172,52.24802024270845,51.62766012759579,52.169242685599244,3409400,2025-02-18
51.86398696899414,51.86398696899414,52.36618452105731,51.72612999590097,52.17909345133384,3422300,2025-02-19
51.07623291015625,51.07623291015625,51.676898687893555,50.29832512624955,51.64735897958549,4069400,2025-02-20
50.70204544067383,50.70204544067383,51.578425087695635,50.33770488019912,51.204239210922964,4701300,2025-02-21
50.00291061401367,50.00291061401367,51.18454772170249,49.73704198305963,50.34755680509669,6563900,2025-02-24
48.90989303588867,48.90989303588867,49.9930618756044,48.39785395537789,49.89458993218266,6289800,2025-02-25
49.24468994140625,49.24468994140625,50.09152986997205,49.008364790744494,49.56964171896684,4849700,2025-02-26
48.25014877319336,48.25014877319336,49.80597169993431,48.161525900704056,49.382551726521044,4378500,2025-02-27
49.66636276245117,49.66636276245117,49.77529876622884,47.854009182557256,48.26005505562889,8560300,2025-02-28
47.78468704223633,47.78468704223633,50.11202262017642,47.48758093537938,49.98327903321418,4810800,2025-03-03
46.04166030883789,46.04166030883789,46.97259375472235,45.24937234529223,46.79432934071547,9970500,2025-03-04
46.58635330200195,46.58635330200195,46.90326696164206,45.94262030578427,46.41799079524443,5721800,2025-03-05
45.07110595703125,45.07110595703125,46.53683635864179,44.97207185488054,45.79406925878498,5394000,2025-03-06
45.487056732177734,45.487056732177734,45.5068643078564,43.67470322562238,44.962169199373925,6412900,2025-03-07
44.575927734375,44.575927734375,44.96216979839151,43.84306631404471,44.23920649916927,5428200,2025-03-10
44.47689437866211,44.47689437866211,45.26917854011046,43.90248977832789,44.3778602751969,6771700,2025-03-11
44.9621696472168,44.9621696472168,45.80397084344634,44.44718400816845,45.457347710389186,6324700,2025-03-12
45.16023635864258,45.16023635864258,45.526670833382184,44.57592611228093,45.100817410885966,5620600,2025-03-13
46.29914855957031,46.29914855957031,46.62596789221055,45.31869433955837,45.74454777292723,7619300,2025-03-14
46.4080924987793,46.4080924987793,46.833945970336714,45.73464997528892,46.27934513395961,7214000,2025-03-17
46.81413650512695,46.81413650512695,47.82430024962926,46.04165990317593,46.705196722203816,11169000,2025-03-18
48.28976058959961,48.28976058959961,48.943395448455384,47.11123821954547,47.49747648460907,8842900,2025-03-19
48.20063018798828,48.20063018798828,48.84436317235704,47.45786310352068,47.6361275060256,7407800,2025-03-20
48.061981201171875,48.061981201171875,48.16101907972448,47.09143265880898,47.794584595943,10771400,2025-03-21
49.40886688232422,49.40886688232422,49.57722938948573,48.82455661260282,49.03253049388277,5165600,2025-03-24
48.51755142211914,48.51755142211914,49.408869726589366,48.22044154272001,49.3593526726592,4027600,2025-03-25
46.64577102661133,46.64577102661133,48.775038163172184,46.48731420095392,48.66609838717483,5601200,2025-03-26
46.11098098754883,46.11098098754883,46.63586850719572,45.85348628808942,46.35857001046282,5469800,2025-03-27
45.4177360534668,45.4177360534668,46.42789983341819,45.12062994828324,45.893106577342316,3752500,2025-03-28
45.338504791259766,45.338504791259766,45.34841046870625,43.704419358129364,44.73438691593115,9881600,2025-03-31
45.1008186340332,45.1008186340332,45.48705691656079,44.32833829106925,45.0612034825153,6700200,2025-04-01
46.0911750793457,46.0911750793457,46.477413364595215,44.070847672600294,44.17978745108786,4740400,2025-04-02
41.88216018676758,41.88216018676758,44.249110650624864,41.60485791104057,44.02132920200143,9628700,2025-04-03
38.693214416503906,38.693214416503906,40.70363618886396,37.86131510071546,40.58479450886815,11895500,2025-04-04
39.22800827026367,39.22800827026367,41.17901112275986,36.950189848078836,37.475077406198544,9833700,2025-04-07
38.802154541015625,38.802154541015625,41.45630934452292,38.188134781371076,40.357013405574364,8313500,2025-04-08
42.842803955078125,42.842803955078125,43.51624641680698,38.44562415606219,38.81205486150299,8716500,2025-04-09
41.28794479370117,41.28794479370117,42.16936490350422,40.198554585768406,41.674186849369555,6723000,2025-04-10
40.86209487915039,40.86209487915039,41.48602033883359,40.18865614328595,40.901710033586255,11480500,2025-04-11
41.208717346191406,41.208717346191406,42.1990734322699,40.97103022325276,42.1990734322699,7389000,2025-04-14
41.377079010009766,41.377079010009766,41.95148739418119,41.188912700320294,41.188912700320294,5049200,2025-04-15
40.881900787353516,40.881900787353516,41.49592432231461,40.238171554641866,40.68383257907849,4506700,2025-04-16
41.11958694458008,41.11958694458008,41.63457258519889,40.90170738718898,41.2384286222894,4979000,2025-04-17
40.3074951171875,40.3074951171875,40.614503098640306,39.77270190200616,40.32730269307297,5231300,2025-04-21
41.34737014770508,41.34737014770508,41.68409139703029,40.83238448533069,40.891807215650076,4803900,2025-04-22
42.55560302734375,42.55560302734375,44.0015220334891,42.327821576614724,42.97155077791623,6431000,2025-04-23
43.45682907104492,43.45682907104492,43.62518780373454,42.35753313625393,42.387242611926474,6845300,2025-04-24
43.753936767578125,43.753936767578125,43.86287655292153,43.28846814944143,43.407313612311896,3768600,2025-04-25
43.674705505371094,43.674705505371094,44.17978926676957,43.0210705854917,43.595478976429725,6322300,2025-04-28
44.03123092651367,44.03123092651367,44.88293776976813,41.594955847838364,42.783383913358335,10592900,2025-04-29
43.95200729370117,43.95200729370117,44.06094707540742,43.06068524147636,43.31817995785638,7989500,2025-04-30
44.348148345947266,44.348148345947266,44.853232111263395,44.16988393206028,44.23920856213755,4844500,2025-05-01
45.318695068359375,45.318695068359375,45.4969594748647,44.62544879629292,44.91264920418809,4430000,2025-05-02
44.97207260131836,44.97207260131836,45.318695742507856,44.84332524405845,44.9423631257618,3136600,2025-05-05
44.328338623046875,44.328338623046875,44.704675009467785,44.13027041979159,44.249112097326524,2474800,2025-05-06
44.41747283935547,44.41747283935547,44.60564293005108,43.90249095405429,44.48679746921944,2926800,2025-05-07
44.615543365478516,44.615543365478516,45.328600995434066,44.575928213167906,44.942362705177764,3357900,2025-05-08
44.64525604248047,44.64525604248047,45.13052842934158,44.39766701059779,44.97207160005302,2571400,2025-05-09
46.517032623291016,46.517032623291016,46.86365578734614,45.893107150082656,46.517032623291016,4921000,2025-05-12
47.1607551574707,47.1607551574707,47.6856464453503,46.39818052760404,46.64576954595392,5427600,2025-05-13
46.556640625,46.556640625,47.39844561338301,46.31895726628421,47.269698256965114,4898600,2025-05-14
47.140953063964844,47.140953063964844,47.190473895719734,46.388284022944454,46.51703138527089,4752100,2025-05-15
47.754974365234375,47.754974365234375,47.79458573969456,46.96268642948873,47.23998871816325,4643800,2025-05-16
47.66584014892578,47.66584014892578,47.70545152171359,46.94288064930347,46.94288064930347,5600800,2025-05-19
47.51728820800781,47.51728820800781,47.60642041372029,47.11124233263071,47.398446526360814,5586200,2025-05-20
47.71535873413086,47.71535873413086,48.75523191697776,47.22018066821245,47.239988244198244,9062900,2025-05-21
48.081790924072266,48.081790924072266,48.43831974696561,47.47767306060397,47.70545452458384,7648600,2025-05-22
47.89362335205078,47.89362335205078,48.02237070757382,47.21027520019752,47.38853960694978,4890000,2025-05-23
49.438575744628906,49.438575744628906,49.468288997235504,48.15111354297043,48.527449926747416,5721000,2025-05-27
48.973114013671875,48.973114013671875,49.56732621241431,48.7453325448903,49.51780915883728,4834200,2025-05-28
49.47819519042969,49.47819519042969,49.70597666466946,48.98301708697565,49.60694255514229,5306700,2025-05-29
49.3885612487793,49.3885612487793,49.57778808450277,48.681446242484526,49.149534478053454,12836700,2025-05-30
49.83673095703125,49.83673095703125,49.8566501699479,48.90054694595583,48.98022379762242,5081800,2025-06-02
50.57372283935547,50.57372283935547,50.89242264762164,49.876569383274095,49.93632322282313,5172600,2025-06-03
50.55380630493164,50.55380630493164,51.2609251037388,50.51397167618886,50.89242534405568,4505300,2025-06-04
50.65340042114258,50.65340042114258,50.96213872779981,50.30481988887604,50.62352350093741,3484700,2025-06-05
50.50400924682617,50.50400924682617,51.33063951516124,50.49405153962282,51.101574257468776,3639000,2025-06-06
50.68327713012695,50.68327713012695,51.031857660940794,50.115592853385934,50.633480996925385,4037500,2025-06-09
50.404415130615234,50.404415130615234,50.97209940043853,50.006038471454396,50.782872576897894,2811000,2025-06-10
50.24506759643555,50.24506759643555,50.5637674191141,50.05583696476908,50.5637674191141,2962500,2025-06-11
50.613563537597656,50.613563537597656,50.633482751408785,49.73713712591587,49.876571622593765,4355100,2025-06-12
49.39851760864258,49.39851760864258,50.344659359851974,49.26904841893296,49.886528844260575,3578500,2025-06-13
50.57372283935547,50.57372283935547,50.61356126518909,49.60766570769925,49.93632322282313,4299300,2025-06-16
50.27494430541992,50.27494430541992,50.89242473435389,50.145471315752594,50.354621160354135,2983700,2025-06-17
50.28490447998047,50.28490447998047,50.643438920083206,50.03592001370828,50.394454453811015,3129900,2025-06-18
50.215187072753906,50.215187072753906,50.593644538367336,49.76701805730821,50.593644538367336,4933600,2025-06-20
51.58958053588867,51.58958053588867,51.63937666919098,50.055835315288384,50.21518522137663,4234400,2025-06-23
51.211124420166016,51.211124420166016,52.107470039796155,51.09161293728251,51.94812012955097,4998100,2025-06-24
51.18124771118164,51.18124771118164,51.45015139818418,50.882467103134886,51.37047834233245,4268100,2025-06-25
51.489990234375,51.489990234375,51.639378639983256,51.17129041003548,51.39039416476791,2828600,2025-06-26
51.609500885009766,51.609500885009766,52.06763140019706,51.31072027941812,51.499947109812474,5295500,2025-06-27
52.376373291015625,52.376373291015625,52.645276974673045,51.77881208235569,51.77881208235569,5414100,2025-06-30
52.376373291015625,52.376373291015625,52.505846279265825,51.77881208235569,52.22698108924989,5817500,2025-07-01
52.5058479309082,52.5058479309082,52.535724852520566,51.918244410921425,52.336536510301016,3142000,2025-07-02
52.824546813964844,52.824546813964844,53.06356978099186,52.61540076801581,52.784708386393156,2066100,2025-07-03
52.16722869873047,52.16722869873047,52.99385518700611,52.097513349088004,52.724951495870194,3233600,2025-07-07
52.515804290771484,52.515804290771484,52.91418096498785,52.27678132560289,52.814584896833,4314300,2025-07-08
52.35645294189453,52.35645294189453,52.944056430652395,52.117429983295544,52.944056430652395,3088100,2025-07-09
52.04771041870117,52.04771041870117,52.48592550460556,51.778810542243434,52.456044785620286,4345100,2025-07-10
51.3903923034668,51.3903923034668,51.89832274206234,51.26092311646918,51.78876896906325,4098100,2025-07-11
52.90422058105469,52.90422058105469,53.78064700340515,51.111533107448174,51.33064066283619,4898900,2025-07-14
52.30665969848633,52.30665969848633,53.41215139088384,52.27678277681125,53.39223217669991,3780600,2025-07-15
52.75482940673828,52.75482940673828,52.80462553965899,51.97799529620986,52.485925729924766,3345100,2025-07-16
53.979835510253906,53.979835510253906,54.09934699574036,52.96397838561499,52.97393609307152,3898600,2025-07-17
53.79060363769531,53.79060363769531,54.21885723329998,53.56153837945121,54.06946882968071,2502200,2025-07-18
53.681053161621094,53.681053161621094,54.19893751505492,53.4619456126442,53.78064542977341,2993800,2025-07-21
53.80056381225586,53.80056381225586,53.91011758505217,53.073529628209336,53.55157934651932,3865500,2025-07-22
55.573333740234375,55.573333740234375,56.02150655249464,54.14914224749705,54.17902296778211,8080900,2025-07-23
55.49365997314453,55.49365997314453,55.84223671199031,55.274552423469174,55.42394462537538,5254500,2025-07-24
55.1351203918457,55.1351203918457,55.77252001268993,54.6670283831376,55.77252001268993,4718100,2025-07-25
55.18491744995117,55.18491744995117,55.34426735783345,54.69690622001087,55.32434814444798,5979200,2025-07-28
61.72822952270508,61.72822952270508,62.72416740554808,57.69468185703122,58.6308620991911,17713500,2025-07-29
62.35567092895508,62.35567092895508,62.9432744268653,61.44936761514794,61.54895988291517,7928000,2025-07-30
62.98311233520508,62.98311233520508,63.65038888199607,62.106685949102136,62.82376242856831,7360100,2025-07-31
61.797943115234375,61.797943115234375,62.17640056374128,61.19042041608422,61.74814698234696,5845600,2025-08-01
63.23209762573242,63.23209762573242,63.281893759855016,62.39550965518773,62.724167179758055,5088400,2025-08-04
62.913394927978516,62.913394927978516,64.14836338714565,62.813802658278746,63.5009984372909,5389600,2025-08-05
63.7201042175293,63.7201042175293,63.929254056804574,62.89347776424644,63.64043116382561,5825200,2025-08-06
64.49694061279297,64.49694061279297,66.22987043342287,63.959133234307174,66.21990892685744,9632800,2025-08-07
65.5028305053711,65.5028305053711,65.7418610655276,64.49693872539022,64.71604627299887,4374700,2025-08-08
64.71604919433594,64.71604919433594,65.60243333265365,64.55669548037157,65.60243333265365,5694900,2025-08-11
65.48291778564453,65.48291778564453,65.82153302886144,64.98494882909971,65.03474876411549,5192500,2025-08-12
65.47295379638672,65.47295379638672,65.99084574666198,64.68616196307072,65.75181518573356,4295300,2025-08-13
65.49287414550781,65.49287414550781,65.79165093691309,64.61644398788593,65.05465906669687,3608900,2025-08-14
65.17417907714844,65.17417907714844,65.65222501748757,64.55669483927358,65.65222501748757,3054900,2025-08-15
65.25384521484375,65.25384521484375,65.68209879838916,64.88535306978568,64.96502992216689,3084800,2025-08-18
64.2579116821289,64.2579116821289,65.10446499847734,63.97905027842026,64.89531894569585,5814700,2025-08-19
64.33758544921875,64.33758544921875,64.40730079679692,63.11258231422902,63.849578016171584,5299600,2025-08-20
64.62641143798828,64.62641143798828,64.8455189975468,64.06868863067812,64.24795776137115,3574000,2025-08-21
65.5028305053711,65.5028305053711,65.88129175975075,64.82559244840024,64.95506923475241,3436500,2025-08-22
66.50872802734375,66.50872802734375,67.04653537508003,65.48291326344787,65.48291326344787,5824100,2025-08-25
67.12621307373047,67.12621307373047,67.40507445791381,66.44897502711254,66.46889044095299,5421000,2025-08-26
66.97682189941406,66.97682189941406,67.4947062496141,66.817468192643,67.09633717949235,4234100,2025-08-27
68.6500015258789,68.6500015258789,69.00853978702115,67.04654085754925,67.1162562084156,7266900,2025-08-28
67.02999877929688,67.02999877929688,68.66999816894531,66.73999786376953,68.36000061035156,6191100,2025-08-29
68.47000122070312,68.47000122070312,68.58000183105469,66.13999938964844,67.0,9109100,2025-09-02
69.33999633789062,69.33999633789062,69.79000091552734,66.4000015258789,68.69999694824219,13308900,2025-09-03
69.72000122070312,69.72000122070312,70.63999938964844,69.38999938964844,69.58999633789062,7104900,2025-09-04
71.19000244140625,71.19000244140625,71.4000015258789,70.05999755859375,70.27999877929688,9078100,2025-09-05
72.1500015258789,72.1500015258789,72.54000091552734,71.44000244140625,71.48999786376953,13643500,2025-09-08
72.38999938964844,72.38999938964844,72.94000244140625,71.75,72.0,10646800,2025-09-09
74.93000030517578,74.93000030517578,75.05000305175781,72.72000122070312,73.16999816894531,16600800,2025-09-10
75.47000122070312,75.47000122070312,77.08000183105469,74.5999984741211,75.18000030517578,13968300,2025-09-11
77.04000091552734,77.04000091552734,77.87000274658203,75.7699966430664,76.91000366210938,14826100,2025-09-12
77.9800033569336,77.9800033569336,78.33000183105469,76.77999877929688,77.75,8835100,2025-09-15
78.69999694824219,78.69999694824219,78.80999755859375,77.31999969482422,78.27999877929688,12936700,2025-09-16
76.87999725341797,76.87999725341797,78.68000030517578,76.1500015258789,78.41999816894531,10590700,2025-09-17
79.62000274658203,79.62000274658203,79.6500015258789,77.19000244140625,77.44999694824219,10372500,2025-09-18
79.55999755859375,79.55999755859375,79.9800033569336,78.56999969482422,79.62000274658203,10765000,2025-09-19
79.16000366210938,79.16000366210938,79.83999633789062,78.0999984741211,79.4000015258789,7314200,2025-09-22
81.0,81.0,81.0199966430664,79.0199966430664,79.19999694824219,8654200,2025-09-23
79.91000366210938,79.91000366210938,81.58000183105469,79.05999755859375,81.29000091552734,8648900,2025-09-24
79.12999725341797,79.12999725341797,79.47000122070312,77.05000305175781,78.08000183105469,8518700,2025-09-25
79.3499984741211,79.3499984741211,79.4800033569336,78.69000244140625,79.1500015258789,4484000,2025-09-26
80.26000213623047,80.26000213623047,80.7300033569336,79.5999984741211,79.9000015258789,8204600,2025-09-29
82.02999877929688,82.02999877929688,82.20999908447266,80.19000244140625,80.26000213623047,6300300,2025-09-30
83.12000274658203,83.12000274658203,83.75,80.87999725341797,81.45999908447266,9010000,2025-10-01
82.5199966430664,82.5199966430664,84.3499984741211,81.91000366210938,83.80000305175781,7207100,2025-10-02
83.55999755859375,83.55999755859375,84.18000030517578,82.61000061035156,83.02999877929688,7739200,2025-10-03
85.33999633789062,85.33999633789062,86.0999984741211,83.80999755859375,84.11000061035156,8678000,2025-10-06
85.05999755859375,85.05999755859375,86.2300033569336,83.80999755859375,85.47000122070312,6733000,2025-10-07
87.06999969482422,87.06999969482422,87.06999969482422,84.76000213623047,85.2699966430664,6088100,2025-10-08
87.19000244140625,87.19000244140625,87.75,86.12999725341797,87.1500015258789,4536600,2025-10-09
82.9800033569336,82.9800033569336,87.77999877929688,82.95999908447266,87.38999938964844,7898500,2025-10-10
85.5,85.5,86.62999725341797,84.80000305175781,85.11000061035156,4957800,2025-10-13
84.61000061035156,84.61000061035156,85.91000366210938,83.61000061035156,84.27999877929688,5195000,2025-10-14
86.62000274658203,86.62000274658203,87.43000030517578,85.47000122070312,86.05999755859375,6427600,2025-10-15
86.72000122070312,86.72000122070312,87.41000366210938,85.33999633789062,86.87000274658203,6501300,2025-10-16
84.48999786376953,84.48999786376953,86.54000091552734,83.69000244140625,86.25,5940500,2025-10-17
85.27999877929688,85.27999877929688,86.02999877929688,84.83000183105469,85.2300033569336,4859700,2025-10-20
86.05000305175781,86.05000305175781,86.44999694824219,84.58999633789062,85.5999984741211,4992300,2025-10-21
84.13999938964844,84.13999938964844,87.33999633789062,83.08000183105469,86.06999969482422,8440400,2025-10-22
85.83999633789062,85.83999633789062,86.37999725341797,83.91999816894531,84.0,5404600,2025-10-23
87.41000366210938,87.41000366210938,87.76000213623047,86.44000244140625,87.0,7278000,2025-10-24
