Price,Close,High,Low,Open,Volume,Date
67.20985412597656,67.20985412597656,69.51665010955853,66.99481268485358,68.05046660087821,23341300,2021-10-25
67.38578033447266,67.38578033447266,68.24593843591981,66.92637508507259,67.80608647143514,14267900,2021-10-26
66.70155334472656,66.70155334472656,67.14141274215106,65.9293626961479,66.97523965918121,13541900,2021-10-27
68.01134490966797,68.01134490966797,68.76398224644227,67.62036127895468,67.72788196383564,16966000,2021-10-28
67.54219055175781,67.54219055175781,67.9820501118602,66.50608984744665,66.84819786704038,11440900,2021-10-29
69.10609436035156,69.10609436035156,69.37001149664286,67.38577821165153,67.41510068070768,11988400,2021-11-01
69.16473388671875,69.16473388671875,69.25270127751956,68.460964930746,68.90081679953319,9761100,2021-11-02
69.64369201660156,69.64369201660156,69.72189023249962,68.6760133313881,69.12564188671347,10266900,2021-11-03
70.61138153076172,70.61138153076172,70.84597621443329,69.43843794197771,70.7384555154322,15936600,2021-11-04
71.27604675292969,71.27604675292969,72.07755989134567,70.72867410934597,71.35424497555393,13019300,2021-11-05
72.87906646728516,72.87906646728516,73.33847166209367,71.47153587375642,71.6670239553211,18742300,2021-11-08
73.88584899902344,73.88584899902344,74.55051895935684,72.87907114529625,73.40689794827213,20127300,2021-11-09
71.75498962402344,71.75498962402344,73.45575957950908,71.54971747005551,72.48808102210758,15228300,2021-11-10
72.86930847167969,72.86930847167969,73.27006133763625,71.9602745837862,72.35125080694576,12192600,2021-11-11
75.55729675292969,75.55729675292969,76.26105829615092,73.26027085998584,73.32869243185702,26553200,2021-11-12
75.04901885986328,75.04901885986328,76.51520185126168,74.87307660259978,76.00692836216287,12650700,2021-11-15
75.0783462524414,75.0783462524414,75.41068496347398,74.07156839214201,74.83398240450882,11807600,2021-11-16
73.7587890625,73.7587890625,74.8437652336038,73.49487936616903,74.75579782062462,11600500,2021-11-17
75.28361511230469,75.28361511230469,75.75279700728022,74.04224997808358,75.16632523160573,16848200,2021-11-18
81.15811920166016,81.15811920166016,81.96940895876816,77.15055362558654,77.15055362558654,47216100,2021-11-19
81.96940612792969,81.96940612792969,85.69350861962751,81.77391804117207,81.77391804117207,34775200,2021-11-22
83.48448181152344,83.48448181152344,85.73262509418271,82.42882803146048,83.12282057463317,31823300,2021-11-23
84.26644134521484,84.26644134521484,85.19502858415763,82.70251397015653,82.83935714938701,21666100,2021-11-24
81.53933715820312,81.53933715820312,82.1551389045293,80.13180628958705,81.25587416435982,16487200,2021-11-26
84.19801330566406,84.19801330566406,84.32507983167453,82.26265565772187,82.47768959618725,18889800,2021-11-29
82.10624694824219,82.10624694824219,84.96041469524027,82.05737119924466,83.65062814489994,27301000,2021-11-30
83.23033142089844,83.23033142089844,87.04240909235048,83.08371161480545,84.59877051544444,31633400,2021-12-01
81.01151275634766,81.01151275634766,81.70550529730879,79.51600696805453,80.76714887048553,22994500,2021-12-02
79.7799301147461,79.7799301147461,82.52657801113574,78.82202032918617,81.82280877397245,19167200,2021-12-03
80.59120178222656,80.59120178222656,81.35362332499193,78.7144890401738,79.98518415405589,15094900,2021-12-06
83.8949966430664,83.8949966430664,85.07771675216954,82.42881358026857,82.51678098448795,21716900,2021-12-07
84.08072662353516,84.08072662353516,84.3935121142365,82.13559208627971,83.51380804859757,12908500,2021-12-08
83.01528930664062,83.01528930664062,84.5889931329911,82.72204969702022,83.37695049752004,11964300,2021-12-09
83.61153411865234,83.61153411865234,83.7483772752913,82.2333184529978,82.43858318795625,11955900,2021-12-10
82.44837188720703,82.44837188720703,85.41006092920384,82.30175206725401,84.65742345762264,13054400,2021-12-13
81.41226959228516,81.41226959228516,82.85889955796424,81.04083918647969,81.34384800549483,12082500,2021-12-14
83.72883605957031,83.72883605957031,83.85590258133422,80.20999053110528,81.59798291506344,13971500,2021-12-15
80.82579040527344,80.82579040527344,84.37395086619952,80.27841030352197,83.94386809855042,16503200,2021-12-16
81.12879943847656,81.12879943847656,81.41226240369093,79.11524367010423,79.7799136505465,23165900,2021-12-17
80.18067932128906,80.18067932128906,81.37317631146904,79.08593385415533,80.28820003072458,22346800,2021-12-20
88.63566589355469,88.63566589355469,89.08529453300598,85.38073725737291,86.98376369624927,58363600,2021-12-21
88.3033218383789,88.3033218383789,88.44017246228134,86.91533688813273,87.97099056468332,18593900,2021-12-22
92.29133605957031,92.29133605957031,92.85826197508723,88.31309292377544,88.6552008185209,36400100,2021-12-23
92.30111694335938,92.30111694335938,92.78984466042527,90.63944568829261,91.607124480013,17110100,2021-12-27
90.8447265625,90.8447265625,91.77330640682139,89.98456085502472,91.63646321834023,13683800,2021-12-28
94.00188446044922,94.00188446044922,94.56881038483026,91.79284061561484,91.88080802247073,32234600,2021-12-29
91.7732925415039,91.7732925415039,93.356773071343,91.3236639247975,92.27179691416696,19327800,2021-12-30
91.14704895019531,91.14704895019531,92.3897375631418,91.02962655580241,91.97877038078254,13660600,2021-12-31
93.69115447998047,93.69115447998047,93.77921568933758,91.46996799272645,91.89072230101536,18705500,2022-01-03
94.2684555053711,94.2684555053711,94.51307990616188,91.52866669572087,93.54436936932676,19725000,2022-01-04
92.37017822265625,92.37017822265625,96.33308916458121,92.32125035477608,93.32910172421371,28613100,2022-01-05
93.59329986572266,93.59329986572266,94.6305049653123,92.09619968526758,93.05512318272173,22320300,2022-01-06
92.41911315917969,92.41911315917969,95.10020247534209,91.92008466197753,94.02384893546522,14857900,2022-01-07
91.87113952636719,91.87113952636719,93.61286406862527,89.0824228454852,92.2331863277023,20290000,2022-01-10
92.17448425292969,92.17448425292969,92.24297879621327,89.67931949158886,90.47190027320538,14924900,2022-01-11
93.06489562988281,93.06489562988281,94.1608154915897,91.76349219385774,93.1138234898676,13339200,2022-01-12
93.56394958496094,93.56394958496094,96.00040668494488,93.25083063020536,94.42502484420261,23679800,2022-01-13
95.26652526855469,95.26652526855469,95.33501980074405,92.37017331900641,92.40931411816378,18385000,2022-01-14
90.87307739257812,90.87307739257812,93.88684441291404,90.55017138368142,93.47587720086976,19900500,2022-01-18
88.06477355957031,88.06477355957031,92.74199033861255,87.83971585350034,91.70478539448749,19043800,2022-01-19
83.24081420898438,83.24081420898438,88.38771513917752,83.10382510324906,88.3387872591236,24701300,2022-01-20
80.1683120727539,80.1683120727539,83.3092886063644,79.76712445634327,82.40907256779923,29716300,2022-01-21
81.1663818359375,81.1663818359375,81.2544505115756,75.9705613989863,78.54400768170993,29757100,2022-01-24
78.98433685302734,78.98433685302734,80.64777998457478,77.93734459521558,79.18003341014641,22128400,2022-01-25
80.20745086669922,80.20745086669922,82.9668138482578,78.8766935102396,81.45992662210959,21018700,2022-01-26
77.02733612060547,77.02733612060547,81.9002502318345,76.70443010476589,81.71434075496639,22694000,2022-01-27
77.56550598144531,77.56550598144531,77.5752930483113,73.89613976789367,75.70636640552155,24434600,2022-01-28
80.50099182128906,80.50099182128906,80.5401326199411,76.34237714764531,77.26216725260836,21898200,2022-01-31
79.6986312866211,79.6986312866211,80.61842147438215,78.69077989297382,80.43250453038499,15237400,2022-02-01
82.6928482055664,82.6928482055664,82.87875770447049,80.76520641417488,81.13703287732856,19862800,2022-02-02
80.20745086669922,80.20745086669922,83.34842732169238,79.95303939596137,80.89239621251915,19598200,2022-02-03
79.42464447021484,79.42464447021484,80.42271615342088,78.12324093492848,79.47357233393149,15657500,2022-02-04
79.13108825683594,79.13108825683594,80.27592843518082,78.7494748640543,79.61054989757696,11799800,2022-02-07
82.31123352050781,82.31123352050781,82.58521169639533,79.25831784916383,79.40509400491653,18315700,2022-02-08
86.22521209716797,86.22521209716797,86.87101663791208,81.76325791828289,82.78089632871828,22386900,2022-02-09
89.06285095214844,89.06285095214844,92.60501505845488,86.57747354272686,87.27220596382905,33820700,2022-02-10
87.8299560546875,87.8299560546875,92.54631469221857,87.03736783753143,89.31726928091913,31000000,2022-02-11
87.92778778076172,87.92778778076172,91.16661218439013,86.80251413922801,90.01198481169926,23499100,2022-02-14
93.9357681274414,93.9357681274414,94.42501691977183,89.05306727028014,89.05306727028014,27069700,2022-02-15
93.99447631835938,93.99447631835938,94.41523058162156,91.55801940406381,92.40931499680659,15573600,2022-02-16
91.71458435058594,91.71458435058594,93.93577064248485,91.47973954893182,92.99641383190132,17943300,2022-02-17
88.84758758544922,88.84758758544922,92.64415569357861,86.98844059966346,92.49737955634787,19530500,2022-02-18
88.62252807617188,88.62252807617188,91.94942143712493,86.76338112752067,87.90822153743348,24825700,2022-02-22
85.43262481689453,85.43262481689453,89.89457904071698,85.19778747838104,89.50317849963159,19135400,2022-02-23
86.91993713378906,86.91993713378906,87.02757245900972,81.98830870080702,82.32099427669363,24472300,2022-02-24
88.16263580322266,88.16263580322266,88.5344696839576,85.40327275915561,86.0686514524584,15008700,2022-02-25
86.94930267333984,86.94930267333984,87.82016499359753,85.28585963731487,86.54811504933512,17269800,2022-02-28
84.40520477294922,84.40520477294922,87.908220495113,82.83961011145924,86.65574476592101,20794800,2022-03-01
91.2938232421875,91.2938232421875,92.0472630613715,85.15863950097942,85.29562855901287,28398700,2022-03-02
87.26242065429688,87.26242065429688,90.20770066868629,86.48940661558728,89.64995730725589,22099800,2022-03-03
80.14875030517578,80.14875030517578,85.54026726485053,78.78863163211005,85.54026726485053,28211500,2022-03-04
74.072265625,74.072265625,81.18594738555278,74.00377109134456,80.0019661807405,26715500,2022-03-07
75.5008773803711,75.5008773803711,78.5244313401986,72.34032689027586,74.6104409930236,28343200,2022-03-08
77.73184967041016,77.73184967041016,78.7592676439426,75.87270278667103,78.25045219019472,19647900,2022-03-09
74.09184265136719,74.09184265136719,76.06840460358022,72.22290857166395,76.06840460358022,21692000,2022-03-10
71.25418090820312,71.25418090820312,75.050748161389,71.07805107625754,75.01161483459467,22786500,2022-03-11
67.90774536132812,67.90774536132812,70.92152022382136,67.47720396230184,70.20721358137733,24893400,2022-03-14
71.5379638671875,71.5379638671875,71.94893108895552,66.87052589097546,68.54376344381386,22851000,2022-03-15
77.9569091796875,77.9569091796875,77.99604998313345,74.51260059523852,74.82571955746116,35742800,2022-03-16
78.78864288330078,78.78864288330078,78.8473578302041,75.54003034935208,76.51852819048537,21612200,2022-03-17
77.7025146484375,77.7025146484375,79.4540191582239,76.38153663312032,77.39917525100785,28601200,2022-03-18
76.66529846191406,76.66529846191406,78.17218591717702,73.905935060808,77.2915364348356,30878200,2022-03-21
77.41873168945312,77.41873168945312,78.01561581412223,75.84334997881425,76.0292594437145,16768000,2022-03-22
74.02334594726562,74.02334594726562,76.53808451510639,73.46560260623774,76.18582477705253,28059800,2022-03-23
76.5282974243164,76.5282974243164,76.85120342832039,73.70043991969948,74.2679703269772,23348000,2022-03-24
76.42066955566406,76.42066955566406,76.61637357660922,73.51453016639788,76.58701237445865,22491000,2022-03-25
78.14281463623047,78.14281463623047,78.4559335523986,75.60850210961084,76.90011857197234,26605300,2022-03-28
80.28572082519531,80.28572082519531,80.7749695627886,77.5557119735836,80.33464121974868,41290700,2022-03-29
77.45787048339844,77.45787048339844,84.38562753904776,76.90990677300778,82.48734734784566,70087000,2022-03-30
76.2151870727539,76.2151870727539,78.24067706142809,75.17798187493717,75.99991637916662,34588600,2022-03-31
74.54193115234375,74.54193115234375,77.21323230045343,72.4675140068274,76.74355027049671,33536100,2022-04-01
75.99990844726562,75.99990844726562,76.49894432437632,74.86485508864757,75.24646856368975,24305700,2022-04-04
73.00570678710938,73.00570678710938,76.34237973273386,72.70237491896468,75.06055026118636,21171400,2022-04-05
72.19355773925781,72.19355773925781,73.27969076283972,69.9332304841335,71.60646062348661,28080100,2022-04-06
71.70429229736328,71.70429229736328,73.07419022722975,70.57901873121072,72.08590570752952,22658600,2022-04-07
70.68527221679688,70.68527221679688,71.38095393268594,69.40169119633701,71.03801329464841,20562600,2022-04-08
70.57749938964844,70.57749938964844,71.43975879728623,68.67661748704288,69.1273480731515,21127900,2022-04-11
70.50890350341797,70.50890350341797,72.10603135936987,70.12676857177583,71.32216809149553,18658500,2022-04-12
70.92044067382812,70.92044067382812,72.26281705126526,70.41092986318162,70.90084726691902,18892000,2022-04-13
68.71580505371094,68.71580505371094,71.34176235767147,68.67661076851206,71.09680368183763,18543500,2022-04-14
69.7152328491211,69.7152328491211,70.64607272308187,68.63741629097053,68.83338021952711,17476700,2022-04-18
71.26337432861328,71.26337432861328,71.92966216107071,69.34289191846642,69.52906288615954,15139000,2022-04-19
71.72390747070312,71.72390747070312,74.69281332252008,71.42016106174572,72.32160732258787,19042600,2022-04-20
69.48987579345703,69.48987579345703,72.98788540683917,69.22532371117073,72.47837464721366,17645300,2022-04-21
68.0103530883789,68.0103530883789,69.54869378799093,67.91236360484278,69.21554599017377,18682400,2022-04-22
68.7060317993164,68.7060317993164,68.75501906320922,66.56019079124296,67.04030784045953,20072100,2022-04-25
65.72731018066406,65.72731018066406,67.76536804879592,65.68811589756017,67.30484456675654,18628700,2022-04-26
65.1296157836914,65.1296157836914,67.09908568669955,64.53191599957225,64.79646808777538,17123600,2022-04-27
68.76480102539062,68.76480102539062,69.38209420848334,65.70771400438126,66.2858203771104,21058400,2022-04-28
66.81492614746094,66.81492614746094,69.89160630307036,66.6483485781101,67.70657177795596,16843500,2022-04-29
69.17632293701172,69.17632293701172,69.31349918628395,66.2172256627245,66.78553153859225,15342800,2022-05-02
69.8230209350586,69.8230209350586,70.50890221637196,68.78439109765439,69.04895064583619,13539100,2022-05-03
72.13544464111328,72.13544464111328,72.40979720413986,68.74521694341236,70.32274418081523,17201900,2022-05-04
69.8524169921875,69.8524169921875,71.09680377786407,68.94117041783305,70.85184510169938,16603600,2022-05-05
68.9313735961914,68.9313735961914,70.45992089907122,67.50081574935786,69.127345032738,15159800,2022-05-06
66.56017303466797,66.56017303466797,69.96020071968053,66.11925039952129,67.80455984368005,21770900,2022-05-09
67.52042388916016,67.52042388916016,69.16653927983175,66.24663557908706,68.16711101041732,17662700,2022-05-10
65.60973358154297,65.60973358154297,69.45068398508438,65.47255731538405,67.2754571321876,17237300,2022-05-11
66.3446044921875,66.3446044921875,67.51061013961544,64.54171229081363,64.66908810649377,27022900,2022-05-12
70.46971893310547,70.46971893310547,71.16540076290778,66.64836161435571,67.7065850211873,22872000,2022-05-13
69.0489501953125,69.0489501953125,70.58729032383125,68.90197350011995,70.06797914629016,13394700,2022-05-16
72.97809600830078,72.97809600830078,73.2230546976102,70.69507922980603,70.7930612104206,17671500,2022-05-17
69.61727142333984,69.61727142333984,72.72334620813884,68.67662335723301,71.70431703281218,20635100,2022-05-18
68.00052642822266,68.00052642822266,70.25414164528982,67.65758579470646,69.33310215463852,17558000,2022-05-19
67.51061248779297,67.51061248779297,69.2645175020849,64.77687277113986,69.17632849158873,20313300,2022-05-20
68.18669891357422,68.18669891357422,68.78439872883476,67.13827599551078,67.38323469109146,12356200,2022-05-23
65.27659606933594,65.27659606933594,67.03050123159015,64.67889625242907,66.98150650212061,18764500,2022-05-24
66.50140380859375,66.50140380859375,67.46163791748442,64.57112767216029,64.60052152592563,16241200,2022-05-25
69.17632293701172,69.17632293701172,69.60745256360724,65.0120257863529,65.05122006836567,14902500,2022-05-26
71.84147644042969,71.84147644042969,71.95905928995565,70.19535392479197,70.31293677431793,13078700,2022-05-27
72.35098266601562,72.35098266601562,72.97808368223203,70.4795024830704,71.98844865141943,15453000,2022-05-31
72.06685638427734,72.06685638427734,73.86974892443192,71.08702153187681,72.99769650383918,13595400,2022-06-01
73.85015106201172,73.85015106201172,73.88934535080915,71.65531574263257,71.65531574263257,11373200,2022-06-02
68.5296401977539,68.5296401977539,70.24435089491953,67.71637561582446,70.24435089491953,30306600,2022-06-03
69.02935791015625,69.02935791015625,70.68528109610864,68.59823568627193,69.31351089609487,13198700,2022-06-06
69.33309173583984,69.33309173583984,69.44087412954046,66.74632923811323,67.26564033019216,14328000,2022-06-07
67.21666717529297,67.21666717529297,68.9803728419944,66.39360951452991,68.4316602592726,16363000,2022-06-08
64.68868255615234,64.68868255615234,67.30484684415875,64.66908915170998,66.56997083107113,15073700,2022-06-09
61.35725021362305,61.35725021362305,64.23796299617852,61.02410625337326,63.53248078911478,26626900,2022-06-10
57.65348434448242,57.65348434448242,59.73073323830933,57.398728920940044,58.809689799011885,24278600,2022-06-13
57.51631164550781,57.51631164550781,58.66271672958097,56.556073854177036,58.163002555496846,17036000,2022-06-14
57.927818298339844,57.927818298339844,58.86846231920776,56.389478333973294,58.13358639720696,19726200,2022-06-15
53.900699615478516,53.900699615478516,55.85057211099084,53.15602696528514,55.85057211099084,22706200,2022-06-16
54.62578582763672,54.62578582763672,55.184291320933326,52.51913967729136,54.772762531250706,24139800,2022-06-17
55.654605865478516,55.654605865478516,56.752019597187385,55.20388283574822,55.67420300648059,15502800,2022-06-21
55.20389175415039,55.20389175415039,55.98775883200777,54.478812371024155,54.83155349050324,13513800,2022-06-22
55.08631134033203,55.08631134033203,55.68401114129263,53.85171745099012,55.468446298251635,13366600,2022-06-23
57.26154327392578,57.26154327392578,57.81025209705546,55.97796210258965,55.99755924674854,15647600,2022-06-24
57.59468078613281,57.59468078613281,58.8390712672858,57.19294872038836,58.378551513434566,16159900,2022-06-27
56.6932373046875,56.6932373046875,59.368185632669416,56.64424631640846,57.79065114078379,19393600,2022-06-28
54.890350341796875,54.890350341796875,56.36010265953868,54.20446517929601,56.07594964770964,17351400,2022-06-29
54.16526412963867,54.16526412963867,55.27247845078222,53.126641680184036,53.88111489103244,29572400,2022-06-30
52.56813430786133,52.56813430786133,52.87188067937643,50.36350618430695,52.21539321004897,43681700,2022-07-01
55.586021423339844,55.586021423339844,55.74279482396995,51.03958906729413,51.12777433875936,33745900,2022-07-05
56.21311950683594,56.21311950683594,56.94799558170188,55.321470018842845,55.703604979729455,23565000,2022-07-06
57.663265228271484,57.663265228271484,58.113991988991344,56.67363391808057,57.90822388045237,22945500,2022-07-07
58.06088638305664,58.06088638305664,59.32734896952027,57.03986210815147,57.15767519416536,19283000,2022-07-08
56.75515365600586,56.75515365600586,57.5405554644382,56.6569760892698,57.049678866031584,13941800,2022-07-11
58.100162506103516,58.100162506103516,58.98374200322515,57.039867109557555,57.354027876291525,21523100,2022-07-12
57.785987854003906,57.785987854003906,58.335767191136284,56.31335820938644,56.332993720725575,13987600,2022-07-13
58.267051696777344,58.267051696777344,58.57139654105726,56.274093872704924,56.88277981617346,14803800,2022-07-14
60.407264709472656,60.407264709472656,60.57416467746824,58.31613338377268,60.35817780538833,20317800,2022-07-15
59.346981048583984,59.346981048583984,61.19267809329196,59.042636211635426,60.9570556799945,13233000,2022-07-18
61.26140213012695,61.26140213012695,61.614830141743084,60.260013401152975,60.348371340329834,19103700,2022-07-19
62.144981384277344,62.144981384277344,62.36096830260118,60.7214383904995,61.08468979769714,15176200,2022-07-20
62.47876739501953,62.47876739501953,62.51803841828776,60.79997047375743,61.45774326059112,12924700,2022-07-21
60.17165756225586,60.17165756225586,61.77191266251702,59.89676410572647,60.17165756225586,22201700,2022-07-22
59.052459716796875,59.052459716796875,60.701805482863335,58.61067000354846,60.23056062533739,14479400,2022-07-25
58.57139587402344,58.57139587402344,59.58260047352487,58.46340242260265,59.2095369532783,11044800,2022-07-26
60.76069641113281,60.76069641113281,61.251572942158404,58.52230062808516,59.3862443713156,14589800,2022-07-27
60.93741989135742,60.93741989135742,61.16322267448913,59.09172285499202,61.11413576425896,10120300,2022-07-28
60.73125457763672,60.73125457763672,60.95705736804207,59.66114342174706,60.23055833992333,14199700,2022-07-29
61.39884948730469,61.39884948730469,62.82239245655483,60.86870183060329,61.359578458269446,13347200,2022-08-01
61.330135345458984,61.330135345458984,62.14498871003349,59.76914730876917,60.62327170768489,11535800,2022-08-02
63.07764434814453,63.07764434814453,63.35253405115469,61.30066967274992,61.359576214148376,12290100,2022-08-03
63.66670227050781,63.66670227050781,63.80414713817973,62.488601264696044,62.95002653053044,11338400,2022-08-04
61.32030487060547,61.32030487060547,62.066439410776304,60.67234789892622,61.7130076543892,15047100,2022-08-05
60.328739166259766,60.328739166259766,61.477388694053964,59.86731393111602,60.85888683066856,11454300,2022-08-08
58.070709228515625,58.070709228515625,59.43534571713471,56.68643722447355,57.923444735389005,33107200,2022-08-09
60.2796516418457,60.2796516418457,60.436732013589435,58.30632549265545,58.90519558026949,17418400,2022-08-10
61.182865142822266,61.182865142822266,62.9303848122929,60.868704387526236,60.868704387526236,18298500,2022-08-11
63.853233337402344,63.853233337402344,64.22629688212128,61.0945053109343,61.51665951504023,16194000,2022-08-12
63.51942443847656,63.51942443847656,63.93176644511856,62.724206800991894,63.51942443847656,9689100,2022-08-15
62.69476318359375,62.69476318359375,63.38198746295225,62.06644170241373,62.95002112600528,9275400,2022-08-16
60.495628356933594,60.495628356933594,61.663917008134874,59.65132004449635,61.663917008134874,14728400,2022-08-17
61.83081817626953,61.83081817626953,62.262788250635865,60.13238553227898,60.62326214886902,11303900,2022-08-18
59.405887603759766,59.405887603759766,61.1141399093059,59.18008480531306,60.71162122597196,14050300,2022-08-19
57.24603271484375,57.24603271484375,58.52231117653709,56.912236463777056,58.47322426360492,13096800,2022-08-22
56.80424118041992,56.80424118041992,58.20814856663496,56.70606361262336,57.28529815480363,12769100,2022-08-23
57.24603271484375,57.24603271484375,57.50128690914586,56.31336638876699,56.8238785224626,9961300,2022-08-24
60.08330154418945,60.08330154418945,60.15202397424981,57.51110899668195,57.53074076662072,12171600,2022-08-25
56.57843780517578,56.57843780517578,60.102931933046676,56.55880229182017,59.9556674554252,15754000,2022-08-26
55.96975326538086,55.96975326538086,56.94169066772192,55.48869625181863,56.26428224766648,11607600,2022-08-29
55.272701263427734,55.272701263427734,56.745330979567505,54.565841546342554,56.43117027306497,12743700,2022-08-30
55.498504638671875,55.498504638671875,56.11701017477966,54.791644913925474,54.968360781384845,14172200,2022-08-31
56.2642822265625,56.2642822265625,56.35264017219672,53.7902634938957,54.25168499212637,17594500,2022-09-01
55.30215835571289,55.30215835571289,57.72708616052313,54.97817800908701,57.23620957115628,12809700,2022-09-02
54.22222900390625,54.22222900390625,55.65558778282911,54.12405518154928,55.302159775289255,12133300,2022-09-06
53.99642562866211,53.99642562866211,54.703289126230146,53.02448831950605,54.30077046680195,17030600,2022-09-07
54.379310607910156,54.379310607910156,54.899638619442584,52.75942003149943,53.495734951256495,18415300,2022-09-08
56.39190673828125,56.39190673828125,56.627529171998326,55.1450796302722,55.1450796302722,13925600,2022-09-09
56.882781982421875,56.882781982421875,57.07913338152872,55.9893866743226,56.41154087162031,10711500,2022-09-12
52.641605377197266,52.641605377197266,55.213801449934046,52.1703642920242,54.68365382470513,22361800,2022-09-13
52.14091491699219,52.14091491699219,53.240477491712696,51.50277381612085,52.90668124196469,19984900,2022-09-14
51.72856903076172,51.72856903076172,52.474703477377474,51.031525234782116,51.73838865892528,15620800,2022-09-15
51.885650634765625,51.885650634765625,52.04273098337728,50.550469544112,50.94316854309568,24901700,2022-09-16
51.149349212646484,51.149349212646484,51.80712591971343,50.93336601734448,51.02172397067909,19251400,2022-09-19
49.87306594848633,49.87306594848633,50.64865193965139,49.666898658204445,50.58974539453161,19373800,2022-09-20
49.18583297729492,49.18583297729492,51.55185799885951,48.81276946416724,48.83240497724099,31117300,2022-09-21
48.753868103027344,48.753868103027344,49.450912038267184,48.449523235696965,48.891312964050236,21317000,2022-09-22
49.18583297729492,49.18583297729492,49.23492363252488,47.56594247216806,48.38079566672713,24591700,2022-09-23
47.98809814453125,47.98809814453125,49.53926627506109,47.919375719164876,49.01893827011817,19266800,2022-09-26
49.657081604003906,49.657081604003906,49.72580403247973,48.49861245956652,48.910947030421454,17297500,2022-09-27
50.069419860839844,50.069419860839844,50.25595164542171,49.18584036525891,49.195659995816335,17784300,2022-09-28
49.097476959228516,49.097476959228516,49.38218629228459,48.321894760515235,49.12693210253553,25582100,2022-09-29
49.18583297729492,49.18583297729492,51.1100720625193,48.90112740045352,49.61780677473503,38917700,2022-09-30
50.776283264160156,50.776283264160156,52.12128427334675,49.715987873496225,50.079235555812545,24632400,2022-10-03
52.97541046142578,52.97541046142578,53.809903065341736,51.69913184112758,52.5827113640758,24275500,2022-10-04
53.731346130371094,53.731346130371094,54.19277128079171,51.21805687341847,51.91510441312154,20418300,2022-10-05
53.62335205078125,53.62335205078125,54.10441270665322,52.32743828793489,53.407368920367375,17149400,2022-10-06
52.054161071777344,52.054161071777344,53.76601758089248,51.6606297182127,52.69364858307161,21977700,2022-10-07
50.54890823364258,50.54890823364258,52.27060125758006,49.94877463624835,52.21157043139617,17227400,2022-10-10
52.84122085571289,52.84122085571289,53.893912927087314,49.51589625314377,49.82087949160225,32813700,2022-10-11
51.89674758911133,51.89674758911133,52.90024913029312,51.54257013304799,52.73299699693298,18131900,2022-10-12
53.972618103027344,53.972618103027344,55.01546977607903,49.91926180587961,50.51939165877114,27605000,2022-10-13
51.86723327636719,51.86723327636719,54.54323359316949,51.74917162411649,54.346471678737565,20403000,2022-10-14
52.634620666503906,52.634620666503906,54.10052109900024,51.99513311982568,53.7168263191973,18261700,2022-10-17
51.699989318847656,51.699989318847656,54.248095544702245,50.824385901023916,54.120197277707476,19774800,2022-10-18
52.17222213745117,52.17222213745117,52.56575351485752,51.21791473967981,51.247428279437614,14786100,2022-10-19
52.831382751464844,52.831382751464844,54.20873496524093,52.30995315174875,52.6346170772131,15711800,2022-10-20
55.143375396728516,55.143375396728516,55.36965463439579,52.47721127765647,52.62478648843638,20199200,2022-10-21
55.33029556274414,55.33029556274414,55.891075268363764,54.17921886231923,55.32045521535129,15293600,2022-10-24
54.966285705566406,54.966285705566406,56.107522223379895,54.44485980824447,55.76318507476984,17313000,2022-10-25
54.55308151245117,54.55308151245117,56.51089060493328,54.07100574799955,55.17289213731941,23511300,2022-10-26
51.36548614501953,51.36548614501953,55.32046184770332,51.27694177283283,54.474372014140016,27335800,2022-10-27
53.165889739990234,53.165889739990234,53.55941738337747,50.62762011462067,50.99163796982062,19171100,2022-10-28
53.22490310668945,53.22490310668945,54.041479230206214,52.3099460359263,53.03797780572429,15932500,2022-10-31
53.972618103027344,53.972618103027344,54.54323441890587,53.23474965375809,54.19889731044409,11729700,2022-11-01
52.58543395996094,52.58543395996094,55.35981947170277,52.55591666524463,53.85456879594746,17302700,2022-11-02
52.61493682861328,52.61493682861328,53.490540083375365,51.07033257522543,51.85739146978726,12769200,2022-11-03
55.25159454345703,55.25159454345703,55.98946306233493,53.933269306275456,54.36615081960621,18882700,2022-11-04
55.64512634277344,55.64512634277344,55.90091911327107,54.56291692176125,55.51722808102792,11411300,2022-11-07
56.56007766723633,56.56007766723633,56.9339283115077,55.566412723742914,56.45185636121299,14190100,2022-11-08
55.06466293334961,55.06466293334961,55.733663947865026,54.61210077435888,55.310619078304015,19952500,2022-11-09
59.29510498046875,59.29510498046875,59.403326279442894,57.120853665963146,57.652116060847426,24982500,2022-11-10
61.50871276855469,61.50871276855469,62.158036836765255,58.91141649571244,59.668961867456915,17579400,2022-11-11
60.78068161010742,60.78068161010742,61.73499265772644,60.003463040874436,60.938093393457606,13988200,2022-11-14
62.07933044433594,62.07933044433594,63.39765930477059,61.410329419485365,62.472861783539685,16325000,2022-11-15
57.917762756347656,57.917762756347656,60.38716501355385,57.179894183978206,59.55091171307229,25901900,2022-11-16
57.789859771728516,57.789859771728516,58.03581592648001,55.595927568711254,56.37314991844432,14212300,2022-11-17
57.6324462890625,57.6324462890625,58.69497489480619,57.16020718318422,58.59659393699411,9703700,2022-11-18
56.235408782958984,56.235408782958984,57.08149846115733,55.900908299787375,57.08149846115733,9968400,2022-11-21
57.67180252075195,57.67180252075195,57.73083335347909,56.05833062281042,56.61911039824148,8955700,2022-11-22
57.97678756713867,57.97678756713867,58.10468582389392,56.815874167035965,57.29794990219451,8996800,2022-11-23
57.4651985168457,57.4651985168457,58.17355347641021,57.44552157319188,57.72099127835885,4360500,2022-11-25
54.84822082519531,54.84822082519531,56.82570659735182,54.57275114129109,56.39282512936048,15512600,2022-11-28
54.228416442871094,54.228416442871094,55.60577252482304,53.884079298879804,54.808873166308835,12874200,2022-11-29
56.71748733520508,56.71748733520508,56.74700087102135,51.759010656457306,52.71332167977387,31461400,2022-11-30
54.592430114746094,54.592430114746094,56.9831205017137,54.208735358326,56.89457988830111,21764200,2022-12-01
53.7955322265625,53.7955322265625,54.523560366756804,52.51656093063188,53.46103169504281,15946500,2022-12-02
53.165889739990234,53.165889739990234,54.37599371731984,52.831389178964635,53.49054995195986,13806900,2022-12-05
52.811710357666016,52.811710357666016,53.74634457612154,52.37882883942048,52.988799104446784,17988000,2022-12-06
52.94944381713867,52.94944381713867,53.362652133044854,51.591764712008796,52.26076579262391,11367300,2022-12-07
54.30712127685547,54.30712127685547,54.79903360046287,53.175721431361175,53.67747410311691,13609100,2022-12-08
53.982452392578125,53.982452392578125,54.956440355339886,53.63811529882,53.79552707782269,9932200,2022-12-09
54.45469665527344,54.45469665527344,54.48421394885721,52.477210622859644,52.65429937238845,13250600,2022-12-12
54.34647750854492,54.34647750854492,56.95361068436755,53.76602079152141,56.26493265100169,14210500,2022-12-13
53.706993103027344,53.706993103027344,55.19256682007234,53.18556718793764,54.34648068994358,11235300,2022-12-14
51.1982307434082,51.1982307434082,52.85105629606345,51.011301676041,52.69364451738166,17785000,2022-12-15
51.22774887084961,51.22774887084961,51.6901476541084,50.785027030813865,50.90308869015218,22951400,2022-12-16
50.88341522216797,50.88341522216797,51.44419500684902,50.27344119957282,51.326133339447324,16470000,2022-12-19
49.860233306884766,49.860233306884766,51.129367999603375,49.63395408890282,50.509557422439585,16942000,2022-12-20
50.36198806762695,50.36198806762695,50.91293128380477,49.929106524697424,50.106195281576234,20400800,2022-12-21
48.630455017089844,48.630455017089844,49.161721253578015,47.64663032121992,48.699322445561265,40959600,2022-12-22
49.388004302978516,49.388004302978516,49.73234147196696,48.197577229625686,48.20741382602807,17425700,2022-12-23
49.210906982421875,49.210906982421875,49.49621701737247,47.735170081220474,48.807539046213215,15159100,2022-12-27
48.32546615600586,48.32546615600586,50.263601933459675,48.04015985742598,49.033821110809946,12518700,2022-12-28
49.83072280883789,49.83072280883789,50.106192525276626,48.54191109422602,48.60094192760293,13204300,2022-12-29
49.28345489501953,49.28345489501953,49.3228983390813,48.445302397143216,48.76084242656963,11989800,2022-12-30
49.66802215576172,49.66802215576172,50.24979982643958,48.85945030994288,49.855376645925126,12422800,2023-01-03
53.44464111328125,53.44464111328125,53.76018112445287,51.99512660090723,52.31066661207885,25077300,2023-01-04
53.947532653808594,53.947532653808594,54.618056128163424,53.13896089265136,53.13896089265136,18030900,2023-01-05
55.97882080078125,55.97882080078125,56.4915742305286,53.27700537509973,54.6574956676144,21069800,2023-01-06
55.57453536987305,55.57453536987305,56.71836879519085,54.87443123919005,56.02812364370709,15715900,2023-01-09
56.412689208984375,56.412689208984375,56.481713349729624,55.081505052859015,55.377323336272035,10571300,2023-01-10
57.250850677490234,57.250850677490234,57.65513657977722,56.12673507845272,56.55074270298954,12143000,2023-01-11
56.47185134887695,56.47185134887695,57.42833405022029,55.643557942716406,57.3001447550375,14888100,2023-01-12
56.136592864990234,56.136592864990234,56.17603630600812,55.337880111279134,55.93937942143438,12520600,2023-01-13
56.057708740234375,56.057708740234375,57.78331987354104,55.761890441117124,56.36338978085799,10962700,2023-01-17
55.72244644165039,55.72244644165039,57.24098512656247,55.57453917433582,56.708509936549085,10035300,2023-01-18
55.57453536987305,55.57453536987305,56.29436122048797,54.509585062749515,54.93359263745239,12034200,2023-01-19
57.64527130126953,57.64527130126953,57.75373888810371,55.96896259913617,56.669070542829395,13826400,2023-01-20
60.95844650268555,60.95844650268555,61.047192369942834,58.03969938638733,58.098860790202984,20175400,2023-01-23
60.406246185302734,60.406246185302734,60.85983823777662,60.021682035960595,60.34708478480924,10183200,2023-01-24
60.682350158691406,60.682350158691406,60.810535708483734,59.577956303707914,59.82447218466307,10787200,2023-01-25
61.92478561401367,61.92478561401367,62.17130148330635,60.43583141856071,61.707854206879,12219500,2023-01-26
62.97987365722656,62.97987365722656,63.44332093677077,61.096492553625424,61.27398428163254,15895800,2023-01-27
60.8499755859375,60.8499755859375,62.39809492668177,60.83025386523287,61.88534147296218,16169000,2023-01-30
59.459625244140625,59.459625244140625,59.4990686848831,57.83262280961567,58.27634835260113,23856300,2023-01-31
61.72758102416992,61.72758102416992,62.34880215716201,59.54838132967596,59.77517551058611,20902200,2023-02-01
62.28962326049805,62.28962326049805,63.02917081154325,60.99788261205377,62.67419114672958,15877600,2023-02-02
61.540218353271484,61.540218353271484,62.90098693630619,61.037327660374665,61.1359324985008,12187100,2023-02-03
59.144081115722656,59.144081115722656,60.32735792472368,58.90742801084242,60.09070105831016,11484300,2023-02-06
61.26412582397461,61.26412582397461,61.520500676873276,58.86799123699186,59.252555397106725,12713100,2023-02-07
59.41032791137695,59.41032791137695,61.46134186721469,59.39060618931691,60.59360490424228,9510500,2023-02-08
59.34130096435547,59.34130096435547,60.95844448161991,58.858128200522216,60.34708617274684,10094700,2023-02-09
58.9863166809082,58.9863166809082,59.91321499179991,58.424260801963904,59.65684014377749,11429700,2023-02-10
59.28213882446289,59.28213882446289,59.43990884001003,58.019978700085765,58.986320515503735,11466200,2023-02-13
61.20496368408203,61.20496368408203,61.44162058897813,58.20732961691218,58.690502407038686,12496200,2023-02-14
60.97816848754883,60.97816848754883,61.0767733353562,59.617399770910865,60.4752777452771,10457400,2023-02-15
59.21310806274414,59.21310806274414,60.49498976605054,59.01589462495851,59.93293391335825,12683400,2023-02-16
58.18760681152344,58.18760681152344,59.34130308892282,57.694575050240616,59.00604134078915,10874900,2023-02-17
56.79724884033203,56.79724884033203,58.877843161410595,56.68878502887511,57.526937392199365,12667500,2023-02-21
56.18589401245117,56.18589401245117,57.75373502281946,56.037986754285704,56.92544158787898,12260300,2023-02-22
57.93122482299805,57.93122482299805,58.917288224240565,56.63948041321834,58.31578894763729,16094600,2023-02-23
57.36916732788086,57.36916732788086,57.55651801455257,56.550732922957216,56.89585736034185,9867400,2023-02-24
57.09307098388672,57.09307098388672,58.72993603783979,57.024046848478655,58.34536816145208,8514000,2023-02-27
57.01418685913086,57.01418685913086,57.92136716495961,56.60004202670042,56.83669514193683,10493300,2023-02-28
56.54087829589844,56.54087829589844,57.73401416599364,56.422551735290156,57.05363174057907,9141400,2023-03-01
55.643558502197266,55.643558502197266,55.909796074161534,53.95739097462363,54.72651923038703,16625500,2023-03-02
55.98868179321289,55.98868179321289,56.07742765465911,54.66735661253227,55.67314178841157,13769200,2023-03-03
56.03799057006836,56.03799057006836,57.83262584105219,55.75203125199647,56.48171613631276,14472200,2023-03-06
54.78569412231445,54.78569412231445,55.93938671092407,54.539178226129415,55.71259253781792,13278300,2023-03-07
56.097145080566406,56.097145080566406,56.12672577827271,54.578606572755106,55.061779283979895,11515700,2023-03-08
54.825130462646484,54.825130462646484,56.75781782961057,54.76596905855268,55.85063743098925,10200000,2023-03-09
54.16446304321289,54.16446304321289,55.72244126440138,53.77003617728667,54.88428887622488,14180700,2023-03-10
53.14883041381836,53.14883041381836,53.78976950737991,52.024714731745725,53.217854566024464,17365200,2023-03-13
53.513668060302734,53.513668060302734,54.64763885940337,52.95161215084985,54.203913281491815,14657000,2023-03-14
53.3756103515625,53.3756103515625,53.51365861913834,52.143031160302264,52.586760421462586,14643600,2023-03-15
55.78160858154297,55.78160858154297,55.91965686149971,52.86286169763789,52.94174481695595,14791800,2023-03-16
55.87035369873047,55.87035369873047,56.915582286912574,55.43648714441721,56.008401976851346,26655200,2023-03-17
56.83669662475586,56.83669662475586,57.06349076674655,55.29844005098712,55.90979833641999,10610200,2023-03-20
57.812904357910156,57.812904357910156,58.690500275613886,56.79725638980247,57.56638848163231,14613700,2023-03-21
57.359310150146484,57.359310150146484,59.56809397439317,57.28042702867354,57.58610805802354,16949300,2023-03-22
60.485130310058594,60.485130310058594,60.91899686054012,58.30593105546258,58.35523347413698,23903100,2023-03-23
60.30764389038086,60.30764389038086,60.54430078695019,59.6568421267324,59.66670110671981,18735600,2023-03-24
58.95673370361328,58.95673370361328,60.56401439496425,58.34537166537901,60.337220256212895,15901000,2023-03-27
58.45383834838867,58.45383834838867,59.035615916794114,57.014186657600085,58.966591778299694,20496300,2023-03-28
62.65446472167969,62.65446472167969,63.522197741431306,60.02167368169611,60.06111711755748,51939800,2023-03-29
62.21073913574219,62.21073913574219,63.206661499927854,61.609239868799044,63.13763736387208,23038300,2023-03-30
59.49906921386719,59.49906921386719,60.80067267767264,59.06520264644323,59.508928193373684,35416500,2023-03-31
58.779239654541016,58.779239654541016,58.976453086105174,57.06348768992616,58.976453086105174,23610800,2023-04-03
56.47185134887695,56.47185134887695,59.26240881386625,56.156311361914206,58.848263991552656,21303200,2023-04-04
56.225337982177734,56.225337982177734,56.31408384252633,55.22941179809529,56.02812454123268,19456200,2023-04-05
57.860572814941406,57.860572814941406,58.44352612759635,56.12159178062296,56.26980171926594,21496500,2023-04-06
62.51432418823242,62.51432418823242,63.00835235115273,60.27143587627792,60.449286316460096,43280100,2023-04-10
62.81073760986328,62.81073760986328,63.52213933975895,62.28706898598763,62.879901248143625,23090200,2023-04-11
61.21996307373047,61.21996307373047,63.59129953212664,61.10139738155128,63.59129953212664,16694100,2023-04-12
62.24753952026367,62.24753952026367,62.6131192525645,60.06393626073259,60.7753341493808,23286500,2023-04-13
61.8819580078125,61.8819580078125,62.46491128969635,61.032229111934164,62.42538813892641,14953000,2023-04-14
61.79304122924805,61.79304122924805,62.02029372346074,61.23972835042435,61.476863518244684,11546800,2023-04-17
61.19032287597656,61.19032287597656,62.69216880402217,60.745696816828946,62.57360311129461,12175200,2023-04-18
59.92561340332031,59.92561340332031,60.47892249414982,59.658837762040875,60.25167000768263,11652600,2023-04-19
60.72593688964844,60.72593688964844,61.2100861159037,59.15492728406943,59.16480995739421,14382200,2023-04-20
60.399879455566406,60.399879455566406,60.716057153186014,60.00465544897416,60.419641032809565,9606200,2023-04-21
58.79922866821289,58.79922866821289,60.152868511002275,58.64113981121053,59.38218203512205,13402600,2023-04-24
57.445594787597656,57.445594787597656,58.6312631449472,57.336907987546375,58.423772218923375,15987300,2023-04-25
60.29119110107422,60.29119110107422,60.44927994578249,58.63125634706966,58.86839149869976,25385000,2023-04-26
61.16068649291992,61.16068649291992,61.2199674586879,59.411826389187134,60.02442023998205,13524600,2023-04-27
63.59129333496094,63.59129333496094,63.67033963480069,61.555896343707616,61.6843446963797,18094700,2023-04-28
61.60530471801758,61.60530471801758,63.33440312852159,61.565785333177544,63.126912223853616,12823400,2023-05-01
61.16068649291992,61.16068649291992,61.83256507861848,60.518448390105355,61.48674311205076,12237600,2023-05-02
60.18250274658203,60.18250274658203,61.43733456777715,60.09357753817812,60.755577149437315,10818100,2023-05-03
59.787288665771484,59.787288665771484,60.23191478145432,59.18457745244129,59.82681182475127,13357900,2023-05-04
60.49867630004883,60.49867630004883,61.00258703633517,59.39205449140816,59.88608255569319,12312700,2023-05-05
60.14297866821289,60.14297866821289,60.61724518268706,59.589669619227294,60.51844107226398,11510400,2023-05-08
60.2022590637207,60.2022590637207,60.656763969576495,58.83874057701839,59.16480090239425,11895200,2023-05-09
59.27349090576172,59.27349090576172,61.56578090351136,59.0758789192381,61.18043583367948,14548700,2023-05-10
60.874149322509766,60.874149322509766,61.07176133658506,59.352541714006314,59.866331442947825,15536600,2023-05-11
60.1923828125,60.1923828125,61.44721465792723,59.43158284374,61.249606430222755,12131400,2023-05-12
63.867958068847656,63.867958068847656,64.09521433269411,61.061878050690176,61.48674255749518,22227200,2023-05-15
62.96881866455078,62.96881866455078,64.44102400230653,62.54395421394976,63.77902818387038,15259000,2023-05-16
64.14460754394531,64.14460754394531,64.5398315368313,62.68228480088368,63.80867204986815,15947700,2023-05-17
66.76296997070312,66.76296997070312,67.77078417166244,64.30271167032173,65.19196392897526,30688000,2023-05-18
67.35579681396484,67.35579681396484,67.57317040819291,65.63658094603508,66.7629645358792,16812100,2023-05-19
65.43898010253906,65.43898010253906,65.95276612479883,63.986535957037916,64.96470970345352,37491000,2023-05-22
65.22159576416016,65.22159576416016,66.75307844257368,64.92517587116605,65.06350314435768,15896200,2023-05-23
65.73538970947266,65.73538970947266,65.93300550829812,64.10509517595425,64.17425882097517,15806600,2023-05-24
68.7785873413086,68.7785873413086,69.0453591777427,66.70367099017335,68.9169145954996,29021500,2023-05-25
73.04698944091797,73.04698944091797,73.69910256189402,68.96632036860468,69.0453591293227,33410000,2023-05-26
70.83373260498047,70.83373260498047,73.87693916482958,70.7250458487428,73.50148062217944,24454700,2023-05-30
67.38542175292969,67.38542175292969,69.01571579529904,67.10876725619204,68.07706553304348,30403600,2023-05-31
68.2647933959961,68.2647933959961,68.95643719975203,67.2866199524459,68.11659100929903,18153000,2023-06-01
68.34384155273438,68.34384155273438,69.70736385358187,67.47435486129999,69.15404728787804,13468200,2023-06-02
66.9605712890625,66.9605712890625,68.66991198332859,66.70368208186001,68.66991198332859,12441100,2023-06-05
66.73332214355469,66.73332214355469,68.01779078628121,66.02192041489572,66.22941132937606,12476600,2023-06-06
66.25904083251953,66.25904083251953,67.84981178488135,66.14047892290296,67.59292262186548,14610800,2023-06-07
64.53983306884766,64.53983306884766,65.72549753737971,63.24548181123524,65.7057397294882,25856800,2023-06-08
64.64852142333984,64.64852142333984,65.60693720210809,63.699988317892064,65.14254955356917,14649300,2023-06-09
66.64437866210938,66.64437866210938,66.73330762798385,65.00420951181661,65.05360779217395,14731100,2023-06-12
67.05939483642578,67.05939483642578,68.0573264361846,66.79261537006732,67.74114866965529,11911900,2023-06-13
68.2944564819336,68.2944564819336,68.38337793357385,66.7135603177942,66.73332566589532,11085800,2023-06-14
67.99803161621094,67.99803161621094,68.68966798396586,67.5435266405047,67.7707753592223,11842600,2023-06-15
66.85189819335938,66.85189819335938,69.65797469016722,65.27100195700754,69.31215646531723,32259700,2023-06-16
66.10096740722656,66.10096740722656,66.81236914321083,64.98445897336798,66.5159492404603,13261600,2023-06-20
65.01409149169922,65.01409149169922,66.39736393930474,64.55957907232087,65.95274172947003,10427200,2023-06-21
65.4587173461914,65.4587173461914,65.86382397002417,64.7275579348514,64.74731574023038,8639500,2023-06-22
64.50031280517578,64.50031280517578,65.17219137765767,64.06556562937246,64.66828056372846,12663600,2023-06-23
64.66827392578125,64.66827392578125,65.90334415001902,64.62875831228361,64.84612433960231,13815900,2023-06-26
65.99227142333984,65.99227142333984,66.04166970807253,63.02810296165033,64.49042184798583,18305200,2023-06-27
66.26892852783203,66.26892852783203,66.92104923323602,64.6089938229416,64.86589054370108,27100100,2023-06-28
63.56166076660156,63.56166076660156,67.13841958933101,62.790974323801066,67.02973279809405,51141900,2023-06-29
62.356224060058594,62.356224060058594,64.32245368249814,62.148733173715044,63.729621501763674,31549600,2023-06-30
63.13679504394531,63.13679504394531,63.55177685424767,62.50443588627177,62.68228631044005,12921300,2023-07-03
61.31877136230469,61.31877136230469,62.98858504423567,61.27924820827266,62.74157098523867,16553000,2023-07-05
60.49867630004883,60.49867630004883,61.05198908893667,59.77739577848888,60.26154493990762,15607300,2023-07-06
60.03837203979492,60.03837203979492,60.869901147886324,60.0185732781466,60.81050486294134,15028100,2023-07-07
61.84991455078125,61.84991455078125,62.196387211066074,59.96907753182729,60.216556385076046,16953100,2023-07-10
62.9586181640625,62.9586181640625,63.027911940222445,61.68163016323801,61.96870276037455,13454500,2023-07-11
63.146705627441406,63.146705627441406,64.04752473349657,62.493361600469555,63.819848415985454,13953600,2023-07-12
63.87925338745117,63.87925338745117,63.99804598006103,62.90913653850765,63.532784432910056,11384700,2023-07-13
63.433780670166016,63.433780670166016,64.87905624845413,63.03781299951533,63.65156326664665,13860200,2023-07-14
64.50289916992188,64.50289916992188,65.00775064940056,62.701249442086855,63.1566096768385,11333600,2023-07-17
64.28511047363281,64.28511047363281,64.46329555322151,63.10710869454885,63.720858980344474,10393100,2023-07-18
64.30489349365234,64.30489349365234,65.0968287116776,64.14651098151967,64.96813489608748,9463900,2023-07-19
64.03762817382812,64.03762817382812,64.88895600249595,63.602062991033904,63.75055180811875,12745100,2023-07-20
64.98795318603516,64.98795318603516,65.49281219873538,63.69115876331323,64.63158300677097,24540200,2023-07-21
64.81967163085938,64.81967163085938,65.96796970781288,64.56229148074067,64.70087904946858,10272700,2023-07-24
65.01763916015625,65.01763916015625,65.33441176357844,64.42369147279646,64.74046407621866,8610900,2023-07-25
66.70049285888672,66.70049285888672,67.1954505286535,64.34449706968056,64.34449706968056,14920600,2023-07-26
70.3532943725586,70.3532943725586,71.61048373608013,69.25448756196182,69.76924785199313,25068300,2023-07-27
70.48197937011719,70.48197937011719,71.40260107142501,69.94743165544689,70.85815208723689,11932900,2023-07-28
70.6700668334961,70.6700668334961,71.04623200404079,70.1553140973583,70.40279297198252,11193800,2023-07-31
70.04641723632812,70.04641723632812,70.36318986864094,69.18518810201421,70.28399482244892,13141100,2023-08-01
67.48253631591797,67.48253631591797,69.14559462088978,66.66090465667081,69.04660458359083,14004400,2023-08-02
68.48235321044922,68.48235321044922,68.69023455496045,66.48272726387277,66.88858868340735,11075200,2023-08-03
69.2049789428711,69.2049789428711,70.21468917756629,68.4328387016877,68.79911006407774,11255500,2023-08-04
68.68033599853516,68.68033599853516,69.5217702317627,68.13588699448586,69.14559750092045,10537500,2023-08-07
66.9677963256836,66.9677963256836,68.06660331930904,66.28475209925232,68.00720324366904,14767800,2023-08-08
66.02737426757812,66.02737426757812,67.28457143783095,65.94818675132757,67.0964850377638,10043200,2023-08-09
64.78006744384766,64.78006744384766,66.77969326738507,64.27520846541016,66.38372558924694,12775300,2023-08-10
63.720863342285156,63.720863342285156,64.65137877498546,63.423885671822916,64.24551734797335,11823100,2023-08-11
67.59142303466797,67.59142303466797,67.78941064828247,63.55256634639494,63.72085770608107,21954000,2023-08-14
64.67118072509766,64.67118072509766,66.94798181889233,64.66127945551756,66.90838429302775,13808500,2023-08-15
63.57237243652344,63.57237243652344,64.57218917189634,63.44367859236856,64.3445052916301,9895400,2023-08-16
62.91902160644531,62.91902160644531,64.05742200408291,62.7606352999815,63.83963941660988,9933300,2023-08-17
62.94871520996094,62.94871520996094,63.21599279891425,61.127270874159564,61.68162481156946,9576500,2023-08-18
63.31499099731445,63.31499099731445,63.54267487289377,62.22608551759338,63.03781588092605,11311900,2023-08-21
62.770538330078125,62.770538330078125,64.42369908986042,62.651749533806765,63.651566249754964,8876000,2023-08-22
64.5325927734375,64.5325927734375,64.95825673335688,62.53295926778621,62.92892697159936,10747400,2023-08-23
63.04771041870117,63.04771041870117,65.57199393153958,62.73093779303983,65.47300390210575,12661600,2023-08-24
63.07741165161133,63.07741165161133,63.740653169168894,61.99840369480095,62.82003152821015,9409000,2023-08-25
64.65137481689453,64.65137481689453,65.443310188006,64.00793582437882,65.0572437715144,9904900,2023-08-28
66.00755310058594,66.00755310058594,66.35402194821549,64.21580880823424,64.245505059109,9955000,2023-08-29
67.40332794189453,67.40332794189453,68.00717686825145,65.84916125089086,66.5124102298505,16892200,2023-08-30
69.23468780517578,69.23468780517578,69.8286355545222,67.28455319364983,67.28455319364983,18420900,2023-08-31
69.6801528930664,69.6801528930664,69.90783678589236,68.84862748091471,69.50196779725447,10772000,2023-09-01
69.58116149902344,69.58116149902344,70.44239070411717,68.8288236032791,69.20499632737922,11144300,2023-09-05
69.699951171875,69.699951171875,69.94743003690374,68.93771203821133,69.4227684989801,9192800,2023-09-06
69.1653823852539,69.1653823852539,69.58114498457097,68.4031434007185,68.74961223348272,12043200,2023-09-07
69.4722671508789,69.4722671508789,69.89793109995598,68.90801564186563,69.06639818788318,9805000,2023-09-08
69.32376861572266,69.32376861572266,70.14540014349117,68.61102837729476,70.11570389229911,9310400,2023-09-11
69.60094451904297,69.60094451904297,70.96703250965336,69.08619186990524,69.2544756636181,11062100,2023-09-12
70.13551330566406,70.13551330566406,71.1353300987472,69.6504568140015,70.33350094177047,14525500,2023-09-13
71.0660171508789,71.0660171508789,71.50158228040438,70.56115825551566,70.94722460124812,11170300,2023-09-14
69.17528533935547,69.17528533935547,70.90763728700742,68.93770775836492,70.57106967664208,16416100,2023-09-15
69.7890396118164,69.7890396118164,70.33349613331634,69.20499311825789,69.93752844063053,12735700,2023-09-18
69.9969253540039,69.9969253540039,70.34339427472617,69.26438998555454,69.90783658258506,10399000,2023-09-19
68.97731018066406,68.97731018066406,71.5807851451989,68.94761392498755,70.23449950318889,15522100,2023-09-20
67.21524810791016,67.21524810791016,68.59122972419118,67.14595434135119,68.30415339060285,14978600,2023-09-21
68.18537139892578,68.18537139892578,69.04660053306077,67.1063672164909,67.89829502088078,15487200,2023-09-22
67.8884048461914,67.8884048461914,68.49225388798625,66.92818563046993,67.60132845316963,14900000,2023-09-25
67.25486755371094,67.25486755371094,68.35367446202855,66.90839105549128,67.28456381299684,12752500,2023-09-26
67.52214050292969,67.52214050292969,68.15568586709416,66.07686466890094,67.43305172630802,20852300,2023-09-27
64.54248046875,64.54248046875,66.41341995344307,63.18630121672412,65.30471954915389,46749800,2023-09-28
67.34393310546875,67.34393310546875,68.03687831046315,65.69077645408375,65.69077645408375,24315500,2023-09-29
67.27464294433594,67.27464294433594,68.58133083945424,66.38371766301564,67.55181802020128,14880500,2023-10-02
67.14596557617188,67.14596557617188,68.94761136060941,66.43322525662201,66.49261776576604,12481500,2023-10-03
67.42314147949219,67.42314147949219,67.80920789836675,66.44312730484566,67.62112154726435,12912800,2023-10-04
68.3536605834961,68.3536605834961,68.83871700907851,67.65081401163854,67.91809539585594,14045000,2023-10-05
69.3700180053711,69.3700180053711,69.7369004743294,67.42654782870329,68.13055940557875,15113400,2023-10-06
68.8940658569336,68.8940658569336,69.36009590684031,68.00165420754564,69.02296681987957,8588700,2023-10-09
68.4875259399414,68.4875259399414,69.51875643066745,68.3090435941416,68.90398222512256,9007600,2023-10-10
69.61790466308594,69.61790466308594,69.67739625073247,68.34870035959715,69.13203904551229,11165300,2023-10-11
69.16178894042969,69.16178894042969,70.12361001137204,68.71558687651337,69.79639112980415,11408700,2023-10-12
68.62635040283203,68.62635040283203,69.4691808304948,68.50735964072858,69.28078824681738,10287900,2023-10-13
68.49744415283203,68.49744415283203,69.43942969398364,67.56536883396885,68.42803477153723,11294100,2023-10-16
68.4181137084961,68.4181137084961,69.04279811024088,67.04975415774591,67.49595622112722,11843000,2023-10-17
68.55693054199219,68.55693054199219,68.9634765766079,67.40671694427954,67.43646273899687,11201000,2023-10-18
66.96050262451172,66.96050262451172,69.19152785224118,66.61345576876461,69.09237268846402,18111000,2023-10-19
66.65312957763672,66.65312957763672,67.94216203469695,66.57380240841772,66.99025869923463,11506100,2023-10-20
66.31598663330078,66.31598663330078,67.58519852587425,65.67147424811552,66.25649504452787,9762000,2023-10-23
67.4959487915039,67.4959487915039,67.7735862728295,66.56387361986454,66.72252793208145,8450700,2023-10-24
65.93920135498047,65.93920135498047,68.6164290606643,65.34426270539022,67.91241744272604,11924300,2023-10-25
63.985816955566406,63.985816955566406,66.8712805412793,63.34130067854846,65.88962376971705,16697900,2023-10-26
65.09636688232422,65.09636688232422,65.7111335034305,64.33285615184364,64.37251973466581,9980300,2023-10-27
65.51282501220703,65.51282501220703,66.98034735802392,64.62041328603831,65.80038032203112,10667700,2023-10-30
66.30608367919922,66.30608367919922,66.50439404021395,64.70966030834794,65.52274489259692,8268400,2023-10-31
68.81473541259766,68.81473541259766,69.07254489124354,66.43497364945704,66.43497364945704,16777500,2023-11-01
69.84596252441406,69.84596252441406,70.430983260893,69.16177906339979,69.72697179400392,11926000,2023-11-02
71.96792602539062,71.96792602539062,72.57278242789405,70.54998508321854,70.69872162835225,14457900,2023-11-03
72.3050537109375,72.3050537109375,72.37446308862684,71.4126420227497,71.96792460931921,10073900,2023-11-06
72.18606567382812,72.18606567382812,72.51327696660907,71.10525393387204,71.86876460215423,8248400,2023-11-07
71.67046356201172,71.67046356201172,72.16624707593273,71.11518844723814,72.00760028530716,9917600,2023-11-08
72.9495849609375,72.9495849609375,75.45824829744653,72.8801755725183,72.92975694927028,22435900,2023-11-09
74.72447204589844,74.72447204589844,75.17067406430772,72.94956662802238,73.81223243734158,12306000,2023-11-10
74.14936828613281,74.14936828613281,74.56582455006698,72.77109096140683,73.52468389023157,9116000,2023-11-13
76.51921081542969,76.51921081542969,76.79684831872694,75.26984205059199,75.35907943448558,12972700,2023-11-14
76.48946380615234,76.48946380615234,76.84642846616728,75.6664615308371,76.84642846616728,9954000,2023-11-15
76.02342987060547,76.02342987060547,76.82660417704227,75.8350373101293,76.2415757917351,12989000,2023-11-16
76.90592193603516,76.90592193603516,77.2827221780776,75.82511770819784,75.95401867439124,9376900,2023-11-17
77.95699310302734,77.95699310302734,78.24454841442193,76.47955296189083,76.68778110495826,11424100,2023-11-20
76.0630874633789,76.0630874633789,77.27280015616076,75.66645923483587,77.1934729974413,12016700,2023-11-21
76.44979858398438,76.44979858398438,77.78841224776914,76.20190688457777,76.54895375073615,8579500,2023-11-22
76.22174072265625,76.22174072265625,76.360559465961,75.72595733512381,76.0333406145766,4349600,2023-11-24
76.8563461303711,76.8563461303711,77.62976703748892,76.01351584864153,76.22174397247676,11005600,2023-11-27
75.47807312011719,75.47807312011719,75.5970563032798,73.36603083832225,74.44684266406355,19225700,2023-11-28
76.04327392578125,76.04327392578125,78.35361923392877,75.73588301851642,76.796859381846,14062900,2023-11-29
75.47807312011719,75.47807312011719,76.35064924521417,74.33776970279457,76.17216690541537,21701600,2023-11-30
75.2896728515625,75.2896728515625,75.89452924834947,74.4567527457186,75.36900001689142,14354700,2023-12-01
73.66349792480469,73.66349792480469,74.96244800220065,72.71159471178312,74.78396567694321,11659300,2023-12-04
73.06856536865234,73.06856536865234,73.3462028829741,72.42404538751688,72.85041944595528,8800500,2023-12-05
72.51327514648438,72.51327514648438,74.76413595018776,72.31496481856125,74.6649807862262,8883900,2023-12-06
73.02890014648438,73.02890014648438,73.58417516266273,72.37446239308443,73.39577504000734,10641300,2023-12-07
74.32785034179688,74.32785034179688,74.71456080899571,72.81075426816223,72.86033563679992,12007100,2023-12-08
77.13397979736328,77.13397979736328,77.84790908079522,76.32089535013337,76.53904124952136,18547600,2023-12-11
77.5008544921875,77.5008544921875,77.60000964609209,76.44978867864955,76.76708971017624,10262100,2023-12-12
79.11711120605469,79.11711120605469,79.5930590055082,77.37195162293276,77.6396788795475,11629900,2023-12-13
81.49689483642578,81.49689483642578,81.70512300037083,80.10869951173616,80.1285275232784,17342800,2023-12-14
80.72345733642578,80.72345733642578,82.29012714102224,80.42598426849813,82.19097197339781,19547800,2023-12-15
80.8721923828125,80.8721923828125,81.16966547309501,80.12851722216116,80.90193817882977,12416600,2023-12-18
81.47703552246094,81.47703552246094,81.57619068139626,80.48546880300039,80.98125216273066,14316400,2023-12-19
78.0263900756836,78.0263900756836,80.93168095941117,77.96689092637267,80.7730266479873,29085000,2023-12-20
84.75914001464844,84.75914001464844,85.2945794712332,82.40912379162785,84.2831845848393,53969700,2023-12-21
85.76061248779297,85.76061248779297,86.75217931177271,84.89795419256546,85.42348339886601,22531800,2023-12-22
86.3258056640625,86.3258056640625,87.1289799393443,85.70112128555847,85.96884100061604,11203900,2023-12-26
85.92918395996094,85.92918395996094,86.75217866831844,85.49289213982846,86.74226844699137,9186300,2023-12-27
85.27474212646484,85.27474212646484,86.01841720314913,85.11608781221291,86.01841720314913,9606200,2023-12-28
84.7336196899414,84.7336196899414,85.52793838278556,84.42582479467691,85.23006697917289,8549200,2023-12-29
81.75494384765625,81.75494384765625,83.48258603511138,81.16913962589466,83.40315264312112,13597100,2024-01-02
81.67550659179688,81.67550659179688,82.00315603129377,80.00744346954745,80.62303323329274,12915600,2024-01-03
82.12230682373047,82.12230682373047,83.66129639697628,82.02301888436911,82.87690879820838,19134200,2024-01-04
82.85704040527344,82.85704040527344,82.93647378083492,80.43438305211734,80.9010446645615,15483700,2024-01-05
84.34638214111328,84.34638214111328,84.90240819507352,83.23434518356007,83.29391642766224,16219800,2024-01-08
82.73790740966797,82.73790740966797,83.59179735696193,82.31096243602099,82.5393239479807,12138700,2024-01-09
81.7946548461914,81.7946548461914,82.43010678748041,81.07977709362979,82.37053553522978,10748600,2024-01-10
82.79747009277344,82.79747009277344,82.85704133752299,81.2386260619626,82.21166598557963,10579300,2024-01-11
81.80457305908203,81.80457305908203,82.45988703160612,81.12940453065576,82.16201566678909,10187500,2024-01-12
84.0088119506836,84.0088119506836,84.6144782572095,81.74501349522885,81.95352045031709,13713500,2024-01-16
82.6882553100586,82.6882553100586,83.37335496034518,82.04287235002468,83.0953457037605,10245400,2024-01-17
84.21731567382812,84.21731567382812,85.21021022672645,83.44285913459692,84.61447501002431,15077700,2024-01-18
86.88819122314453,86.88819122314453,87.16620044362108,85.01162140974476,85.44848979541513,18156800,2024-01-19
88.60591125488281,88.60591125488281,89.31086550606813,87.38465514902114,87.64280228876704,14371200,2024-01-22
86.9080581665039,86.9080581665039,88.54633567805143,86.2626751982962,88.3676143572429,16850900,2024-01-23
87.45415496826172,87.45415496826172,87.94067118330918,85.994598747935,87.78181199225024,19752800,2024-01-24
88.56619262695312,88.56619262695312,89.4002280049717,87.87116945792465,88.51655244355646,15892400,2024-01-25
87.42436981201172,87.42436981201172,87.87116933789335,85.67687324989012,86.62012006016663,14934500,2024-01-26
88.43710327148438,88.43710327148438,88.93355046792813,87.39456112887925,87.8711537705458,12108100,2024-01-29
85.54779815673828,85.54779815673828,88.15910809900005,85.1506388212713,87.45415387675868,12980400,2024-01-30
85.14070892333984,85.14070892333984,86.3023937459989,84.18753105024645,84.35632130820181,11396700,2024-01-31
85.00170135498047,85.00170135498047,85.57758200066628,84.01873789091957,85.45843192995001,10459000,2024-02-01
85.86552429199219,85.86552429199219,85.9945978568391,84.33646577107457,84.46553933592149,10450000,2024-02-02
86.36198425292969,86.36198425292969,86.60027685964006,85.0017157882199,86.12368407103392,8409300,2024-02-05
83.99887084960938,83.99887084960938,86.57047147220881,83.12512644096759,86.2130288561318,12990300,2024-02-06
84.56483459472656,84.56483459472656,84.67405361104316,81.88402209921075,83.5421543284756,16374800,2024-02-07
84.2768783569336,84.2768783569336,85.41870849174644,83.92936681377755,84.90240670979797,12524500,2024-02-08
84.95205688476562,84.95205688476562,85.01163571002063,83.36342708967956,84.4556096003522,12161500,2024-02-09
85.09105682373047,85.09105682373047,86.2924658518889,84.78326194843486,84.92226657438668,10366000,2024-02-12
80.95069122314453,80.95069122314453,82.95634245064021,80.1960892462027,81.88401452159407,21207900,2024-02-13
81.2485580444336,81.2485580444336,82.58896409270645,80.91096997828227,81.596069601366,12870900,2024-02-14
81.04998779296875,81.04998779296875,82.12231583619554,80.93084528273357,81.655654137281,11527600,2024-02-15
78.93511962890625,78.93511962890625,80.76204203202758,78.68689598227446,80.3847448162137,15553100,2024-02-16
80.13652038574219,80.13652038574219,80.19609163629208,78.58760726996933,78.76632859680346,12627200,2024-02-20
80.91098022460938,80.91098022460938,80.92091129183189,79.37199811324982,80.2159570227289,9913300,2024-02-21
85.2995834350586,85.2995834350586,85.69673523685431,83.28400092253861,84.39604566304773,17510900,2024-02-22
85.38892364501953,85.38892364501953,86.20309680002285,84.44567693715379,85.9350186286367,10232800,2024-02-23
88.8243408203125,88.8243408203125,91.6938053115231,88.26832232587785,89.04277882175008,28920100,2024-02-26
91.1973648071289,91.1973648071289,92.09097143582882,89.84702758491224,91.2370814989805,21422700,2024-02-27
89.07257080078125,89.07257080078125,90.14489875244034,88.66548796693075,89.81724172690267,14190700,2024-02-28
89.9661865234375,89.9661865234375,90.18462456254838,88.18890415770866,90.00590321920176,17027000,2024-02-29
94.47392272949219,94.47392272949219,95.37745287663007,91.26686983758078,91.26686983758078,23446200,2024-03-01
95.08951568603516,95.08951568603516,96.6880766514608,93.94769291803246,96.24127709660625,20913200,2024-03-04
93.79874420166016,93.79874420166016,94.6923507626445,92.61719732795953,93.58030620062134,12887500,2024-03-05
94.88099670410156,94.88099670410156,95.74481765261503,93.88810219669092,94.37462595945456,14232400,2024-03-06
98.27671813964844,98.27671813964844,98.98167244898005,96.77744506125252,98.22707037588748,24843300,2024-03-07
96.9263687133789,96.9263687133789,101.12630841843924,96.62849731825816,99.17030494260075,22379000,2024-03-08
93.83846282958984,93.83846282958984,95.77460410574469,92.8654228708146,95.2185856008354,15673300,2024-03-11
96.72779083251953,96.72779083251953,96.80722421915392,92.97465042866803,94.65264473919247,14993700,2024-03-12
93.49095916748047,93.49095916748047,94.66256752324547,92.43848574040679,94.64271296432769,16732600,2024-03-13
90.78034973144531,90.78034973144531,92.78599340531429,89.6583816080891,92.63706528177732,16718900,2024-03-14
92.5874252319336,92.5874252319336,94.02711943066717,91.3661614909672,91.82289969178613,29579500,2024-03-15
93.11363983154297,93.11363983154297,96.39019452981627,93.02428296758922,96.13203985308854,23140300,2024-03-18
93.33208465576172,93.33208465576172,93.49095141466836,90.35340110291826,91.9221762587933,21054700,2024-03-19
95.56609344482422,95.56609344482422,95.99303837309157,92.92499049898818,94.31504428231327,39807400,2024-03-20
109.06947326660156,109.06947326660156,112.69354017037755,108.00707631866355,112.56446659592736,89554100,2024-03-21
109.4269027709961,109.4269027709961,110.54887083749145,106.28936006614965,108.53329619914037,37281400,2024-03-22
116.29774475097656,116.29774475097656,120.54734011102437,109.3772755747998,109.4567013876947,55766100,2024-03-25
117.95587921142578,117.95587921142578,121.58986943751292,117.33035077749751,118.15445509748221,44295100,2024-03-26
118.40267944335938,118.40267944335938,119.25656939378746,116.2481000086398,118.45232720275953,29320700,2024-03-27
117.16532897949219,117.16532897949219,118.89463106777494,116.6286474522672,118.70580415481369,21047800,2024-03-28
123.53594207763672,123.53594207763672,126.59700383108907,118.26851766944407,118.46728525437697,44309400,2024-04-01
121.99546813964844,121.99546813964844,122.91975182681695,120.17671514513984,121.95571310571138,25026400,2024-04-02
127.22311401367188,127.22311401367188,127.49145856342219,120.58418341238958,121.4488306488159,40130100,2024-04-03
123.32721710205078,123.32721710205078,129.73756602153526,122.88992693115748,129.37977832921553,36009900,2024-04-04
122.82035064697266,122.82035064697266,124.91738099969095,120.45497574879003,123.63530977107433,23326500,2024-04-05
122.19422912597656,122.19422912597656,128.90273719489144,121.85632272951126,128.26667185125334,27955800,2024-04-08
121.87619018554688,121.87619018554688,125.36461632505718,120.5245495042123,124.12230007989648,19212900,2024-04-09
121.44883728027344,121.44883728027344,123.71482855885282,119.19279423759393,119.26236364642114,22242300,2024-04-10
126.7261962890625,126.7261962890625,126.77588438883365,121.32957427514243,122.14453341985521,21745300,2024-04-11
121.76687622070312,121.76687622070312,125.21554762703684,121.08112275050081,124.48009846975587,24808200,2024-04-12
120.62393951416016,120.62393951416016,124.0129742499718,119.86860912249236,122.87004180076977,17732600,2024-04-15
121.02147674560547,121.02147674560547,121.79668845664435,117.63244195088944,118.79524814370276,17452400,2024-04-16
115.61491394042969,115.61491394042969,123.6551805583395,115.4857082058675,121.26993199387745,25546500,2024-04-17
111.2419662475586,111.2419662475586,116.89699222638163,110.79473543194725,115.28694764168688,32146900,2024-04-18
106.11369323730469,106.11369323730469,110.19843012673216,105.07015202111728,108.98593570161405,33787500,2024-04-19
108.4492416381836,108.4492416381836,109.55241907019038,105.97454221908912,106.93858083827493,19820900,2024-04-22
111.76870727539062,111.76870727539062,112.19606436794601,108.24053368103496,109.0356115301519,17887500,2024-04-23
111.09288787841797,111.09288787841797,113.24954708321002,108.55856726076959,112.02711213113756,20505900,2024-04-24
110.89411926269531,110.89411926269531,112.36501745255642,107.40569311894232,108.69770504847948,18342800,2024-04-25
114.13407897949219,114.13407897949219,114.35272786054436,110.913997266943,111.31153999771995,20630700,2024-04-26
113.65702056884766,113.65702056884766,114.04462260115386,111.4208514982368,113.11039842969993,14419100,2024-04-29
112.26564025878906,112.26564025878906,115.56523210031962,112.23582588031844,113.47814219990822,14845600,2024-04-30
109.02566528320312,109.02566528320312,113.03089903002315,108.0815080162892,109.84062439666978,16686200,2024-05-01
111.6395034790039,111.6395034790039,111.71901353465039,108.75732841303707,111.05312629673142,15439200,2024-05-02
113.99493408203125,113.99493408203125,114.77014577782982,112.75261785366345,114.32290738611951,15564400,2024-05-03
119.39155578613281,119.39155578613281,120.62393894102377,117.29452539123372,119.04370875954928,22538700,2024-05-06
118.47721862792969,118.47721862792969,120.6636998403187,118.44740425027157,119.41144290120025,12508300,2024-05-07
118.58653259277344,118.58653259277344,119.72946499119092,117.49329587439436,117.57280592945733,10867900,2024-05-08
117.08580780029297,117.08580780029297,118.89461977619335,116.71808707984633,118.58652780338761,11524800,2024-05-09
120.49474334716797,120.49474334716797,121.10099432276199,118.44740846188155,119.30212270345682,13922400,2024-05-10
122.24391174316406,122.24391174316406,123.34708911427524,120.9022117893115,122.17434234059381,16643200,2024-05-13
124.04279327392578,124.04279327392578,124.27138280532954,120.92209539082903,122.23398107682833,13887700,2024-05-14
127.02435302734375,127.02435302734375,127.16349184460383,124.66892620480046,125.4540710064805,14265100,2024-05-15
127.1038589477539,127.1038589477539,129.33009511636837,126.26902607139593,127.14361397746094,15874700,2024-05-16
124.51983642578125,124.51983642578125,128.23684431808175,124.092479356005,127.57096466453389,13774700,2024-05-17
128.20704650878906,128.20704650878906,130.2146339638848,125.86155264823005,126.34853853124947,19123200,2024-05-20
126.71624755859375,126.71624755859375,128.02814069486718,122.52218701443545,123.43652988290232,15717800,2024-05-21
125.50375366210938,125.50375366210938,127.08398385027,124.47014564839033,127.0044737917155,11190100,2024-05-22
125.49382019042969,125.49382019042969,131.13890576839353,123.89372376981123,130.96001950015406,20747400,2024-05-23
128.69403076171875,128.69403076171875,129.59842546865923,125.82178860840496,127.03429048473542,14048900,2024-05-24
131.85447692871094,131.85447692871094,132.48060917739005,128.4753827629684,130.95006705061743,14143000,2024-05-28
130.7711639404297,130.7711639404297,132.2818245661938,129.10148321406064,129.2008745681866,11242500,2024-05-29
125.5136947631836,125.5136947631836,130.86062110887218,124.92731755737115,129.49904736812337,12639700,2024-05-30
124.23162078857422,124.23162078857422,126.5373593671103,120.26614957610192,125.57332077659154,24153800,2024-05-31
127.38214111328125,127.38214111328125,128.04802082398965,124.38070829714246,127.34239366465415,16134300,2024-06-03
125.86154174804688,125.86154174804688,127.07404360616633,124.64903988992742,126.56717645937123,12995500,2024-06-04
132.88809204101562,132.88809204101562,133.04709699650425,126.8653376714513,128.00827014430155,22301800,2024-06-05
129.2704620361328,129.2704620361328,133.30550263512924,128.385918341631,133.0172767837765,15505000,2024-06-06
130.1350860595703,130.1350860595703,131.72524141615196,128.82319310452522,129.40957777291112,12139500,2024-06-07
133.9912567138672,133.9912567138672,134.83602258905591,128.9126677330562,128.9126677330562,14652100,2024-06-10
134.23973083496094,134.23973083496094,135.014934955096,130.96994600067936,134.48819408282458,14125000,2024-06-11
139.8848114013672,139.8848114013672,140.83891696522764,135.9889094151745,137.65857519568846,16973600,2024-06-12
142.2601318359375,142.2601318359375,143.33349500153778,139.39783006100345,141.91227718565227,16312900,2024-06-13
140.49105834960938,140.49105834960938,141.61411707372577,138.79156307528248,140.9283560887341,14028500,2024-06-14
146.92129516601562,146.92129516601562,147.8356381333267,141.26626900194518,144.68512584971322,23909000,2024-06-17
152.5067596435547,152.5067596435547,156.57161530240552,150.57868214649716,150.80727928501096,42192600,2024-06-18
143.30368041992188,143.30368041992188,156.4424195696938,142.03154966951988,156.04486923207148,41285000,2024-06-20
138.6822509765625,138.6822509765625,141.7234541150892,134.8658588201688,136.8038692773223,49893500,2024-06-21
138.15548706054688,138.15548706054688,141.95201244222613,137.04237665816595,141.56441041532622,32410100,2024-06-24
140.25253295898438,140.25253295898438,140.26248119475397,136.9032531432328,139.20899942273678,31160600,2024-06-25
141.4849090576172,141.4849090576172,143.1844043046116,138.68223641011588,142.16072179630976,55490300,2024-06-26
131.4171905517578,131.4171905517578,136.54547616335577,130.27426555810473,134.95530514479998,68172700,2024-06-27
130.7214813232422,130.7214813232422,134.58756881112097,129.94627721158474,132.00356016059385,38140600,2024-06-28
130.71156311035156,130.71156311035156,131.26811841634236,126.48767988025193,129.6978287087285,24749000,2024-07-01
131.77496337890625,131.77496337890625,131.8942360490638,128.6244512425348,129.11144466361168,20776000,2024-07-02
135.97897338867188,135.97897338867188,135.97897338867188,131.61594420361135,131.84454131013612,14507100,2024-07-03
130.7910614013672,130.7910614013672,136.28706730066463,130.10530040216122,135.97897529580246,30104600,2024-07-05
130.00025939941406,130.00025939941406,132.56664474659047,129.40341995002134,130.5970836705491,20500700,2024-07-08
130.44786071777344,130.44786071777344,134.49638710957632,130.18923842577274,131.05464182977013,21850900,2024-07-09
135.670166015625,135.670166015625,135.77958606940462,131.9996385131398,132.3975365170006,22460200,2024-07-10
129.5426788330078,129.5426788330078,135.70995395994638,129.38353480299733,135.64033129274006,25401500,2024-07-11
132.84515380859375,132.84515380859375,133.72049902972455,130.0300881407977,131.05465079996384,20726900,2024-07-12
130.17929077148438,130.17929077148438,134.63565720082843,129.3437277578285,133.2032547898433,20416000,2024-07-15
126.817138671875,126.817138671875,130.27877547232754,126.56845810713104,129.7316751942394,21312600,2024-07-16
118.86930847167969,118.86930847167969,122.38067678800515,118.60073680430747,121.93305481267531,31414100,2024-07-17
116.83010864257812,116.83010864257812,120.9979967069591,113.4878417498894,119.86401411006051,30404900,2024-07-18
113.6569595336914,113.6569595336914,116.59138695800667,113.24911979308409,116.07413475851705,18038900,2024-07-19
114.67157745361328,114.67157745361328,114.96999715824764,113.0402336036364,114.75115705339955,23837800,2024-07-22
113.64701843261719,113.64701843261719,115.72598431739932,113.2292369039713,114.5223712910841,14707700,2024-07-23
109.6979751586914,109.6979751586914,113.43813317013917,109.41945412608564,110.88169713639488,25261000,2024-07-24
106.88289642333984,106.88289642333984,110.11574354517997,104.48561988856807,106.23633307027426,29068400,2024-07-25
108.83256530761719,108.83256530761719,110.046120081009,107.2111631787197,109.41944779391194,18547900,2024-07-26
107.2807846069336,107.2807846069336,110.44400141376003,106.57453277633475,109.95658967500576,13517700,2024-07-29
102.01871490478516,102.01871490478516,108.6734094058475,101.63077382158794,108.42472883512472,23915100,2024-07-30
109.24038696289062,109.24038696289062,110.75236130210286,107.18131240175383,109.270227413336,26503600,2024-07-31
100.97425842285156,100.97425842285156,107.2907432363394,99.42248654148051,106.6143317980824,31643700,2024-08-01
92.21075439453125,92.21075439453125,97.1744241475564,90.58935977374604,96.64722254155815,36039400,2024-08-02
89.94277954101562,89.94277954101562,91.76312298918367,84.46186568084747,87.16750369113518,36977600,2024-08-05
88.53028106689453,88.53028106689453,90.380465076097,86.69004640523985,88.72922248307883,26460000,2024-08-06
86.3418960571289,86.3418960571289,93.08611183233396,86.12305594350514,92.88716282489024,29483800,2024-08-07
91.58406829833984,91.58406829833984,92.35995036320926,87.56538989061295,88.01301941281837,24760700,2024-08-08
92.58875274658203,92.58875274658203,94.03109703410979,90.96735055382771,91.30556007940294,21627200,2024-08-09
94.14051818847656,94.14051818847656,96.02054273480881,92.14112423364759,92.6086449305153,18886600,2024-08-12
96.92574310302734,96.92574310302734,97.26394504141679,94.40909690445442,96.11007112259111,23565500,2024-08-13
99.88005828857422,99.88005828857422,101.41192377580755,97.55240442816377,100.46694073523624,22459000,2024-08-14
106.38554382324219,106.38554382324219,107.47974439239255,102.20771332165799,102.96370437239952,29128000,2024-08-15
107.42005157470703,107.42005157470703,108.8922438154468,104.79398549263358,106.26617773337335,18383300,2024-08-16
108.05667114257812,108.05667114257812,108.14620008799245,104.20710103971085,106.68395722229351,15744600,2024-08-19
107.42005157470703,107.42005157470703,108.61372280509482,105.59971566015564,107.75826107951183,16075500,2024-08-20
107.75826263427734,107.75826263427734,107.82789288787,105.64944874255555,107.58916167399929,13658900,2024-08-21
103.7097396850586,103.7097396850586,110.41416525197967,103.41131998656414,108.37498168689994,17967000,2024-08-22
102.30718231201172,102.30718231201172,103.85895418894917,99.78058687600966,102.49618196880381,25465100,2024-08-23
98.38797760009766,98.38797760009766,101.65066524014911,97.09483568926174,100.13868322848299,26752300,2024-08-26
97.34352111816406,97.34352111816406,97.97019341082691,96.15979919845009,96.57758072689198,17234600,2024-08-27
94.3593521118164,94.3593521118164,97.16446851964928,92.21074843477247,96.84615770702742,25564300,2024-08-28
95.06560516357422,95.06560516357422,97.4628894297294,94.48866443697315,96.05037806647707,18984300,2024-08-29
95.73206329345703,95.73206329345703,97.8906162552713,94.48866053189202,96.40847469931352,18819400,2024-08-30
88.11249542236328,88.11249542236328,93.38451859619676,87.84391617502247,93.13583804302174,28897200,2024-09-03
88.81874084472656,88.81874084472656,90.25114315570912,87.34654873742477,87.89364895040495,16356500,2024-09-04
88.918212890625,88.918212890625,90.22129648606719,87.29681850892489,87.63502039908053,13890700,2024-09-05
85.92410278320312,85.92410278320312,89.1768486982573,84.81001875187842,88.89832769042613,23587100,2024-09-06
85.8146743774414,85.8146743774414,87.49575719707327,84.56132996421682,87.38633715620212,20526400,2024-09-09
86.39163208007812,86.39163208007812,86.72984161563981,84.422086133976,86.51100149071091,17019000,2024-09-10
90.17156982421875,90.17156982421875,90.3506201255241,85.62568962960168,87.73449585705553,20879600,2024-09-11
86.74971771240234,86.74971771240234,87.56538957110004,83.67602991446158,86.64029766887101,30900000,2024-09-12
90.73856353759766,90.73856353759766,90.98724409647546,87.40624556646061,87.62507808340524,21267200,2024-09-13
86.71989440917969,86.71989440917969,87.77429766719139,85.46654212853328,86.77957532140549,26494300,2024-09-16
88.26170349121094,88.26170349121094,89.09726649023806,87.07798165346114,87.595233854412,17744800,2024-09-17
86.88899230957031,86.88899230957031,88.7292270662801,86.25237063794238,87.52561398119825,20130600,2024-09-18
88.77896118164062,88.77896118164062,89.91294394422542,87.11777683862431,88.87843188922852,25208900,2024-09-19
90.42024993896484,90.42024993896484,90.48988018973942,87.86381417605772,87.9334444268323,28711000,2024-09-20
93.07615661621094,93.07615661621094,94.29966827017913,92.09138375612271,92.1908544590086,23394100,2024-09-23
93.50389099121094,93.50389099121094,94.49861323579829,92.27043753287859,94.23004156897622,23043200,2024-09-24
95.2645492553711,95.2645492553711,95.67238903226357,93.43426390604635,93.6630533692763,54762900,2024-09-25
109.3000717163086,109.3000717163086,114.1941106683024,106.9624760831174,112.50307838855808,107965900,2024-09-26
106.93264770507812,106.93264770507812,110.38433531502825,106.46512700782786,109.91681461777799,42960200,2024-09-27
103.16265106201172,103.16265106201172,106.18660783035862,101.72030673134932,105.52014569628037,39544700,2024-09-30
99.78057861328125,99.78057861328125,103.65004725400877,98.41781409511357,102.85427407013687,34309800,2024-10-01
99.32300567626953,99.32300567626953,101.58102921842541,98.80575349479543,100.0590979461423,26334900,2024-10-02
101.28262329101562,101.28262329101562,101.98887520640692,98.87539716997003,98.94502742672329,22176700,2024-10-03
101.7103500366211,101.7103500366211,103.68984518866147,100.86483764216193,103.10296270409246,21911200,2024-10-04
102.48212432861328,102.48212432861328,104.15513192888378,100.3908496329291,101.73524267948979,21749300,2024-10-07
102.1136703491211,102.1136703491211,102.5120087886379,100.83899342080632,101.75516651332333,18858300,2024-10-08
101.27715301513672,101.27715301513672,101.8647038889552,99.90289345575827,101.82486928753757,18442700,2024-10-09
105.25057220458984,105.25057220458984,106.1368712192404,100.43069165522887,100.9485338915907,27605600,2024-10-10
106.47544860839844,106.47544860839844,107.20241677381426,104.55347281502789,104.60326796522317,19133900,2024-10-11
107.8895492553711,107.8895492553711,108.25801363511395,106.35595882604358,107.3617540611946,15021900,2024-10-14
103.88626861572266,103.88626861572266,109.03477149238145,102.28296190207475,107.41155127567481,23419100,2024-10-15
108.78581237792969,108.78581237792969,109.17419027301817,105.17090750915453,105.5791989075692,20450900,2024-10-16
111.58412170410156,111.58412170410156,113.66542825811023,110.54844490294185,110.87706705516693,26584800,2024-10-17
110.6878662109375,110.6878662109375,112.43059012645666,109.40322881291972,111.28537003386656,16700400,2024-10-18
108.62647247314453,108.62647247314453,110.67790503949072,107.2422523786932,110.63807043849611,14829400,2024-10-21
107.37171173095703,107.37171173095703,108.06879827104184,105.92774349892132,107.78996365500791,13758100,2024-10-22
104.61323547363281,104.61323547363281,106.65470760699293,103.10951149025189,106.11695185934002,15174700,2024-10-23
106.4057388305664,106.4057388305664,107.08291183861998,105.11114851359582,106.3360301796347,13206300,2024-10-24
107.46134185791016,107.46134185791016,109.42314472686732,107.2721293973701,107.8895467356823,12265000,2024-10-25
105.94766235351562,105.94766235351562,107.73022099341375,105.87795369598548,106.33604024513699,12381000,2024-10-28
107.73020935058594,107.73020935058594,108.29783909989224,105.16093465470558,106.14681630399065,15164600,2024-10-29
103.64726257324219,103.64726257324219,106.35595469240046,103.20908955465089,105.81819896894933,14321800,2024-10-30
99.23567962646484,99.23567962646484,102.06386790957347,98.65808931027846,101.77507275148028,19830300,2024-10-31
99.31534576416016,99.31534576416016,100.19168416336709,98.95684196501345,99.58421981468368,13623400,2024-11-01
101.30703735351562,101.30703735351562,103.35846999609977,100.58006915427568,101.0779902887028,15765800,2024-11-04
105.05140686035156,105.05140686035156,105.18087122772984,101.36679322244244,101.57591920319872,12071900,2024-11-05
111.36504364013672,111.36504364013672,111.85300422842953,106.55512361965815,107.92938322650619,20304500,2024-11-06
112.9384765625,112.9384765625,113.3866025491957,110.90695740064373,112.09200454680466,13569800,2024-11-07
111.43475341796875,111.43475341796875,113.82477642594175,110.11028135301753,111.67375343946394,13045700,2024-11-08
108.19825744628906,108.19825744628906,111.04636676970823,106.32606923226149,110.4886899666685,14479700,2024-11-11
103.66717529296875,103.66717529296875,104.65305697968726,101.64561676864085,104.56343482529162,21859700,2024-11-12
99.50455474853516,99.50455474853516,102.91033338422245,99.40497204411868,102.37258526083885,18416200,2024-11-13
98.76763153076172,98.76763153076172,101.86470143798593,98.15020662015422,100.868859219526,18459700,2024-11-14
95.93943786621094,95.93943786621094,97.79170504257738,95.24235133647016,97.14441366396382,18518300,2024-11-15
97.10458374023438,97.10458374023438,97.66225299089055,95.1328126647842,96.1485760543922,14236400,2024-11-18
97.32366943359375,97.32366943359375,97.77179542082918,96.10874063553935,96.59670122572273,14160300,2024-11-19
97.96100616455078,97.96100616455078,98.12033697586996,96.1286524495024,97.57262828972299,10490600,2024-11-20
102.33274841308594,102.33274841308594,102.86054357281284,97.65228543152597,99.68380446725321,18915200,2024-11-21
102.21324920654297,102.21324920654297,103.27880012342092,101.22736749409991,101.93441458869431,12063700,2024-11-22
104.04560089111328,104.04560089111328,105.95761617422242,103.37838081407475,103.41821541551536,22837900,2024-11-25
101.37673950195312,101.37673950195312,104.28459691693615,99.89292914626803,103.56758931375172,19275700,2024-11-26
97.79170989990234,97.79170989990234,100.61990595605603,96.23819835778934,100.52032324652868,17046400,2024-11-27
97.54273986816406,97.54273986816406,97.79170041667666,95.70043332870549,96.83569282210907,13729400,2024-11-29
98.14026641845703,98.14026641845703,99.67385694817355,97.12450296896523,97.1942116294069,16525600,2024-12-02
99.42488861083984,99.42488861083984,103.24892687923483,99.21576264581665,100.69957309875389,23479700,2024-12-03
102.77091217041016,102.77091217041016,102.98004571870732,99.38505476296497,100.35101531651259,16306200,2024-12-04
100.45061492919922,100.45061492919922,103.81655914769826,100.19169380541507,103.4480947637621,13448900,2024-12-05
100.74935913085938,100.74935913085938,101.76512248581733,99.61409956779352,100.46056396514284,12381000,2024-12-06
102.39250183105469,102.39250183105469,104.06551714747607,99.9526913102072,100.23152592999851,14141900,2024-12-09
97.69212341308594,97.69212341308594,104.56343647222391,96.86557252038769,104.52360187041845,23548500,2024-12-10
101.63565063476562,101.63565063476562,102.23316202193405,97.89128950183478,99.08629708082583,15248400,2024-12-11
97.83153533935547,97.83153533935547,101.5559906277325,97.35353533932906,100.97840032983363,19334900,2024-12-12
102.07383728027344,102.07383728027344,102.77092386165452,99.25560170558121,100.35102673246888,23926000,2024-12-13
107.80987548828125,107.80987548828125,110.66793765464445,104.10534139899138,105.17089221734753,42741200,2024-12-16
108.1484603881836,108.1484603881836,110.0306015207527,107.2322873962006,109.2936804269988,35811500,2024-12-17
103.46800994873047,103.46800994873047,111.57416515048017,102.30287635482694,109.79160663444502,63024300,2024-12-18
86.72789764404297,86.72789764404297,90.62164447668255,84.25821312618872,89.70547143288738,91396800,2024-12-19
89.74530029296875,89.74530029296875,89.87475704163379,83.19265690350011,85.05488452140867,49578400,2024-12-20
89.34696197509766,89.34696197509766,90.72122145402444,88.03245059596289,89.62579657102428,26041500,2024-12-23
88.9087905883789,88.9087905883789,89.32704248982182,87.86316083477163,89.20754628807987,13021300,2024-12-24
89.44654846191406,89.44654846191406,90.25317823395761,87.73369861705886,88.13203702711154,14468200,2024-12-26
88.2614974975586,88.2614974975586,89.11792245604539,87.2158676745272,88.62996187196407,19422600,2024-12-27
85.065673828125,85.065673828125,86.80069602923312,84.33776877324426,86.7408626932176,22022900,2024-12-30
83.9189682006836,83.9189682006836,86.15255067834104,83.84916137844871,85.19530104505928,18691500,2024-12-31
87.07989501953125,87.07989501953125,87.3989782583646,84.49730863635818,84.73662677114156,18860000,2025-01-02
89.61262512207031,89.61262512207031,89.94167425728861,87.25938328920151,87.69811800534083,17484600,2025-01-03
98.9757308959961,98.9757308959961,101.22925299272167,95.2065576750102,95.29629627191717,42903300,2025-01-06
101.6181411743164,101.6181411743164,106.43430264049363,100.87028911718735,103.1138452885745,53570000,2025-01-07
99.12529754638672,99.12529754638672,103.18364093136867,98.01847593161489,102.525527492296,33516900,2025-01-08
99.05548858642578,99.05548858642578,100.49136688980292,96.59256900708317,97.83898903222469,20512600,2025-01-10
94.78775024414062,94.78775024414062,95.7250605632365,92.61399335621535,95.56551514400982,22699100,2025-01-13
97.08116149902344,97.08116149902344,97.13102134200528,95.10682887311916,96.77205177365904,18613400,2025-01-14
102.89447021484375,102.89447021484375,103.63234875298912,99.0654638722859,99.15521007164566,27568100,2025-01-15
102.30615997314453,102.30615997314453,104.49986390695233,101.57825489719893,104.02123524269868,16243800,2025-01-16
105.44713592529297,105.44713592529297,105.57676087140247,102.2064438046575,104.34031431548777,18908900,2025-01-17
109.06673431396484,109.06673431396484,109.92427189336107,104.92862594791903,105.12805010741134,23533600,2025-01-21
108.91717529296875,108.91717529296875,110.35304604771308,107.4513840660564,108.85734195617712,20004300,2025-01-22
104.53974151611328,104.53974151611328,105.87590780058241,103.05401090776783,104.48988927733599,22677600,2025-01-23
102.89447021484375,102.89447021484375,105.41722317424765,102.42581505968917,105.19785202863962,19743800,2025-01-24
90.84906768798828,90.84906768798828,95.82477453302818,88.10694350328508,94.58832793985627,50696200,2025-01-27
87.99725341796875,87.99725341796875,93.18235765850282,87.78785576749983,92.34476705662716,34793600,2025-01-28
88.75508117675781,88.75508117675781,90.1909519032701,87.5086611249849,89.62258466396342,25342800,2025-01-29
92.2350845336914,92.2350845336914,92.89319797766119,90.04138826888081,90.40035785512899,22497100,2025-01-30
90.97869110107422,90.97869110107422,94.00001211633638,90.87897901755109,91.38752053332665,20492100,2025-01-31
89.6624755859375,89.6624755859375,91.13824034973165,87.76791548922482,88.39611609614727,18607900,2025-02-03
90.40035247802734,90.40035247802734,91.18808321525353,88.54567892857764,88.79496292600321,12827500,2025-02-04
93.3319320678711,93.3319320678711,93.38179191301988,89.96161498252609,90.13112628396114,15660000,2025-02-05
94.26924133300781,94.26924133300781,96.33331261395686,93.31199165565187,94.60826393210412,16141100,2025-02-06
92.03565979003906,92.03565979003906,95.65526088655267,91.3276865050384,95.31623067609024,15602800,2025-02-07
95.65526580810547,95.65526580810547,95.98432254495815,92.9031680583693,92.92311504047564,16217900,2025-02-10
93.81055450439453,93.81055450439453,95.56550834578006,93.29203953633771,93.98006579460612,12124000,2025-02-11
91.41743469238281,91.41743469238281,92.37468440134221,87.09983370753646,89.34338985253191,22874700,2025-02-12
95.38603973388672,95.38603973388672,95.79486156506091,91.75645745437457,91.79634380992354,16579900,2025-02-13
99.23497772216797,99.23497772216797,100.41159858175506,97.71933425250981,98.1281636902896,21284500,2025-02-14
106.48416137695312,106.48416137695312,107.57103603702588,101.75773855529494,102.3460451824805,29641900,2025-02-18
104.06111907958984,104.06111907958984,106.88301593484559,103.32324053062474,105.45711107502915,17875900,2025-02-19
102.8844985961914,102.8844985961914,104.54971398444798,102.04690035295309,103.6822104842713,14488000,2025-02-20
98.55692291259766,98.55692291259766,103.36312594671365,97.47004827653176,103.34317896561386,18650800,2025-02-21
95.13674926757812,95.13674926757812,100.41159200495301,95.00711671894626,99.93297098590227,14883700,2025-02-24
92.9530258178711,92.9530258178711,95.65526365917944,92.49434413781027,95.22649484406146,18608200,2025-02-25
97.43016815185547,97.43016815185547,99.43441385806226,95.22649826716467,95.72506632091947,21335200,2025-02-26
91.55703735351562,91.55703735351562,99.60392546022,91.22798061126969,97.55979339086223,22386300,2025-02-27
93.36184692382812,93.36184692382812,94.18947168267212,89.6126208010127,90.73938181449871,23359100,2025-02-28
90.28070068359375,90.28070068359375,95.92448688342606,89.13399268167518,95.53560442476024,20281800,2025-03-03
90.93880462646484,90.93880462646484,93.32195917498919,86.55141209686737,89.94166857745736,23611500,2025-03-04
94.06980895996094,94.06980895996094,94.77778223244823,90.17101105759168,91.88608623803727,14010300,2025-03-05
89.01433563232422,89.01433563232422,93.02282698449689,88.77502510023089,90.66958519753598,18708100,2025-03-06
92.69376373291016,92.69376373291016,93.07267268272062,89.23370051784403,90.0314123788119,19133900,2025-03-07
86.83061218261719,86.83061218261719,91.10832690386775,85.514392853582,89.33341828069707,21897900,2025-03-10
88.79496765136719,88.79496765136719,90.83909197451179,85.82349889660378,87.64825968067696,21962100,2025-03-11
95.36609649658203,95.36609649658203,96.71222871714754,91.97583221725594,92.20517686878091,23584700,2025-03-12
94.60826873779297,94.60826873779297,97.83899512146336,93.73079172419737,93.98007574474046,18824700,2025-03-13
100.5013427734375,100.5013427734375,102.48564137060418,98.46718433106015,98.46718433106015,24623600,2025-03-14
102.81470489501953,102.81470489501953,104.15086363059422,100.67086073733762,100.77057282681345,17095100,2025-03-17
101.42868041992188,101.42868041992188,103.01412309087547,100.00277556135465,101.60816521357175,18434100,2025-03-18
101.7677001953125,101.7677001953125,103.30329058548391,100.2021969416222,100.53125365541838,16633100,2025-03-19
102.70500946044922,102.70500946044922,104.39017175882603,101.05973351554486,101.28907814612545,29204400,2025-03-20
94.44872283935547,94.44872283935547,98.21789569026205,93.43163986233832,97.91875184818785,63239600,2025-03-21
96.6623764038086,96.6623764038086,98.13813357823078,95.05698666697388,95.82477812011257,35406600,2025-03-24
93.91027069091797,93.91027069091797,96.10396689243798,92.98293388778893,95.90454273140674,22191700,2025-03-25
91.86613464355469,91.86613464355469,96.36322002118717,90.70946086840793,95.72505360575234,27107200,2025-03-26
90.89892578125,90.89892578125,91.9459140670537,89.35336186393516,90.8291189546521,15658700,2025-03-27
88.18671417236328,88.18671417236328,90.6296944373281,87.34911593941767,90.21089912462743,17118000,2025-03-28
86.75395965576172,86.75395965576172,86.95364347784661,83.96832691821525,85.86535369781978,21089500,2025-03-31
88.57111358642578,88.57111358642578,88.75083208084413,86.11496590767477,88.39139509200741,15337100,2025-04-01
88.4612808227539,88.4612808227539,89.78920032047343,86.56425405707594,86.99358112711121,14520400,2025-04-02
74.2236099243164,74.2236099243164,83.2195060357071,74.09381619410055,82.79017893736237,44839500,2025-04-03
64.6186752319336,64.6186752319336,71.22830604846833,63.76002104325296,70.53939149611752,50737700,2025-04-04
68.2629623413086,68.2629623413086,72.34655536125294,61.443653593984266,63.839893857201304,50181800,2025-04-07
65.43739318847656,65.43739318847656,72.85576127771321,63.42055519108392,71.48790337192942,40822100,2025-04-08
77.74808502197266,77.74808502197266,78.43699953869087,63.60026840289438,66.0963504513576,63132600,2025-04-09
69.9403305053711,69.9403305053711,72.9356336085142,67.39431982071959,72.38649165929141,44882300,2025-04-10
69.44111633300781,69.44111633300781,70.0601407926685,66.72537351625756,68.93191265050463,30807800,2025-04-11
70.90880584716797,70.90880584716797,74.66292122403672,69.86045432556814,74.55309283356678,32634700,2025-04-14
70.92877197265625,70.92877197265625,72.68601843356942,70.43954130967069,71.00864854302708,19132700,2025-04-15
69.2214584350586,69.2214584350586,70.33970008231522,67.06483648543526,67.8236487585379,28475000,2025-04-16
68.6922836303711,68.6922836303711,70.36965357722164,66.89509882394219,70.32971529069553,20694100,2025-04-17
66.63550567626953,66.63550567626953,67.89353507675406,65.54721590273849,67.65391296819256,19826100,2025-04-21
70.1000747680664,70.1000747680664,70.28977973206545,67.33441497148065,67.43425688294612,20351200,2025-04-22
72.81581115722656,72.81581115722656,75.28194500738745,72.38648411913238,73.57462333053351,26385500,2025-04-23
77.29878234863281,77.29878234863281,77.46851435291799,73.48476359423165,74.45324609242829,23875600,2025-04-24
79.65509796142578,79.65509796142578,80.17428813311058,76.7796095324992,77.42859343838008,19746200,2025-04-25
78.43700408935547,78.43700408935547,79.48536325717667,76.79957228143756,78.64667439942973,16882400,2025-04-28
76.75962829589844,76.75962829589844,78.06758244376631,76.3502741830172,77.81797386208649,17098000,2025-04-29
76.82952117919922,76.82952117919922,77.02921262225168,73.38492567412817,73.50474053995966,19779300,2025-04-30
77.64823150634766,77.64823150634766,79.76491494682934,77.51843779072085,79.27568427682924,15349200,2025-05-01
80.59362030029297,80.59362030029297,81.54212986638835,78.97615394413566,79.45540577399875,18899700,2025-05-02
80.2940902709961,80.2940902709961,81.02295071335296,78.92624005817731,79.28567704105883,12513600,2025-05-05
80.38395690917969,80.38395690917969,81.092844429953,78.41703989223467,78.91625709988772,13173800,2025-05-06
82.49065399169922,82.49065399169922,82.74026259509252,80.07443692159005,80.86320102240688,14889700,2025-05-07
85.01668548583984,85.01668548583984,86.07502344755244,83.22948710500948,84.11809305728694,17580500,2025-05-08
85.72557830810547,85.72557830810547,86.13493245157925,84.54742540983098,85.43603141762402,13017600,2025-05-09
92.1455078125,92.1455078125,94.05251347517692,91.80603616971139,92.6646903269742,27765300,2025-05-12
96.77824401855469,96.77824401855469,97.25749586897034,92.40510420985451,92.40510420985451,28009100,2025-05-13
95.17076110839844,95.17076110839844,97.49711495182463,94.17232676709445,96.14923011455413,28044400,2025-05-14
95.30055236816406,95.30055236816406,95.46030551502085,92.02568903209297,93.8628121336995,24196100,2025-05-15
97.84656524658203,97.84656524658203,98.03627020862352,95.55016321932531,95.74985465764517,22609300,2025-05-16
98.49555206298828,98.49555206298828,98.86496790449166,95.55016610284262,95.56015257942236,14380100,2025-05-19
97.9464111328125,97.9464111328125,98.4755801353033,96.81818302594436,97.76669263975433,12331300,2025-05-20
95.68994140625,95.68994140625,98.66527902636076,95.11085529091714,97.00788201911264,15764300,2025-05-21
94.68153381347656,94.68153381347656,97.06779136547297,94.22225491408079,95.26062758041245,13245200,2025-05-22
93.22382354736328,93.22382354736328,93.69308132112026,90.78764115085887,92.11556074354037,16545000,2025-05-23
96.2291030883789,96.2291030883789,96.54860178623134,94.04253696954021,95.03098487579467,17612600,2025-05-27
96.02941131591797,96.02941131591797,97.05779742652469,95.45031759350572,96.54859380044155,10500300,2025-05-28
96.64844512939453,96.64844512939453,99.47400846299702,95.95952301167783,98.43563585710857,14628700,2025-05-29
94.31210327148438,94.31210327148438,96.45873854469889,92.07561256744769,95.88963129714428,23758200,2025-05-30
98.02628326416016,98.02628326416016,99.08462122112746,94.25220269860935,94.43192118351413,16850300,2025-06-02
102.08991241455078,102.08991241455078,102.7688480780937,96.80819378238374,98.20600339761323,22757600,2025-06-03
103.08834838867188,103.08834838867188,103.74731872724166,101.54077207290322,102.21970774713435,14595900,2025-06-04
106.12358856201172,106.12358856201172,108.85929656324282,105.3647763189328,106.13357503845278,28833700,2025-06-05
108.3900375366211,108.3900375366211,110.87614471182415,107.87085499306528,107.91079328371573,20710100,2025-06-06
110.77629089355469,110.77629089355469,112.35381903473086,108.41000629924018,109.33855057297555,20159700,2025-06-09
113.96129608154297,113.96129608154297,114.74007365562761,111.05585608457721,111.35538181906,22949400,2025-06-10
115.84833526611328,115.84833526611328,117.07641285614694,114.55037519441822,115.4190081951608,21614100,2025-06-11
115.99810791015625,115.99810791015625,116.29764127458876,113.34226877236767,113.93134902443164,17076500,2025-06-12
115.41900634765625,115.41900634765625,116.91665783387354,113.48204893868079,113.62182913466512,17453000,2025-06-13
119.6523666381836,119.6523666381836,120.77061583181641,117.13631547432155,117.62554616390177,21374100,2025-06-16
120.15158081054688,120.15158081054688,123.31662335201159,119.16313297981081,119.412741556483,20837700,2025-06-17
121.6292724609375,121.6292724609375,122.78745996568087,119.9918407329862,120.27140113276576,20180000,2025-06-18
123.40648651123047,123.40648651123047,123.96561493785553,120.19152662357283,122.5777841565958,29290400,2025-06-20
121.88887023925781,121.88887023925781,124.31506607343566,119.62241994388955,123.4763772379737,23399200,2025-06-23
127.7097396850586,127.7097396850586,127.8994446466472,124.76435382083069,124.91412049485066,26420600,2025-06-24
127.05077362060547,127.05077362060547,127.30038221318033,125.42332833929926,126.4117762330098,39407000,2025-06-25
125.80272674560547,125.80272674560547,129.6467050456808,123.59618776995505,129.327198744369,62678100,2025-06-26
124.5646743774414,124.5646743774414,127.34032071267208,123.19681654558718,124.94407669650072,36888600,2025-06-27
123.05703735351562,123.05703735351562,124.8841740973785,121.65922769781535,124.70445560425347,22799700,2025-06-30
120.70072937011719,120.70072937011719,123.79587436773315,118.8935656131199,122.15844262402794,24825800,2025-07-01
121.54940032958984,121.54940032958984,122.80742979205294,117.8751614750158,120.31134382066975,29303800,2025-07-02
122.0985336303711,122.0985336303711,123.4364319597654,121.63925475830516,122.13847191717456,13247900,2025-07-03
119.8449478149414,119.8449478149414,121.43395669915088,118.83558539988697,121.10416139540291,19148400,2025-07-07
124.34213256835938,124.34213256835938,125.3714867449016,121.87367714520752,122.3733642308781,26238200,2025-07-08
122.16349792480469,122.16349792480469,126.07105463790612,121.20409962463056,124.74188514537137,20464000,2025-07-09
123.03295135498047,123.03295135498047,124.2721731574098,121.94362957430577,124.20221727238443,15378400,2025-07-10
124.45206451416016,124.45206451416016,124.73188806259444,121.16412257081754,122.05356497460646,15820600,2025-07-11
118.5357666015625,118.5357666015625,120.36462309604092,116.94675776426533,120.30465546328094,32117700,2025-07-14
120.03482818603516,120.03482818603516,121.3140258612535,119.04544992545529,120.86431054952253,24958900,2025-07-15
116.35713195800781,116.35713195800781,119.01546321777867,114.73814309893108,118.95550320898236,30614800,2025-07-16
113.18911743164062,113.18911743164062,114.12852394016207,110.8805579794131,113.85869627671708,34702400,2025-07-17
114.31840515136719,114.31840515136719,114.7281522010101,113.20909926650398,114.16849750821441,19349900,2025-07-18
113.15914154052734,113.15914154052734,115.84745289486132,112.59948681605263,113.51890922999124,22189800,2025-07-21
109.15164947509766,109.15164947509766,112.92928266647965,108.06232765094607,112.78937089084475,27917600,2025-07-22
109.76126861572266,109.76126861572266,110.22097982606623,108.81185856479188,109.37151329337442,17810000,2025-07-23
111.66007995605469,111.66007995605469,112.65945413130952,110.1810028218448,110.99049346392285,20293100,2025-07-24
111.19036865234375,111.19036865234375,111.4302163104054,108.76188919368825,110.92053336548226,16372300,2025-07-25
111.18037414550781,111.18037414550781,111.92990475772471,109.79124468750206,111.65008121576955,12932300,2025-07-28
111.88993072509766,111.88993072509766,113.46894373749375,110.60073713583401,111.97987836485177,16653300,2025-07-29
114.6681900024414,114.6681900024414,114.81809765269743,112.33965398366118,112.52952989100697,16378800,2025-07-30
109.07169342041016,109.07169342041016,112.19973174495416,106.87307335438082,112.11978760817864,29224300,2025-07-31
104.81436157226562,104.81436157226562,106.43335049365196,103.31530029770715,105.423980433889,24003300,2025-08-01
107.70254516601562,107.70254516601562,107.81247692878551,105.39399339708656,105.95364046237376,14780600,2025-08-04
108.99174499511719,108.99174499511719,110.57075802021477,106.7631448565049,109.23160028664431,17836000,2025-08-05
108.71192169189453,108.71192169189453,108.89180934863636,106.68319333368494,107.83247516150108,13021900,2025-08-06
111.79998779296875,111.79998779296875,115.20784964575877,110.72066189179917,114.06856373606408,18986500,2025-08-07
118.81558990478516,118.81558990478516,119.25531696260009,111.60010745415775,112.09979451999489,28962200,2025-08-08
123.64257049560547,123.64257049560547,127.20034001354622,121.57386631949885,124.89178817742395,35065800,2025-08-11
127.67005157470703,127.67005157470703,128.46955396905415,122.9630000989227,124.62195727395608,25961200,2025-08-12
124.19222259521484,124.19222259521484,128.51952213072585,123.27280020468386,127.50015622523392,18438200,2025-08-13
125.21158599853516,125.21158599853516,125.66130130839372,121.32402123237631,123.12289009643007,12235900,2025-08-14
120.79435729980469,120.79435729980469,123.30278094826747,119.36525194796323,123.09291328990723,18986700,2025-08-15
123.4726791381836,123.4726791381836,123.60259503266882,120.58448845802536,121.27405143597886,12208800,2025-08-18
121.97361755371094,121.97361755371094,124.16224174843259,121.23407519603839,122.86305993356879,11491200,2025-08-19
117.13664245605469,117.13664245605469,118.83558307494144,113.3889894175658,118.62570779512079,25795000,2025-08-20
115.71753692626953,115.71753692626953,117.65632527047428,115.53764926933694,116.92677876607542,13174900,2025-08-21
117.60635375976562,117.60635375976562,120.62446042731082,116.43708779954784,117.57637375431695,17038300,2025-08-22
116.34713745117188,116.34713745117188,118.00610221051343,116.02733802612794,117.60635102305356,8674800,2025-08-25
116.42708587646484,116.42708587646484,118.28592236394707,115.73751528847707,116.01733882429255,12584300,2025-08-26
117.67630767822266,117.67630767822266,118.65569771267029,116.36712996473817,116.77686940671356,15349300,2025-08-27
121.92364501953125,121.92364501953125,122.49328797406395,118.65569493818464,118.8055949594146,17295500,2025-08-28
118.93551635742188,118.93551635742188,122.69315756525663,117.98610636704309,122.52326579447771,16774000,2025-08-29
118.40585327148438,118.40585327148438,118.48579740919517,114.17849723985024,115.78749023980808,13771900,2025-09-02
118.64569854736328,118.64569854736328,119.36524914462507,117.22658910533008,119.28529738390274,14101300,2025-09-03
124.13226318359375,124.13226318359375,124.33214258985831,118.44582178774782,118.77561708961952,18589100,2025-09-04
131.28778076171875,131.28778076171875,131.32776426837574,125.58136275023247,127.6900352491965,28416000,2025-09-05
131.3777313232422,131.3777313232422,132.17721843688034,128.3196336415433,130.46829719485368,19492600,2025-09-08
135.15536499023438,135.15536499023438,137.91363214337574,131.47766020347325,131.6775319828187,20705000,2025-09-09
139.91238403320312,139.91238403320312,142.15098766746067,138.25341924842047,139.93237578642356,25791300,2025-09-10
150.47576904296875,150.47576904296875,156.16219499435567,147.51761492876705,147.62754669228357,52446400,2025-09-11
157.131591796875,157.131591796875,158.18093769395298,153.11411873264612,153.45390228050323,32288300,2025-09-12
157.6712646484375,157.6712646484375,160.23964829627567,156.45202695982906,156.86177402305177,20101400,2025-09-15
158.72061157226562,158.72061157226562,159.4601386919045,157.0716350570448,157.8811256875898,16911600,2025-09-16
159.88987731933594,159.88987731933594,160.48949266568428,155.16282656393466,157.31149015709147,18843600,2025-09-17
168.7843017578125,168.7843017578125,170.34332301201755,162.49824498300075,162.888000296552,28212800,2025-09-18
162.62815856933594,162.62815856933594,163.59755275894238,159.28026416384364,162.64815032303383,37309900,2025-09-19
164.5169677734375,164.5169677734375,167.155314920754,161.48886531740058,164.27712773683376,25851200,2025-09-22
166.3058624267578,166.3058624267578,168.884249663906,165.12659295430714,165.57630828944275,43316500,2025-09-23
161.60879516601562,161.60879516601562,165.89610341818187,158.20092576730673,164.9766810604717,57096400,2025-09-24
156.7318572998047,156.7318572998047,158.85052571977482,154.55321361859382,157.29150441079756,32209200,2025-09-25
157.17156982421875,157.17156982421875,158.8205309984141,155.08286635453564,158.42078745595424,24045000,2025-09-26
163.79742431640625,163.79742431640625,165.69624443477633,159.86989105315382,159.8998710590382,26506500,2025-09-29
167.2152862548828,167.2152862548828,168.84425571246493,163.85738857808062,164.00728859744007,20092500,2025-09-30
182.03599548339844,182.03599548339844,182.2758507693362,165.39642197091456,165.49636548569848,41674800,2025-10-01
183.63499450683594,183.63499450683594,186.06346629823045,181.0965909522977,184.8442439014168,25122200,2025-10-02
187.8300018310547,187.8300018310547,191.85000610351562,184.9199981689453,185.2100067138672,29399300,2025-10-03
190.9600067138672,190.9600067138672,201.0,189.42999267578125,195.00999450683594,36392300,2025-10-06
185.69000244140625,185.69000244140625,195.3000030517578,183.24000549316406,194.85000610351562,27828200,2025-10-07
196.5399932861328,196.5399932861328,196.9499969482422,188.8000030517578,188.99000549316406,26833900,2025-10-08
192.3300018310547,192.3300018310547,196.6199951171875,189.5,192.97000122070312,19721500,2025-10-09
181.60000610351562,181.60000610351562,193.44000244140625,179.61000061035156,192.9600067138672,26990300,2025-10-10
192.77000427246094,192.77000427246094,193.39999389648438,187.99000549316406,190.7899932861328,20928400,2025-10-13
187.05999755859375,187.05999755859375,192.4600067138672,186.25,186.9600067138672,15912400,2025-10-14
191.94000244140625,191.94000244140625,192.8800048828125,187.4199981689453,192.47999572753906,17793100,2025-10-15
202.52999877929688,202.52999877929688,206.33999633789062,195.1999969482422,199.9600067138672,42041300,2025-10-16
202.3800048828125,202.3800048828125,203.38999938964844,195.5500030517578,199.27999877929688,23283100,2025-10-17
206.77000427246094,206.77000427246094,214.75,205.5,209.66000366210938,23268400,2025-10-20
202.2899932861328,202.2899932861328,205.8699951171875,200.83999633789062,204.3000030517578,13717300,2025-10-21
198.47000122070312,198.47000122070312,205.5800018310547,192.39999389648438,202.25,21949800,2025-10-22
206.7100067138672,206.7100067138672,209.0,195.1999969482422,196.6999969482422,19397900,2025-10-23
219.02000427246094,219.02000427246094,219.82000732421875,209.97999572753906,212.38999938964844,25758100,2025-10-24
