Price,Close,High,Low,Open,Volume,Date
352.5061950683594,352.5061950683594,355.86656258171666,350.48413754575057,354.06916155544985,2447900,2021-10-25
349.0482177734375,349.0482177734375,358.84602681413503,348.5500144932139,354.96792924825354,3320100,2021-10-26
327.9482421875,327.9482421875,342.9917335186291,326.0726761613104,339.94396481079275,9652700,2021-10-27
325.3205261230469,325.3205261230469,342.3763277838282,321.25682439950305,336.20265517968437,9505100,2021-10-28
327.7528381347656,327.7528381347656,330.321959477384,323.44492425848637,323.5719195812939,5843700,2021-10-29
326.3168640136719,326.3168640136719,333.00829521216383,325.17396574052964,327.48909641746184,5126200,2021-11-01
320.8758239746094,320.8758239746094,327.99704179013753,319.13703148837664,327.3718730478949,5375300,2021-11-02
321.8038635253906,321.8038635253906,321.9503851429332,315.85484736426207,320.8953996855141,3952500,2021-11-03
327.6648864746094,327.6648864746094,330.7908193352041,321.7060937278474,323.4058335084319,4819500,2021-11-04
340.71563720703125,340.71563720703125,342.0539173982281,333.1059647387632,334.512631608179,7201500,2021-11-05
341.5753479003906,341.5753479003906,344.9747687647865,339.61186873829075,339.95377239598116,3862200,2021-11-08
336.6715393066406,336.6715393066406,342.0930777975221,331.78728651005184,341.89769576121324,4247800,2021-11-09
349.65386962890625,349.65386962890625,351.2949713108321,341.4092490411356,341.9953653021409,6337100,2021-11-10
346.13714599609375,346.13714599609375,351.31447068622094,344.40813162580343,350.08362971791894,4472200,2021-11-11
355.08514404296875,355.08514404296875,355.41726962375,347.6903788679301,347.8173741981633,4724200,2021-11-12
352.9947204589844,352.9947204589844,362.53856995288214,352.3109429218713,356.68724436607664,4693200,2021-11-15
361.0047912597656,361.0047912597656,362.47984473914886,353.61980544259325,356.3256700174352,4969000,2021-11-16
350.8553771972656,350.8553771972656,359.48095325773033,343.0894044619553,351.2558596342389,11727300,2021-11-17
340.1588439941406,340.1588439941406,354.0887400949271,336.6030942652516,352.3792519124478,6533700,2021-11-18
331.85565185546875,331.85565185546875,338.6252186413848,331.27931363988097,337.9902717808972,6954800,2021-11-19
313.862060546875,313.862060546875,333.5749267217492,312.35773220818095,331.93379518963695,11378200,2021-11-22
321.3837890625,321.3837890625,322.05781823903953,314.2430148575806,317.4373050077527,7116200,2021-11-23
332.1291809082031,332.1291809082031,332.480832790419,317.4959492056,319.3812933889656,6414400,2021-11-24
316.6656494140625,316.6656494140625,319.3031279582874,311.61531905727924,314.1355803076869,6613900,2021-11-26
315.5324401855469,315.5324401855469,324.1384893594063,310.88262299336606,322.3703926158801,6362200,2021-11-29
307.6297607421875,307.6297607421875,313.33456386538694,302.93108259172595,310.6384470495525,10237600,2021-11-30
299.1897277832031,299.1897277832031,314.56534294678545,298.9162108741939,313.35405803704566,8008800,2021-12-01
312.7874450683594,312.7874450683594,314.74114546276235,301.836932893737,302.42304897427834,6717600,2021-12-02
314.6531677246094,314.6531677246094,315.2197574702037,306.73092781551696,312.82646282873225,4732900,2021-12-03
325.6135559082031,325.6135559082031,328.9641756958868,314.5458531367701,317.2321919446152,6055000,2021-12-06
331.6504821777344,331.6504821777344,334.4931203619334,329.49162137312715,329.49162137312715,4939500,2021-12-07
334.41497802734375,334.41497802734375,336.0658576655827,326.3657398937595,331.3769874503338,4226900,2021-12-08
336.5444030761719,336.5444030761719,338.5078814179835,331.1619790191386,332.17788171153893,3389600,2021-12-09
341.8195495605469,341.8195495605469,342.1418971176012,336.84735414381703,338.96713290451856,3405900,2021-12-10
337.3162536621094,337.3162536621094,341.43856408544303,332.4515272974483,341.10643848303664,4358300,2021-12-13
332.6663513183594,332.6663513183594,340.1490280492373,330.03862167719984,337.3259462385123,4518500,2021-12-14
338.33209228515625,338.33209228515625,338.56652680715194,327.7625653556561,332.12908719445085,4918700,2021-12-15
344.75006103515625,344.75006103515625,345.58036003771014,337.13060992350375,343.5583023382908,5369900,2021-12-16
341.2236633300781,341.2236633300781,344.6231139770199,336.1538065892855,341.1064460338238,5898200,2021-12-17
329.2180480957031,329.2180480957031,335.5773525227058,328.4463578913276,333.34035718753864,5013900,2021-12-20
342.6204833984375,342.6204833984375,343.85132438322717,331.513699650495,332.45146764261204,3105100,2021-12-21
349.2044982910156,349.2044982910156,350.3180922661811,338.55680488189216,338.55680488189216,3456400,2021-12-22
352.2326965332031,352.2326965332031,354.07895805879383,346.7818845354211,349.26309284512274,2627000,2021-12-23
351.96893310546875,351.96893310546875,352.72109711279955,347.36797648863177,351.666111894004,2677100,2021-12-27
352.4281005859375,352.4281005859375,355.71033356644216,350.11296981268396,350.4841777496985,1920100,2021-12-28
352.9263000488281,352.9263000488281,354.74322753850805,351.851758614072,353.4049472197657,1535200,2021-12-29
352.6331787109375,352.6331787109375,356.2084543705904,350.7966953852147,353.61980704916425,1558000,2021-12-30
351.00189208984375,351.00189208984375,354.9679023199969,348.5206837323378,349.6636118146439,1984000,2021-12-31
362.36273193359375,362.36273193359375,363.7010124486586,350.93356830647394,351.46107596294,4708200,2022-01-03
366.6999206542969,366.6999206542969,373.54762233451993,363.0464795411361,363.3786051312214,6854500,2022-01-04
365.2443542480469,365.2443542480469,373.6452735502212,363.8865477099935,365.3420452491052,5976600,2022-01-05
361.908935546875,361.908935546875,366.03665487063495,358.48547264305324,360.62758467660564,4781100,2022-01-06
361.5665588378906,361.5665588378906,363.65977605708235,356.1476981356209,358.3778681898142,4551200,2022-01-07
355.9521179199219,355.9521179199219,362.7990438091947,341.1431810255853,362.7990438091947,6009300,2022-01-10
358.2801208496094,358.2801208496094,360.01140443072586,348.30315854938203,355.5804659059694,4131200,2022-01-11
359.2776794433594,359.2776794433594,363.9824921967996,359.04293730438025,360.87203945444185,5783100,2022-01-12
361.43939208984375,361.43939208984375,369.4209542536556,359.83527083817074,360.54928822479906,3892900,2022-01-13
364.0021667480469,364.0021667480469,366.58442048585334,356.1868694094353,356.35316503375844,4029900,2022-01-14
358.289794921875,358.289794921875,364.00211295112587,357.21387343610263,362.6816285774128,4933900,2022-01-18
352.8417053222656,352.8417053222656,361.22427715974425,351.8439911872975,354.4849605619137,4464800,2022-01-19
356.04010009765625,356.04010009765625,364.9117657998577,353.7610653382726,353.9175402129755,5043200,2022-01-20
347.3151550292969,347.3151550292969,360.07979765648787,346.36636563792814,354.57290880711656,4867100,2022-01-21
341.7790222167969,341.7790222167969,342.4441450572525,323.3607731698705,335.078809583662,7472800,2022-01-24
331.35211181640625,331.35211181640625,339.45104617189725,326.09954607302075,335.81239277448947,6994400,2022-01-25
337.123046875,337.123046875,347.0119490666269,333.7876124984826,335.85145710772747,7438600,2022-01-26
342.8647155761719,342.8647155761719,351.7657255190835,327.01896029976973,341.44641179425,8416100,2022-01-27
374.1453857421875,374.1453857421875,374.39967983531477,347.608652368107,351.19838109815777,8813400,2022-01-28
377.9307556152344,377.9307556152344,378.09702138692336,368.06140447919273,370.3991251093223,6345200,2022-01-31
383.48651123046875,383.48651123046875,386.85128841532304,374.05733226377794,377.3242902577487,5841100,2022-02-01
388.0739440917969,388.0739440917969,391.17463624989347,374.3800935126282,380.77708635553154,6115000,2022-02-02
381.5400695800781,381.5400695800781,384.34730447675156,378.0383392652387,380.0435283701687,4209200,2022-02-03
373.8421325683594,373.8421325683594,379.6620011515214,368.17873886639865,379.09469761904705,6045400,2022-02-04
367.9048767089844,367.9048767089844,374.03775498270875,365.1465366843475,373.84214644883167,4767500,2022-02-07
366.1833801269531,366.1833801269531,371.4652885156331,362.437146595513,369.2840726160834,5825300,2022-02-08
373.0303649902344,373.0303649902344,379.95555940242184,372.27721375525,377.16787596997943,5492800,2022-02-09
366.2029724121094,366.2029724121094,371.69028038120604,362.4567089226651,363.5913459921721,3995000,2022-02-10
361.6839904785156,361.6839904785156,372.5706083752215,359.6005936347376,369.597077655357,4345600,2022-02-11
365.9779357910156,365.9779357910156,369.03949425481653,358.73976371330957,360.7547135926385,3678400,2022-02-14
373.1965637207031,373.1965637207031,374.69310477575016,365.2345533747412,366.3887421936192,5800400,2022-02-15
374.55615234375,374.55615234375,376.58089314105604,368.54064534543795,371.65109854550997,3424800,2022-02-16
365.52801513671875,365.52801513671875,372.9520349538418,364.03147406449597,370.32085694741613,3972500,2022-02-17
361.86004638671875,361.86004638671875,366.6137549060498,360.9308087871484,366.32032716420025,4083800,2022-02-18
360.23638916015625,360.23638916015625,366.13452632514833,355.8445543956775,357.01832521318346,3897900,2022-02-22
353.3307800292969,353.3307800292969,365.39113947018024,352.25482841184703,363.8359125255068,3802500,2022-02-23
361.30255126953125,361.30255126953125,362.4371884373852,333.8463675932865,338.3751253886124,7425000,2022-02-24
361.01885986328125,361.01885986328125,364.4423230350242,353.7904774313494,359.1897571732726,3817900,2022-02-25
352.9296875,352.9296875,357.3703864466289,347.88252148093073,354.26972391364336,4952400,2022-02-28
336.94696044921875,336.94696044921875,353.6729956723951,333.75824021428554,350.02458200136164,5894200,2022-03-01
336.56549072265625,336.56549072265625,340.7030004977958,331.2835830385837,335.46019660788835,4997900,2022-03-02
333.5333557128906,333.5333557128906,341.8572719437673,333.2497188105977,340.0281691417361,3975900,2022-03-03
323.527099609375,323.527099609375,331.42060581654135,316.91491467700234,329.5328173468733,4670900,2022-03-04
306.0771484375,306.0771484375,322.58799529198603,305.2848338744487,322.37280500885913,6874300,2022-03-07
307.4563293457031,307.4563293457031,317.6289296958076,298.9270140346071,304.580647690457,5048200,2022-03-08
320.95452880859375,320.95452880859375,322.2456704977539,314.08802154820427,316.08341962688576,4015900,2022-03-09
317.49188232421875,317.49188232421875,318.9884231846064,312.7577267276316,314.89983833076593,3771300,2022-03-10
317.6875915527344,317.6875915527344,323.7324418785748,316.9442014679234,322.8129951474333,2987700,2022-03-11
321.40447998046875,321.40447998046875,329.5132048811331,320.1035771915705,321.9033369917367,4122700,2022-03-14
327.6743469238281,327.6743469238281,330.98043914046974,323.9672168498192,325.15077852042697,3738900,2022-03-15
337.1426696777344,337.1426696777344,343.26578807578056,329.3176104496552,334.5114911242742,4340800,2022-03-16
338.8641357421875,338.8641357421875,339.29451631596896,332.32042866608657,334.12997928081853,3244200,2022-03-17
342.43438720703125,342.43438720703125,345.0264322398438,335.00057458727485,339.11853371040064,6790800,2022-03-18
338.0229797363281,338.0229797363281,342.34633805385306,335.0005542195376,338.4533603779001,6053800,2022-03-21
341.8865966796875,341.8865966796875,346.190373019155,337.9545154066239,339.19673273624153,4669900,2022-03-22
334.697265625,334.697265625,339.1477849998328,334.27667594733543,335.89058809086197,2527800,2022-03-23
341.7105407714844,341.7105407714844,341.8083599760521,333.24970195540635,334.7657951504001,2482700,2022-03-24
341.3877258300781,341.3877258300781,343.8526383391067,338.0914247432368,342.74734406008724,2173800,2022-03-25
342.8255615234375,342.8255615234375,342.89403794474697,336.0177694458666,340.8888787795145,3134600,2022-03-28
359.5124816894531,359.5124816894531,362.65230757435387,349.2910180095229,350.8755874129993,5512400,2022-03-29
354.3186340332031,354.3186340332031,360.22656147048286,351.75593218878527,356.04994730460317,2614200,2022-03-30
349.5649108886719,349.5649108886719,356.1575127507777,349.5453291393803,351.7167839445877,4095700,2022-03-31
356.0107727050781,356.0107727050781,359.8450640058487,350.3376179699912,351.36464482454517,3806800,2022-04-01
358.8865966796875,358.8865966796875,361.6742802554915,355.2088089529995,356.2847606656194,3027200,2022-04-04
355.37506103515625,355.37506103515625,359.5908091761052,354.015442708144,355.36527015934917,2215900,2022-04-05
345.8186340332031,345.8186340332031,349.28123044598425,341.93544793037216,348.67479324633547,3864500,2022-04-06
342.3806457519531,342.3806457519531,345.66194254225366,338.71736348541293,343.97721889984496,2848500,2022-04-07
345.0448913574219,345.0448913574219,348.59066985350125,338.5606730951958,340.1768254286572,2235100,2022-04-08
340.24530029296875,340.24530029296875,344.29059715601505,338.72710335747587,343.44825044126435,1809200,2022-04-11
338.7075500488281,338.7075500488281,347.209543958527,337.4146462718442,342.8214190338971,4038500,2022-04-12
347.8559875488281,347.8559875488281,349.67782404881984,335.83762975968517,337.3460522723039,3048500,2022-04-13
350.48095703125,350.48095703125,355.50574319217026,349.55043000454305,349.8540693729108,3358900,2022-04-14
349.4819641113281,349.4819641113281,353.3607654125517,345.97540362485876,346.72960004315667,1871400,2022-04-18
356.4070129394531,356.4070129394531,357.1906228555911,348.7670030799953,349.4918160972187,2999300,2022-04-19
357.7978515625,357.7978515625,364.2624904765065,356.40696283916174,359.1397478589067,3377300,2022-04-20
356.96527099609375,356.96527099609375,367.5241700187332,356.0053602152513,361.9019080392513,3605300,2022-04-21
343.97723388671875,343.97723388671875,354.67327606229264,343.41891750546364,353.1060863442916,2968800,2022-04-22
347.3271179199219,347.3271179199219,347.77767489569766,340.02990634688814,342.1162245769185,3380400,2022-04-25
337.0521545410156,337.0521545410156,342.88012966320315,336.5330262446263,340.8036164776458,3116400,2022-04-26
354.1540832519531,354.1540832519531,366.074455665126,348.698318676197,349.6778083353998,5702300,2022-04-27
371.06011962890625,371.06011962890625,374.13573204709974,361.2260632449164,361.55908620055044,6843300,2022-04-28
355.9269104003906,355.9269104003906,369.38508698506473,354.3303376829014,364.41906789109044,4741800,2022-04-29
351.6759948730469,351.6759948730469,357.44517373810163,343.3992948427624,355.55476576628877,3903800,2022-05-02
350.4516906738281,350.4516906738281,355.98580248810805,346.1909037401228,354.173740241399,2686900,2022-05-03
360.9615478515625,360.9615478515625,361.6667816593014,346.40634467816676,351.9992227181358,3346600,2022-05-04
346.1223449707031,346.1223449707031,360.2269937068305,341.87136234515,354.6733026523417,3424800,2022-05-05
340.0004577636719,340.0004577636719,344.0555594444087,333.7904966913485,339.148306512644,3635200,2022-05-06
321.2629089355469,321.2629089355469,335.3675885591501,318.2265139112481,334.00608313911897,5777400,2022-05-09
318.6574401855469,318.6574401855469,326.8361869359296,316.42420437998265,325.4942905380312,5003500,2022-05-10
319.18634033203125,319.18634033203125,324.2111278514883,312.01646773243573,318.80435484891916,4263900,2022-05-11
314.65130615234375,314.65130615234375,318.9022884644069,306.3550260246369,315.17043457107906,3891500,2022-05-12
325.97418212890625,325.97418212890625,328.35436497765795,319.40181416950077,320.94942473892155,3536000,2022-05-13
322.96722412109375,322.96722412109375,326.70885292144834,318.3636095113727,321.80162871760393,2062300,2022-05-16
331.90985107421875,331.90985107421875,334.182274254175,325.70969469304333,333.1342131463953,2802300,2022-05-17
329.01068115234375,329.01068115234375,334.5937860433488,326.71867816629833,326.7774451742742,4521400,2022-05-18
325.4061279296875,325.4061279296875,329.3142829711496,317.7758934229511,323.2316592084371,4380700,2022-05-19
329.28485107421875,329.28485107421875,332.64449368245556,320.96899281122006,328.8147151333113,3428700,2022-05-20
341.2835998535156,341.2835998535156,344.09473059927547,332.0078309037796,332.0764023589578,3420800,2022-05-23
333.7023620605469,333.7023620605469,336.94447071005834,329.0889737527556,336.8367411866046,2561500,2022-05-24
337.68890380859375,337.68890380859375,340.6077642023712,332.2527176317796,333.5946138385371,3033400,2022-05-25
342.7137145996094,342.7137145996094,346.0047861153006,338.91328923625804,340.86246445328976,2817400,2022-05-26
350.4418029785156,350.4418029785156,350.45160744026583,344.8880835551072,346.1418589930654,2658700,2022-05-27
350.5299987792969,350.5299987792969,353.56642304092105,343.9380517659041,345.848038880079,3873800,2022-05-31
349.7366027832031,349.7366027832031,356.965241818341,347.57193883606885,350.8532354303598,2190000,2022-06-01
355.63311767578125,355.63311767578125,357.56271363770105,350.4222550348246,353.0962428645072,2484200,2022-06-02
350.48095703125,350.48095703125,353.54676409733344,348.472985524053,352.1069132669624,2076600,2022-06-03
352.75341796875,352.75341796875,360.755831694193,351.1764240838086,354.57525437528193,2196100,2022-06-06
356.5538330078125,356.5538330078125,357.00441979581507,349.0215547564117,349.60925455997534,2158800,2022-06-07
354.89849853515625,354.89849853515625,359.59026268265467,353.5762113211148,357.5137492504946,1709600,2022-06-08
341.8419494628906,341.8419494628906,354.78100170183626,341.7831824646307,352.38126956180463,2250600,2022-06-09
327.88421630859375,327.88421630859375,337.2481365697187,327.73729881434474,334.32924615345826,3300500,2022-06-10
313.1820373535156,313.1820373535156,324.11314634995404,311.39938875888083,315.39569371322983,4825100,2022-06-13
315.5328674316406,315.5328674316406,317.35470416309994,313.1037218980375,313.53469981354226,2788400,2022-06-14
318.7162170410156,318.7162170410156,323.84873429615106,312.8784360056674,320.69477577951136,2357800,2022-06-15
302.44683837890625,302.44683837890625,309.95953777884404,298.82271441231535,309.606905931515,4528500,2022-06-16
304.317626953125,304.317626953125,307.6968780379779,297.4220117827451,300.70330792903036,6235300,2022-06-17
310.8899841308594,310.8899841308594,313.6619563585543,308.4216811707594,309.5676672305149,3193700,2022-06-21
309.6656799316406,309.6656799316406,312.4964196703667,304.9739156375465,307.04065456336764,2671500,2022-06-22
310.26318359375,310.26318359375,313.41714179273583,307.1092253947642,312.3592761206186,2387600,2022-06-23
323.72137451171875,323.72137451171875,324.0250139542702,312.6727309131575,312.6727309131575,4318900,2022-06-24
322.0855712890625,322.0855712890625,325.16118316509727,320.41065234249857,325.16118316509727,2810800,2022-06-27
311.76177978515625,311.76177978515625,330.23494087118905,311.59525338660495,325.87622971384695,3394200,2022-06-28
315.9736022949219,315.9736022949219,319.42139553499334,311.8793422176516,312.5649671237796,3779500,2022-06-29
309.0094299316406,309.0094299316406,311.76179367403944,303.33817604087295,308.83309906306823,3411500,2022-06-30
311.71282958984375,311.71282958984375,312.39848441795147,304.92497233653705,307.65775729381704,2287700,2022-07-01
312.71185302734375,312.71185302734375,313.7403051301812,303.11283720371216,306.6585847023628,2112100,2022-07-05
313.603271484375,313.603271484375,315.748326708063,309.2445297917043,312.4572552329156,2219200,2022-07-06
317.9098205566406,317.9098205566406,318.6847820379272,313.4462927017218,316.22251452068315,2202100,2022-07-07
316.9189758300781,316.9189758300781,318.80249187569194,313.27950730668584,316.64429952524614,1662100,2022-07-08
318.0275573730469,318.0275573730469,320.01896842332053,313.0833530650486,313.30899183120425,2073800,2022-07-11
316.7228088378906,316.7228088378906,321.13726929888134,314.1231881094691,314.1231881094691,2761500,2022-07-12
317.22308349609375,317.22308349609375,318.75342719914556,307.8448110850953,309.9441463844576,2442600,2022-07-13
318.8514709472656,318.8514709472656,321.3529857666339,309.39473424118717,310.1500864565044,2743900,2022-07-14
326.2481689453125,326.2481689453125,329.1911418090133,323.4915867579769,327.288016962156,3387400,2022-07-15
324.7178955078125,324.7178955078125,331.0943380881902,323.5210850875349,329.12253626411234,2468500,2022-07-18
333.90972900390625,333.90972900390625,335.5087491604585,325.4732002235348,325.4732002235348,2689800,2022-07-19
334.78277587890625,334.78277587890625,336.7840058301818,329.8974600327359,333.9097094874594,2563600,2022-07-20
340.325439453125,340.325439453125,340.6295442936484,333.59582506088117,335.371416524894,2230800,2022-07-21
337.34320068359375,337.34320068359375,344.4161376378266,333.92934111667284,342.24815584082296,2253000,2022-07-22
337.6669006347656,337.6669006347656,338.97163541779827,333.6448315841105,337.9023588300883,2180100,2022-07-25
334.7926025390625,334.7926025390625,338.07892832999477,332.85022960909356,336.1365554000259,2254200,2022-07-26
336.74481201171875,336.74481201171875,342.28743580659795,324.94348999963285,336.4897746772228,4580300,2022-07-27
345.75030517578125,345.75030517578125,346.5449055258329,334.14516436890403,341.38488305823785,3635500,2022-07-28
347.0648193359375,347.0648193359375,350.0175819315371,343.3076069861394,347.39835268830717,3176800,2022-07-29
343.8766174316406,343.8766174316406,348.0948670499405,339.0893762287969,341.1985010379468,2289400,2022-08-01
342.3757019042969,342.3757019042969,344.47500722037955,337.4413180343442,340.4823663923391,2878800,2022-08-02
347.3983459472656,347.3983459472656,349.7036807736593,341.91460987616625,343.34684834677853,2921200,2022-08-03
349.301513671875,349.301513671875,351.7932095501988,343.00353753804285,347.92813209770577,2339500,2022-08-04
350.7140808105469,350.7140808105469,351.02797515911413,343.73921965427104,343.73921965427104,1848700,2022-08-05
345.46575927734375,345.46575927734375,352.175733447468,343.23892070963456,352.175733447468,2477600,2022-08-08
339.9526062011719,339.9526062011719,344.4455315004631,338.7852245962587,343.7392168314187,2467400,2022-08-09
346.6625671386719,346.6625671386719,347.8103097204222,344.3768415891743,347.60431001503787,2443700,2022-08-10
343.9158935546875,343.9158935546875,349.08573651652154,343.6902847309106,349.08573651652154,2609400,2022-08-11
347.53570556640625,347.53570556640625,348.69329781471,343.60195162028003,347.9967725800387,2514200,2022-08-12
353.107666015625,353.107666015625,355.0696477021961,344.15121482643343,345.63249064231866,2526300,2022-08-15
352.4210205078125,352.4210205078125,353.1567637656576,346.3879317809765,347.53567449823174,2448700,2022-08-16
348.5755310058594,348.5755310058594,350.1745511815826,345.0635962759501,346.7803305857807,2439900,2022-08-17
350.56695556640625,350.56695556640625,352.68589987712147,346.8490209537708,347.5847642587078,1934900,2022-08-18
347.5455017089844,347.5455017089844,349.988159799303,346.8391869682636,349.85083662227225,1740700,2022-08-19
338.94219970703125,338.94219970703125,344.3278305536497,337.73557003614945,343.34683958341134,2312400,2022-08-22
334.4100646972656,334.4100646972656,338.647923423897,332.91893909093,336.17583667190604,2240700,2022-08-23
333.25244140625,333.25244140625,335.7834149298061,331.9183080275299,333.71350836984544,2218400,2022-08-24
338.1182556152344,338.1182556152344,338.56950319213314,330.90796418962685,333.5370134636994,2228500,2022-08-25
325.6497802734375,325.6497802734375,339.0697605774672,325.3947429581544,338.4909495135296,1925000,2022-08-26
323.0894470214844,323.0894470214844,326.4836680787292,321.5394642117629,323.7172658012323,2308200,2022-08-29
321.5787048339844,321.5787048339844,326.6406227344693,319.3812942492681,324.70806898140125,2618900,2022-08-30
318.2041015625,318.2041015625,324.88464904653057,318.11581594954725,322.04960012790986,3129000,2022-08-31
319.0674133300781,319.0674133300781,319.4205558203464,313.14221762548226,317.65478349404896,2493200,2022-09-01
316.42852783203125,316.42852783203125,323.40339102450093,314.4371168384314,323.14832372545146,1936800,2022-09-02
317.9195861816406,317.9195861816406,320.7742739080565,314.46650824731114,316.3696333982551,2043400,2022-09-06
322.3732604980469,322.3732604980469,322.9422520480919,315.92814238571424,317.91955293593236,1998300,2022-09-07
323.79571533203125,323.79571533203125,324.0115345553802,317.33098805929006,318.361016662223,2114000,2022-09-08
329.4658508300781,329.4658508300781,330.6135935960332,323.87418985820796,324.25679073850705,1815700,2022-09-09
331.9869689941406,331.9869689941406,333.02681700151584,329.55410067147847,331.66322521709924,2097800,2022-09-12
319.25372314453125,319.25372314453125,326.4738027541318,318.41005529138846,323.72703984558166,2316900,2022-09-13
319.65594482421875,319.65594482421875,322.2359561176378,317.2034671593674,320.8233265876857,2657900,2022-09-14
310.9349670410156,310.9349670410156,319.74427892685856,309.1790143216165,317.43894358472795,2486800,2022-09-15
309.13970947265625,309.13970947265625,309.6302049898756,303.23412428535426,306.9030511116349,3650900,2022-09-16
308.0605773925781,308.0605773925781,309.4535976713844,304.35243291268773,306.0201294515797,2369700,2022-09-19
307.3150939941406,307.3150939941406,308.3941902719564,303.5579109739671,305.24521698905863,2769600,2022-09-20
298.7118225097656,298.7118225097656,308.9926211358689,298.43714616932465,308.5021255324046,2366300,2022-09-21
292.6884765625,292.6884765625,297.31875553584456,290.95213317404745,297.19125184627376,3176500,2022-09-22
287.99932861328125,287.99932861328125,288.9705300742689,284.7228222202048,287.5579006196231,3245900,2022-09-23
284.5953063964844,284.5953063964844,289.72590049619214,283.62413481223143,284.5364493269825,3635600,2022-09-26
281.03436279296875,281.03436279296875,292.2372652545144,279.38627486530635,289.85346388254936,4073300,2022-09-27
284.6639709472656,284.6639709472656,287.41076380384925,276.33536665192753,279.6903392218821,5611400,2022-09-28
281.3188171386719,281.3188171386719,286.51808811909956,279.4353309235719,282.86879989768556,3439700,2022-09-29
278.93499755859375,278.93499755859375,285.2329734074195,278.93499755859375,281.40708428022737,3804200,2022-09-30
284.9582824707031,284.9582824707031,287.1851213102051,279.5039747906034,282.3782712962644,5285200,2022-10-03
295.5432434082031,295.5432434082031,298.1919319401085,290.35382089427213,290.5598206884268,3949200,2022-10-04
298.4175720214844,298.4175720214844,300.771945205953,291.59967036101233,292.3158048033107,2845200,2022-10-05
294.015625,294.015625,299.7341828166093,293.6520474366633,297.3072238686682,2494400,2022-10-06
289.82977294921875,289.82977294921875,292.01108781880083,287.8842661782605,291.4903249438262,2210800,2022-10-07
286.69537353515625,286.69537353515625,292.07005325881147,284.4944178848514,291.86372116303835,1783500,2022-10-10
281.0651550292969,281.0651550292969,285.3295506699864,279.4635853134822,284.7792818891189,3554900,2022-10-11
278.4417724609375,278.4417724609375,282.4801364469597,278.27472171866617,281.54670931427916,2646800,2022-10-12
288.83740234375,288.83740234375,290.281787111651,272.0452187412584,272.4480776205532,3322800,2022-10-13
283.6592102050781,283.6592102050781,293.4161600680233,282.82401654421807,290.7042469998373,3106300,2022-10-14
289.8985290527344,289.8985290527344,293.5242281070435,286.26299466678614,290.27191182581487,3417600,2022-10-17
295.1455383300781,295.1455383300781,298.4076907138516,291.38226368656,297.8869277719544,3096000,2022-10-18
292.5711975097656,292.5711975097656,294.4184411349979,289.6529519924091,290.3112596761366,1914300,2022-10-19
291.116943359375,291.116943359375,297.45455590857824,290.4586057669104,292.56132794108424,2463800,2022-10-20
297.1008605957031,297.1008605957031,297.4349321180694,288.3854350397555,289.3778442583387,3599600,2022-10-21
300.2745361328125,300.2745361328125,301.65013334963066,295.26340414190236,299.2133397185739,3184100,2022-10-24
305.9833068847656,305.9833068847656,306.66128519727073,300.530004370519,300.57915105137687,3012400,2022-10-25
313.9421691894531,313.9421691894531,318.7960862338484,306.84798504655026,306.84798504655026,5278000,2022-10-26
313.8045349121094,313.8045349121094,317.4498746775482,308.58707134403835,310.6701226385748,4725800,2022-10-27
323.7285461425781,323.7285461425781,326.01792958500573,312.281568958903,313.74559412220685,3644400,2022-10-28
322.4610900878906,322.4610900878906,323.6991427773068,318.13777099499845,323.14890380107187,3157900,2022-10-31
327.3837585449219,327.3837585449219,327.82592873805334,321.39005251928234,326.43066078358436,3660400,2022-11-01
314.2467956542969,314.2467956542969,327.19711261465085,314.06010421220117,325.6446590278183,3074900,2022-11-02
303.7823181152344,303.7823181152344,311.2498541014012,303.22224392054113,309.6286135250826,2860900,2022-11-03
312.82196044921875,312.82196044921875,317.4990205034872,307.78135295112594,308.3709031237613,3414000,2022-11-04
319.4642333984375,319.4642333984375,320.1225410709646,312.17352240314915,316.8309427367821,2742100,2022-11-07
320.0733947753906,320.0733947753906,323.6597829176998,316.64422202926824,320.54504096395095,2387500,2022-11-08
310.1396179199219,310.1396179199219,318.0493252526633,309.65813635316664,316.6638925548498,3001200,2022-11-09
331.3926086425781,331.3926086425781,331.5203480165364,323.423950625993,325.4087386310797,3255000,2022-11-10
333.37744140625,333.37744140625,336.6592339889656,330.4984776558813,333.09248663523675,3734700,2022-11-11
333.4560241699219,333.4560241699219,338.50646726596307,330.16439635280284,330.8718506001067,2348900,2022-11-14
337.52392578125,337.52392578125,345.09956116210367,333.5739600296535,340.55023980317304,2983600,2022-11-15
336.7869567871094,336.7869567871094,339.1156515600605,334.17330725717454,337.1799802533606,2579600,2022-11-16
335.3229064941406,335.3229064941406,335.96160337002345,331.12732770650473,333.09247505194395,2004500,2022-11-17
337.7007751464844,337.7007751464844,342.55469187911564,335.38188549969385,339.6364466369124,2737700,2022-11-18
332.35552978515625,332.35552978515625,338.2509715551812,331.7365036015808,337.0227545197593,1965100,2022-11-21
338.94866943359375,338.94866943359375,339.30241161484054,331.6776288863982,333.90806074769176,2510700,2022-11-22
342.56451416015625,342.56451416015625,344.68684699564983,338.15273779245257,338.6243839702123,1937300,2022-11-23
345.1683654785156,345.1683654785156,345.2764342054989,342.01428192788654,342.8789516868463,944400,2022-11-25
338.5850830078125,338.5850830078125,344.12681331978007,337.2487971085066,340.63865853545735,2226200,2022-11-28
337.1505126953125,337.1505126953125,338.71280125322096,334.811982531704,337.66144021567106,1724200,2022-11-29
350.1892395019531,350.1892395019531,350.1892395019531,335.52925757668044,336.8753786665383,4252300,2022-11-30
354.5125732421875,354.5125732421875,355.2789795163833,347.88020087426526,351.7515435886251,3374700,2022-12-01
353.7854919433594,353.7854919433594,355.9766421382899,349.85519705537155,351.2209889221171,2015500,2022-12-02
349.8846740722656,349.8846740722656,352.6457038401435,348.2732687561642,349.79624603532443,2202500,2022-12-05
341.4738464355469,341.4738464355469,348.81367338191546,338.34926917761214,347.6542435796535,2353300,2022-12-06
341.3658142089844,341.3658142089844,341.7883137605322,335.51948790910615,340.83521594321866,2454300,2022-12-07
345.0503845214844,345.0503845214844,346.03295812209876,341.169206804751,343.9007602150283,1998600,2022-12-08
342.7511901855469,342.7511901855469,346.62253318388224,341.306805564485,342.32869066696105,2301100,2022-12-09
351.928466796875,351.928466796875,352.19375092472313,343.01651534426475,344.2054212315771,2427100,2022-12-12
350.9262390136719,350.9262390136719,362.8252237427186,349.54080630865843,362.8055530751323,3072200,2022-12-13
351.2799072265625,351.2799072265625,355.78991657931186,347.60506146872535,350.7787850810012,2587200,2022-12-14
340.2161865234375,340.2161865234375,347.63460689953087,336.59048671440524,345.29610638671187,2774900,2022-12-15
339.8132629394531,339.8132629394531,342.1714336705282,337.39614018903376,338.7619019515336,5947100,2022-12-16
335.3131103515625,335.3131103515625,339.823120034846,333.6230823886654,339.3416385316747,2457300,2022-12-19
336.97369384765625,336.97369384765625,338.3689318397956,334.68428012103175,335.4212104647845,1895900,2022-12-20
339.6659240722656,339.6659240722656,341.54264354430694,336.4037720061277,337.65165986700094,2087000,2022-12-21
335.5686340332031,335.5686340332031,339.5775524148917,330.5673363836193,338.19211959076233,2276100,2022-12-22
337.6123962402344,337.6123962402344,338.5360181001805,331.80538092384876,333.112191010152,1914500,2022-12-23
340.1277770996094,340.1277770996094,340.8647075078772,335.853574734501,338.10367731042913,1637700,2022-12-27
335.9911193847656,335.9911193847656,343.41937483609206,335.8240686467755,340.5109348288019,1854100,2022-12-28
342.1419372558594,342.1419372558594,343.62563295432943,337.5533354378706,338.378693645235,1459800,2022-12-29
341.6703796386719,341.6703796386719,341.83740038353204,337.63198594827094,339.31217865863897,1617600,2022-12-30
340.7565612792969,340.7565612792969,348.4796064737736,337.9464147740744,343.86149789819086,2933600,2023-01-03
348.96112060546875,348.96112060546875,350.7592476655108,343.59627541497247,345.2666630680876,2661000,2023-01-04
345.6399841308594,345.6399841308594,351.3290949819461,345.1486972176409,349.914186273015,2608500,2023-01-05
361.8492431640625,361.8492431640625,362.88260806830135,349.69475626433865,351.65324195507884,4432800,2023-01-06
365.0970153808594,365.0970153808594,369.063213514046,363.7093340939136,365.74657024077703,3913500,2023-01-09
365.1363220214844,365.1363220214844,365.7956980199547,361.39646413893314,362.97113956135286,3485900,2023-01-10
371.87786865234375,371.87786865234375,371.93694638984306,365.38238103998816,366.720835688651,3370200,2023-01-11
373.7970275878906,373.7970275878906,375.0961371883721,370.9527963016282,371.8778870401594,3291200,2023-01-12
369.574951171875,369.574951171875,371.8877531967195,368.38411567440005,369.1222420631096,4261000,2023-01-13
369.06317138671875,369.06317138671875,372.3404391334802,368.0593303729445,369.06317138671875,2814500,2023-01-17
363.07940673828125,363.07940673828125,369.8603111609648,362.66604280948,368.58090429915586,2747100,2023-01-18
362.1149597167969,362.1149597167969,364.9296672057892,357.8436720377232,358.82784053615785,3111200,2023-01-19
370.3229064941406,370.3229064941406,370.6575201660166,363.5518226917528,364.3686993318823,3863400,2023-01-20
372.5766296386719,372.5766296386719,375.34214037491233,370.40159590100313,370.77558468972217,2743900,2023-01-23
373.9938659667969,373.9938659667969,383.8256992677902,369.2796906353781,383.8256992677902,2756200,2023-01-24
376.3362121582031,376.3362121582031,376.5035039861517,369.16161528773006,369.16161528773006,3501900,2023-01-25
371.2677307128906,371.2677307128906,378.02896378253996,367.09486571100365,377.34006382465805,3718400,2023-01-26
368.1085205078125,368.1085205078125,374.4957640740582,367.4688170285332,370.2343279428993,3405600,2023-01-27
365.2445983886719,365.2445983886719,367.8231149788525,363.5518274160775,363.6108751216207,2688600,2023-01-30
364.73284912109375,364.73284912109375,366.58309069145747,361.2095091006508,364.13249072310015,3137400,2023-01-31
368.15777587890625,368.15777587890625,370.81504310695266,361.1898754210872,362.73502732802115,2951900,2023-02-01
369.0041198730469,369.0041198730469,374.4465701828731,366.8979849802102,373.5115981445694,2761600,2023-02-02
367.9904479980469,367.9904479980469,372.2322118367343,364.6245785077815,364.92966834048974,2739600,2023-02-03
367.0653381347656,367.0653381347656,368.40379292012574,363.2073842788664,364.14235639690474,2068300,2023-02-06
369.1222229003906,369.1222229003906,371.1004111304566,363.0006938331102,365.6284368556521,2309100,2023-02-07
364.4867858886719,364.4867858886719,369.8406645775262,364.28011892697583,367.26214808348095,2193600,2023-02-08
364.55572509765625,364.55572509765625,368.6400185462846,363.40423468660987,367.39010527400035,2287600,2023-02-09
361.02252197265625,361.02252197265625,364.3883914982049,357.17444952178005,363.78806312253084,2270700,2023-02-10
364.95916748046875,364.95916748046875,365.26428732695456,361.258714588848,362.7251159457554,2286400,2023-02-13
364.1029357910156,364.1029357910156,367.49832881217543,361.9082594633536,363.7289469904895,1841400,2023-02-14
363.7880554199219,363.7880554199219,363.94549594817147,359.23135050120504,360.4812336723432,2203300,2023-02-15
361.7311096191406,361.7311096191406,367.17356006415145,359.1230691770357,359.1230691770357,2792700,2023-02-16
355.41278076171875,355.41278076171875,360.894606600605,354.1038198169881,358.29638730349257,2718900,2023-02-17
350.3245849609375,350.3245849609375,356.0426011206139,349.5667860843378,351.1119377234146,2730900,2023-02-21
349.35028076171875,349.35028076171875,352.07641659377595,347.6181346545829,349.7340908446549,2109300,2023-02-22
349.9013977050781,349.9013977050781,352.0764015070165,346.0926707192681,352.0764015070165,1975500,2023-02-23
347.5295715332031,347.5295715332031,348.39564460779485,344.0554579733786,345.2659960255155,2016100,2023-02-24
349.85223388671875,349.85223388671875,352.3618515816172,349.20267906387033,350.0097044529644,2200800,2023-02-27
349.6651916503906,349.6651916503906,352.13543385731674,347.6476284535535,349.19278001625514,2732900,2023-02-28
347.903564453125,347.903564453125,349.6849070338498,343.8586463381074,348.3956487027051,1968100,2023-03-01
349.9407958984375,349.9407958984375,350.9741607953257,346.12221736590345,348.0315066321705,2526000,2023-03-02
355.77691650390625,355.77691650390625,355.96391092363444,351.436729768979,352.4504221332972,2174900,2023-03-03
361.1209716796875,361.1209716796875,362.69564742254926,355.54075262211904,356.0918846269544,2789400,2023-03-06
354.2416076660156,354.2416076660156,363.3057910229856,353.8577675394982,361.3571566404777,1660800,2023-03-07
353.34600830078125,353.34600830078125,355.9737513584843,351.6237134601585,352.9326443238789,1634400,2023-03-08
348.82867431640625,348.82867431640625,358.2569950278215,348.30706622957075,353.5625222463018,2414700,2023-03-09
341.61468505859375,341.61468505859375,347.4606478626112,339.76447366220503,346.8307956931768,3176400,2023-03-10
339.25274658203125,339.25274658203125,344.32120881861454,334.823987922687,338.1898577189431,3308200,2023-03-13
347.2343444824219,347.2343444824219,350.47223728887064,343.04177697562454,345.44315056751003,3413300,2023-03-14
342.5693359375,342.5693359375,342.8842770452387,338.19965571398285,340.5714752140904,3082600,2023-03-15
342.4906005859375,342.4906005859375,343.1696791795093,334.8928193945502,341.13244339879384,3768100,2023-03-16
344.12432861328125,344.12432861328125,346.36823137867395,341.3686390544807,344.704984368971,8426800,2023-03-17
343.7897644042969,343.7897644042969,348.23819542897047,341.84109986680915,342.4906547126384,3864200,2023-03-20
348.9566345214844,348.9566345214844,350.5608339924219,345.2758238841405,348.75978880642924,3766800,2023-03-21
345.47265625,345.47265625,354.30064861264253,345.47265625,348.9959661516063,2596400,2023-03-22
348.7597961425781,348.7597961425781,354.1628717453311,346.2698509703951,346.83083423910716,2598100,2023-03-23
346.06317138671875,346.06317138671875,346.8406729044558,340.82738780495845,344.9018597752991,2971500,2023-03-24
349.00579833984375,349.00579833984375,352.22404827725535,348.67118468305057,349.9407703473809,2420300,2023-03-27
348.7204284667969,348.7204284667969,350.2655802957288,347.21465178943606,349.9309665934754,1695900,2023-03-28
353.838134765625,353.838134765625,354.33021906452495,350.18687767743114,351.7221782872436,2327000,2023-03-29
353.5723876953125,353.5723876953125,356.84965561087427,352.56851659539467,355.23563487611824,2480500,2023-03-30
357.6566467285156,357.6566467285156,357.892837536719,354.67461763720195,355.412743947274,3376600,2023-03-31
360.6682434082031,360.6682434082031,360.855237832186,356.0229667321176,356.86933725377463,2978000,2023-04-03
358.13885498046875,358.13885498046875,363.2762149462154,357.6270982531195,360.99293717600926,2198700,2023-04-04
358.5923156738281,358.5923156738281,359.91316665519673,356.44343982026584,358.28674724210015,2239600,2023-04-05
356.3055114746094,356.3055114746094,356.86737483951975,350.8840925283831,356.0492165892342,2357600,2023-04-06
354.9945068359375,354.9945068359375,355.77319803608606,352.47105521317366,354.5706276077333,1559100,2023-04-10
358.92742919921875,358.92742919921875,359.972281844048,355.9998624275417,358.22758188010914,3033800,2023-04-11
356.6110534667969,356.6110534667969,363.3336196803719,355.8717691199492,360.84960502276726,2268800,2023-04-12
364.36859130859375,364.36859130859375,364.467168567249,358.19805199331216,358.6219011158183,2611700,2023-04-13
367.10888671875,367.10888671875,368.0551923454136,363.8363141100421,364.7136126444695,2254600,2023-04-14
367.4342041015625,367.4342041015625,368.7550552524717,363.1266452547294,368.02560754110505,2432700,2023-04-17
367.00048828125,367.00048828125,368.60720448270325,364.67419111943275,368.60720448270325,2087800,2023-04-18
367.47357177734375,367.47357177734375,368.80428953760185,365.8570190789576,367.6608595404237,1795300,2023-04-19
369.6422119140625,369.6422119140625,369.82949970795715,364.4080805998842,366.1429443405668,2124800,2023-04-20
369.8787536621094,369.8787536621094,372.0374664715793,367.9270621390413,370.35190649759545,3537800,2023-04-21
369.3760681152344,369.3760681152344,372.2444951944579,368.2819115618015,369.7900505331912,1886300,2023-04-24
363.26458740234375,363.26458740234375,369.22813535415696,363.0575962224136,368.1635792043899,2245000,2023-04-25
361.5198974609375,361.5198974609375,366.9018788613602,360.8594569024187,364.35875404889197,2594200,2023-04-26
368.3312072753906,368.3312072753906,369.62248825846575,355.8422165232993,361.3424790996019,3859900,2023-04-27
374.6003112792969,374.6003112792969,376.4731589685267,366.20205180801975,367.2074677047917,3107300,2023-04-28
374.4327087402344,374.4327087402344,376.99556707125726,373.5455735706838,375.05371238338654,1745100,2023-05-01
370.657470703125,370.657470703125,373.42732042557134,365.6401976807191,372.37260082948524,2478700,2023-05-02
369.5435791015625,369.5435791015625,374.12713582411,368.98171580432256,371.2883093317753,1970900,2023-05-03
370.7461853027344,370.7461853027344,371.4657662660541,366.8230687560889,369.14933584590295,2814900,2023-05-04
379.1641845703125,379.1641845703125,379.6471740828572,372.83589690566714,375.13262394121705,2683100,2023-05-05
380.00201416015625,380.00201416015625,381.92413537827485,378.2868540510202,378.5234454931928,1719600,2023-05-08
377.4687194824219,377.4687194824219,380.65258145335815,377.23215812586403,378.395291571015,2036400,2023-05-09
377.0744323730469,377.0744323730469,381.2341399313828,372.2542842665282,380.47512212624736,1940800,2023-05-10
377.9123229980469,377.9123229980469,380.20901984573754,373.84132563342285,376.74915940704165,1901200,2023-05-11
376.46331787109375,376.46331787109375,379.5190024473676,373.3878697117661,378.99657604417655,2044000,2023-05-12
377.9320068359375,377.9320068359375,378.1784349437243,375.09315022118454,376.4140012691351,1957400,2023-05-15
374.80731201171875,374.80731201171875,378.11932165976515,371.92904835249334,377.1336091580877,2762700,2023-05-16
381.47076416015625,381.47076416015625,381.98332386661696,373.71321105604716,376.7393558621118,3260300,2023-05-17
386.4189758300781,386.4189758300781,386.4189758300781,380.2977100649767,381.5791241908596,3729500,2023-05-18
380.0611877441406,380.0611877441406,386.59646663680695,379.63733857544406,386.3993120980108,3369100,2023-05-19
379.0360412597656,379.0360412597656,381.83546125956684,378.69103585494815,379.4894606046792,1808800,2023-05-22
368.4100036621094,368.4100036621094,376.57170100151546,365.14729807633523,376.06897805938405,3979000,2023-05-23
363.23504638671875,363.23504638671875,364.3291727928609,360.3567527289903,364.0926114253831,2655700,2023-05-24
364.7530212402344,364.7530212402344,365.6894299618574,359.6963118661834,362.65344903636014,3752200,2023-05-25
369.0211486816406,369.0211486816406,370.3124295271878,364.76286386744954,365.69930268592515,2691300,2023-05-26
362.249267578125,362.249267578125,371.24882562379446,360.9678536301973,370.9038203050287,3430100,2023-05-30
359.80474853515625,359.80474853515625,360.47505586475177,352.7372070973269,359.78504511546925,10695300,2023-05-31
365.5810546875,365.5810546875,365.7880458884602,360.8200464945087,361.9142030055574,3389700,2023-06-01
368.3902893066406,368.3902893066406,370.4504245190454,366.83284693988816,369.23798749289404,2501500,2023-06-02
365.2261657714844,365.2261657714844,367.4735889519259,363.2646076240867,367.4243153620989,2316200,2023-06-05
374.5312805175781,374.5312805175781,374.9452929674719,366.4977303572802,367.6214569487379,2758700,2023-06-06
366.0837707519531,366.0837707519531,375.0635969655147,362.9984858902783,373.87089329287573,3714500,2023-06-07
362.33795166015625,362.33795166015625,364.48679708208294,360.62282202193677,364.0826514617399,2594700,2023-06-08
363.9447937011719,363.9447937011719,366.7934873657292,362.5056617820799,365.1670676531491,2201800,2023-06-09
369.9477844238281,369.9477844238281,370.5983583336554,364.6545127047337,365.37409371444284,2407500,2023-06-12
366.0738830566406,366.0738830566406,371.79100305539544,364.5263073389186,369.94772564453484,2444100,2023-06-13
369.4055480957031,369.4055480957031,372.6780900424522,366.704675960755,367.60167775606624,2775400,2023-06-14
373.62445068359375,373.62445068359375,374.1468770721376,365.22616146500457,367.93687066777227,2558100,2023-06-15
371.15032958984375,371.15032958984375,377.42931345539125,370.78562077477994,376.1577358967009,5886900,2023-06-16
369.267578125,369.267578125,374.0877262477916,368.41001314157216,369.65202040394655,3961700,2023-06-20
370.7658996582031,370.7658996582031,372.9837526962817,368.32132192464934,368.61702363043696,2301300,2023-06-21
372.4021301269531,372.4021301269531,373.0724374163264,368.6071614782893,369.7505613826594,1933300,2023-06-22
374.38348388671875,374.38348388671875,375.6747649299297,367.887641745545,369.6225054720526,3739700,2023-06-23
372.0276184082031,372.0276184082031,374.56087662642926,369.98718634970527,372.6584587546392,3327800,2023-06-26
376.3351745605469,376.3351745605469,377.37016062751945,373.5948950810704,374.9058794380062,2197300,2023-06-27
374.79742431640625,374.79742431640625,375.9506909406879,373.2597154296613,375.7436997663522,2012400,2023-06-28
382.1311340332031,382.1311340332031,382.4662726347589,375.0635629875407,375.408568339057,2524600,2023-06-29
387.68072509765625,387.68072509765625,389.5240327928977,382.5550380027385,382.5550380027385,4407100,2023-06-30
388.3312683105469,388.3312683105469,388.67627368429726,383.12670777872876,385.74870650505227,1304600,2023-07-03
389.0902404785156,389.0902404785156,389.6028000629015,381.59882072285507,383.2548102246123,2781800,2023-07-05
388.08343505859375,388.08343505859375,389.1396497889245,384.72714186856473,388.7645325412111,2156600,2023-07-06
383.6807556152344,383.6807556152344,387.40228481584023,383.40435820544644,385.6352995219863,2654400,2023-07-07
387.11602783203125,387.11602783203125,388.3696822021148,383.019411303747,383.4833673521348,2148600,2023-07-10
392.6835021972656,392.6835021972656,393.335016921884,387.2937369073203,388.557272399745,2106200,2023-07-11
395.5362854003906,395.5362854003906,397.98439822403867,393.58174152404644,393.86801994849884,2273400,2023-07-12
395.407958984375,395.407958984375,398.05348135426345,395.3092391683222,397.8165778957834,2354900,2023-07-13
397.3329162597656,397.3329162597656,398.3002921959635,395.1513196433113,396.94791798919357,1978500,2023-07-14
397.0268859863281,397.0268859863281,398.80372220354815,395.96076015594906,396.7801015047665,2344500,2023-07-17
393.0387878417969,393.0387878417969,396.7701674997072,390.1267192982321,395.26972889720656,2676200,2023-07-18
393.1474304199219,393.1474304199219,394.7071252903037,391.2126484241273,392.88091401171954,1809700,2023-07-19
392.9400939941406,392.9400939941406,394.57874645613254,390.4623683264523,392.0319440333132,2570700,2023-07-20
392.3774719238281,392.3774719238281,396.34578594307226,392.3083951592365,393.54231765277046,1868100,2023-07-21
399.58355712890625,399.58355712890625,399.7020088563494,391.5087462491887,392.36758152326735,3029800,2023-07-24
396.11871337890625,396.11871337890625,399.65265396710777,395.8423159592986,398.18182806902365,2490500,2023-07-25
397.23419189453125,397.23419189453125,398.1226100375359,390.659849436201,394.0457254242944,2572300,2023-07-26
389.4259338378906,389.4259338378906,399.97844127381956,388.8830199979,399.97844127381956,3563300,2023-07-27
387.9057312011719,387.9057312011719,392.8809150427604,383.8782215080214,392.84142108864376,4501000,2023-07-28
389.2087097167969,389.2087097167969,390.9855457941438,387.4219926209465,388.9026993937544,3578300,2023-07-31
391.96282958984375,391.96282958984375,392.1898520131416,387.31338867066285,388.71513765931377,2344200,2023-08-01
385.0035400390625,385.0035400390625,389.1396505414839,384.56919692245543,388.81390826655866,2410600,2023-08-02
387.955078125,387.955078125,388.37954019461847,381.44984293866344,382.5751644866122,2190500,2023-08-03
386.31640625,386.31640625,390.9954300508058,385.0528709984085,386.57304160770707,2215800,2023-08-04
391.7654113769531,391.7654113769531,392.6340975441374,387.9451925451816,387.9451925451816,1559800,2023-08-07
388.1327819824219,388.1327819824219,391.2817545260415,385.1121421952915,391.0843148814334,1747000,2023-08-08
388.6065673828125,388.6065673828125,391.68643262879453,386.82970119278394,388.7940958576769,1806100,2023-08-09
392.031982421875,392.031982421875,395.47708424931534,390.6203522493319,391.360705716551,2154500,2023-08-10
389.89971923828125,389.89971923828125,391.56798461649834,387.75761684655737,390.6598045385412,1464600,2023-08-11
393.4533996582031,393.4533996582031,394.0950633748718,389.53446110244187,391.35082129647105,1638500,2023-08-14
389.3765563964844,389.3765563964844,392.37743392006473,388.5276021381269,392.37743392006473,1753200,2023-08-15
389.2975769042969,389.2975769042969,394.0654699305495,388.06365450361886,388.3795458682065,2002000,2023-08-16
387.5700988769531,387.5700988769531,391.1139205186117,385.96105919110374,391.04484375684183,2118600,2023-08-17
387.1259460449219,387.1259460449219,388.7744497342337,383.82887841617253,384.8061655801096,2001800,2023-08-18
388.14263916015625,388.14263916015625,389.90959433310286,385.99065561633245,388.1524900542394,1869400,2023-08-21
392.7229309082031,392.7229309082031,393.6409619073935,388.6164337087991,389.9194629415543,2422500,2023-08-22
395.9015197753906,395.9015197753906,396.7504740258678,393.23623542221947,394.1345345171763,1943200,2023-08-23
392.5551452636719,392.5551452636719,398.8037149684238,392.38731856422885,396.424708994323,1970000,2023-08-24
397.7080078125,397.7080078125,399.41573712016594,393.8680268749195,395.49679840465376,2154600,2023-08-25
402.199462890625,402.199462890625,402.5548180697418,397.96463292247057,398.80370615101765,1901300,2023-08-28
406.3553161621094,406.3553161621094,406.88837907054017,401.3604007286382,402.17974206706714,2188800,2023-08-29
408.58624267578125,408.58624267578125,412.40646144342446,408.20124444335465,409.4450478095854,2516600,2023-08-30
407.3326110839844,407.3326110839844,410.93565851398773,406.4836567966762,408.8823947435625,2535100,2023-08-31
410.2248840332031,410.2248840332031,411.1527960232904,407.1844825816237,408.51712470569,1841700,2023-09-01
406.207275390625,406.207275390625,410.05710745558486,404.43043909143125,408.0334866634442,2045600,2023-09-05
407.8656005859375,407.8656005859375,408.0630402015806,403.63080099341215,405.4964758234994,2292100,2023-09-06
409.28717041015625,409.28717041015625,410.777758494529,406.4343571320234,406.6219157701258,2502700,2023-09-07
409.5043029785156,409.5043029785156,410.9751288818973,408.536896943875,409.66224866529734,1868900,2023-09-08
411.33050537109375,411.33050537109375,412.2189234807264,409.30688466998276,411.488451054482,1544700,2023-09-11
410.91595458984375,410.91595458984375,412.27820994988826,409.90908460092805,410.60009330169544,1997600,2023-09-12
410.94549560546875,410.94549560546875,413.0283722389185,409.63261545386007,410.8171929835532,2142200,2023-09-13
408.0235900878906,408.0235900878906,413.21594526155553,402.53510558400336,412.91978580627415,3557700,2023-09-14
408.98114013671875,408.98114013671875,412.9198110951918,405.85192956384026,406.5626399999008,4755500,2023-09-15
411.76483154296875,411.76483154296875,412.51506597695897,407.7274412009433,408.55663341085256,1808000,2023-09-18
408.21112060546875,408.21112060546875,411.7352100178232,405.8123828206118,411.5969962565276,1730900,2023-09-19
405.2398376464844,405.2398376464844,410.5012994947388,404.8054945628554,408.4480358039369,1580000,2023-09-20
398.17193603515625,398.17193603515625,403.5123557850774,396.92816274385746,403.08789371046794,2450700,2023-09-21
397.04656982421875,397.04656982421875,401.6170226893446,396.39505525677646,399.188672119827,1885000,2023-09-22
397.3131408691406,397.3131408691406,398.0436434316904,394.6972313463146,395.4474658226946,1846500,2023-09-25
390.2945861816406,390.2945861816406,395.69423167833224,388.5473328254994,394.8551584416322,2940400,2023-09-26
390.3932800292969,390.3932800292969,391.9233316164639,386.44472870751804,391.1138713654858,1987500,2023-09-27
394.3023986816406,394.3023986816406,396.18783584581377,390.2847398573302,390.73881489488724,2216200,2023-09-28
390.81781005859375,390.81781005859375,397.00715448724833,389.17915735996553,396.85908981193336,3032300,2023-09-29
390.758544921875,390.758544921875,391.26196476735817,387.40228207673545,388.53748464015734,2856800,2023-10-02
386.0301513671875,386.0301513671875,392.7426771519846,383.9670367359041,389.42590821127783,2527900,2023-10-03
388.6954650878906,388.6954650878906,389.39632462668504,383.5820673979949,386.95809258321185,1813400,2023-10-04
389.6938781738281,389.6938781738281,390.2079231486394,385.5418766653253,385.92743302298055,2116600,2023-10-05
393.4207763671875,393.4207763671875,396.4161390037836,386.0361652892207,388.73496931574965,2484000,2023-10-06
390.2276611328125,390.2276611328125,391.96755197590386,385.12664220816254,389.95086305947774,2475100,2023-10-09
395.7933044433594,395.7933044433594,398.11644726753696,389.34784642171047,391.01853018662587,2713800,2023-10-10
395.23974609375,395.23974609375,400.4989401031068,392.8177401195455,398.64042566606116,2055600,2023-10-11
395.3287048339844,395.3287048339844,400.70652216901425,392.77821029617536,399.1841175858953,1779000,2023-10-12
393.4801330566406,393.4801330566406,397.54316749126644,390.56384232654165,394.25121569966507,2235600,2023-10-13
396.5743103027344,396.5743103027344,399.8069198000827,394.22151145364097,395.66481362499394,2202100,2023-10-16
397.1773376464844,397.1773376464844,398.9963009009494,393.89531164860745,395.0717111169472,2176000,2023-10-17
388.7152099609375,388.7152099609375,396.78193666099196,388.072646141513,394.5477610559729,1951400,2023-10-18
383.43621826171875,383.43621826171875,390.3166494274828,381.0933147722169,389.3478712037526,3472800,2023-10-19
380.0157470703125,380.0157470703125,385.53194786035675,379.77850020541104,383.4361867704566,2652500,2023-10-20
379.28424072265625,379.28424072265625,383.42631663205674,376.64474850221904,377.93977133947647,1771800,2023-10-23
382.4871520996094,382.4871520996094,384.97833457625427,379.4818945469484,381.09326649296787,2003300,2023-10-24
381.89404296875,381.89404296875,384.1875300189489,377.87056037243804,379.610451261379,3504500,2023-10-25
360.4223327636719,360.4223327636719,371.2570394944847,358.8900630313469,366.7788235701574,6920100,2023-10-26
359.91815185546875,359.91815185546875,364.08004864615816,355.6574223097574,362.3006065248334,3624900,2023-10-27
368.162841796875,368.162841796875,368.9635801897333,360.550849224512,362.3302611711464,3386400,2023-10-30
372.0479431152344,372.0479431152344,373.36272658954687,368.844959092741,369.0525803008413,2978800,2023-10-31
373.5010986328125,373.5010986328125,376.05159304951553,370.7528783741266,374.3413882081479,2354700,2023-11-01
378.3153991699219,378.3153991699219,378.66140428612215,374.1633981129702,375.9527052401686,2816000,2023-11-02
381.6369934082031,381.6369934082031,383.99968744646947,379.34353659882765,380.59900818065586,2269100,2023-11-03
381.74578857421875,381.74578857421875,383.8118940552602,379.8180670581555,382.67504579882325,2020500,2023-11-06
384.4248046875,384.4248046875,385.13657554181896,379.9070373228469,381.5876166137676,2324200,2023-11-07
385.2453308105469,385.2453308105469,386.8962240579644,382.5761825854817,382.6849106886887,2838400,2023-11-08
383.52520751953125,383.52520751953125,386.9753337248652,382.8430925196397,386.4909144168927,2657100,2023-11-09
389.8717956542969,389.8717956542969,390.5736711045311,382.3191150088961,385.58141038010103,2807000,2023-11-10
389.8421630859375,389.8421630859375,391.1075301079871,388.5273495162127,389.8421630859375,1614600,2023-11-13
393.10443115234375,393.10443115234375,397.0883627555026,392.21472514417474,392.63980254592786,2733900,2023-11-14
392.2938232421875,392.2938232421875,394.71582936120166,390.24750833913816,392.9265218835762,2434600,2023-11-15
392.5607604980469,392.5607604980469,395.3781882145514,391.0284604289918,393.46036191875436,3060600,2023-11-16
395.7241516113281,395.7241516113281,396.53478541744096,393.3614874309884,395.397937121358,2365500,2023-11-17
399.7773132324219,399.7773132324219,400.56818656465305,393.7075150223037,396.1393864103572,2768300,2023-11-20
404.2752685546875,404.2752685546875,405.65925899748424,401.0525242481737,401.082180108779,2567500,2023-11-21
405.6394348144531,405.6394348144531,408.1306475744974,405.4614996655147,407.5473955849371,1967900,2023-11-22
407.78466796875,407.78466796875,408.24929655476046,405.8371860446713,407.7747726258364,1053500,2023-11-24
404.2950134277344,404.2950134277344,408.0021467035949,403.58324263202,406.3018070343178,2665900,2023-11-27
404.3345642089844,404.3345642089844,405.9459362982107,402.8022643553206,404.40374110182864,2645000,2023-11-28
405.1353454589844,405.1353454589844,407.36949083262215,404.73992390186777,406.3117449552997,2151400,2023-11-29
409.0994567871094,409.0994567871094,409.4257014203314,404.10719588306716,405.4121140784976,3203500,2023-11-30
409.6233825683594,409.6233825683594,411.8377973523059,406.8652971420306,408.1702152911679,2171400,2023-12-01
403.5634765625,403.5634765625,410.1077975884435,403.3657507230169,409.099438043298,3097900,2023-12-04
404.0182189941406,404.0182189941406,404.37408931084383,399.69817780470066,402.4365027484274,2755600,2023-12-05
405.6889343261719,405.6889343261719,409.0896139595084,402.50574107062073,406.72691966589775,2224200,2023-12-06
408.4272766113281,408.4272766113281,408.84248886587005,405.30339494882344,407.35963536479875,2363000,2023-12-07
407.4486083984375,407.4486083984375,408.94135726345434,404.552108428141,407.50792012577426,1959300,2023-12-08
410.9579772949219,410.9579772949219,411.41274071961686,407.6660560654909,407.7451283048518,2236000,2023-12-11
415.9403381347656,415.9403381347656,416.187480343996,409.95950873888063,412.2332049963096,2736500,2023-12-12
419.825439453125,419.825439453125,421.49612333246165,414.3586545615985,417.03766787318386,3694200,2023-12-13
413.775390625,413.775390625,420.98206625317533,411.14579376726596,420.15167200895326,3989700,2023-12-14
413.78533935546875,413.78533935546875,414.46745438850365,406.8950121223885,407.9033416557421,5566600,2023-12-15
419.5782775878906,419.5782775878906,420.2307366613028,414.73429616632177,414.73429616632177,2686900,2023-12-18
420.6064147949219,420.6064147949219,421.80257472721496,417.69012444674047,419.2026336703152,2256200,2023-12-19
414.6552429199219,414.6552429199219,422.72193870725107,414.4476217265595,420.2208605623334,3058300,2023-12-20
418.5996398925781,418.5996398925781,419.0543731637362,415.80197286096046,416.9685071537933,2213600,2023-12-21
419.2521057128906,419.2521057128906,422.2870196876821,418.12512260743813,419.89466950888146,1759000,2023-12-22
418.8270263671875,418.8270263671875,420.85358067645205,418.1152555061627,420.1418098154273,1258200,2023-12-26
419.50909423828125,419.50909423828125,420.1516881740649,418.1251037779962,418.1646549822127,1324100,2023-12-27
421.4466857910156,421.4466857910156,423.4633445542453,418.8368495062795,418.9258170838872,1505000,2023-12-28
421.634521484375,421.634521484375,423.45348459824385,419.420106684629,421.80256129901767,1706100,2023-12-29
417.0674133300781,417.0674133300781,419.4300776851188,414.7640305361388,419.24224715106425,2463700,2024-01-02
413.9830017089844,413.9830017089844,416.5236311103415,412.7275300233088,416.3852471472947,3093700,2024-01-03
414.9715576171875,414.9715576171875,418.6095141090366,413.49859960547775,413.7160859709213,2042600,2024-01-04
414.6255798339844,414.6255798339844,417.927396327965,412.22333448731524,415.68332562497943,2415900,2024-01-05
417.81378173828125,417.81378173828125,417.91277026037835,412.41757776782043,415.2988508217177,2125400,2024-01-08
418.42767333984375,418.42767333984375,419.51681907554195,414.40776016503963,414.96222886389,2439300,2024-01-09
424.0416564941406,424.0416564941406,425.22982091643564,419.9623383092183,421.7940792034746,2709300,2024-01-10
422.5069580078125,422.5069580078125,427.5269087143768,421.5663253528752,425.7545730775202,2320600,2024-01-11
424.863525390625,424.863525390625,426.8536602243243,423.477353556728,425.70513943072376,1892400,2024-01-12
424.12091064453125,424.12091064453125,425.4872907525098,422.30896129568026,423.2198914397587,2398000,2024-01-16
423.2001037597656,423.2001037597656,426.13087127547266,421.2792549255869,421.2792549255869,2690400,2024-01-17
426.467529296875,426.467529296875,426.96259282780954,423.2298246824241,424.40807830335063,2075700,2024-01-18
432.4676818847656,432.4676818847656,432.7548271833133,425.10113438248914,428.2794336803675,2400200,2024-01-19
435.4083557128906,435.4083557128906,436.58660928038813,432.9429491098426,434.64596878768344,2715500,2024-01-22
434.4281311035156,434.4281311035156,436.2499611530093,433.5369926327202,435.92320232271015,2328600,2024-01-23
434.36871337890625,434.36871337890625,436.5766771813187,431.457737672797,434.20037849901735,2725700,2024-01-24
432.48748779296875,432.48748779296875,434.299437234185,430.1705940981394,431.6953982313498,2977800,2024-01-25
434.20037841796875,434.20037841796875,435.546966807997,426.41799494703605,428.279408266702,2725400,2024-01-26
436.2301330566406,436.2301330566406,436.6063861449417,430.37850917499804,431.4775356227725,2314200,2024-01-29
440.794677734375,440.794677734375,441.8145074194469,435.7054100327577,436.5470240951057,2663600,2024-01-30
444.7947692871094,444.7947692871094,457.43868037547156,442.2105220686273,445.5571562098749,4740500,2024-01-31
456.3693542480469,456.3693542480469,456.5871833986611,449.56715631507063,450.507789060059,3292700,2024-02-01
456.0326843261719,456.0326843261719,459.2605080434194,453.97323344344477,457.6465961847956,2050300,2024-02-02
452.25042724609375,452.25042724609375,456.8148983036896,451.03256013384436,454.97327655062224,2438800,2024-02-05
455.9534606933594,455.9534606933594,456.0128658930857,450.86419366410934,450.86419366410934,2201900,2024-02-06
457.349609375,457.349609375,457.6763380206846,455.0822098703737,456.6565083230521,2544300,2024-02-07
453.7356262207031,453.7356262207031,456.20103287675283,452.93362573701756,455.45843759806036,2081300,2024-02-08
453.3594055175781,453.3594055175781,454.4584321047871,451.86430391373176,453.5376211452961,2155400,2024-02-09
454.1811828613281,454.1811828613281,454.86437296150666,451.577143815181,454.6465437959964,1794500,2024-02-12
455.9138488769531,455.9138488769531,457.3198424470991,451.5375046604409,452.25039727612625,2407700,2024-02-13
460.59716796875,460.59716796875,460.85461065036947,454.90393788658827,457.43866051456155,2202700,2024-02-14
466.6270446777344,466.6270446777344,467.4488367808189,460.6367884999172,461.2308405183987,2354100,2024-02-15
463.5081787109375,463.5081787109375,469.4885545271727,462.45864645985944,469.4885545271727,2237200,2024-02-16
447.2898864746094,447.2898864746094,451.34941334696515,445.67597457867964,448.32950777115997,5044200,2024-02-20
454.5177307128906,454.5177307128906,455.06231862490046,447.53734831789336,448.8344121092119,2895800,2024-02-21
466.904296875,466.904296875,467.83501869457297,457.0228183006913,457.25055839400085,2572800,2024-02-22
468.7459716796875,468.7459716796875,470.4786940555333,467.2013456485271,469.05290865467776,1764100,2024-02-23
469.8251953125,469.8251953125,470.38954476560383,467.33996675229844,468.3300938005024,2066900,2024-02-26
470.0627746582031,470.0627746582031,470.3103063984128,465.31017733268783,469.86473717952464,2011100,2024-02-27
474.1223449707031,474.1223449707031,474.4094902763882,468.9934940924146,469.4885576184953,1931900,2024-02-28
470.07275390625,470.07275390625,473.6669201309899,467.3894876967353,473.2807560563339,3072500,2024-02-29
471.92425537109375,471.92425537109375,472.78566106030576,469.2211976771188,470.2212356555866,1748300,2024-03-01
463.8645935058594,463.8645935058594,471.9242418755934,461.1714468284977,470.9737284060182,3212400,2024-03-04
462.9041748046875,462.9041748046875,464.6071944924924,460.0328124819281,462.75566179452863,2015100,2024-03-05
466.9439392089844,466.9439392089844,468.94398504230816,462.54777253541425,462.54777253541425,1917100,2024-03-06
462.9239807128906,462.9239807128906,468.59738901917893,461.2902772249481,468.52810309434767,2178100,2024-03-07
464.62701416015625,464.62701416015625,466.96369941894454,462.48833617521115,462.48833617521115,1596900,2024-03-08
464.5279541015625,464.5279541015625,464.7358722963038,460.10208551584185,464.3695301668105,1774500,2024-03-11
468.2013854980469,468.2013854980469,469.68657611174405,464.0824532367731,465.88449176663295,1853900,2024-03-12
470.914306640625,470.914306640625,471.4588946419879,468.1122604146703,469.54795670811507,2103900,2024-03-13
474.7460632324219,474.7460632324219,477.2411721758973,472.4687532022322,476.27083692307474,2757700,2024-03-14
471.1321105957031,471.1321105957031,473.7361494042751,468.40926138337966,468.66670406902637,4179300,2024-03-15
474.1619567871094,474.1619567871094,476.0728947389166,471.9440516512724,473.9144250249702,2072300,2024-03-18
479.22149658203125,479.22149658203125,479.82545958423975,474.77583575608935,476.8649893468785,2049500,2024-03-19
483.2215576171875,483.2215576171875,483.62751328632197,478.8650051482528,479.5382842118668,1691100,2024-03-20
483.8156433105469,483.8156433105469,485.16220144748644,478.62735758881604,483.7067136344929,2580300,2024-03-21
476.91448974609375,476.91448974609375,484.0632079601132,476.70654131847203,483.48891737374606,2277800,2024-03-22
471.3400573730469,471.3400573730469,477.5580536166486,469.72614555640865,476.84516098035067,2600300,2024-03-25
472.092529296875,472.092529296875,475.26094770139525,467.64686885112695,473.0034594084647,2515100,2024-03-26
473.2312316894531,473.2312316894531,477.39965807464944,470.06281306935125,475.756043559396,2309400,2024-03-27
476.81549072265625,476.81549072265625,477.6669854818461,472.56783721757796,473.1916220936856,2214500,2024-03-28
473.6767578125,473.6767578125,478.50858247907803,472.6173146548121,475.9144545350411,1648200,2024-04-01
474.69659423828125,474.69659423828125,475.66692960451405,471.5974918030586,472.2608902076188,3265100,2024-04-02
472.7064514160156,472.7064514160156,478.52837286553984,472.4985029877523,475.69662411472314,2265000,2024-04-03
465.1319580078125,465.1319580078125,477.2016087651883,464.3695710824032,475.23126567010326,2552600,2024-04-04
472.4390869140625,472.4390869140625,474.5777648369619,467.8647050579768,469.3201929409384,2462700,2024-04-05
474.779052734375,474.779052734375,475.6019831583904,470.2478974232635,472.34986935750254,1961800,2024-04-08
468.1459045410156,468.1459045410156,474.8186998992185,463.85269937437556,473.90650802575175,2217200,2024-04-09
465.18133544921875,465.18133544921875,470.35695850567237,464.8640486871215,466.17283388717436,2710500,2024-04-10
464.32861328125,464.32861328125,466.3512784895172,460.24364471456926,464.2988695395753,2299900,2024-04-11
461.42352294921875,461.42352294921875,465.52831052619257,458.18130386719764,462.0382471062139,2486300,2024-04-12
455.881103515625,455.881103515625,466.99579322172474,454.5326498221994,466.24224467957123,2070500,2024-04-15
455.9107971191406,455.9107971191406,459.44052896818624,455.09776117709106,456.0892595674551,1787200,2024-04-16
456.2479553222656,456.2479553222656,459.4703254609058,454.25503364622705,458.8357518943159,1735000,2024-04-17
450.8343505859375,450.8343505859375,457.98304583140913,449.94197778775816,456.58502940680995,1998900,2024-04-18
451.5184631347656,451.5184631347656,455.95043185874067,448.74224950763255,454.98870747508494,2548800,2024-04-19
452.866943359375,452.866943359375,456.8230127222106,451.2607206183179,453.61056724009643,2157400,2024-04-22
458.8853454589844,458.8853454589844,459.0439888507994,453.4221790124873,454.5822455772013,2029100,2024-04-23
458.5680236816406,458.5680236816406,464.16998375715235,456.4363081096657,461.3343127724508,4043100,2024-04-24
458.18133544921875,458.18133544921875,460.0552820487082,452.83717452344166,457.0212992041237,2006500,2024-04-25
458.4887390136719,458.4887390136719,460.8683293066677,457.0213103748939,458.9745635847633,1963300,2024-04-26
453.21392822265625,453.21392822265625,457.66574639073923,451.80598717010974,457.031203144023,2120700,2024-04-29
447.3641052246094,447.3641052246094,453.8286641170352,447.04681846399035,452.3810848766408,2698800,2024-04-30
438.3117370605469,438.3117370605469,445.1629951374437,434.65310527586615,442.010006998278,4979100,2024-05-01
437.3499755859375,437.3499755859375,440.8797076734306,434.3258871361602,439.23381660326424,3866500,2024-05-02
439.8088684082031,439.8088684082031,441.47460879762116,433.1856660351362,441.12757828907024,3711500,2024-05-03
445.54962158203125,445.54962158203125,446.67001959123,441.7720151799456,443.4278307859028,2536200,2024-05-06
449.20831298828125,449.20831298828125,449.4462629483267,443.7253274325902,447.9193770271907,2345300,2024-05-07
450.90374755859375,450.90374755859375,451.2408534068569,446.09500419360194,450.14030463089176,2332400,2024-05-08
451.61761474609375,451.61761474609375,452.15303237596225,449.6941053518726,449.6941053518726,1970100,2024-05-09
453.094970703125,453.094970703125,454.68134401006984,451.1119738113127,453.44197095268714,1729900,2024-05-10
453.86834716796875,453.86834716796875,454.82017722240005,451.6374756209964,453.0453864971984,2069300,2024-05-13
450.3385925292969,450.3385925292969,455.0779537461766,445.48022608569966,454.02696784614983,2991000,2024-05-14
454.1062927246094,454.1062927246094,454.70119784967403,448.94059424252987,448.94059424252987,2437800,2024-05-15
454.9689025878906,454.9689025878906,460.9773809548725,454.9193397671532,456.0893007113741,2412200,2024-05-16
456.3569641113281,456.3569641113281,457.76490517276227,454.21532390614783,456.53545682202423,1985900,2024-05-17
455.752197265625,455.752197265625,458.2904309666833,454.8796737574864,455.5737348002691,1397200,2024-05-20
455.19696044921875,455.19696044921875,456.47600196696067,451.7564594964416,454.017074831589,2166000,2024-05-21
452.63885498046875,452.63885498046875,458.56802651898187,451.30035629875596,454.9986260987755,1713700,2024-05-22
447.3739929199219,447.3739929199219,454.15583847119535,446.61055003063655,452.63884710128065,2084600,2024-05-23
447.3442687988281,447.3442687988281,450.58648813459575,446.49159464545784,448.66297869777003,2162100,2024-05-24
441.29608154296875,441.29608154296875,446.7989156555478,438.6388731712908,446.17426684067016,2670800,2024-05-28
438.70831298828125,438.70831298828125,440.7805410828823,438.04399572439917,438.35135781806866,1876900,2024-05-29
438.3414306640625,438.3414306640625,440.41365860386287,436.92359527232463,438.45048095967525,2189900,2024-05-30
443.2691955566406,443.2691955566406,443.5368892308725,435.5255954976312,438.9264277369903,3917100,2024-05-31
439.4222412109375,439.4222412109375,441.2168511511488,434.16731104205394,439.70978426036976,2123800,2024-06-03
440.9887390136719,440.9887390136719,441.0978195735168,437.56808763783135,439.59072261796774,2096600,2024-06-04
442.86273193359375,442.86273193359375,443.7649992164647,438.54970732620563,443.00152599196355,2157000,2024-06-05
444.86553955078125,444.86553955078125,445.95619395199776,440.84998273054424,444.6771524152015,1887100,2024-06-06
445.966064453125,445.966064453125,449.1487657780842,443.45757476407147,445.6289586351721,1664700,2024-06-07
445.4306945800781,445.4306945800781,446.34288650025337,440.59217712987146,444.6077641507483,1954500,2024-06-10
445.22247314453125,445.22247314453125,445.43067934707443,441.3258612338627,444.0326628994501,1777300,2024-06-11
439.23382568359375,439.23382568359375,448.6530612230839,437.8457338662427,447.65163807786206,2738900,2024-06-12
441.216796875,441.216796875,441.3655155863655,435.58509311167046,439.2338000351124,2916600,2024-06-13
440.8499450683594,440.8499450683594,441.1771262317065,437.44911276712594,439.5709036408326,2161500,2024-06-14
444.3003234863281,444.3003234863281,445.51987738376823,437.9249961799683,438.66861996320824,2351900,2024-06-17
446.2833557128906,446.2833557128906,447.3641156575868,442.902372603521,443.2592975239431,2636500,2024-06-18
448.6629333496094,448.6629333496094,450.61618633254506,444.5481909419217,447.2252486218475,3006800,2024-06-20
450.9830322265625,450.9830322265625,451.42918833084497,446.4320584141105,448.34564297477726,5007800,2024-06-21
453.0751037597656,453.0751037597656,459.1331747630273,451.0623632031286,451.0623632031286,2597100,2024-06-24
451.7762451171875,451.7762451171875,456.39663134543446,449.94196700441296,454.5822025660919,2299400,2024-06-25
448.5340270996094,448.5340270996094,450.8144611946739,447.55245341858756,448.9008766467336,2451400,2024-06-26
438.9859313964844,438.9859313964844,444.8853591785828,438.24230757141976,444.7564595409373,3313800,2024-06-27
437.40948486328125,437.40948486328125,444.4887684671576,434.99022608619117,440.85991055965565,4105000,2024-06-28
433.8896179199219,433.8896179199219,438.7083160738319,431.847133553629,437.05250036501377,3149700,2024-07-01
440.8697509765625,440.8697509765625,440.97883153317395,431.3017976099448,431.3017976099448,2061300,2024-07-02
444.3697509765625,444.3697509765625,445.4703299479823,440.50291322183796,441.5340800424746,3192400,2024-07-03
445.6686096191406,445.6686096191406,446.1247206725615,440.5029113870141,443.3088385673832,2220700,2024-07-05
442.44622802734375,442.44622802734375,446.77907111270235,441.21677971702576,445.46039157903516,1802700,2024-07-08
441.572509765625,441.572509765625,444.43222974225756,439.67593884683106,443.508777552836,1608400,2024-07-09
430.59027099609375,430.59027099609375,434.3337460819096,426.03252530655453,431.55341999943346,4760900,2024-07-10
433.3506774902344,433.3506774902344,434.69115871648813,427.08502775452564,428.9617499559984,4032600,2024-07-11
437.01470947265625,437.01470947265625,439.11982505214394,434.2443532489028,434.3237772788131,2645600,2024-07-12
440.87738037109375,440.87738037109375,441.27456113966684,435.65436387065427,437.23317788022376,1727700,2024-07-15
440.41070556640625,440.41070556640625,444.01518106084615,436.60765482971703,443.79672708230584,2846600,2024-07-16
447.9870300292969,447.9870300292969,448.34448363154775,438.95102356934564,439.2886287391216,2925000,2024-07-17
445.564208984375,445.564208984375,452.2270098999582,444.33293944786084,445.59399678596964,3339900,2024-07-18
440.569580078125,440.569580078125,448.0664696479604,440.45042887323007,448.04662121479504,2121700,2024-07-19
444.7896423339844,444.7896423339844,445.6932459442585,440.1326246595438,442.27743702520297,2111700,2024-07-22
438.6134033203125,438.6134033203125,445.584021051112,438.00767766672254,444.89887136740253,2385500,2024-07-23
429.40863037109375,429.40863037109375,432.7946214828118,425.84385184990765,430.94771724005653,3764800,2024-07-24
426.57867431640625,426.57867431640625,434.6217139265126,426.53894714738476,430.8881479152249,2384300,2024-07-25
435.0982971191406,435.0982971191406,437.68001752410686,429.0709798193696,429.23979755210746,2039600,2024-07-26
438.19635009765625,438.19635009765625,439.8049821843446,432.3577292574439,435.71393245535603,2248600,2024-07-29
444.3031005859375,444.3031005859375,445.57409714616256,439.8943246388867,440.64895896021056,2266900,2024-07-30
460.4487609863281,460.4487609863281,470.6664008309658,454.3221710084551,458.75079574663755,4313600,2024-07-31
459.1578674316406,459.1578674316406,464.2120657518147,455.96051252600216,462.186404616436,2590100,2024-08-01
458.7706604003906,458.7706604003906,463.46740581292437,455.3846388661852,456.9833316957261,3808100,2024-08-02
438.8914489746094,438.8914489746094,458.05570148060104,436.49839467755663,451.80002100327437,4496700,2024-08-05
445.1471252441406,445.1471252441406,452.24686403515574,439.0006566582019,440.10286586314953,2758900,2024-08-06
446.6763000488281,446.6763000488281,453.70652382554727,445.88193851949205,447.36144974663426,2059800,2024-08-07
452.37591552734375,452.37591552734375,453.0610652164154,447.85792756881,449.0594092150728,1585400,2024-08-08
453.5675354003906,453.5675354003906,455.57331814244475,450.270877176341,452.3759626943875,1760200,2024-08-09
452.48516845703125,452.48516845703125,455.235676343446,450.69783984468853,454.5505266380262,1760000,2024-08-12
456.1293640136719,456.1293640136719,456.40742389951725,451.69083005556985,454.9179732119549,1816100,2024-08-13
456.9237365722656,456.9237365722656,457.3010689122964,452.8625048389485,456.03007225811143,1654100,2024-08-14
465.4136047363281,465.4136047363281,465.70157368249335,460.73673814216824,461.82900802163005,2130500,2024-08-15
465.5823974609375,465.5823974609375,466.9526968449094,462.7623746619148,464.70858160432067,1921900,2024-08-16
463.6957702636719,463.6957702636719,466.84345888559585,462.24601653270855,465.70155282305893,1690800,2024-08-19
465.82073974609375,465.82073974609375,466.3668898547218,462.2361429170515,464.83771197469645,1763300,2024-08-20
464.7085876464844,464.7085876464844,465.79091811383694,461.2530513421023,465.24479834782557,2105900,2024-08-21
465.5228271484375,465.5228271484375,467.598124679995,463.4177418170184,466.1880981129964,1538200,2024-08-22
463.1595764160156,463.1595764160156,467.03214204431987,458.6514972984763,466.99241487550495,1986300,2024-08-23
465.3441162109375,465.3441162109375,467.22080827208646,463.7156356217956,464.80790549220166,1434400,2024-08-26
471.6494140625,471.6494140625,472.15583695996884,464.92703797635903,467.7669092221219,1635900,2024-08-27
468.4818115234375,468.4818115234375,473.0594050830086,465.5724255293397,471.6593179974414,1445300,2024-08-28
477.4185791015625,477.4185791015625,478.5307277302712,471.1331105662257,471.1331105662257,1893400,2024-08-29
479.9407043457031,479.9407043457031,482.3238192748034,476.27665339981814,478.45125372714665,2982100,2024-08-30
478.729248046875,478.729248046875,483.2671145366483,476.6638900078534,479.07679255953747,2063700,2024-09-03
479.74212646484375,479.74212646484375,482.7508154856103,477.79588918254336,478.69949285583635,2156300,2024-09-04
474.0027770996094,474.0027770996094,480.75497180054055,469.7826667751344,479.7421562317293,2293500,2024-09-05
472.771484375,472.771484375,477.06110946137994,471.37139714668365,473.7545120936889,2116200,2024-09-06
483.664306640625,483.664306640625,485.7693918941614,476.1972054897328,477.12065755422685,2343600,2024-09-09
484.5877685546875,484.5877685546875,484.8955859157754,478.9377836191841,483.6742558388619,2234100,2024-09-10
484.7466735839844,484.7466735839844,485.67012571804554,474.4793973644284,483.09834455490187,2480000,2024-09-11
488.6490173339844,488.6490173339844,489.41362138282216,479.6031017409736,483.5253338453357,2299100,2024-09-12
489.8902282714844,489.8902282714844,493.35570401660016,487.9936877989123,489.63207743446264,2204700,2024-09-13
494.2096252441406,494.2096252441406,494.81535090618644,489.92003058996954,491.81657100143593,1589200,2024-09-16
497.4665832519531,497.4665832519531,498.2113085852166,494.34868228089135,495.09340761415484,2202800,2024-09-17
491.2803649902344,491.2803649902344,498.27083088588154,490.5654275346627,497.7544989524485,2193800,2024-09-18
489.5426940917969,489.5426940917969,497.6055816740793,482.83022714954524,496.48352406122905,3517200,2024-09-19
489.27459716796875,489.27459716796875,490.05904965860594,484.3097616881527,486.20633247779654,3470200,2024-09-20
493.6436462402344,493.6436462402344,494.18976598821064,487.84469209023865,489.69162653255387,2191300,2024-09-23
483.9820861816406,483.9820861816406,489.7810102695115,481.01312432114764,489.2150117634459,4143700,2024-09-24
486.0076904296875,486.0076904296875,486.4545073796772,480.1392520629155,481.35067296557656,3483200,2024-09-25
487.8149108886719,487.8149108886719,490.1583288800946,485.5608865981879,487.54682069470397,3073700,2024-09-26
490.1682434082031,490.1682434082031,492.511630977925,486.9411006649002,487.57658378604845,2177200,2024-09-27
490.3271179199219,490.3271179199219,491.5087511354679,486.66306707557317,488.32133538491115,2862400,2024-09-30
492.8890075683594,492.8890075683594,494.52739720156796,489.641985799488,493.7628234535241,3748100,2024-10-01
492.084716796875,492.084716796875,492.4223219771123,486.23612598756563,489.47320845535734,1736500,2024-10-02
491.4889221191406,491.4889221191406,493.59400750305207,489.53277573825113,492.06482969847553,1382200,2024-10-03
494.1997375488281,494.1997375488281,495.5402188908099,489.00650870931247,492.0747734104537,1935600,2024-10-04
487.8446960449219,487.8446960449219,495.02385867399363,487.2985762925186,493.83228610136,1990500,2024-10-07
493.5641784667969,493.5641784667969,494.03087417257507,488.07307212584794,489.0362513355201,1750100,2024-10-08
497.09393310546875,497.09393310546875,497.8893507847037,492.7588248268917,495.5328948081497,1707500,2024-10-09
495.1749267578125,495.1749267578125,497.85951447789535,493.0073878289023,497.1436264420892,1491000,2024-10-10
499.3907470703125,499.3907470703125,500.0469803269553,493.6338151295408,493.6735951174938,1919900,2024-10-11
503.765625,503.765625,505.88346187934184,499.18194460527457,501.47874592261223,2127000,2024-10-14
504.3323669433594,504.3323669433594,506.9672222658995,501.12080798449523,502.7315485838126,2885900,2024-10-15
511.13330078125,511.13330078125,512.4557199372824,503.10939465525945,503.45740129333336,2956700,2024-10-16
510.8250732421875,510.8250732421875,514.0863041587178,508.59784896834327,513.3405886541061,2227400,2024-10-17
513.3903198242188,513.3903198242188,515.0408100036467,509.6517899491046,511.6005541746365,2604600,2024-10-18
512.0679321289062,512.0679321289062,515.856164462746,511.00403739387997,514.0366016403005,2217500,2024-10-21
510.0892639160156,510.0892639160156,511.6104918500601,507.58364062879224,508.2299212720127,1855800,2024-10-22
510.79522705078125,510.79522705078125,511.77956182930484,508.97569452938274,509.7313322910835,1759700,2024-10-23
507.7030029296875,507.7030029296875,510.40749608466575,506.54962595993686,508.9756895267845,1911900,2024-10-24
504.46160888671875,504.46160888671875,511.78950170768576,502.7315586296576,509.57226036518597,1582200,2024-10-25
505.3067321777344,505.3067321777344,507.94158741206286,503.24858056042257,504.50136190503844,2186400,2024-10-28
503.38775634765625,503.38775634765625,508.4685800607592,502.81108308379333,504.64056801397413,2066300,2024-10-29
510.7554931640625,510.7554931640625,513.4997360776478,504.1037080796935,509.592193906864,3121000,2024-10-30
496.7359619140625,496.7359619140625,524.8842617825817,496.17916348339605,518.2722273177499,5523300,2024-10-31
505.1774597167969,505.1774597167969,507.63335047248347,495.6820284833681,497.5811207987017,3753700,2024-11-01
502.6917724609375,502.6917724609375,507.0865357887999,500.15635191929,506.23146325399017,2165100,2024-11-04
502.671875,502.671875,505.247075414783,500.73300266612296,502.69174982203964,2132900,2024-11-05
518.1528930664062,518.1528930664062,520.0122052743238,512.9925400741791,517.8844161029025,3673700,2024-11-06
514.9215087890625,514.9215087890625,521.0363999231491,513.6389000266429,520.9965895920326,2382300,2024-11-07
521.76220703125,521.76220703125,525.8189161590527,516.5621039339807,517.3674742099103,2215600,2024-11-08
527.0916137695312,527.0916137695312,530.9793113562067,525.5007782580407,525.8288493946516,2213400,2024-11-11
526.14697265625,526.14697265625,527.8671308837519,524.287660333999,526.0773652656363,2577600,2024-11-12
518.898681640625,518.898681640625,527.46943365298,513.4698509193247,526.9822425664178,2681500,2024-11-13
517.4271240234375,517.4271240234375,519.3758882500164,514.6928340074703,517.6458380952048,2480400,2024-11-14
518.9085693359375,518.9085693359375,520.400000158825,515.0407775038284,515.5677788574236,2408100,2024-11-15
518.6500854492188,518.6500854492188,520.4994452492534,514.0465304281834,515.6274739259422,2493400,2024-11-18
516.4924926757812,516.4924926757812,519.6642715286503,513.807904880615,515.8163846072878,2716000,2024-11-19
509.6119689941406,509.6119689941406,519.515091923684,508.0807884650766,518.5506624136414,2409400,2024-11-20
512.1573486328125,512.1573486328125,517.1486901491567,508.6574683650876,510.29803629235744,3077300,2024-11-21
517.8844604492188,517.8844604492188,518.7296410529468,513.2312032400527,513.9769187034411,3130400,2024-11-22
523.5916137695312,523.5916137695312,525.2322119194966,518.0435349034317,518.6599881107761,4503900,2024-11-25
525.4609375,525.4609375,527.618584654219,522.060491896345,524.8842945552009,2326800,2024-11-26
529.3386840820312,529.3386840820312,530.5715906392246,523.5718298090243,526.0276903404526,2086300,2024-11-27
529.8954467773438,529.8954467773438,532.7092966729052,527.002097596446,529.9650541668709,1760600,2024-11-29
528.324462890625,528.324462890625,531.7647186507269,523.2237644017372,529.8855011681939,2355100,2024-12-02
523.1741333007812,523.1741333007812,531.7647909432652,522.9554192037785,531.6156235596824,2319400,2024-12-03
518.1629028320312,518.1629028320312,523.2735541655894,515.2098379670174,520.6486211047952,2630000,2024-12-04
521.772216796875,521.772216796875,524.456744219861,519.1870331525179,521.6031442450973,2538600,2024-12-05
525.5504150390625,525.5504150390625,527.9665257559071,519.5150841948428,519.9426204267311,2122700,2024-12-06
519.8333129882812,519.8333129882812,528.5532323563908,518.8986804637262,525.9979066170598,2942000,2024-12-09
525.9879150390625,525.9879150390625,526.6341653485304,517.2480911524698,519.5250478255127,2003200,2024-12-10
531.3968505859375,531.3968505859375,532.8286267010495,524.2578751757129,526.1668897670356,2181100,2024-12-11
529.3684692382812,529.3684692382812,533.6837027778845,528.9309804033284,533.2263087774627,1860400,2024-12-12
525.9779663085938,525.9779663085938,531.6255107249551,525.8884537521616,531.118414506957,1608200,2024-12-13
527.2804565429688,527.2804565429688,531.9436660616976,525.9779427039963,528.960804382847,2923000,2024-12-16
527.9765014648438,527.9765014648438,528.7421220947607,521.8715629638618,526.37571349909,4055800,2024-12-17
516.9896240234375,516.9896240234375,534.0615192347915,516.7410522091747,527.2904254417324,3190300,2024-12-18
520.2907104492188,520.2907104492188,526.1967190130028,519.2168631255837,521.1656274802923,3050500,2024-12-19
525.0135498046875,525.0135498046875,529.0404012144143,516.4526900681805,519.8829933751628,7317100,2024-12-20
525.938232421875,525.938232421875,526.3757212616393,518.1529458652317,522.8261083157864,2270300,2024-12-23
532.649658203125,532.649658203125,532.6794552644207,524.8146696172977,526.2464457214712,955000,2024-12-24
533.087158203125,533.087158203125,534.6282913751439,529.8755689691651,530.581534796694,1109600,2024-12-26
529.15966796875,529.15966796875,534.489032876481,527.7676415931376,530.5615862398731,1541800,2024-12-27
522.5477294921875,522.5477294921875,525.5504968515855,518.351865805268,523.9894583555105,2101600,2024-12-30
523.5618286132812,523.5618286132812,526.1668562742433,522.5575888114456,524.6555202804726,1942600,2024-12-31
519.4157104492188,519.4157104492188,527.5290681253927,514.7027376646352,526.1668993775943,2818800,2025-01-02
518.381591796875,518.381591796875,521.4639187176638,514.7226219590077,519.5449515864346,1627500,2025-01-03
509.0054626464844,509.0054626464844,518.3815840954359,508.09073537222696,517.9937975046772,2920800,2025-01-06
508.478515625,508.478515625,513.3803750408678,508.1603364088289,510.7454894395487,2211800,2025-01-07
513.449951171875,513.449951171875,514.4939406287743,508.60774686095647,509.1148127161633,2456700,2025-01-08
502.52655029296875,502.52655029296875,511.57793908230883,501.22208624242165,509.9448899972015,2815500,2025-01-10
502.7655029296875,502.7655029296875,504.0002265621997,497.79670664598643,498.872106198826,2885500,2025-01-13
506.8580627441406,506.8580627441406,507.22651679398336,502.0684943637771,504.9163630804046,2704800,2025-01-14
520.1314086914062,520.1314086914062,521.5454213116817,511.5480251118695,513.3802368570532,3024800,2025-01-15
520.9180908203125,520.9180908203125,524.8811671846328,518.5083254871432,521.3960326760513,3275600,2025-01-16
522.471435546875,522.471435546875,525.8868598951474,518.7971057815228,522.3519500891334,2374800,2025-01-17
525.8171997070312,525.8171997070312,527.729027987854,524.6720597233309,525.4188742928941,2706900,2025-01-21
524.9408569335938,524.9408569335938,528.0476002341733,523.4372607589324,525.7573813720163,2037600,2025-01-22
531.9509887695312,531.9509887695312,532.0804414851718,526.4345405814782,526.80296422571,2196500,2025-01-23
531.22412109375,531.22412109375,533.7832129361533,529.889846452761,530.7262447222923,2472900,2025-01-24
545.3140258789062,545.3140258789062,545.6625150152405,529.4018563275245,531.3137452795305,3074600,2025-01-27
545.0352172851562,545.0352172851562,549.207423789456,540.3551671480298,544.2186927271108,2727800,2025-01-28
546.4691162109375,546.4691162109375,548.2714263206122,544.1788969607984,544.6767733532602,2549000,2025-01-29
563.6060180664062,563.6060180664062,574.4895882210099,552.1747960600119,552.6427706753475,6005200,2025-01-30
553.0709228515625,553.0709228515625,563.1379682076608,552.2843000865392,561.4253027113806,4505100,2025-01-31
561.5548095703125,561.5548095703125,562.6003378660283,548.7295085105136,550.2928477159253,3195500,2025-02-03
556.7353515625,556.7353515625,569.5706201589484,555.2118813323415,568.4553818486836,2638900,2025-02-04
563.884765625,563.884765625,564.4623191990618,557.4223404290478,558.9657449342881,2404700,2025-02-05
564.7510986328125,564.7510986328125,567.3301249770107,562.1422313098233,563.7255049116309,1738400,2025-02-06
560.3598022460938,560.3598022460938,567.6287844159149,559.3939513506915,565.6472463720127,2008300,2025-02-07
563.0881958007812,563.0881958007812,564.8606648144847,558.6172758129854,562.8492248721747,2357700,2025-02-10
562.3015747070312,562.3015747070312,564.0242074691391,556.8448084585888,562.5903211173041,1847800,2025-02-11
562.2019653320312,562.2019653320312,562.3513525514447,557.0639080023167,559.6229998037182,1722200,2025-02-12
563.90478515625,563.90478515625,564.9802152345445,559.0853146968728,563.1977787645687,1709500,2025-02-13
562.361328125,562.361328125,566.8222809595072,561.7339990356569,563.6060190521214,1927400,2025-02-14
566.1949462890625,566.1949462890625,566.2148807919957,559.135093454538,562.5007425503723,2064100,2025-02-18
566.08544921875,566.08544921875,568.2761174658987,564.2433309063329,565.0797291978369,2459100,2025-02-19
560.8876342773438,560.8876342773438,566.0854344236183,556.6655915950377,565.7369452739207,2181900,2025-02-20
555.14208984375,555.14208984375,562.4011050472905,554.216047138634,559.045423356651,2256100,2025-02-21
556.6257934570312,556.6257934570312,559.0753671286798,554.4251579756587,556.0582070900911,1752500,2025-02-24
561.6344604492188,561.6344604492188,563.6358724523609,550.3425973681157,560.0511868136214,3609500,2025-02-25
558.8861694335938,558.8861694335938,564.2731651081727,557.2232185705475,560.200570366095,2028000,2025-02-26
562.4210815429688,562.4210815429688,572.2591236799066,561.6045569861544,563.167896113429,2436500,2025-02-27
573.8621826171875,573.8621826171875,573.9816680679767,561.6044704537461,564.8904419022816,3205400,2025-02-28
572.4781494140625,572.4781494140625,579.7570995270543,567.5790629406755,574.877947556803,3092600,2025-03-03
552.7125244140625,552.7125244140625,570.7655278806423,549.6655232196288,568.0371748813301,3318100,2025-03-04
555.9287719726562,555.9287719726562,558.6073494158802,548.9784369283642,550.233095171232,2795400,2025-03-05
547.4848022460938,547.4848022460938,553.3198989661615,542.3765856090591,546.1704012798933,3133200,2025-03-06
544.44775390625,544.44775390625,548.0424067695831,534.00231721881,544.7464675778978,3161300,2025-03-07
534.8386840820312,534.8386840820312,546.2300973738079,529.7603696345525,535.8643385330191,3893400,2025-03-10
523.5667724609375,523.5667724609375,535.7647433843828,520.0318624301442,534.9183778755743,4582600,2025-03-11
522.4117431640625,522.4117431640625,530.4474752391634,517.0545884473286,528.2568070095821,2810800,2025-03-12
517.6221923828125,517.6221923828125,526.2852538535057,515.5112013197286,522.2723409176701,2375800,2025-03-13
525.3989868164062,525.3989868164062,526.1656750934656,518.7373985991894,520.3803541436796,2369500,2025-03-14
529.73046875,529.73046875,531.2141305477354,519.2650981567323,521.0275998827002,2544800,2025-03-17
527.9381713867188,527.9381713867188,530.3280023805305,523.2780556471198,530.0790641843388,2363300,2025-03-18
533.8131103515625,533.8131103515625,535.3365804323581,527.3307503237304,529.3122885418762,2804300,2025-03-19
534.101806640625,534.101806640625,538.1943354104393,530.2880570069173,531.3335851251732,2598600,2025-03-20
533.4147338867188,533.4147338867188,535.764695529727,528.5056806670761,533.1657957268428,5973400,2025-03-21
541.36083984375,541.36083984375,543.1432760287329,535.9539101111734,537.0591809942919,2758700,2025-03-24
542.8445434570312,542.8445434570312,544.8559834640638,539.6979915025928,543.6312270275845,2138200,2025-03-25
546.7379760742188,546.7379760742188,548.6896733661787,542.8047405109338,544.8161805375494,2681600,2025-03-26
555.201904296875,555.201904296875,559.4438210124973,545.4733798470053,546.7380053702254,2901200,2025-03-27
538.3139038085938,538.3139038085938,556.2175803866614,537.7961536829304,551.8760520116449,2656400,2025-03-28
545.7919921875,545.7919921875,549.0879313572696,528.7646444816185,529.8997564263325,4741800,2025-03-31
546.1803588867188,546.1803588867188,548.8091607726969,541.6895041921541,544.4775997791345,2714900,2025-04-01
545.0551147460938,545.0551147460938,547.1960073495139,539.3494712552322,540.5542931189182,2994600,2025-04-02
528.296630859375,528.296630859375,537.6965396329952,524.7617206081865,526.1756725534765,3443500,2025-04-03
487.6898193359375,487.6898193359375,518.6677035654585,486.21612469638035,517.4130453611111,6125100,2025-04-04
483.4578857421875,483.4578857421875,500.06706544573433,463.61253984517407,476.46771206596503,6009400,2025-04-07
477.8816833496094,477.8816833496094,503.4227358546117,469.6567557349258,498.8721383968823,3555400,2025-04-08
514.0548706054688,514.0548706054688,517.1266704795172,468.74608117061314,468.85577309089206,4698400,2025-04-09
498.0078125,498.0078125,507.27303633044244,482.83839961851805,505.4778202695026,4105300,2025-04-10
508.3900451660156,508.3900451660156,514.533584205093,494.5869723591148,496.9307089144982,3736200,2025-04-11
511.09283447265625,511.09283447265625,522.0235554285932,507.1433774071315,514.493710180395,3005500,2025-04-14
515.9996948242188,515.9996948242188,519.8992366122822,512.0103663619324,512.0303324833867,2210700,2025-04-15
512.0601806640625,512.0601806640625,520.3280413401787,508.5096810457664,514.6731857322981,2501000,2025-04-16
515.9498291015625,515.9498291015625,522.5820510015774,507.7716937583861,509.58684547368114,3329800,2025-04-17
507.9612121582031,507.9612121582031,516.2690059173476,502.1966336142945,515.6207156783007,3345600,2025-04-21
525.9231567382812,525.9231567382812,527.389205716048,511.3820375819972,514.2443758577217,2384000,2025-04-22
528.595947265625,528.595947265625,542.488774831493,526.2123091573028,536.3053042078279,3051800,2025-04-23
534.031494140625,534.031494140625,534.609902958672,523.8686771126926,527.279536016253,2209100,2025-04-24
532.0567016601562,532.0567016601562,535.4875264702443,528.4663305001588,534.0314605832426,2006100,2025-04-25
533.0640258789062,533.0640258789062,536.3253213341615,529.0846805283585,534.599956275483,1735400,2025-04-28
538.2401733398438,538.2401733398438,539.0380268348796,531.9868816759973,532.9144540844321,2041500,2025-04-29
546.5978393554688,546.5978393554688,547.6051545364303,528.1372120712131,537.0932959036822,3783500,2025-04-30
545.171630859375,545.171630859375,551.3551018288837,538.2900152708008,548.5326350443156,2839900,2025-05-01
557.8976440429688,557.8976440429688,560.8796574214479,553.509358249416,554.147665432537,2632600,2025-05-02
559.6229858398438,559.6229858398438,563.043827655022,554.3670261678016,556.3218190074696,2130900,2025-05-05
557.4986572265625,557.4986572265625,564.2306488579359,554.6163528668843,554.9953439322139,2341700,2025-05-06
564.819091796875,564.819091796875,565.7166541421244,556.9999815351166,557.7779297733185,2493700,2025-05-07
565.6069946289062,565.6069946289062,572.3389865294143,565.487319642683,567.9307955439987,2004300,2025-05-08
567.1229248046875,567.1229248046875,568.0604193885384,563.0936642700296,565.9360972024965,1528000,2025-05-09
576.7272338867188,576.7272338867188,579.2404693024845,564.9187954291377,578.452598883557,3000300,2025-05-12
575.0517578125,575.0517578125,581.30498885476,574.263826473991,576.457969327557,2370200,2025-05-13
571.7505493164062,571.7505493164062,577.0962345181783,570.7532172620913,576.7272265278672,2237500,2025-05-14
580.6467895507812,580.6467895507812,581.4845144677698,572.1196118479401,572.5983118005049,2034200,2025-05-15
581.723876953125,581.723876953125,582.7311312075187,578.8814440402759,578.8814440402759,2225900,2025-05-16
584.8455200195312,584.8455200195312,586.8801165663295,578.9313476674105,579.4699459873623,1875500,2025-05-19
579.5596313476562,579.5596313476562,582.4319526125412,575.3109869403339,579.6892893880539,1964300,2025-05-20
568.0205078125,568.0205078125,577.455291483766,565.5870150300763,574.9220898393064,2505300,2025-05-21
568.6189575195312,568.6189575195312,571.6308591711983,565.4174994551782,567.1428645679504,1869900,2025-05-22
562.076416015625,562.076416015625,566.0357950511379,561.0092634132086,562.9839614009097,1948800,2025-05-23
573.0171508789062,573.0171508789062,573.0271339395646,564.9786565176801,565.3077931578009,2655200,2025-05-27
574.3834838867188,574.3834838867188,577.2957374361368,571.4114537187327,573.0470929661066,1702900,2025-05-28
576.2385864257812,576.2385864257812,577.0364399541199,571.4114721399999,574.3436310326946,1347800,2025-05-29
584.0376586914062,584.0376586914062,584.0376586914062,574.9719439089419,575.2412430575192,4581100,2025-05-30
579.6693725585938,579.6693725585938,580.2678083818515,573.2466118441623,578.9513226174739,2089100,2025-06-02
580.4173583984375,580.4173583984375,580.9759228362899,571.9101468670458,578.3229852457843,2116900,2025-06-03
582.5715942382812,582.5715942382812,585.2843082840507,580.6666558721492,582.6114656075474,1530200,2025-06-04
583.8781127929688,583.8781127929688,585.1247779302118,581.0756119993391,584.7457868587043,1480000,2025-06-05
588.545654296875,588.545654296875,589.5828578378868,584.4765220058947,586.3415282908596,1528600,2025-06-06
582.7711181640625,582.7711181640625,588.425974467662,578.4526528665151,587.1693262063455,1936000,2025-06-09
587.9671020507812,587.9671020507812,588.2962386643693,581.604118840433,583.0901946953477,2133700,2025-06-10
589.1639404296875,589.1639404296875,593.1233804222784,586.0323031038542,588.7450780023062,2238100,2025-06-11
587.7078857421875,587.7078857421875,589.0941310902879,583.0004466035301,587.8574490329389,1984000,2025-06-12
560.5305786132812,560.5305786132812,573.7052964428947,551.0359577245412,571.3316412207097,5905400,2025-06-13
567.1527709960938,567.1527709960938,573.4658995958931,561.1388906939351,562.3955387526199,3108200,2025-06-16
567.9307861328125,567.9307861328125,569.765843139375,562.4953139213422,563.2133638267828,2246600,2025-06-17
537.2926635742188,537.2926635742188,569.5563911799246,532.7348489048983,569.3569126000066,6966800,2025-06-18
531.548095703125,531.548095703125,536.9038254412028,525.9231885455255,535.4975529975594,8202800,2025-06-20
540.9030151367188,540.9030151367188,541.6809633575494,526.1624790322381,530.0021830912021,3681100,2025-06-23
556.0426025390625,556.0426025390625,562.6149870794812,551.0160097280074,555.693499775894,4503200,2025-06-24
548.2334594726562,548.2334594726562,556.9900035281244,547.1563237762655,554.516639435683,2889200,2025-06-25
544.3538208007812,544.3538208007812,547.4455259035502,540.6238085566924,544.0745994716534,3764100,2025-06-26
548.851806640625,548.851806640625,555.2147902859655,544.0945130612636,545.3112898725781,3837500,2025-06-27
560.4407958984375,560.4407958984375,561.1289574739678,550.4276036501528,551.0259785539532,5054600,2025-06-30
563.1036376953125,563.1036376953125,564.7991143654774,555.5538267244818,557.8277730315468,3827000,2025-07-01
560.02197265625,560.02197265625,564.4800181823372,555.9029859752704,561.4381672758963,2502300,2025-07-02
567.7213134765625,567.7213134765625,568.1401759132888,559.2439906472864,559.2839228894738,1528700,2025-07-03
563.6123046875,563.6123046875,569.2272892125933,558.8550111487097,569.1474856013057,2478300,2025-07-07
560.939453125,560.939453125,565.1082938821321,558.924822860007,563.0737583688718,3083800,2025-07-08
564.3649291992188,564.3649291992188,564.6745180487219,558.5126698094194,561.2590441357063,2454300,2025-07-09
562.7770385742188,562.7770385742188,565.3136677315309,560.2703381665459,564.904235121903,2577200,2025-07-10
549.45458984375,549.45458984375,560.0805758163694,545.1302818067645,559.0818942991236,3221400,2025-07-11
552.2908935546875,552.2908935546875,558.3329047770043,547.0677475680941,549.7741965282959,2500900,2025-07-14
549.6343383789062,549.6343383789062,554.1284051507213,547.9266320166129,552.3807125172377,2449100,2025-07-15
554.78759765625,554.78759765625,554.78759765625,548.7755151818793,551.6916482589371,2424200,2025-07-16
554.87744140625,554.87744140625,556.645127255376,549.7841898827578,552.2509040531864,2722000,2025-07-17
551.9313354492188,551.9313354492188,555.6164729193854,550.1537139323973,554.5279441312841,2579600,2025-07-18
553.9187622070312,553.9187622070312,557.3442327086418,551.3121569601253,552.6704102332073,2194400,2025-07-21
558.0233154296875,558.0233154296875,559.4714158753877,554.507936850556,555.0771926514734,2010400,2025-07-22
561.3489379882812,561.3489379882812,561.748374034566,553.7689182208865,556.275618658459,2180400,2025-07-23
562.757080078125,562.757080078125,567.0913850304662,561.1592139043212,561.2590576821761,1874700,2025-07-24
567.4708251953125,567.4708251953125,569.208582368087,563.1065915127454,563.6159288776373,1513300,2025-07-25
567.53076171875,567.53076171875,570.8963135545453,565.4734192773083,566.6219274036903,2492400,2025-07-28
562.5772705078125,562.5772705078125,572.2445001237887,562.2576851129023,569.2784453238025,2393800,2025-07-29
558.372802734375,558.372802734375,564.8642325296975,554.4779814299907,559.5912258693162,2833200,2025-07-30
565.7230834960938,565.7230834960938,578.6760143265051,561.768343742977,567.8203512316901,4568300,2025-07-31
559.15185546875,559.15185546875,564.1252703296101,555.366813194998,563.1165921611927,3316700,2025-08-01
569.0587158203125,569.0587158203125,569.1685561586487,561.7583563300155,563.5459743113621,2984700,2025-08-04
565.293701171875,565.293701171875,571.0761065471579,561.3888830032757,568.8490051683766,2883200,2025-08-05
568.379638671875,568.379638671875,569.6079974798868,563.2264077098399,568.2398086249526,2245200,2025-08-06
560.4800415039062,560.4800415039062,573.1433774526861,553.1297597772177,572.2145499523851,2979600,2025-08-07
573.5628051757812,573.5628051757812,575.4003451254042,561.9481336690853,563.006733692475,2907700,2025-08-08
572.8338012695312,572.8338012695312,575.8298460460239,568.689248280175,574.2419154944205,2116600,2025-08-11
573.4229736328125,573.4229736328125,577.5575299407174,569.7079074695487,574.4216551977353,2593800,2025-08-12
577.1380615234375,577.1380615234375,579.5049317950567,573.2831046192911,576.5688057555608,2352900,2025-08-13
582.9903564453125,582.9903564453125,583.6295272719893,574.7412370179011,576.7086104302435,2642300,2025-08-14
580.9330444335938,580.9330444335938,588.7826664443658,580.3437955247884,584.2286812136059,2263800,2025-08-15
583.369873046875,583.369873046875,584.7180687986396,579.9244094033044,581.2526729726462,1812000,2025-08-18
584.738037109375,584.738037109375,589.7913632538327,583.4496989142643,583.6394508446854,2334500,2025-08-19
591.8985595703125,591.8985595703125,593.0969895925608,585.1374661331635,585.1374661331635,2884600,2025-08-20
591.1395874023438,591.1395874023438,591.4292440733246,583.1601312818125,588.2633795578776,2349200,2025-08-21
598.1703491210938,598.1703491210938,600.9766419603347,592.2980964755803,594.5151403546583,2388900,2025-08-22
592.4279174804688,592.4279174804688,598.2501871599253,592.078342357333,597.0318248999013,1984300,2025-08-25
590.8299560546875,590.8299560546875,595.2141825316535,585.5169630839706,592.2980495771651,4774600,2025-08-26
589.8812255859375,589.8812255859375,593.8360265218156,589.0423672070661,590.4305492097124,1480900,2025-08-27
589.7014770507812,589.7014770507812,592.7475046190563,588.9424693008381,590.0410556064296,2159800,2025-08-28
594.505126953125,594.505126953125,596.0431355743995,589.4817903770371,591.2194865475861,2111200,2025-08-29
591.0896606445312,591.0896606445312,594.8347165617148,585.2274046585416,594.8347165617148,2284500,2025-09-02
592.497802734375,592.497802734375,593.2168241720934,588.1834912440161,591.0497023362843,1959400,2025-09-03
594.8546752929688,594.8546752929688,595.104345673007,588.5130110671886,592.2481311544936,1653700,2025-09-04
583.44970703125,583.44970703125,597.7908204430402,578.2666082930443,594.684874490866,2432100,2025-09-05
585.8265991210938,585.8265991210938,589.0123958466568,579.9344142846536,581.8518658793352,1948200,2025-09-08
583.2300415039062,583.2300415039062,590.4005679187926,582.5309522084267,582.7706260343771,2266000,2025-09-09
578.6160888671875,578.6160888671875,581.3624629756737,570.2471330711351,581.3624629756737,2535200,2025-09-10
587.9537963867188,587.9537963867188,589.1921518127542,579.2453221296388,580.1141702416052,2407000,2025-09-11
579.6447143554688,579.6447143554688,588.4331604975245,579.2352817522215,585.6667931808989,2242800,2025-09-12
582.19140625,582.19140625,585.7267169199486,580.7333092735721,581.9616680490822,2222600,2025-09-15
585.6467895507812,585.6467895507812,587.3345637279689,576.0694680777028,577.2479049359341,2537000,2025-09-16
597.8407592773438,597.8407592773438,598.1004262409655,586.6655099558614,586.9351734880356,2930800,2025-09-17
585.2772827148438,585.2772827148438,600.8267610330452,585.1075239266236,595.294087449424,3294600,2025-09-18
583.3897705078125,583.3897705078125,588.0935824155737,580.743301049879,587.8439120353149,6745300,2025-09-19
583.7193603515625,583.7193603515625,586.57557491113,579.3751200583281,580.2039818445973,3241700,2025-09-22
569.218505859375,569.218505859375,586.0862522254974,567.5008028152182,584.6781380302148,3223000,2025-09-23
568.06005859375,568.06005859375,570.9062766723478,564.205162381674,570.5268337559287,2867200,2025-09-24
566.552001953125,566.552001953125,571.6353176009536,563.8256209675014,564.2550466973288,2700600,2025-09-25
564.3848876953125,564.3848876953125,568.9088832477759,563.3162911630197,565.8729133952914,2106500,2025-09-26
567.3909301757812,567.3909301757812,568.5693670481188,561.7683483737762,565.2537371060093,2615600,2025-09-29
568.06005859375,568.06005859375,569.8776663567539,562.9068885380098,565.0640138985165,2379200,2025-09-30
573.0135498046875,573.0135498046875,574.7112597273609,564.2650894089608,564.934189000415,3685100,2025-10-01
576.56884765625,576.56884765625,579.0755481487469,570.0174989977277,571.9748758631848,2483500,2025-10-02
579.6846923828125,579.6846923828125,582.450998705412,575.6699732229577,575.6699732229577,2331600,2025-10-03
578.046875,578.046875,580.3738201169845,568.5094782319787,578.466304190569,2573500,2025-10-06
579.0755615234375,579.0755615234375,585.3073249090517,578.1467340021144,578.2266455968416,2120700,2025-10-07
575.6799926757812,575.6799926757812,582.3012562005413,575.3204819484321,580.5535634954622,1934700,2025-10-08
564.5499877929688,564.5499877929688,579.4000244140625,562.510009765625,577.239990234375,2579800,2025-10-09
557.47998046875,557.47998046875,569.4199829101562,556.6900024414062,567.5800170898438,3553900,2025-10-10
559.239990234375,559.239990234375,565.0,553.010009765625,558.0,2996500,2025-10-13
567.9199829101562,567.9199829101562,569.8099975585938,556.0,556.0,2627300,2025-10-14
562.8099975585938,562.8099975585938,568.6900024414062,559.4000244140625,564.2999877929688,2262400,2025-10-15
549.8800048828125,549.8800048828125,564.6500244140625,547.3900146484375,562.7999877929688,3210600,2025-10-16
560.969970703125,560.969970703125,562.7999877929688,552.010009765625,552.489990234375,2756700,2025-10-17
566.3599853515625,566.3599853515625,567.4199829101562,553.7899780273438,561.7000122070312,2046400,2025-10-20
572.030029296875,572.030029296875,575.97998046875,560.77001953125,562.1599731445312,2722400,2025-10-21
571.3599853515625,571.3599853515625,576.4299926757812,568.5800170898438,571.0499877929688,1820500,2025-10-22
573.77001953125,573.77001953125,576.989990234375,571.6699829101562,574.3599853515625,2187500,2025-10-23
573.6699829101562,573.6699829101562,580.8200073242188,573.0800170898438,577.239990234375,1839600,2025-10-24
