Price,Close,High,Low,Open,Volume,Date
203.60171508789062,203.60171508789062,204.64764171058926,201.42580297127674,203.17212993946424,460600,2021-10-25
197.88645935058594,197.88645935058594,204.28345554406766,197.27011781161778,204.13403336808867,727900,2021-10-26
194.4125213623047,194.4125213623047,200.87489673783884,191.44282967355954,195.7386256978165,790100,2021-10-27
201.05230712890625,201.05230712890625,201.48189240459004,195.6639024678249,196.11215483181417,604800,2021-10-28
203.32159423828125,203.32159423828125,204.6570176672669,201.06163703175477,201.06163703175477,686100,2021-10-29
204.74110412597656,204.74110412597656,208.0189737337116,201.62197602451752,203.15351806698027,641300,2021-11-01
201.8834228515625,201.8834228515625,206.49672951987148,201.78071112989883,204.74106871368167,417300,2021-11-02
202.87335205078125,202.87335205078125,205.95510296386203,201.76204760347818,201.76204760347818,591200,2021-11-03
203.90992736816406,203.90992736816406,205.2920469599749,202.57448974085347,202.57448974085347,274300,2021-11-04
211.44625854492188,211.44625854492188,211.7077402813332,204.61035647209025,204.65703844312478,747400,2021-11-05
211.50228881835938,211.50228881835938,214.07977201159017,210.99800668254977,213.06184569630688,321500,2021-11-08
212.10931396484375,212.10931396484375,212.22137349655955,208.57929621893527,209.9707495700267,392000,2021-11-09
207.86953735351562,207.86953735351562,213.0898526043469,207.5707072008043,211.61435467899062,310900,2021-11-10
207.178466796875,207.178466796875,209.05553494535232,206.46871852704908,208.3458009252106,233100,2021-11-11
210.29759216308594,210.29759216308594,210.50304412136657,206.79558957832745,208.04696841535676,222800,2021-11-12
209.73724365234375,209.73724365234375,211.6516743775115,208.8780874865923,211.64234083483547,314200,2021-11-15
210.32562255859375,210.32562255859375,213.02449884634456,209.5224960032586,209.606540651568,272900,2021-11-16
208.177734375,208.177734375,210.91397346763333,206.27265100905862,210.01745442798128,243400,2021-11-17
205.24533081054688,205.24533081054688,208.66328816139665,204.3021300742481,208.0562659353298,345800,2021-11-18
204.06871032714844,204.06871032714844,206.52477192450712,203.9192881216941,205.36678545645057,474700,2021-11-19
204.48890686035156,204.48890686035156,206.66481919884015,202.98538006206903,204.53560307141535,452400,2021-11-22
206.80494689941406,206.80494689941406,207.07577644359765,203.75119630448768,205.25472349039953,293800,2021-11-23
204.3768768310547,204.3768768310547,207.09442001085193,203.732506074612,207.0570715864239,564000,2021-11-24
199.80093383789062,199.80093383789062,200.80017882803665,196.784546028309,198.7363255374685,318700,2021-11-26
201.27642822265625,201.27642822265625,203.8258820908616,200.58536125577092,202.75194034134557,424900,2021-11-29
192.11431884765625,192.11431884765625,201.59496398951887,191.327376584251,199.33721690105997,1012700,2021-11-30
189.90341186523438,189.90341186523438,197.33241199014117,189.67856918106145,195.18709343761927,465400,2021-12-01
195.96466064453125,195.96466064453125,196.8640171627765,189.90342798464425,190.75592619140878,452600,2021-12-02
192.66705322265625,192.66705322265625,198.64397522286814,190.98076868702165,195.9646604314673,431100,2021-12-03
197.67904663085938,197.67904663085938,199.6089143166973,195.16836746438528,195.70234922361254,346800,2021-12-06
201.6136932373047,201.6136932373047,203.12197890730545,199.0936369661744,199.0936369661744,402700,2021-12-07
201.89474487304688,201.89474487304688,203.37492711382743,199.5433239946323,202.33505288178227,323600,2021-12-08
198.18492126464844,198.18492126464844,200.94854643356555,197.38861594548234,200.94854643356555,538400,2021-12-09
199.19668579101562,199.19668579101562,200.4613883068527,196.798421117194,200.1897159173838,316700,2021-12-10
197.3230438232422,197.3230438232422,199.51520633202014,196.35811722421298,199.03743172209224,370600,2021-12-13
195.15899658203125,195.15899658203125,199.02806629488023,194.8123623118618,196.81716318977246,453400,2021-12-14
197.54786682128906,197.54786682128906,197.84765705095862,193.81931518217962,196.5923176274834,423100,2021-12-15
197.54786682128906,197.54786682128906,199.97424932147422,193.7631080878128,199.08425601138327,384500,2021-12-16
193.81930541992188,193.81930541992188,197.3979760587316,192.84501581213848,196.95766811532232,714900,2021-12-17
189.59425354003906,189.59425354003906,191.14936893987746,183.29880149691303,190.8589560813797,503800,2021-12-20
195.08401489257812,195.08401489257812,195.24327307759256,191.1587244723084,192.1236509604912,309700,2021-12-21
194.0628662109375,194.0628662109375,195.72104681648955,193.7256093809063,194.35329332981783,368600,2021-12-22
195.2995147705078,195.2995147705078,197.0513694108467,194.47510585986072,194.6062605233922,246300,2021-12-23
199.07489013671875,199.07489013671875,199.14047460908398,195.56180384018842,196.04895580918034,196200,2021-12-27
201.22019958496094,201.22019958496094,202.38186521473975,198.99993371875476,198.99993371875476,186400,2021-12-28
203.3936309814453,203.3936309814453,204.43350502638262,200.87357496206135,201.051573609495,329400,2021-12-29
201.67926025390625,201.67926025390625,205.5483439325278,201.41695094974057,204.5459364314207,223800,2021-12-30
202.88778686523438,202.88778686523438,203.8058695062906,200.87360861108496,200.87360861108496,171000,2021-12-31
197.49166870117188,197.49166870117188,203.4873449139493,197.06073809492105,203.11260710983382,408300,2022-01-03
202.27882385253906,202.27882385253906,204.06815924343334,198.85942556284422,199.16857887342684,432400,2022-01-04
200.46139526367188,200.46139526367188,205.47340437477345,200.38644770316583,203.53417377049175,322100,2022-01-05
200.489501953125,200.489501953125,202.10083879228614,198.14744425606355,199.70257399766095,393900,2022-01-06
199.76817321777344,199.76817321777344,202.22264529110495,199.5526936014954,200.80804748380393,244500,2022-01-07
194.35333251953125,194.35333251953125,197.96947036716927,192.5265159832096,197.32306012136763,686800,2022-01-10
198.3160858154297,198.3160858154297,198.36292982973868,192.741991187528,195.02782756107328,324800,2022-01-11
199.3933868408203,199.3933868408203,201.21082559259213,198.89687183685587,199.87117567863078,517300,2022-01-12
198.1474609375,198.1474609375,202.31633542506293,197.29496272803758,200.33963799053947,309600,2022-01-13
195.87098693847656,195.87098693847656,198.00694258802864,193.43524101786394,195.824142921775,360400,2022-01-14
193.8005828857422,193.8005828857422,195.29950550768365,190.9245435094284,193.8942709101581,553000,2022-01-18
193.21974182128906,193.21974182128906,195.93652277625645,193.0604836282529,194.84981897114014,335200,2022-01-19
190.23126220703125,190.23126220703125,195.69294161373378,190.02516001849278,193.5195198456692,284800,2022-01-20
188.0765838623047,188.0765838623047,191.63651418804798,186.6151422420527,189.9877108232379,377700,2022-01-21
187.7112274169922,187.7112274169922,188.4232220740312,180.6101070785994,184.25434812205103,464800,2022-01-24
183.31753540039062,183.31753540039062,185.49097183081457,180.69444218406642,184.17942522265247,682700,2022-01-25
182.9334259033203,182.9334259033203,188.54498636179565,180.58199109290317,185.097484683348,511500,2022-01-26
183.9639434814453,183.9639434814453,188.46069712039804,182.11840087190595,185.35045193085637,510600,2022-01-27
186.89620971679688,186.89620971679688,187.17725950765907,180.80685952552278,183.95458573464975,470300,2022-01-28
192.4421844482422,192.4421844482422,192.9949066033011,184.76023848750464,184.76023848750464,828400,2022-01-31
193.35089111328125,193.35089111328125,196.65787503510046,191.53345227459178,192.52648233001165,754200,2022-02-01
188.02037048339844,188.02037048339844,192.90122453151747,182.53996459064882,189.48181205479835,1159200,2022-02-02
180.9286346435547,180.9286346435547,187.90796329195396,180.22601737771345,184.31056632159522,656800,2022-02-03
177.3499298095703,177.3499298095703,179.5889358286152,172.42224681016955,179.32662657661862,1028500,2022-02-04
170.00527954101562,170.00527954101562,177.35934618040352,169.48066092168122,177.171970135111,1109900,2022-02-07
172.69395446777344,172.69395446777344,175.41074984027054,168.02857976610017,169.99591385326067,783100,2022-02-08
176.90028381347656,176.90028381347656,177.1813335645026,174.08981489278437,175.04537832835928,796900,2022-02-09
174.9423370361328,174.9423370361328,177.88396076622976,172.69395319667203,173.90246290539363,829000,2022-02-10
171.89767456054688,171.89767456054688,175.5981229206587,170.1270794857458,174.2303549145375,701400,2022-02-11
170.2957000732422,170.2957000732422,173.23732400261056,168.0660565458023,171.73841563621596,582200,2022-02-14
172.90943908691406,172.90943908691406,176.11337223750354,171.84144707526545,172.63775239436944,448100,2022-02-15
173.0031280517578,173.0031280517578,173.705745408802,170.84843196453164,172.25366667862,499400,2022-02-16
171.15756225585938,171.15756225585938,172.63774433730583,170.2863237120097,171.82271288728072,462400,2022-02-17
169.44317626953125,169.44317626953125,172.4878511063895,169.3026585334364,171.32619970191212,498300,2022-02-18
167.19482421875,167.19482421875,171.1388415688915,166.38915575966857,169.4712975504091,596700,2022-02-22
163.88783264160156,163.88783264160156,168.89982756533732,163.33511045265703,168.18784716744872,593500,2022-02-23
163.26951599121094,163.26951599121094,164.38433768043302,157.67668137680693,160.46840999454307,1024400,2022-02-24
168.92791748046875,168.92791748046875,168.96538410793772,163.7941175354298,163.7941175354298,505500,2022-02-25
165.06822204589844,165.06822204589844,166.41724955362594,163.16647235771705,165.50853003230353,705600,2022-02-28
156.99916076660156,156.99916076660156,164.57920649545088,156.29382131019247,163.86446767901683,760700,2022-03-01
161.74842834472656,161.74842834472656,163.0180305916023,158.23113087860156,158.3439805849462,514800,2022-03-02
161.1559295654297,161.1559295654297,163.3847972405901,159.00229980696298,162.46315787388153,547900,2022-03-03
157.61044311523438,157.61044311523438,159.52897439842474,156.03988904183714,158.42864661108058,516400,2022-03-04
149.136962890625,149.136962890625,158.07126186339426,148.3657849333165,157.1684211268095,966400,2022-03-07
149.45672607421875,149.45672607421875,154.11196359300584,147.19023185501524,150.29372831759596,718600,2022-03-08
155.92701721191406,155.92701721191406,158.18409732480637,153.44422334766637,154.4128882115478,539400,2022-03-09
153.90504455566406,153.90504455566406,154.48813485874106,151.32821391202646,152.43794096436199,484400,2022-03-10
152.71067810058594,152.71067810058594,157.20603980126577,152.63544018026153,155.6072734573286,524000,2022-03-11
156.04928588867188,156.04928588867188,159.94277325065624,153.84863034942023,154.80789597556858,568800,2022-03-14
157.1778106689453,157.1778106689453,158.03361142757214,154.43169144472844,157.31887278570676,479600,2022-03-15
159.97096252441406,159.97096252441406,161.07129013477336,156.17152670814073,159.1151473774129,559700,2022-03-16
160.89260864257812,160.89260864257812,161.47568457595617,158.35338986960502,158.5885029846982,536800,2022-03-17
160.93020629882812,160.93020629882812,162.5007600477514,158.15587465432094,160.54463173005092,1476700,2022-03-18
160.60107421875,160.60107421875,162.31269027230036,158.7107555475944,159.8675224314904,681900,2022-03-21
160.6763153076172,160.6763153076172,163.591709446475,159.68883731293698,162.0211554940565,750200,2022-03-22
154.7985076904297,154.7985076904297,159.6230198946808,154.71385604812,159.59480746396696,734400,2022-03-23
156.88626098632812,156.88626098632812,158.03359960050597,154.76082958509105,156.058658362826,704100,2022-03-24
162.82992553710938,162.82992553710938,162.86753731847676,157.8079132399374,157.9960008471034,840500,2022-03-25
163.16848754882812,163.16848754882812,163.7139516499736,160.01796634312214,162.528986820001,794300,2022-03-28
168.24691772460938,168.24691772460938,169.84569818120747,164.75784758264666,165.33152408350315,986200,2022-03-29
166.30020141601562,166.30020141601562,169.3472723910924,165.13403526131995,167.59803033413138,799400,2022-03-30
163.61050415039062,163.61050415039062,166.99613850923305,163.60110479250886,165.68889590526956,754300,2022-03-31
164.61680603027344,164.61680603027344,166.00868611941848,161.13713450774463,166.00868611941848,715700,2022-04-01
164.1748046875,164.1748046875,164.55097995860226,162.40674934295245,164.03372819821158,801100,2022-04-04
164.9647674560547,164.9647674560547,166.03688267347215,163.07444885022736,163.87383917161853,794800,2022-04-05
163.9114532470703,163.9114532470703,164.71084357963744,160.31893230521152,163.34719038011033,733100,2022-04-06
163.3942108154297,163.3942108154297,164.38167438958453,160.71391564229862,162.88635846570375,550100,2022-04-07
165.33152770996094,165.33152770996094,166.5541186476383,162.37850787442613,164.0242995039476,625800,2022-04-08
165.12466430664062,165.12466430664062,167.73912130867419,164.6074125220295,165.51965266484345,520900,2022-04-11
163.1591339111328,163.1591339111328,166.90213140559578,161.92712889684347,165.68893946218031,404200,2022-04-12
162.2374267578125,162.2374267578125,162.71706663162328,158.1088415910168,162.11517771266548,1234200,2022-04-13
156.575927734375,156.575927734375,163.81740845960917,156.51008917724792,162.77350570498612,630600,2022-04-14
154.40350341796875,154.40350341796875,157.554025417783,153.67936523665537,155.7295450489474,489100,2022-04-18
158.9646453857422,158.9646453857422,159.74522248859952,153.95203308557134,154.86427293167193,543100,2022-04-19
160.89260864257812,160.89260864257812,162.67006321867586,160.20608236455246,160.44119547964564,447100,2022-04-20
162.26564025878906,162.26564025878906,165.23747309410138,161.69196375798614,163.15908146098008,613000,2022-04-21
157.45054626464844,157.45054626464844,162.60422163357464,157.23424622083277,161.503893997427,660500,2022-04-22
158.64492797851562,158.64492797851562,158.748378323256,152.83292430611596,156.3126098927469,808500,2022-04-25
163.84561157226562,163.84561157226562,169.2626120085696,161.35341855429968,165.5102162702044,1128700,2022-04-26
170.5322265625,170.5322265625,172.79872017289662,165.7641262539104,166.39422760718503,1219800,2022-04-27
172.6388702392578,172.6388702392578,173.26897168466877,168.19993334456717,171.03069016950286,723500,2022-04-28
169.84571838378906,169.84571838378906,174.3504793098238,169.47894250192053,173.09027646957458,752300,2022-04-29
168.57608032226562,168.57608032226562,171.51028700276814,165.35973507244623,170.65448628773075,679500,2022-05-02
170.38177490234375,170.38177490234375,172.140416456383,168.49147057447536,168.70777062787337,483000,2022-05-03
174.36927795410156,174.36927795410156,174.9147420525618,169.15916377062942,170.53223054953475,498600,2022-05-04
168.5948944091797,168.5948944091797,172.98680509931262,166.7798139373612,171.33159980270486,522900,2022-05-05
166.7798614501953,166.7798614501953,168.18114099706332,164.3534920083876,167.1184249618468,387700,2022-05-06
165.9051971435547,165.9051971435547,168.34096520726297,164.03369186150445,164.06190428307917,512900,2022-05-09
161.5133056640625,161.5133056640625,167.7202830984889,159.0775229616761,166.7328051759177,645800,2022-05-10
161.5133056640625,161.5133056640625,164.11834856578227,160.7045159994056,161.86126847147543,658500,2022-05-11
162.18101501464844,162.18101501464844,164.55095910268244,158.9176440083584,161.0054495037418,623200,2022-05-12
163.9114532470703,163.9114532470703,166.82686161861025,163.03683934570776,163.30956424554688,467800,2022-05-13
163.1403045654297,163.1403045654297,164.5885951745292,160.4223972771182,162.60423972526598,425100,2022-05-16
167.5415802001953,167.5415802001953,167.77669328739748,164.26881004438715,166.32840298430432,418200,2022-05-17
158.4380645751953,158.4380645751953,165.4256211183717,157.91141336900108,165.03063271372602,549400,2022-05-18
157.82675170898438,157.82675170898438,159.17159194933885,155.33454387486208,157.0179619528422,555600,2022-05-19
154.70443725585938,154.70443725585938,159.67942469913265,151.44106591162824,159.3408612229247,698400,2022-05-20
156.77342224121094,156.77342224121094,157.60102499821835,152.21223641945954,156.40664635574916,511000,2022-05-23
153.13389587402344,153.13389587402344,155.89882876519175,149.17458418391374,155.33455147509585,703300,2022-05-24
155.50381469726562,155.50381469726562,156.5383037578827,150.97082710659365,152.09936715006916,672900,2022-05-25
158.79539489746094,158.79539489746094,159.67940810721313,156.95210186293534,157.76089150816114,441600,2022-05-26
163.2719268798828,163.2719268798828,163.31895236563633,159.93331829367096,160.21545685802866,349000,2022-05-27
162.98858642578125,162.98858642578125,164.34871603690266,159.380478430238,161.5623470095671,1103100,2022-05-31
163.47027587890625,163.47027587890625,164.73594619589738,160.3721954663473,163.2057934722572,518500,2022-06-01
167.65457153320312,167.65457153320312,167.7773654088378,163.02636659106005,164.58483994175012,389400,2022-06-02
167.48455810546875,167.48455810546875,168.11739333343095,165.58603800915586,166.27554289746894,355200,2022-06-03
170.0253448486328,170.0253448486328,170.8659784676417,167.76791202371504,168.28740794836702,470800,2022-06-06
171.5460662841797,171.5460662841797,172.1033516668114,167.56959071637303,169.54366108281116,530300,2022-06-07
168.87301635742188,168.87301635742188,171.13990377034224,168.4196446398086,170.9604402287547,568300,2022-06-08
164.30148315429688,164.30148315429688,168.69356946815756,164.10313933064432,167.6923525603448,402200,2022-06-09
159.52218627929688,159.52218627929688,161.6190508038341,157.56701035975465,160.4383844910285,616300,2022-06-10
152.25865173339844,152.25865173339844,156.23514030769903,151.25744948670115,155.64008015969364,636300,2022-06-13
152.15478515625,152.15478515625,153.5527040759407,150.9552388782755,152.06978066330882,574500,2022-06-14
152.1642608642578,152.1642608642578,154.09110170095516,149.51956577644617,153.31659219242982,504500,2022-06-15
144.80633544921875,144.80633544921875,148.87726991007483,143.21007255483875,148.37666863002323,699800,2022-06-16
146.31759643554688,146.31759643554688,148.697808989984,144.79689787510895,144.8535675436772,881200,2022-06-17
146.73316955566406,146.73316955566406,148.5277760288804,146.04365026615076,147.86660598150735,534700,2022-06-21
147.06375122070312,147.06375122070312,148.48055039318086,144.40961641024975,144.6929791272306,645400,2022-06-22
146.8654022216797,146.8654022216797,147.61157675136945,144.45684083102884,146.71427352296942,694600,2022-06-23
156.17852783203125,156.17852783203125,156.20686266731641,148.20666749008262,148.20666749008262,745300,2022-06-24
157.68978881835938,157.68978881835938,159.18215275741878,155.17732746225568,156.76415047069028,493300,2022-06-27
155.0167236328125,155.0167236328125,159.8527415286403,154.82781994907228,158.3509233737015,411400,2022-06-28
154.9033966064453,154.9033966064453,156.22573691006556,152.4192704513283,155.13008969239237,382700,2022-06-29
152.89154052734375,152.89154052734375,153.73217425722825,150.72856646250457,152.919875362205,616300,2022-06-30
155.31895446777344,155.31895446777344,155.99901914276015,151.54082379003603,152.57036094073752,499500,2022-07-01
154.06272888183594,154.06272888183594,154.13829322713485,151.17246113317165,153.0426318389382,502400,2022-07-05
156.53741455078125,156.53741455078125,157.633076041261,154.0060736028727,154.60111945746004,544600,2022-07-06
157.8881072998047,157.8881072998047,158.7004060894096,154.69558180375307,157.32138185127033,390900,2022-07-07
155.80067443847656,155.80067443847656,157.97310264886846,155.7912342994373,157.59529531333337,372300,2022-07-08
154.66725158691406,154.66725158691406,157.0002488401811,154.01552162538388,154.51612287447256,513000,2022-07-11
156.82078552246094,156.82078552246094,158.88931473815987,154.17609070061948,154.17609070061948,362300,2022-07-12
154.006103515625,154.006103515625,155.95183912625248,153.51494233614457,154.24223675793277,387200,2022-07-13
154.93170166015625,154.93170166015625,155.09227049384407,150.77576343696663,151.41803877171796,295100,2022-07-14
157.74642944335938,157.74642944335938,159.38048168554346,155.8668182558567,157.27416300832007,383100,2022-07-15
156.09352111816406,156.09352111816406,159.5599555592241,155.64014930572492,158.81378081765905,342200,2022-07-18
162.12904357910156,162.12904357910156,162.42186084310828,157.92587565132686,158.3131375445129,437300,2022-07-19
163.70645141601562,163.70645141601562,164.15982317882242,161.609587195945,162.43132621836267,369300,2022-07-20
166.26609802246094,166.26609802246094,166.40777216930286,163.37583012747828,163.64029814320048,339600,2022-07-21
165.57659912109375,165.57659912109375,167.29564128524163,164.2636991341472,166.4361274093809,332700,2022-07-22
165.08544921875,165.08544921875,165.69938980199754,163.66864995363034,165.69938980199754,346400,2022-07-25
162.2329559326172,162.2329559326172,164.02757698185562,161.1845239003422,164.01812242947165,706200,2022-07-26
173.9735107421875,173.9735107421875,175.54143875735718,164.9343243045174,170.488182163711,918400,2022-07-27
178.64895629882812,178.64895629882812,178.72452066208305,175.08806314724376,175.38086604708872,498300,2022-07-28
179.89572143554688,179.89572143554688,180.04683572842762,176.47650293699448,179.88626688369854,595700,2022-07-29
179.86740112304688,179.86740112304688,180.7552643940019,177.47773393416352,178.35615706417843,433000,2022-08-01
179.9051971435547,179.9051971435547,182.17207052163613,177.7894380882304,178.913434635983,710800,2022-08-02
182.40818786621094,182.40818786621094,182.80488995217544,178.8756440668198,180.5191220783258,526400,2022-08-03
182.7954559326172,182.7954559326172,183.51329576757627,181.3692164034804,182.22873041230355,381100,2022-08-04
182.56874084472656,182.56874084472656,183.14490643640073,180.6324601105484,181.09527196436036,377100,2022-08-05
186.16741943359375,186.16741943359375,186.80969481544966,184.18389480152968,184.18389480152968,505800,2022-08-08
182.93711853027344,182.93711853027344,186.53580085541262,182.60654067469991,185.997410203941,376500,2022-08-09
186.3657684326172,186.3657684326172,188.95379354822984,185.7990573879992,186.90415905805267,382100,2022-08-10
187.7353515625,187.7353515625,189.54885297731266,187.25364497826834,187.71647128169505,396100,2022-08-11
191.2395477294922,191.2395477294922,191.39067642901497,187.9525777832151,188.80265149628514,296800,2022-08-12
190.02108764648438,190.02108764648438,191.39067163451443,189.5016061750806,189.7094045286124,285600,2022-08-15
192.79803466796875,192.79803466796875,193.03416787304414,189.00102310730415,189.37883047045392,230800,2022-08-16
189.80386352539062,189.80386352539062,192.3446590666971,189.59606515612512,190.7200614955813,349400,2022-08-17
188.434326171875,188.434326171875,189.85112561677633,188.03762405679416,189.85112561677633,434200,2022-08-18
186.1201934814453,186.1201934814453,188.83099803982654,184.2783573805865,188.13203857049402,350800,2022-08-19
183.58883666992188,183.58883666992188,184.7222875657031,182.9371067285757,183.49439203689133,217600,2022-08-22
182.75767517089844,182.75767517089844,184.76008029773342,182.03982094623817,184.23114418214897,219500,2022-08-23
182.97491455078125,182.97491455078125,184.28781470535432,181.89814762122077,182.96547441025493,213100,2022-08-24
184.8450927734375,184.8450927734375,185.44959327624434,183.45662820391686,183.80611519084107,231200,2022-08-25
178.3089141845703,178.3089141845703,185.16621763764053,177.8744371349913,185.16621763764053,280400,2022-08-26
175.6736602783203,175.6736602783203,177.8838635665299,175.66420572638776,176.92989062907878,295300,2022-08-29
173.93572998046875,173.93572998046875,176.79766355084502,172.3772564406344,175.56032774210902,445300,2022-08-30
173.4351348876953,173.4351348876953,175.2958659438285,172.8400889323209,175.2958659438285,459800,2022-08-31
175.22027587890625,175.22027587890625,175.69254228251623,171.77273689752403,172.8778385524802,402200,2022-09-01
175.19195556640625,175.19195556640625,178.72451374663717,174.45522106871326,176.62764958784075,432600,2022-09-02
174.0539093017578,174.0539093017578,177.2309466383233,173.59869689298546,176.51017798091368,323700,2022-09-06
178.9285430908203,178.9285430908203,179.2794345304322,173.16246538806874,174.0349619885521,326600,2022-09-07
179.28890991210938,179.28890991210938,179.7915436167429,176.4343139798577,177.24991075036644,286900,2022-09-08
181.18563842773438,181.18563842773438,181.93484248748422,179.68721583729308,180.53126244832643,468700,2022-09-09
182.13400268554688,182.13400268554688,183.50913282805465,181.5554978636854,181.9063892492445,513500,2022-09-12
175.13507080078125,175.13507080078125,178.8906134611013,174.78417936369306,177.79050339716534,376500,2022-09-13
170.8863525390625,170.8863525390625,175.52386931742535,169.12238830288481,174.76517237706946,524100,2022-09-14
170.0992431640625,170.0992431640625,173.82632154004304,169.73885878212064,170.69671948760956,631700,2022-09-15
164.4185028076172,164.4185028076172,166.31523819941876,161.4216718864871,166.23936704723357,957300,2022-09-16
169.98541259765625,169.98541259765625,170.59236727840573,163.5175386666293,163.57443840686503,393200,2022-09-19
166.75149536132812,166.75149536132812,167.77573421957703,164.96855944464195,167.77573421957703,273300,2022-09-20
164.01071166992188,164.01071166992188,169.72936771941696,163.98226179671585,168.21197361736282,353400,2022-09-21
160.18878173828125,160.18878173828125,163.7641173263076,160.1413604620358,163.7641173263076,345400,2022-09-22
157.0686492919922,157.0686492919922,159.94220218205115,154.60290202600663,158.40585118327095,683900,2022-09-23
155.21932983398438,155.21932983398438,157.7135413567882,154.128712836841,156.75568077940696,408000,2022-09-26
154.5839080810547,154.5839080810547,158.661891372473,152.94323629868342,157.37211094706953,375700,2022-09-27
158.05494689941406,158.05494689941406,158.79467246604324,153.77779978337952,155.75989905539262,549400,2022-09-28
155.15296936035156,155.15296936035156,155.99701607722932,153.09499861277232,155.99701607722932,412300,2022-09-29
154.2993927001953,154.2993927001953,157.334165871785,153.86315174446614,155.55124477337978,519400,2022-09-30
159.4206085205078,159.4206085205078,160.47329719591102,154.915862161331,155.75041585710636,823700,2022-10-03
164.8168182373047,164.8168182373047,166.30576249061946,162.09500753562264,162.09500753562264,587600,2022-10-04
162.97698974609375,162.97698974609375,164.2383060117447,160.65347737971877,162.12345016121859,449300,2022-10-05
161.31732177734375,161.31732177734375,163.53649831263198,160.26463324584446,162.664001926218,301600,2022-10-06
156.9832763671875,156.9832763671875,160.14134198431285,155.90213795986946,159.4585162038025,311600,2022-10-07
156.841064453125,156.841064453125,158.69985715512854,155.33314871994574,158.32999430833596,330500,2022-10-10
157.7799072265625,157.7799072265625,159.78096336841526,155.78834402176585,155.86421516351155,449600,2022-10-11
155.0201873779297,155.0201873779297,159.46801964262593,154.9537946942611,158.2161818296098,257300,2022-10-12
157.75149536132812,157.75149536132812,158.88005535139894,149.15928546410703,150.87582885568264,447300,2022-10-13
157.91268920898438,157.91268920898438,160.46380045464448,157.12554233784059,159.08867028230915,882000,2022-10-14
160.7483367919922,160.7483367919922,161.82947546945456,159.8189404305458,160.55866613244407,346100,2022-10-17
164.24778747558594,164.24778747558594,166.47644266002595,163.26147706475888,164.6461001323249,386300,2022-10-18
162.4269256591797,162.4269256591797,164.9211226492498,161.4785580430921,163.4890927584965,216400,2022-10-19
160.0085906982422,160.0085906982422,164.92112816790925,159.4395643211721,162.84421517476974,353000,2022-10-20
162.2088165283203,162.2088165283203,162.70197181910925,159.85686851762065,160.2931240577308,476200,2022-10-21
164.65557861328125,164.65557861328125,165.18666215564653,161.2983636656486,163.4796120468842,586800,2022-10-24
167.8705596923828,167.8705596923828,168.56287852555332,162.9011222553731,164.06761046286948,622200,2022-10-25
154.81155395507812,154.81155395507812,168.44907211631215,154.29942727549482,166.1919667518587,1449900,2022-10-26
159.73353576660156,159.73353576660156,162.019104981701,153.98643086329332,153.98643086329332,1186100,2022-10-27
162.76834106445312,162.76834106445312,163.65031601482596,158.538615064922,160.07496599573486,565300,2022-10-28
160.79574584960938,160.79574584960938,163.98226188896146,160.64400354513006,162.7778308624388,484000,2022-10-31
160.0654754638672,160.0654754638672,162.83470699986827,158.21616161784908,162.83470699986827,436200,2022-11-01
156.95486450195312,156.95486450195312,162.74939210258503,156.39533099578833,159.84738906823222,542200,2022-11-02
158.89898681640625,158.89898681640625,160.6629510484538,154.52701180676334,155.79782085809316,428300,2022-11-03
165.5470733642578,165.5470733642578,166.77995434267828,161.84844489994003,162.13295812125915,621000,2022-11-04
167.0454864501953,167.0454864501953,167.5386417070956,164.97805180590325,166.6282023459676,446000,2022-11-07
166.99806213378906,166.99806213378906,171.65455093891512,164.66508573304318,168.16456480510448,733400,2022-11-08
161.79153442382812,161.79153442382812,166.5618227681241,158.80416750444152,165.54706238924672,847400,2022-11-09
173.23829650878906,173.23829650878906,173.51333119866075,167.45326320692038,168.13607452132612,694300,2022-11-10
174.3384246826172,174.3384246826172,175.73252626857285,171.6166141914379,173.4185069158045,699700,2022-11-11
171.227783203125,171.227783203125,176.20671339765238,171.18036192613158,173.3805818343368,561900,2022-11-14
175.71356201171875,175.71356201171875,176.48173751462795,172.82103770309456,174.26256062379196,510600,2022-11-15
176.91796875,176.91796875,177.2783385775451,174.77464883282687,175.7894090539558,421600,2022-11-16
176.25413513183594,176.25413513183594,177.2973308736872,174.9074403222511,175.92220066296295,738000,2022-11-17
178.50173950195312,178.50173950195312,179.478556910289,176.3963624058851,178.7293529210476,612100,2022-11-18
179.41220092773438,179.41220092773438,179.49756502169012,176.7662613177432,177.6008295541588,391500,2022-11-21
181.42274475097656,181.42274475097656,181.65034373863554,178.86215484321357,180.18986384103357,500800,2022-11-22
183.04440307617188,183.04440307617188,183.79362149307192,181.40373137893238,181.52702378268694,793600,2022-11-23
182.42800903320312,182.42800903320312,183.79366081920418,181.18564967733735,183.79366081920418,186900,2022-11-25
178.0370635986328,178.0370635986328,182.51336028345008,177.5723726887862,181.119258612025,349900,2022-11-28
178.69143676757812,178.69143676757812,179.82947509090855,177.0223148580897,177.6008197224995,351100,2022-11-29
183.34793090820312,183.34793090820312,183.62295117658437,175.92221001059582,178.23622953578956,600400,2022-11-30
183.19615173339844,183.19615173339844,185.42482118929158,181.9917209335579,184.56180327480192,391700,2022-12-01
182.65560913085938,182.65560913085938,183.74622610387354,180.35106829277026,180.7588738936581,376100,2022-12-02
181.47962951660156,181.47962951660156,182.17193383181865,177.84737977198012,180.50281201935476,660500,2022-12-05
181.8319091796875,181.8319091796875,183.10773320522995,179.08034295126637,181.51771468646385,512500,2022-12-06
182.57452392578125,182.57452392578125,184.65962334479374,181.80332595499684,182.0508810266223,463100,2022-12-07
170.63522338867188,170.63522338867188,183.82180339821858,168.81671039158815,183.61234040756594,1353500,2022-12-08
169.21658325195312,169.21658325195312,172.70126973864626,168.7215021382564,169.42604623385583,646900,2022-12-09
170.9017791748047,170.9017791748047,170.9017791748047,167.58847855443062,169.39746093510166,509800,2022-12-12
176.5572967529297,176.5572967529297,177.28088699186117,173.7486067197444,177.28088699186117,535700,2022-12-13
173.13925170898438,173.13925170898438,177.7854860971761,171.94912766514446,176.4335069267197,397000,2022-12-14
172.63462829589844,172.63462829589844,173.07258577802398,170.08299496848898,172.0919247961876,543500,2022-12-15
170.7018585205078,170.7018585205078,172.67271083032566,169.81641324128933,171.3016856631273,797400,2022-12-16
168.02645874023438,168.02645874023438,171.77773182321567,167.05532803947312,170.92084837480738,389000,2022-12-19
169.81642150878906,169.81642150878906,170.8827680116891,167.3600037192816,168.1312017814062,433300,2022-12-20
172.2633056640625,172.2633056640625,173.22493517836492,170.24485995764607,171.02558829488638,310700,2022-12-21
170.24485778808594,170.24485778808594,172.07288653193942,167.6551467689899,170.83515465065543,306800,2022-12-22
172.4346923828125,172.4346923828125,173.1392510440974,169.11186083513442,169.95922856997913,283400,2022-12-23
173.6438751220703,173.6438751220703,174.4721968648117,171.21601899954828,172.55848250031582,236300,2022-12-27
170.5019073486328,170.5019073486328,174.9958162306362,170.44478372750314,174.16748014061844,246700,2022-12-28
172.72984313964844,172.72984313964844,173.73906601404073,171.64445058237425,171.9491293139018,660100,2022-12-29
172.32997131347656,172.32997131347656,172.53943431929258,170.6161896876556,171.33026415442416,246400,2022-12-30
174.43409729003906,174.43409729003906,174.91966264216387,172.17761235279897,173.28205088911324,392000,2023-01-03
177.84259033203125,177.84259033203125,177.96636786801398,175.55755822820745,176.95714511336047,487100,2023-01-04
174.348388671875,174.348388671875,175.9764845823737,172.60604551428162,175.34809566759316,647600,2023-01-05
179.28981018066406,179.28981018066406,179.49927318109295,175.42428949110143,176.0431482018983,250300,2023-01-06
180.4037628173828,180.4037628173828,182.80305700842527,178.97561393450448,179.69921866634047,290500,2023-01-09
180.6417694091797,180.6417694091797,181.2320807668487,178.40434510176343,179.31835215899247,260300,2023-01-10
183.3647918701172,183.3647918701172,183.89796512798029,180.61322560673804,180.8607807106614,367100,2023-01-11
183.736083984375,183.736083984375,184.6024976696747,181.65098458853757,184.25974140559347,329400,2023-01-12
185.9830322265625,185.9830322265625,186.56381325093088,181.68907057287433,182.31745945718356,301300,2023-01-13
184.24069213867188,184.24069213867188,186.0972970112931,183.64087958291182,186.0496891505809,494500,2023-01-17
180.21334838867188,180.21334838867188,185.69743494547504,180.01341567789052,184.61204236044478,529900,2023-01-18
177.2237548828125,177.2237548828125,180.1276605184038,175.33860242424905,178.93753644872552,400100,2023-01-19
181.36538696289062,181.36538696289062,181.42251059204384,177.4427282690888,177.890216067964,452600,2023-01-20
182.70782470703125,182.70782470703125,183.46950694775347,180.29901497186196,181.75572553809855,416200,2023-01-23
180.80364990234375,180.80364990234375,182.25084489529303,177.25232360779512,181.50820860909536,540200,2023-01-24
176.2240447998047,176.2240447998047,179.0708267567134,174.9196734902606,178.85184799937625,1140900,2023-01-25
179.12796020507812,179.12796020507812,179.63257166757745,175.56710362317295,177.63317187122607,387100,2023-01-26
178.4709930419922,178.4709930419922,179.4516540607486,176.59535644622366,177.82357255608272,320000,2023-01-27
176.73818969726562,176.73818969726562,179.20412328580545,176.14787827906147,177.67124290116794,413500,2023-01-30
180.3656768798828,180.3656768798828,180.54657805445743,176.58584184948813,177.7854816254678,445900,2023-01-31
182.4793243408203,182.4793243408203,183.76464946085056,177.19517121746068,178.70900536072915,540200,2023-02-01
179.52781677246094,179.52781677246094,180.7560328346492,174.87205242260487,174.87205242260487,1306900,2023-02-02
172.5203857421875,172.5203857421875,178.78520071567843,171.95865065657134,177.4712990671209,595200,2023-02-03
169.98779296875,169.98779296875,172.2157162453202,169.33085669250713,171.1684012636897,462000,2023-02-06
174.80545043945312,174.80545043945312,175.5195249681635,168.9785924062157,169.86405237631598,603900,2023-02-07
174.71971130371094,174.71971130371094,175.8527116265106,173.56767945781968,173.56767945781968,439600,2023-02-08
172.2442626953125,172.2442626953125,176.42397743079587,170.9494072552966,175.87175817409553,519000,2023-02-09
172.70126342773438,172.70126342773438,173.21539057405684,171.12077535945272,171.86341153074073,489100,2023-02-10
176.41445922851562,176.41445922851562,176.4335052808462,173.0916422269558,173.0916422269558,525400,2023-02-13
175.414794921875,175.414794921875,177.4998803597094,173.55818950940812,175.82419068170566,593100,2023-02-14
176.73818969726562,176.73818969726562,177.2904090095822,173.6724289279906,173.90092345178937,414000,2023-02-15
173.32965087890625,173.32965087890625,175.10055585568415,172.86311707151748,174.56738266317123,299700,2023-02-16
173.75811767578125,173.75811767578125,173.78667949179876,171.76823367785715,173.2915838010252,412000,2023-02-17
170.42575073242188,170.42575073242188,173.24397065635384,169.15945709815935,171.94911520933866,733400,2023-02-21
173.71047973632812,173.71047973632812,174.07228204709622,170.1972316955143,170.70184306164901,913600,2023-02-22
173.03453063964844,173.03453063964844,176.1383691029933,171.20650174149299,174.3865098915796,985300,2023-02-23
172.9488067626953,172.9488067626953,173.6628811333553,169.52125850025556,170.14011714367544,589200,2023-02-24
173.15826416015625,173.15826416015625,176.57631107875508,172.2728189424546,175.0434308980214,596400,2023-02-27
174.18124389648438,174.18124389648438,174.8791502698199,171.9919001808963,172.4603658769922,945700,2023-02-28
173.15826416015625,173.15826416015625,175.91166886270122,172.59420307091048,173.24431899813953,385400,2023-03-01
173.5885009765625,173.5885009765625,173.70322131404583,171.22707677643834,172.49859941831548,448700,2023-03-02
175.27114868164062,175.27114868164062,175.30938393571822,171.58082667143515,173.9996113099645,411000,2023-03-03
172.44122314453125,172.44122314453125,176.10286431696554,172.24046257268535,175.68220366809555,442000,2023-03-06
169.95555114746094,169.95555114746094,172.34565559510128,169.53489043058985,171.93455004432644,379300,2023-03-07
170.34751892089844,170.34751892089844,170.67258421599087,167.5941284891061,169.1715916053617,449700,2023-03-08
167.3072967529297,167.3072967529297,172.52729083035808,166.67630573261795,171.50431921366737,401500,2023-03-09
163.2345733642578,163.2345733642578,166.9344502621835,161.8387459929356,166.9344502621835,500800,2023-03-10
163.96116638183594,163.96116638183594,165.65336442856204,160.50029978294023,162.02995788848906,596100,2023-03-13
166.5615997314453,166.5615997314453,168.08170265734708,164.60171116892272,166.88665043483817,400500,2023-03-14
163.69346618652344,163.69346618652344,165.0510436926324,162.01083799332622,162.8139095454404,481000,2023-03-15
164.16192626953125,164.16192626953125,165.18488329990836,162.09687270214076,162.27852295872214,440000,2023-03-16
159.1522674560547,159.1522674560547,164.17148652265715,157.14457399419808,164.17148652265715,769300,2023-03-17
162.1255645751953,162.1255645751953,162.67050079652662,159.5155746363104,160.3951313112596,612300,2023-03-20
164.80247497558594,164.80247497558594,165.7776270183957,163.416202822815,164.42961929144366,492100,2023-03-21
163.1580810546875,163.1580810546875,167.70883432376547,162.97643079645283,164.73554403444547,492200,2023-03-22
162.17337036132812,162.17337036132812,165.7489572502518,161.45633903273136,163.03380212042833,474000,2023-03-23
162.27854919433594,162.27854919433594,162.8904153960346,159.23832851949138,161.1790923118187,537200,2023-03-24
164.48699951171875,164.48699951171875,165.12754578625155,161.96304966798985,163.59787302542895,366700,2023-03-27
164.98411560058594,164.98411560058594,166.06443275214687,163.98982410890966,164.56345493780273,305000,2023-03-28
165.56732177734375,165.56732177734375,166.81974886384978,165.10842577067862,166.68590358740408,406200,2023-03-29
166.50425720214844,166.50425720214844,167.48897917079674,166.20788655364828,166.64765764882873,298400,2023-03-30
171.0645294189453,171.0645294189453,171.32266475511182,167.0874071491662,167.6514682346827,420800,2023-03-31
170.51962280273438,170.51962280273438,172.02060090255625,169.52534570999,169.90775660995922,433600,2023-04-03
167.66104125976562,167.66104125976562,170.90202229052076,166.36082386343685,170.78730194579876,436400,2023-04-04
169.01858520507812,169.01858520507812,169.06639020188223,167.12562695353776,167.12562695353776,456400,2023-04-05
169.09512329101562,169.09512329101562,169.41061886318138,167.33600972625024,168.56931192544747,497500,2023-04-06
169.38192749023438,169.38192749023438,169.7452280499889,167.38380358766557,167.689729384269,385400,2023-04-10
170.3092803955078,170.3092803955078,171.62862270683232,168.90389782597686,170.24236505736047,308500,2023-04-11
169.4010467529297,169.4010467529297,172.06839692276125,169.1429113855137,171.27488048814183,497000,2023-04-12
171.64772033691406,171.64772033691406,172.1448661053843,169.10466050274718,170.40487779779642,451000,2023-04-13
170.11807250976562,170.11807250976562,172.09707136022007,169.2385158442259,170.94026900399354,279400,2023-04-14
171.01675415039062,171.01675415039062,171.03586448214108,168.8752153631409,170.70125862003422,425700,2023-04-17
171.41827392578125,171.41827392578125,172.46991100736435,170.3474973381565,171.56167434071227,618800,2023-04-18
172.09707641601562,172.09707641601562,172.65158240171888,170.5387382267868,171.22708947882944,439700,2023-04-19
170.16586303710938,170.16586303710938,172.46035722259745,169.71652228267857,171.90585130036288,436000,2023-04-20
170.261474609375,170.261474609375,170.86378559014028,169.16203241366784,170.72038516045313,470100,2023-04-21
171.24618530273438,171.24618530273438,171.33224014297886,169.80256758180622,170.72992920146086,461600,2023-04-24
163.32061767578125,163.32061767578125,169.42016884985387,162.58446142662496,169.42016884985387,1083800,2023-04-25
157.8616180419922,157.8616180419922,163.10073763241908,154.78316226541207,159.65898130206858,1673000,2023-04-26
162.0108642578125,162.0108642578125,162.0777796039838,156.71438404538128,156.92471442713364,810900,2023-04-27
166.8101806640625,166.8101806640625,166.95359569676057,162.51756202286572,162.51756202286572,747900,2023-04-28
167.00135803222656,167.00135803222656,168.57883559834784,166.28432675345474,166.28432675345474,583000,2023-05-01
165.7393798828125,165.7393798828125,165.99751521118026,162.59400929477323,165.38564914292772,589000,2023-05-02
163.2728271484375,163.2728271484375,166.42776819370167,162.69919619910183,166.3799631832502,656000,2023-05-03
160.75840759277344,160.75840759277344,162.938181523059,160.51939716543475,162.938181523059,743300,2023-05-04
164.51568603515625,164.51568603515625,165.2231622676193,161.91525099285676,162.34546691490488,514300,2023-05-05
164.28619384765625,164.28619384765625,165.52905091187358,162.24026529752786,165.52905091187358,313900,2023-05-08
162.65139770507812,162.65139770507812,163.33974897490495,161.75271607013534,163.33974897490495,448900,2023-05-09
164.92674255371094,164.92674255371094,165.08926788637007,162.55576330662777,164.00895072363144,554100,2023-05-10
164.7355499267578,164.7355499267578,165.82543692711045,162.94775654068061,164.02808837532496,763400,2023-05-11
165.53860473632812,165.53860473632812,166.28431605121293,163.4066359559799,165.54817448910728,460000,2023-05-12
165.6724853515625,165.6724853515625,166.34172631531396,164.29579734497537,165.64380526317782,321500,2023-05-15
160.79666137695312,160.79666137695312,164.4583029642155,159.850174809768,164.4583029642155,664600,2023-05-16
162.76611328125,162.76611328125,162.96688847407896,159.93622318960496,161.3320506091685,453500,2023-05-17
163.5022735595703,163.5022735595703,163.93248945416968,161.43721975984502,162.51755166756098,457600,2023-05-18
163.2919464111328,163.2919464111328,165.09886487446576,162.73744040280306,164.96501960266482,389400,2023-05-19
163.26324462890625,163.26324462890625,163.88466589654124,161.19819106292022,163.03378937000605,681700,2023-05-22
162.15423583984375,162.15423583984375,163.65521374638374,161.599729894664,162.24027609305125,535800,2023-05-23
157.53656005859375,157.53656005859375,161.24600675586868,157.16370435568496,161.24600675586868,676700,2023-05-24
157.3358154296875,157.3358154296875,158.64558810577867,156.75262931331824,157.05855512181762,562800,2023-05-25
155.80613708496094,155.80613708496094,159.24789348349864,155.53844654152363,158.23447689701106,575200,2023-05-26
155.8921661376953,155.8921661376953,157.2975486837003,155.4141452604974,156.59007253375322,610800,2023-05-30
154.04702758789062,154.04702758789062,155.2994400742896,152.95714046503556,154.72580913045394,2481400,2023-05-31
152.2400665283203,152.2400665283203,154.83093104213737,151.94368138441865,154.42939532889758,806100,2023-06-01
159.01841735839844,159.01841735839844,159.18094269647284,154.03743369372378,154.1999590317982,507700,2023-06-02
158.7220458984375,158.7220458984375,160.28038393759115,157.7660042057873,159.4677572516616,526400,2023-06-05
160.9413299560547,160.9413299560547,161.34483438636278,158.2320670759785,158.2320670759785,480000,2023-06-06
165.14930725097656,165.14930725097656,165.53360764209373,160.39370169005417,160.7876040936139,508800,2023-06-07
159.72122192382812,159.72122192382812,164.8323080619811,157.1560768406502,164.1021445224944,693100,2023-06-08
156.1376953125,156.1376953125,160.08629244616375,155.94555242702654,159.80767280159915,669600,2023-06-09
159.23123168945312,159.23123168945312,160.2592041090832,155.97436092590968,156.75254907991967,393300,2023-06-12
161.6426544189453,161.6426544189453,163.24707009147488,159.5770929306109,159.5770929306109,428300,2023-06-13
160.52822875976562,160.52822875976562,163.6986378591186,159.93258138300376,162.68986932847494,346900,2023-06-14
162.4304656982422,162.4304656982422,162.53613181937757,159.91334564697252,159.9613850308461,330400,2023-06-15
164.37112426757812,164.37112426757812,165.1973518099244,161.8444169172603,163.13179028383942,922200,2023-06-16
161.44091796875,161.44091796875,164.2174245923817,160.6819483996114,162.93966773870775,382100,2023-06-20
163.12217712402344,163.12217712402344,163.535298233873,159.9902057335112,160.95093477276103,480300,2023-06-21
161.31602478027344,161.31602478027344,162.90122191259078,159.90375184730885,162.90122191259078,449700,2023-06-22
161.2583770751953,161.2583770751953,161.75794562683387,158.90457917258087,159.4329830825466,931900,2023-06-23
162.54574584960938,162.54574584960938,162.99728966346962,160.75878927931777,161.19111440802865,455300,2023-06-26
163.70822143554688,163.70822143554688,164.46720558132455,161.11425597715225,163.0741514147387,323000,2023-06-27
158.97183227539062,158.97183227539062,163.333535580462,158.33774760324482,163.333535580462,614300,2023-06-28
161.3928985595703,161.3928985595703,161.85404445653197,157.3962616937326,157.77094548368214,413200,2023-06-29
165.05325317382812,165.05325317382812,165.40871823008794,160.8356532447158,162.05576857927963,424800,2023-06-30
166.6672821044922,166.6672821044922,166.7825795663377,164.8611213439585,164.8611213439585,259000,2023-07-03
162.00775146484375,162.00775146484375,164.16939192170798,161.36406473239168,164.00606973522574,612000,2023-07-05
163.0069122314453,163.0069122314453,163.17023442690606,160.31686769421844,160.78763025259124,453500,2023-07-06
164.9091339111328,164.9091339111328,166.16770126801464,162.8051496268125,163.01649652889122,578900,2023-07-07
166.46554565429688,166.46554565429688,167.59919902648195,162.68987243260503,162.7475138366736,507400,2023-07-10
169.98178100585938,169.98178100585938,170.08746178601717,166.7633475366204,167.36861151930248,596400,2023-07-11
170.93292236328125,170.93292236328125,173.83432839494705,170.5390199078785,171.71111060081756,710800,2023-07-12
172.6718292236328,172.6718292236328,173.35395330396918,170.75998778327804,171.55739465933695,518700,2023-07-13
171.4132843017578,171.4132843017578,173.17142031430438,169.90494723738806,172.91201935256794,318700,2023-07-14
169.83767700195312,169.83767700195312,171.85521383176322,169.31888977519256,170.37568291401936,496400,2023-07-17
170.3756866455078,170.3756866455078,171.11545212058172,169.06909454777553,169.3092768108913,596200,2023-07-18
170.4525604248047,170.4525604248047,171.0674264814034,169.52065199627123,170.27001954463955,490700,2023-07-19
170.0874481201172,170.0874481201172,170.78879081370576,168.56950926826477,170.52938989060368,441500,2023-07-20
171.36524963378906,171.36524963378906,171.79758946844285,167.91623558732437,170.14513419779846,483800,2023-07-21
170.63510131835938,170.63510131835938,172.2683379069938,169.808873680406,171.3364294783872,587800,2023-07-24
167.8009490966797,167.8009490966797,168.71363881505607,160.07667887856346,161.1238847448995,1851700,2023-07-25
173.52687072753906,173.52687072753906,174.23781547906913,166.46552123334845,166.60962472237955,1288800,2023-07-26
176.2745819091797,176.2745819091797,178.58034068547843,174.31470087591114,175.41953354443766,1025800,2023-07-27
177.35060119628906,177.35060119628906,180.03102898756333,176.29379330177204,178.73403881334363,893600,2023-07-28
176.78375244140625,176.78375244140625,180.8860697109089,175.82302336299287,177.89820169066076,595800,2023-07-31
178.00387573242188,178.00387573242188,178.9453860889227,174.25703833237446,175.63087382587125,646200,2023-08-01
177.8789825439453,177.8789825439453,179.90612148053248,176.2361440334661,176.85101005567648,652900,2023-08-02
177.8885955810547,177.8885955810547,181.4144694584936,176.351423227165,178.07113644727983,679100,2023-08-03
177.75411987304688,177.75411987304688,180.79962966392475,177.6196183720466,178.57073089356132,425800,2023-08-04
179.54107666015625,179.54107666015625,180.74198815395638,177.54275817532513,179.56989736324232,586000,2023-08-07
177.3313751220703,177.3313751220703,178.75325005400097,176.12086176023828,177.51391599257025,359600,2023-08-08
176.40907287597656,176.40907287597656,178.92619308969017,176.34182946186337,177.5619595250974,333100,2023-08-09
177.4370574951172,177.4370574951172,179.7620201274473,177.1296171505632,177.75409985310256,304900,2023-08-10
177.6964569091797,177.6964569091797,178.06152399071192,176.36104407569857,176.36104407569857,293500,2023-08-11
176.9951171875,176.9951171875,177.71566400923984,176.1688895788558,176.69729351337756,288100,2023-08-14
173.23866271972656,173.23866271972656,176.56277689648385,172.98886379414225,175.5155857902521,261000,2023-08-15
171.28839111328125,171.28839111328125,173.69983062543906,171.28839111328125,172.50852122000973,356700,2023-08-16
170.3468780517578,170.3468780517578,174.19941120802017,170.01063165523883,171.9897312984201,399000,2023-08-17
170.19317626953125,170.19317626953125,170.77922168290422,169.61674753052534,169.66478692366698,379200,2023-08-18
170.69273376464844,170.69273376464844,171.048198832939,169.45339970252573,170.06826572691168,214300,2023-08-21
169.68397521972656,169.68397521972656,172.40284043231955,169.09792986069326,170.86568261126857,366500,2023-08-22
174.82388305664062,174.82388305664062,176.25537475496034,172.90242477358436,175.0352446405419,666200,2023-08-23
174.4011688232422,174.4011688232422,177.9846846000445,174.38195013474936,174.67017182388577,523700,2023-08-24
177.12002563476562,177.12002563476562,178.09035679309451,174.46841847386207,175.31385015236796,557200,2023-08-25
178.7532501220703,178.7532501220703,180.5594254819419,178.12878208444445,178.81089152128965,335400,2023-08-28
180.1559295654297,180.1559295654297,180.3961118466007,178.38817683474312,179.10872367825615,338600,2023-08-29
180.4345245361328,180.4345245361328,181.0493905553851,179.83887720298407,180.15591955566194,288700,2023-08-30
180.9821319580078,180.9821319580078,181.95246296116684,179.6851419567464,180.27118722745223,386000,2023-08-31
181.59703063964844,181.59703063964844,184.75782313822918,181.34723167494863,182.07739522153122,391300,2023-09-01
177.5928192138672,177.5928192138672,180.71898305952436,177.51562834725993,180.59354606095604,412100,2023-09-05
177.00425720214844,177.00425720214844,179.0111756279297,176.49288057741097,177.5252918871677,327400,2023-09-06
176.0008087158203,176.0008087158203,177.5349386193661,174.73683949757867,176.47358255377603,411000,2023-09-07
174.6982421875,174.6982421875,177.44810998392865,174.20616693581064,175.97186950620696,339300,2023-09-08
174.6789093017578,174.6789093017578,176.29988789495312,173.55967865323237,176.0393705862403,262800,2023-09-11
175.4894256591797,175.4894256591797,175.56661652682078,173.9938838842704,173.9938838842704,301000,2023-09-12
174.86224365234375,174.86224365234375,175.77886121979242,174.05176168045134,175.5376452955874,344900,2023-09-13
176.48326110839844,176.48326110839844,177.12971816063575,175.29646790015298,176.3192360106058,484000,2023-09-14
174.2158203125,174.2158203125,176.47359826468218,173.74304643245466,176.47359826468218,764700,2023-09-15
175.605224609375,175.605224609375,175.9139881151227,172.98079370113683,174.45703424668903,448800,2023-09-18
175.7981719970703,175.7981719970703,175.97185512754487,173.10620861725982,175.44117712144535,546600,2023-09-19
177.21652221679688,177.21652221679688,180.3330279897379,176.72444700717008,177.48668288749224,492200,2023-09-20
173.74301147460938,173.74301147460938,177.06213019639543,173.69476534564865,176.93670792827936,587800,2023-09-21
174.50526428222656,174.50526428222656,176.21307729950016,174.11932465830904,174.11932465830904,452700,2023-09-22
178.54806518554688,178.54806518554688,178.8375272960994,174.59211736085595,174.59211736085595,516900,2023-09-25
176.126220703125,176.126220703125,178.87608825245826,176.126220703125,177.65070717974865,613300,2023-09-26
175.63417053222656,175.63417053222656,177.84371705750408,175.10349245480262,177.1586572261651,539700,2023-09-27
177.0911102294922,177.0911102294922,177.47706461546028,175.28681948338655,176.4350098573281,447300,2023-09-28
176.2516632080078,176.2516632080078,180.35233423303976,175.98150253005323,178.61557650143686,516700,2023-09-29
175.14207458496094,175.14207458496094,176.07799361396718,173.5789852756867,175.36398912836523,582800,2023-10-02
173.1930389404297,173.1930389404297,176.1937657193343,172.89393354078084,173.42461153498945,434300,2023-10-03
176.8788299560547,176.8788299560547,177.11038783387025,173.74302276431436,175.325398727548,567400,2023-10-04
176.367431640625,176.367431640625,178.42259606078875,175.64378385579573,176.60864756890143,475400,2023-10-05
177.34197998046875,177.34197998046875,178.20070822487045,174.11933822935714,175.46049840258348,481900,2023-10-06
178.22000122070312,178.22000122070312,178.52874998481224,175.67276134552597,176.90778584726925,337900,2023-10-09
177.83404541015625,177.83404541015625,179.65763741132838,177.6121308575161,178.95329095655111,392100,2023-10-10
179.95675659179688,179.95675659179688,180.1111383457192,177.9498379587695,178.55770691317977,448200,2023-10-11
176.83058166503906,176.83058166503906,179.84095182110747,175.41223079012553,179.84095182110747,335500,2023-10-12
176.27098083496094,176.27098083496094,177.87265837505237,174.61141381892836,177.87265837505237,331900,2023-10-13
176.28060913085938,176.28060913085938,178.8471503113707,176.1069407178555,178.2392814205515,330800,2023-10-16
177.79544067382812,177.79544067382812,178.36470673156427,174.1482570132802,174.6499755441738,326600,2023-10-17
172.92288208007812,172.92288208007812,178.48049196794386,172.82638981622515,176.59901060402987,356600,2023-10-18
170.7133331298828,170.7133331298828,175.02627519210972,170.51071999073648,171.54311652876578,392300,2023-10-19
167.76089477539062,167.76089477539062,171.07038586844766,167.69336195285993,171.0510844665864,422400,2023-10-20
165.25221252441406,165.25221252441406,167.82839687571726,165.14607692690038,166.8635331611025,526200,2023-10-23
166.9889678955078,166.9889678955078,169.9028456739036,166.3714409927651,167.30735996108845,827400,2023-10-24
162.41551208496094,162.41551208496094,166.1205852438672,159.93580525263985,162.4444568188077,1216400,2023-10-25
164.84698486328125,164.84698486328125,166.40041615835355,159.40515366164243,159.77179189144528,619100,2023-10-26
164.54788208007812,164.54788208007812,166.7670719818244,163.8821383599434,165.60923825302558,476800,2023-10-27
166.564453125,166.564453125,167.39423663481114,164.4320975130787,165.99517225748758,431100,2023-10-30
167.953857421875,167.953857421875,168.33015373443635,165.71536622319434,166.62234059774067,432900,2023-10-31
167.76089477539062,167.76089477539062,168.3108743085183,165.03998601918383,168.29157290665702,402500,2023-11-01
170.01866149902344,170.01866149902344,171.5141886533257,168.94766206173543,169.65200853337328,463600,2023-11-02
174.8719024658203,174.8719024658203,174.93943526911005,171.6492465153309,172.21852728812453,690000,2023-11-03
172.81675720214844,172.81675720214844,175.64380109209915,171.5913760439124,174.98770076967563,470500,2023-11-06
171.02210998535156,171.02210998535156,173.1351640807105,170.6940598240351,172.39221482613218,300100,2023-11-07
172.35360717773438,172.35360717773438,172.4500847139953,170.53965871326972,171.38874347921515,376100,2023-11-08
171.59136962890625,171.59136962890625,174.10002132443435,170.88702319789482,173.65617751147684,396900,2023-11-09
173.76229858398438,173.76229858398438,173.82018804982187,170.56860212230248,171.9097620639268,365300,2023-11-10
173.35708618164062,173.35708618164062,174.8429847554885,172.03522741824608,173.14481495680522,411100,2023-11-13
181.3461456298828,181.3461456298828,181.39439176371226,176.26130935544018,176.37710302116147,386200,2023-11-14
182.33030700683594,182.33030700683594,185.30208917231275,181.645247255129,181.96365406457141,447000,2023-11-15
182.5232696533203,182.5232696533203,182.96711344615332,180.87336092317722,182.09872725738927,376700,2023-11-16
183.28550720214844,183.28550720214844,184.12493387450738,182.52325666660207,183.93196408717384,378100,2023-11-17
182.9767608642578,182.9767608642578,183.1986754042977,180.10147101312216,182.92851473225286,352000,2023-11-20
182.81272888183594,182.81272888183594,183.8740848552078,181.61629257754873,183.11183427724478,354600,2023-11-21
183.1311492919922,183.1311492919922,183.63288258241025,181.9636576344652,183.39166663622024,262700,2023-11-22
183.07327270507812,183.07327270507812,183.7100716586209,182.19524306571475,183.7100716586209,132000,2023-11-24
183.54605102539062,183.54605102539062,183.92234734815776,181.32686116586322,182.03122239571675,352800,2023-11-27
183.03466796875,183.03466796875,183.87410952308846,182.28207534944917,183.86445146216548,303600,2023-11-28
185.60121154785156,185.60121154785156,185.6301562856598,183.83550892827975,183.83550892827975,376800,2023-11-29
187.66600036621094,187.66600036621094,187.83002543785898,183.6039174792888,185.9967901922372,1473100,2023-11-30
188.33177185058594,188.33177185058594,189.66328863675207,186.9037775157716,187.424797501902,433800,2023-12-01
188.6501922607422,188.6501922607422,190.53167390535754,187.23184116188108,187.23184116188108,509300,2023-12-04
187.19686889648438,187.19686889648438,187.66192605789772,184.99751235479326,187.57473061211408,517700,2023-12-05
187.13870239257812,187.13870239257812,189.3089935372293,186.92554813801868,188.3304324841329,497900,2023-12-06
187.9525909423828,187.9525909423828,188.03978638752375,186.55740468452584,187.29374641666124,333700,2023-12-07
185.74354553222656,185.74354553222656,188.82456944167592,185.48194442055063,187.74911463134168,330400,2023-12-08
186.7415008544922,186.7415008544922,186.81901284772906,184.63903793360822,185.76292487579016,286100,2023-12-11
184.98780822753906,184.98780822753906,187.83631097033702,184.12550768424785,187.06122065395402,443700,2023-12-12
190.34571838378906,190.34571838378906,190.7913938443156,184.29991624735217,184.34836308886167,406100,2023-12-13
192.7582244873047,192.7582244873047,195.345126293411,191.98311933421752,192.8066713313541,351300,2023-12-14
191.62461853027344,191.62461853027344,194.0468126312061,190.64605743570047,192.12843904275928,706400,2023-12-15
192.7582244873047,192.7582244873047,193.3492405033448,190.86891584058674,193.06827246210003,376000,2023-12-18
194.24058532714844,194.24058532714844,194.7734709864755,193.23295908542963,193.90148702314,282500,2023-12-19
194.84130859375,194.84130859375,196.27524342972626,193.68834178183454,193.87243090762274,631700,2023-12-20
196.39151000976562,196.39151000976562,197.3603877254368,195.14166426146613,196.17835572960593,303400,2023-12-21
195.3257293701172,195.3257293701172,196.43024923878343,190.13254486146388,196.41086754736153,325000,2023-12-22
195.61639404296875,195.61639404296875,196.12021456669743,194.49250719081996,195.33542602590651,203500,2023-12-26
196.43994140625,196.43994140625,196.98251051893953,195.1610158258537,195.9942511871696,186300,2023-12-27
196.46902465820312,196.46902465820312,196.66279724717785,195.286992646386,196.30431721837954,178500,2023-12-28
195.8683319091797,195.8683319091797,196.96315372715947,194.9866495976453,195.9070805147421,214600,2023-12-29
193.45582580566406,193.45582580566406,194.76381673065683,191.4890050822969,192.51601317029332,434800,2024-01-02
190.6072998046875,190.6072998046875,193.13607111374952,187.50689421868614,191.10143687788926,475900,2024-01-03
189.5899658203125,189.5899658203125,191.12079423587778,189.20242068539187,189.89033030136014,612000,2024-01-04
189.98719787597656,189.98719787597656,191.13048108851805,188.67922203560852,188.67922203560852,491700,2024-01-05
189.3090057373047,189.3090057373047,190.41352568033977,188.29168123569082,189.84189140804526,543400,2024-01-08
189.3186798095703,189.3186798095703,189.4349551762695,187.46813480310655,187.7587862601067,428600,2024-01-09
189.9775390625,189.9775390625,190.10349789293753,188.4273288463007,189.27994594360032,350100,2024-01-10
190.59762573242188,190.59762573242188,190.70420287268226,188.10760290265648,189.70626000656247,311100,2024-01-11
190.9851531982422,190.9851531982422,192.16718508648117,189.2218036038541,192.04124104796017,273100,2024-01-12
190.07443237304688,190.07443237304688,190.33603350844464,187.99135109699057,189.4737328910756,328500,2024-01-16
190.2584991455078,190.2584991455078,190.42320657171985,188.93114149762877,189.30900318926805,307500,2024-01-17
192.31253051757812,192.31253051757812,192.42879110500036,189.39619932260567,190.3941421217126,274200,2024-01-18
194.3568878173828,194.3568878173828,194.46346496411982,191.30491395204163,192.79699400635997,350000,2024-01-19
195.79080200195312,195.79080200195312,196.31398944063895,194.3859323323949,194.4731277748592,337400,2024-01-22
194.7734832763672,194.7734832763672,198.14517354028547,194.13402044482564,196.7500020676955,407700,2024-01-23
192.2834930419922,192.2834930419922,196.84689916182617,192.2447296513399,195.59705331547408,319100,2024-01-24
194.1727752685547,194.1727752685547,196.6627831655856,193.17483246208434,195.11258778088498,393700,2024-01-25
194.74441528320312,194.74441528320312,195.31604957097298,193.37829419502071,194.96725301194556,404400,2024-01-26
193.6883544921875,193.6883544921875,194.74442769123252,191.72153384299313,194.27937051086522,601400,2024-01-29
194.97695922851562,194.97695922851562,196.0136507094409,192.46755467821436,192.7679191922534,708700,2024-01-30
193.24266052246094,193.24266052246094,197.42821941733112,190.79140104534608,197.01159430530518,1177600,2024-01-31
193.25234985351562,193.25234985351562,195.38387780702797,188.1075969197428,194.47313041629718,648300,2024-02-01
192.6710205078125,192.6710205078125,193.44612562658176,188.71799770759972,191.69245935050537,693200,2024-02-02
189.84190368652344,189.84190368652344,192.66134141269578,189.47372542039898,190.63637573291206,1091400,2024-02-05
192.26409912109375,192.26409912109375,192.874496821888,188.65018932741404,189.61906705748694,573900,2024-02-06
196.74998474121094,196.74998474121094,196.92437561596452,192.5934914861266,193.5817507947612,494600,2024-02-07
196.65309143066406,196.65309143066406,198.15485469627933,194.1824505464453,197.57352221155753,354800,2024-02-08
198.3970947265625,198.3970947265625,198.76525820685515,195.722982759517,196.2268033130605,450200,2024-02-09
200.3735809326172,200.3735809326172,201.97223789754497,198.37769537388866,199.02684161398682,442000,2024-02-12
197.5057373046875,197.5057373046875,198.33897276970737,195.63579554011557,197.3991601597233,345700,2024-02-13
199.96665954589844,199.96665954589844,200.034488078333,197.8932619459965,198.37770077572966,333100,2024-02-14
202.1757049560547,202.1757049560547,202.42760783220126,200.2476330387821,200.4995506988289,259800,2024-02-15
202.3307342529297,202.3307342529297,205.12110679270918,201.84629539721246,201.84629539721246,306400,2024-02-16
203.183349609375,203.183349609375,204.94669934127901,201.07118852912015,201.29402626132713,606800,2024-02-20
204.36537170410156,204.36537170410156,204.53009392739878,202.23384366310606,203.47400597000893,359900,2024-02-21
209.68450927734375,209.68450927734375,209.70389097076355,204.7723070443054,205.4020716333948,572400,2024-02-22
208.00836181640625,208.00836181640625,210.7599710161427,207.42702926597138,210.07207610815905,455600,2024-02-23
207.6401824951172,207.6401824951172,208.28932879559792,206.3322064391279,207.86302023196262,322000,2024-02-26
207.43670654296875,207.43670654296875,208.88032475029613,206.88443919747348,208.05678763495152,318100,2024-02-27
207.494873046875,207.494873046875,208.44436915069943,206.1965803439454,206.40003640281395,302000,2024-02-28
209.79107666015625,209.79107666015625,210.16893835281965,207.4851431191387,207.97928018301374,1083800,2024-02-29
209.9751739501953,209.9751739501953,211.06031223106547,208.3571499835763,209.27758083137869,255800,2024-03-01
209.40353393554688,209.40353393554688,212.7364754601073,209.3163237101544,210.64369616088564,375100,2024-03-04
210.2301788330078,210.2301788330078,211.7667661037331,209.21876200189902,209.21876200189902,419600,2024-03-05
208.13925170898438,208.13925170898438,211.0276444727979,208.1100772236541,210.3176924243892,345800,2024-03-06
210.20098876953125,210.20098876953125,210.84285710837952,209.31598983319626,209.76335666195797,285900,2024-03-07
209.80227661132812,209.80227661132812,212.3891900455167,209.48134240276946,210.4635996336806,391800,2024-03-08
210.0356903076172,210.0356903076172,210.67755873375586,206.25257828982322,209.37436727596997,309000,2024-03-11
210.83314514160156,210.83314514160156,211.04710127764244,208.47964248466738,210.33716401142436,281600,2024-03-12
208.927001953125,208.927001953125,211.83484945201116,208.60606776044406,211.40693719510324,453400,2024-03-13
210.0356903076172,210.0356903076172,210.52195156871932,206.92362120446674,208.19762333423176,462400,2024-03-14
209.75363159179688,209.75363159179688,211.93208718773633,208.27540817551284,208.27540817551284,643700,2024-03-15
208.57688903808594,208.57688903808594,211.19297677781597,208.43101660779104,209.9578691230984,355900,2024-03-18
209.29656982421875,209.29656982421875,210.27881218854859,208.36294171236352,208.98535550709522,368700,2024-03-19
210.52194213867188,210.52194213867188,211.2999630894881,208.31431195709152,209.5105104507562,308000,2024-03-20
212.62257385253906,212.62257385253906,213.7215140570883,210.19126788922324,211.03735761581268,284600,2024-03-21
209.65638732910156,209.65638732910156,213.17691377855067,209.19930059964645,213.17691377855067,343100,2024-03-22
211.3388671875,211.3388671875,211.63062691242567,209.67586198260108,209.95788698500238,339400,2024-03-25
213.38116455078125,213.38116455078125,216.9406004499927,211.46529404522562,211.46529404522562,648300,2024-03-26
218.07846069335938,218.07846069335938,218.07846069335938,213.0699606861072,214.01330874131435,470200,2024-03-27
217.1156463623047,217.1156463623047,219.07041122920893,216.9405994366934,218.18542703942575,316700,2024-03-28
217.42684936523438,217.42684936523438,218.21459016851293,216.09448352953314,217.2712422131136,256000,2024-04-01
214.31475830078125,214.31475830078125,216.53210820384422,213.6729047895367,216.4445847486083,402900,2024-04-02
215.06361389160156,215.06361389160156,215.49152614370945,213.48813227203618,214.33422205446723,358800,2024-04-03
211.1735076904297,211.1735076904297,217.7672081987903,210.87202812882094,216.63907868350094,385600,2024-04-04
212.1168975830078,212.1168975830078,212.6809624523467,209.9481764146741,210.8915244913854,361100,2024-04-05
212.2043914794922,212.2043914794922,214.25641440251368,211.31939250578534,212.6128491197766,322600,2024-04-08
213.48812866210938,213.48812866210938,213.68263018082,211.44582561686113,212.4378026536544,293400,2024-04-09
209.59805297851562,209.59805297851562,211.99045001408882,209.42299121228197,210.726167798457,389000,2024-04-10
209.09234619140625,209.09234619140625,210.59002437427378,208.62553952706673,209.77310900180058,325200,2024-04-11
205.42591857910156,205.42591857910156,208.90755082610443,205.2995007480128,206.9041568986119,460400,2024-04-12
205.47454833984375,205.47454833984375,209.56887450908613,204.49230597749585,208.07118158010297,286400,2024-04-15
205.28977966308594,205.28977966308594,206.26230220429855,203.6267744277415,205.54264502109166,333600,2024-04-16
203.17941284179688,203.17941284179688,207.45852103872522,203.00436590276962,206.9236306591696,442700,2024-04-17
203.59759521484375,203.59759521484375,205.15362234097157,202.68342167299173,204.15192533392502,340600,2024-04-18
205.756591796875,205.756591796875,206.1747693475842,203.56841617879923,203.56841617879923,618600,2024-04-19
205.95108032226562,205.95108032226562,207.4876675511076,204.8618451036284,205.86354202503887,428200,2024-04-22
205.52317810058594,205.52317810058594,206.40817712154563,204.15191783815595,205.33839645450476,852600,2024-04-23
206.58322143554688,206.58322143554688,218.42855284465855,204.75487444207278,211.65978991952113,798700,2024-04-24
211.19297790527344,211.19297790527344,211.76676258684952,206.0191513703107,206.0191513703107,672100,2024-04-25
213.0115966796875,213.0115966796875,214.54818397213833,211.60144205773105,211.74731449328968,556600,2024-04-26
212.38919067382812,212.38919067382812,216.12367355616888,211.87375492994067,213.95495251078313,437900,2024-04-29
211.30967712402344,211.30967712402344,212.9824169281546,209.53969397842855,210.9401138437225,625100,2024-04-30
211.8445587158203,211.8445587158203,215.85134630327508,210.4246694653891,212.65175409825196,432900,2024-05-01
213.47840881347656,213.47840881347656,214.4412114315172,211.30968779170522,212.8268205186669,364500,2024-05-02
215.46237182617188,215.46237182617188,216.50296322800907,214.44122019069388,214.71352531488583,320000,2024-05-03
216.03614807128906,216.03614807128906,217.47547721965495,214.7621459675753,215.8999955145452,499400,2024-05-06
217.7477569580078,217.7477569580078,219.0703880006084,216.96975091843075,217.04753965077725,295700,2024-05-07
218.91481018066406,218.91481018066406,219.35244231676012,217.4171172924056,217.47546626528307,423200,2024-05-08
221.385009765625,221.385009765625,221.8809908725439,218.09787913833802,218.81755109304717,417000,2024-05-09
219.41079711914062,219.41079711914062,221.8615579217135,218.82727769583244,221.8615579217135,382900,2024-05-10
218.88565063476562,218.88565063476562,221.05437169866107,217.68943725106718,220.26663083201612,374300,2024-05-13
219.53721618652344,219.53721618652344,219.8289610405843,217.85474171736215,219.59556515733559,330200,2024-05-14
219.8970489501953,219.8970489501953,220.53891732046824,219.06067906031342,220.2374377391471,262300,2024-05-15
218.4091033935547,218.4091033935547,220.65562797944946,218.37019418368192,219.43997486244876,410300,2024-05-16
220.0818328857422,220.0818328857422,220.38331247021137,217.86448289211384,218.95370328490955,1064100,2024-05-17
219.83871459960938,219.83871459960938,221.01545851719285,219.24547527966138,219.72200180846968,345400,2024-05-20
222.84381103515625,222.84381103515625,222.9118947349504,219.78037101377268,220.5097629083417,391300,2024-05-21
222.92160034179688,222.92160034179688,223.66071207206738,221.84209981338665,222.70764421259736,345000,2024-05-22
220.79176330566406,220.79176330566406,223.4370254689979,220.39302555291928,223.4370254689979,344500,2024-05-23
220.81121826171875,220.81121826171875,222.48395801001342,219.70254329733876,221.61841365044933,197600,2024-05-24
218.7202911376953,218.7202911376953,220.90846663087174,218.49661513123476,220.44166001405824,380800,2024-05-28
215.8513641357422,215.8513641357422,217.09619173836543,215.19977584683124,217.00866827556746,390000,2024-05-29
217.3393096923828,217.3393096923828,218.02980715085326,215.96806433659933,216.1722857378903,461500,2024-05-30
221.3363800048828,221.3363800048828,221.83237594981435,216.30844073795944,217.23233409409553,968600,2024-05-31
220.90846252441406,220.90846252441406,222.9799400347592,217.53380852828542,222.0463268184871,531100,2024-06-03
221.21969604492188,221.21969604492188,221.51145576517624,219.22602193595216,220.21799904901067,409100,2024-06-04
222.51817321777344,222.51817321777344,222.78177824564145,220.7315434015972,221.16111755156058,308400,2024-06-05
221.5418701171875,221.5418701171875,222.85010780906978,220.60463098458277,222.1569435397482,746400,2024-06-06
220.92677307128906,220.92677307128906,222.4009946220575,220.8486822328783,221.541846428081,245200,2024-06-07
219.41354370117188,219.41354370117188,220.2141015034553,216.9923103398305,220.2141015034553,269900,2024-06-10
219.89190673828125,219.89190673828125,219.92119452811627,216.8946753670417,218.76916840221506,223200,2024-06-11
222.80130004882812,222.80130004882812,222.98678442740228,220.49723279220854,221.5516230698345,257600,2024-06-12
222.94773864746094,222.94773864746094,223.4163582031154,219.72594754589895,222.47911909180647,307900,2024-06-13
221.16110229492188,221.16110229492188,223.12345872953992,218.86679274186497,221.7761756851343,307200,2024-06-14
222.97703552246094,222.97703552246094,223.28945850372307,218.8863383565894,220.6436803833197,289400,2024-06-17
221.6590118408203,221.6590118408203,224.96866625004793,220.9658476010306,224.0216695262312,499600,2024-06-18
220.6436767578125,220.6436767578125,222.75248715523796,219.4916505519202,221.19040206889005,488500,2024-06-20
221.56138610839844,221.56138610839844,221.97143006483375,219.31589453036526,221.01466083315137,888100,2024-06-21
224.08023071289062,224.08023071289062,226.04258704105092,221.54184644709437,221.57113423578738,423500,2024-06-24
220.3703155517578,220.3703155517578,225.40802434636052,220.3214975992732,223.8556968813759,297400,2024-06-25
218.7496337890625,218.7496337890625,219.63806978835805,217.4999717910594,219.63806978835805,337100,2024-06-26
218.10528564453125,218.10528564453125,219.44282598719929,216.99230489561916,218.3396028695669,277700,2024-06-27
213.46786499023438,213.46786499023438,219.47211543932494,212.2670208592751,218.15410524638756,812300,2024-06-28
208.30325317382812,208.30325317382812,214.31726141674818,207.45387741156208,214.18058008837033,536700,2024-07-01
210.0215301513672,210.0215301513672,210.109408422542,206.81926918930608,208.11774922836548,389800,2024-07-02
211.6909942626953,211.6909942626953,211.78861526144357,208.91830762618957,209.73839552197643,235500,2024-07-03
210.9197235107422,210.9197235107422,211.2809644319716,208.79139789178032,211.00760178177737,355200,2024-07-05
210.00201416015625,210.00201416015625,212.5794440693909,209.03547235776307,211.88626491667813,708100,2024-07-08
207.95176696777344,207.95176696777344,210.06057719402932,207.74673754418762,209.98247145633692,588500,2024-07-09
211.3883514404297,211.3883514404297,211.63242629179356,207.97130352133536,209.4455102606004,318900,2024-07-10
212.67706298828125,212.67706298828125,215.27402303191806,212.26701901778284,213.35071197450966,438800,2024-07-11
215.4497528076172,215.4497528076172,216.6701271050062,212.78445951332077,214.2098632474159,506600,2024-07-12
213.66314697265625,213.66314697265625,217.14852836673458,213.5166931124938,215.89886622518375,331600,2024-07-15
218.1736297607422,218.1736297607422,218.37864429389148,212.99923992215705,214.6589459352871,531000,2024-07-16
217.56834411621094,217.56834411621094,219.60880644508603,216.24057623338763,217.66596512549123,477900,2024-07-17
218.6227264404297,218.6227264404297,220.7315368060665,216.07459920338587,216.7384756719305,463500,2024-07-18
214.776123046875,214.776123046875,218.8277598371782,214.41488211749183,218.8277598371782,364900,2024-07-19
218.86680603027344,218.86680603027344,219.4428340341322,213.96579346168787,214.70777568912195,654100,2024-07-22
215.33258056640625,215.33258056640625,227.94636628198302,211.32976220103575,224.08998685910757,775900,2024-07-23
209.6993408203125,209.6993408203125,214.31724769172112,209.22096365019942,214.31724769172112,898500,2024-07-24
204.14422607421875,204.14422607421875,209.04523871020018,203.62678854451212,205.0228896423985,784100,2024-07-25
208.6742401123047,208.6742401123047,208.9573603849079,205.80391747909792,206.69235351264226,523000,2024-07-26
207.86390686035156,207.86390686035156,210.29488280915064,207.50266595571367,209.81650564185583,607500,2024-07-29
210.6658935546875,210.6658935546875,211.73005637696988,207.42458713604404,207.42458713604404,473300,2024-07-30
211.6909942626953,211.6909942626953,213.39951816082433,209.33810920481397,211.4859648401755,513300,2024-07-31
208.97686767578125,208.97686767578125,212.54035415393182,207.12189007165415,211.64216058760348,507500,2024-08-01
205.3938751220703,205.3938751220703,207.48315526845875,202.65047615711345,207.48315526845875,530300,2024-08-02
197.47608947753906,197.47608947753906,206.1065728459526,196.45097209868484,206.1065728459526,613100,2024-08-05
200.74667358398438,200.74667358398438,203.46078466638824,196.9391119639635,197.90565371234402,545100,2024-08-06
198.01303100585938,198.01303100585938,203.91962984804934,197.67132029229603,202.25992401890971,496000,2024-08-07
202.8066864013672,202.8066864013672,203.3729418862862,197.75921988757506,199.1162755661602,541900,2024-08-08
202.93359375,202.93359375,203.11909301942472,199.58487906362708,201.68393171057156,271500,2024-08-09
202.5430908203125,202.5430908203125,203.36317878448943,200.73693087566687,202.35759154093137,269500,2024-08-12
204.13442993164062,204.13442993164062,204.72021550743037,201.07862306004145,203.73414361808918,236500,2024-08-13
203.99777221679688,203.99777221679688,204.83739036075053,203.24601745023253,204.0758779624144,283300,2024-08-14
207.473388671875,207.473388671875,208.684005340684,205.45245657719755,205.89178834585377,396700,2024-08-15
207.92250061035156,207.92250061035156,208.49851372591726,205.47199428838962,206.85833775675096,757200,2024-08-16
208.20562744140625,208.20562744140625,209.32838081243005,207.3464940055482,208.50829280209584,401100,2024-08-19
207.29763793945312,207.29763793945312,208.34227047307886,205.65744732318277,208.20558916315179,498900,2024-08-20
209.81651306152344,209.81651306152344,210.54873763048093,206.15539021673592,208.33253376390175,507000,2024-08-21
211.06617736816406,211.06617736816406,211.21261632464677,209.15262391962284,209.79698512244107,271600,2024-08-22
213.85838317871094,213.85838317871094,213.93648891713747,211.54454350712072,211.54454350712072,245500,2024-08-23
212.872314453125,212.872314453125,215.8207428099973,212.6575422906695,214.3758238703396,250200,2024-08-26
212.2670135498047,212.2670135498047,214.01459781647344,211.03688166999757,212.40369486978327,296300,2024-08-27
213.61431884765625,213.61431884765625,215.20567679284855,212.2963086546927,212.2963086546927,472000,2024-08-28
213.39952087402344,213.39952087402344,215.34236200871297,212.20843443526957,214.77610657904748,348000,2024-08-29
216.592041015625,216.592041015625,216.94350941687685,213.36047729157306,214.01461103882727,677300,2024-08-30
214.69802856445312,214.69802856445312,217.03138379469624,213.78030464259925,215.50835894444862,591200,2024-09-03
214.57057189941406,214.57057189941406,216.77607121524312,213.11005081385582,215.1587110331016,363400,2024-09-04
214.4039306640625,214.4039306640625,216.77606585245258,213.0120173695691,215.21751663083666,414700,2024-09-05
212.61993408203125,212.61993408203125,215.84485752409415,211.62990039910386,213.87461690663315,379900,2024-09-06
215.23712158203125,215.23712158203125,215.96249115565058,212.47288870907548,213.2766778277076,381500,2024-09-09
215.1195068359375,215.1195068359375,216.56041928243624,214.28631223007832,215.4625755300565,232300,2024-09-10
213.98245239257812,213.98245239257812,214.29611563559044,208.4245957902368,214.24711650421338,366900,2024-09-11
214.14906311035156,214.14906311035156,215.59978722207816,212.61010766713633,214.1882654022369,447700,2024-09-12
215.0802764892578,215.0802764892578,216.8642874352612,214.6391796482455,214.7372078160253,270100,2024-09-13
216.66822814941406,216.66822814941406,218.47184769581392,216.11930631411778,216.11930631411778,354200,2024-09-16
215.8448486328125,215.8448486328125,218.56006734846994,214.81561269770063,216.3447713493803,436300,2024-09-17
205.21925354003906,205.21925354003906,216.19773561239407,205.15063082903112,214.66859187163377,990200,2024-09-18
211.50247192382812,211.50247192382812,212.26704376723663,208.05208683754972,208.62061730313528,944400,2024-09-19
207.39535522460938,207.39535522460938,211.87496161264716,206.78762242163256,211.87496161264716,1533700,2024-09-20
211.42405700683594,211.42405700683594,211.7573288521262,207.8070359224249,207.8070359224249,593600,2024-09-23
214.15887451171875,214.15887451171875,215.5605995931872,211.65930569880587,211.8063479566237,478600,2024-09-24
214.49215698242188,214.49215698242188,215.25672884520932,212.7571600828663,214.96265929252212,731200,2024-09-25
217.37400817871094,217.37400817871094,218.34443326663805,214.6195869692304,215.54099796962592,958000,2024-09-26
217.94253540039062,217.94253540039062,219.94219646831232,217.71708854954628,219.0109736902609,524800,2024-09-27
216.39378356933594,216.39378356933594,218.38363285101627,215.3253452766109,218.2464023818314,860100,2024-09-30
215.47238159179688,215.47238159179688,217.24658080765946,213.98244014104532,217.24658080765946,279700,2024-10-01
212.23765563964844,212.23765563964844,216.20755743198748,211.65931333589563,214.27651904089663,372700,2024-10-02
208.38536071777344,208.38536071777344,212.03178721761063,208.20892796310318,211.50247399660134,453600,2024-10-03
210.34580993652344,210.34580993652344,210.73790766327642,208.72844981503934,209.8459021615372,244300,2024-10-04
209.72828674316406,209.72828674316406,211.22802507103853,208.0226952328169,209.5420421868791,419200,2024-10-07
210.21839904785156,210.21839904785156,211.32603964407622,207.07188011100223,208.78726846695136,423900,2024-10-08
211.3946533203125,211.3946533203125,212.20823927204947,209.11073455490614,210.4928509894351,404200,2024-10-09
210.81634521484375,210.81634521484375,211.5809171510669,209.3656059374458,210.15958333606213,285300,2024-10-10
213.7177734375,213.7177734375,214.2863039177857,211.0417719163784,211.0417719163784,384400,2024-10-11
216.15853881835938,216.15853881835938,216.33497158201382,212.70815352256807,213.4825222469392,305800,2024-10-14
215.53118896484375,215.53118896484375,217.7072827067761,215.11949757542394,215.7370271810543,425800,2024-10-15
210.67906188964844,210.67906188964844,215.23710218181506,210.5222377707569,215.23710218181506,495000,2024-10-16
214.04124450683594,214.04124450683594,217.76609054115795,212.29645080434275,215.648807748133,557900,2024-10-17
213.03163146972656,213.03163146972656,217.15835737315746,212.7767791552841,215.59980811149114,427900,2024-10-18
211.14959716796875,211.14959716796875,212.66894406190946,210.3164025934532,212.03179087051558,470500,2024-10-21
208.1893310546875,208.1893310546875,211.13979362193302,207.18950051762448,210.718305379612,524800,2024-10-22
203.54307556152344,203.54307556152344,215.67822770879732,199.2203082646944,212.05140959875732,1045200,2024-10-23
200.9062957763672,200.9062957763672,202.23939821552145,198.7007964072737,199.07327057440517,827600,2024-10-24
203.06275939941406,203.06275939941406,203.27840940017427,199.7104025107759,202.06292893743483,797800,2024-10-25
202.93533325195312,202.93533325195312,205.14083246708694,202.65107548974868,204.52328790060986,598900,2024-10-28
202.11195373535156,202.11195373535156,203.68029978393486,201.68065371096645,201.92570918327627,497000,2024-10-29
203.65090942382812,203.65090942382812,205.05263460701278,201.0827326698397,201.85710143867584,522400,2024-10-30
202.93533325195312,202.93533325195312,205.50350977400268,202.93533325195312,203.69010828242526,523400,2024-10-31
202.03353881835938,202.03353881835938,204.19002403269513,201.9649161051808,202.4746356872236,389100,2024-11-01
201.5042266845703,201.5042266845703,204.61152836704474,200.59261252399608,202.40602905349354,338700,2024-11-04
202.66087341308594,202.66087341308594,203.01375388768372,200.3867514752338,201.40619060496022,351600,2024-11-05
200.0828857421875,200.0828857421875,205.67995926877614,199.39673341627446,205.67995926877614,1078800,2024-11-06
201.38658142089844,201.38658142089844,204.04298928578095,201.14152595191294,201.68065097508082,421100,2024-11-07
201.0532989501953,201.0532989501953,202.73928168429742,200.84744578604415,201.38657078072762,376700,2024-11-08
200.53378295898438,200.53378295898438,202.18054844731404,199.69079159033998,201.58261253517097,367200,2024-11-11
198.53414916992188,198.53414916992188,201.6904650772463,198.4459327832141,200.40637670294353,458400,2024-11-12
198.96543884277344,198.96543884277344,199.97506621218872,198.29889512420772,198.53413880981947,471700,2024-11-13
195.95616149902344,195.95616149902344,198.94584125308393,194.83870914339087,198.31849984214986,441200,2024-11-14
193.81927490234375,193.81927490234375,196.20122193143462,193.33897573687642,194.72107726854705,460800,2024-11-15
194.38780212402344,194.38780212402344,195.07395446095805,193.1037138312603,193.59382478007063,555000,2024-11-18
193.10369873046875,193.10369873046875,195.0151282899545,191.72158237322597,192.80962919277908,557900,2024-11-19
193.73104858398438,193.73104858398438,194.67206815441298,192.15289078481675,193.19192356743667,494000,2024-11-20
195.64248657226562,195.64248657226562,195.8091225013975,193.4369872844036,193.85849048150132,809400,2024-11-21
198.58314514160156,198.58314514160156,198.88701152831638,195.9855631677502,196.32863184820295,510700,2024-11-22
203.82733154296875,203.82733154296875,203.87634562630595,200.11228239818405,200.43575739981162,1072300,2024-11-25
200.572998046875,200.572998046875,203.63130050988005,200.3965652862973,203.39604187211074,540000,2024-11-26
201.09251403808594,201.09251403808594,203.67050238588996,200.5043898803695,201.26896175530015,460000,2024-11-27
201.876708984375,201.876708984375,202.8079168518096,199.97507599531906,200.67104016563337,319000,2024-11-29
202.0629425048828,202.0629425048828,202.67067529855942,199.96526823054822,202.5236479958955,492100,2024-12-02
201.13172912597656,201.13172912597656,201.98451737184175,200.14169545875495,201.98451737184175,796400,2024-12-03
201.1809539794922,201.1809539794922,202.18509095338126,199.32035562808042,200.18667105821388,409000,2024-12-04
200.1276092529297,200.1276092529297,201.31879307320457,198.65094328906756,200.81673205320374,491000,2024-12-05
199.3498992919922,199.3498992919922,202.94311369041463,198.5328090133111,201.3483193029339,594600,2024-12-06
200.86593627929688,200.86593627929688,203.2384497960332,200.07839313905902,200.19652160581018,504900,2024-12-09
198.32606506347656,198.32606506347656,200.6099669893246,196.82970620221133,200.6099669893246,477600,2024-12-10
194.4867401123047,194.4867401123047,199.90118171909012,194.24062913017806,199.53694227239785,579200,2024-12-11
194.59503173828125,194.59503173828125,195.30383257650746,192.47848327670891,193.14789794535454,463300,2024-12-12
192.10440063476562,192.10440063476562,194.3686248281552,191.85828963594986,193.14790886631667,375400,2024-12-13
190.05673217773438,190.05673217773438,192.4587776370928,189.82047526135253,191.9763947304441,546000,2024-12-16
188.48162841796875,188.48162841796875,190.0468905533248,187.04433377009948,189.01322149399527,622500,2024-12-17
183.94334411621094,183.94334411621094,190.38160045152182,183.84489372010816,188.55053424252895,710200,2024-12-18
183.36253356933594,183.36253356933594,186.72933023826468,182.84077945236712,183.67756285882376,682100,2024-12-19
185.20343017578125,185.20343017578125,187.11325368809995,183.36250992326282,183.36250992326282,1308800,2024-12-20
185.6464385986328,185.6464385986328,186.069742279337,183.2640860844866,184.05164423479317,515900,2024-12-23
186.43399047851562,186.43399047851562,186.74900471518984,185.10498520573347,186.01067179062682,167100,2024-12-24
186.4044647216797,186.4044647216797,187.1132655551518,185.66613177193142,185.8827106389047,301300,2024-12-26
185.5775146484375,185.5775146484375,187.31014553050898,184.91793903634778,185.1049857812461,573000,2024-12-27
184.32728576660156,184.32728576660156,185.05576465676648,182.40760809736045,183.95319226856734,533100,2024-12-30
184.218994140625,184.218994140625,186.3158494595424,183.65785390025505,184.32728357184962,452700,2024-12-31
180.45840454101562,180.45840454101562,186.23708528739778,179.99571471749246,184.70135524396835,620700,2025-01-02
182.21072387695312,182.21072387695312,182.5158990926268,179.15895669879407,180.59623642837118,915300,2025-01-03
185.1148223876953,185.1148223876953,186.8966784458341,182.40760169134305,182.40760169134305,823900,2025-01-06
183.78582763671875,183.78582763671875,188.26505022861605,183.22468742315314,185.3215576633301,485800,2025-01-07
184.78997802734375,184.78997802734375,184.95733169406637,181.6889706128791,182.9195255341534,405600,2025-01-08
181.9842987060547,181.9842987060547,184.10084706796192,181.82678407799435,182.46668162145636,431400,2025-01-10
185.0360870361328,185.0360870361328,185.24281184870335,181.5511471242931,181.59053329334992,560800,2025-01-13
186.36508178710938,186.36508178710938,187.03451148430673,184.82935162840485,186.10913176779948,516600,2025-01-14
187.27076721191406,187.27076721191406,190.53912831541805,186.67025580537495,188.97386605001074,628700,2025-01-15
188.2650604248047,188.2650604248047,188.393027919672,186.5914937458334,187.35937382214775,382500,2025-01-16
188.34381103515625,188.34381103515625,190.21424840557185,187.79250984230364,189.2593366366925,623800,2025-01-17
189.5054473876953,189.5054473876953,190.95258109673324,188.49147139039954,189.19041813500226,879600,2025-01-21
187.5660858154297,187.5660858154297,189.45621620764695,187.09355697273065,188.21582236252905,597300,2025-01-22
190.35208129882812,190.35208129882812,190.43083861678895,186.66041651491525,187.56610313933118,675400,2025-01-23
188.54071044921875,188.54071044921875,191.50388134576772,187.97957018464058,190.42098698680422,682000,2025-01-24
192.86241149902344,192.86241149902344,192.87225053048732,188.1370776903358,189.59405048236195,823600,2025-01-27
190.2930145263672,190.2930145263672,193.35463574716033,189.88938891023747,192.11422678260774,661600,2025-01-28
189.90907287597656,189.90907287597656,191.72044601366022,189.33809362186338,189.8795407612312,1066900,2025-01-29
179.6511688232422,179.6511688232422,184.20913376684263,176.41234005047517,184.13037645397975,2345200,2025-01-30
182.8407440185547,182.8407440185547,185.4003039246291,181.59051119942626,181.82676809933315,1500400,2025-01-31
180.48794555664062,180.48794555664062,181.15737523660317,177.69212841552113,179.62164511743674,1023500,2025-02-03
179.77914428710938,179.77914428710938,181.344421539878,179.4444369586621,181.344421539878,725900,2025-02-04
181.7578887939453,181.7578887939453,182.08275709554508,178.3615451960488,180.2713688361928,940800,2025-02-05
178.853759765625,178.853759765625,183.18532191968234,178.04652358226716,183.18532191968234,873000,2025-02-06
176.36312866210938,176.36312866210938,179.39521784835685,175.9398249714244,179.25739629541027,675400,2025-02-07
178.87344360351562,178.87344360351562,179.38535860883138,176.27451245398947,177.19989207156834,568500,2025-02-10
177.1900634765625,177.1900634765625,179.08019396740926,176.0579439754646,177.86931715151502,745800,2025-02-11
178.37139892578125,178.37139892578125,180.9407981961196,175.93982120543942,176.1760931574716,815500,2025-02-12
180.0351104736328,180.0351104736328,180.9801682331155,178.95221614357737,179.4345990763152,512900,2025-02-13
178.7848663330078,178.7848663330078,181.94493802145033,177.62321466104575,180.85220463626058,526600,2025-02-14
180.8128204345703,180.8128204345703,180.93094890298295,178.64704672560984,179.29678334472482,420000,2025-02-18
180.133544921875,180.133544921875,181.0687636449459,179.23771236774178,179.25739043078846,727900,2025-02-19
181.4034881591797,181.4034881591797,181.5806808572465,179.26724662220295,180.27136862075966,700000,2025-02-20
181.49208068847656,181.49208068847656,182.04336687720064,180.1827684795459,181.47238760418728,672200,2025-02-21
181.6692657470703,181.6692657470703,183.33297829617064,180.4091787911146,181.69881288297339,569200,2025-02-24
183.48065185546875,183.48065185546875,184.07130915997394,182.35838645334556,182.71278684461717,535900,2025-02-25
182.86044311523438,182.86044311523438,183.68737233494826,181.47237369694406,183.5889369638895,480700,2025-02-26
182.60450744628906,182.60450744628906,183.80553022591573,181.9547708563752,182.1811887511311,337500,2025-02-27
185.04592895507812,185.04592895507812,185.32157205708802,182.98844472171055,183.33299108851168,718100,2025-02-28
183.02781677246094,183.02781677246094,187.48734664940943,182.55528788403146,186.18788845087272,557700,2025-03-03
178.50921630859375,178.50921630859375,182.7521671645329,177.977608184287,181.86617365258428,980400,2025-03-04
180.85372924804688,180.85372924804688,181.6550150662544,177.99479748012234,178.96426818617684,1056000,2025-03-05
180.438232421875,180.438232421875,181.19006807605032,178.1728686355019,179.11264810854445,1149100,2025-03-06
181.961669921875,181.961669921875,182.88166023422795,179.4687690871405,179.4687690871405,1195500,2025-03-07
184.51393127441406,184.51393127441406,187.7091875259484,181.90232579088357,181.94188893842764,788000,2025-03-10
178.21243286132812,178.21243286132812,184.87994780515695,178.15308059241337,184.87994780515695,601900,2025-03-11
175.15567016601562,175.15567016601562,178.46964606239132,175.15567016601562,177.54964061064908,542500,2025-03-12
173.99826049804688,173.99826049804688,177.0649252965959,173.02880485827757,175.27437959873566,552800,2025-03-13
176.71868896484375,176.71868896484375,177.035254543596,174.6907341231603,175.2249347636353,420100,2025-03-14
177.7870635986328,177.7870635986328,178.92468899716167,176.30319650767694,177.3023282481703,497400,2025-03-17
177.9947967529297,177.9947967529297,178.3806166879329,176.77802996338846,177.84641608152586,538700,2025-03-18
177.18362426757812,177.18362426757812,178.6872804843113,174.9874997584931,177.36168107360717,548800,2025-03-19
175.14578247070312,175.14578247070312,178.41029309873664,174.6709492267983,176.1844924561697,740500,2025-03-20
172.7023468017578,172.7023468017578,173.7905069481219,171.15912743786484,173.35525194638225,1492500,2025-03-21
175.106201171875,175.106201171875,175.3337383239772,172.68255464454398,173.4244881791153,575800,2025-03-24
173.80039978027344,173.80039978027344,176.22404622086674,172.3165327642356,175.63049337658126,426900,2025-03-25
176.02621459960938,176.02621459960938,176.29331491069692,173.91911843541982,173.91911843541982,348300,2025-03-26
176.07566833496094,176.07566833496094,176.68899521430302,174.58189918799079,175.69975052133782,377100,2025-03-27
173.87954711914062,173.87954711914062,177.1638317111875,173.26620513379902,176.79781599832938,350700,2025-03-28
176.05587768554688,176.05587768554688,176.48124565438306,172.93976296764038,173.60255509480956,716400,2025-03-31
177.6287841796875,177.6287841796875,177.96512377061086,174.85889587190414,176.2339454650809,502700,2025-04-01
178.63780212402344,178.63780212402344,178.71694350801167,175.77888566665422,175.87780107563282,424800,2025-04-02
174.4434051513672,174.4434051513672,176.37242927947446,172.0197586778644,174.68082931124042,1197400,2025-04-03
168.41891479492188,168.41891479492188,173.0287988460985,166.9548368252699,171.76256680293844,1781100,2025-04-04
164.49160766601562,164.49160766601562,170.69417616746728,160.78194003746162,165.69848740874596,1861700,2025-04-07
157.86366271972656,157.86366271972656,169.17072179952748,155.31140971684036,168.17159013925388,1863100,2025-04-08
167.0438690185547,167.0438690185547,169.25978269170673,155.64776527683654,156.261107285959,2089000,2025-04-09
164.78839111328125,164.78839111328125,165.37204188897476,159.7630260070842,165.37204188897476,1220900,2025-04-10
167.85504150390625,167.85504150390625,169.41805001625744,162.37463224462465,164.78839184358023,1090800,2025-04-11
170.4270782470703,170.4270782470703,170.54578278254212,168.32988428212735,169.99180815743844,823200,2025-04-14
167.67698669433594,167.67698669433594,171.1096672165375,167.3703232341141,169.18064295491862,881400,2025-04-15
166.34149169921875,166.34149169921875,169.36859318680808,165.3819231243834,167.9935436457569,737100,2025-04-16
169.01246643066406,169.01246643066406,170.21934619650105,167.40987972006616,167.40987972006616,625600,2025-04-17
167.2120361328125,167.2120361328125,168.02322405990623,165.3918294454934,167.85503917185864,729600,2025-04-21
172.9496612548828,172.9496612548828,173.42449450782698,168.42880550713912,168.42880550713912,1150700,2025-04-22
168.41891479492188,168.41891479492188,174.7500750107223,167.11310450965743,171.61417103706205,1633200,2025-04-23
171.75267028808594,171.75267028808594,173.36514407612344,166.45031777418177,167.18236433018467,1241500,2025-04-24
168.9135284423828,168.9135284423828,171.63395130163056,167.01418047565093,171.01072232539752,695600,2025-04-25
168.3991241455078,168.3991241455078,170.55568548032377,166.68773500960407,169.50708849422466,932800,2025-04-28
169.8730926513672,169.8730926513672,170.9711548175966,167.74622268991197,167.99353385262424,870500,2025-04-29
169.26966857910156,169.26966857910156,169.50709275150604,166.2821452287217,168.38924136161557,766100,2025-04-30
167.58795166015625,167.58795166015625,169.60600424756632,167.01418791111897,168.05289788619206,619500,2025-05-01
169.57632446289062,169.57632446289062,170.9019087366069,168.23095106868834,170.73373894916614,615400,2025-05-02
169.09158325195312,169.09158325195312,170.23911068545738,167.87481654116752,169.20040076883154,628500,2025-05-05
168.35955810546875,168.35955810546875,169.0520263773451,166.82622579973642,168.34965599786437,583000,2025-05-06
169.81375122070312,169.81375122070312,171.2580400500626,168.0429947297,169.1608460867687,915300,2025-05-07
171.1591339111328,171.1591339111328,172.9595515388745,169.92257795167276,171.0799925183661,559300,2025-05-08
170.3479461669922,170.3479461669922,171.96041997041937,170.09074796119017,171.05031659449227,292600,2025-05-09
181.36813354492188,181.36813354492188,181.75393840363822,174.39395485765493,174.62149202422208,1466700,2025-05-12
180.171142578125,180.171142578125,181.8231794206862,179.488561317943,180.99221749293258,668800,2025-05-13
178.5685577392578,178.5685577392578,179.8842550191279,176.52082903223882,179.76555048384458,681700,2025-05-14
179.9139404296875,179.9139404296875,179.9436165650385,178.21243822773727,178.2915796202323,474100,2025-05-15
181.23953247070312,181.23953247070312,181.58575906719213,178.1036134132593,179.91393306899116,655400,2025-05-16
181.5956573486328,181.5956573486328,181.8033902832138,179.0829673503611,179.61716794292178,498700,2025-05-19
181.99134826660156,181.99134826660156,182.2683355744187,180.2008177786849,181.19006247651078,461000,2025-05-20
178.18275451660156,178.18275451660156,180.87350136832163,178.06404998024456,180.34920287317613,518400,2025-05-21
178.36082458496094,178.36082458496094,178.92468622154527,176.58018108450128,177.51996054192608,371200,2025-05-22
175.64039611816406,175.64039611816406,176.8868389820533,175.15566079042475,176.37242752146014,586600,2025-05-23
179.3995361328125,179.3995361328125,179.5578038161668,176.57029562788657,177.53975122764152,763600,2025-05-27
175.84812927246094,175.84812927246094,179.67651645692567,175.80856612683064,179.41930317896302,345900,2025-05-28
177.71780395507812,177.71780395507812,177.87608672947795,176.00641485407394,177.19350547272032,415000,2025-05-29
175.81846618652344,175.81846618652344,177.58922275206905,173.81030054022682,177.38147471173485,1306700,2025-05-30
174.28512573242188,174.28512573242188,175.64040124926905,171.77245081111104,174.90835472991128,836200,2025-06-02
177.71780395507812,177.71780395507812,177.95522811667786,172.82104571898915,174.1070668453045,758800,2025-06-03
177.73770141601562,177.73770141601562,179.4083820840015,177.40953172812425,178.2945899139864,752600,2025-06-04
176.73330688476562,176.73330688476562,177.99626014432062,176.2758541097683,177.99626014432062,658600,2025-06-05
178.87136840820312,178.87136840820312,179.36859244018152,177.06148082231985,179.19953809019765,489700,2025-06-06
178.6426544189453,178.6426544189453,180.4326640171459,177.56864866002496,179.23932934303673,647200,2025-06-09
179.09014892578125,179.09014892578125,180.40282765910698,178.10565504986025,179.09014892578125,410500,2025-06-10
176.36537170410156,176.36537170410156,179.95532985231313,175.77863580910866,179.21943281609435,638700,2025-06-11
178.3443145751953,178.3443145751953,178.52332311966163,174.02841356066838,175.46042122010505,495800,2025-06-12
173.67041015625,173.67041015625,177.16091741563397,173.43173715703315,176.047140434102,316000,2025-06-13
175.4305877685547,175.4305877685547,175.96758305006264,174.00851913714152,174.98308917161918,388600,2025-06-16
172.98423767089844,172.98423767089844,175.09247788461812,172.82512233890577,174.32674862671752,749200,2025-06-17
172.96434020996094,172.96434020996094,174.79413613475944,172.88479771999275,173.19307418435628,775200,2025-06-18
174.5057373046875,174.5057373046875,175.17201566866768,172.11906808523395,173.4914112321598,1308400,2025-06-20
178.38409423828125,178.38409423828125,178.73214194777387,174.52563098808355,174.52563098808355,1314900,2025-06-23
178.13548278808594,178.13548278808594,179.6669260976261,177.21063821763101,178.38409479882168,967300,2025-06-24
175.61953735351562,175.61953735351562,179.0105937808916,175.20185580588455,177.93658803142637,451400,2025-06-25
174.97312927246094,174.97312927246094,177.17086611329896,174.436134008468,176.46480132964146,875000,2025-06-26
174.65492248535156,174.65492248535156,176.7532085572041,174.10797300234287,175.32120088317174,2489700,2025-06-27
174.4958038330078,174.4958038330078,174.66485818380218,173.1234606424646,174.1378019213041,967400,2025-06-30
180.0746612548828,180.0746612548828,182.3320626591081,174.7643121167978,174.9731377174011,1119800,2025-07-01
182.41160583496094,182.41160583496094,182.95855531918517,179.63710234091243,180.97961333181973,683000,2025-07-02
182.22267150878906,182.22267150878906,182.7795600053306,180.9298859709185,181.52654571403863,339800,2025-07-03
179.2989959716797,179.2989959716797,182.7994575423159,179.28904177924431,181.74532980711396,478800,2025-07-07
181.2282257080078,181.2282257080078,182.34200271509388,179.29899398210972,179.48794154739903,402000,2025-07-08
182.50111389160156,182.50111389160156,182.68010726048598,180.4127668768436,181.72544561162252,549200,2025-07-09
183.60494995117188,183.60494995117188,185.54412063100906,182.21271356441386,182.61050189237608,503400,2025-07-10
181.19839477539062,181.19839477539062,182.60055506252985,180.80060643139024,181.68566463243963,487000,2025-07-11
179.44815063476562,179.44815063476562,180.92988371709217,179.04042328556477,180.35310201740947,317900,2025-07-14
176.19630432128906,176.19630432128906,180.06472193695393,176.07697540685726,179.97521007705652,419800,2025-07-15
177.1907501220703,177.1907501220703,177.32998741921097,174.76430957347924,176.325585155443,506700,2025-07-16
179.7962188720703,179.7962188720703,179.96527322757711,176.50459810068915,177.141044275451,670100,2025-07-17
177.60842895507812,177.60842895507812,180.43265779367388,176.87253193062438,180.22381702522313,519100,2025-07-18
178.01614379882812,178.01614379882812,179.5277091160982,177.70786732454556,178.3045422370155,634000,2025-07-21
180.661376953125,180.661376953125,181.1983874021553,167.84294208699365,175.90791644778082,855600,2025-07-22
178.66253662109375,178.66253662109375,183.41599698816054,177.48908005577024,181.52653662767383,1144200,2025-07-23
177.45925903320312,177.45925903320312,179.93544024565594,175.86815118999348,178.90120573219968,1058900,2025-07-24
176.80291748046875,176.80291748046875,178.8017678328325,175.6792014683506,177.96643508734465,461300,2025-07-25
173.3919677734375,173.3919677734375,176.0073710786009,173.1035845069335,175.91785921913723,434600,2025-07-28
171.31356811523438,171.31356811523438,173.8991239150275,170.97544424930803,173.43173212225886,708500,2025-07-29
167.4849395751953,167.4849395751953,170.99533999485323,166.97777652989345,170.99533999485323,587200,2025-07-30
166.83856201171875,166.83856201171875,169.06611604465837,166.32144475089757,166.32144475089757,720300,2025-07-31
164.89938354492188,164.89938354492188,166.41093366118423,163.27842836171862,166.41093366118423,765700,2025-08-01
166.42088317871094,166.42088317871094,166.84848854622808,164.8297602678836,165.18776216411612,442100,2025-08-04
167.236328125,167.236328125,167.5247265593562,165.37671511188725,166.95788388263253,537600,2025-08-05
166.6893768310547,166.6893768310547,167.5744349861799,164.7104349283542,167.34571618404365,615400,2025-08-06
169.05616760253906,169.05616760253906,169.96111896501253,167.04737830346258,168.101490803015,747100,2025-08-07
169.86167907714844,169.86167907714844,170.47823204904913,168.40979333543248,169.13573620629046,511900,2025-08-08
170.86607360839844,170.86607360839844,171.01523474834153,167.69378185697408,170.08045114050287,727500,2025-08-11
173.7002410888672,173.7002410888672,173.9985785421448,170.81634778002112,171.31357181079272,906000,2025-08-12
178.43380737304688,178.43380737304688,178.5332582482586,173.69030107209633,173.8792486305547,581200,2025-08-13
176.77308654785156,176.77308654785156,177.25043255512117,173.56102347439386,176.53442871829037,853500,2025-08-14
173.80963134765625,173.80963134765625,177.6780337082214,173.14335296591167,177.1410384304524,513800,2025-08-15
171.29368591308594,171.29368591308594,174.0880826574592,171.28374689471258,173.92896731904233,509800,2025-08-18
174.31678771972656,174.31678771972656,175.03279151203876,171.70139973093458,172.37761710474462,600000,2025-08-19
174.71458435058594,174.71458435058594,176.1764242316324,173.73007529577708,174.69469114038796,537100,2025-08-20
174.90353393554688,174.90353393554688,175.25158166063395,173.700245076861,173.81957399128243,364300,2025-08-21
177.50897216796875,177.50897216796875,179.58736489499273,175.86813899907034,175.86813899907034,728200,2025-08-22
174.7941436767578,174.7941436767578,177.4194860070991,174.48586719909278,177.17087398652106,399300,2025-08-25
172.25830078125,172.25830078125,174.71458879768883,171.5025256892972,174.68475656866923,688300,2025-08-26
172.29806518554688,172.29806518554688,173.08368764939104,171.24395267118973,171.9400632774564,630600,2025-08-27
170.1301727294922,170.1301727294922,173.79968842980554,169.3743976807571,173.04389820699757,452300,2025-08-28
170.69700622558594,170.69700622558594,171.80084419723102,169.91139892190898,170.37879073169125,486900,2025-08-29
168.3699951171875,168.3699951171875,169.79206370399862,167.79321343346655,169.4440008205914,478500,2025-09-02
166.8000030517578,166.8000030517578,168.1999969482422,165.72999572753906,167.64999389648438,526800,2025-09-03
167.02999877929688,167.02999877929688,167.6300048828125,165.7100067138672,166.6999969482422,940000,2025-09-04
168.05999755859375,168.05999755859375,169.42999267578125,166.50999450683594,167.25,636800,2025-09-05
168.3800048828125,168.3800048828125,168.47000122070312,165.36000061035156,167.52999877929688,858800,2025-09-08
166.8800048828125,166.8800048828125,168.97999572753906,166.3800048828125,168.4600067138672,441700,2025-09-09
164.72999572753906,164.72999572753906,167.25,164.3000030517578,165.99000549316406,533300,2025-09-10
168.5500030517578,168.5500030517578,168.86000061035156,164.3300018310547,164.89999389648438,481200,2025-09-11
165.64999389648438,165.64999389648438,168.27999877929688,165.60000610351562,167.77999877929688,356000,2025-09-12
164.85000610351562,164.85000610351562,166.75999450683594,163.89999389648438,166.0500030517578,685700,2025-09-15
166.22999572753906,166.22999572753906,166.61000061035156,164.5800018310547,164.60000610351562,656800,2025-09-16
164.94000244140625,164.94000244140625,169.47000122070312,164.3699951171875,166.6699981689453,723600,2025-09-17
165.0399932861328,165.0399932861328,167.14999389648438,164.74000549316406,164.8300018310547,970500,2025-09-18
164.3800048828125,164.3800048828125,165.99000549316406,163.97000122070312,165.7899932861328,1316700,2025-09-19
163.1999969482422,163.1999969482422,164.89999389648438,162.72999572753906,164.6999969482422,591700,2025-09-22
163.32000732421875,163.32000732421875,164.75999450683594,162.9199981689453,163.24000549316406,647600,2025-09-23
162.22000122070312,162.22000122070312,164.1699981689453,161.27999877929688,163.0800018310547,481800,2025-09-24
158.7100067138672,158.7100067138672,162.6300048828125,158.50999450683594,160.97999572753906,458200,2025-09-25
160.75,160.75,161.02999877929688,159.00999450683594,159.22999572753906,403400,2025-09-26
160.4199981689453,160.4199981689453,161.2100067138672,159.82000732421875,161.1300048828125,449200,2025-09-29
162.1699981689453,162.1699981689453,162.36000061035156,159.1300048828125,159.3800048828125,711600,2025-09-30
162.49000549316406,162.49000549316406,163.27000427246094,161.5,161.5,817500,2025-10-01
162.67999267578125,162.67999267578125,163.52000427246094,162.00999450683594,162.16000366210938,505100,2025-10-02
163.44000244140625,163.44000244140625,164.08999633789062,162.08999633789062,162.89999389648438,493800,2025-10-03
162.75,162.75,163.4600067138672,161.89999389648438,162.69000244140625,608400,2025-10-06
161.3699951171875,161.3699951171875,163.42999267578125,159.67999267578125,162.97000122070312,576900,2025-10-07
161.9600067138672,161.9600067138672,162.5800018310547,160.9499969482422,161.60000610351562,511100,2025-10-08
160.80999755859375,160.80999755859375,162.60000610351562,159.75,161.89999389648438,667900,2025-10-09
158.6699981689453,158.6699981689453,162.72999572753906,158.4499969482422,161.5399932861328,634400,2025-10-10
157.49000549316406,157.49000549316406,160.5,157.4499969482422,159.0500030517578,862500,2025-10-13
160.1300048828125,160.1300048828125,160.8699951171875,156.22999572753906,156.6999969482422,684000,2025-10-14
159.5800018310547,159.5800018310547,161.14999389648438,158.94000244140625,160.24000549316406,631500,2025-10-15
159.33999633789062,159.33999633789062,160.60000610351562,158.0,159.6999969482422,801000,2025-10-16
159.44000244140625,159.44000244140625,160.24000549316406,158.32000732421875,159.3000030517578,621900,2025-10-17
160.25,160.25,161.0,159.72999572753906,159.75999450683594,752800,2025-10-20
163.52999877929688,163.52999877929688,164.07000732421875,160.3000030517578,160.8300018310547,1112500,2025-10-21
179.0399932861328,179.0399932861328,180.6199951171875,166.1300048828125,166.5800018310547,1848500,2025-10-22
186.27999877929688,186.27999877929688,189.24000549316406,183.0,183.52999877929688,1963800,2025-10-23
181.58999633789062,181.58999633789062,187.67999267578125,180.97000122070312,187.1300048828125,965500,2025-10-24
