2025-12-13 22:11:14,581 - INFO - Loaded S&P 500 list with 503 companies data
2025-12-13 22:11:14,582 - INFO - Starting S&P 500 data download process
2025-12-13 22:11:14,585 - INFO - Processing 1/503 : A - Agilent Technologies - 2mo
2025-12-13 22:11:15,512 - INFO - Successfully saved A data (44 rows)
2025-12-13 22:11:15,513 - INFO - Processing 2/503 : AAPL - Apple Inc. - 2mo
2025-12-13 22:11:15,896 - INFO - Successfully saved AAPL data (44 rows)
2025-12-13 22:11:15,897 - INFO - Processing 3/503 : ABBV - AbbVie - 2mo
2025-12-13 22:11:16,242 - INFO - Successfully saved ABBV data (44 rows)
2025-12-13 22:11:16,243 - INFO - Processing 4/503 : ABNB - Airbnb - 2mo
2025-12-13 22:11:16,548 - INFO - Successfully saved ABNB data (44 rows)
2025-12-13 22:11:16,552 - INFO - Processing 5/503 : ABT - Abbott Laboratories - 2mo
2025-12-13 22:11:17,029 - INFO - Successfully saved ABT data (44 rows)
2025-12-13 22:11:17,031 - INFO - Processing 6/503 : ACGL - Arch Capital Group - 2mo
2025-12-13 22:11:17,350 - INFO - Successfully saved ACGL data (44 rows)
2025-12-13 22:11:17,351 - INFO - Processing 7/503 : ACN - Accenture - 2mo
2025-12-13 22:11:17,696 - INFO - Successfully saved ACN data (44 rows)
2025-12-13 22:11:17,697 - INFO - Processing 8/503 : ADBE - Adobe Inc. - 2mo
2025-12-13 22:11:18,038 - INFO - Successfully saved ADBE data (44 rows)
2025-12-13 22:11:18,039 - INFO - Processing 9/503 : ADI - Analog Devices - 2mo
2025-12-13 22:11:18,466 - INFO - Successfully saved ADI data (44 rows)
2025-12-13 22:11:18,467 - INFO - Processing 10/503 : ADM - Archer Daniels Midland - 2mo
2025-12-13 22:11:19,393 - INFO - Successfully saved ADM data (44 rows)
2025-12-13 22:11:19,394 - INFO - Processing 11/503 : ADP - Automatic Data Processing - 2mo
2025-12-13 22:11:19,780 - INFO - Successfully saved ADP data (44 rows)
2025-12-13 22:11:19,781 - INFO - Processing 12/503 : ADSK - Autodesk - 2mo
2025-12-13 22:11:20,147 - INFO - Successfully saved ADSK data (44 rows)
2025-12-13 22:11:20,148 - INFO - Processing 13/503 : AEE - Ameren - 2mo
2025-12-13 22:11:20,583 - INFO - Successfully saved AEE data (44 rows)
2025-12-13 22:11:20,585 - INFO - Processing 14/503 : AEP - American Electric Power - 2mo
2025-12-13 22:11:20,980 - INFO - Successfully saved AEP data (44 rows)
2025-12-13 22:11:20,981 - INFO - Processing 15/503 : AES - AES Corporation - 2mo
2025-12-13 22:11:21,347 - INFO - Successfully saved AES data (44 rows)
2025-12-13 22:11:21,348 - INFO - Processing 16/503 : AFL - Aflac - 2mo
2025-12-13 22:11:21,697 - INFO - Successfully saved AFL data (44 rows)
2025-12-13 22:11:21,698 - INFO - Processing 17/503 : AIG - American International Group - 2mo
2025-12-13 22:11:22,089 - INFO - Successfully saved AIG data (44 rows)
2025-12-13 22:11:22,090 - INFO - Processing 18/503 : AIZ - Assurant - 2mo
2025-12-13 22:11:22,435 - INFO - Successfully saved AIZ data (44 rows)
2025-12-13 22:11:22,436 - INFO - Processing 19/503 : AJG - Arthur J. Gallagher & Co. - 2mo
2025-12-13 22:11:22,796 - INFO - Successfully saved AJG data (44 rows)
2025-12-13 22:11:22,796 - INFO - Processing 20/503 : AKAM - Akamai Technologies - 2mo
2025-12-13 22:11:23,256 - INFO - Successfully saved AKAM data (44 rows)
2025-12-13 22:11:23,257 - INFO - Processing 21/503 : ALB - Albemarle Corporation - 2mo
2025-12-13 22:11:23,605 - INFO - Successfully saved ALB data (44 rows)
2025-12-13 22:11:23,607 - INFO - Processing 22/503 : ALGN - Align Technology - 2mo
2025-12-13 22:11:23,907 - INFO - Successfully saved ALGN data (44 rows)
2025-12-13 22:11:23,908 - INFO - Processing 23/503 : ALL - Allstate - 2mo
2025-12-13 22:11:24,275 - INFO - Successfully saved ALL data (44 rows)
2025-12-13 22:11:24,276 - INFO - Processing 24/503 : ALLE - Allegion - 2mo
2025-12-13 22:11:24,570 - INFO - Successfully saved ALLE data (44 rows)
2025-12-13 22:11:24,571 - INFO - Processing 25/503 : AMAT - Applied Materials - 2mo
2025-12-13 22:11:24,897 - INFO - Successfully saved AMAT data (44 rows)
2025-12-13 22:11:24,898 - INFO - Processing 26/503 : AMCR - Amcor - 2mo
2025-12-13 22:11:25,291 - INFO - Successfully saved AMCR data (44 rows)
2025-12-13 22:11:25,292 - INFO - Processing 27/503 : AMD - Advanced Micro Devices - 2mo
2025-12-13 22:11:25,695 - INFO - Successfully saved AMD data (44 rows)
2025-12-13 22:11:25,696 - INFO - Processing 28/503 : AME - Ametek - 2mo
2025-12-13 22:11:26,098 - INFO - Successfully saved AME data (44 rows)
2025-12-13 22:11:26,100 - INFO - Processing 29/503 : AMGN - Amgen - 2mo
2025-12-13 22:11:26,437 - INFO - Successfully saved AMGN data (44 rows)
2025-12-13 22:11:26,438 - INFO - Processing 30/503 : AMP - Ameriprise Financial - 2mo
2025-12-13 22:11:26,826 - INFO - Successfully saved AMP data (44 rows)
2025-12-13 22:11:26,827 - INFO - Processing 31/503 : AMT - American Tower - 2mo
2025-12-13 22:11:27,153 - INFO - Successfully saved AMT data (44 rows)
2025-12-13 22:11:27,154 - INFO - Processing 32/503 : AMZN - Amazon - 2mo
2025-12-13 22:11:27,458 - INFO - Successfully saved AMZN data (44 rows)
2025-12-13 22:11:27,458 - INFO - Processing 33/503 : ANET - Arista Networks - 2mo
2025-12-13 22:11:27,760 - INFO - Successfully saved ANET data (44 rows)
2025-12-13 22:11:27,761 - INFO - Processing 34/503 : AON - Aon plc - 2mo
2025-12-13 22:11:28,123 - INFO - Successfully saved AON data (44 rows)
2025-12-13 22:11:28,124 - INFO - Processing 35/503 : AOS - A. O. Smith - 2mo
2025-12-13 22:11:28,576 - INFO - Successfully saved AOS data (44 rows)
2025-12-13 22:11:28,577 - INFO - Processing 36/503 : APA - APA Corporation - 2mo
2025-12-13 22:11:28,943 - INFO - Successfully saved APA data (44 rows)
2025-12-13 22:11:28,944 - INFO - Processing 37/503 : APD - Air Products - 2mo
2025-12-13 22:11:29,310 - INFO - Successfully saved APD data (44 rows)
2025-12-13 22:11:29,311 - INFO - Processing 38/503 : APH - Amphenol - 2mo
2025-12-13 22:11:29,647 - INFO - Successfully saved APH data (44 rows)
2025-12-13 22:11:29,648 - INFO - Processing 39/503 : APO - Apollo Global Management - 2mo
2025-12-13 22:11:29,978 - INFO - Successfully saved APO data (44 rows)
2025-12-13 22:11:29,979 - INFO - Processing 40/503 : APTV - Aptiv - 2mo
2025-12-13 22:11:30,301 - INFO - Successfully saved APTV data (44 rows)
2025-12-13 22:11:30,302 - INFO - Processing 41/503 : ARE - Alexandria Real Estate Equities - 2mo
2025-12-13 22:11:30,631 - INFO - Successfully saved ARE data (44 rows)
2025-12-13 22:11:30,632 - INFO - Processing 42/503 : ATO - Atmos Energy - 2mo
2025-12-13 22:11:31,320 - INFO - Successfully saved ATO data (44 rows)
2025-12-13 22:11:31,321 - INFO - Processing 43/503 : AVB - AvalonBay Communities - 2mo
2025-12-13 22:11:31,682 - INFO - Successfully saved AVB data (44 rows)
2025-12-13 22:11:31,683 - INFO - Processing 44/503 : AVGO - Broadcom - 2mo
2025-12-13 22:11:32,028 - INFO - Successfully saved AVGO data (44 rows)
2025-12-13 22:11:32,029 - INFO - Processing 45/503 : AVY - Avery Dennison - 2mo
2025-12-13 22:11:32,412 - INFO - Successfully saved AVY data (44 rows)
2025-12-13 22:11:32,413 - INFO - Processing 46/503 : AWK - American Water Works - 2mo
2025-12-13 22:11:32,751 - INFO - Successfully saved AWK data (44 rows)
2025-12-13 22:11:32,752 - INFO - Processing 47/503 : AXON - Axon Enterprise - 2mo
2025-12-13 22:11:33,079 - INFO - Successfully saved AXON data (44 rows)
2025-12-13 22:11:33,079 - INFO - Processing 48/503 : AXP - American Express - 2mo
2025-12-13 22:11:33,481 - INFO - Successfully saved AXP data (44 rows)
2025-12-13 22:11:33,482 - INFO - Processing 49/503 : AZO - AutoZone - 2mo
2025-12-13 22:11:33,920 - INFO - Successfully saved AZO data (44 rows)
2025-12-13 22:11:33,921 - INFO - Processing 50/503 : BA - Boeing - 2mo
2025-12-13 22:11:34,330 - INFO - Successfully saved BA data (44 rows)
2025-12-13 22:11:34,331 - INFO - Processing 51/503 : BAC - Bank of America - 2mo
2025-12-13 22:11:34,705 - INFO - Successfully saved BAC data (44 rows)
2025-12-13 22:11:34,705 - INFO - Processing 52/503 : BALL - Ball Corporation - 2mo
2025-12-13 22:11:35,097 - INFO - Successfully saved BALL data (44 rows)
2025-12-13 22:11:35,098 - INFO - Processing 53/503 : BAX - Baxter International - 2mo
2025-12-13 22:11:35,545 - INFO - Successfully saved BAX data (44 rows)
2025-12-13 22:11:35,546 - INFO - Processing 54/503 : BBY - Best Buy - 2mo
2025-12-13 22:11:35,881 - INFO - Successfully saved BBY data (44 rows)
2025-12-13 22:11:35,882 - INFO - Processing 55/503 : BDX - Becton Dickinson - 2mo
2025-12-13 22:11:36,344 - INFO - Successfully saved BDX data (44 rows)
2025-12-13 22:11:36,345 - INFO - Processing 56/503 : BEN - Franklin Resources - 2mo
2025-12-13 22:11:36,700 - INFO - Successfully saved BEN data (44 rows)
2025-12-13 22:11:37,121 - INFO - Successfully saved BF-B data (44 rows)
2025-12-13 22:11:37,122 - INFO - Processing 58/503 : BG - Bunge Global - 2mo
2025-12-13 22:11:37,467 - INFO - Successfully saved BG data (44 rows)
2025-12-13 22:11:37,468 - INFO - Processing 59/503 : BIIB - Biogen - 2mo
2025-12-13 22:11:37,756 - INFO - Successfully saved BIIB data (44 rows)
2025-12-13 22:11:37,757 - INFO - Processing 60/503 : BK - BNY Mellon - 2mo
2025-12-13 22:11:38,083 - INFO - Successfully saved BK data (44 rows)
2025-12-13 22:11:38,085 - INFO - Processing 61/503 : BKNG - Booking Holdings - 2mo
2025-12-13 22:11:38,422 - INFO - Successfully saved BKNG data (44 rows)
2025-12-13 22:11:38,423 - INFO - Processing 62/503 : BKR - Baker Hughes - 2mo
2025-12-13 22:11:38,793 - INFO - Successfully saved BKR data (44 rows)
2025-12-13 22:11:38,794 - INFO - Processing 63/503 : BLDR - Builders FirstSource - 2mo
2025-12-13 22:11:39,101 - INFO - Successfully saved BLDR data (44 rows)
2025-12-13 22:11:39,102 - INFO - Processing 64/503 : BLK - BlackRock - 2mo
2025-12-13 22:11:39,468 - INFO - Successfully saved BLK data (44 rows)
2025-12-13 22:11:39,469 - INFO - Processing 65/503 : BMY - Bristol Myers Squibb - 2mo
2025-12-13 22:11:39,895 - INFO - Successfully saved BMY data (44 rows)
2025-12-13 22:11:39,896 - INFO - Processing 66/503 : BR - Broadridge Financial Solutions - 2mo
2025-12-13 22:11:40,429 - INFO - Successfully saved BR data (44 rows)
2025-12-13 22:11:40,430 - INFO - Processing 67/503 : BRK-B - Berkshire Hathaway - 2mo
2025-12-13 22:11:40,750 - INFO - Successfully saved BRK-B data (44 rows)
2025-12-13 22:11:40,751 - INFO - Processing 68/503 : BRO - Brown & Brown - 2mo
2025-12-13 22:11:41,190 - INFO - Successfully saved BRO data (44 rows)
2025-12-13 22:11:41,191 - INFO - Processing 69/503 : BSX - Boston Scientific - 2mo
2025-12-13 22:11:41,510 - INFO - Successfully saved BSX data (44 rows)
2025-12-13 22:11:41,511 - INFO - Processing 70/503 : BX - Blackstone Inc. - 2mo
2025-12-13 22:11:41,858 - INFO - Successfully saved BX data (44 rows)
2025-12-13 22:11:41,858 - INFO - Processing 71/503 : BXP - BXP, Inc. - 2mo
2025-12-13 22:11:42,564 - INFO - Successfully saved BXP data (44 rows)
2025-12-13 22:11:42,565 - INFO - Processing 72/503 : C - Citigroup - 2mo
2025-12-13 22:11:42,918 - INFO - Successfully saved C data (44 rows)
2025-12-13 22:11:42,919 - INFO - Processing 73/503 : CAG - Conagra Brands - 2mo
2025-12-13 22:11:43,963 - INFO - Successfully saved CAG data (44 rows)
2025-12-13 22:11:43,964 - INFO - Processing 74/503 : CAH - Cardinal Health - 2mo
2025-12-13 22:11:44,340 - INFO - Successfully saved CAH data (44 rows)
2025-12-13 22:11:44,341 - INFO - Processing 75/503 : CARR - Carrier Global - 2mo
2025-12-13 22:11:44,840 - INFO - Successfully saved CARR data (44 rows)
2025-12-13 22:11:44,841 - INFO - Processing 76/503 : CAT - Caterpillar Inc. - 2mo
2025-12-13 22:11:45,206 - INFO - Successfully saved CAT data (44 rows)
2025-12-13 22:11:45,206 - INFO - Processing 77/503 : CB - Chubb Limited - 2mo
2025-12-13 22:11:45,679 - INFO - Successfully saved CB data (44 rows)
2025-12-13 22:11:45,680 - INFO - Processing 78/503 : CBOE - Cboe Global Markets - 2mo
2025-12-13 22:11:46,018 - INFO - Successfully saved CBOE data (44 rows)
2025-12-13 22:11:46,019 - INFO - Processing 79/503 : CBRE - CBRE Group - 2mo
2025-12-13 22:11:46,301 - INFO - Successfully saved CBRE data (44 rows)
2025-12-13 22:11:46,302 - INFO - Processing 80/503 : CCI - Crown Castle - 2mo
2025-12-13 22:11:46,624 - INFO - Successfully saved CCI data (44 rows)
2025-12-13 22:11:46,625 - INFO - Processing 81/503 : CCL - Carnival - 2mo
2025-12-13 22:11:47,557 - INFO - Successfully saved CCL data (44 rows)
2025-12-13 22:11:47,558 - INFO - Processing 82/503 : CDNS - Cadence Design Systems - 2mo
2025-12-13 22:11:47,855 - INFO - Successfully saved CDNS data (44 rows)
2025-12-13 22:11:47,856 - INFO - Processing 83/503 : CDW - CDW Corporation - 2mo
2025-12-13 22:11:48,200 - INFO - Successfully saved CDW data (44 rows)
2025-12-13 22:11:48,201 - INFO - Processing 84/503 : CEG - Constellation Energy - 2mo
2025-12-13 22:11:48,488 - INFO - Successfully saved CEG data (44 rows)
2025-12-13 22:11:48,490 - INFO - Processing 85/503 : CF - CF Industries - 2mo
2025-12-13 22:11:48,850 - INFO - Successfully saved CF data (44 rows)
2025-12-13 22:11:48,851 - INFO - Processing 86/503 : CFG - Citizens Financial Group - 2mo
2025-12-13 22:11:49,194 - INFO - Successfully saved CFG data (44 rows)
2025-12-13 22:11:49,194 - INFO - Processing 87/503 : CHD - Church & Dwight - 2mo
2025-12-13 22:11:49,589 - INFO - Successfully saved CHD data (44 rows)
2025-12-13 22:11:49,590 - INFO - Processing 88/503 : CHRW - C.H. Robinson - 2mo
2025-12-13 22:11:49,945 - INFO - Successfully saved CHRW data (44 rows)
2025-12-13 22:11:49,947 - INFO - Processing 89/503 : CHTR - Charter Communications - 2mo
2025-12-13 22:11:50,271 - INFO - Successfully saved CHTR data (44 rows)
2025-12-13 22:11:50,272 - INFO - Processing 90/503 : CI - Cigna - 2mo
2025-12-13 22:11:50,652 - INFO - Successfully saved CI data (44 rows)
2025-12-13 22:11:50,653 - INFO - Processing 91/503 : CINF - Cincinnati Financial - 2mo
2025-12-13 22:11:50,983 - INFO - Successfully saved CINF data (44 rows)
2025-12-13 22:11:50,984 - INFO - Processing 92/503 : CL - Colgate-Palmolive - 2mo
2025-12-13 22:11:51,395 - INFO - Successfully saved CL data (44 rows)
2025-12-13 22:11:51,396 - INFO - Processing 93/503 : CLX - Clorox - 2mo
2025-12-13 22:11:51,756 - INFO - Successfully saved CLX data (44 rows)
2025-12-13 22:11:51,757 - INFO - Processing 94/503 : CMCSA - Comcast - 2mo
2025-12-13 22:11:52,130 - INFO - Successfully saved CMCSA data (44 rows)
2025-12-13 22:11:52,130 - INFO - Processing 95/503 : CME - CME Group - 2mo
2025-12-13 22:11:52,658 - INFO - Successfully saved CME data (44 rows)
2025-12-13 22:11:52,659 - INFO - Processing 96/503 : CMG - Chipotle Mexican Grill - 2mo
2025-12-13 22:11:52,973 - INFO - Successfully saved CMG data (44 rows)
2025-12-13 22:11:52,974 - INFO - Processing 97/503 : CMI - Cummins - 2mo
2025-12-13 22:11:53,365 - INFO - Successfully saved CMI data (44 rows)
2025-12-13 22:11:53,366 - INFO - Processing 98/503 : CMS - CMS Energy - 2mo
2025-12-13 22:11:53,752 - INFO - Successfully saved CMS data (44 rows)
2025-12-13 22:11:53,753 - INFO - Processing 99/503 : CNC - Centene Corporation - 2mo
2025-12-13 22:11:54,416 - INFO - Successfully saved CNC data (44 rows)
2025-12-13 22:11:54,418 - INFO - Processing 100/503 : CNP - CenterPoint Energy - 2mo
2025-12-13 22:11:54,842 - INFO - Successfully saved CNP data (44 rows)
2025-12-13 22:11:54,843 - INFO - Processing 101/503 : COF - Capital One - 2mo
2025-12-13 22:11:55,383 - INFO - Successfully saved COF data (44 rows)
2025-12-13 22:11:55,384 - INFO - Processing 102/503 : COIN - Coinbase - 2mo
2025-12-13 22:11:55,699 - INFO - Successfully saved COIN data (44 rows)
2025-12-13 22:11:55,700 - INFO - Processing 103/503 : COO - Cooper Companies (The) - 2mo
2025-12-13 22:11:56,057 - INFO - Successfully saved COO data (44 rows)
2025-12-13 22:11:56,058 - INFO - Processing 104/503 : COP - ConocoPhillips - 2mo
2025-12-13 22:11:56,820 - INFO - Successfully saved COP data (44 rows)
2025-12-13 22:11:56,821 - INFO - Processing 105/503 : COR - Cencora - 2mo
2025-12-13 22:11:57,169 - INFO - Successfully saved COR data (44 rows)
2025-12-13 22:11:57,170 - INFO - Processing 106/503 : COST - Costco - 2mo
2025-12-13 22:11:57,844 - INFO - Successfully saved COST data (44 rows)
2025-12-13 22:11:57,845 - INFO - Processing 107/503 : CPAY - Corpay - 2mo
2025-12-13 22:11:58,153 - INFO - Successfully saved CPAY data (44 rows)
2025-12-13 22:11:58,154 - INFO - Processing 108/503 : CPB - Campbell's Company (The) - 2mo
2025-12-13 22:11:58,593 - INFO - Successfully saved CPB data (44 rows)
2025-12-13 22:11:58,594 - INFO - Processing 109/503 : CPRT - Copart - 2mo
2025-12-13 22:11:58,921 - INFO - Successfully saved CPRT data (44 rows)
2025-12-13 22:11:58,922 - INFO - Processing 110/503 : CPT - Camden Property Trust - 2mo
2025-12-13 22:11:59,272 - INFO - Successfully saved CPT data (44 rows)
2025-12-13 22:11:59,273 - INFO - Processing 111/503 : CRL - Charles River Laboratories - 2mo
2025-12-13 22:11:59,593 - INFO - Successfully saved CRL data (44 rows)
2025-12-13 22:11:59,594 - INFO - Processing 112/503 : CRM - Salesforce - 2mo
2025-12-13 22:11:59,923 - INFO - Successfully saved CRM data (44 rows)
2025-12-13 22:11:59,923 - INFO - Processing 113/503 : CRWD - CrowdStrike - 2mo
2025-12-13 22:12:00,232 - INFO - Successfully saved CRWD data (44 rows)
2025-12-13 22:12:00,234 - INFO - Processing 114/503 : CSCO - Cisco - 2mo
2025-12-13 22:12:00,636 - INFO - Successfully saved CSCO data (44 rows)
2025-12-13 22:12:00,637 - INFO - Processing 115/503 : CSGP - CoStar Group - 2mo
2025-12-13 22:12:00,944 - INFO - Successfully saved CSGP data (44 rows)
2025-12-13 22:12:00,945 - INFO - Processing 116/503 : CSX - CSX Corporation - 2mo
2025-12-13 22:12:01,488 - INFO - Successfully saved CSX data (44 rows)
2025-12-13 22:12:01,489 - INFO - Processing 117/503 : CTAS - Cintas - 2mo
2025-12-13 22:12:01,861 - INFO - Successfully saved CTAS data (44 rows)
2025-12-13 22:12:01,861 - INFO - Processing 118/503 : CTRA - Coterra - 2mo
2025-12-13 22:12:02,330 - INFO - Successfully saved CTRA data (44 rows)
2025-12-13 22:12:02,331 - INFO - Processing 119/503 : CTSH - Cognizant - 2mo
2025-12-13 22:12:02,754 - INFO - Successfully saved CTSH data (44 rows)
2025-12-13 22:12:02,755 - INFO - Processing 120/503 : CTVA - Corteva - 2mo
2025-12-13 22:12:03,225 - INFO - Successfully saved CTVA data (44 rows)
2025-12-13 22:12:03,226 - INFO - Processing 121/503 : CVS - CVS Health - 2mo
2025-12-13 22:12:03,689 - INFO - Successfully saved CVS data (44 rows)
2025-12-13 22:12:03,689 - INFO - Processing 122/503 : CVX - Chevron Corporation - 2mo
2025-12-13 22:12:04,067 - INFO - Successfully saved CVX data (44 rows)
2025-12-13 22:12:04,068 - INFO - Processing 123/503 : CZR - Caesars Entertainment - 2mo
2025-12-13 22:12:04,388 - INFO - Successfully saved CZR data (44 rows)
2025-12-13 22:12:04,389 - INFO - Processing 124/503 : D - Dominion Energy - 2mo
2025-12-13 22:12:04,763 - INFO - Successfully saved D data (44 rows)
2025-12-13 22:12:04,764 - INFO - Processing 125/503 : DAL - Delta Air Lines - 2mo
2025-12-13 22:12:05,134 - INFO - Successfully saved DAL data (44 rows)
2025-12-13 22:12:05,135 - INFO - Processing 126/503 : DASH - DoorDash - 2mo
2025-12-13 22:12:05,466 - INFO - Successfully saved DASH data (44 rows)
2025-12-13 22:12:05,467 - INFO - Processing 127/503 : DAY - Dayforce - 2mo
2025-12-13 22:12:05,809 - INFO - Successfully saved DAY data (44 rows)
2025-12-13 22:12:05,811 - INFO - Processing 128/503 : DD - DuPont - 2mo
2025-12-13 22:12:06,224 - INFO - Successfully saved DD data (44 rows)
2025-12-13 22:12:06,225 - INFO - Processing 129/503 : DDOG - Datadog - 2mo
2025-12-13 22:12:06,556 - INFO - Successfully saved DDOG data (44 rows)
2025-12-13 22:12:06,557 - INFO - Processing 130/503 : DE - Deere & Company - 2mo
2025-12-13 22:12:06,962 - INFO - Successfully saved DE data (44 rows)
2025-12-13 22:12:06,962 - INFO - Processing 131/503 : DECK - Deckers Brands - 2mo
2025-12-13 22:12:07,290 - INFO - Successfully saved DECK data (44 rows)
2025-12-13 22:12:07,291 - INFO - Processing 132/503 : DELL - Dell Technologies - 2mo
2025-12-13 22:12:07,616 - INFO - Successfully saved DELL data (44 rows)
2025-12-13 22:12:07,617 - INFO - Processing 133/503 : DG - Dollar General - 2mo
2025-12-13 22:12:07,929 - INFO - Successfully saved DG data (44 rows)
2025-12-13 22:12:07,930 - INFO - Processing 134/503 : DGX - Quest Diagnostics - 2mo
2025-12-13 22:12:08,291 - INFO - Successfully saved DGX data (44 rows)
2025-12-13 22:12:08,292 - INFO - Processing 135/503 : DHI - D. R. Horton - 2mo
2025-12-13 22:12:08,622 - INFO - Successfully saved DHI data (44 rows)
2025-12-13 22:12:08,623 - INFO - Processing 136/503 : DHR - Danaher Corporation - 2mo
2025-12-13 22:12:08,944 - INFO - Successfully saved DHR data (44 rows)
2025-12-13 22:12:08,945 - INFO - Processing 137/503 : DIS - Walt Disney Company (The) - 2mo
2025-12-13 22:12:09,364 - INFO - Successfully saved DIS data (44 rows)
2025-12-13 22:12:09,365 - INFO - Processing 138/503 : DLR - Digital Realty - 2mo
2025-12-13 22:12:09,708 - INFO - Successfully saved DLR data (44 rows)
2025-12-13 22:12:09,709 - INFO - Processing 139/503 : DLTR - Dollar Tree - 2mo
2025-12-13 22:12:10,009 - INFO - Successfully saved DLTR data (44 rows)
2025-12-13 22:12:10,010 - INFO - Processing 140/503 : DOC - Healthpeak Properties - 2mo
2025-12-13 22:12:10,680 - INFO - Successfully saved DOC data (44 rows)
2025-12-13 22:12:10,682 - INFO - Processing 141/503 : DOV - Dover Corporation - 2mo
2025-12-13 22:12:11,054 - INFO - Successfully saved DOV data (44 rows)
2025-12-13 22:12:11,055 - INFO - Processing 142/503 : DOW - Dow Inc. - 2mo
2025-12-13 22:12:11,679 - INFO - Successfully saved DOW data (44 rows)
2025-12-13 22:12:11,680 - INFO - Processing 143/503 : DPZ - Domino's - 2mo
2025-12-13 22:12:12,003 - INFO - Successfully saved DPZ data (44 rows)
2025-12-13 22:12:12,004 - INFO - Processing 144/503 : DRI - Darden Restaurants - 2mo
2025-12-13 22:12:12,389 - INFO - Successfully saved DRI data (44 rows)
2025-12-13 22:12:12,393 - INFO - Processing 145/503 : DTE - DTE Energy - 2mo
2025-12-13 22:12:12,817 - INFO - Successfully saved DTE data (44 rows)
2025-12-13 22:12:12,820 - INFO - Processing 146/503 : DUK - Duke Energy - 2mo
2025-12-13 22:12:13,189 - INFO - Successfully saved DUK data (44 rows)
2025-12-13 22:12:13,190 - INFO - Processing 147/503 : DVA - DaVita - 2mo
2025-12-13 22:12:13,490 - INFO - Successfully saved DVA data (44 rows)
2025-12-13 22:12:13,491 - INFO - Processing 148/503 : DVN - Devon Energy - 2mo
2025-12-13 22:12:13,981 - INFO - Successfully saved DVN data (44 rows)
2025-12-13 22:12:13,982 - INFO - Processing 149/503 : DXCM - Dexcom - 2mo
2025-12-13 22:12:14,445 - INFO - Successfully saved DXCM data (44 rows)
2025-12-13 22:12:14,447 - INFO - Processing 150/503 : EA - Electronic Arts - 2mo
2025-12-13 22:12:14,768 - INFO - Successfully saved EA data (44 rows)
2025-12-13 22:12:14,769 - INFO - Processing 151/503 : EBAY - eBay Inc. - 2mo
2025-12-13 22:12:15,086 - INFO - Successfully saved EBAY data (44 rows)
2025-12-13 22:12:15,087 - INFO - Processing 152/503 : ECL - Ecolab - 2mo
2025-12-13 22:12:15,454 - INFO - Successfully saved ECL data (44 rows)
2025-12-13 22:12:15,455 - INFO - Processing 153/503 : ED - Consolidated Edison - 2mo
2025-12-13 22:12:15,948 - INFO - Successfully saved ED data (44 rows)
2025-12-13 22:12:15,949 - INFO - Processing 154/503 : EFX - Equifax - 2mo
2025-12-13 22:12:16,388 - INFO - Successfully saved EFX data (44 rows)
2025-12-13 22:12:16,388 - INFO - Processing 155/503 : EG - Everest Group - 2mo
2025-12-13 22:12:17,202 - INFO - Successfully saved EG data (44 rows)
2025-12-13 22:12:17,203 - INFO - Processing 156/503 : EIX - Edison International - 2mo
2025-12-13 22:12:17,598 - INFO - Successfully saved EIX data (44 rows)
2025-12-13 22:12:17,938 - INFO - Successfully saved EL data (44 rows)
2025-12-13 22:12:17,939 - INFO - Processing 158/503 : ELV - Elevance Health - 2mo
2025-12-13 22:12:18,290 - INFO - Successfully saved ELV data (44 rows)
2025-12-13 22:12:18,290 - INFO - Processing 159/503 : EMN - Eastman Chemical Company - 2mo
2025-12-13 22:12:18,667 - INFO - Successfully saved EMN data (44 rows)
2025-12-13 22:12:18,668 - INFO - Processing 160/503 : EMR - Emerson Electric - 2mo
2025-12-13 22:12:19,034 - INFO - Successfully saved EMR data (44 rows)
2025-12-13 22:12:19,035 - INFO - Processing 161/503 : ENPH - Enphase Energy - 2mo
2025-12-13 22:12:19,364 - INFO - Successfully saved ENPH data (44 rows)
2025-12-13 22:12:19,365 - INFO - Processing 162/503 : EOG - EOG Resources - 2mo
2025-12-13 22:12:19,700 - INFO - Successfully saved EOG data (44 rows)
2025-12-13 22:12:19,701 - INFO - Processing 163/503 : EPAM - EPAM Systems - 2mo
2025-12-13 22:12:20,081 - INFO - Successfully saved EPAM data (44 rows)
2025-12-13 22:12:20,082 - INFO - Processing 164/503 : EQIX - Equinix - 2mo
2025-12-13 22:12:20,414 - INFO - Successfully saved EQIX data (44 rows)
2025-12-13 22:12:20,415 - INFO - Processing 165/503 : EQR - Equity Residential - 2mo
2025-12-13 22:12:20,835 - INFO - Successfully saved EQR data (44 rows)
2025-12-13 22:12:20,836 - INFO - Processing 166/503 : EQT - EQT Corporation - 2mo
2025-12-13 22:12:21,207 - INFO - Successfully saved EQT data (44 rows)
2025-12-13 22:12:21,208 - INFO - Processing 167/503 : ERIE - Erie Indemnity - 2mo
2025-12-13 22:12:21,644 - INFO - Successfully saved ERIE data (44 rows)
2025-12-13 22:12:21,645 - INFO - Processing 168/503 : ES - Eversource Energy - 2mo
2025-12-13 22:12:22,030 - INFO - Successfully saved ES data (44 rows)
2025-12-13 22:12:22,031 - INFO - Processing 169/503 : ESS - Essex Property Trust - 2mo
2025-12-13 22:12:22,725 - INFO - Successfully saved ESS data (44 rows)
2025-12-13 22:12:22,726 - INFO - Processing 170/503 : ETN - Eaton Corporation - 2mo
2025-12-13 22:12:23,129 - INFO - Successfully saved ETN data (44 rows)
2025-12-13 22:12:23,130 - INFO - Processing 171/503 : ETR - Entergy - 2mo
2025-12-13 22:12:23,527 - INFO - Successfully saved ETR data (44 rows)
2025-12-13 22:12:23,528 - INFO - Processing 172/503 : EVRG - Evergy - 2mo
2025-12-13 22:12:23,900 - INFO - Successfully saved EVRG data (44 rows)
2025-12-13 22:12:23,901 - INFO - Processing 173/503 : EW - Edwards Lifesciences - 2mo
2025-12-13 22:12:24,288 - INFO - Successfully saved EW data (44 rows)
2025-12-13 22:12:24,289 - INFO - Processing 174/503 : EXC - Exelon - 2mo
2025-12-13 22:12:24,680 - INFO - Successfully saved EXC data (44 rows)
2025-12-13 22:12:24,681 - INFO - Processing 175/503 : EXE - Expand Energy - 2mo
2025-12-13 22:12:24,999 - INFO - Successfully saved EXE data (44 rows)
2025-12-13 22:12:24,999 - INFO - Processing 176/503 : EXPD - Expeditors International - 2mo
2025-12-13 22:12:25,331 - INFO - Successfully saved EXPD data (44 rows)
2025-12-13 22:12:25,332 - INFO - Processing 177/503 : EXPE - Expedia Group - 2mo
2025-12-13 22:12:25,720 - INFO - Successfully saved EXPE data (44 rows)
2025-12-13 22:12:25,721 - INFO - Processing 178/503 : EXR - Extra Space Storage - 2mo
2025-12-13 22:12:26,046 - INFO - Successfully saved EXR data (44 rows)
2025-12-13 22:12:26,047 - INFO - Processing 179/503 : F - Ford Motor Company - 2mo
2025-12-13 22:12:26,445 - INFO - Successfully saved F data (44 rows)
2025-12-13 22:12:26,446 - INFO - Processing 180/503 : FANG - Diamondback Energy - 2mo
2025-12-13 22:12:27,126 - INFO - Successfully saved FANG data (44 rows)
2025-12-13 22:12:27,127 - INFO - Processing 181/503 : FAST - Fastenal - 2mo
2025-12-13 22:12:27,498 - INFO - Successfully saved FAST data (44 rows)
2025-12-13 22:12:27,499 - INFO - Processing 182/503 : FCX - Freeport-McMoRan - 2mo
2025-12-13 22:12:27,878 - INFO - Successfully saved FCX data (44 rows)
2025-12-13 22:12:27,878 - INFO - Processing 183/503 : FDS - FactSet - 2mo
2025-12-13 22:12:28,250 - INFO - Successfully saved FDS data (44 rows)
2025-12-13 22:12:28,252 - INFO - Processing 184/503 : FDX - FedEx - 2mo
2025-12-13 22:12:28,784 - INFO - Successfully saved FDX data (44 rows)
2025-12-13 22:12:28,785 - INFO - Processing 185/503 : FE - FirstEnergy - 2mo
2025-12-13 22:12:29,481 - INFO - Successfully saved FE data (44 rows)
2025-12-13 22:12:29,481 - INFO - Processing 186/503 : FFIV - F5, Inc. - 2mo
2025-12-13 22:12:29,902 - INFO - Successfully saved FFIV data (44 rows)
2025-12-13 22:12:29,903 - INFO - Processing 187/503 : FI - Fiserv - 2mo
2025-12-13 22:12:30,223 - INFO - Successfully saved FI data (44 rows)
2025-12-13 22:12:30,224 - INFO - Processing 188/503 : FICO - Fair Isaac - 2mo
2025-12-13 22:12:30,579 - INFO - Successfully saved FICO data (44 rows)
2025-12-13 22:12:30,580 - INFO - Processing 189/503 : FIS - Fidelity National Information Services - 2mo
2025-12-13 22:12:31,020 - INFO - Successfully saved FIS data (44 rows)
2025-12-13 22:12:31,020 - INFO - Processing 190/503 : FITB - Fifth Third Bancorp - 2mo
2025-12-13 22:12:31,472 - INFO - Successfully saved FITB data (44 rows)
2025-12-13 22:12:31,473 - INFO - Processing 191/503 : FOX - Fox Corporation (Class B) - 2mo
2025-12-13 22:12:31,821 - INFO - Successfully saved FOX data (44 rows)
2025-12-13 22:12:31,822 - INFO - Processing 192/503 : FOXA - Fox Corporation (Class A) - 2mo
2025-12-13 22:12:32,231 - INFO - Successfully saved FOXA data (44 rows)
2025-12-13 22:12:32,232 - INFO - Processing 193/503 : FRT - Federal Realty Investment Trust - 2mo
2025-12-13 22:12:32,681 - INFO - Successfully saved FRT data (44 rows)
2025-12-13 22:12:32,682 - INFO - Processing 194/503 : FSLR - First Solar - 2mo
2025-12-13 22:12:33,101 - INFO - Successfully saved FSLR data (44 rows)
2025-12-13 22:12:33,102 - INFO - Processing 195/503 : FTNT - Fortinet - 2mo
2025-12-13 22:12:33,401 - INFO - Successfully saved FTNT data (44 rows)
2025-12-13 22:12:33,403 - INFO - Processing 196/503 : FTV - Fortive - 2mo
2025-12-13 22:12:33,727 - INFO - Successfully saved FTV data (44 rows)
2025-12-13 22:12:33,728 - INFO - Processing 197/503 : GD - General Dynamics - 2mo
2025-12-13 22:12:34,193 - INFO - Successfully saved GD data (44 rows)
2025-12-13 22:12:34,194 - INFO - Processing 198/503 : GDDY - GoDaddy - 2mo
2025-12-13 22:12:34,517 - INFO - Successfully saved GDDY data (44 rows)
2025-12-13 22:12:34,518 - INFO - Processing 199/503 : GE - GE Aerospace - 2mo
2025-12-13 22:12:34,945 - INFO - Successfully saved GE data (44 rows)
2025-12-13 22:12:34,946 - INFO - Processing 200/503 : GEHC - GE HealthCare - 2mo
2025-12-13 22:12:35,250 - INFO - Successfully saved GEHC data (44 rows)
2025-12-13 22:12:35,251 - INFO - Processing 201/503 : GEN - Gen Digital - 2mo
2025-12-13 22:12:35,608 - INFO - Successfully saved GEN data (44 rows)
2025-12-13 22:12:35,609 - INFO - Processing 202/503 : GEV - GE Vernova - 2mo
2025-12-13 22:12:35,965 - INFO - Successfully saved GEV data (44 rows)
2025-12-13 22:12:35,966 - INFO - Processing 203/503 : GILD - Gilead Sciences - 2mo
2025-12-13 22:12:36,304 - INFO - Successfully saved GILD data (44 rows)
2025-12-13 22:12:36,305 - INFO - Processing 204/503 : GIS - General Mills - 2mo
2025-12-13 22:12:36,790 - INFO - Successfully saved GIS data (44 rows)
2025-12-13 22:12:36,791 - INFO - Processing 205/503 : GL - Globe Life - 2mo
2025-12-13 22:12:37,154 - INFO - Successfully saved GL data (44 rows)
2025-12-13 22:12:37,155 - INFO - Processing 206/503 : GLW - Corning Inc. - 2mo
2025-12-13 22:12:37,838 - INFO - Successfully saved GLW data (44 rows)
2025-12-13 22:12:37,839 - INFO - Processing 207/503 : GM - General Motors - 2mo
2025-12-13 22:12:38,186 - INFO - Successfully saved GM data (44 rows)
2025-12-13 22:12:38,187 - INFO - Processing 208/503 : GNRC - Generac - 2mo
2025-12-13 22:12:38,565 - INFO - Successfully saved GNRC data (44 rows)
2025-12-13 22:12:38,566 - INFO - Processing 209/503 : GOOG - Alphabet Inc. (Class C) - 2mo
2025-12-13 22:12:38,882 - INFO - Successfully saved GOOG data (44 rows)
2025-12-13 22:12:38,883 - INFO - Processing 210/503 : GOOGL - Alphabet Inc. (Class A) - 2mo
2025-12-13 22:12:39,291 - INFO - Successfully saved GOOGL data (44 rows)
2025-12-13 22:12:39,292 - INFO - Processing 211/503 : GPC - Genuine Parts Company - 2mo
2025-12-13 22:12:39,680 - INFO - Successfully saved GPC data (44 rows)
2025-12-13 22:12:39,681 - INFO - Processing 212/503 : GPN - Global Payments - 2mo
2025-12-13 22:12:40,032 - INFO - Successfully saved GPN data (44 rows)
2025-12-13 22:12:40,033 - INFO - Processing 213/503 : GRMN - Garmin - 2mo
2025-12-13 22:12:40,364 - INFO - Successfully saved GRMN data (44 rows)
2025-12-13 22:12:40,365 - INFO - Processing 214/503 : GS - Goldman Sachs - 2mo
2025-12-13 22:12:40,722 - INFO - Successfully saved GS data (44 rows)
2025-12-13 22:12:40,723 - INFO - Processing 215/503 : GWW - W. W. Grainger - 2mo
2025-12-13 22:12:41,085 - INFO - Successfully saved GWW data (44 rows)
2025-12-13 22:12:41,086 - INFO - Processing 216/503 : HAL - Halliburton - 2mo
2025-12-13 22:12:41,469 - INFO - Successfully saved HAL data (44 rows)
2025-12-13 22:12:41,471 - INFO - Processing 217/503 : HAS - Hasbro - 2mo
2025-12-13 22:12:41,863 - INFO - Successfully saved HAS data (44 rows)
2025-12-13 22:12:41,863 - INFO - Processing 218/503 : HBAN - Huntington Bancshares - 2mo
2025-12-13 22:12:42,224 - INFO - Successfully saved HBAN data (44 rows)
2025-12-13 22:12:42,225 - INFO - Processing 219/503 : HCA - HCA Healthcare - 2mo
2025-12-13 22:12:42,609 - INFO - Successfully saved HCA data (44 rows)
2025-12-13 22:12:42,610 - INFO - Processing 220/503 : HD - Home Depot (The) - 2mo
2025-12-13 22:12:42,974 - INFO - Successfully saved HD data (44 rows)
2025-12-13 22:12:42,975 - INFO - Processing 221/503 : HIG - Hartford (The) - 2mo
2025-12-13 22:12:43,330 - INFO - Successfully saved HIG data (44 rows)
2025-12-13 22:12:43,331 - INFO - Processing 222/503 : HII - Huntington Ingalls Industries - 2mo
2025-12-13 22:12:43,680 - INFO - Successfully saved HII data (44 rows)
2025-12-13 22:12:43,681 - INFO - Processing 223/503 : HLT - Hilton Worldwide - 2mo
2025-12-13 22:12:44,032 - INFO - Successfully saved HLT data (44 rows)
2025-12-13 22:12:44,033 - INFO - Processing 224/503 : HOLX - Hologic - 2mo
2025-12-13 22:12:44,353 - INFO - Successfully saved HOLX data (44 rows)
2025-12-13 22:12:44,354 - INFO - Processing 225/503 : HON - Honeywell - 2mo
2025-12-13 22:12:44,760 - INFO - Successfully saved HON data (44 rows)
2025-12-13 22:12:44,761 - INFO - Processing 226/503 : HPE - Hewlett Packard Enterprise - 2mo
2025-12-13 22:12:45,495 - INFO - Successfully saved HPE data (44 rows)
2025-12-13 22:12:45,496 - INFO - Processing 227/503 : HPQ - HP Inc. - 2mo
2025-12-13 22:12:45,850 - INFO - Successfully saved HPQ data (44 rows)
2025-12-13 22:12:45,851 - INFO - Processing 228/503 : HRL - Hormel Foods - 2mo
2025-12-13 22:12:46,284 - INFO - Successfully saved HRL data (44 rows)
2025-12-13 22:12:46,285 - INFO - Processing 229/503 : HSIC - Henry Schein - 2mo
2025-12-13 22:12:46,614 - INFO - Successfully saved HSIC data (44 rows)
2025-12-13 22:12:46,615 - INFO - Processing 230/503 : HST - Host Hotels & Resorts - 2mo
2025-12-13 22:12:47,055 - INFO - Successfully saved HST data (44 rows)
2025-12-13 22:12:47,057 - INFO - Processing 231/503 : HSY - Hershey Company (The) - 2mo
2025-12-13 22:12:47,821 - INFO - Successfully saved HSY data (44 rows)
2025-12-13 22:12:47,822 - INFO - Processing 232/503 : HUBB - Hubbell Incorporated - 2mo
2025-12-13 22:12:48,345 - INFO - Successfully saved HUBB data (44 rows)
2025-12-13 22:12:48,345 - INFO - Processing 233/503 : HUM - Humana - 2mo
2025-12-13 22:12:48,740 - INFO - Successfully saved HUM data (44 rows)
2025-12-13 22:12:48,741 - INFO - Processing 234/503 : HWM - Howmet Aerospace - 2mo
2025-12-13 22:12:49,083 - INFO - Successfully saved HWM data (44 rows)
2025-12-13 22:12:49,084 - INFO - Processing 235/503 : IBM - IBM - 2mo
2025-12-13 22:12:49,485 - INFO - Successfully saved IBM data (44 rows)
2025-12-13 22:12:49,486 - INFO - Processing 236/503 : ICE - Intercontinental Exchange - 2mo
2025-12-13 22:12:49,810 - INFO - Successfully saved ICE data (44 rows)
2025-12-13 22:12:49,811 - INFO - Processing 237/503 : IDXX - Idexx Laboratories - 2mo
2025-12-13 22:12:50,305 - INFO - Successfully saved IDXX data (44 rows)
2025-12-13 22:12:50,306 - INFO - Processing 238/503 : IEX - IDEX Corporation - 2mo
2025-12-13 22:12:50,665 - INFO - Successfully saved IEX data (44 rows)
2025-12-13 22:12:50,667 - INFO - Processing 239/503 : IFF - International Flavors & Fragrances - 2mo
2025-12-13 22:12:51,031 - INFO - Successfully saved IFF data (44 rows)
2025-12-13 22:12:51,032 - INFO - Processing 240/503 : INCY - Incyte - 2mo
2025-12-13 22:12:51,340 - INFO - Successfully saved INCY data (44 rows)
2025-12-13 22:12:51,341 - INFO - Processing 241/503 : INTC - Intel - 2mo
2025-12-13 22:12:51,803 - INFO - Successfully saved INTC data (44 rows)
2025-12-13 22:12:51,804 - INFO - Processing 242/503 : INTU - Intuit - 2mo
2025-12-13 22:12:52,639 - INFO - Successfully saved INTU data (44 rows)
2025-12-13 22:12:52,639 - INFO - Processing 243/503 : INVH - Invitation Homes - 2mo
2025-12-13 22:12:52,971 - INFO - Successfully saved INVH data (44 rows)
2025-12-13 22:12:52,972 - INFO - Processing 244/503 : IP - International Paper - 2mo
2025-12-13 22:12:53,358 - INFO - Successfully saved IP data (44 rows)
2025-12-13 22:12:53,359 - INFO - Processing 245/503 : IPG - Interpublic Group of Companies (The) - 2mo
2025-12-13 22:12:53,746 - INFO - Successfully saved IPG data (33 rows)
2025-12-13 22:12:53,747 - INFO - Processing 246/503 : IQV - IQVIA - 2mo
2025-12-13 22:12:54,232 - INFO - Successfully saved IQV data (44 rows)
2025-12-13 22:12:54,234 - INFO - Processing 247/503 : IR - Ingersoll Rand - 2mo
2025-12-13 22:12:54,567 - INFO - Successfully saved IR data (44 rows)
2025-12-13 22:12:54,568 - INFO - Processing 248/503 : IRM - Iron Mountain - 2mo
2025-12-13 22:12:54,879 - INFO - Successfully saved IRM data (44 rows)
2025-12-13 22:12:54,880 - INFO - Processing 249/503 : ISRG - Intuitive Surgical - 2mo
2025-12-13 22:12:55,186 - INFO - Successfully saved ISRG data (44 rows)
2025-12-13 22:12:55,187 - INFO - Processing 250/503 : IT - Gartner - 2mo
2025-12-13 22:12:55,510 - INFO - Successfully saved IT data (44 rows)
2025-12-13 22:12:55,511 - INFO - Processing 251/503 : ITW - Illinois Tool Works - 2mo
2025-12-13 22:12:55,885 - INFO - Successfully saved ITW data (44 rows)
2025-12-13 22:12:55,886 - INFO - Processing 252/503 : IVZ - Invesco - 2mo
2025-12-13 22:12:56,262 - INFO - Successfully saved IVZ data (44 rows)
2025-12-13 22:12:56,263 - INFO - Processing 253/503 : J - Jacobs Solutions - 2mo
2025-12-13 22:12:56,582 - INFO - Successfully saved J data (44 rows)
2025-12-13 22:12:56,584 - INFO - Processing 254/503 : JBHT - J.B. Hunt - 2mo
2025-12-13 22:12:56,965 - INFO - Successfully saved JBHT data (44 rows)
2025-12-13 22:12:56,967 - INFO - Processing 255/503 : JBL - Jabil - 2mo
2025-12-13 22:12:57,289 - INFO - Successfully saved JBL data (44 rows)
2025-12-13 22:12:57,291 - INFO - Processing 256/503 : JCI - Johnson Controls - 2mo
2025-12-13 22:12:58,017 - INFO - Successfully saved JCI data (44 rows)
2025-12-13 22:12:58,018 - INFO - Processing 257/503 : JKHY - Jack Henry & Associates - 2mo
2025-12-13 22:12:58,404 - INFO - Successfully saved JKHY data (44 rows)
2025-12-13 22:12:58,405 - INFO - Processing 258/503 : JNJ - Johnson & Johnson - 2mo
2025-12-13 22:12:58,799 - INFO - Successfully saved JNJ data (44 rows)
2025-12-13 22:12:58,800 - INFO - Processing 259/503 : JPM - JPMorgan Chase - 2mo
2025-12-13 22:12:59,165 - INFO - Successfully saved JPM data (44 rows)
2025-12-13 22:12:59,165 - INFO - Processing 260/503 : K - Kellanova - 2mo
2025-12-13 22:12:59,533 - INFO - Successfully saved K data (42 rows)
2025-12-13 22:12:59,534 - INFO - Processing 261/503 : KDP - Keurig Dr Pepper - 2mo
2025-12-13 22:13:00,448 - INFO - Successfully saved KDP data (44 rows)
2025-12-13 22:13:00,449 - INFO - Processing 262/503 : KEY - KeyCorp - 2mo
2025-12-13 22:13:00,803 - INFO - Successfully saved KEY data (44 rows)
2025-12-13 22:13:00,804 - INFO - Processing 263/503 : KEYS - Keysight Technologies - 2mo
2025-12-13 22:13:01,135 - INFO - Successfully saved KEYS data (44 rows)
2025-12-13 22:13:01,136 - INFO - Processing 264/503 : KHC - Kraft Heinz - 2mo
2025-12-13 22:13:01,458 - INFO - Successfully saved KHC data (44 rows)
2025-12-13 22:13:01,460 - INFO - Processing 265/503 : KIM - Kimco Realty - 2mo
2025-12-13 22:13:02,229 - INFO - Successfully saved KIM data (44 rows)
2025-12-13 22:13:02,230 - INFO - Processing 266/503 : KKR - KKR & Co. - 2mo
2025-12-13 22:13:02,531 - INFO - Successfully saved KKR data (44 rows)
2025-12-13 22:13:02,532 - INFO - Processing 267/503 : KLAC - KLA Corporation - 2mo
2025-12-13 22:13:02,888 - INFO - Successfully saved KLAC data (44 rows)
2025-12-13 22:13:02,890 - INFO - Processing 268/503 : KMB - Kimberly-Clark - 2mo
2025-12-13 22:13:03,262 - INFO - Successfully saved KMB data (44 rows)
2025-12-13 22:13:03,263 - INFO - Processing 269/503 : KMI - Kinder Morgan - 2mo
2025-12-13 22:13:03,718 - INFO - Successfully saved KMI data (44 rows)
2025-12-13 22:13:03,720 - INFO - Processing 270/503 : KMX - CarMax - 2mo
2025-12-13 22:13:04,389 - INFO - Successfully saved KMX data (44 rows)
2025-12-13 22:13:04,390 - INFO - Processing 271/503 : KO - Coca-Cola Company (The) - 2mo
2025-12-13 22:13:04,821 - INFO - Successfully saved KO data (44 rows)
2025-12-13 22:13:04,822 - INFO - Processing 272/503 : KR - Kroger - 2mo
2025-12-13 22:13:05,240 - INFO - Successfully saved KR data (44 rows)
2025-12-13 22:13:05,241 - INFO - Processing 273/503 : KVUE - Kenvue - 2mo
2025-12-13 22:13:05,562 - INFO - Successfully saved KVUE data (44 rows)
2025-12-13 22:13:05,563 - INFO - Processing 274/503 : L - Loews Corporation - 2mo
2025-12-13 22:13:05,921 - INFO - Successfully saved L data (44 rows)
2025-12-13 22:13:05,922 - INFO - Processing 275/503 : LDOS - Leidos - 2mo
2025-12-13 22:13:06,267 - INFO - Successfully saved LDOS data (44 rows)
2025-12-13 22:13:06,268 - INFO - Processing 276/503 : LEN - Lennar - 2mo
2025-12-13 22:13:06,688 - INFO - Successfully saved LEN data (44 rows)
2025-12-13 22:13:06,689 - INFO - Processing 277/503 : LH - Labcorp - 2mo
2025-12-13 22:13:07,061 - INFO - Successfully saved LH data (44 rows)
2025-12-13 22:13:07,062 - INFO - Processing 278/503 : LHX - L3Harris - 2mo
2025-12-13 22:13:07,420 - INFO - Successfully saved LHX data (44 rows)
2025-12-13 22:13:07,420 - INFO - Processing 279/503 : LII - Lennox International - 2mo
2025-12-13 22:13:07,779 - INFO - Successfully saved LII data (44 rows)
2025-12-13 22:13:07,780 - INFO - Processing 280/503 : LIN - Linde plc - 2mo
2025-12-13 22:13:08,146 - INFO - Successfully saved LIN data (44 rows)
2025-12-13 22:13:08,147 - INFO - Processing 281/503 : LKQ - LKQ Corporation - 2mo
2025-12-13 22:13:08,471 - INFO - Successfully saved LKQ data (44 rows)
2025-12-13 22:13:08,471 - INFO - Processing 282/503 : LLY - Lilly (Eli) - 2mo
2025-12-13 22:13:08,918 - INFO - Successfully saved LLY data (44 rows)
2025-12-13 22:13:08,918 - INFO - Processing 283/503 : LMT - Lockheed Martin - 2mo
2025-12-13 22:13:09,318 - INFO - Successfully saved LMT data (44 rows)
2025-12-13 22:13:09,319 - INFO - Processing 284/503 : LNT - Alliant Energy - 2mo
2025-12-13 22:13:09,749 - INFO - Successfully saved LNT data (44 rows)
2025-12-13 22:13:09,750 - INFO - Processing 285/503 : LOW - Lowe's - 2mo
2025-12-13 22:13:10,116 - INFO - Successfully saved LOW data (44 rows)
2025-12-13 22:13:10,117 - INFO - Processing 286/503 : LRCX - Lam Research - 2mo
2025-12-13 22:13:10,419 - INFO - Successfully saved LRCX data (44 rows)
2025-12-13 22:13:10,421 - INFO - Processing 287/503 : LULU - Lululemon Athletica - 2mo
2025-12-13 22:13:10,738 - INFO - Successfully saved LULU data (44 rows)
2025-12-13 22:13:10,740 - INFO - Processing 288/503 : LUV - Southwest Airlines - 2mo
2025-12-13 22:13:11,212 - INFO - Successfully saved LUV data (44 rows)
2025-12-13 22:13:11,212 - INFO - Processing 289/503 : LVS - Las Vegas Sands - 2mo
2025-12-13 22:13:11,640 - INFO - Successfully saved LVS data (44 rows)
2025-12-13 22:13:11,641 - INFO - Processing 290/503 : LW - Lamb Weston - 2mo
2025-12-13 22:13:11,972 - INFO - Successfully saved LW data (44 rows)
2025-12-13 22:13:11,973 - INFO - Processing 291/503 : LYB - LyondellBasell - 2mo
2025-12-13 22:13:12,299 - INFO - Successfully saved LYB data (44 rows)
2025-12-13 22:13:12,300 - INFO - Processing 292/503 : LYV - Live Nation Entertainment - 2mo
2025-12-13 22:13:12,611 - INFO - Successfully saved LYV data (44 rows)
2025-12-13 22:13:12,612 - INFO - Processing 293/503 : MA - Mastercard - 2mo
2025-12-13 22:13:13,347 - INFO - Successfully saved MA data (44 rows)
2025-12-13 22:13:13,348 - INFO - Processing 294/503 : MAA - Mid-America Apartment Communities - 2mo
2025-12-13 22:13:13,714 - INFO - Successfully saved MAA data (44 rows)
2025-12-13 22:13:13,715 - INFO - Processing 295/503 : MAR - Marriott International - 2mo
2025-12-13 22:13:14,099 - INFO - Successfully saved MAR data (44 rows)
2025-12-13 22:13:14,101 - INFO - Processing 296/503 : MAS - Masco - 2mo
2025-12-13 22:13:14,463 - INFO - Successfully saved MAS data (44 rows)
2025-12-13 22:13:14,464 - INFO - Processing 297/503 : MCD - McDonald's - 2mo
2025-12-13 22:13:15,365 - INFO - Successfully saved MCD data (44 rows)
2025-12-13 22:13:15,367 - INFO - Processing 298/503 : MCHP - Microchip Technology - 2mo
2025-12-13 22:13:15,714 - INFO - Successfully saved MCHP data (44 rows)
2025-12-13 22:13:15,715 - INFO - Processing 299/503 : MCK - McKesson Corporation - 2mo
2025-12-13 22:13:16,100 - INFO - Successfully saved MCK data (44 rows)
2025-12-13 22:13:16,101 - INFO - Processing 300/503 : MCO - Moody's Corporation - 2mo
2025-12-13 22:13:16,621 - INFO - Successfully saved MCO data (44 rows)
2025-12-13 22:13:16,622 - INFO - Processing 301/503 : MDLZ - Mondelez International - 2mo
2025-12-13 22:13:17,045 - INFO - Successfully saved MDLZ data (44 rows)
2025-12-13 22:13:17,046 - INFO - Processing 302/503 : MDT - Medtronic - 2mo
2025-12-13 22:13:17,421 - INFO - Successfully saved MDT data (44 rows)
2025-12-13 22:13:17,423 - INFO - Processing 303/503 : MET - MetLife - 2mo
2025-12-13 22:13:17,984 - INFO - Successfully saved MET data (44 rows)
2025-12-13 22:13:17,985 - INFO - Processing 304/503 : META - Meta Platforms - 2mo
2025-12-13 22:13:18,294 - INFO - Successfully saved META data (44 rows)
2025-12-13 22:13:18,295 - INFO - Processing 305/503 : MGM - MGM Resorts - 2mo
2025-12-13 22:13:18,643 - INFO - Successfully saved MGM data (44 rows)
2025-12-13 22:13:18,644 - INFO - Processing 306/503 : MHK - Mohawk Industries - 2mo
2025-12-13 22:13:18,963 - INFO - Successfully saved MHK data (44 rows)
2025-12-13 22:13:18,964 - INFO - Processing 307/503 : MKC - McCormick & Company - 2mo
2025-12-13 22:13:19,309 - INFO - Successfully saved MKC data (44 rows)
2025-12-13 22:13:19,310 - INFO - Processing 308/503 : MKTX - MarketAxess - 2mo
2025-12-13 22:13:19,651 - INFO - Successfully saved MKTX data (44 rows)
2025-12-13 22:13:19,652 - INFO - Processing 309/503 : MLM - Martin Marietta Materials - 2mo
2025-12-13 22:13:19,997 - INFO - Successfully saved MLM data (44 rows)
2025-12-13 22:13:19,998 - INFO - Processing 310/503 : MMC - Marsh McLennan - 2mo
2025-12-13 22:13:20,447 - INFO - Successfully saved MMC data (44 rows)
2025-12-13 22:13:20,448 - INFO - Processing 311/503 : MMM - 3M - 2mo
2025-12-13 22:13:20,855 - INFO - Successfully saved MMM data (44 rows)
2025-12-13 22:13:20,856 - INFO - Processing 312/503 : MNST - Monster Beverage - 2mo
2025-12-13 22:13:21,802 - INFO - Successfully saved MNST data (44 rows)
2025-12-13 22:13:21,803 - INFO - Processing 313/503 : MO - Altria - 2mo
2025-12-13 22:13:22,210 - INFO - Successfully saved MO data (44 rows)
2025-12-13 22:13:22,211 - INFO - Processing 314/503 : MOH - Molina Healthcare - 2mo
2025-12-13 22:13:22,671 - INFO - Successfully saved MOH data (44 rows)
2025-12-13 22:13:22,672 - INFO - Processing 315/503 : MOS - Mosaic Company (The) - 2mo
2025-12-13 22:13:23,105 - INFO - Successfully saved MOS data (44 rows)
2025-12-13 22:13:23,106 - INFO - Processing 316/503 : MPC - Marathon Petroleum - 2mo
2025-12-13 22:13:23,407 - INFO - Successfully saved MPC data (44 rows)
2025-12-13 22:13:23,408 - INFO - Processing 317/503 : MPWR - Monolithic Power Systems - 2mo
2025-12-13 22:13:23,731 - INFO - Successfully saved MPWR data (44 rows)
2025-12-13 22:13:23,732 - INFO - Processing 318/503 : MRK - Merck & Co. - 2mo
2025-12-13 22:13:24,322 - INFO - Successfully saved MRK data (44 rows)
2025-12-13 22:13:24,323 - INFO - Processing 319/503 : MRNA - Moderna - 2mo
2025-12-13 22:13:24,840 - INFO - Successfully saved MRNA data (44 rows)
2025-12-13 22:13:24,842 - INFO - Processing 320/503 : MS - Morgan Stanley - 2mo
2025-12-13 22:13:25,214 - INFO - Successfully saved MS data (44 rows)
2025-12-13 22:13:25,215 - INFO - Processing 321/503 : MSCI - MSCI Inc. - 2mo
2025-12-13 22:13:25,554 - INFO - Successfully saved MSCI data (44 rows)
2025-12-13 22:13:25,555 - INFO - Processing 322/503 : MSFT - Microsoft - 2mo
2025-12-13 22:13:25,990 - INFO - Successfully saved MSFT data (44 rows)
2025-12-13 22:13:25,992 - INFO - Processing 323/503 : MSI - Motorola Solutions - 2mo
2025-12-13 22:13:26,446 - INFO - Successfully saved MSI data (44 rows)
2025-12-13 22:13:26,447 - INFO - Processing 324/503 : MTB - M&T Bank - 2mo
2025-12-13 22:13:26,831 - INFO - Successfully saved MTB data (44 rows)
2025-12-13 22:13:26,832 - INFO - Processing 325/503 : MTCH - Match Group - 2mo
2025-12-13 22:13:27,141 - INFO - Successfully saved MTCH data (44 rows)
2025-12-13 22:13:27,142 - INFO - Processing 326/503 : MTD - Mettler Toledo - 2mo
2025-12-13 22:13:27,487 - INFO - Successfully saved MTD data (44 rows)
2025-12-13 22:13:27,488 - INFO - Processing 327/503 : MU - Micron Technology - 2mo
2025-12-13 22:13:27,845 - INFO - Successfully saved MU data (44 rows)
2025-12-13 22:13:27,846 - INFO - Processing 328/503 : NCLH - Norwegian Cruise Line Holdings - 2mo
2025-12-13 22:13:28,155 - INFO - Successfully saved NCLH data (44 rows)
2025-12-13 22:13:28,156 - INFO - Processing 329/503 : NDAQ - Nasdaq, Inc. - 2mo
2025-12-13 22:13:28,498 - INFO - Successfully saved NDAQ data (44 rows)
2025-12-13 22:13:28,499 - INFO - Processing 330/503 : NDSN - Nordson Corporation - 2mo
2025-12-13 22:13:28,877 - INFO - Successfully saved NDSN data (44 rows)
2025-12-13 22:13:28,878 - INFO - Processing 331/503 : NEE - NextEra Energy - 2mo
2025-12-13 22:13:29,377 - INFO - Successfully saved NEE data (44 rows)
2025-12-13 22:13:29,377 - INFO - Processing 332/503 : NEM - Newmont - 2mo
2025-12-13 22:13:29,735 - INFO - Successfully saved NEM data (44 rows)
2025-12-13 22:13:29,736 - INFO - Processing 333/503 : NFLX - Netflix - 2mo
2025-12-13 22:13:30,025 - INFO - Successfully saved NFLX data (44 rows)
2025-12-13 22:13:30,026 - INFO - Processing 334/503 : NI - NiSource - 2mo
2025-12-13 22:13:30,635 - INFO - Successfully saved NI data (44 rows)
2025-12-13 22:13:30,636 - INFO - Processing 335/503 : NKE - Nike, Inc. - 2mo
2025-12-13 22:13:31,012 - INFO - Successfully saved NKE data (44 rows)
2025-12-13 22:13:31,014 - INFO - Processing 336/503 : NOC - Northrop Grumman - 2mo
2025-12-13 22:13:31,471 - INFO - Successfully saved NOC data (44 rows)
2025-12-13 22:13:31,472 - INFO - Processing 337/503 : NOW - ServiceNow - 2mo
2025-12-13 22:13:31,797 - INFO - Successfully saved NOW data (44 rows)
2025-12-13 22:13:31,798 - INFO - Processing 338/503 : NRG - NRG Energy - 2mo
2025-12-13 22:13:32,146 - INFO - Successfully saved NRG data (44 rows)
2025-12-13 22:13:32,147 - INFO - Processing 339/503 : NSC - Norfolk Southern - 2mo
2025-12-13 22:13:32,594 - INFO - Successfully saved NSC data (44 rows)
2025-12-13 22:13:32,596 - INFO - Processing 340/503 : NTAP - NetApp - 2mo
2025-12-13 22:13:32,932 - INFO - Successfully saved NTAP data (44 rows)
2025-12-13 22:13:32,934 - INFO - Processing 341/503 : NTRS - Northern Trust - 2mo
2025-12-13 22:13:33,379 - INFO - Successfully saved NTRS data (44 rows)
2025-12-13 22:13:33,380 - INFO - Processing 342/503 : NUE - Nucor - 2mo
2025-12-13 22:13:33,908 - INFO - Successfully saved NUE data (44 rows)
2025-12-13 22:13:33,909 - INFO - Processing 343/503 : NVDA - Nvidia - 2mo
2025-12-13 22:13:34,316 - INFO - Successfully saved NVDA data (44 rows)
2025-12-13 22:13:34,317 - INFO - Processing 344/503 : NVR - NVR, Inc. - 2mo
2025-12-13 22:13:34,668 - INFO - Successfully saved NVR data (44 rows)
2025-12-13 22:13:34,669 - INFO - Processing 345/503 : NWS - News Corp (Class B) - 2mo
2025-12-13 22:13:35,347 - INFO - Successfully saved NWS data (44 rows)
2025-12-13 22:13:35,348 - INFO - Processing 346/503 : NWSA - News Corp (Class A) - 2mo
2025-12-13 22:13:35,678 - INFO - Successfully saved NWSA data (44 rows)
2025-12-13 22:13:35,679 - INFO - Processing 347/503 : NXPI - NXP Semiconductors - 2mo
2025-12-13 22:13:36,127 - INFO - Successfully saved NXPI data (44 rows)
2025-12-13 22:13:36,127 - INFO - Processing 348/503 : O - Realty Income - 2mo
2025-12-13 22:13:36,501 - INFO - Successfully saved O data (44 rows)
2025-12-13 22:13:36,502 - INFO - Processing 349/503 : ODFL - Old Dominion - 2mo
2025-12-13 22:13:36,799 - INFO - Successfully saved ODFL data (44 rows)
2025-12-13 22:13:36,800 - INFO - Processing 350/503 : OKE - Oneok - 2mo
2025-12-13 22:13:37,224 - INFO - Successfully saved OKE data (44 rows)
2025-12-13 22:13:37,225 - INFO - Processing 351/503 : OMC - Omnicom Group - 2mo
2025-12-13 22:13:37,579 - INFO - Successfully saved OMC data (44 rows)
2025-12-13 22:13:37,580 - INFO - Processing 352/503 : ON - ON Semiconductor - 2mo
2025-12-13 22:13:37,946 - INFO - Successfully saved ON data (44 rows)
2025-12-13 22:13:37,947 - INFO - Processing 353/503 : ORCL - Oracle Corporation - 2mo
2025-12-13 22:13:38,274 - INFO - Successfully saved ORCL data (44 rows)
2025-12-13 22:13:38,275 - INFO - Processing 354/503 : ORLY - OÅfReilly Automotive - 2mo
2025-12-13 22:13:38,615 - INFO - Successfully saved ORLY data (44 rows)
2025-12-13 22:13:38,616 - INFO - Processing 355/503 : OTIS - Otis Worldwide - 2mo
2025-12-13 22:13:39,359 - INFO - Successfully saved OTIS data (44 rows)
2025-12-13 22:13:39,360 - INFO - Processing 356/503 : OXY - Occidental Petroleum - 2mo
2025-12-13 22:13:39,739 - INFO - Successfully saved OXY data (44 rows)
2025-12-13 22:13:39,740 - INFO - Processing 357/503 : PANW - Palo Alto Networks - 2mo
2025-12-13 22:13:40,047 - INFO - Successfully saved PANW data (44 rows)
2025-12-13 22:13:40,048 - INFO - Processing 358/503 : PAYC - Paycom - 2mo
2025-12-13 22:13:40,359 - INFO - Successfully saved PAYC data (44 rows)
2025-12-13 22:13:40,360 - INFO - Processing 359/503 : PAYX - Paychex - 2mo
2025-12-13 22:13:40,738 - INFO - Successfully saved PAYX data (44 rows)
2025-12-13 22:13:40,739 - INFO - Processing 360/503 : PCAR - Paccar - 2mo
2025-12-13 22:13:41,098 - INFO - Successfully saved PCAR data (44 rows)
2025-12-13 22:13:41,099 - INFO - Processing 361/503 : PCG - PG&E Corporation - 2mo
2025-12-13 22:13:41,479 - INFO - Successfully saved PCG data (44 rows)
2025-12-13 22:13:41,479 - INFO - Processing 362/503 : PEG - Public Service Enterprise Group - 2mo
2025-12-13 22:13:41,847 - INFO - Successfully saved PEG data (44 rows)
2025-12-13 22:13:41,848 - INFO - Processing 363/503 : PEP - PepsiCo - 2mo
2025-12-13 22:13:42,265 - INFO - Successfully saved PEP data (44 rows)
2025-12-13 22:13:42,266 - INFO - Processing 364/503 : PFE - Pfizer - 2mo
2025-12-13 22:13:43,041 - INFO - Successfully saved PFE data (44 rows)
2025-12-13 22:13:43,042 - INFO - Processing 365/503 : PFG - Principal Financial Group - 2mo
2025-12-13 22:13:43,482 - INFO - Successfully saved PFG data (44 rows)
2025-12-13 22:13:43,483 - INFO - Processing 366/503 : PG - Procter & Gamble - 2mo
2025-12-13 22:13:43,968 - INFO - Successfully saved PG data (44 rows)
2025-12-13 22:13:43,969 - INFO - Processing 367/503 : PGR - Progressive Corporation - 2mo
2025-12-13 22:13:44,347 - INFO - Successfully saved PGR data (44 rows)
2025-12-13 22:13:44,348 - INFO - Processing 368/503 : PH - Parker Hannifin - 2mo
2025-12-13 22:13:44,807 - INFO - Successfully saved PH data (44 rows)
2025-12-13 22:13:44,808 - INFO - Processing 369/503 : PHM - PulteGroup - 2mo
2025-12-13 22:13:45,304 - INFO - Successfully saved PHM data (44 rows)
2025-12-13 22:13:45,305 - INFO - Processing 370/503 : PKG - Packaging Corporation of America - 2mo
2025-12-13 22:13:45,677 - INFO - Successfully saved PKG data (44 rows)
2025-12-13 22:13:45,678 - INFO - Processing 371/503 : PLD - Prologis - 2mo
2025-12-13 22:13:46,020 - INFO - Successfully saved PLD data (44 rows)
2025-12-13 22:13:46,021 - INFO - Processing 372/503 : PLTR - Palantir Technologies - 2mo
2025-12-13 22:13:46,333 - INFO - Successfully saved PLTR data (44 rows)
2025-12-13 22:13:46,334 - INFO - Processing 373/503 : PM - Philip Morris International - 2mo
2025-12-13 22:13:46,674 - INFO - Successfully saved PM data (44 rows)
2025-12-13 22:13:46,674 - INFO - Processing 374/503 : PNC - PNC Financial Services - 2mo
2025-12-13 22:13:47,031 - INFO - Successfully saved PNC data (44 rows)
2025-12-13 22:13:47,032 - INFO - Processing 375/503 : PNR - Pentair - 2mo
2025-12-13 22:13:47,411 - INFO - Successfully saved PNR data (44 rows)
2025-12-13 22:13:47,411 - INFO - Processing 376/503 : PNW - Pinnacle West Capital - 2mo
2025-12-13 22:13:47,782 - INFO - Successfully saved PNW data (44 rows)
2025-12-13 22:13:47,783 - INFO - Processing 377/503 : PODD - Insulet Corporation - 2mo
2025-12-13 22:13:48,113 - INFO - Successfully saved PODD data (44 rows)
2025-12-13 22:13:48,114 - INFO - Processing 378/503 : POOL - Pool Corporation - 2mo
2025-12-13 22:13:49,038 - INFO - Successfully saved POOL data (44 rows)
2025-12-13 22:13:49,039 - INFO - Processing 379/503 : PPG - PPG Industries - 2mo
2025-12-13 22:13:49,393 - INFO - Successfully saved PPG data (44 rows)
2025-12-13 22:13:49,394 - INFO - Processing 380/503 : PPL - PPL Corporation - 2mo
2025-12-13 22:13:49,761 - INFO - Successfully saved PPL data (44 rows)
2025-12-13 22:13:49,763 - INFO - Processing 381/503 : PRU - Prudential Financial - 2mo
2025-12-13 22:13:50,068 - INFO - Successfully saved PRU data (44 rows)
2025-12-13 22:13:50,069 - INFO - Processing 382/503 : PSA - Public Storage - 2mo
2025-12-13 22:13:50,496 - INFO - Successfully saved PSA data (44 rows)
2025-12-13 22:13:50,498 - INFO - Processing 383/503 : PSKY - Paramount Skydance Corporation - 2mo
2025-12-13 22:13:50,857 - INFO - Successfully saved PSKY data (44 rows)
2025-12-13 22:13:50,858 - INFO - Processing 384/503 : PSX - Phillips 66 - 2mo
2025-12-13 22:13:51,179 - INFO - Successfully saved PSX data (44 rows)
2025-12-13 22:13:51,180 - INFO - Processing 385/503 : PTC - PTC Inc. - 2mo
2025-12-13 22:13:51,569 - INFO - Successfully saved PTC data (44 rows)
2025-12-13 22:13:51,570 - INFO - Processing 386/503 : PWR - Quanta Services - 2mo
2025-12-13 22:13:51,885 - INFO - Successfully saved PWR data (44 rows)
2025-12-13 22:13:51,886 - INFO - Processing 387/503 : PYPL - PayPal - 2mo
2025-12-13 22:13:52,198 - INFO - Successfully saved PYPL data (44 rows)
2025-12-13 22:13:52,199 - INFO - Processing 388/503 : QCOM - Qualcomm - 2mo
2025-12-13 22:13:52,555 - INFO - Successfully saved QCOM data (44 rows)
2025-12-13 22:13:52,555 - INFO - Processing 389/503 : RCL - Royal Caribbean Group - 2mo
2025-12-13 22:13:52,902 - INFO - Successfully saved RCL data (44 rows)
2025-12-13 22:13:52,903 - INFO - Processing 390/503 : REG - Regency Centers - 2mo
2025-12-13 22:13:53,446 - INFO - Successfully saved REG data (44 rows)
2025-12-13 22:13:53,447 - INFO - Processing 391/503 : REGN - Regeneron Pharmaceuticals - 2mo
2025-12-13 22:13:53,749 - INFO - Successfully saved REGN data (44 rows)
2025-12-13 22:13:53,750 - INFO - Processing 392/503 : RF - Regions Financial Corporation - 2mo
2025-12-13 22:13:54,111 - INFO - Successfully saved RF data (44 rows)
2025-12-13 22:13:54,112 - INFO - Processing 393/503 : RJF - Raymond James Financial - 2mo
2025-12-13 22:13:54,503 - INFO - Successfully saved RJF data (44 rows)
2025-12-13 22:13:54,504 - INFO - Processing 394/503 : RL - Ralph Lauren Corporation - 2mo
2025-12-13 22:13:54,826 - INFO - Successfully saved RL data (44 rows)
2025-12-13 22:13:54,827 - INFO - Processing 395/503 : RMD - ResMed - 2mo
2025-12-13 22:13:55,140 - INFO - Successfully saved RMD data (44 rows)
2025-12-13 22:13:55,141 - INFO - Processing 396/503 : ROK - Rockwell Automation - 2mo
2025-12-13 22:13:55,492 - INFO - Successfully saved ROK data (44 rows)
2025-12-13 22:13:55,493 - INFO - Processing 397/503 : ROL - Rollins, Inc. - 2mo
2025-12-13 22:13:55,827 - INFO - Successfully saved ROL data (44 rows)
2025-12-13 22:13:55,828 - INFO - Processing 398/503 : ROP - Roper Technologies - 2mo
2025-12-13 22:13:56,367 - INFO - Successfully saved ROP data (44 rows)
2025-12-13 22:13:56,368 - INFO - Processing 399/503 : ROST - Ross Stores - 2mo
2025-12-13 22:13:56,709 - INFO - Successfully saved ROST data (44 rows)
2025-12-13 22:13:56,710 - INFO - Processing 400/503 : RSG - Republic Services - 2mo
2025-12-13 22:13:57,052 - INFO - Successfully saved RSG data (44 rows)
2025-12-13 22:13:57,053 - INFO - Processing 401/503 : RTX - RTX Corporation - 2mo
2025-12-13 22:13:57,541 - INFO - Successfully saved RTX data (44 rows)
2025-12-13 22:13:57,542 - INFO - Processing 402/503 : RVTY - Revvity - 2mo
2025-12-13 22:13:58,122 - INFO - Successfully saved RVTY data (44 rows)
2025-12-13 22:13:58,123 - INFO - Processing 403/503 : SBAC - SBA Communications - 2mo
2025-12-13 22:13:58,460 - INFO - Successfully saved SBAC data (44 rows)
2025-12-13 22:13:58,461 - INFO - Processing 404/503 : SBUX - Starbucks - 2mo
2025-12-13 22:13:59,190 - INFO - Successfully saved SBUX data (44 rows)
2025-12-13 22:13:59,190 - INFO - Processing 405/503 : SCHW - Charles Schwab Corporation - 2mo
2025-12-13 22:13:59,556 - INFO - Successfully saved SCHW data (44 rows)
2025-12-13 22:13:59,557 - INFO - Processing 406/503 : SHW - Sherwin-Williams - 2mo
2025-12-13 22:13:59,952 - INFO - Successfully saved SHW data (44 rows)
2025-12-13 22:13:59,953 - INFO - Processing 407/503 : SJM - J.M. Smucker Company (The) - 2mo
2025-12-13 22:14:00,298 - INFO - Successfully saved SJM data (44 rows)
2025-12-13 22:14:00,299 - INFO - Processing 408/503 : SLB - Schlumberger - 2mo
2025-12-13 22:14:00,671 - INFO - Successfully saved SLB data (44 rows)
2025-12-13 22:14:00,672 - INFO - Processing 409/503 : SMCI - Supermicro - 2mo
2025-12-13 22:14:01,062 - INFO - Successfully saved SMCI data (44 rows)
2025-12-13 22:14:01,062 - INFO - Processing 410/503 : SNA - Snap-on - 2mo
2025-12-13 22:14:01,452 - INFO - Successfully saved SNA data (44 rows)
2025-12-13 22:14:01,453 - INFO - Processing 411/503 : SNPS - Synopsys - 2mo
2025-12-13 22:14:01,786 - INFO - Successfully saved SNPS data (44 rows)
2025-12-13 22:14:01,787 - INFO - Processing 412/503 : SO - Southern Company - 2mo
2025-12-13 22:14:02,162 - INFO - Successfully saved SO data (44 rows)
2025-12-13 22:14:02,163 - INFO - Processing 413/503 : SOLV - Solventum - 2mo
2025-12-13 22:14:02,479 - INFO - Successfully saved SOLV data (44 rows)
2025-12-13 22:14:02,480 - INFO - Processing 414/503 : SPG - Simon Property Group - 2mo
2025-12-13 22:14:02,856 - INFO - Successfully saved SPG data (44 rows)
2025-12-13 22:14:02,857 - INFO - Processing 415/503 : SPGI - S&P Global - 2mo
2025-12-13 22:14:03,207 - INFO - Successfully saved SPGI data (44 rows)
2025-12-13 22:14:03,208 - INFO - Processing 416/503 : SRE - Sempra - 2mo
2025-12-13 22:14:03,573 - INFO - Successfully saved SRE data (44 rows)
2025-12-13 22:14:03,573 - INFO - Processing 417/503 : STE - Steris - 2mo
2025-12-13 22:14:03,917 - INFO - Successfully saved STE data (44 rows)
2025-12-13 22:14:03,918 - INFO - Processing 418/503 : STLD - Steel Dynamics - 2mo
2025-12-13 22:14:04,308 - INFO - Successfully saved STLD data (44 rows)
2025-12-13 22:14:04,310 - INFO - Processing 419/503 : STT - State Street Corporation - 2mo
2025-12-13 22:14:04,690 - INFO - Successfully saved STT data (44 rows)
2025-12-13 22:14:04,690 - INFO - Processing 420/503 : STX - Seagate Technology - 2mo
2025-12-13 22:14:05,058 - INFO - Successfully saved STX data (44 rows)
2025-12-13 22:14:05,060 - INFO - Processing 421/503 : STZ - Constellation Brands - 2mo
2025-12-13 22:14:05,390 - INFO - Successfully saved STZ data (44 rows)
2025-12-13 22:14:05,391 - INFO - Processing 422/503 : SW - Smurfit Westrock - 2mo
2025-12-13 22:14:05,716 - INFO - Successfully saved SW data (44 rows)
2025-12-13 22:14:05,717 - INFO - Processing 423/503 : SWK - Stanley Black & Decker - 2mo
2025-12-13 22:14:06,090 - INFO - Successfully saved SWK data (44 rows)
2025-12-13 22:14:06,091 - INFO - Processing 424/503 : SWKS - Skyworks Solutions - 2mo
2025-12-13 22:14:06,416 - INFO - Successfully saved SWKS data (44 rows)
2025-12-13 22:14:06,417 - INFO - Processing 425/503 : SYF - Synchrony Financial - 2mo
2025-12-13 22:14:06,760 - INFO - Successfully saved SYF data (44 rows)
2025-12-13 22:14:06,762 - INFO - Processing 426/503 : SYK - Stryker Corporation - 2mo
2025-12-13 22:14:07,142 - INFO - Successfully saved SYK data (44 rows)
2025-12-13 22:14:07,143 - INFO - Processing 427/503 : SYY - Sysco - 2mo
2025-12-13 22:14:07,486 - INFO - Successfully saved SYY data (44 rows)
2025-12-13 22:14:07,487 - INFO - Processing 428/503 : T - AT&T - 2mo
2025-12-13 22:14:07,944 - INFO - Successfully saved T data (44 rows)
2025-12-13 22:14:07,945 - INFO - Processing 429/503 : TAP - Molson Coors Beverage Company - 2mo
2025-12-13 22:14:08,332 - INFO - Successfully saved TAP data (44 rows)
2025-12-13 22:14:08,333 - INFO - Processing 430/503 : TDG - TransDigm Group - 2mo
2025-12-13 22:14:08,667 - INFO - Successfully saved TDG data (44 rows)
2025-12-13 22:14:08,667 - INFO - Processing 431/503 : TDY - Teledyne Technologies - 2mo
2025-12-13 22:14:08,967 - INFO - Successfully saved TDY data (44 rows)
2025-12-13 22:14:08,968 - INFO - Processing 432/503 : TECH - Bio-Techne - 2mo
2025-12-13 22:14:09,342 - INFO - Successfully saved TECH data (44 rows)
2025-12-13 22:14:09,343 - INFO - Processing 433/503 : TEL - TE Connectivity - 2mo
2025-12-13 22:14:09,680 - INFO - Successfully saved TEL data (44 rows)
2025-12-13 22:14:09,681 - INFO - Processing 434/503 : TER - Teradyne - 2mo
2025-12-13 22:14:10,014 - INFO - Successfully saved TER data (44 rows)
2025-12-13 22:14:10,015 - INFO - Processing 435/503 : TFC - Truist Financial - 2mo
2025-12-13 22:14:10,392 - INFO - Successfully saved TFC data (44 rows)
2025-12-13 22:14:10,393 - INFO - Processing 436/503 : TGT - Target Corporation - 2mo
2025-12-13 22:14:10,790 - INFO - Successfully saved TGT data (44 rows)
2025-12-13 22:14:10,791 - INFO - Processing 437/503 : TJX - TJX Companies - 2mo
2025-12-13 22:14:11,166 - INFO - Successfully saved TJX data (44 rows)
2025-12-13 22:14:11,167 - INFO - Processing 438/503 : TKO - TKO Group Holdings - 2mo
2025-12-13 22:14:11,850 - INFO - Successfully saved TKO data (44 rows)
2025-12-13 22:14:11,850 - INFO - Processing 439/503 : TMO - Thermo Fisher Scientific - 2mo
2025-12-13 22:14:12,217 - INFO - Successfully saved TMO data (44 rows)
2025-12-13 22:14:12,219 - INFO - Processing 440/503 : TMUS - T-Mobile US - 2mo
2025-12-13 22:14:12,568 - INFO - Successfully saved TMUS data (44 rows)
2025-12-13 22:14:12,569 - INFO - Processing 441/503 : TPL - Texas Pacific Land Corporation - 2mo
2025-12-13 22:14:13,029 - INFO - Successfully saved TPL data (44 rows)
2025-12-13 22:14:13,030 - INFO - Processing 442/503 : TPR - Tapestry, Inc. - 2mo
2025-12-13 22:14:13,352 - INFO - Successfully saved TPR data (44 rows)
2025-12-13 22:14:13,353 - INFO - Processing 443/503 : TRGP - Targa Resources - 2mo
2025-12-13 22:14:13,686 - INFO - Successfully saved TRGP data (44 rows)
2025-12-13 22:14:13,687 - INFO - Processing 444/503 : TRMB - Trimble Inc. - 2mo
2025-12-13 22:14:14,015 - INFO - Successfully saved TRMB data (44 rows)
2025-12-13 22:14:14,016 - INFO - Processing 445/503 : TROW - T. Rowe Price - 2mo
2025-12-13 22:14:14,381 - INFO - Successfully saved TROW data (44 rows)
2025-12-13 22:14:14,382 - INFO - Processing 446/503 : TRV - Travelers Companies (The) - 2mo
2025-12-13 22:14:14,726 - INFO - Successfully saved TRV data (44 rows)
2025-12-13 22:14:14,727 - INFO - Processing 447/503 : TSCO - Tractor Supply - 2mo
2025-12-13 22:14:15,078 - INFO - Successfully saved TSCO data (44 rows)
2025-12-13 22:14:15,079 - INFO - Processing 448/503 : TSLA - Tesla, Inc. - 2mo
2025-12-13 22:14:15,365 - INFO - Successfully saved TSLA data (44 rows)
2025-12-13 22:14:15,366 - INFO - Processing 449/503 : TSN - Tyson Foods - 2mo
2025-12-13 22:14:15,756 - INFO - Successfully saved TSN data (44 rows)
2025-12-13 22:14:15,757 - INFO - Processing 450/503 : TT - Trane Technologies - 2mo
2025-12-13 22:14:16,152 - INFO - Successfully saved TT data (44 rows)
2025-12-13 22:14:16,153 - INFO - Processing 451/503 : TTD - Trade Desk (The) - 2mo
2025-12-13 22:14:16,478 - INFO - Successfully saved TTD data (44 rows)
2025-12-13 22:14:16,479 - INFO - Processing 452/503 : TTWO - Take-Two Interactive - 2mo
2025-12-13 22:14:16,940 - INFO - Successfully saved TTWO data (44 rows)
2025-12-13 22:14:16,941 - INFO - Processing 453/503 : TXN - Texas Instruments - 2mo
2025-12-13 22:14:17,458 - INFO - Successfully saved TXN data (44 rows)
2025-12-13 22:14:17,458 - INFO - Processing 454/503 : TXT - Textron - 2mo
2025-12-13 22:14:17,867 - INFO - Successfully saved TXT data (44 rows)
2025-12-13 22:14:17,868 - INFO - Processing 455/503 : TYL - Tyler Technologies - 2mo
2025-12-13 22:14:18,194 - INFO - Successfully saved TYL data (44 rows)
2025-12-13 22:14:18,195 - INFO - Processing 456/503 : UAL - United Airlines Holdings - 2mo
2025-12-13 22:14:18,679 - INFO - Successfully saved UAL data (44 rows)
2025-12-13 22:14:18,680 - INFO - Processing 457/503 : UBER - Uber - 2mo
2025-12-13 22:14:19,065 - INFO - Successfully saved UBER data (44 rows)
2025-12-13 22:14:19,066 - INFO - Processing 458/503 : UDR - UDR, Inc. - 2mo
2025-12-13 22:14:19,428 - INFO - Successfully saved UDR data (44 rows)
2025-12-13 22:14:19,429 - INFO - Processing 459/503 : UHS - Universal Health Services - 2mo
2025-12-13 22:14:19,781 - INFO - Successfully saved UHS data (44 rows)
2025-12-13 22:14:19,782 - INFO - Processing 460/503 : ULTA - Ulta Beauty - 2mo
2025-12-13 22:14:20,084 - INFO - Successfully saved ULTA data (44 rows)
2025-12-13 22:14:20,085 - INFO - Processing 461/503 : UNH - UnitedHealth Group - 2mo
2025-12-13 22:14:20,453 - INFO - Successfully saved UNH data (44 rows)
2025-12-13 22:14:20,454 - INFO - Processing 462/503 : UNP - Union Pacific Corporation - 2mo
2025-12-13 22:14:20,940 - INFO - Successfully saved UNP data (44 rows)
2025-12-13 22:14:20,941 - INFO - Processing 463/503 : UPS - United Parcel Service - 2mo
2025-12-13 22:14:21,311 - INFO - Successfully saved UPS data (44 rows)
2025-12-13 22:14:21,311 - INFO - Processing 464/503 : URI - United Rentals - 2mo
2025-12-13 22:14:21,648 - INFO - Successfully saved URI data (44 rows)
2025-12-13 22:14:21,649 - INFO - Processing 465/503 : USB - U.S. Bancorp - 2mo
2025-12-13 22:14:22,494 - INFO - Successfully saved USB data (44 rows)
2025-12-13 22:14:22,495 - INFO - Processing 466/503 : V - Visa Inc. - 2mo
2025-12-13 22:14:22,843 - INFO - Successfully saved V data (44 rows)
2025-12-13 22:14:22,844 - INFO - Processing 467/503 : VICI - Vici Properties - 2mo
2025-12-13 22:14:23,157 - INFO - Successfully saved VICI data (44 rows)
2025-12-13 22:14:23,159 - INFO - Processing 468/503 : VLO - Valero Energy - 2mo
2025-12-13 22:14:23,531 - INFO - Successfully saved VLO data (44 rows)
2025-12-13 22:14:23,532 - INFO - Processing 469/503 : VLTO - Veralto - 2mo
2025-12-13 22:14:23,840 - INFO - Successfully saved VLTO data (44 rows)
2025-12-13 22:14:23,841 - INFO - Processing 470/503 : VMC - Vulcan Materials Company - 2mo
2025-12-13 22:14:24,212 - INFO - Successfully saved VMC data (44 rows)
2025-12-13 22:14:24,214 - INFO - Processing 471/503 : VRSK - Verisk Analytics - 2mo
2025-12-13 22:14:24,557 - INFO - Successfully saved VRSK data (44 rows)
2025-12-13 22:14:24,558 - INFO - Processing 472/503 : VRSN - Verisign - 2mo
2025-12-13 22:14:24,895 - INFO - Successfully saved VRSN data (44 rows)
2025-12-13 22:14:24,897 - INFO - Processing 473/503 : VRTX - Vertex Pharmaceuticals - 2mo
2025-12-13 22:14:25,180 - INFO - Successfully saved VRTX data (44 rows)
2025-12-13 22:14:25,180 - INFO - Processing 474/503 : VST - Vistra Corp. - 2mo
2025-12-13 22:14:25,517 - INFO - Successfully saved VST data (44 rows)
2025-12-13 22:14:25,518 - INFO - Processing 475/503 : VTR - Ventas - 2mo
2025-12-13 22:14:25,924 - INFO - Successfully saved VTR data (44 rows)
2025-12-13 22:14:25,925 - INFO - Processing 476/503 : VTRS - Viatris - 2mo
2025-12-13 22:14:26,400 - INFO - Successfully saved VTRS data (44 rows)
2025-12-13 22:14:26,401 - INFO - Processing 477/503 : VZ - Verizon - 2mo
2025-12-13 22:14:26,802 - INFO - Successfully saved VZ data (44 rows)
2025-12-13 22:14:26,804 - INFO - Processing 478/503 : WAB - Wabtec - 2mo
2025-12-13 22:14:27,258 - INFO - Successfully saved WAB data (44 rows)
2025-12-13 22:14:27,260 - INFO - Processing 479/503 : WAT - Waters Corporation - 2mo
2025-12-13 22:14:27,597 - INFO - Successfully saved WAT data (44 rows)
2025-12-13 22:14:27,598 - INFO - Processing 480/503 : WBA - Walgreens Boots Alliance - 2mo
2025-12-13 22:14:29,062 - ERROR - HTTP Error 404: {"quoteSummary":{"result":null,"error":{"code":"Not Found","description":"Quote not found for symbol: WBA"}}}
2025-12-13 22:14:29,889 - ERROR - 
1 Failed download:
2025-12-13 22:14:29,890 - ERROR - ['WBA']: YFPricesMissingError('possibly delisted; no price data found  (period=2mo) (Yahoo error = "No data found, symbol may be delisted")')
2025-12-13 22:14:29,892 - ERROR - No data returned for WBA
2025-12-13 22:14:29,893 - INFO - Processing 481/503 : WBD - Warner Bros. Discovery - 2mo
2025-12-13 22:14:30,211 - INFO - Successfully saved WBD data (44 rows)
2025-12-13 22:14:30,212 - INFO - Processing 482/503 : WDAY - Workday, Inc. - 2mo
2025-12-13 22:14:30,538 - INFO - Successfully saved WDAY data (44 rows)
2025-12-13 22:14:30,539 - INFO - Processing 483/503 : WDC - Western Digital - 2mo
2025-12-13 22:14:30,877 - INFO - Successfully saved WDC data (44 rows)
2025-12-13 22:14:30,878 - INFO - Processing 484/503 : WEC - WEC Energy Group - 2mo
2025-12-13 22:14:31,365 - INFO - Successfully saved WEC data (44 rows)
2025-12-13 22:14:31,367 - INFO - Processing 485/503 : WELL - Welltower - 2mo
2025-12-13 22:14:31,744 - INFO - Successfully saved WELL data (44 rows)
2025-12-13 22:14:31,745 - INFO - Processing 486/503 : WFC - Wells Fargo - 2mo
2025-12-13 22:14:32,136 - INFO - Successfully saved WFC data (44 rows)
2025-12-13 22:14:32,137 - INFO - Processing 487/503 : WM - Waste Management - 2mo
2025-12-13 22:14:32,498 - INFO - Successfully saved WM data (44 rows)
2025-12-13 22:14:32,499 - INFO - Processing 488/503 : WMB - Williams Companies - 2mo
2025-12-13 22:14:32,909 - INFO - Successfully saved WMB data (44 rows)
2025-12-13 22:14:32,910 - INFO - Processing 489/503 : WMT - Walmart - 2mo
2025-12-13 22:14:33,337 - INFO - Successfully saved WMT data (44 rows)
2025-12-13 22:14:33,338 - INFO - Processing 490/503 : WRB - W. R. Berkley Corporation - 2mo
2025-12-13 22:14:33,717 - INFO - Successfully saved WRB data (44 rows)
2025-12-13 22:14:33,718 - INFO - Processing 491/503 : WSM - Williams-Sonoma, Inc. - 2mo
2025-12-13 22:14:34,067 - INFO - Successfully saved WSM data (44 rows)
2025-12-13 22:14:34,069 - INFO - Processing 492/503 : WST - West Pharmaceutical Services - 2mo
2025-12-13 22:14:34,500 - INFO - Successfully saved WST data (44 rows)
2025-12-13 22:14:34,501 - INFO - Processing 493/503 : WTW - Willis Towers Watson - 2mo
2025-12-13 22:14:34,977 - INFO - Successfully saved WTW data (44 rows)
2025-12-13 22:14:34,978 - INFO - Processing 494/503 : WY - Weyerhaeuser - 2mo
2025-12-13 22:14:35,363 - INFO - Successfully saved WY data (44 rows)
2025-12-13 22:14:35,364 - INFO - Processing 495/503 : WYNN - Wynn Resorts - 2mo
2025-12-13 22:14:35,712 - INFO - Successfully saved WYNN data (44 rows)
2025-12-13 22:14:35,713 - INFO - Processing 496/503 : XEL - Xcel Energy - 2mo
2025-12-13 22:14:36,094 - INFO - Successfully saved XEL data (44 rows)
2025-12-13 22:14:36,096 - INFO - Processing 497/503 : XOM - ExxonMobil - 2mo
2025-12-13 22:14:36,511 - INFO - Successfully saved XOM data (44 rows)
2025-12-13 22:14:36,513 - INFO - Processing 498/503 : XYL - Xylem Inc. - 2mo
2025-12-13 22:14:36,878 - INFO - Successfully saved XYL data (44 rows)
2025-12-13 22:14:36,879 - INFO - Processing 499/503 : XYZ - Block, Inc. - 2mo
2025-12-13 22:14:37,225 - INFO - Successfully saved XYZ data (44 rows)
2025-12-13 22:14:37,226 - INFO - Processing 500/503 : YUM - Yum! Brands - 2mo
2025-12-13 22:14:37,661 - INFO - Successfully saved YUM data (44 rows)
2025-12-13 22:14:37,662 - INFO - Processing 501/503 : ZBH - Zimmer Biomet - 2mo
2025-12-13 22:14:38,025 - INFO - Successfully saved ZBH data (44 rows)
2025-12-13 22:14:38,027 - INFO - Processing 502/503 : ZBRA - Zebra Technologies - 2mo
2025-12-13 22:14:38,350 - INFO - Successfully saved ZBRA data (44 rows)
2025-12-13 22:14:38,350 - INFO - Processing 503/503 : ZTS - Zoetis - 2mo
2025-12-13 22:14:38,700 - INFO - Successfully saved ZTS data (44 rows)
2025-12-13 22:14:38,701 - INFO - S&P 500 data download process completed
2025-12-13 22:17:55,486 - INFO - Loaded S&P 500 list with 503 companies data
2025-12-13 22:17:55,487 - INFO - Starting S&P 500 data download process
2025-12-13 22:17:55,488 - INFO - Processing 1/503 : A - Agilent Technologies - 5y
2025-12-13 22:17:56,743 - INFO - Successfully saved A data (1256 rows)
2025-12-13 22:17:56,744 - INFO - Processing 2/503 : AAPL - Apple Inc. - 5y
2025-12-13 22:17:57,613 - INFO - Successfully saved AAPL data (1256 rows)
2025-12-13 22:17:57,614 - INFO - Processing 3/503 : ABBV - AbbVie - 5y
2025-12-13 22:17:58,170 - INFO - Successfully saved ABBV data (1256 rows)
2025-12-13 22:17:58,171 - INFO - Processing 4/503 : ABNB - Airbnb - 5y
2025-12-13 22:17:58,727 - INFO - Successfully saved ABNB data (1256 rows)
2025-12-13 22:17:58,728 - INFO - Processing 5/503 : ABT - Abbott Laboratories - 5y
2025-12-13 22:17:59,336 - INFO - Successfully saved ABT data (1256 rows)
2025-12-13 22:17:59,337 - INFO - Processing 6/503 : ACGL - Arch Capital Group - 5y
2025-12-13 22:17:59,750 - INFO - Successfully saved ACGL data (1256 rows)
2025-12-13 22:17:59,751 - INFO - Processing 7/503 : ACN - Accenture - 5y
2025-12-13 22:18:00,352 - INFO - Successfully saved ACN data (1256 rows)
2025-12-13 22:18:00,353 - INFO - Processing 8/503 : ADBE - Adobe Inc. - 5y
2025-12-13 22:18:01,024 - INFO - Successfully saved ADBE data (1256 rows)
2025-12-13 22:18:01,025 - INFO - Processing 9/503 : ADI - Analog Devices - 5y
2025-12-13 22:18:01,814 - INFO - Successfully saved ADI data (1256 rows)
2025-12-13 22:18:01,815 - INFO - Processing 10/503 : ADM - Archer Daniels Midland - 5y
2025-12-13 22:18:02,584 - INFO - Successfully saved ADM data (1256 rows)
2025-12-13 22:18:02,585 - INFO - Processing 11/503 : ADP - Automatic Data Processing - 5y
2025-12-13 22:18:03,267 - INFO - Successfully saved ADP data (1256 rows)
2025-12-13 22:18:03,268 - INFO - Processing 12/503 : ADSK - Autodesk - 5y
2025-12-13 22:18:03,835 - INFO - Successfully saved ADSK data (1256 rows)
2025-12-13 22:18:03,835 - INFO - Processing 13/503 : AEE - Ameren - 5y
2025-12-13 22:18:04,604 - INFO - Successfully saved AEE data (1256 rows)
2025-12-13 22:18:04,605 - INFO - Processing 14/503 : AEP - American Electric Power - 5y
2025-12-13 22:18:05,262 - INFO - Successfully saved AEP data (1256 rows)
2025-12-13 22:18:05,263 - INFO - Processing 15/503 : AES - AES Corporation - 5y
2025-12-13 22:18:05,846 - INFO - Successfully saved AES data (1256 rows)
2025-12-13 22:18:05,847 - INFO - Processing 16/503 : AFL - Aflac - 5y
2025-12-13 22:18:06,326 - INFO - Successfully saved AFL data (1256 rows)
2025-12-13 22:18:06,327 - INFO - Processing 17/503 : AIG - American International Group - 5y
2025-12-13 22:18:06,880 - INFO - Successfully saved AIG data (1256 rows)
2025-12-13 22:18:06,880 - INFO - Processing 18/503 : AIZ - Assurant - 5y
2025-12-13 22:18:07,366 - INFO - Successfully saved AIZ data (1256 rows)
2025-12-13 22:18:07,368 - INFO - Processing 19/503 : AJG - Arthur J. Gallagher & Co. - 5y
2025-12-13 22:18:08,049 - INFO - Successfully saved AJG data (1256 rows)
2025-12-13 22:18:08,050 - INFO - Processing 20/503 : AKAM - Akamai Technologies - 5y
2025-12-13 22:18:08,602 - INFO - Successfully saved AKAM data (1256 rows)
2025-12-13 22:18:08,603 - INFO - Processing 21/503 : ALB - Albemarle Corporation - 5y
2025-12-13 22:18:09,214 - INFO - Successfully saved ALB data (1256 rows)
2025-12-13 22:18:09,216 - INFO - Processing 22/503 : ALGN - Align Technology - 5y
2025-12-13 22:18:09,757 - INFO - Successfully saved ALGN data (1256 rows)
2025-12-13 22:18:09,758 - INFO - Processing 23/503 : ALL - Allstate - 5y
2025-12-13 22:18:10,235 - INFO - Successfully saved ALL data (1256 rows)
2025-12-13 22:18:10,236 - INFO - Processing 24/503 : ALLE - Allegion - 5y
2025-12-13 22:18:10,765 - INFO - Successfully saved ALLE data (1256 rows)
2025-12-13 22:18:10,766 - INFO - Processing 25/503 : AMAT - Applied Materials - 5y
2025-12-13 22:18:11,374 - INFO - Successfully saved AMAT data (1256 rows)
2025-12-13 22:18:11,375 - INFO - Processing 26/503 : AMCR - Amcor - 5y
2025-12-13 22:18:11,909 - INFO - Successfully saved AMCR data (1256 rows)
2025-12-13 22:18:11,910 - INFO - Processing 27/503 : AMD - Advanced Micro Devices - 5y
2025-12-13 22:18:12,334 - INFO - Successfully saved AMD data (1256 rows)
2025-12-13 22:18:12,335 - INFO - Processing 28/503 : AME - Ametek - 5y
2025-12-13 22:18:12,923 - INFO - Successfully saved AME data (1256 rows)
2025-12-13 22:18:12,924 - INFO - Processing 29/503 : AMGN - Amgen - 5y
2025-12-13 22:18:13,429 - INFO - Successfully saved AMGN data (1256 rows)
2025-12-13 22:18:13,430 - INFO - Processing 30/503 : AMP - Ameriprise Financial - 5y
2025-12-13 22:18:14,038 - INFO - Successfully saved AMP data (1256 rows)
2025-12-13 22:18:14,038 - INFO - Processing 31/503 : AMT - American Tower - 5y
2025-12-13 22:18:14,607 - INFO - Successfully saved AMT data (1256 rows)
2025-12-13 22:18:14,608 - INFO - Processing 32/503 : AMZN - Amazon - 5y
2025-12-13 22:18:15,275 - INFO - Successfully saved AMZN data (1256 rows)
2025-12-13 22:18:15,276 - INFO - Processing 33/503 : ANET - Arista Networks - 5y
2025-12-13 22:18:15,929 - INFO - Successfully saved ANET data (1256 rows)
2025-12-13 22:18:15,930 - INFO - Processing 34/503 : AON - Aon plc - 5y
2025-12-13 22:18:16,395 - INFO - Successfully saved AON data (1256 rows)
2025-12-13 22:18:16,396 - INFO - Processing 35/503 : AOS - A. O. Smith - 5y
2025-12-13 22:18:17,064 - INFO - Successfully saved AOS data (1256 rows)
2025-12-13 22:18:17,065 - INFO - Processing 36/503 : APA - APA Corporation - 5y
2025-12-13 22:18:17,747 - INFO - Successfully saved APA data (1256 rows)
2025-12-13 22:18:17,748 - INFO - Processing 37/503 : APD - Air Products - 5y
2025-12-13 22:18:18,367 - INFO - Successfully saved APD data (1256 rows)
2025-12-13 22:18:18,368 - INFO - Processing 38/503 : APH - Amphenol - 5y
2025-12-13 22:18:19,009 - INFO - Successfully saved APH data (1256 rows)
2025-12-13 22:18:19,010 - INFO - Processing 39/503 : APO - Apollo Global Management - 5y
2025-12-13 22:18:19,607 - INFO - Successfully saved APO data (1256 rows)
2025-12-13 22:18:19,608 - INFO - Processing 40/503 : APTV - Aptiv - 5y
2025-12-13 22:18:20,043 - INFO - Successfully saved APTV data (1256 rows)
2025-12-13 22:18:20,044 - INFO - Processing 41/503 : ARE - Alexandria Real Estate Equities - 5y
2025-12-13 22:18:20,511 - INFO - Successfully saved ARE data (1256 rows)
2025-12-13 22:18:20,512 - INFO - Processing 42/503 : ATO - Atmos Energy - 5y
2025-12-13 22:18:21,334 - INFO - Successfully saved ATO data (1256 rows)
2025-12-13 22:18:21,335 - INFO - Processing 43/503 : AVB - AvalonBay Communities - 5y
2025-12-13 22:18:21,811 - INFO - Successfully saved AVB data (1256 rows)
2025-12-13 22:18:21,812 - INFO - Processing 44/503 : AVGO - Broadcom - 5y
2025-12-13 22:18:22,732 - INFO - Successfully saved AVGO data (1256 rows)
2025-12-13 22:18:22,733 - INFO - Processing 45/503 : AVY - Avery Dennison - 5y
2025-12-13 22:18:23,276 - INFO - Successfully saved AVY data (1256 rows)
2025-12-13 22:18:23,278 - INFO - Processing 46/503 : AWK - American Water Works - 5y
2025-12-13 22:18:24,496 - INFO - Successfully saved AWK data (1256 rows)
2025-12-13 22:18:24,498 - INFO - Processing 47/503 : AXON - Axon Enterprise - 5y
2025-12-13 22:18:24,995 - INFO - Successfully saved AXON data (1256 rows)
2025-12-13 22:18:24,996 - INFO - Processing 48/503 : AXP - American Express - 5y
2025-12-13 22:18:25,591 - INFO - Successfully saved AXP data (1256 rows)
2025-12-13 22:18:25,592 - INFO - Processing 49/503 : AZO - AutoZone - 5y
2025-12-13 22:18:26,046 - INFO - Successfully saved AZO data (1256 rows)
2025-12-13 22:18:26,048 - INFO - Processing 50/503 : BA - Boeing - 5y
2025-12-13 22:18:26,728 - INFO - Successfully saved BA data (1256 rows)
2025-12-13 22:18:26,730 - INFO - Processing 51/503 : BAC - Bank of America - 5y
2025-12-13 22:18:27,358 - INFO - Successfully saved BAC data (1256 rows)
2025-12-13 22:18:27,360 - INFO - Processing 52/503 : BALL - Ball Corporation - 5y
2025-12-13 22:18:27,991 - INFO - Successfully saved BALL data (1256 rows)
2025-12-13 22:18:27,992 - INFO - Processing 53/503 : BAX - Baxter International - 5y
2025-12-13 22:18:28,519 - INFO - Successfully saved BAX data (1256 rows)
2025-12-13 22:18:28,521 - INFO - Processing 54/503 : BBY - Best Buy - 5y
2025-12-13 22:18:29,067 - INFO - Successfully saved BBY data (1256 rows)
2025-12-13 22:18:29,071 - INFO - Processing 55/503 : BDX - Becton Dickinson - 5y
2025-12-13 22:18:29,726 - INFO - Successfully saved BDX data (1256 rows)
2025-12-13 22:18:29,728 - INFO - Processing 56/503 : BEN - Franklin Resources - 5y
2025-12-13 22:18:30,302 - INFO - Successfully saved BEN data (1256 rows)
2025-12-13 22:18:30,728 - INFO - Successfully saved BF-B data (1256 rows)
2025-12-13 22:18:30,729 - INFO - Processing 58/503 : BG - Bunge Global - 5y
2025-12-13 22:18:31,522 - INFO - Successfully saved BG data (1256 rows)
2025-12-13 22:18:31,523 - INFO - Processing 59/503 : BIIB - Biogen - 5y
2025-12-13 22:18:32,020 - INFO - Successfully saved BIIB data (1256 rows)
2025-12-13 22:18:32,021 - INFO - Processing 60/503 : BK - BNY Mellon - 5y
2025-12-13 22:18:32,583 - INFO - Successfully saved BK data (1256 rows)
2025-12-13 22:18:32,583 - INFO - Processing 61/503 : BKNG - Booking Holdings - 5y
2025-12-13 22:18:33,563 - INFO - Successfully saved BKNG data (1256 rows)
2025-12-13 22:18:33,564 - INFO - Processing 62/503 : BKR - Baker Hughes - 5y
2025-12-13 22:18:34,286 - INFO - Successfully saved BKR data (1256 rows)
2025-12-13 22:18:34,287 - INFO - Processing 63/503 : BLDR - Builders FirstSource - 5y
2025-12-13 22:18:34,857 - INFO - Successfully saved BLDR data (1256 rows)
2025-12-13 22:18:34,857 - INFO - Processing 64/503 : BLK - BlackRock - 5y
2025-12-13 22:18:35,473 - INFO - Successfully saved BLK data (1256 rows)
2025-12-13 22:18:35,475 - INFO - Processing 65/503 : BMY - Bristol Myers Squibb - 5y
2025-12-13 22:18:36,068 - INFO - Successfully saved BMY data (1256 rows)
2025-12-13 22:18:36,069 - INFO - Processing 66/503 : BR - Broadridge Financial Solutions - 5y
2025-12-13 22:18:36,604 - INFO - Successfully saved BR data (1256 rows)
2025-12-13 22:18:36,605 - INFO - Processing 67/503 : BRK-B - Berkshire Hathaway - 5y
2025-12-13 22:18:37,170 - INFO - Successfully saved BRK-B data (1256 rows)
2025-12-13 22:18:37,171 - INFO - Processing 68/503 : BRO - Brown & Brown - 5y
2025-12-13 22:18:37,783 - INFO - Successfully saved BRO data (1256 rows)
2025-12-13 22:18:37,784 - INFO - Processing 69/503 : BSX - Boston Scientific - 5y
2025-12-13 22:18:38,287 - INFO - Successfully saved BSX data (1256 rows)
2025-12-13 22:18:38,288 - INFO - Processing 70/503 : BX - Blackstone Inc. - 5y
2025-12-13 22:18:38,882 - INFO - Successfully saved BX data (1256 rows)
2025-12-13 22:18:38,883 - INFO - Processing 71/503 : BXP - BXP, Inc. - 5y
2025-12-13 22:18:39,493 - INFO - Successfully saved BXP data (1256 rows)
2025-12-13 22:18:39,494 - INFO - Processing 72/503 : C - Citigroup - 5y
2025-12-13 22:18:40,393 - INFO - Successfully saved C data (1256 rows)
2025-12-13 22:18:40,394 - INFO - Processing 73/503 : CAG - Conagra Brands - 5y
2025-12-13 22:18:42,077 - INFO - Successfully saved CAG data (1256 rows)
2025-12-13 22:18:42,078 - INFO - Processing 74/503 : CAH - Cardinal Health - 5y
2025-12-13 22:18:42,815 - INFO - Successfully saved CAH data (1256 rows)
2025-12-13 22:18:42,816 - INFO - Processing 75/503 : CARR - Carrier Global - 5y
2025-12-13 22:18:43,412 - INFO - Successfully saved CARR data (1256 rows)
2025-12-13 22:18:43,414 - INFO - Processing 76/503 : CAT - Caterpillar Inc. - 5y
2025-12-13 22:18:44,081 - INFO - Successfully saved CAT data (1256 rows)
2025-12-13 22:18:44,082 - INFO - Processing 77/503 : CB - Chubb Limited - 5y
2025-12-13 22:18:48,048 - INFO - Successfully saved CB data (1256 rows)
2025-12-13 22:18:48,049 - INFO - Processing 78/503 : CBOE - Cboe Global Markets - 5y
2025-12-13 22:18:48,675 - INFO - Successfully saved CBOE data (1256 rows)
2025-12-13 22:18:48,676 - INFO - Processing 79/503 : CBRE - CBRE Group - 5y
2025-12-13 22:18:49,252 - INFO - Successfully saved CBRE data (1256 rows)
2025-12-13 22:18:49,253 - INFO - Processing 80/503 : CCI - Crown Castle - 5y
2025-12-13 22:18:49,793 - INFO - Successfully saved CCI data (1256 rows)
2025-12-13 22:18:49,793 - INFO - Processing 81/503 : CCL - Carnival - 5y
2025-12-13 22:18:50,371 - INFO - Successfully saved CCL data (1256 rows)
2025-12-13 22:18:50,373 - INFO - Processing 82/503 : CDNS - Cadence Design Systems - 5y
2025-12-13 22:18:51,466 - INFO - Successfully saved CDNS data (1256 rows)
2025-12-13 22:18:51,468 - INFO - Processing 83/503 : CDW - CDW Corporation - 5y
2025-12-13 22:18:52,039 - INFO - Successfully saved CDW data (1256 rows)
2025-12-13 22:18:52,040 - INFO - Processing 84/503 : CEG - Constellation Energy - 5y
2025-12-13 22:18:52,525 - INFO - Successfully saved CEG data (980 rows)
2025-12-13 22:18:52,526 - INFO - Processing 85/503 : CF - CF Industries - 5y
2025-12-13 22:18:53,132 - INFO - Successfully saved CF data (1256 rows)
2025-12-13 22:18:53,133 - INFO - Processing 86/503 : CFG - Citizens Financial Group - 5y
2025-12-13 22:18:53,567 - INFO - Successfully saved CFG data (1256 rows)
2025-12-13 22:18:53,569 - INFO - Processing 87/503 : CHD - Church & Dwight - 5y
2025-12-13 22:18:54,112 - INFO - Successfully saved CHD data (1256 rows)
2025-12-13 22:18:54,113 - INFO - Processing 88/503 : CHRW - C.H. Robinson - 5y
2025-12-13 22:18:54,712 - INFO - Successfully saved CHRW data (1256 rows)
2025-12-13 22:18:54,714 - INFO - Processing 89/503 : CHTR - Charter Communications - 5y
2025-12-13 22:18:55,130 - INFO - Successfully saved CHTR data (1256 rows)
2025-12-13 22:18:55,131 - INFO - Processing 90/503 : CI - Cigna - 5y
2025-12-13 22:18:55,806 - INFO - Successfully saved CI data (1256 rows)
2025-12-13 22:18:55,808 - INFO - Processing 91/503 : CINF - Cincinnati Financial - 5y
2025-12-13 22:18:56,398 - INFO - Successfully saved CINF data (1256 rows)
2025-12-13 22:18:56,399 - INFO - Processing 92/503 : CL - Colgate-Palmolive - 5y
2025-12-13 22:18:56,967 - INFO - Successfully saved CL data (1256 rows)
2025-12-13 22:18:56,968 - INFO - Processing 93/503 : CLX - Clorox - 5y
2025-12-13 22:18:57,472 - INFO - Successfully saved CLX data (1256 rows)
2025-12-13 22:18:57,473 - INFO - Processing 94/503 : CMCSA - Comcast - 5y
2025-12-13 22:18:58,107 - INFO - Successfully saved CMCSA data (1256 rows)
2025-12-13 22:18:58,108 - INFO - Processing 95/503 : CME - CME Group - 5y
2025-12-13 22:18:58,798 - INFO - Successfully saved CME data (1256 rows)
2025-12-13 22:18:58,798 - INFO - Processing 96/503 : CMG - Chipotle Mexican Grill - 5y
2025-12-13 22:18:59,371 - INFO - Successfully saved CMG data (1256 rows)
2025-12-13 22:18:59,372 - INFO - Processing 97/503 : CMI - Cummins - 5y
2025-12-13 22:18:59,986 - INFO - Successfully saved CMI data (1256 rows)
2025-12-13 22:18:59,987 - INFO - Processing 98/503 : CMS - CMS Energy - 5y
2025-12-13 22:19:00,524 - INFO - Successfully saved CMS data (1256 rows)
2025-12-13 22:19:00,525 - INFO - Processing 99/503 : CNC - Centene Corporation - 5y
2025-12-13 22:19:00,939 - INFO - Successfully saved CNC data (1256 rows)
2025-12-13 22:19:00,940 - INFO - Processing 100/503 : CNP - CenterPoint Energy - 5y
2025-12-13 22:19:01,682 - INFO - Successfully saved CNP data (1256 rows)
2025-12-13 22:19:01,683 - INFO - Processing 101/503 : COF - Capital One - 5y
2025-12-13 22:19:02,324 - INFO - Successfully saved COF data (1256 rows)
2025-12-13 22:19:02,325 - INFO - Processing 102/503 : COIN - Coinbase - 5y
2025-12-13 22:19:02,997 - INFO - Successfully saved COIN data (1174 rows)
2025-12-13 22:19:02,998 - INFO - Processing 103/503 : COO - Cooper Companies (The) - 5y
2025-12-13 22:19:03,575 - INFO - Successfully saved COO data (1256 rows)
2025-12-13 22:19:03,576 - INFO - Processing 104/503 : COP - ConocoPhillips - 5y
2025-12-13 22:19:04,919 - INFO - Successfully saved COP data (1256 rows)
2025-12-13 22:19:04,921 - INFO - Processing 105/503 : COR - Cencora - 5y
2025-12-13 22:19:05,479 - INFO - Successfully saved COR data (1256 rows)
2025-12-13 22:19:05,480 - INFO - Processing 106/503 : COST - Costco - 5y
2025-12-13 22:19:06,288 - INFO - Successfully saved COST data (1256 rows)
2025-12-13 22:19:06,289 - INFO - Processing 107/503 : CPAY - Corpay - 5y
2025-12-13 22:19:06,771 - INFO - Successfully saved CPAY data (1256 rows)
2025-12-13 22:19:06,772 - INFO - Processing 108/503 : CPB - Campbell's Company (The) - 5y
2025-12-13 22:19:07,355 - INFO - Successfully saved CPB data (1256 rows)
2025-12-13 22:19:07,356 - INFO - Processing 109/503 : CPRT - Copart - 5y
2025-12-13 22:19:07,997 - INFO - Successfully saved CPRT data (1256 rows)
2025-12-13 22:19:07,998 - INFO - Processing 110/503 : CPT - Camden Property Trust - 5y
2025-12-13 22:19:08,623 - INFO - Successfully saved CPT data (1256 rows)
2025-12-13 22:19:08,624 - INFO - Processing 111/503 : CRL - Charles River Laboratories - 5y
2025-12-13 22:19:09,072 - INFO - Successfully saved CRL data (1256 rows)
2025-12-13 22:19:09,073 - INFO - Processing 112/503 : CRM - Salesforce - 5y
2025-12-13 22:19:09,656 - INFO - Successfully saved CRM data (1256 rows)
2025-12-13 22:19:09,658 - INFO - Processing 113/503 : CRWD - CrowdStrike - 5y
2025-12-13 22:19:10,223 - INFO - Successfully saved CRWD data (1256 rows)
2025-12-13 22:19:10,225 - INFO - Processing 114/503 : CSCO - Cisco - 5y
2025-12-13 22:19:10,821 - INFO - Successfully saved CSCO data (1256 rows)
2025-12-13 22:19:10,823 - INFO - Processing 115/503 : CSGP - CoStar Group - 5y
2025-12-13 22:19:11,535 - INFO - Successfully saved CSGP data (1256 rows)
2025-12-13 22:19:11,536 - INFO - Processing 116/503 : CSX - CSX Corporation - 5y
2025-12-13 22:19:12,108 - INFO - Successfully saved CSX data (1256 rows)
2025-12-13 22:19:12,109 - INFO - Processing 117/503 : CTAS - Cintas - 5y
2025-12-13 22:19:12,799 - INFO - Successfully saved CTAS data (1256 rows)
2025-12-13 22:19:12,799 - INFO - Processing 118/503 : CTRA - Coterra - 5y
2025-12-13 22:19:13,425 - INFO - Successfully saved CTRA data (1256 rows)
2025-12-13 22:19:13,426 - INFO - Processing 119/503 : CTSH - Cognizant - 5y
2025-12-13 22:19:14,046 - INFO - Successfully saved CTSH data (1256 rows)
2025-12-13 22:19:14,048 - INFO - Processing 120/503 : CTVA - Corteva - 5y
2025-12-13 22:19:14,508 - INFO - Successfully saved CTVA data (1256 rows)
2025-12-13 22:19:14,509 - INFO - Processing 121/503 : CVS - CVS Health - 5y
2025-12-13 22:19:14,980 - INFO - Successfully saved CVS data (1256 rows)
2025-12-13 22:19:14,982 - INFO - Processing 122/503 : CVX - Chevron Corporation - 5y
2025-12-13 22:19:15,976 - INFO - Successfully saved CVX data (1256 rows)
2025-12-13 22:19:15,977 - INFO - Processing 123/503 : CZR - Caesars Entertainment - 5y
2025-12-13 22:19:16,567 - INFO - Successfully saved CZR data (1256 rows)
2025-12-13 22:19:16,568 - INFO - Processing 124/503 : D - Dominion Energy - 5y
2025-12-13 22:19:17,230 - INFO - Successfully saved D data (1256 rows)
2025-12-13 22:19:17,231 - INFO - Processing 125/503 : DAL - Delta Air Lines - 5y
2025-12-13 22:19:17,811 - INFO - Successfully saved DAL data (1256 rows)
2025-12-13 22:19:17,812 - INFO - Processing 126/503 : DASH - DoorDash - 5y
2025-12-13 22:19:18,367 - INFO - Successfully saved DASH data (1256 rows)
2025-12-13 22:19:18,368 - INFO - Processing 127/503 : DAY - Dayforce - 5y
2025-12-13 22:19:18,892 - INFO - Successfully saved DAY data (1256 rows)
2025-12-13 22:19:18,894 - INFO - Processing 128/503 : DD - DuPont - 5y
2025-12-13 22:19:19,947 - INFO - Successfully saved DD data (1256 rows)
2025-12-13 22:19:19,948 - INFO - Processing 129/503 : DDOG - Datadog - 5y
2025-12-13 22:19:20,414 - INFO - Successfully saved DDOG data (1256 rows)
2025-12-13 22:19:20,416 - INFO - Processing 130/503 : DE - Deere & Company - 5y
2025-12-13 22:19:21,167 - INFO - Successfully saved DE data (1256 rows)
2025-12-13 22:19:21,168 - INFO - Processing 131/503 : DECK - Deckers Brands - 5y
2025-12-13 22:19:21,758 - INFO - Successfully saved DECK data (1256 rows)
2025-12-13 22:19:21,759 - INFO - Processing 132/503 : DELL - Dell Technologies - 5y
2025-12-13 22:19:22,350 - INFO - Successfully saved DELL data (1256 rows)
2025-12-13 22:19:22,351 - INFO - Processing 133/503 : DG - Dollar General - 5y
2025-12-13 22:19:22,939 - INFO - Successfully saved DG data (1256 rows)
2025-12-13 22:19:22,940 - INFO - Processing 134/503 : DGX - Quest Diagnostics - 5y
2025-12-13 22:19:23,604 - INFO - Successfully saved DGX data (1256 rows)
2025-12-13 22:19:23,605 - INFO - Processing 135/503 : DHI - D. R. Horton - 5y
2025-12-13 22:19:24,201 - INFO - Successfully saved DHI data (1256 rows)
2025-12-13 22:19:24,202 - INFO - Processing 136/503 : DHR - Danaher Corporation - 5y
2025-12-13 22:19:24,862 - INFO - Successfully saved DHR data (1256 rows)
2025-12-13 22:19:24,863 - INFO - Processing 137/503 : DIS - Walt Disney Company (The) - 5y
2025-12-13 22:19:25,577 - INFO - Successfully saved DIS data (1256 rows)
2025-12-13 22:19:25,578 - INFO - Processing 138/503 : DLR - Digital Realty - 5y
2025-12-13 22:19:26,225 - INFO - Successfully saved DLR data (1256 rows)
2025-12-13 22:19:26,226 - INFO - Processing 139/503 : DLTR - Dollar Tree - 5y
2025-12-13 22:19:26,691 - INFO - Successfully saved DLTR data (1256 rows)
2025-12-13 22:19:26,693 - INFO - Processing 140/503 : DOC - Healthpeak Properties - 5y
2025-12-13 22:19:27,373 - INFO - Successfully saved DOC data (1256 rows)
2025-12-13 22:19:27,374 - INFO - Processing 141/503 : DOV - Dover Corporation - 5y
2025-12-13 22:19:27,936 - INFO - Successfully saved DOV data (1256 rows)
2025-12-13 22:19:27,937 - INFO - Processing 142/503 : DOW - Dow Inc. - 5y
2025-12-13 22:19:28,946 - INFO - Successfully saved DOW data (1256 rows)
2025-12-13 22:19:28,947 - INFO - Processing 143/503 : DPZ - Domino's - 5y
2025-12-13 22:19:29,450 - INFO - Successfully saved DPZ data (1256 rows)
2025-12-13 22:19:29,451 - INFO - Processing 144/503 : DRI - Darden Restaurants - 5y
2025-12-13 22:19:29,935 - INFO - Successfully saved DRI data (1256 rows)
2025-12-13 22:19:29,936 - INFO - Processing 145/503 : DTE - DTE Energy - 5y
2025-12-13 22:19:30,617 - INFO - Successfully saved DTE data (1256 rows)
2025-12-13 22:19:30,618 - INFO - Processing 146/503 : DUK - Duke Energy - 5y
2025-12-13 22:19:31,229 - INFO - Successfully saved DUK data (1256 rows)
2025-12-13 22:19:31,230 - INFO - Processing 147/503 : DVA - DaVita - 5y
2025-12-13 22:19:31,914 - INFO - Successfully saved DVA data (1256 rows)
2025-12-13 22:19:31,916 - INFO - Processing 148/503 : DVN - Devon Energy - 5y
2025-12-13 22:19:32,685 - INFO - Successfully saved DVN data (1256 rows)
2025-12-13 22:19:32,687 - INFO - Processing 149/503 : DXCM - Dexcom - 5y
2025-12-13 22:19:33,232 - INFO - Successfully saved DXCM data (1256 rows)
2025-12-13 22:19:33,233 - INFO - Processing 150/503 : EA - Electronic Arts - 5y
2025-12-13 22:19:33,724 - INFO - Successfully saved EA data (1256 rows)
2025-12-13 22:19:33,724 - INFO - Processing 151/503 : EBAY - eBay Inc. - 5y
2025-12-13 22:19:34,432 - INFO - Successfully saved EBAY data (1256 rows)
2025-12-13 22:19:34,432 - INFO - Processing 152/503 : ECL - Ecolab - 5y
2025-12-13 22:19:35,102 - INFO - Successfully saved ECL data (1256 rows)
2025-12-13 22:19:35,103 - INFO - Processing 153/503 : ED - Consolidated Edison - 5y
2025-12-13 22:19:35,807 - INFO - Successfully saved ED data (1256 rows)
2025-12-13 22:19:35,808 - INFO - Processing 154/503 : EFX - Equifax - 5y
2025-12-13 22:19:36,440 - INFO - Successfully saved EFX data (1256 rows)
2025-12-13 22:19:36,441 - INFO - Processing 155/503 : EG - Everest Group - 5y
2025-12-13 22:19:37,057 - INFO - Successfully saved EG data (1256 rows)
2025-12-13 22:19:37,058 - INFO - Processing 156/503 : EIX - Edison International - 5y
2025-12-13 22:19:38,308 - INFO - Successfully saved EIX data (1256 rows)
2025-12-13 22:19:39,058 - INFO - Successfully saved EL data (1256 rows)
2025-12-13 22:19:39,059 - INFO - Processing 158/503 : ELV - Elevance Health - 5y
2025-12-13 22:19:40,192 - INFO - Successfully saved ELV data (1256 rows)
2025-12-13 22:19:40,194 - INFO - Processing 159/503 : EMN - Eastman Chemical Company - 5y
2025-12-13 22:19:41,178 - INFO - Successfully saved EMN data (1256 rows)
2025-12-13 22:19:41,179 - INFO - Processing 160/503 : EMR - Emerson Electric - 5y
2025-12-13 22:19:42,405 - INFO - Successfully saved EMR data (1256 rows)
2025-12-13 22:19:42,406 - INFO - Processing 161/503 : ENPH - Enphase Energy - 5y
2025-12-13 22:19:43,102 - INFO - Successfully saved ENPH data (1256 rows)
2025-12-13 22:19:43,104 - INFO - Processing 162/503 : EOG - EOG Resources - 5y
2025-12-13 22:19:43,741 - INFO - Successfully saved EOG data (1256 rows)
2025-12-13 22:19:43,742 - INFO - Processing 163/503 : EPAM - EPAM Systems - 5y
2025-12-13 22:19:44,219 - INFO - Successfully saved EPAM data (1256 rows)
2025-12-13 22:19:44,220 - INFO - Processing 164/503 : EQIX - Equinix - 5y
2025-12-13 22:19:44,766 - INFO - Successfully saved EQIX data (1256 rows)
2025-12-13 22:19:44,767 - INFO - Processing 165/503 : EQR - Equity Residential - 5y
2025-12-13 22:19:45,323 - INFO - Successfully saved EQR data (1256 rows)
2025-12-13 22:19:45,325 - INFO - Processing 166/503 : EQT - EQT Corporation - 5y
2025-12-13 22:19:45,979 - INFO - Successfully saved EQT data (1256 rows)
2025-12-13 22:19:45,981 - INFO - Processing 167/503 : ERIE - Erie Indemnity - 5y
2025-12-13 22:19:46,548 - INFO - Successfully saved ERIE data (1256 rows)
2025-12-13 22:19:46,549 - INFO - Processing 168/503 : ES - Eversource Energy - 5y
2025-12-13 22:19:47,045 - INFO - Successfully saved ES data (1256 rows)
2025-12-13 22:19:47,047 - INFO - Processing 169/503 : ESS - Essex Property Trust - 5y
2025-12-13 22:19:47,611 - INFO - Successfully saved ESS data (1256 rows)
2025-12-13 22:19:47,612 - INFO - Processing 170/503 : ETN - Eaton Corporation - 5y
2025-12-13 22:19:48,245 - INFO - Successfully saved ETN data (1256 rows)
2025-12-13 22:19:48,246 - INFO - Processing 171/503 : ETR - Entergy - 5y
2025-12-13 22:19:49,197 - INFO - Successfully saved ETR data (1256 rows)
2025-12-13 22:19:49,198 - INFO - Processing 172/503 : EVRG - Evergy - 5y
2025-12-13 22:19:49,745 - INFO - Successfully saved EVRG data (1256 rows)
2025-12-13 22:19:49,747 - INFO - Processing 173/503 : EW - Edwards Lifesciences - 5y
2025-12-13 22:19:50,251 - INFO - Successfully saved EW data (1256 rows)
2025-12-13 22:19:50,252 - INFO - Processing 174/503 : EXC - Exelon - 5y
2025-12-13 22:19:50,892 - INFO - Successfully saved EXC data (1256 rows)
2025-12-13 22:19:50,894 - INFO - Processing 175/503 : EXE - Expand Energy - 5y
2025-12-13 22:19:51,524 - INFO - Successfully saved EXE data (1217 rows)
2025-12-13 22:19:51,526 - INFO - Processing 176/503 : EXPD - Expeditors International - 5y
2025-12-13 22:19:52,163 - INFO - Successfully saved EXPD data (1256 rows)
2025-12-13 22:19:52,165 - INFO - Processing 177/503 : EXPE - Expedia Group - 5y
2025-12-13 22:19:52,804 - INFO - Successfully saved EXPE data (1256 rows)
2025-12-13 22:19:52,805 - INFO - Processing 178/503 : EXR - Extra Space Storage - 5y
2025-12-13 22:19:53,402 - INFO - Successfully saved EXR data (1256 rows)
2025-12-13 22:19:53,403 - INFO - Processing 179/503 : F - Ford Motor Company - 5y
2025-12-13 22:19:54,063 - INFO - Successfully saved F data (1256 rows)
2025-12-13 22:19:54,064 - INFO - Processing 180/503 : FANG - Diamondback Energy - 5y
2025-12-13 22:19:54,587 - INFO - Successfully saved FANG data (1256 rows)
2025-12-13 22:19:54,588 - INFO - Processing 181/503 : FAST - Fastenal - 5y
2025-12-13 22:19:55,540 - INFO - Successfully saved FAST data (1256 rows)
2025-12-13 22:19:55,541 - INFO - Processing 182/503 : FCX - Freeport-McMoRan - 5y
2025-12-13 22:19:56,161 - INFO - Successfully saved FCX data (1256 rows)
2025-12-13 22:19:56,162 - INFO - Processing 183/503 : FDS - FactSet - 5y
2025-12-13 22:19:56,828 - INFO - Successfully saved FDS data (1256 rows)
2025-12-13 22:19:56,829 - INFO - Processing 184/503 : FDX - FedEx - 5y
2025-12-13 22:19:57,385 - INFO - Successfully saved FDX data (1256 rows)
2025-12-13 22:19:57,386 - INFO - Processing 185/503 : FE - FirstEnergy - 5y
2025-12-13 22:19:58,021 - INFO - Successfully saved FE data (1256 rows)
2025-12-13 22:19:58,022 - INFO - Processing 186/503 : FFIV - F5, Inc. - 5y
2025-12-13 22:19:58,540 - INFO - Successfully saved FFIV data (1256 rows)
2025-12-13 22:19:58,540 - INFO - Processing 187/503 : FI - Fiserv - 5y
2025-12-13 22:19:59,071 - INFO - Successfully saved FI data (1256 rows)
2025-12-13 22:19:59,072 - INFO - Processing 188/503 : FICO - Fair Isaac - 5y
2025-12-13 22:19:59,609 - INFO - Successfully saved FICO data (1256 rows)
2025-12-13 22:19:59,610 - INFO - Processing 189/503 : FIS - Fidelity National Information Services - 5y
2025-12-13 22:20:00,301 - INFO - Successfully saved FIS data (1256 rows)
2025-12-13 22:20:00,302 - INFO - Processing 190/503 : FITB - Fifth Third Bancorp - 5y
2025-12-13 22:20:00,890 - INFO - Successfully saved FITB data (1256 rows)
2025-12-13 22:20:00,891 - INFO - Processing 191/503 : FOX - Fox Corporation (Class B) - 5y
2025-12-13 22:20:01,475 - INFO - Successfully saved FOX data (1256 rows)
2025-12-13 22:20:01,476 - INFO - Processing 192/503 : FOXA - Fox Corporation (Class A) - 5y
2025-12-13 22:20:02,059 - INFO - Successfully saved FOXA data (1256 rows)
2025-12-13 22:20:02,060 - INFO - Processing 193/503 : FRT - Federal Realty Investment Trust - 5y
2025-12-13 22:20:02,750 - INFO - Successfully saved FRT data (1256 rows)
2025-12-13 22:20:02,751 - INFO - Processing 194/503 : FSLR - First Solar - 5y
2025-12-13 22:20:03,870 - INFO - Successfully saved FSLR data (1256 rows)
2025-12-13 22:20:03,870 - INFO - Processing 195/503 : FTNT - Fortinet - 5y
2025-12-13 22:20:04,909 - INFO - Successfully saved FTNT data (1256 rows)
2025-12-13 22:20:04,911 - INFO - Processing 196/503 : FTV - Fortive - 5y
2025-12-13 22:20:05,529 - INFO - Successfully saved FTV data (1256 rows)
2025-12-13 22:20:05,530 - INFO - Processing 197/503 : GD - General Dynamics - 5y
2025-12-13 22:20:06,489 - INFO - Successfully saved GD data (1256 rows)
2025-12-13 22:20:06,490 - INFO - Processing 198/503 : GDDY - GoDaddy - 5y
2025-12-13 22:20:06,998 - INFO - Successfully saved GDDY data (1256 rows)
2025-12-13 22:20:06,999 - INFO - Processing 199/503 : GE - GE Aerospace - 5y
2025-12-13 22:20:07,923 - INFO - Successfully saved GE data (1256 rows)
2025-12-13 22:20:07,923 - INFO - Processing 200/503 : GEHC - GE HealthCare - 5y
2025-12-13 22:20:08,449 - INFO - Successfully saved GEHC data (751 rows)
2025-12-13 22:20:08,450 - INFO - Processing 201/503 : GEN - Gen Digital - 5y
2025-12-13 22:20:09,038 - INFO - Successfully saved GEN data (1256 rows)
2025-12-13 22:20:09,040 - INFO - Processing 202/503 : GEV - GE Vernova - 5y
2025-12-13 22:20:09,473 - INFO - Successfully saved GEV data (431 rows)
2025-12-13 22:20:09,474 - INFO - Processing 203/503 : GILD - Gilead Sciences - 5y
2025-12-13 22:20:10,075 - INFO - Successfully saved GILD data (1256 rows)
2025-12-13 22:20:10,076 - INFO - Processing 204/503 : GIS - General Mills - 5y
2025-12-13 22:20:11,069 - INFO - Successfully saved GIS data (1256 rows)
2025-12-13 22:20:11,069 - INFO - Processing 205/503 : GL - Globe Life - 5y
2025-12-13 22:20:11,908 - INFO - Successfully saved GL data (1256 rows)
2025-12-13 22:20:11,909 - INFO - Processing 206/503 : GLW - Corning Inc. - 5y
2025-12-13 22:20:12,695 - INFO - Successfully saved GLW data (1256 rows)
2025-12-13 22:20:12,696 - INFO - Processing 207/503 : GM - General Motors - 5y
2025-12-13 22:20:13,357 - INFO - Successfully saved GM data (1256 rows)
2025-12-13 22:20:13,358 - INFO - Processing 208/503 : GNRC - Generac - 5y
2025-12-13 22:20:13,884 - INFO - Successfully saved GNRC data (1256 rows)
2025-12-13 22:20:13,885 - INFO - Processing 209/503 : GOOG - Alphabet Inc. (Class C) - 5y
2025-12-13 22:20:14,526 - INFO - Successfully saved GOOG data (1256 rows)
2025-12-13 22:20:14,527 - INFO - Processing 210/503 : GOOGL - Alphabet Inc. (Class A) - 5y
2025-12-13 22:20:15,209 - INFO - Successfully saved GOOGL data (1256 rows)
2025-12-13 22:20:15,210 - INFO - Processing 211/503 : GPC - Genuine Parts Company - 5y
2025-12-13 22:20:15,924 - INFO - Successfully saved GPC data (1256 rows)
2025-12-13 22:20:15,925 - INFO - Processing 212/503 : GPN - Global Payments - 5y
2025-12-13 22:20:16,547 - INFO - Successfully saved GPN data (1256 rows)
2025-12-13 22:20:16,548 - INFO - Processing 213/503 : GRMN - Garmin - 5y
2025-12-13 22:20:17,187 - INFO - Successfully saved GRMN data (1256 rows)
2025-12-13 22:20:17,188 - INFO - Processing 214/503 : GS - Goldman Sachs - 5y
2025-12-13 22:20:17,782 - INFO - Successfully saved GS data (1256 rows)
2025-12-13 22:20:17,783 - INFO - Processing 215/503 : GWW - W. W. Grainger - 5y
2025-12-13 22:20:18,388 - INFO - Successfully saved GWW data (1256 rows)
2025-12-13 22:20:18,389 - INFO - Processing 216/503 : HAL - Halliburton - 5y
2025-12-13 22:20:19,179 - INFO - Successfully saved HAL data (1256 rows)
2025-12-13 22:20:19,180 - INFO - Processing 217/503 : HAS - Hasbro - 5y
2025-12-13 22:20:19,825 - INFO - Successfully saved HAS data (1256 rows)
2025-12-13 22:20:19,826 - INFO - Processing 218/503 : HBAN - Huntington Bancshares - 5y
2025-12-13 22:20:20,369 - INFO - Successfully saved HBAN data (1256 rows)
2025-12-13 22:20:20,370 - INFO - Processing 219/503 : HCA - HCA Healthcare - 5y
2025-12-13 22:20:21,050 - INFO - Successfully saved HCA data (1256 rows)
2025-12-13 22:20:21,051 - INFO - Processing 220/503 : HD - Home Depot (The) - 5y
2025-12-13 22:20:21,691 - INFO - Successfully saved HD data (1256 rows)
2025-12-13 22:20:21,692 - INFO - Processing 221/503 : HIG - Hartford (The) - 5y
2025-12-13 22:20:22,310 - INFO - Successfully saved HIG data (1256 rows)
2025-12-13 22:20:22,311 - INFO - Processing 222/503 : HII - Huntington Ingalls Industries - 5y
2025-12-13 22:20:22,846 - INFO - Successfully saved HII data (1256 rows)
2025-12-13 22:20:22,847 - INFO - Processing 223/503 : HLT - Hilton Worldwide - 5y
2025-12-13 22:20:23,650 - INFO - Successfully saved HLT data (1256 rows)
2025-12-13 22:20:23,651 - INFO - Processing 224/503 : HOLX - Hologic - 5y
2025-12-13 22:20:24,159 - INFO - Successfully saved HOLX data (1256 rows)
2025-12-13 22:20:24,160 - INFO - Processing 225/503 : HON - Honeywell - 5y
2025-12-13 22:20:24,990 - INFO - Successfully saved HON data (1256 rows)
2025-12-13 22:20:24,990 - INFO - Processing 226/503 : HPE - Hewlett Packard Enterprise - 5y
2025-12-13 22:20:26,277 - INFO - Successfully saved HPE data (1256 rows)
2025-12-13 22:20:26,278 - INFO - Processing 227/503 : HPQ - HP Inc. - 5y
2025-12-13 22:20:26,863 - INFO - Successfully saved HPQ data (1256 rows)
2025-12-13 22:20:26,865 - INFO - Processing 228/503 : HRL - Hormel Foods - 5y
2025-12-13 22:20:27,553 - INFO - Successfully saved HRL data (1256 rows)
2025-12-13 22:20:27,554 - INFO - Processing 229/503 : HSIC - Henry Schein - 5y
2025-12-13 22:20:28,067 - INFO - Successfully saved HSIC data (1256 rows)
2025-12-13 22:20:28,068 - INFO - Processing 230/503 : HST - Host Hotels & Resorts - 5y
2025-12-13 22:20:28,942 - INFO - Successfully saved HST data (1256 rows)
2025-12-13 22:20:28,943 - INFO - Processing 231/503 : HSY - Hershey Company (The) - 5y
2025-12-13 22:20:29,440 - INFO - Successfully saved HSY data (1256 rows)
2025-12-13 22:20:29,441 - INFO - Processing 232/503 : HUBB - Hubbell Incorporated - 5y
2025-12-13 22:20:30,073 - INFO - Successfully saved HUBB data (1256 rows)
2025-12-13 22:20:30,074 - INFO - Processing 233/503 : HUM - Humana - 5y
2025-12-13 22:20:30,826 - INFO - Successfully saved HUM data (1256 rows)
2025-12-13 22:20:30,827 - INFO - Processing 234/503 : HWM - Howmet Aerospace - 5y
2025-12-13 22:20:31,571 - INFO - Successfully saved HWM data (1256 rows)
2025-12-13 22:20:31,572 - INFO - Processing 235/503 : IBM - IBM - 5y
2025-12-13 22:20:32,282 - INFO - Successfully saved IBM data (1256 rows)
2025-12-13 22:20:32,283 - INFO - Processing 236/503 : ICE - Intercontinental Exchange - 5y
2025-12-13 22:20:32,830 - INFO - Successfully saved ICE data (1256 rows)
2025-12-13 22:20:32,832 - INFO - Processing 237/503 : IDXX - Idexx Laboratories - 5y
2025-12-13 22:20:33,812 - INFO - Successfully saved IDXX data (1256 rows)
2025-12-13 22:20:33,813 - INFO - Processing 238/503 : IEX - IDEX Corporation - 5y
2025-12-13 22:20:34,265 - INFO - Successfully saved IEX data (1256 rows)
2025-12-13 22:20:34,266 - INFO - Processing 239/503 : IFF - International Flavors & Fragrances - 5y
2025-12-13 22:20:34,952 - INFO - Successfully saved IFF data (1256 rows)
2025-12-13 22:20:34,953 - INFO - Processing 240/503 : INCY - Incyte - 5y
2025-12-13 22:20:35,485 - INFO - Successfully saved INCY data (1256 rows)
2025-12-13 22:20:35,486 - INFO - Processing 241/503 : INTC - Intel - 5y
2025-12-13 22:20:36,136 - INFO - Successfully saved INTC data (1256 rows)
2025-12-13 22:20:36,136 - INFO - Processing 242/503 : INTU - Intuit - 5y
2025-12-13 22:20:36,842 - INFO - Successfully saved INTU data (1256 rows)
2025-12-13 22:20:36,843 - INFO - Processing 243/503 : INVH - Invitation Homes - 5y
2025-12-13 22:20:37,357 - INFO - Successfully saved INVH data (1256 rows)
2025-12-13 22:20:37,359 - INFO - Processing 244/503 : IP - International Paper - 5y
2025-12-13 22:20:38,176 - INFO - Successfully saved IP data (1256 rows)
2025-12-13 22:20:38,178 - INFO - Processing 245/503 : IPG - Interpublic Group of Companies (The) - 5y
2025-12-13 22:20:38,663 - INFO - Successfully saved IPG data (1245 rows)
2025-12-13 22:20:38,664 - INFO - Processing 246/503 : IQV - IQVIA - 5y
2025-12-13 22:20:39,249 - INFO - Successfully saved IQV data (1256 rows)
2025-12-13 22:20:39,249 - INFO - Processing 247/503 : IR - Ingersoll Rand - 5y
2025-12-13 22:20:39,908 - INFO - Successfully saved IR data (1256 rows)
2025-12-13 22:20:39,909 - INFO - Processing 248/503 : IRM - Iron Mountain - 5y
2025-12-13 22:20:40,525 - INFO - Successfully saved IRM data (1256 rows)
2025-12-13 22:20:40,526 - INFO - Processing 249/503 : ISRG - Intuitive Surgical - 5y
2025-12-13 22:20:41,256 - INFO - Successfully saved ISRG data (1256 rows)
2025-12-13 22:20:41,257 - INFO - Processing 250/503 : IT - Gartner - 5y
2025-12-13 22:20:41,763 - INFO - Successfully saved IT data (1256 rows)
2025-12-13 22:20:41,764 - INFO - Processing 251/503 : ITW - Illinois Tool Works - 5y
2025-12-13 22:20:42,351 - INFO - Successfully saved ITW data (1256 rows)
2025-12-13 22:20:42,352 - INFO - Processing 252/503 : IVZ - Invesco - 5y
2025-12-13 22:20:42,975 - INFO - Successfully saved IVZ data (1256 rows)
2025-12-13 22:20:42,976 - INFO - Processing 253/503 : J - Jacobs Solutions - 5y
2025-12-13 22:20:43,638 - INFO - Successfully saved J data (1256 rows)
2025-12-13 22:20:43,638 - INFO - Processing 254/503 : JBHT - J.B. Hunt - 5y
2025-12-13 22:20:44,259 - INFO - Successfully saved JBHT data (1256 rows)
2025-12-13 22:20:44,260 - INFO - Processing 255/503 : JBL - Jabil - 5y
2025-12-13 22:20:44,869 - INFO - Successfully saved JBL data (1256 rows)
2025-12-13 22:20:44,870 - INFO - Processing 256/503 : JCI - Johnson Controls - 5y
2025-12-13 22:20:45,624 - INFO - Successfully saved JCI data (1256 rows)
2025-12-13 22:20:45,625 - INFO - Processing 257/503 : JKHY - Jack Henry & Associates - 5y
2025-12-13 22:20:46,253 - INFO - Successfully saved JKHY data (1256 rows)
2025-12-13 22:20:46,254 - INFO - Processing 258/503 : JNJ - Johnson & Johnson - 5y
2025-12-13 22:20:46,996 - INFO - Successfully saved JNJ data (1256 rows)
2025-12-13 22:20:46,997 - INFO - Processing 259/503 : JPM - JPMorgan Chase - 5y
2025-12-13 22:20:47,861 - INFO - Successfully saved JPM data (1256 rows)
2025-12-13 22:20:47,863 - INFO - Processing 260/503 : K - Kellanova - 5y
2025-12-13 22:20:48,622 - INFO - Successfully saved K data (1254 rows)
2025-12-13 22:20:48,622 - INFO - Processing 261/503 : KDP - Keurig Dr Pepper - 5y
2025-12-13 22:20:49,168 - INFO - Successfully saved KDP data (1256 rows)
2025-12-13 22:20:49,169 - INFO - Processing 262/503 : KEY - KeyCorp - 5y
2025-12-13 22:20:49,689 - INFO - Successfully saved KEY data (1256 rows)
2025-12-13 22:20:49,690 - INFO - Processing 263/503 : KEYS - Keysight Technologies - 5y
2025-12-13 22:20:50,112 - INFO - Successfully saved KEYS data (1256 rows)
2025-12-13 22:20:50,113 - INFO - Processing 264/503 : KHC - Kraft Heinz - 5y
2025-12-13 22:20:50,721 - INFO - Successfully saved KHC data (1256 rows)
2025-12-13 22:20:50,722 - INFO - Processing 265/503 : KIM - Kimco Realty - 5y
2025-12-13 22:20:51,358 - INFO - Successfully saved KIM data (1256 rows)
2025-12-13 22:20:51,359 - INFO - Processing 266/503 : KKR - KKR & Co. - 5y
2025-12-13 22:20:51,972 - INFO - Successfully saved KKR data (1256 rows)
2025-12-13 22:20:51,973 - INFO - Processing 267/503 : KLAC - KLA Corporation - 5y
2025-12-13 22:20:52,408 - INFO - Successfully saved KLAC data (1256 rows)
2025-12-13 22:20:52,409 - INFO - Processing 268/503 : KMB - Kimberly-Clark - 5y
2025-12-13 22:20:53,441 - INFO - Successfully saved KMB data (1256 rows)
2025-12-13 22:20:53,442 - INFO - Processing 269/503 : KMI - Kinder Morgan - 5y
2025-12-13 22:20:53,973 - INFO - Successfully saved KMI data (1256 rows)
2025-12-13 22:20:53,975 - INFO - Processing 270/503 : KMX - CarMax - 5y
2025-12-13 22:20:54,567 - INFO - Successfully saved KMX data (1256 rows)
2025-12-13 22:20:54,568 - INFO - Processing 271/503 : KO - Coca-Cola Company (The) - 5y
2025-12-13 22:20:55,156 - INFO - Successfully saved KO data (1256 rows)
2025-12-13 22:20:55,157 - INFO - Processing 272/503 : KR - Kroger - 5y
2025-12-13 22:20:55,898 - INFO - Successfully saved KR data (1256 rows)
2025-12-13 22:20:55,899 - INFO - Processing 273/503 : KVUE - Kenvue - 5y
2025-12-13 22:20:56,397 - INFO - Successfully saved KVUE data (656 rows)
2025-12-13 22:20:56,398 - INFO - Processing 274/503 : L - Loews Corporation - 5y
2025-12-13 22:20:57,041 - INFO - Successfully saved L data (1256 rows)
2025-12-13 22:20:57,042 - INFO - Processing 275/503 : LDOS - Leidos - 5y
2025-12-13 22:20:57,602 - INFO - Successfully saved LDOS data (1256 rows)
2025-12-13 22:20:57,603 - INFO - Processing 276/503 : LEN - Lennar - 5y
2025-12-13 22:20:58,152 - INFO - Successfully saved LEN data (1256 rows)
2025-12-13 22:20:58,153 - INFO - Processing 277/503 : LH - Labcorp - 5y
2025-12-13 22:20:58,698 - INFO - Successfully saved LH data (1256 rows)
2025-12-13 22:20:58,699 - INFO - Processing 278/503 : LHX - L3Harris - 5y
2025-12-13 22:20:59,257 - INFO - Successfully saved LHX data (1256 rows)
2025-12-13 22:20:59,258 - INFO - Processing 279/503 : LII - Lennox International - 5y
2025-12-13 22:20:59,710 - INFO - Successfully saved LII data (1256 rows)
2025-12-13 22:20:59,711 - INFO - Processing 280/503 : LIN - Linde plc - 5y
2025-12-13 22:21:00,204 - INFO - Successfully saved LIN data (1256 rows)
2025-12-13 22:21:00,206 - INFO - Processing 281/503 : LKQ - LKQ Corporation - 5y
2025-12-13 22:21:00,865 - INFO - Successfully saved LKQ data (1256 rows)
2025-12-13 22:21:00,866 - INFO - Processing 282/503 : LLY - Lilly (Eli) - 5y
2025-12-13 22:21:01,411 - INFO - Successfully saved LLY data (1256 rows)
2025-12-13 22:21:01,412 - INFO - Processing 283/503 : LMT - Lockheed Martin - 5y
2025-12-13 22:21:02,076 - INFO - Successfully saved LMT data (1256 rows)
2025-12-13 22:21:02,077 - INFO - Processing 284/503 : LNT - Alliant Energy - 5y
2025-12-13 22:21:02,618 - INFO - Successfully saved LNT data (1256 rows)
2025-12-13 22:21:02,618 - INFO - Processing 285/503 : LOW - Lowe's - 5y
2025-12-13 22:21:03,351 - INFO - Successfully saved LOW data (1256 rows)
2025-12-13 22:21:03,352 - INFO - Processing 286/503 : LRCX - Lam Research - 5y
2025-12-13 22:21:04,021 - INFO - Successfully saved LRCX data (1256 rows)
2025-12-13 22:21:04,022 - INFO - Processing 287/503 : LULU - Lululemon Athletica - 5y
2025-12-13 22:21:04,782 - INFO - Successfully saved LULU data (1256 rows)
2025-12-13 22:21:04,784 - INFO - Processing 288/503 : LUV - Southwest Airlines - 5y
2025-12-13 22:21:05,335 - INFO - Successfully saved LUV data (1256 rows)
2025-12-13 22:21:05,336 - INFO - Processing 289/503 : LVS - Las Vegas Sands - 5y
2025-12-13 22:21:05,946 - INFO - Successfully saved LVS data (1256 rows)
2025-12-13 22:21:05,948 - INFO - Processing 290/503 : LW - Lamb Weston - 5y
2025-12-13 22:21:06,657 - INFO - Successfully saved LW data (1256 rows)
2025-12-13 22:21:06,658 - INFO - Processing 291/503 : LYB - LyondellBasell - 5y
2025-12-13 22:21:07,114 - INFO - Successfully saved LYB data (1256 rows)
2025-12-13 22:21:07,115 - INFO - Processing 292/503 : LYV - Live Nation Entertainment - 5y
2025-12-13 22:21:07,555 - INFO - Successfully saved LYV data (1256 rows)
2025-12-13 22:21:07,557 - INFO - Processing 293/503 : MA - Mastercard - 5y
2025-12-13 22:21:08,016 - INFO - Successfully saved MA data (1256 rows)
2025-12-13 22:21:08,018 - INFO - Processing 294/503 : MAA - Mid-America Apartment Communities - 5y
2025-12-13 22:21:08,473 - INFO - Successfully saved MAA data (1256 rows)
2025-12-13 22:21:08,474 - INFO - Processing 295/503 : MAR - Marriott International - 5y
2025-12-13 22:21:08,999 - INFO - Successfully saved MAR data (1256 rows)
2025-12-13 22:21:09,000 - INFO - Processing 296/503 : MAS - Masco - 5y
2025-12-13 22:21:09,496 - INFO - Successfully saved MAS data (1256 rows)
2025-12-13 22:21:09,497 - INFO - Processing 297/503 : MCD - McDonald's - 5y
2025-12-13 22:21:10,194 - INFO - Successfully saved MCD data (1256 rows)
2025-12-13 22:21:10,195 - INFO - Processing 298/503 : MCHP - Microchip Technology - 5y
2025-12-13 22:21:10,676 - INFO - Successfully saved MCHP data (1256 rows)
2025-12-13 22:21:10,677 - INFO - Processing 299/503 : MCK - McKesson Corporation - 5y
2025-12-13 22:21:11,179 - INFO - Successfully saved MCK data (1256 rows)
2025-12-13 22:21:11,180 - INFO - Processing 300/503 : MCO - Moody's Corporation - 5y
2025-12-13 22:21:11,653 - INFO - Successfully saved MCO data (1256 rows)
2025-12-13 22:21:11,655 - INFO - Processing 301/503 : MDLZ - Mondelez International - 5y
2025-12-13 22:21:12,331 - INFO - Successfully saved MDLZ data (1256 rows)
2025-12-13 22:21:12,332 - INFO - Processing 302/503 : MDT - Medtronic - 5y
2025-12-13 22:21:12,937 - INFO - Successfully saved MDT data (1256 rows)
2025-12-13 22:21:12,938 - INFO - Processing 303/503 : MET - MetLife - 5y
2025-12-13 22:21:13,619 - INFO - Successfully saved MET data (1256 rows)
2025-12-13 22:21:13,621 - INFO - Processing 304/503 : META - Meta Platforms - 5y
2025-12-13 22:21:14,716 - INFO - Successfully saved META data (1256 rows)
2025-12-13 22:21:14,717 - INFO - Processing 305/503 : MGM - MGM Resorts - 5y
2025-12-13 22:21:15,228 - INFO - Successfully saved MGM data (1256 rows)
2025-12-13 22:21:15,228 - INFO - Processing 306/503 : MHK - Mohawk Industries - 5y
2025-12-13 22:21:16,024 - INFO - Successfully saved MHK data (1256 rows)
2025-12-13 22:21:16,024 - INFO - Processing 307/503 : MKC - McCormick & Company - 5y
2025-12-13 22:21:16,743 - INFO - Successfully saved MKC data (1256 rows)
2025-12-13 22:21:16,744 - INFO - Processing 308/503 : MKTX - MarketAxess - 5y
2025-12-13 22:21:17,375 - INFO - Successfully saved MKTX data (1256 rows)
2025-12-13 22:21:17,376 - INFO - Processing 309/503 : MLM - Martin Marietta Materials - 5y
2025-12-13 22:21:18,447 - INFO - Successfully saved MLM data (1256 rows)
2025-12-13 22:21:18,448 - INFO - Processing 310/503 : MMC - Marsh McLennan - 5y
2025-12-13 22:21:19,065 - INFO - Successfully saved MMC data (1256 rows)
2025-12-13 22:21:19,066 - INFO - Processing 311/503 : MMM - 3M - 5y
2025-12-13 22:21:19,748 - INFO - Successfully saved MMM data (1256 rows)
2025-12-13 22:21:19,750 - INFO - Processing 312/503 : MNST - Monster Beverage - 5y
2025-12-13 22:21:20,280 - INFO - Successfully saved MNST data (1256 rows)
2025-12-13 22:21:20,281 - INFO - Processing 313/503 : MO - Altria - 5y
2025-12-13 22:21:21,072 - INFO - Successfully saved MO data (1256 rows)
2025-12-13 22:21:21,073 - INFO - Processing 314/503 : MOH - Molina Healthcare - 5y
2025-12-13 22:21:21,715 - INFO - Successfully saved MOH data (1256 rows)
2025-12-13 22:21:21,716 - INFO - Processing 315/503 : MOS - Mosaic Company (The) - 5y
2025-12-13 22:21:22,546 - INFO - Successfully saved MOS data (1256 rows)
2025-12-13 22:21:22,547 - INFO - Processing 316/503 : MPC - Marathon Petroleum - 5y
2025-12-13 22:21:23,050 - INFO - Successfully saved MPC data (1256 rows)
2025-12-13 22:21:23,051 - INFO - Processing 317/503 : MPWR - Monolithic Power Systems - 5y
2025-12-13 22:21:23,489 - INFO - Successfully saved MPWR data (1256 rows)
2025-12-13 22:21:23,490 - INFO - Processing 318/503 : MRK - Merck & Co. - 5y
2025-12-13 22:21:24,085 - INFO - Successfully saved MRK data (1256 rows)
2025-12-13 22:21:24,086 - INFO - Processing 319/503 : MRNA - Moderna - 5y
2025-12-13 22:21:24,693 - INFO - Successfully saved MRNA data (1256 rows)
2025-12-13 22:21:24,694 - INFO - Processing 320/503 : MS - Morgan Stanley - 5y
2025-12-13 22:21:25,168 - INFO - Successfully saved MS data (1256 rows)
2025-12-13 22:21:25,169 - INFO - Processing 321/503 : MSCI - MSCI Inc. - 5y
2025-12-13 22:21:25,821 - INFO - Successfully saved MSCI data (1256 rows)
2025-12-13 22:21:25,822 - INFO - Processing 322/503 : MSFT - Microsoft - 5y
2025-12-13 22:21:26,743 - INFO - Successfully saved MSFT data (1256 rows)
2025-12-13 22:21:26,744 - INFO - Processing 323/503 : MSI - Motorola Solutions - 5y
2025-12-13 22:21:27,357 - INFO - Successfully saved MSI data (1256 rows)
2025-12-13 22:21:27,358 - INFO - Processing 324/503 : MTB - M&T Bank - 5y
2025-12-13 22:21:27,924 - INFO - Successfully saved MTB data (1256 rows)
2025-12-13 22:21:27,926 - INFO - Processing 325/503 : MTCH - Match Group - 5y
2025-12-13 22:21:28,531 - INFO - Successfully saved MTCH data (1256 rows)
2025-12-13 22:21:28,532 - INFO - Processing 326/503 : MTD - Mettler Toledo - 5y
2025-12-13 22:21:29,317 - INFO - Successfully saved MTD data (1256 rows)
2025-12-13 22:21:29,318 - INFO - Processing 327/503 : MU - Micron Technology - 5y
2025-12-13 22:21:29,936 - INFO - Successfully saved MU data (1256 rows)
2025-12-13 22:21:29,937 - INFO - Processing 328/503 : NCLH - Norwegian Cruise Line Holdings - 5y
2025-12-13 22:21:30,417 - INFO - Successfully saved NCLH data (1256 rows)
2025-12-13 22:21:30,418 - INFO - Processing 329/503 : NDAQ - Nasdaq, Inc. - 5y
2025-12-13 22:21:31,117 - INFO - Successfully saved NDAQ data (1256 rows)
2025-12-13 22:21:31,118 - INFO - Processing 330/503 : NDSN - Nordson Corporation - 5y
2025-12-13 22:21:31,770 - INFO - Successfully saved NDSN data (1256 rows)
2025-12-13 22:21:31,770 - INFO - Processing 331/503 : NEE - NextEra Energy - 5y
2025-12-13 22:21:32,489 - INFO - Successfully saved NEE data (1256 rows)
2025-12-13 22:21:32,490 - INFO - Processing 332/503 : NEM - Newmont - 5y
2025-12-13 22:21:33,062 - INFO - Successfully saved NEM data (1256 rows)
2025-12-13 22:21:33,063 - INFO - Processing 333/503 : NFLX - Netflix - 5y
2025-12-13 22:21:33,495 - INFO - Successfully saved NFLX data (1256 rows)
2025-12-13 22:21:33,496 - INFO - Processing 334/503 : NI - NiSource - 5y
2025-12-13 22:21:34,083 - INFO - Successfully saved NI data (1256 rows)
2025-12-13 22:21:34,084 - INFO - Processing 335/503 : NKE - Nike, Inc. - 5y
2025-12-13 22:21:34,554 - INFO - Successfully saved NKE data (1256 rows)
2025-12-13 22:21:34,555 - INFO - Processing 336/503 : NOC - Northrop Grumman - 5y
2025-12-13 22:21:35,140 - INFO - Successfully saved NOC data (1256 rows)
2025-12-13 22:21:35,142 - INFO - Processing 337/503 : NOW - ServiceNow - 5y
2025-12-13 22:21:35,753 - INFO - Successfully saved NOW data (1256 rows)
2025-12-13 22:21:35,754 - INFO - Processing 338/503 : NRG - NRG Energy - 5y
2025-12-13 22:21:36,471 - INFO - Successfully saved NRG data (1256 rows)
2025-12-13 22:21:36,472 - INFO - Processing 339/503 : NSC - Norfolk Southern - 5y
2025-12-13 22:21:37,042 - INFO - Successfully saved NSC data (1256 rows)
2025-12-13 22:21:37,043 - INFO - Processing 340/503 : NTAP - NetApp - 5y
2025-12-13 22:21:37,628 - INFO - Successfully saved NTAP data (1256 rows)
2025-12-13 22:21:37,629 - INFO - Processing 341/503 : NTRS - Northern Trust - 5y
2025-12-13 22:21:38,622 - INFO - Successfully saved NTRS data (1256 rows)
2025-12-13 22:21:38,623 - INFO - Processing 342/503 : NUE - Nucor - 5y
2025-12-13 22:21:39,256 - INFO - Successfully saved NUE data (1256 rows)
2025-12-13 22:21:39,257 - INFO - Processing 343/503 : NVDA - Nvidia - 5y
2025-12-13 22:21:40,011 - INFO - Successfully saved NVDA data (1256 rows)
2025-12-13 22:21:40,012 - INFO - Processing 344/503 : NVR - NVR, Inc. - 5y
2025-12-13 22:21:40,569 - INFO - Successfully saved NVR data (1256 rows)
2025-12-13 22:21:40,570 - INFO - Processing 345/503 : NWS - News Corp (Class B) - 5y
2025-12-13 22:21:41,105 - INFO - Successfully saved NWS data (1256 rows)
2025-12-13 22:21:41,106 - INFO - Processing 346/503 : NWSA - News Corp (Class A) - 5y
2025-12-13 22:21:41,546 - INFO - Successfully saved NWSA data (1256 rows)
2025-12-13 22:21:41,547 - INFO - Processing 347/503 : NXPI - NXP Semiconductors - 5y
2025-12-13 22:21:42,165 - INFO - Successfully saved NXPI data (1256 rows)
2025-12-13 22:21:42,165 - INFO - Processing 348/503 : O - Realty Income - 5y
2025-12-13 22:21:42,842 - INFO - Successfully saved O data (1256 rows)
2025-12-13 22:21:42,842 - INFO - Processing 349/503 : ODFL - Old Dominion - 5y
2025-12-13 22:21:43,492 - INFO - Successfully saved ODFL data (1256 rows)
2025-12-13 22:21:43,494 - INFO - Processing 350/503 : OKE - Oneok - 5y
2025-12-13 22:21:44,005 - INFO - Successfully saved OKE data (1256 rows)
2025-12-13 22:21:44,007 - INFO - Processing 351/503 : OMC - Omnicom Group - 5y
2025-12-13 22:21:44,736 - INFO - Successfully saved OMC data (1256 rows)
2025-12-13 22:21:44,738 - INFO - Processing 352/503 : ON - ON Semiconductor - 5y
2025-12-13 22:21:45,177 - INFO - Successfully saved ON data (1256 rows)
2025-12-13 22:21:45,178 - INFO - Processing 353/503 : ORCL - Oracle Corporation - 5y
2025-12-13 22:21:45,822 - INFO - Successfully saved ORCL data (1256 rows)
2025-12-13 22:21:45,823 - INFO - Processing 354/503 : ORLY - OÅfReilly Automotive - 5y
2025-12-13 22:21:46,329 - INFO - Successfully saved ORLY data (1256 rows)
2025-12-13 22:21:46,330 - INFO - Processing 355/503 : OTIS - Otis Worldwide - 5y
2025-12-13 22:21:46,995 - INFO - Successfully saved OTIS data (1256 rows)
2025-12-13 22:21:46,997 - INFO - Processing 356/503 : OXY - Occidental Petroleum - 5y
2025-12-13 22:21:47,678 - INFO - Successfully saved OXY data (1256 rows)
2025-12-13 22:21:47,679 - INFO - Processing 357/503 : PANW - Palo Alto Networks - 5y
2025-12-13 22:21:48,356 - INFO - Successfully saved PANW data (1256 rows)
2025-12-13 22:21:48,358 - INFO - Processing 358/503 : PAYC - Paycom - 5y
2025-12-13 22:21:48,939 - INFO - Successfully saved PAYC data (1256 rows)
2025-12-13 22:21:48,940 - INFO - Processing 359/503 : PAYX - Paychex - 5y
2025-12-13 22:21:49,569 - INFO - Successfully saved PAYX data (1256 rows)
2025-12-13 22:21:49,570 - INFO - Processing 360/503 : PCAR - Paccar - 5y
2025-12-13 22:21:50,351 - INFO - Successfully saved PCAR data (1256 rows)
2025-12-13 22:21:50,353 - INFO - Processing 361/503 : PCG - PG&E Corporation - 5y
2025-12-13 22:21:50,935 - INFO - Successfully saved PCG data (1256 rows)
2025-12-13 22:21:50,936 - INFO - Processing 362/503 : PEG - Public Service Enterprise Group - 5y
2025-12-13 22:21:51,533 - INFO - Successfully saved PEG data (1256 rows)
2025-12-13 22:21:51,535 - INFO - Processing 363/503 : PEP - PepsiCo - 5y
2025-12-13 22:21:52,364 - INFO - Successfully saved PEP data (1256 rows)
2025-12-13 22:21:52,365 - INFO - Processing 364/503 : PFE - Pfizer - 5y
2025-12-13 22:21:53,020 - INFO - Successfully saved PFE data (1256 rows)
2025-12-13 22:21:53,021 - INFO - Processing 365/503 : PFG - Principal Financial Group - 5y
2025-12-13 22:21:53,755 - INFO - Successfully saved PFG data (1256 rows)
2025-12-13 22:21:53,756 - INFO - Processing 366/503 : PG - Procter & Gamble - 5y
2025-12-13 22:21:54,407 - INFO - Successfully saved PG data (1256 rows)
2025-12-13 22:21:54,408 - INFO - Processing 367/503 : PGR - Progressive Corporation - 5y
2025-12-13 22:21:55,776 - INFO - Successfully saved PGR data (1256 rows)
2025-12-13 22:21:55,777 - INFO - Processing 368/503 : PH - Parker Hannifin - 5y
2025-12-13 22:21:56,481 - INFO - Successfully saved PH data (1256 rows)
2025-12-13 22:21:56,482 - INFO - Processing 369/503 : PHM - PulteGroup - 5y
2025-12-13 22:21:57,077 - INFO - Successfully saved PHM data (1256 rows)
2025-12-13 22:21:57,078 - INFO - Processing 370/503 : PKG - Packaging Corporation of America - 5y
2025-12-13 22:21:57,599 - INFO - Successfully saved PKG data (1256 rows)
2025-12-13 22:21:57,600 - INFO - Processing 371/503 : PLD - Prologis - 5y
2025-12-13 22:21:58,140 - INFO - Successfully saved PLD data (1256 rows)
2025-12-13 22:21:58,141 - INFO - Processing 372/503 : PLTR - Palantir Technologies - 5y
2025-12-13 22:21:59,031 - INFO - Successfully saved PLTR data (1256 rows)
2025-12-13 22:21:59,032 - INFO - Processing 373/503 : PM - Philip Morris International - 5y
2025-12-13 22:21:59,540 - INFO - Successfully saved PM data (1256 rows)
2025-12-13 22:21:59,541 - INFO - Processing 374/503 : PNC - PNC Financial Services - 5y
2025-12-13 22:22:00,247 - INFO - Successfully saved PNC data (1256 rows)
2025-12-13 22:22:00,249 - INFO - Processing 375/503 : PNR - Pentair - 5y
2025-12-13 22:22:00,906 - INFO - Successfully saved PNR data (1256 rows)
2025-12-13 22:22:00,907 - INFO - Processing 376/503 : PNW - Pinnacle West Capital - 5y
2025-12-13 22:22:01,480 - INFO - Successfully saved PNW data (1256 rows)
2025-12-13 22:22:01,481 - INFO - Processing 377/503 : PODD - Insulet Corporation - 5y
2025-12-13 22:22:02,108 - INFO - Successfully saved PODD data (1256 rows)
2025-12-13 22:22:02,109 - INFO - Processing 378/503 : POOL - Pool Corporation - 5y
2025-12-13 22:22:02,706 - INFO - Successfully saved POOL data (1256 rows)
2025-12-13 22:22:02,707 - INFO - Processing 379/503 : PPG - PPG Industries - 5y
2025-12-13 22:22:03,323 - INFO - Successfully saved PPG data (1256 rows)
2025-12-13 22:22:03,324 - INFO - Processing 380/503 : PPL - PPL Corporation - 5y
2025-12-13 22:22:03,950 - INFO - Successfully saved PPL data (1256 rows)
2025-12-13 22:22:03,951 - INFO - Processing 381/503 : PRU - Prudential Financial - 5y
2025-12-13 22:22:04,534 - INFO - Successfully saved PRU data (1256 rows)
2025-12-13 22:22:04,535 - INFO - Processing 382/503 : PSA - Public Storage - 5y
2025-12-13 22:22:05,128 - INFO - Successfully saved PSA data (1256 rows)
2025-12-13 22:22:05,129 - INFO - Processing 383/503 : PSKY - Paramount Skydance Corporation - 5y
2025-12-13 22:22:05,729 - INFO - Successfully saved PSKY data (1256 rows)
2025-12-13 22:22:05,730 - INFO - Processing 384/503 : PSX - Phillips 66 - 5y
2025-12-13 22:22:06,311 - INFO - Successfully saved PSX data (1256 rows)
2025-12-13 22:22:06,312 - INFO - Processing 385/503 : PTC - PTC Inc. - 5y
2025-12-13 22:22:06,903 - INFO - Successfully saved PTC data (1256 rows)
2025-12-13 22:22:06,904 - INFO - Processing 386/503 : PWR - Quanta Services - 5y
2025-12-13 22:22:07,476 - INFO - Successfully saved PWR data (1256 rows)
2025-12-13 22:22:07,477 - INFO - Processing 387/503 : PYPL - PayPal - 5y
2025-12-13 22:22:08,147 - INFO - Successfully saved PYPL data (1256 rows)
2025-12-13 22:22:08,148 - INFO - Processing 388/503 : QCOM - Qualcomm - 5y
2025-12-13 22:22:09,372 - INFO - Successfully saved QCOM data (1256 rows)
2025-12-13 22:22:09,373 - INFO - Processing 389/503 : RCL - Royal Caribbean Group - 5y
2025-12-13 22:22:10,003 - INFO - Successfully saved RCL data (1256 rows)
2025-12-13 22:22:10,004 - INFO - Processing 390/503 : REG - Regency Centers - 5y
2025-12-13 22:22:10,624 - INFO - Successfully saved REG data (1256 rows)
2025-12-13 22:22:10,625 - INFO - Processing 391/503 : REGN - Regeneron Pharmaceuticals - 5y
2025-12-13 22:22:11,280 - INFO - Successfully saved REGN data (1256 rows)
2025-12-13 22:22:11,281 - INFO - Processing 392/503 : RF - Regions Financial Corporation - 5y
2025-12-13 22:22:11,852 - INFO - Successfully saved RF data (1256 rows)
2025-12-13 22:22:11,853 - INFO - Processing 393/503 : RJF - Raymond James Financial - 5y
2025-12-13 22:22:12,587 - INFO - Successfully saved RJF data (1256 rows)
2025-12-13 22:22:12,588 - INFO - Processing 394/503 : RL - Ralph Lauren Corporation - 5y
2025-12-13 22:22:13,349 - INFO - Successfully saved RL data (1256 rows)
2025-12-13 22:22:13,350 - INFO - Processing 395/503 : RMD - ResMed - 5y
2025-12-13 22:22:14,053 - INFO - Successfully saved RMD data (1256 rows)
2025-12-13 22:22:14,054 - INFO - Processing 396/503 : ROK - Rockwell Automation - 5y
2025-12-13 22:22:14,611 - INFO - Successfully saved ROK data (1256 rows)
2025-12-13 22:22:14,613 - INFO - Processing 397/503 : ROL - Rollins, Inc. - 5y
2025-12-13 22:22:15,226 - INFO - Successfully saved ROL data (1256 rows)
2025-12-13 22:22:15,227 - INFO - Processing 398/503 : ROP - Roper Technologies - 5y
2025-12-13 22:22:15,847 - INFO - Successfully saved ROP data (1256 rows)
2025-12-13 22:22:15,848 - INFO - Processing 399/503 : ROST - Ross Stores - 5y
2025-12-13 22:22:16,435 - INFO - Successfully saved ROST data (1256 rows)
2025-12-13 22:22:16,436 - INFO - Processing 400/503 : RSG - Republic Services - 5y
2025-12-13 22:22:17,101 - INFO - Successfully saved RSG data (1256 rows)
2025-12-13 22:22:17,102 - INFO - Processing 401/503 : RTX - RTX Corporation - 5y
2025-12-13 22:22:17,779 - INFO - Successfully saved RTX data (1256 rows)
2025-12-13 22:22:17,781 - INFO - Processing 402/503 : RVTY - Revvity - 5y
2025-12-13 22:22:18,415 - INFO - Successfully saved RVTY data (1256 rows)
2025-12-13 22:22:18,416 - INFO - Processing 403/503 : SBAC - SBA Communications - 5y
2025-12-13 22:22:19,097 - INFO - Successfully saved SBAC data (1256 rows)
2025-12-13 22:22:19,098 - INFO - Processing 404/503 : SBUX - Starbucks - 5y
2025-12-13 22:22:19,558 - INFO - Successfully saved SBUX data (1256 rows)
2025-12-13 22:22:19,559 - INFO - Processing 405/503 : SCHW - Charles Schwab Corporation - 5y
2025-12-13 22:22:20,096 - INFO - Successfully saved SCHW data (1256 rows)
2025-12-13 22:22:20,097 - INFO - Processing 406/503 : SHW - Sherwin-Williams - 5y
2025-12-13 22:22:20,703 - INFO - Successfully saved SHW data (1256 rows)
2025-12-13 22:22:20,704 - INFO - Processing 407/503 : SJM - J.M. Smucker Company (The) - 5y
2025-12-13 22:22:21,190 - INFO - Successfully saved SJM data (1256 rows)
2025-12-13 22:22:21,190 - INFO - Processing 408/503 : SLB - Schlumberger - 5y
2025-12-13 22:22:21,724 - INFO - Successfully saved SLB data (1256 rows)
2025-12-13 22:22:21,725 - INFO - Processing 409/503 : SMCI - Supermicro - 5y
2025-12-13 22:22:22,247 - INFO - Successfully saved SMCI data (1256 rows)
2025-12-13 22:22:22,247 - INFO - Processing 410/503 : SNA - Snap-on - 5y
2025-12-13 22:22:23,214 - INFO - Successfully saved SNA data (1256 rows)
2025-12-13 22:22:23,215 - INFO - Processing 411/503 : SNPS - Synopsys - 5y
2025-12-13 22:22:23,774 - INFO - Successfully saved SNPS data (1256 rows)
2025-12-13 22:22:23,775 - INFO - Processing 412/503 : SO - Southern Company - 5y
2025-12-13 22:22:24,301 - INFO - Successfully saved SO data (1256 rows)
2025-12-13 22:22:24,302 - INFO - Processing 413/503 : SOLV - Solventum - 5y
2025-12-13 22:22:24,682 - INFO - Successfully saved SOLV data (432 rows)
2025-12-13 22:22:24,683 - INFO - Processing 414/503 : SPG - Simon Property Group - 5y
2025-12-13 22:22:25,252 - INFO - Successfully saved SPG data (1256 rows)
2025-12-13 22:22:25,253 - INFO - Processing 415/503 : SPGI - S&P Global - 5y
2025-12-13 22:22:26,030 - INFO - Successfully saved SPGI data (1256 rows)
2025-12-13 22:22:26,031 - INFO - Processing 416/503 : SRE - Sempra - 5y
2025-12-13 22:22:26,751 - INFO - Successfully saved SRE data (1256 rows)
2025-12-13 22:22:26,752 - INFO - Processing 417/503 : STE - Steris - 5y
2025-12-13 22:22:27,549 - INFO - Successfully saved STE data (1256 rows)
2025-12-13 22:22:27,550 - INFO - Processing 418/503 : STLD - Steel Dynamics - 5y
2025-12-13 22:22:28,104 - INFO - Successfully saved STLD data (1256 rows)
2025-12-13 22:22:28,105 - INFO - Processing 419/503 : STT - State Street Corporation - 5y
2025-12-13 22:22:28,699 - INFO - Successfully saved STT data (1256 rows)
2025-12-13 22:22:28,700 - INFO - Processing 420/503 : STX - Seagate Technology - 5y
2025-12-13 22:22:29,346 - INFO - Successfully saved STX data (1256 rows)
2025-12-13 22:22:29,347 - INFO - Processing 421/503 : STZ - Constellation Brands - 5y
2025-12-13 22:22:29,961 - INFO - Successfully saved STZ data (1256 rows)
2025-12-13 22:22:29,962 - INFO - Processing 422/503 : SW - Smurfit Westrock - 5y
2025-12-13 22:22:30,409 - INFO - Successfully saved SW data (1256 rows)
2025-12-13 22:22:30,410 - INFO - Processing 423/503 : SWK - Stanley Black & Decker - 5y
2025-12-13 22:22:31,254 - INFO - Successfully saved SWK data (1256 rows)
2025-12-13 22:22:31,255 - INFO - Processing 424/503 : SWKS - Skyworks Solutions - 5y
2025-12-13 22:22:31,761 - INFO - Successfully saved SWKS data (1256 rows)
2025-12-13 22:22:31,762 - INFO - Processing 425/503 : SYF - Synchrony Financial - 5y
2025-12-13 22:22:32,364 - INFO - Successfully saved SYF data (1256 rows)
2025-12-13 22:22:32,365 - INFO - Processing 426/503 : SYK - Stryker Corporation - 5y
2025-12-13 22:22:33,044 - INFO - Successfully saved SYK data (1256 rows)
2025-12-13 22:22:33,046 - INFO - Processing 427/503 : SYY - Sysco - 5y
2025-12-13 22:22:33,538 - INFO - Successfully saved SYY data (1256 rows)
2025-12-13 22:22:33,539 - INFO - Processing 428/503 : T - AT&T - 5y
2025-12-13 22:22:34,151 - INFO - Successfully saved T data (1256 rows)
2025-12-13 22:22:34,152 - INFO - Processing 429/503 : TAP - Molson Coors Beverage Company - 5y
2025-12-13 22:22:34,838 - INFO - Successfully saved TAP data (1256 rows)
2025-12-13 22:22:34,839 - INFO - Processing 430/503 : TDG - TransDigm Group - 5y
2025-12-13 22:22:35,438 - INFO - Successfully saved TDG data (1256 rows)
2025-12-13 22:22:35,439 - INFO - Processing 431/503 : TDY - Teledyne Technologies - 5y
2025-12-13 22:22:36,017 - INFO - Successfully saved TDY data (1256 rows)
2025-12-13 22:22:36,018 - INFO - Processing 432/503 : TECH - Bio-Techne - 5y
2025-12-13 22:22:36,618 - INFO - Successfully saved TECH data (1256 rows)
2025-12-13 22:22:36,619 - INFO - Processing 433/503 : TEL - TE Connectivity - 5y
2025-12-13 22:22:37,162 - INFO - Successfully saved TEL data (1256 rows)
2025-12-13 22:22:37,162 - INFO - Processing 434/503 : TER - Teradyne - 5y
2025-12-13 22:22:37,694 - INFO - Successfully saved TER data (1256 rows)
2025-12-13 22:22:37,695 - INFO - Processing 435/503 : TFC - Truist Financial - 5y
2025-12-13 22:22:38,458 - INFO - Successfully saved TFC data (1256 rows)
2025-12-13 22:22:38,459 - INFO - Processing 436/503 : TGT - Target Corporation - 5y
2025-12-13 22:22:39,192 - INFO - Successfully saved TGT data (1256 rows)
2025-12-13 22:22:39,193 - INFO - Processing 437/503 : TJX - TJX Companies - 5y
2025-12-13 22:22:39,704 - INFO - Successfully saved TJX data (1256 rows)
2025-12-13 22:22:39,705 - INFO - Processing 438/503 : TKO - TKO Group Holdings - 5y
2025-12-13 22:22:40,272 - INFO - Successfully saved TKO data (1256 rows)
2025-12-13 22:22:40,273 - INFO - Processing 439/503 : TMO - Thermo Fisher Scientific - 5y
2025-12-13 22:22:40,913 - INFO - Successfully saved TMO data (1256 rows)
2025-12-13 22:22:40,914 - INFO - Processing 440/503 : TMUS - T-Mobile US - 5y
2025-12-13 22:22:41,682 - INFO - Successfully saved TMUS data (1256 rows)
2025-12-13 22:22:41,684 - INFO - Processing 441/503 : TPL - Texas Pacific Land Corporation - 5y
2025-12-13 22:22:42,441 - INFO - Successfully saved TPL data (1256 rows)
2025-12-13 22:22:42,442 - INFO - Processing 442/503 : TPR - Tapestry, Inc. - 5y
2025-12-13 22:22:43,365 - INFO - Successfully saved TPR data (1256 rows)
2025-12-13 22:22:43,366 - INFO - Processing 443/503 : TRGP - Targa Resources - 5y
2025-12-13 22:22:43,946 - INFO - Successfully saved TRGP data (1256 rows)
2025-12-13 22:22:43,947 - INFO - Processing 444/503 : TRMB - Trimble Inc. - 5y
2025-12-13 22:22:44,517 - INFO - Successfully saved TRMB data (1256 rows)
2025-12-13 22:22:44,518 - INFO - Processing 445/503 : TROW - T. Rowe Price - 5y
2025-12-13 22:22:45,153 - INFO - Successfully saved TROW data (1256 rows)
2025-12-13 22:22:45,154 - INFO - Processing 446/503 : TRV - Travelers Companies (The) - 5y
2025-12-13 22:22:45,827 - INFO - Successfully saved TRV data (1256 rows)
2025-12-13 22:22:45,827 - INFO - Processing 447/503 : TSCO - Tractor Supply - 5y
2025-12-13 22:22:46,474 - INFO - Successfully saved TSCO data (1256 rows)
2025-12-13 22:22:46,476 - INFO - Processing 448/503 : TSLA - Tesla, Inc. - 5y
2025-12-13 22:22:46,940 - INFO - Successfully saved TSLA data (1256 rows)
2025-12-13 22:22:46,941 - INFO - Processing 449/503 : TSN - Tyson Foods - 5y
2025-12-13 22:22:47,612 - INFO - Successfully saved TSN data (1256 rows)
2025-12-13 22:22:47,613 - INFO - Processing 450/503 : TT - Trane Technologies - 5y
2025-12-13 22:22:48,208 - INFO - Successfully saved TT data (1256 rows)
2025-12-13 22:22:48,209 - INFO - Processing 451/503 : TTD - Trade Desk (The) - 5y
2025-12-13 22:22:48,754 - INFO - Successfully saved TTD data (1256 rows)
2025-12-13 22:22:48,755 - INFO - Processing 452/503 : TTWO - Take-Two Interactive - 5y
2025-12-13 22:22:49,278 - INFO - Successfully saved TTWO data (1256 rows)
2025-12-13 22:22:49,279 - INFO - Processing 453/503 : TXN - Texas Instruments - 5y
2025-12-13 22:22:50,399 - INFO - Successfully saved TXN data (1256 rows)
2025-12-13 22:22:50,400 - INFO - Processing 454/503 : TXT - Textron - 5y
2025-12-13 22:22:51,010 - INFO - Successfully saved TXT data (1256 rows)
2025-12-13 22:22:51,011 - INFO - Processing 455/503 : TYL - Tyler Technologies - 5y
2025-12-13 22:22:51,700 - INFO - Successfully saved TYL data (1256 rows)
2025-12-13 22:22:51,701 - INFO - Processing 456/503 : UAL - United Airlines Holdings - 5y
2025-12-13 22:22:52,206 - INFO - Successfully saved UAL data (1256 rows)
2025-12-13 22:22:52,207 - INFO - Processing 457/503 : UBER - Uber - 5y
2025-12-13 22:22:52,727 - INFO - Successfully saved UBER data (1256 rows)
2025-12-13 22:22:52,728 - INFO - Processing 458/503 : UDR - UDR, Inc. - 5y
2025-12-13 22:22:53,753 - INFO - Successfully saved UDR data (1256 rows)
2025-12-13 22:22:53,754 - INFO - Processing 459/503 : UHS - Universal Health Services - 5y
2025-12-13 22:22:54,481 - INFO - Successfully saved UHS data (1256 rows)
2025-12-13 22:22:54,482 - INFO - Processing 460/503 : ULTA - Ulta Beauty - 5y
2025-12-13 22:22:55,010 - INFO - Successfully saved ULTA data (1256 rows)
2025-12-13 22:22:55,011 - INFO - Processing 461/503 : UNH - UnitedHealth Group - 5y
2025-12-13 22:22:55,684 - INFO - Successfully saved UNH data (1256 rows)
2025-12-13 22:22:55,685 - INFO - Processing 462/503 : UNP - Union Pacific Corporation - 5y
2025-12-13 22:22:56,285 - INFO - Successfully saved UNP data (1256 rows)
2025-12-13 22:22:56,286 - INFO - Processing 463/503 : UPS - United Parcel Service - 5y
2025-12-13 22:22:56,914 - INFO - Successfully saved UPS data (1256 rows)
2025-12-13 22:22:56,915 - INFO - Processing 464/503 : URI - United Rentals - 5y
2025-12-13 22:22:57,474 - INFO - Successfully saved URI data (1256 rows)
2025-12-13 22:22:57,475 - INFO - Processing 465/503 : USB - U.S. Bancorp - 5y
2025-12-13 22:22:58,599 - INFO - Successfully saved USB data (1256 rows)
2025-12-13 22:22:58,600 - INFO - Processing 466/503 : V - Visa Inc. - 5y
2025-12-13 22:22:59,222 - INFO - Successfully saved V data (1256 rows)
2025-12-13 22:22:59,223 - INFO - Processing 467/503 : VICI - Vici Properties - 5y
2025-12-13 22:22:59,776 - INFO - Successfully saved VICI data (1256 rows)
2025-12-13 22:22:59,777 - INFO - Processing 468/503 : VLO - Valero Energy - 5y
2025-12-13 22:23:00,455 - INFO - Successfully saved VLO data (1256 rows)
2025-12-13 22:23:00,456 - INFO - Processing 469/503 : VLTO - Veralto - 5y
2025-12-13 22:23:00,877 - INFO - Successfully saved VLTO data (551 rows)
2025-12-13 22:23:00,878 - INFO - Processing 470/503 : VMC - Vulcan Materials Company - 5y
2025-12-13 22:23:01,510 - INFO - Successfully saved VMC data (1256 rows)
2025-12-13 22:23:01,510 - INFO - Processing 471/503 : VRSK - Verisk Analytics - 5y
2025-12-13 22:23:02,124 - INFO - Successfully saved VRSK data (1256 rows)
2025-12-13 22:23:02,125 - INFO - Processing 472/503 : VRSN - Verisign - 5y
2025-12-13 22:23:02,754 - INFO - Successfully saved VRSN data (1256 rows)
2025-12-13 22:23:02,755 - INFO - Processing 473/503 : VRTX - Vertex Pharmaceuticals - 5y
2025-12-13 22:23:03,292 - INFO - Successfully saved VRTX data (1256 rows)
2025-12-13 22:23:03,293 - INFO - Processing 474/503 : VST - Vistra Corp. - 5y
2025-12-13 22:23:04,013 - INFO - Successfully saved VST data (1256 rows)
2025-12-13 22:23:04,014 - INFO - Processing 475/503 : VTR - Ventas - 5y
2025-12-13 22:23:04,654 - INFO - Successfully saved VTR data (1256 rows)
2025-12-13 22:23:04,656 - INFO - Processing 476/503 : VTRS - Viatris - 5y
2025-12-13 22:23:05,307 - INFO - Successfully saved VTRS data (1256 rows)
2025-12-13 22:23:05,308 - INFO - Processing 477/503 : VZ - Verizon - 5y
2025-12-13 22:23:06,116 - INFO - Successfully saved VZ data (1256 rows)
2025-12-13 22:23:06,118 - INFO - Processing 478/503 : WAB - Wabtec - 5y
2025-12-13 22:23:06,732 - INFO - Successfully saved WAB data (1256 rows)
2025-12-13 22:23:06,733 - INFO - Processing 479/503 : WAT - Waters Corporation - 5y
2025-12-13 22:23:07,562 - INFO - Successfully saved WAT data (1256 rows)
2025-12-13 22:23:07,564 - INFO - Processing 480/503 : WBA - Walgreens Boots Alliance - 5y
2025-12-13 22:23:09,404 - ERROR - HTTP Error 404: {"quoteSummary":{"result":null,"error":{"code":"Not Found","description":"Quote not found for symbol: WBA"}}}
2025-12-13 22:23:10,235 - ERROR - 
1 Failed download:
2025-12-13 22:23:10,235 - ERROR - ['WBA']: YFPricesMissingError('possibly delisted; no price data found  (period=5y) (Yahoo error = "No data found, symbol may be delisted")')
2025-12-13 22:23:10,239 - ERROR - No data returned for WBA
2025-12-13 22:23:10,240 - INFO - Processing 481/503 : WBD - Warner Bros. Discovery - 5y
2025-12-13 22:23:10,855 - INFO - Successfully saved WBD data (1256 rows)
2025-12-13 22:23:10,856 - INFO - Processing 482/503 : WDAY - Workday, Inc. - 5y
2025-12-13 22:23:11,339 - INFO - Successfully saved WDAY data (1256 rows)
2025-12-13 22:23:11,340 - INFO - Processing 483/503 : WDC - Western Digital - 5y
2025-12-13 22:23:12,079 - INFO - Successfully saved WDC data (1256 rows)
2025-12-13 22:23:12,081 - INFO - Processing 484/503 : WEC - WEC Energy Group - 5y
2025-12-13 22:23:12,963 - INFO - Successfully saved WEC data (1256 rows)
2025-12-13 22:23:12,964 - INFO - Processing 485/503 : WELL - Welltower - 5y
2025-12-13 22:23:14,102 - INFO - Successfully saved WELL data (1256 rows)
2025-12-13 22:23:14,103 - INFO - Processing 486/503 : WFC - Wells Fargo - 5y
2025-12-13 22:23:14,744 - INFO - Successfully saved WFC data (1256 rows)
2025-12-13 22:23:14,745 - INFO - Processing 487/503 : WM - Waste Management - 5y
2025-12-13 22:23:15,682 - INFO - Successfully saved WM data (1256 rows)
2025-12-13 22:23:15,684 - INFO - Processing 488/503 : WMB - Williams Companies - 5y
2025-12-13 22:23:16,330 - INFO - Successfully saved WMB data (1256 rows)
2025-12-13 22:23:16,331 - INFO - Processing 489/503 : WMT - Walmart - 5y
2025-12-13 22:23:16,992 - INFO - Successfully saved WMT data (1256 rows)
2025-12-13 22:23:16,994 - INFO - Processing 490/503 : WRB - W. R. Berkley Corporation - 5y
2025-12-13 22:23:17,630 - INFO - Successfully saved WRB data (1256 rows)
2025-12-13 22:23:17,631 - INFO - Processing 491/503 : WSM - Williams-Sonoma, Inc. - 5y
2025-12-13 22:23:18,250 - INFO - Successfully saved WSM data (1256 rows)
2025-12-13 22:23:18,252 - INFO - Processing 492/503 : WST - West Pharmaceutical Services - 5y
2025-12-13 22:23:19,068 - INFO - Successfully saved WST data (1256 rows)
2025-12-13 22:23:19,069 - INFO - Processing 493/503 : WTW - Willis Towers Watson - 5y
2025-12-13 22:23:19,518 - INFO - Successfully saved WTW data (1256 rows)
2025-12-13 22:23:19,519 - INFO - Processing 494/503 : WY - Weyerhaeuser - 5y
2025-12-13 22:23:20,103 - INFO - Successfully saved WY data (1256 rows)
2025-12-13 22:23:20,105 - INFO - Processing 495/503 : WYNN - Wynn Resorts - 5y
2025-12-13 22:23:20,727 - INFO - Successfully saved WYNN data (1256 rows)
2025-12-13 22:23:20,729 - INFO - Processing 496/503 : XEL - Xcel Energy - 5y
2025-12-13 22:23:21,385 - INFO - Successfully saved XEL data (1256 rows)
2025-12-13 22:23:21,387 - INFO - Processing 497/503 : XOM - ExxonMobil - 5y
2025-12-13 22:23:22,252 - INFO - Successfully saved XOM data (1256 rows)
2025-12-13 22:23:22,253 - INFO - Processing 498/503 : XYL - Xylem Inc. - 5y
2025-12-13 22:23:23,045 - INFO - Successfully saved XYL data (1256 rows)
2025-12-13 22:23:23,047 - INFO - Processing 499/503 : XYZ - Block, Inc. - 5y
2025-12-13 22:23:23,648 - INFO - Successfully saved XYZ data (1256 rows)
2025-12-13 22:23:23,649 - INFO - Processing 500/503 : YUM - Yum! Brands - 5y
2025-12-13 22:23:24,285 - INFO - Successfully saved YUM data (1256 rows)
2025-12-13 22:23:24,286 - INFO - Processing 501/503 : ZBH - Zimmer Biomet - 5y
2025-12-13 22:23:24,932 - INFO - Successfully saved ZBH data (1256 rows)
2025-12-13 22:23:24,933 - INFO - Processing 502/503 : ZBRA - Zebra Technologies - 5y
2025-12-13 22:23:25,838 - INFO - Successfully saved ZBRA data (1256 rows)
2025-12-13 22:23:25,839 - INFO - Processing 503/503 : ZTS - Zoetis - 5y
2025-12-13 22:23:27,108 - INFO - Successfully saved ZTS data (1256 rows)
2025-12-13 22:23:27,109 - INFO - S&P 500 data download process completed
