2025-11-09 07:31:55,627 - INFO - Loaded S&P 500 list with 503 companies data
2025-11-09 07:31:55,628 - INFO - Starting S&P 500 data download process
2025-11-09 07:31:55,682 - INFO - Processing 1/503 : A - Agilent Technologies - 4w
2025-11-09 07:31:57,873 - ERROR - 
1 Failed download:
2025-11-09 07:31:57,873 - ERROR - ['A']: YFInvalidPeriodError("A: Period '4w' is invalid, must be one of: 1d, 5d, 1mo, 3mo, 6mo, 1y, 2y, 5y, 10y, ytd, max")
2025-11-09 07:31:58,153 - ERROR - No data returned for A
2025-11-09 07:31:58,153 - INFO - Processing 2/503 : AAPL - Apple Inc. - 4w
2025-11-09 07:31:58,741 - ERROR - 
1 Failed download:
2025-11-09 07:31:58,741 - ERROR - ['AAPL']: YFInvalidPeriodError("AAPL: Period '4w' is invalid, must be one of: 1d, 5d, 1mo, 3mo, 6mo, 1y, 2y, 5y, 10y, ytd, max")
2025-11-09 07:31:58,743 - ERROR - No data returned for AAPL
2025-11-09 07:31:58,744 - INFO - Processing 3/503 : ABBV - AbbVie - 4w
2025-11-09 07:31:59,018 - ERROR - 
1 Failed download:
2025-11-09 07:31:59,018 - ERROR - ['ABBV']: YFInvalidPeriodError("ABBV: Period '4w' is invalid, must be one of: 1d, 5d, 1mo, 3mo, 6mo, 1y, 2y, 5y, 10y, ytd, max")
2025-11-09 07:31:59,020 - ERROR - No data returned for ABBV
2025-11-09 07:31:59,020 - INFO - Processing 4/503 : ABNB - Airbnb - 4w
2025-11-09 07:31:59,536 - ERROR - 
1 Failed download:
2025-11-09 07:31:59,536 - ERROR - ['ABNB']: YFInvalidPeriodError("ABNB: Period '4w' is invalid, must be one of: 1d, 5d, 1mo, 3mo, 6mo, 1y, 2y, 5y, ytd, max")
2025-11-09 07:31:59,538 - ERROR - No data returned for ABNB
2025-11-09 07:31:59,538 - INFO - Processing 5/503 : ABT - Abbott Laboratories - 4w
2025-11-09 07:32:00,013 - ERROR - 
1 Failed download:
2025-11-09 07:32:00,013 - ERROR - ['ABT']: YFInvalidPeriodError("ABT: Period '4w' is invalid, must be one of: 1d, 5d, 1mo, 3mo, 6mo, 1y, 2y, 5y, 10y, ytd, max")
2025-11-09 07:32:00,015 - ERROR - No data returned for ABT
2025-11-09 07:32:00,015 - INFO - Processing 6/503 : ACGL - Arch Capital Group - 4w
2025-11-09 07:32:00,310 - ERROR - 
1 Failed download:
2025-11-09 07:32:00,310 - ERROR - ['ACGL']: YFInvalidPeriodError("ACGL: Period '4w' is invalid, must be one of: 1d, 5d, 1mo, 3mo, 6mo, 1y, 2y, 5y, 10y, ytd, max")
2025-11-09 07:32:00,312 - ERROR - No data returned for ACGL
2025-11-09 07:32:00,312 - INFO - Processing 7/503 : ACN - Accenture - 4w
2025-11-09 07:32:00,626 - ERROR - 
1 Failed download:
2025-11-09 07:32:00,627 - ERROR - ['ACN']: YFInvalidPeriodError("ACN: Period '4w' is invalid, must be one of: 1d, 5d, 1mo, 3mo, 6mo, 1y, 2y, 5y, 10y, ytd, max")
2025-11-09 07:32:00,629 - ERROR - No data returned for ACN
2025-11-09 07:32:00,629 - INFO - Processing 8/503 : ADBE - Adobe Inc. - 4w
2025-11-09 07:32:00,912 - ERROR - 
1 Failed download:
2025-11-09 07:32:00,912 - ERROR - ['ADBE']: YFInvalidPeriodError("ADBE: Period '4w' is invalid, must be one of: 1d, 5d, 1mo, 3mo, 6mo, 1y, 2y, 5y, 10y, ytd, max")
2025-11-09 07:32:00,914 - ERROR - No data returned for ADBE
2025-11-09 07:32:00,914 - INFO - Processing 9/503 : ADI - Analog Devices - 4w
2025-11-09 07:32:01,229 - ERROR - 
1 Failed download:
2025-11-09 07:32:01,229 - ERROR - ['ADI']: YFInvalidPeriodError("ADI: Period '4w' is invalid, must be one of: 1d, 5d, 1mo, 3mo, 6mo, 1y, 2y, 5y, 10y, ytd, max")
2025-11-09 07:32:01,231 - ERROR - No data returned for ADI
2025-11-09 07:32:01,231 - INFO - Processing 10/503 : ADM - Archer Daniels Midland - 4w
2025-11-09 07:32:01,546 - ERROR - 
1 Failed download:
2025-11-09 07:32:01,546 - ERROR - ['ADM']: YFInvalidPeriodError("ADM: Period '4w' is invalid, must be one of: 1d, 5d, 1mo, 3mo, 6mo, 1y, 2y, 5y, 10y, ytd, max")
2025-11-09 07:32:01,548 - ERROR - No data returned for ADM
2025-11-09 07:32:01,548 - INFO - Processing 11/503 : ADP - Automatic Data Processing - 4w
2025-11-09 07:32:01,892 - ERROR - 
1 Failed download:
2025-11-09 07:32:01,892 - ERROR - ['ADP']: YFInvalidPeriodError("ADP: Period '4w' is invalid, must be one of: 1d, 5d, 1mo, 3mo, 6mo, 1y, 2y, 5y, 10y, ytd, max")
2025-11-09 07:32:01,894 - ERROR - No data returned for ADP
2025-11-09 07:32:01,895 - INFO - Processing 12/503 : ADSK - Autodesk - 4w
2025-11-09 07:32:02,159 - ERROR - 
1 Failed download:
2025-11-09 07:32:02,159 - ERROR - ['ADSK']: YFInvalidPeriodError("ADSK: Period '4w' is invalid, must be one of: 1d, 5d, 1mo, 3mo, 6mo, 1y, 2y, 5y, 10y, ytd, max")
2025-11-09 07:32:02,161 - ERROR - No data returned for ADSK
2025-11-09 07:32:02,161 - INFO - Processing 13/503 : AEE - Ameren - 4w
2025-11-09 07:32:02,465 - ERROR - 
1 Failed download:
2025-11-09 07:32:02,465 - ERROR - ['AEE']: YFInvalidPeriodError("AEE: Period '4w' is invalid, must be one of: 1d, 5d, 1mo, 3mo, 6mo, 1y, 2y, 5y, 10y, ytd, max")
2025-11-09 07:32:02,467 - ERROR - No data returned for AEE
2025-11-09 07:32:02,467 - INFO - Processing 14/503 : AEP - American Electric Power - 4w
2025-11-09 07:32:02,811 - ERROR - 
1 Failed download:
2025-11-09 07:32:02,811 - ERROR - ['AEP']: YFInvalidPeriodError("AEP: Period '4w' is invalid, must be one of: 1d, 5d, 1mo, 3mo, 6mo, 1y, 2y, 5y, 10y, ytd, max")
2025-11-09 07:32:02,813 - ERROR - No data returned for AEP
2025-11-09 07:32:02,813 - INFO - Processing 15/503 : AES - AES Corporation - 4w
2025-11-09 07:32:03,126 - ERROR - 
1 Failed download:
2025-11-09 07:32:03,127 - ERROR - ['AES']: YFInvalidPeriodError("AES: Period '4w' is invalid, must be one of: 1d, 5d, 1mo, 3mo, 6mo, 1y, 2y, 5y, 10y, ytd, max")
2025-11-09 07:32:03,128 - ERROR - No data returned for AES
2025-11-09 07:32:03,128 - INFO - Processing 16/503 : AFL - Aflac - 4w
2025-11-09 07:32:03,482 - ERROR - 
1 Failed download:
2025-11-09 07:32:03,482 - ERROR - ['AFL']: YFInvalidPeriodError("AFL: Period '4w' is invalid, must be one of: 1d, 5d, 1mo, 3mo, 6mo, 1y, 2y, 5y, 10y, ytd, max")
2025-11-09 07:32:03,485 - ERROR - No data returned for AFL
2025-11-09 07:32:03,485 - INFO - Processing 17/503 : AIG - American International Group - 4w
2025-11-09 07:32:03,899 - ERROR - 
1 Failed download:
2025-11-09 07:32:03,899 - ERROR - ['AIG']: YFInvalidPeriodError("AIG: Period '4w' is invalid, must be one of: 1d, 5d, 1mo, 3mo, 6mo, 1y, 2y, 5y, 10y, ytd, max")
2025-11-09 07:32:03,902 - ERROR - No data returned for AIG
2025-11-09 07:32:03,902 - INFO - Processing 18/503 : AIZ - Assurant - 4w
2025-11-09 07:32:04,195 - ERROR - 
1 Failed download:
2025-11-09 07:32:04,195 - ERROR - ['AIZ']: YFInvalidPeriodError("AIZ: Period '4w' is invalid, must be one of: 1d, 5d, 1mo, 3mo, 6mo, 1y, 2y, 5y, 10y, ytd, max")
2025-11-09 07:32:04,198 - ERROR - No data returned for AIZ
2025-11-09 07:32:04,198 - INFO - Processing 19/503 : AJG - Arthur J. Gallagher & Co. - 4w
2025-11-09 07:32:04,522 - ERROR - 
1 Failed download:
2025-11-09 07:32:04,523 - ERROR - ['AJG']: YFInvalidPeriodError("AJG: Period '4w' is invalid, must be one of: 1d, 5d, 1mo, 3mo, 6mo, 1y, 2y, 5y, 10y, ytd, max")
2025-11-09 07:32:04,524 - ERROR - No data returned for AJG
2025-11-09 07:32:04,524 - INFO - Processing 20/503 : AKAM - Akamai Technologies - 4w
2025-11-09 07:32:04,768 - ERROR - 
1 Failed download:
2025-11-09 07:32:04,768 - ERROR - ['AKAM']: YFInvalidPeriodError("AKAM: Period '4w' is invalid, must be one of: 1d, 5d, 1mo, 3mo, 6mo, 1y, 2y, 5y, 10y, ytd, max")
2025-11-09 07:32:04,770 - ERROR - No data returned for AKAM
2025-11-09 07:32:04,770 - INFO - Processing 21/503 : ALB - Albemarle Corporation - 4w
2025-11-09 07:32:05,043 - ERROR - 
1 Failed download:
2025-11-09 07:32:05,044 - ERROR - ['ALB']: YFInvalidPeriodError("ALB: Period '4w' is invalid, must be one of: 1d, 5d, 1mo, 3mo, 6mo, 1y, 2y, 5y, 10y, ytd, max")
2025-11-09 07:32:05,045 - ERROR - No data returned for ALB
2025-11-09 07:32:05,045 - INFO - Processing 22/503 : ALGN - Align Technology - 4w
2025-11-09 07:32:05,268 - ERROR - 
1 Failed download:
2025-11-09 07:32:05,269 - ERROR - ['ALGN']: YFInvalidPeriodError("ALGN: Period '4w' is invalid, must be one of: 1d, 5d, 1mo, 3mo, 6mo, 1y, 2y, 5y, 10y, ytd, max")
2025-11-09 07:32:05,270 - ERROR - No data returned for ALGN
2025-11-09 07:32:05,271 - INFO - Processing 23/503 : ALL - Allstate - 4w
2025-11-09 07:32:05,566 - ERROR - 
1 Failed download:
2025-11-09 07:32:05,566 - ERROR - ['ALL']: YFInvalidPeriodError("ALL: Period '4w' is invalid, must be one of: 1d, 5d, 1mo, 3mo, 6mo, 1y, 2y, 5y, 10y, ytd, max")
2025-11-09 07:32:05,567 - ERROR - No data returned for ALL
2025-11-09 07:32:05,568 - INFO - Processing 24/503 : ALLE - Allegion - 4w
2025-11-09 07:32:05,842 - ERROR - 
1 Failed download:
2025-11-09 07:32:05,842 - ERROR - ['ALLE']: YFInvalidPeriodError("ALLE: Period '4w' is invalid, must be one of: 1d, 5d, 1mo, 3mo, 6mo, 1y, 2y, 5y, 10y, ytd, max")
2025-11-09 07:32:05,844 - ERROR - No data returned for ALLE
2025-11-09 07:32:05,844 - INFO - Processing 25/503 : AMAT - Applied Materials - 4w
2025-11-09 07:32:06,078 - ERROR - 
1 Failed download:
2025-11-09 07:32:06,079 - ERROR - ['AMAT']: YFInvalidPeriodError("AMAT: Period '4w' is invalid, must be one of: 1d, 5d, 1mo, 3mo, 6mo, 1y, 2y, 5y, 10y, ytd, max")
2025-11-09 07:32:06,080 - ERROR - No data returned for AMAT
2025-11-09 07:32:06,081 - INFO - Processing 26/503 : AMCR - Amcor - 4w
2025-11-09 07:32:06,303 - ERROR - 
1 Failed download:
2025-11-09 07:32:06,304 - ERROR - ['AMCR']: YFInvalidPeriodError("AMCR: Period '4w' is invalid, must be one of: 1d, 5d, 1mo, 3mo, 6mo, 1y, 2y, 5y, 10y, ytd, max")
2025-11-09 07:32:06,305 - ERROR - No data returned for AMCR
2025-11-09 07:32:06,306 - INFO - Processing 27/503 : AMD - Advanced Micro Devices - 4w
2025-11-09 07:32:06,549 - ERROR - 
1 Failed download:
2025-11-09 07:32:06,549 - ERROR - ['AMD']: YFInvalidPeriodError("AMD: Period '4w' is invalid, must be one of: 1d, 5d, 1mo, 3mo, 6mo, 1y, 2y, 5y, 10y, ytd, max")
2025-11-09 07:32:06,551 - ERROR - No data returned for AMD
2025-11-09 07:32:06,552 - INFO - Processing 28/503 : AME - Ametek - 4w
2025-11-09 07:32:06,815 - ERROR - 
1 Failed download:
2025-11-09 07:32:06,815 - ERROR - ['AME']: YFInvalidPeriodError("AME: Period '4w' is invalid, must be one of: 1d, 5d, 1mo, 3mo, 6mo, 1y, 2y, 5y, 10y, ytd, max")
2025-11-09 07:32:06,817 - ERROR - No data returned for AME
2025-11-09 07:32:06,817 - INFO - Processing 29/503 : AMGN - Amgen - 4w
2025-11-09 07:32:07,060 - ERROR - 
1 Failed download:
2025-11-09 07:32:07,061 - ERROR - ['AMGN']: YFInvalidPeriodError("AMGN: Period '4w' is invalid, must be one of: 1d, 5d, 1mo, 3mo, 6mo, 1y, 2y, 5y, 10y, ytd, max")
2025-11-09 07:32:07,065 - ERROR - No data returned for AMGN
2025-11-09 07:32:07,065 - INFO - Processing 30/503 : AMP - Ameriprise Financial - 4w
2025-11-09 07:32:07,339 - ERROR - 
1 Failed download:
2025-11-09 07:32:07,340 - ERROR - ['AMP']: YFInvalidPeriodError("AMP: Period '4w' is invalid, must be one of: 1d, 5d, 1mo, 3mo, 6mo, 1y, 2y, 5y, 10y, ytd, max")
2025-11-09 07:32:07,342 - ERROR - No data returned for AMP
2025-11-09 07:32:07,342 - INFO - Processing 31/503 : AMT - American Tower - 4w
2025-11-09 07:32:07,615 - ERROR - 
1 Failed download:
2025-11-09 07:32:07,615 - ERROR - ['AMT']: YFInvalidPeriodError("AMT: Period '4w' is invalid, must be one of: 1d, 5d, 1mo, 3mo, 6mo, 1y, 2y, 5y, 10y, ytd, max")
2025-11-09 07:32:07,617 - ERROR - No data returned for AMT
2025-11-09 07:32:07,617 - INFO - Processing 32/503 : AMZN - Amazon - 4w
2025-11-09 07:32:07,851 - ERROR - 
1 Failed download:
2025-11-09 07:32:07,851 - ERROR - ['AMZN']: YFInvalidPeriodError("AMZN: Period '4w' is invalid, must be one of: 1d, 5d, 1mo, 3mo, 6mo, 1y, 2y, 5y, 10y, ytd, max")
2025-11-09 07:32:07,853 - ERROR - No data returned for AMZN
2025-11-09 07:32:07,853 - INFO - Processing 33/503 : ANET - Arista Networks - 4w
2025-11-09 07:32:08,085 - ERROR - 
1 Failed download:
2025-11-09 07:32:08,086 - ERROR - ['ANET']: YFInvalidPeriodError("ANET: Period '4w' is invalid, must be one of: 1d, 5d, 1mo, 3mo, 6mo, 1y, 2y, 5y, 10y, ytd, max")
2025-11-09 07:32:08,087 - ERROR - No data returned for ANET
2025-11-09 07:32:08,088 - INFO - Processing 34/503 : AON - Aon plc - 4w
2025-11-09 07:32:08,391 - ERROR - 
1 Failed download:
2025-11-09 07:32:08,391 - ERROR - ['AON']: YFInvalidPeriodError("AON: Period '4w' is invalid, must be one of: 1d, 5d, 1mo, 3mo, 6mo, 1y, 2y, 5y, 10y, ytd, max")
2025-11-09 07:32:08,393 - ERROR - No data returned for AON
2025-11-09 07:32:08,393 - INFO - Processing 35/503 : AOS - A. O. Smith - 4w
2025-11-09 07:32:08,696 - ERROR - 
1 Failed download:
2025-11-09 07:32:08,696 - ERROR - ['AOS']: YFInvalidPeriodError("AOS: Period '4w' is invalid, must be one of: 1d, 5d, 1mo, 3mo, 6mo, 1y, 2y, 5y, 10y, ytd, max")
2025-11-09 07:32:08,698 - ERROR - No data returned for AOS
2025-11-09 07:32:08,698 - INFO - Processing 36/503 : APA - APA Corporation - 4w
2025-11-09 07:32:08,961 - ERROR - 
1 Failed download:
2025-11-09 07:32:08,961 - ERROR - ['APA']: YFInvalidPeriodError("APA: Period '4w' is invalid, must be one of: 1d, 5d, 1mo, 3mo, 6mo, 1y, 2y, 5y, 10y, ytd, max")
2025-11-09 07:32:08,963 - ERROR - No data returned for APA
2025-11-09 07:32:08,963 - INFO - Processing 37/503 : APD - Air Products - 4w
2025-11-09 07:32:09,267 - ERROR - 
1 Failed download:
2025-11-09 07:32:09,267 - ERROR - ['APD']: YFInvalidPeriodError("APD: Period '4w' is invalid, must be one of: 1d, 5d, 1mo, 3mo, 6mo, 1y, 2y, 5y, 10y, ytd, max")
2025-11-09 07:32:09,269 - ERROR - No data returned for APD
2025-11-09 07:32:09,269 - INFO - Processing 38/503 : APH - Amphenol - 4w
2025-11-09 07:32:09,511 - ERROR - 
1 Failed download:
2025-11-09 07:32:09,512 - ERROR - ['APH']: YFInvalidPeriodError("APH: Period '4w' is invalid, must be one of: 1d, 5d, 1mo, 3mo, 6mo, 1y, 2y, 5y, 10y, ytd, max")
2025-11-09 07:32:09,513 - ERROR - No data returned for APH
2025-11-09 07:32:09,514 - INFO - Processing 39/503 : APO - Apollo Global Management - 4w
2025-11-09 07:32:09,806 - ERROR - 
1 Failed download:
2025-11-09 07:32:09,807 - ERROR - ['APO']: YFInvalidPeriodError("APO: Period '4w' is invalid, must be one of: 1d, 5d, 1mo, 3mo, 6mo, 1y, 2y, 5y, 10y, ytd, max")
2025-11-09 07:32:09,808 - ERROR - No data returned for APO
2025-11-09 07:32:09,808 - INFO - Processing 40/503 : APTV - Aptiv - 4w
2025-11-09 07:32:10,051 - ERROR - 
1 Failed download:
2025-11-09 07:32:10,051 - ERROR - ['APTV']: YFInvalidPeriodError("APTV: Period '4w' is invalid, must be one of: 1d, 5d, 1mo, 3mo, 6mo, 1y, 2y, 5y, 10y, ytd, max")
2025-11-09 07:32:10,053 - ERROR - No data returned for APTV
2025-11-09 07:32:10,053 - INFO - Processing 41/503 : ARE - Alexandria Real Estate Equities - 4w
2025-11-09 07:32:40,854 - INFO - Loaded S&P 500 list with 503 companies data
2025-11-09 07:32:40,854 - INFO - Starting S&P 500 data download process
2025-11-09 07:32:40,854 - INFO - Processing 1/503 : A - Agilent Technologies - 1m
2025-11-09 07:32:42,045 - ERROR - 
1 Failed download:
2025-11-09 07:32:42,045 - ERROR - ['A']: YFInvalidPeriodError("A: Period '1m' is invalid, must be one of: 1d, 5d, 1mo, 3mo, 6mo, 1y, 2y, 5y, 10y, ytd, max")
2025-11-09 07:32:42,048 - ERROR - No data returned for A
2025-11-09 07:32:42,048 - INFO - Processing 2/503 : AAPL - Apple Inc. - 1m
2025-11-09 07:32:42,373 - ERROR - 
1 Failed download:
2025-11-09 07:32:42,373 - ERROR - ['AAPL']: YFInvalidPeriodError("AAPL: Period '1m' is invalid, must be one of: 1d, 5d, 1mo, 3mo, 6mo, 1y, 2y, 5y, 10y, ytd, max")
2025-11-09 07:32:42,375 - ERROR - No data returned for AAPL
2025-11-09 07:32:42,375 - INFO - Processing 3/503 : ABBV - AbbVie - 1m
2025-11-09 07:32:42,618 - ERROR - 
1 Failed download:
2025-11-09 07:32:42,618 - ERROR - ['ABBV']: YFInvalidPeriodError("ABBV: Period '1m' is invalid, must be one of: 1d, 5d, 1mo, 3mo, 6mo, 1y, 2y, 5y, 10y, ytd, max")
2025-11-09 07:32:42,620 - ERROR - No data returned for ABBV
2025-11-09 07:32:42,620 - INFO - Processing 4/503 : ABNB - Airbnb - 1m
2025-11-09 07:32:42,873 - ERROR - 
1 Failed download:
2025-11-09 07:32:42,873 - ERROR - ['ABNB']: YFInvalidPeriodError("ABNB: Period '1m' is invalid, must be one of: 1d, 5d, 1mo, 3mo, 6mo, 1y, 2y, 5y, ytd, max")
2025-11-09 07:32:42,875 - ERROR - No data returned for ABNB
2025-11-09 07:32:42,875 - INFO - Processing 5/503 : ABT - Abbott Laboratories - 1m
2025-11-09 07:32:43,198 - ERROR - 
1 Failed download:
2025-11-09 07:32:43,199 - ERROR - ['ABT']: YFInvalidPeriodError("ABT: Period '1m' is invalid, must be one of: 1d, 5d, 1mo, 3mo, 6mo, 1y, 2y, 5y, 10y, ytd, max")
2025-11-09 07:32:43,201 - ERROR - No data returned for ABT
2025-11-09 07:32:43,201 - INFO - Processing 6/503 : ACGL - Arch Capital Group - 1m
2025-11-09 07:32:43,464 - ERROR - 
1 Failed download:
2025-11-09 07:32:43,464 - ERROR - ['ACGL']: YFInvalidPeriodError("ACGL: Period '1m' is invalid, must be one of: 1d, 5d, 1mo, 3mo, 6mo, 1y, 2y, 5y, 10y, ytd, max")
2025-11-09 07:32:43,466 - ERROR - No data returned for ACGL
2025-11-09 07:32:43,466 - INFO - Processing 7/503 : ACN - Accenture - 1m
2025-11-09 07:32:43,719 - ERROR - 
1 Failed download:
2025-11-09 07:32:43,719 - ERROR - ['ACN']: YFInvalidPeriodError("ACN: Period '1m' is invalid, must be one of: 1d, 5d, 1mo, 3mo, 6mo, 1y, 2y, 5y, 10y, ytd, max")
2025-11-09 07:32:43,721 - ERROR - No data returned for ACN
2025-11-09 07:32:43,721 - INFO - Processing 8/503 : ADBE - Adobe Inc. - 1m
2025-11-09 07:32:43,976 - ERROR - 
1 Failed download:
2025-11-09 07:32:43,977 - ERROR - ['ADBE']: YFInvalidPeriodError("ADBE: Period '1m' is invalid, must be one of: 1d, 5d, 1mo, 3mo, 6mo, 1y, 2y, 5y, 10y, ytd, max")
2025-11-09 07:32:43,979 - ERROR - No data returned for ADBE
2025-11-09 07:32:43,979 - INFO - Processing 9/503 : ADI - Analog Devices - 1m
2025-11-09 07:32:44,282 - ERROR - 
1 Failed download:
2025-11-09 07:32:44,282 - ERROR - ['ADI']: YFInvalidPeriodError("ADI: Period '1m' is invalid, must be one of: 1d, 5d, 1mo, 3mo, 6mo, 1y, 2y, 5y, 10y, ytd, max")
2025-11-09 07:32:44,284 - ERROR - No data returned for ADI
2025-11-09 07:32:44,284 - INFO - Processing 10/503 : ADM - Archer Daniels Midland - 1m
2025-11-09 07:32:44,598 - ERROR - 
1 Failed download:
2025-11-09 07:32:44,598 - ERROR - ['ADM']: YFInvalidPeriodError("ADM: Period '1m' is invalid, must be one of: 1d, 5d, 1mo, 3mo, 6mo, 1y, 2y, 5y, 10y, ytd, max")
2025-11-09 07:32:44,600 - ERROR - No data returned for ADM
2025-11-09 07:32:44,600 - INFO - Processing 11/503 : ADP - Automatic Data Processing - 1m
2025-11-09 07:32:44,914 - ERROR - 
1 Failed download:
2025-11-09 07:32:44,914 - ERROR - ['ADP']: YFInvalidPeriodError("ADP: Period '1m' is invalid, must be one of: 1d, 5d, 1mo, 3mo, 6mo, 1y, 2y, 5y, 10y, ytd, max")
2025-11-09 07:32:44,916 - ERROR - No data returned for ADP
2025-11-09 07:32:44,916 - INFO - Processing 12/503 : ADSK - Autodesk - 1m
2025-11-09 07:32:45,160 - ERROR - 
1 Failed download:
2025-11-09 07:32:45,160 - ERROR - ['ADSK']: YFInvalidPeriodError("ADSK: Period '1m' is invalid, must be one of: 1d, 5d, 1mo, 3mo, 6mo, 1y, 2y, 5y, 10y, ytd, max")
2025-11-09 07:32:45,162 - ERROR - No data returned for ADSK
2025-11-09 07:32:45,162 - INFO - Processing 13/503 : AEE - Ameren - 1m
2025-11-09 07:32:45,416 - ERROR - 
1 Failed download:
2025-11-09 07:32:45,416 - ERROR - ['AEE']: YFInvalidPeriodError("AEE: Period '1m' is invalid, must be one of: 1d, 5d, 1mo, 3mo, 6mo, 1y, 2y, 5y, 10y, ytd, max")
2025-11-09 07:32:45,418 - ERROR - No data returned for AEE
2025-11-09 07:32:45,418 - INFO - Processing 14/503 : AEP - American Electric Power - 1m
2025-11-09 07:32:45,762 - ERROR - 
1 Failed download:
2025-11-09 07:32:45,762 - ERROR - ['AEP']: YFInvalidPeriodError("AEP: Period '1m' is invalid, must be one of: 1d, 5d, 1mo, 3mo, 6mo, 1y, 2y, 5y, 10y, ytd, max")
2025-11-09 07:32:45,764 - ERROR - No data returned for AEP
2025-11-09 07:32:45,764 - INFO - Processing 15/503 : AES - AES Corporation - 1m
2025-11-09 07:32:46,140 - ERROR - 
1 Failed download:
2025-11-09 07:32:46,140 - ERROR - ['AES']: YFInvalidPeriodError("AES: Period '1m' is invalid, must be one of: 1d, 5d, 1mo, 3mo, 6mo, 1y, 2y, 5y, 10y, ytd, max")
2025-11-09 07:32:46,142 - ERROR - No data returned for AES
2025-11-09 07:32:46,143 - INFO - Processing 16/503 : AFL - Aflac - 1m
2025-11-09 07:32:46,486 - ERROR - 
1 Failed download:
2025-11-09 07:32:46,486 - ERROR - ['AFL']: YFInvalidPeriodError("AFL: Period '1m' is invalid, must be one of: 1d, 5d, 1mo, 3mo, 6mo, 1y, 2y, 5y, 10y, ytd, max")
2025-11-09 07:32:46,488 - ERROR - No data returned for AFL
2025-11-09 07:32:46,488 - INFO - Processing 17/503 : AIG - American International Group - 1m
2025-11-09 07:32:52,480 - INFO - Loaded S&P 500 list with 503 companies data
2025-11-09 07:32:52,480 - INFO - Starting S&P 500 data download process
2025-11-09 07:32:52,481 - INFO - Processing 1/503 : A - Agilent Technologies - 1mo
2025-11-09 07:32:54,368 - INFO - Successfully saved A data (23 rows)
2025-11-09 07:32:54,368 - INFO - Processing 2/503 : AAPL - Apple Inc. - 1mo
2025-11-09 07:32:55,445 - INFO - Successfully saved AAPL data (23 rows)
2025-11-09 07:32:55,445 - INFO - Processing 3/503 : ABBV - AbbVie - 1mo
2025-11-09 07:32:56,145 - INFO - Successfully saved ABBV data (23 rows)
2025-11-09 07:32:56,146 - INFO - Processing 4/503 : ABNB - Airbnb - 1mo
2025-11-09 07:32:56,880 - INFO - Successfully saved ABNB data (23 rows)
2025-11-09 07:32:56,880 - INFO - Processing 5/503 : ABT - Abbott Laboratories - 1mo
2025-11-09 07:32:57,499 - INFO - Successfully saved ABT data (23 rows)
2025-11-09 07:32:57,499 - INFO - Processing 6/503 : ACGL - Arch Capital Group - 1mo
2025-11-09 07:33:03,218 - INFO - Successfully saved ACGL data (23 rows)
2025-11-09 07:33:03,218 - INFO - Processing 7/503 : ACN - Accenture - 1mo
2025-11-09 07:33:03,844 - INFO - Successfully saved ACN data (23 rows)
2025-11-09 07:33:03,845 - INFO - Processing 8/503 : ADBE - Adobe Inc. - 1mo
2025-11-09 07:33:04,455 - INFO - Successfully saved ADBE data (23 rows)
2025-11-09 07:33:04,455 - INFO - Processing 9/503 : ADI - Analog Devices - 1mo
2025-11-09 07:33:05,073 - INFO - Successfully saved ADI data (23 rows)
2025-11-09 07:33:05,073 - INFO - Processing 10/503 : ADM - Archer Daniels Midland - 1mo
2025-11-09 07:33:05,886 - INFO - Successfully saved ADM data (23 rows)
2025-11-09 07:33:05,886 - INFO - Processing 11/503 : ADP - Automatic Data Processing - 1mo
2025-11-09 07:33:06,510 - INFO - Successfully saved ADP data (23 rows)
2025-11-09 07:33:06,511 - INFO - Processing 12/503 : ADSK - Autodesk - 1mo
2025-11-09 07:33:06,797 - INFO - Successfully saved ADSK data (23 rows)
2025-11-09 07:33:06,797 - INFO - Processing 13/503 : AEE - Ameren - 1mo
2025-11-09 07:33:07,076 - INFO - Successfully saved AEE data (23 rows)
2025-11-09 07:33:07,077 - INFO - Processing 14/503 : AEP - American Electric Power - 1mo
2025-11-09 07:33:07,505 - INFO - Successfully saved AEP data (23 rows)
2025-11-09 07:33:07,505 - INFO - Processing 15/503 : AES - AES Corporation - 1mo
2025-11-09 07:33:07,855 - INFO - Successfully saved AES data (23 rows)
2025-11-09 07:33:07,855 - INFO - Processing 16/503 : AFL - Aflac - 1mo
2025-11-09 07:33:08,169 - INFO - Successfully saved AFL data (23 rows)
2025-11-09 07:33:08,169 - INFO - Processing 17/503 : AIG - American International Group - 1mo
2025-11-09 07:33:08,450 - INFO - Successfully saved AIG data (23 rows)
2025-11-09 07:33:08,450 - INFO - Processing 18/503 : AIZ - Assurant - 1mo
2025-11-09 07:33:08,718 - INFO - Successfully saved AIZ data (23 rows)
2025-11-09 07:33:08,718 - INFO - Processing 19/503 : AJG - Arthur J. Gallagher & Co. - 1mo
2025-11-09 07:33:09,109 - INFO - Successfully saved AJG data (23 rows)
2025-11-09 07:33:09,109 - INFO - Processing 20/503 : AKAM - Akamai Technologies - 1mo
2025-11-09 07:33:09,386 - INFO - Successfully saved AKAM data (23 rows)
2025-11-09 07:33:09,386 - INFO - Processing 21/503 : ALB - Albemarle Corporation - 1mo
2025-11-09 07:33:09,657 - INFO - Successfully saved ALB data (23 rows)
2025-11-09 07:33:09,657 - INFO - Processing 22/503 : ALGN - Align Technology - 1mo
2025-11-09 07:33:09,888 - INFO - Successfully saved ALGN data (23 rows)
2025-11-09 07:33:09,888 - INFO - Processing 23/503 : ALL - Allstate - 1mo
2025-11-09 07:33:10,176 - INFO - Successfully saved ALL data (23 rows)
2025-11-09 07:33:10,176 - INFO - Processing 24/503 : ALLE - Allegion - 1mo
2025-11-09 07:33:10,444 - INFO - Successfully saved ALLE data (23 rows)
2025-11-09 07:33:10,444 - INFO - Processing 25/503 : AMAT - Applied Materials - 1mo
2025-11-09 07:33:10,764 - INFO - Successfully saved AMAT data (23 rows)
2025-11-09 07:33:10,764 - INFO - Processing 26/503 : AMCR - Amcor - 1mo
2025-11-09 07:33:11,011 - INFO - Successfully saved AMCR data (23 rows)
2025-11-09 07:33:11,012 - INFO - Processing 27/503 : AMD - Advanced Micro Devices - 1mo
2025-11-09 07:33:11,271 - INFO - Successfully saved AMD data (23 rows)
2025-11-09 07:33:11,271 - INFO - Processing 28/503 : AME - Ametek - 1mo
2025-11-09 07:33:11,580 - INFO - Successfully saved AME data (23 rows)
2025-11-09 07:33:11,580 - INFO - Processing 29/503 : AMGN - Amgen - 1mo
2025-11-09 07:33:11,837 - INFO - Successfully saved AMGN data (23 rows)
2025-11-09 07:33:11,837 - INFO - Processing 30/503 : AMP - Ameriprise Financial - 1mo
2025-11-09 07:33:12,103 - INFO - Successfully saved AMP data (23 rows)
2025-11-09 07:33:12,103 - INFO - Processing 31/503 : AMT - American Tower - 1mo
2025-11-09 07:33:12,353 - INFO - Successfully saved AMT data (23 rows)
2025-11-09 07:33:12,354 - INFO - Processing 32/503 : AMZN - Amazon - 1mo
2025-11-09 07:33:12,630 - INFO - Successfully saved AMZN data (23 rows)
2025-11-09 07:33:12,630 - INFO - Processing 33/503 : ANET - Arista Networks - 1mo
2025-11-09 07:33:12,874 - INFO - Successfully saved ANET data (23 rows)
2025-11-09 07:33:12,874 - INFO - Processing 34/503 : AON - Aon plc - 1mo
2025-11-09 07:33:13,161 - INFO - Successfully saved AON data (23 rows)
2025-11-09 07:33:13,162 - INFO - Processing 35/503 : AOS - A. O. Smith - 1mo
2025-11-09 07:33:13,441 - INFO - Successfully saved AOS data (23 rows)
2025-11-09 07:33:13,441 - INFO - Processing 36/503 : APA - APA Corporation - 1mo
2025-11-09 07:33:13,728 - INFO - Successfully saved APA data (23 rows)
2025-11-09 07:33:13,728 - INFO - Processing 37/503 : APD - Air Products - 1mo
2025-11-09 07:33:14,047 - INFO - Successfully saved APD data (23 rows)
2025-11-09 07:33:14,047 - INFO - Processing 38/503 : APH - Amphenol - 1mo
2025-11-09 07:33:14,346 - INFO - Successfully saved APH data (23 rows)
2025-11-09 07:33:14,346 - INFO - Processing 39/503 : APO - Apollo Global Management - 1mo
2025-11-09 07:33:14,613 - INFO - Successfully saved APO data (23 rows)
2025-11-09 07:33:14,613 - INFO - Processing 40/503 : APTV - Aptiv - 1mo
2025-11-09 07:33:14,903 - INFO - Successfully saved APTV data (23 rows)
2025-11-09 07:33:14,903 - INFO - Processing 41/503 : ARE - Alexandria Real Estate Equities - 1mo
2025-11-09 07:33:15,162 - INFO - Successfully saved ARE data (23 rows)
2025-11-09 07:33:15,163 - INFO - Processing 42/503 : ATO - Atmos Energy - 1mo
2025-11-09 07:33:15,438 - INFO - Successfully saved ATO data (23 rows)
2025-11-09 07:33:15,438 - INFO - Processing 43/503 : AVB - AvalonBay Communities - 1mo
2025-11-09 07:33:15,747 - INFO - Successfully saved AVB data (23 rows)
2025-11-09 07:33:15,747 - INFO - Processing 44/503 : AVGO - Broadcom - 1mo
2025-11-09 07:33:16,005 - INFO - Successfully saved AVGO data (23 rows)
2025-11-09 07:33:16,005 - INFO - Processing 45/503 : AVY - Avery Dennison - 1mo
2025-11-09 07:33:16,349 - INFO - Successfully saved AVY data (23 rows)
2025-11-09 07:33:16,350 - INFO - Processing 46/503 : AWK - American Water Works - 1mo
2025-11-09 07:33:16,609 - INFO - Successfully saved AWK data (23 rows)
2025-11-09 07:33:16,609 - INFO - Processing 47/503 : AXON - Axon Enterprise - 1mo
2025-11-09 07:33:16,897 - INFO - Successfully saved AXON data (23 rows)
2025-11-09 07:33:16,898 - INFO - Processing 48/503 : AXP - American Express - 1mo
2025-11-09 07:33:17,269 - INFO - Successfully saved AXP data (23 rows)
2025-11-09 07:33:17,270 - INFO - Processing 49/503 : AZO - AutoZone - 1mo
2025-11-09 07:33:17,563 - INFO - Successfully saved AZO data (23 rows)
2025-11-09 07:33:17,563 - INFO - Processing 50/503 : BA - Boeing - 1mo
2025-11-09 07:33:17,924 - INFO - Successfully saved BA data (23 rows)
2025-11-09 07:33:17,925 - INFO - Processing 51/503 : BAC - Bank of America - 1mo
2025-11-09 07:33:18,259 - INFO - Successfully saved BAC data (23 rows)
2025-11-09 07:33:18,259 - INFO - Processing 52/503 : BALL - Ball Corporation - 1mo
2025-11-09 07:33:18,596 - INFO - Successfully saved BALL data (23 rows)
2025-11-09 07:33:18,596 - INFO - Processing 53/503 : BAX - Baxter International - 1mo
2025-11-09 07:33:18,904 - INFO - Successfully saved BAX data (23 rows)
2025-11-09 07:33:18,905 - INFO - Processing 54/503 : BBY - Best Buy - 1mo
2025-11-09 07:33:19,217 - INFO - Successfully saved BBY data (23 rows)
2025-11-09 07:33:19,217 - INFO - Processing 55/503 : BDX - Becton Dickinson - 1mo
2025-11-09 07:33:19,525 - INFO - Successfully saved BDX data (23 rows)
2025-11-09 07:33:19,525 - INFO - Processing 56/503 : BEN - Franklin Resources - 1mo
2025-11-09 07:33:19,848 - INFO - Successfully saved BEN data (23 rows)
2025-11-09 07:33:19,848 - INFO - Processing 57/503 : BF-B - Brown–Forman - 1mo
2025-11-09 07:33:20,157 - INFO - Successfully saved BF-B data (23 rows)
2025-11-09 07:33:20,157 - INFO - Processing 58/503 : BG - Bunge Global - 1mo
2025-11-09 07:33:20,464 - INFO - Successfully saved BG data (23 rows)
2025-11-09 07:33:20,464 - INFO - Processing 59/503 : BIIB - Biogen - 1mo
2025-11-09 07:33:20,742 - INFO - Successfully saved BIIB data (23 rows)
2025-11-09 07:33:20,742 - INFO - Processing 60/503 : BK - BNY Mellon - 1mo
2025-11-09 07:33:21,033 - INFO - Successfully saved BK data (23 rows)
2025-11-09 07:33:21,033 - INFO - Processing 61/503 : BKNG - Booking Holdings - 1mo
2025-11-09 07:33:21,271 - INFO - Successfully saved BKNG data (23 rows)
2025-11-09 07:33:21,271 - INFO - Processing 62/503 : BKR - Baker Hughes - 1mo
2025-11-09 07:33:22,065 - INFO - Successfully saved BKR data (23 rows)
2025-11-09 07:33:22,065 - INFO - Processing 63/503 : BLDR - Builders FirstSource - 1mo
2025-11-09 07:33:22,488 - INFO - Successfully saved BLDR data (23 rows)
2025-11-09 07:33:22,489 - INFO - Processing 64/503 : BLK - BlackRock - 1mo
2025-11-09 07:33:22,929 - INFO - Successfully saved BLK data (23 rows)
2025-11-09 07:33:22,929 - INFO - Processing 65/503 : BMY - Bristol Myers Squibb - 1mo
2025-11-09 07:33:23,479 - INFO - Successfully saved BMY data (23 rows)
2025-11-09 07:33:23,480 - INFO - Processing 66/503 : BR - Broadridge Financial Solutions - 1mo
2025-11-09 07:33:23,889 - INFO - Successfully saved BR data (23 rows)
2025-11-09 07:33:23,889 - INFO - Processing 67/503 : BRK-B - Berkshire Hathaway - 1mo
2025-11-09 07:33:24,125 - INFO - Successfully saved BRK-B data (23 rows)
2025-11-09 07:33:24,125 - INFO - Processing 68/503 : BRO - Brown & Brown - 1mo
2025-11-09 07:33:24,434 - INFO - Successfully saved BRO data (23 rows)
2025-11-09 07:33:24,434 - INFO - Processing 69/503 : BSX - Boston Scientific - 1mo
2025-11-09 07:33:24,685 - INFO - Successfully saved BSX data (23 rows)
2025-11-09 07:33:24,685 - INFO - Processing 70/503 : BX - Blackstone Inc. - 1mo
2025-11-09 07:33:24,961 - INFO - Successfully saved BX data (23 rows)
2025-11-09 07:33:24,961 - INFO - Processing 71/503 : BXP - BXP, Inc. - 1mo
2025-11-09 07:33:25,240 - INFO - Successfully saved BXP data (23 rows)
2025-11-09 07:33:25,240 - INFO - Processing 72/503 : C - Citigroup - 1mo
2025-11-09 07:33:25,510 - INFO - Successfully saved C data (23 rows)
2025-11-09 07:33:25,510 - INFO - Processing 73/503 : CAG - Conagra Brands - 1mo
2025-11-09 07:33:25,848 - INFO - Successfully saved CAG data (23 rows)
2025-11-09 07:33:25,849 - INFO - Processing 74/503 : CAH - Cardinal Health - 1mo
2025-11-09 07:33:26,115 - INFO - Successfully saved CAH data (23 rows)
2025-11-09 07:33:26,115 - INFO - Processing 75/503 : CARR - Carrier Global - 1mo
2025-11-09 07:33:26,413 - INFO - Successfully saved CARR data (23 rows)
2025-11-09 07:33:26,413 - INFO - Processing 76/503 : CAT - Caterpillar Inc. - 1mo
2025-11-09 07:33:26,756 - INFO - Successfully saved CAT data (23 rows)
2025-11-09 07:33:26,757 - INFO - Processing 77/503 : CB - Chubb Limited - 1mo
2025-11-09 07:33:27,046 - INFO - Successfully saved CB data (23 rows)
2025-11-09 07:33:27,047 - INFO - Processing 78/503 : CBOE - Cboe Global Markets - 1mo
2025-11-09 07:33:27,331 - INFO - Successfully saved CBOE data (23 rows)
2025-11-09 07:33:27,331 - INFO - Processing 79/503 : CBRE - CBRE Group - 1mo
2025-11-09 07:33:27,679 - INFO - Successfully saved CBRE data (23 rows)
2025-11-09 07:33:27,679 - INFO - Processing 80/503 : CCI - Crown Castle - 1mo
2025-11-09 07:33:27,978 - INFO - Successfully saved CCI data (23 rows)
2025-11-09 07:33:27,978 - INFO - Processing 81/503 : CCL - Carnival - 1mo
2025-11-09 07:33:28,276 - INFO - Successfully saved CCL data (23 rows)
2025-11-09 07:33:28,276 - INFO - Processing 82/503 : CDNS - Cadence Design Systems - 1mo
2025-11-09 07:33:28,609 - INFO - Successfully saved CDNS data (23 rows)
2025-11-09 07:33:28,610 - INFO - Processing 83/503 : CDW - CDW Corporation - 1mo
2025-11-09 07:33:28,867 - INFO - Successfully saved CDW data (23 rows)
2025-11-09 07:33:28,868 - INFO - Processing 84/503 : CEG - Constellation Energy - 1mo
2025-11-09 07:33:29,106 - INFO - Successfully saved CEG data (23 rows)
2025-11-09 07:33:29,107 - INFO - Processing 85/503 : CF - CF Industries - 1mo
2025-11-09 07:33:29,378 - INFO - Successfully saved CF data (23 rows)
2025-11-09 07:33:29,378 - INFO - Processing 86/503 : CFG - Citizens Financial Group - 1mo
2025-11-09 07:33:29,640 - INFO - Successfully saved CFG data (23 rows)
2025-11-09 07:33:29,640 - INFO - Processing 87/503 : CHD - Church & Dwight - 1mo
2025-11-09 07:33:29,963 - INFO - Successfully saved CHD data (23 rows)
2025-11-09 07:33:29,963 - INFO - Processing 88/503 : CHRW - C.H. Robinson - 1mo
2025-11-09 07:33:30,275 - INFO - Successfully saved CHRW data (23 rows)
2025-11-09 07:33:30,275 - INFO - Processing 89/503 : CHTR - Charter Communications - 1mo
2025-11-09 07:33:30,562 - INFO - Successfully saved CHTR data (23 rows)
2025-11-09 07:33:30,563 - INFO - Processing 90/503 : CI - Cigna - 1mo
2025-11-09 07:33:30,859 - INFO - Successfully saved CI data (23 rows)
2025-11-09 07:33:30,860 - INFO - Processing 91/503 : CINF - Cincinnati Financial - 1mo
2025-11-09 07:33:31,125 - INFO - Successfully saved CINF data (23 rows)
2025-11-09 07:33:31,125 - INFO - Processing 92/503 : CL - Colgate-Palmolive - 1mo
2025-11-09 07:33:31,450 - INFO - Successfully saved CL data (23 rows)
2025-11-09 07:33:31,450 - INFO - Processing 93/503 : CLX - Clorox - 1mo
2025-11-09 07:33:31,789 - INFO - Successfully saved CLX data (23 rows)
2025-11-09 07:33:31,790 - INFO - Processing 94/503 : CMCSA - Comcast - 1mo
2025-11-09 07:33:32,080 - INFO - Successfully saved CMCSA data (23 rows)
2025-11-09 07:33:32,080 - INFO - Processing 95/503 : CME - CME Group - 1mo
2025-11-09 07:33:32,365 - INFO - Successfully saved CME data (23 rows)
2025-11-09 07:33:32,365 - INFO - Processing 96/503 : CMG - Chipotle Mexican Grill - 1mo
2025-11-09 07:33:32,621 - INFO - Successfully saved CMG data (23 rows)
2025-11-09 07:33:32,621 - INFO - Processing 97/503 : CMI - Cummins - 1mo
2025-11-09 07:33:32,948 - INFO - Successfully saved CMI data (23 rows)
2025-11-09 07:33:32,948 - INFO - Processing 98/503 : CMS - CMS Energy - 1mo
2025-11-09 07:33:33,259 - INFO - Successfully saved CMS data (23 rows)
2025-11-09 07:33:33,259 - INFO - Processing 99/503 : CNC - Centene Corporation - 1mo
2025-11-09 07:33:33,486 - INFO - Successfully saved CNC data (23 rows)
2025-11-09 07:33:33,486 - INFO - Processing 100/503 : CNP - CenterPoint Energy - 1mo
2025-11-09 07:33:33,783 - INFO - Successfully saved CNP data (23 rows)
2025-11-09 07:33:33,783 - INFO - Processing 101/503 : COF - Capital One - 1mo
2025-11-09 07:33:34,204 - INFO - Successfully saved COF data (23 rows)
2025-11-09 07:33:34,204 - INFO - Processing 102/503 : COIN - Coinbase - 1mo
2025-11-09 07:33:34,472 - INFO - Successfully saved COIN data (23 rows)
2025-11-09 07:33:34,472 - INFO - Processing 103/503 : COO - Cooper Companies (The) - 1mo
2025-11-09 07:33:34,800 - INFO - Successfully saved COO data (23 rows)
2025-11-09 07:33:34,800 - INFO - Processing 104/503 : COP - ConocoPhillips - 1mo
2025-11-09 07:33:35,146 - INFO - Successfully saved COP data (23 rows)
2025-11-09 07:33:35,147 - INFO - Processing 105/503 : COR - Cencora - 1mo
2025-11-09 07:33:35,417 - INFO - Successfully saved COR data (23 rows)
2025-11-09 07:33:35,417 - INFO - Processing 106/503 : COST - Costco - 1mo
2025-11-09 07:33:35,713 - INFO - Successfully saved COST data (23 rows)
2025-11-09 07:33:35,713 - INFO - Processing 107/503 : CPAY - Corpay - 1mo
2025-11-09 07:33:36,030 - INFO - Successfully saved CPAY data (23 rows)
2025-11-09 07:33:36,030 - INFO - Processing 108/503 : CPB - Campbell's Company (The) - 1mo
2025-11-09 07:33:36,336 - INFO - Successfully saved CPB data (23 rows)
2025-11-09 07:33:36,336 - INFO - Processing 109/503 : CPRT - Copart - 1mo
2025-11-09 07:33:36,560 - INFO - Successfully saved CPRT data (23 rows)
2025-11-09 07:33:36,561 - INFO - Processing 110/503 : CPT - Camden Property Trust - 1mo
2025-11-09 07:33:36,851 - INFO - Successfully saved CPT data (23 rows)
2025-11-09 07:33:36,851 - INFO - Processing 111/503 : CRL - Charles River Laboratories - 1mo
2025-11-09 07:33:37,088 - INFO - Successfully saved CRL data (23 rows)
2025-11-09 07:33:37,088 - INFO - Processing 112/503 : CRM - Salesforce - 1mo
2025-11-09 07:33:37,426 - INFO - Successfully saved CRM data (23 rows)
2025-11-09 07:33:37,426 - INFO - Processing 113/503 : CRWD - CrowdStrike - 1mo
2025-11-09 07:33:37,662 - INFO - Successfully saved CRWD data (23 rows)
2025-11-09 07:33:37,662 - INFO - Processing 114/503 : CSCO - Cisco - 1mo
2025-11-09 07:33:37,959 - INFO - Successfully saved CSCO data (23 rows)
2025-11-09 07:33:37,959 - INFO - Processing 115/503 : CSGP - CoStar Group - 1mo
2025-11-09 07:33:38,184 - INFO - Successfully saved CSGP data (23 rows)
2025-11-09 07:33:38,184 - INFO - Processing 116/503 : CSX - CSX Corporation - 1mo
2025-11-09 07:33:38,485 - INFO - Successfully saved CSX data (23 rows)
2025-11-09 07:33:38,485 - INFO - Processing 117/503 : CTAS - Cintas - 1mo
2025-11-09 07:33:38,756 - INFO - Successfully saved CTAS data (23 rows)
2025-11-09 07:33:38,756 - INFO - Processing 118/503 : CTRA - Coterra - 1mo
2025-11-09 07:33:39,175 - INFO - Successfully saved CTRA data (23 rows)
2025-11-09 07:33:39,175 - INFO - Processing 119/503 : CTSH - Cognizant - 1mo
2025-11-09 07:33:39,472 - INFO - Successfully saved CTSH data (23 rows)
2025-11-09 07:33:39,472 - INFO - Processing 120/503 : CTVA - Corteva - 1mo
2025-11-09 07:33:39,724 - INFO - Successfully saved CTVA data (23 rows)
2025-11-09 07:33:39,724 - INFO - Processing 121/503 : CVS - CVS Health - 1mo
2025-11-09 07:33:40,117 - INFO - Successfully saved CVS data (23 rows)
2025-11-09 07:33:40,117 - INFO - Processing 122/503 : CVX - Chevron Corporation - 1mo
2025-11-09 07:33:40,424 - INFO - Successfully saved CVX data (23 rows)
2025-11-09 07:33:40,424 - INFO - Processing 123/503 : CZR - Caesars Entertainment - 1mo
2025-11-09 07:33:40,661 - INFO - Successfully saved CZR data (23 rows)
2025-11-09 07:33:40,662 - INFO - Processing 124/503 : D - Dominion Energy - 1mo
2025-11-09 07:33:40,999 - INFO - Successfully saved D data (23 rows)
2025-11-09 07:33:40,999 - INFO - Processing 125/503 : DAL - Delta Air Lines - 1mo
2025-11-09 07:33:41,264 - INFO - Successfully saved DAL data (23 rows)
2025-11-09 07:33:41,264 - INFO - Processing 126/503 : DASH - DoorDash - 1mo
2025-11-09 07:33:41,540 - INFO - Successfully saved DASH data (23 rows)
2025-11-09 07:33:41,541 - INFO - Processing 127/503 : DAY - Dayforce - 1mo
2025-11-09 07:33:41,810 - INFO - Successfully saved DAY data (23 rows)
2025-11-09 07:33:41,811 - INFO - Processing 128/503 : DD - DuPont - 1mo
2025-11-09 07:33:42,170 - INFO - Successfully saved DD data (23 rows)
2025-11-09 07:33:42,171 - INFO - Processing 129/503 : DDOG - Datadog - 1mo
2025-11-09 07:33:42,452 - INFO - Successfully saved DDOG data (23 rows)
2025-11-09 07:33:42,452 - INFO - Processing 130/503 : DE - Deere & Company - 1mo
2025-11-09 07:33:42,758 - INFO - Successfully saved DE data (23 rows)
2025-11-09 07:33:42,758 - INFO - Processing 131/503 : DECK - Deckers Brands - 1mo
2025-11-09 07:33:43,014 - INFO - Successfully saved DECK data (23 rows)
2025-11-09 07:33:43,014 - INFO - Processing 132/503 : DELL - Dell Technologies - 1mo
2025-11-09 07:33:43,253 - INFO - Successfully saved DELL data (23 rows)
2025-11-09 07:33:43,253 - INFO - Processing 133/503 : DG - Dollar General - 1mo
2025-11-09 07:33:48,952 - INFO - Successfully saved DG data (23 rows)
2025-11-09 07:33:48,953 - INFO - Processing 134/503 : DGX - Quest Diagnostics - 1mo
2025-11-09 07:33:49,648 - INFO - Successfully saved DGX data (23 rows)
2025-11-09 07:33:49,648 - INFO - Processing 135/503 : DHI - D. R. Horton - 1mo
2025-11-09 07:33:50,117 - INFO - Successfully saved DHI data (23 rows)
2025-11-09 07:33:50,117 - INFO - Processing 136/503 : DHR - Danaher Corporation - 1mo
2025-11-09 07:33:50,749 - INFO - Successfully saved DHR data (23 rows)
2025-11-09 07:33:50,749 - INFO - Processing 137/503 : DIS - Walt Disney Company (The) - 1mo
2025-11-09 07:33:51,562 - INFO - Successfully saved DIS data (23 rows)
2025-11-09 07:33:51,562 - INFO - Processing 138/503 : DLR - Digital Realty - 1mo
2025-11-09 07:33:51,809 - INFO - Successfully saved DLR data (23 rows)
2025-11-09 07:33:51,809 - INFO - Processing 139/503 : DLTR - Dollar Tree - 1mo
2025-11-09 07:33:52,056 - INFO - Successfully saved DLTR data (23 rows)
2025-11-09 07:33:52,056 - INFO - Processing 140/503 : DOC - Healthpeak Properties - 1mo
2025-11-09 07:33:52,349 - INFO - Successfully saved DOC data (23 rows)
2025-11-09 07:33:52,349 - INFO - Processing 141/503 : DOV - Dover Corporation - 1mo
2025-11-09 07:33:52,637 - INFO - Successfully saved DOV data (23 rows)
2025-11-09 07:33:52,637 - INFO - Processing 142/503 : DOW - Dow Inc. - 1mo
2025-11-09 07:33:52,884 - INFO - Successfully saved DOW data (23 rows)
2025-11-09 07:33:52,885 - INFO - Processing 143/503 : DPZ - Domino's - 1mo
2025-11-09 07:33:53,155 - INFO - Successfully saved DPZ data (23 rows)
2025-11-09 07:33:53,155 - INFO - Processing 144/503 : DRI - Darden Restaurants - 1mo
2025-11-09 07:33:53,463 - INFO - Successfully saved DRI data (23 rows)
2025-11-09 07:33:53,464 - INFO - Processing 145/503 : DTE - DTE Energy - 1mo
2025-11-09 07:33:53,823 - INFO - Successfully saved DTE data (23 rows)
2025-11-09 07:33:53,823 - INFO - Processing 146/503 : DUK - Duke Energy - 1mo
2025-11-09 07:33:54,597 - INFO - Successfully saved DUK data (23 rows)
2025-11-09 07:33:54,598 - INFO - Processing 147/503 : DVA - DaVita - 1mo
2025-11-09 07:33:55,037 - INFO - Successfully saved DVA data (23 rows)
2025-11-09 07:33:55,037 - INFO - Processing 148/503 : DVN - Devon Energy - 1mo
2025-11-09 07:33:55,470 - INFO - Successfully saved DVN data (23 rows)
2025-11-09 07:33:55,470 - INFO - Processing 149/503 : DXCM - Dexcom - 1mo
2025-11-09 07:33:55,988 - INFO - Successfully saved DXCM data (23 rows)
2025-11-09 07:33:55,988 - INFO - Processing 150/503 : EA - Electronic Arts - 1mo
2025-11-09 07:33:56,355 - INFO - Successfully saved EA data (23 rows)
2025-11-09 07:33:56,355 - INFO - Processing 151/503 : EBAY - eBay Inc. - 1mo
2025-11-09 07:33:56,644 - INFO - Successfully saved EBAY data (23 rows)
2025-11-09 07:33:56,645 - INFO - Processing 152/503 : ECL - Ecolab - 1mo
2025-11-09 07:33:56,960 - INFO - Successfully saved ECL data (23 rows)
2025-11-09 07:33:56,960 - INFO - Processing 153/503 : ED - Consolidated Edison - 1mo
2025-11-09 07:33:57,297 - INFO - Successfully saved ED data (23 rows)
2025-11-09 07:33:57,297 - INFO - Processing 154/503 : EFX - Equifax - 1mo
2025-11-09 07:33:57,572 - INFO - Successfully saved EFX data (23 rows)
2025-11-09 07:33:57,572 - INFO - Processing 155/503 : EG - Everest Group - 1mo
2025-11-09 07:33:57,938 - INFO - Successfully saved EG data (23 rows)
2025-11-09 07:33:57,938 - INFO - Processing 156/503 : EIX - Edison International - 1mo
2025-11-09 07:33:58,255 - INFO - Successfully saved EIX data (23 rows)
2025-11-09 07:33:58,255 - INFO - Processing 157/503 : EL - Estée Lauder Companies (The) - 1mo
2025-11-09 07:33:58,541 - INFO - Successfully saved EL data (23 rows)
2025-11-09 07:33:58,541 - INFO - Processing 158/503 : ELV - Elevance Health - 1mo
2025-11-09 07:33:58,830 - INFO - Successfully saved ELV data (23 rows)
2025-11-09 07:33:58,830 - INFO - Processing 159/503 : EMN - Eastman Chemical Company - 1mo
2025-11-09 07:33:59,150 - INFO - Successfully saved EMN data (23 rows)
2025-11-09 07:33:59,150 - INFO - Processing 160/503 : EMR - Emerson Electric - 1mo
2025-11-09 07:33:59,476 - INFO - Successfully saved EMR data (23 rows)
2025-11-09 07:33:59,476 - INFO - Processing 161/503 : ENPH - Enphase Energy - 1mo
2025-11-09 07:33:59,714 - INFO - Successfully saved ENPH data (23 rows)
2025-11-09 07:33:59,714 - INFO - Processing 162/503 : EOG - EOG Resources - 1mo
2025-11-09 07:34:00,081 - INFO - Successfully saved EOG data (23 rows)
2025-11-09 07:34:00,081 - INFO - Processing 163/503 : EPAM - EPAM Systems - 1mo
2025-11-09 07:34:00,359 - INFO - Successfully saved EPAM data (23 rows)
2025-11-09 07:34:00,359 - INFO - Processing 164/503 : EQIX - Equinix - 1mo
2025-11-09 07:34:00,648 - INFO - Successfully saved EQIX data (23 rows)
2025-11-09 07:34:00,648 - INFO - Processing 165/503 : EQR - Equity Residential - 1mo
2025-11-09 07:34:00,957 - INFO - Successfully saved EQR data (23 rows)
2025-11-09 07:34:00,957 - INFO - Processing 166/503 : EQT - EQT Corporation - 1mo
2025-11-09 07:34:01,266 - INFO - Successfully saved EQT data (23 rows)
2025-11-09 07:34:01,266 - INFO - Processing 167/503 : ERIE - Erie Indemnity - 1mo
2025-11-09 07:34:01,565 - INFO - Successfully saved ERIE data (23 rows)
2025-11-09 07:34:01,565 - INFO - Processing 168/503 : ES - Eversource Energy - 1mo
2025-11-09 07:34:01,891 - INFO - Successfully saved ES data (23 rows)
2025-11-09 07:34:01,891 - INFO - Processing 169/503 : ESS - Essex Property Trust - 1mo
2025-11-09 07:34:02,185 - INFO - Successfully saved ESS data (23 rows)
2025-11-09 07:34:02,185 - INFO - Processing 170/503 : ETN - Eaton Corporation - 1mo
2025-11-09 07:34:02,545 - INFO - Successfully saved ETN data (23 rows)
2025-11-09 07:34:02,545 - INFO - Processing 171/503 : ETR - Entergy - 1mo
2025-11-09 07:34:02,899 - INFO - Successfully saved ETR data (23 rows)
2025-11-09 07:34:02,899 - INFO - Processing 172/503 : EVRG - Evergy - 1mo
2025-11-09 07:34:03,273 - INFO - Successfully saved EVRG data (23 rows)
2025-11-09 07:34:03,273 - INFO - Processing 173/503 : EW - Edwards Lifesciences - 1mo
2025-11-09 07:34:03,528 - INFO - Successfully saved EW data (23 rows)
2025-11-09 07:34:03,529 - INFO - Processing 174/503 : EXC - Exelon - 1mo
2025-11-09 07:34:03,895 - INFO - Successfully saved EXC data (23 rows)
2025-11-09 07:34:03,895 - INFO - Processing 175/503 : EXE - Expand Energy - 1mo
2025-11-09 07:34:04,162 - INFO - Successfully saved EXE data (23 rows)
2025-11-09 07:34:04,162 - INFO - Processing 176/503 : EXPD - Expeditors International - 1mo
2025-11-09 07:34:04,448 - INFO - Successfully saved EXPD data (23 rows)
2025-11-09 07:34:04,449 - INFO - Processing 177/503 : EXPE - Expedia Group - 1mo
2025-11-09 07:34:04,704 - INFO - Successfully saved EXPE data (23 rows)
2025-11-09 07:34:04,704 - INFO - Processing 178/503 : EXR - Extra Space Storage - 1mo
2025-11-09 07:34:05,000 - INFO - Successfully saved EXR data (23 rows)
2025-11-09 07:34:05,000 - INFO - Processing 179/503 : F - Ford Motor Company - 1mo
2025-11-09 07:34:05,307 - INFO - Successfully saved F data (23 rows)
2025-11-09 07:34:05,307 - INFO - Processing 180/503 : FANG - Diamondback Energy - 1mo
2025-11-09 07:34:05,555 - INFO - Successfully saved FANG data (23 rows)
2025-11-09 07:34:05,555 - INFO - Processing 181/503 : FAST - Fastenal - 1mo
2025-11-09 07:34:05,847 - INFO - Successfully saved FAST data (23 rows)
2025-11-09 07:34:05,847 - INFO - Processing 182/503 : FCX - Freeport-McMoRan - 1mo
2025-11-09 07:34:06,123 - INFO - Successfully saved FCX data (23 rows)
2025-11-09 07:34:06,123 - INFO - Processing 183/503 : FDS - FactSet - 1mo
2025-11-09 07:34:06,384 - INFO - Successfully saved FDS data (23 rows)
2025-11-09 07:34:06,385 - INFO - Processing 184/503 : FDX - FedEx - 1mo
2025-11-09 07:34:06,680 - INFO - Successfully saved FDX data (23 rows)
2025-11-09 07:34:06,680 - INFO - Processing 185/503 : FE - FirstEnergy - 1mo
2025-11-09 07:34:06,989 - INFO - Successfully saved FE data (23 rows)
2025-11-09 07:34:06,989 - INFO - Processing 186/503 : FFIV - F5, Inc. - 1mo
2025-11-09 07:34:07,236 - INFO - Successfully saved FFIV data (23 rows)
2025-11-09 07:34:07,236 - INFO - Processing 187/503 : FI - Fiserv - 1mo
2025-11-09 07:34:07,491 - INFO - Successfully saved FI data (23 rows)
2025-11-09 07:34:07,491 - INFO - Processing 188/503 : FICO - Fair Isaac - 1mo
2025-11-09 07:34:07,789 - INFO - Successfully saved FICO data (23 rows)
2025-11-09 07:34:07,789 - INFO - Processing 189/503 : FIS - Fidelity National Information Services - 1mo
2025-11-09 07:34:08,066 - INFO - Successfully saved FIS data (23 rows)
2025-11-09 07:34:08,066 - INFO - Processing 190/503 : FITB - Fifth Third Bancorp - 1mo
2025-11-09 07:34:08,386 - INFO - Successfully saved FITB data (23 rows)
2025-11-09 07:34:08,386 - INFO - Processing 191/503 : FOX - Fox Corporation (Class B) - 1mo
2025-11-09 07:34:08,644 - INFO - Successfully saved FOX data (23 rows)
2025-11-09 07:34:08,645 - INFO - Processing 192/503 : FOXA - Fox Corporation (Class A) - 1mo
2025-11-09 07:34:08,945 - INFO - Successfully saved FOXA data (23 rows)
2025-11-09 07:34:08,945 - INFO - Processing 193/503 : FRT - Federal Realty Investment Trust - 1mo
2025-11-09 07:34:09,254 - INFO - Successfully saved FRT data (23 rows)
2025-11-09 07:34:09,254 - INFO - Processing 194/503 : FSLR - First Solar - 1mo
2025-11-09 07:34:09,510 - INFO - Successfully saved FSLR data (23 rows)
2025-11-09 07:34:09,510 - INFO - Processing 195/503 : FTNT - Fortinet - 1mo
2025-11-09 07:34:09,745 - INFO - Successfully saved FTNT data (23 rows)
2025-11-09 07:34:09,746 - INFO - Processing 196/503 : FTV - Fortive - 1mo
2025-11-09 07:34:10,045 - INFO - Successfully saved FTV data (23 rows)
2025-11-09 07:34:10,045 - INFO - Processing 197/503 : GD - General Dynamics - 1mo
2025-11-09 07:34:10,487 - INFO - Successfully saved GD data (23 rows)
2025-11-09 07:34:10,487 - INFO - Processing 198/503 : GDDY - GoDaddy - 1mo
2025-11-09 07:34:10,798 - INFO - Successfully saved GDDY data (23 rows)
2025-11-09 07:34:10,799 - INFO - Processing 199/503 : GE - GE Aerospace - 1mo
2025-11-09 07:34:11,165 - INFO - Successfully saved GE data (23 rows)
2025-11-09 07:34:11,165 - INFO - Processing 200/503 : GEHC - GE HealthCare - 1mo
2025-11-09 07:34:11,422 - INFO - Successfully saved GEHC data (23 rows)
2025-11-09 07:34:11,422 - INFO - Processing 201/503 : GEN - Gen Digital - 1mo
2025-11-09 07:34:11,681 - INFO - Successfully saved GEN data (23 rows)
2025-11-09 07:34:11,682 - INFO - Processing 202/503 : GEV - GE Vernova - 1mo
2025-11-09 07:34:11,958 - INFO - Successfully saved GEV data (23 rows)
2025-11-09 07:34:11,958 - INFO - Processing 203/503 : GILD - Gilead Sciences - 1mo
2025-11-09 07:34:12,286 - INFO - Successfully saved GILD data (23 rows)
2025-11-09 07:34:12,286 - INFO - Processing 204/503 : GIS - General Mills - 1mo
2025-11-09 07:34:12,596 - INFO - Successfully saved GIS data (23 rows)
2025-11-09 07:34:12,596 - INFO - Processing 205/503 : GL - Globe Life - 1mo
2025-11-09 07:34:12,892 - INFO - Successfully saved GL data (23 rows)
2025-11-09 07:34:12,893 - INFO - Processing 206/503 : GLW - Corning Inc. - 1mo
2025-11-09 07:34:13,240 - INFO - Successfully saved GLW data (23 rows)
2025-11-09 07:34:13,240 - INFO - Processing 207/503 : GM - General Motors - 1mo
2025-11-09 07:34:13,496 - INFO - Successfully saved GM data (23 rows)
2025-11-09 07:34:13,497 - INFO - Processing 208/503 : GNRC - Generac - 1mo
2025-11-09 07:34:13,785 - INFO - Successfully saved GNRC data (23 rows)
2025-11-09 07:34:13,786 - INFO - Processing 209/503 : GOOG - Alphabet Inc. (Class C) - 1mo
2025-11-09 07:34:14,056 - INFO - Successfully saved GOOG data (23 rows)
2025-11-09 07:34:14,057 - INFO - Processing 210/503 : GOOGL - Alphabet Inc. (Class A) - 1mo
2025-11-09 07:34:14,312 - INFO - Successfully saved GOOGL data (23 rows)
2025-11-09 07:34:14,312 - INFO - Processing 211/503 : GPC - Genuine Parts Company - 1mo
2025-11-09 07:34:14,679 - INFO - Successfully saved GPC data (23 rows)
2025-11-09 07:34:14,679 - INFO - Processing 212/503 : GPN - Global Payments - 1mo
2025-11-09 07:34:15,016 - INFO - Successfully saved GPN data (23 rows)
2025-11-09 07:34:15,016 - INFO - Processing 213/503 : GRMN - Garmin - 1mo
2025-11-09 07:34:15,373 - INFO - Successfully saved GRMN data (23 rows)
2025-11-09 07:34:15,373 - INFO - Processing 214/503 : GS - Goldman Sachs - 1mo
2025-11-09 07:34:15,709 - INFO - Successfully saved GS data (23 rows)
2025-11-09 07:34:15,710 - INFO - Processing 215/503 : GWW - W. W. Grainger - 1mo
2025-11-09 07:34:16,066 - INFO - Successfully saved GWW data (23 rows)
2025-11-09 07:34:16,066 - INFO - Processing 216/503 : HAL - Halliburton - 1mo
2025-11-09 07:34:16,416 - INFO - Successfully saved HAL data (23 rows)
2025-11-09 07:34:16,416 - INFO - Processing 217/503 : HAS - Hasbro - 1mo
2025-11-09 07:34:16,733 - INFO - Successfully saved HAS data (23 rows)
2025-11-09 07:34:16,733 - INFO - Processing 218/503 : HBAN - Huntington Bancshares - 1mo
2025-11-09 07:34:17,055 - INFO - Successfully saved HBAN data (23 rows)
2025-11-09 07:34:17,055 - INFO - Processing 219/503 : HCA - HCA Healthcare - 1mo
2025-11-09 07:34:17,383 - INFO - Successfully saved HCA data (23 rows)
2025-11-09 07:34:17,384 - INFO - Processing 220/503 : HD - Home Depot (The) - 1mo
2025-11-09 07:34:17,790 - INFO - Successfully saved HD data (23 rows)
2025-11-09 07:34:17,790 - INFO - Processing 221/503 : HIG - Hartford (The) - 1mo
2025-11-09 07:34:18,079 - INFO - Successfully saved HIG data (23 rows)
2025-11-09 07:34:18,079 - INFO - Processing 222/503 : HII - Huntington Ingalls Industries - 1mo
2025-11-09 07:34:18,356 - INFO - Successfully saved HII data (23 rows)
2025-11-09 07:34:18,357 - INFO - Processing 223/503 : HLT - Hilton Worldwide - 1mo
2025-11-09 07:34:18,664 - INFO - Successfully saved HLT data (23 rows)
2025-11-09 07:34:18,664 - INFO - Processing 224/503 : HOLX - Hologic - 1mo
2025-11-09 07:34:18,983 - INFO - Successfully saved HOLX data (23 rows)
2025-11-09 07:34:18,983 - INFO - Processing 225/503 : HON - Honeywell - 1mo
2025-11-09 07:34:19,444 - INFO - Successfully saved HON data (23 rows)
2025-11-09 07:34:19,444 - INFO - Processing 226/503 : HPE - Hewlett Packard Enterprise - 1mo
2025-11-09 07:34:19,726 - INFO - Successfully saved HPE data (23 rows)
2025-11-09 07:34:19,726 - INFO - Processing 227/503 : HPQ - HP Inc. - 1mo
2025-11-09 07:34:20,114 - INFO - Successfully saved HPQ data (23 rows)
2025-11-09 07:34:20,114 - INFO - Processing 228/503 : HRL - Hormel Foods - 1mo
2025-11-09 07:34:20,423 - INFO - Successfully saved HRL data (23 rows)
2025-11-09 07:34:20,424 - INFO - Processing 229/503 : HSIC - Henry Schein - 1mo
2025-11-09 07:34:20,704 - INFO - Successfully saved HSIC data (23 rows)
2025-11-09 07:34:20,704 - INFO - Processing 230/503 : HST - Host Hotels & Resorts - 1mo
2025-11-09 07:34:21,034 - INFO - Successfully saved HST data (23 rows)
2025-11-09 07:34:21,034 - INFO - Processing 231/503 : HSY - Hershey Company (The) - 1mo
2025-11-09 07:34:21,391 - INFO - Successfully saved HSY data (23 rows)
2025-11-09 07:34:21,391 - INFO - Processing 232/503 : HUBB - Hubbell Incorporated - 1mo
2025-11-09 07:34:21,709 - INFO - Successfully saved HUBB data (23 rows)
2025-11-09 07:34:21,709 - INFO - Processing 233/503 : HUM - Humana - 1mo
2025-11-09 07:34:22,018 - INFO - Successfully saved HUM data (23 rows)
2025-11-09 07:34:22,018 - INFO - Processing 234/503 : HWM - Howmet Aerospace - 1mo
2025-11-09 07:34:22,335 - INFO - Successfully saved HWM data (23 rows)
2025-11-09 07:34:22,335 - INFO - Processing 235/503 : IBM - IBM - 1mo
2025-11-09 07:34:22,675 - INFO - Successfully saved IBM data (23 rows)
2025-11-09 07:34:22,675 - INFO - Processing 236/503 : ICE - Intercontinental Exchange - 1mo
2025-11-09 07:34:22,911 - INFO - Successfully saved ICE data (23 rows)
2025-11-09 07:34:22,911 - INFO - Processing 237/503 : IDXX - Idexx Laboratories - 1mo
2025-11-09 07:34:23,187 - INFO - Successfully saved IDXX data (23 rows)
2025-11-09 07:34:23,187 - INFO - Processing 238/503 : IEX - IDEX Corporation - 1mo
2025-11-09 07:34:23,560 - INFO - Successfully saved IEX data (23 rows)
2025-11-09 07:34:23,560 - INFO - Processing 239/503 : IFF - International Flavors & Fragrances - 1mo
2025-11-09 07:34:23,910 - INFO - Successfully saved IFF data (23 rows)
2025-11-09 07:34:23,910 - INFO - Processing 240/503 : INCY - Incyte - 1mo
2025-11-09 07:34:24,188 - INFO - Successfully saved INCY data (23 rows)
2025-11-09 07:34:24,188 - INFO - Processing 241/503 : INTC - Intel - 1mo
2025-11-09 07:34:24,465 - INFO - Successfully saved INTC data (23 rows)
2025-11-09 07:34:24,465 - INFO - Processing 242/503 : INTU - Intuit - 1mo
2025-11-09 07:34:24,714 - INFO - Successfully saved INTU data (23 rows)
2025-11-09 07:34:24,714 - INFO - Processing 243/503 : INVH - Invitation Homes - 1mo
2025-11-09 07:34:24,971 - INFO - Successfully saved INVH data (23 rows)
2025-11-09 07:34:24,971 - INFO - Processing 244/503 : IP - International Paper - 1mo
2025-11-09 07:34:25,358 - INFO - Successfully saved IP data (23 rows)
2025-11-09 07:34:25,358 - INFO - Processing 245/503 : IPG - Interpublic Group of Companies (The) - 1mo
2025-11-09 07:34:25,697 - INFO - Successfully saved IPG data (23 rows)
2025-11-09 07:34:25,698 - INFO - Processing 246/503 : IQV - IQVIA - 1mo
2025-11-09 07:34:25,984 - INFO - Successfully saved IQV data (23 rows)
2025-11-09 07:34:25,985 - INFO - Processing 247/503 : IR - Ingersoll Rand - 1mo
2025-11-09 07:34:26,240 - INFO - Successfully saved IR data (23 rows)
2025-11-09 07:34:26,241 - INFO - Processing 248/503 : IRM - Iron Mountain - 1mo
2025-11-09 07:34:26,547 - INFO - Successfully saved IRM data (23 rows)
2025-11-09 07:34:26,547 - INFO - Processing 249/503 : ISRG - Intuitive Surgical - 1mo
2025-11-09 07:34:26,773 - INFO - Successfully saved ISRG data (23 rows)
2025-11-09 07:34:26,773 - INFO - Processing 250/503 : IT - Gartner - 1mo
2025-11-09 07:34:27,020 - INFO - Successfully saved IT data (23 rows)
2025-11-09 07:34:27,020 - INFO - Processing 251/503 : ITW - Illinois Tool Works - 1mo
2025-11-09 07:34:27,318 - INFO - Successfully saved ITW data (23 rows)
2025-11-09 07:34:27,319 - INFO - Processing 252/503 : IVZ - Invesco - 1mo
2025-11-09 07:34:27,627 - INFO - Successfully saved IVZ data (23 rows)
2025-11-09 07:34:27,627 - INFO - Processing 253/503 : J - Jacobs Solutions - 1mo
2025-11-09 07:34:27,916 - INFO - Successfully saved J data (23 rows)
2025-11-09 07:34:27,916 - INFO - Processing 254/503 : JBHT - J.B. Hunt - 1mo
2025-11-09 07:34:28,214 - INFO - Successfully saved JBHT data (23 rows)
2025-11-09 07:34:28,214 - INFO - Processing 255/503 : JBL - Jabil - 1mo
2025-11-09 07:34:28,487 - INFO - Successfully saved JBL data (23 rows)
2025-11-09 07:34:28,487 - INFO - Processing 256/503 : JCI - Johnson Controls - 1mo
2025-11-09 07:34:28,817 - INFO - Successfully saved JCI data (23 rows)
2025-11-09 07:34:28,817 - INFO - Processing 257/503 : JKHY - Jack Henry & Associates - 1mo
2025-11-09 07:34:29,137 - INFO - Successfully saved JKHY data (23 rows)
2025-11-09 07:34:29,137 - INFO - Processing 258/503 : JNJ - Johnson & Johnson - 1mo
2025-11-09 07:34:29,449 - INFO - Successfully saved JNJ data (23 rows)
2025-11-09 07:34:29,449 - INFO - Processing 259/503 : JPM - JPMorgan Chase - 1mo
2025-11-09 07:34:29,743 - INFO - Successfully saved JPM data (23 rows)
2025-11-09 07:34:29,743 - INFO - Processing 260/503 : K - Kellanova - 1mo
2025-11-09 07:34:30,052 - INFO - Successfully saved K data (23 rows)
2025-11-09 07:34:30,052 - INFO - Processing 261/503 : KDP - Keurig Dr Pepper - 1mo
2025-11-09 07:34:30,314 - INFO - Successfully saved KDP data (23 rows)
2025-11-09 07:34:30,314 - INFO - Processing 262/503 : KEY - KeyCorp - 1mo
2025-11-09 07:34:30,624 - INFO - Successfully saved KEY data (23 rows)
2025-11-09 07:34:30,625 - INFO - Processing 263/503 : KEYS - Keysight Technologies - 1mo
2025-11-09 07:34:30,892 - INFO - Successfully saved KEYS data (23 rows)
2025-11-09 07:34:30,892 - INFO - Processing 264/503 : KHC - Kraft Heinz - 1mo
2025-11-09 07:34:31,161 - INFO - Successfully saved KHC data (23 rows)
2025-11-09 07:34:31,161 - INFO - Processing 265/503 : KIM - Kimco Realty - 1mo
2025-11-09 07:34:31,459 - INFO - Successfully saved KIM data (23 rows)
2025-11-09 07:34:31,459 - INFO - Processing 266/503 : KKR - KKR & Co. - 1mo
2025-11-09 07:34:31,770 - INFO - Successfully saved KKR data (23 rows)
2025-11-09 07:34:31,770 - INFO - Processing 267/503 : KLAC - KLA Corporation - 1mo
2025-11-09 07:34:32,058 - INFO - Successfully saved KLAC data (23 rows)
2025-11-09 07:34:32,058 - INFO - Processing 268/503 : KMB - Kimberly-Clark - 1mo
2025-11-09 07:34:32,418 - INFO - Successfully saved KMB data (23 rows)
2025-11-09 07:34:32,419 - INFO - Processing 269/503 : KMI - Kinder Morgan - 1mo
2025-11-09 07:34:32,719 - INFO - Successfully saved KMI data (23 rows)
2025-11-09 07:34:32,719 - INFO - Processing 270/503 : KMX - CarMax - 1mo
2025-11-09 07:34:33,008 - INFO - Successfully saved KMX data (23 rows)
2025-11-09 07:34:33,008 - INFO - Processing 271/503 : KO - Coca-Cola Company (The) - 1mo
2025-11-09 07:34:33,348 - INFO - Successfully saved KO data (23 rows)
2025-11-09 07:34:33,348 - INFO - Processing 272/503 : KR - Kroger - 1mo
2025-11-09 07:34:33,722 - INFO - Successfully saved KR data (23 rows)
2025-11-09 07:34:33,722 - INFO - Processing 273/503 : KVUE - Kenvue - 1mo
2025-11-09 07:34:33,962 - INFO - Successfully saved KVUE data (23 rows)
2025-11-09 07:34:33,962 - INFO - Processing 274/503 : L - Loews Corporation - 1mo
2025-11-09 07:34:34,273 - INFO - Successfully saved L data (23 rows)
2025-11-09 07:34:34,273 - INFO - Processing 275/503 : LDOS - Leidos - 1mo
2025-11-09 07:34:34,560 - INFO - Successfully saved LDOS data (23 rows)
2025-11-09 07:34:34,560 - INFO - Processing 276/503 : LEN - Lennar - 1mo
2025-11-09 07:34:34,868 - INFO - Successfully saved LEN data (23 rows)
2025-11-09 07:34:34,868 - INFO - Processing 277/503 : LH - Labcorp - 1mo
2025-11-09 07:34:35,137 - INFO - Successfully saved LH data (23 rows)
2025-11-09 07:34:35,138 - INFO - Processing 278/503 : LHX - L3Harris - 1mo
2025-11-09 07:34:35,439 - INFO - Successfully saved LHX data (23 rows)
2025-11-09 07:34:35,440 - INFO - Processing 279/503 : LII - Lennox International - 1mo
2025-11-09 07:34:35,730 - INFO - Successfully saved LII data (23 rows)
2025-11-09 07:34:35,730 - INFO - Processing 280/503 : LIN - Linde plc - 1mo
2025-11-09 07:34:35,989 - INFO - Successfully saved LIN data (23 rows)
2025-11-09 07:34:35,989 - INFO - Processing 281/503 : LKQ - LKQ Corporation - 1mo
2025-11-09 07:34:36,261 - INFO - Successfully saved LKQ data (23 rows)
2025-11-09 07:34:36,261 - INFO - Processing 282/503 : LLY - Lilly (Eli) - 1mo
2025-11-09 07:34:36,573 - INFO - Successfully saved LLY data (23 rows)
2025-11-09 07:34:36,573 - INFO - Processing 283/503 : LMT - Lockheed Martin - 1mo
2025-11-09 07:34:36,974 - INFO - Successfully saved LMT data (23 rows)
2025-11-09 07:34:36,975 - INFO - Processing 284/503 : LNT - Alliant Energy - 1mo
2025-11-09 07:34:37,275 - INFO - Successfully saved LNT data (23 rows)
2025-11-09 07:34:37,275 - INFO - Processing 285/503 : LOW - Lowe's - 1mo
2025-11-09 07:34:37,584 - INFO - Successfully saved LOW data (23 rows)
2025-11-09 07:34:37,584 - INFO - Processing 286/503 : LRCX - Lam Research - 1mo
2025-11-09 07:34:37,886 - INFO - Successfully saved LRCX data (23 rows)
2025-11-09 07:34:37,887 - INFO - Processing 287/503 : LULU - Lululemon Athletica - 1mo
2025-11-09 07:34:38,195 - INFO - Successfully saved LULU data (23 rows)
2025-11-09 07:34:38,195 - INFO - Processing 288/503 : LUV - Southwest Airlines - 1mo
2025-11-09 07:34:38,598 - INFO - Successfully saved LUV data (23 rows)
2025-11-09 07:34:38,598 - INFO - Processing 289/503 : LVS - Las Vegas Sands - 1mo
2025-11-09 07:34:38,905 - INFO - Successfully saved LVS data (23 rows)
2025-11-09 07:34:38,905 - INFO - Processing 290/503 : LW - Lamb Weston - 1mo
2025-11-09 07:34:39,196 - INFO - Successfully saved LW data (23 rows)
2025-11-09 07:34:39,196 - INFO - Processing 291/503 : LYB - LyondellBasell - 1mo
2025-11-09 07:34:39,478 - INFO - Successfully saved LYB data (23 rows)
2025-11-09 07:34:39,479 - INFO - Processing 292/503 : LYV - Live Nation Entertainment - 1mo
2025-11-09 07:34:39,756 - INFO - Successfully saved LYV data (23 rows)
2025-11-09 07:34:39,756 - INFO - Processing 293/503 : MA - Mastercard - 1mo
2025-11-09 07:34:40,055 - INFO - Successfully saved MA data (23 rows)
2025-11-09 07:34:40,055 - INFO - Processing 294/503 : MAA - Mid-America Apartment Communities - 1mo
2025-11-09 07:34:40,350 - INFO - Successfully saved MAA data (23 rows)
2025-11-09 07:34:40,350 - INFO - Processing 295/503 : MAR - Marriott International - 1mo
2025-11-09 07:34:40,628 - INFO - Successfully saved MAR data (23 rows)
2025-11-09 07:34:40,629 - INFO - Processing 296/503 : MAS - Masco - 1mo
2025-11-09 07:34:40,957 - INFO - Successfully saved MAS data (23 rows)
2025-11-09 07:34:40,957 - INFO - Processing 297/503 : MCD - McDonald's - 1mo
2025-11-09 07:34:41,328 - INFO - Successfully saved MCD data (23 rows)
2025-11-09 07:34:41,328 - INFO - Processing 298/503 : MCHP - Microchip Technology - 1mo
2025-11-09 07:34:41,588 - INFO - Successfully saved MCHP data (23 rows)
2025-11-09 07:34:41,588 - INFO - Processing 299/503 : MCK - McKesson Corporation - 1mo
2025-11-09 07:34:41,877 - INFO - Successfully saved MCK data (23 rows)
2025-11-09 07:34:41,878 - INFO - Processing 300/503 : MCO - Moody's Corporation - 1mo
2025-11-09 07:34:42,159 - INFO - Successfully saved MCO data (23 rows)
2025-11-09 07:34:42,159 - INFO - Processing 301/503 : MDLZ - Mondelez International - 1mo
2025-11-09 07:34:42,579 - INFO - Successfully saved MDLZ data (23 rows)
2025-11-09 07:34:42,579 - INFO - Processing 302/503 : MDT - Medtronic - 1mo
2025-11-09 07:34:42,899 - INFO - Successfully saved MDT data (23 rows)
2025-11-09 07:34:42,899 - INFO - Processing 303/503 : MET - MetLife - 1mo
2025-11-09 07:34:43,188 - INFO - Successfully saved MET data (23 rows)
2025-11-09 07:34:43,189 - INFO - Processing 304/503 : META - Meta Platforms - 1mo
2025-11-09 07:34:43,457 - INFO - Successfully saved META data (23 rows)
2025-11-09 07:34:43,457 - INFO - Processing 305/503 : MGM - MGM Resorts - 1mo
2025-11-09 07:34:43,725 - INFO - Successfully saved MGM data (23 rows)
2025-11-09 07:34:43,725 - INFO - Processing 306/503 : MHK - Mohawk Industries - 1mo
2025-11-09 07:34:43,999 - INFO - Successfully saved MHK data (23 rows)
2025-11-09 07:34:43,999 - INFO - Processing 307/503 : MKC - McCormick & Company - 1mo
2025-11-09 07:34:44,316 - INFO - Successfully saved MKC data (23 rows)
2025-11-09 07:34:44,316 - INFO - Processing 308/503 : MKTX - MarketAxess - 1mo
2025-11-09 07:34:44,614 - INFO - Successfully saved MKTX data (23 rows)
2025-11-09 07:34:44,614 - INFO - Processing 309/503 : MLM - Martin Marietta Materials - 1mo
2025-11-09 07:34:44,892 - INFO - Successfully saved MLM data (23 rows)
2025-11-09 07:34:44,893 - INFO - Processing 310/503 : MMC - Marsh McLennan - 1mo
2025-11-09 07:34:45,215 - INFO - Successfully saved MMC data (23 rows)
2025-11-09 07:34:45,215 - INFO - Processing 311/503 : MMM - 3M - 1mo
2025-11-09 07:34:45,543 - INFO - Successfully saved MMM data (23 rows)
2025-11-09 07:34:45,543 - INFO - Processing 312/503 : MNST - Monster Beverage - 1mo
2025-11-09 07:34:45,786 - INFO - Successfully saved MNST data (23 rows)
2025-11-09 07:34:45,786 - INFO - Processing 313/503 : MO - Altria - 1mo
2025-11-09 07:34:46,156 - INFO - Successfully saved MO data (23 rows)
2025-11-09 07:34:46,156 - INFO - Processing 314/503 : MOH - Molina Healthcare - 1mo
2025-11-09 07:34:46,385 - INFO - Successfully saved MOH data (23 rows)
2025-11-09 07:34:46,385 - INFO - Processing 315/503 : MOS - Mosaic Company (The) - 1mo
2025-11-09 07:34:46,677 - INFO - Successfully saved MOS data (23 rows)
2025-11-09 07:34:46,677 - INFO - Processing 316/503 : MPC - Marathon Petroleum - 1mo
2025-11-09 07:34:46,959 - INFO - Successfully saved MPC data (23 rows)
2025-11-09 07:34:46,960 - INFO - Processing 317/503 : MPWR - Monolithic Power Systems - 1mo
2025-11-09 07:34:47,198 - INFO - Successfully saved MPWR data (23 rows)
2025-11-09 07:34:47,198 - INFO - Processing 318/503 : MRK - Merck & Co. - 1mo
2025-11-09 07:34:47,517 - INFO - Successfully saved MRK data (23 rows)
2025-11-09 07:34:47,517 - INFO - Processing 319/503 : MRNA - Moderna - 1mo
2025-11-09 07:34:47,768 - INFO - Successfully saved MRNA data (23 rows)
2025-11-09 07:34:47,769 - INFO - Processing 320/503 : MS - Morgan Stanley - 1mo
2025-11-09 07:34:48,048 - INFO - Successfully saved MS data (23 rows)
2025-11-09 07:34:48,048 - INFO - Processing 321/503 : MSCI - MSCI Inc. - 1mo
2025-11-09 07:34:48,361 - INFO - Successfully saved MSCI data (23 rows)
2025-11-09 07:34:48,361 - INFO - Processing 322/503 : MSFT - Microsoft - 1mo
2025-11-09 07:34:48,629 - INFO - Successfully saved MSFT data (23 rows)
2025-11-09 07:34:48,630 - INFO - Processing 323/503 : MSI - Motorola Solutions - 1mo
2025-11-09 07:34:48,999 - INFO - Successfully saved MSI data (23 rows)
2025-11-09 07:34:48,999 - INFO - Processing 324/503 : MTB - M&T Bank - 1mo
2025-11-09 07:34:49,332 - INFO - Successfully saved MTB data (23 rows)
2025-11-09 07:34:49,332 - INFO - Processing 325/503 : MTCH - Match Group - 1mo
2025-11-09 07:34:49,602 - INFO - Successfully saved MTCH data (23 rows)
2025-11-09 07:34:49,602 - INFO - Processing 326/503 : MTD - Mettler Toledo - 1mo
2025-11-09 07:34:49,885 - INFO - Successfully saved MTD data (23 rows)
2025-11-09 07:34:49,885 - INFO - Processing 327/503 : MU - Micron Technology - 1mo
2025-11-09 07:34:50,169 - INFO - Successfully saved MU data (23 rows)
2025-11-09 07:34:50,169 - INFO - Processing 328/503 : NCLH - Norwegian Cruise Line Holdings - 1mo
2025-11-09 07:34:50,413 - INFO - Successfully saved NCLH data (23 rows)
2025-11-09 07:34:50,413 - INFO - Processing 329/503 : NDAQ - Nasdaq, Inc. - 1mo
2025-11-09 07:34:50,663 - INFO - Successfully saved NDAQ data (23 rows)
2025-11-09 07:34:50,663 - INFO - Processing 330/503 : NDSN - Nordson Corporation - 1mo
2025-11-09 07:34:50,962 - INFO - Successfully saved NDSN data (23 rows)
2025-11-09 07:34:50,962 - INFO - Processing 331/503 : NEE - NextEra Energy - 1mo
2025-11-09 07:34:51,294 - INFO - Successfully saved NEE data (23 rows)
2025-11-09 07:34:51,294 - INFO - Processing 332/503 : NEM - Newmont - 1mo
2025-11-09 07:34:51,591 - INFO - Successfully saved NEM data (23 rows)
2025-11-09 07:34:51,591 - INFO - Processing 333/503 : NFLX - Netflix - 1mo
2025-11-09 07:34:51,834 - INFO - Successfully saved NFLX data (23 rows)
2025-11-09 07:34:51,834 - INFO - Processing 334/503 : NI - NiSource - 1mo
2025-11-09 07:34:52,138 - INFO - Successfully saved NI data (23 rows)
2025-11-09 07:34:52,138 - INFO - Processing 335/503 : NKE - Nike, Inc. - 1mo
2025-11-09 07:34:52,405 - INFO - Successfully saved NKE data (23 rows)
2025-11-09 07:34:52,405 - INFO - Processing 336/503 : NOC - Northrop Grumman - 1mo
2025-11-09 07:34:52,755 - INFO - Successfully saved NOC data (23 rows)
2025-11-09 07:34:52,756 - INFO - Processing 337/503 : NOW - ServiceNow - 1mo
2025-11-09 07:34:53,035 - INFO - Successfully saved NOW data (23 rows)
2025-11-09 07:34:53,036 - INFO - Processing 338/503 : NRG - NRG Energy - 1mo
2025-11-09 07:34:53,290 - INFO - Successfully saved NRG data (23 rows)
2025-11-09 07:34:53,291 - INFO - Processing 339/503 : NSC - Norfolk Southern - 1mo
2025-11-09 07:34:53,634 - INFO - Successfully saved NSC data (23 rows)
2025-11-09 07:34:53,635 - INFO - Processing 340/503 : NTAP - NetApp - 1mo
2025-11-09 07:34:53,893 - INFO - Successfully saved NTAP data (23 rows)
2025-11-09 07:34:53,893 - INFO - Processing 341/503 : NTRS - Northern Trust - 1mo
2025-11-09 07:34:54,231 - INFO - Successfully saved NTRS data (23 rows)
2025-11-09 07:34:54,231 - INFO - Processing 342/503 : NUE - Nucor - 1mo
2025-11-09 07:34:54,515 - INFO - Successfully saved NUE data (23 rows)
2025-11-09 07:34:54,515 - INFO - Processing 343/503 : NVDA - Nvidia - 1mo
2025-11-09 07:34:54,787 - INFO - Successfully saved NVDA data (23 rows)
2025-11-09 07:34:54,787 - INFO - Processing 344/503 : NVR - NVR, Inc. - 1mo
2025-11-09 07:34:55,040 - INFO - Successfully saved NVR data (23 rows)
2025-11-09 07:34:55,040 - INFO - Processing 345/503 : NWS - News Corp (Class B) - 1mo
2025-11-09 07:34:55,302 - INFO - Successfully saved NWS data (23 rows)
2025-11-09 07:34:55,302 - INFO - Processing 346/503 : NWSA - News Corp (Class A) - 1mo
2025-11-09 07:34:55,562 - INFO - Successfully saved NWSA data (23 rows)
2025-11-09 07:34:55,562 - INFO - Processing 347/503 : NXPI - NXP Semiconductors - 1mo
2025-11-09 07:34:55,799 - INFO - Successfully saved NXPI data (23 rows)
2025-11-09 07:34:55,800 - INFO - Processing 348/503 : O - Realty Income - 1mo
2025-11-09 07:34:56,138 - INFO - Successfully saved O data (23 rows)
2025-11-09 07:34:56,138 - INFO - Processing 349/503 : ODFL - Old Dominion - 1mo
2025-11-09 07:34:56,419 - INFO - Successfully saved ODFL data (23 rows)
2025-11-09 07:34:56,419 - INFO - Processing 350/503 : OKE - Oneok - 1mo
2025-11-09 07:34:56,741 - INFO - Successfully saved OKE data (23 rows)
2025-11-09 07:34:56,742 - INFO - Processing 351/503 : OMC - Omnicom Group - 1mo
2025-11-09 07:34:57,082 - INFO - Successfully saved OMC data (23 rows)
2025-11-09 07:34:57,083 - INFO - Processing 352/503 : ON - ON Semiconductor - 1mo
2025-11-09 07:34:57,322 - INFO - Successfully saved ON data (23 rows)
2025-11-09 07:34:57,322 - INFO - Processing 353/503 : ORCL - Oracle Corporation - 1mo
2025-11-09 07:34:57,579 - INFO - Successfully saved ORCL data (23 rows)
2025-11-09 07:34:57,579 - INFO - Processing 354/503 : ORLY - O’Reilly Automotive - 1mo
2025-11-09 07:34:57,836 - INFO - Successfully saved ORLY data (23 rows)
2025-11-09 07:34:57,836 - INFO - Processing 355/503 : OTIS - Otis Worldwide - 1mo
2025-11-09 07:34:58,137 - INFO - Successfully saved OTIS data (23 rows)
2025-11-09 07:34:58,137 - INFO - Processing 356/503 : OXY - Occidental Petroleum - 1mo
2025-11-09 07:34:58,453 - INFO - Successfully saved OXY data (23 rows)
2025-11-09 07:34:58,454 - INFO - Processing 357/503 : PANW - Palo Alto Networks - 1mo
2025-11-09 07:34:58,680 - INFO - Successfully saved PANW data (23 rows)
2025-11-09 07:34:58,680 - INFO - Processing 358/503 : PAYC - Paycom - 1mo
2025-11-09 07:34:58,919 - INFO - Successfully saved PAYC data (23 rows)
2025-11-09 07:34:58,919 - INFO - Processing 359/503 : PAYX - Paychex - 1mo
2025-11-09 07:34:59,218 - INFO - Successfully saved PAYX data (23 rows)
2025-11-09 07:34:59,219 - INFO - Processing 360/503 : PCAR - Paccar - 1mo
2025-11-09 07:34:59,516 - INFO - Successfully saved PCAR data (23 rows)
2025-11-09 07:34:59,516 - INFO - Processing 361/503 : PCG - PG&E Corporation - 1mo
2025-11-09 07:34:59,843 - INFO - Successfully saved PCG data (23 rows)
2025-11-09 07:34:59,843 - INFO - Processing 362/503 : PEG - Public Service Enterprise Group - 1mo
2025-11-09 07:35:00,381 - INFO - Successfully saved PEG data (23 rows)
2025-11-09 07:35:00,381 - INFO - Processing 363/503 : PEP - PepsiCo - 1mo
2025-11-09 07:35:00,757 - INFO - Successfully saved PEP data (23 rows)
2025-11-09 07:35:00,758 - INFO - Processing 364/503 : PFE - Pfizer - 1mo
2025-11-09 07:35:01,073 - INFO - Successfully saved PFE data (23 rows)
2025-11-09 07:35:01,073 - INFO - Processing 365/503 : PFG - Principal Financial Group - 1mo
2025-11-09 07:35:01,361 - INFO - Successfully saved PFG data (23 rows)
2025-11-09 07:35:01,362 - INFO - Processing 366/503 : PG - Procter & Gamble - 1mo
2025-11-09 07:35:01,689 - INFO - Successfully saved PG data (23 rows)
2025-11-09 07:35:01,689 - INFO - Processing 367/503 : PGR - Progressive Corporation - 1mo
2025-11-09 07:35:01,965 - INFO - Successfully saved PGR data (23 rows)
2025-11-09 07:35:01,965 - INFO - Processing 368/503 : PH - Parker Hannifin - 1mo
2025-11-09 07:35:02,271 - INFO - Successfully saved PH data (23 rows)
2025-11-09 07:35:02,271 - INFO - Processing 369/503 : PHM - PulteGroup - 1mo
2025-11-09 07:35:02,566 - INFO - Successfully saved PHM data (23 rows)
2025-11-09 07:35:02,567 - INFO - Processing 370/503 : PKG - Packaging Corporation of America - 1mo
2025-11-09 07:35:02,868 - INFO - Successfully saved PKG data (23 rows)
2025-11-09 07:35:02,868 - INFO - Processing 371/503 : PLD - Prologis - 1mo
2025-11-09 07:35:03,155 - INFO - Successfully saved PLD data (23 rows)
2025-11-09 07:35:03,155 - INFO - Processing 372/503 : PLTR - Palantir Technologies - 1mo
2025-11-09 07:35:03,427 - INFO - Successfully saved PLTR data (23 rows)
2025-11-09 07:35:03,427 - INFO - Processing 373/503 : PM - Philip Morris International - 1mo
2025-11-09 07:35:03,729 - INFO - Successfully saved PM data (23 rows)
2025-11-09 07:35:03,729 - INFO - Processing 374/503 : PNC - PNC Financial Services - 1mo
2025-11-09 07:35:04,030 - INFO - Successfully saved PNC data (23 rows)
2025-11-09 07:35:04,030 - INFO - Processing 375/503 : PNR - Pentair - 1mo
2025-11-09 07:35:04,306 - INFO - Successfully saved PNR data (23 rows)
2025-11-09 07:35:04,306 - INFO - Processing 376/503 : PNW - Pinnacle West Capital - 1mo
2025-11-09 07:35:04,625 - INFO - Successfully saved PNW data (23 rows)
2025-11-09 07:35:04,625 - INFO - Processing 377/503 : PODD - Insulet Corporation - 1mo
2025-11-09 07:35:04,851 - INFO - Successfully saved PODD data (23 rows)
2025-11-09 07:35:04,851 - INFO - Processing 378/503 : POOL - Pool Corporation - 1mo
2025-11-09 07:35:05,137 - INFO - Successfully saved POOL data (23 rows)
2025-11-09 07:35:05,137 - INFO - Processing 379/503 : PPG - PPG Industries - 1mo
2025-11-09 07:35:05,464 - INFO - Successfully saved PPG data (23 rows)
2025-11-09 07:35:05,464 - INFO - Processing 380/503 : PPL - PPL Corporation - 1mo
2025-11-09 07:35:05,771 - INFO - Successfully saved PPL data (23 rows)
2025-11-09 07:35:05,771 - INFO - Processing 381/503 : PRU - Prudential Financial - 1mo
2025-11-09 07:35:06,077 - INFO - Successfully saved PRU data (23 rows)
2025-11-09 07:35:06,077 - INFO - Processing 382/503 : PSA - Public Storage - 1mo
2025-11-09 07:35:06,404 - INFO - Successfully saved PSA data (23 rows)
2025-11-09 07:35:06,405 - INFO - Processing 383/503 : PSKY - Paramount Skydance Corporation - 1mo
2025-11-09 07:35:06,681 - INFO - Successfully saved PSKY data (23 rows)
2025-11-09 07:35:06,682 - INFO - Processing 384/503 : PSX - Phillips 66 - 1mo
2025-11-09 07:35:06,988 - INFO - Successfully saved PSX data (23 rows)
2025-11-09 07:35:06,988 - INFO - Processing 385/503 : PTC - PTC Inc. - 1mo
2025-11-09 07:35:07,214 - INFO - Successfully saved PTC data (23 rows)
2025-11-09 07:35:07,214 - INFO - Processing 386/503 : PWR - Quanta Services - 1mo
2025-11-09 07:35:07,503 - INFO - Successfully saved PWR data (23 rows)
2025-11-09 07:35:07,503 - INFO - Processing 387/503 : PYPL - PayPal - 1mo
2025-11-09 07:35:07,730 - INFO - Successfully saved PYPL data (23 rows)
2025-11-09 07:35:07,730 - INFO - Processing 388/503 : QCOM - Qualcomm - 1mo
2025-11-09 07:35:08,007 - INFO - Successfully saved QCOM data (23 rows)
2025-11-09 07:35:08,007 - INFO - Processing 389/503 : RCL - Royal Caribbean Group - 1mo
2025-11-09 07:35:08,276 - INFO - Successfully saved RCL data (23 rows)
2025-11-09 07:35:08,276 - INFO - Processing 390/503 : REG - Regency Centers - 1mo
2025-11-09 07:35:08,531 - INFO - Successfully saved REG data (23 rows)
2025-11-09 07:35:08,531 - INFO - Processing 391/503 : REGN - Regeneron Pharmaceuticals - 1mo
2025-11-09 07:35:08,778 - INFO - Successfully saved REGN data (23 rows)
2025-11-09 07:35:08,778 - INFO - Processing 392/503 : RF - Regions Financial Corporation - 1mo
2025-11-09 07:35:09,136 - INFO - Successfully saved RF data (23 rows)
2025-11-09 07:35:09,136 - INFO - Processing 393/503 : RJF - Raymond James Financial - 1mo
2025-11-09 07:35:09,457 - INFO - Successfully saved RJF data (23 rows)
2025-11-09 07:35:09,457 - INFO - Processing 394/503 : RL - Ralph Lauren Corporation - 1mo
2025-11-09 07:35:09,797 - INFO - Successfully saved RL data (23 rows)
2025-11-09 07:35:09,798 - INFO - Processing 395/503 : RMD - ResMed - 1mo
2025-11-09 07:35:10,077 - INFO - Successfully saved RMD data (23 rows)
2025-11-09 07:35:10,077 - INFO - Processing 396/503 : ROK - Rockwell Automation - 1mo
2025-11-09 07:35:10,376 - INFO - Successfully saved ROK data (23 rows)
2025-11-09 07:35:10,377 - INFO - Processing 397/503 : ROL - Rollins, Inc. - 1mo
2025-11-09 07:35:10,728 - INFO - Successfully saved ROL data (23 rows)
2025-11-09 07:35:10,729 - INFO - Processing 398/503 : ROP - Roper Technologies - 1mo
2025-11-09 07:35:11,056 - INFO - Successfully saved ROP data (23 rows)
2025-11-09 07:35:11,057 - INFO - Processing 399/503 : ROST - Ross Stores - 1mo
2025-11-09 07:35:11,378 - INFO - Successfully saved ROST data (23 rows)
2025-11-09 07:35:11,379 - INFO - Processing 400/503 : RSG - Republic Services - 1mo
2025-11-09 07:35:11,663 - INFO - Successfully saved RSG data (23 rows)
2025-11-09 07:35:11,663 - INFO - Processing 401/503 : RTX - RTX Corporation - 1mo
2025-11-09 07:35:12,032 - INFO - Successfully saved RTX data (23 rows)
2025-11-09 07:35:12,032 - INFO - Processing 402/503 : RVTY - Revvity - 1mo
2025-11-09 07:35:12,636 - INFO - Successfully saved RVTY data (23 rows)
2025-11-09 07:35:12,636 - INFO - Processing 403/503 : SBAC - SBA Communications - 1mo
2025-11-09 07:35:13,463 - INFO - Successfully saved SBAC data (23 rows)
2025-11-09 07:35:13,464 - INFO - Processing 404/503 : SBUX - Starbucks - 1mo
2025-11-09 07:35:13,995 - INFO - Successfully saved SBUX data (23 rows)
2025-11-09 07:35:13,995 - INFO - Processing 405/503 : SCHW - Charles Schwab Corporation - 1mo
2025-11-09 07:35:14,455 - INFO - Successfully saved SCHW data (23 rows)
2025-11-09 07:35:14,455 - INFO - Processing 406/503 : SHW - Sherwin-Williams - 1mo
2025-11-09 07:35:14,816 - INFO - Successfully saved SHW data (23 rows)
2025-11-09 07:35:14,816 - INFO - Processing 407/503 : SJM - J.M. Smucker Company (The) - 1mo
2025-11-09 07:35:15,126 - INFO - Successfully saved SJM data (23 rows)
2025-11-09 07:35:15,126 - INFO - Processing 408/503 : SLB - Schlumberger - 1mo
2025-11-09 07:35:15,444 - INFO - Successfully saved SLB data (23 rows)
2025-11-09 07:35:15,444 - INFO - Processing 409/503 : SMCI - Supermicro - 1mo
2025-11-09 07:35:15,710 - INFO - Successfully saved SMCI data (23 rows)
2025-11-09 07:35:15,710 - INFO - Processing 410/503 : SNA - Snap-on - 1mo
2025-11-09 07:35:15,996 - INFO - Successfully saved SNA data (23 rows)
2025-11-09 07:35:15,997 - INFO - Processing 411/503 : SNPS - Synopsys - 1mo
2025-11-09 07:35:16,246 - INFO - Successfully saved SNPS data (23 rows)
2025-11-09 07:35:16,247 - INFO - Processing 412/503 : SO - Southern Company - 1mo
2025-11-09 07:35:16,525 - INFO - Successfully saved SO data (23 rows)
2025-11-09 07:35:16,525 - INFO - Processing 413/503 : SOLV - Solventum - 1mo
2025-11-09 07:35:16,803 - INFO - Successfully saved SOLV data (23 rows)
2025-11-09 07:35:16,803 - INFO - Processing 414/503 : SPG - Simon Property Group - 1mo
2025-11-09 07:35:17,442 - INFO - Successfully saved SPG data (23 rows)
2025-11-09 07:35:17,442 - INFO - Processing 415/503 : SPGI - S&P Global - 1mo
2025-11-09 07:35:17,772 - INFO - Successfully saved SPGI data (23 rows)
2025-11-09 07:35:17,773 - INFO - Processing 416/503 : SRE - Sempra - 1mo
2025-11-09 07:35:18,072 - INFO - Successfully saved SRE data (23 rows)
2025-11-09 07:35:18,072 - INFO - Processing 417/503 : STE - Steris - 1mo
2025-11-09 07:35:18,341 - INFO - Successfully saved STE data (23 rows)
2025-11-09 07:35:18,341 - INFO - Processing 418/503 : STLD - Steel Dynamics - 1mo
2025-11-09 07:35:18,655 - INFO - Successfully saved STLD data (23 rows)
2025-11-09 07:35:18,655 - INFO - Processing 419/503 : STT - State Street Corporation - 1mo
2025-11-09 07:35:18,977 - INFO - Successfully saved STT data (23 rows)
2025-11-09 07:35:18,978 - INFO - Processing 420/503 : STX - Seagate Technology - 1mo
2025-11-09 07:35:19,291 - INFO - Successfully saved STX data (23 rows)
2025-11-09 07:35:19,291 - INFO - Processing 421/503 : STZ - Constellation Brands - 1mo
2025-11-09 07:35:19,543 - INFO - Successfully saved STZ data (23 rows)
2025-11-09 07:35:19,543 - INFO - Processing 422/503 : SW - Smurfit Westrock - 1mo
2025-11-09 07:35:19,781 - INFO - Successfully saved SW data (23 rows)
2025-11-09 07:35:19,781 - INFO - Processing 423/503 : SWK - Stanley Black & Decker - 1mo
2025-11-09 07:35:20,064 - INFO - Successfully saved SWK data (23 rows)
2025-11-09 07:35:20,064 - INFO - Processing 424/503 : SWKS - Skyworks Solutions - 1mo
2025-11-09 07:35:20,343 - INFO - Successfully saved SWKS data (23 rows)
2025-11-09 07:35:20,343 - INFO - Processing 425/503 : SYF - Synchrony Financial - 1mo
2025-11-09 07:35:20,646 - INFO - Successfully saved SYF data (23 rows)
2025-11-09 07:35:20,646 - INFO - Processing 426/503 : SYK - Stryker Corporation - 1mo
2025-11-09 07:35:20,988 - INFO - Successfully saved SYK data (23 rows)
2025-11-09 07:35:20,988 - INFO - Processing 427/503 : SYY - Sysco - 1mo
2025-11-09 07:35:21,309 - INFO - Successfully saved SYY data (23 rows)
2025-11-09 07:35:21,310 - INFO - Processing 428/503 : T - AT&T - 1mo
2025-11-09 07:35:21,653 - INFO - Successfully saved T data (23 rows)
2025-11-09 07:35:21,653 - INFO - Processing 429/503 : TAP - Molson Coors Beverage Company - 1mo
2025-11-09 07:35:21,980 - INFO - Successfully saved TAP data (23 rows)
2025-11-09 07:35:21,980 - INFO - Processing 430/503 : TDG - TransDigm Group - 1mo
2025-11-09 07:35:22,251 - INFO - Successfully saved TDG data (23 rows)
2025-11-09 07:35:22,252 - INFO - Processing 431/503 : TDY - Teledyne Technologies - 1mo
2025-11-09 07:35:22,480 - INFO - Successfully saved TDY data (23 rows)
2025-11-09 07:35:22,481 - INFO - Processing 432/503 : TECH - Bio-Techne - 1mo
2025-11-09 07:35:31,905 - INFO - Successfully saved TECH data (23 rows)
2025-11-09 07:35:31,905 - INFO - Processing 433/503 : TEL - TE Connectivity - 1mo
2025-11-09 07:35:32,733 - INFO - Successfully saved TEL data (23 rows)
2025-11-09 07:35:32,733 - INFO - Processing 434/503 : TER - Teradyne - 1mo
2025-11-09 07:35:33,144 - INFO - Successfully saved TER data (23 rows)
2025-11-09 07:35:33,145 - INFO - Processing 435/503 : TFC - Truist Financial - 1mo
2025-11-09 07:35:33,729 - INFO - Successfully saved TFC data (23 rows)
2025-11-09 07:35:33,729 - INFO - Processing 436/503 : TGT - Target Corporation - 1mo
2025-11-09 07:35:34,055 - INFO - Successfully saved TGT data (23 rows)
2025-11-09 07:35:34,056 - INFO - Processing 437/503 : TJX - TJX Companies - 1mo
2025-11-09 07:35:34,384 - INFO - Successfully saved TJX data (23 rows)
2025-11-09 07:35:34,385 - INFO - Processing 438/503 : TKO - TKO Group Holdings - 1mo
2025-11-09 07:35:34,699 - INFO - Successfully saved TKO data (23 rows)
2025-11-09 07:35:34,700 - INFO - Processing 439/503 : TMO - Thermo Fisher Scientific - 1mo
2025-11-09 07:35:34,981 - INFO - Successfully saved TMO data (23 rows)
2025-11-09 07:35:34,981 - INFO - Processing 440/503 : TMUS - T-Mobile US - 1mo
2025-11-09 07:35:35,338 - INFO - Successfully saved TMUS data (23 rows)
2025-11-09 07:35:35,338 - INFO - Processing 441/503 : TPL - Texas Pacific Land Corporation - 1mo
2025-11-09 07:35:35,636 - INFO - Successfully saved TPL data (23 rows)
2025-11-09 07:35:35,636 - INFO - Processing 442/503 : TPR - Tapestry, Inc. - 1mo
2025-11-09 07:35:35,875 - INFO - Successfully saved TPR data (23 rows)
2025-11-09 07:35:35,875 - INFO - Processing 443/503 : TRGP - Targa Resources - 1mo
2025-11-09 07:35:36,146 - INFO - Successfully saved TRGP data (23 rows)
2025-11-09 07:35:36,147 - INFO - Processing 444/503 : TRMB - Trimble Inc. - 1mo
2025-11-09 07:35:36,395 - INFO - Successfully saved TRMB data (23 rows)
2025-11-09 07:35:36,395 - INFO - Processing 445/503 : TROW - T. Rowe Price - 1mo
2025-11-09 07:35:36,685 - INFO - Successfully saved TROW data (23 rows)
2025-11-09 07:35:36,685 - INFO - Processing 446/503 : TRV - Travelers Companies (The) - 1mo
2025-11-09 07:35:37,017 - INFO - Successfully saved TRV data (23 rows)
2025-11-09 07:35:37,017 - INFO - Processing 447/503 : TSCO - Tractor Supply - 1mo
2025-11-09 07:35:37,277 - INFO - Successfully saved TSCO data (23 rows)
2025-11-09 07:35:37,277 - INFO - Processing 448/503 : TSLA - Tesla, Inc. - 1mo
2025-11-09 07:35:37,568 - INFO - Successfully saved TSLA data (23 rows)
2025-11-09 07:35:37,568 - INFO - Processing 449/503 : TSN - Tyson Foods - 1mo
2025-11-09 07:35:37,847 - INFO - Successfully saved TSN data (23 rows)
2025-11-09 07:35:37,847 - INFO - Processing 450/503 : TT - Trane Technologies - 1mo
2025-11-09 07:35:38,190 - INFO - Successfully saved TT data (23 rows)
2025-11-09 07:35:38,190 - INFO - Processing 451/503 : TTD - Trade Desk (The) - 1mo
2025-11-09 07:35:38,454 - INFO - Successfully saved TTD data (23 rows)
2025-11-09 07:35:38,454 - INFO - Processing 452/503 : TTWO - Take-Two Interactive - 1mo
2025-11-09 07:35:38,684 - INFO - Successfully saved TTWO data (23 rows)
2025-11-09 07:35:38,685 - INFO - Processing 453/503 : TXN - Texas Instruments - 1mo
2025-11-09 07:35:39,013 - INFO - Successfully saved TXN data (23 rows)
2025-11-09 07:35:39,013 - INFO - Processing 454/503 : TXT - Textron - 1mo
2025-11-09 07:35:39,339 - INFO - Successfully saved TXT data (23 rows)
2025-11-09 07:35:39,339 - INFO - Processing 455/503 : TYL - Tyler Technologies - 1mo
2025-11-09 07:35:39,593 - INFO - Successfully saved TYL data (23 rows)
2025-11-09 07:35:39,593 - INFO - Processing 456/503 : UAL - United Airlines Holdings - 1mo
2025-11-09 07:35:39,861 - INFO - Successfully saved UAL data (23 rows)
2025-11-09 07:35:39,862 - INFO - Processing 457/503 : UBER - Uber - 1mo
2025-11-09 07:35:40,149 - INFO - Successfully saved UBER data (23 rows)
2025-11-09 07:35:40,150 - INFO - Processing 458/503 : UDR - UDR, Inc. - 1mo
2025-11-09 07:35:40,436 - INFO - Successfully saved UDR data (23 rows)
2025-11-09 07:35:40,436 - INFO - Processing 459/503 : UHS - Universal Health Services - 1mo
2025-11-09 07:35:40,755 - INFO - Successfully saved UHS data (23 rows)
2025-11-09 07:35:40,755 - INFO - Processing 460/503 : ULTA - Ulta Beauty - 1mo
2025-11-09 07:35:41,028 - INFO - Successfully saved ULTA data (23 rows)
2025-11-09 07:35:41,028 - INFO - Processing 461/503 : UNH - UnitedHealth Group - 1mo
2025-11-09 07:35:41,319 - INFO - Successfully saved UNH data (23 rows)
2025-11-09 07:35:41,319 - INFO - Processing 462/503 : UNP - Union Pacific Corporation - 1mo
2025-11-09 07:35:41,608 - INFO - Successfully saved UNP data (23 rows)
2025-11-09 07:35:41,608 - INFO - Processing 463/503 : UPS - United Parcel Service - 1mo
2025-11-09 07:35:41,881 - INFO - Successfully saved UPS data (23 rows)
2025-11-09 07:35:41,881 - INFO - Processing 464/503 : URI - United Rentals - 1mo
2025-11-09 07:35:42,120 - INFO - Successfully saved URI data (23 rows)
2025-11-09 07:35:42,121 - INFO - Processing 465/503 : USB - U.S. Bancorp - 1mo
2025-11-09 07:35:42,403 - INFO - Successfully saved USB data (23 rows)
2025-11-09 07:35:42,404 - INFO - Processing 466/503 : V - Visa Inc. - 1mo
2025-11-09 07:35:42,675 - INFO - Successfully saved V data (23 rows)
2025-11-09 07:35:42,676 - INFO - Processing 467/503 : VICI - Vici Properties - 1mo
2025-11-09 07:35:42,965 - INFO - Successfully saved VICI data (23 rows)
2025-11-09 07:35:42,965 - INFO - Processing 468/503 : VLO - Valero Energy - 1mo
2025-11-09 07:35:43,325 - INFO - Successfully saved VLO data (23 rows)
2025-11-09 07:35:43,325 - INFO - Processing 469/503 : VLTO - Veralto - 1mo
2025-11-09 07:35:43,624 - INFO - Successfully saved VLTO data (23 rows)
2025-11-09 07:35:43,624 - INFO - Processing 470/503 : VMC - Vulcan Materials Company - 1mo
2025-11-09 07:35:43,903 - INFO - Successfully saved VMC data (23 rows)
2025-11-09 07:35:43,904 - INFO - Processing 471/503 : VRSK - Verisk Analytics - 1mo
2025-11-09 07:35:44,138 - INFO - Successfully saved VRSK data (23 rows)
2025-11-09 07:35:44,138 - INFO - Processing 472/503 : VRSN - Verisign - 1mo
2025-11-09 07:35:44,987 - INFO - Successfully saved VRSN data (23 rows)
2025-11-09 07:35:44,987 - INFO - Processing 473/503 : VRTX - Vertex Pharmaceuticals - 1mo
2025-11-09 07:35:45,406 - INFO - Successfully saved VRTX data (23 rows)
2025-11-09 07:35:45,406 - INFO - Processing 474/503 : VST - Vistra Corp. - 1mo
2025-11-09 07:35:45,847 - INFO - Successfully saved VST data (23 rows)
2025-11-09 07:35:45,847 - INFO - Processing 475/503 : VTR - Ventas - 1mo
2025-11-09 07:35:46,376 - INFO - Successfully saved VTR data (23 rows)
2025-11-09 07:35:46,377 - INFO - Processing 476/503 : VTRS - Viatris - 1mo
2025-11-09 07:35:46,824 - INFO - Successfully saved VTRS data (23 rows)
2025-11-09 07:35:46,824 - INFO - Processing 477/503 : VZ - Verizon - 1mo
2025-11-09 07:35:47,126 - INFO - Successfully saved VZ data (23 rows)
2025-11-09 07:35:47,127 - INFO - Processing 478/503 : WAB - Wabtec - 1mo
2025-11-09 07:35:47,395 - INFO - Successfully saved WAB data (23 rows)
2025-11-09 07:35:47,395 - INFO - Processing 479/503 : WAT - Waters Corporation - 1mo
2025-11-09 07:35:47,633 - INFO - Successfully saved WAT data (23 rows)
2025-11-09 07:35:47,633 - INFO - Processing 480/503 : WBA - Walgreens Boots Alliance - 1mo
2025-11-09 07:35:48,250 - ERROR - 
1 Failed download:
2025-11-09 07:35:48,251 - ERROR - ['WBA']: YFPricesMissingError('possibly delisted; no price data found  (period=1mo) (Yahoo error = "No data found, symbol may be delisted")')
2025-11-09 07:35:48,253 - ERROR - No data returned for WBA
2025-11-09 07:35:48,253 - INFO - Processing 481/503 : WBD - Warner Bros. Discovery - 1mo
2025-11-09 07:35:48,480 - INFO - Successfully saved WBD data (23 rows)
2025-11-09 07:35:48,481 - INFO - Processing 482/503 : WDAY - Workday, Inc. - 1mo
2025-11-09 07:35:48,752 - INFO - Successfully saved WDAY data (23 rows)
2025-11-09 07:35:48,752 - INFO - Processing 483/503 : WDC - Western Digital - 1mo
2025-11-09 07:35:49,008 - INFO - Successfully saved WDC data (23 rows)
2025-11-09 07:35:49,009 - INFO - Processing 484/503 : WEC - WEC Energy Group - 1mo
2025-11-09 07:35:49,339 - INFO - Successfully saved WEC data (23 rows)
2025-11-09 07:35:49,339 - INFO - Processing 485/503 : WELL - Welltower - 1mo
2025-11-09 07:35:49,668 - INFO - Successfully saved WELL data (23 rows)
2025-11-09 07:35:49,668 - INFO - Processing 486/503 : WFC - Wells Fargo - 1mo
2025-11-09 07:35:50,048 - INFO - Successfully saved WFC data (23 rows)
2025-11-09 07:35:50,048 - INFO - Processing 487/503 : WM - Waste Management - 1mo
2025-11-09 07:35:50,319 - INFO - Successfully saved WM data (23 rows)
2025-11-09 07:35:50,320 - INFO - Processing 488/503 : WMB - Williams Companies - 1mo
2025-11-09 07:35:50,642 - INFO - Successfully saved WMB data (23 rows)
2025-11-09 07:35:50,642 - INFO - Processing 489/503 : WMT - Walmart - 1mo
2025-11-09 07:35:50,950 - INFO - Successfully saved WMT data (23 rows)
2025-11-09 07:35:50,950 - INFO - Processing 490/503 : WRB - W. R. Berkley Corporation - 1mo
2025-11-09 07:35:51,279 - INFO - Successfully saved WRB data (23 rows)
2025-11-09 07:35:51,279 - INFO - Processing 491/503 : WSM - Williams-Sonoma, Inc. - 1mo
2025-11-09 07:35:51,542 - INFO - Successfully saved WSM data (23 rows)
2025-11-09 07:35:51,542 - INFO - Processing 492/503 : WST - West Pharmaceutical Services - 1mo
2025-11-09 07:35:51,874 - INFO - Successfully saved WST data (23 rows)
2025-11-09 07:35:51,874 - INFO - Processing 493/503 : WTW - Willis Towers Watson - 1mo
2025-11-09 07:35:52,165 - INFO - Successfully saved WTW data (23 rows)
2025-11-09 07:35:52,165 - INFO - Processing 494/503 : WY - Weyerhaeuser - 1mo
2025-11-09 07:35:52,526 - INFO - Successfully saved WY data (23 rows)
2025-11-09 07:35:52,526 - INFO - Processing 495/503 : WYNN - Wynn Resorts - 1mo
2025-11-09 07:35:52,796 - INFO - Successfully saved WYNN data (23 rows)
2025-11-09 07:35:52,796 - INFO - Processing 496/503 : XEL - Xcel Energy - 1mo
2025-11-09 07:35:53,134 - INFO - Successfully saved XEL data (23 rows)
2025-11-09 07:35:53,134 - INFO - Processing 497/503 : XOM - ExxonMobil - 1mo
2025-11-09 07:35:53,509 - INFO - Successfully saved XOM data (23 rows)
2025-11-09 07:35:53,509 - INFO - Processing 498/503 : XYL - Xylem Inc. - 1mo
2025-11-09 07:35:53,817 - INFO - Successfully saved XYL data (23 rows)
2025-11-09 07:35:53,818 - INFO - Processing 499/503 : XYZ - Block, Inc. - 1mo
2025-11-09 07:35:54,064 - INFO - Successfully saved XYZ data (23 rows)
2025-11-09 07:35:54,065 - INFO - Processing 500/503 : YUM - Yum! Brands - 1mo
2025-11-09 07:35:54,364 - INFO - Successfully saved YUM data (23 rows)
2025-11-09 07:35:54,364 - INFO - Processing 501/503 : ZBH - Zimmer Biomet - 1mo
2025-11-09 07:35:54,601 - INFO - Successfully saved ZBH data (23 rows)
2025-11-09 07:35:54,602 - INFO - Processing 502/503 : ZBRA - Zebra Technologies - 1mo
2025-11-09 07:35:54,828 - INFO - Successfully saved ZBRA data (23 rows)
2025-11-09 07:35:54,828 - INFO - Processing 503/503 : ZTS - Zoetis - 1mo
2025-11-09 07:35:55,176 - INFO - Successfully saved ZTS data (23 rows)
2025-11-09 07:35:55,176 - INFO - S&P 500 data download process completed
2025-11-09 07:36:59,574 - INFO - Loaded S&P 500 list with 503 companies data
2025-11-09 07:36:59,574 - INFO - Starting S&P 500 data download process
2025-11-09 07:36:59,575 - INFO - Processing 1/503 : A - Agilent Technologies - 3w
2025-11-09 07:37:01,196 - ERROR - 
1 Failed download:
2025-11-09 07:37:01,196 - ERROR - ['A']: YFInvalidPeriodError("A: Period '3w' is invalid, must be one of: 1d, 5d, 1mo, 3mo, 6mo, 1y, 2y, 5y, 10y, ytd, max")
2025-11-09 07:37:01,199 - ERROR - No data returned for A
2025-11-09 07:37:01,199 - INFO - Processing 2/503 : AAPL - Apple Inc. - 3w
2025-11-09 07:37:01,606 - ERROR - 
1 Failed download:
2025-11-09 07:37:01,606 - ERROR - ['AAPL']: YFInvalidPeriodError("AAPL: Period '3w' is invalid, must be one of: 1d, 5d, 1mo, 3mo, 6mo, 1y, 2y, 5y, 10y, ytd, max")
2025-11-09 07:37:01,608 - ERROR - No data returned for AAPL
2025-11-09 07:37:01,608 - INFO - Processing 3/503 : ABBV - AbbVie - 3w
2025-11-09 07:37:02,227 - ERROR - 
1 Failed download:
2025-11-09 07:37:02,227 - ERROR - ['ABBV']: YFInvalidPeriodError("ABBV: Period '3w' is invalid, must be one of: 1d, 5d, 1mo, 3mo, 6mo, 1y, 2y, 5y, 10y, ytd, max")
2025-11-09 07:37:02,230 - ERROR - No data returned for ABBV
2025-11-09 07:37:02,230 - INFO - Processing 4/503 : ABNB - Airbnb - 3w
2025-11-09 07:37:02,737 - ERROR - 
1 Failed download:
2025-11-09 07:37:02,737 - ERROR - ['ABNB']: YFInvalidPeriodError("ABNB: Period '3w' is invalid, must be one of: 1d, 5d, 1mo, 3mo, 6mo, 1y, 2y, 5y, ytd, max")
2025-11-09 07:37:02,739 - ERROR - No data returned for ABNB
2025-11-09 07:37:02,739 - INFO - Processing 5/503 : ABT - Abbott Laboratories - 3w
2025-11-09 07:37:03,075 - ERROR - 
1 Failed download:
2025-11-09 07:37:03,075 - ERROR - ['ABT']: YFInvalidPeriodError("ABT: Period '3w' is invalid, must be one of: 1d, 5d, 1mo, 3mo, 6mo, 1y, 2y, 5y, 10y, ytd, max")
2025-11-09 07:37:03,077 - ERROR - No data returned for ABT
2025-11-09 07:37:03,077 - INFO - Processing 6/503 : ACGL - Arch Capital Group - 3w
2025-11-09 07:37:03,312 - ERROR - 
1 Failed download:
2025-11-09 07:37:03,312 - ERROR - ['ACGL']: YFInvalidPeriodError("ACGL: Period '3w' is invalid, must be one of: 1d, 5d, 1mo, 3mo, 6mo, 1y, 2y, 5y, 10y, ytd, max")
2025-11-09 07:37:03,315 - ERROR - No data returned for ACGL
2025-11-09 07:37:03,315 - INFO - Processing 7/503 : ACN - Accenture - 3w
2025-11-09 07:37:03,610 - ERROR - 
1 Failed download:
2025-11-09 07:37:03,610 - ERROR - ['ACN']: YFInvalidPeriodError("ACN: Period '3w' is invalid, must be one of: 1d, 5d, 1mo, 3mo, 6mo, 1y, 2y, 5y, 10y, ytd, max")
2025-11-09 07:37:03,612 - ERROR - No data returned for ACN
2025-11-09 07:37:03,612 - INFO - Processing 8/503 : ADBE - Adobe Inc. - 3w
2025-11-09 07:37:03,866 - ERROR - 
1 Failed download:
2025-11-09 07:37:03,867 - ERROR - ['ADBE']: YFInvalidPeriodError("ADBE: Period '3w' is invalid, must be one of: 1d, 5d, 1mo, 3mo, 6mo, 1y, 2y, 5y, 10y, ytd, max")
2025-11-09 07:37:03,869 - ERROR - No data returned for ADBE
2025-11-09 07:37:03,869 - INFO - Processing 9/503 : ADI - Analog Devices - 3w
2025-11-09 07:37:04,195 - ERROR - 
1 Failed download:
2025-11-09 07:37:04,195 - ERROR - ['ADI']: YFInvalidPeriodError("ADI: Period '3w' is invalid, must be one of: 1d, 5d, 1mo, 3mo, 6mo, 1y, 2y, 5y, 10y, ytd, max")
2025-11-09 07:37:04,196 - ERROR - No data returned for ADI
2025-11-09 07:37:04,197 - INFO - Processing 10/503 : ADM - Archer Daniels Midland - 3w
2025-11-09 07:37:04,574 - ERROR - 
1 Failed download:
2025-11-09 07:37:04,574 - ERROR - ['ADM']: YFInvalidPeriodError("ADM: Period '3w' is invalid, must be one of: 1d, 5d, 1mo, 3mo, 6mo, 1y, 2y, 5y, 10y, ytd, max")
2025-11-09 07:37:04,576 - ERROR - No data returned for ADM
2025-11-09 07:37:04,576 - INFO - Processing 11/503 : ADP - Automatic Data Processing - 3w
2025-11-09 07:37:04,901 - ERROR - 
1 Failed download:
2025-11-09 07:37:04,901 - ERROR - ['ADP']: YFInvalidPeriodError("ADP: Period '3w' is invalid, must be one of: 1d, 5d, 1mo, 3mo, 6mo, 1y, 2y, 5y, 10y, ytd, max")
2025-11-09 07:37:04,904 - ERROR - No data returned for ADP
2025-11-09 07:37:04,904 - INFO - Processing 12/503 : ADSK - Autodesk - 3w
2025-11-09 07:37:05,139 - ERROR - 
1 Failed download:
2025-11-09 07:37:05,139 - ERROR - ['ADSK']: YFInvalidPeriodError("ADSK: Period '3w' is invalid, must be one of: 1d, 5d, 1mo, 3mo, 6mo, 1y, 2y, 5y, 10y, ytd, max")
2025-11-09 07:37:05,142 - ERROR - No data returned for ADSK
2025-11-09 07:37:05,142 - INFO - Processing 13/503 : AEE - Ameren - 3w
2025-11-09 07:37:05,427 - ERROR - 
1 Failed download:
2025-11-09 07:37:05,427 - ERROR - ['AEE']: YFInvalidPeriodError("AEE: Period '3w' is invalid, must be one of: 1d, 5d, 1mo, 3mo, 6mo, 1y, 2y, 5y, 10y, ytd, max")
2025-11-09 07:37:05,429 - ERROR - No data returned for AEE
2025-11-09 07:37:05,429 - INFO - Processing 14/503 : AEP - American Electric Power - 3w
2025-11-09 07:37:05,746 - ERROR - 
1 Failed download:
2025-11-09 07:37:05,746 - ERROR - ['AEP']: YFInvalidPeriodError("AEP: Period '3w' is invalid, must be one of: 1d, 5d, 1mo, 3mo, 6mo, 1y, 2y, 5y, 10y, ytd, max")
2025-11-09 07:37:05,748 - ERROR - No data returned for AEP
2025-11-09 07:37:05,748 - INFO - Processing 15/503 : AES - AES Corporation - 3w
2025-11-09 07:37:05,993 - ERROR - 
1 Failed download:
2025-11-09 07:37:05,993 - ERROR - ['AES']: YFInvalidPeriodError("AES: Period '3w' is invalid, must be one of: 1d, 5d, 1mo, 3mo, 6mo, 1y, 2y, 5y, 10y, ytd, max")
2025-11-09 07:37:05,995 - ERROR - No data returned for AES
2025-11-09 07:37:05,996 - INFO - Processing 16/503 : AFL - Aflac - 3w
2025-11-09 07:37:06,251 - ERROR - 
1 Failed download:
2025-11-09 07:37:06,252 - ERROR - ['AFL']: YFInvalidPeriodError("AFL: Period '3w' is invalid, must be one of: 1d, 5d, 1mo, 3mo, 6mo, 1y, 2y, 5y, 10y, ytd, max")
2025-11-09 07:37:06,254 - ERROR - No data returned for AFL
2025-11-09 07:37:06,254 - INFO - Processing 17/503 : AIG - American International Group - 3w
2025-11-09 07:37:06,579 - ERROR - 
1 Failed download:
2025-11-09 07:37:06,579 - ERROR - ['AIG']: YFInvalidPeriodError("AIG: Period '3w' is invalid, must be one of: 1d, 5d, 1mo, 3mo, 6mo, 1y, 2y, 5y, 10y, ytd, max")
2025-11-09 07:37:06,581 - ERROR - No data returned for AIG
2025-11-09 07:37:06,581 - INFO - Processing 18/503 : AIZ - Assurant - 3w
2025-11-09 07:37:06,866 - ERROR - 
1 Failed download:
2025-11-09 07:37:06,867 - ERROR - ['AIZ']: YFInvalidPeriodError("AIZ: Period '3w' is invalid, must be one of: 1d, 5d, 1mo, 3mo, 6mo, 1y, 2y, 5y, 10y, ytd, max")
2025-11-09 07:37:06,869 - ERROR - No data returned for AIZ
2025-11-09 07:37:06,869 - INFO - Processing 19/503 : AJG - Arthur J. Gallagher & Co. - 3w
2025-11-09 07:37:07,114 - ERROR - 
1 Failed download:
2025-11-09 07:37:07,115 - ERROR - ['AJG']: YFInvalidPeriodError("AJG: Period '3w' is invalid, must be one of: 1d, 5d, 1mo, 3mo, 6mo, 1y, 2y, 5y, 10y, ytd, max")
2025-11-09 07:37:07,116 - ERROR - No data returned for AJG
2025-11-09 07:37:07,117 - INFO - Processing 20/503 : AKAM - Akamai Technologies - 3w
2025-11-09 07:37:07,422 - ERROR - 
1 Failed download:
2025-11-09 07:37:07,422 - ERROR - ['AKAM']: YFInvalidPeriodError("AKAM: Period '3w' is invalid, must be one of: 1d, 5d, 1mo, 3mo, 6mo, 1y, 2y, 5y, 10y, ytd, max")
2025-11-09 07:37:07,424 - ERROR - No data returned for AKAM
2025-11-09 07:37:07,424 - INFO - Processing 21/503 : ALB - Albemarle Corporation - 3w
2025-11-09 07:37:07,688 - ERROR - 
1 Failed download:
2025-11-09 07:37:07,688 - ERROR - ['ALB']: YFInvalidPeriodError("ALB: Period '3w' is invalid, must be one of: 1d, 5d, 1mo, 3mo, 6mo, 1y, 2y, 5y, 10y, ytd, max")
2025-11-09 07:37:07,690 - ERROR - No data returned for ALB
2025-11-09 07:37:07,690 - INFO - Processing 22/503 : ALGN - Align Technology - 3w
2025-11-09 07:37:07,965 - ERROR - 
1 Failed download:
2025-11-09 07:37:07,965 - ERROR - ['ALGN']: YFInvalidPeriodError("ALGN: Period '3w' is invalid, must be one of: 1d, 5d, 1mo, 3mo, 6mo, 1y, 2y, 5y, 10y, ytd, max")
2025-11-09 07:37:07,967 - ERROR - No data returned for ALGN
2025-11-09 07:37:07,968 - INFO - Processing 23/503 : ALL - Allstate - 3w
2025-11-09 07:37:08,303 - ERROR - 
1 Failed download:
2025-11-09 07:37:08,303 - ERROR - ['ALL']: YFInvalidPeriodError("ALL: Period '3w' is invalid, must be one of: 1d, 5d, 1mo, 3mo, 6mo, 1y, 2y, 5y, 10y, ytd, max")
2025-11-09 07:37:08,306 - ERROR - No data returned for ALL
2025-11-09 07:37:08,306 - INFO - Processing 24/503 : ALLE - Allegion - 3w
2025-11-09 07:37:08,602 - ERROR - 
1 Failed download:
2025-11-09 07:37:08,602 - ERROR - ['ALLE']: YFInvalidPeriodError("ALLE: Period '3w' is invalid, must be one of: 1d, 5d, 1mo, 3mo, 6mo, 1y, 2y, 5y, 10y, ytd, max")
2025-11-09 07:37:08,604 - ERROR - No data returned for ALLE
2025-11-09 07:37:08,604 - INFO - Processing 25/503 : AMAT - Applied Materials - 3w
2025-11-09 07:37:08,860 - ERROR - 
1 Failed download:
2025-11-09 07:37:08,860 - ERROR - ['AMAT']: YFInvalidPeriodError("AMAT: Period '3w' is invalid, must be one of: 1d, 5d, 1mo, 3mo, 6mo, 1y, 2y, 5y, 10y, ytd, max")
2025-11-09 07:37:08,862 - ERROR - No data returned for AMAT
2025-11-09 07:37:08,863 - INFO - Processing 26/503 : AMCR - Amcor - 3w
2025-11-09 07:37:09,097 - ERROR - 
1 Failed download:
2025-11-09 07:37:09,097 - ERROR - ['AMCR']: YFInvalidPeriodError("AMCR: Period '3w' is invalid, must be one of: 1d, 5d, 1mo, 3mo, 6mo, 1y, 2y, 5y, 10y, ytd, max")
2025-11-09 07:37:09,099 - ERROR - No data returned for AMCR
2025-11-09 07:37:09,099 - INFO - Processing 27/503 : AMD - Advanced Micro Devices - 3w
2025-11-09 07:37:09,353 - ERROR - 
1 Failed download:
2025-11-09 07:37:09,353 - ERROR - ['AMD']: YFInvalidPeriodError("AMD: Period '3w' is invalid, must be one of: 1d, 5d, 1mo, 3mo, 6mo, 1y, 2y, 5y, 10y, ytd, max")
2025-11-09 07:37:09,355 - ERROR - No data returned for AMD
2025-11-09 07:37:09,356 - INFO - Processing 28/503 : AME - Ametek - 3w
2025-11-09 07:37:09,641 - ERROR - 
1 Failed download:
2025-11-09 07:37:09,641 - ERROR - ['AME']: YFInvalidPeriodError("AME: Period '3w' is invalid, must be one of: 1d, 5d, 1mo, 3mo, 6mo, 1y, 2y, 5y, 10y, ytd, max")
2025-11-09 07:37:09,643 - ERROR - No data returned for AME
2025-11-09 07:37:09,643 - INFO - Processing 29/503 : AMGN - Amgen - 3w
2025-11-09 07:37:09,990 - ERROR - 
1 Failed download:
2025-11-09 07:37:09,990 - ERROR - ['AMGN']: YFInvalidPeriodError("AMGN: Period '3w' is invalid, must be one of: 1d, 5d, 1mo, 3mo, 6mo, 1y, 2y, 5y, 10y, ytd, max")
2025-11-09 07:37:09,992 - ERROR - No data returned for AMGN
2025-11-09 07:37:09,992 - INFO - Processing 30/503 : AMP - Ameriprise Financial - 3w
2025-11-09 07:37:10,348 - ERROR - 
1 Failed download:
2025-11-09 07:37:10,348 - ERROR - ['AMP']: YFInvalidPeriodError("AMP: Period '3w' is invalid, must be one of: 1d, 5d, 1mo, 3mo, 6mo, 1y, 2y, 5y, 10y, ytd, max")
2025-11-09 07:37:10,350 - ERROR - No data returned for AMP
2025-11-09 07:37:10,350 - INFO - Processing 31/503 : AMT - American Tower - 3w
2025-11-09 07:37:10,615 - ERROR - 
1 Failed download:
2025-11-09 07:37:10,615 - ERROR - ['AMT']: YFInvalidPeriodError("AMT: Period '3w' is invalid, must be one of: 1d, 5d, 1mo, 3mo, 6mo, 1y, 2y, 5y, 10y, ytd, max")
2025-11-09 07:37:10,617 - ERROR - No data returned for AMT
2025-11-09 07:37:10,618 - INFO - Processing 32/503 : AMZN - Amazon - 3w
2025-11-09 07:37:10,842 - ERROR - 
1 Failed download:
2025-11-09 07:37:10,842 - ERROR - ['AMZN']: YFInvalidPeriodError("AMZN: Period '3w' is invalid, must be one of: 1d, 5d, 1mo, 3mo, 6mo, 1y, 2y, 5y, 10y, ytd, max")
2025-11-09 07:37:10,843 - ERROR - No data returned for AMZN
2025-11-09 07:37:10,843 - INFO - Processing 33/503 : ANET - Arista Networks - 3w
2025-11-09 07:37:11,097 - ERROR - 
1 Failed download:
2025-11-09 07:37:11,097 - ERROR - ['ANET']: YFInvalidPeriodError("ANET: Period '3w' is invalid, must be one of: 1d, 5d, 1mo, 3mo, 6mo, 1y, 2y, 5y, 10y, ytd, max")
2025-11-09 07:37:11,100 - ERROR - No data returned for ANET
2025-11-09 07:37:11,100 - INFO - Processing 34/503 : AON - Aon plc - 3w
2025-11-09 07:37:11,416 - ERROR - 
1 Failed download:
2025-11-09 07:37:11,416 - ERROR - ['AON']: YFInvalidPeriodError("AON: Period '3w' is invalid, must be one of: 1d, 5d, 1mo, 3mo, 6mo, 1y, 2y, 5y, 10y, ytd, max")
2025-11-09 07:37:11,418 - ERROR - No data returned for AON
2025-11-09 07:37:11,419 - INFO - Processing 35/503 : AOS - A. O. Smith - 3w
2025-11-09 07:37:11,723 - ERROR - 
1 Failed download:
2025-11-09 07:37:11,723 - ERROR - ['AOS']: YFInvalidPeriodError("AOS: Period '3w' is invalid, must be one of: 1d, 5d, 1mo, 3mo, 6mo, 1y, 2y, 5y, 10y, ytd, max")
2025-11-09 07:37:11,725 - ERROR - No data returned for AOS
2025-11-09 07:37:11,725 - INFO - Processing 36/503 : APA - APA Corporation - 3w
2025-11-09 07:37:12,049 - ERROR - 
1 Failed download:
2025-11-09 07:37:12,049 - ERROR - ['APA']: YFInvalidPeriodError("APA: Period '3w' is invalid, must be one of: 1d, 5d, 1mo, 3mo, 6mo, 1y, 2y, 5y, 10y, ytd, max")
2025-11-09 07:37:12,051 - ERROR - No data returned for APA
2025-11-09 07:37:12,051 - INFO - Processing 37/503 : APD - Air Products - 3w
2025-11-09 07:37:12,359 - ERROR - 
1 Failed download:
2025-11-09 07:37:12,359 - ERROR - ['APD']: YFInvalidPeriodError("APD: Period '3w' is invalid, must be one of: 1d, 5d, 1mo, 3mo, 6mo, 1y, 2y, 5y, 10y, ytd, max")
2025-11-09 07:37:12,361 - ERROR - No data returned for APD
2025-11-09 07:37:12,362 - INFO - Processing 38/503 : APH - Amphenol - 3w
2025-11-09 07:37:12,655 - ERROR - 
1 Failed download:
2025-11-09 07:37:12,655 - ERROR - ['APH']: YFInvalidPeriodError("APH: Period '3w' is invalid, must be one of: 1d, 5d, 1mo, 3mo, 6mo, 1y, 2y, 5y, 10y, ytd, max")
2025-11-09 07:37:12,657 - ERROR - No data returned for APH
2025-11-09 07:37:12,658 - INFO - Processing 39/503 : APO - Apollo Global Management - 3w
2025-11-09 07:37:12,951 - ERROR - 
1 Failed download:
2025-11-09 07:37:12,951 - ERROR - ['APO']: YFInvalidPeriodError("APO: Period '3w' is invalid, must be one of: 1d, 5d, 1mo, 3mo, 6mo, 1y, 2y, 5y, 10y, ytd, max")
2025-11-09 07:37:12,953 - ERROR - No data returned for APO
2025-11-09 07:37:12,953 - INFO - Processing 40/503 : APTV - Aptiv - 3w
2025-11-09 07:37:13,188 - ERROR - 
1 Failed download:
2025-11-09 07:37:13,188 - ERROR - ['APTV']: YFInvalidPeriodError("APTV: Period '3w' is invalid, must be one of: 1d, 5d, 1mo, 3mo, 6mo, 1y, 2y, 5y, 10y, ytd, max")
2025-11-09 07:37:13,189 - ERROR - No data returned for APTV
2025-11-09 07:37:13,190 - INFO - Processing 41/503 : ARE - Alexandria Real Estate Equities - 3w
2025-11-09 07:37:13,483 - ERROR - 
1 Failed download:
2025-11-09 07:37:13,483 - ERROR - ['ARE']: YFInvalidPeriodError("ARE: Period '3w' is invalid, must be one of: 1d, 5d, 1mo, 3mo, 6mo, 1y, 2y, 5y, 10y, ytd, max")
2025-11-09 07:37:13,485 - ERROR - No data returned for ARE
2025-11-09 07:37:13,485 - INFO - Processing 42/503 : ATO - Atmos Energy - 3w
2025-11-09 07:37:13,782 - ERROR - 
1 Failed download:
2025-11-09 07:37:13,782 - ERROR - ['ATO']: YFInvalidPeriodError("ATO: Period '3w' is invalid, must be one of: 1d, 5d, 1mo, 3mo, 6mo, 1y, 2y, 5y, 10y, ytd, max")
2025-11-09 07:37:13,784 - ERROR - No data returned for ATO
2025-11-09 07:37:13,784 - INFO - Processing 43/503 : AVB - AvalonBay Communities - 3w
2025-11-09 07:37:14,048 - ERROR - 
1 Failed download:
2025-11-09 07:37:14,048 - ERROR - ['AVB']: YFInvalidPeriodError("AVB: Period '3w' is invalid, must be one of: 1d, 5d, 1mo, 3mo, 6mo, 1y, 2y, 5y, 10y, ytd, max")
2025-11-09 07:37:14,050 - ERROR - No data returned for AVB
2025-11-09 07:37:14,050 - INFO - Processing 44/503 : AVGO - Broadcom - 3w
2025-11-09 07:37:14,313 - ERROR - 
1 Failed download:
2025-11-09 07:37:14,313 - ERROR - ['AVGO']: YFInvalidPeriodError("AVGO: Period '3w' is invalid, must be one of: 1d, 5d, 1mo, 3mo, 6mo, 1y, 2y, 5y, 10y, ytd, max")
2025-11-09 07:37:14,315 - ERROR - No data returned for AVGO
2025-11-09 07:37:14,315 - INFO - Processing 45/503 : AVY - Avery Dennison - 3w
2025-11-09 07:37:14,611 - ERROR - 
1 Failed download:
2025-11-09 07:37:14,611 - ERROR - ['AVY']: YFInvalidPeriodError("AVY: Period '3w' is invalid, must be one of: 1d, 5d, 1mo, 3mo, 6mo, 1y, 2y, 5y, 10y, ytd, max")
2025-11-09 07:37:14,613 - ERROR - No data returned for AVY
2025-11-09 07:37:14,613 - INFO - Processing 46/503 : AWK - American Water Works - 3w
2025-11-09 07:37:14,856 - ERROR - 
1 Failed download:
2025-11-09 07:37:14,856 - ERROR - ['AWK']: YFInvalidPeriodError("AWK: Period '3w' is invalid, must be one of: 1d, 5d, 1mo, 3mo, 6mo, 1y, 2y, 5y, 10y, ytd, max")
2025-11-09 07:37:14,858 - ERROR - No data returned for AWK
2025-11-09 07:37:14,858 - INFO - Processing 47/503 : AXON - Axon Enterprise - 3w
2025-11-09 07:37:15,122 - ERROR - 
1 Failed download:
2025-11-09 07:37:15,122 - ERROR - ['AXON']: YFInvalidPeriodError("AXON: Period '3w' is invalid, must be one of: 1d, 5d, 1mo, 3mo, 6mo, 1y, 2y, 5y, 10y, ytd, max")
2025-11-09 07:37:15,124 - ERROR - No data returned for AXON
2025-11-09 07:37:15,124 - INFO - Processing 48/503 : AXP - American Express - 3w
2025-11-09 07:37:15,509 - ERROR - 
1 Failed download:
2025-11-09 07:37:15,509 - ERROR - ['AXP']: YFInvalidPeriodError("AXP: Period '3w' is invalid, must be one of: 1d, 5d, 1mo, 3mo, 6mo, 1y, 2y, 5y, 10y, ytd, max")
2025-11-09 07:37:15,511 - ERROR - No data returned for AXP
2025-11-09 07:37:15,511 - INFO - Processing 49/503 : AZO - AutoZone - 3w
2025-11-09 07:37:15,737 - ERROR - 
1 Failed download:
2025-11-09 07:37:15,737 - ERROR - ['AZO']: YFInvalidPeriodError("AZO: Period '3w' is invalid, must be one of: 1d, 5d, 1mo, 3mo, 6mo, 1y, 2y, 5y, 10y, ytd, max")
2025-11-09 07:37:15,739 - ERROR - No data returned for AZO
2025-11-09 07:37:15,739 - INFO - Processing 50/503 : BA - Boeing - 3w
2025-11-09 07:37:16,082 - ERROR - 
1 Failed download:
2025-11-09 07:37:16,083 - ERROR - ['BA']: YFInvalidPeriodError("BA: Period '3w' is invalid, must be one of: 1d, 5d, 1mo, 3mo, 6mo, 1y, 2y, 5y, 10y, ytd, max")
2025-11-09 07:37:16,084 - ERROR - No data returned for BA
2025-11-09 07:37:16,085 - INFO - Processing 51/503 : BAC - Bank of America - 3w
2025-11-09 07:37:16,388 - ERROR - 
1 Failed download:
2025-11-09 07:37:16,388 - ERROR - ['BAC']: YFInvalidPeriodError("BAC: Period '3w' is invalid, must be one of: 1d, 5d, 1mo, 3mo, 6mo, 1y, 2y, 5y, 10y, ytd, max")
2025-11-09 07:37:16,390 - ERROR - No data returned for BAC
2025-11-09 07:37:16,390 - INFO - Processing 52/503 : BALL - Ball Corporation - 3w
2025-11-09 07:37:16,665 - ERROR - 
1 Failed download:
2025-11-09 07:37:16,665 - ERROR - ['BALL']: YFInvalidPeriodError("BALL: Period '3w' is invalid, must be one of: 1d, 5d, 1mo, 3mo, 6mo, 1y, 2y, 5y, 10y, ytd, max")
2025-11-09 07:37:16,667 - ERROR - No data returned for BALL
2025-11-09 07:37:16,667 - INFO - Processing 53/503 : BAX - Baxter International - 3w
2025-11-09 07:37:16,981 - ERROR - 
1 Failed download:
2025-11-09 07:37:16,981 - ERROR - ['BAX']: YFInvalidPeriodError("BAX: Period '3w' is invalid, must be one of: 1d, 5d, 1mo, 3mo, 6mo, 1y, 2y, 5y, 10y, ytd, max")
2025-11-09 07:37:16,983 - ERROR - No data returned for BAX
2025-11-09 07:37:16,983 - INFO - Processing 54/503 : BBY - Best Buy - 3w
2025-11-09 07:37:17,228 - ERROR - 
1 Failed download:
2025-11-09 07:37:17,228 - ERROR - ['BBY']: YFInvalidPeriodError("BBY: Period '3w' is invalid, must be one of: 1d, 5d, 1mo, 3mo, 6mo, 1y, 2y, 5y, 10y, ytd, max")
2025-11-09 07:37:17,230 - ERROR - No data returned for BBY
2025-11-09 07:37:17,230 - INFO - Processing 55/503 : BDX - Becton Dickinson - 3w
2025-11-09 07:37:17,504 - ERROR - 
1 Failed download:
2025-11-09 07:37:17,504 - ERROR - ['BDX']: YFInvalidPeriodError("BDX: Period '3w' is invalid, must be one of: 1d, 5d, 1mo, 3mo, 6mo, 1y, 2y, 5y, 10y, ytd, max")
2025-11-09 07:37:17,506 - ERROR - No data returned for BDX
2025-11-09 07:37:17,506 - INFO - Processing 56/503 : BEN - Franklin Resources - 3w
2025-11-09 07:37:17,792 - ERROR - 
1 Failed download:
2025-11-09 07:37:17,792 - ERROR - ['BEN']: YFInvalidPeriodError("BEN: Period '3w' is invalid, must be one of: 1d, 5d, 1mo, 3mo, 6mo, 1y, 2y, 5y, 10y, ytd, max")
2025-11-09 07:37:17,794 - ERROR - No data returned for BEN
2025-11-09 07:37:17,794 - INFO - Processing 57/503 : BF-B - Brown–Forman - 3w
2025-11-09 07:37:18,108 - ERROR - 
1 Failed download:
2025-11-09 07:37:18,108 - ERROR - ['BF-B']: YFInvalidPeriodError("BF-B: Period '3w' is invalid, must be one of: 1d, 5d, 1mo, 3mo, 6mo, 1y, 2y, 5y, 10y, ytd, max")
2025-11-09 07:37:18,110 - ERROR - No data returned for BF-B
2025-11-09 07:37:18,110 - INFO - Processing 58/503 : BG - Bunge Global - 3w
2025-11-09 07:37:18,365 - ERROR - 
1 Failed download:
2025-11-09 07:37:18,365 - ERROR - ['BG']: YFInvalidPeriodError("BG: Period '3w' is invalid, must be one of: 1d, 5d, 1mo, 3mo, 6mo, 1y, 2y, 5y, 10y, ytd, max")
2025-11-09 07:37:18,367 - ERROR - No data returned for BG
2025-11-09 07:37:18,367 - INFO - Processing 59/503 : BIIB - Biogen - 3w
2025-11-09 07:37:18,652 - ERROR - 
1 Failed download:
2025-11-09 07:37:18,652 - ERROR - ['BIIB']: YFInvalidPeriodError("BIIB: Period '3w' is invalid, must be one of: 1d, 5d, 1mo, 3mo, 6mo, 1y, 2y, 5y, 10y, ytd, max")
2025-11-09 07:37:18,654 - ERROR - No data returned for BIIB
2025-11-09 07:37:18,654 - INFO - Processing 60/503 : BK - BNY Mellon - 3w
2025-11-09 07:37:18,958 - ERROR - 
1 Failed download:
2025-11-09 07:37:18,959 - ERROR - ['BK']: YFInvalidPeriodError("BK: Period '3w' is invalid, must be one of: 1d, 5d, 1mo, 3mo, 6mo, 1y, 2y, 5y, 10y, ytd, max")
2025-11-09 07:37:18,960 - ERROR - No data returned for BK
2025-11-09 07:37:18,961 - INFO - Processing 61/503 : BKNG - Booking Holdings - 3w
2025-11-09 07:37:19,224 - ERROR - 
1 Failed download:
2025-11-09 07:37:19,224 - ERROR - ['BKNG']: YFInvalidPeriodError("BKNG: Period '3w' is invalid, must be one of: 1d, 5d, 1mo, 3mo, 6mo, 1y, 2y, 5y, 10y, ytd, max")
2025-11-09 07:37:19,226 - ERROR - No data returned for BKNG
2025-11-09 07:37:19,226 - INFO - Processing 62/503 : BKR - Baker Hughes - 3w
2025-11-09 07:37:19,500 - ERROR - 
1 Failed download:
2025-11-09 07:37:19,501 - ERROR - ['BKR']: YFInvalidPeriodError("BKR: Period '3w' is invalid, must be one of: 1d, 5d, 1mo, 3mo, 6mo, 1y, 2y, 5y, 10y, ytd, max")
2025-11-09 07:37:19,502 - ERROR - No data returned for BKR
2025-11-09 07:37:19,502 - INFO - Processing 63/503 : BLDR - Builders FirstSource - 3w
2025-11-09 07:37:19,718 - ERROR - 
1 Failed download:
2025-11-09 07:37:19,718 - ERROR - ['BLDR']: YFInvalidPeriodError("BLDR: Period '3w' is invalid, must be one of: 1d, 5d, 1mo, 3mo, 6mo, 1y, 2y, 5y, 10y, ytd, max")
2025-11-09 07:37:19,720 - ERROR - No data returned for BLDR
2025-11-09 07:37:19,720 - INFO - Processing 64/503 : BLK - BlackRock - 3w
2025-11-09 07:37:20,015 - ERROR - 
1 Failed download:
2025-11-09 07:37:20,015 - ERROR - ['BLK']: YFInvalidPeriodError("BLK: Period '3w' is invalid, must be one of: 1d, 5d, 1mo, 3mo, 6mo, 1y, 2y, 5y, 10y, ytd, max")
2025-11-09 07:37:20,017 - ERROR - No data returned for BLK
2025-11-09 07:37:20,017 - INFO - Processing 65/503 : BMY - Bristol Myers Squibb - 3w
2025-11-09 07:37:20,335 - ERROR - 
1 Failed download:
2025-11-09 07:37:20,335 - ERROR - ['BMY']: YFInvalidPeriodError("BMY: Period '3w' is invalid, must be one of: 1d, 5d, 1mo, 3mo, 6mo, 1y, 2y, 5y, 10y, ytd, max")
2025-11-09 07:37:20,337 - ERROR - No data returned for BMY
2025-11-09 07:37:20,337 - INFO - Processing 66/503 : BR - Broadridge Financial Solutions - 3w
2025-11-09 07:37:20,642 - ERROR - 
1 Failed download:
2025-11-09 07:37:20,643 - ERROR - ['BR']: YFInvalidPeriodError("BR: Period '3w' is invalid, must be one of: 1d, 5d, 1mo, 3mo, 6mo, 1y, 2y, 5y, 10y, ytd, max")
2025-11-09 07:37:20,644 - ERROR - No data returned for BR
2025-11-09 07:37:20,645 - INFO - Processing 67/503 : BRK-B - Berkshire Hathaway - 3w
2025-11-09 07:37:20,910 - ERROR - 
1 Failed download:
2025-11-09 07:37:20,911 - ERROR - ['BRK-B']: YFInvalidPeriodError("BRK-B: Period '3w' is invalid, must be one of: 1d, 5d, 1mo, 3mo, 6mo, 1y, 2y, 5y, 10y, ytd, max")
2025-11-09 07:37:20,913 - ERROR - No data returned for BRK-B
2025-11-09 07:37:20,913 - INFO - Processing 68/503 : BRO - Brown & Brown - 3w
2025-11-09 07:37:21,188 - ERROR - 
1 Failed download:
2025-11-09 07:37:21,188 - ERROR - ['BRO']: YFInvalidPeriodError("BRO: Period '3w' is invalid, must be one of: 1d, 5d, 1mo, 3mo, 6mo, 1y, 2y, 5y, 10y, ytd, max")
2025-11-09 07:37:21,189 - ERROR - No data returned for BRO
2025-11-09 07:37:21,190 - INFO - Processing 69/503 : BSX - Boston Scientific - 3w
2025-11-09 07:37:21,413 - ERROR - 
1 Failed download:
2025-11-09 07:37:21,413 - ERROR - ['BSX']: YFInvalidPeriodError("BSX: Period '3w' is invalid, must be one of: 1d, 5d, 1mo, 3mo, 6mo, 1y, 2y, 5y, 10y, ytd, max")
2025-11-09 07:37:21,415 - ERROR - No data returned for BSX
2025-11-09 07:37:21,415 - INFO - Processing 70/503 : BX - Blackstone Inc. - 3w
2025-11-09 07:37:22,419 - ERROR - 
1 Failed download:
2025-11-09 07:37:22,419 - ERROR - ['BX']: YFInvalidPeriodError("BX: Period '3w' is invalid, must be one of: 1d, 5d, 1mo, 3mo, 6mo, 1y, 2y, 5y, 10y, ytd, max")
2025-11-09 07:37:22,421 - ERROR - No data returned for BX
2025-11-09 07:37:22,421 - INFO - Processing 71/503 : BXP - BXP, Inc. - 3w
2025-11-09 07:37:22,988 - ERROR - 
1 Failed download:
2025-11-09 07:37:22,988 - ERROR - ['BXP']: YFInvalidPeriodError("BXP: Period '3w' is invalid, must be one of: 1d, 5d, 1mo, 3mo, 6mo, 1y, 2y, 5y, 10y, ytd, max")
2025-11-09 07:37:22,990 - ERROR - No data returned for BXP
2025-11-09 07:37:22,990 - INFO - Processing 72/503 : C - Citigroup - 3w
2025-11-09 07:37:23,527 - ERROR - 
1 Failed download:
2025-11-09 07:37:23,528 - ERROR - ['C']: YFInvalidPeriodError("C: Period '3w' is invalid, must be one of: 1d, 5d, 1mo, 3mo, 6mo, 1y, 2y, 5y, 10y, ytd, max")
2025-11-09 07:37:23,529 - ERROR - No data returned for C
2025-11-09 07:37:23,529 - INFO - Processing 73/503 : CAG - Conagra Brands - 3w
2025-11-09 07:37:24,045 - ERROR - 
1 Failed download:
2025-11-09 07:37:24,045 - ERROR - ['CAG']: YFInvalidPeriodError("CAG: Period '3w' is invalid, must be one of: 1d, 5d, 1mo, 3mo, 6mo, 1y, 2y, 5y, 10y, ytd, max")
2025-11-09 07:37:24,047 - ERROR - No data returned for CAG
2025-11-09 07:37:24,047 - INFO - Processing 74/503 : CAH - Cardinal Health - 3w
2025-11-09 07:37:24,344 - ERROR - 
1 Failed download:
2025-11-09 07:37:24,344 - ERROR - ['CAH']: YFInvalidPeriodError("CAH: Period '3w' is invalid, must be one of: 1d, 5d, 1mo, 3mo, 6mo, 1y, 2y, 5y, 10y, ytd, max")
2025-11-09 07:37:24,345 - ERROR - No data returned for CAH
2025-11-09 07:37:24,346 - INFO - Processing 75/503 : CARR - Carrier Global - 3w
2025-11-09 07:37:24,579 - ERROR - 
1 Failed download:
2025-11-09 07:37:24,579 - ERROR - ['CARR']: YFInvalidPeriodError("CARR: Period '3w' is invalid, must be one of: 1d, 5d, 1mo, 3mo, 6mo, 1y, 2y, 5y, 10y, ytd, max")
2025-11-09 07:37:24,581 - ERROR - No data returned for CARR
2025-11-09 07:37:24,581 - INFO - Processing 76/503 : CAT - Caterpillar Inc. - 3w
2025-11-09 07:37:24,987 - ERROR - 
1 Failed download:
2025-11-09 07:37:24,987 - ERROR - ['CAT']: YFInvalidPeriodError("CAT: Period '3w' is invalid, must be one of: 1d, 5d, 1mo, 3mo, 6mo, 1y, 2y, 5y, 10y, ytd, max")
2025-11-09 07:37:24,989 - ERROR - No data returned for CAT
2025-11-09 07:37:24,990 - INFO - Processing 77/503 : CB - Chubb Limited - 3w
2025-11-09 07:37:25,275 - ERROR - 
1 Failed download:
2025-11-09 07:37:25,276 - ERROR - ['CB']: YFInvalidPeriodError("CB: Period '3w' is invalid, must be one of: 1d, 5d, 1mo, 3mo, 6mo, 1y, 2y, 5y, 10y, ytd, max")
2025-11-09 07:37:25,278 - ERROR - No data returned for CB
2025-11-09 07:37:25,278 - INFO - Processing 78/503 : CBOE - Cboe Global Markets - 3w
2025-11-09 07:37:25,562 - ERROR - 
1 Failed download:
2025-11-09 07:37:25,562 - ERROR - ['CBOE']: YFInvalidPeriodError("CBOE: Period '3w' is invalid, must be one of: 1d, 5d, 1mo, 3mo, 6mo, 1y, 2y, 5y, 10y, ytd, max")
2025-11-09 07:37:25,564 - ERROR - No data returned for CBOE
2025-11-09 07:37:25,564 - INFO - Processing 79/503 : CBRE - CBRE Group - 3w
2025-11-09 07:37:25,828 - ERROR - 
1 Failed download:
2025-11-09 07:37:25,828 - ERROR - ['CBRE']: YFInvalidPeriodError("CBRE: Period '3w' is invalid, must be one of: 1d, 5d, 1mo, 3mo, 6mo, 1y, 2y, 5y, 10y, ytd, max")
2025-11-09 07:37:25,830 - ERROR - No data returned for CBRE
2025-11-09 07:37:25,830 - INFO - Processing 80/503 : CCI - Crown Castle - 3w
2025-11-09 07:37:26,067 - ERROR - 
1 Failed download:
2025-11-09 07:37:26,067 - ERROR - ['CCI']: YFInvalidPeriodError("CCI: Period '3w' is invalid, must be one of: 1d, 5d, 1mo, 3mo, 6mo, 1y, 2y, 5y, 10y, ytd, max")
2025-11-09 07:37:26,070 - ERROR - No data returned for CCI
2025-11-09 07:37:26,070 - INFO - Processing 81/503 : CCL - Carnival - 3w
2025-11-09 07:37:26,334 - ERROR - 
1 Failed download:
2025-11-09 07:37:26,334 - ERROR - ['CCL']: YFInvalidPeriodError("CCL: Period '3w' is invalid, must be one of: 1d, 5d, 1mo, 3mo, 6mo, 1y, 2y, 5y, 10y, ytd, max")
2025-11-09 07:37:26,336 - ERROR - No data returned for CCL
2025-11-09 07:37:26,337 - INFO - Processing 82/503 : CDNS - Cadence Design Systems - 3w
2025-11-09 07:37:26,562 - ERROR - 
1 Failed download:
2025-11-09 07:37:26,562 - ERROR - ['CDNS']: YFInvalidPeriodError("CDNS: Period '3w' is invalid, must be one of: 1d, 5d, 1mo, 3mo, 6mo, 1y, 2y, 5y, 10y, ytd, max")
2025-11-09 07:37:26,564 - ERROR - No data returned for CDNS
2025-11-09 07:37:26,564 - INFO - Processing 83/503 : CDW - CDW Corporation - 3w
2025-11-09 07:37:26,808 - ERROR - 
1 Failed download:
2025-11-09 07:37:26,808 - ERROR - ['CDW']: YFInvalidPeriodError("CDW: Period '3w' is invalid, must be one of: 1d, 5d, 1mo, 3mo, 6mo, 1y, 2y, 5y, 10y, ytd, max")
2025-11-09 07:37:26,810 - ERROR - No data returned for CDW
2025-11-09 07:37:26,810 - INFO - Processing 84/503 : CEG - Constellation Energy - 3w
2025-11-09 07:37:27,043 - ERROR - 
1 Failed download:
2025-11-09 07:37:27,044 - ERROR - ['CEG']: YFInvalidPeriodError("CEG: Period '3w' is invalid, must be one of: 1d, 5d, 1mo, 3mo, 6mo, 1y, 2y, 5y, ytd, max")
2025-11-09 07:37:27,046 - ERROR - No data returned for CEG
2025-11-09 07:37:27,046 - INFO - Processing 85/503 : CF - CF Industries - 3w
2025-11-09 07:37:27,279 - ERROR - 
1 Failed download:
2025-11-09 07:37:27,279 - ERROR - ['CF']: YFInvalidPeriodError("CF: Period '3w' is invalid, must be one of: 1d, 5d, 1mo, 3mo, 6mo, 1y, 2y, 5y, 10y, ytd, max")
2025-11-09 07:37:27,282 - ERROR - No data returned for CF
2025-11-09 07:37:27,282 - INFO - Processing 86/503 : CFG - Citizens Financial Group - 3w
2025-11-09 07:37:27,535 - ERROR - 
1 Failed download:
2025-11-09 07:37:27,536 - ERROR - ['CFG']: YFInvalidPeriodError("CFG: Period '3w' is invalid, must be one of: 1d, 5d, 1mo, 3mo, 6mo, 1y, 2y, 5y, 10y, ytd, max")
2025-11-09 07:37:27,538 - ERROR - No data returned for CFG
2025-11-09 07:37:27,538 - INFO - Processing 87/503 : CHD - Church & Dwight - 3w
2025-11-09 07:37:27,844 - ERROR - 
1 Failed download:
2025-11-09 07:37:27,844 - ERROR - ['CHD']: YFInvalidPeriodError("CHD: Period '3w' is invalid, must be one of: 1d, 5d, 1mo, 3mo, 6mo, 1y, 2y, 5y, 10y, ytd, max")
2025-11-09 07:37:27,846 - ERROR - No data returned for CHD
2025-11-09 07:37:27,846 - INFO - Processing 88/503 : CHRW - C.H. Robinson - 3w
2025-11-09 07:37:28,142 - ERROR - 
1 Failed download:
2025-11-09 07:37:28,142 - ERROR - ['CHRW']: YFInvalidPeriodError("CHRW: Period '3w' is invalid, must be one of: 1d, 5d, 1mo, 3mo, 6mo, 1y, 2y, 5y, 10y, ytd, max")
2025-11-09 07:37:28,145 - ERROR - No data returned for CHRW
2025-11-09 07:37:28,145 - INFO - Processing 89/503 : CHTR - Charter Communications - 3w
2025-11-09 07:37:28,388 - ERROR - 
1 Failed download:
2025-11-09 07:37:28,388 - ERROR - ['CHTR']: YFInvalidPeriodError("CHTR: Period '3w' is invalid, must be one of: 1d, 5d, 1mo, 3mo, 6mo, 1y, 2y, 5y, 10y, ytd, max")
2025-11-09 07:37:28,389 - ERROR - No data returned for CHTR
2025-11-09 07:37:28,390 - INFO - Processing 90/503 : CI - Cigna - 3w
2025-11-09 07:37:28,715 - ERROR - 
1 Failed download:
2025-11-09 07:37:28,715 - ERROR - ['CI']: YFInvalidPeriodError("CI: Period '3w' is invalid, must be one of: 1d, 5d, 1mo, 3mo, 6mo, 1y, 2y, 5y, 10y, ytd, max")
2025-11-09 07:37:28,717 - ERROR - No data returned for CI
2025-11-09 07:37:28,718 - INFO - Processing 91/503 : CINF - Cincinnati Financial - 3w
2025-11-09 07:37:28,983 - ERROR - 
1 Failed download:
2025-11-09 07:37:28,983 - ERROR - ['CINF']: YFInvalidPeriodError("CINF: Period '3w' is invalid, must be one of: 1d, 5d, 1mo, 3mo, 6mo, 1y, 2y, 5y, 10y, ytd, max")
2025-11-09 07:37:28,985 - ERROR - No data returned for CINF
2025-11-09 07:37:28,985 - INFO - Processing 92/503 : CL - Colgate-Palmolive - 3w
2025-11-09 07:37:29,290 - ERROR - 
1 Failed download:
2025-11-09 07:37:29,290 - ERROR - ['CL']: YFInvalidPeriodError("CL: Period '3w' is invalid, must be one of: 1d, 5d, 1mo, 3mo, 6mo, 1y, 2y, 5y, 10y, ytd, max")
2025-11-09 07:37:29,293 - ERROR - No data returned for CL
2025-11-09 07:37:29,293 - INFO - Processing 93/503 : CLX - Clorox - 3w
2025-11-09 07:37:29,607 - ERROR - 
1 Failed download:
2025-11-09 07:37:29,608 - ERROR - ['CLX']: YFInvalidPeriodError("CLX: Period '3w' is invalid, must be one of: 1d, 5d, 1mo, 3mo, 6mo, 1y, 2y, 5y, 10y, ytd, max")
2025-11-09 07:37:29,610 - ERROR - No data returned for CLX
2025-11-09 07:37:29,610 - INFO - Processing 94/503 : CMCSA - Comcast - 3w
2025-11-09 07:37:29,945 - ERROR - 
1 Failed download:
2025-11-09 07:37:29,945 - ERROR - ['CMCSA']: YFInvalidPeriodError("CMCSA: Period '3w' is invalid, must be one of: 1d, 5d, 1mo, 3mo, 6mo, 1y, 2y, 5y, 10y, ytd, max")
2025-11-09 07:37:29,947 - ERROR - No data returned for CMCSA
2025-11-09 07:37:29,947 - INFO - Processing 95/503 : CME - CME Group - 3w
2025-11-09 07:37:30,191 - ERROR - 
1 Failed download:
2025-11-09 07:37:30,191 - ERROR - ['CME']: YFInvalidPeriodError("CME: Period '3w' is invalid, must be one of: 1d, 5d, 1mo, 3mo, 6mo, 1y, 2y, 5y, 10y, ytd, max")
2025-11-09 07:37:30,193 - ERROR - No data returned for CME
2025-11-09 07:37:30,193 - INFO - Processing 96/503 : CMG - Chipotle Mexican Grill - 3w
2025-11-09 07:37:30,428 - ERROR - 
1 Failed download:
2025-11-09 07:37:30,428 - ERROR - ['CMG']: YFInvalidPeriodError("CMG: Period '3w' is invalid, must be one of: 1d, 5d, 1mo, 3mo, 6mo, 1y, 2y, 5y, 10y, ytd, max")
2025-11-09 07:37:30,430 - ERROR - No data returned for CMG
2025-11-09 07:37:30,430 - INFO - Processing 97/503 : CMI - Cummins - 3w
2025-11-09 07:37:30,724 - ERROR - 
1 Failed download:
2025-11-09 07:37:30,724 - ERROR - ['CMI']: YFInvalidPeriodError("CMI: Period '3w' is invalid, must be one of: 1d, 5d, 1mo, 3mo, 6mo, 1y, 2y, 5y, 10y, ytd, max")
2025-11-09 07:37:30,726 - ERROR - No data returned for CMI
2025-11-09 07:37:30,726 - INFO - Processing 98/503 : CMS - CMS Energy - 3w
2025-11-09 07:37:31,071 - ERROR - 
1 Failed download:
2025-11-09 07:37:31,071 - ERROR - ['CMS']: YFInvalidPeriodError("CMS: Period '3w' is invalid, must be one of: 1d, 5d, 1mo, 3mo, 6mo, 1y, 2y, 5y, 10y, ytd, max")
2025-11-09 07:37:31,072 - ERROR - No data returned for CMS
2025-11-09 07:37:31,073 - INFO - Processing 99/503 : CNC - Centene Corporation - 3w
2025-11-09 07:37:31,501 - ERROR - 
1 Failed download:
2025-11-09 07:37:31,501 - ERROR - ['CNC']: YFInvalidPeriodError("CNC: Period '3w' is invalid, must be one of: 1d, 5d, 1mo, 3mo, 6mo, 1y, 2y, 5y, 10y, ytd, max")
2025-11-09 07:37:31,503 - ERROR - No data returned for CNC
2025-11-09 07:37:31,503 - INFO - Processing 100/503 : CNP - CenterPoint Energy - 3w
2025-11-09 07:37:31,839 - ERROR - 
1 Failed download:
2025-11-09 07:37:31,840 - ERROR - ['CNP']: YFInvalidPeriodError("CNP: Period '3w' is invalid, must be one of: 1d, 5d, 1mo, 3mo, 6mo, 1y, 2y, 5y, 10y, ytd, max")
2025-11-09 07:37:31,842 - ERROR - No data returned for CNP
2025-11-09 07:37:31,842 - INFO - Processing 101/503 : COF - Capital One - 3w
2025-11-09 07:37:32,109 - ERROR - 
1 Failed download:
2025-11-09 07:37:32,110 - ERROR - ['COF']: YFInvalidPeriodError("COF: Period '3w' is invalid, must be one of: 1d, 5d, 1mo, 3mo, 6mo, 1y, 2y, 5y, 10y, ytd, max")
2025-11-09 07:37:32,112 - ERROR - No data returned for COF
2025-11-09 07:37:32,112 - INFO - Processing 102/503 : COIN - Coinbase - 3w
2025-11-09 07:37:32,369 - ERROR - 
1 Failed download:
2025-11-09 07:37:32,369 - ERROR - ['COIN']: YFInvalidPeriodError("COIN: Period '3w' is invalid, must be one of: 1d, 5d, 1mo, 3mo, 6mo, 1y, 2y, 5y, ytd, max")
2025-11-09 07:37:32,371 - ERROR - No data returned for COIN
2025-11-09 07:37:32,371 - INFO - Processing 103/503 : COO - Cooper Companies (The) - 3w
2025-11-09 07:37:32,726 - ERROR - 
1 Failed download:
2025-11-09 07:37:32,726 - ERROR - ['COO']: YFInvalidPeriodError("COO: Period '3w' is invalid, must be one of: 1d, 5d, 1mo, 3mo, 6mo, 1y, 2y, 5y, 10y, ytd, max")
2025-11-09 07:37:32,728 - ERROR - No data returned for COO
2025-11-09 07:37:32,728 - INFO - Processing 104/503 : COP - ConocoPhillips - 3w
2025-11-09 07:37:33,024 - ERROR - 
1 Failed download:
2025-11-09 07:37:33,024 - ERROR - ['COP']: YFInvalidPeriodError("COP: Period '3w' is invalid, must be one of: 1d, 5d, 1mo, 3mo, 6mo, 1y, 2y, 5y, 10y, ytd, max")
2025-11-09 07:37:33,027 - ERROR - No data returned for COP
2025-11-09 07:37:33,027 - INFO - Processing 105/503 : COR - Cencora - 3w
2025-11-09 07:37:33,270 - ERROR - 
1 Failed download:
2025-11-09 07:37:33,270 - ERROR - ['COR']: YFInvalidPeriodError("COR: Period '3w' is invalid, must be one of: 1d, 5d, 1mo, 3mo, 6mo, 1y, 2y, 5y, 10y, ytd, max")
2025-11-09 07:37:33,272 - ERROR - No data returned for COR
2025-11-09 07:37:33,272 - INFO - Processing 106/503 : COST - Costco - 3w
2025-11-09 07:37:33,526 - ERROR - 
1 Failed download:
2025-11-09 07:37:33,526 - ERROR - ['COST']: YFInvalidPeriodError("COST: Period '3w' is invalid, must be one of: 1d, 5d, 1mo, 3mo, 6mo, 1y, 2y, 5y, 10y, ytd, max")
2025-11-09 07:37:33,528 - ERROR - No data returned for COST
2025-11-09 07:37:33,529 - INFO - Processing 107/503 : CPAY - Corpay - 3w
2025-11-09 07:37:33,741 - ERROR - 
1 Failed download:
2025-11-09 07:37:33,742 - ERROR - ['CPAY']: YFInvalidPeriodError("CPAY: Period '3w' is invalid, must be one of: 1d, 5d, 1mo, 3mo, 6mo, 1y, 2y, 5y, 10y, ytd, max")
2025-11-09 07:37:33,745 - ERROR - No data returned for CPAY
2025-11-09 07:37:33,745 - INFO - Processing 108/503 : CPB - Campbell's Company (The) - 3w
2025-11-09 07:37:34,029 - ERROR - 
1 Failed download:
2025-11-09 07:37:34,029 - ERROR - ['CPB']: YFInvalidPeriodError("CPB: Period '3w' is invalid, must be one of: 1d, 5d, 1mo, 3mo, 6mo, 1y, 2y, 5y, 10y, ytd, max")
2025-11-09 07:37:34,030 - ERROR - No data returned for CPB
2025-11-09 07:37:34,031 - INFO - Processing 109/503 : CPRT - Copart - 3w
2025-11-09 07:37:34,284 - ERROR - 
1 Failed download:
2025-11-09 07:37:34,285 - ERROR - ['CPRT']: YFInvalidPeriodError("CPRT: Period '3w' is invalid, must be one of: 1d, 5d, 1mo, 3mo, 6mo, 1y, 2y, 5y, 10y, ytd, max")
2025-11-09 07:37:34,287 - ERROR - No data returned for CPRT
2025-11-09 07:37:34,287 - INFO - Processing 110/503 : CPT - Camden Property Trust - 3w
2025-11-09 07:37:34,550 - ERROR - 
1 Failed download:
2025-11-09 07:37:34,551 - ERROR - ['CPT']: YFInvalidPeriodError("CPT: Period '3w' is invalid, must be one of: 1d, 5d, 1mo, 3mo, 6mo, 1y, 2y, 5y, 10y, ytd, max")
2025-11-09 07:37:34,552 - ERROR - No data returned for CPT
2025-11-09 07:37:34,552 - INFO - Processing 111/503 : CRL - Charles River Laboratories - 3w
2025-11-09 07:37:34,816 - ERROR - 
1 Failed download:
2025-11-09 07:37:34,816 - ERROR - ['CRL']: YFInvalidPeriodError("CRL: Period '3w' is invalid, must be one of: 1d, 5d, 1mo, 3mo, 6mo, 1y, 2y, 5y, 10y, ytd, max")
2025-11-09 07:37:34,818 - ERROR - No data returned for CRL
2025-11-09 07:37:34,818 - INFO - Processing 112/503 : CRM - Salesforce - 3w
2025-11-09 07:37:35,042 - ERROR - 
1 Failed download:
2025-11-09 07:37:35,042 - ERROR - ['CRM']: YFInvalidPeriodError("CRM: Period '3w' is invalid, must be one of: 1d, 5d, 1mo, 3mo, 6mo, 1y, 2y, 5y, 10y, ytd, max")
2025-11-09 07:37:35,044 - ERROR - No data returned for CRM
2025-11-09 07:37:35,044 - INFO - Processing 113/503 : CRWD - CrowdStrike - 3w
2025-11-09 07:37:35,307 - ERROR - 
1 Failed download:
2025-11-09 07:37:35,307 - ERROR - ['CRWD']: YFInvalidPeriodError("CRWD: Period '3w' is invalid, must be one of: 1d, 5d, 1mo, 3mo, 6mo, 1y, 2y, 5y, 10y, ytd, max")
2025-11-09 07:37:35,309 - ERROR - No data returned for CRWD
2025-11-09 07:37:35,309 - INFO - Processing 114/503 : CSCO - Cisco - 3w
2025-11-09 07:37:35,543 - ERROR - 
1 Failed download:
2025-11-09 07:37:35,544 - ERROR - ['CSCO']: YFInvalidPeriodError("CSCO: Period '3w' is invalid, must be one of: 1d, 5d, 1mo, 3mo, 6mo, 1y, 2y, 5y, 10y, ytd, max")
2025-11-09 07:37:35,545 - ERROR - No data returned for CSCO
2025-11-09 07:37:35,546 - INFO - Processing 115/503 : CSGP - CoStar Group - 3w
2025-11-09 07:37:35,790 - ERROR - 
1 Failed download:
2025-11-09 07:37:35,790 - ERROR - ['CSGP']: YFInvalidPeriodError("CSGP: Period '3w' is invalid, must be one of: 1d, 5d, 1mo, 3mo, 6mo, 1y, 2y, 5y, 10y, ytd, max")
2025-11-09 07:37:35,792 - ERROR - No data returned for CSGP
2025-11-09 07:37:35,792 - INFO - Processing 116/503 : CSX - CSX Corporation - 3w
2025-11-09 07:37:36,117 - ERROR - 
1 Failed download:
2025-11-09 07:37:36,117 - ERROR - ['CSX']: YFInvalidPeriodError("CSX: Period '3w' is invalid, must be one of: 1d, 5d, 1mo, 3mo, 6mo, 1y, 2y, 5y, 10y, ytd, max")
2025-11-09 07:37:36,119 - ERROR - No data returned for CSX
2025-11-09 07:37:36,119 - INFO - Processing 117/503 : CTAS - Cintas - 3w
2025-11-09 07:37:36,433 - ERROR - 
1 Failed download:
2025-11-09 07:37:36,433 - ERROR - ['CTAS']: YFInvalidPeriodError("CTAS: Period '3w' is invalid, must be one of: 1d, 5d, 1mo, 3mo, 6mo, 1y, 2y, 5y, 10y, ytd, max")
2025-11-09 07:37:36,435 - ERROR - No data returned for CTAS
2025-11-09 07:37:36,435 - INFO - Processing 118/503 : CTRA - Coterra - 3w
2025-11-09 07:37:36,742 - ERROR - 
1 Failed download:
2025-11-09 07:37:36,742 - ERROR - ['CTRA']: YFInvalidPeriodError("CTRA: Period '3w' is invalid, must be one of: 1d, 5d, 1mo, 3mo, 6mo, 1y, 2y, 5y, 10y, ytd, max")
2025-11-09 07:37:36,744 - ERROR - No data returned for CTRA
2025-11-09 07:37:36,744 - INFO - Processing 119/503 : CTSH - Cognizant - 3w
2025-11-09 07:37:37,008 - ERROR - 
1 Failed download:
2025-11-09 07:37:37,009 - ERROR - ['CTSH']: YFInvalidPeriodError("CTSH: Period '3w' is invalid, must be one of: 1d, 5d, 1mo, 3mo, 6mo, 1y, 2y, 5y, 10y, ytd, max")
2025-11-09 07:37:37,011 - ERROR - No data returned for CTSH
2025-11-09 07:37:37,011 - INFO - Processing 120/503 : CTVA - Corteva - 3w
2025-11-09 07:37:37,274 - ERROR - 
1 Failed download:
2025-11-09 07:37:37,274 - ERROR - ['CTVA']: YFInvalidPeriodError("CTVA: Period '3w' is invalid, must be one of: 1d, 5d, 1mo, 3mo, 6mo, 1y, 2y, 5y, 10y, ytd, max")
2025-11-09 07:37:37,276 - ERROR - No data returned for CTVA
2025-11-09 07:37:37,276 - INFO - Processing 121/503 : CVS - CVS Health - 3w
