2025-11-22 14:00:53,833 - INFO - Loaded S&P 500 list with 503 companies data
2025-11-22 14:00:53,833 - INFO - Starting S&P 500 data download process
2025-11-22 14:00:53,866 - INFO - Processing 1/503 : A - Agilent Technologies - 1mo
2025-11-22 14:00:55,377 - INFO - Successfully saved A data (23 rows)
2025-11-22 14:00:55,377 - INFO - Processing 2/503 : AAPL - Apple Inc. - 1mo
2025-11-22 14:00:55,827 - INFO - Successfully saved AAPL data (23 rows)
2025-11-22 14:00:55,828 - INFO - Processing 3/503 : ABBV - AbbVie - 1mo
2025-11-22 14:00:56,128 - INFO - Successfully saved ABBV data (23 rows)
2025-11-22 14:00:56,128 - INFO - Processing 4/503 : ABNB - Airbnb - 1mo
2025-11-22 14:00:56,367 - INFO - Successfully saved ABNB data (23 rows)
2025-11-22 14:00:56,367 - INFO - Processing 5/503 : ABT - Abbott Laboratories - 1mo
2025-11-22 14:00:56,712 - INFO - Successfully saved ABT data (23 rows)
2025-11-22 14:00:56,712 - INFO - Processing 6/503 : ACGL - Arch Capital Group - 1mo
2025-11-22 14:00:57,008 - INFO - Successfully saved ACGL data (23 rows)
2025-11-22 14:00:57,008 - INFO - Processing 7/503 : ACN - Accenture - 1mo
2025-11-22 14:00:57,320 - INFO - Successfully saved ACN data (23 rows)
2025-11-22 14:00:57,320 - INFO - Processing 8/503 : ADBE - Adobe Inc. - 1mo
2025-11-22 14:00:57,609 - INFO - Successfully saved ADBE data (23 rows)
2025-11-22 14:00:57,609 - INFO - Processing 9/503 : ADI - Analog Devices - 1mo
2025-11-22 14:00:57,909 - INFO - Successfully saved ADI data (23 rows)
2025-11-22 14:00:57,910 - INFO - Processing 10/503 : ADM - Archer Daniels Midland - 1mo
2025-11-22 14:00:58,248 - INFO - Successfully saved ADM data (23 rows)
2025-11-22 14:00:58,248 - INFO - Processing 11/503 : ADP - Automatic Data Processing - 1mo
2025-11-22 14:00:58,557 - INFO - Successfully saved ADP data (23 rows)
2025-11-22 14:00:58,557 - INFO - Processing 12/503 : ADSK - Autodesk - 1mo
2025-11-22 14:00:58,854 - INFO - Successfully saved ADSK data (23 rows)
2025-11-22 14:00:58,855 - INFO - Processing 13/503 : AEE - Ameren - 1mo
2025-11-22 14:00:59,143 - INFO - Successfully saved AEE data (23 rows)
2025-11-22 14:00:59,143 - INFO - Processing 14/503 : AEP - American Electric Power - 1mo
2025-11-22 14:00:59,471 - INFO - Successfully saved AEP data (23 rows)
2025-11-22 14:00:59,471 - INFO - Processing 15/503 : AES - AES Corporation - 1mo
2025-11-22 14:00:59,789 - INFO - Successfully saved AES data (23 rows)
2025-11-22 14:00:59,790 - INFO - Processing 16/503 : AFL - Aflac - 1mo
2025-11-22 14:01:00,077 - INFO - Successfully saved AFL data (23 rows)
2025-11-22 14:01:00,078 - INFO - Processing 17/503 : AIG - American International Group - 1mo
2025-11-22 14:01:00,428 - INFO - Successfully saved AIG data (23 rows)
2025-11-22 14:01:00,428 - INFO - Processing 18/503 : AIZ - Assurant - 1mo
2025-11-22 14:01:00,708 - INFO - Successfully saved AIZ data (23 rows)
2025-11-22 14:01:00,709 - INFO - Processing 19/503 : AJG - Arthur J. Gallagher & Co. - 1mo
2025-11-22 14:01:01,016 - INFO - Successfully saved AJG data (23 rows)
2025-11-22 14:01:01,016 - INFO - Processing 20/503 : AKAM - Akamai Technologies - 1mo
2025-11-22 14:01:01,318 - INFO - Successfully saved AKAM data (23 rows)
2025-11-22 14:01:01,319 - INFO - Processing 21/503 : ALB - Albemarle Corporation - 1mo
2025-11-22 14:01:01,615 - INFO - Successfully saved ALB data (23 rows)
2025-11-22 14:01:01,615 - INFO - Processing 22/503 : ALGN - Align Technology - 1mo
2025-11-22 14:01:01,893 - INFO - Successfully saved ALGN data (23 rows)
2025-11-22 14:01:01,893 - INFO - Processing 23/503 : ALL - Allstate - 1mo
2025-11-22 14:01:02,175 - INFO - Successfully saved ALL data (23 rows)
2025-11-22 14:01:02,176 - INFO - Processing 24/503 : ALLE - Allegion - 1mo
2025-11-22 14:01:02,445 - INFO - Successfully saved ALLE data (23 rows)
2025-11-22 14:01:02,445 - INFO - Processing 25/503 : AMAT - Applied Materials - 1mo
2025-11-22 14:01:02,825 - INFO - Successfully saved AMAT data (23 rows)
2025-11-22 14:01:02,825 - INFO - Processing 26/503 : AMCR - Amcor - 1mo
2025-11-22 14:01:03,083 - INFO - Successfully saved AMCR data (23 rows)
2025-11-22 14:01:03,083 - INFO - Processing 27/503 : AMD - Advanced Micro Devices - 1mo
2025-11-22 14:01:03,361 - INFO - Successfully saved AMD data (23 rows)
2025-11-22 14:01:03,361 - INFO - Processing 28/503 : AME - Ametek - 1mo
2025-11-22 14:01:03,720 - INFO - Successfully saved AME data (23 rows)
2025-11-22 14:01:03,721 - INFO - Processing 29/503 : AMGN - Amgen - 1mo
2025-11-22 14:01:04,001 - INFO - Successfully saved AMGN data (23 rows)
2025-11-22 14:01:04,001 - INFO - Processing 30/503 : AMP - Ameriprise Financial - 1mo
2025-11-22 14:01:04,313 - INFO - Successfully saved AMP data (23 rows)
2025-11-22 14:01:04,313 - INFO - Processing 31/503 : AMT - American Tower - 1mo
2025-11-22 14:01:04,621 - INFO - Successfully saved AMT data (23 rows)
2025-11-22 14:01:04,622 - INFO - Processing 32/503 : AMZN - Amazon - 1mo
2025-11-22 14:01:04,868 - INFO - Successfully saved AMZN data (23 rows)
2025-11-22 14:01:04,869 - INFO - Processing 33/503 : ANET - Arista Networks - 1mo
2025-11-22 14:01:05,153 - INFO - Successfully saved ANET data (23 rows)
2025-11-22 14:01:05,153 - INFO - Processing 34/503 : AON - Aon plc - 1mo
2025-11-22 14:01:05,470 - INFO - Successfully saved AON data (23 rows)
2025-11-22 14:01:05,470 - INFO - Processing 35/503 : AOS - A. O. Smith - 1mo
2025-11-22 14:01:05,829 - INFO - Successfully saved AOS data (23 rows)
2025-11-22 14:01:05,829 - INFO - Processing 36/503 : APA - APA Corporation - 1mo
2025-11-22 14:01:06,141 - INFO - Successfully saved APA data (23 rows)
2025-11-22 14:01:06,141 - INFO - Processing 37/503 : APD - Air Products - 1mo
2025-11-22 14:01:06,488 - INFO - Successfully saved APD data (23 rows)
2025-11-22 14:01:06,488 - INFO - Processing 38/503 : APH - Amphenol - 1mo
2025-11-22 14:01:06,777 - INFO - Successfully saved APH data (23 rows)
2025-11-22 14:01:06,778 - INFO - Processing 39/503 : APO - Apollo Global Management - 1mo
2025-11-22 14:01:07,040 - INFO - Successfully saved APO data (23 rows)
2025-11-22 14:01:07,040 - INFO - Processing 40/503 : APTV - Aptiv - 1mo
2025-11-22 14:01:07,339 - INFO - Successfully saved APTV data (23 rows)
2025-11-22 14:01:07,339 - INFO - Processing 41/503 : ARE - Alexandria Real Estate Equities - 1mo
2025-11-22 14:01:07,626 - INFO - Successfully saved ARE data (23 rows)
2025-11-22 14:01:07,626 - INFO - Processing 42/503 : ATO - Atmos Energy - 1mo
2025-11-22 14:01:07,925 - INFO - Successfully saved ATO data (23 rows)
2025-11-22 14:01:07,925 - INFO - Processing 43/503 : AVB - AvalonBay Communities - 1mo
2025-11-22 14:01:08,254 - INFO - Successfully saved AVB data (23 rows)
2025-11-22 14:01:08,255 - INFO - Processing 44/503 : AVGO - Broadcom - 1mo
2025-11-22 14:01:08,503 - INFO - Successfully saved AVGO data (23 rows)
2025-11-22 14:01:08,504 - INFO - Processing 45/503 : AVY - Avery Dennison - 1mo
2025-11-22 14:01:08,801 - INFO - Successfully saved AVY data (23 rows)
2025-11-22 14:01:08,802 - INFO - Processing 46/503 : AWK - American Water Works - 1mo
2025-11-22 14:01:09,067 - INFO - Successfully saved AWK data (23 rows)
2025-11-22 14:01:09,067 - INFO - Processing 47/503 : AXON - Axon Enterprise - 1mo
2025-11-22 14:01:09,346 - INFO - Successfully saved AXON data (23 rows)
2025-11-22 14:01:09,346 - INFO - Processing 48/503 : AXP - American Express - 1mo
2025-11-22 14:01:09,703 - INFO - Successfully saved AXP data (23 rows)
2025-11-22 14:01:09,704 - INFO - Processing 49/503 : AZO - AutoZone - 1mo
2025-11-22 14:01:10,004 - INFO - Successfully saved AZO data (23 rows)
2025-11-22 14:01:10,004 - INFO - Processing 50/503 : BA - Boeing - 1mo
2025-11-22 14:01:10,392 - INFO - Successfully saved BA data (23 rows)
2025-11-22 14:01:10,392 - INFO - Processing 51/503 : BAC - Bank of America - 1mo
2025-11-22 14:01:10,730 - INFO - Successfully saved BAC data (23 rows)
2025-11-22 14:01:10,731 - INFO - Processing 52/503 : BALL - Ball Corporation - 1mo
2025-11-22 14:01:11,090 - INFO - Successfully saved BALL data (23 rows)
2025-11-22 14:01:11,090 - INFO - Processing 53/503 : BAX - Baxter International - 1mo
2025-11-22 14:01:11,417 - INFO - Successfully saved BAX data (23 rows)
2025-11-22 14:01:11,418 - INFO - Processing 54/503 : BBY - Best Buy - 1mo
2025-11-22 14:01:11,740 - INFO - Successfully saved BBY data (23 rows)
2025-11-22 14:01:11,740 - INFO - Processing 55/503 : BDX - Becton Dickinson - 1mo
2025-11-22 14:01:12,064 - INFO - Successfully saved BDX data (23 rows)
2025-11-22 14:01:12,064 - INFO - Processing 56/503 : BEN - Franklin Resources - 1mo
2025-11-22 14:01:12,392 - INFO - Successfully saved BEN data (23 rows)
2025-11-22 14:01:12,392 - INFO - Processing 57/503 : BF-B - Brown–Forman - 1mo
2025-11-22 14:01:12,709 - INFO - Successfully saved BF-B data (23 rows)
2025-11-22 14:01:12,709 - INFO - Processing 58/503 : BG - Bunge Global - 1mo
2025-11-22 14:01:12,992 - INFO - Successfully saved BG data (23 rows)
2025-11-22 14:01:12,992 - INFO - Processing 59/503 : BIIB - Biogen - 1mo
2025-11-22 14:01:17,077 - INFO - Successfully saved BIIB data (23 rows)
2025-11-22 14:01:17,077 - INFO - Processing 60/503 : BK - BNY Mellon - 1mo
2025-11-22 14:01:17,399 - INFO - Successfully saved BK data (23 rows)
2025-11-22 14:01:17,399 - INFO - Processing 61/503 : BKNG - Booking Holdings - 1mo
2025-11-22 14:01:17,666 - INFO - Successfully saved BKNG data (23 rows)
2025-11-22 14:01:17,667 - INFO - Processing 62/503 : BKR - Baker Hughes - 1mo
2025-11-22 14:01:18,118 - INFO - Successfully saved BKR data (23 rows)
2025-11-22 14:01:18,118 - INFO - Processing 63/503 : BLDR - Builders FirstSource - 1mo
2025-11-22 14:01:18,365 - INFO - Successfully saved BLDR data (23 rows)
2025-11-22 14:01:18,365 - INFO - Processing 64/503 : BLK - BlackRock - 1mo
2025-11-22 14:01:18,713 - INFO - Successfully saved BLK data (23 rows)
2025-11-22 14:01:18,713 - INFO - Processing 65/503 : BMY - Bristol Myers Squibb - 1mo
2025-11-22 14:01:19,089 - INFO - Successfully saved BMY data (23 rows)
2025-11-22 14:01:19,089 - INFO - Processing 66/503 : BR - Broadridge Financial Solutions - 1mo
2025-11-22 14:01:19,376 - INFO - Successfully saved BR data (23 rows)
2025-11-22 14:01:19,376 - INFO - Processing 67/503 : BRK-B - Berkshire Hathaway - 1mo
2025-11-22 14:01:19,615 - INFO - Successfully saved BRK-B data (23 rows)
2025-11-22 14:01:19,616 - INFO - Processing 68/503 : BRO - Brown & Brown - 1mo
2025-11-22 14:01:19,959 - INFO - Successfully saved BRO data (23 rows)
2025-11-22 14:01:19,959 - INFO - Processing 69/503 : BSX - Boston Scientific - 1mo
2025-11-22 14:01:20,254 - INFO - Successfully saved BSX data (23 rows)
2025-11-22 14:01:20,255 - INFO - Processing 70/503 : BX - Blackstone Inc. - 1mo
2025-11-22 14:01:20,549 - INFO - Successfully saved BX data (23 rows)
2025-11-22 14:01:20,549 - INFO - Processing 71/503 : BXP - BXP, Inc. - 1mo
2025-11-22 14:01:20,876 - INFO - Successfully saved BXP data (23 rows)
2025-11-22 14:01:20,876 - INFO - Processing 72/503 : C - Citigroup - 1mo
2025-11-22 14:01:21,185 - INFO - Successfully saved C data (23 rows)
2025-11-22 14:01:21,185 - INFO - Processing 73/503 : CAG - Conagra Brands - 1mo
2025-11-22 14:01:21,483 - INFO - Successfully saved CAG data (23 rows)
2025-11-22 14:01:21,483 - INFO - Processing 74/503 : CAH - Cardinal Health - 1mo
2025-11-22 14:01:21,851 - INFO - Successfully saved CAH data (23 rows)
2025-11-22 14:01:21,851 - INFO - Processing 75/503 : CARR - Carrier Global - 1mo
2025-11-22 14:01:22,106 - INFO - Successfully saved CARR data (23 rows)
2025-11-22 14:01:22,106 - INFO - Processing 76/503 : CAT - Caterpillar Inc. - 1mo
2025-11-22 14:01:22,460 - INFO - Successfully saved CAT data (23 rows)
2025-11-22 14:01:22,460 - INFO - Processing 77/503 : CB - Chubb Limited - 1mo
2025-11-22 14:01:22,757 - INFO - Successfully saved CB data (23 rows)
2025-11-22 14:01:22,758 - INFO - Processing 78/503 : CBOE - Cboe Global Markets - 1mo
2025-11-22 14:01:23,055 - INFO - Successfully saved CBOE data (23 rows)
2025-11-22 14:01:23,055 - INFO - Processing 79/503 : CBRE - CBRE Group - 1mo
2025-11-22 14:01:23,293 - INFO - Successfully saved CBRE data (23 rows)
2025-11-22 14:01:23,294 - INFO - Processing 80/503 : CCI - Crown Castle - 1mo
2025-11-22 14:01:23,611 - INFO - Successfully saved CCI data (23 rows)
2025-11-22 14:01:23,611 - INFO - Processing 81/503 : CCL - Carnival - 1mo
2025-11-22 14:01:24,050 - INFO - Successfully saved CCL data (23 rows)
2025-11-22 14:01:24,051 - INFO - Processing 82/503 : CDNS - Cadence Design Systems - 1mo
2025-11-22 14:01:24,589 - INFO - Successfully saved CDNS data (23 rows)
2025-11-22 14:01:24,589 - INFO - Processing 83/503 : CDW - CDW Corporation - 1mo
2025-11-22 14:01:25,192 - INFO - Successfully saved CDW data (23 rows)
2025-11-22 14:01:25,192 - INFO - Processing 84/503 : CEG - Constellation Energy - 1mo
2025-11-22 14:01:25,802 - INFO - Successfully saved CEG data (23 rows)
2025-11-22 14:01:25,802 - INFO - Processing 85/503 : CF - CF Industries - 1mo
2025-11-22 14:01:26,467 - INFO - Successfully saved CF data (23 rows)
2025-11-22 14:01:26,467 - INFO - Processing 86/503 : CFG - Citizens Financial Group - 1mo
2025-11-22 14:01:26,974 - INFO - Successfully saved CFG data (23 rows)
2025-11-22 14:01:26,974 - INFO - Processing 87/503 : CHD - Church & Dwight - 1mo
2025-11-22 14:01:27,624 - INFO - Successfully saved CHD data (23 rows)
2025-11-22 14:01:27,624 - INFO - Processing 88/503 : CHRW - C.H. Robinson - 1mo
2025-11-22 14:01:28,318 - INFO - Successfully saved CHRW data (23 rows)
2025-11-22 14:01:28,318 - INFO - Processing 89/503 : CHTR - Charter Communications - 1mo
2025-11-22 14:01:28,556 - INFO - Successfully saved CHTR data (23 rows)
2025-11-22 14:01:28,556 - INFO - Processing 90/503 : CI - Cigna - 1mo
2025-11-22 14:01:28,900 - INFO - Successfully saved CI data (23 rows)
2025-11-22 14:01:28,900 - INFO - Processing 91/503 : CINF - Cincinnati Financial - 1mo
2025-11-22 14:01:29,236 - INFO - Successfully saved CINF data (23 rows)
2025-11-22 14:01:29,237 - INFO - Processing 92/503 : CL - Colgate-Palmolive - 1mo
2025-11-22 14:01:29,615 - INFO - Successfully saved CL data (23 rows)
2025-11-22 14:01:29,615 - INFO - Processing 93/503 : CLX - Clorox - 1mo
2025-11-22 14:01:29,902 - INFO - Successfully saved CLX data (23 rows)
2025-11-22 14:01:29,902 - INFO - Processing 94/503 : CMCSA - Comcast - 1mo
2025-11-22 14:01:30,242 - INFO - Successfully saved CMCSA data (23 rows)
2025-11-22 14:01:30,243 - INFO - Processing 95/503 : CME - CME Group - 1mo
2025-11-22 14:01:30,572 - INFO - Successfully saved CME data (23 rows)
2025-11-22 14:01:30,572 - INFO - Processing 96/503 : CMG - Chipotle Mexican Grill - 1mo
2025-11-22 14:01:30,858 - INFO - Successfully saved CMG data (23 rows)
2025-11-22 14:01:30,859 - INFO - Processing 97/503 : CMI - Cummins - 1mo
2025-11-22 14:01:31,204 - INFO - Successfully saved CMI data (23 rows)
2025-11-22 14:01:31,204 - INFO - Processing 98/503 : CMS - CMS Energy - 1mo
2025-11-22 14:01:31,552 - INFO - Successfully saved CMS data (23 rows)
2025-11-22 14:01:31,553 - INFO - Processing 99/503 : CNC - Centene Corporation - 1mo
2025-11-22 14:01:31,860 - INFO - Successfully saved CNC data (23 rows)
2025-11-22 14:01:31,860 - INFO - Processing 100/503 : CNP - CenterPoint Energy - 1mo
2025-11-22 14:01:32,297 - INFO - Successfully saved CNP data (23 rows)
2025-11-22 14:01:32,298 - INFO - Processing 101/503 : COF - Capital One - 1mo
2025-11-22 14:01:32,645 - INFO - Successfully saved COF data (23 rows)
2025-11-22 14:01:32,645 - INFO - Processing 102/503 : COIN - Coinbase - 1mo
2025-11-22 14:01:32,904 - INFO - Successfully saved COIN data (23 rows)
2025-11-22 14:01:32,904 - INFO - Processing 103/503 : COO - Cooper Companies (The) - 1mo
2025-11-22 14:01:33,261 - INFO - Successfully saved COO data (23 rows)
2025-11-22 14:01:33,262 - INFO - Processing 104/503 : COP - ConocoPhillips - 1mo
2025-11-22 14:01:33,593 - INFO - Successfully saved COP data (23 rows)
2025-11-22 14:01:33,593 - INFO - Processing 105/503 : COR - Cencora - 1mo
2025-11-22 14:01:33,887 - INFO - Successfully saved COR data (23 rows)
2025-11-22 14:01:33,887 - INFO - Processing 106/503 : COST - Costco - 1mo
2025-11-22 14:01:34,174 - INFO - Successfully saved COST data (23 rows)
2025-11-22 14:01:34,174 - INFO - Processing 107/503 : CPAY - Corpay - 1mo
2025-11-22 14:01:34,472 - INFO - Successfully saved CPAY data (23 rows)
2025-11-22 14:01:34,472 - INFO - Processing 108/503 : CPB - Campbell's Company (The) - 1mo
2025-11-22 14:01:34,818 - INFO - Successfully saved CPB data (23 rows)
2025-11-22 14:01:34,819 - INFO - Processing 109/503 : CPRT - Copart - 1mo
2025-11-22 14:01:35,055 - INFO - Successfully saved CPRT data (23 rows)
2025-11-22 14:01:35,055 - INFO - Processing 110/503 : CPT - Camden Property Trust - 1mo
2025-11-22 14:01:35,434 - INFO - Successfully saved CPT data (23 rows)
2025-11-22 14:01:35,434 - INFO - Processing 111/503 : CRL - Charles River Laboratories - 1mo
2025-11-22 14:01:35,733 - INFO - Successfully saved CRL data (23 rows)
2025-11-22 14:01:35,733 - INFO - Processing 112/503 : CRM - Salesforce - 1mo
2025-11-22 14:01:36,003 - INFO - Successfully saved CRM data (23 rows)
2025-11-22 14:01:36,003 - INFO - Processing 113/503 : CRWD - CrowdStrike - 1mo
2025-11-22 14:01:36,244 - INFO - Successfully saved CRWD data (23 rows)
2025-11-22 14:01:36,244 - INFO - Processing 114/503 : CSCO - Cisco - 1mo
2025-11-22 14:01:36,501 - INFO - Successfully saved CSCO data (23 rows)
2025-11-22 14:01:36,501 - INFO - Processing 115/503 : CSGP - CoStar Group - 1mo
2025-11-22 14:01:36,750 - INFO - Successfully saved CSGP data (23 rows)
2025-11-22 14:01:36,750 - INFO - Processing 116/503 : CSX - CSX Corporation - 1mo
2025-11-22 14:01:37,049 - INFO - Successfully saved CSX data (23 rows)
2025-11-22 14:01:37,049 - INFO - Processing 117/503 : CTAS - Cintas - 1mo
2025-11-22 14:01:37,359 - INFO - Successfully saved CTAS data (23 rows)
2025-11-22 14:01:37,360 - INFO - Processing 118/503 : CTRA - Coterra - 1mo
2025-11-22 14:01:37,651 - INFO - Successfully saved CTRA data (23 rows)
2025-11-22 14:01:37,651 - INFO - Processing 119/503 : CTSH - Cognizant - 1mo
2025-11-22 14:01:37,969 - INFO - Successfully saved CTSH data (23 rows)
2025-11-22 14:01:37,970 - INFO - Processing 120/503 : CTVA - Corteva - 1mo
2025-11-22 14:01:38,242 - INFO - Successfully saved CTVA data (23 rows)
2025-11-22 14:01:38,242 - INFO - Processing 121/503 : CVS - CVS Health - 1mo
2025-11-22 14:01:38,594 - INFO - Successfully saved CVS data (23 rows)
2025-11-22 14:01:38,594 - INFO - Processing 122/503 : CVX - Chevron Corporation - 1mo
2025-11-22 14:01:39,004 - INFO - Successfully saved CVX data (23 rows)
2025-11-22 14:01:39,004 - INFO - Processing 123/503 : CZR - Caesars Entertainment - 1mo
2025-11-22 14:01:39,283 - INFO - Successfully saved CZR data (23 rows)
2025-11-22 14:01:39,283 - INFO - Processing 124/503 : D - Dominion Energy - 1mo
2025-11-22 14:01:39,655 - INFO - Successfully saved D data (23 rows)
2025-11-22 14:01:39,655 - INFO - Processing 125/503 : DAL - Delta Air Lines - 1mo
2025-11-22 14:01:39,955 - INFO - Successfully saved DAL data (23 rows)
2025-11-22 14:01:39,955 - INFO - Processing 126/503 : DASH - DoorDash - 1mo
2025-11-22 14:01:40,192 - INFO - Successfully saved DASH data (23 rows)
2025-11-22 14:01:40,192 - INFO - Processing 127/503 : DAY - Dayforce - 1mo
2025-11-22 14:01:40,484 - INFO - Successfully saved DAY data (23 rows)
2025-11-22 14:01:40,484 - INFO - Processing 128/503 : DD - DuPont - 1mo
2025-11-22 14:01:40,829 - INFO - Successfully saved DD data (23 rows)
2025-11-22 14:01:40,829 - INFO - Processing 129/503 : DDOG - Datadog - 1mo
2025-11-22 14:01:41,112 - INFO - Successfully saved DDOG data (23 rows)
2025-11-22 14:01:41,112 - INFO - Processing 130/503 : DE - Deere & Company - 1mo
2025-11-22 14:01:41,472 - INFO - Successfully saved DE data (23 rows)
2025-11-22 14:01:41,473 - INFO - Processing 131/503 : DECK - Deckers Brands - 1mo
2025-11-22 14:01:41,736 - INFO - Successfully saved DECK data (23 rows)
2025-11-22 14:01:41,736 - INFO - Processing 132/503 : DELL - Dell Technologies - 1mo
2025-11-22 14:01:42,117 - INFO - Successfully saved DELL data (23 rows)
2025-11-22 14:01:42,117 - INFO - Processing 133/503 : DG - Dollar General - 1mo
2025-11-22 14:01:42,377 - INFO - Successfully saved DG data (23 rows)
2025-11-22 14:01:42,377 - INFO - Processing 134/503 : DGX - Quest Diagnostics - 1mo
2025-11-22 14:01:42,730 - INFO - Successfully saved DGX data (23 rows)
2025-11-22 14:01:42,730 - INFO - Processing 135/503 : DHI - D. R. Horton - 1mo
2025-11-22 14:01:43,058 - INFO - Successfully saved DHI data (23 rows)
2025-11-22 14:01:43,059 - INFO - Processing 136/503 : DHR - Danaher Corporation - 1mo
2025-11-22 14:01:43,371 - INFO - Successfully saved DHR data (23 rows)
2025-11-22 14:01:43,372 - INFO - Processing 137/503 : DIS - Walt Disney Company (The) - 1mo
2025-11-22 14:01:43,699 - INFO - Successfully saved DIS data (23 rows)
2025-11-22 14:01:43,700 - INFO - Processing 138/503 : DLR - Digital Realty - 1mo
2025-11-22 14:01:43,998 - INFO - Successfully saved DLR data (23 rows)
2025-11-22 14:01:43,998 - INFO - Processing 139/503 : DLTR - Dollar Tree - 1mo
2025-11-22 14:01:44,234 - INFO - Successfully saved DLTR data (23 rows)
2025-11-22 14:01:44,234 - INFO - Processing 140/503 : DOC - Healthpeak Properties - 1mo
2025-11-22 14:01:44,550 - INFO - Successfully saved DOC data (23 rows)
2025-11-22 14:01:44,550 - INFO - Processing 141/503 : DOV - Dover Corporation - 1mo
2025-11-22 14:01:44,924 - INFO - Successfully saved DOV data (23 rows)
2025-11-22 14:01:44,925 - INFO - Processing 142/503 : DOW - Dow Inc. - 1mo
2025-11-22 14:01:45,244 - INFO - Successfully saved DOW data (23 rows)
2025-11-22 14:01:45,244 - INFO - Processing 143/503 : DPZ - Domino's - 1mo
2025-11-22 14:01:45,520 - INFO - Successfully saved DPZ data (23 rows)
2025-11-22 14:01:45,521 - INFO - Processing 144/503 : DRI - Darden Restaurants - 1mo
2025-11-22 14:01:45,863 - INFO - Successfully saved DRI data (23 rows)
2025-11-22 14:01:45,863 - INFO - Processing 145/503 : DTE - DTE Energy - 1mo
2025-11-22 14:01:46,240 - INFO - Successfully saved DTE data (23 rows)
2025-11-22 14:01:46,241 - INFO - Processing 146/503 : DUK - Duke Energy - 1mo
2025-11-22 14:01:46,581 - INFO - Successfully saved DUK data (23 rows)
2025-11-22 14:01:46,582 - INFO - Processing 147/503 : DVA - DaVita - 1mo
2025-11-22 14:01:46,869 - INFO - Successfully saved DVA data (23 rows)
2025-11-22 14:01:46,870 - INFO - Processing 148/503 : DVN - Devon Energy - 1mo
2025-11-22 14:01:47,199 - INFO - Successfully saved DVN data (23 rows)
2025-11-22 14:01:47,199 - INFO - Processing 149/503 : DXCM - Dexcom - 1mo
2025-11-22 14:01:47,455 - INFO - Successfully saved DXCM data (23 rows)
2025-11-22 14:01:47,455 - INFO - Processing 150/503 : EA - Electronic Arts - 1mo
2025-11-22 14:01:47,760 - INFO - Successfully saved EA data (23 rows)
2025-11-22 14:01:47,760 - INFO - Processing 151/503 : EBAY - eBay Inc. - 1mo
2025-11-22 14:01:48,065 - INFO - Successfully saved EBAY data (23 rows)
2025-11-22 14:01:48,066 - INFO - Processing 152/503 : ECL - Ecolab - 1mo
2025-11-22 14:01:48,457 - INFO - Successfully saved ECL data (23 rows)
2025-11-22 14:01:48,458 - INFO - Processing 153/503 : ED - Consolidated Edison - 1mo
2025-11-22 14:01:48,830 - INFO - Successfully saved ED data (23 rows)
2025-11-22 14:01:48,830 - INFO - Processing 154/503 : EFX - Equifax - 1mo
2025-11-22 14:01:49,194 - INFO - Successfully saved EFX data (23 rows)
2025-11-22 14:01:49,195 - INFO - Processing 155/503 : EG - Everest Group - 1mo
2025-11-22 14:01:49,473 - INFO - Successfully saved EG data (23 rows)
2025-11-22 14:01:49,473 - INFO - Processing 156/503 : EIX - Edison International - 1mo
2025-11-22 14:01:49,860 - INFO - Successfully saved EIX data (23 rows)
2025-11-22 14:01:49,860 - INFO - Processing 157/503 : EL - Estée Lauder Companies (The) - 1mo
2025-11-22 14:01:50,176 - INFO - Successfully saved EL data (23 rows)
2025-11-22 14:01:50,176 - INFO - Processing 158/503 : ELV - Elevance Health - 1mo
2025-11-22 14:01:50,446 - INFO - Successfully saved ELV data (23 rows)
2025-11-22 14:01:50,446 - INFO - Processing 159/503 : EMN - Eastman Chemical Company - 1mo
2025-11-22 14:01:50,743 - INFO - Successfully saved EMN data (23 rows)
2025-11-22 14:01:50,744 - INFO - Processing 160/503 : EMR - Emerson Electric - 1mo
2025-11-22 14:01:51,095 - INFO - Successfully saved EMR data (23 rows)
2025-11-22 14:01:51,095 - INFO - Processing 161/503 : ENPH - Enphase Energy - 1mo
2025-11-22 14:01:51,344 - INFO - Successfully saved ENPH data (23 rows)
2025-11-22 14:01:51,344 - INFO - Processing 162/503 : EOG - EOG Resources - 1mo
2025-11-22 14:01:51,676 - INFO - Successfully saved EOG data (23 rows)
2025-11-22 14:01:51,676 - INFO - Processing 163/503 : EPAM - EPAM Systems - 1mo
2025-11-22 14:01:51,978 - INFO - Successfully saved EPAM data (23 rows)
2025-11-22 14:01:51,978 - INFO - Processing 164/503 : EQIX - Equinix - 1mo
2025-11-22 14:01:52,296 - INFO - Successfully saved EQIX data (23 rows)
2025-11-22 14:01:52,296 - INFO - Processing 165/503 : EQR - Equity Residential - 1mo
2025-11-22 14:01:52,635 - INFO - Successfully saved EQR data (23 rows)
2025-11-22 14:01:52,636 - INFO - Processing 166/503 : EQT - EQT Corporation - 1mo
2025-11-22 14:01:52,967 - INFO - Successfully saved EQT data (23 rows)
2025-11-22 14:01:52,967 - INFO - Processing 167/503 : ERIE - Erie Indemnity - 1mo
2025-11-22 14:01:53,278 - INFO - Successfully saved ERIE data (23 rows)
2025-11-22 14:01:53,279 - INFO - Processing 168/503 : ES - Eversource Energy - 1mo
2025-11-22 14:01:53,605 - INFO - Successfully saved ES data (23 rows)
2025-11-22 14:01:53,605 - INFO - Processing 169/503 : ESS - Essex Property Trust - 1mo
2025-11-22 14:01:53,923 - INFO - Successfully saved ESS data (23 rows)
2025-11-22 14:01:53,923 - INFO - Processing 170/503 : ETN - Eaton Corporation - 1mo
2025-11-22 14:01:54,292 - INFO - Successfully saved ETN data (23 rows)
2025-11-22 14:01:54,293 - INFO - Processing 171/503 : ETR - Entergy - 1mo
2025-11-22 14:01:54,602 - INFO - Successfully saved ETR data (23 rows)
2025-11-22 14:01:54,602 - INFO - Processing 172/503 : EVRG - Evergy - 1mo
2025-11-22 14:01:54,948 - INFO - Successfully saved EVRG data (23 rows)
2025-11-22 14:01:54,948 - INFO - Processing 173/503 : EW - Edwards Lifesciences - 1mo
2025-11-22 14:01:55,236 - INFO - Successfully saved EW data (23 rows)
2025-11-22 14:01:55,236 - INFO - Processing 174/503 : EXC - Exelon - 1mo
2025-11-22 14:01:55,665 - INFO - Successfully saved EXC data (23 rows)
2025-11-22 14:01:55,665 - INFO - Processing 175/503 : EXE - Expand Energy - 1mo
2025-11-22 14:01:55,947 - INFO - Successfully saved EXE data (23 rows)
2025-11-22 14:01:55,947 - INFO - Processing 176/503 : EXPD - Expeditors International - 1mo
2025-11-22 14:01:56,243 - INFO - Successfully saved EXPD data (23 rows)
2025-11-22 14:01:56,243 - INFO - Processing 177/503 : EXPE - Expedia Group - 1mo
2025-11-22 14:01:56,540 - INFO - Successfully saved EXPE data (23 rows)
2025-11-22 14:01:56,541 - INFO - Processing 178/503 : EXR - Extra Space Storage - 1mo
2025-11-22 14:01:56,848 - INFO - Successfully saved EXR data (23 rows)
2025-11-22 14:01:56,849 - INFO - Processing 179/503 : F - Ford Motor Company - 1mo
2025-11-22 14:01:57,238 - INFO - Successfully saved F data (23 rows)
2025-11-22 14:01:57,238 - INFO - Processing 180/503 : FANG - Diamondback Energy - 1mo
2025-11-22 14:01:57,530 - INFO - Successfully saved FANG data (23 rows)
2025-11-22 14:01:57,530 - INFO - Processing 181/503 : FAST - Fastenal - 1mo
2025-11-22 14:01:57,840 - INFO - Successfully saved FAST data (23 rows)
2025-11-22 14:01:57,840 - INFO - Processing 182/503 : FCX - Freeport-McMoRan - 1mo
2025-11-22 14:01:58,137 - INFO - Successfully saved FCX data (23 rows)
2025-11-22 14:01:58,137 - INFO - Processing 183/503 : FDS - FactSet - 1mo
2025-11-22 14:01:58,441 - INFO - Successfully saved FDS data (23 rows)
2025-11-22 14:01:58,442 - INFO - Processing 184/503 : FDX - FedEx - 1mo
2025-11-22 14:01:58,759 - INFO - Successfully saved FDX data (23 rows)
2025-11-22 14:01:58,759 - INFO - Processing 185/503 : FE - FirstEnergy - 1mo
2025-11-22 14:01:59,046 - INFO - Successfully saved FE data (23 rows)
2025-11-22 14:01:59,046 - INFO - Processing 186/503 : FFIV - F5, Inc. - 1mo
2025-11-22 14:01:59,324 - INFO - Successfully saved FFIV data (23 rows)
2025-11-22 14:01:59,324 - INFO - Processing 187/503 : FI - Fiserv - 1mo
2025-11-22 14:01:59,577 - INFO - Successfully saved FI data (23 rows)
2025-11-22 14:01:59,577 - INFO - Processing 188/503 : FICO - Fair Isaac - 1mo
2025-11-22 14:01:59,887 - INFO - Successfully saved FICO data (23 rows)
2025-11-22 14:01:59,887 - INFO - Processing 189/503 : FIS - Fidelity National Information Services - 1mo
2025-11-22 14:02:00,199 - INFO - Successfully saved FIS data (23 rows)
2025-11-22 14:02:00,200 - INFO - Processing 190/503 : FITB - Fifth Third Bancorp - 1mo
2025-11-22 14:02:00,537 - INFO - Successfully saved FITB data (23 rows)
2025-11-22 14:02:00,537 - INFO - Processing 191/503 : FOX - Fox Corporation (Class B) - 1mo
2025-11-22 14:02:00,839 - INFO - Successfully saved FOX data (23 rows)
2025-11-22 14:02:00,839 - INFO - Processing 192/503 : FOXA - Fox Corporation (Class A) - 1mo
2025-11-22 14:02:01,134 - INFO - Successfully saved FOXA data (23 rows)
2025-11-22 14:02:01,134 - INFO - Processing 193/503 : FRT - Federal Realty Investment Trust - 1mo
2025-11-22 14:02:01,422 - INFO - Successfully saved FRT data (23 rows)
2025-11-22 14:02:01,423 - INFO - Processing 194/503 : FSLR - First Solar - 1mo
2025-11-22 14:02:01,693 - INFO - Successfully saved FSLR data (23 rows)
2025-11-22 14:02:01,693 - INFO - Processing 195/503 : FTNT - Fortinet - 1mo
2025-11-22 14:02:01,986 - INFO - Successfully saved FTNT data (23 rows)
2025-11-22 14:02:01,986 - INFO - Processing 196/503 : FTV - Fortive - 1mo
2025-11-22 14:02:02,294 - INFO - Successfully saved FTV data (23 rows)
2025-11-22 14:02:02,294 - INFO - Processing 197/503 : GD - General Dynamics - 1mo
2025-11-22 14:02:02,628 - INFO - Successfully saved GD data (23 rows)
2025-11-22 14:02:02,628 - INFO - Processing 198/503 : GDDY - GoDaddy - 1mo
2025-11-22 14:02:02,918 - INFO - Successfully saved GDDY data (23 rows)
2025-11-22 14:02:02,918 - INFO - Processing 199/503 : GE - GE Aerospace - 1mo
2025-11-22 14:02:03,275 - INFO - Successfully saved GE data (23 rows)
2025-11-22 14:02:03,276 - INFO - Processing 200/503 : GEHC - GE HealthCare - 1mo
2025-11-22 14:02:03,610 - INFO - Successfully saved GEHC data (23 rows)
2025-11-22 14:02:03,610 - INFO - Processing 201/503 : GEN - Gen Digital - 1mo
2025-11-22 14:02:03,910 - INFO - Successfully saved GEN data (23 rows)
2025-11-22 14:02:03,910 - INFO - Processing 202/503 : GEV - GE Vernova - 1mo
2025-11-22 14:02:04,161 - INFO - Successfully saved GEV data (23 rows)
2025-11-22 14:02:04,161 - INFO - Processing 203/503 : GILD - Gilead Sciences - 1mo
2025-11-22 14:02:04,459 - INFO - Successfully saved GILD data (23 rows)
2025-11-22 14:02:04,459 - INFO - Processing 204/503 : GIS - General Mills - 1mo
2025-11-22 14:02:04,799 - INFO - Successfully saved GIS data (23 rows)
2025-11-22 14:02:04,799 - INFO - Processing 205/503 : GL - Globe Life - 1mo
2025-11-22 14:02:08,292 - INFO - Successfully saved GL data (23 rows)
2025-11-22 14:02:08,292 - INFO - Processing 206/503 : GLW - Corning Inc. - 1mo
2025-11-22 14:02:09,114 - INFO - Successfully saved GLW data (23 rows)
2025-11-22 14:02:09,114 - INFO - Processing 207/503 : GM - General Motors - 1mo
2025-11-22 14:02:09,383 - INFO - Successfully saved GM data (23 rows)
2025-11-22 14:02:09,383 - INFO - Processing 208/503 : GNRC - Generac - 1mo
2025-11-22 14:02:09,671 - INFO - Successfully saved GNRC data (23 rows)
2025-11-22 14:02:09,671 - INFO - Processing 209/503 : GOOG - Alphabet Inc. (Class C) - 1mo
2025-11-22 14:02:09,918 - INFO - Successfully saved GOOG data (23 rows)
2025-11-22 14:02:09,918 - INFO - Processing 210/503 : GOOGL - Alphabet Inc. (Class A) - 1mo
2025-11-22 14:02:10,166 - INFO - Successfully saved GOOGL data (23 rows)
2025-11-22 14:02:10,166 - INFO - Processing 211/503 : GPC - Genuine Parts Company - 1mo
2025-11-22 14:02:10,514 - INFO - Successfully saved GPC data (23 rows)
2025-11-22 14:02:10,514 - INFO - Processing 212/503 : GPN - Global Payments - 1mo
2025-11-22 14:02:10,791 - INFO - Successfully saved GPN data (23 rows)
2025-11-22 14:02:10,791 - INFO - Processing 213/503 : GRMN - Garmin - 1mo
2025-11-22 14:02:11,061 - INFO - Successfully saved GRMN data (23 rows)
2025-11-22 14:02:11,061 - INFO - Processing 214/503 : GS - Goldman Sachs - 1mo
2025-11-22 14:02:11,378 - INFO - Successfully saved GS data (23 rows)
2025-11-22 14:02:11,378 - INFO - Processing 215/503 : GWW - W. W. Grainger - 1mo
2025-11-22 14:02:11,698 - INFO - Successfully saved GWW data (23 rows)
2025-11-22 14:02:11,698 - INFO - Processing 216/503 : HAL - Halliburton - 1mo
2025-11-22 14:02:12,106 - INFO - Successfully saved HAL data (23 rows)
2025-11-22 14:02:12,106 - INFO - Processing 217/503 : HAS - Hasbro - 1mo
2025-11-22 14:02:12,394 - INFO - Successfully saved HAS data (23 rows)
2025-11-22 14:02:12,394 - INFO - Processing 218/503 : HBAN - Huntington Bancshares - 1mo
2025-11-22 14:02:12,701 - INFO - Successfully saved HBAN data (23 rows)
2025-11-22 14:02:12,701 - INFO - Processing 219/503 : HCA - HCA Healthcare - 1mo
2025-11-22 14:02:12,952 - INFO - Successfully saved HCA data (23 rows)
2025-11-22 14:02:12,953 - INFO - Processing 220/503 : HD - Home Depot (The) - 1mo
2025-11-22 14:02:13,272 - INFO - Successfully saved HD data (23 rows)
2025-11-22 14:02:13,272 - INFO - Processing 221/503 : HIG - Hartford (The) - 1mo
2025-11-22 14:02:13,593 - INFO - Successfully saved HIG data (23 rows)
2025-11-22 14:02:13,593 - INFO - Processing 222/503 : HII - Huntington Ingalls Industries - 1mo
2025-11-22 14:02:13,879 - INFO - Successfully saved HII data (23 rows)
2025-11-22 14:02:13,880 - INFO - Processing 223/503 : HLT - Hilton Worldwide - 1mo
2025-11-22 14:02:14,199 - INFO - Successfully saved HLT data (23 rows)
2025-11-22 14:02:14,199 - INFO - Processing 224/503 : HOLX - Hologic - 1mo
2025-11-22 14:02:14,680 - INFO - Successfully saved HOLX data (23 rows)
2025-11-22 14:02:14,680 - INFO - Processing 225/503 : HON - Honeywell - 1mo
2025-11-22 14:02:15,545 - INFO - Successfully saved HON data (23 rows)
2025-11-22 14:02:15,545 - INFO - Processing 226/503 : HPE - Hewlett Packard Enterprise - 1mo
2025-11-22 14:02:16,017 - INFO - Successfully saved HPE data (23 rows)
2025-11-22 14:02:16,017 - INFO - Processing 227/503 : HPQ - HP Inc. - 1mo
2025-11-22 14:02:16,410 - INFO - Successfully saved HPQ data (23 rows)
2025-11-22 14:02:16,411 - INFO - Processing 228/503 : HRL - Hormel Foods - 1mo
2025-11-22 14:02:16,845 - INFO - Successfully saved HRL data (23 rows)
2025-11-22 14:02:16,845 - INFO - Processing 229/503 : HSIC - Henry Schein - 1mo
2025-11-22 14:02:17,096 - INFO - Successfully saved HSIC data (23 rows)
2025-11-22 14:02:17,096 - INFO - Processing 230/503 : HST - Host Hotels & Resorts - 1mo
2025-11-22 14:02:17,422 - INFO - Successfully saved HST data (23 rows)
2025-11-22 14:02:17,423 - INFO - Processing 231/503 : HSY - Hershey Company (The) - 1mo
2025-11-22 14:02:17,750 - INFO - Successfully saved HSY data (23 rows)
2025-11-22 14:02:17,750 - INFO - Processing 232/503 : HUBB - Hubbell Incorporated - 1mo
2025-11-22 14:02:18,089 - INFO - Successfully saved HUBB data (23 rows)
2025-11-22 14:02:18,089 - INFO - Processing 233/503 : HUM - Humana - 1mo
2025-11-22 14:02:18,398 - INFO - Successfully saved HUM data (23 rows)
2025-11-22 14:02:18,399 - INFO - Processing 234/503 : HWM - Howmet Aerospace - 1mo
2025-11-22 14:02:18,700 - INFO - Successfully saved HWM data (23 rows)
2025-11-22 14:02:18,701 - INFO - Processing 235/503 : IBM - IBM - 1mo
2025-11-22 14:02:19,070 - INFO - Successfully saved IBM data (23 rows)
2025-11-22 14:02:19,070 - INFO - Processing 236/503 : ICE - Intercontinental Exchange - 1mo
2025-11-22 14:02:19,691 - INFO - Successfully saved ICE data (23 rows)
2025-11-22 14:02:19,691 - INFO - Processing 237/503 : IDXX - Idexx Laboratories - 1mo
2025-11-22 14:02:20,048 - INFO - Successfully saved IDXX data (23 rows)
2025-11-22 14:02:20,049 - INFO - Processing 238/503 : IEX - IDEX Corporation - 1mo
2025-11-22 14:02:20,487 - INFO - Successfully saved IEX data (23 rows)
2025-11-22 14:02:20,487 - INFO - Processing 239/503 : IFF - International Flavors & Fragrances - 1mo
2025-11-22 14:02:20,915 - INFO - Successfully saved IFF data (23 rows)
2025-11-22 14:02:20,915 - INFO - Processing 240/503 : INCY - Incyte - 1mo
2025-11-22 14:02:21,142 - INFO - Successfully saved INCY data (23 rows)
2025-11-22 14:02:21,142 - INFO - Processing 241/503 : INTC - Intel - 1mo
2025-11-22 14:02:21,429 - INFO - Successfully saved INTC data (23 rows)
2025-11-22 14:02:21,430 - INFO - Processing 242/503 : INTU - Intuit - 1mo
2025-11-22 14:02:21,748 - INFO - Successfully saved INTU data (23 rows)
2025-11-22 14:02:21,749 - INFO - Processing 243/503 : INVH - Invitation Homes - 1mo
2025-11-22 14:02:22,176 - INFO - Successfully saved INVH data (23 rows)
2025-11-22 14:02:22,177 - INFO - Processing 244/503 : IP - International Paper - 1mo
2025-11-22 14:02:22,484 - INFO - Successfully saved IP data (23 rows)
2025-11-22 14:02:22,484 - INFO - Processing 245/503 : IPG - Interpublic Group of Companies (The) - 1mo
2025-11-22 14:02:22,777 - INFO - Successfully saved IPG data (23 rows)
2025-11-22 14:02:22,777 - INFO - Processing 246/503 : IQV - IQVIA - 1mo
2025-11-22 14:02:23,051 - INFO - Successfully saved IQV data (23 rows)
2025-11-22 14:02:23,051 - INFO - Processing 247/503 : IR - Ingersoll Rand - 1mo
2025-11-22 14:02:23,338 - INFO - Successfully saved IR data (23 rows)
2025-11-22 14:02:23,338 - INFO - Processing 248/503 : IRM - Iron Mountain - 1mo
2025-11-22 14:02:23,656 - INFO - Successfully saved IRM data (23 rows)
2025-11-22 14:02:23,656 - INFO - Processing 249/503 : ISRG - Intuitive Surgical - 1mo
2025-11-22 14:02:23,950 - INFO - Successfully saved ISRG data (23 rows)
2025-11-22 14:02:23,951 - INFO - Processing 250/503 : IT - Gartner - 1mo
2025-11-22 14:02:24,320 - INFO - Successfully saved IT data (23 rows)
2025-11-22 14:02:24,320 - INFO - Processing 251/503 : ITW - Illinois Tool Works - 1mo
2025-11-22 14:02:24,641 - INFO - Successfully saved ITW data (23 rows)
2025-11-22 14:02:24,641 - INFO - Processing 252/503 : IVZ - Invesco - 1mo
2025-11-22 14:02:25,015 - INFO - Successfully saved IVZ data (23 rows)
2025-11-22 14:02:25,016 - INFO - Processing 253/503 : J - Jacobs Solutions - 1mo
2025-11-22 14:02:25,304 - INFO - Successfully saved J data (23 rows)
2025-11-22 14:02:25,304 - INFO - Processing 254/503 : JBHT - J.B. Hunt - 1mo
2025-11-22 14:02:25,633 - INFO - Successfully saved JBHT data (23 rows)
2025-11-22 14:02:25,634 - INFO - Processing 255/503 : JBL - Jabil - 1mo
2025-11-22 14:02:25,913 - INFO - Successfully saved JBL data (23 rows)
2025-11-22 14:02:25,913 - INFO - Processing 256/503 : JCI - Johnson Controls - 1mo
2025-11-22 14:02:26,213 - INFO - Successfully saved JCI data (23 rows)
2025-11-22 14:02:26,214 - INFO - Processing 257/503 : JKHY - Jack Henry & Associates - 1mo
2025-11-22 14:02:26,562 - INFO - Successfully saved JKHY data (23 rows)
2025-11-22 14:02:26,562 - INFO - Processing 258/503 : JNJ - Johnson & Johnson - 1mo
2025-11-22 14:02:26,989 - INFO - Successfully saved JNJ data (23 rows)
2025-11-22 14:02:26,989 - INFO - Processing 259/503 : JPM - JPMorgan Chase - 1mo
2025-11-22 14:02:27,372 - INFO - Successfully saved JPM data (23 rows)
2025-11-22 14:02:27,372 - INFO - Processing 260/503 : K - Kellanova - 1mo
2025-11-22 14:02:27,699 - INFO - Successfully saved K data (23 rows)
2025-11-22 14:02:27,699 - INFO - Processing 261/503 : KDP - Keurig Dr Pepper - 1mo
2025-11-22 14:02:28,017 - INFO - Successfully saved KDP data (23 rows)
2025-11-22 14:02:28,017 - INFO - Processing 262/503 : KEY - KeyCorp - 1mo
2025-11-22 14:02:28,307 - INFO - Successfully saved KEY data (23 rows)
2025-11-22 14:02:28,308 - INFO - Processing 263/503 : KEYS - Keysight Technologies - 1mo
2025-11-22 14:02:28,608 - INFO - Successfully saved KEYS data (23 rows)
2025-11-22 14:02:28,609 - INFO - Processing 264/503 : KHC - Kraft Heinz - 1mo
2025-11-22 14:02:28,867 - INFO - Successfully saved KHC data (23 rows)
2025-11-22 14:02:28,867 - INFO - Processing 265/503 : KIM - Kimco Realty - 1mo
2025-11-22 14:02:29,274 - INFO - Successfully saved KIM data (23 rows)
2025-11-22 14:02:29,275 - INFO - Processing 266/503 : KKR - KKR & Co. - 1mo
2025-11-22 14:02:29,669 - INFO - Successfully saved KKR data (23 rows)
2025-11-22 14:02:29,669 - INFO - Processing 267/503 : KLAC - KLA Corporation - 1mo
2025-11-22 14:02:29,994 - INFO - Successfully saved KLAC data (23 rows)
2025-11-22 14:02:29,994 - INFO - Processing 268/503 : KMB - Kimberly-Clark - 1mo
2025-11-22 14:02:30,376 - INFO - Successfully saved KMB data (23 rows)
2025-11-22 14:02:30,376 - INFO - Processing 269/503 : KMI - Kinder Morgan - 1mo
2025-11-22 14:02:30,653 - INFO - Successfully saved KMI data (23 rows)
2025-11-22 14:02:30,653 - INFO - Processing 270/503 : KMX - CarMax - 1mo
2025-11-22 14:02:30,914 - INFO - Successfully saved KMX data (23 rows)
2025-11-22 14:02:30,915 - INFO - Processing 271/503 : KO - Coca-Cola Company (The) - 1mo
2025-11-22 14:02:31,309 - INFO - Successfully saved KO data (23 rows)
2025-11-22 14:02:31,309 - INFO - Processing 272/503 : KR - Kroger - 1mo
2025-11-22 14:02:31,693 - INFO - Successfully saved KR data (23 rows)
2025-11-22 14:02:31,693 - INFO - Processing 273/503 : KVUE - Kenvue - 1mo
2025-11-22 14:02:31,971 - INFO - Successfully saved KVUE data (23 rows)
2025-11-22 14:02:31,971 - INFO - Processing 274/503 : L - Loews Corporation - 1mo
2025-11-22 14:02:32,290 - INFO - Successfully saved L data (23 rows)
2025-11-22 14:02:32,290 - INFO - Processing 275/503 : LDOS - Leidos - 1mo
2025-11-22 14:02:32,563 - INFO - Successfully saved LDOS data (23 rows)
2025-11-22 14:02:32,564 - INFO - Processing 276/503 : LEN - Lennar - 1mo
2025-11-22 14:02:32,912 - INFO - Successfully saved LEN data (23 rows)
2025-11-22 14:02:32,912 - INFO - Processing 277/503 : LH - Labcorp - 1mo
2025-11-22 14:02:33,285 - INFO - Successfully saved LH data (23 rows)
2025-11-22 14:02:33,285 - INFO - Processing 278/503 : LHX - L3Harris - 1mo
2025-11-22 14:02:33,933 - INFO - Successfully saved LHX data (23 rows)
2025-11-22 14:02:33,933 - INFO - Processing 279/503 : LII - Lennox International - 1mo
2025-11-22 14:02:34,209 - INFO - Successfully saved LII data (23 rows)
2025-11-22 14:02:34,210 - INFO - Processing 280/503 : LIN - Linde plc - 1mo
2025-11-22 14:02:34,501 - INFO - Successfully saved LIN data (23 rows)
2025-11-22 14:02:34,501 - INFO - Processing 281/503 : LKQ - LKQ Corporation - 1mo
2025-11-22 14:02:34,802 - INFO - Successfully saved LKQ data (23 rows)
2025-11-22 14:02:34,802 - INFO - Processing 282/503 : LLY - Lilly (Eli) - 1mo
2025-11-22 14:02:35,196 - INFO - Successfully saved LLY data (23 rows)
2025-11-22 14:02:35,196 - INFO - Processing 283/503 : LMT - Lockheed Martin - 1mo
2025-11-22 14:02:35,627 - INFO - Successfully saved LMT data (23 rows)
2025-11-22 14:02:35,627 - INFO - Processing 284/503 : LNT - Alliant Energy - 1mo
2025-11-22 14:02:35,944 - INFO - Successfully saved LNT data (23 rows)
2025-11-22 14:02:35,945 - INFO - Processing 285/503 : LOW - Lowe's - 1mo
2025-11-22 14:02:36,243 - INFO - Successfully saved LOW data (23 rows)
2025-11-22 14:02:36,244 - INFO - Processing 286/503 : LRCX - Lam Research - 1mo
2025-11-22 14:02:36,504 - INFO - Successfully saved LRCX data (23 rows)
2025-11-22 14:02:36,504 - INFO - Processing 287/503 : LULU - Lululemon Athletica - 1mo
2025-11-22 14:02:36,785 - INFO - Successfully saved LULU data (23 rows)
2025-11-22 14:02:36,785 - INFO - Processing 288/503 : LUV - Southwest Airlines - 1mo
2025-11-22 14:02:37,246 - INFO - Successfully saved LUV data (23 rows)
2025-11-22 14:02:37,246 - INFO - Processing 289/503 : LVS - Las Vegas Sands - 1mo
2025-11-22 14:02:37,515 - INFO - Successfully saved LVS data (23 rows)
2025-11-22 14:02:37,515 - INFO - Processing 290/503 : LW - Lamb Weston - 1mo
2025-11-22 14:02:37,926 - INFO - Successfully saved LW data (23 rows)
2025-11-22 14:02:37,927 - INFO - Processing 291/503 : LYB - LyondellBasell - 1mo
2025-11-22 14:02:38,223 - INFO - Successfully saved LYB data (23 rows)
2025-11-22 14:02:38,223 - INFO - Processing 292/503 : LYV - Live Nation Entertainment - 1mo
2025-11-22 14:02:38,474 - INFO - Successfully saved LYV data (23 rows)
2025-11-22 14:02:38,475 - INFO - Processing 293/503 : MA - Mastercard - 1mo
2025-11-22 14:02:38,772 - INFO - Successfully saved MA data (23 rows)
2025-11-22 14:02:38,772 - INFO - Processing 294/503 : MAA - Mid-America Apartment Communities - 1mo
2025-11-22 14:02:39,091 - INFO - Successfully saved MAA data (23 rows)
2025-11-22 14:02:39,091 - INFO - Processing 295/503 : MAR - Marriott International - 1mo
2025-11-22 14:02:39,534 - INFO - Successfully saved MAR data (23 rows)
2025-11-22 14:02:39,534 - INFO - Processing 296/503 : MAS - Masco - 1mo
2025-11-22 14:02:40,434 - INFO - Successfully saved MAS data (23 rows)
2025-11-22 14:02:40,434 - INFO - Processing 297/503 : MCD - McDonald's - 1mo
2025-11-22 14:02:40,756 - INFO - Successfully saved MCD data (23 rows)
2025-11-22 14:02:40,756 - INFO - Processing 298/503 : MCHP - Microchip Technology - 1mo
2025-11-22 14:02:41,074 - INFO - Successfully saved MCHP data (23 rows)
2025-11-22 14:02:41,074 - INFO - Processing 299/503 : MCK - McKesson Corporation - 1mo
2025-11-22 14:02:41,412 - INFO - Successfully saved MCK data (23 rows)
2025-11-22 14:02:41,412 - INFO - Processing 300/503 : MCO - Moody's Corporation - 1mo
2025-11-22 14:02:41,722 - INFO - Successfully saved MCO data (23 rows)
2025-11-22 14:02:41,722 - INFO - Processing 301/503 : MDLZ - Mondelez International - 1mo
2025-11-22 14:02:42,187 - INFO - Successfully saved MDLZ data (23 rows)
2025-11-22 14:02:42,187 - INFO - Processing 302/503 : MDT - Medtronic - 1mo
2025-11-22 14:02:42,680 - INFO - Successfully saved MDT data (23 rows)
2025-11-22 14:02:42,681 - INFO - Processing 303/503 : MET - MetLife - 1mo
2025-11-22 14:02:43,009 - INFO - Successfully saved MET data (23 rows)
2025-11-22 14:02:43,009 - INFO - Processing 304/503 : META - Meta Platforms - 1mo
2025-11-22 14:02:43,254 - INFO - Successfully saved META data (23 rows)
2025-11-22 14:02:43,255 - INFO - Processing 305/503 : MGM - MGM Resorts - 1mo
2025-11-22 14:02:43,551 - INFO - Successfully saved MGM data (23 rows)
2025-11-22 14:02:43,551 - INFO - Processing 306/503 : MHK - Mohawk Industries - 1mo
2025-11-22 14:02:43,911 - INFO - Successfully saved MHK data (23 rows)
2025-11-22 14:02:43,911 - INFO - Processing 307/503 : MKC - McCormick & Company - 1mo
2025-11-22 14:02:44,262 - INFO - Successfully saved MKC data (23 rows)
2025-11-22 14:02:44,263 - INFO - Processing 308/503 : MKTX - MarketAxess - 1mo
2025-11-22 14:02:44,579 - INFO - Successfully saved MKTX data (23 rows)
2025-11-22 14:02:44,580 - INFO - Processing 309/503 : MLM - Martin Marietta Materials - 1mo
2025-11-22 14:02:44,856 - INFO - Successfully saved MLM data (23 rows)
2025-11-22 14:02:44,856 - INFO - Processing 310/503 : MMC - Marsh McLennan - 1mo
2025-11-22 14:02:45,226 - INFO - Successfully saved MMC data (23 rows)
2025-11-22 14:02:45,226 - INFO - Processing 311/503 : MMM - 3M - 1mo
2025-11-22 14:02:45,597 - INFO - Successfully saved MMM data (23 rows)
2025-11-22 14:02:45,597 - INFO - Processing 312/503 : MNST - Monster Beverage - 1mo
2025-11-22 14:02:45,863 - INFO - Successfully saved MNST data (23 rows)
2025-11-22 14:02:45,864 - INFO - Processing 313/503 : MO - Altria - 1mo
2025-11-22 14:02:46,423 - INFO - Successfully saved MO data (23 rows)
2025-11-22 14:02:46,423 - INFO - Processing 314/503 : MOH - Molina Healthcare - 1mo
2025-11-22 14:02:47,144 - INFO - Successfully saved MOH data (23 rows)
2025-11-22 14:02:47,144 - INFO - Processing 315/503 : MOS - Mosaic Company (The) - 1mo
2025-11-22 14:02:47,461 - INFO - Successfully saved MOS data (23 rows)
2025-11-22 14:02:47,461 - INFO - Processing 316/503 : MPC - Marathon Petroleum - 1mo
2025-11-22 14:02:47,760 - INFO - Successfully saved MPC data (23 rows)
2025-11-22 14:02:47,761 - INFO - Processing 317/503 : MPWR - Monolithic Power Systems - 1mo
2025-11-22 14:02:48,162 - INFO - Successfully saved MPWR data (23 rows)
2025-11-22 14:02:48,162 - INFO - Processing 318/503 : MRK - Merck & Co. - 1mo
2025-11-22 14:02:48,593 - INFO - Successfully saved MRK data (23 rows)
2025-11-22 14:02:48,593 - INFO - Processing 319/503 : MRNA - Moderna - 1mo
2025-11-22 14:02:48,900 - INFO - Successfully saved MRNA data (23 rows)
2025-11-22 14:02:48,900 - INFO - Processing 320/503 : MS - Morgan Stanley - 1mo
2025-11-22 14:02:49,199 - INFO - Successfully saved MS data (23 rows)
2025-11-22 14:02:49,199 - INFO - Processing 321/503 : MSCI - MSCI Inc. - 1mo
2025-11-22 14:02:49,498 - INFO - Successfully saved MSCI data (23 rows)
2025-11-22 14:02:49,499 - INFO - Processing 322/503 : MSFT - Microsoft - 1mo
2025-11-22 14:02:49,813 - INFO - Successfully saved MSFT data (23 rows)
2025-11-22 14:02:49,814 - INFO - Processing 323/503 : MSI - Motorola Solutions - 1mo
2025-11-22 14:02:50,142 - INFO - Successfully saved MSI data (23 rows)
2025-11-22 14:02:50,142 - INFO - Processing 324/503 : MTB - M&T Bank - 1mo
2025-11-22 14:02:50,492 - INFO - Successfully saved MTB data (23 rows)
2025-11-22 14:02:50,493 - INFO - Processing 325/503 : MTCH - Match Group - 1mo
2025-11-22 14:02:50,770 - INFO - Successfully saved MTCH data (23 rows)
2025-11-22 14:02:50,770 - INFO - Processing 326/503 : MTD - Mettler Toledo - 1mo
2025-11-22 14:02:51,041 - INFO - Successfully saved MTD data (23 rows)
2025-11-22 14:02:51,041 - INFO - Processing 327/503 : MU - Micron Technology - 1mo
2025-11-22 14:02:51,328 - INFO - Successfully saved MU data (23 rows)
2025-11-22 14:02:51,329 - INFO - Processing 328/503 : NCLH - Norwegian Cruise Line Holdings - 1mo
2025-11-22 14:02:51,626 - INFO - Successfully saved NCLH data (23 rows)
2025-11-22 14:02:51,626 - INFO - Processing 329/503 : NDAQ - Nasdaq, Inc. - 1mo
2025-11-22 14:02:51,893 - INFO - Successfully saved NDAQ data (23 rows)
2025-11-22 14:02:51,894 - INFO - Processing 330/503 : NDSN - Nordson Corporation - 1mo
2025-11-22 14:02:52,202 - INFO - Successfully saved NDSN data (23 rows)
2025-11-22 14:02:52,202 - INFO - Processing 331/503 : NEE - NextEra Energy - 1mo
2025-11-22 14:02:52,534 - INFO - Successfully saved NEE data (23 rows)
2025-11-22 14:02:52,535 - INFO - Processing 332/503 : NEM - Newmont - 1mo
2025-11-22 14:02:52,905 - INFO - Successfully saved NEM data (23 rows)
2025-11-22 14:02:52,905 - INFO - Processing 333/503 : NFLX - Netflix - 1mo
2025-11-22 14:02:53,183 - INFO - Successfully saved NFLX data (23 rows)
2025-11-22 14:02:53,184 - INFO - Processing 334/503 : NI - NiSource - 1mo
2025-11-22 14:02:53,463 - INFO - Successfully saved NI data (23 rows)
2025-11-22 14:02:53,463 - INFO - Processing 335/503 : NKE - Nike, Inc. - 1mo
2025-11-22 14:02:53,791 - INFO - Successfully saved NKE data (23 rows)
2025-11-22 14:02:53,791 - INFO - Processing 336/503 : NOC - Northrop Grumman - 1mo
2025-11-22 14:02:54,139 - INFO - Successfully saved NOC data (23 rows)
2025-11-22 14:02:54,139 - INFO - Processing 337/503 : NOW - ServiceNow - 1mo
2025-11-22 14:02:54,416 - INFO - Successfully saved NOW data (23 rows)
2025-11-22 14:02:54,416 - INFO - Processing 338/503 : NRG - NRG Energy - 1mo
2025-11-22 14:02:54,704 - INFO - Successfully saved NRG data (23 rows)
2025-11-22 14:02:54,704 - INFO - Processing 339/503 : NSC - Norfolk Southern - 1mo
2025-11-22 14:02:55,139 - INFO - Successfully saved NSC data (23 rows)
2025-11-22 14:02:55,140 - INFO - Processing 340/503 : NTAP - NetApp - 1mo
2025-11-22 14:02:55,467 - INFO - Successfully saved NTAP data (23 rows)
2025-11-22 14:02:55,467 - INFO - Processing 341/503 : NTRS - Northern Trust - 1mo
2025-11-22 14:02:55,754 - INFO - Successfully saved NTRS data (23 rows)
2025-11-22 14:02:55,754 - INFO - Processing 342/503 : NUE - Nucor - 1mo
2025-11-22 14:02:56,124 - INFO - Successfully saved NUE data (23 rows)
2025-11-22 14:02:56,125 - INFO - Processing 343/503 : NVDA - Nvidia - 1mo
2025-11-22 14:02:56,573 - INFO - Successfully saved NVDA data (23 rows)
2025-11-22 14:02:56,573 - INFO - Processing 344/503 : NVR - NVR, Inc. - 1mo
2025-11-22 14:02:57,052 - INFO - Successfully saved NVR data (23 rows)
2025-11-22 14:02:57,052 - INFO - Processing 345/503 : NWS - News Corp (Class B) - 1mo
2025-11-22 14:02:58,228 - INFO - Successfully saved NWS data (23 rows)
2025-11-22 14:02:58,228 - INFO - Processing 346/503 : NWSA - News Corp (Class A) - 1mo
2025-11-22 14:02:58,561 - INFO - Successfully saved NWSA data (23 rows)
2025-11-22 14:02:58,561 - INFO - Processing 347/503 : NXPI - NXP Semiconductors - 1mo
2025-11-22 14:02:59,534 - INFO - Successfully saved NXPI data (23 rows)
2025-11-22 14:02:59,534 - INFO - Processing 348/503 : O - Realty Income - 1mo
2025-11-22 14:02:59,827 - INFO - Successfully saved O data (23 rows)
2025-11-22 14:02:59,827 - INFO - Processing 349/503 : ODFL - Old Dominion - 1mo
2025-11-22 14:03:00,086 - INFO - Successfully saved ODFL data (23 rows)
2025-11-22 14:03:00,086 - INFO - Processing 350/503 : OKE - Oneok - 1mo
2025-11-22 14:03:00,390 - INFO - Successfully saved OKE data (23 rows)
2025-11-22 14:03:00,390 - INFO - Processing 351/503 : OMC - Omnicom Group - 1mo
2025-11-22 14:03:00,729 - INFO - Successfully saved OMC data (23 rows)
2025-11-22 14:03:00,730 - INFO - Processing 352/503 : ON - ON Semiconductor - 1mo
2025-11-22 14:03:00,966 - INFO - Successfully saved ON data (23 rows)
2025-11-22 14:03:00,966 - INFO - Processing 353/503 : ORCL - Oracle Corporation - 1mo
2025-11-22 14:03:01,247 - INFO - Successfully saved ORCL data (23 rows)
2025-11-22 14:03:01,247 - INFO - Processing 354/503 : ORLY - O’Reilly Automotive - 1mo
2025-11-22 14:03:01,481 - INFO - Successfully saved ORLY data (23 rows)
2025-11-22 14:03:01,481 - INFO - Processing 355/503 : OTIS - Otis Worldwide - 1mo
2025-11-22 14:03:01,791 - INFO - Successfully saved OTIS data (23 rows)
2025-11-22 14:03:01,791 - INFO - Processing 356/503 : OXY - Occidental Petroleum - 1mo
2025-11-22 14:03:02,141 - INFO - Successfully saved OXY data (23 rows)
2025-11-22 14:03:02,141 - INFO - Processing 357/503 : PANW - Palo Alto Networks - 1mo
2025-11-22 14:03:02,449 - INFO - Successfully saved PANW data (23 rows)
2025-11-22 14:03:02,449 - INFO - Processing 358/503 : PAYC - Paycom - 1mo
2025-11-22 14:03:02,715 - INFO - Successfully saved PAYC data (23 rows)
2025-11-22 14:03:02,716 - INFO - Processing 359/503 : PAYX - Paychex - 1mo
2025-11-22 14:03:03,038 - INFO - Successfully saved PAYX data (23 rows)
2025-11-22 14:03:03,038 - INFO - Processing 360/503 : PCAR - Paccar - 1mo
2025-11-22 14:03:03,355 - INFO - Successfully saved PCAR data (23 rows)
2025-11-22 14:03:03,355 - INFO - Processing 361/503 : PCG - PG&E Corporation - 1mo
2025-11-22 14:03:03,733 - INFO - Successfully saved PCG data (23 rows)
2025-11-22 14:03:03,733 - INFO - Processing 362/503 : PEG - Public Service Enterprise Group - 1mo
2025-11-22 14:03:04,091 - INFO - Successfully saved PEG data (23 rows)
2025-11-22 14:03:04,091 - INFO - Processing 363/503 : PEP - PepsiCo - 1mo
2025-11-22 14:03:04,418 - INFO - Successfully saved PEP data (23 rows)
2025-11-22 14:03:04,419 - INFO - Processing 364/503 : PFE - Pfizer - 1mo
2025-11-22 14:03:04,766 - INFO - Successfully saved PFE data (23 rows)
2025-11-22 14:03:04,766 - INFO - Processing 365/503 : PFG - Principal Financial Group - 1mo
2025-11-22 14:03:05,086 - INFO - Successfully saved PFG data (23 rows)
2025-11-22 14:03:05,087 - INFO - Processing 366/503 : PG - Procter & Gamble - 1mo
2025-11-22 14:03:05,441 - INFO - Successfully saved PG data (23 rows)
2025-11-22 14:03:05,442 - INFO - Processing 367/503 : PGR - Progressive Corporation - 1mo
2025-11-22 14:03:05,738 - INFO - Successfully saved PGR data (23 rows)
2025-11-22 14:03:05,738 - INFO - Processing 368/503 : PH - Parker Hannifin - 1mo
2025-11-22 14:03:06,065 - INFO - Successfully saved PH data (23 rows)
2025-11-22 14:03:06,065 - INFO - Processing 369/503 : PHM - PulteGroup - 1mo
2025-11-22 14:03:06,403 - INFO - Successfully saved PHM data (23 rows)
2025-11-22 14:03:06,404 - INFO - Processing 370/503 : PKG - Packaging Corporation of America - 1mo
2025-11-22 14:03:06,696 - INFO - Successfully saved PKG data (23 rows)
2025-11-22 14:03:06,696 - INFO - Processing 371/503 : PLD - Prologis - 1mo
2025-11-22 14:03:07,013 - INFO - Successfully saved PLD data (23 rows)
2025-11-22 14:03:07,013 - INFO - Processing 372/503 : PLTR - Palantir Technologies - 1mo
2025-11-22 14:03:07,259 - INFO - Successfully saved PLTR data (23 rows)
2025-11-22 14:03:07,259 - INFO - Processing 373/503 : PM - Philip Morris International - 1mo
2025-11-22 14:03:07,529 - INFO - Successfully saved PM data (23 rows)
2025-11-22 14:03:07,529 - INFO - Processing 374/503 : PNC - PNC Financial Services - 1mo
2025-11-22 14:03:07,858 - INFO - Successfully saved PNC data (23 rows)
2025-11-22 14:03:07,858 - INFO - Processing 375/503 : PNR - Pentair - 1mo
2025-11-22 14:03:08,206 - INFO - Successfully saved PNR data (23 rows)
2025-11-22 14:03:08,206 - INFO - Processing 376/503 : PNW - Pinnacle West Capital - 1mo
2025-11-22 14:03:08,502 - INFO - Successfully saved PNW data (23 rows)
2025-11-22 14:03:08,503 - INFO - Processing 377/503 : PODD - Insulet Corporation - 1mo
2025-11-22 14:03:08,790 - INFO - Successfully saved PODD data (23 rows)
2025-11-22 14:03:08,791 - INFO - Processing 378/503 : POOL - Pool Corporation - 1mo
2025-11-22 14:03:09,100 - INFO - Successfully saved POOL data (23 rows)
2025-11-22 14:03:09,100 - INFO - Processing 379/503 : PPG - PPG Industries - 1mo
2025-11-22 14:03:09,456 - INFO - Successfully saved PPG data (23 rows)
2025-11-22 14:03:09,456 - INFO - Processing 380/503 : PPL - PPL Corporation - 1mo
2025-11-22 14:03:09,797 - INFO - Successfully saved PPL data (23 rows)
2025-11-22 14:03:09,797 - INFO - Processing 381/503 : PRU - Prudential Financial - 1mo
2025-11-22 14:03:10,126 - INFO - Successfully saved PRU data (23 rows)
2025-11-22 14:03:10,126 - INFO - Processing 382/503 : PSA - Public Storage - 1mo
2025-11-22 14:03:10,434 - INFO - Successfully saved PSA data (23 rows)
2025-11-22 14:03:10,434 - INFO - Processing 383/503 : PSKY - Paramount Skydance Corporation - 1mo
2025-11-22 14:03:10,723 - INFO - Successfully saved PSKY data (23 rows)
2025-11-22 14:03:10,723 - INFO - Processing 384/503 : PSX - Phillips 66 - 1mo
2025-11-22 14:03:11,011 - INFO - Successfully saved PSX data (23 rows)
2025-11-22 14:03:11,011 - INFO - Processing 385/503 : PTC - PTC Inc. - 1mo
2025-11-22 14:03:11,288 - INFO - Successfully saved PTC data (23 rows)
2025-11-22 14:03:11,288 - INFO - Processing 386/503 : PWR - Quanta Services - 1mo
2025-11-22 14:03:11,524 - INFO - Successfully saved PWR data (23 rows)
2025-11-22 14:03:11,524 - INFO - Processing 387/503 : PYPL - PayPal - 1mo
2025-11-22 14:03:11,771 - INFO - Successfully saved PYPL data (23 rows)
2025-11-22 14:03:11,771 - INFO - Processing 388/503 : QCOM - Qualcomm - 1mo
2025-11-22 14:03:12,091 - INFO - Successfully saved QCOM data (23 rows)
2025-11-22 14:03:12,091 - INFO - Processing 389/503 : RCL - Royal Caribbean Group - 1mo
2025-11-22 14:03:12,418 - INFO - Successfully saved RCL data (23 rows)
2025-11-22 14:03:12,418 - INFO - Processing 390/503 : REG - Regency Centers - 1mo
2025-11-22 14:03:12,716 - INFO - Successfully saved REG data (23 rows)
2025-11-22 14:03:12,716 - INFO - Processing 391/503 : REGN - Regeneron Pharmaceuticals - 1mo
2025-11-22 14:03:13,000 - INFO - Successfully saved REGN data (23 rows)
2025-11-22 14:03:13,000 - INFO - Processing 392/503 : RF - Regions Financial Corporation - 1mo
2025-11-22 14:03:13,375 - INFO - Successfully saved RF data (23 rows)
2025-11-22 14:03:13,375 - INFO - Processing 393/503 : RJF - Raymond James Financial - 1mo
2025-11-22 14:03:13,723 - INFO - Successfully saved RJF data (23 rows)
2025-11-22 14:03:13,723 - INFO - Processing 394/503 : RL - Ralph Lauren Corporation - 1mo
2025-11-22 14:03:13,990 - INFO - Successfully saved RL data (23 rows)
2025-11-22 14:03:13,991 - INFO - Processing 395/503 : RMD - ResMed - 1mo
2025-11-22 14:03:14,266 - INFO - Successfully saved RMD data (23 rows)
2025-11-22 14:03:14,266 - INFO - Processing 396/503 : ROK - Rockwell Automation - 1mo
2025-11-22 14:03:14,586 - INFO - Successfully saved ROK data (23 rows)
2025-11-22 14:03:14,586 - INFO - Processing 397/503 : ROL - Rollins, Inc. - 1mo
2025-11-22 14:03:14,906 - INFO - Successfully saved ROL data (23 rows)
2025-11-22 14:03:14,906 - INFO - Processing 398/503 : ROP - Roper Technologies - 1mo
2025-11-22 14:03:15,253 - INFO - Successfully saved ROP data (23 rows)
2025-11-22 14:03:15,253 - INFO - Processing 399/503 : ROST - Ross Stores - 1mo
2025-11-22 14:03:15,544 - INFO - Successfully saved ROST data (23 rows)
2025-11-22 14:03:15,545 - INFO - Processing 400/503 : RSG - Republic Services - 1mo
2025-11-22 14:03:15,817 - INFO - Successfully saved RSG data (23 rows)
2025-11-22 14:03:15,817 - INFO - Processing 401/503 : RTX - RTX Corporation - 1mo
2025-11-22 14:03:16,174 - INFO - Successfully saved RTX data (23 rows)
2025-11-22 14:03:16,174 - INFO - Processing 402/503 : RVTY - Revvity - 1mo
2025-11-22 14:03:16,582 - INFO - Successfully saved RVTY data (23 rows)
2025-11-22 14:03:16,582 - INFO - Processing 403/503 : SBAC - SBA Communications - 1mo
2025-11-22 14:03:17,207 - INFO - Successfully saved SBAC data (23 rows)
2025-11-22 14:03:17,208 - INFO - Processing 404/503 : SBUX - Starbucks - 1mo
2025-11-22 14:03:17,737 - INFO - Successfully saved SBUX data (23 rows)
2025-11-22 14:03:17,737 - INFO - Processing 405/503 : SCHW - Charles Schwab Corporation - 1mo
2025-11-22 14:03:18,658 - INFO - Successfully saved SCHW data (23 rows)
2025-11-22 14:03:18,659 - INFO - Processing 406/503 : SHW - Sherwin-Williams - 1mo
2025-11-22 14:03:20,418 - INFO - Successfully saved SHW data (23 rows)
2025-11-22 14:03:20,419 - INFO - Processing 407/503 : SJM - J.M. Smucker Company (The) - 1mo
2025-11-22 14:03:20,696 - INFO - Successfully saved SJM data (23 rows)
2025-11-22 14:03:20,696 - INFO - Processing 408/503 : SLB - Schlumberger - 1mo
2025-11-22 14:03:21,035 - INFO - Successfully saved SLB data (23 rows)
2025-11-22 14:03:21,036 - INFO - Processing 409/503 : SMCI - Supermicro - 1mo
2025-11-22 14:03:21,312 - INFO - Successfully saved SMCI data (23 rows)
2025-11-22 14:03:21,312 - INFO - Processing 410/503 : SNA - Snap-on - 1mo
2025-11-22 14:03:21,621 - INFO - Successfully saved SNA data (23 rows)
2025-11-22 14:03:21,622 - INFO - Processing 411/503 : SNPS - Synopsys - 1mo
2025-11-22 14:03:21,874 - INFO - Successfully saved SNPS data (23 rows)
2025-11-22 14:03:21,875 - INFO - Processing 412/503 : SO - Southern Company - 1mo
2025-11-22 14:03:22,213 - INFO - Successfully saved SO data (23 rows)
2025-11-22 14:03:22,213 - INFO - Processing 413/503 : SOLV - Solventum - 1mo
2025-11-22 14:03:22,471 - INFO - Successfully saved SOLV data (23 rows)
2025-11-22 14:03:22,471 - INFO - Processing 414/503 : SPG - Simon Property Group - 1mo
2025-11-22 14:03:22,813 - INFO - Successfully saved SPG data (23 rows)
2025-11-22 14:03:22,813 - INFO - Processing 415/503 : SPGI - S&P Global - 1mo
2025-11-22 14:03:23,162 - INFO - Successfully saved SPGI data (23 rows)
2025-11-22 14:03:23,163 - INFO - Processing 416/503 : SRE - Sempra - 1mo
2025-11-22 14:03:23,480 - INFO - Successfully saved SRE data (23 rows)
2025-11-22 14:03:23,480 - INFO - Processing 417/503 : STE - Steris - 1mo
2025-11-22 14:03:23,803 - INFO - Successfully saved STE data (23 rows)
2025-11-22 14:03:23,803 - INFO - Processing 418/503 : STLD - Steel Dynamics - 1mo
2025-11-22 14:03:24,077 - INFO - Successfully saved STLD data (23 rows)
2025-11-22 14:03:24,077 - INFO - Processing 419/503 : STT - State Street Corporation - 1mo
2025-11-22 14:03:24,409 - INFO - Successfully saved STT data (23 rows)
2025-11-22 14:03:24,409 - INFO - Processing 420/503 : STX - Seagate Technology - 1mo
2025-11-22 14:03:24,720 - INFO - Successfully saved STX data (23 rows)
2025-11-22 14:03:24,720 - INFO - Processing 421/503 : STZ - Constellation Brands - 1mo
2025-11-22 14:03:24,999 - INFO - Successfully saved STZ data (23 rows)
2025-11-22 14:03:24,999 - INFO - Processing 422/503 : SW - Smurfit Westrock - 1mo
2025-11-22 14:03:25,251 - INFO - Successfully saved SW data (23 rows)
2025-11-22 14:03:25,251 - INFO - Processing 423/503 : SWK - Stanley Black & Decker - 1mo
2025-11-22 14:03:25,583 - INFO - Successfully saved SWK data (23 rows)
2025-11-22 14:03:25,583 - INFO - Processing 424/503 : SWKS - Skyworks Solutions - 1mo
2025-11-22 14:03:25,865 - INFO - Successfully saved SWKS data (23 rows)
2025-11-22 14:03:25,865 - INFO - Processing 425/503 : SYF - Synchrony Financial - 1mo
2025-11-22 14:03:26,126 - INFO - Successfully saved SYF data (23 rows)
2025-11-22 14:03:26,126 - INFO - Processing 426/503 : SYK - Stryker Corporation - 1mo
2025-11-22 14:03:26,403 - INFO - Successfully saved SYK data (23 rows)
2025-11-22 14:03:26,403 - INFO - Processing 427/503 : SYY - Sysco - 1mo
2025-11-22 14:03:26,720 - INFO - Successfully saved SYY data (23 rows)
2025-11-22 14:03:26,720 - INFO - Processing 428/503 : T - AT&T - 1mo
2025-11-22 14:03:27,070 - INFO - Successfully saved T data (23 rows)
2025-11-22 14:03:27,070 - INFO - Processing 429/503 : TAP - Molson Coors Beverage Company - 1mo
2025-11-22 14:03:27,417 - INFO - Successfully saved TAP data (23 rows)
2025-11-22 14:03:27,417 - INFO - Processing 430/503 : TDG - TransDigm Group - 1mo
2025-11-22 14:03:27,697 - INFO - Successfully saved TDG data (23 rows)
2025-11-22 14:03:27,698 - INFO - Processing 431/503 : TDY - Teledyne Technologies - 1mo
2025-11-22 14:03:27,988 - INFO - Successfully saved TDY data (23 rows)
2025-11-22 14:03:27,988 - INFO - Processing 432/503 : TECH - Bio-Techne - 1mo
2025-11-22 14:03:28,308 - INFO - Successfully saved TECH data (23 rows)
2025-11-22 14:03:28,308 - INFO - Processing 433/503 : TEL - TE Connectivity - 1mo
2025-11-22 14:03:28,595 - INFO - Successfully saved TEL data (23 rows)
2025-11-22 14:03:28,595 - INFO - Processing 434/503 : TER - Teradyne - 1mo
2025-11-22 14:03:28,887 - INFO - Successfully saved TER data (23 rows)
2025-11-22 14:03:28,887 - INFO - Processing 435/503 : TFC - Truist Financial - 1mo
2025-11-22 14:03:29,181 - INFO - Successfully saved TFC data (23 rows)
2025-11-22 14:03:29,181 - INFO - Processing 436/503 : TGT - Target Corporation - 1mo
2025-11-22 14:03:29,546 - INFO - Successfully saved TGT data (23 rows)
2025-11-22 14:03:29,546 - INFO - Processing 437/503 : TJX - TJX Companies - 1mo
2025-11-22 14:03:29,885 - INFO - Successfully saved TJX data (23 rows)
2025-11-22 14:03:29,885 - INFO - Processing 438/503 : TKO - TKO Group Holdings - 1mo
2025-11-22 14:03:30,184 - INFO - Successfully saved TKO data (23 rows)
2025-11-22 14:03:30,184 - INFO - Processing 439/503 : TMO - Thermo Fisher Scientific - 1mo
2025-11-22 14:03:30,522 - INFO - Successfully saved TMO data (23 rows)
2025-11-22 14:03:30,523 - INFO - Processing 440/503 : TMUS - T-Mobile US - 1mo
2025-11-22 14:03:30,782 - INFO - Successfully saved TMUS data (23 rows)
2025-11-22 14:03:30,783 - INFO - Processing 441/503 : TPL - Texas Pacific Land Corporation - 1mo
2025-11-22 14:03:31,090 - INFO - Successfully saved TPL data (23 rows)
2025-11-22 14:03:31,090 - INFO - Processing 442/503 : TPR - Tapestry, Inc. - 1mo
2025-11-22 14:03:31,388 - INFO - Successfully saved TPR data (23 rows)
2025-11-22 14:03:31,389 - INFO - Processing 443/503 : TRGP - Targa Resources - 1mo
2025-11-22 14:03:31,682 - INFO - Successfully saved TRGP data (23 rows)
2025-11-22 14:03:31,682 - INFO - Processing 444/503 : TRMB - Trimble Inc. - 1mo
2025-11-22 14:03:31,920 - INFO - Successfully saved TRMB data (23 rows)
2025-11-22 14:03:31,920 - INFO - Processing 445/503 : TROW - T. Rowe Price - 1mo
2025-11-22 14:03:32,254 - INFO - Successfully saved TROW data (23 rows)
2025-11-22 14:03:32,255 - INFO - Processing 446/503 : TRV - Travelers Companies (The) - 1mo
2025-11-22 14:03:32,572 - INFO - Successfully saved TRV data (23 rows)
2025-11-22 14:03:32,572 - INFO - Processing 447/503 : TSCO - Tractor Supply - 1mo
2025-11-22 14:03:32,849 - INFO - Successfully saved TSCO data (23 rows)
2025-11-22 14:03:32,850 - INFO - Processing 448/503 : TSLA - Tesla, Inc. - 1mo
2025-11-22 14:03:33,133 - INFO - Successfully saved TSLA data (23 rows)
2025-11-22 14:03:33,133 - INFO - Processing 449/503 : TSN - Tyson Foods - 1mo
2025-11-22 14:03:33,434 - INFO - Successfully saved TSN data (23 rows)
2025-11-22 14:03:33,434 - INFO - Processing 450/503 : TT - Trane Technologies - 1mo
2025-11-22 14:03:33,752 - INFO - Successfully saved TT data (23 rows)
2025-11-22 14:03:33,752 - INFO - Processing 451/503 : TTD - Trade Desk (The) - 1mo
2025-11-22 14:03:34,001 - INFO - Successfully saved TTD data (23 rows)
2025-11-22 14:03:34,001 - INFO - Processing 452/503 : TTWO - Take-Two Interactive - 1mo
2025-11-22 14:03:34,299 - INFO - Successfully saved TTWO data (23 rows)
2025-11-22 14:03:34,299 - INFO - Processing 453/503 : TXN - Texas Instruments - 1mo
2025-11-22 14:03:34,678 - INFO - Successfully saved TXN data (23 rows)
2025-11-22 14:03:34,678 - INFO - Processing 454/503 : TXT - Textron - 1mo
2025-11-22 14:03:35,050 - INFO - Successfully saved TXT data (23 rows)
2025-11-22 14:03:35,050 - INFO - Processing 455/503 : TYL - Tyler Technologies - 1mo
2025-11-22 14:03:35,292 - INFO - Successfully saved TYL data (23 rows)
2025-11-22 14:03:35,292 - INFO - Processing 456/503 : UAL - United Airlines Holdings - 1mo
2025-11-22 14:03:35,541 - INFO - Successfully saved UAL data (23 rows)
2025-11-22 14:03:35,541 - INFO - Processing 457/503 : UBER - Uber - 1mo
2025-11-22 14:03:35,798 - INFO - Successfully saved UBER data (23 rows)
2025-11-22 14:03:35,798 - INFO - Processing 458/503 : UDR - UDR, Inc. - 1mo
2025-11-22 14:03:36,119 - INFO - Successfully saved UDR data (23 rows)
2025-11-22 14:03:36,120 - INFO - Processing 459/503 : UHS - Universal Health Services - 1mo
2025-11-22 14:03:36,400 - INFO - Successfully saved UHS data (23 rows)
2025-11-22 14:03:36,400 - INFO - Processing 460/503 : ULTA - Ulta Beauty - 1mo
2025-11-22 14:03:36,653 - INFO - Successfully saved ULTA data (23 rows)
2025-11-22 14:03:36,653 - INFO - Processing 461/503 : UNH - UnitedHealth Group - 1mo
2025-11-22 14:03:36,983 - INFO - Successfully saved UNH data (23 rows)
2025-11-22 14:03:36,983 - INFO - Processing 462/503 : UNP - Union Pacific Corporation - 1mo
2025-11-22 14:03:37,301 - INFO - Successfully saved UNP data (23 rows)
2025-11-22 14:03:37,301 - INFO - Processing 463/503 : UPS - United Parcel Service - 1mo
2025-11-22 14:03:37,577 - INFO - Successfully saved UPS data (23 rows)
2025-11-22 14:03:37,577 - INFO - Processing 464/503 : URI - United Rentals - 1mo
2025-11-22 14:03:37,831 - INFO - Successfully saved URI data (23 rows)
2025-11-22 14:03:37,832 - INFO - Processing 465/503 : USB - U.S. Bancorp - 1mo
2025-11-22 14:03:38,162 - INFO - Successfully saved USB data (23 rows)
2025-11-22 14:03:38,162 - INFO - Processing 466/503 : V - Visa Inc. - 1mo
2025-11-22 14:03:38,495 - INFO - Successfully saved V data (23 rows)
2025-11-22 14:03:38,496 - INFO - Processing 467/503 : VICI - Vici Properties - 1mo
2025-11-22 14:03:38,743 - INFO - Successfully saved VICI data (23 rows)
2025-11-22 14:03:38,743 - INFO - Processing 468/503 : VLO - Valero Energy - 1mo
2025-11-22 14:03:39,096 - INFO - Successfully saved VLO data (23 rows)
2025-11-22 14:03:39,097 - INFO - Processing 469/503 : VLTO - Veralto - 1mo
2025-11-22 14:03:39,334 - INFO - Successfully saved VLTO data (23 rows)
2025-11-22 14:03:39,334 - INFO - Processing 470/503 : VMC - Vulcan Materials Company - 1mo
2025-11-22 14:03:39,715 - INFO - Successfully saved VMC data (23 rows)
2025-11-22 14:03:39,715 - INFO - Processing 471/503 : VRSK - Verisk Analytics - 1mo
2025-11-22 14:03:39,988 - INFO - Successfully saved VRSK data (23 rows)
2025-11-22 14:03:39,988 - INFO - Processing 472/503 : VRSN - Verisign - 1mo
2025-11-22 14:03:40,292 - INFO - Successfully saved VRSN data (23 rows)
2025-11-22 14:03:40,292 - INFO - Processing 473/503 : VRTX - Vertex Pharmaceuticals - 1mo
2025-11-22 14:03:40,543 - INFO - Successfully saved VRTX data (23 rows)
2025-11-22 14:03:40,543 - INFO - Processing 474/503 : VST - Vistra Corp. - 1mo
2025-11-22 14:03:40,827 - INFO - Successfully saved VST data (23 rows)
2025-11-22 14:03:40,827 - INFO - Processing 475/503 : VTR - Ventas - 1mo
2025-11-22 14:03:41,114 - INFO - Successfully saved VTR data (23 rows)
2025-11-22 14:03:41,114 - INFO - Processing 476/503 : VTRS - Viatris - 1mo
2025-11-22 14:03:41,758 - INFO - Successfully saved VTRS data (23 rows)
2025-11-22 14:03:41,759 - INFO - Processing 477/503 : VZ - Verizon - 1mo
2025-11-22 14:03:42,898 - INFO - Successfully saved VZ data (23 rows)
2025-11-22 14:03:42,898 - INFO - Processing 478/503 : WAB - Wabtec - 1mo
2025-11-22 14:03:44,354 - INFO - Successfully saved WAB data (23 rows)
2025-11-22 14:03:44,354 - INFO - Processing 479/503 : WAT - Waters Corporation - 1mo
2025-11-22 14:03:45,275 - INFO - Successfully saved WAT data (23 rows)
2025-11-22 14:03:45,275 - INFO - Processing 480/503 : WBA - Walgreens Boots Alliance - 1mo
2025-11-22 14:03:45,951 - ERROR - 
1 Failed download:
2025-11-22 14:03:45,951 - ERROR - ['WBA']: YFPricesMissingError('possibly delisted; no price data found  (period=1mo) (Yahoo error = "No data found, symbol may be delisted")')
2025-11-22 14:03:45,953 - ERROR - No data returned for WBA
2025-11-22 14:03:45,953 - INFO - Processing 481/503 : WBD - Warner Bros. Discovery - 1mo
2025-11-22 14:03:46,301 - INFO - Successfully saved WBD data (23 rows)
2025-11-22 14:03:46,301 - INFO - Processing 482/503 : WDAY - Workday, Inc. - 1mo
2025-11-22 14:03:46,624 - INFO - Successfully saved WDAY data (23 rows)
2025-11-22 14:03:46,624 - INFO - Processing 483/503 : WDC - Western Digital - 1mo
2025-11-22 14:03:46,921 - INFO - Successfully saved WDC data (23 rows)
2025-11-22 14:03:46,922 - INFO - Processing 484/503 : WEC - WEC Energy Group - 1mo
2025-11-22 14:03:47,250 - INFO - Successfully saved WEC data (23 rows)
2025-11-22 14:03:47,250 - INFO - Processing 485/503 : WELL - Welltower - 1mo
2025-11-22 14:03:47,572 - INFO - Successfully saved WELL data (23 rows)
2025-11-22 14:03:47,573 - INFO - Processing 486/503 : WFC - Wells Fargo - 1mo
2025-11-22 14:03:47,882 - INFO - Successfully saved WFC data (23 rows)
2025-11-22 14:03:47,883 - INFO - Processing 487/503 : WM - Waste Management - 1mo
2025-11-22 14:03:48,189 - INFO - Successfully saved WM data (23 rows)
2025-11-22 14:03:48,189 - INFO - Processing 488/503 : WMB - Williams Companies - 1mo
2025-11-22 14:03:48,478 - INFO - Successfully saved WMB data (23 rows)
2025-11-22 14:03:48,478 - INFO - Processing 489/503 : WMT - Walmart - 1mo
2025-11-22 14:03:48,840 - INFO - Successfully saved WMT data (23 rows)
2025-11-22 14:03:48,840 - INFO - Processing 490/503 : WRB - W. R. Berkley Corporation - 1mo
2025-11-22 14:03:49,159 - INFO - Successfully saved WRB data (23 rows)
2025-11-22 14:03:49,159 - INFO - Processing 491/503 : WSM - Williams-Sonoma, Inc. - 1mo
2025-11-22 14:03:49,470 - INFO - Successfully saved WSM data (23 rows)
2025-11-22 14:03:49,470 - INFO - Processing 492/503 : WST - West Pharmaceutical Services - 1mo
2025-11-22 14:03:49,792 - INFO - Successfully saved WST data (23 rows)
2025-11-22 14:03:49,793 - INFO - Processing 493/503 : WTW - Willis Towers Watson - 1mo
2025-11-22 14:03:50,079 - INFO - Successfully saved WTW data (23 rows)
2025-11-22 14:03:50,079 - INFO - Processing 494/503 : WY - Weyerhaeuser - 1mo
2025-11-22 14:03:50,409 - INFO - Successfully saved WY data (23 rows)
2025-11-22 14:03:50,409 - INFO - Processing 495/503 : WYNN - Wynn Resorts - 1mo
2025-11-22 14:03:50,687 - INFO - Successfully saved WYNN data (23 rows)
2025-11-22 14:03:50,687 - INFO - Processing 496/503 : XEL - Xcel Energy - 1mo
2025-11-22 14:03:51,017 - INFO - Successfully saved XEL data (23 rows)
2025-11-22 14:03:51,017 - INFO - Processing 497/503 : XOM - ExxonMobil - 1mo
2025-11-22 14:03:51,364 - INFO - Successfully saved XOM data (23 rows)
2025-11-22 14:03:51,365 - INFO - Processing 498/503 : XYL - Xylem Inc. - 1mo
2025-11-22 14:03:51,662 - INFO - Successfully saved XYL data (23 rows)
2025-11-22 14:03:51,662 - INFO - Processing 499/503 : XYZ - Block, Inc. - 1mo
2025-11-22 14:03:51,913 - INFO - Successfully saved XYZ data (23 rows)
2025-11-22 14:03:51,914 - INFO - Processing 500/503 : YUM - Yum! Brands - 1mo
2025-11-22 14:03:52,202 - INFO - Successfully saved YUM data (23 rows)
2025-11-22 14:03:52,202 - INFO - Processing 501/503 : ZBH - Zimmer Biomet - 1mo
2025-11-22 14:03:52,449 - INFO - Successfully saved ZBH data (23 rows)
2025-11-22 14:03:52,449 - INFO - Processing 502/503 : ZBRA - Zebra Technologies - 1mo
2025-11-22 14:03:52,756 - INFO - Successfully saved ZBRA data (23 rows)
2025-11-22 14:03:52,756 - INFO - Processing 503/503 : ZTS - Zoetis - 1mo
2025-11-22 14:03:53,051 - INFO - Successfully saved ZTS data (23 rows)
2025-11-22 14:03:53,051 - INFO - S&P 500 data download process completed
2025-11-22 14:04:16,307 - INFO - Loaded S&P 500 list with 503 companies data
2025-11-22 14:04:16,307 - INFO - Starting S&P 500 data download process
2025-11-22 14:04:16,308 - INFO - Processing 1/503 : A - Agilent Technologies - 2mo
2025-11-22 14:04:17,253 - INFO - Successfully saved A data (45 rows)
2025-11-22 14:04:17,254 - INFO - Processing 2/503 : AAPL - Apple Inc. - 2mo
2025-11-22 14:04:17,600 - INFO - Successfully saved AAPL data (45 rows)
2025-11-22 14:04:17,600 - INFO - Processing 3/503 : ABBV - AbbVie - 2mo
2025-11-22 14:04:17,922 - INFO - Successfully saved ABBV data (45 rows)
2025-11-22 14:04:17,923 - INFO - Processing 4/503 : ABNB - Airbnb - 2mo
2025-11-22 14:04:18,208 - INFO - Successfully saved ABNB data (45 rows)
2025-11-22 14:04:18,208 - INFO - Processing 5/503 : ABT - Abbott Laboratories - 2mo
2025-11-22 14:04:18,540 - INFO - Successfully saved ABT data (45 rows)
2025-11-22 14:04:18,540 - INFO - Processing 6/503 : ACGL - Arch Capital Group - 2mo
2025-11-22 14:04:18,948 - INFO - Successfully saved ACGL data (45 rows)
2025-11-22 14:04:18,948 - INFO - Processing 7/503 : ACN - Accenture - 2mo
2025-11-22 14:04:19,265 - INFO - Successfully saved ACN data (45 rows)
2025-11-22 14:04:19,265 - INFO - Processing 8/503 : ADBE - Adobe Inc. - 2mo
2025-11-22 14:04:19,549 - INFO - Successfully saved ADBE data (45 rows)
2025-11-22 14:04:19,549 - INFO - Processing 9/503 : ADI - Analog Devices - 2mo
2025-11-22 14:04:19,876 - INFO - Successfully saved ADI data (45 rows)
2025-11-22 14:04:19,876 - INFO - Processing 10/503 : ADM - Archer Daniels Midland - 2mo
2025-11-22 14:04:20,251 - INFO - Successfully saved ADM data (45 rows)
2025-11-22 14:04:20,251 - INFO - Processing 11/503 : ADP - Automatic Data Processing - 2mo
2025-11-22 14:04:20,659 - INFO - Successfully saved ADP data (45 rows)
2025-11-22 14:04:20,659 - INFO - Processing 12/503 : ADSK - Autodesk - 2mo
2025-11-22 14:04:20,942 - INFO - Successfully saved ADSK data (45 rows)
2025-11-22 14:04:20,942 - INFO - Processing 13/503 : AEE - Ameren - 2mo
2025-11-22 14:04:21,230 - INFO - Successfully saved AEE data (45 rows)
2025-11-22 14:04:21,231 - INFO - Processing 14/503 : AEP - American Electric Power - 2mo
2025-11-22 14:04:21,628 - INFO - Successfully saved AEP data (45 rows)
2025-11-22 14:04:21,628 - INFO - Processing 15/503 : AES - AES Corporation - 2mo
2025-11-22 14:04:21,964 - INFO - Successfully saved AES data (45 rows)
2025-11-22 14:04:21,964 - INFO - Processing 16/503 : AFL - Aflac - 2mo
2025-11-22 14:04:22,323 - INFO - Successfully saved AFL data (45 rows)
2025-11-22 14:04:22,323 - INFO - Processing 17/503 : AIG - American International Group - 2mo
2025-11-22 14:04:22,655 - INFO - Successfully saved AIG data (45 rows)
2025-11-22 14:04:22,655 - INFO - Processing 18/503 : AIZ - Assurant - 2mo
2025-11-22 14:04:23,001 - INFO - Successfully saved AIZ data (45 rows)
2025-11-22 14:04:23,001 - INFO - Processing 19/503 : AJG - Arthur J. Gallagher & Co. - 2mo
2025-11-22 14:04:23,335 - INFO - Successfully saved AJG data (45 rows)
2025-11-22 14:04:23,335 - INFO - Processing 20/503 : AKAM - Akamai Technologies - 2mo
2025-11-22 14:04:23,657 - INFO - Successfully saved AKAM data (45 rows)
2025-11-22 14:04:23,657 - INFO - Processing 21/503 : ALB - Albemarle Corporation - 2mo
2025-11-22 14:04:24,010 - INFO - Successfully saved ALB data (45 rows)
2025-11-22 14:04:24,010 - INFO - Processing 22/503 : ALGN - Align Technology - 2mo
2025-11-22 14:04:24,370 - INFO - Successfully saved ALGN data (45 rows)
2025-11-22 14:04:24,370 - INFO - Processing 23/503 : ALL - Allstate - 2mo
2025-11-22 14:04:24,738 - INFO - Successfully saved ALL data (45 rows)
2025-11-22 14:04:24,738 - INFO - Processing 24/503 : ALLE - Allegion - 2mo
2025-11-22 14:04:25,086 - INFO - Successfully saved ALLE data (45 rows)
2025-11-22 14:04:25,086 - INFO - Processing 25/503 : AMAT - Applied Materials - 2mo
2025-11-22 14:04:25,391 - INFO - Successfully saved AMAT data (45 rows)
2025-11-22 14:04:25,391 - INFO - Processing 26/503 : AMCR - Amcor - 2mo
2025-11-22 14:04:25,769 - INFO - Successfully saved AMCR data (45 rows)
2025-11-22 14:04:25,769 - INFO - Processing 27/503 : AMD - Advanced Micro Devices - 2mo
2025-11-22 14:04:26,088 - INFO - Successfully saved AMD data (45 rows)
2025-11-22 14:04:26,088 - INFO - Processing 28/503 : AME - Ametek - 2mo
2025-11-22 14:04:26,483 - INFO - Successfully saved AME data (45 rows)
2025-11-22 14:04:26,484 - INFO - Processing 29/503 : AMGN - Amgen - 2mo
2025-11-22 14:04:26,800 - INFO - Successfully saved AMGN data (45 rows)
2025-11-22 14:04:26,800 - INFO - Processing 30/503 : AMP - Ameriprise Financial - 2mo
2025-11-22 14:04:27,292 - INFO - Successfully saved AMP data (45 rows)
2025-11-22 14:04:27,292 - INFO - Processing 31/503 : AMT - American Tower - 2mo
2025-11-22 14:04:27,606 - INFO - Successfully saved AMT data (45 rows)
2025-11-22 14:04:27,606 - INFO - Processing 32/503 : AMZN - Amazon - 2mo
2025-11-22 14:04:27,958 - INFO - Successfully saved AMZN data (45 rows)
2025-11-22 14:04:27,959 - INFO - Processing 33/503 : ANET - Arista Networks - 2mo
2025-11-22 14:04:28,228 - INFO - Successfully saved ANET data (45 rows)
2025-11-22 14:04:28,228 - INFO - Processing 34/503 : AON - Aon plc - 2mo
2025-11-22 14:04:28,619 - INFO - Successfully saved AON data (45 rows)
2025-11-22 14:04:28,619 - INFO - Processing 35/503 : AOS - A. O. Smith - 2mo
2025-11-22 14:04:29,001 - INFO - Successfully saved AOS data (45 rows)
2025-11-22 14:04:29,001 - INFO - Processing 36/503 : APA - APA Corporation - 2mo
2025-11-22 14:04:29,456 - INFO - Successfully saved APA data (45 rows)
2025-11-22 14:04:29,456 - INFO - Processing 37/503 : APD - Air Products - 2mo
2025-11-22 14:04:29,854 - INFO - Successfully saved APD data (45 rows)
2025-11-22 14:04:29,854 - INFO - Processing 38/503 : APH - Amphenol - 2mo
2025-11-22 14:04:30,152 - INFO - Successfully saved APH data (45 rows)
2025-11-22 14:04:30,152 - INFO - Processing 39/503 : APO - Apollo Global Management - 2mo
2025-11-22 14:04:30,461 - INFO - Successfully saved APO data (45 rows)
2025-11-22 14:04:30,461 - INFO - Processing 40/503 : APTV - Aptiv - 2mo
2025-11-22 14:04:30,858 - INFO - Successfully saved APTV data (45 rows)
2025-11-22 14:04:30,858 - INFO - Processing 41/503 : ARE - Alexandria Real Estate Equities - 2mo
2025-11-22 14:04:32,039 - INFO - Successfully saved ARE data (45 rows)
2025-11-22 14:04:32,040 - INFO - Processing 42/503 : ATO - Atmos Energy - 2mo
2025-11-22 14:04:34,290 - INFO - Successfully saved ATO data (45 rows)
2025-11-22 14:04:34,291 - INFO - Processing 43/503 : AVB - AvalonBay Communities - 2mo
2025-11-22 14:04:35,018 - INFO - Successfully saved AVB data (45 rows)
2025-11-22 14:04:35,018 - INFO - Processing 44/503 : AVGO - Broadcom - 2mo
2025-11-22 14:04:35,355 - INFO - Successfully saved AVGO data (45 rows)
2025-11-22 14:04:35,355 - INFO - Processing 45/503 : AVY - Avery Dennison - 2mo
2025-11-22 14:04:35,682 - INFO - Successfully saved AVY data (45 rows)
2025-11-22 14:04:35,683 - INFO - Processing 46/503 : AWK - American Water Works - 2mo
2025-11-22 14:04:35,961 - INFO - Successfully saved AWK data (45 rows)
2025-11-22 14:04:35,961 - INFO - Processing 47/503 : AXON - Axon Enterprise - 2mo
2025-11-22 14:04:36,237 - INFO - Successfully saved AXON data (45 rows)
2025-11-22 14:04:36,238 - INFO - Processing 48/503 : AXP - American Express - 2mo
2025-11-22 14:04:36,616 - INFO - Successfully saved AXP data (45 rows)
2025-11-22 14:04:36,616 - INFO - Processing 49/503 : AZO - AutoZone - 2mo
2025-11-22 14:04:36,952 - INFO - Successfully saved AZO data (45 rows)
2025-11-22 14:04:36,952 - INFO - Processing 50/503 : BA - Boeing - 2mo
2025-11-22 14:04:37,309 - INFO - Successfully saved BA data (45 rows)
2025-11-22 14:04:37,309 - INFO - Processing 51/503 : BAC - Bank of America - 2mo
2025-11-22 14:04:37,645 - INFO - Successfully saved BAC data (45 rows)
2025-11-22 14:04:37,645 - INFO - Processing 52/503 : BALL - Ball Corporation - 2mo
2025-11-22 14:04:37,993 - INFO - Successfully saved BALL data (45 rows)
2025-11-22 14:04:37,993 - INFO - Processing 53/503 : BAX - Baxter International - 2mo
2025-11-22 14:04:38,315 - INFO - Successfully saved BAX data (45 rows)
2025-11-22 14:04:38,315 - INFO - Processing 54/503 : BBY - Best Buy - 2mo
2025-11-22 14:04:38,594 - INFO - Successfully saved BBY data (45 rows)
2025-11-22 14:04:38,594 - INFO - Processing 55/503 : BDX - Becton Dickinson - 2mo
2025-11-22 14:04:38,953 - INFO - Successfully saved BDX data (45 rows)
2025-11-22 14:04:38,954 - INFO - Processing 56/503 : BEN - Franklin Resources - 2mo
2025-11-22 14:04:39,283 - INFO - Successfully saved BEN data (45 rows)
2025-11-22 14:04:39,283 - INFO - Processing 57/503 : BF-B - Brown–Forman - 2mo
2025-11-22 14:04:39,610 - INFO - Successfully saved BF-B data (45 rows)
2025-11-22 14:04:39,610 - INFO - Processing 58/503 : BG - Bunge Global - 2mo
2025-11-22 14:04:39,937 - INFO - Successfully saved BG data (45 rows)
2025-11-22 14:04:39,937 - INFO - Processing 59/503 : BIIB - Biogen - 2mo
2025-11-22 14:04:40,182 - INFO - Successfully saved BIIB data (45 rows)
2025-11-22 14:04:40,182 - INFO - Processing 60/503 : BK - BNY Mellon - 2mo
2025-11-22 14:04:40,530 - INFO - Successfully saved BK data (45 rows)
2025-11-22 14:04:40,530 - INFO - Processing 61/503 : BKNG - Booking Holdings - 2mo
2025-11-22 14:04:40,781 - INFO - Successfully saved BKNG data (45 rows)
2025-11-22 14:04:40,781 - INFO - Processing 62/503 : BKR - Baker Hughes - 2mo
2025-11-22 14:04:41,072 - INFO - Successfully saved BKR data (45 rows)
2025-11-22 14:04:41,072 - INFO - Processing 63/503 : BLDR - Builders FirstSource - 2mo
2025-11-22 14:04:41,328 - INFO - Successfully saved BLDR data (45 rows)
2025-11-22 14:04:41,328 - INFO - Processing 64/503 : BLK - BlackRock - 2mo
2025-11-22 14:04:41,594 - INFO - Successfully saved BLK data (45 rows)
2025-11-22 14:04:41,594 - INFO - Processing 65/503 : BMY - Bristol Myers Squibb - 2mo
2025-11-22 14:04:41,943 - INFO - Successfully saved BMY data (45 rows)
2025-11-22 14:04:41,944 - INFO - Processing 66/503 : BR - Broadridge Financial Solutions - 2mo
2025-11-22 14:04:42,220 - INFO - Successfully saved BR data (45 rows)
2025-11-22 14:04:42,220 - INFO - Processing 67/503 : BRK-B - Berkshire Hathaway - 2mo
2025-11-22 14:04:42,513 - INFO - Successfully saved BRK-B data (45 rows)
2025-11-22 14:04:42,514 - INFO - Processing 68/503 : BRO - Brown & Brown - 2mo
2025-11-22 14:04:42,849 - INFO - Successfully saved BRO data (45 rows)
2025-11-22 14:04:42,849 - INFO - Processing 69/503 : BSX - Boston Scientific - 2mo
2025-11-22 14:04:43,134 - INFO - Successfully saved BSX data (45 rows)
2025-11-22 14:04:43,134 - INFO - Processing 70/503 : BX - Blackstone Inc. - 2mo
2025-11-22 14:04:43,537 - INFO - Successfully saved BX data (45 rows)
2025-11-22 14:04:43,537 - INFO - Processing 71/503 : BXP - BXP, Inc. - 2mo
2025-11-22 14:04:43,814 - INFO - Successfully saved BXP data (45 rows)
2025-11-22 14:04:43,814 - INFO - Processing 72/503 : C - Citigroup - 2mo
2025-11-22 14:04:44,158 - INFO - Successfully saved C data (45 rows)
2025-11-22 14:04:44,158 - INFO - Processing 73/503 : CAG - Conagra Brands - 2mo
2025-11-22 14:04:44,520 - INFO - Successfully saved CAG data (45 rows)
2025-11-22 14:04:44,520 - INFO - Processing 74/503 : CAH - Cardinal Health - 2mo
2025-11-22 14:04:44,836 - INFO - Successfully saved CAH data (45 rows)
2025-11-22 14:04:44,836 - INFO - Processing 75/503 : CARR - Carrier Global - 2mo
2025-11-22 14:04:45,118 - INFO - Successfully saved CARR data (45 rows)
2025-11-22 14:04:45,118 - INFO - Processing 76/503 : CAT - Caterpillar Inc. - 2mo
2025-11-22 14:04:45,478 - INFO - Successfully saved CAT data (45 rows)
2025-11-22 14:04:45,479 - INFO - Processing 77/503 : CB - Chubb Limited - 2mo
2025-11-22 14:04:45,746 - INFO - Successfully saved CB data (45 rows)
2025-11-22 14:04:45,746 - INFO - Processing 78/503 : CBOE - Cboe Global Markets - 2mo
2025-11-22 14:04:46,040 - INFO - Successfully saved CBOE data (45 rows)
2025-11-22 14:04:46,040 - INFO - Processing 79/503 : CBRE - CBRE Group - 2mo
2025-11-22 14:04:46,297 - INFO - Successfully saved CBRE data (45 rows)
2025-11-22 14:04:46,298 - INFO - Processing 80/503 : CCI - Crown Castle - 2mo
2025-11-22 14:04:46,605 - INFO - Successfully saved CCI data (45 rows)
2025-11-22 14:04:46,605 - INFO - Processing 81/503 : CCL - Carnival - 2mo
2025-11-22 14:04:46,931 - INFO - Successfully saved CCL data (45 rows)
2025-11-22 14:04:46,932 - INFO - Processing 82/503 : CDNS - Cadence Design Systems - 2mo
2025-11-22 14:04:47,218 - INFO - Successfully saved CDNS data (45 rows)
2025-11-22 14:04:47,218 - INFO - Processing 83/503 : CDW - CDW Corporation - 2mo
2025-11-22 14:04:47,481 - INFO - Successfully saved CDW data (45 rows)
2025-11-22 14:04:47,481 - INFO - Processing 84/503 : CEG - Constellation Energy - 2mo
2025-11-22 14:04:47,750 - INFO - Successfully saved CEG data (45 rows)
2025-11-22 14:04:47,750 - INFO - Processing 85/503 : CF - CF Industries - 2mo
2025-11-22 14:04:48,044 - INFO - Successfully saved CF data (45 rows)
2025-11-22 14:04:48,044 - INFO - Processing 86/503 : CFG - Citizens Financial Group - 2mo
2025-11-22 14:04:48,363 - INFO - Successfully saved CFG data (45 rows)
2025-11-22 14:04:48,363 - INFO - Processing 87/503 : CHD - Church & Dwight - 2mo
2025-11-22 14:04:48,648 - INFO - Successfully saved CHD data (45 rows)
2025-11-22 14:04:48,649 - INFO - Processing 88/503 : CHRW - C.H. Robinson - 2mo
2025-11-22 14:04:48,952 - INFO - Successfully saved CHRW data (45 rows)
2025-11-22 14:04:48,953 - INFO - Processing 89/503 : CHTR - Charter Communications - 2mo
2025-11-22 14:04:49,198 - INFO - Successfully saved CHTR data (45 rows)
2025-11-22 14:04:49,198 - INFO - Processing 90/503 : CI - Cigna - 2mo
2025-11-22 14:04:49,538 - INFO - Successfully saved CI data (45 rows)
2025-11-22 14:04:49,538 - INFO - Processing 91/503 : CINF - Cincinnati Financial - 2mo
2025-11-22 14:04:49,977 - INFO - Successfully saved CINF data (45 rows)
2025-11-22 14:04:49,978 - INFO - Processing 92/503 : CL - Colgate-Palmolive - 2mo
2025-11-22 14:04:50,348 - INFO - Successfully saved CL data (45 rows)
2025-11-22 14:04:50,348 - INFO - Processing 93/503 : CLX - Clorox - 2mo
2025-11-22 14:04:50,676 - INFO - Successfully saved CLX data (45 rows)
2025-11-22 14:04:50,677 - INFO - Processing 94/503 : CMCSA - Comcast - 2mo
2025-11-22 14:04:51,004 - INFO - Successfully saved CMCSA data (45 rows)
2025-11-22 14:04:51,004 - INFO - Processing 95/503 : CME - CME Group - 2mo
2025-11-22 14:04:51,310 - INFO - Successfully saved CME data (45 rows)
2025-11-22 14:04:51,311 - INFO - Processing 96/503 : CMG - Chipotle Mexican Grill - 2mo
2025-11-22 14:04:51,592 - INFO - Successfully saved CMG data (45 rows)
2025-11-22 14:04:51,592 - INFO - Processing 97/503 : CMI - Cummins - 2mo
2025-11-22 14:04:51,931 - INFO - Successfully saved CMI data (45 rows)
2025-11-22 14:04:51,931 - INFO - Processing 98/503 : CMS - CMS Energy - 2mo
2025-11-22 14:04:52,279 - INFO - Successfully saved CMS data (45 rows)
2025-11-22 14:04:52,279 - INFO - Processing 99/503 : CNC - Centene Corporation - 2mo
2025-11-22 14:04:52,526 - INFO - Successfully saved CNC data (45 rows)
2025-11-22 14:04:52,526 - INFO - Processing 100/503 : CNP - CenterPoint Energy - 2mo
2025-11-22 14:04:52,907 - INFO - Successfully saved CNP data (45 rows)
2025-11-22 14:04:52,907 - INFO - Processing 101/503 : COF - Capital One - 2mo
2025-11-22 14:04:53,240 - INFO - Successfully saved COF data (45 rows)
2025-11-22 14:04:53,240 - INFO - Processing 102/503 : COIN - Coinbase - 2mo
2025-11-22 14:04:53,529 - INFO - Successfully saved COIN data (45 rows)
2025-11-22 14:04:53,530 - INFO - Processing 103/503 : COO - Cooper Companies (The) - 2mo
2025-11-22 14:04:53,867 - INFO - Successfully saved COO data (45 rows)
2025-11-22 14:04:53,867 - INFO - Processing 104/503 : COP - ConocoPhillips - 2mo
2025-11-22 14:04:54,291 - INFO - Successfully saved COP data (45 rows)
2025-11-22 14:04:54,291 - INFO - Processing 105/503 : COR - Cencora - 2mo
2025-11-22 14:04:54,584 - INFO - Successfully saved COR data (45 rows)
2025-11-22 14:04:54,585 - INFO - Processing 106/503 : COST - Costco - 2mo
2025-11-22 14:04:54,891 - INFO - Successfully saved COST data (45 rows)
2025-11-22 14:04:54,891 - INFO - Processing 107/503 : CPAY - Corpay - 2mo
2025-11-22 14:04:55,222 - INFO - Successfully saved CPAY data (45 rows)
2025-11-22 14:04:55,222 - INFO - Processing 108/503 : CPB - Campbell's Company (The) - 2mo
2025-11-22 14:04:55,538 - INFO - Successfully saved CPB data (45 rows)
2025-11-22 14:04:55,539 - INFO - Processing 109/503 : CPRT - Copart - 2mo
2025-11-22 14:04:55,765 - INFO - Successfully saved CPRT data (45 rows)
2025-11-22 14:04:55,765 - INFO - Processing 110/503 : CPT - Camden Property Trust - 2mo
2025-11-22 14:04:56,072 - INFO - Successfully saved CPT data (45 rows)
2025-11-22 14:04:56,072 - INFO - Processing 111/503 : CRL - Charles River Laboratories - 2mo
2025-11-22 14:04:56,321 - INFO - Successfully saved CRL data (45 rows)
2025-11-22 14:04:56,321 - INFO - Processing 112/503 : CRM - Salesforce - 2mo
2025-11-22 14:04:57,918 - INFO - Successfully saved CRM data (45 rows)
2025-11-22 14:04:57,918 - INFO - Processing 113/503 : CRWD - CrowdStrike - 2mo
2025-11-22 14:04:59,765 - INFO - Successfully saved CRWD data (45 rows)
2025-11-22 14:04:59,765 - INFO - Processing 114/503 : CSCO - Cisco - 2mo
2025-11-22 14:05:00,096 - INFO - Successfully saved CSCO data (45 rows)
2025-11-22 14:05:00,096 - INFO - Processing 115/503 : CSGP - CoStar Group - 2mo
2025-11-22 14:05:00,362 - INFO - Successfully saved CSGP data (45 rows)
2025-11-22 14:05:00,362 - INFO - Processing 116/503 : CSX - CSX Corporation - 2mo
2025-11-22 14:05:00,728 - INFO - Successfully saved CSX data (45 rows)
2025-11-22 14:05:00,728 - INFO - Processing 117/503 : CTAS - Cintas - 2mo
2025-11-22 14:05:01,049 - INFO - Successfully saved CTAS data (45 rows)
2025-11-22 14:05:01,050 - INFO - Processing 118/503 : CTRA - Coterra - 2mo
2025-11-22 14:05:01,388 - INFO - Successfully saved CTRA data (45 rows)
2025-11-22 14:05:01,388 - INFO - Processing 119/503 : CTSH - Cognizant - 2mo
2025-11-22 14:05:01,693 - INFO - Successfully saved CTSH data (45 rows)
2025-11-22 14:05:01,693 - INFO - Processing 120/503 : CTVA - Corteva - 2mo
2025-11-22 14:05:01,993 - INFO - Successfully saved CTVA data (45 rows)
2025-11-22 14:05:01,994 - INFO - Processing 121/503 : CVS - CVS Health - 2mo
2025-11-22 14:05:02,316 - INFO - Successfully saved CVS data (45 rows)
2025-11-22 14:05:02,316 - INFO - Processing 122/503 : CVX - Chevron Corporation - 2mo
2025-11-22 14:05:02,662 - INFO - Successfully saved CVX data (45 rows)
2025-11-22 14:05:02,662 - INFO - Processing 123/503 : CZR - Caesars Entertainment - 2mo
2025-11-22 14:05:02,928 - INFO - Successfully saved CZR data (45 rows)
2025-11-22 14:05:02,928 - INFO - Processing 124/503 : D - Dominion Energy - 2mo
2025-11-22 14:05:03,274 - INFO - Successfully saved D data (45 rows)
2025-11-22 14:05:03,274 - INFO - Processing 125/503 : DAL - Delta Air Lines - 2mo
2025-11-22 14:05:03,601 - INFO - Successfully saved DAL data (45 rows)
2025-11-22 14:05:03,601 - INFO - Processing 126/503 : DASH - DoorDash - 2mo
2025-11-22 14:05:03,853 - INFO - Successfully saved DASH data (45 rows)
2025-11-22 14:05:03,854 - INFO - Processing 127/503 : DAY - Dayforce - 2mo
2025-11-22 14:05:04,140 - INFO - Successfully saved DAY data (45 rows)
2025-11-22 14:05:04,141 - INFO - Processing 128/503 : DD - DuPont - 2mo
2025-11-22 14:05:04,449 - INFO - Successfully saved DD data (45 rows)
2025-11-22 14:05:04,449 - INFO - Processing 129/503 : DDOG - Datadog - 2mo
2025-11-22 14:05:04,730 - INFO - Successfully saved DDOG data (45 rows)
2025-11-22 14:05:04,731 - INFO - Processing 130/503 : DE - Deere & Company - 2mo
2025-11-22 14:05:05,058 - INFO - Successfully saved DE data (45 rows)
2025-11-22 14:05:05,058 - INFO - Processing 131/503 : DECK - Deckers Brands - 2mo
2025-11-22 14:05:05,295 - INFO - Successfully saved DECK data (45 rows)
2025-11-22 14:05:05,295 - INFO - Processing 132/503 : DELL - Dell Technologies - 2mo
2025-11-22 14:05:05,569 - INFO - Successfully saved DELL data (45 rows)
2025-11-22 14:05:05,569 - INFO - Processing 133/503 : DG - Dollar General - 2mo
2025-11-22 14:05:05,847 - INFO - Successfully saved DG data (45 rows)
2025-11-22 14:05:05,847 - INFO - Processing 134/503 : DGX - Quest Diagnostics - 2mo
2025-11-22 14:05:06,164 - INFO - Successfully saved DGX data (45 rows)
2025-11-22 14:05:06,164 - INFO - Processing 135/503 : DHI - D. R. Horton - 2mo
2025-11-22 14:05:06,499 - INFO - Successfully saved DHI data (45 rows)
2025-11-22 14:05:06,499 - INFO - Processing 136/503 : DHR - Danaher Corporation - 2mo
2025-11-22 14:05:06,909 - INFO - Successfully saved DHR data (45 rows)
2025-11-22 14:05:06,909 - INFO - Processing 137/503 : DIS - Walt Disney Company (The) - 2mo
2025-11-22 14:05:07,226 - INFO - Successfully saved DIS data (45 rows)
2025-11-22 14:05:07,227 - INFO - Processing 138/503 : DLR - Digital Realty - 2mo
2025-11-22 14:05:07,524 - INFO - Successfully saved DLR data (45 rows)
2025-11-22 14:05:07,524 - INFO - Processing 139/503 : DLTR - Dollar Tree - 2mo
2025-11-22 14:05:07,779 - INFO - Successfully saved DLTR data (45 rows)
2025-11-22 14:05:07,779 - INFO - Processing 140/503 : DOC - Healthpeak Properties - 2mo
2025-11-22 14:05:08,164 - INFO - Successfully saved DOC data (45 rows)
2025-11-22 14:05:08,164 - INFO - Processing 141/503 : DOV - Dover Corporation - 2mo
2025-11-22 14:05:08,469 - INFO - Successfully saved DOV data (45 rows)
2025-11-22 14:05:08,469 - INFO - Processing 142/503 : DOW - Dow Inc. - 2mo
2025-11-22 14:05:08,735 - INFO - Successfully saved DOW data (45 rows)
2025-11-22 14:05:08,735 - INFO - Processing 143/503 : DPZ - Domino's - 2mo
2025-11-22 14:05:08,991 - INFO - Successfully saved DPZ data (45 rows)
2025-11-22 14:05:08,991 - INFO - Processing 144/503 : DRI - Darden Restaurants - 2mo
2025-11-22 14:05:09,350 - INFO - Successfully saved DRI data (45 rows)
2025-11-22 14:05:09,351 - INFO - Processing 145/503 : DTE - DTE Energy - 2mo
2025-11-22 14:05:09,708 - INFO - Successfully saved DTE data (45 rows)
2025-11-22 14:05:09,708 - INFO - Processing 146/503 : DUK - Duke Energy - 2mo
2025-11-22 14:05:10,062 - INFO - Successfully saved DUK data (45 rows)
2025-11-22 14:05:10,062 - INFO - Processing 147/503 : DVA - DaVita - 2mo
2025-11-22 14:05:10,311 - INFO - Successfully saved DVA data (45 rows)
2025-11-22 14:05:10,311 - INFO - Processing 148/503 : DVN - Devon Energy - 2mo
2025-11-22 14:05:10,582 - INFO - Successfully saved DVN data (45 rows)
2025-11-22 14:05:10,582 - INFO - Processing 149/503 : DXCM - Dexcom - 2mo
2025-11-22 14:05:10,860 - INFO - Successfully saved DXCM data (45 rows)
2025-11-22 14:05:10,860 - INFO - Processing 150/503 : EA - Electronic Arts - 2mo
2025-11-22 14:05:11,117 - INFO - Successfully saved EA data (45 rows)
2025-11-22 14:05:11,118 - INFO - Processing 151/503 : EBAY - eBay Inc. - 2mo
2025-11-22 14:05:11,393 - INFO - Successfully saved EBAY data (45 rows)
2025-11-22 14:05:11,393 - INFO - Processing 152/503 : ECL - Ecolab - 2mo
2025-11-22 14:05:11,712 - INFO - Successfully saved ECL data (45 rows)
2025-11-22 14:05:11,712 - INFO - Processing 153/503 : ED - Consolidated Edison - 2mo
2025-11-22 14:05:12,373 - INFO - Successfully saved ED data (45 rows)
2025-11-22 14:05:12,373 - INFO - Processing 154/503 : EFX - Equifax - 2mo
2025-11-22 14:05:12,669 - INFO - Successfully saved EFX data (45 rows)
2025-11-22 14:05:12,669 - INFO - Processing 155/503 : EG - Everest Group - 2mo
2025-11-22 14:05:12,986 - INFO - Successfully saved EG data (45 rows)
2025-11-22 14:05:12,987 - INFO - Processing 156/503 : EIX - Edison International - 2mo
2025-11-22 14:05:13,369 - INFO - Successfully saved EIX data (45 rows)
2025-11-22 14:05:13,370 - INFO - Processing 157/503 : EL - Estée Lauder Companies (The) - 2mo
2025-11-22 14:05:13,680 - INFO - Successfully saved EL data (45 rows)
2025-11-22 14:05:13,680 - INFO - Processing 158/503 : ELV - Elevance Health - 2mo
2025-11-22 14:05:13,979 - INFO - Successfully saved ELV data (45 rows)
2025-11-22 14:05:13,979 - INFO - Processing 159/503 : EMN - Eastman Chemical Company - 2mo
2025-11-22 14:05:14,308 - INFO - Successfully saved EMN data (45 rows)
2025-11-22 14:05:14,308 - INFO - Processing 160/503 : EMR - Emerson Electric - 2mo
2025-11-22 14:05:14,668 - INFO - Successfully saved EMR data (45 rows)
2025-11-22 14:05:14,668 - INFO - Processing 161/503 : ENPH - Enphase Energy - 2mo
2025-11-22 14:05:14,933 - INFO - Successfully saved ENPH data (45 rows)
2025-11-22 14:05:14,934 - INFO - Processing 162/503 : EOG - EOG Resources - 2mo
2025-11-22 14:05:15,283 - INFO - Successfully saved EOG data (45 rows)
2025-11-22 14:05:15,283 - INFO - Processing 163/503 : EPAM - EPAM Systems - 2mo
2025-11-22 14:05:15,560 - INFO - Successfully saved EPAM data (45 rows)
2025-11-22 14:05:15,560 - INFO - Processing 164/503 : EQIX - Equinix - 2mo
2025-11-22 14:05:15,886 - INFO - Successfully saved EQIX data (45 rows)
2025-11-22 14:05:15,886 - INFO - Processing 165/503 : EQR - Equity Residential - 2mo
2025-11-22 14:05:16,298 - INFO - Successfully saved EQR data (45 rows)
2025-11-22 14:05:16,298 - INFO - Processing 166/503 : EQT - EQT Corporation - 2mo
2025-11-22 14:05:17,040 - INFO - Successfully saved EQT data (45 rows)
2025-11-22 14:05:17,040 - INFO - Processing 167/503 : ERIE - Erie Indemnity - 2mo
2025-11-22 14:05:17,348 - INFO - Successfully saved ERIE data (45 rows)
2025-11-22 14:05:17,348 - INFO - Processing 168/503 : ES - Eversource Energy - 2mo
2025-11-22 14:05:17,695 - INFO - Successfully saved ES data (45 rows)
2025-11-22 14:05:17,695 - INFO - Processing 169/503 : ESS - Essex Property Trust - 2mo
2025-11-22 14:05:18,001 - INFO - Successfully saved ESS data (45 rows)
2025-11-22 14:05:18,002 - INFO - Processing 170/503 : ETN - Eaton Corporation - 2mo
2025-11-22 14:05:18,352 - INFO - Successfully saved ETN data (45 rows)
2025-11-22 14:05:18,353 - INFO - Processing 171/503 : ETR - Entergy - 2mo
2025-11-22 14:05:18,725 - INFO - Successfully saved ETR data (45 rows)
2025-11-22 14:05:18,726 - INFO - Processing 172/503 : EVRG - Evergy - 2mo
2025-11-22 14:05:19,091 - INFO - Successfully saved EVRG data (45 rows)
2025-11-22 14:05:19,091 - INFO - Processing 173/503 : EW - Edwards Lifesciences - 2mo
2025-11-22 14:05:19,369 - INFO - Successfully saved EW data (45 rows)
2025-11-22 14:05:19,369 - INFO - Processing 174/503 : EXC - Exelon - 2mo
2025-11-22 14:05:19,740 - INFO - Successfully saved EXC data (45 rows)
2025-11-22 14:05:19,740 - INFO - Processing 175/503 : EXE - Expand Energy - 2mo
2025-11-22 14:05:19,997 - INFO - Successfully saved EXE data (45 rows)
2025-11-22 14:05:19,997 - INFO - Processing 176/503 : EXPD - Expeditors International - 2mo
2025-11-22 14:05:20,273 - INFO - Successfully saved EXPD data (45 rows)
2025-11-22 14:05:20,273 - INFO - Processing 177/503 : EXPE - Expedia Group - 2mo
2025-11-22 14:05:20,550 - INFO - Successfully saved EXPE data (45 rows)
2025-11-22 14:05:20,550 - INFO - Processing 178/503 : EXR - Extra Space Storage - 2mo
2025-11-22 14:05:20,807 - INFO - Successfully saved EXR data (45 rows)
2025-11-22 14:05:20,808 - INFO - Processing 179/503 : F - Ford Motor Company - 2mo
2025-11-22 14:05:21,157 - INFO - Successfully saved F data (45 rows)
2025-11-22 14:05:21,157 - INFO - Processing 180/503 : FANG - Diamondback Energy - 2mo
2025-11-22 14:05:21,420 - INFO - Successfully saved FANG data (45 rows)
2025-11-22 14:05:21,421 - INFO - Processing 181/503 : FAST - Fastenal - 2mo
2025-11-22 14:05:22,090 - INFO - Successfully saved FAST data (45 rows)
2025-11-22 14:05:22,091 - INFO - Processing 182/503 : FCX - Freeport-McMoRan - 2mo
2025-11-22 14:05:24,911 - INFO - Successfully saved FCX data (45 rows)
2025-11-22 14:05:24,911 - INFO - Processing 183/503 : FDS - FactSet - 2mo
2025-11-22 14:05:25,167 - INFO - Successfully saved FDS data (45 rows)
2025-11-22 14:05:25,167 - INFO - Processing 184/503 : FDX - FedEx - 2mo
2025-11-22 14:05:25,452 - INFO - Successfully saved FDX data (45 rows)
2025-11-22 14:05:25,452 - INFO - Processing 185/503 : FE - FirstEnergy - 2mo
2025-11-22 14:05:25,761 - INFO - Successfully saved FE data (45 rows)
2025-11-22 14:05:25,761 - INFO - Processing 186/503 : FFIV - F5, Inc. - 2mo
2025-11-22 14:05:26,028 - INFO - Successfully saved FFIV data (45 rows)
2025-11-22 14:05:26,028 - INFO - Processing 187/503 : FI - Fiserv - 2mo
2025-11-22 14:05:26,377 - INFO - Successfully saved FI data (45 rows)
2025-11-22 14:05:26,377 - INFO - Processing 188/503 : FICO - Fair Isaac - 2mo
2025-11-22 14:05:26,674 - INFO - Successfully saved FICO data (45 rows)
2025-11-22 14:05:26,674 - INFO - Processing 189/503 : FIS - Fidelity National Information Services - 2mo
2025-11-22 14:05:26,993 - INFO - Successfully saved FIS data (45 rows)
2025-11-22 14:05:26,993 - INFO - Processing 190/503 : FITB - Fifth Third Bancorp - 2mo
2025-11-22 14:05:27,271 - INFO - Successfully saved FITB data (45 rows)
2025-11-22 14:05:27,271 - INFO - Processing 191/503 : FOX - Fox Corporation (Class B) - 2mo
2025-11-22 14:05:27,522 - INFO - Successfully saved FOX data (45 rows)
2025-11-22 14:05:27,523 - INFO - Processing 192/503 : FOXA - Fox Corporation (Class A) - 2mo
2025-11-22 14:05:27,831 - INFO - Successfully saved FOXA data (45 rows)
2025-11-22 14:05:27,831 - INFO - Processing 193/503 : FRT - Federal Realty Investment Trust - 2mo
2025-11-22 14:05:28,188 - INFO - Successfully saved FRT data (45 rows)
2025-11-22 14:05:28,188 - INFO - Processing 194/503 : FSLR - First Solar - 2mo
2025-11-22 14:05:28,455 - INFO - Successfully saved FSLR data (45 rows)
2025-11-22 14:05:28,455 - INFO - Processing 195/503 : FTNT - Fortinet - 2mo
2025-11-22 14:05:28,753 - INFO - Successfully saved FTNT data (45 rows)
2025-11-22 14:05:28,753 - INFO - Processing 196/503 : FTV - Fortive - 2mo
2025-11-22 14:05:29,014 - INFO - Successfully saved FTV data (45 rows)
2025-11-22 14:05:29,015 - INFO - Processing 197/503 : GD - General Dynamics - 2mo
2025-11-22 14:05:29,384 - INFO - Successfully saved GD data (45 rows)
2025-11-22 14:05:29,385 - INFO - Processing 198/503 : GDDY - GoDaddy - 2mo
2025-11-22 14:05:29,785 - INFO - Successfully saved GDDY data (45 rows)
2025-11-22 14:05:29,785 - INFO - Processing 199/503 : GE - GE Aerospace - 2mo
2025-11-22 14:05:30,155 - INFO - Successfully saved GE data (45 rows)
2025-11-22 14:05:30,155 - INFO - Processing 200/503 : GEHC - GE HealthCare - 2mo
2025-11-22 14:05:30,443 - INFO - Successfully saved GEHC data (45 rows)
2025-11-22 14:05:30,443 - INFO - Processing 201/503 : GEN - Gen Digital - 2mo
2025-11-22 14:05:30,717 - INFO - Successfully saved GEN data (45 rows)
2025-11-22 14:05:30,718 - INFO - Processing 202/503 : GEV - GE Vernova - 2mo
2025-11-22 14:05:30,991 - INFO - Successfully saved GEV data (45 rows)
2025-11-22 14:05:30,991 - INFO - Processing 203/503 : GILD - Gilead Sciences - 2mo
2025-11-22 14:05:31,237 - INFO - Successfully saved GILD data (45 rows)
2025-11-22 14:05:31,237 - INFO - Processing 204/503 : GIS - General Mills - 2mo
2025-11-22 14:05:31,572 - INFO - Successfully saved GIS data (45 rows)
2025-11-22 14:05:31,573 - INFO - Processing 205/503 : GL - Globe Life - 2mo
2025-11-22 14:05:31,875 - INFO - Successfully saved GL data (45 rows)
2025-11-22 14:05:31,875 - INFO - Processing 206/503 : GLW - Corning Inc. - 2mo
2025-11-22 14:05:32,216 - INFO - Successfully saved GLW data (45 rows)
2025-11-22 14:05:32,216 - INFO - Processing 207/503 : GM - General Motors - 2mo
2025-11-22 14:05:32,509 - INFO - Successfully saved GM data (45 rows)
2025-11-22 14:05:32,509 - INFO - Processing 208/503 : GNRC - Generac - 2mo
2025-11-22 14:05:32,817 - INFO - Successfully saved GNRC data (45 rows)
2025-11-22 14:05:32,817 - INFO - Processing 209/503 : GOOG - Alphabet Inc. (Class C) - 2mo
2025-11-22 14:05:33,064 - INFO - Successfully saved GOOG data (45 rows)
2025-11-22 14:05:33,064 - INFO - Processing 210/503 : GOOGL - Alphabet Inc. (Class A) - 2mo
2025-11-22 14:05:33,390 - INFO - Successfully saved GOOGL data (45 rows)
2025-11-22 14:05:33,391 - INFO - Processing 211/503 : GPC - Genuine Parts Company - 2mo
2025-11-22 14:05:33,738 - INFO - Successfully saved GPC data (45 rows)
2025-11-22 14:05:33,738 - INFO - Processing 212/503 : GPN - Global Payments - 2mo
2025-11-22 14:05:34,029 - INFO - Successfully saved GPN data (45 rows)
2025-11-22 14:05:34,029 - INFO - Processing 213/503 : GRMN - Garmin - 2mo
2025-11-22 14:05:34,326 - INFO - Successfully saved GRMN data (45 rows)
2025-11-22 14:05:34,326 - INFO - Processing 214/503 : GS - Goldman Sachs - 2mo
2025-11-22 14:05:34,646 - INFO - Successfully saved GS data (45 rows)
2025-11-22 14:05:34,646 - INFO - Processing 215/503 : GWW - W. W. Grainger - 2mo
2025-11-22 14:05:34,963 - INFO - Successfully saved GWW data (45 rows)
2025-11-22 14:05:34,963 - INFO - Processing 216/503 : HAL - Halliburton - 2mo
2025-11-22 14:05:35,299 - INFO - Successfully saved HAL data (45 rows)
2025-11-22 14:05:35,299 - INFO - Processing 217/503 : HAS - Hasbro - 2mo
2025-11-22 14:05:35,647 - INFO - Successfully saved HAS data (45 rows)
2025-11-22 14:05:35,647 - INFO - Processing 218/503 : HBAN - Huntington Bancshares - 2mo
2025-11-22 14:05:35,965 - INFO - Successfully saved HBAN data (45 rows)
2025-11-22 14:05:35,965 - INFO - Processing 219/503 : HCA - HCA Healthcare - 2mo
2025-11-22 14:05:36,270 - INFO - Successfully saved HCA data (45 rows)
2025-11-22 14:05:36,271 - INFO - Processing 220/503 : HD - Home Depot (The) - 2mo
2025-11-22 14:05:36,553 - INFO - Successfully saved HD data (45 rows)
2025-11-22 14:05:36,553 - INFO - Processing 221/503 : HIG - Hartford (The) - 2mo
2025-11-22 14:05:36,914 - INFO - Successfully saved HIG data (45 rows)
2025-11-22 14:05:36,914 - INFO - Processing 222/503 : HII - Huntington Ingalls Industries - 2mo
2025-11-22 14:05:37,242 - INFO - Successfully saved HII data (45 rows)
2025-11-22 14:05:37,242 - INFO - Processing 223/503 : HLT - Hilton Worldwide - 2mo
2025-11-22 14:05:37,509 - INFO - Successfully saved HLT data (45 rows)
2025-11-22 14:05:37,510 - INFO - Processing 224/503 : HOLX - Hologic - 2mo
2025-11-22 14:05:37,797 - INFO - Successfully saved HOLX data (45 rows)
2025-11-22 14:05:37,797 - INFO - Processing 225/503 : HON - Honeywell - 2mo
2025-11-22 14:05:38,338 - INFO - Successfully saved HON data (45 rows)
2025-11-22 14:05:38,338 - INFO - Processing 226/503 : HPE - Hewlett Packard Enterprise - 2mo
2025-11-22 14:05:38,613 - INFO - Successfully saved HPE data (45 rows)
2025-11-22 14:05:38,613 - INFO - Processing 227/503 : HPQ - HP Inc. - 2mo
2025-11-22 14:05:38,969 - INFO - Successfully saved HPQ data (45 rows)
2025-11-22 14:05:38,970 - INFO - Processing 228/503 : HRL - Hormel Foods - 2mo
2025-11-22 14:05:39,255 - INFO - Successfully saved HRL data (45 rows)
2025-11-22 14:05:39,255 - INFO - Processing 229/503 : HSIC - Henry Schein - 2mo
2025-11-22 14:05:39,501 - INFO - Successfully saved HSIC data (45 rows)
2025-11-22 14:05:39,501 - INFO - Processing 230/503 : HST - Host Hotels & Resorts - 2mo
2025-11-22 14:05:39,827 - INFO - Successfully saved HST data (45 rows)
2025-11-22 14:05:39,827 - INFO - Processing 231/503 : HSY - Hershey Company (The) - 2mo
2025-11-22 14:05:40,184 - INFO - Successfully saved HSY data (45 rows)
2025-11-22 14:05:40,185 - INFO - Processing 232/503 : HUBB - Hubbell Incorporated - 2mo
2025-11-22 14:05:40,530 - INFO - Successfully saved HUBB data (45 rows)
2025-11-22 14:05:40,531 - INFO - Processing 233/503 : HUM - Humana - 2mo
2025-11-22 14:05:40,876 - INFO - Successfully saved HUM data (45 rows)
2025-11-22 14:05:40,877 - INFO - Processing 234/503 : HWM - Howmet Aerospace - 2mo
2025-11-22 14:05:41,202 - INFO - Successfully saved HWM data (45 rows)
2025-11-22 14:05:41,202 - INFO - Processing 235/503 : IBM - IBM - 2mo
2025-11-22 14:05:41,661 - INFO - Successfully saved IBM data (45 rows)
2025-11-22 14:05:41,661 - INFO - Processing 236/503 : ICE - Intercontinental Exchange - 2mo
2025-11-22 14:05:41,917 - INFO - Successfully saved ICE data (45 rows)
2025-11-22 14:05:41,917 - INFO - Processing 237/503 : IDXX - Idexx Laboratories - 2mo
2025-11-22 14:05:42,204 - INFO - Successfully saved IDXX data (45 rows)
2025-11-22 14:05:42,204 - INFO - Processing 238/503 : IEX - IDEX Corporation - 2mo
2025-11-22 14:05:42,553 - INFO - Successfully saved IEX data (45 rows)
2025-11-22 14:05:42,553 - INFO - Processing 239/503 : IFF - International Flavors & Fragrances - 2mo
2025-11-22 14:05:42,912 - INFO - Successfully saved IFF data (45 rows)
2025-11-22 14:05:42,912 - INFO - Processing 240/503 : INCY - Incyte - 2mo
2025-11-22 14:05:43,171 - INFO - Successfully saved INCY data (45 rows)
2025-11-22 14:05:43,171 - INFO - Processing 241/503 : INTC - Intel - 2mo
2025-11-22 14:05:43,482 - INFO - Successfully saved INTC data (45 rows)
2025-11-22 14:05:43,482 - INFO - Processing 242/503 : INTU - Intuit - 2mo
2025-11-22 14:05:43,741 - INFO - Successfully saved INTU data (45 rows)
2025-11-22 14:05:43,741 - INFO - Processing 243/503 : INVH - Invitation Homes - 2mo
2025-11-22 14:05:44,022 - INFO - Successfully saved INVH data (45 rows)
2025-11-22 14:05:44,022 - INFO - Processing 244/503 : IP - International Paper - 2mo
2025-11-22 14:05:44,388 - INFO - Successfully saved IP data (45 rows)
2025-11-22 14:05:44,388 - INFO - Processing 245/503 : IPG - Interpublic Group of Companies (The) - 2mo
2025-11-22 14:05:44,675 - INFO - Successfully saved IPG data (45 rows)
2025-11-22 14:05:44,675 - INFO - Processing 246/503 : IQV - IQVIA - 2mo
2025-11-22 14:05:44,942 - INFO - Successfully saved IQV data (45 rows)
2025-11-22 14:05:44,942 - INFO - Processing 247/503 : IR - Ingersoll Rand - 2mo
2025-11-22 14:05:45,203 - INFO - Successfully saved IR data (45 rows)
2025-11-22 14:05:45,203 - INFO - Processing 248/503 : IRM - Iron Mountain - 2mo
2025-11-22 14:05:45,469 - INFO - Successfully saved IRM data (45 rows)
2025-11-22 14:05:45,470 - INFO - Processing 249/503 : ISRG - Intuitive Surgical - 2mo
2025-11-22 14:05:45,748 - INFO - Successfully saved ISRG data (45 rows)
2025-11-22 14:05:45,748 - INFO - Processing 250/503 : IT - Gartner - 2mo
2025-11-22 14:05:46,037 - INFO - Successfully saved IT data (45 rows)
2025-11-22 14:05:46,038 - INFO - Processing 251/503 : ITW - Illinois Tool Works - 2mo
2025-11-22 14:05:46,422 - INFO - Successfully saved ITW data (45 rows)
2025-11-22 14:05:46,422 - INFO - Processing 252/503 : IVZ - Invesco - 2mo
2025-11-22 14:05:47,367 - INFO - Successfully saved IVZ data (45 rows)
2025-11-22 14:05:47,367 - INFO - Processing 253/503 : J - Jacobs Solutions - 2mo
2025-11-22 14:05:48,994 - INFO - Successfully saved J data (45 rows)
2025-11-22 14:05:48,995 - INFO - Processing 254/503 : JBHT - J.B. Hunt - 2mo
2025-11-22 14:05:49,656 - INFO - Successfully saved JBHT data (45 rows)
2025-11-22 14:05:49,656 - INFO - Processing 255/503 : JBL - Jabil - 2mo
2025-11-22 14:05:49,977 - INFO - Successfully saved JBL data (45 rows)
2025-11-22 14:05:49,978 - INFO - Processing 256/503 : JCI - Johnson Controls - 2mo
2025-11-22 14:05:50,258 - INFO - Successfully saved JCI data (45 rows)
2025-11-22 14:05:50,259 - INFO - Processing 257/503 : JKHY - Jack Henry & Associates - 2mo
2025-11-22 14:05:50,554 - INFO - Successfully saved JKHY data (45 rows)
2025-11-22 14:05:50,554 - INFO - Processing 258/503 : JNJ - Johnson & Johnson - 2mo
2025-11-22 14:05:50,929 - INFO - Successfully saved JNJ data (45 rows)
2025-11-22 14:05:50,929 - INFO - Processing 259/503 : JPM - JPMorgan Chase - 2mo
2025-11-22 14:05:51,227 - INFO - Successfully saved JPM data (45 rows)
2025-11-22 14:05:51,227 - INFO - Processing 260/503 : K - Kellanova - 2mo
2025-11-22 14:05:51,550 - INFO - Successfully saved K data (45 rows)
2025-11-22 14:05:51,551 - INFO - Processing 261/503 : KDP - Keurig Dr Pepper - 2mo
2025-11-22 14:05:51,817 - INFO - Successfully saved KDP data (45 rows)
2025-11-22 14:05:51,818 - INFO - Processing 262/503 : KEY - KeyCorp - 2mo
2025-11-22 14:05:52,128 - INFO - Successfully saved KEY data (45 rows)
2025-11-22 14:05:52,128 - INFO - Processing 263/503 : KEYS - Keysight Technologies - 2mo
2025-11-22 14:05:52,387 - INFO - Successfully saved KEYS data (45 rows)
2025-11-22 14:05:52,387 - INFO - Processing 264/503 : KHC - Kraft Heinz - 2mo
2025-11-22 14:05:52,643 - INFO - Successfully saved KHC data (45 rows)
2025-11-22 14:05:52,643 - INFO - Processing 265/503 : KIM - Kimco Realty - 2mo
2025-11-22 14:05:52,961 - INFO - Successfully saved KIM data (45 rows)
2025-11-22 14:05:52,961 - INFO - Processing 266/503 : KKR - KKR & Co. - 2mo
2025-11-22 14:05:53,228 - INFO - Successfully saved KKR data (45 rows)
2025-11-22 14:05:53,229 - INFO - Processing 267/503 : KLAC - KLA Corporation - 2mo
2025-11-22 14:05:53,537 - INFO - Successfully saved KLAC data (45 rows)
2025-11-22 14:05:53,537 - INFO - Processing 268/503 : KMB - Kimberly-Clark - 2mo
2025-11-22 14:05:53,864 - INFO - Successfully saved KMB data (45 rows)
2025-11-22 14:05:53,865 - INFO - Processing 269/503 : KMI - Kinder Morgan - 2mo
2025-11-22 14:05:54,130 - INFO - Successfully saved KMI data (45 rows)
2025-11-22 14:05:54,130 - INFO - Processing 270/503 : KMX - CarMax - 2mo
2025-11-22 14:05:54,385 - INFO - Successfully saved KMX data (45 rows)
2025-11-22 14:05:54,385 - INFO - Processing 271/503 : KO - Coca-Cola Company (The) - 2mo
2025-11-22 14:05:54,721 - INFO - Successfully saved KO data (45 rows)
2025-11-22 14:05:54,721 - INFO - Processing 272/503 : KR - Kroger - 2mo
2025-11-22 14:05:55,102 - INFO - Successfully saved KR data (45 rows)
2025-11-22 14:05:55,102 - INFO - Processing 273/503 : KVUE - Kenvue - 2mo
2025-11-22 14:05:55,403 - INFO - Successfully saved KVUE data (45 rows)
2025-11-22 14:05:55,403 - INFO - Processing 274/503 : L - Loews Corporation - 2mo
2025-11-22 14:05:55,752 - INFO - Successfully saved L data (45 rows)
2025-11-22 14:05:55,752 - INFO - Processing 275/503 : LDOS - Leidos - 2mo
2025-11-22 14:05:56,060 - INFO - Successfully saved LDOS data (45 rows)
2025-11-22 14:05:56,060 - INFO - Processing 276/503 : LEN - Lennar - 2mo
2025-11-22 14:05:56,351 - INFO - Successfully saved LEN data (45 rows)
2025-11-22 14:05:56,352 - INFO - Processing 277/503 : LH - Labcorp - 2mo
2025-11-22 14:05:56,648 - INFO - Successfully saved LH data (45 rows)
2025-11-22 14:05:56,648 - INFO - Processing 278/503 : LHX - L3Harris - 2mo
2025-11-22 14:05:56,954 - INFO - Successfully saved LHX data (45 rows)
2025-11-22 14:05:56,955 - INFO - Processing 279/503 : LII - Lennox International - 2mo
2025-11-22 14:05:57,239 - INFO - Successfully saved LII data (45 rows)
2025-11-22 14:05:57,240 - INFO - Processing 280/503 : LIN - Linde plc - 2mo
2025-11-22 14:05:57,590 - INFO - Successfully saved LIN data (45 rows)
2025-11-22 14:05:57,591 - INFO - Processing 281/503 : LKQ - LKQ Corporation - 2mo
2025-11-22 14:05:57,862 - INFO - Successfully saved LKQ data (45 rows)
2025-11-22 14:05:57,862 - INFO - Processing 282/503 : LLY - Lilly (Eli) - 2mo
2025-11-22 14:05:58,223 - INFO - Successfully saved LLY data (45 rows)
2025-11-22 14:05:58,223 - INFO - Processing 283/503 : LMT - Lockheed Martin - 2mo
2025-11-22 14:05:58,615 - INFO - Successfully saved LMT data (45 rows)
2025-11-22 14:05:58,615 - INFO - Processing 284/503 : LNT - Alliant Energy - 2mo
2025-11-22 14:05:58,912 - INFO - Successfully saved LNT data (45 rows)
2025-11-22 14:05:58,912 - INFO - Processing 285/503 : LOW - Lowe's - 2mo
2025-11-22 14:05:59,269 - INFO - Successfully saved LOW data (45 rows)
2025-11-22 14:05:59,269 - INFO - Processing 286/503 : LRCX - Lam Research - 2mo
2025-11-22 14:05:59,514 - INFO - Successfully saved LRCX data (45 rows)
2025-11-22 14:05:59,514 - INFO - Processing 287/503 : LULU - Lululemon Athletica - 2mo
2025-11-22 14:05:59,772 - INFO - Successfully saved LULU data (45 rows)
2025-11-22 14:05:59,773 - INFO - Processing 288/503 : LUV - Southwest Airlines - 2mo
2025-11-22 14:06:00,088 - INFO - Successfully saved LUV data (45 rows)
2025-11-22 14:06:00,088 - INFO - Processing 289/503 : LVS - Las Vegas Sands - 2mo
2025-11-22 14:06:00,386 - INFO - Successfully saved LVS data (45 rows)
2025-11-22 14:06:00,386 - INFO - Processing 290/503 : LW - Lamb Weston - 2mo
2025-11-22 14:06:00,678 - INFO - Successfully saved LW data (45 rows)
2025-11-22 14:06:00,678 - INFO - Processing 291/503 : LYB - LyondellBasell - 2mo
2025-11-22 14:06:00,991 - INFO - Successfully saved LYB data (45 rows)
2025-11-22 14:06:00,991 - INFO - Processing 292/503 : LYV - Live Nation Entertainment - 2mo
2025-11-22 14:06:01,277 - INFO - Successfully saved LYV data (45 rows)
2025-11-22 14:06:01,277 - INFO - Processing 293/503 : MA - Mastercard - 2mo
2025-11-22 14:06:01,543 - INFO - Successfully saved MA data (45 rows)
2025-11-22 14:06:01,543 - INFO - Processing 294/503 : MAA - Mid-America Apartment Communities - 2mo
2025-11-22 14:06:01,838 - INFO - Successfully saved MAA data (45 rows)
2025-11-22 14:06:01,838 - INFO - Processing 295/503 : MAR - Marriott International - 2mo
2025-11-22 14:06:02,154 - INFO - Successfully saved MAR data (45 rows)
2025-11-22 14:06:02,154 - INFO - Processing 296/503 : MAS - Masco - 2mo
2025-11-22 14:06:02,500 - INFO - Successfully saved MAS data (45 rows)
2025-11-22 14:06:02,500 - INFO - Processing 297/503 : MCD - McDonald's - 2mo
2025-11-22 14:06:02,879 - INFO - Successfully saved MCD data (45 rows)
2025-11-22 14:06:02,879 - INFO - Processing 298/503 : MCHP - Microchip Technology - 2mo
2025-11-22 14:06:03,272 - INFO - Successfully saved MCHP data (45 rows)
2025-11-22 14:06:03,272 - INFO - Processing 299/503 : MCK - McKesson Corporation - 2mo
2025-11-22 14:06:03,560 - INFO - Successfully saved MCK data (45 rows)
2025-11-22 14:06:03,561 - INFO - Processing 300/503 : MCO - Moody's Corporation - 2mo
2025-11-22 14:06:03,866 - INFO - Successfully saved MCO data (45 rows)
2025-11-22 14:06:03,866 - INFO - Processing 301/503 : MDLZ - Mondelez International - 2mo
2025-11-22 14:06:04,213 - INFO - Successfully saved MDLZ data (45 rows)
2025-11-22 14:06:04,214 - INFO - Processing 302/503 : MDT - Medtronic - 2mo
2025-11-22 14:06:04,533 - INFO - Successfully saved MDT data (45 rows)
2025-11-22 14:06:04,533 - INFO - Processing 303/503 : MET - MetLife - 2mo
2025-11-22 14:06:04,821 - INFO - Successfully saved MET data (45 rows)
2025-11-22 14:06:04,821 - INFO - Processing 304/503 : META - Meta Platforms - 2mo
2025-11-22 14:06:05,090 - INFO - Successfully saved META data (45 rows)
2025-11-22 14:06:05,090 - INFO - Processing 305/503 : MGM - MGM Resorts - 2mo
2025-11-22 14:06:05,389 - INFO - Successfully saved MGM data (45 rows)
2025-11-22 14:06:05,389 - INFO - Processing 306/503 : MHK - Mohawk Industries - 2mo
2025-11-22 14:06:05,645 - INFO - Successfully saved MHK data (45 rows)
2025-11-22 14:06:05,646 - INFO - Processing 307/503 : MKC - McCormick & Company - 2mo
2025-11-22 14:06:05,958 - INFO - Successfully saved MKC data (45 rows)
2025-11-22 14:06:05,958 - INFO - Processing 308/503 : MKTX - MarketAxess - 2mo
2025-11-22 14:06:06,238 - INFO - Successfully saved MKTX data (45 rows)
2025-11-22 14:06:06,238 - INFO - Processing 309/503 : MLM - Martin Marietta Materials - 2mo
2025-11-22 14:06:06,519 - INFO - Successfully saved MLM data (45 rows)
2025-11-22 14:06:06,519 - INFO - Processing 310/503 : MMC - Marsh McLennan - 2mo
2025-11-22 14:06:06,817 - INFO - Successfully saved MMC data (45 rows)
2025-11-22 14:06:06,818 - INFO - Processing 311/503 : MMM - 3M - 2mo
2025-11-22 14:06:07,127 - INFO - Successfully saved MMM data (45 rows)
2025-11-22 14:06:07,127 - INFO - Processing 312/503 : MNST - Monster Beverage - 2mo
2025-11-22 14:06:07,420 - INFO - Successfully saved MNST data (45 rows)
2025-11-22 14:06:07,420 - INFO - Processing 313/503 : MO - Altria - 2mo
2025-11-22 14:06:07,809 - INFO - Successfully saved MO data (45 rows)
2025-11-22 14:06:07,809 - INFO - Processing 314/503 : MOH - Molina Healthcare - 2mo
2025-11-22 14:06:08,054 - INFO - Successfully saved MOH data (45 rows)
2025-11-22 14:06:08,055 - INFO - Processing 315/503 : MOS - Mosaic Company (The) - 2mo
2025-11-22 14:06:08,362 - INFO - Successfully saved MOS data (45 rows)
2025-11-22 14:06:08,362 - INFO - Processing 316/503 : MPC - Marathon Petroleum - 2mo
2025-11-22 14:06:08,950 - INFO - Successfully saved MPC data (45 rows)
2025-11-22 14:06:08,950 - INFO - Processing 317/503 : MPWR - Monolithic Power Systems - 2mo
2025-11-22 14:06:09,247 - INFO - Successfully saved MPWR data (45 rows)
2025-11-22 14:06:09,247 - INFO - Processing 318/503 : MRK - Merck & Co. - 2mo
2025-11-22 14:06:09,625 - INFO - Successfully saved MRK data (45 rows)
2025-11-22 14:06:09,625 - INFO - Processing 319/503 : MRNA - Moderna - 2mo
2025-11-22 14:06:09,892 - INFO - Successfully saved MRNA data (45 rows)
2025-11-22 14:06:09,892 - INFO - Processing 320/503 : MS - Morgan Stanley - 2mo
2025-11-22 14:06:10,185 - INFO - Successfully saved MS data (45 rows)
2025-11-22 14:06:10,185 - INFO - Processing 321/503 : MSCI - MSCI Inc. - 2mo
2025-11-22 14:06:10,452 - INFO - Successfully saved MSCI data (45 rows)
2025-11-22 14:06:10,452 - INFO - Processing 322/503 : MSFT - Microsoft - 2mo
2025-11-22 14:06:10,781 - INFO - Successfully saved MSFT data (45 rows)
2025-11-22 14:06:10,781 - INFO - Processing 323/503 : MSI - Motorola Solutions - 2mo
2025-11-22 14:06:11,123 - INFO - Successfully saved MSI data (45 rows)
2025-11-22 14:06:11,123 - INFO - Processing 324/503 : MTB - M&T Bank - 2mo
2025-11-22 14:06:11,866 - INFO - Successfully saved MTB data (45 rows)
2025-11-22 14:06:11,866 - INFO - Processing 325/503 : MTCH - Match Group - 2mo
2025-11-22 14:06:15,144 - INFO - Successfully saved MTCH data (45 rows)
2025-11-22 14:06:15,144 - INFO - Processing 326/503 : MTD - Mettler Toledo - 2mo
2025-11-22 14:06:15,390 - INFO - Successfully saved MTD data (45 rows)
2025-11-22 14:06:15,390 - INFO - Processing 327/503 : MU - Micron Technology - 2mo
2025-11-22 14:06:15,686 - INFO - Successfully saved MU data (45 rows)
2025-11-22 14:06:15,686 - INFO - Processing 328/503 : NCLH - Norwegian Cruise Line Holdings - 2mo
2025-11-22 14:06:15,996 - INFO - Successfully saved NCLH data (45 rows)
2025-11-22 14:06:15,996 - INFO - Processing 329/503 : NDAQ - Nasdaq, Inc. - 2mo
2025-11-22 14:06:16,305 - INFO - Successfully saved NDAQ data (45 rows)
2025-11-22 14:06:16,305 - INFO - Processing 330/503 : NDSN - Nordson Corporation - 2mo
2025-11-22 14:06:16,657 - INFO - Successfully saved NDSN data (45 rows)
2025-11-22 14:06:16,657 - INFO - Processing 331/503 : NEE - NextEra Energy - 2mo
2025-11-22 14:06:17,016 - INFO - Successfully saved NEE data (45 rows)
2025-11-22 14:06:17,016 - INFO - Processing 332/503 : NEM - Newmont - 2mo
2025-11-22 14:06:17,385 - INFO - Successfully saved NEM data (45 rows)
2025-11-22 14:06:17,386 - INFO - Processing 333/503 : NFLX - Netflix - 2mo
2025-11-22 14:06:17,662 - INFO - Successfully saved NFLX data (45 rows)
2025-11-22 14:06:17,663 - INFO - Processing 334/503 : NI - NiSource - 2mo
2025-11-22 14:06:18,012 - INFO - Successfully saved NI data (45 rows)
2025-11-22 14:06:18,012 - INFO - Processing 335/503 : NKE - Nike, Inc. - 2mo
2025-11-22 14:06:18,355 - INFO - Successfully saved NKE data (45 rows)
2025-11-22 14:06:18,355 - INFO - Processing 336/503 : NOC - Northrop Grumman - 2mo
2025-11-22 14:06:18,690 - INFO - Successfully saved NOC data (45 rows)
2025-11-22 14:06:18,690 - INFO - Processing 337/503 : NOW - ServiceNow - 2mo
2025-11-22 14:06:18,979 - INFO - Successfully saved NOW data (45 rows)
2025-11-22 14:06:18,979 - INFO - Processing 338/503 : NRG - NRG Energy - 2mo
2025-11-22 14:06:19,252 - INFO - Successfully saved NRG data (45 rows)
2025-11-22 14:06:19,252 - INFO - Processing 339/503 : NSC - Norfolk Southern - 2mo
2025-11-22 14:06:19,654 - INFO - Successfully saved NSC data (45 rows)
2025-11-22 14:06:19,655 - INFO - Processing 340/503 : NTAP - NetApp - 2mo
2025-11-22 14:06:19,944 - INFO - Successfully saved NTAP data (45 rows)
2025-11-22 14:06:19,944 - INFO - Processing 341/503 : NTRS - Northern Trust - 2mo
2025-11-22 14:06:20,244 - INFO - Successfully saved NTRS data (45 rows)
2025-11-22 14:06:20,244 - INFO - Processing 342/503 : NUE - Nucor - 2mo
2025-11-22 14:06:20,586 - INFO - Successfully saved NUE data (45 rows)
2025-11-22 14:06:20,586 - INFO - Processing 343/503 : NVDA - Nvidia - 2mo
2025-11-22 14:06:20,896 - INFO - Successfully saved NVDA data (45 rows)
2025-11-22 14:06:20,896 - INFO - Processing 344/503 : NVR - NVR, Inc. - 2mo
2025-11-22 14:06:21,179 - INFO - Successfully saved NVR data (45 rows)
2025-11-22 14:06:21,180 - INFO - Processing 345/503 : NWS - News Corp (Class B) - 2mo
2025-11-22 14:06:21,426 - INFO - Successfully saved NWS data (45 rows)
2025-11-22 14:06:21,426 - INFO - Processing 346/503 : NWSA - News Corp (Class A) - 2mo
2025-11-22 14:06:21,709 - INFO - Successfully saved NWSA data (45 rows)
2025-11-22 14:06:21,709 - INFO - Processing 347/503 : NXPI - NXP Semiconductors - 2mo
2025-11-22 14:06:21,999 - INFO - Successfully saved NXPI data (45 rows)
2025-11-22 14:06:21,999 - INFO - Processing 348/503 : O - Realty Income - 2mo
2025-11-22 14:06:22,301 - INFO - Successfully saved O data (45 rows)
2025-11-22 14:06:22,301 - INFO - Processing 349/503 : ODFL - Old Dominion - 2mo
2025-11-22 14:06:22,629 - INFO - Successfully saved ODFL data (45 rows)
2025-11-22 14:06:22,629 - INFO - Processing 350/503 : OKE - Oneok - 2mo
2025-11-22 14:06:22,952 - INFO - Successfully saved OKE data (45 rows)
2025-11-22 14:06:22,952 - INFO - Processing 351/503 : OMC - Omnicom Group - 2mo
2025-11-22 14:06:23,262 - INFO - Successfully saved OMC data (45 rows)
2025-11-22 14:06:23,262 - INFO - Processing 352/503 : ON - ON Semiconductor - 2mo
2025-11-22 14:06:23,565 - INFO - Successfully saved ON data (45 rows)
2025-11-22 14:06:23,565 - INFO - Processing 353/503 : ORCL - Oracle Corporation - 2mo
2025-11-22 14:06:23,944 - INFO - Successfully saved ORCL data (45 rows)
2025-11-22 14:06:23,944 - INFO - Processing 354/503 : ORLY - O’Reilly Automotive - 2mo
2025-11-22 14:06:24,237 - INFO - Successfully saved ORLY data (45 rows)
2025-11-22 14:06:24,237 - INFO - Processing 355/503 : OTIS - Otis Worldwide - 2mo
2025-11-22 14:06:24,519 - INFO - Successfully saved OTIS data (45 rows)
2025-11-22 14:06:24,519 - INFO - Processing 356/503 : OXY - Occidental Petroleum - 2mo
2025-11-22 14:06:24,810 - INFO - Successfully saved OXY data (45 rows)
2025-11-22 14:06:24,810 - INFO - Processing 357/503 : PANW - Palo Alto Networks - 2mo
2025-11-22 14:06:25,078 - INFO - Successfully saved PANW data (45 rows)
2025-11-22 14:06:25,078 - INFO - Processing 358/503 : PAYC - Paycom - 2mo
2025-11-22 14:06:25,325 - INFO - Successfully saved PAYC data (45 rows)
2025-11-22 14:06:25,325 - INFO - Processing 359/503 : PAYX - Paychex - 2mo
2025-11-22 14:06:25,616 - INFO - Successfully saved PAYX data (45 rows)
2025-11-22 14:06:25,616 - INFO - Processing 360/503 : PCAR - Paccar - 2mo
2025-11-22 14:06:25,933 - INFO - Successfully saved PCAR data (45 rows)
2025-11-22 14:06:25,933 - INFO - Processing 361/503 : PCG - PG&E Corporation - 2mo
2025-11-22 14:06:26,288 - INFO - Successfully saved PCG data (45 rows)
2025-11-22 14:06:26,288 - INFO - Processing 362/503 : PEG - Public Service Enterprise Group - 2mo
2025-11-22 14:06:26,666 - INFO - Successfully saved PEG data (45 rows)
2025-11-22 14:06:26,666 - INFO - Processing 363/503 : PEP - PepsiCo - 2mo
2025-11-22 14:06:27,005 - INFO - Successfully saved PEP data (45 rows)
2025-11-22 14:06:27,006 - INFO - Processing 364/503 : PFE - Pfizer - 2mo
2025-11-22 14:06:27,319 - INFO - Successfully saved PFE data (45 rows)
2025-11-22 14:06:27,320 - INFO - Processing 365/503 : PFG - Principal Financial Group - 2mo
2025-11-22 14:06:27,647 - INFO - Successfully saved PFG data (45 rows)
2025-11-22 14:06:27,647 - INFO - Processing 366/503 : PG - Procter & Gamble - 2mo
2025-11-22 14:06:27,962 - INFO - Successfully saved PG data (45 rows)
2025-11-22 14:06:27,963 - INFO - Processing 367/503 : PGR - Progressive Corporation - 2mo
2025-11-22 14:06:28,323 - INFO - Successfully saved PGR data (45 rows)
2025-11-22 14:06:28,323 - INFO - Processing 368/503 : PH - Parker Hannifin - 2mo
2025-11-22 14:06:28,653 - INFO - Successfully saved PH data (45 rows)
2025-11-22 14:06:28,653 - INFO - Processing 369/503 : PHM - PulteGroup - 2mo
2025-11-22 14:06:28,992 - INFO - Successfully saved PHM data (45 rows)
2025-11-22 14:06:28,992 - INFO - Processing 370/503 : PKG - Packaging Corporation of America - 2mo
2025-11-22 14:06:29,313 - INFO - Successfully saved PKG data (45 rows)
2025-11-22 14:06:29,313 - INFO - Processing 371/503 : PLD - Prologis - 2mo
2025-11-22 14:06:29,665 - INFO - Successfully saved PLD data (45 rows)
2025-11-22 14:06:29,665 - INFO - Processing 372/503 : PLTR - Palantir Technologies - 2mo
2025-11-22 14:06:29,913 - INFO - Successfully saved PLTR data (45 rows)
2025-11-22 14:06:29,914 - INFO - Processing 373/503 : PM - Philip Morris International - 2mo
2025-11-22 14:06:30,277 - INFO - Successfully saved PM data (45 rows)
2025-11-22 14:06:30,277 - INFO - Processing 374/503 : PNC - PNC Financial Services - 2mo
2025-11-22 14:06:30,600 - INFO - Successfully saved PNC data (45 rows)
2025-11-22 14:06:30,600 - INFO - Processing 375/503 : PNR - Pentair - 2mo
2025-11-22 14:06:30,991 - INFO - Successfully saved PNR data (45 rows)
2025-11-22 14:06:30,991 - INFO - Processing 376/503 : PNW - Pinnacle West Capital - 2mo
2025-11-22 14:06:31,364 - INFO - Successfully saved PNW data (45 rows)
2025-11-22 14:06:31,364 - INFO - Processing 377/503 : PODD - Insulet Corporation - 2mo
2025-11-22 14:06:31,664 - INFO - Successfully saved PODD data (45 rows)
2025-11-22 14:06:31,664 - INFO - Processing 378/503 : POOL - Pool Corporation - 2mo
2025-11-22 14:06:31,992 - INFO - Successfully saved POOL data (45 rows)
2025-11-22 14:06:31,992 - INFO - Processing 379/503 : PPG - PPG Industries - 2mo
2025-11-22 14:06:32,309 - INFO - Successfully saved PPG data (45 rows)
2025-11-22 14:06:32,309 - INFO - Processing 380/503 : PPL - PPL Corporation - 2mo
2025-11-22 14:06:32,668 - INFO - Successfully saved PPL data (45 rows)
2025-11-22 14:06:32,669 - INFO - Processing 381/503 : PRU - Prudential Financial - 2mo
2025-11-22 14:06:32,973 - INFO - Successfully saved PRU data (45 rows)
2025-11-22 14:06:32,974 - INFO - Processing 382/503 : PSA - Public Storage - 2mo
2025-11-22 14:06:33,297 - INFO - Successfully saved PSA data (45 rows)
2025-11-22 14:06:33,297 - INFO - Processing 383/503 : PSKY - Paramount Skydance Corporation - 2mo
2025-11-22 14:06:33,617 - INFO - Successfully saved PSKY data (45 rows)
2025-11-22 14:06:33,618 - INFO - Processing 384/503 : PSX - Phillips 66 - 2mo
2025-11-22 14:06:33,950 - INFO - Successfully saved PSX data (45 rows)
2025-11-22 14:06:33,951 - INFO - Processing 385/503 : PTC - PTC Inc. - 2mo
2025-11-22 14:06:34,190 - INFO - Successfully saved PTC data (45 rows)
2025-11-22 14:06:34,191 - INFO - Processing 386/503 : PWR - Quanta Services - 2mo
2025-11-22 14:06:34,479 - INFO - Successfully saved PWR data (45 rows)
2025-11-22 14:06:34,479 - INFO - Processing 387/503 : PYPL - PayPal - 2mo
2025-11-22 14:06:34,756 - INFO - Successfully saved PYPL data (45 rows)
2025-11-22 14:06:34,757 - INFO - Processing 388/503 : QCOM - Qualcomm - 2mo
2025-11-22 14:06:35,037 - INFO - Successfully saved QCOM data (45 rows)
2025-11-22 14:06:35,037 - INFO - Processing 389/503 : RCL - Royal Caribbean Group - 2mo
2025-11-22 14:06:35,337 - INFO - Successfully saved RCL data (45 rows)
2025-11-22 14:06:35,337 - INFO - Processing 390/503 : REG - Regency Centers - 2mo
2025-11-22 14:06:35,637 - INFO - Successfully saved REG data (45 rows)
2025-11-22 14:06:35,637 - INFO - Processing 391/503 : REGN - Regeneron Pharmaceuticals - 2mo
2025-11-22 14:06:35,920 - INFO - Successfully saved REGN data (45 rows)
2025-11-22 14:06:35,920 - INFO - Processing 392/503 : RF - Regions Financial Corporation - 2mo
2025-11-22 14:06:36,238 - INFO - Successfully saved RF data (45 rows)
2025-11-22 14:06:36,238 - INFO - Processing 393/503 : RJF - Raymond James Financial - 2mo
2025-11-22 14:06:36,553 - INFO - Successfully saved RJF data (45 rows)
2025-11-22 14:06:36,553 - INFO - Processing 394/503 : RL - Ralph Lauren Corporation - 2mo
2025-11-22 14:06:38,081 - INFO - Successfully saved RL data (45 rows)
2025-11-22 14:06:38,081 - INFO - Processing 395/503 : RMD - ResMed - 2mo
2025-11-22 14:06:39,311 - INFO - Successfully saved RMD data (45 rows)
2025-11-22 14:06:39,311 - INFO - Processing 396/503 : ROK - Rockwell Automation - 2mo
2025-11-22 14:06:40,036 - INFO - Successfully saved ROK data (45 rows)
2025-11-22 14:06:40,037 - INFO - Processing 397/503 : ROL - Rollins, Inc. - 2mo
2025-11-22 14:06:40,353 - INFO - Successfully saved ROL data (45 rows)
2025-11-22 14:06:40,353 - INFO - Processing 398/503 : ROP - Roper Technologies - 2mo
2025-11-22 14:06:40,709 - INFO - Successfully saved ROP data (45 rows)
2025-11-22 14:06:40,709 - INFO - Processing 399/503 : ROST - Ross Stores - 2mo
2025-11-22 14:06:41,051 - INFO - Successfully saved ROST data (45 rows)
2025-11-22 14:06:41,051 - INFO - Processing 400/503 : RSG - Republic Services - 2mo
2025-11-22 14:06:41,371 - INFO - Successfully saved RSG data (45 rows)
2025-11-22 14:06:41,371 - INFO - Processing 401/503 : RTX - RTX Corporation - 2mo
2025-11-22 14:06:41,802 - INFO - Successfully saved RTX data (45 rows)
2025-11-22 14:06:41,802 - INFO - Processing 402/503 : RVTY - Revvity - 2mo
2025-11-22 14:06:42,142 - INFO - Successfully saved RVTY data (45 rows)
2025-11-22 14:06:42,142 - INFO - Processing 403/503 : SBAC - SBA Communications - 2mo
2025-11-22 14:06:42,422 - INFO - Successfully saved SBAC data (45 rows)
2025-11-22 14:06:42,422 - INFO - Processing 404/503 : SBUX - Starbucks - 2mo
2025-11-22 14:06:42,696 - INFO - Successfully saved SBUX data (45 rows)
2025-11-22 14:06:42,696 - INFO - Processing 405/503 : SCHW - Charles Schwab Corporation - 2mo
2025-11-22 14:06:42,985 - INFO - Successfully saved SCHW data (45 rows)
2025-11-22 14:06:42,986 - INFO - Processing 406/503 : SHW - Sherwin-Williams - 2mo
2025-11-22 14:06:43,284 - INFO - Successfully saved SHW data (45 rows)
2025-11-22 14:06:43,284 - INFO - Processing 407/503 : SJM - J.M. Smucker Company (The) - 2mo
2025-11-22 14:06:43,607 - INFO - Successfully saved SJM data (45 rows)
2025-11-22 14:06:43,607 - INFO - Processing 408/503 : SLB - Schlumberger - 2mo
2025-11-22 14:06:43,946 - INFO - Successfully saved SLB data (45 rows)
2025-11-22 14:06:43,946 - INFO - Processing 409/503 : SMCI - Supermicro - 2mo
2025-11-22 14:06:44,193 - INFO - Successfully saved SMCI data (45 rows)
2025-11-22 14:06:44,193 - INFO - Processing 410/503 : SNA - Snap-on - 2mo
2025-11-22 14:06:44,536 - INFO - Successfully saved SNA data (45 rows)
2025-11-22 14:06:44,536 - INFO - Processing 411/503 : SNPS - Synopsys - 2mo
2025-11-22 14:06:44,794 - INFO - Successfully saved SNPS data (45 rows)
2025-11-22 14:06:44,794 - INFO - Processing 412/503 : SO - Southern Company - 2mo
2025-11-22 14:06:45,319 - INFO - Successfully saved SO data (45 rows)
2025-11-22 14:06:45,319 - INFO - Processing 413/503 : SOLV - Solventum - 2mo
2025-11-22 14:06:45,558 - INFO - Successfully saved SOLV data (45 rows)
2025-11-22 14:06:45,558 - INFO - Processing 414/503 : SPG - Simon Property Group - 2mo
2025-11-22 14:06:45,889 - INFO - Successfully saved SPG data (45 rows)
2025-11-22 14:06:45,889 - INFO - Processing 415/503 : SPGI - S&P Global - 2mo
2025-11-22 14:06:46,186 - INFO - Successfully saved SPGI data (45 rows)
2025-11-22 14:06:46,186 - INFO - Processing 416/503 : SRE - Sempra - 2mo
2025-11-22 14:06:46,486 - INFO - Successfully saved SRE data (45 rows)
2025-11-22 14:06:46,486 - INFO - Processing 417/503 : STE - Steris - 2mo
2025-11-22 14:06:46,772 - INFO - Successfully saved STE data (45 rows)
2025-11-22 14:06:46,772 - INFO - Processing 418/503 : STLD - Steel Dynamics - 2mo
2025-11-22 14:06:47,104 - INFO - Successfully saved STLD data (45 rows)
2025-11-22 14:06:47,105 - INFO - Processing 419/503 : STT - State Street Corporation - 2mo
2025-11-22 14:06:47,394 - INFO - Successfully saved STT data (45 rows)
2025-11-22 14:06:47,395 - INFO - Processing 420/503 : STX - Seagate Technology - 2mo
2025-11-22 14:06:47,674 - INFO - Successfully saved STX data (45 rows)
2025-11-22 14:06:47,674 - INFO - Processing 421/503 : STZ - Constellation Brands - 2mo
2025-11-22 14:06:47,976 - INFO - Successfully saved STZ data (45 rows)
2025-11-22 14:06:47,976 - INFO - Processing 422/503 : SW - Smurfit Westrock - 2mo
2025-11-22 14:06:48,245 - INFO - Successfully saved SW data (45 rows)
2025-11-22 14:06:48,245 - INFO - Processing 423/503 : SWK - Stanley Black & Decker - 2mo
2025-11-22 14:06:48,564 - INFO - Successfully saved SWK data (45 rows)
2025-11-22 14:06:48,565 - INFO - Processing 424/503 : SWKS - Skyworks Solutions - 2mo
2025-11-22 14:06:48,827 - INFO - Successfully saved SWKS data (45 rows)
2025-11-22 14:06:48,828 - INFO - Processing 425/503 : SYF - Synchrony Financial - 2mo
2025-11-22 14:06:49,080 - INFO - Successfully saved SYF data (45 rows)
2025-11-22 14:06:49,080 - INFO - Processing 426/503 : SYK - Stryker Corporation - 2mo
2025-11-22 14:06:49,359 - INFO - Successfully saved SYK data (45 rows)
2025-11-22 14:06:49,359 - INFO - Processing 427/503 : SYY - Sysco - 2mo
2025-11-22 14:06:49,697 - INFO - Successfully saved SYY data (45 rows)
2025-11-22 14:06:49,697 - INFO - Processing 428/503 : T - AT&T - 2mo
2025-11-22 14:06:50,025 - INFO - Successfully saved T data (45 rows)
2025-11-22 14:06:50,025 - INFO - Processing 429/503 : TAP - Molson Coors Beverage Company - 2mo
2025-11-22 14:06:50,383 - INFO - Successfully saved TAP data (45 rows)
2025-11-22 14:06:50,384 - INFO - Processing 430/503 : TDG - TransDigm Group - 2mo
2025-11-22 14:06:50,682 - INFO - Successfully saved TDG data (45 rows)
2025-11-22 14:06:50,683 - INFO - Processing 431/503 : TDY - Teledyne Technologies - 2mo
2025-11-22 14:06:50,966 - INFO - Successfully saved TDY data (45 rows)
2025-11-22 14:06:50,966 - INFO - Processing 432/503 : TECH - Bio-Techne - 2mo
2025-11-22 14:06:51,386 - INFO - Successfully saved TECH data (45 rows)
2025-11-22 14:06:51,386 - INFO - Processing 433/503 : TEL - TE Connectivity - 2mo
2025-11-22 14:06:51,679 - INFO - Successfully saved TEL data (45 rows)
2025-11-22 14:06:51,679 - INFO - Processing 434/503 : TER - Teradyne - 2mo
2025-11-22 14:06:51,986 - INFO - Successfully saved TER data (45 rows)
2025-11-22 14:06:51,986 - INFO - Processing 435/503 : TFC - Truist Financial - 2mo
2025-11-22 14:06:52,279 - INFO - Successfully saved TFC data (45 rows)
2025-11-22 14:06:52,279 - INFO - Processing 436/503 : TGT - Target Corporation - 2mo
2025-11-22 14:06:52,626 - INFO - Successfully saved TGT data (45 rows)
2025-11-22 14:06:52,626 - INFO - Processing 437/503 : TJX - TJX Companies - 2mo
2025-11-22 14:06:52,967 - INFO - Successfully saved TJX data (45 rows)
2025-11-22 14:06:52,967 - INFO - Processing 438/503 : TKO - TKO Group Holdings - 2mo
2025-11-22 14:06:53,239 - INFO - Successfully saved TKO data (45 rows)
2025-11-22 14:06:53,239 - INFO - Processing 439/503 : TMO - Thermo Fisher Scientific - 2mo
2025-11-22 14:06:53,577 - INFO - Successfully saved TMO data (45 rows)
2025-11-22 14:06:53,577 - INFO - Processing 440/503 : TMUS - T-Mobile US - 2mo
2025-11-22 14:06:53,873 - INFO - Successfully saved TMUS data (45 rows)
2025-11-22 14:06:53,874 - INFO - Processing 441/503 : TPL - Texas Pacific Land Corporation - 2mo
2025-11-22 14:06:54,253 - INFO - Successfully saved TPL data (45 rows)
2025-11-22 14:06:54,253 - INFO - Processing 442/503 : TPR - Tapestry, Inc. - 2mo
2025-11-22 14:06:54,531 - INFO - Successfully saved TPR data (45 rows)
2025-11-22 14:06:54,531 - INFO - Processing 443/503 : TRGP - Targa Resources - 2mo
2025-11-22 14:06:54,814 - INFO - Successfully saved TRGP data (45 rows)
2025-11-22 14:06:54,814 - INFO - Processing 444/503 : TRMB - Trimble Inc. - 2mo
2025-11-22 14:06:55,069 - INFO - Successfully saved TRMB data (45 rows)
2025-11-22 14:06:55,069 - INFO - Processing 445/503 : TROW - T. Rowe Price - 2mo
2025-11-22 14:06:55,381 - INFO - Successfully saved TROW data (45 rows)
2025-11-22 14:06:55,382 - INFO - Processing 446/503 : TRV - Travelers Companies (The) - 2mo
2025-11-22 14:06:55,735 - INFO - Successfully saved TRV data (45 rows)
2025-11-22 14:06:55,735 - INFO - Processing 447/503 : TSCO - Tractor Supply - 2mo
2025-11-22 14:06:56,036 - INFO - Successfully saved TSCO data (45 rows)
2025-11-22 14:06:56,036 - INFO - Processing 448/503 : TSLA - Tesla, Inc. - 2mo
2025-11-22 14:06:56,293 - INFO - Successfully saved TSLA data (45 rows)
2025-11-22 14:06:56,293 - INFO - Processing 449/503 : TSN - Tyson Foods - 2mo
2025-11-22 14:06:56,576 - INFO - Successfully saved TSN data (45 rows)
2025-11-22 14:06:56,576 - INFO - Processing 450/503 : TT - Trane Technologies - 2mo
2025-11-22 14:06:56,927 - INFO - Successfully saved TT data (45 rows)
2025-11-22 14:06:56,927 - INFO - Processing 451/503 : TTD - Trade Desk (The) - 2mo
2025-11-22 14:06:57,217 - INFO - Successfully saved TTD data (45 rows)
2025-11-22 14:06:57,217 - INFO - Processing 452/503 : TTWO - Take-Two Interactive - 2mo
2025-11-22 14:06:57,499 - INFO - Successfully saved TTWO data (45 rows)
2025-11-22 14:06:57,499 - INFO - Processing 453/503 : TXN - Texas Instruments - 2mo
2025-11-22 14:06:57,885 - INFO - Successfully saved TXN data (45 rows)
2025-11-22 14:06:57,885 - INFO - Processing 454/503 : TXT - Textron - 2mo
2025-11-22 14:06:58,216 - INFO - Successfully saved TXT data (45 rows)
2025-11-22 14:06:58,216 - INFO - Processing 455/503 : TYL - Tyler Technologies - 2mo
2025-11-22 14:06:58,463 - INFO - Successfully saved TYL data (45 rows)
2025-11-22 14:06:58,463 - INFO - Processing 456/503 : UAL - United Airlines Holdings - 2mo
2025-11-22 14:06:58,719 - INFO - Successfully saved UAL data (45 rows)
2025-11-22 14:06:58,720 - INFO - Processing 457/503 : UBER - Uber - 2mo
2025-11-22 14:06:59,013 - INFO - Successfully saved UBER data (45 rows)
2025-11-22 14:06:59,014 - INFO - Processing 458/503 : UDR - UDR, Inc. - 2mo
2025-11-22 14:06:59,332 - INFO - Successfully saved UDR data (45 rows)
2025-11-22 14:06:59,332 - INFO - Processing 459/503 : UHS - Universal Health Services - 2mo
2025-11-22 14:06:59,672 - INFO - Successfully saved UHS data (45 rows)
2025-11-22 14:06:59,672 - INFO - Processing 460/503 : ULTA - Ulta Beauty - 2mo
2025-11-22 14:06:59,971 - INFO - Successfully saved ULTA data (45 rows)
2025-11-22 14:06:59,971 - INFO - Processing 461/503 : UNH - UnitedHealth Group - 2mo
2025-11-22 14:07:00,295 - INFO - Successfully saved UNH data (45 rows)
2025-11-22 14:07:00,295 - INFO - Processing 462/503 : UNP - Union Pacific Corporation - 2mo
2025-11-22 14:07:00,635 - INFO - Successfully saved UNP data (45 rows)
2025-11-22 14:07:00,635 - INFO - Processing 463/503 : UPS - United Parcel Service - 2mo
2025-11-22 14:07:00,953 - INFO - Successfully saved UPS data (45 rows)
2025-11-22 14:07:00,953 - INFO - Processing 464/503 : URI - United Rentals - 2mo
2025-11-22 14:07:01,243 - INFO - Successfully saved URI data (45 rows)
2025-11-22 14:07:01,244 - INFO - Processing 465/503 : USB - U.S. Bancorp - 2mo
2025-11-22 14:07:01,543 - INFO - Successfully saved USB data (45 rows)
2025-11-22 14:07:01,543 - INFO - Processing 466/503 : V - Visa Inc. - 2mo
2025-11-22 14:07:01,905 - INFO - Successfully saved V data (45 rows)
2025-11-22 14:07:01,906 - INFO - Processing 467/503 : VICI - Vici Properties - 2mo
2025-11-22 14:07:04,316 - INFO - Successfully saved VICI data (45 rows)
2025-11-22 14:07:04,316 - INFO - Processing 468/503 : VLO - Valero Energy - 2mo
2025-11-22 14:07:05,243 - INFO - Successfully saved VLO data (45 rows)
2025-11-22 14:07:05,243 - INFO - Processing 469/503 : VLTO - Veralto - 2mo
2025-11-22 14:07:05,498 - INFO - Successfully saved VLTO data (45 rows)
2025-11-22 14:07:05,499 - INFO - Processing 470/503 : VMC - Vulcan Materials Company - 2mo
2025-11-22 14:07:05,838 - INFO - Successfully saved VMC data (45 rows)
2025-11-22 14:07:05,838 - INFO - Processing 471/503 : VRSK - Verisk Analytics - 2mo
2025-11-22 14:07:06,091 - INFO - Successfully saved VRSK data (45 rows)
2025-11-22 14:07:06,091 - INFO - Processing 472/503 : VRSN - Verisign - 2mo
2025-11-22 14:07:06,390 - INFO - Successfully saved VRSN data (45 rows)
2025-11-22 14:07:06,390 - INFO - Processing 473/503 : VRTX - Vertex Pharmaceuticals - 2mo
2025-11-22 14:07:06,662 - INFO - Successfully saved VRTX data (45 rows)
2025-11-22 14:07:06,662 - INFO - Processing 474/503 : VST - Vistra Corp. - 2mo
2025-11-22 14:07:06,930 - INFO - Successfully saved VST data (45 rows)
2025-11-22 14:07:06,930 - INFO - Processing 475/503 : VTR - Ventas - 2mo
2025-11-22 14:07:07,256 - INFO - Successfully saved VTR data (45 rows)
2025-11-22 14:07:07,256 - INFO - Processing 476/503 : VTRS - Viatris - 2mo
2025-11-22 14:07:07,579 - INFO - Successfully saved VTRS data (45 rows)
2025-11-22 14:07:07,579 - INFO - Processing 477/503 : VZ - Verizon - 2mo
2025-11-22 14:07:07,943 - INFO - Successfully saved VZ data (45 rows)
2025-11-22 14:07:07,944 - INFO - Processing 478/503 : WAB - Wabtec - 2mo
2025-11-22 14:07:08,285 - INFO - Successfully saved WAB data (45 rows)
2025-11-22 14:07:08,285 - INFO - Processing 479/503 : WAT - Waters Corporation - 2mo
2025-11-22 14:07:08,522 - INFO - Successfully saved WAT data (45 rows)
2025-11-22 14:07:08,523 - INFO - Processing 480/503 : WBA - Walgreens Boots Alliance - 2mo
2025-11-22 14:07:09,201 - ERROR - 
1 Failed download:
2025-11-22 14:07:09,201 - ERROR - ['WBA']: YFPricesMissingError('possibly delisted; no price data found  (period=2mo) (Yahoo error = "No data found, symbol may be delisted")')
2025-11-22 14:07:09,204 - ERROR - No data returned for WBA
2025-11-22 14:07:09,204 - INFO - Processing 481/503 : WBD - Warner Bros. Discovery - 2mo
2025-11-22 14:07:09,497 - INFO - Successfully saved WBD data (45 rows)
2025-11-22 14:07:09,497 - INFO - Processing 482/503 : WDAY - Workday, Inc. - 2mo
2025-11-22 14:07:09,745 - INFO - Successfully saved WDAY data (45 rows)
2025-11-22 14:07:09,745 - INFO - Processing 483/503 : WDC - Western Digital - 2mo
2025-11-22 14:07:10,054 - INFO - Successfully saved WDC data (45 rows)
2025-11-22 14:07:10,054 - INFO - Processing 484/503 : WEC - WEC Energy Group - 2mo
2025-11-22 14:07:10,403 - INFO - Successfully saved WEC data (45 rows)
2025-11-22 14:07:10,403 - INFO - Processing 485/503 : WELL - Welltower - 2mo
2025-11-22 14:07:10,710 - INFO - Successfully saved WELL data (45 rows)
2025-11-22 14:07:10,711 - INFO - Processing 486/503 : WFC - Wells Fargo - 2mo
2025-11-22 14:07:11,062 - INFO - Successfully saved WFC data (45 rows)
2025-11-22 14:07:11,062 - INFO - Processing 487/503 : WM - Waste Management - 2mo
2025-11-22 14:07:11,399 - INFO - Successfully saved WM data (45 rows)
2025-11-22 14:07:11,399 - INFO - Processing 488/503 : WMB - Williams Companies - 2mo
2025-11-22 14:07:11,721 - INFO - Successfully saved WMB data (45 rows)
2025-11-22 14:07:11,721 - INFO - Processing 489/503 : WMT - Walmart - 2mo
2025-11-22 14:07:12,091 - INFO - Successfully saved WMT data (45 rows)
2025-11-22 14:07:12,091 - INFO - Processing 490/503 : WRB - W. R. Berkley Corporation - 2mo
2025-11-22 14:07:12,449 - INFO - Successfully saved WRB data (45 rows)
2025-11-22 14:07:12,449 - INFO - Processing 491/503 : WSM - Williams-Sonoma, Inc. - 2mo
2025-11-22 14:07:12,721 - INFO - Successfully saved WSM data (45 rows)
2025-11-22 14:07:12,722 - INFO - Processing 492/503 : WST - West Pharmaceutical Services - 2mo
2025-11-22 14:07:13,063 - INFO - Successfully saved WST data (45 rows)
2025-11-22 14:07:13,064 - INFO - Processing 493/503 : WTW - Willis Towers Watson - 2mo
2025-11-22 14:07:13,342 - INFO - Successfully saved WTW data (45 rows)
2025-11-22 14:07:13,342 - INFO - Processing 494/503 : WY - Weyerhaeuser - 2mo
2025-11-22 14:07:13,678 - INFO - Successfully saved WY data (45 rows)
2025-11-22 14:07:13,679 - INFO - Processing 495/503 : WYNN - Wynn Resorts - 2mo
2025-11-22 14:07:14,003 - INFO - Successfully saved WYNN data (45 rows)
2025-11-22 14:07:14,003 - INFO - Processing 496/503 : XEL - Xcel Energy - 2mo
2025-11-22 14:07:14,355 - INFO - Successfully saved XEL data (45 rows)
2025-11-22 14:07:14,356 - INFO - Processing 497/503 : XOM - ExxonMobil - 2mo
2025-11-22 14:07:14,788 - INFO - Successfully saved XOM data (45 rows)
2025-11-22 14:07:14,788 - INFO - Processing 498/503 : XYL - Xylem Inc. - 2mo
2025-11-22 14:07:15,096 - INFO - Successfully saved XYL data (45 rows)
2025-11-22 14:07:15,096 - INFO - Processing 499/503 : XYZ - Block, Inc. - 2mo
2025-11-22 14:07:15,401 - INFO - Successfully saved XYZ data (45 rows)
2025-11-22 14:07:15,401 - INFO - Processing 500/503 : YUM - Yum! Brands - 2mo
2025-11-22 14:07:15,688 - INFO - Successfully saved YUM data (45 rows)
2025-11-22 14:07:15,688 - INFO - Processing 501/503 : ZBH - Zimmer Biomet - 2mo
2025-11-22 14:07:15,981 - INFO - Successfully saved ZBH data (45 rows)
2025-11-22 14:07:15,982 - INFO - Processing 502/503 : ZBRA - Zebra Technologies - 2mo
2025-11-22 14:07:16,268 - INFO - Successfully saved ZBRA data (45 rows)
2025-11-22 14:07:16,269 - INFO - Processing 503/503 : ZTS - Zoetis - 2mo
2025-11-22 14:07:16,577 - INFO - Successfully saved ZTS data (45 rows)
2025-11-22 14:07:16,577 - INFO - S&P 500 data download process completed
2025-11-22 14:10:45,949 - INFO - Loaded S&P 500 list with 503 companies data
2025-11-22 14:10:45,949 - INFO - Starting S&P 500 data download process
2025-11-22 14:10:45,949 - INFO - Processing 1/503 : A - Agilent Technologies - 2mo
2025-11-22 14:10:48,253 - INFO - Successfully saved A data (45 rows)
2025-11-22 14:10:48,254 - INFO - Processing 2/503 : AAPL - Apple Inc. - 2mo
2025-11-22 14:10:49,894 - INFO - Successfully saved AAPL data (45 rows)
2025-11-22 14:10:49,895 - INFO - Processing 3/503 : ABBV - AbbVie - 2mo
2025-11-22 14:10:50,405 - INFO - Successfully saved ABBV data (45 rows)
2025-11-22 14:10:50,405 - INFO - Processing 4/503 : ABNB - Airbnb - 2mo
2025-11-22 14:10:50,652 - INFO - Successfully saved ABNB data (45 rows)
2025-11-22 14:10:50,652 - INFO - Processing 5/503 : ABT - Abbott Laboratories - 2mo
2025-11-22 14:10:50,975 - INFO - Successfully saved ABT data (45 rows)
2025-11-22 14:10:50,975 - INFO - Processing 6/503 : ACGL - Arch Capital Group - 2mo
2025-11-22 14:10:51,237 - INFO - Successfully saved ACGL data (45 rows)
2025-11-22 14:10:51,238 - INFO - Processing 7/503 : ACN - Accenture - 2mo
2025-11-22 14:10:51,505 - INFO - Successfully saved ACN data (45 rows)
2025-11-22 14:10:51,505 - INFO - Processing 8/503 : ADBE - Adobe Inc. - 2mo
2025-11-22 14:10:51,784 - INFO - Successfully saved ADBE data (45 rows)
2025-11-22 14:10:51,784 - INFO - Processing 9/503 : ADI - Analog Devices - 2mo
2025-11-22 14:10:52,151 - INFO - Successfully saved ADI data (45 rows)
2025-11-22 14:10:52,151 - INFO - Processing 10/503 : ADM - Archer Daniels Midland - 2mo
2025-11-22 14:10:52,486 - INFO - Successfully saved ADM data (45 rows)
2025-11-22 14:10:52,486 - INFO - Processing 11/503 : ADP - Automatic Data Processing - 2mo
2025-11-22 14:10:52,799 - INFO - Successfully saved ADP data (45 rows)
2025-11-22 14:10:52,799 - INFO - Processing 12/503 : ADSK - Autodesk - 2mo
2025-11-22 14:10:53,086 - INFO - Successfully saved ADSK data (45 rows)
2025-11-22 14:10:53,086 - INFO - Processing 13/503 : AEE - Ameren - 2mo
2025-11-22 14:10:53,356 - INFO - Successfully saved AEE data (45 rows)
2025-11-22 14:10:53,356 - INFO - Processing 14/503 : AEP - American Electric Power - 2mo
2025-11-22 14:10:53,673 - INFO - Successfully saved AEP data (45 rows)
2025-11-22 14:10:53,673 - INFO - Processing 15/503 : AES - AES Corporation - 2mo
2025-11-22 14:10:54,042 - INFO - Successfully saved AES data (45 rows)
2025-11-22 14:10:54,042 - INFO - Processing 16/503 : AFL - Aflac - 2mo
2025-11-22 14:10:54,418 - INFO - Successfully saved AFL data (45 rows)
2025-11-22 14:10:54,418 - INFO - Processing 17/503 : AIG - American International Group - 2mo
2025-11-22 14:10:54,716 - INFO - Successfully saved AIG data (45 rows)
2025-11-22 14:10:54,716 - INFO - Processing 18/503 : AIZ - Assurant - 2mo
2025-11-22 14:10:54,994 - INFO - Successfully saved AIZ data (45 rows)
2025-11-22 14:10:54,995 - INFO - Processing 19/503 : AJG - Arthur J. Gallagher & Co. - 2mo
2025-11-22 14:10:55,301 - INFO - Successfully saved AJG data (45 rows)
2025-11-22 14:10:55,302 - INFO - Processing 20/503 : AKAM - Akamai Technologies - 2mo
2025-11-22 14:10:55,556 - INFO - Successfully saved AKAM data (45 rows)
2025-11-22 14:10:55,556 - INFO - Processing 21/503 : ALB - Albemarle Corporation - 2mo
2025-11-22 14:10:55,828 - INFO - Successfully saved ALB data (45 rows)
2025-11-22 14:10:55,828 - INFO - Processing 22/503 : ALGN - Align Technology - 2mo
2025-11-22 14:10:56,093 - INFO - Successfully saved ALGN data (45 rows)
2025-11-22 14:10:56,093 - INFO - Processing 23/503 : ALL - Allstate - 2mo
2025-11-22 14:10:56,369 - INFO - Successfully saved ALL data (45 rows)
2025-11-22 14:10:56,369 - INFO - Processing 24/503 : ALLE - Allegion - 2mo
2025-11-22 14:10:56,625 - INFO - Successfully saved ALLE data (45 rows)
2025-11-22 14:10:56,625 - INFO - Processing 25/503 : AMAT - Applied Materials - 2mo
2025-11-22 14:10:56,924 - INFO - Successfully saved AMAT data (45 rows)
2025-11-22 14:10:56,924 - INFO - Processing 26/503 : AMCR - Amcor - 2mo
2025-11-22 14:10:57,251 - INFO - Successfully saved AMCR data (45 rows)
2025-11-22 14:10:57,252 - INFO - Processing 27/503 : AMD - Advanced Micro Devices - 2mo
2025-11-22 14:10:57,532 - INFO - Successfully saved AMD data (45 rows)
2025-11-22 14:10:57,532 - INFO - Processing 28/503 : AME - Ametek - 2mo
2025-11-22 14:10:57,854 - INFO - Successfully saved AME data (45 rows)
2025-11-22 14:10:57,854 - INFO - Processing 29/503 : AMGN - Amgen - 2mo
2025-11-22 14:10:58,197 - INFO - Successfully saved AMGN data (45 rows)
2025-11-22 14:10:58,197 - INFO - Processing 30/503 : AMP - Ameriprise Financial - 2mo
2025-11-22 14:10:58,475 - INFO - Successfully saved AMP data (45 rows)
2025-11-22 14:10:58,475 - INFO - Processing 31/503 : AMT - American Tower - 2mo
2025-11-22 14:10:58,796 - INFO - Successfully saved AMT data (45 rows)
2025-11-22 14:10:58,797 - INFO - Processing 32/503 : AMZN - Amazon - 2mo
2025-11-22 14:10:59,038 - INFO - Successfully saved AMZN data (45 rows)
2025-11-22 14:10:59,038 - INFO - Processing 33/503 : ANET - Arista Networks - 2mo
2025-11-22 14:10:59,281 - INFO - Successfully saved ANET data (45 rows)
2025-11-22 14:10:59,281 - INFO - Processing 34/503 : AON - Aon plc - 2mo
2025-11-22 14:10:59,602 - INFO - Successfully saved AON data (45 rows)
2025-11-22 14:10:59,602 - INFO - Processing 35/503 : AOS - A. O. Smith - 2mo
2025-11-22 14:10:59,932 - INFO - Successfully saved AOS data (45 rows)
2025-11-22 14:10:59,932 - INFO - Processing 36/503 : APA - APA Corporation - 2mo
2025-11-22 14:11:00,259 - INFO - Successfully saved APA data (45 rows)
2025-11-22 14:11:00,260 - INFO - Processing 37/503 : APD - Air Products - 2mo
2025-11-22 14:11:00,570 - INFO - Successfully saved APD data (45 rows)
2025-11-22 14:11:00,571 - INFO - Processing 38/503 : APH - Amphenol - 2mo
2025-11-22 14:11:00,858 - INFO - Successfully saved APH data (45 rows)
2025-11-22 14:11:00,858 - INFO - Processing 39/503 : APO - Apollo Global Management - 2mo
2025-11-22 14:11:01,181 - INFO - Successfully saved APO data (45 rows)
2025-11-22 14:11:01,182 - INFO - Processing 40/503 : APTV - Aptiv - 2mo
2025-11-22 14:11:01,501 - INFO - Successfully saved APTV data (45 rows)
2025-11-22 14:11:01,502 - INFO - Processing 41/503 : ARE - Alexandria Real Estate Equities - 2mo
2025-11-22 14:11:01,780 - INFO - Successfully saved ARE data (45 rows)
2025-11-22 14:11:01,781 - INFO - Processing 42/503 : ATO - Atmos Energy - 2mo
2025-11-22 14:11:02,102 - INFO - Successfully saved ATO data (45 rows)
2025-11-22 14:11:02,102 - INFO - Processing 43/503 : AVB - AvalonBay Communities - 2mo
2025-11-22 14:11:02,428 - INFO - Successfully saved AVB data (45 rows)
2025-11-22 14:11:02,429 - INFO - Processing 44/503 : AVGO - Broadcom - 2mo
2025-11-22 14:11:02,698 - INFO - Successfully saved AVGO data (45 rows)
2025-11-22 14:11:02,698 - INFO - Processing 45/503 : AVY - Avery Dennison - 2mo
2025-11-22 14:11:03,027 - INFO - Successfully saved AVY data (45 rows)
2025-11-22 14:11:03,027 - INFO - Processing 46/503 : AWK - American Water Works - 2mo
2025-11-22 14:11:03,347 - INFO - Successfully saved AWK data (45 rows)
2025-11-22 14:11:03,348 - INFO - Processing 47/503 : AXON - Axon Enterprise - 2mo
2025-11-22 14:11:03,625 - INFO - Successfully saved AXON data (45 rows)
2025-11-22 14:11:03,625 - INFO - Processing 48/503 : AXP - American Express - 2mo
2025-11-22 14:11:03,924 - INFO - Successfully saved AXP data (45 rows)
2025-11-22 14:11:03,924 - INFO - Processing 49/503 : AZO - AutoZone - 2mo
2025-11-22 14:11:04,173 - INFO - Successfully saved AZO data (45 rows)
2025-11-22 14:11:04,173 - INFO - Processing 50/503 : BA - Boeing - 2mo
2025-11-22 14:11:04,542 - INFO - Successfully saved BA data (45 rows)
2025-11-22 14:11:04,542 - INFO - Processing 51/503 : BAC - Bank of America - 2mo
2025-11-22 14:11:04,859 - INFO - Successfully saved BAC data (45 rows)
2025-11-22 14:11:04,859 - INFO - Processing 52/503 : BALL - Ball Corporation - 2mo
2025-11-22 14:11:05,199 - INFO - Successfully saved BALL data (45 rows)
2025-11-22 14:11:05,199 - INFO - Processing 53/503 : BAX - Baxter International - 2mo
2025-11-22 14:11:05,490 - INFO - Successfully saved BAX data (45 rows)
2025-11-22 14:11:05,490 - INFO - Processing 54/503 : BBY - Best Buy - 2mo
2025-11-22 14:11:05,756 - INFO - Successfully saved BBY data (45 rows)
2025-11-22 14:11:05,757 - INFO - Processing 55/503 : BDX - Becton Dickinson - 2mo
2025-11-22 14:11:06,108 - INFO - Successfully saved BDX data (45 rows)
2025-11-22 14:11:06,109 - INFO - Processing 56/503 : BEN - Franklin Resources - 2mo
2025-11-22 14:11:06,432 - INFO - Successfully saved BEN data (45 rows)
2025-11-22 14:11:06,432 - INFO - Processing 57/503 : BF-B - Brown–Forman - 2mo
2025-11-22 14:11:06,744 - INFO - Successfully saved BF-B data (45 rows)
2025-11-22 14:11:06,744 - INFO - Processing 58/503 : BG - Bunge Global - 2mo
2025-11-22 14:11:07,067 - INFO - Successfully saved BG data (45 rows)
2025-11-22 14:11:07,067 - INFO - Processing 59/503 : BIIB - Biogen - 2mo
2025-11-22 14:11:07,306 - INFO - Successfully saved BIIB data (45 rows)
2025-11-22 14:11:07,306 - INFO - Processing 60/503 : BK - BNY Mellon - 2mo
2025-11-22 14:11:07,639 - INFO - Successfully saved BK data (45 rows)
2025-11-22 14:11:07,640 - INFO - Processing 61/503 : BKNG - Booking Holdings - 2mo
2025-11-22 14:11:07,917 - INFO - Successfully saved BKNG data (45 rows)
2025-11-22 14:11:07,917 - INFO - Processing 62/503 : BKR - Baker Hughes - 2mo
2025-11-22 14:11:08,255 - INFO - Successfully saved BKR data (45 rows)
2025-11-22 14:11:08,256 - INFO - Processing 63/503 : BLDR - Builders FirstSource - 2mo
2025-11-22 14:11:08,521 - INFO - Successfully saved BLDR data (45 rows)
2025-11-22 14:11:08,521 - INFO - Processing 64/503 : BLK - BlackRock - 2mo
2025-11-22 14:11:08,779 - INFO - Successfully saved BLK data (45 rows)
2025-11-22 14:11:08,780 - INFO - Processing 65/503 : BMY - Bristol Myers Squibb - 2mo
2025-11-22 14:11:09,082 - INFO - Successfully saved BMY data (45 rows)
2025-11-22 14:11:09,082 - INFO - Processing 66/503 : BR - Broadridge Financial Solutions - 2mo
2025-11-22 14:11:09,353 - INFO - Successfully saved BR data (45 rows)
2025-11-22 14:11:09,353 - INFO - Processing 67/503 : BRK-B - Berkshire Hathaway - 2mo
2025-11-22 14:11:09,610 - INFO - Successfully saved BRK-B data (45 rows)
2025-11-22 14:11:09,610 - INFO - Processing 68/503 : BRO - Brown & Brown - 2mo
2025-11-22 14:11:09,911 - INFO - Successfully saved BRO data (45 rows)
2025-11-22 14:11:09,911 - INFO - Processing 69/503 : BSX - Boston Scientific - 2mo
2025-11-22 14:11:10,158 - INFO - Successfully saved BSX data (45 rows)
2025-11-22 14:11:10,158 - INFO - Processing 70/503 : BX - Blackstone Inc. - 2mo
2025-11-22 14:11:10,470 - INFO - Successfully saved BX data (45 rows)
2025-11-22 14:11:10,470 - INFO - Processing 71/503 : BXP - BXP, Inc. - 2mo
2025-11-22 14:11:10,761 - INFO - Successfully saved BXP data (45 rows)
2025-11-22 14:11:10,761 - INFO - Processing 72/503 : C - Citigroup - 2mo
2025-11-22 14:11:11,111 - INFO - Successfully saved C data (45 rows)
2025-11-22 14:11:11,112 - INFO - Processing 73/503 : CAG - Conagra Brands - 2mo
2025-11-22 14:11:11,550 - INFO - Successfully saved CAG data (45 rows)
2025-11-22 14:11:11,550 - INFO - Processing 74/503 : CAH - Cardinal Health - 2mo
2025-11-22 14:11:13,237 - INFO - Successfully saved CAH data (45 rows)
2025-11-22 14:11:13,237 - INFO - Processing 75/503 : CARR - Carrier Global - 2mo
2025-11-22 14:11:14,582 - INFO - Successfully saved CARR data (45 rows)
2025-11-22 14:11:14,582 - INFO - Processing 76/503 : CAT - Caterpillar Inc. - 2mo
2025-11-22 14:11:15,153 - INFO - Successfully saved CAT data (45 rows)
2025-11-22 14:11:15,153 - INFO - Processing 77/503 : CB - Chubb Limited - 2mo
2025-11-22 14:11:15,447 - INFO - Successfully saved CB data (45 rows)
2025-11-22 14:11:15,447 - INFO - Processing 78/503 : CBOE - Cboe Global Markets - 2mo
2025-11-22 14:11:15,726 - INFO - Successfully saved CBOE data (45 rows)
2025-11-22 14:11:15,726 - INFO - Processing 79/503 : CBRE - CBRE Group - 2mo
2025-11-22 14:11:15,969 - INFO - Successfully saved CBRE data (45 rows)
2025-11-22 14:11:15,969 - INFO - Processing 80/503 : CCI - Crown Castle - 2mo
2025-11-22 14:11:16,234 - INFO - Successfully saved CCI data (45 rows)
2025-11-22 14:11:16,234 - INFO - Processing 81/503 : CCL - Carnival - 2mo
2025-11-22 14:11:16,516 - INFO - Successfully saved CCL data (45 rows)
2025-11-22 14:11:16,516 - INFO - Processing 82/503 : CDNS - Cadence Design Systems - 2mo
2025-11-22 14:11:16,824 - INFO - Successfully saved CDNS data (45 rows)
2025-11-22 14:11:16,824 - INFO - Processing 83/503 : CDW - CDW Corporation - 2mo
2025-11-22 14:11:17,112 - INFO - Successfully saved CDW data (45 rows)
2025-11-22 14:11:17,112 - INFO - Processing 84/503 : CEG - Constellation Energy - 2mo
2025-11-22 14:11:17,420 - INFO - Successfully saved CEG data (45 rows)
2025-11-22 14:11:17,420 - INFO - Processing 85/503 : CF - CF Industries - 2mo
2025-11-22 14:11:17,721 - INFO - Successfully saved CF data (45 rows)
2025-11-22 14:11:17,722 - INFO - Processing 86/503 : CFG - Citizens Financial Group - 2mo
2025-11-22 14:11:18,083 - INFO - Successfully saved CFG data (45 rows)
2025-11-22 14:11:18,083 - INFO - Processing 87/503 : CHD - Church & Dwight - 2mo
2025-11-22 14:11:18,399 - INFO - Successfully saved CHD data (45 rows)
2025-11-22 14:11:18,399 - INFO - Processing 88/503 : CHRW - C.H. Robinson - 2mo
2025-11-22 14:11:18,680 - INFO - Successfully saved CHRW data (45 rows)
2025-11-22 14:11:18,681 - INFO - Processing 89/503 : CHTR - Charter Communications - 2mo
2025-11-22 14:11:18,978 - INFO - Successfully saved CHTR data (45 rows)
2025-11-22 14:11:18,978 - INFO - Processing 90/503 : CI - Cigna - 2mo
2025-11-22 14:11:19,290 - INFO - Successfully saved CI data (45 rows)
2025-11-22 14:11:19,291 - INFO - Processing 91/503 : CINF - Cincinnati Financial - 2mo
2025-11-22 14:11:19,601 - INFO - Successfully saved CINF data (45 rows)
2025-11-22 14:11:19,601 - INFO - Processing 92/503 : CL - Colgate-Palmolive - 2mo
2025-11-22 14:11:19,970 - INFO - Successfully saved CL data (45 rows)
2025-11-22 14:11:19,970 - INFO - Processing 93/503 : CLX - Clorox - 2mo
2025-11-22 14:11:20,259 - INFO - Successfully saved CLX data (45 rows)
2025-11-22 14:11:20,259 - INFO - Processing 94/503 : CMCSA - Comcast - 2mo
2025-11-22 14:11:20,564 - INFO - Successfully saved CMCSA data (45 rows)
2025-11-22 14:11:20,564 - INFO - Processing 95/503 : CME - CME Group - 2mo
2025-11-22 14:11:20,838 - INFO - Successfully saved CME data (45 rows)
2025-11-22 14:11:20,838 - INFO - Processing 96/503 : CMG - Chipotle Mexican Grill - 2mo
2025-11-22 14:11:21,098 - INFO - Successfully saved CMG data (45 rows)
2025-11-22 14:11:21,098 - INFO - Processing 97/503 : CMI - Cummins - 2mo
2025-11-22 14:11:21,409 - INFO - Successfully saved CMI data (45 rows)
2025-11-22 14:11:21,409 - INFO - Processing 98/503 : CMS - CMS Energy - 2mo
2025-11-22 14:11:21,849 - INFO - Successfully saved CMS data (45 rows)
2025-11-22 14:11:21,850 - INFO - Processing 99/503 : CNC - Centene Corporation - 2mo
2025-11-22 14:11:22,095 - INFO - Successfully saved CNC data (45 rows)
2025-11-22 14:11:22,095 - INFO - Processing 100/503 : CNP - CenterPoint Energy - 2mo
2025-11-22 14:11:22,433 - INFO - Successfully saved CNP data (45 rows)
2025-11-22 14:11:22,434 - INFO - Processing 101/503 : COF - Capital One - 2mo
2025-11-22 14:11:22,762 - INFO - Successfully saved COF data (45 rows)
2025-11-22 14:11:22,762 - INFO - Processing 102/503 : COIN - Coinbase - 2mo
2025-11-22 14:11:23,033 - INFO - Successfully saved COIN data (45 rows)
2025-11-22 14:11:23,034 - INFO - Processing 103/503 : COO - Cooper Companies (The) - 2mo
2025-11-22 14:11:23,339 - INFO - Successfully saved COO data (45 rows)
2025-11-22 14:11:23,339 - INFO - Processing 104/503 : COP - ConocoPhillips - 2mo
2025-11-22 14:11:23,636 - INFO - Successfully saved COP data (45 rows)
2025-11-22 14:11:23,637 - INFO - Processing 105/503 : COR - Cencora - 2mo
2025-11-22 14:11:23,947 - INFO - Successfully saved COR data (45 rows)
2025-11-22 14:11:23,947 - INFO - Processing 106/503 : COST - Costco - 2mo
2025-11-22 14:11:24,249 - INFO - Successfully saved COST data (45 rows)
2025-11-22 14:11:24,249 - INFO - Processing 107/503 : CPAY - Corpay - 2mo
2025-11-22 14:11:24,539 - INFO - Successfully saved CPAY data (45 rows)
2025-11-22 14:11:24,539 - INFO - Processing 108/503 : CPB - Campbell's Company (The) - 2mo
2025-11-22 14:11:24,885 - INFO - Successfully saved CPB data (45 rows)
2025-11-22 14:11:24,885 - INFO - Processing 109/503 : CPRT - Copart - 2mo
2025-11-22 14:11:25,242 - INFO - Successfully saved CPRT data (45 rows)
2025-11-22 14:11:25,242 - INFO - Processing 110/503 : CPT - Camden Property Trust - 2mo
2025-11-22 14:11:25,558 - INFO - Successfully saved CPT data (45 rows)
2025-11-22 14:11:25,558 - INFO - Processing 111/503 : CRL - Charles River Laboratories - 2mo
2025-11-22 14:11:25,866 - INFO - Successfully saved CRL data (45 rows)
2025-11-22 14:11:25,866 - INFO - Processing 112/503 : CRM - Salesforce - 2mo
2025-11-22 14:11:26,164 - INFO - Successfully saved CRM data (45 rows)
2025-11-22 14:11:26,164 - INFO - Processing 113/503 : CRWD - CrowdStrike - 2mo
2025-11-22 14:11:26,431 - INFO - Successfully saved CRWD data (45 rows)
2025-11-22 14:11:26,431 - INFO - Processing 114/503 : CSCO - Cisco - 2mo
2025-11-22 14:11:26,730 - INFO - Successfully saved CSCO data (45 rows)
2025-11-22 14:11:26,731 - INFO - Processing 115/503 : CSGP - CoStar Group - 2mo
2025-11-22 14:11:26,977 - INFO - Successfully saved CSGP data (45 rows)
2025-11-22 14:11:26,977 - INFO - Processing 116/503 : CSX - CSX Corporation - 2mo
2025-11-22 14:11:27,312 - INFO - Successfully saved CSX data (45 rows)
2025-11-22 14:11:27,312 - INFO - Processing 117/503 : CTAS - Cintas - 2mo
2025-11-22 14:11:27,640 - INFO - Successfully saved CTAS data (45 rows)
2025-11-22 14:11:27,640 - INFO - Processing 118/503 : CTRA - Coterra - 2mo
2025-11-22 14:11:27,952 - INFO - Successfully saved CTRA data (45 rows)
2025-11-22 14:11:27,952 - INFO - Processing 119/503 : CTSH - Cognizant - 2mo
2025-11-22 14:11:28,242 - INFO - Successfully saved CTSH data (45 rows)
2025-11-22 14:11:28,242 - INFO - Processing 120/503 : CTVA - Corteva - 2mo
2025-11-22 14:11:28,487 - INFO - Successfully saved CTVA data (45 rows)
2025-11-22 14:11:28,488 - INFO - Processing 121/503 : CVS - CVS Health - 2mo
2025-11-22 14:11:28,819 - INFO - Successfully saved CVS data (45 rows)
2025-11-22 14:11:28,820 - INFO - Processing 122/503 : CVX - Chevron Corporation - 2mo
2025-11-22 14:11:29,155 - INFO - Successfully saved CVX data (45 rows)
2025-11-22 14:11:29,155 - INFO - Processing 123/503 : CZR - Caesars Entertainment - 2mo
2025-11-22 14:11:29,450 - INFO - Successfully saved CZR data (45 rows)
2025-11-22 14:11:29,450 - INFO - Processing 124/503 : D - Dominion Energy - 2mo
2025-11-22 14:11:29,801 - INFO - Successfully saved D data (45 rows)
2025-11-22 14:11:29,801 - INFO - Processing 125/503 : DAL - Delta Air Lines - 2mo
2025-11-22 14:11:30,088 - INFO - Successfully saved DAL data (45 rows)
2025-11-22 14:11:30,089 - INFO - Processing 126/503 : DASH - DoorDash - 2mo
2025-11-22 14:11:30,339 - INFO - Successfully saved DASH data (45 rows)
2025-11-22 14:11:30,339 - INFO - Processing 127/503 : DAY - Dayforce - 2mo
2025-11-22 14:11:30,595 - INFO - Successfully saved DAY data (45 rows)
2025-11-22 14:11:30,595 - INFO - Processing 128/503 : DD - DuPont - 2mo
2025-11-22 14:11:30,909 - INFO - Successfully saved DD data (45 rows)
2025-11-22 14:11:30,910 - INFO - Processing 129/503 : DDOG - Datadog - 2mo
2025-11-22 14:11:31,198 - INFO - Successfully saved DDOG data (45 rows)
2025-11-22 14:11:31,198 - INFO - Processing 130/503 : DE - Deere & Company - 2mo
2025-11-22 14:11:31,519 - INFO - Successfully saved DE data (45 rows)
2025-11-22 14:11:31,519 - INFO - Processing 131/503 : DECK - Deckers Brands - 2mo
2025-11-22 14:11:31,858 - INFO - Successfully saved DECK data (45 rows)
2025-11-22 14:11:31,858 - INFO - Processing 132/503 : DELL - Dell Technologies - 2mo
2025-11-22 14:11:32,122 - INFO - Successfully saved DELL data (45 rows)
2025-11-22 14:11:32,122 - INFO - Processing 133/503 : DG - Dollar General - 2mo
2025-11-22 14:11:32,389 - INFO - Successfully saved DG data (45 rows)
2025-11-22 14:11:32,389 - INFO - Processing 134/503 : DGX - Quest Diagnostics - 2mo
2025-11-22 14:11:32,685 - INFO - Successfully saved DGX data (45 rows)
2025-11-22 14:11:32,685 - INFO - Processing 135/503 : DHI - D. R. Horton - 2mo
2025-11-22 14:11:32,964 - INFO - Successfully saved DHI data (45 rows)
2025-11-22 14:11:32,964 - INFO - Processing 136/503 : DHR - Danaher Corporation - 2mo
2025-11-22 14:11:33,260 - INFO - Successfully saved DHR data (45 rows)
2025-11-22 14:11:33,260 - INFO - Processing 137/503 : DIS - Walt Disney Company (The) - 2mo
2025-11-22 14:11:33,656 - INFO - Successfully saved DIS data (45 rows)
2025-11-22 14:11:33,656 - INFO - Processing 138/503 : DLR - Digital Realty - 2mo
2025-11-22 14:11:33,967 - INFO - Successfully saved DLR data (45 rows)
2025-11-22 14:11:33,967 - INFO - Processing 139/503 : DLTR - Dollar Tree - 2mo
2025-11-22 14:11:34,206 - INFO - Successfully saved DLTR data (45 rows)
2025-11-22 14:11:34,206 - INFO - Processing 140/503 : DOC - Healthpeak Properties - 2mo
2025-11-22 14:11:34,559 - INFO - Successfully saved DOC data (45 rows)
2025-11-22 14:11:34,559 - INFO - Processing 141/503 : DOV - Dover Corporation - 2mo
2025-11-22 14:11:34,868 - INFO - Successfully saved DOV data (45 rows)
2025-11-22 14:11:34,868 - INFO - Processing 142/503 : DOW - Dow Inc. - 2mo
2025-11-22 14:11:35,200 - INFO - Successfully saved DOW data (45 rows)
2025-11-22 14:11:35,201 - INFO - Processing 143/503 : DPZ - Domino's - 2mo
2025-11-22 14:11:35,474 - INFO - Successfully saved DPZ data (45 rows)
2025-11-22 14:11:35,474 - INFO - Processing 144/503 : DRI - Darden Restaurants - 2mo
2025-11-22 14:11:35,833 - INFO - Successfully saved DRI data (45 rows)
2025-11-22 14:11:35,833 - INFO - Processing 145/503 : DTE - DTE Energy - 2mo
2025-11-22 14:11:36,161 - INFO - Successfully saved DTE data (45 rows)
2025-11-22 14:11:36,161 - INFO - Processing 146/503 : DUK - Duke Energy - 2mo
2025-11-22 14:11:38,081 - INFO - Successfully saved DUK data (45 rows)
2025-11-22 14:11:38,081 - INFO - Processing 147/503 : DVA - DaVita - 2mo
2025-11-22 14:12:54,912 - INFO - Loaded S&P 500 list with 503 companies data
2025-11-22 14:12:54,912 - INFO - Starting S&P 500 data download process
2025-11-22 14:12:54,912 - INFO - Processing 1/503 : A - Agilent Technologies - 2mo
2025-11-22 14:12:56,429 - INFO - Successfully saved A data (45 rows)
2025-11-22 14:12:56,429 - INFO - Processing 2/503 : AAPL - Apple Inc. - 2mo
2025-11-22 14:12:56,947 - INFO - Successfully saved AAPL data (45 rows)
2025-11-22 14:12:56,947 - INFO - Processing 3/503 : ABBV - AbbVie - 2mo
2025-11-22 14:12:57,805 - INFO - Successfully saved ABBV data (45 rows)
2025-11-22 14:12:57,805 - INFO - Processing 4/503 : ABNB - Airbnb - 2mo
2025-11-22 14:12:58,591 - INFO - Successfully saved ABNB data (45 rows)
2025-11-22 14:12:58,592 - INFO - Processing 5/503 : ABT - Abbott Laboratories - 2mo
2025-11-22 14:12:59,453 - INFO - Successfully saved ABT data (45 rows)
2025-11-22 14:12:59,453 - INFO - Processing 6/503 : ACGL - Arch Capital Group - 2mo
2025-11-22 14:12:59,883 - INFO - Successfully saved ACGL data (45 rows)
2025-11-22 14:12:59,883 - INFO - Processing 7/503 : ACN - Accenture - 2mo
2025-11-22 14:13:00,412 - INFO - Successfully saved ACN data (45 rows)
2025-11-22 14:13:00,412 - INFO - Processing 8/503 : ADBE - Adobe Inc. - 2mo
2025-11-22 14:13:00,850 - INFO - Successfully saved ADBE data (45 rows)
2025-11-22 14:13:00,851 - INFO - Processing 9/503 : ADI - Analog Devices - 2mo
2025-11-22 14:13:01,389 - INFO - Successfully saved ADI data (45 rows)
2025-11-22 14:13:01,389 - INFO - Processing 10/503 : ADM - Archer Daniels Midland - 2mo
2025-11-22 14:13:02,035 - INFO - Successfully saved ADM data (45 rows)
2025-11-22 14:13:02,035 - INFO - Processing 11/503 : ADP - Automatic Data Processing - 2mo
2025-11-22 14:13:02,394 - INFO - Successfully saved ADP data (45 rows)
2025-11-22 14:13:02,394 - INFO - Processing 12/503 : ADSK - Autodesk - 2mo
2025-11-22 14:13:02,693 - INFO - Successfully saved ADSK data (45 rows)
2025-11-22 14:13:02,693 - INFO - Processing 13/503 : AEE - Ameren - 2mo
2025-11-22 14:13:03,032 - INFO - Successfully saved AEE data (45 rows)
2025-11-22 14:13:03,033 - INFO - Processing 14/503 : AEP - American Electric Power - 2mo
2025-11-22 14:13:03,486 - INFO - Successfully saved AEP data (45 rows)
2025-11-22 14:13:03,486 - INFO - Processing 15/503 : AES - AES Corporation - 2mo
2025-11-22 14:13:03,819 - INFO - Successfully saved AES data (45 rows)
2025-11-22 14:13:03,819 - INFO - Processing 16/503 : AFL - Aflac - 2mo
2025-11-22 14:13:04,163 - INFO - Successfully saved AFL data (45 rows)
2025-11-22 14:13:04,164 - INFO - Processing 17/503 : AIG - American International Group - 2mo
2025-11-22 14:13:04,498 - INFO - Successfully saved AIG data (45 rows)
2025-11-22 14:13:04,498 - INFO - Processing 18/503 : AIZ - Assurant - 2mo
2025-11-22 14:13:04,819 - INFO - Successfully saved AIZ data (45 rows)
2025-11-22 14:13:04,819 - INFO - Processing 19/503 : AJG - Arthur J. Gallagher & Co. - 2mo
2025-11-22 14:13:05,138 - INFO - Successfully saved AJG data (45 rows)
2025-11-22 14:13:05,138 - INFO - Processing 20/503 : AKAM - Akamai Technologies - 2mo
2025-11-22 14:13:05,435 - INFO - Successfully saved AKAM data (45 rows)
2025-11-22 14:13:05,435 - INFO - Processing 21/503 : ALB - Albemarle Corporation - 2mo
2025-11-22 14:13:05,793 - INFO - Successfully saved ALB data (45 rows)
2025-11-22 14:13:05,793 - INFO - Processing 22/503 : ALGN - Align Technology - 2mo
2025-11-22 14:13:06,081 - INFO - Successfully saved ALGN data (45 rows)
2025-11-22 14:13:06,082 - INFO - Processing 23/503 : ALL - Allstate - 2mo
2025-11-22 14:13:06,382 - INFO - Successfully saved ALL data (45 rows)
2025-11-22 14:13:06,382 - INFO - Processing 24/503 : ALLE - Allegion - 2mo
2025-11-22 14:13:06,649 - INFO - Successfully saved ALLE data (45 rows)
2025-11-22 14:13:06,649 - INFO - Processing 25/503 : AMAT - Applied Materials - 2mo
2025-11-22 14:13:06,924 - INFO - Successfully saved AMAT data (45 rows)
2025-11-22 14:13:06,924 - INFO - Processing 26/503 : AMCR - Amcor - 2mo
2025-11-22 14:13:07,292 - INFO - Successfully saved AMCR data (45 rows)
2025-11-22 14:13:07,293 - INFO - Processing 27/503 : AMD - Advanced Micro Devices - 2mo
2025-11-22 14:13:07,590 - INFO - Successfully saved AMD data (45 rows)
2025-11-22 14:13:07,590 - INFO - Processing 28/503 : AME - Ametek - 2mo
2025-11-22 14:13:07,937 - INFO - Successfully saved AME data (45 rows)
2025-11-22 14:13:07,937 - INFO - Processing 29/503 : AMGN - Amgen - 2mo
2025-11-22 14:13:08,274 - INFO - Successfully saved AMGN data (45 rows)
2025-11-22 14:13:08,274 - INFO - Processing 30/503 : AMP - Ameriprise Financial - 2mo
2025-11-22 14:13:08,544 - INFO - Successfully saved AMP data (45 rows)
2025-11-22 14:13:08,544 - INFO - Processing 31/503 : AMT - American Tower - 2mo
2025-11-22 14:13:08,834 - INFO - Successfully saved AMT data (45 rows)
2025-11-22 14:13:08,835 - INFO - Processing 32/503 : AMZN - Amazon - 2mo
2025-11-22 14:13:09,081 - INFO - Successfully saved AMZN data (45 rows)
2025-11-22 14:13:09,081 - INFO - Processing 33/503 : ANET - Arista Networks - 2mo
2025-11-22 14:13:09,368 - INFO - Successfully saved ANET data (45 rows)
2025-11-22 14:13:09,368 - INFO - Processing 34/503 : AON - Aon plc - 2mo
2025-11-22 14:13:09,748 - INFO - Successfully saved AON data (45 rows)
2025-11-22 14:13:09,748 - INFO - Processing 35/503 : AOS - A. O. Smith - 2mo
2025-11-22 14:13:10,046 - INFO - Successfully saved AOS data (45 rows)
2025-11-22 14:13:10,046 - INFO - Processing 36/503 : APA - APA Corporation - 2mo
2025-11-22 14:13:10,436 - INFO - Successfully saved APA data (45 rows)
2025-11-22 14:13:10,436 - INFO - Processing 37/503 : APD - Air Products - 2mo
2025-11-22 14:13:10,812 - INFO - Successfully saved APD data (45 rows)
2025-11-22 14:13:10,812 - INFO - Processing 38/503 : APH - Amphenol - 2mo
2025-11-22 14:13:11,104 - INFO - Successfully saved APH data (45 rows)
2025-11-22 14:13:11,105 - INFO - Processing 39/503 : APO - Apollo Global Management - 2mo
2025-11-22 14:13:11,407 - INFO - Successfully saved APO data (45 rows)
2025-11-22 14:13:11,407 - INFO - Processing 40/503 : APTV - Aptiv - 2mo
2025-11-22 14:13:11,746 - INFO - Successfully saved APTV data (45 rows)
2025-11-22 14:13:11,746 - INFO - Processing 41/503 : ARE - Alexandria Real Estate Equities - 2mo
2025-11-22 14:13:12,087 - INFO - Successfully saved ARE data (45 rows)
2025-11-22 14:13:12,087 - INFO - Processing 42/503 : ATO - Atmos Energy - 2mo
2025-11-22 14:13:12,392 - INFO - Successfully saved ATO data (45 rows)
2025-11-22 14:13:12,392 - INFO - Processing 43/503 : AVB - AvalonBay Communities - 2mo
2025-11-22 14:13:12,687 - INFO - Successfully saved AVB data (45 rows)
2025-11-22 14:13:12,687 - INFO - Processing 44/503 : AVGO - Broadcom - 2mo
2025-11-22 14:13:12,945 - INFO - Successfully saved AVGO data (45 rows)
2025-11-22 14:13:12,945 - INFO - Processing 45/503 : AVY - Avery Dennison - 2mo
2025-11-22 14:13:13,272 - INFO - Successfully saved AVY data (45 rows)
2025-11-22 14:13:13,273 - INFO - Processing 46/503 : AWK - American Water Works - 2mo
2025-11-22 14:13:13,561 - INFO - Successfully saved AWK data (45 rows)
2025-11-22 14:13:13,561 - INFO - Processing 47/503 : AXON - Axon Enterprise - 2mo
2025-11-22 14:13:13,822 - INFO - Successfully saved AXON data (45 rows)
2025-11-22 14:13:13,822 - INFO - Processing 48/503 : AXP - American Express - 2mo
2025-11-22 14:13:14,122 - INFO - Successfully saved AXP data (45 rows)
2025-11-22 14:13:14,123 - INFO - Processing 49/503 : AZO - AutoZone - 2mo
2025-11-22 14:13:14,359 - INFO - Successfully saved AZO data (45 rows)
2025-11-22 14:13:14,360 - INFO - Processing 50/503 : BA - Boeing - 2mo
2025-11-22 14:13:14,686 - INFO - Successfully saved BA data (45 rows)
2025-11-22 14:13:14,687 - INFO - Processing 51/503 : BAC - Bank of America - 2mo
2025-11-22 14:13:15,034 - INFO - Successfully saved BAC data (45 rows)
2025-11-22 14:13:15,034 - INFO - Processing 52/503 : BALL - Ball Corporation - 2mo
2025-11-22 14:13:15,377 - INFO - Successfully saved BALL data (45 rows)
2025-11-22 14:13:15,378 - INFO - Processing 53/503 : BAX - Baxter International - 2mo
2025-11-22 14:13:15,736 - INFO - Successfully saved BAX data (45 rows)
2025-11-22 14:13:15,736 - INFO - Processing 54/503 : BBY - Best Buy - 2mo
2025-11-22 14:13:16,056 - INFO - Successfully saved BBY data (45 rows)
2025-11-22 14:13:16,056 - INFO - Processing 55/503 : BDX - Becton Dickinson - 2mo
2025-11-22 14:13:16,540 - INFO - Successfully saved BDX data (45 rows)
2025-11-22 14:13:16,540 - INFO - Processing 56/503 : BEN - Franklin Resources - 2mo
2025-11-22 14:13:18,558 - INFO - Successfully saved BEN data (45 rows)
2025-11-22 14:13:18,558 - INFO - Processing 57/503 : BF-B - Brown–Forman - 2mo
2025-11-22 14:13:19,600 - INFO - Successfully saved BF-B data (45 rows)
2025-11-22 14:13:19,601 - INFO - Processing 58/503 : BG - Bunge Global - 2mo
2025-11-22 14:13:19,886 - INFO - Successfully saved BG data (45 rows)
2025-11-22 14:13:19,886 - INFO - Processing 59/503 : BIIB - Biogen - 2mo
2025-11-22 14:13:20,154 - INFO - Successfully saved BIIB data (45 rows)
2025-11-22 14:13:20,154 - INFO - Processing 60/503 : BK - BNY Mellon - 2mo
2025-11-22 14:13:20,472 - INFO - Successfully saved BK data (45 rows)
2025-11-22 14:13:20,472 - INFO - Processing 61/503 : BKNG - Booking Holdings - 2mo
2025-11-22 14:13:20,735 - INFO - Successfully saved BKNG data (45 rows)
2025-11-22 14:13:20,735 - INFO - Processing 62/503 : BKR - Baker Hughes - 2mo
2025-11-22 14:13:21,039 - INFO - Successfully saved BKR data (45 rows)
2025-11-22 14:13:21,039 - INFO - Processing 63/503 : BLDR - Builders FirstSource - 2mo
2025-11-22 14:13:21,318 - INFO - Successfully saved BLDR data (45 rows)
2025-11-22 14:13:21,318 - INFO - Processing 64/503 : BLK - BlackRock - 2mo
2025-11-22 14:13:21,607 - INFO - Successfully saved BLK data (45 rows)
2025-11-22 14:13:21,607 - INFO - Processing 65/503 : BMY - Bristol Myers Squibb - 2mo
2025-11-22 14:13:21,971 - INFO - Successfully saved BMY data (45 rows)
2025-11-22 14:13:21,971 - INFO - Processing 66/503 : BR - Broadridge Financial Solutions - 2mo
2025-11-22 14:13:22,336 - INFO - Successfully saved BR data (45 rows)
2025-11-22 14:13:22,400 - INFO - Processing 67/503 : BRK-B - Berkshire Hathaway - 2mo
2025-11-22 14:13:22,723 - INFO - Successfully saved BRK-B data (45 rows)
2025-11-22 14:13:22,723 - INFO - Processing 68/503 : BRO - Brown & Brown - 2mo
2025-11-22 14:13:23,107 - INFO - Successfully saved BRO data (45 rows)
2025-11-22 14:13:23,107 - INFO - Processing 69/503 : BSX - Boston Scientific - 2mo
2025-11-22 14:13:23,357 - INFO - Successfully saved BSX data (45 rows)
2025-11-22 14:13:23,357 - INFO - Processing 70/503 : BX - Blackstone Inc. - 2mo
2025-11-22 14:13:23,626 - INFO - Successfully saved BX data (45 rows)
2025-11-22 14:13:23,626 - INFO - Processing 71/503 : BXP - BXP, Inc. - 2mo
2025-11-22 14:13:23,913 - INFO - Successfully saved BXP data (45 rows)
2025-11-22 14:13:23,913 - INFO - Processing 72/503 : C - Citigroup - 2mo
2025-11-22 14:13:24,299 - INFO - Successfully saved C data (45 rows)
2025-11-22 14:13:24,300 - INFO - Processing 73/503 : CAG - Conagra Brands - 2mo
2025-11-22 14:13:24,690 - INFO - Successfully saved CAG data (45 rows)
2025-11-22 14:13:24,690 - INFO - Processing 74/503 : CAH - Cardinal Health - 2mo
2025-11-22 14:13:24,990 - INFO - Successfully saved CAH data (45 rows)
2025-11-22 14:13:24,990 - INFO - Processing 75/503 : CARR - Carrier Global - 2mo
2025-11-22 14:13:25,254 - INFO - Successfully saved CARR data (45 rows)
2025-11-22 14:13:25,254 - INFO - Processing 76/503 : CAT - Caterpillar Inc. - 2mo
2025-11-22 14:13:25,613 - INFO - Successfully saved CAT data (45 rows)
2025-11-22 14:13:25,613 - INFO - Processing 77/503 : CB - Chubb Limited - 2mo
2025-11-22 14:13:25,906 - INFO - Successfully saved CB data (45 rows)
2025-11-22 14:13:25,906 - INFO - Processing 78/503 : CBOE - Cboe Global Markets - 2mo
2025-11-22 14:13:26,192 - INFO - Successfully saved CBOE data (45 rows)
2025-11-22 14:13:26,192 - INFO - Processing 79/503 : CBRE - CBRE Group - 2mo
2025-11-22 14:13:26,464 - INFO - Successfully saved CBRE data (45 rows)
2025-11-22 14:13:26,464 - INFO - Processing 80/503 : CCI - Crown Castle - 2mo
2025-11-22 14:13:26,761 - INFO - Successfully saved CCI data (45 rows)
2025-11-22 14:13:26,761 - INFO - Processing 81/503 : CCL - Carnival - 2mo
2025-11-22 14:13:27,045 - INFO - Successfully saved CCL data (45 rows)
2025-11-22 14:13:27,045 - INFO - Processing 82/503 : CDNS - Cadence Design Systems - 2mo
2025-11-22 14:13:27,329 - INFO - Successfully saved CDNS data (45 rows)
2025-11-22 14:13:27,329 - INFO - Processing 83/503 : CDW - CDW Corporation - 2mo
2025-11-22 14:13:27,636 - INFO - Successfully saved CDW data (45 rows)
2025-11-22 14:13:27,636 - INFO - Processing 84/503 : CEG - Constellation Energy - 2mo
2025-11-22 14:13:27,887 - INFO - Successfully saved CEG data (45 rows)
2025-11-22 14:13:27,888 - INFO - Processing 85/503 : CF - CF Industries - 2mo
2025-11-22 14:13:28,195 - INFO - Successfully saved CF data (45 rows)
2025-11-22 14:13:28,195 - INFO - Processing 86/503 : CFG - Citizens Financial Group - 2mo
2025-11-22 14:13:28,479 - INFO - Successfully saved CFG data (45 rows)
2025-11-22 14:13:28,479 - INFO - Processing 87/503 : CHD - Church & Dwight - 2mo
2025-11-22 14:13:28,787 - INFO - Successfully saved CHD data (45 rows)
2025-11-22 14:13:28,787 - INFO - Processing 88/503 : CHRW - C.H. Robinson - 2mo
2025-11-22 14:13:29,150 - INFO - Successfully saved CHRW data (45 rows)
2025-11-22 14:13:29,151 - INFO - Processing 89/503 : CHTR - Charter Communications - 2mo
2025-11-22 14:13:29,431 - INFO - Successfully saved CHTR data (45 rows)
2025-11-22 14:13:29,431 - INFO - Processing 90/503 : CI - Cigna - 2mo
2025-11-22 14:13:29,735 - INFO - Successfully saved CI data (45 rows)
2025-11-22 14:13:29,735 - INFO - Processing 91/503 : CINF - Cincinnati Financial - 2mo
2025-11-22 14:13:30,024 - INFO - Successfully saved CINF data (45 rows)
2025-11-22 14:13:30,024 - INFO - Processing 92/503 : CL - Colgate-Palmolive - 2mo
2025-11-22 14:13:30,369 - INFO - Successfully saved CL data (45 rows)
2025-11-22 14:13:30,369 - INFO - Processing 93/503 : CLX - Clorox - 2mo
2025-11-22 14:13:30,760 - INFO - Successfully saved CLX data (45 rows)
2025-11-22 14:13:30,761 - INFO - Processing 94/503 : CMCSA - Comcast - 2mo
2025-11-22 14:13:31,103 - INFO - Successfully saved CMCSA data (45 rows)
2025-11-22 14:13:31,103 - INFO - Processing 95/503 : CME - CME Group - 2mo
2025-11-22 14:13:31,422 - INFO - Successfully saved CME data (45 rows)
2025-11-22 14:13:31,422 - INFO - Processing 96/503 : CMG - Chipotle Mexican Grill - 2mo
2025-11-22 14:13:31,662 - INFO - Successfully saved CMG data (45 rows)
2025-11-22 14:13:31,662 - INFO - Processing 97/503 : CMI - Cummins - 2mo
2025-11-22 14:13:31,996 - INFO - Successfully saved CMI data (45 rows)
2025-11-22 14:13:31,996 - INFO - Processing 98/503 : CMS - CMS Energy - 2mo
2025-11-22 14:13:32,390 - INFO - Successfully saved CMS data (45 rows)
2025-11-22 14:13:32,391 - INFO - Processing 99/503 : CNC - Centene Corporation - 2mo
2025-11-22 14:13:32,719 - INFO - Successfully saved CNC data (45 rows)
2025-11-22 14:13:32,719 - INFO - Processing 100/503 : CNP - CenterPoint Energy - 2mo
2025-11-22 14:13:33,066 - INFO - Successfully saved CNP data (45 rows)
2025-11-22 14:13:33,066 - INFO - Processing 101/503 : COF - Capital One - 2mo
2025-11-22 14:13:33,386 - INFO - Successfully saved COF data (45 rows)
2025-11-22 14:13:33,386 - INFO - Processing 102/503 : COIN - Coinbase - 2mo
2025-11-22 14:13:33,653 - INFO - Successfully saved COIN data (45 rows)
2025-11-22 14:13:33,654 - INFO - Processing 103/503 : COO - Cooper Companies (The) - 2mo
2025-11-22 14:13:33,962 - INFO - Successfully saved COO data (45 rows)
2025-11-22 14:13:33,962 - INFO - Processing 104/503 : COP - ConocoPhillips - 2mo
2025-11-22 14:13:34,296 - INFO - Successfully saved COP data (45 rows)
2025-11-22 14:13:34,296 - INFO - Processing 105/503 : COR - Cencora - 2mo
2025-11-22 14:13:34,614 - INFO - Successfully saved COR data (45 rows)
2025-11-22 14:13:34,615 - INFO - Processing 106/503 : COST - Costco - 2mo
2025-11-22 14:13:34,922 - INFO - Successfully saved COST data (45 rows)
2025-11-22 14:13:34,923 - INFO - Processing 107/503 : CPAY - Corpay - 2mo
2025-11-22 14:13:35,202 - INFO - Successfully saved CPAY data (45 rows)
2025-11-22 14:13:35,203 - INFO - Processing 108/503 : CPB - Campbell's Company (The) - 2mo
2025-11-22 14:13:35,580 - INFO - Successfully saved CPB data (45 rows)
2025-11-22 14:13:35,580 - INFO - Processing 109/503 : CPRT - Copart - 2mo
2025-11-22 14:13:35,845 - INFO - Successfully saved CPRT data (45 rows)
2025-11-22 14:13:35,846 - INFO - Processing 110/503 : CPT - Camden Property Trust - 2mo
2025-11-22 14:13:36,181 - INFO - Successfully saved CPT data (45 rows)
2025-11-22 14:13:36,181 - INFO - Processing 111/503 : CRL - Charles River Laboratories - 2mo
2025-11-22 14:13:36,478 - INFO - Successfully saved CRL data (45 rows)
2025-11-22 14:13:36,479 - INFO - Processing 112/503 : CRM - Salesforce - 2mo
2025-11-22 14:13:36,768 - INFO - Successfully saved CRM data (45 rows)
2025-11-22 14:13:36,768 - INFO - Processing 113/503 : CRWD - CrowdStrike - 2mo
2025-11-22 14:13:37,063 - INFO - Successfully saved CRWD data (45 rows)
2025-11-22 14:13:37,063 - INFO - Processing 114/503 : CSCO - Cisco - 2mo
2025-11-22 14:13:37,335 - INFO - Successfully saved CSCO data (45 rows)
2025-11-22 14:13:37,335 - INFO - Processing 115/503 : CSGP - CoStar Group - 2mo
2025-11-22 14:13:37,582 - INFO - Successfully saved CSGP data (45 rows)
2025-11-22 14:13:37,582 - INFO - Processing 116/503 : CSX - CSX Corporation - 2mo
2025-11-22 14:13:37,902 - INFO - Successfully saved CSX data (45 rows)
2025-11-22 14:13:37,902 - INFO - Processing 117/503 : CTAS - Cintas - 2mo
2025-11-22 14:13:38,254 - INFO - Successfully saved CTAS data (45 rows)
2025-11-22 14:13:38,254 - INFO - Processing 118/503 : CTRA - Coterra - 2mo
2025-11-22 14:13:38,563 - INFO - Successfully saved CTRA data (45 rows)
2025-11-22 14:13:38,563 - INFO - Processing 119/503 : CTSH - Cognizant - 2mo
2025-11-22 14:13:38,825 - INFO - Successfully saved CTSH data (45 rows)
2025-11-22 14:13:38,825 - INFO - Processing 120/503 : CTVA - Corteva - 2mo
2025-11-22 14:13:39,117 - INFO - Successfully saved CTVA data (45 rows)
2025-11-22 14:13:39,118 - INFO - Processing 121/503 : CVS - CVS Health - 2mo
2025-11-22 14:13:39,429 - INFO - Successfully saved CVS data (45 rows)
2025-11-22 14:13:39,429 - INFO - Processing 122/503 : CVX - Chevron Corporation - 2mo
2025-11-22 14:13:39,768 - INFO - Successfully saved CVX data (45 rows)
2025-11-22 14:13:39,769 - INFO - Processing 123/503 : CZR - Caesars Entertainment - 2mo
2025-11-22 14:13:40,075 - INFO - Successfully saved CZR data (45 rows)
2025-11-22 14:13:40,076 - INFO - Processing 124/503 : D - Dominion Energy - 2mo
2025-11-22 14:13:40,363 - INFO - Successfully saved D data (45 rows)
2025-11-22 14:13:40,363 - INFO - Processing 125/503 : DAL - Delta Air Lines - 2mo
2025-11-22 14:13:40,711 - INFO - Successfully saved DAL data (45 rows)
2025-11-22 14:13:40,711 - INFO - Processing 126/503 : DASH - DoorDash - 2mo
2025-11-22 14:13:41,062 - INFO - Successfully saved DASH data (45 rows)
2025-11-22 14:13:41,062 - INFO - Processing 127/503 : DAY - Dayforce - 2mo
2025-11-22 14:13:41,360 - INFO - Successfully saved DAY data (45 rows)
2025-11-22 14:13:41,360 - INFO - Processing 128/503 : DD - DuPont - 2mo
2025-11-22 14:13:41,699 - INFO - Successfully saved DD data (45 rows)
2025-11-22 14:13:41,699 - INFO - Processing 129/503 : DDOG - Datadog - 2mo
2025-11-22 14:13:43,416 - INFO - Successfully saved DDOG data (45 rows)
2025-11-22 14:13:43,417 - INFO - Processing 130/503 : DE - Deere & Company - 2mo
2025-11-22 14:13:45,322 - INFO - Successfully saved DE data (45 rows)
2025-11-22 14:13:45,323 - INFO - Processing 131/503 : DECK - Deckers Brands - 2mo
2025-11-22 14:13:45,570 - INFO - Successfully saved DECK data (45 rows)
2025-11-22 14:13:45,570 - INFO - Processing 132/503 : DELL - Dell Technologies - 2mo
2025-11-22 14:13:45,857 - INFO - Successfully saved DELL data (45 rows)
2025-11-22 14:13:45,858 - INFO - Processing 133/503 : DG - Dollar General - 2mo
2025-11-22 14:13:46,155 - INFO - Successfully saved DG data (45 rows)
2025-11-22 14:13:46,155 - INFO - Processing 134/503 : DGX - Quest Diagnostics - 2mo
2025-11-22 14:13:46,470 - INFO - Successfully saved DGX data (45 rows)
2025-11-22 14:13:46,470 - INFO - Processing 135/503 : DHI - D. R. Horton - 2mo
2025-11-22 14:13:46,813 - INFO - Successfully saved DHI data (45 rows)
2025-11-22 14:13:46,813 - INFO - Processing 136/503 : DHR - Danaher Corporation - 2mo
2025-11-22 14:13:47,185 - INFO - Successfully saved DHR data (45 rows)
2025-11-22 14:13:47,185 - INFO - Processing 137/503 : DIS - Walt Disney Company (The) - 2mo
2025-11-22 14:13:47,542 - INFO - Successfully saved DIS data (45 rows)
2025-11-22 14:13:47,542 - INFO - Processing 138/503 : DLR - Digital Realty - 2mo
2025-11-22 14:13:47,812 - INFO - Successfully saved DLR data (45 rows)
2025-11-22 14:13:47,813 - INFO - Processing 139/503 : DLTR - Dollar Tree - 2mo
2025-11-22 14:13:48,061 - INFO - Successfully saved DLTR data (45 rows)
2025-11-22 14:13:48,062 - INFO - Processing 140/503 : DOC - Healthpeak Properties - 2mo
2025-11-22 14:13:48,365 - INFO - Successfully saved DOC data (45 rows)
2025-11-22 14:13:48,365 - INFO - Processing 141/503 : DOV - Dover Corporation - 2mo
2025-11-22 14:13:48,683 - INFO - Successfully saved DOV data (45 rows)
2025-11-22 14:13:48,683 - INFO - Processing 142/503 : DOW - Dow Inc. - 2mo
2025-11-22 14:13:48,935 - INFO - Successfully saved DOW data (45 rows)
2025-11-22 14:13:48,936 - INFO - Processing 143/503 : DPZ - Domino's - 2mo
2025-11-22 14:13:49,245 - INFO - Successfully saved DPZ data (45 rows)
2025-11-22 14:13:49,245 - INFO - Processing 144/503 : DRI - Darden Restaurants - 2mo
2025-11-22 14:13:49,570 - INFO - Successfully saved DRI data (45 rows)
2025-11-22 14:13:49,570 - INFO - Processing 145/503 : DTE - DTE Energy - 2mo
2025-11-22 14:13:49,964 - INFO - Successfully saved DTE data (45 rows)
2025-11-22 14:13:49,964 - INFO - Processing 146/503 : DUK - Duke Energy - 2mo
2025-11-22 14:13:50,292 - INFO - Successfully saved DUK data (45 rows)
2025-11-22 14:13:50,292 - INFO - Processing 147/503 : DVA - DaVita - 2mo
2025-11-22 14:13:50,564 - INFO - Successfully saved DVA data (45 rows)
2025-11-22 14:13:50,564 - INFO - Processing 148/503 : DVN - Devon Energy - 2mo
2025-11-22 14:13:50,884 - INFO - Successfully saved DVN data (45 rows)
2025-11-22 14:13:50,884 - INFO - Processing 149/503 : DXCM - Dexcom - 2mo
2025-11-22 14:13:51,126 - INFO - Successfully saved DXCM data (45 rows)
2025-11-22 14:13:51,127 - INFO - Processing 150/503 : EA - Electronic Arts - 2mo
2025-11-22 14:13:51,363 - INFO - Successfully saved EA data (45 rows)
2025-11-22 14:13:51,364 - INFO - Processing 151/503 : EBAY - eBay Inc. - 2mo
2025-11-22 14:13:51,641 - INFO - Successfully saved EBAY data (45 rows)
2025-11-22 14:13:51,641 - INFO - Processing 152/503 : ECL - Ecolab - 2mo
2025-11-22 14:13:51,956 - INFO - Successfully saved ECL data (45 rows)
2025-11-22 14:13:51,956 - INFO - Processing 153/503 : ED - Consolidated Edison - 2mo
2025-11-22 14:13:52,276 - INFO - Successfully saved ED data (45 rows)
2025-11-22 14:13:52,276 - INFO - Processing 154/503 : EFX - Equifax - 2mo
2025-11-22 14:13:52,585 - INFO - Successfully saved EFX data (45 rows)
2025-11-22 14:13:52,586 - INFO - Processing 155/503 : EG - Everest Group - 2mo
2025-11-22 14:13:52,873 - INFO - Successfully saved EG data (45 rows)
2025-11-22 14:13:52,873 - INFO - Processing 156/503 : EIX - Edison International - 2mo
2025-11-22 14:13:53,228 - INFO - Successfully saved EIX data (45 rows)
2025-11-22 14:13:53,229 - INFO - Processing 157/503 : EL - Estée Lauder Companies (The) - 2mo
2025-11-22 14:13:53,622 - INFO - Successfully saved EL data (45 rows)
2025-11-22 14:13:53,622 - INFO - Processing 158/503 : ELV - Elevance Health - 2mo
2025-11-22 14:13:53,892 - INFO - Successfully saved ELV data (45 rows)
2025-11-22 14:13:53,892 - INFO - Processing 159/503 : EMN - Eastman Chemical Company - 2mo
2025-11-22 14:13:54,174 - INFO - Successfully saved EMN data (45 rows)
2025-11-22 14:13:54,174 - INFO - Processing 160/503 : EMR - Emerson Electric - 2mo
2025-11-22 14:13:54,509 - INFO - Successfully saved EMR data (45 rows)
2025-11-22 14:13:54,509 - INFO - Processing 161/503 : ENPH - Enphase Energy - 2mo
2025-11-22 14:13:54,796 - INFO - Successfully saved ENPH data (45 rows)
2025-11-22 14:13:54,796 - INFO - Processing 162/503 : EOG - EOG Resources - 2mo
2025-11-22 14:13:55,095 - INFO - Successfully saved EOG data (45 rows)
2025-11-22 14:13:55,095 - INFO - Processing 163/503 : EPAM - EPAM Systems - 2mo
2025-11-22 14:13:55,362 - INFO - Successfully saved EPAM data (45 rows)
2025-11-22 14:13:55,363 - INFO - Processing 164/503 : EQIX - Equinix - 2mo
2025-11-22 14:13:55,662 - INFO - Successfully saved EQIX data (45 rows)
2025-11-22 14:13:55,663 - INFO - Processing 165/503 : EQR - Equity Residential - 2mo
2025-11-22 14:13:55,982 - INFO - Successfully saved EQR data (45 rows)
2025-11-22 14:13:55,982 - INFO - Processing 166/503 : EQT - EQT Corporation - 2mo
2025-11-22 14:13:56,286 - INFO - Successfully saved EQT data (45 rows)
2025-11-22 14:13:56,286 - INFO - Processing 167/503 : ERIE - Erie Indemnity - 2mo
2025-11-22 14:13:56,635 - INFO - Successfully saved ERIE data (45 rows)
2025-11-22 14:13:56,635 - INFO - Processing 168/503 : ES - Eversource Energy - 2mo
2025-11-22 14:13:56,995 - INFO - Successfully saved ES data (45 rows)
2025-11-22 14:13:56,995 - INFO - Processing 169/503 : ESS - Essex Property Trust - 2mo
2025-11-22 14:13:57,279 - INFO - Successfully saved ESS data (45 rows)
2025-11-22 14:13:57,279 - INFO - Processing 170/503 : ETN - Eaton Corporation - 2mo
2025-11-22 14:13:57,663 - INFO - Successfully saved ETN data (45 rows)
2025-11-22 14:13:57,663 - INFO - Processing 171/503 : ETR - Entergy - 2mo
2025-11-22 14:13:57,983 - INFO - Successfully saved ETR data (45 rows)
2025-11-22 14:13:57,983 - INFO - Processing 172/503 : EVRG - Evergy - 2mo
2025-11-22 14:13:58,432 - INFO - Successfully saved EVRG data (45 rows)
2025-11-22 14:13:58,432 - INFO - Processing 173/503 : EW - Edwards Lifesciences - 2mo
2025-11-22 14:13:58,709 - INFO - Successfully saved EW data (45 rows)
2025-11-22 14:13:58,709 - INFO - Processing 174/503 : EXC - Exelon - 2mo
2025-11-22 14:13:59,028 - INFO - Successfully saved EXC data (45 rows)
2025-11-22 14:13:59,028 - INFO - Processing 175/503 : EXE - Expand Energy - 2mo
2025-11-22 14:13:59,304 - INFO - Successfully saved EXE data (45 rows)
2025-11-22 14:13:59,304 - INFO - Processing 176/503 : EXPD - Expeditors International - 2mo
2025-11-22 14:13:59,602 - INFO - Successfully saved EXPD data (45 rows)
2025-11-22 14:13:59,602 - INFO - Processing 177/503 : EXPE - Expedia Group - 2mo
2025-11-22 14:13:59,885 - INFO - Successfully saved EXPE data (45 rows)
2025-11-22 14:13:59,885 - INFO - Processing 178/503 : EXR - Extra Space Storage - 2mo
2025-11-22 14:14:00,205 - INFO - Successfully saved EXR data (45 rows)
2025-11-22 14:14:00,205 - INFO - Processing 179/503 : F - Ford Motor Company - 2mo
2025-11-22 14:14:00,513 - INFO - Successfully saved F data (45 rows)
2025-11-22 14:14:00,513 - INFO - Processing 180/503 : FANG - Diamondback Energy - 2mo
2025-11-22 14:14:00,821 - INFO - Successfully saved FANG data (45 rows)
2025-11-22 14:14:00,821 - INFO - Processing 181/503 : FAST - Fastenal - 2mo
2025-11-22 14:14:01,159 - INFO - Successfully saved FAST data (45 rows)
2025-11-22 14:14:01,159 - INFO - Processing 182/503 : FCX - Freeport-McMoRan - 2mo
2025-11-22 14:14:01,474 - INFO - Successfully saved FCX data (45 rows)
2025-11-22 14:14:01,474 - INFO - Processing 183/503 : FDS - FactSet - 2mo
2025-11-22 14:14:01,747 - INFO - Successfully saved FDS data (45 rows)
2025-11-22 14:14:01,747 - INFO - Processing 184/503 : FDX - FedEx - 2mo
2025-11-22 14:14:02,058 - INFO - Successfully saved FDX data (45 rows)
2025-11-22 14:14:02,059 - INFO - Processing 185/503 : FE - FirstEnergy - 2mo
2025-11-22 14:14:02,340 - INFO - Successfully saved FE data (45 rows)
2025-11-22 14:14:02,340 - INFO - Processing 186/503 : FFIV - F5, Inc. - 2mo
2025-11-22 14:14:02,638 - INFO - Successfully saved FFIV data (45 rows)
2025-11-22 14:14:02,638 - INFO - Processing 187/503 : FI - Fiserv - 2mo
2025-11-22 14:14:02,876 - INFO - Successfully saved FI data (45 rows)
2025-11-22 14:14:02,876 - INFO - Processing 188/503 : FICO - Fair Isaac - 2mo
2025-11-22 14:14:03,161 - INFO - Successfully saved FICO data (45 rows)
2025-11-22 14:14:03,161 - INFO - Processing 189/503 : FIS - Fidelity National Information Services - 2mo
2025-11-22 14:14:03,462 - INFO - Successfully saved FIS data (45 rows)
2025-11-22 14:14:03,463 - INFO - Processing 190/503 : FITB - Fifth Third Bancorp - 2mo
2025-11-22 14:14:03,795 - INFO - Successfully saved FITB data (45 rows)
2025-11-22 14:14:03,796 - INFO - Processing 191/503 : FOX - Fox Corporation (Class B) - 2mo
2025-11-22 14:14:04,043 - INFO - Successfully saved FOX data (45 rows)
2025-11-22 14:14:04,044 - INFO - Processing 192/503 : FOXA - Fox Corporation (Class A) - 2mo
2025-11-22 14:14:04,388 - INFO - Successfully saved FOXA data (45 rows)
2025-11-22 14:14:04,389 - INFO - Processing 193/503 : FRT - Federal Realty Investment Trust - 2mo
2025-11-22 14:14:04,780 - INFO - Successfully saved FRT data (45 rows)
2025-11-22 14:14:04,780 - INFO - Processing 194/503 : FSLR - First Solar - 2mo
2025-11-22 14:14:05,057 - INFO - Successfully saved FSLR data (45 rows)
2025-11-22 14:14:05,057 - INFO - Processing 195/503 : FTNT - Fortinet - 2mo
2025-11-22 14:14:05,338 - INFO - Successfully saved FTNT data (45 rows)
2025-11-22 14:14:05,338 - INFO - Processing 196/503 : FTV - Fortive - 2mo
2025-11-22 14:14:05,625 - INFO - Successfully saved FTV data (45 rows)
2025-11-22 14:14:05,625 - INFO - Processing 197/503 : GD - General Dynamics - 2mo
2025-11-22 14:14:05,963 - INFO - Successfully saved GD data (45 rows)
2025-11-22 14:14:05,963 - INFO - Processing 198/503 : GDDY - GoDaddy - 2mo
2025-11-22 14:14:06,831 - INFO - Successfully saved GDDY data (45 rows)
2025-11-22 14:14:06,831 - INFO - Processing 199/503 : GE - GE Aerospace - 2mo
2025-11-22 14:14:08,983 - INFO - Successfully saved GE data (45 rows)
2025-11-22 14:14:08,984 - INFO - Processing 200/503 : GEHC - GE HealthCare - 2mo
2025-11-22 14:14:09,612 - INFO - Successfully saved GEHC data (45 rows)
2025-11-22 14:14:09,612 - INFO - Processing 201/503 : GEN - Gen Digital - 2mo
2025-11-22 14:14:09,868 - INFO - Successfully saved GEN data (45 rows)
2025-11-22 14:14:09,868 - INFO - Processing 202/503 : GEV - GE Vernova - 2mo
2025-11-22 14:14:10,162 - INFO - Successfully saved GEV data (45 rows)
2025-11-22 14:14:10,162 - INFO - Processing 203/503 : GILD - Gilead Sciences - 2mo
2025-11-22 14:14:10,419 - INFO - Successfully saved GILD data (45 rows)
2025-11-22 14:14:10,419 - INFO - Processing 204/503 : GIS - General Mills - 2mo
2025-11-22 14:14:10,757 - INFO - Successfully saved GIS data (45 rows)
2025-11-22 14:14:10,757 - INFO - Processing 205/503 : GL - Globe Life - 2mo
2025-11-22 14:14:11,111 - INFO - Successfully saved GL data (45 rows)
2025-11-22 14:14:11,111 - INFO - Processing 206/503 : GLW - Corning Inc. - 2mo
2025-11-22 14:14:11,460 - INFO - Successfully saved GLW data (45 rows)
2025-11-22 14:14:11,461 - INFO - Processing 207/503 : GM - General Motors - 2mo
2025-11-22 14:14:11,748 - INFO - Successfully saved GM data (45 rows)
2025-11-22 14:14:11,749 - INFO - Processing 208/503 : GNRC - Generac - 2mo
2025-11-22 14:14:12,056 - INFO - Successfully saved GNRC data (45 rows)
2025-11-22 14:14:12,056 - INFO - Processing 209/503 : GOOG - Alphabet Inc. (Class C) - 2mo
2025-11-22 14:14:12,342 - INFO - Successfully saved GOOG data (45 rows)
2025-11-22 14:14:12,342 - INFO - Processing 210/503 : GOOGL - Alphabet Inc. (Class A) - 2mo
2025-11-22 14:14:12,682 - INFO - Successfully saved GOOGL data (45 rows)
2025-11-22 14:14:12,682 - INFO - Processing 211/503 : GPC - Genuine Parts Company - 2mo
2025-11-22 14:14:13,002 - INFO - Successfully saved GPC data (45 rows)
2025-11-22 14:14:13,003 - INFO - Processing 212/503 : GPN - Global Payments - 2mo
2025-11-22 14:14:13,283 - INFO - Successfully saved GPN data (45 rows)
2025-11-22 14:14:13,284 - INFO - Processing 213/503 : GRMN - Garmin - 2mo
2025-11-22 14:14:13,596 - INFO - Successfully saved GRMN data (45 rows)
2025-11-22 14:14:13,597 - INFO - Processing 214/503 : GS - Goldman Sachs - 2mo
2025-11-22 14:14:13,887 - INFO - Successfully saved GS data (45 rows)
2025-11-22 14:14:13,887 - INFO - Processing 215/503 : GWW - W. W. Grainger - 2mo
2025-11-22 14:14:14,212 - INFO - Successfully saved GWW data (45 rows)
2025-11-22 14:14:14,212 - INFO - Processing 216/503 : HAL - Halliburton - 2mo
2025-11-22 14:14:14,527 - INFO - Successfully saved HAL data (45 rows)
2025-11-22 14:14:14,527 - INFO - Processing 217/503 : HAS - Hasbro - 2mo
2025-11-22 14:14:14,923 - INFO - Successfully saved HAS data (45 rows)
2025-11-22 14:14:14,923 - INFO - Processing 218/503 : HBAN - Huntington Bancshares - 2mo
2025-11-22 14:14:15,220 - INFO - Successfully saved HBAN data (45 rows)
2025-11-22 14:14:15,221 - INFO - Processing 219/503 : HCA - HCA Healthcare - 2mo
2025-11-22 14:14:15,517 - INFO - Successfully saved HCA data (45 rows)
2025-11-22 14:14:15,517 - INFO - Processing 220/503 : HD - Home Depot (The) - 2mo
2025-11-22 14:14:15,841 - INFO - Successfully saved HD data (45 rows)
2025-11-22 14:14:15,841 - INFO - Processing 221/503 : HIG - Hartford (The) - 2mo
2025-11-22 14:14:16,148 - INFO - Successfully saved HIG data (45 rows)
2025-11-22 14:14:16,148 - INFO - Processing 222/503 : HII - Huntington Ingalls Industries - 2mo
2025-11-22 14:14:16,467 - INFO - Successfully saved HII data (45 rows)
2025-11-22 14:14:16,467 - INFO - Processing 223/503 : HLT - Hilton Worldwide - 2mo
2025-11-22 14:14:16,749 - INFO - Successfully saved HLT data (45 rows)
2025-11-22 14:14:16,750 - INFO - Processing 224/503 : HOLX - Hologic - 2mo
2025-11-22 14:14:17,027 - INFO - Successfully saved HOLX data (45 rows)
2025-11-22 14:14:17,027 - INFO - Processing 225/503 : HON - Honeywell - 2mo
2025-11-22 14:14:17,457 - INFO - Successfully saved HON data (45 rows)
2025-11-22 14:14:17,457 - INFO - Processing 226/503 : HPE - Hewlett Packard Enterprise - 2mo
2025-11-22 14:14:17,715 - INFO - Successfully saved HPE data (45 rows)
2025-11-22 14:14:17,715 - INFO - Processing 227/503 : HPQ - HP Inc. - 2mo
2025-11-22 14:14:18,001 - INFO - Successfully saved HPQ data (45 rows)
2025-11-22 14:14:18,002 - INFO - Processing 228/503 : HRL - Hormel Foods - 2mo
2025-11-22 14:14:18,316 - INFO - Successfully saved HRL data (45 rows)
2025-11-22 14:14:18,316 - INFO - Processing 229/503 : HSIC - Henry Schein - 2mo
2025-11-22 14:14:18,614 - INFO - Successfully saved HSIC data (45 rows)
2025-11-22 14:14:18,615 - INFO - Processing 230/503 : HST - Host Hotels & Resorts - 2mo
2025-11-22 14:14:18,936 - INFO - Successfully saved HST data (45 rows)
2025-11-22 14:14:18,936 - INFO - Processing 231/503 : HSY - Hershey Company (The) - 2mo
2025-11-22 14:14:19,239 - INFO - Successfully saved HSY data (45 rows)
2025-11-22 14:14:19,239 - INFO - Processing 232/503 : HUBB - Hubbell Incorporated - 2mo
2025-11-22 14:14:19,600 - INFO - Successfully saved HUBB data (45 rows)
2025-11-22 14:14:19,601 - INFO - Processing 233/503 : HUM - Humana - 2mo
2025-11-22 14:14:19,973 - INFO - Successfully saved HUM data (45 rows)
2025-11-22 14:14:19,974 - INFO - Processing 234/503 : HWM - Howmet Aerospace - 2mo
2025-11-22 14:14:20,291 - INFO - Successfully saved HWM data (45 rows)
2025-11-22 14:14:20,291 - INFO - Processing 235/503 : IBM - IBM - 2mo
2025-11-22 14:14:20,684 - INFO - Successfully saved IBM data (45 rows)
2025-11-22 14:14:20,684 - INFO - Processing 236/503 : ICE - Intercontinental Exchange - 2mo
2025-11-22 14:14:20,943 - INFO - Successfully saved ICE data (45 rows)
2025-11-22 14:14:20,944 - INFO - Processing 237/503 : IDXX - Idexx Laboratories - 2mo
2025-11-22 14:14:21,222 - INFO - Successfully saved IDXX data (45 rows)
2025-11-22 14:14:21,222 - INFO - Processing 238/503 : IEX - IDEX Corporation - 2mo
2025-11-22 14:14:21,540 - INFO - Successfully saved IEX data (45 rows)
2025-11-22 14:14:21,540 - INFO - Processing 239/503 : IFF - International Flavors & Fragrances - 2mo
2025-11-22 14:14:21,869 - INFO - Successfully saved IFF data (45 rows)
2025-11-22 14:14:21,869 - INFO - Processing 240/503 : INCY - Incyte - 2mo
2025-11-22 14:14:22,181 - INFO - Successfully saved INCY data (45 rows)
2025-11-22 14:14:22,182 - INFO - Processing 241/503 : INTC - Intel - 2mo
2025-11-22 14:14:22,510 - INFO - Successfully saved INTC data (45 rows)
2025-11-22 14:14:22,511 - INFO - Processing 242/503 : INTU - Intuit - 2mo
2025-11-22 14:14:22,774 - INFO - Successfully saved INTU data (45 rows)
2025-11-22 14:14:22,774 - INFO - Processing 243/503 : INVH - Invitation Homes - 2mo
2025-11-22 14:14:23,045 - INFO - Successfully saved INVH data (45 rows)
2025-11-22 14:14:23,046 - INFO - Processing 244/503 : IP - International Paper - 2mo
2025-11-22 14:14:23,434 - INFO - Successfully saved IP data (45 rows)
2025-11-22 14:14:23,434 - INFO - Processing 245/503 : IPG - Interpublic Group of Companies (The) - 2mo
2025-11-22 14:14:23,759 - INFO - Successfully saved IPG data (45 rows)
2025-11-22 14:14:23,759 - INFO - Processing 246/503 : IQV - IQVIA - 2mo
2025-11-22 14:14:24,042 - INFO - Successfully saved IQV data (45 rows)
2025-11-22 14:14:24,042 - INFO - Processing 247/503 : IR - Ingersoll Rand - 2mo
2025-11-22 14:14:24,304 - INFO - Successfully saved IR data (45 rows)
2025-11-22 14:14:24,304 - INFO - Processing 248/503 : IRM - Iron Mountain - 2mo
2025-11-22 14:14:24,564 - INFO - Successfully saved IRM data (45 rows)
2025-11-22 14:14:24,564 - INFO - Processing 249/503 : ISRG - Intuitive Surgical - 2mo
2025-11-22 14:14:24,843 - INFO - Successfully saved ISRG data (45 rows)
2025-11-22 14:14:24,844 - INFO - Processing 250/503 : IT - Gartner - 2mo
2025-11-22 14:14:25,092 - INFO - Successfully saved IT data (45 rows)
2025-11-22 14:14:25,093 - INFO - Processing 251/503 : ITW - Illinois Tool Works - 2mo
2025-11-22 14:14:25,500 - INFO - Successfully saved ITW data (45 rows)
2025-11-22 14:14:25,500 - INFO - Processing 252/503 : IVZ - Invesco - 2mo
2025-11-22 14:14:25,818 - INFO - Successfully saved IVZ data (45 rows)
2025-11-22 14:14:25,818 - INFO - Processing 253/503 : J - Jacobs Solutions - 2mo
2025-11-22 14:14:26,084 - INFO - Successfully saved J data (45 rows)
2025-11-22 14:14:26,085 - INFO - Processing 254/503 : JBHT - J.B. Hunt - 2mo
2025-11-22 14:14:26,385 - INFO - Successfully saved JBHT data (45 rows)
2025-11-22 14:14:26,386 - INFO - Processing 255/503 : JBL - Jabil - 2mo
2025-11-22 14:14:26,695 - INFO - Successfully saved JBL data (45 rows)
2025-11-22 14:14:26,695 - INFO - Processing 256/503 : JCI - Johnson Controls - 2mo
2025-11-22 14:14:27,043 - INFO - Successfully saved JCI data (45 rows)
2025-11-22 14:14:27,043 - INFO - Processing 257/503 : JKHY - Jack Henry & Associates - 2mo
2025-11-22 14:14:27,392 - INFO - Successfully saved JKHY data (45 rows)
2025-11-22 14:14:27,393 - INFO - Processing 258/503 : JNJ - Johnson & Johnson - 2mo
2025-11-22 14:14:27,796 - INFO - Successfully saved JNJ data (45 rows)
2025-11-22 14:14:27,796 - INFO - Processing 259/503 : JPM - JPMorgan Chase - 2mo
2025-11-22 14:14:28,129 - INFO - Successfully saved JPM data (45 rows)
2025-11-22 14:14:28,130 - INFO - Processing 260/503 : K - Kellanova - 2mo
2025-11-22 14:14:28,438 - INFO - Successfully saved K data (45 rows)
2025-11-22 14:14:28,438 - INFO - Processing 261/503 : KDP - Keurig Dr Pepper - 2mo
2025-11-22 14:14:28,716 - INFO - Successfully saved KDP data (45 rows)
2025-11-22 14:14:28,717 - INFO - Processing 262/503 : KEY - KeyCorp - 2mo
2025-11-22 14:14:29,027 - INFO - Successfully saved KEY data (45 rows)
2025-11-22 14:14:29,028 - INFO - Processing 263/503 : KEYS - Keysight Technologies - 2mo
2025-11-22 14:14:29,274 - INFO - Successfully saved KEYS data (45 rows)
2025-11-22 14:14:29,274 - INFO - Processing 264/503 : KHC - Kraft Heinz - 2mo
2025-11-22 14:14:29,569 - INFO - Successfully saved KHC data (45 rows)
2025-11-22 14:14:29,569 - INFO - Processing 265/503 : KIM - Kimco Realty - 2mo
2025-11-22 14:14:29,868 - INFO - Successfully saved KIM data (45 rows)
2025-11-22 14:14:29,868 - INFO - Processing 266/503 : KKR - KKR & Co. - 2mo
2025-11-22 14:14:30,149 - INFO - Successfully saved KKR data (45 rows)
2025-11-22 14:14:30,149 - INFO - Processing 267/503 : KLAC - KLA Corporation - 2mo
2025-11-22 14:14:30,451 - INFO - Successfully saved KLAC data (45 rows)
2025-11-22 14:14:30,451 - INFO - Processing 268/503 : KMB - Kimberly-Clark - 2mo
2025-11-22 14:14:30,778 - INFO - Successfully saved KMB data (45 rows)
2025-11-22 14:14:30,778 - INFO - Processing 269/503 : KMI - Kinder Morgan - 2mo
2025-11-22 14:14:31,077 - INFO - Successfully saved KMI data (45 rows)
2025-11-22 14:14:31,078 - INFO - Processing 270/503 : KMX - CarMax - 2mo
2025-11-22 14:14:31,328 - INFO - Successfully saved KMX data (45 rows)
2025-11-22 14:14:31,328 - INFO - Processing 271/503 : KO - Coca-Cola Company (The) - 2mo
2025-11-22 14:14:33,328 - INFO - Successfully saved KO data (45 rows)
2025-11-22 14:14:33,328 - INFO - Processing 272/503 : KR - Kroger - 2mo
2025-11-22 14:14:33,668 - INFO - Successfully saved KR data (45 rows)
2025-11-22 14:14:33,668 - INFO - Processing 273/503 : KVUE - Kenvue - 2mo
2025-11-22 14:14:34,043 - INFO - Successfully saved KVUE data (45 rows)
2025-11-22 14:14:34,043 - INFO - Processing 274/503 : L - Loews Corporation - 2mo
2025-11-22 14:14:34,415 - INFO - Successfully saved L data (45 rows)
2025-11-22 14:14:34,415 - INFO - Processing 275/503 : LDOS - Leidos - 2mo
2025-11-22 14:14:34,680 - INFO - Successfully saved LDOS data (45 rows)
2025-11-22 14:14:34,681 - INFO - Processing 276/503 : LEN - Lennar - 2mo
2025-11-22 14:14:34,977 - INFO - Successfully saved LEN data (45 rows)
2025-11-22 14:14:34,977 - INFO - Processing 277/503 : LH - Labcorp - 2mo
2025-11-22 14:14:35,274 - INFO - Successfully saved LH data (45 rows)
2025-11-22 14:14:35,275 - INFO - Processing 278/503 : LHX - L3Harris - 2mo
2025-11-22 14:14:35,591 - INFO - Successfully saved LHX data (45 rows)
2025-11-22 14:14:35,591 - INFO - Processing 279/503 : LII - Lennox International - 2mo
2025-11-22 14:14:35,897 - INFO - Successfully saved LII data (45 rows)
2025-11-22 14:14:35,897 - INFO - Processing 280/503 : LIN - Linde plc - 2mo
2025-11-22 14:14:36,234 - INFO - Successfully saved LIN data (45 rows)
2025-11-22 14:14:36,235 - INFO - Processing 281/503 : LKQ - LKQ Corporation - 2mo
2025-11-22 14:14:36,531 - INFO - Successfully saved LKQ data (45 rows)
2025-11-22 14:14:36,532 - INFO - Processing 282/503 : LLY - Lilly (Eli) - 2mo
2025-11-22 14:14:36,891 - INFO - Successfully saved LLY data (45 rows)
2025-11-22 14:14:36,891 - INFO - Processing 283/503 : LMT - Lockheed Martin - 2mo
2025-11-22 14:14:37,201 - INFO - Successfully saved LMT data (45 rows)
2025-11-22 14:14:37,201 - INFO - Processing 284/503 : LNT - Alliant Energy - 2mo
2025-11-22 14:14:37,509 - INFO - Successfully saved LNT data (45 rows)
2025-11-22 14:14:37,509 - INFO - Processing 285/503 : LOW - Lowe's - 2mo
2025-11-22 14:14:37,851 - INFO - Successfully saved LOW data (45 rows)
2025-11-22 14:14:37,852 - INFO - Processing 286/503 : LRCX - Lam Research - 2mo
2025-11-22 14:14:38,150 - INFO - Successfully saved LRCX data (45 rows)
2025-11-22 14:14:38,150 - INFO - Processing 287/503 : LULU - Lululemon Athletica - 2mo
2025-11-22 14:14:38,432 - INFO - Successfully saved LULU data (45 rows)
2025-11-22 14:14:38,432 - INFO - Processing 288/503 : LUV - Southwest Airlines - 2mo
2025-11-22 14:14:38,821 - INFO - Successfully saved LUV data (45 rows)
2025-11-22 14:14:38,822 - INFO - Processing 289/503 : LVS - Las Vegas Sands - 2mo
2025-11-22 14:14:39,169 - INFO - Successfully saved LVS data (45 rows)
2025-11-22 14:14:39,169 - INFO - Processing 290/503 : LW - Lamb Weston - 2mo
2025-11-22 14:14:39,474 - INFO - Successfully saved LW data (45 rows)
2025-11-22 14:14:39,474 - INFO - Processing 291/503 : LYB - LyondellBasell - 2mo
2025-11-22 14:14:40,058 - INFO - Successfully saved LYB data (45 rows)
2025-11-22 14:14:40,058 - INFO - Processing 292/503 : LYV - Live Nation Entertainment - 2mo
2025-11-22 14:14:40,641 - INFO - Successfully saved LYV data (45 rows)
2025-11-22 14:14:40,641 - INFO - Processing 293/503 : MA - Mastercard - 2mo
2025-11-22 14:14:41,305 - INFO - Successfully saved MA data (45 rows)
2025-11-22 14:14:41,305 - INFO - Processing 294/503 : MAA - Mid-America Apartment Communities - 2mo
2025-11-22 14:14:41,965 - INFO - Successfully saved MAA data (45 rows)
2025-11-22 14:14:41,965 - INFO - Processing 295/503 : MAR - Marriott International - 2mo
2025-11-22 14:14:42,622 - INFO - Successfully saved MAR data (45 rows)
2025-11-22 14:14:42,622 - INFO - Processing 296/503 : MAS - Masco - 2mo
2025-11-22 14:14:43,285 - INFO - Successfully saved MAS data (45 rows)
2025-11-22 14:14:43,286 - INFO - Processing 297/503 : MCD - McDonald's - 2mo
2025-11-22 14:14:43,860 - INFO - Successfully saved MCD data (45 rows)
2025-11-22 14:14:43,860 - INFO - Processing 298/503 : MCHP - Microchip Technology - 2mo
2025-11-22 14:14:44,137 - INFO - Successfully saved MCHP data (45 rows)
2025-11-22 14:14:44,137 - INFO - Processing 299/503 : MCK - McKesson Corporation - 2mo
2025-11-22 14:14:44,557 - INFO - Successfully saved MCK data (45 rows)
2025-11-22 14:14:44,558 - INFO - Processing 300/503 : MCO - Moody's Corporation - 2mo
2025-11-22 14:14:44,844 - INFO - Successfully saved MCO data (45 rows)
2025-11-22 14:14:44,844 - INFO - Processing 301/503 : MDLZ - Mondelez International - 2mo
2025-11-22 14:14:45,140 - INFO - Successfully saved MDLZ data (45 rows)
2025-11-22 14:14:45,141 - INFO - Processing 302/503 : MDT - Medtronic - 2mo
2025-11-22 14:14:45,452 - INFO - Successfully saved MDT data (45 rows)
2025-11-22 14:14:45,452 - INFO - Processing 303/503 : MET - MetLife - 2mo
2025-11-22 14:14:45,754 - INFO - Successfully saved MET data (45 rows)
2025-11-22 14:14:45,754 - INFO - Processing 304/503 : META - Meta Platforms - 2mo
2025-11-22 14:14:46,052 - INFO - Successfully saved META data (45 rows)
2025-11-22 14:14:46,053 - INFO - Processing 305/503 : MGM - MGM Resorts - 2mo
2025-11-22 14:14:46,442 - INFO - Successfully saved MGM data (45 rows)
2025-11-22 14:14:46,442 - INFO - Processing 306/503 : MHK - Mohawk Industries - 2mo
2025-11-22 14:14:46,713 - INFO - Successfully saved MHK data (45 rows)
2025-11-22 14:14:46,713 - INFO - Processing 307/503 : MKC - McCormick & Company - 2mo
2025-11-22 14:14:47,033 - INFO - Successfully saved MKC data (45 rows)
2025-11-22 14:14:47,034 - INFO - Processing 308/503 : MKTX - MarketAxess - 2mo
2025-11-22 14:14:47,326 - INFO - Successfully saved MKTX data (45 rows)
2025-11-22 14:14:47,327 - INFO - Processing 309/503 : MLM - Martin Marietta Materials - 2mo
2025-11-22 14:14:47,644 - INFO - Successfully saved MLM data (45 rows)
2025-11-22 14:14:47,644 - INFO - Processing 310/503 : MMC - Marsh McLennan - 2mo
2025-11-22 14:14:48,030 - INFO - Successfully saved MMC data (45 rows)
2025-11-22 14:14:48,030 - INFO - Processing 311/503 : MMM - 3M - 2mo
2025-11-22 14:14:48,393 - INFO - Successfully saved MMM data (45 rows)
2025-11-22 14:14:48,394 - INFO - Processing 312/503 : MNST - Monster Beverage - 2mo
2025-11-22 14:14:48,670 - INFO - Successfully saved MNST data (45 rows)
2025-11-22 14:14:48,671 - INFO - Processing 313/503 : MO - Altria - 2mo
2025-11-22 14:14:49,074 - INFO - Successfully saved MO data (45 rows)
2025-11-22 14:14:49,074 - INFO - Processing 314/503 : MOH - Molina Healthcare - 2mo
2025-11-22 14:14:49,333 - INFO - Successfully saved MOH data (45 rows)
2025-11-22 14:14:49,334 - INFO - Processing 315/503 : MOS - Mosaic Company (The) - 2mo
2025-11-22 14:14:49,634 - INFO - Successfully saved MOS data (45 rows)
2025-11-22 14:14:49,634 - INFO - Processing 316/503 : MPC - Marathon Petroleum - 2mo
2025-11-22 14:14:49,923 - INFO - Successfully saved MPC data (45 rows)
2025-11-22 14:14:49,923 - INFO - Processing 317/503 : MPWR - Monolithic Power Systems - 2mo
2025-11-22 14:14:50,206 - INFO - Successfully saved MPWR data (45 rows)
2025-11-22 14:14:50,206 - INFO - Processing 318/503 : MRK - Merck & Co. - 2mo
2025-11-22 14:14:50,566 - INFO - Successfully saved MRK data (45 rows)
2025-11-22 14:14:50,567 - INFO - Processing 319/503 : MRNA - Moderna - 2mo
2025-11-22 14:14:50,822 - INFO - Successfully saved MRNA data (45 rows)
2025-11-22 14:14:50,822 - INFO - Processing 320/503 : MS - Morgan Stanley - 2mo
2025-11-22 14:14:51,142 - INFO - Successfully saved MS data (45 rows)
2025-11-22 14:14:51,143 - INFO - Processing 321/503 : MSCI - MSCI Inc. - 2mo
2025-11-22 14:14:51,419 - INFO - Successfully saved MSCI data (45 rows)
2025-11-22 14:14:51,419 - INFO - Processing 322/503 : MSFT - Microsoft - 2mo
2025-11-22 14:14:51,779 - INFO - Successfully saved MSFT data (45 rows)
2025-11-22 14:14:51,779 - INFO - Processing 323/503 : MSI - Motorola Solutions - 2mo
2025-11-22 14:14:52,084 - INFO - Successfully saved MSI data (45 rows)
2025-11-22 14:14:52,085 - INFO - Processing 324/503 : MTB - M&T Bank - 2mo
2025-11-22 14:14:52,422 - INFO - Successfully saved MTB data (45 rows)
2025-11-22 14:14:52,422 - INFO - Processing 325/503 : MTCH - Match Group - 2mo
2025-11-22 14:14:52,729 - INFO - Successfully saved MTCH data (45 rows)
2025-11-22 14:14:52,730 - INFO - Processing 326/503 : MTD - Mettler Toledo - 2mo
2025-11-22 14:14:53,036 - INFO - Successfully saved MTD data (45 rows)
2025-11-22 14:14:53,036 - INFO - Processing 327/503 : MU - Micron Technology - 2mo
2025-11-22 14:14:53,375 - INFO - Successfully saved MU data (45 rows)
2025-11-22 14:14:53,376 - INFO - Processing 328/503 : NCLH - Norwegian Cruise Line Holdings - 2mo
2025-11-22 14:14:53,652 - INFO - Successfully saved NCLH data (45 rows)
2025-11-22 14:14:53,652 - INFO - Processing 329/503 : NDAQ - Nasdaq, Inc. - 2mo
2025-11-22 14:14:53,919 - INFO - Successfully saved NDAQ data (45 rows)
2025-11-22 14:14:53,919 - INFO - Processing 330/503 : NDSN - Nordson Corporation - 2mo
2025-11-22 14:14:54,296 - INFO - Successfully saved NDSN data (45 rows)
2025-11-22 14:14:54,296 - INFO - Processing 331/503 : NEE - NextEra Energy - 2mo
2025-11-22 14:14:54,633 - INFO - Successfully saved NEE data (45 rows)
2025-11-22 14:14:54,633 - INFO - Processing 332/503 : NEM - Newmont - 2mo
2025-11-22 14:14:54,923 - INFO - Successfully saved NEM data (45 rows)
2025-11-22 14:14:54,924 - INFO - Processing 333/503 : NFLX - Netflix - 2mo
2025-11-22 14:14:55,171 - INFO - Successfully saved NFLX data (45 rows)
2025-11-22 14:14:55,172 - INFO - Processing 334/503 : NI - NiSource - 2mo
2025-11-22 14:14:55,502 - INFO - Successfully saved NI data (45 rows)
2025-11-22 14:14:55,502 - INFO - Processing 335/503 : NKE - Nike, Inc. - 2mo
2025-11-22 14:14:55,881 - INFO - Successfully saved NKE data (45 rows)
2025-11-22 14:14:55,882 - INFO - Processing 336/503 : NOC - Northrop Grumman - 2mo
2025-11-22 14:14:56,200 - INFO - Successfully saved NOC data (45 rows)
2025-11-22 14:14:56,200 - INFO - Processing 337/503 : NOW - ServiceNow - 2mo
2025-11-22 14:14:56,489 - INFO - Successfully saved NOW data (45 rows)
2025-11-22 14:14:56,489 - INFO - Processing 338/503 : NRG - NRG Energy - 2mo
2025-11-22 14:14:56,785 - INFO - Successfully saved NRG data (45 rows)
2025-11-22 14:14:56,785 - INFO - Processing 339/503 : NSC - Norfolk Southern - 2mo
2025-11-22 14:14:57,759 - INFO - Successfully saved NSC data (45 rows)
2025-11-22 14:14:57,760 - INFO - Processing 340/503 : NTAP - NetApp - 2mo
2025-11-22 14:14:58,995 - INFO - Successfully saved NTAP data (45 rows)
2025-11-22 14:14:58,996 - INFO - Processing 341/503 : NTRS - Northern Trust - 2mo
2025-11-22 14:14:59,292 - INFO - Successfully saved NTRS data (45 rows)
2025-11-22 14:14:59,292 - INFO - Processing 342/503 : NUE - Nucor - 2mo
2025-11-22 14:14:59,619 - INFO - Successfully saved NUE data (45 rows)
2025-11-22 14:14:59,619 - INFO - Processing 343/503 : NVDA - Nvidia - 2mo
2025-11-22 14:14:59,907 - INFO - Successfully saved NVDA data (45 rows)
2025-11-22 14:14:59,907 - INFO - Processing 344/503 : NVR - NVR, Inc. - 2mo
2025-11-22 14:15:00,153 - INFO - Successfully saved NVR data (45 rows)
2025-11-22 14:15:00,153 - INFO - Processing 345/503 : NWS - News Corp (Class B) - 2mo
2025-11-22 14:15:00,501 - INFO - Successfully saved NWS data (45 rows)
2025-11-22 14:15:00,501 - INFO - Processing 346/503 : NWSA - News Corp (Class A) - 2mo
2025-11-22 14:15:00,751 - INFO - Successfully saved NWSA data (45 rows)
2025-11-22 14:15:00,751 - INFO - Processing 347/503 : NXPI - NXP Semiconductors - 2mo
2025-11-22 14:15:01,067 - INFO - Successfully saved NXPI data (45 rows)
2025-11-22 14:15:01,067 - INFO - Processing 348/503 : O - Realty Income - 2mo
2025-11-22 14:15:01,386 - INFO - Successfully saved O data (45 rows)
2025-11-22 14:15:01,386 - INFO - Processing 349/503 : ODFL - Old Dominion - 2mo
2025-11-22 14:15:01,696 - INFO - Successfully saved ODFL data (45 rows)
2025-11-22 14:15:01,697 - INFO - Processing 350/503 : OKE - Oneok - 2mo
2025-11-22 14:15:02,018 - INFO - Successfully saved OKE data (45 rows)
2025-11-22 14:15:02,018 - INFO - Processing 351/503 : OMC - Omnicom Group - 2mo
2025-11-22 14:15:02,378 - INFO - Successfully saved OMC data (45 rows)
2025-11-22 14:15:02,378 - INFO - Processing 352/503 : ON - ON Semiconductor - 2mo
2025-11-22 14:15:02,665 - INFO - Successfully saved ON data (45 rows)
2025-11-22 14:15:02,665 - INFO - Processing 353/503 : ORCL - Oracle Corporation - 2mo
2025-11-22 14:15:02,974 - INFO - Successfully saved ORCL data (45 rows)
2025-11-22 14:15:02,974 - INFO - Processing 354/503 : ORLY - O’Reilly Automotive - 2mo
2025-11-22 14:15:03,248 - INFO - Successfully saved ORLY data (45 rows)
2025-11-22 14:15:03,248 - INFO - Processing 355/503 : OTIS - Otis Worldwide - 2mo
2025-11-22 14:15:03,579 - INFO - Successfully saved OTIS data (45 rows)
2025-11-22 14:15:03,579 - INFO - Processing 356/503 : OXY - Occidental Petroleum - 2mo
2025-11-22 14:15:03,878 - INFO - Successfully saved OXY data (45 rows)
2025-11-22 14:15:03,878 - INFO - Processing 357/503 : PANW - Palo Alto Networks - 2mo
2025-11-22 14:15:04,157 - INFO - Successfully saved PANW data (45 rows)
2025-11-22 14:15:04,158 - INFO - Processing 358/503 : PAYC - Paycom - 2mo
2025-11-22 14:15:04,401 - INFO - Successfully saved PAYC data (45 rows)
2025-11-22 14:15:04,401 - INFO - Processing 359/503 : PAYX - Paychex - 2mo
2025-11-22 14:15:04,733 - INFO - Successfully saved PAYX data (45 rows)
2025-11-22 14:15:04,734 - INFO - Processing 360/503 : PCAR - Paccar - 2mo
2025-11-22 14:15:05,045 - INFO - Successfully saved PCAR data (45 rows)
2025-11-22 14:15:05,046 - INFO - Processing 361/503 : PCG - PG&E Corporation - 2mo
2025-11-22 14:15:05,370 - INFO - Successfully saved PCG data (45 rows)
2025-11-22 14:15:05,371 - INFO - Processing 362/503 : PEG - Public Service Enterprise Group - 2mo
2025-11-22 14:15:05,745 - INFO - Successfully saved PEG data (45 rows)
2025-11-22 14:15:05,746 - INFO - Processing 363/503 : PEP - PepsiCo - 2mo
2025-11-22 14:15:06,118 - INFO - Successfully saved PEP data (45 rows)
2025-11-22 14:15:06,118 - INFO - Processing 364/503 : PFE - Pfizer - 2mo
2025-11-22 14:15:06,481 - INFO - Successfully saved PFE data (45 rows)
2025-11-22 14:15:06,481 - INFO - Processing 365/503 : PFG - Principal Financial Group - 2mo
2025-11-22 14:15:06,783 - INFO - Successfully saved PFG data (45 rows)
2025-11-22 14:15:06,783 - INFO - Processing 366/503 : PG - Procter & Gamble - 2mo
2025-11-22 14:15:07,143 - INFO - Successfully saved PG data (45 rows)
2025-11-22 14:15:07,143 - INFO - Processing 367/503 : PGR - Progressive Corporation - 2mo
2025-11-22 14:15:07,539 - INFO - Successfully saved PGR data (45 rows)
2025-11-22 14:15:07,539 - INFO - Processing 368/503 : PH - Parker Hannifin - 2mo
2025-11-22 14:15:07,901 - INFO - Successfully saved PH data (45 rows)
2025-11-22 14:15:07,901 - INFO - Processing 369/503 : PHM - PulteGroup - 2mo
2025-11-22 14:15:08,257 - INFO - Successfully saved PHM data (45 rows)
2025-11-22 14:15:08,257 - INFO - Processing 370/503 : PKG - Packaging Corporation of America - 2mo
2025-11-22 14:15:08,548 - INFO - Successfully saved PKG data (45 rows)
2025-11-22 14:15:08,548 - INFO - Processing 371/503 : PLD - Prologis - 2mo
2025-11-22 14:15:08,878 - INFO - Successfully saved PLD data (45 rows)
2025-11-22 14:15:08,879 - INFO - Processing 372/503 : PLTR - Palantir Technologies - 2mo
2025-11-22 14:15:09,127 - INFO - Successfully saved PLTR data (45 rows)
2025-11-22 14:15:09,127 - INFO - Processing 373/503 : PM - Philip Morris International - 2mo
2025-11-22 14:15:09,404 - INFO - Successfully saved PM data (45 rows)
2025-11-22 14:15:09,404 - INFO - Processing 374/503 : PNC - PNC Financial Services - 2mo
2025-11-22 14:15:09,792 - INFO - Successfully saved PNC data (45 rows)
2025-11-22 14:15:09,793 - INFO - Processing 375/503 : PNR - Pentair - 2mo
2025-11-22 14:15:10,126 - INFO - Successfully saved PNR data (45 rows)
2025-11-22 14:15:10,126 - INFO - Processing 376/503 : PNW - Pinnacle West Capital - 2mo
2025-11-22 14:15:10,473 - INFO - Successfully saved PNW data (45 rows)
2025-11-22 14:15:10,473 - INFO - Processing 377/503 : PODD - Insulet Corporation - 2mo
2025-11-22 14:15:10,724 - INFO - Successfully saved PODD data (45 rows)
2025-11-22 14:15:10,724 - INFO - Processing 378/503 : POOL - Pool Corporation - 2mo
2025-11-22 14:15:11,071 - INFO - Successfully saved POOL data (45 rows)
2025-11-22 14:15:11,071 - INFO - Processing 379/503 : PPG - PPG Industries - 2mo
2025-11-22 14:15:11,443 - INFO - Successfully saved PPG data (45 rows)
2025-11-22 14:15:11,443 - INFO - Processing 380/503 : PPL - PPL Corporation - 2mo
2025-11-22 14:15:11,749 - INFO - Successfully saved PPL data (45 rows)
2025-11-22 14:15:11,749 - INFO - Processing 381/503 : PRU - Prudential Financial - 2mo
2025-11-22 14:15:12,062 - INFO - Successfully saved PRU data (45 rows)
2025-11-22 14:15:12,062 - INFO - Processing 382/503 : PSA - Public Storage - 2mo
2025-11-22 14:15:12,376 - INFO - Successfully saved PSA data (45 rows)
2025-11-22 14:15:12,376 - INFO - Processing 383/503 : PSKY - Paramount Skydance Corporation - 2mo
2025-11-22 14:15:12,644 - INFO - Successfully saved PSKY data (45 rows)
2025-11-22 14:15:12,644 - INFO - Processing 384/503 : PSX - Phillips 66 - 2mo
2025-11-22 14:15:12,917 - INFO - Successfully saved PSX data (45 rows)
2025-11-22 14:15:12,917 - INFO - Processing 385/503 : PTC - PTC Inc. - 2mo
2025-11-22 14:15:13,225 - INFO - Successfully saved PTC data (45 rows)
2025-11-22 14:15:13,225 - INFO - Processing 386/503 : PWR - Quanta Services - 2mo
2025-11-22 14:15:13,533 - INFO - Successfully saved PWR data (45 rows)
2025-11-22 14:15:13,533 - INFO - Processing 387/503 : PYPL - PayPal - 2mo
2025-11-22 14:15:13,798 - INFO - Successfully saved PYPL data (45 rows)
2025-11-22 14:15:13,798 - INFO - Processing 388/503 : QCOM - Qualcomm - 2mo
2025-11-22 14:15:14,408 - INFO - Successfully saved QCOM data (45 rows)
2025-11-22 14:15:14,409 - INFO - Processing 389/503 : RCL - Royal Caribbean Group - 2mo
2025-11-22 14:15:14,983 - INFO - Successfully saved RCL data (45 rows)
2025-11-22 14:15:14,983 - INFO - Processing 390/503 : REG - Regency Centers - 2mo
2025-11-22 14:15:15,787 - INFO - Successfully saved REG data (45 rows)
2025-11-22 14:15:15,787 - INFO - Processing 391/503 : REGN - Regeneron Pharmaceuticals - 2mo
2025-11-22 14:15:16,276 - INFO - Successfully saved REGN data (45 rows)
2025-11-22 14:15:16,276 - INFO - Processing 392/503 : RF - Regions Financial Corporation - 2mo
2025-11-22 14:15:16,921 - INFO - Successfully saved RF data (45 rows)
2025-11-22 14:15:16,922 - INFO - Processing 393/503 : RJF - Raymond James Financial - 2mo
2025-11-22 14:15:17,599 - INFO - Successfully saved RJF data (45 rows)
2025-11-22 14:15:17,600 - INFO - Processing 394/503 : RL - Ralph Lauren Corporation - 2mo
2025-11-22 14:15:18,126 - INFO - Successfully saved RL data (45 rows)
2025-11-22 14:15:18,126 - INFO - Processing 395/503 : RMD - ResMed - 2mo
2025-11-22 14:15:18,396 - INFO - Successfully saved RMD data (45 rows)
2025-11-22 14:15:18,396 - INFO - Processing 396/503 : ROK - Rockwell Automation - 2mo
2025-11-22 14:15:18,786 - INFO - Successfully saved ROK data (45 rows)
2025-11-22 14:15:18,787 - INFO - Processing 397/503 : ROL - Rollins, Inc. - 2mo
2025-11-22 14:15:19,135 - INFO - Successfully saved ROL data (45 rows)
2025-11-22 14:15:19,136 - INFO - Processing 398/503 : ROP - Roper Technologies - 2mo
2025-11-22 14:15:19,641 - INFO - Successfully saved ROP data (45 rows)
2025-11-22 14:15:19,641 - INFO - Processing 399/503 : ROST - Ross Stores - 2mo
2025-11-22 14:15:19,982 - INFO - Successfully saved ROST data (45 rows)
2025-11-22 14:15:19,983 - INFO - Processing 400/503 : RSG - Republic Services - 2mo
2025-11-22 14:15:20,304 - INFO - Successfully saved RSG data (45 rows)
2025-11-22 14:15:20,305 - INFO - Processing 401/503 : RTX - RTX Corporation - 2mo
2025-11-22 14:15:20,714 - INFO - Successfully saved RTX data (45 rows)
2025-11-22 14:15:20,715 - INFO - Processing 402/503 : RVTY - Revvity - 2mo
2025-11-22 14:15:21,027 - INFO - Successfully saved RVTY data (45 rows)
2025-11-22 14:15:21,027 - INFO - Processing 403/503 : SBAC - SBA Communications - 2mo
2025-11-22 14:15:21,307 - INFO - Successfully saved SBAC data (45 rows)
2025-11-22 14:15:21,308 - INFO - Processing 404/503 : SBUX - Starbucks - 2mo
2025-11-22 14:15:21,840 - INFO - Successfully saved SBUX data (45 rows)
2025-11-22 14:15:21,840 - INFO - Processing 405/503 : SCHW - Charles Schwab Corporation - 2mo
2025-11-22 14:15:24,046 - INFO - Successfully saved SCHW data (45 rows)
2025-11-22 14:15:24,047 - INFO - Processing 406/503 : SHW - Sherwin-Williams - 2mo
2025-11-22 14:15:25,020 - INFO - Successfully saved SHW data (45 rows)
2025-11-22 14:15:25,020 - INFO - Processing 407/503 : SJM - J.M. Smucker Company (The) - 2mo
2025-11-22 14:15:25,307 - INFO - Successfully saved SJM data (45 rows)
2025-11-22 14:15:25,308 - INFO - Processing 408/503 : SLB - Schlumberger - 2mo
2025-11-22 14:15:25,636 - INFO - Successfully saved SLB data (45 rows)
2025-11-22 14:15:25,637 - INFO - Processing 409/503 : SMCI - Supermicro - 2mo
2025-11-22 14:15:25,886 - INFO - Successfully saved SMCI data (45 rows)
2025-11-22 14:15:25,886 - INFO - Processing 410/503 : SNA - Snap-on - 2mo
2025-11-22 14:15:26,185 - INFO - Successfully saved SNA data (45 rows)
2025-11-22 14:15:26,186 - INFO - Processing 411/503 : SNPS - Synopsys - 2mo
2025-11-22 14:15:26,452 - INFO - Successfully saved SNPS data (45 rows)
2025-11-22 14:15:26,453 - INFO - Processing 412/503 : SO - Southern Company - 2mo
2025-11-22 14:15:26,789 - INFO - Successfully saved SO data (45 rows)
2025-11-22 14:15:26,789 - INFO - Processing 413/503 : SOLV - Solventum - 2mo
2025-11-22 14:15:27,026 - INFO - Successfully saved SOLV data (45 rows)
2025-11-22 14:15:27,026 - INFO - Processing 414/503 : SPG - Simon Property Group - 2mo
2025-11-22 14:15:27,343 - INFO - Successfully saved SPG data (45 rows)
2025-11-22 14:15:27,344 - INFO - Processing 415/503 : SPGI - S&P Global - 2mo
2025-11-22 14:15:27,665 - INFO - Successfully saved SPGI data (45 rows)
2025-11-22 14:15:27,665 - INFO - Processing 416/503 : SRE - Sempra - 2mo
2025-11-22 14:15:27,953 - INFO - Successfully saved SRE data (45 rows)
2025-11-22 14:15:27,953 - INFO - Processing 417/503 : STE - Steris - 2mo
2025-11-22 14:15:28,270 - INFO - Successfully saved STE data (45 rows)
2025-11-22 14:15:28,270 - INFO - Processing 418/503 : STLD - Steel Dynamics - 2mo
2025-11-22 14:15:28,568 - INFO - Successfully saved STLD data (45 rows)
2025-11-22 14:15:28,569 - INFO - Processing 419/503 : STT - State Street Corporation - 2mo
2025-11-22 14:15:29,009 - INFO - Successfully saved STT data (45 rows)
2025-11-22 14:15:29,009 - INFO - Processing 420/503 : STX - Seagate Technology - 2mo
2025-11-22 14:15:29,316 - INFO - Successfully saved STX data (45 rows)
2025-11-22 14:15:29,317 - INFO - Processing 421/503 : STZ - Constellation Brands - 2mo
2025-11-22 14:15:29,581 - INFO - Successfully saved STZ data (45 rows)
2025-11-22 14:15:29,581 - INFO - Processing 422/503 : SW - Smurfit Westrock - 2mo
2025-11-22 14:15:29,858 - INFO - Successfully saved SW data (45 rows)
2025-11-22 14:15:29,858 - INFO - Processing 423/503 : SWK - Stanley Black & Decker - 2mo
2025-11-22 14:15:30,142 - INFO - Successfully saved SWK data (45 rows)
2025-11-22 14:15:30,142 - INFO - Processing 424/503 : SWKS - Skyworks Solutions - 2mo
2025-11-22 14:15:30,446 - INFO - Successfully saved SWKS data (45 rows)
2025-11-22 14:15:30,446 - INFO - Processing 425/503 : SYF - Synchrony Financial - 2mo
2025-11-22 14:15:30,720 - INFO - Successfully saved SYF data (45 rows)
2025-11-22 14:15:30,720 - INFO - Processing 426/503 : SYK - Stryker Corporation - 2mo
2025-11-22 14:15:31,022 - INFO - Successfully saved SYK data (45 rows)
2025-11-22 14:15:31,022 - INFO - Processing 427/503 : SYY - Sysco - 2mo
2025-11-22 14:15:31,351 - INFO - Successfully saved SYY data (45 rows)
2025-11-22 14:15:31,351 - INFO - Processing 428/503 : T - AT&T - 2mo
2025-11-22 14:15:31,670 - INFO - Successfully saved T data (45 rows)
2025-11-22 14:15:31,670 - INFO - Processing 429/503 : TAP - Molson Coors Beverage Company - 2mo
2025-11-22 14:15:31,977 - INFO - Successfully saved TAP data (45 rows)
2025-11-22 14:15:31,978 - INFO - Processing 430/503 : TDG - TransDigm Group - 2mo
2025-11-22 14:15:32,249 - INFO - Successfully saved TDG data (45 rows)
2025-11-22 14:15:32,249 - INFO - Processing 431/503 : TDY - Teledyne Technologies - 2mo
2025-11-22 14:15:32,536 - INFO - Successfully saved TDY data (45 rows)
2025-11-22 14:15:32,536 - INFO - Processing 432/503 : TECH - Bio-Techne - 2mo
2025-11-22 14:15:32,793 - INFO - Successfully saved TECH data (45 rows)
2025-11-22 14:15:32,794 - INFO - Processing 433/503 : TEL - TE Connectivity - 2mo
2025-11-22 14:15:33,109 - INFO - Successfully saved TEL data (45 rows)
2025-11-22 14:15:33,110 - INFO - Processing 434/503 : TER - Teradyne - 2mo
2025-11-22 14:15:33,404 - INFO - Successfully saved TER data (45 rows)
2025-11-22 14:15:33,404 - INFO - Processing 435/503 : TFC - Truist Financial - 2mo
2025-11-22 14:15:33,715 - INFO - Successfully saved TFC data (45 rows)
2025-11-22 14:15:33,715 - INFO - Processing 436/503 : TGT - Target Corporation - 2mo
2025-11-22 14:15:34,043 - INFO - Successfully saved TGT data (45 rows)
2025-11-22 14:15:34,043 - INFO - Processing 437/503 : TJX - TJX Companies - 2mo
2025-11-22 14:15:34,353 - INFO - Successfully saved TJX data (45 rows)
2025-11-22 14:15:34,353 - INFO - Processing 438/503 : TKO - TKO Group Holdings - 2mo
2025-11-22 14:15:34,631 - INFO - Successfully saved TKO data (45 rows)
2025-11-22 14:15:34,631 - INFO - Processing 439/503 : TMO - Thermo Fisher Scientific - 2mo
2025-11-22 14:15:34,910 - INFO - Successfully saved TMO data (45 rows)
2025-11-22 14:15:34,911 - INFO - Processing 440/503 : TMUS - T-Mobile US - 2mo
2025-11-22 14:15:35,205 - INFO - Successfully saved TMUS data (45 rows)
2025-11-22 14:15:35,205 - INFO - Processing 441/503 : TPL - Texas Pacific Land Corporation - 2mo
2025-11-22 14:15:35,525 - INFO - Successfully saved TPL data (45 rows)
2025-11-22 14:15:35,525 - INFO - Processing 442/503 : TPR - Tapestry, Inc. - 2mo
2025-11-22 14:15:35,834 - INFO - Successfully saved TPR data (45 rows)
2025-11-22 14:15:35,835 - INFO - Processing 443/503 : TRGP - Targa Resources - 2mo
2025-11-22 14:15:36,149 - INFO - Successfully saved TRGP data (45 rows)
2025-11-22 14:15:36,150 - INFO - Processing 444/503 : TRMB - Trimble Inc. - 2mo
2025-11-22 14:15:36,395 - INFO - Successfully saved TRMB data (45 rows)
2025-11-22 14:15:36,395 - INFO - Processing 445/503 : TROW - T. Rowe Price - 2mo
2025-11-22 14:15:36,705 - INFO - Successfully saved TROW data (45 rows)
2025-11-22 14:15:36,705 - INFO - Processing 446/503 : TRV - Travelers Companies (The) - 2mo
2025-11-22 14:15:37,085 - INFO - Successfully saved TRV data (45 rows)
2025-11-22 14:15:37,085 - INFO - Processing 447/503 : TSCO - Tractor Supply - 2mo
2025-11-22 14:15:37,389 - INFO - Successfully saved TSCO data (45 rows)
2025-11-22 14:15:37,389 - INFO - Processing 448/503 : TSLA - Tesla, Inc. - 2mo
2025-11-22 14:15:37,685 - INFO - Successfully saved TSLA data (45 rows)
2025-11-22 14:15:37,686 - INFO - Processing 449/503 : TSN - Tyson Foods - 2mo
2025-11-22 14:15:38,013 - INFO - Successfully saved TSN data (45 rows)
2025-11-22 14:15:38,013 - INFO - Processing 450/503 : TT - Trane Technologies - 2mo
2025-11-22 14:15:38,356 - INFO - Successfully saved TT data (45 rows)
2025-11-22 14:15:38,357 - INFO - Processing 451/503 : TTD - Trade Desk (The) - 2mo
2025-11-22 14:15:38,638 - INFO - Successfully saved TTD data (45 rows)
2025-11-22 14:15:38,638 - INFO - Processing 452/503 : TTWO - Take-Two Interactive - 2mo
2025-11-22 14:15:38,910 - INFO - Successfully saved TTWO data (45 rows)
2025-11-22 14:15:38,910 - INFO - Processing 453/503 : TXN - Texas Instruments - 2mo
2025-11-22 14:15:39,253 - INFO - Successfully saved TXN data (45 rows)
2025-11-22 14:15:39,253 - INFO - Processing 454/503 : TXT - Textron - 2mo
2025-11-22 14:15:39,575 - INFO - Successfully saved TXT data (45 rows)
2025-11-22 14:15:39,575 - INFO - Processing 455/503 : TYL - Tyler Technologies - 2mo
2025-11-22 14:15:39,836 - INFO - Successfully saved TYL data (45 rows)
2025-11-22 14:15:39,836 - INFO - Processing 456/503 : UAL - United Airlines Holdings - 2mo
2025-11-22 14:15:40,139 - INFO - Successfully saved UAL data (45 rows)
2025-11-22 14:15:40,139 - INFO - Processing 457/503 : UBER - Uber - 2mo
2025-11-22 14:15:40,418 - INFO - Successfully saved UBER data (45 rows)
2025-11-22 14:15:40,418 - INFO - Processing 458/503 : UDR - UDR, Inc. - 2mo
2025-11-22 14:15:40,756 - INFO - Successfully saved UDR data (45 rows)
2025-11-22 14:15:40,757 - INFO - Processing 459/503 : UHS - Universal Health Services - 2mo
2025-11-22 14:15:41,064 - INFO - Successfully saved UHS data (45 rows)
2025-11-22 14:15:41,064 - INFO - Processing 460/503 : ULTA - Ulta Beauty - 2mo
2025-11-22 14:15:41,343 - INFO - Successfully saved ULTA data (45 rows)
2025-11-22 14:15:41,343 - INFO - Processing 461/503 : UNH - UnitedHealth Group - 2mo
2025-11-22 14:15:41,651 - INFO - Successfully saved UNH data (45 rows)
2025-11-22 14:15:41,651 - INFO - Processing 462/503 : UNP - Union Pacific Corporation - 2mo
2025-11-22 14:15:42,009 - INFO - Successfully saved UNP data (45 rows)
2025-11-22 14:15:42,009 - INFO - Processing 463/503 : UPS - United Parcel Service - 2mo
2025-11-22 14:15:42,337 - INFO - Successfully saved UPS data (45 rows)
2025-11-22 14:15:42,337 - INFO - Processing 464/503 : URI - United Rentals - 2mo
2025-11-22 14:15:42,591 - INFO - Successfully saved URI data (45 rows)
2025-11-22 14:15:42,591 - INFO - Processing 465/503 : USB - U.S. Bancorp - 2mo
2025-11-22 14:15:42,920 - INFO - Successfully saved USB data (45 rows)
2025-11-22 14:15:42,920 - INFO - Processing 466/503 : V - Visa Inc. - 2mo
2025-11-22 14:15:43,212 - INFO - Successfully saved V data (45 rows)
2025-11-22 14:15:43,212 - INFO - Processing 467/503 : VICI - Vici Properties - 2mo
2025-11-22 14:15:43,476 - INFO - Successfully saved VICI data (45 rows)
2025-11-22 14:15:43,477 - INFO - Processing 468/503 : VLO - Valero Energy - 2mo
2025-11-22 14:15:43,828 - INFO - Successfully saved VLO data (45 rows)
2025-11-22 14:15:43,828 - INFO - Processing 469/503 : VLTO - Veralto - 2mo
2025-11-22 14:15:44,118 - INFO - Successfully saved VLTO data (45 rows)
2025-11-22 14:15:44,118 - INFO - Processing 470/503 : VMC - Vulcan Materials Company - 2mo
2025-11-22 14:15:44,418 - INFO - Successfully saved VMC data (45 rows)
2025-11-22 14:15:44,418 - INFO - Processing 471/503 : VRSK - Verisk Analytics - 2mo
2025-11-22 14:15:44,713 - INFO - Successfully saved VRSK data (45 rows)
2025-11-22 14:15:44,714 - INFO - Processing 472/503 : VRSN - Verisign - 2mo
2025-11-22 14:15:45,013 - INFO - Successfully saved VRSN data (45 rows)
2025-11-22 14:15:45,013 - INFO - Processing 473/503 : VRTX - Vertex Pharmaceuticals - 2mo
2025-11-22 14:15:45,280 - INFO - Successfully saved VRTX data (45 rows)
2025-11-22 14:15:45,280 - INFO - Processing 474/503 : VST - Vistra Corp. - 2mo
2025-11-22 14:15:45,587 - INFO - Successfully saved VST data (45 rows)
2025-11-22 14:15:45,587 - INFO - Processing 475/503 : VTR - Ventas - 2mo
2025-11-22 14:15:45,874 - INFO - Successfully saved VTR data (45 rows)
2025-11-22 14:15:45,874 - INFO - Processing 476/503 : VTRS - Viatris - 2mo
2025-11-22 14:15:46,243 - INFO - Successfully saved VTRS data (45 rows)
2025-11-22 14:15:46,243 - INFO - Processing 477/503 : VZ - Verizon - 2mo
2025-11-22 14:15:47,236 - INFO - Successfully saved VZ data (45 rows)
2025-11-22 14:15:47,236 - INFO - Processing 478/503 : WAB - Wabtec - 2mo
2025-11-22 14:15:48,321 - INFO - Successfully saved WAB data (45 rows)
2025-11-22 14:15:48,321 - INFO - Processing 479/503 : WAT - Waters Corporation - 2mo
2025-11-22 14:15:49,022 - INFO - Successfully saved WAT data (45 rows)
2025-11-22 14:15:49,022 - INFO - Processing 480/503 : WBA - Walgreens Boots Alliance - 2mo
2025-11-22 14:15:49,984 - ERROR - 
1 Failed download:
2025-11-22 14:15:49,984 - ERROR - ['WBA']: YFPricesMissingError('possibly delisted; no price data found  (period=2mo) (Yahoo error = "No data found, symbol may be delisted")')
2025-11-22 14:15:49,986 - ERROR - No data returned for WBA
2025-11-22 14:15:49,986 - INFO - Processing 481/503 : WBD - Warner Bros. Discovery - 2mo
2025-11-22 14:15:50,225 - INFO - Successfully saved WBD data (45 rows)
2025-11-22 14:15:50,226 - INFO - Processing 482/503 : WDAY - Workday, Inc. - 2mo
2025-11-22 14:15:50,463 - INFO - Successfully saved WDAY data (45 rows)
2025-11-22 14:15:50,463 - INFO - Processing 483/503 : WDC - Western Digital - 2mo
2025-11-22 14:15:50,741 - INFO - Successfully saved WDC data (45 rows)
2025-11-22 14:15:50,741 - INFO - Processing 484/503 : WEC - WEC Energy Group - 2mo
2025-11-22 14:15:51,080 - INFO - Successfully saved WEC data (45 rows)
2025-11-22 14:15:51,081 - INFO - Processing 485/503 : WELL - Welltower - 2mo
2025-11-22 14:15:51,484 - INFO - Successfully saved WELL data (45 rows)
2025-11-22 14:15:51,485 - INFO - Processing 486/503 : WFC - Wells Fargo - 2mo
2025-11-22 14:15:51,833 - INFO - Successfully saved WFC data (45 rows)
2025-11-22 14:15:51,833 - INFO - Processing 487/503 : WM - Waste Management - 2mo
2025-11-22 14:15:52,094 - INFO - Successfully saved WM data (45 rows)
2025-11-22 14:15:52,095 - INFO - Processing 488/503 : WMB - Williams Companies - 2mo
2025-11-22 14:15:52,403 - INFO - Successfully saved WMB data (45 rows)
2025-11-22 14:15:52,403 - INFO - Processing 489/503 : WMT - Walmart - 2mo
2025-11-22 14:15:52,763 - INFO - Successfully saved WMT data (45 rows)
2025-11-22 14:15:52,763 - INFO - Processing 490/503 : WRB - W. R. Berkley Corporation - 2mo
2025-11-22 14:15:53,090 - INFO - Successfully saved WRB data (45 rows)
2025-11-22 14:15:53,090 - INFO - Processing 491/503 : WSM - Williams-Sonoma, Inc. - 2mo
2025-11-22 14:15:53,397 - INFO - Successfully saved WSM data (45 rows)
2025-11-22 14:15:53,398 - INFO - Processing 492/503 : WST - West Pharmaceutical Services - 2mo
2025-11-22 14:15:53,748 - INFO - Successfully saved WST data (45 rows)
2025-11-22 14:15:53,748 - INFO - Processing 493/503 : WTW - Willis Towers Watson - 2mo
2025-11-22 14:15:54,026 - INFO - Successfully saved WTW data (45 rows)
2025-11-22 14:15:54,026 - INFO - Processing 494/503 : WY - Weyerhaeuser - 2mo
2025-11-22 14:15:54,324 - INFO - Successfully saved WY data (45 rows)
2025-11-22 14:15:54,324 - INFO - Processing 495/503 : WYNN - Wynn Resorts - 2mo
2025-11-22 14:15:54,594 - INFO - Successfully saved WYNN data (45 rows)
2025-11-22 14:15:54,594 - INFO - Processing 496/503 : XEL - Xcel Energy - 2mo
2025-11-22 14:15:54,935 - INFO - Successfully saved XEL data (45 rows)
2025-11-22 14:15:54,936 - INFO - Processing 497/503 : XOM - ExxonMobil - 2mo
2025-11-22 14:15:55,297 - INFO - Successfully saved XOM data (45 rows)
2025-11-22 14:15:55,297 - INFO - Processing 498/503 : XYL - Xylem Inc. - 2mo
2025-11-22 14:15:55,588 - INFO - Successfully saved XYL data (45 rows)
2025-11-22 14:15:55,588 - INFO - Processing 499/503 : XYZ - Block, Inc. - 2mo
2025-11-22 14:15:55,846 - INFO - Successfully saved XYZ data (45 rows)
2025-11-22 14:15:55,846 - INFO - Processing 500/503 : YUM - Yum! Brands - 2mo
2025-11-22 14:15:56,145 - INFO - Successfully saved YUM data (45 rows)
2025-11-22 14:15:56,145 - INFO - Processing 501/503 : ZBH - Zimmer Biomet - 2mo
2025-11-22 14:15:56,441 - INFO - Successfully saved ZBH data (45 rows)
2025-11-22 14:15:56,441 - INFO - Processing 502/503 : ZBRA - Zebra Technologies - 2mo
2025-11-22 14:15:56,719 - INFO - Successfully saved ZBRA data (45 rows)
2025-11-22 14:15:56,719 - INFO - Processing 503/503 : ZTS - Zoetis - 2mo
2025-11-22 14:15:56,992 - INFO - Successfully saved ZTS data (45 rows)
2025-11-22 14:15:56,992 - INFO - S&P 500 data download process completed
