Price,Close,High,Low,Open,Volume,Date
30.723493576049805,30.723493576049805,32.64322284049898,30.613795273347776,32.611879614282806,94809700,2020-12-14
30.33172035217285,30.33172035217285,30.699995886368495,29.939938886536762,30.605969171551337,65712800,2020-12-15
29.650022506713867,29.650022506713867,30.143668008128934,29.571667406386926,29.916434032503137,56515300,2020-12-16
29.798892974853516,29.798892974853516,29.869413747947704,29.234729779154947,29.64218280269304,52036400,2020-12-17
29.524642944335938,29.524642944335938,29.84590353361497,29.383601418403245,29.767548458787694,60259200,2020-12-18
29.289575576782227,29.289575576782227,29.305247190011233,28.921300138537084,29.2112175106372,40891800,2020-12-21
28.788095474243164,28.788095474243164,29.250397595815276,28.678394183299392,29.156367917863474,33634400,2020-12-22
29.33658790588379,29.33658790588379,29.50113835294481,28.89779468453345,28.999655688601415,36182000,2020-12-23
29.203388214111328,29.203388214111328,29.438456474809225,29.13286743699645,29.30525222306729,14790100,2020-12-24
28.85077667236328,28.85077667236328,29.446285963092215,28.7410783790854,29.273901222767368,26993700,2020-12-28
29.03099822998047,29.03099822998047,29.148533833811978,28.82727323760103,28.91346561520353,23152100,2020-12-29
28.788095474243164,28.788095474243164,29.179876831878698,28.75675224825923,29.015326389990317,24889800,2020-12-30
28.84294319152832,28.84294319152832,28.929132575118214,28.435490241153563,28.725407594458034,30796500,2020-12-31
28.84294319152832,28.84294319152832,28.94480418733121,28.419818628940565,28.889955039112916,33565700,2021-01-04
29.140695571899414,29.140695571899414,29.281737096224973,28.678393461955526,28.772423137542212,29909400,2021-01-05
28.889957427978516,28.889957427978516,29.367931178307472,28.811602349488865,28.858617190015444,34962500,2021-01-06
29.038843154907227,29.038843154907227,29.10936393790971,28.733251102526243,29.023171537678305,27809500,2021-01-07
29.09368896484375,29.09368896484375,29.40711230610407,28.913469871081688,29.117194893448147,33462400,2021-01-08
29.59516716003418,29.59516716003418,29.64218200384825,29.10935906350818,29.16420822009717,47286900,2021-01-11
29.13286018371582,29.13286018371582,29.61083388859714,28.850777145487214,29.540313129039987,47831100,2021-01-12
28.88212776184082,28.88212776184082,29.125030337665763,28.709742974567533,28.99182608499468,31027900,2021-01-13
28.795927047729492,28.795927047729492,28.960474484914922,28.686228756272538,28.819432970454763,30272000,2021-01-14
28.756759643554688,28.756759643554688,28.819443122588144,28.521691366332426,28.741088026532495,34287800,2021-01-15
28.78026008605957,28.78026008605957,28.991822391930498,28.69406770340237,28.803766012582535,33451300,2021-01-19
28.600040435791016,28.600040435791016,28.84294596486701,28.56869720835127,28.827274351147135,35400100,2021-01-20
28.58437728881836,28.58437728881836,28.670569695280673,28.325803058486997,28.513856500717885,33829700,2021-01-21
28.63921356201172,28.63921356201172,28.85861313122387,28.404145370549056,28.458994515588536,26271200,2021-01-22
29.211217880249023,29.211217880249023,29.21905518148999,28.458998370066432,28.63921744089843,31728500,2021-01-25
29.234724044799805,29.234724044799805,29.461954945483406,29.117188449678977,29.20338082089367,27718700,2021-01-26
28.396310806274414,28.396310806274414,29.023160307604645,28.341458672669706,28.983982774219168,50561200,2021-01-27
28.404233932495117,28.404233932495117,28.776515705896877,28.388391833459785,28.475521867368403,39466700,2021-01-28
28.4359188079834,28.4359188079834,29.21216354977832,28.21413243777663,29.21216354977832,60251900,2021-01-29
28.35671043395996,28.35671043395996,28.66562384170756,28.293345053136424,28.459682577066406,40395800,2021-02-01
27.715124130249023,27.715124130249023,28.34087053384285,27.14482055069823,28.325028432013998,84062400,2021-02-02
27.596309661865234,27.596309661865234,27.95274939630164,27.548783356749734,27.71512391386802,38524200,2021-02-03
27.63591194152832,27.63591194152832,27.786410388969866,27.48541651565856,27.57254655963592,34284900,2021-02-04
27.65967559814453,27.65967559814453,27.786412414310696,27.548783905571142,27.65967559814453,31749600,2021-02-05
27.580467224121094,27.580467224121094,27.73096265612864,27.517101839644408,27.69135891313422,31633900,2021-02-08
27.699281692504883,27.699281692504883,27.770569639084208,27.532941136105173,27.564625339378633,30170200,2021-02-09
27.517099380493164,27.517099380493164,27.786409038988168,27.485415180300425,27.72304063860269,29039900,2021-02-10
27.27155303955078,27.27155303955078,27.572546916760615,27.152738792302426,27.564624355439086,30885200,2021-02-11
27.501258850097656,27.501258850097656,27.683438479246792,27.216107075230553,27.27947245766113,25578600,2021-02-12
27.477495193481445,27.477495193481445,27.612151546129,27.37452606556664,27.604228984552833,28730300,2021-02-16
27.63591194152832,27.63591194152832,27.72304198550568,27.295314326837794,27.382444370815154,26389400,2021-02-17
27.374523162841797,27.374523162841797,27.62799071810751,27.34283896304068,27.548780218604726,24052500,2021-02-18
27.279470443725586,27.279470443725586,27.46957262012643,27.2477892656351,27.453730520295395,28145300,2021-02-19
27.136898040771484,27.136898040771484,27.22402809021042,26.962640963465592,27.19234690806424,34322500,2021-02-22
26.859661102294922,26.859661102294922,27.08144442151674,26.677481515566846,26.930949029412094,37624200,2021-02-23
26.73293113708496,26.73293113708496,26.97055658732252,26.669562738850125,26.827980712865678,30686100,2021-02-24
26.788379669189453,26.788379669189453,27.01808560353776,26.566596296203137,26.788379669189453,37506100,2021-02-25
26.526992797851562,26.526992797851562,26.851748320524894,26.424020650202397,26.804222016631773,41462800,2021-02-26
26.685405731201172,26.685405731201172,26.87550791069424,26.542829851974282,26.606198252329182,30407800,2021-03-01
26.542829513549805,26.542829513549805,26.8438233682546,26.534909974392235,26.677485851801265,27670400,2021-03-02
27.239871978759766,27.239871978759766,27.287398287454295,26.48738870974336,26.54283455910089,46020200,2021-03-03
27.089378356933594,27.089378356933594,27.79433536470514,26.8042265287176,27.136901647254675,45449600,2021-03-04
27.239871978759766,27.239871978759766,27.366605780373,26.899274320379416,27.16066448584106,30589900,2021-03-05
27.208189010620117,27.208189010620117,27.620074639992183,27.192349928573616,27.31116117335621,24352300,2021-03-08
27.287397384643555,27.287397384643555,27.60423036740805,27.2794748226705,27.35868533454068,25167100,2021-03-09
27.667598724365234,27.667598724365234,27.833936266618636,27.342843180244373,27.43789277273602,33501800,2021-03-10
27.493337631225586,27.493337631225586,27.818093163665075,27.453733887576274,27.778489420015763,24557900,2021-03-11
27.675514221191406,27.675514221191406,27.70719842125006,27.334916624489956,27.374523385349086,16342400,2021-03-12
28.04779052734375,28.04779052734375,28.063632624271843,27.691350900389246,27.73095463192396,21896100,2021-03-15
28.380470275878906,28.380470275878906,28.404231911955904,27.968584794974067,28.095318556670076,25022400,2021-03-16
28.348793029785156,28.348793029785156,28.4834463626601,27.81809319525152,28.380477233369362,42540100,2021-03-17
28.332950592041016,28.332950592041016,28.49136858651169,28.134928854345656,28.142848394361824,24729800,2021-03-18
28.14284896850586,28.14284896850586,28.372554914095986,28.095325684295478,28.317109068135885,48348900,2021-03-19
28.515125274658203,28.515125274658203,28.523044813298636,28.00819019767126,28.103239769213463,25427500,2021-03-22
28.008201599121094,28.008201599121094,28.45969102470104,27.976517388518698,28.372560956330766,27970500,2021-03-23
28.206214904785156,28.206214904785156,28.459682470271627,28.01611271988444,28.10324276206511,22883400,2021-03-24
28.253738403320312,28.253738403320312,28.348791007291585,27.92106335413611,28.23789932423018,24875300,2021-03-25
28.713153839111328,28.713153839111328,28.744838044386967,28.22998028416026,28.261664489435898,27944500,2021-03-26
29.0062255859375,29.0062255859375,29.10127820308162,28.435924990933607,28.538894127148158,27004800,2021-03-29
28.602264404296875,28.602264404296875,29.014150040738773,28.530976447574773,28.982465832957313,26303300,2021-03-30
28.697309494018555,28.697309494018555,28.855727486445584,28.546814063077413,28.63394410999087,26582700,2021-03-31
28.752750396728516,28.752750396728516,28.871564626022526,28.530967058389148,28.752750396728512,21319900,2021-04-01
28.73691177368164,28.73691177368164,28.966617699927475,28.59433588991331,28.86364555685663,22096900,2021-04-05
28.554731369018555,28.554731369018555,28.83196358946963,28.51512762940316,28.72106888834621,20722900,2021-04-06
28.443836212158203,28.443836212158203,28.705226300493393,28.325021986265607,28.538885779929508,21933800,2021-04-07
28.483442306518555,28.483442306518555,28.633940741326064,28.41215436939172,28.483442306518555,18129400,2021-04-08
28.990373611450195,28.990373611450195,29.15671412402504,28.43591530810451,28.43591530810451,31686700,2021-04-09
29.283447265625,29.283447265625,29.330970535442003,28.776512243769847,28.895323439883423,29944900,2021-04-12
29.43395233154297,29.43395233154297,29.822076284868878,29.2200884823518,29.631974078397153,33967400,2021-04-13
29.44186782836914,29.44186782836914,29.608208369276156,29.275530309033773,29.44186782836914,23842900,2021-04-14
29.78246307373047,29.78246307373047,29.89335776609328,29.513153435420747,29.513153435420747,24945800,2021-04-15
30.550785064697266,30.550785064697266,30.653757186076426,29.948800476820608,29.99632374701784,52829500,2021-04-16
30.835941314697266,30.835941314697266,30.859702953296274,30.360690413287788,30.574551203821972,30905100,2021-04-19
30.91514778137207,30.91514778137207,31.081488310847018,30.693364437500733,30.693364437500733,26459400,2021-04-20
31.311199188232422,31.311199188232422,31.422090888482334,30.994366190600132,31.002285731372748,29365000,2021-04-21
30.606231689453125,30.606231689453125,31.287426781307666,30.511182125018195,31.271584683639983,33373600,2021-04-22
30.622074127197266,30.622074127197266,30.75673044808243,30.439894534352447,30.59831249121744,24375000,2021-04-23
30.637916564941406,30.637916564941406,30.68544285899953,30.487421166114217,30.67752029920422,19773400,2021-04-26
30.45574378967285,30.45574378967285,30.582477580634613,30.3765332818393,30.503267072801062,19061500,2021-04-27
30.74089241027832,30.74089241027832,30.84386152750447,30.511186493564708,30.527028593500642,21963300,2021-04-28
30.574552536010742,30.574552536010742,30.89138849846987,30.344849635878127,30.883468959115643,23569400,2021-04-29
30.614158630371094,30.614158630371094,30.81218034719996,30.487424852463484,30.495344391645133,28413200,2021-04-30
31.548816680908203,31.548816680908203,31.556736218911382,30.859699033356332,30.923067423666406,46638600,2021-05-03
31.64386558532715,31.64386558532715,31.818122611905935,31.231980121609038,31.683469317660006,52802200,2021-05-04
31.659711837768555,31.659711837768555,32.54684824905577,30.83594080221611,31.826049348340256,76627500,2021-05-05
31.34775733947754,31.34775733947754,31.379753742571403,30.363890829428346,30.779834915613726,54944900,2021-05-06
31.659711837768555,31.659711837768555,31.891678088938985,31.235767203537666,31.235767203537666,33807800,2021-05-07
31.88368034362793,31.88368034362793,32.21963335814153,31.819687549619037,31.85968457154678,30831900,2021-05-10
31.475732803344727,31.475732803344727,32.0516557237951,31.379746667051084,31.739698492332565,30568600,2021-05-11
31.74770164489746,31.74770164489746,31.93167637651834,31.443744984660242,31.54772871252544,26208600,2021-05-12
32.07565689086914,32.07565689086914,32.21963764520249,31.595723077321157,31.595723077321157,25415000,2021-05-13
32.01166915893555,32.01166915893555,32.251636080846275,31.931678150735333,32.187646325631064,18041100,2021-05-14
32.083656311035156,32.083656311035156,32.31562563444782,32.003665310887,32.05165991097589,18095000,2021-05-17
32.03566360473633,32.03566360473633,32.27563051667714,31.85968949669698,32.13965038540378,15805500,2021-05-18
31.859683990478516,31.859683990478516,31.915676158542908,31.539726128958282,31.915676158542908,20209500,2021-05-19
32.091651916503906,32.091651916503906,32.19563868464443,31.77169708957499,31.779694663426813,18621100,2021-05-20
31.955673217773438,31.955673217773438,32.47560097882845,31.92367681825924,32.163643711926525,21144800,2021-05-21
31.843690872192383,31.843690872192383,32.10765355641305,31.819692045376108,32.05966200547009,16922300,2021-05-24
31.459735870361328,31.459735870361328,31.88367741198435,31.387745509392882,31.851681017921912,25916300,2021-05-25
31.131792068481445,31.131792068481445,31.43575185252387,31.01980768787253,31.42775427591417,28036500,2021-05-26
30.915813446044922,30.915813446044922,31.33975504347028,30.875816422530125,31.171778529548288,38471200,2021-05-27
30.97980499267578,30.97980499267578,31.211774316634514,30.939811018179885,30.99580319274307,16154100,2021-05-28
30.795835494995117,30.795835494995117,31.195781410514535,30.779837292212918,31.14778680216794,23642400,2021-06-01
31.027801513671875,31.027801513671875,31.13978586973071,30.827828577468285,30.90781653141178,19629000,2021-06-02
31.17177963256836,31.17177963256836,31.227771805856985,30.899816340304493,31.00380006135789,17376300,2021-06-03
31.315765380859375,31.315765380859375,31.59572629202281,31.211778591850777,31.23577436956619,19375300,2021-06-04
31.18778419494629,31.18778419494629,31.675715654384557,31.171785991979345,31.25977458262492,24110700,2021-06-07
31.07579231262207,31.07579231262207,31.28376586998831,30.77983322858756,31.251769468648156,18880300,2021-06-08
31.843690872192383,31.843690872192383,31.867686647663863,31.179779271596672,31.195777472359257,29824000,2021-06-09
32.53959274291992,32.53959274291992,32.57158914141646,31.907677603663565,31.915678228959955,42613700,2021-06-10
32.11564254760742,32.11564254760742,32.531583411368345,31.95566364928354,32.52358583955681,21386900,2021-06-11
31.699705123901367,31.699705123901367,32.05165633121078,31.49973222288241,32.01965993472511,23408300,2021-06-14
31.66771125793457,31.66771125793457,31.867684174933057,31.507732314066864,31.763697403717366,20206900,2021-06-15
31.435741424560547,31.435741424560547,31.867683650491575,31.419743225302604,31.691706509998674,19177500,2021-06-16
31.579723358154297,31.579723358154297,31.667711931720874,31.251767889352728,31.411746836624264,19580100,2021-06-17
31.043792724609375,31.043792724609375,31.547722213404498,30.955804164276973,31.43573788256114,37775900,2021-06-18
31.53173065185547,31.53173065185547,31.579725254322096,31.09979143503504,31.09979143503504,19488100,2021-06-21
31.683712005615234,31.683712005615234,31.74770175750195,31.403748068494544,31.52373304888124,15975900,2021-06-22
31.23577117919922,31.23577117919922,31.72370561854308,31.179779002685475,31.69970984327855,22025400,2021-06-23
31.34775733947754,31.34775733947754,31.475739900508046,31.259771807986834,31.30776336128268,13436500,2021-06-24
31.179779052734375,31.179779052734375,31.523732738353637,31.107788675480467,31.29176340594162,22774300,2021-06-25
31.291765213012695,31.291765213012695,31.363755594423985,31.11579109838673,31.20377663002724,19225700,2021-06-28
31.27576446533203,31.27576446533203,31.419745216433384,31.179778315046033,31.29976329141206,14516600,2021-06-29
31.323762893676758,31.323762893676758,31.411751480250764,31.051799558513956,31.307764691450114,21248100,2021-06-30
31.643712997436523,31.643712997436523,31.699705165688094,31.283761164859047,31.3317527083065,20035900,2021-07-01
31.779699325561523,31.779699325561523,31.859690332536918,31.499738429509936,31.563728183745337,16592700,2021-07-02
31.42774772644043,31.42774772644043,31.715709245907387,31.227774788071137,31.57972606111693,18931900,2021-07-06
31.475732803344727,31.475732803344727,31.483733427986678,31.171776196524146,31.371749093753387,17665200,2021-07-07
31.395753860473633,31.395753860473633,31.45174604363311,31.13978872278885,31.195780905948325,23021200,2021-07-08
31.683712005615234,31.683712005615234,32.07565724570148,31.563727025228538,31.619719202383713,21578700,2021-07-09
31.803695678710938,31.803695678710938,32.195643991635684,31.675713116574386,31.723707721629957,24513000,2021-07-12
31.715700149536133,31.715700149536133,31.835682047338803,31.61971096968119,31.81168627804707,12222000,2021-07-13
31.955673217773438,31.955673217773438,32.01966296545723,31.7237038983124,31.7716984975837,15888600,2021-07-14
32.06766128540039,32.06766128540039,32.147649242121936,31.883686543864858,31.955676925452238,20250800,2021-07-15
32.275630950927734,32.275630950927734,32.275630950927734,31.939677879959508,32.10765441544362,24270400,2021-07-16
32.11564254760742,32.11564254760742,32.27561839458761,31.739692594247852,32.05164976774039,29818400,2021-07-19
32.83555221557617,32.83555221557617,33.36348059206216,32.15564552132791,32.195639494281714,48804100,2021-07-20
32.81155776977539,32.81155776977539,32.987534919506395,32.41161192136469,32.987534919506395,27530200,2021-07-21
33.171504974365234,33.171504974365234,33.23549471440447,32.71556701546282,32.89154108907889,18913300,2021-07-22
33.3394889831543,33.3394889831543,33.45947396834814,33.13151541566428,33.163511818561965,21609200,2021-07-23
33.443477630615234,33.443477630615234,33.547461368810055,33.10752148415747,33.291496234054186,23720000,2021-07-26
33.67543029785156,33.67543029785156,33.755421277157616,33.25948941083553,33.45146165848234,32544100,2021-07-27
34.75529479980469,34.75529479980469,34.987264123956294,33.79542415438171,33.87541210344002,53822400,2021-07-28
34.5373649597168,34.5373649597168,34.949003141132295,34.400150179924424,34.89250384327097,29015000,2021-07-29
34.55351257324219,34.55351257324219,34.860222207733514,34.45665398226272,34.6100118784896,24763300,2021-07-30
35.48172378540039,35.48172378540039,35.6270086180334,34.908657545004495,34.94901375873994,43066900,2021-08-02
36.869998931884766,36.869998931884766,37.01528376146516,35.5705085556277,35.65122098140272,45643300,2021-08-03
36.47449493408203,36.47449493408203,36.966848659423924,36.32921012729324,36.60363664245194,43391200,2021-08-04
36.36956787109375,36.36956787109375,36.43413718305096,36.078998269833654,36.321138577890046,23505400,2021-08-05
36.37764358520508,36.37764358520508,36.571357709417036,36.02250461629496,36.393786685471206,20413000,2021-08-06
37.11213302612305,37.11213302612305,37.152489232201106,36.409925187625056,36.409925187625056,32374300,2021-08-09
38.89590835571289,38.89590835571289,39.20262109988573,37.039494948526496,37.28970838179664,81189400,2021-08-10
37.37849426269531,37.37849426269531,38.80712630747095,37.33813497252426,38.56498288237082,50878200,2021-08-11
38.12912368774414,38.12912368774414,38.258265384510366,37.40269971907105,37.53184141583728,29676400,2021-08-12
39.12997817993164,39.12997817993164,39.14612127983409,38.193699938459815,38.26634234853011,35379200,2021-08-13
39.477046966552734,39.477046966552734,39.52547626605911,38.34705460992239,38.92819388807302,38045800,2021-08-16
40.695823669433594,40.695823669433594,40.752326061008105,39.31562089783861,39.37212021043151,68817000,2021-08-17
39.79990768432617,39.79990768432617,41.85810544144658,39.6869059716252,40.542471893898586,88598000,2021-08-18
39.38825988769531,39.38825988769531,40.32453808797971,38.95240544644705,39.146119557773396,57741600,2021-08-19
39.323692321777344,39.323692321777344,40.13889885392755,39.2752630220429,39.533546462663644,35157500,2021-08-20
40.30031967163086,40.30031967163086,41.4545249405449,40.033963188505645,40.590889260865296,88652400,2021-08-23
39.04926681518555,39.04926681518555,40.39718336417865,38.936268191794696,40.146973006379355,52624100,2021-08-24
38.34706115722656,38.34706115722656,38.968556751588075,37.8789234979952,38.774845678451655,51036800,2021-08-25
38.24212646484375,38.24212646484375,38.8716919204758,38.17755406991674,38.50040988658927,29029300,2021-08-26
37.61255645751953,37.61255645751953,38.33898047709913,37.55605715366124,38.23405187894182,32924500,2021-08-27
37.74169921875,37.74169921875,38.06455503180957,37.257418578141866,37.28970477524407,25774400,2021-08-30
37.18478012084961,37.18478012084961,38.04841597161965,37.07178149797974,37.709420103010046,34547800,2021-08-31
37.16056442260742,37.16056442260742,37.33813235519037,36.66013758619559,37.28163304768925,32900100,2021-09-01
37.8062744140625,37.8062744140625,37.83048752419251,37.23320822845483,37.51570477657651,26106300,2021-09-02
37.8062744140625,37.8062744140625,37.959629243188346,37.402706157327835,37.854703713303984,20817200,2021-09-03
37.73362350463867,37.73362350463867,38.33897575337619,37.564125613947546,37.92733757898621,26236900,2021-09-07
37.5399169921875,37.5399169921875,37.765917304281054,37.33006285843782,37.5399169921875,15839600,2021-09-08
37.15248489379883,37.15248489379883,37.70941094117818,37.007200105698196,37.507626855369615,21695300,2021-09-09
36.79734802246094,36.79734802246094,37.41077032209556,36.73277563356204,37.34620101217764,20801500,2021-09-10
35.982147216796875,35.982147216796875,36.991067857748135,35.67543447983289,36.91842544844039,37086200,2021-09-13
36.08707046508789,36.08707046508789,36.530994903244306,35.95792875437,36.0547842676631,24100200,2021-09-14
36.1355094909668,36.1355094909668,36.619790266809595,35.893369103045394,35.96601152732002,28674600,2021-09-15
35.893367767333984,35.893367767333984,36.31307919430386,35.538225671215336,36.2242936702742,22424200,2021-09-16
35.42521667480469,35.42521667480469,35.88528418390752,34.957079156323324,35.651213885176304,56370500,2021-09-17
35.6754264831543,35.6754264831543,36.03863844827875,35.02164494593027,35.02164494593027,41873000,2021-09-20
35.449432373046875,35.449432373046875,36.10321402381338,35.39293306632423,35.71578888672329,23645600,2021-09-21
35.47365188598633,35.47365188598633,35.8287908585287,35.37679636238052,35.50593808684879,22616700,2021-09-22
35.667362213134766,35.667362213134766,36.09514666847223,35.635079091905624,35.740004624117994,19719200,2021-09-23
35.465572357177734,35.465572357177734,35.84492745098232,35.36064684189729,35.5705009514392,16150700,2021-09-24
35.16694641113281,35.16694641113281,35.61894407977235,35.118517099820004,35.449443029668636,19955900,2021-09-27
34.73915481567383,34.73915481567383,34.93286584651892,34.24680107055544,34.763367924784134,28512200,2021-09-28
35.13465118408203,35.13465118408203,35.263792902114986,34.771442218914075,34.884440837320234,18037200,2021-09-29
34.714942932128906,34.714942932128906,35.55436571382704,34.682659808972595,35.34451155789336,21103300,2021-09-30
34.65036392211914,34.65036392211914,34.78757562438272,33.65758657621751,34.31943814015193,38483000,2021-10-01
34.23872756958008,34.23872756958008,34.98936473278135,34.06922964988464,34.65036889339047,28906500,2021-10-04
34.15801239013672,34.15801239013672,34.53736748550361,34.125726195003146,34.32751029611642,19342600,2021-10-05
33.91586685180664,33.91586685180664,34.06115162851108,33.64951040152166,33.94815304195886,30483800,2021-10-06
34.497013092041016,34.497013092041016,34.674581016635244,34.06922868151669,34.31944208846559,19778300,2021-10-07
34.262939453125,34.262939453125,34.63422144362003,34.1741539599673,34.48893665099486,12778600,2021-10-08
33.948158264160156,33.948158264160156,34.400152679898724,33.90779898077118,34.262940969115526,11984200,2021-10-11
33.77866744995117,33.77866744995117,34.0692371355478,33.62531259543382,34.028880918988705,16222300,2021-10-12
33.43159484863281,33.43159484863281,33.82709311791893,33.04416966917915,33.69795139143437,28205700,2021-10-13
33.63337707519531,33.63337707519531,33.86744740331335,33.512308445431174,33.54459464496086,17590300,2021-10-14
33.48809051513672,33.48809051513672,33.92394183012701,33.39930501870023,33.819016315230265,23550300,2021-10-15
33.35087203979492,33.35087203979492,33.65758469931326,33.12487485856071,33.45580062207395,21733000,2021-10-18
33.972373962402344,33.972373962402344,34.06115946626094,33.528449522090646,33.57687573948168,17159800,2021-10-19
34.545448303222656,34.545448303222656,34.79566177532197,33.98045202753576,33.996595130153324,22788300,2021-10-20
34.5938720703125,34.5938720703125,34.77951310220815,34.24680311707843,34.755299991650915,22142300,2021-10-21
34.83600616455078,34.83600616455078,34.860219270765086,34.40822486686624,34.56157967119179,17183000,2021-10-22
34.82794189453125,34.82794189453125,34.900584304125374,34.35980123737323,34.86829810453211,22846200,2021-10-25
35.15886688232422,35.15886688232422,35.320291718376446,34.642296938420394,34.973225857679054,29729100,2021-10-26
34.68265914916992,34.68265914916992,35.15886984521023,34.448588806594834,35.07815434140073,22317500,2021-10-27
34.85215377807617,34.85215377807617,35.24764893273872,34.65843966631599,34.666512755420904,18023400,2021-10-28
35.30415344238281,35.30415344238281,35.37679585378823,34.59387242852781,34.77951346234575,30307500,2021-10-29
35.22343826293945,35.22343826293945,35.74807824776592,35.062010338455806,35.627006534657795,32681500,2021-11-01
36.68435287475586,36.68435287475586,37.16056351128774,34.747224131139085,36.385713245433536,69248000,2021-11-02
36.17585754394531,36.17585754394531,37.1202088463679,35.90143101184608,36.74085370755918,44593100,2021-11-03
35.70360565185547,35.70360565185547,36.20842513503279,35.26392847484118,36.06186504069202,38172500,2021-11-04
39.579307556152344,39.579307556152344,39.742152477124435,37.90201015035436,39.15591200402834,173959100,2021-11-05
39.351322174072266,39.351322174072266,39.72586327663913,38.75693781242323,39.5793031745898,57423300,2021-11-08
38.512672424316406,38.512672424316406,39.392033046049384,38.39054107530341,39.35132259637839,29920400,2021-11-09
39.913143157958984,39.913143157958984,40.06784414361453,38.59410503718686,38.59410503718686,42696200,2021-11-10
40.85763168334961,40.85763168334961,41.11818229296297,39.677009986409416,40.08412070218132,42370400,2021-11-11
40.49122619628906,40.49122619628906,41.110036143826555,40.36095090828241,41.05303779344127,27780600,2021-11-12
40.426090240478516,40.426090240478516,40.792487353842084,40.19810615619858,40.49122633169573,27763200,2021-11-15
40.385379791259766,40.385379791259766,40.84134488883501,39.80728334851823,40.27953324665061,31297200,2021-11-16
41.419437408447266,41.419437408447266,41.59856709160092,40.45865600863594,40.662211337307696,36889800,2021-11-17
41.8591194152832,41.8591194152832,42.10338519870828,41.20774295748034,41.606709679006116,32872600,2021-11-18
41.36244583129883,41.36244583129883,43.02345820593567,41.26474013455787,42.30694251581639,47966200,2021-11-19
41.688133239746094,41.688133239746094,41.90797337432265,41.02047198925785,41.48457790469461,27287900,2021-11-22
41.59041976928711,41.59041976928711,41.89168073913147,40.95532513063292,41.1833091753325,24946200,2021-11-23
41.435726165771484,41.435726165771484,41.793985566302915,41.289166066646466,41.67185111502936,18556800,2021-11-24
43.967952728271484,43.967952728271484,44.73331967611927,43.3572867181566,44.00052232758618,66561300,2021-11-26
42.66520309448242,42.66520309448242,45.3521331242705,42.42907814031712,44.904311970307184,72660800,2021-11-29
43.74810791015625,43.74810791015625,44.342489057005416,42.266225466010084,42.59191521228715,64598400,2021-11-30
44.521629333496094,44.521629333496094,44.92059610641484,42.225525082712984,42.7222006663945,59810400,2021-12-01
43.186302185058594,43.186302185058594,44.84731452433193,42.96646204256582,43.82139385936568,46361700,2021-12-02
44.18779754638672,44.18779754638672,44.30178805005767,43.235156854549885,43.73183242569467,37574800,2021-12-03
41.916114807128906,41.916114807128906,43.87838814022033,41.728844268984176,43.78882329458416,53724000,2021-12-06
42.111534118652344,42.111534118652344,42.74662585166876,41.03676206000534,41.72884904567665,41575400,2021-12-07
41.85097885131836,41.85097885131836,43.2188709749542,41.54971471391677,42.950176437164885,37429200,2021-12-08
42.40464782714844,42.40464782714844,43.031595510123516,41.9405388173234,41.9405388173234,38325700,2021-12-09
42.974605560302734,42.974605560302734,43.03160081123087,41.61485727957705,41.68813733162868,26079400,2021-12-10
44.94502639770508,44.94502639770508,45.37656278895532,43.511994850973565,43.511994850973565,54923200,2021-12-13
45.221858978271484,45.221858978271484,45.55568964040962,44.22850783951535,44.59490810430312,48685700,2021-12-14
47.876216888427734,47.876216888427734,47.97392258509165,45.50683277877314,45.68596247766373,75202900,2021-12-15
49.871063232421875,49.871063232421875,50.01762334019782,47.021288190569194,47.51796376625342,75183600,2021-12-16
48.42988586425781,48.42988586425781,49.82220363706126,47.79479420073512,48.796286095523975,104192100,2021-12-17
49.683780670166016,49.683780670166016,50.245592210233994,48.71485850819173,49.34180613264079,55712200,2021-12-20
47.998355865478516,47.998355865478516,48.88585738439674,46.54089870125354,48.86142862842082,63877900,2021-12-21
48.48688507080078,48.48688507080078,49.333676095330624,47.40397219439923,48.24261926534246,62594900,2021-12-22
47.802940368652344,47.802940368652344,48.91842598645184,47.47725365372493,48.70672667104111,39203200,2021-12-23
48.201908111572266,48.201908111572266,48.34846821390878,47.412112349648645,47.91692875435874,27362600,2021-12-27
47.23298263549805,47.23298263549805,48.40546345394291,46.47575958159666,48.07977364748418,36901700,2021-12-28
46.88286209106445,46.88286209106445,47.249259176770344,46.467607505119894,46.66302197603633,26170200,2021-12-29
47.5505256652832,47.5505256652832,47.82736103445124,46.84215089046605,47.02128057228296,24559000,2021-12-30
48.079776763916016,48.079776763916016,48.6904428611021,47.58310117457666,47.656381230479326,28579600,2021-12-31
46.125640869140625,46.125640869140625,47.67265957554116,45.8732311316611,47.631949129111035,57219200,2022-01-03
44.39949035644531,44.39949035644531,45.94651220339096,43.91909962342603,45.77552646096241,66993100,2022-01-04
45.295143127441406,45.295143127441406,45.95466055769381,45.083443797082246,45.46612889780251,52956400,2022-01-05
44.65190124511719,44.65190124511719,45.29513689000284,44.36692500042513,44.912451841980825,37000400,2022-01-06
45.3684196472168,45.3684196472168,45.409130098029934,44.48091815305381,45.0752994317489,27703400,2022-01-07
45.791805267333984,45.791805267333984,45.808086959332016,44.57047337097844,45.36026588520317,34044700,2022-01-10
46.158206939697266,46.158206939697266,46.76073210176882,45.4416943922707,46.207061338570504,33576600,2022-01-11
46.125640869140625,46.125640869140625,46.54089239234065,45.51497485466484,45.8732311316611,27608500,2022-01-12
45.221858978271484,45.221858978271484,46.20706616336108,44.9613083690909,46.027936454796325,28117900,2022-01-13
44.74146270751953,44.74146270751953,45.09157812792221,44.38320333445192,44.765888353498546,27072500,2022-01-14
44.057518005371094,44.057518005371094,44.415774283321696,43.50384723562417,44.37506383678313,35598000,2022-01-18
43.593414306640625,43.593414306640625,44.36692525438575,43.52013425672776,43.6829791572017,27300400,2022-01-19
44.008663177490234,44.008663177490234,44.39134820444488,43.21072663027191,43.935383132031,35105300,2022-01-20
42.98274230957031,42.98274230957031,44.67632096444795,42.71404779508058,44.30992076560183,41059000,2022-01-21
41.96497344970703,41.96497344970703,42.38836896806671,40.56451158944104,42.13595920538836,59036400,2022-01-24
42.77919006347656,42.77919006347656,43.02345584492839,41.72070293984668,41.81840863122583,43983200,2022-01-25
43.1618766784668,43.1618766784668,43.658552248197736,42.71405551274503,42.803620367091035,39644800,2022-01-26
43.78538513183594,43.78538513183594,44.77808597521446,43.48183358498995,43.49824219963341,36957200,2022-01-27
44.57298278808594,44.57298278808594,44.85191984691277,43.56387333455834,44.11355096898488,28590400,2022-01-28
43.227516174316406,43.227516174316406,44.417114448493685,42.98139314887864,44.302257245264336,38644600,2022-01-31
43.53926086425781,43.53926086425781,43.61309806312498,42.98138050162215,43.26852655482697,27883300,2022-02-01
44.18739318847656,44.18739318847656,44.408904815900854,43.030612331676565,43.350572528081564,32039300,2022-02-02
43.7935905456543,43.7935905456543,44.211999261002504,43.555670330248844,43.752570574286544,22635800,2022-02-03
43.48183059692383,43.48183059692383,43.834607963457394,43.17827907093786,43.49823921043969,24932200,2022-02-04
43.654117584228516,43.654117584228516,43.95767224845878,42.858320148657185,43.72795478233546,32358500,2022-02-07
42.415306091308594,42.415306091308594,42.49734604925673,40.76627602178655,41.54566814078896,67922000,2022-02-08
42.226600646972656,42.226600646972656,42.431703617856144,41.75896612372813,42.3660691649544,38522200,2022-02-09
41.512847900390625,41.512847900390625,42.14456554565345,41.340562123398094,41.873831200325704,34200600,2022-02-10
41.6605224609375,41.6605224609375,42.03791437849655,41.086236535654635,41.291339546005254,34997800,2022-02-11
40.85651779174805,40.85651779174805,41.43080682916614,39.773574180444676,40.87292640763125,42973100,2022-02-14
40.848304748535156,40.848304748535156,41.053407700922314,40.37246439677807,40.856507489596666,29150000,2022-02-15
40.7580680847168,40.7580680847168,41.66052002565692,40.55296508635555,40.68423088012181,27672600,2022-02-16
40.11814880371094,40.11814880371094,40.987783537049935,39.99508574955522,40.86472361251769,21231700,2022-02-17
39.81459045410156,39.81459045410156,40.62679965188633,39.543856141255425,40.01969343913958,26955300,2022-02-18
38.99418258666992,38.99418258666992,39.634106094968686,38.84650817164894,39.00238845951748,34814800,2022-02-22
38.45270919799805,38.45270919799805,39.511041419042314,38.37887199351534,39.04340683385966,25793000,2022-02-23
37.70613479614258,37.70613479614258,38.36246377069226,37.24670607876951,37.624094847932646,44227300,2022-02-24
39.15007019042969,39.15007019042969,39.404395963006195,37.52565445127123,37.583083053441676,31199200,2022-02-25
38.510135650634766,38.510135650634766,38.69883002281707,38.01788973447427,38.41168709332731,35296100,2022-02-28
37.533851623535156,37.533851623535156,38.67422388250497,37.27952275909369,38.30503783077498,29854500,2022-03-01
39.13365173339844,39.13365173339844,39.32234611161133,37.73895075353865,37.829196571297715,36516200,2022-03-02
39.24031448364258,39.24031448364258,39.8638263381757,38.95316835448835,39.117251409773054,30553300,2022-03-03
39.91304016113281,39.91304016113281,40.011488712774934,38.89572802875414,38.96956522489149,33217300,2022-03-04
39.363365173339844,39.363365173339844,40.06891995444741,38.98597642564801,39.58487677645198,33171300,2022-03-07
38.92034912109375,38.92034912109375,39.72435260816122,38.12455150766278,39.035209444638085,32913300,2022-03-08
39.995086669921875,39.995086669921875,40.380681327501165,39.37977764423077,39.48643208497849,24718900,2022-03-09
40.36427307128906,40.36427307128906,40.438110280215525,39.420797971631316,39.63410685502936,24542300,2022-03-10
41.24211502075195,41.24211502075195,41.75897549972162,40.150965468440845,40.31504850791321,33701900,2022-03-11
42.86652755737305,42.86652755737305,43.40799935922861,41.340560716791884,41.61129818253139,42314500,2022-03-14
42.833709716796875,42.833709716796875,43.41620148497884,41.98868635930407,43.17007851120285,30172100,2022-03-15
43.416202545166016,43.416202545166016,43.70334862960271,42.809099403668526,43.104448231261244,29891400,2022-03-16
44.4991455078125,44.4991455078125,44.50734825027142,43.309547555382906,43.41619885546498,30598600,2022-03-17
44.72066116333008,44.72066116333008,45.122664460099955,44.06433212438064,44.614009846117106,51815000,2022-03-18
44.4581298828125,44.4581298828125,45.368787800428464,44.22021275601656,44.49915299087529,34592500,2022-03-21
43.51465606689453,43.51465606689453,44.5647824938502,43.07163280691375,44.46633392372901,32253600,2022-03-22
42.81730651855469,42.81730651855469,43.89204749988944,42.79269515695025,43.4982500660995,29183700,2022-03-23
43.14546585083008,43.14546585083008,43.358771587100016,42.89934288448067,43.1044458780424,25177500,2022-03-24
43.30134582519531,43.30134582519531,43.68694047973541,43.079834202137604,43.26853172259765,17429600,2022-03-25
43.7115592956543,43.7115592956543,43.941276830765574,43.07163880629757,43.096250169850045,21863700,2022-03-28
43.26852798461914,43.26852798461914,44.36788013206732,43.170076296460856,44.30224567329513,39970000,2022-03-29
43.02240753173828,43.02240753173828,44.072537102345294,42.636815989603015,43.64592245328989,27599600,2022-03-30
42.47273254394531,42.47273254394531,43.38339042747268,42.44812118372791,42.66142694140052,26055200,2022-03-31
42.308650970458984,42.308650970458984,42.792694225763945,41.92305628905328,42.759876991256284,19073100,2022-04-01
41.79178237915039,41.79178237915039,42.5547657206158,41.32414783175199,42.48092852209904,20462800,2022-04-04
42.03791046142578,42.03791046142578,42.78448522435163,41.635907221562654,41.68513306612445,21176700,2022-04-05
43.37518310546875,43.37518310546875,43.55567475336378,41.97227928671239,41.97227928671239,31717500,2022-04-06
45.253929138183594,45.253929138183594,45.45903215333664,43.071633182140104,43.071633182140104,36305700,2022-04-07
45.26213455200195,45.26213455200195,45.59850652113597,44.67964270571277,44.99960292748785,24612200,2022-04-08
44.24481201171875,44.24481201171875,46.20559586309523,44.121748980448075,45.50004116033888,22054300,2022-04-11
43.57208251953125,43.57208251953125,44.24482011995047,43.194693744588456,43.72795967536671,22810700,2022-04-12
43.563880920410156,43.563880920410156,44.15457862931023,43.2357179607286,43.5884954113635,15777800,2022-04-13
43.580284118652344,43.580284118652344,44.22841034314313,43.514652786726764,43.81000160445033,17240100,2022-04-14
42.530155181884766,42.530155181884766,43.57207872337336,42.357869425241496,43.342364381182335,17065000,2022-04-18
41.16827392578125,41.16827392578125,42.56297493528901,40.503739086939014,42.38248329593407,33441500,2022-04-19
40.81549835205078,40.81549835205078,41.151867158008365,40.37247510626561,41.020601358845006,24751800,2022-04-20
40.290435791015625,40.290435791015625,41.02880474934916,40.134555500433805,40.96317341354385,19105600,2022-04-21
39.48643112182617,39.48643112182617,40.28222864749824,39.29773673410502,40.15916872313583,22156800,2022-04-22
40.15916442871094,40.15916442871094,40.35606153848498,38.65780910097398,39.256709431773324,27390600,2022-04-25
40.22480392456055,40.22480392456055,41.22570767965567,40.13455809357672,40.19198981934951,25366500,2022-04-26
40.80729293823242,40.80729293823242,40.946761471505866,39.55206049065485,40.29043251864166,25819200,2022-04-27
41.43900680541992,41.43900680541992,41.65231566803544,40.602189358615234,41.38157821847496,28225400,2022-04-28
40.25761795043945,40.25761795043945,41.29954160121392,40.200189358868094,40.91394694670035,28343300,2022-04-29
39.65871810913086,39.65871810913086,40.0032896634539,38.9367546381761,39.11724628832068,36228400,2022-05-02
40.438106536865234,40.438106536865234,41.0534155110855,39.13365138633335,40.09353188389778,33716900,2022-05-03
40.741661071777344,40.741661071777344,40.91394684606766,39.30594002677766,40.10994343642266,28613700,2022-05-04
39.74897384643555,39.74897384643555,40.65142606295654,39.01060157500976,40.57758883581396,28333000,2022-05-05
40.233009338378906,40.233009338378906,40.38068376382442,39.41259725462545,39.453617232888384,19891400,2022-05-06
39.90483856201172,39.90483856201172,40.33965591380646,39.19108100934668,39.69153282234544,25012300,2022-05-09
40.60219192504883,40.60219192504883,40.938560725398055,39.94585981055168,40.23300589305005,27335900,2022-05-10
40.569374084472656,40.569374084472656,41.21750031651762,40.22479941657121,40.257616647728184,29699500,2022-05-11
41.67768859863281,41.67768859863281,41.710773451206784,40.296429132694264,40.52801679042164,33468400,2022-05-12
41.28895568847656,41.28895568847656,42.008537142203956,41.0904528534209,41.669425240100324,22423700,2022-05-13
41.90928649902344,41.90928649902344,42.22358636500087,41.24760506155461,41.24760506155461,19435600,2022-05-16
42.463443756103516,42.463443756103516,42.61232246300254,41.50400495339074,42.1408742762042,19918200,2022-05-17
41.68596267700195,41.68596267700195,42.529604357681286,41.48745671057162,42.36418639999219,22276000,2022-05-18
41.892738342285156,41.892738342285156,42.09124115386883,41.01600865154557,41.35512051355087,19865500,2022-05-19
43.398067474365234,43.398067474365234,43.58830066325083,42.28975004183727,42.40554388245063,31250400,2022-05-20
43.7371826171875,43.7371826171875,44.41540643855935,43.40634034352748,43.489052489515366,24035800,2022-05-23
44.1755485534668,44.1755485534668,44.34096970005364,43.596576117985805,43.596576117985805,26729800,2022-05-24
44.42366409301758,44.42366409301758,44.704879003231675,43.87777669732491,44.001843305268885,24003900,2022-05-25
44.6552619934082,44.6552619934082,45.42446435762727,44.56428022045073,44.71315891162743,23516300,2022-05-26
44.58909225463867,44.58909225463867,45.002643473158834,44.2665228090162,44.59736189074509,21407500,2022-05-27
43.8695182800293,43.8695182800293,44.249984680797446,42.959703617803974,44.10110597525413,66058200,2022-05-31
43.31536102294922,43.31536102294922,44.06802424092545,42.876997667303065,44.04321217329142,17430600,2022-06-01
43.57175827026367,43.57175827026367,43.621385554200174,42.21531072745451,43.315355369310026,21903400,2022-06-02
44.00185775756836,44.00185775756836,44.27479996748942,43.38980046190491,43.38980046190491,18125000,2022-06-03
44.051475524902344,44.051475524902344,44.431945053493656,43.836430274085934,43.993578605253866,16544400,2022-06-06
44.63045120239258,44.63045120239258,44.63872399447055,43.84470317770802,44.06802123662757,15091200,2022-06-07
44.22516632080078,44.22516632080078,45.126708062663184,44.17553904096739,44.71315686282071,12789800,2022-06-08
42.82735824584961,42.82735824584961,44.37404189661502,42.761191699185524,44.05974212331175,17572700,2022-06-09
41.33030700683594,41.33030700683594,42.48824844767048,41.31376458059106,42.43862432408105,23826000,2022-06-10
39.62648010253906,39.62648010253906,40.759609628477975,39.46105897379028,40.379143240957696,26989000,2022-06-13
39.63474655151367,39.63474655151367,40.089655407772916,39.055777380175265,39.49414065423016,23290300,2022-06-14
40.12273406982422,40.12273406982422,40.51147318842347,39.02268957239914,39.60166185506002,25748000,2022-06-15
39.27082061767578,39.27082061767578,39.700914233826325,38.92343913259949,39.44451136021392,20424500,2022-06-16
38.485076904296875,38.485076904296875,39.72573060880827,38.27830128687831,39.188115896607314,45047700,2022-06-17
39.791893005371094,39.791893005371094,40.06483512950929,38.832454443141316,39.13848141721897,19622100,2022-06-21
40.585914611816406,40.585914611816406,41.00773860369789,39.51068212029611,39.72572735654206,20382900,2022-06-22
41.4295654296875,41.4295654296875,41.49573199073419,40.511481125964906,40.71825675634763,20061700,2022-06-23
42.67021179199219,42.67021179199219,42.71156627984839,41.60324896751826,41.89273669280202,24343200,2022-06-24
42.91007995605469,42.91007995605469,43.199564578256506,42.39727411794612,42.5792376834134,16154300,2022-06-27
41.90101623535156,41.90101623535156,42.984521742180014,41.69424059203555,42.86872788674639,16417900,2022-06-28
42.13259506225586,42.13259506225586,42.546146261687625,41.90100740022056,41.958904315729384,13925700,2022-06-29
43.36497497558594,43.36497497558594,43.74544128630194,42.25665773839304,42.75291786931435,33495700,2022-06-30
43.26572799682617,43.26572799682617,43.31535212189676,42.38899831055077,43.04240996857266,16143300,2022-07-01
42.71157455444336,42.71157455444336,42.91835018892858,41.68596917427832,42.80255633844018,18406800,2022-07-05
43.62965393066406,43.62965393066406,43.80334468670763,42.66194558543952,42.711569712797434,21305500,2022-07-06
44.18381881713867,44.18381881713867,44.28307339958495,43.66274645745266,43.79508274556838,17847600,2022-07-07
43.97703552246094,43.97703552246094,44.5973623567227,43.637923645936986,43.877784112419775,11322700,2022-07-08
43.745445251464844,43.745445251464844,44.44848418166383,43.629651420763786,43.836427019914325,12921400,2022-07-11
43.04241180419922,43.04241180419922,43.654465843904134,42.76946648408956,43.58002649797835,14633500,2022-07-12
42.83563232421875,42.83563232421875,43.2657259334759,42.604041516067895,42.89352923747018,12927300,2022-07-13
42.504798889160156,42.504798889160156,42.67022002765763,41.87620234904471,41.975453770084876,14023800,2022-07-14
42.80255126953125,42.80255126953125,42.93488753372398,41.71077630115484,42.21530929437258,19885700,2022-07-15
41.97544479370117,41.97544479370117,42.98451068311737,41.78521162941117,42.97623789263144,15742900,2022-07-18
42.488250732421875,42.488250732421875,42.60404456721747,41.8596542770406,42.215308572567295,13402100,2022-07-19
42.033348083496094,42.033348083496094,42.5626931696799,41.77694517699962,42.504796248075145,12774400,2022-07-20
42.28147888183594,42.28147888183594,42.29802131043983,41.50400366832686,41.82657313823865,15103800,2022-07-21
42.372459411621094,42.372459411621094,42.62058952306849,42.140871728289596,42.397271476222166,10932100,2022-07-22
42.819095611572266,42.819095611572266,42.91007738886272,42.46344129406172,42.46344129406172,12995800,2022-07-25
43.25746154785156,43.25746154785156,43.71236730684888,42.769470930526424,42.87699514251894,16632500,2022-07-26
42.967979431152344,42.967979431152344,43.2161095727899,42.33937970684823,42.959706638515065,19203500,2022-07-27
42.27615737915039,42.27615737915039,43.61812578501801,40.92585198836104,42.38451274610791,38984900,2022-07-28
42.101112365722656,42.101112365722656,42.267817075157474,41.075882695196164,42.14279092780226,25037900,2022-07-29
42.1844596862793,42.1844596862793,42.759587504911245,41.80104114052466,41.94273805453632,19709900,2022-08-01
41.41762161254883,41.41762161254883,42.90128987467225,41.3676124306573,42.42618356893755,17802000,2022-08-02
41.559326171875,41.559326171875,41.734364686527215,41.1258951977639,41.50098000032427,16500100,2022-08-03
41.559326171875,41.559326171875,41.71769389756588,41.01753665932916,41.59266774979768,17026300,2022-08-04
41.06754684448242,41.06754684448242,41.65101170862085,40.89250833912921,41.37594847481348,16376600,2022-08-05
41.31760025024414,41.31760025024414,41.5176465175697,40.79248158068865,41.16756634465686,16071800,2022-08-08
41.492637634277344,41.492637634277344,41.76770084702083,41.27592376514434,41.46763304389247,12095600,2022-08-09
41.63433837890625,41.63433837890625,41.71768913456872,41.15923207644964,41.61766759184825,17355100,2022-08-10
40.25069808959961,40.25069808959961,40.95085530426144,39.85060870688253,40.19235192001344,44048800,2022-08-11
41.76770782470703,41.76770782470703,42.0010925196282,40.46741485380053,40.46741485380053,25835500,2022-08-12
41.46763610839844,41.46763610839844,41.73436235764003,41.16756828309472,41.651011597112415,15797800,2022-08-15
41.559326171875,41.559326171875,41.82605243600062,41.14256598672524,41.15923677568657,12874800,2022-08-16
41.06754684448242,41.06754684448242,41.5593239640184,41.05087605640673,41.384285458665175,13607200,2022-08-17
40.49241256713867,40.49241256713867,41.27592040515016,40.32570789234572,41.167561889590665,18916300,2022-08-18
40.967525482177734,40.967525482177734,41.2175809451962,40.617445290249705,40.70913303526961,15350200,2022-08-19
40.7591438293457,40.7591438293457,41.17590397819534,40.62578070889892,41.01753308667082,13601200,2022-08-22
40.017303466796875,40.017303466796875,40.4424005500662,39.80892341646448,40.35904662215691,16248900,2022-08-23
39.53387451171875,39.53387451171875,40.01731471092149,39.49219912586771,39.92563013390044,15551500,2022-08-24
39.92563247680664,39.92563247680664,39.96730786510327,39.40051368130984,39.6088938024213,14460000,2022-08-25
39.02542495727539,39.02542495727539,39.97563770657156,38.925403399356846,39.69224064277902,16546700,2022-08-26
38.53364181518555,38.53364181518555,38.91706037741565,38.44195407647236,38.65867112790851,13400500,2022-08-29
38.2169075012207,38.2169075012207,38.63366768413316,38.17523211885503,38.62533387951117,16303000,2022-08-30
37.70012283325195,37.70012283325195,38.58365549699142,37.61677207500172,38.35026765056107,26416800,2022-08-31
38.86705780029297,38.86705780029297,38.88372859013055,37.6251109842312,37.6251109842312,19947600,2022-09-01
38.09188461303711,38.09188461303711,39.00875582203536,37.95018448531737,38.95874663076921,14667700,2022-09-02
38.14188766479492,38.14188766479492,38.7086817251836,37.95017837666752,38.30859236131411,17153500,2022-09-06
38.45029067993164,38.45029067993164,38.51697064766498,37.825150481747656,38.09187671193596,15378900,2022-09-07
39.24213409423828,39.24213409423828,39.27547248704011,38.233572195833204,38.35860150262897,18271000,2022-09-08
39.8756103515625,39.8756103515625,40.000639665505,39.25880394487506,39.34215788071257,17501700,2022-09-09
39.808929443359375,39.808929443359375,40.30070656378178,39.750583274803134,40.07565887342354,13744800,2022-09-12
38.500301361083984,38.500301361083984,39.44218018667951,38.3586044368619,39.2838124749676,16603200,2022-09-13
38.46696472167969,38.46696472167969,38.68367860968477,38.158559908481266,38.50864010249285,17162500,2022-09-14
38.291927337646484,38.291927337646484,38.58366139537566,38.09188421541377,38.43362746388708,15802000,2022-09-15
38.366939544677734,38.366939544677734,38.85871666364372,38.04186712664776,38.41695190884685,30629500,2022-09-16
37.87516784667969,37.87516784667969,38.2419188771565,37.325044480592624,38.07521415236051,16256200,2022-09-19
37.31669998168945,37.31669998168945,37.73346008443833,37.04163678765411,37.50840924739866,15369000,2022-09-20
36.60820770263672,36.60820770263672,37.4917403086548,36.59154009577766,37.35004339296098,17505200,2022-09-21
37.14999771118164,37.14999771118164,37.50841167713333,36.27480207464069,36.39982820578799,18508100,2022-09-22
36.741573333740234,36.741573333740234,37.141662663337605,36.32481321795621,37.041637946217755,18871700,2022-09-23
36.533199310302734,36.533199310302734,36.94995949492606,36.39983299878051,36.51652852136245,18680200,2022-09-26
36.74991226196289,36.74991226196289,37.158338631424186,36.45818141208182,36.85827079747349,21562700,2022-09-27
37.03330612182617,37.03330612182617,37.35004471704272,36.8582676269542,37.23334920750056,16532600,2022-09-28
36.80825424194336,36.80825424194336,37.191672795177865,36.63321575193988,37.016634305174385,13559900,2022-09-29
36.474849700927734,36.474849700927734,37.18334391754744,36.44984510750831,36.81659292271395,22962300,2022-09-30
36.79158401489258,36.79158401489258,36.90827634333633,36.24979775002834,36.7332378506707,22834300,2022-10-03
37.058319091796875,37.058319091796875,37.375057758630454,36.74991741020084,36.88328055734736,28198800,2022-10-04
36.7749137878418,36.7749137878418,36.983293857414196,36.40816601006028,36.7749137878418,15673400,2022-10-05
35.916385650634766,35.916385650634766,36.491513445657525,35.87471027643785,36.47484266005331,22068200,2022-10-06
35.27458190917969,35.27458190917969,35.88305139953813,34.94117248833468,35.88305139953813,20095000,2022-10-07
34.79947280883789,34.79947280883789,35.52463458545686,34.79947280883789,35.29958372106594,17888000,2022-10-10
34.94116973876953,34.94116973876953,35.4829592101016,34.54941735667621,34.724455858013286,20981200,2022-10-11
35.03285598754883,35.03285598754883,35.95806399749272,34.94116824895943,35.082868348496,18803600,2022-10-12
35.82469940185547,35.82469940185547,35.97473329887372,34.75779451606108,34.807803695315584,23135200,2022-10-13
35.72468566894531,35.72468566894531,36.1581166684033,35.30792545942356,35.749690264035635,16980500,2022-10-14
36.38315963745117,36.38315963745117,36.5165227482614,35.99973791169781,35.99973791169781,16678400,2022-10-17
36.74991226196289,36.74991226196289,36.97496313742592,36.35815668101306,36.716570684939974,18442800,2022-10-18
35.93306350708008,35.93306350708008,36.73324229577654,35.624661861783544,36.59987916432713,23054700,2022-10-19
35.766357421875,35.766357421875,36.183117589074484,35.69134046459398,36.06642525099907,17715000,2022-10-20
37.46673583984375,37.46673583984375,37.64177432907628,35.83303691441863,36.09976313980936,36575700,2022-10-21
37.958518981933594,37.958518981933594,38.23357905475043,37.500083407486926,37.57510036909659,24972000,2022-10-24
38.000186920166016,38.000186920166016,38.19189618902499,37.41672213080589,37.73346070439464,23127000,2022-10-25
38.391944885253906,38.391944885253906,38.883721973076156,38.025193930495114,38.27524937624952,21407900,2022-10-26
38.125221252441406,38.125221252441406,38.433622883915646,38.07520888802894,38.18356742110876,20377700,2022-10-27
39.53387451171875,39.53387451171875,39.60889147810188,38.28359385841867,38.32526924426971,27854000,2022-10-28
38.80037307739258,38.80037307739258,39.50053032421652,38.79203927262364,39.24214104121644,29961700,2022-10-31
40.017303466796875,40.017303466796875,40.35904662215691,39.50885881487271,40.008969663819556,30614500,2022-11-01
39.233795166015625,39.233795166015625,40.1506661049662,39.13377363331472,39.817259936087446,25813100,2022-11-02
39.14973449707031,39.14973449707031,39.343086892861734,38.805062277289146,38.973195771375494,20124600,2022-11-03
39.696170806884766,39.696170806884766,39.965183136734595,39.18336505095855,39.90633689000994,24528500,2022-11-04
39.58687973022461,39.58687973022461,40.057652865527174,39.301053756447985,39.64572597127748,20304400,2022-11-07
39.80544662475586,39.80544662475586,40.141713570928964,39.30104941237548,39.54484278800701,18054500,2022-11-08
39.27583312988281,39.27583312988281,39.9315501910288,39.25901946076631,39.64572422980731,15348100,2022-11-09
39.8306770324707,39.8306770324707,40.1417219380433,39.385122754888414,39.95677475840989,20480600,2022-11-10
40.01561737060547,40.01561737060547,40.099685720475605,38.93116291575772,39.57006634037251,20909800,2022-11-11
41.394309997558594,41.394309997558594,41.88189360577702,40.293038651198145,40.34347966179165,26143000,2022-11-14
40.83106231689453,40.83106231689453,41.63809922627384,40.503203772889165,41.4783741734424,25440500,2022-11-15
40.3939208984375,40.3939208984375,41.24299367774942,40.3939208984375,41.02441915348141,15822200,2022-11-16
40.629302978515625,40.629302978515625,40.77221435551114,39.95676904219949,40.18374876467426,13231100,2022-11-17
40.545230865478516,40.545230865478516,41.04963127084555,40.24259126363413,40.88990303271703,20666500,2022-11-18
40.503204345703125,40.503204345703125,40.587269489039166,40.116499555349876,40.435949665530565,14736000,2022-11-21
41.25980758666992,41.25980758666992,41.40271898599941,40.55364940868428,40.63771456042163,16358600,2022-11-22
41.06644058227539,41.06644058227539,41.377488612621576,40.789023092934215,41.15891414768215,10710800,2022-11-23
41.36908721923828,41.36908721923828,41.37749565764094,41.05804234281202,41.13370225403783,6760200,2022-11-25
41.67171859741211,41.67171859741211,41.81463315998967,41.24298132343744,41.34386011609989,20704000,2022-11-28
41.60447692871094,41.60447692871094,41.755793549874454,41.27661516336402,41.612882160544565,17160900,2022-11-29
42.14250183105469,42.14250183105469,42.14250183105469,41.226177625039426,41.73057491719031,35572700,2022-11-30
42.941131591796875,42.941131591796875,43.00838306447396,42.26859762374823,42.29381973202181,23592600,2022-12-01
42.7982177734375,42.7982177734375,43.151298433722054,42.436731881496506,42.503986562266775,16881600,2022-12-02
42.64689254760742,42.64689254760742,42.899091154797105,42.32743926816487,42.79821235329709,17959800,2022-12-05
41.78942108154297,41.78942108154297,42.747777858934285,41.343870034094664,42.59645803020094,21787100,2022-12-06
42.23497772216797,42.23497772216797,42.99998214092975,41.82305078581318,41.82305078581318,15929900,2022-12-07
43.529598236083984,43.529598236083984,43.6052581545022,42.050030417647605,42.18453658296001,26116800,2022-12-08
43.479156494140625,43.479156494140625,44.42069956613102,43.40349658256856,43.50437539570476,19933500,2022-12-09
43.84904098510742,43.84904098510742,44.21052681832099,43.504368819354845,43.81541365018542,18532200,2022-12-12
44.614051818847656,44.614051818847656,45.42949717354238,44.454326764650396,44.63927072033153,29461800,2022-12-13
45.79938888549805,45.79938888549805,46.17768844705837,44.47114101109473,44.672898639340445,36260300,2022-12-14
45.068016052246094,45.068016052246094,45.757360558652216,44.891477309432815,45.45472088132661,21627100,2022-12-15
43.21014404296875,43.21014404296875,44.672898052617654,43.21014404296875,44.56361080140676,65689500,2022-12-16
43.176517486572266,43.176517486572266,43.55481705002885,42.62167919579583,43.31102364170353,16081900,2022-12-19
43.142887115478516,43.142887115478516,43.30261216132703,42.739368678430054,43.05041353903167,12433800,2022-12-20
43.428714752197266,43.428714752197266,43.84904687454021,43.04200996929286,43.38668218133889,12925000,2022-12-21
43.411903381347656,43.411903381347656,43.46234439317656,42.831846176274226,43.21855097965651,14822300,2022-12-22
43.57163619995117,43.57163619995117,43.67251502726645,43.07564408923756,43.34465643333171,10666500,2022-12-23
42.98316192626953,42.98316192626953,43.65569265244057,42.9159072502127,43.59684641433057,12033800,2022-12-27
42.705745697021484,42.705745697021484,43.20173776111665,42.663713123497445,42.91591177152147,10053900,2022-12-28
43.151302337646484,43.151302337646484,43.43712513613964,42.86547633227335,42.89069523640393,8971300,2022-12-29
43.07563781738281,43.07563781738281,43.21014396984566,42.66371092159554,43.11767038873752,11396200,2022-12-30
43.092445373535156,43.092445373535156,43.151294817717506,42.722554280933956,42.88227932405914,15603800,2023-01-03
42.14250183105469,42.14250183105469,42.56283397680701,41.62969610013609,42.27700798942024,21808400,2023-01-04
41.74738311767578,41.74738311767578,42.024803836824105,41.12529021244823,41.80622935382009,20057400,2023-01-05
42.806617736816406,42.806617736816406,43.37826962549087,41.66331716634676,42.016394576297834,29635900,2023-01-06
40.67974090576172,40.67974090576172,42.25178209201138,40.6124894360481,42.07524337627372,30839100,2023-01-09
40.03242492675781,40.03242492675781,40.74699136056572,39.83066733164155,40.646109356128434,29212000,2023-01-10
39.88951873779297,39.88951873779297,40.133312136484335,39.39352670905654,40.099684797310445,23022200,2023-01-11
40.108089447021484,40.108089447021484,40.11649788513281,39.15814118073182,39.73819834211149,23345300,2023-01-12
40.22578430175781,40.22578430175781,40.486391381651394,39.923147856342965,39.931553088071276,18737500,2023-01-13
38.73781204223633,38.73781204223633,39.292650345643786,38.42676394582444,39.12451684618218,29391400,2023-01-17
37.82988357543945,37.82988357543945,38.54444676022395,37.804664679257094,38.292248177763476,33835000,2023-01-18
37.79625701904297,37.79625701904297,38.05686404350374,37.52724476464173,37.594499431681555,26614900,2023-01-19
37.92236328125,37.92236328125,38.1913755737089,37.60290998137525,38.06527465860902,25197600,2023-01-20
37.813079833984375,37.813079833984375,38.098905824295926,37.67857367424246,37.86352084646752,19398600,2023-01-23
37.58610153198242,37.58610153198242,37.787862382785754,37.11533155824121,37.76264027213538,18853100,2023-01-24
37.88874053955078,37.88874053955078,37.92236788190761,37.48522205190846,37.85511319719395,20828000,2023-01-25
37.54090118408203,37.54090118408203,37.58331963420112,36.99793725538904,37.498482733962945,38465500,2023-01-26
37.1506462097168,37.1506462097168,37.61725563297455,37.1421605779134,37.51545070557584,23798600,2023-01-27
36.94704055786133,36.94704055786133,37.4475861364766,36.81978518207023,37.150653689976416,24402200,2023-01-30
37.464542388916016,37.464542388916016,37.56634730480722,36.22590566389325,36.480419571781226,49722500,2023-01-31
37.3033561706543,37.3033561706543,37.4815156072273,36.82826110347258,37.25245208749614,24482300,2023-02-01
37.61724853515625,37.61724853515625,37.71905344334588,36.904607705189456,37.01489824358137,35279200,2023-02-02
37.37971115112305,37.37971115112305,37.659675521241326,37.22700213603292,37.63422509749978,23742000,2023-02-03
37.12519454956055,37.12519454956055,37.58332160200215,37.099744125420614,37.489999065061774,18071200,2023-02-06
36.98097229003906,36.98097229003906,37.24397188066578,36.692522274497705,37.176099765799314,22999500,2023-02-07
37.31184005737305,37.31184005737305,37.41364499143723,36.93006750923175,36.9470355376292,19362300,2023-02-08
36.76887893676758,36.76887893676758,37.60877860761631,36.684042024541576,37.4306159138285,20809200,2023-02-09
37.22700119018555,37.22700119018555,37.31183809138215,36.70100204654152,36.90461514026184,18619600,2023-02-10
37.32032775878906,37.32032775878906,37.33729255180654,36.913101527314524,37.05732815852856,17878000,2023-02-13
37.09125900268555,37.09125900268555,37.49848194058948,36.97248605033693,37.40515941050979,17506900,2023-02-14
36.75191116333008,36.75191116333008,36.99794274135012,36.57375170462071,36.83674807614765,18994700,2023-02-15
36.43800735473633,36.43800735473633,36.63313482534687,36.28529833663756,36.6076844011039,17832000,2023-02-16
36.6585807800293,36.6585807800293,36.794321753309184,36.124102518169806,36.38709883346953,18293400,2023-02-17
36.225914001464844,36.225914001464844,36.4210414836325,36.15804188436965,36.31923654431039,17356600,2023-02-21
35.95443344116211,35.95443344116211,36.38710687779554,35.89504695449322,36.24288347769133,17394200,2023-02-22
35.886558532714844,35.886558532714844,36.26833108614894,35.81868965450464,35.878076136558775,21104300,2023-02-23
35.419944763183594,35.419944763183594,35.67445868906819,35.21633168068383,35.65749066249986,16806100,2023-02-24
34.59701156616211,34.59701156616211,35.40297498860255,34.554593119995765,35.156943469989784,26370300,2023-02-27
34.418861389160156,34.418861389160156,34.53763436483487,34.01163837128076,34.3594749013228,31086900,2023-02-28
34.087989807128906,34.087989807128906,34.58004969562025,34.05405374962728,34.41037588075324,21104400,2023-03-01
34.461273193359375,34.461273193359375,34.597014173111994,33.77408589925183,33.98618138238531,19110600,2023-03-02
34.91092300415039,34.91092300415039,34.93637343028447,34.56308648959483,34.70730988611559,20922000,2023-03-03
34.87698745727539,34.87698745727539,35.00424282613532,34.63095587996379,34.86001942749658,19434800,2023-03-06
34.22372817993164,34.22372817993164,34.89395070082002,34.020115086835304,34.83456422290032,23205800,2023-03-07
34.037086486816406,34.037086486816406,34.41885905149937,33.85892703540457,34.20676354182224,16756100,2023-03-08
33.47715759277344,33.47715759277344,34.4188622613738,33.34990221689181,34.28312125197417,18585100,2023-03-09
33.41775894165039,33.41775894165039,33.8758858952676,33.282017981651194,33.33292205527081,26328100,2023-03-10
33.81650924682617,33.81650924682617,34.36795564105632,33.30747807178214,33.30747807178214,35299400,2023-03-13
33.850440979003906,33.850440979003906,34.06253646574874,33.52805493298207,33.977696329258634,24583600,2023-03-14
34.172821044921875,34.172821044921875,34.38491651463727,33.47714816316098,33.73166207955545,25498400,2023-03-15
34.24917984008789,34.24917984008789,34.350988008473706,33.69773349144004,33.986183495892305,21095900,2023-03-16
34.020118713378906,34.020118713378906,34.605504395732765,33.92679940692892,34.469763397971995,57457800,2023-03-17
34.622467041015625,34.622467041015625,34.66488548940945,33.884372446418446,34.0540494763139,20825400,2023-03-20
34.495208740234375,34.495208740234375,34.70730422024967,34.19827636274104,34.66488577151065,19982000,2023-03-21
33.94375991821289,33.94375991821289,34.65640087564478,33.926795127413314,34.52914552672638,15444200,2023-03-22
34.087989807128906,34.087989807128906,34.3594717945008,33.93528078469215,34.07950417459321,16958100,2023-03-23
34.26614761352539,34.26614761352539,34.32553409314894,33.824988596093036,34.011633667092994,17218100,2023-03-24
34.12192153930664,34.12192153930664,34.46127236234482,33.90982606128772,34.39340349226525,20262800,2023-03-27
33.926795959472656,33.926795959472656,34.18979229547951,33.81650539864895,34.10495539411995,13537500,2023-03-28
34.14737319946289,34.14737319946289,34.164341226678204,33.92679531830443,34.07101869515414,14429500,2023-03-29
34.25766372680664,34.25766372680664,34.35098625824517,34.14737316816834,34.291596544885884,12634500,2023-03-30
34.61398696899414,34.61398696899414,34.63944063117475,34.172827914938246,34.40189145663962,23393600,2023-03-31
35.08059310913086,35.08059310913086,35.182401275519474,34.48672832013247,34.52066113927497,20817200,2023-04-03
34.69882583618164,34.69882583618164,35.23330417745483,34.5800496351337,35.15694966637001,19514500,2023-04-04
35.250267028808594,35.250267028808594,35.81868458035855,34.92788100309848,35.02968916047225,29697600,2023-04-05
35.20785140991211,35.20785140991211,35.716879292394744,35.09756084872341,35.57265591234213,25931800,2023-04-06
35.402976989746094,35.402976989746094,35.411462621251005,34.88546350283245,34.91091716102701,15137300,2023-04-10
35.453887939453125,35.453887939453125,35.6235650029065,35.377533422715146,35.46237033628143,15304100,2023-04-11
35.09756088256836,35.09756088256836,35.453882989706095,35.01272398084623,35.31814200515847,17035100,2023-04-12
35.18240737915039,35.18240737915039,35.3775348774331,35.03818073657217,35.233308234854874,22880900,2023-04-13
34.94485092163086,34.94485092163086,35.38600991851289,34.724273041349974,35.21633288335515,20627500,2023-04-14
34.93636703491211,34.93636703491211,35.021203930709476,34.74972198057375,34.885462955641614,17608600,2023-04-17
34.40188217163086,34.40188217163086,35.06362219227255,34.38491414686366,35.02120051219463,18541500,2023-04-18
34.13888931274414,34.13888931274414,34.410371263689534,34.104953259795934,34.300080709767926,17214300,2023-04-19
33.80802917480469,33.80802917480469,34.09647925054545,33.757128314352414,34.0031599276092,20131600,2023-04-20
34.11343765258789,34.11343765258789,34.18979215803268,33.85892371321203,34.01163272410161,19227100,2023-04-21
33.858924865722656,33.858924865722656,34.104956417899366,33.68924782158974,34.096470785716484,17633700,2023-04-24
33.36686706542969,33.36686706542969,33.86740936034366,33.324445374527265,33.72318596750146,24492400,2023-04-25
32.77299499511719,32.77299499511719,33.24808680660096,32.577867538783465,33.22263638422011,22401400,2023-04-26
32.8663215637207,32.8663215637207,32.942676076564766,32.50151702861247,32.76451338904819,22434000,2023-04-27
32.99357223510742,32.99357223510742,33.01054026180625,32.764508729153526,32.83238083594883,21015300,2023-04-28
33.26505661010742,33.26505661010742,33.52805618859556,32.96812421207276,33.08689717128662,23917800,2023-05-01
33.13780212402344,33.13780212402344,34.037084973835285,32.77299760468903,33.33292959589432,38834100,2023-05-02
32.62028503417969,32.62028503417969,33.41776286321889,32.543930532949965,33.256571465653984,27721900,2023-05-03
32.43364715576172,32.43364715576172,32.60332422229934,32.2554876922416,32.382743064904176,23675100,2023-05-04
32.65422058105469,32.65422058105469,32.66270297602866,32.31486652833414,32.560898054740534,19225100,2023-05-05
32.80692672729492,32.80692672729492,32.857830806692476,32.53544477648155,32.688153778354085,20101700,2023-05-08
32.64573669433594,32.64573669433594,32.80692809801615,32.56938219020947,32.64573669433594,15987900,2023-05-09
32.4930305480957,32.4930305480957,32.84935267751114,32.306388705373855,32.80693098767747,15858200,2023-05-10
32.22718811035156,32.22718811035156,32.287217200901075,31.909887750201175,32.244336475074206,28566400,2023-05-11
32.02994918823242,32.02994918823242,32.34724958064717,31.927042632732178,32.252917208380104,16541300,2023-05-12
31.86701011657715,31.86701011657715,32.03852320490022,31.738374482499825,31.987068297001283,16650400,2023-05-15
31.738378524780273,31.738378524780273,31.935620727844125,31.584020324104127,31.74695597952591,25451700,2023-05-16
31.515405654907227,31.515405654907227,31.772673618230378,31.30958932144492,31.712644535832965,23206400,2023-05-17
31.28386688232422,31.28386688232422,31.54113487340889,31.018021437777392,31.4811057845338,27772400,2023-05-18
31.532556533813477,31.532556533813477,32.28721204332411,31.318166024286327,31.42965000521552,33068300,2023-05-19
33.230533599853516,33.230533599853516,33.33344014276818,31.51540928502237,31.609741645752482,85718600,2023-05-22
33.9937629699707,33.9937629699707,34.42254404329796,32.587361572871686,33.05902009926368,75379500,2023-05-23
33.127628326416016,33.127628326416016,34.4225457943462,33.10189923619638,34.38824252161344,39326400,2023-05-24
32.44157409667969,32.44157409667969,33.02471328419175,32.287212665140146,33.02471328419175,30266600,2023-05-25
32.24433517456055,32.24433517456055,32.96468750344077,32.210035175158595,32.621664610041584,20234600,2023-05-26
31.738378524780273,31.738378524780273,32.038527285408385,31.661197788771958,32.038527285408385,24371100,2023-05-30
32.60450744628906,32.60450744628906,32.77602049957708,31.618309843387507,31.81554870969994,46166300,2023-05-31
32.60450744628906,32.60450744628906,32.76744304767601,32.33008786956399,32.69026233726337,20256100,2023-06-01
32.896080017089844,32.896080017089844,33.15334797200084,32.724566956702674,32.80174767030992,22736400,2023-06-02
33.144775390625,33.144775390625,33.462072441283084,32.99041395596114,32.99898813729149,18392200,2023-06-05
32.9046630859375,32.9046630859375,33.32487003382187,32.83605980605581,33.28199257497826,19508200,2023-06-06
33.3505859375,33.3505859375,33.496373179824474,32.698840251399645,32.887501668477945,25295100,2023-06-07
33.5221061706543,33.5221061706543,33.60786108120189,33.21338325853871,33.47922871538049,17347600,2023-06-08
33.419193267822266,33.419193267822266,33.95088080904545,33.333435102244636,33.6850354027641,19775100,2023-06-09
34.21672821044922,34.21672821044922,34.36251219342233,33.43634685055741,33.45349521333331,28334600,2023-06-12
34.542598724365234,34.542598724365234,34.619779440606294,33.830823915777366,34.019485344435786,26533800,2023-06-13
33.75364303588867,33.75364303588867,34.594053457916964,33.71933976853904,34.57690182424215,22056400,2023-06-14
34.08809280395508,34.08809280395508,34.156699340847624,33.68503757806073,33.79652156484124,19905900,2023-06-15
34.35394287109375,34.35394287109375,34.61121087653673,34.173852323077504,34.18242977701837,60338600,2023-06-16
33.73649597167969,33.73649597167969,34.19100287593469,33.72792178935075,34.05379305929129,26881200,2023-06-20
33.35917282104492,33.35917282104492,33.65074411678936,33.23911135816397,33.616440841680514,17982900,2023-06-21
33.21337127685547,33.21337127685547,33.43633919798805,32.9389517364915,33.393458486843265,18039800,2023-06-22
32.84463119506836,32.84463119506836,33.33344138124944,32.82747955872199,33.196231561818614,23492200,2023-06-23
31.635467529296875,31.635467529296875,31.77267734391451,31.009447545645173,31.746951525967457,56135500,2023-06-26
31.232406616210938,31.232406616210938,31.72979414878619,31.11234845906227,31.695490883503876,32414900,2023-06-27
31.120929718017578,31.120929718017578,31.335320245248884,30.89796173774672,31.301016975770317,30062000,2023-06-28
30.97514533996582,30.97514533996582,31.06090352164017,30.66642242861843,30.86366461079937,26284900,2023-06-29
31.455381393432617,31.455381393432617,31.515410485030227,30.992297025673807,31.052326117271413,30867900,2023-06-30
31.429651260375977,31.429651260375977,31.506831977741587,31.172380021597483,31.30101564098673,14115800,2023-07-03
31.26671600341797,31.26671600341797,31.74695199738076,31.206686913090127,31.369625819414328,26829400,2023-07-05
30.5549373626709,30.5549373626709,31.10377656212731,30.546359910050825,31.043747479145498,30177300,2023-07-06
30.469179153442383,30.469179153442383,30.67499548864003,30.314817719879066,30.46060497217316,22903300,2023-07-07
30.59781837463379,30.59781837463379,30.88081218859486,30.477760194690305,30.503486012866748,17777500,2023-07-10
30.889389038085938,30.889389038085938,30.906540673648138,30.5463628695219,30.563514505084104,17731300,2023-07-11
30.86366081237793,30.86366081237793,31.08662551461048,30.803628456924056,31.043748064720344,17229700,2023-07-12
30.923690795898438,30.923690795898438,31.180958774061555,30.803629352838477,30.880810073421394,16664400,2023-07-13
31.146657943725586,31.146657943725586,31.29244521461658,30.880812491712643,31.129506307659582,17915100,2023-07-14
30.752180099487305,30.752180099487305,30.975144825456816,30.683573555287406,30.975144825456816,20557300,2023-07-17
31.078054428100586,31.078054428100586,31.28386751660519,30.769331524003615,30.803631524527677,22808300,2023-07-18
31.249557495117188,31.249557495117188,31.472525442734838,31.052318631510406,31.163802605319233,18589700,2023-07-19
31.532556533813477,31.532556533813477,31.789824490978138,31.180956229042536,31.215259495688375,22358400,2023-07-20
32.07282638549805,32.07282638549805,32.09855220370422,31.558287121994084,31.558287121994084,24149700,2023-07-21
32.167152404785156,32.167152404785156,32.41584619483366,32.047094236165805,32.081397504725544,19414700,2023-07-24
31.78125,31.78125,32.34724080877755,31.77267254775242,32.07282122096659,21771000,2023-07-25
31.909887313842773,31.909887313842773,32.02994549330004,31.523983686058667,31.618316047443678,20983700,2023-07-26
31.38961410522461,31.38961410522461,32.09197626695312,31.372271380420795,31.953237776309145,25346300,2023-07-27
31.276891708374023,31.276891708374023,31.606396902636945,31.233536545183696,31.519683268469375,24054100,2023-07-28
31.268220901489258,31.268220901489258,31.3809436602707,31.14682181791517,31.372273951051667,40265200,2023-07-31
30.87801742553711,30.87801742553711,32.01393786216609,30.669908021357497,31.112139264819138,40931600,2023-08-01
30.652565002441406,30.652565002441406,31.12080867653088,30.591867115924632,30.895359856295247,34301600,2023-08-02
30.34907341003418,30.34907341003418,30.591864938822773,30.279702511645155,30.50515462362299,25676500,2023-08-03
30.36642074584961,30.36642074584961,30.64389776596831,30.054258271269326,30.30572285443533,25746500,2023-08-04
30.938716888427734,30.938716888427734,31.086125105231677,30.26236707902247,30.357747115184885,31069100,2023-08-07
30.90403175354004,30.90403175354004,31.537026406168838,30.687252626977287,31.537026406168838,25225500,2023-08-08
31.077449798583984,31.077449798583984,31.268216452125277,30.791299818272048,30.86934042128564,17210500,2023-08-09
30.973398208618164,30.973398208618164,31.294230343623468,30.869341861221994,31.060108523661818,18955200,2023-08-10
31.250873565673828,31.250873565673828,31.458979634102427,30.860670552637313,30.88668298424431,16609400,2023-08-11
31.276891708374023,31.276891708374023,31.658421775350565,31.06011258463548,31.06011258463548,20295500,2023-08-14
30.687253952026367,30.687253952026367,31.138154951680843,30.661241514207468,31.112142513861944,20484300,2023-08-15
30.76529312133789,30.76529312133789,30.912704646857968,30.34040788734138,30.47047337808468,22215600,2023-08-16
31.65842056274414,31.65842056274414,31.84051753362775,30.86067500567992,30.869344714871144,31113600,2023-08-17
31.78849220275879,31.78849220275879,31.953243154444888,31.493672447045125,31.606398523349874,24145100,2023-08-18
32.091983795166016,32.091983795166016,32.24806504722771,31.771151580500227,31.831849477658963,28496500,2023-08-21
31.94457244873047,31.94457244873047,32.213379758374444,30.973402881034897,32.091980668098884,18524100,2023-08-22
31.78849220275879,31.78849220275879,32.196038034777196,31.701781871931807,32.16135257933157,19370900,2023-08-23
31.354928970336914,31.354928970336914,31.77114444644653,31.26821865323404,31.63240595440999,19380800,2023-08-24
31.545700073242188,31.545700073242188,31.814504078732075,31.181509413067424,31.33759065202989,16421300,2023-08-25
31.398284912109375,31.398284912109375,31.667092194292113,31.24220369120155,31.597721292650125,15101900,2023-08-28
31.34625816345215,31.34625816345215,32.03127758325137,31.216189384568533,31.441638185808824,21076500,2023-08-29
31.129480361938477,31.129480361938477,31.432969781542177,31.06010946157958,31.372271897621438,16833000,2023-08-30
30.67858123779297,30.67858123779297,31.207522806894247,30.67858123779297,31.164164337725854,27919500,2023-08-31
31.025426864624023,31.025426864624023,31.268221730421974,30.86934563224923,30.904031085618495,17522500,2023-09-01
30.67858123779297,30.67858123779297,31.46765708297069,30.652565494734578,31.181507063835852,25856100,2023-09-05
29.802791595458984,29.802791595458984,30.59186743622554,29.707408256280594,30.57452471021249,35370200,2023-09-06
29.724748611450195,29.724748611450195,30.03691103921351,29.51664253146565,29.88950284154,26777700,2023-09-07
29.69873809814453,29.69873809814453,29.8201338706137,29.52531414842284,29.68139537239369,19467700,2023-09-08
29.429933547973633,29.429933547973633,29.74209602494966,29.08308892405684,29.690071150645004,27574400,2023-09-11
29.612030029296875,29.612030029296875,29.664054902719393,29.265182103474245,29.455948793455388,17987200,2023-09-12
29.55133056640625,29.55133056640625,30.0195709412348,29.481959661817257,29.66405332468318,23853300,2023-09-13
29.612030029296875,29.612030029296875,29.81146642891945,29.46461850309682,29.69007064721762,23759900,2023-09-14
29.542654037475586,29.542654037475586,29.846143439507326,29.317205239935777,29.533984329325992,58063800,2023-09-15
29.169795989990234,29.169795989990234,29.58601147680237,28.996372043538518,29.58601147680237,25421900,2023-09-18
29.473291397094727,29.473291397094727,29.49063081630497,29.06574558212793,29.091758018730253,30323300,2023-09-19
29.15245246887207,29.15245246887207,29.559998235741954,29.091754585438668,29.551328527159995,24651400,2023-09-20
28.484773635864258,28.484773635864258,29.1264412547499,28.467434217974407,29.022388208477285,26980600,2023-09-21
28.34603500366211,28.34603500366211,28.692882899973057,28.181284072197087,28.684213191069293,28570800,2023-09-22
28.597497940063477,28.597497940063477,28.597497940063477,28.103241865932947,28.346033394899102,19443700,2023-09-25
28.094573974609375,28.094573974609375,28.58015706394801,28.059888523146125,28.37205097074194,26015500,2023-09-26
27.834436416625977,27.834436416625977,28.181284315936807,27.661014120863918,28.120586429725417,26430100,2023-09-27
27.825767517089844,27.825767517089844,28.025203907269763,27.548290512684147,27.79975508161019,28197600,2023-09-28
28.76225471496582,28.76225471496582,28.814282899382775,28.007864233749416,28.051219400203294,42421400,2023-09-29
29.429933547973633,29.429933547973633,29.447276275337526,28.40673578801311,28.571490044076583,44620600,2023-10-02
29.395246505737305,29.395246505737305,29.577340151052937,29.230492277110944,29.343218332310062,31059900,2023-10-03
28.88365364074707,28.88365364074707,29.55133378509842,28.623516027991286,29.42993468884505,23722300,2023-10-04
29.022390365600586,29.022390365600586,29.291194364099574,28.658199714897485,29.005047638635016,21279400,2023-10-05
28.727567672729492,28.727567672729492,29.100427994732925,28.675539497175546,29.06574254436363,23760400,2023-10-06
28.788267135620117,28.788267135620117,29.022388976771307,28.415406793170458,28.666871360457304,17468100,2023-10-09
28.76225471496582,28.76225471496582,28.96169443467056,28.62351619764111,28.684217400021144,19212100,2023-10-10
28.71022605895996,28.71022605895996,28.90099273558935,28.4587614957279,28.82295212313067,24221200,2023-10-11
28.545473098754883,28.545473098754883,28.805610690487057,28.41540761067568,28.71022734789018,21809900,2023-10-12
27.843109130859375,27.843109130859375,28.606172516380035,27.765068519751733,28.56281404859726,32388100,2023-10-13
28.84896469116211,28.84896469116211,29.41258839904335,28.23331280547272,28.467434643929266,63317400,2023-10-16
28.39806365966797,28.39806365966797,28.77959370581906,27.92115027503242,28.61484277157383,40015800,2023-10-17
27.236125946044922,27.236125946044922,28.3373641691338,27.218783221139596,28.21596840258309,30307600,2023-10-18
27.045360565185547,27.045360565185547,27.3141661819816,26.802567381499692,27.21011148786102,26880300,2023-10-19
26.577119827270508,26.577119827270508,26.97599426878621,26.42970995925936,26.932637452375026,39407900,2023-10-20
26.74187469482422,26.74187469482422,27.218788138629368,26.473069025800964,26.68117680058286,29412100,2023-10-23
26.3863525390625,26.3863525390625,26.906622714227083,26.29096920501256,26.776553930015968,26923800,2023-10-24
26.646484375,26.646484375,26.880606180604133,26.204254849045466,26.412362569395867,28857900,2023-10-25
27.019350051879883,27.019350051879883,27.20144537720231,26.447053293255344,26.542436637657257,27162700,2023-10-26
26.108877182006836,26.108877182006836,26.99333471567609,26.030836568169345,26.932636828001016,33877100,2023-10-27
26.49040412902832,26.49040412902832,26.603130181976965,26.108874121538214,26.221598520593652,33063500,2023-10-30
26.499074935913086,26.499074935913086,26.724525383193775,25.753356006792682,26.26495478064248,42648200,2023-10-31
26.45572280883789,26.45572280883789,26.949978915500147,26.42103735733503,26.499077969323107,23568300,2023-11-01
26.447052001953125,26.447052001953125,26.577119140036512,26.195587434950973,26.455723365011135,29640900,2023-11-02
27.106060028076172,27.106060028076172,27.21878443721048,26.741871058259665,26.79389758140678,28071000,2023-11-03
27.036691665649414,27.036691665649414,27.23612805582969,26.8459249847001,27.158087441603772,27381200,2023-11-06
27.097389221191406,27.097389221191406,27.21878499565646,26.785226768117397,26.949979357672387,18086400,2023-11-07
26.724529266357422,26.724529266357422,27.140744773863968,26.49040742317496,26.81124124389464,29398300,2023-11-08
26.082998275756836,26.082998275756836,26.8124081934221,26.039056909516923,26.794831646926134,28737700,2023-11-09
25.90723991394043,25.90723991394043,26.206034542863367,25.511777617677936,26.14451829741311,33844100,2023-11-10
25.46783447265625,25.46783447265625,25.80178217641955,25.42389477930459,25.784205628602145,35519900,2023-11-13
25.71390151977539,25.71390151977539,26.109363794763766,25.476623149067237,25.564504213350837,40084300,2023-11-14
26.531190872192383,26.531190872192383,26.671799895581554,25.669958508694002,25.669958508694002,43614600,2023-11-15
26.162092208862305,26.162092208862305,26.75968140646085,25.898449028408464,26.601495833426906,32407200,2023-11-16
26.29391098022461,26.29391098022461,26.373003760783376,26.135725419107075,26.29391098022461,27009200,2023-11-17
26.346641540527344,26.346641540527344,26.487250569569092,26.1533045446429,26.27633702600647,26335700,2023-11-20
26.627859115600586,26.627859115600586,26.680588757678645,26.153304070240733,26.381794157336888,25988700,2023-11-21
26.645437240600586,26.645437240600586,26.873927341225336,26.487251657384075,26.706953483808807,19226800,2023-11-22
26.80362319946289,26.80362319946289,26.9793853335427,26.698165583776618,26.698165583776618,11129700,2023-11-24
26.487247467041016,26.487247467041016,27.02332037509081,26.39057981851768,27.02332037509081,26066700,2023-11-27
26.09178924560547,26.09178924560547,26.46088837920869,26.04784787482419,26.46088837920869,29497700,2023-11-28
26.43452262878418,26.43452262878418,26.55755511026903,26.126939748880215,26.162092844271225,26185200,2023-11-29
26.777254104614258,26.777254104614258,26.812407196298885,26.32906224278527,26.636645090259083,45356600,2023-11-30
25.406320571899414,25.406320571899414,25.836935975942726,24.87024754742884,25.45904854401704,103624000,2023-12-01
25.73147964477539,25.73147964477539,26.04784914891582,25.502989534112203,25.502989534112203,47410400,2023-12-04
25.56450080871582,25.56450080871582,26.012692668300087,25.546924262961536,25.6699567308582,39853000,2023-12-05
25.300861358642578,25.300861358642578,25.836932637657547,25.239343443563147,25.564502861358676,33410500,2023-12-06
25.16025161743164,25.16025161743164,25.39752998464392,25.046007408880463,25.327225469491232,35782900,2023-12-07
25.292072296142578,25.292072296142578,25.459044460431695,25.12509845566172,25.177826419321875,31890700,2023-12-08
25.16904067993164,25.16904067993164,25.31843798883592,24.993280224639012,25.29207484244758,37833900,2023-12-11
25.116310119628906,25.116310119628906,25.362376743081356,24.914184862609968,25.151463212775717,48587500,2023-12-12
23.42900276184082,23.42900276184082,23.49051900537988,22.638076517696515,23.095056721403687,158100700,2023-12-13
22.963232040405273,22.963232040405273,24.00901310697342,22.857776112124647,23.51688153054972,101889800,2023-12-14
23.40263557434082,23.40263557434082,23.719006710507067,22.919292272923947,22.963231963528482,138388400,2023-12-15
23.7805233001709,23.7805233001709,23.991436835342782,23.48172870629612,23.65749082370191,63329400,2023-12-18
24.747211456298828,24.747211456298828,24.81751596763296,23.965073558182652,23.97386183162339,70094700,2023-12-19
24.281444549560547,24.281444549560547,24.835094077835798,24.263869677764536,24.773577836070075,56184300,2023-12-20
24.879032135009766,24.879032135009766,24.922973502088908,24.41326537731322,24.483569888448084,51056600,2023-12-21
24.9581241607666,24.9581241607666,25.30086010879675,24.764787180071636,24.993277253361164,35162300,2023-12-22
24.9669132232666,24.9669132232666,25.072370828192717,24.82630420082629,24.98448977011958,30119100,2023-12-26
25.14267349243164,25.14267349243164,25.248129413419196,24.87903033757946,25.01963934969063,35000700,2023-12-27
25.300861358642578,25.300861358642578,25.511774896053815,25.11631096578787,25.142675786536202,30472900,2023-12-28
25.300861358642578,25.300861358642578,25.37116587111299,25.081159547648564,25.2920730850598,30363100,2023-12-29
26.12693977355957,26.12693977355957,26.610284778491465,25.336013564625013,25.37995325771344,57948700,2024-01-02
26.12693977355957,26.12693977355957,26.399371234521706,25.845721714933223,26.36421813909749,43426500,2024-01-03
25.56450080871582,25.56450080871582,26.320275514233405,25.51177284764463,26.179666500582456,45558200,2024-01-04
25.89845085144043,25.89845085144043,25.916027399946287,25.265710190956863,25.50298856721017,33612800,2024-01-05
25.995119094848633,25.995119094848633,26.083000157476782,25.634808246645893,25.801782098020187,32972100,2024-01-08
25.836931228637695,25.836931228637695,26.241183410440474,25.766626720001348,26.012693338324418,39856900,2024-01-09
25.476621627807617,25.476621627807617,25.828144187760024,25.37995229524879,25.80178104338346,37413300,2024-01-10
24.9581241607666,24.9581241607666,25.41510430734566,24.84387996221769,25.336011525199602,46884700,2024-01-11
25.221769332885742,25.221769332885742,25.43268287665485,24.993279241421245,25.010854112924786,30373500,2024-01-12
24.8878231048584,24.8878231048584,25.23934569861788,24.799942037370542,25.133889758586008,38826000,2024-01-16
24.73842430114746,24.73842430114746,25.072372002224366,24.54508730528683,24.74721257498547,33312600,2024-01-17
24.685693740844727,24.685693740844727,24.720845156311924,24.255078425173657,24.641754052462815,50321100,2024-01-18
24.852670669555664,24.852670669555664,24.940550057265977,24.545087783993942,24.63296884789613,35549300,2024-01-19
24.879032135009766,24.879032135009766,25.151463582325146,24.545086126167117,24.887820408425593,41663900,2024-01-22
24.984493255615234,24.984493255615234,25.177830269394466,24.73842659392094,24.993281530267744,33466700,2024-01-23
24.896610260009766,24.896610260009766,25.29207420783123,24.896610260009766,25.081160661057073,42720700,2024-01-24
24.50411605834961,24.50411605834961,24.905531100105858,24.486276713150552,24.81632756844715,47605500,2024-01-25
24.50411605834961,24.50411605834961,24.896610576798402,24.4059937047993,24.646841028437198,47073800,2024-01-26
24.513036727905273,24.513036727905273,24.6468411754837,24.361391233605495,24.548718821347983,67082700,2024-01-29
24.102699279785156,24.102699279785156,25.30694253185404,24.040257326956095,24.87876598125435,86072400,2024-01-30
24.15622329711914,24.15622329711914,24.539797278615445,23.888614413078635,24.23650630261445,81192100,2024-01-31
24.343547821044922,24.343547821044922,24.379228207110383,23.844008804803842,24.17406130834114,53883000,2024-02-01
24.02242088317871,24.02242088317871,24.26326991999819,23.808333417588933,24.245428872511724,51718500,2024-02-02
23.7012882232666,23.7012882232666,24.0313407875965,23.65668730711581,24.0313407875965,42633400,2024-02-05
24.5308780670166,24.5308780670166,24.736045002510018,23.701288100160046,23.781571109947187,56958700,2024-02-06
24.584396362304688,24.584396362304688,24.664679361824437,24.35246788607159,24.57547583997853,36843000,2024-02-07
24.59331703186035,24.59331703186035,24.700361598999404,24.45059207661873,24.58439650948079,29048400,2024-02-08
24.584396362304688,24.584396362304688,24.61115792928316,24.423830363265182,24.584396362304688,29062700,2024-02-09
24.673603057861328,24.673603057861328,24.994735097246835,24.548719132062914,24.566560179010082,30323700,2024-02-12
24.0580997467041,24.0580997467041,24.82524772567418,23.959977394600735,24.56655935923607,37927500,2024-02-13
24.182985305786133,24.182985305786133,24.236506743284206,24.00457824557146,24.093781775678796,25270200,2024-02-14
24.539796829223633,24.539796829223633,24.807405708363476,24.28110677149479,24.30786833997508,36111600,2024-02-15
24.637922286987305,24.637922286987305,24.878769611411556,24.272187635850923,24.575478623631238,35935300,2024-02-16
24.611162185668945,24.611162185668945,25.101779088547854,24.548720220002462,24.629003233406788,34232000,2024-02-20
24.682525634765625,24.682525634765625,24.691446158981343,24.40599618974253,24.62008366667164,27348300,2024-02-21
24.575475692749023,24.575475692749023,24.709281825424096,24.254345398009544,24.611157781839886,31957500,2024-02-22
24.762805938720703,24.762805938720703,25.05717639992926,24.70036397746674,24.75388541548216,33182600,2024-02-23
24.245426177978516,24.245426177978516,24.68252158432439,24.14730212912398,24.68252158432439,45685500,2024-02-26
23.986736297607422,23.986736297607422,24.263267400686967,23.915373816487225,24.19190491956677,38598400,2024-02-27
24.120542526245117,24.120542526245117,24.298947878987118,23.92429442638842,24.049178343449398,31010200,2024-02-28
23.692367553710938,23.692367553710938,24.254348621675806,23.683447030252587,24.14730404159149,54643200,2024-02-29
23.719131469726562,23.719131469726562,23.99566091861853,23.64776897641844,23.93321894965093,46392100,2024-03-01
23.09470558166504,23.09470558166504,23.60316349761492,22.844937736028378,23.460438528275155,86777700,2024-03-04
23.264190673828125,23.264190673828125,23.567481640165344,22.91629879537721,23.076864801251705,73646100,2024-03-05
24.254344940185547,24.254344940185547,24.352467280501955,23.897532563090383,23.995654903406788,84919500,2024-03-06
23.89753532409668,23.89753532409668,24.370311140339158,23.870773754691783,24.2632682655512,46423800,2024-03-07
24.28110694885254,24.28110694885254,24.35246943057214,23.95105610893031,23.9778159761903,45906600,2024-03-08
25.306943893432617,25.306943893432617,25.324783237046717,24.361388923841645,24.361388923841645,52600100,2024-03-11
24.985815048217773,24.985815048217773,25.280185522772197,24.762807061391214,25.25342395184328,48758200,2024-03-12
25.173137664794922,25.173137664794922,25.592393714378964,25.14637779876407,25.235581322170187,39273000,2024-03-13
25.092853546142578,25.092853546142578,25.226659675999382,24.771723258166855,25.199898109744897,36428000,2024-03-14
24.923372268676758,24.923372268676758,25.226663256950918,24.85200978328377,24.94121161396311,75727900,2024-03-15
24.727123260498047,24.727123260498047,25.00365437010012,24.629000910028218,24.985813324045314,36226500,2024-03-18
24.646841049194336,24.646841049194336,24.780647197503008,24.37031163209373,24.68252314245421,29026600,2024-03-19
24.70928382873535,24.70928382873535,24.744964219303355,24.272186709012818,24.513035725656064,34468000,2024-03-20
24.673603057861328,24.673603057861328,25.012576144194004,24.646841487440575,24.753886067707704,29633700,2024-03-21
24.40599250793457,24.40599250793457,24.834167397199725,24.38815146219458,24.504114856672977,28830100,2024-03-22
24.468433380126953,24.468433380126953,24.51303429108073,24.17406294415124,24.298946855954362,31110600,2024-03-25
24.611162185668945,24.611162185668945,24.64684257972867,24.36139262158705,24.48627825433598,38220300,2024-03-26
24.78064727783203,24.78064727783203,24.923372248502478,24.566559821826363,24.718203614424837,34247600,2024-03-27
24.753887176513672,24.753887176513672,25.083939754156876,24.72712560489418,24.816329142209856,40466700,2024-03-28
24.727123260498047,24.727123260498047,24.86092940449328,24.602239340946014,24.762805352607653,26596600,2024-04-01
24.575475692749023,24.575475692749023,24.75388273537202,24.450591783762317,24.593316737294455,32451500,2024-04-02
24.28110694885254,24.28110694885254,24.75388445362974,24.26326760448447,24.53979700847094,36828600,2024-04-03
23.772647857666016,23.772647857666016,24.44167172815239,23.76372733522298,24.361388727580767,41922700,2024-04-04
23.781570434570312,23.781570434570312,23.817252527424984,23.505041020609962,23.692366903849475,39880500,2024-04-05
23.710208892822266,23.710208892822266,23.92429635421334,23.65668745282847,23.72804993995883,24431400,2024-04-08
23.888612747192383,23.888612747192383,24.459512567421854,23.772647657823477,23.87969222482434,45127800,2024-04-09
23.478281021118164,23.478281021118164,23.71913005974686,23.335556042986184,23.656688094491113,44541600,2024-04-10
23.496118545532227,23.496118545532227,23.594242591315396,23.308790976438512,23.505039068004848,32814500,2024-04-11
23.067943572998047,23.067943572998047,23.478277396424115,23.041182005698907,23.41583544080847,43034100,2024-04-12
23.112546920776367,23.112546920776367,23.344475424243505,22.9698219496298,23.112546920776367,35660200,2024-04-15
22.916297912597656,22.916297912597656,23.18390677780252,22.907377390235407,23.032261300475586,28885300,2024-04-16
22.675451278686523,22.675451278686523,22.916300303346944,22.532726308832018,22.916300303346944,43828900,2024-04-17
22.6486873626709,22.6486873626709,22.711129317837013,22.505962407601018,22.613006974611263,35788400,2024-04-18
23.19283103942871,23.19283103942871,23.19283103942871,22.613010603726185,22.64869099751209,38372800,2024-04-19
23.424758911132812,23.424758911132812,23.63884637222075,23.130388439459907,23.19283040293357,35678700,2024-04-22
23.478281021118164,23.478281021118164,23.6120854754399,23.36231761441691,23.487201544928404,24297800,2024-04-23
23.433677673339844,23.433677673339844,23.496119632120173,23.228510751228544,23.41583662756953,24547800,2024-04-24
22.532724380493164,22.532724380493164,23.576401696621776,22.523803857963692,23.433676738981596,47661400,2024-04-25
22.65760612487793,22.65760612487793,22.78249172692406,22.479200795607873,22.595164174562633,46526500,2024-04-26
22.8716983795166,22.8716983795166,23.05902597150847,22.782496546718082,22.81817693955431,39995300,2024-04-29
22.853858947753906,22.853858947753906,23.04118483762453,22.827097377165575,22.88061881692634,38017700,2024-04-30
24.245426177978516,24.245426177978516,24.486275188031065,23.21066935858507,23.487198758229244,97388900,2024-05-01
24.70928382873535,24.70928382873535,24.92337127639075,24.191905404880863,24.272186709012818,69649000,2024-05-02
24.80740737915039,24.80740737915039,24.896610912010143,24.54871900541456,24.852009996288203,60568900,2024-05-03
25.119617462158203,25.119617462158203,25.271262948954398,24.941210406604167,24.959051452442726,59899700,2024-05-06
24.771724700927734,24.771724700927734,25.413987015701597,24.441672170228568,25.23558166786116,65606400,2024-05-07
25.21773910522461,25.21773910522461,25.280181058282224,24.548715262894802,24.709281257280452,39087800,2024-05-08
25.51655387878418,25.51655387878418,25.579937518427098,24.737836644143396,25.136250313852013,47831100,2024-05-09
25.362621307373047,25.362621307373047,25.607102539330207,25.281127563387326,25.570882329970047,25849800,2024-05-10
25.751977920532227,25.751977920532227,25.94212882366585,25.507496707582277,25.525606810854384,39609800,2024-05-13
25.697649002075195,25.697649002075195,25.969295384641182,25.525608192898797,25.85158143407354,23530900,2024-05-14
26.09606170654297,26.09606170654297,26.249994132915635,25.788196853797636,25.797251905593033,38376300,2024-05-15
26.186609268188477,26.186609268188477,26.286213106187766,25.96023816515333,26.14133573841123,40077800,2024-05-16
25.933074951171875,25.933074951171875,26.17755617523806,25.815362728699963,26.168501123190282,26106400,2024-05-17
25.833471298217773,25.833471298217773,25.996457044172185,25.770085937648606,25.951183513697263,22423300,2024-05-20
25.860633850097656,25.860633850097656,25.960237686259532,25.643317802441725,25.77914011634238,28119900,2024-05-21
26.80234146118164,26.80234146118164,26.829504890768515,25.73386947820765,25.77914301223552,46987500,2024-05-22
25.978351593017578,25.978351593017578,26.648409936517417,25.96024148795888,26.648409936517417,42031300,2024-05-23
26.150388717651367,26.150388717651367,26.249992554336377,25.851578934670766,25.960237822606633,22589100,2024-05-24
25.625207901000977,25.625207901000977,26.15038878539015,25.471275483486504,26.07795010227007,32371200,2024-05-28
25.19057273864746,25.19057273864746,25.50749258640748,25.0728605405462,25.498437536234427,24241700,2024-05-29
25.534664154052734,25.534664154052734,25.534664154052734,25.163415639030006,25.272072814264888,23298600,2024-05-30
25.951183319091797,25.951183319091797,26.03267705499513,25.570879793901064,25.661428581246376,78290100,2024-05-31
26.539749145507812,26.539749145507812,26.73895683283483,25.9330744857906,25.951184589561155,38177200,2024-06-03
26.702735900878906,26.702735900878906,26.920051959006386,26.41298115670893,26.530693373875042,46309500,2024-06-04
26.757064819335938,26.757064819335938,26.820450181608543,26.412981488085855,26.766119871089167,27346700,2024-06-05
26.077951431274414,26.077951431274414,26.748011443126284,26.068898106613155,26.58502396603121,35360400,2024-06-06
25.87874412536621,25.87874412536621,26.304321172317493,25.851578971574856,26.032676542701683,27526200,2024-06-07
25.416948318481445,25.416948318481445,25.67048458705933,25.01853467559463,25.67048458705933,36977900,2024-06-10
25.38072967529297,25.38072967529297,25.652374318607425,25.253960678281633,25.308290988604142,29573500,2024-06-11
25.045700073242188,25.045700073242188,25.56182594009546,24.955151281654437,25.50749735597263,32507900,2024-06-12
25.036645889282227,25.036645889282227,25.100029527468507,24.629178903624144,24.90082356072953,33945200,2024-06-13
24.927988052368164,24.927988052368164,25.5527710924607,24.837439260056698,25.127194013793737,29461900,2024-06-14
24.429969787597656,24.429969787597656,24.882712007799576,24.3303676735639,24.855548579915144,32194600,2024-06-17
24.81932830810547,24.81932830810547,24.864601839176927,24.402806295609626,24.4299697234227,29817800,2024-06-18
25.11813735961914,25.11813735961914,25.317343308337765,24.583901418841354,24.62917667564635,29693400,2024-06-20
25.11813735961914,25.11813735961914,25.253959675885223,24.955149889270057,25.145302513702138,52487000,2024-06-21
25.679536819458008,25.679536819458008,25.724810346305976,25.109080709557293,25.308288372666777,35414100,2024-06-24
25.344507217407227,25.344507217407227,25.76103092417978,25.290178638984496,25.715755669598867,24721600,2024-06-25
24.828384399414062,24.828384399414062,25.29018168939346,24.511464487419428,25.272071585376718,30745800,2024-06-26
25.172466278076172,25.172466278076172,25.199631432523244,24.51146306353443,24.7831094267817,28399600,2024-06-27
25.3354549407959,25.3354549407959,25.462223940429656,25.027590084231083,25.154359083864836,33189200,2024-06-28
25.55276870727539,25.55276870727539,25.92401716673166,25.299234184958564,25.308289236051937,26209000,2024-07-01
25.199630737304688,25.199630737304688,25.607099407396927,25.072863474197963,25.552769100001676,21989800,2024-07-02
25.081920623779297,25.081920623779297,25.39883880805943,25.009481934933184,25.281126586337464,15180100,2024-07-03
25.39883804321289,25.39883804321289,25.43505825008252,25.05475471332403,25.136248451706173,17268700,2024-07-05
25.29018211364746,25.29018211364746,25.462224650543423,25.16341483755286,25.398839285421516,25694400,2024-07-08
25.100027084350586,25.100027084350586,25.29923475877424,24.719723565175222,25.24490445098173,36867800,2024-07-09
25.67048454284668,25.67048454284668,25.724813126350323,25.17246705832727,25.199632213616358,29873600,2024-07-10
25.951183319091797,25.951183319091797,26.467309161763264,25.73386726570773,26.059842209321065,47322600,2024-07-11
26.186609268188477,26.186609268188477,26.3858152171126,26.068897054522964,26.168499165447795,28397000,2024-07-12
26.34959602355957,26.34959602355957,26.503528438528615,26.105114824419132,26.286212392761918,30534400,2024-07-15
26.711790084838867,26.711790084838867,26.766118665837354,26.367706769082513,26.44014545277198,26912100,2024-07-16
27.19169807434082,27.19169807434082,27.436177558041276,26.53974817894096,26.63935201897694,45395000,2024-07-17
26.901941299438477,26.901941299438477,27.789317343952657,26.829502614893897,27.08303887433716,47279700,2024-07-18
27.13736915588379,27.13736915588379,27.164534311942578,26.75706560643361,27.110205726899576,30021200,2024-07-19
26.80234146118164,26.80234146118164,27.372795934476006,26.603133766479946,27.26413876197928,46483200,2024-07-22
26.711790084838867,26.711790084838867,26.83855734952682,26.557857666114444,26.820448973910292,25528300,2024-07-23
27.14642333984375,27.14642333984375,27.155478391573794,26.539748690526984,26.720846270978818,29579400,2024-07-24
27.32752227783203,27.32752227783203,28.006635647650622,27.137369636204028,27.137369636204028,42296200,2024-07-25
28.254968643188477,28.254968643188477,28.355976438375396,27.557088164917175,27.685644495945244,35657100,2024-07-26
28.20905113220215,28.20905113220215,28.401887357739586,27.9519385000835,28.18150435101712,41713700,2024-07-29
28.824289321899414,28.824289321899414,28.962030241451195,27.345886348800185,28.475349979274657,89857500,2024-07-30
28.04376792907715,28.04376792907715,28.70491701380237,27.979488013322435,28.64982169460409,40978700,2024-07-31
28.144773483276367,28.144773483276367,28.291695490415645,27.46525876239508,28.20905164246874,39753100,2024-08-01
27.94275665283203,27.94275665283203,28.760010550850737,27.557085939445397,28.355974148386522,42364700,2024-08-02
27.30915641784668,27.30915641784668,27.5570879844474,26.49190245917984,26.71228549011982,37838000,2024-08-05
26.92348289489746,26.92348289489746,27.59381476369868,26.859204736443708,27.299970752796693,29031800,2024-08-06
26.491899490356445,26.491899490356445,27.373431515327194,26.390889955702047,27.208143822783068,32866100,2024-08-07
26.40925407409668,26.40925407409668,26.638819910883214,26.20723676824593,26.565358913169455,32094400,2024-08-08
26.216421127319336,26.216421127319336,26.400074520213288,26.124596182320918,26.30824782376631,25795600,2024-08-09
26.124595642089844,26.124595642089844,26.271517652787377,26.005220413742773,26.243969118988396,21141600,2024-08-12
26.491899490356445,26.491899490356445,26.583726180819678,25.99603641272407,26.216419418966755,34620700,2024-08-13
26.519447326660156,26.519447326660156,26.794927409010885,26.326612845318305,26.445986321656328,23677700,2024-08-14
26.36334228515625,26.36334228515625,26.63882236555358,26.188873494164625,26.565361361070657,28676800,2024-08-15
25.986854553222656,25.986854553222656,26.308247106297895,25.57363705765321,26.308247106297895,50332900,2024-08-16
26.445985794067383,26.445985794067383,26.52862964197903,25.96849014679266,26.032768305957614,26382500,2024-08-19
26.53781509399414,26.53781509399414,26.804112352642516,26.44598839268613,26.44598839268613,21301300,2024-08-20
26.657188415527344,26.657188415527344,26.785744737251235,26.565361720818053,26.611274192448438,16729700,2024-08-21
26.427621841430664,26.427621841430664,26.749012637068905,26.20723883094367,26.648004851917662,20241500,2024-08-22
26.53781509399414,26.53781509399414,26.574546475096806,26.299066371172767,26.46435408323746,21885300,2024-08-23
26.55617904663086,26.55617904663086,26.67555252450507,26.41843987940722,26.55617904663086,16506000,2024-08-26
26.464351654052734,26.464351654052734,26.666370728676597,26.2256029531463,26.611273662080002,16184600,2024-08-27
26.400075912475586,26.400075912475586,26.70310280071736,26.29906636591211,26.427624448297074,19874100,2024-08-28
26.372526168823242,26.372526168823242,26.528631028431622,26.1980573709569,26.510267090173663,19229800,2024-08-29
26.638824462890625,26.638824462890625,26.675554092299645,26.326614731395082,26.372527206018514,37137600,2024-08-30
25.986854553222656,25.986854553222656,26.556178654508667,25.83993254349372,26.308247106297895,44499600,2024-09-03
26.06949806213379,26.06949806213379,26.207238976973088,25.895029272514726,25.977673120838908,23510500,2024-09-04
26.179691314697266,26.179691314697266,26.44598680591918,26.032769301999267,26.106230308348266,25927200,2024-09-05
26.225603103637695,26.225603103637695,26.41843933493535,25.968490463838823,26.225603103637695,31214500,2024-09-06
27.006126403808594,27.006126403808594,27.171414095733862,26.124594382138405,26.20723822810104,36558400,2024-09-09
27.30915641784668,27.30915641784668,27.327522108287173,26.80411219087364,27.015312376593375,32378800,2024-09-10
27.235692977905273,27.235692977905273,27.27242435550954,26.758195577740675,27.254058666707408,31943100,2024-09-11
26.77656364440918,26.77656364440918,27.281607871178448,26.409258592990742,27.162234386260696,32511800,2024-09-12
26.877573013305664,26.877573013305664,26.92348548763731,26.620458603281996,26.776563468037683,19987700,2024-09-13
27.6121826171875,27.6121826171875,27.676460780681012,27.03367739429731,27.1530508762926,29224600,2024-09-16
27.391799926757812,27.391799926757812,27.6764611191887,27.180599743710655,27.593817264700924,27055300,2024-09-17
27.31833839416504,27.31833839416504,27.6764605891208,27.299972704308697,27.54790426302357,25812800,2024-09-18
27.235692977905273,27.235692977905273,27.869295229991042,27.107136659187297,27.44689314478437,22653200,2024-09-19
27.015310287475586,27.015310287475586,27.134683763210244,26.840839744680157,27.12550267014862,56877400,2024-09-20
26.9143009185791,26.9143009185791,27.061222928768153,26.79492744209369,27.024493301945146,23126200,2024-09-23
27.08877182006836,27.08877182006836,27.17141567082174,26.767379261743944,26.859205957186425,21446200,2024-09-24
26.56536102294922,26.56536102294922,27.281605369679284,26.54699533420012,27.180597584456198,30712700,2024-09-25
26.60209083557129,26.60209083557129,26.638822213327103,25.996037114188336,26.15214196675355,32310400,2024-09-26
26.712284088134766,26.712284088134766,26.840840411573694,26.556179230480975,26.6480059264153,25013000,2024-09-27
26.574546813964844,26.574546813964844,26.804112694437887,26.42762479057799,26.73065168274446,27464700,2024-09-30
26.32661247253418,26.32661247253418,26.703100336778792,26.19805615345997,26.67555180349925,30725100,2024-10-01
26.271516799926758,26.271516799926758,26.418438805854716,26.060314883887912,26.262333955625202,24957200,2024-10-02
26.02358627319336,26.02358627319336,26.18887397417156,25.950125267363997,26.170508284852087,25678900,2024-10-03
26.243968963623047,26.243968963623047,26.253151808168344,25.93175925487695,25.977673477603442,28769000,2024-10-04
26.81329345703125,26.81329345703125,27.400981504928303,26.730649606364658,26.96939831368497,51426600,2024-10-07
26.7949275970459,26.7949275970459,27.079588774502284,26.629639896765244,26.82247437946032,29126600,2024-10-08
27.722373962402344,27.722373962402344,27.9427569795647,26.72146666480132,26.831657297658232,44244800,2024-10-09
26.941848754882812,26.941848754882812,27.621363472279803,26.88675344035021,27.44689293290335,34347700,2024-10-10
26.77656364440918,26.77656364440918,27.0336780561264,26.58372914920774,26.960217045842715,29617600,2024-10-11
26.703100204467773,26.703100204467773,26.785744052448415,26.491900038049902,26.776561208067402,23594200,2024-10-14
27.03367805480957,27.03367805480957,27.30915640549782,26.693919787608667,26.712285478040855,29009900,2024-10-15
27.244876861572266,27.244876861572266,27.38261602994542,27.024493841885512,27.088772003696413,28414800,2024-10-16
26.877573013305664,26.877573013305664,27.11632173301722,26.831658787525388,27.070407507236943,23779200,2024-10-17
26.8316593170166,26.8316593170166,26.96940024562696,26.703102985192174,26.905120328266086,24244900,2024-10-18
26.56536102294922,26.56536102294922,26.831656504017236,26.519446801076473,26.831656504017236,23395700,2024-10-21
26.482717514038086,26.482717514038086,26.6204566785226,26.262334500573164,26.53781282954219,29036400,2024-10-22
26.50108528137207,26.50108528137207,26.73065115733282,26.326614725236286,26.51026812658434,22217600,2024-10-23
26.2990665435791,26.2990665435791,26.611276279203878,26.170510211774307,26.50108563807082,31473600,2024-10-24
26.124595642089844,26.124595642089844,26.38170828508627,26.115412797490183,26.335795813536485,26091100,2024-10-25
26.50108528137207,26.50108528137207,26.574546291621566,26.225605179349994,26.26233656019906,37922500,2024-10-28
26.133777618408203,26.133777618408203,26.78574559542863,25.73892579597025,26.638823579766,102267000,2024-10-29
26.188873291015625,26.188873291015625,26.262334294928703,25.885846430943115,25.99603706108849,47104000,2024-10-30
25.986854553222656,25.986854553222656,26.299064261758772,25.977673460132042,26.12459546986098,37909600,2024-10-31
25.794017791748047,25.794017791748047,26.207237002232496,25.757286416839047,26.152139939869,46894600,2024-11-01
25.49099349975586,25.49099349975586,25.839932838990304,25.463444965823456,25.8032032118623,41347800,2024-11-04
25.702194213867188,25.702194213867188,25.71137705870484,25.325706332766323,25.47262834727161,44175800,2024-11-05
25.123689651489258,25.123689651489258,25.702194879658382,24.86657524372042,25.64709956065385,65749500,2024-11-06
25.215513229370117,25.215513229370117,25.334888457417577,25.10532259734779,25.27979314140641,48484800,2024-11-07
24.91710662841797,24.91710662841797,25.318093294946895,24.907781150283217,25.28079316106097,55951300,2024-11-08
24.469491958618164,24.469491958618164,25.019682664230263,24.4508410041713,24.917104193425423,54329300,2024-11-11
24.422868728637695,24.422868728637695,24.656000345959335,24.199062589447294,24.460168862509555,53035200,2024-11-12
24.91710662841797,24.91710662841797,24.945083062822228,24.22703725432406,24.460168871733615,47983100,2024-11-13
24.26433563232422,24.26433563232422,25.0383324182312,24.096480607655963,24.935753952344413,45262200,2024-11-14
23.12665557861328,23.12665557861328,23.965930818514252,22.828247394938746,23.965930818514252,131074400,2024-11-15
23.182607650756836,23.182607650756836,23.546292389786554,23.033403564044487,23.28518434871344,64221700,2024-11-18
23.406414031982422,23.406414031982422,23.415739509833635,22.949476289191168,23.033403811199054,52381200,2024-11-19
23.25720977783203,23.25720977783203,23.40641386508147,22.986776258034286,23.378437431727317,46170800,2024-11-20
23.43438720703125,23.43438720703125,23.51831472373922,23.10800439611461,23.191931912822582,45048400,2024-11-21
23.91930389404297,23.91930389404297,24.012556897920856,23.406415040694252,23.48101708806594,41897000,2024-11-22
24.404216766357422,24.404216766357422,24.66532480730908,24.003230116509627,24.01255559425644,57707600,2024-11-25
24.031206130981445,24.031206130981445,24.46949290552587,23.882002046938535,24.39489086350441,33001000,2024-11-26
24.087158203125,24.087158203125,24.199062160061132,23.965930546876162,24.0218816360177,28242100,2024-11-27
24.441516876220703,24.441516876220703,24.460167831697177,24.03120652765634,24.08715761543275,22023000,2024-11-29
24.077831268310547,24.077831268310547,24.450841471106603,23.993903750349816,24.3109628673897,43866400,2024-12-02
23.835372924804688,23.835372924804688,24.152432024990553,23.798072795834333,24.08715546530279,49064300,2024-12-03
23.527639389038086,23.527639389038086,23.77942193047272,23.481013782988498,23.73279632442313,42541500,2024-12-04
23.965930938720703,23.965930938720703,24.049858463131756,23.443714836017904,23.527642360428956,43647900,2024-12-05
23.99390411376953,23.99390411376953,24.338939668240002,23.863350985476746,24.003229591312298,31830700,2024-12-06
24.338939666748047,24.338939666748047,24.65599878857078,23.854025506471753,24.021880544925313,37464800,2024-12-09
23.84469985961914,23.84469985961914,24.348264971404237,23.788748773416227,24.338939493928258,43280500,2024-12-10
23.527639389038086,23.527639389038086,23.788747407413208,23.47168830604801,23.667517985839705,39569400,2024-12-11
23.6581974029541,23.6581974029541,23.760774105501458,23.369112915689758,23.481016875058714,38705100,2024-12-12
23.854026794433594,23.854026794433594,23.928628840146203,23.555618611583157,23.630220657295766,29043600,2024-12-13
23.546293258666992,23.546293258666992,24.01255649151188,23.518316824381188,23.863352399293763,40194000,2024-12-16
24.64667320251465,24.64667320251465,24.674647856365095,24.115133435520608,24.15243356687219,71440300,2024-12-17
24.14310646057129,24.14310646057129,24.73059905293733,24.115131808608137,24.42286543077273,47575100,2024-12-18
24.031206130981445,24.031206130981445,24.329614299067263,23.854025614185623,23.965929566544293,50324700,2024-12-19
24.581398010253906,24.581398010253906,24.70262566722702,23.965930690060716,23.965930690060716,116340100,2024-12-20
24.907779693603516,24.907779693603516,24.945081603961,24.42286730952708,24.58139687124043,35350400,2024-12-23
24.93575668334961,24.93575668334961,24.96373311674262,24.600046597245576,24.795878073690606,19716400,2024-12-24
24.767902374267578,24.767902374267578,24.917106466145757,24.69330032832849,24.84250442020667,31406000,2024-12-26
24.823854446411133,24.823854446411133,25.03833509927426,24.63734844821962,24.646673925994495,35218300,2024-12-27
24.637348175048828,24.637348175048828,24.786552260486506,24.46949313426819,24.69329926242471,32859100,2024-12-30
24.739927291870117,24.739927291870117,24.851829469521608,24.58139772465297,24.61869785765245,27085500,2024-12-31
24.814529418945312,24.814529418945312,25.047661031588834,24.76790202922478,24.945082552856707,32899200,2025-01-02
24.79587745666504,24.79587745666504,25.02900905984643,24.730600892358726,24.898455931233805,33417000,2025-01-03
25.075634002685547,25.075634002685547,25.411344071514865,24.76790036580965,24.907778968270886,43951000,2025-01-06
25.299440383911133,25.299440383911133,25.709752496871964,25.122261648999842,25.18753821224642,35030000,2025-01-07
25.04766082763672,25.04766082763672,25.308767093333437,24.460168172513033,25.22483957117291,35430700,2025-01-08
24.91710662841797,24.91710662841797,25.224840292252455,24.889131972666796,25.05698702178617,32836900,2025-01-10
24.9917049407959,24.9917049407959,25.00103041753732,24.58139463609037,24.85182634698025,28359600,2025-01-13
24.628023147583008,24.628023147583008,25.05698623504762,24.497470015101747,25.001033367995912,25856900,2025-01-14
24.45083999633789,24.45083999633789,24.85182660715273,24.441514519498842,24.730598965550794,35949700,2025-01-15
24.702625274658203,24.702625274658203,24.77722731899142,24.208385619292482,24.310964097245545,29981100,2025-01-16
24.52544593811035,24.52544593811035,24.767903038578712,24.450843890170326,24.61869894269866,35380300,2025-01-17
24.842504501342773,24.842504501342773,24.842504501342773,24.60937288469007,24.66532575331694,39745600,2025-01-21
24.2550106048584,24.2550106048584,24.805201294283954,24.217708697062086,24.721273780395116,41890400,2025-01-22
24.65599822998047,24.65599822998047,24.693298360651227,24.105807518026545,24.255011598015447,40987000,2025-01-23
24.731834411621094,24.731834411621094,24.836108726089517,24.60860080214789,24.665478687162242,31300200,2025-01-24
25.46175193786621,25.46175193786621,25.566024448130722,24.81715034834181,24.874026427400445,50648600,2025-01-27
25.35747528076172,25.35747528076172,25.461749589466706,25.11100988349579,25.38591422169702,40589600,2025-01-28
25.234243392944336,25.234243392944336,25.66081665705142,25.18684515822725,25.4048716137525,34418200,2025-01-29
25.50914764404297,25.50914764404297,25.603942311818383,25.196326506024633,25.272161878633383,32289600,2025-01-30
25.139450073242188,25.139450073242188,25.603941949912535,25.044655406806672,25.556543712665842,37307000,2025-01-31
24.836109161376953,24.836109161376953,25.09205241619574,24.788710923034273,24.930902021946473,49626200,2025-02-03
24.52328872680664,24.52328872680664,25.51862825591527,24.26734365655883,24.741315205288267,68748300,2025-02-04
25.063613891601562,25.063613891601562,25.300599646001576,24.36213627554446,24.599122029944475,50426800,2025-02-05
24.485370635986328,24.485370635986328,25.092053652193577,24.437974203366892,25.04465721957414,45182000,2025-02-06
24.400053024291992,24.400053024291992,24.608599836991683,24.2009858587229,24.51380698180134,36512800,2025-02-07
24.52328872680664,24.52328872680664,24.76027450117136,24.18202863314289,24.437973703390703,39632700,2025-02-10
24.200986862182617,24.200986862182617,24.56120442779214,24.134629329517015,24.485369055660772,36593300,2025-02-11
24.144107818603516,24.144107818603516,24.286300716578054,23.859725638770048,24.153587465672338,31671600,2025-02-12
24.305259704589844,24.305259704589844,24.40005437307806,24.011397859528504,24.16306860588648,30612500,2025-02-13
24.200986862182617,24.200986862182617,24.485369055660772,24.144108977040673,24.39057438848209,33214600,2025-02-14
24.22942543029785,24.22942543029785,24.40005547970371,24.096713973230184,24.27682367072059,40499700,2025-02-18
24.542245864868164,24.542245864868164,24.570684808287503,24.172548640706488,24.238904367293667,37292400,2025-02-19
24.551725387573242,24.551725387573242,24.72235543110395,24.409534287316962,24.513808604598605,37139000,2025-02-20
24.9309024810791,24.9309024810791,25.186847548669345,24.50432917648665,24.542245959801154,54611500,2025-02-21
25.262683868408203,25.262683868408203,25.347998894129834,24.532767229704476,25.025698087638784,43823300,2025-02-24
25.34799575805664,25.34799575805664,25.62290009760564,25.15840824173183,25.329036464006823,43560100,2025-02-25
25.044654846191406,25.044654846191406,25.38591491449712,24.978299123589256,25.291120250183553,30103300,2025-02-26
24.741313934326172,24.741313934326172,25.1204907922198,24.655998915292873,24.92142361984735,28268300,2025-02-27
25.054136276245117,25.054136276245117,25.111012355657348,24.56120543318457,24.703396535744123,51531700,2025-02-28
24.88350486755371,24.88350486755371,25.499667483614896,24.618080164732305,24.99725882820799,54048600,2025-03-03
24.409534454345703,24.409534454345703,24.940382076028644,24.333699079819567,24.883505997148532,51315000,2025-03-04
24.589643478393555,24.589643478393555,24.817149595787168,24.32421877073872,24.36213736099994,37062400,2025-03-05
24.874027252197266,24.874027252197266,25.082574087699435,24.551726446747903,24.580165391249206,46998300,2025-03-06
25.338516235351562,25.338516235351562,25.49018697237868,24.81714830282807,25.025695114225908,54337700,2025-03-07
25.253202438354492,25.253202438354492,25.82196863368078,25.15840957918169,25.253202438354492,53013500,2025-03-10
24.63703727722168,24.63703727722168,25.234242353656228,24.52328513470119,25.18684412089127,44841400,2025-03-11
24.37161636352539,24.37161636352539,24.61808178781099,24.17254917932817,24.58964465181595,37331000,2025-03-12
24.26734161376953,24.26734161376953,24.712874181170054,24.200985891822413,24.419012351950894,36717900,2025-03-13
24.381093978881836,24.381093978881836,24.41901256779125,24.172547164053565,24.28630112272397,30298300,2025-03-14
24.69391632080078,24.69391632080078,24.788710989683093,24.25786337522325,24.400054474517752,32676900,2025-03-17
24.94038200378418,24.94038200378418,25.025697025886192,24.741314824251443,24.845587333886613,32958700,2025-03-18
24.845584869384766,24.845584869384766,25.120489204013392,24.72235307638219,24.959338823589864,42522700,2025-03-19
24.826629638671875,24.826629638671875,24.93090214743478,24.665479243611465,24.883505716911454,35378900,2025-03-20
24.911945343017578,24.911945343017578,25.139451470270863,24.65600027183589,24.76975243143354,349996500,2025-03-21
24.77923011779785,24.77923011779785,24.85506548754555,24.542244361329065,24.741313336952917,37944400,2025-03-24
24.21994400024414,24.21994400024414,24.836108423999775,24.182027218753653,24.798189834451424,47607600,2025-03-25
23.89764404296875,23.89764404296875,24.314739502051946,23.821808669322525,24.191507697898555,49487400,2025-03-26
23.708057403564453,23.708057403564453,23.916604236911933,23.537427354435607,23.888167100762455,51302000,2025-03-27
23.89764404296875,23.89764404296875,23.907123690681768,23.51846717473763,23.72701580830819,32352500,2025-03-28
24.020877838134766,24.020877838134766,24.10619286014381,23.328879822335136,23.508987706080504,53498100,2025-03-31
23.262523651123047,23.262523651123047,24.030357026465722,23.2435643559151,23.973480948899795,54444200,2025-04-01
23.414194107055664,23.414194107055664,23.452110888944645,23.04449508730526,23.224604773437104,41965000,2025-04-02
23.025537490844727,23.025537490844727,23.575344386053356,23.01605784340311,23.452110777370216,53501800,2025-04-03
21.77425193786621,21.77425193786621,22.845428632803856,21.755294450354402,22.693757884361737,80002600,2025-04-04
21.451950073242188,21.451950073242188,21.954360532382406,20.617760998503368,20.987458203346293,86106100,2025-04-07
20.70307731628418,20.70307731628418,21.793211512703056,20.323900440319957,21.70789648960386,72406000,2025-04-08
21.319238662719727,21.319238662719727,21.366636899354543,19.830968385485725,20.011078068582318,95954400,2025-04-09
20.466089248657227,20.466089248657227,21.11069076956891,19.992117754817194,21.101211122725182,72960700,2025-04-10
20.769433975219727,20.769433975219727,20.854749002145876,20.172230594794726,20.466092460841438,55078100,2025-04-11
20.9685001373291,20.9685001373291,21.072772638753783,20.731514385274583,20.930581549132633,61900900,2025-04-14
21.27184295654297,21.27184295654297,21.736334842991372,20.977979303600947,21.015897894196527,51814700,2025-04-15
20.89266586303711,20.89266586303711,21.49934884148709,20.807350843185343,21.319239154238044,37641200,2025-04-16
20.987457275390625,20.987457275390625,21.37611375767136,20.94954049588063,20.996936922282565,54073700,2025-04-17
20.89266586303711,20.89266586303711,21.01589766501305,20.731515470879096,20.97797907483098,32021000,2025-04-21
21.35715675354004,21.35715675354004,21.376114239693635,20.996937395754568,21.025376337071677,36052600,2025-04-22
21.224443435668945,21.224443435668945,21.85956532530014,21.082252345644193,21.594142439402678,50781000,2025-04-23
21.59414291381836,21.59414291381836,21.669978284034826,21.07277316152954,21.23392354924676,35009600,2025-04-24
21.72685432434082,21.72685432434082,21.906964006333645,21.309758884799802,21.58466323142347,35847700,2025-04-25
21.850086212158203,21.850086212158203,22.07759413142662,21.707895118658833,21.83112872560071,55888900,2025-04-28
22.551565170288086,22.551565170288086,22.8643862925769,21.29079922596835,21.641538936683837,98540200,2025-04-29
23.139291763305664,23.139291763305664,23.167730708235176,22.731675926272885,22.940224572973214,53941700,2025-04-30
22.684276580810547,22.684276580810547,23.06345342423904,22.561042976660158,23.035014482960225,46891700,2025-05-01
22.940221786499023,22.940221786499023,23.03501464196713,22.722193517972045,23.0160571557082,41685800,2025-05-02
22.62740135192871,22.62740135192871,22.987618914633167,22.6084420570343,22.94022248545501,40811800,2025-05-05
21.688936233520508,21.688936233520508,22.646358932976817,21.660499099118464,22.589482856114845,60872600,2025-05-06
21.60362434387207,21.60362434387207,21.88800655363708,21.537266807406105,21.793211881029414,48270500,2025-05-07
21.77425193786621,21.77425193786621,21.88800590322677,21.338198988109603,21.632060837208968,55669800,2025-05-08
21.52308464050293,21.52308464050293,21.83221302041205,21.503763656120988,21.745270433243796,39059800,2025-05-09
22.305566787719727,22.305566787719727,22.363527900147666,21.426482238602016,21.474782858533544,77480900,2025-05-12
22.093040466308594,22.093040466308594,22.19930219379031,21.725949138497704,22.122020099917034,41193200,2025-05-13
21.27191925048828,21.27191925048828,22.12202237034197,21.223616785266074,22.083382240714855,59394000,2025-05-14
21.83221435546875,21.83221435546875,21.83221435546875,21.339540278904764,21.445803856953052,51800100,2025-05-15
22.054399490356445,22.054399490356445,22.073720475331655,21.687309988580118,21.880514310680617,37786800,2025-05-16
22.218624114990234,22.218624114990234,22.247605592371457,21.870853756617695,21.967456838671236,31513700,2025-05-19
22.72096061706543,22.72096061706543,22.894845811170885,22.373190228854515,22.382850722143782,57047500,2025-05-20
22.257266998291016,22.257266998291016,22.682317628690225,22.257266998291016,22.67265713583334,42984700,2025-05-21
22.257266998291016,22.257266998291016,22.373189227472395,22.035079347683915,22.257266998291016,38602800,2025-05-22
22.527751922607422,22.527751922607422,22.59537352553601,22.102699478062803,22.17032292354188,35405400,2025-05-23
22.80790138244629,22.80790138244629,22.856202002462982,22.576055089775174,22.749938427365603,36155400,2025-05-27
22.39250946044922,22.39250946044922,22.836881061624393,22.324887855274785,22.80790142657852,36737200,2025-05-28
22.653337478637695,22.653337478637695,22.653337478637695,22.37318871979683,22.537413409536164,26091400,2025-05-29
22.691978454589844,22.691978454589844,22.817563021021883,22.373189555836372,22.682317961591178,56618600,2025-05-30
22.662996292114258,22.662996292114258,22.7595993766369,22.431149994790267,22.74028023377284,30443900,2025-06-02
22.55673599243164,22.55673599243164,22.74028168044627,22.27658721374875,22.58571562984663,37887100,2025-06-03
22.595375061035156,22.595375061035156,22.740280611501372,22.556734932114615,22.61469604677073,24500100,2025-06-04
22.334548950195312,22.334548950195312,22.643677349359162,22.29590697902453,22.643677349359162,33173600,2025-06-05
22.55673599243164,22.55673599243164,22.778921811183153,22.460132901763377,22.47945388840717,30426200,2025-06-06
23.155670166015625,23.155670166015625,23.319894855528528,22.62435596953007,22.64367695477878,42542600,2025-06-09
23.474458694458008,23.474458694458008,23.59038276163199,23.146009320440687,23.155669812917733,40439200,2025-06-10
23.648344039916992,23.648344039916992,23.851210698257624,23.493779844300583,23.50344033684543,38558700,2025-06-11
23.99611473083496,23.99611473083496,24.03475485899438,23.696646828034808,23.696646828034808,42465400,2025-06-12
23.706308364868164,23.706308364868164,24.102379369337868,23.629024420044164,23.947815164791187,46368400,2025-06-13
23.571062088012695,23.571062088012695,23.75460776239978,23.45513986185811,23.66766517150856,35102100,2025-06-16
23.18465232849121,23.18465232849121,23.493780731396328,23.097709734855318,23.445480109398886,40408800,2025-06-17
23.068727493286133,23.068727493286133,23.26193365998817,22.96246575989552,23.146009591456835,37076200,2025-06-18
23.155670166015625,23.155670166015625,23.27159423495732,22.962465841180226,23.184651643888692,63098100,2025-06-20
23.213632583618164,23.213632583618164,23.27159369547006,22.96246530885925,23.05906839031276,31959100,2025-06-23
23.484119415283203,23.484119415283203,23.571062005871443,23.290915091515327,23.319894726677703,34404200,2025-06-24
23.435819625854492,23.435819625854492,23.542083205352075,23.25227394559975,23.38751716128713,25603300,2025-06-25
23.4164981842041,23.4164981842041,23.60004386088596,23.339216084951303,23.493780283456896,31835300,2025-06-26
23.368196487426758,23.368196487426758,23.590382282231914,23.26193291488929,23.522760678817345,39528800,2025-06-27
23.4164981842041,23.4164981842041,23.551741397258848,23.300575956600202,23.38751670602783,44730900,2025-06-30
24.189321517944336,24.189321517944336,24.488789428403614,23.435819652783234,23.455140638632383,59259900,2025-07-01
24.459808349609375,24.459808349609375,24.49845032193956,24.17966142041814,24.276262666142294,36772100,2025-07-02
24.51776885986328,24.51776885986328,24.65301391712717,24.363204659462223,24.488789223882215,27104600,2025-07-03
24.382524490356445,24.382524490356445,24.66267324190923,24.2859214090434,24.498448556442206,34905900,2025-07-07
24.749616622924805,24.749616622924805,25.07806416181999,24.353543792610314,24.38252527069691,51275800,2025-07-08
24.691654205322266,24.691654205322266,24.96214247904527,24.479128889036733,24.817238770552834,38362200,2025-07-09
24.9041805267334,24.9041805267334,25.165006456229033,24.67233423243141,24.710974360206464,39499200,2025-07-10
24.778596878051758,24.778596878051758,24.846218486060785,24.55641106815049,24.778596878051758,34864400,2025-07-11
24.488788604736328,24.488788604736328,24.759275027324218,24.47912811213668,24.71097440687654,25918000,2025-07-14
23.773929595947266,23.773929595947266,24.575732085238123,23.69664749490299,24.479128998295117,54458000,2025-07-15
23.773929595947266,23.773929595947266,24.11203763642183,23.69664749490299,23.84155120404218,44218200,2025-07-16
23.74494743347168,23.74494743347168,23.938153601795193,23.619364713846796,23.658004841981153,47393900,2025-07-17
23.638683319091797,23.638683319091797,23.93815305743832,23.56140122202991,23.87052961027745,36309400,2025-07-18
23.435819625854492,23.435819625854492,23.812569636726828,23.435819625854492,23.754608521796612,33663400,2025-07-21
24.28592300415039,24.28592300415039,24.28592300415039,23.51310198798794,23.542083467050524,48091600,2025-07-22
24.498449325561523,24.498449325561523,24.662674016184315,24.392185748526018,24.517768468390233,42073300,2025-07-23
24.488788604736328,24.488788604736328,24.67233427902851,24.40184601389006,24.527428732584358,25672400,2025-07-24
24.361038208007812,24.361038208007812,24.537921938742198,24.193979789249664,24.537921938742198,35643400,2025-07-25
23.88934326171875,23.88934326171875,24.302075726258323,23.82055483001952,24.252941667714357,31096600,2025-07-28
23.8795166015625,23.8795166015625,23.90899816194531,23.515920061895635,23.88934378835677,38499800,2025-07-29
23.397994995117188,23.397994995117188,23.977785878234013,23.388167808616746,23.899170260574653,35649500,2025-07-30
22.886995315551758,22.886995315551758,23.427477473874454,22.739589386605346,23.191630611642136,62768300,2025-07-31
23.083532333374023,23.083532333374023,23.113013892631272,22.71010862116965,22.89681954009976,51332700,2025-08-01
23.122840881347656,23.122840881347656,23.27024492768527,22.995089333336022,23.034398078676258,57010700,2025-08-04
24.32172966003418,24.32172966003418,24.459306520947276,23.850035958894296,23.850035958894296,113955100,2025-08-05
23.515920639038086,23.515920639038086,24.282422484360865,23.447132204134174,24.252942797598774,65689200,2025-08-06
23.810728073120117,23.810728073120117,24.046574932206696,23.525747154602918,23.751766826934528,45494400,2025-08-07
24.154672622680664,24.154672622680664,24.18415418356867,23.741940141969916,23.86969169814034,36377000,2025-08-08
24.154672622680664,24.154672622680664,24.488789482034328,24.105538562211585,24.174326996606,38115700,2025-08-11
24.223461151123047,24.223461151123047,24.341385520788645,24.046575533796787,24.23328833812387,34402700,2025-08-12
24.72463607788086,24.72463607788086,24.76394482530509,24.311903601647632,24.32173078850369,40176500,2025-08-13
24.675500869750977,24.675500869750977,24.744289300198297,24.390518087218766,24.655846496953416,32514000,2025-08-14
24.704980850219727,24.704980850219727,24.862212085793338,24.537922428129743,24.783596468006532,31844800,2025-08-15
24.636192321777344,24.636192321777344,24.79342355673079,24.577231077255842,24.704980752776454,35623300,2025-08-18
24.881866455078125,24.881866455078125,24.989963632397767,24.665673974783022,24.704980846498415,29170500,2025-08-19
24.940828323364258,24.940828323364258,25.24546548990957,24.90152145066616,24.950655510124836,38111000,2025-08-20
25.294599533081055,25.294599533081055,25.442003585706395,24.931002994894826,24.97030986756761,37068100,2025-08-21
25.43217658996582,25.43217658996582,25.658198138322764,25.314254096717555,25.451830963621944,34560500,2025-08-22
24.704980850219727,24.704980850219727,25.442002969850094,24.675501165014786,25.432175783333722,32684200,2025-08-25
24.488788604736328,24.488788604736328,24.803251078899205,24.43965454602745,24.704981087137256,43938700,2025-08-26
24.636192321777344,24.636192321777344,24.73446231220929,24.419999842302396,24.577231077255842,31840300,2025-08-27
24.174325942993164,24.174325942993164,24.636192464043017,24.085883138528104,24.636192464043017,44306800,2025-08-28
24.331558227539062,24.331558227539062,24.44948072234546,24.085884176624102,24.252942606220046,37030000,2025-08-29
24.54775047302246,24.54775047302246,24.636193280418272,24.282422050835024,24.302076424555036,44725000,2025-09-02
24.361038208007812,24.361038208007812,24.68532785920373,24.292247903765166,24.449479136202935,30957600,2025-09-03
24.115365982055664,24.115365982055664,24.351212848404476,23.928653176650414,24.351212848404476,41695500,2025-09-04
24.449480056762695,24.449480056762695,24.459307243453082,24.085883520939447,24.144844766737556,34613200,2025-09-05
24.12519073486328,24.12519073486328,24.53792320998094,23.889343873988082,24.4691347765187,49242900,2025-09-08
24.282421112060547,24.282421112060547,24.361038603901193,24.085883005491446,24.125189877067598,32751300,2025-09-09
24.14484405517578,24.14484405517578,24.223459672037816,24.026921567054803,24.213632485637042,32975900,2025-09-10
24.429826736450195,24.429826736450195,24.429826736450195,24.11536427030619,24.174325514122152,36784100,2025-09-11
23.456958770751953,23.456958770751953,24.410173395848076,23.427477210425348,24.38069183552147,81378200,2025-09-12
23.555227279663086,23.555227279663086,23.70263320939148,23.270246355832995,23.57488165353944,50760200,2025-09-15
23.486438751220703,23.486438751220703,23.80090123460381,23.456959064868695,23.545399998268973,57010800,2025-09-16
23.63384246826172,23.63384246826172,23.96795932066746,23.486438415575474,23.565054035297752,46351600,2025-09-17
23.732112884521484,23.732112884521484,23.82055569257855,23.545400081473865,23.633842889530932,34419000,2025-09-18
23.61418914794922,23.61418914794922,23.830381626081735,23.407821981889136,23.830381626081735,86577600,2025-09-19
23.6240177154541,23.6240177154541,24.37086518333499,23.614190528463002,23.859864580207688,67863300,2025-09-22
23.71245765686035,23.71245765686035,23.93847919950373,23.63384203856741,23.682977971465615,38955200,2025-09-23
23.67315101623535,23.67315101623535,23.76159382197226,23.565053837147087,23.75176663529658,39669400,2025-09-24
23.19162940979004,23.19162940979004,23.73211154010351,23.171975037036493,23.67315029618702,56738300,2025-09-25
23.348861694335938,23.348861694335938,23.397995754087752,23.20145764073626,23.319380133878308,33374500,2025-09-26
23.43730354309082,23.43730354309082,23.447130729508228,23.230936377013553,23.378342298930527,39184300,2025-09-29
25.039098739624023,25.039098739624023,25.18650279483445,23.397996009767628,23.43730475747401,164867300,2025-09-30
26.73916244506836,26.73916244506836,26.9750111802223,25.137368479190027,25.520619393712767,150879900,2025-10-01
26.611412048339844,26.611412048339844,26.699854853054667,26.15937271254779,26.46400799859653,69684100,2025-10-02
26.896394729614258,26.896394729614258,27.210857200985867,26.572105071719267,26.72933630740507,70524000,2025-10-03
25.972660064697266,25.972660064697266,26.886567802400357,25.93335131822461,26.798124997181077,62945600,2025-10-06
25.8154296875,25.8154296875,26.1200649854348,25.599235323386573,25.96283374299463,47744200,2025-10-07
25.235637664794922,25.235637664794922,26.041448215336686,25.18650173223495,25.96283259758491,48693300,2025-10-08
24.803251266479492,24.803251266479492,25.4518305929315,24.773769706424687,25.333908101400706,47278700,2025-10-09
24.351211547851562,24.351211547851562,24.98013649119202,24.19398031201645,24.822905255356904,64963900,2025-10-10
24.30207633972168,24.30207633972168,24.518270701198638,24.184153846501733,24.41017352046016,45356600,2025-10-13
24.09571075439453,24.09571075439453,24.36103917251728,24.056402007556695,24.22346043292907,42277000,2025-10-14
23.967958450317383,23.967958450317383,24.154671243256765,23.791072843779457,24.0662284399878,47729800,2025-10-15
23.810728073120117,23.810728073120117,24.184153672432032,23.79107369961018,24.01709524628601,44390000,2025-10-16
24.08588409423828,24.08588409423828,24.105538468086873,23.741940049264944,23.781248796962128,40101900,2025-10-17
24.26276969909668,24.26276969909668,24.30207657243164,24.085884083228716,24.14484533040329,35856800,2025-10-20
24.420000076293945,24.420000076293945,24.5280953798951,24.174326035032124,24.292248525205054,40726900,2025-10-21
24.29224967956543,24.29224967956543,24.49861685869084,24.19398155786638,24.36103998883675,48662900,2025-10-22
24.243114471435547,24.243114471435547,24.351211649402046,24.08588323494474,24.33155727625465,34219900,2025-10-23
24.331558227539062,24.331558227539062,24.40034666190017,24.252942606220046,24.272596980135866,27429200,2025-10-24
24.341384887695312,24.341384887695312,24.370864573586775,24.203806147606347,24.31190332745963,34974900,2025-10-27
24.0760555267334,24.0760555267334,24.351211121802816,23.958131164748178,24.351211121802816,50152400,2025-10-28
23.869691848754883,23.869691848754883,24.203806835872506,23.810728726606825,24.105538714314292,65438400,2025-10-29
23.869691848754883,23.869691848754883,24.27259714504524,23.73211310475369,23.88934434845996,157478000,2025-10-30
24.223461151123047,24.223461151123047,24.302076772785355,23.741940234148373,23.85986460381397,132697400,2025-10-31
24.233287811279297,24.233287811279297,24.321730618019636,23.987613764632634,24.16449937811331,140871300,2025-11-03
23.8795166015625,23.8795166015625,24.763944669604555,23.781248482308254,23.967959408366706,166162000,2025-11-04
24.184152603149414,24.184152603149414,24.243113846728082,23.741938590449074,23.95813106646694,107240900,2025-11-05
24.420000076293945,24.420000076293945,24.695153802926907,24.11536478994566,24.32173008492038,124137200,2025-11-06
24.43000030517578,24.43000030517578,24.6299991607666,24.110000610351562,24.329999923706055,117794500,2025-11-07
24.389999389648438,24.389999389648438,24.889999389648438,23.90999984741211,24.65999984741211,148958600,2025-11-10
25.510000228881836,25.510000228881836,25.510000228881836,24.440000534057617,24.489999771118164,139673800,2025-11-11
25.8700008392334,25.8700008392334,25.950000762939453,25.25,25.399999618530273,96008000,2025-11-12
25.790000915527344,25.790000915527344,26.479999542236328,25.670000076293945,25.940000534057617,123083100,2025-11-13
25.059999465942383,25.059999465942383,25.770000457763672,24.969999313354492,25.670000076293945,96507600,2025-11-14
25.079999923706055,25.079999923706055,25.56999969482422,24.950000762939453,25.110000610351562,88042200,2025-11-17
25.450000762939453,25.450000762939453,25.510000228881836,24.979999542236328,25.049999237060547,66511800,2025-11-18
24.8799991607666,24.8799991607666,25.5,24.719999313354492,25.350000381469727,62000200,2025-11-19
24.399999618530273,24.399999618530273,25.0,24.280000686645508,24.889999389648438,51983200,2025-11-20
25.040000915527344,25.040000915527344,25.520000457763672,24.59000015258789,24.59000015258789,73079400,2025-11-21
25.219999313354492,25.219999313354492,25.469999313354492,25.049999237060547,25.110000610351562,63074900,2025-11-24
25.719999313354492,25.719999313354492,25.969999313354492,25.360000610351562,25.3700008392334,39130300,2025-11-25
25.709999084472656,25.709999084472656,25.809999465942383,25.579999923706055,25.700000762939453,33461000,2025-11-26
25.739999771118164,25.739999771118164,25.860000610351562,25.65999984741211,25.850000381469727,22627600,2025-11-28
25.270000457763672,25.270000457763672,25.940000534057617,25.229999542236328,25.760000228881836,53198600,2025-12-01
25.149999618530273,25.149999618530273,25.31999969482422,25.040000915527344,25.31999969482422,43827000,2025-12-02
25.56999969482422,25.56999969482422,25.889999389648438,25.299999237060547,25.31999969482422,56121200,2025-12-03
25.700000762939453,25.700000762939453,25.739999771118164,25.350000381469727,25.6299991607666,35454000,2025-12-04
26.030000686645508,26.030000686645508,26.1200008392334,25.639999389648438,25.770000457763672,47443700,2025-12-05
25.770000457763672,25.770000457763672,26.190000534057617,25.760000228881836,26.040000915527344,45209300,2025-12-08
25.329999923706055,25.329999923706055,26.1299991607666,25.1299991607666,26.0,43483800,2025-12-09
25.780000686645508,25.780000686645508,25.790000915527344,25.219999313354492,25.489999771118164,43635400,2025-12-10
25.799999237060547,25.799999237060547,26.040000915527344,25.610000610351562,25.799999237060547,35570200,2025-12-11
25.850000381469727,25.850000381469727,26.040000915527344,25.719999313354492,25.834999084472656,51039612,2025-12-12
