Price,Close,High,Low,Open,Volume,Date
10.301047325134277,10.301047325134277,10.630819793554817,10.275012896148848,10.387829858578474,9494500,2020-12-14
10.561392784118652,10.561392784118652,10.57007120190748,10.25331557357101,10.413862992186452,10241400,2020-12-15
10.552716255187988,10.552716255187988,10.648177212712966,10.405186436849043,10.587429104937174,13599800,2020-12-16
10.57007122039795,10.57007122039795,10.635157698689078,10.46593268960825,10.55271438478993,7487100,2020-12-17
10.518003463745117,10.518003463745117,10.700246132843507,10.439899344471575,10.552716313686734,24725600,2020-12-18
10.127481460571289,10.127481460571289,10.301045671985905,10.032021351198111,10.283689664654165,12089600,2020-12-21
10.075413703918457,10.075413703918457,10.23509297438195,10.049379274148427,10.19690908887793,6655600,2020-12-22
10.196907997131348,10.196907997131348,10.30538574178168,10.118803888563985,10.118803888563985,6112800,2020-12-23
10.205586433410645,10.205586433410645,10.27067291479224,10.118803906488843,10.266333705684199,2539900,2020-12-24
10.231622695922852,10.231622695922852,10.461595854187586,10.19257063456432,10.21426668399665,6552900,2020-12-28
10.127481460571289,10.127481460571289,10.283689664654165,10.04069894105426,10.275011247178574,5716800,2020-12-29
10.136160850524902,10.136160850524902,10.257655396361775,10.092769586603366,10.118804013908479,4647500,2020-12-30
10.283692359924316,10.283692359924316,10.309726791555056,10.10144968326982,10.12748411490056,5700700,2020-12-31
10.040700912475586,10.040700912475586,10.413864660999682,10.005988063377037,10.327082124443509,8007200,2021-01-04
10.222943305969238,10.222943305969238,10.301047421274047,10.040700646131215,10.040700646131215,10969100,2021-01-05
10.448575019836426,10.448575019836426,10.630817641073898,10.344436497360643,10.379149338185904,9752200,2021-01-06
10.38782787322998,10.38782787322998,10.622139344555777,10.366131830205747,10.552713662117064,10019700,2021-01-07
10.309724807739258,10.309724807739258,10.4398977684645,10.209925482675272,10.39650650568292,10151100,2021-01-08
10.38782787322998,10.38782787322998,10.483287979678353,10.127481150275106,10.153515574284768,7677800,2021-01-11
10.535359382629395,10.535359382629395,10.613462667463713,10.3704727390891,10.44857685154297,7112400,2021-01-12
10.561392784118652,10.561392784118652,10.626479262295922,10.43121982776411,10.552714366329823,9528500,2021-01-13
10.830418586730957,10.830418586730957,10.899845110858848,10.552715800697728,10.622141497206034,9784700,2021-01-14
10.882487297058105,10.882487297058105,11.177546894569364,10.726279080112262,10.97794741429195,12836900,2021-01-15
10.68288803100586,10.68288803100586,10.982285992801762,10.648175187857662,10.92587793304324,9202800,2021-01-19
10.708924293518066,10.708924293518066,10.778349991724049,10.639498595312082,10.674211444415075,4825400,2021-01-20
10.639498710632324,10.639498710632324,10.717602828865518,10.54837696348706,10.708924409590805,7016600,2021-01-21
10.535359382629395,10.535359382629395,10.552715392274948,10.240299770079018,10.491968117086182,10126800,2021-01-22
10.674209594726562,10.674209594726562,10.674209594726562,10.279350694246101,10.483288543934203,9483500,2021-01-25
10.604785919189453,10.604785919189453,10.752315737188509,10.42688246118229,10.717602887519297,5967600,2021-01-26
11.342432022094727,11.342432022094727,11.411857708215287,10.465932527917783,10.491966953308127,20717800,2021-01-27
10.8998441696167,10.8998441696167,11.37714558498966,10.8998441696167,11.368467994390153,10760900,2021-01-28
10.708924293518066,10.708924293518066,11.030018354625643,10.5700728971061,10.856454109110683,11396500,2021-01-29
10.743636131286621,10.743636131286621,10.873809096264322,10.570071902109843,10.787027395485698,7227000,2021-02-01
10.717599868774414,10.717599868774414,10.891164068233964,10.630817355234946,10.84777281146423,6689400,2021-02-02
11.0386962890625,11.0386962890625,11.142834831798424,10.648176546897886,10.674210975676976,7341800,2021-02-03
11.24697208404541,11.24697208404541,11.268667300935391,10.98662534326826,11.05605103045957,6223600,2021-02-04
11.403181076049805,11.403181076049805,11.45524993120436,11.216599218570334,11.273007282924356,7572100,2021-02-05
11.715599060058594,11.715599060058594,11.741633492902986,11.351113689758305,11.359792109913002,9014800,2021-02-08
11.80237865447998,11.80237865447998,11.876143552106212,11.638360196105443,11.776343400527553,5811000,2021-02-09
12.114792823791504,12.114792823791504,12.271001018595584,11.87614215072473,12.045367143349555,17178600,2021-02-10
12.314395904541016,12.314395904541016,12.383822437726714,12.01933706969534,12.071405935059996,12300800,2021-02-11
12.479280471801758,12.479280471801758,12.496636481456958,12.256250244062409,12.340429084081945,7384300,2021-02-12
12.4098539352417,12.4098539352417,12.652843847250965,12.314392991952007,12.522670887008019,14379400,2021-02-16
12.149507522583008,12.149507522583008,12.401175859588875,12.010656140458325,12.38381985063305,12412200,2021-02-17
12.09743881225586,12.09743881225586,12.158186917529903,12.010657105266574,12.071404382921033,7934500,2021-02-18
12.262324333190918,12.262324333190918,12.35344524128083,12.162525006915438,12.218933069882597,8411700,2021-02-19
12.55738353729248,12.55738353729248,12.748303765678946,12.177276943339443,12.192898261108162,13819400,2021-02-22
12.55738353729248,12.55738353729248,12.61813080745004,12.301376002172079,12.583417963414366,13425200,2021-02-23
12.878479957580566,12.878479957580566,12.908853598333975,12.583420314342362,12.600777153412675,8254700,2021-02-24
12.574739456176758,12.574739456176758,12.921868721687174,12.5009745596725,12.817730190319892,14550100,2021-02-25
12.635489463806152,12.635489463806152,12.813392918573848,12.418533950419244,12.58341977644067,16808800,2021-02-26
12.67020320892334,12.67020320892334,12.995636502019456,12.62681193765326,12.869801898098187,14610700,2021-03-01
12.583419799804688,12.583419799804688,12.713592777030687,12.461924414139377,12.678879927929113,13984100,2021-03-02
12.635489463806152,12.635489463806152,13.069400490579968,12.34042983318082,12.991296373341545,24620000,2021-03-03
12.184222221374512,12.184222221374512,12.730950242364223,11.702580692203176,12.600777258727472,20112900,2021-03-04
12.496635437011719,12.496635437011719,12.600774796717362,12.140828578812476,12.253645528810685,14684100,2021-03-05
12.852444648742676,12.852444648742676,12.982617622400346,12.492298538828898,12.540028187772933,11783800,2021-03-08
13.001178741455078,13.001178741455078,13.289899339832825,12.703709666141833,12.808698898790082,14777900,2021-03-09
13.254901885986328,13.254901885986328,13.359891944753672,12.926810246883893,13.16741128285379,10269100,2021-03-10
13.56112289428711,13.56112289428711,13.604868618886677,13.152539378474513,13.211158766251174,11714400,2021-03-11
13.832345962524414,13.832345962524414,13.96358230425044,13.657363061049297,13.692359474468258,14179700,2021-03-12
14.04232406616211,14.04232406616211,14.121066207515298,13.701109232805408,13.701109232805408,11627300,2021-03-15
13.771101951599121,13.771101951599121,14.020451507633043,13.626741638401569,13.998579061601424,10772400,2021-03-16
14.024828910827637,14.024828910827637,14.024828910827637,13.718609618340224,13.806100248779167,10421400,2021-03-17
13.631113052368164,13.631113052368164,14.086067164163417,13.591741991371261,13.928582920175808,13271100,2021-03-18
13.36864185333252,13.36864185333252,13.609242915080692,13.359893376148074,13.578621158984445,20384800,2021-03-19
13.421134948730469,13.421134948730469,13.499877072672666,13.219904983724833,13.34239282478827,8064600,2021-03-22
12.913687705993652,12.913687705993652,13.412386753238131,12.8086984768043,13.368641032480845,9228200,2021-03-23
12.913687705993652,12.913687705993652,13.281150425346496,12.887439772911147,13.044924033885287,7796500,2021-03-24
13.421134948730469,13.421134948730469,13.499877072672666,12.817445888093719,12.843693818994554,12559000,2021-03-25
14.007328987121582,14.007328987121582,14.024827612217376,13.49113122812082,13.534876956479936,11838900,2021-03-26
13.7011079788208,13.7011079788208,14.060695834331499,13.683610190332864,13.937334381259907,9186400,2021-03-29
13.806097030639648,13.806097030639648,13.867341375489616,13.69235848663857,13.727354897532729,8423500,2021-03-30
13.771101951599121,13.771101951599121,13.928586233043843,13.73610553732033,13.806098365877912,11860200,2021-03-31
13.736105918884277,13.736105918884277,13.841095164637057,13.59612025788057,13.80609874938613,12195000,2021-04-01
13.919835090637207,13.919835090637207,14.016075843034967,13.631114502204372,13.762350829899216,12192800,2021-04-05
13.928585052490234,13.928585052490234,13.972330775226023,13.81484650712929,13.876090018331237,9396400,2021-04-06
13.911086082458496,13.911086082458496,14.016076148156207,13.806096851141026,13.911086082458496,7076700,2021-04-07
13.771101951599121,13.771101951599121,13.954833335157852,13.683611333092312,13.911087608714283,7950300,2021-04-08
13.81484603881836,13.81484603881836,13.876089547944204,13.709856808439666,13.779849628692128,10800600,2021-04-09
13.841094970703125,13.841094970703125,13.911087800224276,13.753604350991857,13.823597180513008,8039300,2021-04-12
13.709856033325195,13.709856033325195,13.841092355283791,13.60486680888228,13.823594568400065,8504500,2021-04-13
13.806097030639648,13.806097030639648,13.96358129685349,13.666111387063014,13.666111387063014,7802200,2021-04-14
13.85859203338623,13.85859203338623,14.00382759718351,13.819220966920227,13.919835543719902,10702500,2021-04-15
13.954832077026367,13.954832077026367,14.068570621773148,13.911086354526798,13.937334288654695,9283800,2021-04-16
13.963580131530762,13.963580131530762,14.02919829218365,13.880463349701003,13.954830820942327,9789700,2021-04-19
13.779850006103516,13.779850006103516,14.033575029443165,13.701107872567796,14.007327095344422,6549300,2021-04-20
13.989829063415527,13.989829063415527,14.086069823748078,13.709857762914195,13.779850588039528,33335900,2021-04-21
13.998579978942871,13.998579978942871,14.383541395616817,13.911088520322323,13.998579978942871,29016000,2021-04-22
14.36604118347168,14.36604118347168,14.418535385341935,13.954832708379971,14.033575679945944,19607700,2021-04-23
14.199808120727539,14.199808120727539,14.523525993174161,14.160437050683498,14.33979377671509,15533900,2021-04-26
14.17355728149414,14.17355728149414,14.287294964512451,14.077316548260107,14.243550086911588,9498600,2021-04-27
14.129815101623535,14.129815101623535,14.247928310158136,14.0685715865524,14.182309304718704,8810300,2021-04-28
14.322296142578125,14.322296142578125,14.39666278871462,14.173561181544562,14.296048207539059,9696400,2021-04-29
14.016077041625977,14.016077041625977,14.296048342986298,13.906713147734564,14.296048342986298,12526000,2021-04-30
14.016077041625977,14.016077041625977,14.164812004068722,13.876090556565522,14.033575665151144,8367300,2021-05-03
13.884839057922363,13.884839057922363,14.051071799807604,13.784224481666028,13.998577601056578,8524800,2021-05-04
13.963580131530762,13.963580131530762,14.051070734274553,13.75360168368944,13.919834412968774,7480600,2021-05-05
14.322296142578125,14.322296142578125,14.331043785497242,13.915461493275465,14.01607690883131,8715700,2021-05-06
14.418533325195312,14.418533325195312,14.48852614060848,14.165684425531776,14.296046315412356,8737600,2021-05-07
14.357292175292969,14.357292175292969,14.646012794825417,14.33104423942252,14.436034314143694,8074300,2021-05-10
14.147314071655273,14.147314071655273,14.234805524794574,13.928586273187358,14.016077726326658,6875200,2021-05-11
13.718607902526855,13.718607902526855,14.243554957026127,13.679236831720393,14.243554957026127,9243100,2021-05-12
14.059821128845215,14.059821128845215,14.121064638925633,13.666111300193505,13.727354810273923,7398100,2021-05-13
14.226056098937988,14.226056098937988,14.29604892713805,14.007328302217713,14.164812582858017,7242500,2021-05-14
14.471029281616211,14.471029281616211,14.532272786902508,14.226053591710658,14.29604640757505,10354200,2021-05-17
14.287299156188965,14.287299156188965,14.532274881402245,14.269800532510743,14.436034119932634,7610800,2021-05-18
14.103567123413086,14.103567123413086,14.12106407648166,13.832344325725051,14.103567123413086,7144700,2021-05-19
14.094818115234375,14.094818115234375,14.199806510942526,13.902337442882223,14.094818115234375,7911700,2021-05-20
14.199808120727539,14.199808120727539,14.313547509192832,14.129815292733761,14.173561853205278,6660900,2021-05-21
14.313545227050781,14.313545227050781,14.392287354584269,14.208555167419336,14.304795916351463,5594500,2021-05-24
14.04232406616211,14.04232406616211,14.331044694870242,14.016077798218165,14.269801177986801,8726200,2021-05-25
14.20855712890625,14.20855712890625,14.261051331588588,14.033575897044916,14.077320787820096,9778900,2021-05-26
14.296048164367676,14.296048164367676,14.471031059911889,14.173561138743068,14.304797476020944,15351900,2021-05-27
13.963580131530762,13.963580131530762,14.370413061330753,13.928583723557209,14.339791308651415,11684900,2021-05-28
14.077320098876953,14.077320098876953,14.199807122061442,13.902338041198922,14.12106498751126,11694200,2021-06-01
14.059821128845215,14.059821128845215,14.164811195240569,13.80172228724882,13.884839075486704,18204000,2021-06-02
13.911086082458496,13.911086082458496,14.016076148156207,13.849842572785033,13.989828214541658,9960800,2021-06-03
14.191056251525879,14.191056251525879,14.19980556204363,13.876088582308373,13.928583611034712,10221300,2021-06-04
13.911086082458496,13.911086082458496,14.274174988037577,13.849842572785033,14.1998066771766,8055800,2021-06-07
13.998579978942871,13.998579978942871,14.068572812087154,13.779852166771889,13.911088520322323,7095000,2021-06-08
13.692358016967773,13.692358016967773,13.989827916554535,13.652986951764806,13.98107860553605,9019400,2021-06-09
13.674859046936035,13.674859046936035,13.832343294131277,13.616239669436874,13.77109895667749,6340500,2021-06-10
13.902337074279785,13.902337074279785,13.902337074279785,13.692357785290115,13.70110709616056,7602300,2021-06-11
13.753600120544434,13.753600120544434,14.042319827727104,13.692355787766212,13.954829234926924,8249000,2021-06-14
13.780051231384277,13.780051231384277,13.885848068150555,13.70070339360994,13.788867844647763,7527200,2021-06-15
13.71833610534668,13.71833610534668,13.850581936142278,13.656620655616711,13.771234101345524,7864900,2021-06-16
13.004204750061035,13.004204750061035,13.788865542752134,12.889591319164692,13.727150101008949,15591100,2021-06-17
12.739715576171875,12.739715576171875,12.849920729669552,12.616286342365576,12.810246807146502,23705400,2021-06-18
12.98657512664795,12.98657512664795,13.127638432025163,12.783798044015859,12.81906366016051,7972900,2021-06-21
12.880776405334473,12.880776405334473,13.01743138372399,12.779387878760433,12.942491855213072,9002400,2021-06-22
12.74853229522705,12.74853229522705,12.907227986626111,12.708858372377286,12.907227986626111,9421700,2021-06-23
12.889593124389648,12.889593124389648,12.889593124389648,12.770571370928137,12.889593124389648,6649600,2021-06-24
12.995390892028809,12.995390892028809,13.043881426359796,12.85432843666436,12.863145050324277,7595700,2021-06-25
12.810245513916016,12.810245513916016,12.99539018673318,12.757347516424545,12.97775780116886,6312800,2021-06-28
12.810245513916016,12.810245513916016,12.964532881396737,12.74853090324313,12.88959335095173,5964100,2021-06-29
12.854327201843262,12.854327201843262,12.898409425109634,12.739713757670083,12.783795980936455,7333900,2021-06-30
12.960125923156738,12.960125923156738,13.05710699664504,12.867553997516376,12.977759151354102,8281900,2021-07-01
12.968941688537598,12.968941688537598,13.004207301825861,12.854328235151103,12.995390688304159,4434500,2021-07-02
12.651551246643066,12.651551246643066,12.986574154539854,12.607469019562368,12.968941768186705,7866600,2021-07-06
12.730897903442383,12.730897903442383,12.845511354444936,12.607468679900038,12.6515509057931,7674400,2021-07-07
12.607468605041504,12.607468605041504,12.704448828791588,12.3703070887595,12.475221928147548,7951200,2021-07-08
12.854327201843262,12.854327201843262,12.889592812296664,12.713264760029649,12.774979368123486,5304600,2021-07-09
12.757349014282227,12.757349014282227,12.83669686063428,12.695633555564735,12.783798016133375,5872300,2021-07-12
12.13138198852539,12.13138198852539,12.704448379050248,12.065259072818444,12.686815993901025,15287300,2021-07-13
12.35179328918457,12.35179328918457,12.53693797294874,12.175465219123113,12.245996447147695,10422500,2021-07-14
12.404692649841309,12.404692649841309,12.466408111728157,12.228364560447423,12.245997789786138,12683100,2021-07-15
12.219547271728516,12.219547271728516,12.554571043495782,12.184281655795045,12.528122041745332,9645700,2021-07-16
12.05203628540039,12.05203628540039,12.118159212804688,11.88452397245762,11.955056047927329,13289600,2021-07-19
12.3165283203125,12.3165283203125,12.351793936172006,12.052035780966904,12.069668168497355,9144700,2021-07-20
12.545754432678223,12.545754432678223,12.567795968141683,12.307711735263096,12.404691968906501,12163400,2021-07-21
12.360610008239746,12.360610008239746,12.52812146602623,12.27685385894722,12.50167246549122,9795400,2021-07-22
12.43113899230957,12.43113899230957,12.481391832012909,12.325341327675133,12.395873384364231,6787300,2021-07-23
12.722084045410156,12.722084045410156,12.933677752580717,12.642736195021532,12.642736195021532,11046900,2021-07-26
12.64273452758789,12.64273452758789,12.695632527004557,12.404691007817267,12.554570074162058,6485200,2021-07-27
12.74853229522705,12.74853229522705,12.827880140926581,12.523713679344583,12.783797911004775,6465900,2021-07-28
12.827878952026367,12.827878952026367,12.942492402881136,12.75734772700782,12.898410177044914,6440900,2021-07-29
12.783797264099121,12.783797264099121,12.845511878387509,12.69122534266654,12.730898422710103,8153700,2021-07-30
12.774978637695312,12.774978637695312,13.110002338246407,12.766162025386446,12.863143079187127,7937000,2021-08-02
13.092371940612793,13.092371940612793,13.118820940753427,12.63391812058285,12.854328416951425,5425500,2021-08-03
12.924860000610352,12.924860000610352,13.057106686554077,12.823471463279166,12.960125615368963,10097200,2021-08-04
12.95130729675293,12.95130729675293,13.083553965289576,12.902817608341447,13.030655129715225,4851100,2021-08-05
13.110005378723145,13.110005378723145,13.206985614217086,13.021841757582823,13.039474145491438,3664000,2021-08-06
12.97775936126709,12.97775936126709,13.101188597450687,12.91604390237668,13.101188597450687,4391000,2021-08-09
13.06592082977295,13.06592082977295,13.074737442562443,12.89840939076494,12.960123998694447,6880000,2021-08-10
13.392127990722656,13.392127990722656,13.47147582455658,12.995389662351522,13.127636332340886,6561100,2021-08-11
13.409762382507324,13.409762382507324,13.445027996078212,13.255475007835242,13.409762382507324,3993000,2021-08-12
13.206982612609863,13.206982612609863,13.400943880313964,13.189350228708635,13.400943880313964,5144900,2021-08-13
13.224617958068848,13.224617958068848,13.251066958561388,12.924859816491518,13.136453502028964,6356800,2021-08-16
13.15408706665039,13.15408706665039,13.189352681810368,12.916043533721602,13.15408706665039,7973000,2021-08-17
12.968941688537598,12.968941688537598,13.189351981788883,12.960125075015895,13.092371755445793,6290200,2021-08-18
12.677999496459961,12.677999496459961,12.89840977802401,12.581019275259239,12.854327553551501,7395200,2021-08-19
12.854327201843262,12.854327201843262,12.863143814656231,12.651550151935814,12.69563153440371,3944800,2021-08-20
12.960125923156738,12.960125923156738,13.048290382546359,12.827880074870908,12.898411306063164,5114400,2021-08-23
13.083553314208984,13.083553314208984,13.136451306352491,12.902816966254889,13.021838709775418,4760200,2021-08-24
13.321599006652832,13.321599006652832,13.426514698979007,13.0571073038581,13.083556305977849,5934300,2021-08-25
13.330412864685059,13.330412864685059,13.702465335329789,13.317187945960336,13.427393079604359,11897500,2021-08-26
13.594907760620117,13.594907760620117,13.656622377332072,13.215801764707033,13.312782837595641,9472400,2021-08-27
13.497926712036133,13.497926712036133,13.700703777994276,13.427394644747928,13.638989165015456,6611800,2021-08-30
13.630171775817871,13.630171775817871,13.69188638528454,13.511150022590586,13.533191555113321,10701500,2021-08-31
13.524374961853027,13.524374961853027,13.691886405277948,13.409761514962927,13.665437407010538,8202900,2021-09-01
13.568458557128906,13.568458557128906,13.652213866904802,13.436211870832592,13.586090944155934,11008100,2021-09-02
13.647804260253906,13.647804260253906,14.009277829068138,13.568457264990709,13.731560402852198,14355200,2021-09-03
13.242249488830566,13.242249488830566,13.647803580413298,13.206983038294545,13.577272360938174,12803000,2021-09-07
12.819063186645508,12.819063186645508,13.251067178659623,12.792614185713655,13.189352562885771,11716200,2021-09-08
12.924860000610352,12.924860000610352,12.999799537072223,12.748531926817295,12.77498092768661,8603500,2021-09-09
12.72040843963623,12.72040843963623,13.01908423335422,12.698184995866722,12.933748413397323,7289700,2021-09-10
12.711519241333008,12.711519241333008,12.782632566922581,12.560403212520736,12.755965281760918,15522900,2021-09-13
12.222616195678711,12.222616195678711,12.809301637433236,12.187059527928067,12.800412258561119,12737500,2021-09-14
12.213726043701172,12.213726043701172,12.329285418510532,12.128390216048787,12.222615422010609,16081300,2021-09-15
12.142613410949707,12.142613410949707,12.311508217590038,12.120390811636002,12.222616124859567,8015300,2021-09-16
12.044831275939941,12.044831275939941,12.093721157843724,11.867047960522283,12.00927461285641,26241800,2021-09-17
11.804823875427246,11.804823875427246,11.911493871103477,11.627040549300194,11.795935344924219,10765500,2021-09-20
11.564815521240234,11.564815521240234,11.92038214041674,11.547036766412564,11.86704757140911,9342300,2021-09-21
11.698155403137207,11.698155403137207,11.813714792102894,11.627042063425689,11.627042063425689,7783300,2021-09-22
11.947050094604492,11.947050094604492,12.089277597985252,11.751488866964205,11.778156152962836,6825700,2021-09-23
11.920384407043457,11.920384407043457,12.071500460862177,11.86704982789441,11.875938359260683,5792300,2021-09-24
12.444845199584961,12.444845199584961,12.609295312726967,11.920383730535832,11.920383730535832,12385400,2021-09-27
12.604848861694336,12.604848861694336,12.747075508458769,12.435954082858308,12.444843460215505,10810800,2021-09-28
12.524847984313965,12.524847984313965,12.66262996245801,12.444845271927809,12.595961318048813,9832400,2021-09-29
12.66707706451416,12.66707706451416,13.084868615587574,12.640409771218657,12.649298303825178,19163700,2021-09-30
12.995972633361816,12.995972633361816,13.067085959442062,12.729297236692037,12.747075992080957,9176400,2021-10-01
13.200425148010254,13.200425148010254,13.373763788366382,12.969306395710227,13.022640970710059,13567100,2021-10-04
13.360427856445312,13.360427856445312,13.467097839298125,13.138198513567536,13.289314534543438,13139800,2021-10-05
13.075977325439453,13.075977325439453,13.259983063458135,12.84485855666641,13.155980041379188,14791800,2021-10-06
13.129312515258789,13.129312515258789,13.28931709651555,13.11153375748702,13.209314382018254,10950800,2021-10-07
13.182645797729492,13.182645797729492,13.387097253325619,13.129311225130673,13.22709184005367,7742500,2021-10-08
13.20931339263916,13.20931339263916,13.404875474791835,13.155978818794283,13.20042486215686,7033700,2021-10-11
13.067086219787598,13.067086219787598,13.23598100839649,13.013751648033647,13.23598100839649,8642400,2021-10-12
13.084866523742676,13.084866523742676,13.17820245922454,12.907083183964481,13.049309855787037,8427700,2021-10-13
13.37820816040039,13.37820816040039,13.387097538602207,13.10264337030844,13.120422126712072,6386100,2021-10-14
13.467100143432617,13.467100143432617,13.591548901922115,13.440432855091228,13.440432855091228,7634300,2021-10-15
13.431543350219727,13.431543350219727,13.635994819550547,13.333762728727997,13.360430016818867,7891600,2021-10-18
13.662660598754883,13.662660598754883,13.729329235488164,13.418208648153614,13.520433947660493,9861900,2021-10-19
13.769330024719238,13.769330024719238,13.92044604726969,13.608436195820142,13.671549418019755,8391300,2021-10-20
13.769330024719238,13.769330024719238,13.911556670004916,13.591546718112141,13.6982167020764,9633200,2021-10-21
13.653772354125977,13.653772354125977,13.94711505828435,13.653772354125977,13.742664442305148,11745200,2021-10-22
13.698217391967773,13.698217391967773,13.77822009590461,13.64488282116836,13.698217391967773,9772600,2021-10-25
13.227091789245605,13.227091789245605,13.742663843655073,13.111532418741724,13.733774465676834,18426700,2021-10-26
12.960416793823242,12.960416793823242,13.209313450918932,12.867080865314023,13.209313450918932,11529700,2021-10-27
13.12042236328125,13.12042236328125,13.254648924692908,12.87152485556921,12.987084231063132,11965200,2021-10-28
13.0226411819458,13.0226411819458,13.418210050343559,13.013752651126842,13.138200559970263,16770800,2021-10-29
13.29820442199707,13.29820442199707,13.351539839338907,13.05819631556535,13.093752977880676,9549000,2021-11-01
13.547102928161621,13.547102928161621,13.560436996272056,13.289316878857917,13.333762924821551,12287200,2021-11-02
13.582659721374512,13.582659721374512,13.729331080998524,13.431543672339124,13.493768476360524,8439900,2021-11-03
13.573769569396973,13.573769569396973,13.653771426034906,13.458210201714106,13.53821205835204,8520300,2021-11-04
13.742664337158203,13.742664337158203,13.795999759205186,13.627104962504552,13.635994340802013,8812400,2021-11-05
13.724884986877441,13.724884986877441,13.911557684360476,13.698217700876361,13.778220406617338,6074500,2021-11-08
13.804885864257812,13.804885864257812,13.86711065366941,13.66265922743866,13.689326509907845,4894200,2021-11-09
13.973782539367676,13.973782539367676,14.142676481718045,13.769331085219607,13.804887749279565,9485700,2021-11-10
14.169344902038574,14.169344902038574,14.178234280699565,13.982672188846811,14.027118234413956,4824700,2021-11-11
13.013751983642578,13.013751983642578,13.644883417258677,12.951527184674623,13.58265861829072,19128800,2021-11-12
13.067086219787598,13.067086219787598,13.124866328215068,12.813744884611996,12.995972892290508,10511500,2021-11-15
12.960416793823242,12.960416793823242,13.169312096489904,12.924860128523857,13.09375407676149,7700000,2021-11-16
12.933749198913574,12.933749198913574,13.071531167701762,12.835967735864488,12.951527107271202,7534000,2021-11-17
12.987082481384277,12.987082481384277,13.018195301459956,12.72040794835121,12.93374791387273,6270200,2021-11-18
12.791523933410645,12.791523933410645,12.96930727502673,12.74263319656453,12.933750606703514,7238700,2021-11-19
13.129312515258789,13.129312515258789,13.315984385435371,12.835968946189428,12.880414992881018,10326200,2021-11-22
13.164867401123047,13.164867401123047,13.187089997591968,13.008417405764094,13.084864697454583,9195800,2021-11-23
13.20931339263916,13.20931339263916,13.369318809649329,13.155978818794283,13.218202770859229,10158300,2021-11-24
12.827078819274902,12.827078819274902,12.921304019624726,12.649294654625972,12.835967349317169,6651800,2021-11-26
12.987082481384277,12.987082481384277,13.075974557553744,12.738185854942504,12.93374791387273,12343500,2021-11-29
12.755966186523438,12.755966186523438,13.013752222004465,12.542625346885046,12.960416800160424,24941000,2021-11-30
12.63151741027832,12.63151741027832,12.94263886701798,12.320395953538661,12.471511992785036,22221700,2021-12-01
13.324874877929688,13.324874877929688,13.435989580076008,12.64040875353206,12.702632715457872,14524900,2021-12-02
13.484880447387695,13.484880447387695,13.902671968762041,13.244872281575441,13.440434396562695,19438800,2021-12-03
13.44043254852295,13.44043254852295,13.813777967737847,13.42709848078749,13.653772545863522,12473700,2021-12-06
13.751553535461426,13.751553535461426,13.876001439045863,13.413764794219253,13.60043749733367,14903100,2021-12-07
13.849332809448242,13.849332809448242,14.044894871782622,13.751552202149892,13.82266552522827,11366600,2021-12-08
13.777667999267578,13.777667999267578,13.898603520692745,13.706002694938103,13.813500651432314,8569000,2021-12-09
13.62537956237793,13.62537956237793,13.983706098447113,13.5447558781829,13.929957545195661,9774300,2021-12-10
13.24913501739502,13.24913501739502,13.643294169736567,13.08788766427823,13.58954562157615,10867600,2021-12-13
13.052056312561035,13.052056312561035,13.383508573584335,13.034140412831107,13.096847343362638,13978400,2021-12-14
13.24913501739502,13.24913501739502,13.276009291475228,12.989348089772285,13.114762792676208,10934700,2021-12-15
13.39246654510498,13.39246654510498,13.602984127203014,13.249135934333962,13.383508168352334,11932500,2021-12-16
13.508923530578613,13.508923530578613,13.576109650823746,13.258094949648443,13.401425567322827,17967500,2021-12-17
13.302886009216309,13.302886009216309,13.401425595495128,13.07445251644835,13.347676186595308,11378300,2021-12-20
13.81350040435791,13.81350040435791,13.817979592588111,13.423819571508309,13.423819571508309,9422200,2021-12-21
13.929957389831543,13.929957389831543,13.93891576671282,13.6880863399441,13.81350105332846,6693800,2021-12-22
14.118081092834473,14.118081092834473,14.221099879047957,13.947875324525445,14.001624739338286,6735600,2021-12-23
14.261409759521484,14.261409759521484,14.306200789967894,14.064329738147995,14.109120768594403,4456300,2021-12-27
14.30620002746582,14.30620002746582,14.373386142395576,14.198702072714651,14.243492246455954,6010800,2021-12-28
14.395782470703125,14.395782470703125,14.5256763778443,14.279326129433828,14.30620126117758,5867300,2021-12-29
14.234536170959473,14.234536170959473,14.494323134923162,14.207661038802,14.350992514021526,6608100,2021-12-30
14.12703800201416,14.12703800201416,14.337553887326772,14.109121247500308,14.243493489082685,4315900,2021-12-31
14.458488464355469,14.458488464355469,14.543592188369038,14.234535027918659,14.234535027918659,8569100,2022-01-03
15.076604843139648,15.076604843139648,15.19754038169054,14.628696200493033,14.628696200493033,16823500,2022-01-04
15.130351066589355,15.130351066589355,15.539740158898574,15.085560892692051,15.094519269198635,10922700,2022-01-05
15.202016830444336,15.202016830444336,15.363264195175457,15.02285442079305,15.318474019921553,8571700,2022-01-06
15.34534740447998,15.34534740447998,15.443887840162875,15.210975170407815,15.210975170407815,10482700,2022-01-07
15.22889232635498,15.22889232635498,15.528990266758603,14.995979650445031,15.40805644894285,15250000,2022-01-10
15.264724731445312,15.264724731445312,15.336390033575476,15.0407704487091,15.336390033575476,16455800,2022-01-11
15.363262176513672,15.363262176513672,15.502114435373294,15.193056457368883,15.354303800912847,7975700,2022-01-12
15.66784381866455,15.66784381866455,15.761904221770255,15.291600497605888,15.452847879293293,9726800,2022-01-13
15.730550765991211,15.730550765991211,15.766384276898167,15.381182577827596,15.560346715090695,8547000,2022-01-14
15.515554428100586,15.515554428100586,15.766383872101796,15.403577272345084,15.685760183266972,10282200,2022-01-18
14.995975494384766,14.995975494384766,15.56929779395539,14.973580412426893,15.49763250650906,11762000,2022-01-19
14.933274269104004,14.933274269104004,15.255769039759091,14.789943639620827,15.090041611152515,18906200,2022-01-20
14.458488464355469,14.458488464355469,14.951188929197038,14.431615042991723,14.942230552530575,10121400,2022-01-21
14.422657012939453,14.422657012939453,14.449530434949036,13.840375330392972,14.194223528361738,11759700,2022-01-24
14.234536170959473,14.234536170959473,14.324117381864053,13.79558507655085,14.261410448799058,11657100,2022-01-25
14.18974494934082,14.18974494934082,14.467447810059266,13.992664921067231,14.39578250056303,10817100,2022-01-26
14.162869453430176,14.162869453430176,14.619735548585107,13.992663717280974,14.342032711757385,12857800,2022-01-27
14.449532508850098,14.449532508850098,14.458490887017625,14.041936554043213,14.082248401479118,11142100,2022-01-28
14.62869644165039,14.62869644165039,14.682445001235997,14.227370332230333,14.413700494672064,16818400,2022-01-31
15.058686256408691,15.058686256408691,15.10347814040873,14.592862623257945,14.655569552222333,10422500,2022-02-01
15.255767822265625,15.255767822265625,15.300557999666161,14.960148208969144,14.991501674876668,8890000,2022-02-02
15.094518661499023,15.094518661499023,15.363263111334515,15.076601909207179,15.19305738183308,7035100,2022-02-03
15.085561752319336,15.085561752319336,15.237850744337972,14.89743925223245,15.05868662126815,6702500,2022-02-04
15.166187286376953,15.166187286376953,15.27368440641972,15.040773410115088,15.228894224507886,6955400,2022-02-07
15.318474769592285,15.318474769592285,15.363264947038177,15.15722739696988,15.318474769592285,6457600,2022-02-08
15.497637748718262,15.497637748718262,15.515554503799146,15.318475323816825,15.399099013045005,8012200,2022-02-09
15.54242992401123,15.54242992401123,15.909714866786441,15.372224164865012,15.408057675689832,9406300,2022-02-10
15.408055305480957,15.408055305480957,15.752943396618877,15.300556498178791,15.542427533131981,8804600,2022-02-11
15.112435340881348,15.112435340881348,15.497635261484355,14.978061407976345,15.47076184181178,9019400,2022-02-14
15.569297790527344,15.569297790527344,15.649921452466115,15.193054604358156,15.237846476899268,7447100,2022-02-15
15.802215576171875,15.802215576171875,15.873880887068779,15.470764154012107,15.488680908895281,8063400,2022-02-16
15.443890571594238,15.443890571594238,15.712636795905116,15.39910038852707,15.623054721134823,8985800,2022-02-17
15.524510383605957,15.524510383605957,15.685757736119278,15.37222140719177,15.443886707349298,9652000,2022-02-18
15.175143241882324,15.175143241882324,15.60513507068007,15.01389587892426,15.390139156281197,11734200,2022-02-22
14.888484001159668,14.888484001159668,15.327434264967307,14.816818686836703,15.29160075348789,7846200,2022-02-23
14.557031631469727,14.557031631469727,14.592865144861683,14.109122965886044,14.458491178277809,11558400,2022-02-24
14.350992202758789,14.350992202758789,14.47640606616864,13.849334186165775,14.350992202758789,18758600,2022-02-25
14.261409759521484,14.261409759521484,14.315158312602899,13.956831777667322,14.109120768594403,18104500,2022-02-28
13.804542541503906,13.804542541503906,14.37786498721581,13.67464949526649,14.279325405438536,14194400,2022-03-01
15.219931602478027,15.219931602478027,15.390137321827542,14.467445137458059,14.530152058103816,20561000,2022-03-02
15.004938125610352,15.004938125610352,15.246809180095747,14.861607510056574,15.237850803044171,16233100,2022-03-03
14.709318161010742,14.709318161010742,14.736193291514223,14.422656936849641,14.646611231804961,10468300,2022-03-04
14.12703800201416,14.12703800201416,14.718277231885217,14.091204492986458,14.691402100114441,9691700,2022-03-07
14.41369915008545,14.41369915008545,14.84817104684866,14.395782395682984,14.41369915008545,12353300,2022-03-08
14.66452693939209,14.66452693939209,14.850855354896684,14.601818306023905,14.727233864124726,12569700,2022-03-09
14.76379680633545,14.76379680633545,14.777332743543695,14.420871479529902,14.502090545286297,10586400,2022-03-10
14.935254096984863,14.935254096984863,15.06159579130207,14.786353660338245,14.890133169819958,11139400,2022-03-11
14.727697372436523,14.727697372436523,15.16086453721329,14.587821443682344,15.007450951198189,10739100,2022-03-14
14.917208671569824,14.917208671569824,15.034524129992704,14.623917443632733,14.727696966421158,14246300,2022-03-15
15.124768257141113,15.124768257141113,15.205987316354097,14.872086548339237,15.04354919792813,11061500,2022-03-16
15.08867073059082,15.08867073059082,15.16086526150261,14.682577139682033,14.89013620089675,10839600,2022-03-17
15.377450942993164,15.377450942993164,15.431596412157665,14.840502492829293,14.980380152862141,25124800,2022-03-18
15.38647174835205,15.38647174835205,15.643664844933507,15.20959576887975,15.449643462273936,9128400,2022-03-21
15.45866870880127,15.45866870880127,15.612082310006691,15.32781729818029,15.521840432682836,12037600,2022-03-22
15.314278602600098,15.314278602600098,15.5218393816494,15.305254071228097,15.386473132322745,7361400,2022-03-23
15.38647174835205,15.38647174835205,15.47671533270154,15.278180824135232,15.39549627891232,13534300,2022-03-24
15.828664779663086,15.828664779663086,15.855736649475189,15.440618580660043,15.476714980827236,11028500,2022-03-25
15.684271812438965,15.684271812438965,15.747443516052373,15.422567353909406,15.702320870614225,6572600,2022-03-28
15.846714973449707,15.846714973449707,15.932447166638667,15.684276840305865,15.864764037410907,6015400,2022-03-29
15.594032287597656,15.594032287597656,15.89634631144023,15.521837765392474,15.792566793348607,4783700,2022-03-30
15.079647064208984,15.079647064208984,15.485742399669375,15.061599721385681,15.386474268500503,10402900,2022-03-31
14.700626373291016,14.700626373291016,15.233059969159777,14.493065588414632,15.233059969159777,8138800,2022-04-01
14.727697372436523,14.727697372436523,14.781842837720292,14.42087020040632,14.673551907152754,10025400,2022-04-04
14.258432388305664,14.258432388305664,14.736721329265373,14.204286064505215,14.592332279966337,8198500,2022-04-05
14.050874710083008,14.050874710083008,14.208800580503775,13.960631970290251,14.16819104637767,9878100,2022-04-06
14.438919067382812,14.438919067382812,14.520138124837104,14.082457839806011,14.429894536415304,14207800,2022-04-07
14.529162406921387,14.529162406921387,14.705136454640169,14.294529769545257,14.45696788167129,8942200,2022-04-08
14.267457008361816,14.267457008361816,14.63745330403691,14.258432477567474,14.456967851909846,6340600,2022-04-11
13.906482696533203,13.906482696533203,14.303553421641952,13.825263645459751,13.978677217348144,10502100,2022-04-12
13.969654083251953,13.969654083251953,14.037337206328635,13.820752761611244,13.933556819236832,10134300,2022-04-13
13.879409790039062,13.879409790039062,14.095993349732078,13.846020061258695,14.005750630173269,7197400,2022-04-14
14.177213668823242,14.177213668823242,14.213310932003264,13.89745923370809,13.933556496888112,8378800,2022-04-18
14.538187980651855,14.538187980651855,14.587822043056851,14.2764817320631,14.35770079395248,8929400,2022-04-19
14.908185005187988,14.908185005187988,15.034525001777483,14.628429696663595,14.628429696663595,9380700,2022-04-20
14.727697372436523,14.727697372436523,15.106719071929522,14.682576438242267,14.998428141361982,9459500,2022-04-21
14.213309288024902,14.213309288024902,14.664525455898708,14.19526022820921,14.664525455898708,7175600,2022-04-22
14.06892204284668,14.06892204284668,14.105019306446364,13.738631607564912,14.059897511790096,8561800,2022-04-25
13.780142784118652,13.780142784118652,14.077945399121564,13.762093723511649,13.960629087055784,6586000,2022-04-26
13.879409790039062,13.879409790039062,13.969652509597871,13.581607180304527,13.771118010192556,10787200,2022-04-27
14.168190002441406,14.168190002441406,14.276481798589643,14.014776409408064,14.132092737058661,10054600,2022-04-28
13.906482696533203,13.906482696533203,14.380260207586147,13.888434496642756,14.123066258978026,10581000,2022-04-29
13.879409790039062,13.879409790039062,14.041847890122105,13.527460860067992,13.901970254772124,7912100,2022-05-02
13.978679656982422,13.978679656982422,14.145630053395662,13.856851059110062,13.915509655401223,7605300,2022-05-03
14.520137786865234,14.520137786865234,14.538186848380139,13.996727051705689,14.04184884486633,9560000,2022-05-04
14.393798828125,14.393798828125,14.560749226552883,14.217824758381429,14.384774296182577,16828700,2022-05-05
14.159165382385254,14.159165382385254,14.393798036219016,14.050873586914292,14.357700771062028,11665700,2022-05-06
14.294529914855957,14.294529914855957,14.429894435919277,13.951605486118691,13.96965368730137,17107000,2022-05-09
14.637453079223633,14.637453079223633,14.835989311143358,14.330626782568148,14.438918568557133,20076800,2022-05-10
14.059896469116211,14.059896469116211,14.8269643395075,14.041848268968138,14.628428113492593,8743800,2022-05-11
14.095995903015137,14.095995903015137,14.14562996717023,13.792779036646937,14.050874104749298,13933100,2022-05-12
14.393798828125,14.393798828125,14.465994223037647,14.13209342618188,14.22233702435264,7308400,2022-05-13
14.411847114562988,14.411847114562988,14.506602973593354,14.213311725673348,14.303555318975917,6482600,2022-05-16
15.115742683410645,15.115742683410645,15.160863614859842,14.61940555245665,14.66452648390585,10950300,2022-05-17
14.222334861755371,14.222334861755371,15.007450087576185,14.123066746736544,14.935255564267912,13338700,2022-05-18
13.572585105895996,13.572585105895996,13.883924567178044,13.14844157928548,13.870387769513009,21103000,2022-05-19
12.778443336486816,12.778443336486816,13.356000413507306,12.213521119295258,13.356000413507306,24256000,2022-05-20
13.0942964553833,13.0942964553833,13.148441926218677,12.778444719878882,12.81454198731138,11306900,2022-05-23
13.139418601989746,13.139418601989746,13.193564074255711,12.64308051620899,12.958931399431824,13173400,2022-05-24
13.455268859863281,13.455268859863281,13.572585191822812,12.986004392651886,12.986004392651886,10757000,2022-05-25
13.617706298828125,13.617706298828125,13.689900828579066,13.428195443075236,13.500389972826175,12225600,2022-05-26
14.249408721923828,14.249408721923828,14.420870513210492,14.028312869194883,14.086970601295757,11996300,2022-05-27
14.077947616577148,14.077947616577148,14.294531214216375,13.883924487623657,14.141117617398578,19470600,2022-05-31
14.240384101867676,14.240384101867676,14.465993079459537,14.064410046035356,14.267457695554699,12804600,2022-06-01
13.50039005279541,13.50039005279541,13.550024115028194,12.841613889132478,13.38307372609854,23221200,2022-06-02
13.608683586120605,13.608683586120605,13.6989271906828,13.315393162233663,13.346978165642394,9442500,2022-06-03
13.735021591186523,13.735021591186523,13.920020167329382,13.617705274013337,13.76209432264907,9342400,2022-06-06
13.843315124511719,13.843315124511719,13.88843692306083,13.410147063317666,13.599657928722554,9358700,2022-06-07
13.509413719177246,13.509413719177246,13.798191821400277,13.509413719177246,13.798191821400277,6808000,2022-06-08
13.247708320617676,13.247708320617676,13.581608215757354,13.220634728122054,13.455267365991004,6899000,2022-06-09
12.94744873046875,12.94744873046875,13.193114028891442,12.879208659035642,13.083929741054552,8798800,2022-06-10
12.46522045135498,12.46522045135498,12.751830024638862,12.4106287301617,12.628997350374341,12877100,2022-06-13
12.4379243850708,12.4379243850708,12.601701281381763,12.333289531414241,12.42882547578247,10104800,2022-06-14
12.801872253417969,12.801872253417969,12.974748061367103,12.469769869357476,12.519813003403765,13743300,2022-06-15
12.14676570892334,12.14676570892334,12.519812296556541,12.042129992032308,12.49251556986164,11242200,2022-06-16
12.210456848144531,12.210456848144531,12.365134835027357,11.987538777100402,12.219555757424638,18452900,2022-06-17
12.647192001342773,12.647192001342773,12.756377159310967,12.492514039894038,12.610797237926578,10029000,2022-06-21
12.492515563964844,12.492515563964844,12.615348230874785,12.39697962373692,12.428824937146228,8189600,2022-06-22
12.392431259155273,12.392431259155273,12.610799885497796,12.205907949022729,12.510714482020754,8189100,2022-06-23
12.792773246765137,12.792773246765137,12.865562781131166,12.41972579848962,12.501614241581326,12053500,2022-06-24
12.856465339660645,12.856465339660645,12.961100198788392,12.756379935414946,12.883761201233144,6200800,2022-06-27
12.51071548461914,12.51071548461914,12.99749591191278,12.500707203785318,12.920156908753615,9494300,2022-06-28
12.155863761901855,12.155863761901855,12.57440402671313,12.110370952805615,12.57440402671313,8272800,2022-06-29
12.0648775100708,12.0648775100708,12.14676595638436,11.882903666996073,11.955693204225964,13551500,2022-06-30
11.79191780090332,11.79191780090332,12.1012738070615,11.582647204146971,12.028484260638379,12884700,2022-07-01
11.673632621765137,11.673632621765137,11.682731530478645,11.282388224281227,11.555349411648614,13734700,2022-07-05
11.619040489196777,11.619040489196777,11.723675332499226,11.427967751648117,11.628138529865065,10532500,2022-07-06
11.864706039428711,11.864706039428711,11.992088165487209,11.782817591799658,11.864706039428711,11056600,2022-07-07
12.00118637084961,12.00118637084961,12.101272638304817,11.791916662024642,11.919298789822289,8138400,2022-07-08
11.882904052734375,11.882904052734375,12.005735858472304,11.828311464179928,11.837410373558962,7588900,2022-07-11
11.937493324279785,11.937493324279785,12.192256660583068,11.846506852316974,11.955691139304095,10452200,2022-07-12
11.828311920166016,11.828311920166016,11.896552007699938,11.67818338050347,11.746423468037392,7631100,2022-07-13
11.837410926818848,11.837410926818848,11.882904608120555,11.527144697162642,11.600844478225804,8154800,2022-07-14
12.073975563049316,12.073975563049316,12.08307360376816,11.796464929712416,11.982988214103546,7955800,2022-07-15
11.973888397216797,11.973888397216797,12.2604979172474,11.946592541691846,12.17406002907885,6544700,2022-07-18
12.538007736206055,12.538007736206055,12.54710664400823,12.114918068320634,12.13766533782607,7146200,2022-07-19
12.656291007995605,12.656291007995605,12.788222568734698,12.451570787575115,12.510711953193582,8719100,2022-07-20
12.792773246765137,12.792773246765137,12.80187128777112,12.49251533285565,12.574403775947355,8386300,2022-07-21
12.528912544250488,12.528912544250488,12.801872898609394,12.451573545790184,12.7199844452138,8985400,2022-07-22
12.628996849060059,12.628996849060059,12.669941072189596,12.484327144973056,12.638095758137673,9531900,2022-07-25
12.538007736206055,12.538007736206055,12.792771948349289,12.501612972716966,12.619896170986408,6587300,2022-07-26
12.729083061218262,12.729083061218262,12.788225106291849,12.483418574422744,12.583503977529098,8790700,2022-07-27
12.8109712600708,12.8109712600708,12.883760800479859,12.624447954307621,12.71088585893829,6780700,2022-07-28
12.956549644470215,12.956549644470215,13.038438089958817,12.729082125988421,12.829168389461032,9064700,2022-07-29
13.120326042175293,13.120326042175293,13.138522991755448,12.829167907135297,12.83826594806553,7503600,2022-08-01
12.892858505249023,12.892858505249023,13.079381793583421,12.829167880272308,13.02024062292214,6823900,2022-08-02
12.983845710754395,12.983845710754395,13.093030009943371,12.820068828111092,12.956548985167393,7380000,2022-08-03
13.002043724060059,13.002043724060059,13.02479012952424,12.879211052026088,12.947451136138378,7153700,2022-08-04
13.06573486328125,13.06573486328125,13.138524404870132,12.792774516182833,12.847366238514605,9264600,2022-08-05
13.102128982543945,13.102128982543945,13.320498464171477,13.029339444574681,13.211314157217581,6772700,2022-08-08
12.820068359375,12.820068359375,13.093029531227087,12.692686247785453,13.056634766161451,10262900,2022-08-09
13.202215194702148,13.202215194702148,13.265905823237999,12.95654985425861,13.00204353223553,9706000,2022-08-10
13.347793579101562,13.347793579101562,13.502471555584323,13.28410295386267,13.32049772081628,8397900,2022-08-11
13.466076850891113,13.466076850891113,13.511570526723386,13.393287316647353,13.42058317505884,11828800,2022-08-12
13.520669937133789,13.520669937133789,13.566163617573817,13.306850767101366,13.356893902357378,7899100,2022-08-15
13.602556228637695,13.602556228637695,13.707191069632533,13.496101779549331,13.502470841736502,8315600,2022-08-16
13.584359169006348,13.584359169006348,13.702642371315804,13.438780110077673,13.557062444667492,11520600,2022-08-17
13.802728652954102,13.802728652954102,13.83002451134434,13.643501221524936,13.666248493283213,10958200,2022-08-18
13.520669937133789,13.520669937133789,13.729940520070011,13.47062766959756,13.67534792999802,11403200,2022-08-19
13.111227989196777,13.111227989196777,13.365991373983267,13.083932129185303,13.365991373983267,10733700,2022-08-22
13.111227989196777,13.111227989196777,13.31139965396032,13.102129079953038,13.165820576939469,11379300,2022-08-23
13.06573486328125,13.06573486328125,13.174919175664574,12.956550550897926,13.102129634075691,13000500,2022-08-24
13.493372917175293,13.493372917175293,13.507021280451143,13.193115866864236,13.193115866864236,9603100,2022-08-25
12.51981258392334,12.51981258392334,13.32959640462536,12.501614765709045,13.311399454130797,16798200,2022-08-26
12.483418464660645,12.483418464660645,12.701787088274354,12.324191017880732,12.392431104295044,13678800,2022-08-29
12.419726371765137,12.419726371765137,12.592602174653909,12.34238737946642,12.519812636928025,12077000,2022-08-30
12.37423324584961,12.37423324584961,12.560756539979543,12.310541751174224,12.47431864073991,25985300,2022-08-31
12.164961814880371,12.164961814880371,12.315090330406148,11.946593222791906,12.283245019191538,16665000,2022-09-01
12.046679496765137,12.046679496765137,12.392430226866335,11.992087778586887,12.35603545884093,16069500,2022-09-02
11.964791297912598,11.964791297912598,12.145855771502601,11.873804809837209,12.073976471954637,14080800,2022-09-06
12.092172622680664,12.092172622680664,12.128567389047541,11.846508166634163,11.92839574016988,9868000,2022-09-07
12.155863761901855,12.155863761901855,12.155863761901855,11.901100386540122,11.992087740172025,17411800,2022-09-08
12.330307006835938,12.330307006835938,12.385393516032119,12.201770359404389,12.229313614002479,12016700,2022-09-09
12.633284568786621,12.633284568786621,12.688371074209371,12.43129867254003,12.458841925251406,12058800,2022-09-12
12.100778579711914,12.100778579711914,12.440481659074589,12.013557246653395,12.357851014659605,12455800,2022-09-13
11.963059425354004,11.963059425354004,12.174226705233336,11.871248287845631,12.137502075113137,12622900,2022-09-14
11.999783515930176,11.999783515930176,12.20176941030154,11.898791006536598,11.96305888746122,12627200,2022-09-15
11.99060344696045,11.99060344696045,12.045689953853964,11.756483603702412,11.852885428558182,16887100,2022-09-16
11.917153358459473,11.917153358459473,12.036508624641769,11.770254838722567,11.834523597795647,7887400,2022-09-19
11.715168952941895,11.715168952941895,11.806980094854655,11.632538312311405,11.797799593572384,7748300,2022-09-20
11.568270683288574,11.568270683288574,11.917154256152227,11.549907929146114,11.806980358050392,8679600,2022-09-21
11.38464641571045,11.38464641571045,11.586632329302093,11.329559905557277,11.568270451112467,12333300,2022-09-22
11.164298057556152,11.164298057556152,11.265291447020651,10.925587524110925,11.228565941335926,13636000,2022-09-23
11.026581764221191,11.026581764221191,11.237748184693311,10.948541809789251,11.090849652958912,14779600,2022-09-26
11.054123878479004,11.054123878479004,11.228565648003128,10.953131367237061,11.173479142083606,14029300,2022-09-27
11.274471282958984,11.274471282958984,11.320377286773391,11.011890587238867,11.026580263295902,14349100,2022-09-28
11.12757396697998,11.12757396697998,11.182661352593751,10.989856816321987,11.182661352593751,17697700,2022-09-29
10.99903678894043,10.99903678894043,11.311196582717974,10.989856288099633,11.127573432138314,13870500,2022-09-30
11.357102394104004,11.357102394104004,11.448914405608305,11.03576210500742,11.173479246679637,14231900,2022-10-03
11.797800064086914,11.797800064086914,11.797800064086914,11.531546253427997,11.549908132309135,11791300,2022-10-04
11.889610290527344,11.889610290527344,11.949288362342317,11.549907239436193,11.623356500451345,11658700,2022-10-05
11.852886199951172,11.852886199951172,11.92633546431214,11.770255558649007,11.816161567770687,12361200,2022-10-06
11.439732551574707,11.439732551574707,11.687623571348682,11.366283295672478,11.62335569133028,12885200,2022-10-07
11.29283618927002,11.29283618927002,11.540727256228049,11.145937649504615,11.522365376549555,11474300,2022-10-10
11.210203170776367,11.210203170776367,11.384644930956927,11.113800477204448,11.228565046571289,18397200,2022-10-11
11.338743209838867,11.338743209838867,11.494823141110956,11.145938640360667,11.237749798083728,14517800,2022-10-12
11.779436111450195,11.779436111450195,11.871248123269991,11.077076585106187,11.182660661374223,18163200,2022-10-13
11.559088706970215,11.559088706970215,11.871248506534554,11.545316642077342,11.871248506534554,16266300,2022-10-14
11.733531951904297,11.733531951904297,11.944699262084981,11.595814788087953,11.843705858074246,19641200,2022-10-17
11.816161155700684,11.816161155700684,11.999784310199537,11.664671943791095,11.880429040879216,14721800,2022-10-18
11.770255088806152,11.770255088806152,11.97224099552813,11.669262573237296,11.797799218530239,12362700,2022-10-19
11.761073112487793,11.761073112487793,12.119137998142039,11.696804360111166,11.724348486380071,17132400,2022-10-20
12.367033004760742,12.367033004760742,12.383558784228896,11.761076083136789,11.806981220678187,20455900,2022-10-21
12.541471481323242,12.541471481323242,12.587377482287131,12.311942352087945,12.422116229050792,17275100,2022-10-24
12.715916633605957,12.715916633605957,12.789365899492049,12.412938192929754,12.486387458815845,16719900,2022-10-25
12.835270881652832,12.835270881652832,13.000532165727364,12.628695152143974,12.651647719116857,14151600,2022-10-26
12.917901992797852,12.917901992797852,13.08316328287377,12.881177358957018,12.917901992797852,15153000,2022-10-27
13.211699485778809,13.211699485778809,13.285148750940227,13.000532191751498,13.000532191751498,12289200,2022-10-28
13.101523399353027,13.101523399353027,13.211697278689986,13.02807327087756,13.119885274783773,13517000,2022-10-31
13.184155464172363,13.184155464172363,13.266786107061428,13.073981565515048,13.220880097058135,15357800,2022-11-01
12.853633880615234,12.853633880615234,13.266786223089573,12.853633880615234,13.119887690261749,14840900,2022-11-02
12.670010566711426,12.670010566711426,12.743459832268128,12.458843271547675,12.670010566711426,11064100,2022-11-03
13.08316421508789,13.08316421508789,13.138251607566449,12.793957812432556,12.945447047268093,12930100,2022-11-04
13.248424530029297,13.248424530029297,13.303511042819917,13.018895350371599,13.083163240488767,11777000,2022-11-07
13.239241600036621,13.239241600036621,13.45499868840103,13.133658399916863,13.367778240780828,11080900,2022-11-08
12.991350173950195,12.991350173950195,13.220879335154857,12.972988296357638,13.110705442846731,11909200,2022-11-09
13.652395248413086,13.652395248413086,13.661576625569788,13.344826118338142,13.487133961929738,13869900,2022-11-10
14.038002967834473,14.038002967834473,14.083908973568905,13.679937173806977,13.744205932068876,13755900,2022-11-11
14.065547943115234,14.065547943115234,14.322621256468375,13.891106150668204,13.94619266382649,11924900,2022-11-14
14.239990234375,14.239990234375,14.359345510505756,14.074728948104056,14.258352113080484,14101200,2022-11-15
13.982915878295898,13.982915878295898,14.239989165551842,13.881923364035224,14.157358528618449,15051100,2022-11-16
14.267532348632812,14.267532348632812,14.27671372504308,13.716662022196173,13.780930781483804,14944800,2022-11-17
14.478699684143066,14.478699684143066,14.506242937896145,14.2308077736126,14.359344417100722,14069000,2022-11-18
14.276711463928223,14.276711463928223,14.340979337452998,14.157356216250703,14.31343608816868,14910900,2022-11-21
14.350164413452148,14.350164413452148,14.46584661563228,14.198675189941738,14.295077025091848,16074500,2022-11-22
14.506242752075195,14.506242752075195,14.542967381803619,14.295075474448579,14.331800104177002,11307200,2022-11-23
14.53378677368164,14.53378677368164,14.680685300359889,14.441974756715593,14.50624351882554,5567600,2022-11-25
14.276711463928223,14.276711463928223,14.46951596008666,14.226214777253551,14.414428585933917,13433100,2022-11-28
14.194083213806152,14.194083213806152,14.414430996092054,14.184901837314841,14.340981735330086,14778700,2022-11-29
15.405997276306152,15.405997276306152,15.47944653472609,14.276713395827194,14.46951791807559,35362300,2022-11-30
15.442724227905273,15.442724227905273,15.54371763583519,14.91021655629367,15.04793372545431,17179300,2022-12-01
15.323369026184082,15.323369026184082,15.456494623857818,15.176470486485064,15.259101133961853,13167100,2022-12-02
14.882668495178223,14.882668495178223,15.286640269140474,14.800039616418653,15.231553766244643,12746500,2022-12-05
14.93775749206543,14.93775749206543,14.983662621566662,14.800040352393294,14.901031987529691,14153400,2022-12-06
14.744951248168945,14.744951248168945,14.809219126244447,14.58428155298019,14.809219126244447,14176600,2022-12-07
14.956123352050781,14.956123352050781,15.015799682568778,14.83676718867718,14.864311322802351,9297600,2022-12-08
14.827583312988281,14.827583312988281,15.047931095366529,14.818401936493123,14.965300458078621,10018200,2022-12-09
15.020389556884766,15.020389556884766,15.057113313750222,14.689866989252627,14.708229743269658,11246500,2022-12-12
15.029637336730957,15.029637336730957,15.256238798938508,14.872404137105443,15.112878546186122,18007900,2022-12-13
14.983389854431152,14.983389854431152,15.186867343595134,14.826156687861038,14.890899445135586,14978300,2022-12-14
14.576435089111328,14.576435089111328,14.826158698848975,14.479320057973121,14.761415050738826,16562900,2022-12-15
14.465449333190918,14.465449333190918,14.557938887178695,14.275844733153683,14.377583507156487,31670500,2022-12-16
14.317462921142578,14.317462921142578,14.585684980441187,14.220348767579212,14.520941329344868,9138500,2022-12-19
14.483946800231934,14.483946800231934,14.502445240145851,14.308216031320535,14.345212029094206,13188200,2022-12-20
14.59493350982666,14.59493350982666,14.75679131662026,14.557937515307044,14.585685172737321,14255200,2022-12-21
14.530191421508789,14.530191421508789,14.539440641086074,14.280467785246858,14.474696986099207,13616800,2022-12-22
14.56718635559082,14.56718635559082,14.590308520793943,14.326711956440473,14.539439580936262,8328800,2022-12-23
14.687423706054688,14.687423706054688,14.738293528489034,14.56256189574533,14.622680937177572,6066800,2022-12-27
14.40070629119873,14.40070629119873,14.742919507907057,14.391457952842229,14.705923508318433,6480100,2022-12-28
14.724421501159668,14.724421501159668,14.826161158473683,14.493196290252078,14.493196290252078,8469100,2022-12-29
14.761417388916016,14.761417388916016,14.761417388916016,14.57643739798808,14.631930954239374,9396400,2022-12-30
14.85390567779541,14.85390567779541,14.927897667862444,14.641178926866214,14.881653335611121,18233900,2023-01-03
15.186871528625488,15.186871528625488,15.283985691298959,14.909401988384626,14.937147883943725,15865500,2023-01-04
15.214620590209961,15.214620590209961,15.25624120149196,14.969520650834426,15.066636586564739,13099500,2023-01-05
15.825054168701172,15.825054168701172,15.917542842769153,15.418097299190213,15.427346519418688,15242500,2023-01-06
15.68631649017334,15.68631649017334,15.954538564994483,15.621573717384306,15.815803799859658,19294700,2023-01-09
15.778806686401367,15.778806686401367,15.85279867764408,15.431968896680859,15.538332273835493,16777600,2023-01-10
15.640070915222168,15.640070915222168,15.769556450523606,15.51983459874342,15.714062901695577,16002800,2023-01-11
15.094381332397461,15.094381332397461,15.464341313268312,15.085132112362148,15.362603421096543,22445800,2023-01-12
15.214620590209961,15.214620590209961,15.228493539267802,14.909403362178132,14.955647701776584,12392100,2023-01-13
15.029637336730957,15.029637336730957,15.214618194210924,14.84003275166268,15.168372097786834,14189500,2023-01-17
14.872404098510742,14.872404098510742,15.122127726228195,14.863154879249928,15.029637297728227,13629400,2023-01-18
14.622681617736816,14.622681617736816,14.77066560037421,14.557937963792373,14.742917942089115,12533300,2023-01-19
14.752166748046875,14.752166748046875,14.761415967216005,14.465448010236544,14.650427983348708,12713700,2023-01-20
14.955647468566895,14.955647468566895,15.066636351624352,14.791014693743518,14.826161908423567,10009600,2023-01-23
14.955647468566895,14.955647468566895,15.043512418077231,14.733671466560427,14.826161908423567,9550900,2023-01-24
14.918647766113281,14.918647766113281,14.955644641508416,14.590308435467989,14.826159105841677,10570700,2023-01-25
15.001890182495117,15.001890182495117,15.066634719662341,14.789163424127581,15.02963784128107,11148700,2023-01-26
14.927899360656738,14.927899360656738,15.066635901359547,14.890904243482147,14.964896241939726,9423100,2023-01-27
14.807662010192871,14.807662010192871,14.964895216656327,14.738294626648203,14.789163570818754,10476500,2023-01-30
14.918647766113281,14.918647766113281,14.937146203810848,14.70592102491561,14.807660668144111,24130400,2023-01-31
14.900151252746582,14.900151252746582,14.964894021276136,14.715170401998027,14.909400471694822,18695100,2023-02-01
15.177620887756348,15.177620887756348,15.276585590785562,14.964894142547328,14.983392580593716,13329200,2023-02-02
15.103630065917969,15.103630065917969,15.297860152186383,15.020388852389832,15.029638072127213,9682000,2023-02-03
14.900151252746582,14.900151252746582,15.057384446650412,14.83078299268884,15.048135227702172,24139200,2023-02-06
15.011137962341309,15.011137962341309,15.075880729190663,14.789162005668627,14.909400084767219,17657500,2023-02-07
14.807662010192871,14.807662010192871,14.890903223268129,14.700373355163743,14.88165400358107,18148900,2023-02-08
15.020387649536133,15.020387649536133,15.071257471963856,14.93714644267407,14.983392537657517,18403500,2023-02-09
15.205368995666504,15.205368995666504,15.246989600450858,14.964894586257813,15.029637357231653,14023300,2023-02-10
15.408848762512207,15.408848762512207,15.445845645067317,15.15912509759058,15.177623538868136,9301900,2023-02-13
15.297859191894531,15.297859191894531,15.473589063548816,15.242363876953856,15.408846293559536,8792600,2023-02-14
15.325605392456055,15.325605392456055,15.35335305048259,15.159122972513261,15.205369069224155,7088300,2023-02-15
15.223865509033203,15.223865509033203,15.340404259660943,15.057384855765916,15.223865509033203,10146600,2023-02-16
15.131376266479492,15.131376266479492,15.214617471983255,15.071257226036083,15.168371377754434,7933100,2023-02-17
14.779913902282715,14.779913902282715,15.05738519214318,14.779913902282715,15.05738519214318,8755900,2023-02-21
14.56718635559082,14.56718635559082,14.83540841144979,14.474695930670206,14.775289370635171,8902700,2023-02-22
14.557937622070312,14.557937622070312,14.705921601234042,14.368333038510022,14.678174825654365,10233800,2023-02-23
14.428452491760254,14.428452491760254,14.493195263972533,14.2943414555444,14.354460500073616,9897100,2023-02-24
14.465449333190918,14.465449333190918,14.65042932322064,14.414579505162433,14.567188107193724,8099900,2023-02-27
14.437700271606445,14.437700271606445,14.557937473967282,14.405328886750466,14.446949490723606,15279800,2023-02-28
14.372958183288574,14.372958183288574,14.557938164130912,14.298966190951639,14.483946171793976,9208000,2023-03-01
14.335962295532227,14.335962295532227,14.363709072354874,14.150982313291024,14.2804678598328,11956800,2023-03-02
14.132482528686523,14.132482528686523,14.844655613032783,14.076988980323984,14.68742330463622,22209000,2023-03-03
14.012247085571289,14.012247085571289,14.261970730631614,13.956753530260656,14.14173351805303,17630200,2023-03-06
13.882760047912598,13.882760047912598,14.169478777761661,13.855012391175672,14.012245584468666,12305400,2023-03-07
13.966001510620117,13.966001510620117,14.028894612682071,13.89200952207028,13.966001510620117,11283700,2023-03-08
13.605290412902832,13.605290412902832,14.002998027748651,13.56366980753273,14.002998027748651,10485600,2023-03-09
13.253827095031738,13.253827095031738,13.600664861053966,13.189084327631551,13.586791032873618,17290600,2023-03-10
12.95785903930664,12.95785903930664,13.15671283125163,12.86999322569173,13.059597798929033,15212400,2023-03-13
13.078097343444824,13.078097343444824,13.226081327078884,12.930112477756644,13.124341676789879,16631000,2023-03-14
12.865367889404297,12.865367889404297,12.976355861463206,12.717383926659085,12.819122680532919,16778500,2023-03-15
13.350502967834473,13.350502967834473,13.36449663590891,12.744085475601867,12.78140340668313,15241000,2023-03-16
13.154583930969238,13.154583930969238,13.359832112102664,13.135924520104554,13.275866542670952,22302400,2023-03-17
13.471786499023438,13.471786499023438,13.509104432660024,13.229220375250492,13.247878897203925,13576800,2023-03-20
13.761000633239746,13.761000633239746,13.779660044219474,13.635052278315648,13.658376542040306,10513800,2023-03-21
13.462456703186035,13.462456703186035,13.854295422719119,13.443797292860815,13.798318081473111,12263100,2023-03-22
13.313186645507812,13.313186645507812,13.593070717573422,13.229221067996223,13.518434846391957,11543300,2023-03-23
13.27586555480957,13.27586555480957,13.27586555480957,13.103270465802515,13.229218810578224,12699700,2023-03-24
14.003567695617676,14.003567695617676,14.050215333530577,13.415809593266367,13.434468114593715,17066400,2023-03-27
13.947590827941895,13.947590827941895,13.984908761599229,13.835637026969893,13.966250239635421,13520500,2023-03-28
14.479372024536133,14.479372024536133,14.572666410785082,14.115521515895061,14.115521515895061,16381400,2023-03-29
14.665959358215332,14.665959358215332,14.684617876610789,14.50735794807097,14.591323505174403,12212500,2023-03-30
14.8618803024292,14.8618803024292,14.889868527914532,14.712608580201227,14.74059680568656,15543500,2023-03-31
15.235060691833496,15.235060691833496,15.291037146786373,14.805904015032706,14.833892242509144,15773200,2023-04-03
15.02981185913086,15.02981185913086,15.300366196010271,14.889868948293952,15.253719448794307,13000300,2023-04-04
14.843221664428711,14.843221664428711,15.020482511092752,14.693949934435638,14.936516940539226,10982900,2023-04-05
14.7965726852417,14.7965726852417,14.880538248184754,14.740596236432737,14.833890614357545,6339000,2023-04-06
14.983162879943848,14.983162879943848,14.983162879943848,14.69394914112896,14.70327884618225,7662700,2023-04-10
14.973834991455078,14.973834991455078,15.076459980032045,14.973834991455078,14.992494403825345,7128100,2023-04-11
14.908528327941895,14.908528327941895,15.076459474726883,14.79657452666181,15.076459474726883,7728000,2023-04-12
14.955177307128906,14.955177307128906,15.011153764587759,14.740598514257309,14.852552318904763,9611000,2023-04-13
14.843221664428711,14.843221664428711,15.141765124414853,14.731267866933907,14.955176351653206,8442900,2023-04-14
14.78724479675293,14.78724479675293,14.955175933160744,14.703279228549022,14.852550954365006,10754100,2023-04-17
14.721936225891113,14.721936225891113,14.945844681173277,14.651965222872127,14.861879121658664,8220300,2023-04-18
13.95691967010498,13.95691967010498,14.544677756133567,13.854295581330337,14.376746620202637,14659200,2023-04-19
13.565081596374512,13.565081596374512,13.807648606629762,13.448462944105222,13.714353328922448,14176000,2023-04-20
13.490446090698242,13.490446090698242,13.574411664933272,13.224555698773806,13.574411664933272,11103800,2023-04-21
13.378491401672363,13.378491401672363,13.47178578596089,13.29452583300192,13.4437975596473,8262400,2023-04-24
13.191902160644531,13.191902160644531,13.29452625352696,13.1452545221599,13.266538026328062,9567100,2023-04-25
13.145255088806152,13.145255088806152,13.28519712056276,13.07061921990533,13.145255088806152,9596300,2023-04-26
13.303853988647461,13.303853988647461,13.303853988647461,13.023969088924991,13.154582279390029,9429200,2023-04-27
13.359831809997559,13.359831809997559,13.386887599247666,13.24787801653011,13.25720772175148,8821600,2023-04-28
13.471786499023438,13.471786499023438,13.611729417457923,13.415810043433419,13.425139749274996,8476300,2023-05-01
13.294527053833008,13.294527053833008,13.593070534538896,13.149920166582314,13.509104958157925,9620400,2023-05-02
13.014640808105469,13.014640808105469,13.415809237908718,13.014640808105469,13.350503080398298,12608400,2023-05-03
12.874698638916016,12.874698638916016,12.967993021462062,12.73942058308921,12.949334500844715,8244500,2023-05-04
13.163912773132324,13.163912773132324,13.21989011610921,12.995982523661032,13.033300455735729,7426000,2023-05-05
13.23854923248291,13.23854923248291,13.247878938353464,13.121930578290133,13.191902482589576,7283200,2023-05-08
13.210558891296387,13.210558891296387,13.229218300052535,13.070616884543588,13.126593331352876,6304000,2023-05-09
13.145255088806152,13.145255088806152,13.36916269550862,12.98665364495947,13.257208892157387,8438100,2023-05-10
12.856040954589844,12.856040954589844,13.089278276863324,12.781405082640713,13.089278276863324,16141900,2023-05-11
12.902687072753906,12.902687072753906,12.97732293588606,12.790733278055676,12.921346483401779,14413300,2023-05-12
13.331843376159668,13.331843376159668,13.350502786311424,12.884028209273325,12.95866407042105,11484500,2023-05-15
13.09860610961914,13.09860610961914,13.345837956166843,13.023970248346183,13.294525467893067,15408600,2023-05-16
13.350502967834473,13.350502967834473,13.462456761078263,13.14058904942133,13.20123035377976,10489400,2023-05-17
13.443798065185547,13.443798065185547,13.490445703948776,13.243213841314457,13.303856038625566,17834500,2023-05-18
13.369163513183594,13.369163513183594,13.527764966730542,13.355168953260112,13.527764966730542,17190400,2023-05-19
13.481114387512207,13.481114387512207,13.53709172528579,13.331842673088783,13.406478530300495,11604400,2023-05-22
13.415810585021973,13.415810585021973,13.723683772384897,13.415810585021973,13.48111674908994,15995100,2023-05-23
13.210558891296387,13.210558891296387,13.359830602427259,13.08461055138112,13.359830602427259,10807800,2023-05-24
13.68636417388916,13.68636417388916,13.737676662123375,13.294525457643402,13.303855162727743,11132900,2023-05-25
14.311440467834473,14.311440467834473,14.418729409281749,13.747005755050274,13.90094233313148,22099300,2023-05-26
14.479372024536133,14.479372024536133,14.679955355349737,14.460712613448528,14.526018772795762,20688600,2023-05-30
13.45312786102295,13.45312786102295,13.658376939118545,12.865369744019455,12.930675904887718,34083600,2023-05-31
13.68636417388916,13.68636417388916,13.975577913666484,13.462456590242912,13.52776274637399,26669400,2023-06-01
14.218146324157715,14.218146324157715,14.283453376525543,13.602399962913601,13.779660818259474,20040300,2023-06-02
14.012896537780762,14.012896537780762,14.274122048376768,13.984907422919678,14.208815003430539,16808400,2023-06-05
14.311440467834473,14.311440467834473,14.376746625284177,13.94758996976541,13.95691967503813,12038800,2023-06-06
14.70328140258789,14.70328140258789,14.740599339559745,14.358090263165776,14.41406672375866,14615400,2023-06-07
14.740596771240234,14.740596771240234,14.77791470171002,14.563335934211512,14.703278840770446,12074100,2023-06-08
14.731267929077148,14.731267929077148,14.927187297951956,14.721938223480802,14.805903794388533,7748300,2023-06-09
15.188413619995117,15.188413619995117,15.188413619995117,14.721938130161318,14.721938130161318,14149400,2023-06-12
15.524277687072754,15.524277687072754,15.58025593315099,15.207074743801911,15.216404451481617,17875100,2023-06-13
15.796794891357422,15.796794891357422,15.97064550654742,15.505480308638745,15.505480308638745,15014500,2023-06-14
16.398221969604492,16.398221969604492,16.440509717882673,15.731015473702676,15.74041295025176,24260700,2023-06-15
16.510988235473633,16.510988235473633,16.670741753314942,16.238468582912216,16.435810214865096,24486800,2023-06-16
15.9847412109375,15.9847412109375,16.417014357535038,15.886070400394841,16.38882372160016,19374500,2023-06-20
15.806194305419922,15.806194305419922,16.3653325382993,15.778003666710356,16.050523331087177,12829900,2023-06-21
15.768606185913086,15.768606185913086,15.961249984052836,15.608852661183624,15.843784209763099,14554600,2023-06-22
15.524275779724121,15.524275779724121,15.66523433785921,15.496083351142978,15.599453796888522,13221100,2023-06-23
15.402111053466797,15.402111053466797,15.712220611845813,15.392713576863143,15.608851953976401,10100500,2023-06-26
15.439699172973633,15.439699172973633,15.561862769911794,15.341028368632982,15.41150674642551,10439400,2023-06-27
15.373918533325195,15.373918533325195,15.458494020015433,15.261150620276489,15.39271169184567,7318300,2023-06-28
15.646440505981445,15.646440505981445,15.721618528529673,15.406811119229422,15.411508961470057,8779800,2023-06-29
15.787398338317871,15.787398338317871,15.871973833790515,15.70282284284523,15.70282284284523,9763500,2023-06-30
15.7028226852417,15.7028226852417,15.768605019582132,15.61824898300325,15.721617637910395,4107200,2023-07-03
15.665233612060547,15.665233612060547,15.76860405301675,15.43030209525843,15.543070011972947,7634800,2023-07-05
15.655835151672363,15.655835151672363,15.674630102006933,15.43030112481289,15.477286708264195,8331000,2023-07-06
15.853177070617676,15.853177070617676,16.059916127909954,15.66523116952655,15.702819274313804,12653100,2023-07-07
15.965946197509766,15.965946197509766,16.05052168976072,15.749809625039676,15.75920710111037,10130200,2023-07-10
16.28545379638672,16.28545379638672,16.294851272793263,15.975344244512192,15.975344244512192,9630100,2023-07-11
16.05052375793457,16.05052375793457,16.4640037963972,16.022331326089784,16.445208841834006,9332000,2023-07-12
16.276058197021484,16.276058197021484,16.33244126957779,16.116304664457324,16.125702141947635,8494000,2023-07-13
15.853177070617676,15.853177070617676,16.22906708041498,15.777999068658215,16.182079708949722,8694600,2023-07-14
16.022327423095703,16.022327423095703,16.13509533061939,15.707520076583261,15.759205292848906,9156600,2023-07-17
16.407615661621094,16.407615661621094,16.454603038661485,15.937752645528139,15.975342547160453,13473600,2023-07-18
16.229066848754883,16.229066848754883,16.576764430709858,16.172682003801434,16.454600851413904,13068700,2023-07-19
16.16329002380371,16.16329002380371,16.323043536322636,16.022329671521753,16.25726120214457,11782300,2023-07-20
16.21967124938965,16.21967124938965,16.32304168470106,16.130397923138517,16.23846619987993,12403700,2023-07-21
16.304250717163086,16.304250717163086,16.58616787384608,16.191482779058546,16.426414340422898,11108200,2023-07-24
16.529781341552734,16.529781341552734,16.623754304908466,16.266657402633726,16.360630365989458,11177500,2023-07-25
16.398221969604492,16.398221969604492,16.647248824806347,16.370968749896537,16.50159062687364,11314700,2023-07-26
16.313648223876953,16.313648223876953,16.670743409139696,16.266660836088715,16.595565381064088,8697600,2023-07-27
16.21967124938965,16.21967124938965,16.56736887153418,16.21967124938965,16.501588337203327,9010300,2023-07-28
16.332435607910156,16.332435607910156,16.379422979073453,16.18207960495748,16.19147707919014,7359500,2023-07-31
16.36063003540039,16.36063003540039,16.417013095320453,16.18208158787084,16.36063003540039,10138000,2023-08-01
16.20087432861328,16.20087432861328,16.463998226321728,16.135093802282398,16.18207938040877,10628800,2023-08-02
16.276058197021484,16.276058197021484,16.37003117953903,15.901107269370224,16.06931906939133,9536200,2023-08-03
16.323041915893555,16.323041915893555,16.539178472437648,16.13509599309903,16.257259588245862,11892500,2023-08-04
16.492191314697266,16.492191314697266,16.590863911287403,16.308945023349434,16.426410778560626,10511600,2023-08-07
16.980852127075195,16.980852127075195,17.041934831870673,16.158591703050583,16.341838025051533,22140400,2023-08-08
16.614355087280273,16.614355087280273,16.990245108905054,16.417011705686637,16.94325952834633,16237900,2023-08-09
16.55797576904297,16.55797576904297,16.82015873741557,16.482797747751356,16.717729288335825,17531500,2023-08-10
16.539180755615234,16.539180755615234,16.59556382328302,16.42641282789426,16.48279768794745,11611300,2023-08-11
16.539180755615234,16.539180755615234,16.576768869931957,16.313646692558688,16.445207781245323,10801900,2023-08-14
16.257259368896484,16.257259368896484,16.56267104122056,16.257259368896484,16.417012863400824,7659600,2023-08-15
16.0129337310791,16.0129337310791,16.26665841787438,15.989439144484919,16.182082924814186,9419000,2023-08-16
15.947152137756348,15.947152137756348,16.200878628707514,15.862576640772625,16.125700608320358,12958700,2023-08-17
15.975343704223633,15.975343704223633,16.097507308606403,15.74041217916152,15.749809655250239,8832800,2023-08-18
16.0129337310791,16.0129337310791,16.088111747978683,15.862575904894626,15.984741302597266,8776000,2023-08-21
15.778003692626953,15.778003692626953,16.08341363092358,15.759208738532722,16.041125880404298,10569100,2023-08-22
15.994136810302734,15.994136810302734,16.041122392937805,15.759205312357226,15.796793419988262,8446100,2023-08-23
15.693427085876465,15.693427085876465,16.111604926889445,15.684029609491468,16.050522226579634,11635700,2023-08-24
15.618249893188477,15.618249893188477,15.78739909990823,15.458496370965284,15.731016031001644,9312000,2023-08-25
15.778003692626953,15.778003692626953,15.90016730946851,15.651140441069103,15.740413784438491,11524800,2023-08-28
15.824987411499023,15.824987411499023,15.933055696165313,15.665233905386845,15.80619245963047,10459100,2023-08-29
16.313648223876953,16.313648223876953,16.388826251952562,15.223565920587859,15.392715139468796,13990600,2023-08-30
15.965946197509766,15.965946197509766,16.445206722803412,15.834385117290632,16.398221134835236,17274400,2023-08-31
16.896276473999023,16.896276473999023,16.93386638196178,16.153893715589213,16.17268687718513,19826100,2023-09-01
16.736520767211914,16.736520767211914,17.00434255316909,16.72712329144681,16.858686159773043,10504800,2023-09-05
16.68013572692871,16.68013572692871,16.835191370087223,16.492189818685368,16.57676529815637,10493800,2023-09-06
16.247865676879883,16.247865676879883,16.510987846620218,16.233768566082826,16.454604780588056,13845400,2023-09-07
16.29485511779785,16.29485511779785,16.36063567578017,16.24786951706356,16.2572652033018,6767300,2023-09-08
16.191478729248047,16.191478729248047,16.482795082993444,16.111602878707778,16.379424648284747,10387000,2023-09-11
16.05052375793457,16.05052375793457,16.144496738365014,15.92836013804486,16.00353816391211,10847900,2023-09-12
15.870713233947754,15.870713233947754,16.17355302243177,15.861249264924188,16.10730704433433,9633600,2023-09-13
16.28711700439453,16.28711700439453,16.30604494239961,16.012669123590953,16.078915101541213,8724300,2023-09-14
16.15462303161621,16.15462303161621,16.353362745722187,15.96534909039851,16.20194287072111,18972700,2023-09-15
16.088376998901367,16.088376998901367,16.12623287003696,15.88490620421576,16.06944906333357,8843900,2023-09-18
16.15462303161621,16.15462303161621,16.247367389167596,16.08837706193665,16.135695095974253,7622000,2023-09-19
16.183013916015625,16.183013916015625,16.466925712497563,16.15462201434056,16.39121577976457,8009400,2023-09-20
16.069448471069336,16.069448471069336,16.154622372917924,15.97481060178566,16.050520536199155,8321900,2023-09-21
16.107303619384766,16.107303619384766,16.183013550407313,15.949259160938533,16.069447751339922,5133600,2023-09-22
16.059986114501953,16.059986114501953,16.192479866815532,15.965350040793197,15.984276172494509,8973600,2023-09-25
15.880176544189453,15.880176544189453,16.02213246351892,15.828125619252912,15.908566645014877,9485600,2023-09-26
16.15462303161621,16.15462303161621,16.391216811938808,15.913298169916771,16.04105902789905,12236900,2023-09-27
16.684595108032227,16.684595108032227,16.798160933927946,16.20194531191122,16.20194531191122,13325400,2023-09-28
16.438535690307617,16.438535690307617,16.77922948661484,16.33443385542828,16.71298352080697,10206000,2023-09-29
16.50478172302246,16.50478172302246,16.64673762248153,16.414874936146866,16.466925853797537,8932000,2023-10-02
16.022132873535156,16.022132873535156,16.438538478616117,15.851785043953514,16.287116781713273,7283400,2023-10-03
16.097841262817383,16.097841262817383,16.116769198733373,15.880175414985441,16.0599853909854,4885200,2023-10-04
15.889640808105469,15.889640808105469,16.126234613073798,15.728756948524305,16.003204823652478,6220300,2023-10-05
15.92749309539795,15.92749309539795,16.05998503372794,15.690899316913091,15.842319190738017,9281400,2023-10-06
15.946419715881348,15.946419715881348,16.0647165953685,15.703201360536841,15.832853917344146,7809900,2023-10-09
16.022132873535156,16.022132873535156,16.263457762064156,15.974813029169425,16.003204935788865,9087000,2023-10-10
16.239797592163086,16.239797592163086,16.36282737373239,16.05998580644422,16.069449774647044,6984900,2023-10-11
16.041059494018555,16.041059494018555,16.27765328121607,15.875442759939887,16.249261376928125,10252300,2023-10-12
15.596261024475098,15.596261024475098,16.13569453608206,15.586797056982508,16.050520633715987,8562500,2023-10-13
16.19247817993164,16.19247817993164,16.258724146653424,15.700362705616662,15.738216770143161,13079600,2023-10-16
16.069448471069336,16.069448471069336,16.206673291277305,15.94642050454761,16.050520536199155,7374700,2023-10-17
15.785537719726562,15.785537719726562,16.050521605290204,15.728755716401116,15.946421566704776,7528100,2023-10-18
15.425912857055664,15.425912857055664,15.87544137451476,15.369130858502395,15.832854424333009,11471000,2023-10-19
14.413291931152344,14.413291931152344,15.246103006378963,14.115184180218797,15.085218269203892,24589400,2023-10-20
14.38490104675293,14.38490104675293,14.536320915266074,14.290264080199018,14.36597401445559,13468400,2023-10-23
14.470074653625488,14.470074653625488,14.578907569085352,14.365973721776955,14.470074653625488,8708500,2023-10-24
14.328119277954102,14.328119277954102,14.498466181506506,14.285532326432595,14.460611213768903,8291300,2023-10-25
14.318656921386719,14.318656921386719,14.465344825057171,14.157773064767362,14.299728984121511,10747100,2023-10-26
14.394364356994629,14.394364356994629,14.612030182411354,14.318654426194588,14.384900390011232,9000400,2023-10-27
14.479540824890137,14.479540824890137,14.583641772584674,14.347047971205859,14.536322831802165,8330300,2023-10-30
14.55525016784668,14.55525016784668,14.564714136118967,14.375438380807976,14.470076258463472,7910800,2023-10-31
14.697203636169434,14.697203636169434,14.697203636169434,14.522124764933832,14.574174776702868,7754600,2023-11-01
14.753988265991211,14.753988265991211,14.905408140793893,14.649886425164134,14.867553172093222,9592300,2023-11-02
15.07575511932373,15.07575511932373,15.142001085260997,14.943262284915603,14.962190219488305,6825600,2023-11-03
15.056828498840332,15.056828498840332,15.14200240678388,14.919604571346364,15.066292466952653,6377700,2023-11-06
14.905407905578613,14.905407905578613,15.075755713310274,14.867552937475315,14.952726841341144,6177100,2023-11-07
14.895943641662598,14.895943641662598,14.981117543834454,14.763451707202924,14.905407609133608,7087600,2023-11-08
14.782378196716309,14.782378196716309,15.000044927887464,14.753987197879578,14.91487102884369,6963200,2023-11-09
15.104146957397461,15.104146957397461,15.1325379582995,14.768183320344368,14.867553177301971,5800100,2023-11-10
15.14200210571289,15.14200210571289,15.170394009485335,14.9101403067732,14.981118261136999,11143900,2023-11-13
15.539480209350586,15.539480209350586,15.610459068422973,15.265030546342556,15.369132391630757,9884800,2023-11-14
15.567872047424316,15.567872047424316,15.785537900216745,15.539480142903294,15.59626214687798,8330600,2023-11-15
14.895943641662598,14.895943641662598,15.435377152039534,14.791842707082338,15.388059119751716,11587400,2023-11-16
15.07575511932373,15.07575511932373,15.132537117974646,14.962190219488305,15.01897221813922,8801000,2023-11-17
14.981119155883789,14.981119155883789,15.104148038644642,14.938532200215276,15.028438095796997,7486500,2023-11-20
14.782378196716309,14.782378196716309,14.971653026517151,14.720864215481129,14.94326202768042,8598100,2023-11-21
14.933798789978027,14.933798789978027,15.028436660767696,14.839161821721982,14.905407789754577,11394800,2023-11-22
14.981119155883789,14.981119155883789,15.061561082976127,14.900677228791453,15.000047092862557,3788800,2023-11-24
14.763452529907227,14.763452529907227,14.933799441210033,14.73506062591204,14.886480503751718,11202100,2023-11-27
14.68774127960205,14.68774127960205,14.782378243535419,14.621494412061752,14.735059310301944,14386200,2023-11-28
15.63411808013916,15.63411808013916,15.993739846795156,14.94326374385713,15.359668417241469,21648300,2023-11-29
16.003202438354492,16.003202438354492,16.13569437176707,15.813926700564629,15.936956471648204,24721700,2023-11-30
15.984273910522461,15.984273910522461,16.220867671448215,15.757144116641793,15.889637850205876,14837000,2023-12-01
15.653044700622559,15.653044700622559,15.965348405039144,15.615188830963715,15.851782601129832,14150100,2023-12-04
15.21771240234375,15.21771240234375,15.548944067218619,15.179858334823187,15.548944067218619,15550100,2023-12-05
15.028436660766602,15.028436660766602,15.340739468291789,14.962190692734012,15.255567370155067,13108700,2023-12-06
15.255566596984863,15.255566596984863,15.265028759023753,14.858088101333138,15.056826897892211,19474000,2023-12-07
15.350202560424805,15.350202560424805,15.520550357117472,15.227174598961847,15.246102533053731,11901300,2023-12-08
15.766608238220215,15.766608238220215,15.813926268842287,15.35020270949077,15.35020270949077,13978500,2023-12-11
15.61400032043457,15.61400032043457,15.72368916411413,15.308777054538853,15.308777054538853,16224600,2023-12-12
15.814303398132324,15.814303398132324,15.881070371402576,15.523388598086015,15.614002478321567,10730500,2023-12-13
16.272136688232422,16.272136688232422,16.386595663603828,15.9287634006456,15.9287634006456,20993600,2023-12-14
15.947832107543945,15.947832107543945,16.15767317664171,15.842913392258044,16.10044280183524,21855000,2023-12-15
16.014604568481445,16.014604568481445,16.05275634121429,15.790456763661991,16.005066170482383,12793900,2023-12-18
16.052757263183594,16.052757263183594,16.138601030842075,15.985990292618887,16.100447436654527,8317600,2023-12-19
15.966911315917969,15.966911315917969,16.25782606446365,15.966911315917969,16.0909086608374,7572400,2023-12-20
16.214902877807617,16.214902877807617,16.224441274282608,15.943064945691303,16.119520732320833,7160800,2023-12-21
16.300748825073242,16.300748825073242,16.405669381184182,16.195828268962302,16.262595234028044,6112600,2023-12-22
16.434284210205078,16.434284210205078,16.491514601839736,16.262596673828135,16.291211869645462,4857100,2023-12-26
16.300748825073242,16.300748825073242,16.481974744011225,16.2244434622462,16.472436346249925,5911700,2023-12-27
16.377052307128906,16.377052307128906,16.391358992496173,16.276901871031757,16.310285349730805,4684900,2023-12-28
16.195825576782227,16.195825576782227,16.396128257947137,16.119520226639178,16.357974673244087,6026700,2023-12-29
16.14813995361328,16.14813995361328,16.224445325202012,15.947837216153138,16.090911379737623,8438200,2024-01-02
16.253055572509766,16.253055572509766,16.40566626921533,15.966909151739575,16.02413770818841,10331300,2024-01-03
16.214902877807617,16.214902877807617,16.448589043287082,16.18628768838265,16.253056463707573,13255000,2024-01-04
16.377052307128906,16.377052307128906,16.5868915759891,16.14813624493693,16.167213038268713,13780100,2024-01-05
16.901653289794922,16.901653289794922,16.977958652440776,16.3770541490126,16.405669342228553,11782000,2024-01-08
15.394620895385742,15.394620895385742,16.095677660077843,15.366007521651916,15.833378091692206,35499400,2024-01-09
15.671228408813477,15.671228408813477,15.709380178847049,15.27062481751299,15.366006971491824,23542000,2024-01-10
15.61400032043457,15.61400032043457,15.733227561729308,15.475696283909478,15.633075296401602,13319400,2024-01-11
15.156167030334473,15.156167030334473,15.709380439855694,15.108475952552677,15.661690271705549,13200700,2024-01-12
14.60295295715332,14.60295295715332,14.893866808222285,14.45987972139801,14.831869042803817,19468300,2024-01-16
14.345422744750977,14.345422744750977,14.49612598211618,14.221426295066731,14.450342397730694,13466800,2024-01-17
14.269116401672363,14.269116401672363,14.41695792749819,14.021123519258179,14.36449855941064,15106200,2024-01-18
14.660181045532227,14.660181045532227,14.712641321227743,14.235732370196901,14.335882813290192,13251800,2024-01-19
14.78417682647705,14.78417682647705,14.898634860493985,14.688794676647142,14.765100032658431,9414400,2024-01-22
14.78417682647705,14.78417682647705,14.974940216505274,14.746024148471406,14.908173257403295,8726700,2024-01-23
15.032170295715332,15.032170295715332,15.251547975704005,14.850944385642258,14.908173859778922,11362400,2024-01-24
15.18478012084961,15.18478012084961,15.299239062391322,15.089397972775377,15.175241724115871,11244800,2024-01-25
15.108475685119629,15.108475685119629,15.208626128020166,14.984479248934463,15.165704249739468,6099500,2024-01-26
15.070322036743164,15.070322036743164,15.098936317213695,14.91294212970787,15.013092566170522,7291400,2024-01-29
15.156167030334473,15.156167030334473,15.251548276266414,15.022632194471774,15.232472390932685,6540400,2024-01-30
14.583876609802246,14.583876609802246,14.946327544697176,14.393113199234307,14.936789146760855,15595400,2024-01-31
14.650642395019531,14.650642395019531,14.66971918935428,14.431264717959637,14.631566510316402,7500900,2024-02-01
14.698332786560059,14.698332786560059,14.81279081834211,14.440802442458335,14.62202743203869,7301400,2024-02-02
14.574336051940918,14.574336051940918,14.660179801382322,14.512338293806327,14.593412844986368,8563300,2024-02-05
14.574336051940918,14.574336051940918,14.779407029021701,14.555260168527028,14.564798565049752,9909000,2024-02-06
14.55526065826416,14.55526065826416,14.660180294649656,14.383573153604628,14.622027616906603,11377600,2024-02-07
14.78417682647705,14.78417682647705,14.80325362029567,14.507569683528228,14.555260758443183,8059500,2024-02-08
14.765100479125977,14.765100479125977,14.83186834987848,14.66018083884579,14.736486197164401,6572300,2024-02-09
14.889097213745117,14.889097213745117,15.022632048308584,14.746024891423406,14.765100776571535,6361500,2024-02-12
14.526646614074707,14.526646614074707,14.612490373178662,14.393112686252252,14.555261806863799,7133100,2024-02-13
14.526646614074707,14.526646614074707,14.741256011834595,14.421726969409685,14.669719849125187,10443700,2024-02-14
14.55526065826416,14.55526065826416,14.57910574074172,14.369265558339139,14.517107980521107,9556200,2024-02-15
14.240501403808594,14.240501403808594,14.545722837848542,14.221424609365284,14.488493364150239,10076700,2024-02-16
14.31680679321289,14.31680679321289,14.393112151887538,14.116504999284036,14.164196075863597,9652600,2024-02-20
14.22142505645752,14.22142505645752,14.29773041736639,14.07358353340054,14.211886658935999,8116600,2024-02-21
14.374035835266113,14.374035835266113,14.478956389155544,14.240501907961976,14.345421552219749,10462400,2024-02-22
14.412188529968262,14.412188529968262,14.526646571897325,14.345421566250888,14.412188529968262,8561000,2024-02-23
14.240501403808594,14.240501403808594,14.436033998694388,14.18327193011029,14.393112120828567,14869500,2024-02-26
14.202349662780762,14.202349662780762,14.383574673806052,14.1451201853018,14.316807708107001,9432100,2024-02-27
14.173734664916992,14.173734664916992,14.364498986059557,14.097429300312646,14.154658778581755,9910200,2024-02-28
14.526646614074707,14.526646614074707,14.555261806863799,14.307268927148296,14.307268927148296,27341800,2024-02-29
14.841405868530273,14.841405868530273,14.974939782867414,13.796975087626482,13.858972846478503,34153700,2024-03-01
16.35797882080078,16.35797882080078,16.505821270115895,15.032172343684152,15.079863427023486,41177700,2024-03-04
17.26410484313965,17.26410484313965,17.34994860211363,16.224443157133233,16.224443157133233,44150200,2024-03-05
17.903162002563477,17.903162002563477,19.14312451597286,17.49302002403574,17.50255842112513,51250900,2024-03-06
17.340410232543945,17.340410232543945,17.960391522263897,16.90165303938332,17.922239751137894,29773700,2024-03-07
17.159183502197266,17.159183502197266,17.826856748210297,17.125800021822936,17.769626365342962,21698000,2024-03-08
17.20687484741211,17.20687484741211,17.426252515781083,16.81580785609532,16.896883319174478,19422800,2024-03-11
17.216411590576172,17.216411590576172,18.26561159709416,17.20687501295809,17.664707147679806,33677100,2024-03-12
17.073341369628906,17.073341369628906,17.225952099917837,16.796735103204,17.187800326977307,17482400,2024-03-13
16.842748641967773,16.842748641967773,17.006083978076205,16.69862782637564,17.006083978076205,15774900,2024-03-14
16.074111938476562,16.074111938476562,16.737061497683076,16.04528923975393,16.621765205075352,41144400,2024-03-15
16.391176223754883,16.391176223754883,16.51608070695883,16.131762744355527,16.27588175126019,22137600,2024-03-18
16.122150421142578,16.122150421142578,16.352741139418665,16.064501367144462,16.285485742326323,12178000,2024-03-19
16.26626968383789,16.26626968383789,16.271072855471473,15.853127285607483,16.01646260973178,17508400,2024-03-20
16.535293579101562,16.535293579101562,16.727453457496434,16.381566409414628,16.496862702966038,12914800,2024-03-21
16.689022064208984,16.689022064208984,16.91961281159394,16.535293066713322,16.535293066713322,9279500,2024-03-22
16.737062454223633,16.737062454223633,16.9388286871028,16.53529438877196,16.573727099361804,16167200,2024-03-25
16.996477127075195,16.996477127075195,17.140596121334774,16.76588636974538,16.823533600934727,14285200,2024-03-26
16.97726058959961,16.97726058959961,17.102163227926408,16.727453480373594,17.073340528928448,9727100,2024-03-27
17.034908294677734,17.034908294677734,17.155007764041066,16.996477417419154,17.0445164721355,9155400,2024-03-28
17.236677169799805,17.236677169799805,17.308735755275833,16.929222806927946,16.98687004182328,9680900,2024-04-01
17.006084442138672,17.006084442138672,17.121378898671782,16.861963622613764,17.054123493598745,9361500,2024-04-02
17.47687530517578,17.47687530517578,17.669033356726917,16.958044717585526,16.97726107251238,26942500,2024-04-03
17.236677169799805,17.236677169799805,18.024529432802087,17.179028102331916,17.77472230482556,17602700,2024-04-04
17.294326782226562,17.294326782226562,17.409623100440108,17.025303261443494,17.188638643245213,13148900,2024-04-05
17.428836822509766,17.428836822509766,17.7007429677794,17.400014118715294,17.496092241460495,10709800,2024-04-08
17.313541412353516,17.313541412353516,17.529720842065633,17.179028749103406,17.496091301823636,10641500,2024-04-09
17.294326782226562,17.294326782226562,17.361582204279127,17.025303261443494,17.102166862728254,16226400,2024-04-10
17.236677169799805,17.236677169799805,17.351971639590474,16.94363415750864,17.27510804887251,11099600,2024-04-11
16.737062454223633,16.737062454223633,17.207852163514193,16.70823792128125,17.034908631004907,14035100,2024-04-12
16.58333396911621,16.58333396911621,17.106967697883654,16.527607276184987,17.006084589400512,17413800,2024-04-15
16.468036651611328,16.468036651611328,16.698627384860668,16.247054094652242,16.650588335981645,11214400,2024-04-16
16.36235237121582,16.36235237121582,16.807200175480283,16.34313601629392,16.573726777639333,11256000,2024-04-17
16.371959686279297,16.371959686279297,16.448823269345624,16.18460298451852,16.419998738481112,12392500,2024-04-18
16.131763458251953,16.131763458251953,16.554512319537654,16.03568350520605,16.352746067456664,12486500,2024-04-19
16.170194625854492,16.170194625854492,16.31431364168538,15.99725107382834,16.275882759331076,8508500,2024-04-22
16.170194625854492,16.170194625854492,16.29509728422187,16.074114671109662,16.102939207304924,9110400,2024-04-23
16.26626968383789,16.26626968383789,16.37676095713195,16.126953883025838,16.26626968383789,10856000,2024-04-24
16.30470085144043,16.30470085144043,16.386369431275387,16.12215100488642,16.160581876371193,8383000,2024-04-25
16.49686050415039,16.49686050415039,16.60254860643797,16.21342572921093,16.333525179056934,9189400,2024-04-26
16.506471633911133,16.506471633911133,16.746670576587203,16.36235263481999,16.53529433418586,8335700,2024-04-29
16.333528518676758,16.333528518676758,16.717846470248762,16.314312162955023,16.362353052259362,10073000,2024-04-30
15.79548168182373,15.79548168182373,16.352743109606482,15.747440797703971,16.199015945567954,9407100,2024-05-01
15.88195514678955,15.88195514678955,15.997249615917807,15.622539842392158,15.958818737065904,11008600,2024-05-02
16.199018478393555,16.199018478393555,16.20862665671981,15.958819517955087,16.083722171051132,7951500,2024-05-03
16.48725700378418,16.48725700378418,16.525689718268467,16.285490750459754,16.352746168234564,9233700,2024-05-06
16.199018478393555,16.199018478393555,16.554511913601814,16.141369408436024,16.525689211195683,8273300,2024-05-07
16.506471633911133,16.506471633911133,16.516079811526875,16.05489644883372,16.11254551452818,8134900,2024-05-08
16.391176223754883,16.391176223754883,16.59294429947949,16.23264586593153,16.55451158693286,8599600,2024-05-09
16.391176223754883,16.391176223754883,16.612160655752806,16.32392080937088,16.429608936301513,6454400,2024-05-10
16.69862937927246,16.69862937927246,16.775492966202492,16.45843044104455,16.45843044104455,11969900,2024-05-13
16.958045959472656,16.958045959472656,16.96765413763972,16.73706335934804,16.785102417610744,11483000,2024-05-14
17.265501022338867,17.265501022338867,17.294325557995023,16.96765481751597,17.05412659191176,11307200,2024-05-15
17.188634872436523,17.188634872436523,17.371186572654803,17.05412405784011,17.275106633983476,10222600,2024-05-16
17.159812927246094,17.159812927246094,17.31834327532944,17.0349084517162,17.30393192529618,9238500,2024-05-17
17.10216522216797,17.10216522216797,17.33275783647499,17.025301628256507,17.198245172700457,10130500,2024-05-20
17.082950592041016,17.082950592041016,17.13098965072264,16.90039887042013,17.063734235539318,9328200,2024-05-21
17.438440322875977,17.438440322875977,17.467264851510063,17.04451426107128,17.102161485767226,10667200,2024-05-22
17.52491569519043,17.52491569519043,18.20708168649005,17.43844392400354,18.11100173710766,15612200,2024-05-23
17.688251495361328,17.688251495361328,17.870803220430275,17.582563365178363,17.61138790047535,13605300,2024-05-24
17.688251495361328,17.688251495361328,18.04374676706689,17.505699770292384,17.765115090247306,17948100,2024-05-28
17.467269897460938,17.467269897460938,17.678644337456134,17.45766171847396,17.524917138810036,14206500,2024-05-29
17.793935775756836,17.793935775756836,17.946702664405645,17.57295321734167,17.784327599403273,31909300,2024-05-30
16.958045959472656,16.958045959472656,17.26550033052823,16.63137523208296,17.20785309409846,33499300,2024-05-31
17.24628448486328,17.24628448486328,17.37118712631627,16.958044659662406,17.207851775140846,22762900,2024-06-03
16.910005569458008,16.910005569458008,17.25589079336894,16.90039739204764,17.150204506999817,30743300,2024-06-04
18.716299057006836,18.716299057006836,19.62905566898765,18.67786818346224,19.552192089326173,88492100,2024-06-05
18.821989059448242,18.821989059448242,19.254347883890155,18.33678617506649,18.61061465226135,30573600,2024-06-06
19.244739532470703,19.244739532470703,19.254347709879518,18.93728335310593,18.946891530514744,21612900,2024-06-07
19.782785415649414,19.782785415649414,19.83082447200613,19.16787669793528,19.215915754292,23519100,2024-06-10
19.75396156311035,19.75396156311035,19.869257867941695,19.398468135644517,19.69631432698098,15196800,2024-06-11
20.090240478515625,20.090240478515625,20.335244439208978,19.8404333450473,20.051809598598048,20247700,2024-06-12
20.90691566467285,20.90691566467285,21.041426482765612,19.97494445025274,20.042199859299117,22925400,2024-06-13
20.75318717956543,20.75318717956543,20.964561570713055,20.426516499791248,20.77240353309858,18473700,2024-06-14
20.810836791992188,20.810836791992188,21.099074797724914,20.36406660030568,20.998191678975715,20204900,2024-06-17
21.1104793548584,21.1104793548584,22.05774400502367,20.834999347857657,21.158808469068607,44296100,2024-06-18
20.76250457763672,20.76250457763672,21.980417104522125,20.690010903721127,21.903089412829605,25498900,2024-06-20
20.22121238708496,20.22121238708496,20.66584618971705,19.747580006336005,20.54018937181947,59893400,2024-06-21
19.78624153137207,19.78624153137207,20.327537222701544,19.771743165159936,20.134217069564215,19621200,2024-06-24
20.414531707763672,20.414531707763672,20.433862248735938,19.650919108410164,19.824906882624262,15186900,2024-06-25
20.22121238708496,20.22121238708496,20.308206277797805,20.028860130065016,20.08588937648176,17304900,2024-06-26
20.33720588684082,20.33720588684082,20.5981857285711,20.19221483254442,20.221213412131267,12921000,2024-06-27
20.462862014770508,20.462862014770508,20.564354274414004,20.19704816366897,20.337205194779195,17398900,2024-06-28
20.45319366455078,20.45319366455078,20.607849046829465,19.911899826575382,20.607849046829465,13452100,2024-07-01
20.414531707763672,20.414531707763672,20.458028651317196,20.114885277222648,20.16321623874749,11762400,2024-07-02
19.979562759399414,19.979562759399414,20.395199820459396,19.83457355856488,20.395199820459396,11412800,2024-07-03
19.863571166992188,19.863571166992188,19.994062006579107,19.612257524422336,19.98922983191491,15281400,2024-07-05
20.192214965820312,20.192214965820312,20.27920886151721,19.998896631545538,20.052059772653404,11118800,2024-07-08
20.54018783569336,20.54018783569336,20.892995546693463,20.10521841465893,20.11488460664165,15683100,2024-07-09
20.63684844970703,20.63684844970703,20.772171453716616,20.39519917475411,20.67551137500792,10414200,2024-07-10
20.491859436035156,20.491859436035156,20.69484394385803,20.2695406999331,20.646514825891916,9411900,2024-07-11
20.462862014770508,20.462862014770508,20.694845112657546,20.279208037579103,20.48219440050387,9206500,2024-07-12
20.723840713500977,20.723840713500977,20.76250363577455,20.443526691558144,20.549852954176117,9921600,2024-07-15
20.714176177978516,20.714176177978516,20.81083625684602,20.520856020243503,20.76250529559344,7878100,2024-07-16
20.114883422851562,20.114883422851562,20.57885139252897,20.037555735178245,20.472525130614095,12520200,2024-07-17
19.979562759399414,19.979562759399414,20.501524251131272,19.936065814785284,20.3178721237718,10713200,2024-07-18
19.795909881591797,19.795909881591797,20.023060809747072,19.757246952931773,19.96989766965645,10035700,2024-07-19
19.90223503112793,19.90223503112793,20.095555194358994,19.795908756987075,19.931233608703902,9656900,2024-07-22
19.853906631469727,19.853906631469727,19.984395626195095,19.72824796772546,19.815241859967557,6290300,2024-07-23
19.38027000427246,19.38027000427246,19.979560983047598,19.360939464547496,19.728245530247545,9554200,2024-07-24
18.800315856933594,18.800315856933594,19.322277374566788,18.76165108485227,19.25461586706228,11529800,2024-07-25
19.099960327148438,19.099960327148438,19.244949534123652,18.88247559486672,18.925972541323063,7954800,2024-07-26
18.76165008544922,18.76165008544922,19.259447015833643,18.742317700438363,19.1869533374995,7886100,2024-07-29
18.375011444091797,18.375011444091797,19.032297779659917,18.35567905924857,18.906639121816646,11214600,2024-07-30
19.244949340820312,19.244949340820312,19.423769299505683,18.98396766470365,19.1386230630755,12120400,2024-07-31
18.442672729492188,18.442672729492188,19.31260975714379,18.201023452720204,19.09029286498661,9310000,2024-08-01
17.427745819091797,17.427745819091797,18.065699737188826,17.350418127311478,17.93037489384507,12776500,2024-08-02
16.77046012878418,16.77046012878418,16.983110828026348,16.432150773542535,16.683466241903822,12876400,2024-08-05
16.673799514770508,16.673799514770508,16.973444091281188,16.65446713083108,16.81878870704099,14081300,2024-08-06
16.161502838134766,16.161502838134766,16.69313234898329,16.055178410875186,16.673799964522402,18905800,2024-08-07
16.731796264648438,16.731796264648438,16.75112865025364,16.34805781293775,16.34805781293775,9934500,2024-08-08
16.760793685913086,16.760793685913086,16.852619745741602,16.538476797715006,16.625470683294715,7352800,2024-08-09
16.61580467224121,16.61580467224121,16.837155496729373,16.490146016751012,16.809122986140324,13676700,2024-08-12
17.205429077148438,17.205429077148438,17.282756777850583,16.741462872935575,16.78012764510555,16886400,2024-08-13
17.186098098754883,17.186098098754883,17.253759604698217,16.954115002532987,17.234427219103615,10201100,2024-08-14
18.133363723754883,18.133363723754883,18.1768606715736,17.50507591142505,17.688728052314882,13126900,2024-08-15
18.046369552612305,18.046369552612305,18.20102495502051,17.940043272092478,18.065701938822787,8302500,2024-08-16
18.249351501464844,18.249351501464844,18.268683884947038,17.882045433490962,18.04636700581449,9017300,2024-08-19
18.143028259277344,18.143028259277344,18.210689762226924,17.853048019102122,18.191357377487705,9747600,2024-08-20
18.249351501464844,18.249351501464844,18.268683884947038,17.882045433490962,18.181690002914724,7719800,2024-08-21
18.143028259277344,18.143028259277344,18.413674271075664,18.109197507802552,18.278351265176504,7195100,2024-08-22
18.568330764770508,18.568330764770508,18.674657043514863,18.249353772175233,18.43300775083245,7959500,2024-08-23
18.539331436157227,18.539331436157227,18.829309809356673,18.452337555469885,18.587660550477956,7313700,2024-08-26
18.462003707885742,18.462003707885742,18.693986774680546,18.39434221052528,18.423338941601177,7637300,2024-08-27
18.365345001220703,18.365345001220703,18.53449875719793,18.172024842700154,18.365345001220703,8707000,2024-08-28
18.056034088134766,18.056034088134766,18.40400963342724,18.036701703699038,18.32668009568433,9558700,2024-08-29
18.72298812866211,18.72298812866211,18.916306457868806,18.471672641419378,18.510335569805598,18330200,2024-08-30
18.42333984375,18.42333984375,18.79064776688948,18.326679766942892,18.63599238145316,15341500,2024-09-03
18.143028259277344,18.143028259277344,18.385643603750175,17.94004190679092,18.297683649915722,21890700,2024-09-04
17.05077362060547,17.05077362060547,17.39874919445874,16.291994983782597,16.57714122488174,29090200,2024-09-05
16.944446563720703,16.944446563720703,17.205426360103424,16.722127846127062,16.987943503724075,16208800,2024-09-06
17.012109756469727,17.012109756469727,17.25375903754561,16.94444825275051,17.012109756469727,13693000,2024-09-09
15.562214851379395,15.562214851379395,15.977851930680714,15.417224722362729,15.842527072810041,70663200,2024-09-10
15.852191925048828,15.852191925048828,15.910187234295323,15.243236568866516,15.562213535178707,70763400,2024-09-11
16.296829223632812,16.296829223632812,16.369322906745793,15.65887522532186,15.813530628328284,41955200,2024-09-12
16.577138900756836,16.577138900756836,16.625469859036986,16.277494333970093,16.354822023580788,19822600,2024-09-13
16.65446662902832,16.65446662902832,16.73179431881852,16.248495796720395,16.2774943717558,14943400,2024-09-16
17.592069625854492,17.592069625854492,17.785387958005852,17.118435379534755,17.36975087060557,28391600,2024-09-17
17.6887264251709,17.6887264251709,17.94970808807613,17.43161271412127,17.65972969171766,17767100,2024-09-18
18.35071563720703,18.35071563720703,18.43833193291115,18.151145598509473,18.175483045798792,17085300,2024-09-19
18.3117733001709,18.3117733001709,18.389654241613172,18.01485163066345,18.292304457431413,30623000,2024-09-20
18.33124542236328,18.33124542236328,18.36531822083679,18.131675378377757,18.32151007182396,11338800,2024-09-23
18.379920959472656,18.379920959472656,18.45780190967612,18.29425247129734,18.448068415625468,10154800,2024-09-24
19.324228286743164,19.324228286743164,19.55300251831227,19.06137940094561,19.168466396676806,24344100,2024-09-25
19.810983657836914,19.810983657836914,19.947274840561306,19.45078314471489,19.69416131776736,17618600,2024-09-26
19.606544494628906,19.606544494628906,19.93753894954043,19.596809145151738,19.908334757936977,10396800,2024-09-27
19.918071746826172,19.918071746826172,19.9667485027563,19.411846482951518,19.557873037085137,16962200,2024-09-30
19.421581268310547,19.421581268310547,19.84019021614363,19.29502356340772,19.79151531845997,14802400,2024-10-01
19.957012176513672,19.957012176513672,20.112774074223125,19.42158088524096,19.470255781964557,12851100,2024-10-02
19.810983657836914,19.810983657836914,20.278269304458917,19.69416131776736,19.849923199974697,10884200,2024-10-03
20.073833465576172,20.073833465576172,20.2003893044551,19.74575977699945,20.141979060113147,8528200,2024-10-04
20.307476043701172,20.307476043701172,20.37075303392864,19.957010868412333,19.966746218484598,10961300,2024-10-07
20.414562225341797,20.414562225341797,20.492443173076488,20.210125433848834,20.40482687477143,11588800,2024-10-08
20.297740936279297,20.297740936279297,20.342522061684516,19.95993189772886,20.268534885713358,10816900,2024-10-09
19.995954513549805,19.995954513549805,20.38535927601611,19.849926102900113,20.151716418536328,18463700,2024-10-10
20.122509002685547,20.122509002685547,20.268535546620424,19.95701175773849,19.98621780925676,8488000,2024-10-11
20.171184539794922,20.171184539794922,20.375623193267128,20.083568239282307,20.103038940913624,8153300,2024-10-14
20.190654754638672,20.190654754638672,20.531384597658633,20.11277380681939,20.25880035187701,14362600,2024-10-15
20.336681365966797,20.336681365966797,20.414562314039866,20.141979924198253,20.24906506728106,13599300,2024-10-16
20.385356903076172,20.385356903076172,20.443767146439832,20.12737476929938,20.2685345595207,9672800,2024-10-17
20.141979217529297,20.141979217529297,20.5021778934193,19.84992427988065,20.472973699434178,10429200,2024-10-18
19.441051483154297,19.441051483154297,20.132246591301232,19.363170527275756,20.132246591301232,15063900,2024-10-21
19.363168716430664,19.363168716430664,19.431314314347848,19.051644922050237,19.32422917054725,11112200,2024-10-22
18.79852867126465,18.79852867126465,19.324226391295866,18.7352516862012,19.304755692740336,10069800,2024-10-23
18.88614845275879,18.88614845275879,18.954294053485256,18.72551980202188,18.90561915491731,9434600,2024-10-24
18.944557189941406,18.944557189941406,19.333963774709606,18.925088346165563,19.06137953673751,7901400,2024-10-25
19.20740509033203,19.20740509033203,19.353431623700093,18.96402691577589,19.07598065325234,8955900,2024-10-28
19.343698501586914,19.343698501586914,19.445916891221493,19.16846591545441,19.207405458579327,9709400,2024-10-29
19.801250457763672,19.801250457763672,20.49244365299269,19.694163455809985,20.39509385866567,15599700,2024-10-30
18.973764419555664,18.973764419555664,19.703899026111916,18.973764419555664,19.65522412840616,12163500,2024-10-31
19.528667449951172,19.528667449951172,19.70876866595162,18.993236119730163,19.037044272699404,12602000,2024-11-01
19.479990005493164,19.479990005493164,19.84992402694034,19.479990005493164,19.616281193895567,8093400,2024-11-04
19.47025489807129,19.47025489807129,19.73797053155413,19.333963707969815,19.48972559860813,9456000,2024-11-05
20.76502799987793,20.76502799987793,20.823438248107074,20.132245049715312,20.180919947101547,15601000,2024-11-06
20.872112274169922,20.872112274169922,21.091152997434232,20.609263406252747,20.794231334434617,11975400,2024-11-07
21.45622444152832,21.45622444152832,21.611986351423067,20.81370424217695,20.9013205485963,14164900,2024-11-08
21.436752319335938,21.436752319335938,21.80668636663688,21.310194615407603,21.534103970781967,10395900,2024-11-11
21.15443229675293,21.15443229675293,21.524368193553702,21.12522810167748,21.25178394627041,8487500,2024-11-12
21.27125358581543,21.27125358581543,21.563306662962187,21.037610752732387,21.183637291305764,10682400,2024-11-13
20.774761199951172,20.774761199951172,21.456220833778175,20.774761199951172,21.13495985970661,9000700,2024-11-14
20.511913299560547,20.511913299560547,20.92078872791978,20.424297003710123,20.823437081771733,10918000,2024-11-15
20.813701629638672,20.813701629638672,21.28098915749736,20.726087191045128,21.23231240624739,12030800,2024-11-18
20.95973014831543,20.95973014831543,20.993802945974235,20.307476532402525,20.65793985929713,9248700,2024-11-19
20.618999481201172,20.618999481201172,20.98893349375115,20.5167810923578,20.98893349375115,10338300,2024-11-20
21.164169311523438,21.164169311523438,21.378341471839605,20.735823134062684,20.755293836862812,12939500,2024-11-21
21.514633178710938,21.514633178710938,21.631453674492583,21.144697276136355,21.23231357638674,8865800,2024-11-22
21.62171745300293,21.62171745300293,22.02085939186369,21.485426261136666,21.80668539684159,21880100,2024-11-25
21.54383659362793,21.54383659362793,21.660658942004964,21.354001902239954,21.58277799536302,8299400,2024-11-26
20.24906349182129,20.24906349182129,20.881848234613557,20.08843486128051,20.560589116703877,16174000,2024-11-27
20.657939910888672,20.657939910888672,20.85264320384943,20.258799831464515,20.278270532126232,7085600,2024-11-29
20.68714714050293,20.68714714050293,21.02787699418276,20.434033587964436,20.638472242903664,12697300,2024-12-02
20.735820770263672,20.735820770263672,20.75529147084422,20.404826287707166,20.502177933781702,9325900,2024-12-03
21.183639526367188,21.183639526367188,21.495163336679763,20.803970114652284,20.930525966281127,11767000,2024-12-04
21.07655143737793,21.07655143737793,22.137680522253543,20.9986704888012,22.00138932645134,26020400,2024-12-05
23.315631866455078,23.315631866455078,23.5979496076217,21.865096187588225,22.079270187950772,37723200,2024-12-06
22.497879028320312,22.497879028320312,23.28642379320505,22.449202279359458,23.218278201487966,22240200,2024-12-09
21.339399337768555,21.339399337768555,22.293441377450293,21.193372798115746,22.030592491978325,20630800,2024-12-10
21.32966423034668,21.32966423034668,21.41728052650135,20.643337815020562,21.25178328452344,16182300,2024-12-11
21.251785278320312,21.251785278320312,21.582779793329333,21.18363967643523,21.245943696207767,12668200,2024-12-12
21.251785278320312,21.251785278320312,21.485428137709906,21.105758723305367,21.152487666548964,10279500,2024-12-13
21.27125358581543,21.27125358581543,21.456221524983405,20.687145574693734,21.254703676245544,22024400,2024-12-16
20.969465255737305,20.969465255737305,21.329663928766355,20.794232665905575,20.794232665905575,13269400,2024-12-17
20.044628143310547,20.044628143310547,21.222577707286252,20.00568674111552,21.09602186380893,15360500,2024-12-18
20.336681365966797,20.336681365966797,20.63847166447468,20.210125521658657,20.531384664563607,18372300,2024-12-19
21.169349670410156,21.169349670410156,21.198736742630636,20.17994442244584,20.189740736004588,43682400,2024-12-20
21.37506866455078,21.37506866455078,21.4142539224793,20.953836484098904,21.15955535131175,14384000,2024-12-23
21.443639755249023,21.443639755249023,21.473028696992923,21.305516026501103,21.414252681960953,5955400,2024-12-24
21.580787658691406,21.580787658691406,21.60037841931495,21.330986309067736,21.345681715105332,4815400,2024-12-26
21.208534240722656,21.208534240722656,21.468131893389025,21.081185894257843,21.3799669348919,6571000,2024-12-27
20.96363067626953,20.96363067626953,21.169349522655853,20.694238594879412,20.880364814284988,7219100,2024-12-30
20.914649963378906,20.914649963378906,21.154653092663107,20.753013601307146,21.032201982653223,7318600,2024-12-31
21.032203674316406,21.032203674316406,21.13016494389467,20.718729106430615,21.002816601361996,11584500,2025-01-02
21.37506866455078,21.37506866455078,21.40445760799717,21.00281805650955,21.13016640786536,8661800,2025-01-03
22.384063720703125,22.384063720703125,22.589780692679074,21.717929370285525,21.766909067863885,21505800,2025-01-06
21.825687408447266,21.825687408447266,22.57998485675881,21.801195690684693,22.57998485675881,12107300,2025-01-07
21.580787658691406,21.580787658691406,21.791403750156086,21.159555475762044,21.7473212689552,14520700,2025-01-08
21.6297664642334,21.6297664642334,22.51141418316335,21.046899786755766,21.384864216283084,26537200,2025-01-10
21.531803131103516,21.531803131103516,21.55139575749424,20.73342322446626,21.10077656124173,14949500,2025-01-13
22.080385208129883,22.080385208129883,22.433043136872733,21.580784451583867,21.708132784763517,17645900,2025-01-14
22.824888229370117,22.824888229370117,22.864073484987287,22.482026584999012,22.682846348897446,17963000,2025-01-15
22.93264389038086,22.93264389038086,23.030605152751434,22.741620456408857,22.883664193423407,11090300,2025-01-16
22.668149948120117,22.668149948120117,23.216732291929194,22.619170249205904,23.216732291929194,19931100,2025-01-17
23.216733932495117,23.216733932495117,23.265713634870387,22.63876447587871,22.81705253571881,11827700,2025-01-21
23.92205047607422,23.92205047607422,24.15715639831,23.35387736355713,23.598779599443045,14117400,2025-01-22
23.8632755279541,23.8632755279541,23.91715432120723,23.569391710697722,23.775110569622775,9303000,2025-01-23
23.873071670532227,23.873071670532227,24.034706180674533,23.667352813085106,24.02001264387683,9462800,2025-01-24
22.482027053833008,22.482027053833008,22.991422308288218,21.92364836037902,22.78570531737559,17887200,2025-01-27
21.02240753173828,21.02240753173828,22.570191493078582,20.552195676079766,22.570191493078582,30977900,2025-01-28
21.21833038330078,21.21833038330078,21.74732013000722,21.18404421843527,21.394660298869592,15537200,2025-01-29
20.75791358947754,20.75791358947754,21.639561245974164,19.92524563172016,21.600375992218176,27898800,2025-01-30
20.75791358947754,20.75791358947754,21.130164157880742,20.552194744170073,20.777504347899793,17010800,2025-01-31
20.04279899597168,20.04279899597168,20.50223734523291,19.993819293958058,20.194639061743295,16941500,2025-02-03
20.405254364013672,20.405254364013672,20.415050677733287,19.974225902629495,20.16035212639063,15540300,2025-02-04
20.92444610595703,20.92444610595703,21.041998124273842,20.356273034877386,20.385660105228766,12062000,2025-02-05
20.92444610595703,20.92444610595703,21.257513271947406,20.806892219184576,21.1203667593036,10698800,2025-02-06
20.836280822753906,20.836280822753906,21.257512929932453,20.70893062509473,21.120366419495216,10204900,2025-02-07
20.993019104003906,20.993019104003906,21.032202488552628,20.64525839164032,20.953833850999484,10673500,2025-02-10
20.748117446899414,20.748117446899414,20.988120588536187,20.689341434237146,20.79709714604201,11291800,2025-02-11
20.65995216369629,20.65995216369629,20.84117928977623,20.4346425617098,20.561990898519987,7928600,2025-02-12
20.84607696533203,20.84607696533203,21.00281423159008,20.56198950245457,20.8166880272378,9625100,2025-02-13
21.267309188842773,21.267309188842773,21.326087070526235,20.74811764649593,20.855875227793174,9807700,2025-02-14
21.33588409423828,21.33588409423828,21.414252737302046,20.85587592191574,21.36037394486024,11685600,2025-02-18
21.404455184936523,21.404455184936523,21.458333974260995,21.159552955974906,21.2575142212507,8427700,2025-02-19
21.29669952392578,21.29669952392578,21.51711192352918,21.095879752832886,21.41425342653289,8675800,2025-02-20
20.70893096923828,20.70893096923828,21.52690534947123,20.63056233416707,21.44363762370177,7811900,2025-02-21
20.326885223388672,20.326885223388672,20.82256784838139,20.23872027053366,20.767709987663736,13306200,2025-02-24
19.876266479492188,19.876266479492188,20.307293071925,19.753815360821456,20.287700444508292,11058000,2025-02-25
19.954635620117188,19.954635620117188,20.361172372681594,19.82728540717713,20.072187650647876,10821500,2025-02-26
19.435443878173828,19.435443878173828,20.258315637131446,19.406054933762487,20.072189392771605,9331100,2025-02-27
19.40605354309082,19.40605354309082,19.621568716417812,18.84767671848155,19.200336552321456,17708400,2025-02-28
18.641958236694336,18.641958236694336,19.680343158502737,18.499914496263532,19.66075053186627,11757900,2025-03-03
18.455833435058594,18.455833435058594,18.730124623624306,17.961129851078994,18.475426063196686,16369000,2025-03-04
18.504812240600586,18.504812240600586,18.7105310891741,18.19623677042397,18.563590122167742,15371900,2025-03-05
17.59377670288086,17.59377670288086,18.306932681050103,17.515408057798428,17.946436539979743,25150000,2025-03-06
15.487617492675781,15.487617492675781,15.712928030894993,14.625561527828294,14.948832397867617,81950800,2025-03-07
14.772502899169922,14.772502899169922,15.350472329455789,14.547193288978697,15.193735046848346,32930200,2025-03-10
15.027200698852539,15.027200698852539,15.188836130234863,14.615764885474288,14.713726149317814,29627200,2025-03-11
14.782299041748047,14.782299041748047,15.203531184549663,14.625561760955227,14.939036322540867,26594000,2025-03-12
14.468825340270996,14.468825340270996,15.110468971994976,14.3414760584995,14.801891614641134,30915000,2025-03-13
15.301492691040039,15.301492691040039,15.370065023087113,14.743115851849963,14.743115851849963,27800100,2025-03-14
15.517005920410156,15.517005920410156,15.634558882325033,15.281899996580401,15.330879696707346,19419600,2025-03-17
15.605171203613281,15.605171203613281,15.712928788305879,15.399453282378586,15.433739446879715,24407600,2025-03-18
16.006811141967773,16.006811141967773,16.20763091138258,15.736438102458658,15.752112578827258,21482800,2025-03-19
15.899052619934082,15.899052619934082,16.1439548545053,15.733499964966216,15.771704280077588,19402600,2025-03-20
15.849676132202148,15.849676132202148,15.918804031013073,15.584034461593683,15.741049402241812,47407400,2025-03-21
16.274309158325195,16.274309158325195,16.34343517205099,16.11136953790619,16.195307730703913,24161700,2025-03-24
16.313812255859375,16.313812255859375,16.382938275695114,16.195309162181843,16.254559767249223,21198200,2025-03-25
15.869426727294922,15.869426727294922,16.343435296635956,15.834863720168551,16.29406011032475,23621500,2025-03-26
15.741049766540527,15.741049766540527,15.859551913359233,15.563297017198144,15.76080059522932,18129300,2025-03-27
15.59292221069336,15.59292221069336,15.72129977096921,15.326292617636854,15.652173754578884,19216400,2025-03-28
15.23741626739502,15.23741626739502,15.355918417242039,15.049787157142044,15.286791456836083,31786500,2025-03-31
15.444794654846191,15.444794654846191,15.538608264494732,15.084349570476569,15.296666267061443,22897300,2025-04-01
15.918804168701172,15.918804168701172,15.99780559876861,15.197914942121646,15.197914942121646,23638200,2025-04-02
13.509258270263672,13.509258270263672,15.109038706199417,13.430256837015342,14.941160425103872,35325800,2025-04-03
12.630365371704102,12.630365371704102,13.143875598021337,11.81566255280783,13.143875598021337,32655000,2025-04-04
13.163625717163086,13.163625717163086,14.022766972453539,12.156357016459955,12.185982317188223,35719900,2025-04-07
12.353860855102539,12.353860855102539,13.775887563494646,12.106981146288042,13.538883269057854,31348400,2025-04-08
14.319023132324219,14.319023132324219,14.412837685507839,11.998353489342444,12.215607897115065,39493500,2025-04-09
13.56850814819336,13.56850814819336,13.894389278345983,13.035248031418943,13.76601172074475,23011200,2025-04-10
13.963517189025879,13.963517189025879,14.003017906234764,13.262378752239634,13.558633660420577,23791800,2025-04-11
14.101768493652344,14.101768493652344,14.674529334225344,14.091894021193134,14.674529334225344,24166100,2025-04-14
14.822657585144043,14.822657585144043,15.346042291490244,14.022766933530393,14.101768363100712,48695200,2025-04-15
14.694279670715332,14.694279670715332,15.00040996744221,14.41777467391689,14.536276815401935,25806100,2025-04-16
14.951035499572754,14.951035499572754,15.069537646749373,14.565902814920227,14.78315722229637,22462900,2025-04-17
14.635028839111328,14.635028839111328,14.832533359606387,14.36839924327716,14.763406400724577,19119900,2025-04-21
14.960909843444824,14.960909843444824,15.054724395650013,14.723905551130883,14.832533224769946,15465600,2025-04-22
15.158413887023926,15.158413887023926,16.057055840209376,15.123849938094914,15.583046328667358,19315600,2025-04-23
15.978055953979492,15.978055953979492,16.06693280483196,15.227541370971315,15.247291259065529,18837500,2025-04-24
16.03730583190918,16.03730583190918,16.13111944419733,15.8595521382746,16.017555002940288,10292000,2025-04-25
16.2841854095459,16.2841854095459,16.333562481562275,15.997805926021725,16.08174412313551,15464700,2025-04-28
16.10643196105957,16.10643196105957,16.279248890417524,16.05705677183886,16.145933619270327,10251100,2025-04-29
16.017553329467773,16.017553329467773,16.08668122363659,15.514907404460864,15.523794899859778,18477400,2025-04-30
16.205183029174805,16.205183029174805,16.550814978884564,16.195307615349655,16.195307615349655,14720300,2025-05-01
16.649566650390625,16.649566650390625,16.777943258535554,16.437249969443506,16.570565226099315,15404600,2025-05-02
16.461938858032227,16.461938858032227,16.777944580088374,16.42243720100387,16.45206344377514,14118200,2025-05-05
16.2841854095459,16.2841854095459,16.432312858509622,16.131119311609183,16.363186841229396,12831500,2025-05-06
16.35331153869629,16.35331153869629,16.392813196579617,15.973116557511503,16.35331153869629,13249300,2025-05-07
16.659442901611328,16.659442901611328,16.916196130812352,16.481689217131677,16.501438161540708,11542200,2025-05-08
16.67919158935547,16.67919158935547,16.896446926395235,16.550814976730457,16.753256251263135,15585200,2025-05-09
17.518585205078125,17.518585205078125,17.75558951701605,17.32601931934999,17.627212887711572,19595800,2025-05-12
17.69633674621582,17.69633674621582,17.83458877372339,17.454393814534967,17.57783366296461,14354000,2025-05-13
17.627212524414062,17.627212524414062,17.95309368205514,17.54327243950654,17.74077697048899,16650200,2025-05-14
17.400083541870117,17.400083541870117,17.49883392330553,17.22232984161791,17.49883392330553,16691600,2025-05-15
17.528459548950195,17.528459548950195,17.612397746915082,17.355644503997354,17.459333530969058,11741700,2025-05-16
17.24207878112793,17.24207878112793,17.326018865566997,17.113702155185745,17.143328399730613,16883600,2025-05-19
17.49883270263672,17.49883270263672,17.795089476905297,17.36354348404021,17.795089476905297,16293800,2025-05-20
17.321081161499023,17.321081161499023,17.844464935303154,17.26676732454742,17.380331763835915,19962700,2025-05-21
17.33095359802246,17.33095359802246,17.484019684899675,17.1235755611655,17.316141419259125,14241400,2025-05-22
17.202577590942383,17.202577590942383,17.25195277758159,16.817445861237207,16.965573304697454,9263400,2025-05-23
17.716087341308594,17.716087341308594,17.75558711284508,17.380330807306812,17.607459673383726,16322100,2025-05-27
17.469207763671875,17.469207763671875,17.78027482354315,17.409955280659883,17.725962872762718,10687900,2025-05-28
17.429706573486328,17.429706573486328,17.677573251677543,17.355643793058682,17.6173356742798,15549200,2025-05-29
17.0643253326416,17.0643253326416,17.232203601922905,16.876696235552473,17.163075704595514,26151300,2025-05-30
17.123577117919922,17.123577117919922,17.158140127204973,16.81250815081172,17.06432651393737,15657300,2025-06-02
17.469207763671875,17.469207763671875,17.548209190811935,16.94088536650849,17.103824985934978,27275600,2025-06-03
17.61733627319336,17.61733627319336,18.960362499616124,17.36058114852179,18.93073625631231,45635500,2025-06-04
17.538333892822266,17.538333892822266,17.83458877566869,17.301329609836607,17.55808472062339,23709700,2025-06-05
17.88396644592285,17.88396644592285,18.00246764962502,17.538334481963282,17.63708674074354,14262900,2025-06-06
18.08146858215332,18.08146858215332,18.35797452241723,17.933341139832255,17.972842795673937,13415500,2025-06-09
18.111095428466797,18.111095428466797,18.2888491186014,17.958029332285847,18.2888491186014,12940900,2025-06-10
17.992591857910156,17.992591857910156,18.19009637132705,17.893841484744343,18.071593286568387,12487100,2025-06-11
17.903715133666992,17.903715133666992,18.007406039845264,17.74077551003138,17.834589118576574,12763100,2025-06-12
17.429706573486328,17.429706573486328,17.735836876381097,17.311205371385032,17.53833424503139,13037100,2025-06-13
18.012344360351562,18.012344360351562,18.012344360351562,17.538335744339292,17.57783552056891,13992300,2025-06-16
17.676586151123047,17.676586151123047,18.032093522014197,17.617335550488733,17.8049646499638,14023000,2025-06-17
17.686534881591797,17.686534881591797,18.074484124698266,17.611928382230357,17.776061921896687,18678700,2025-06-18
17.86558723449707,17.86558723449707,18.09437961596069,17.68653504950944,17.930246074736058,33361800,2025-06-20
17.71637725830078,17.71637725830078,17.870563149499638,17.398059712761935,17.80590430514886,25782800,2025-06-23
18.054588317871094,18.054588317871094,18.15406301522716,17.845693161013198,17.89542956103021,12645900,2025-06-24
18.39280128479004,18.39280128479004,18.522118961493796,18.104326747405302,18.144115488245035,12015900,2025-06-25
18.273433685302734,18.273433685302734,18.532065251430918,18.228670164757066,18.497249390708966,15446600,2025-06-26
18.313222885131836,18.313222885131836,18.47735643034356,18.173959438762246,18.3430658653491,17126500,2025-06-27
20.342500686645508,20.342500686645508,20.85976574651009,20.014235482531234,20.581238844426593,58082000,2025-06-30
20.37234115600586,20.37234115600586,20.59615876508732,19.994339558585523,20.014234878797687,26402600,2025-07-01
21.138294219970703,21.138294219970703,21.357137053565,20.153498622813085,20.432027417923983,29651200,2025-07-02
21.227821350097656,21.227821350097656,21.357137139258107,21.03881959918112,21.327296055702263,12296600,2025-07-03
20.800081253051758,20.800081253051758,21.17310997265071,20.660817804877915,21.108451130003345,24657200,2025-07-07
20.710554122924805,20.710554122924805,20.899555871323635,20.44197299056681,20.829924147524636,23841100,2025-07-08
20.690658569335938,20.690658569335938,20.909503295747996,20.486736281656984,20.909503295747996,18238600,2025-07-09
21.178083419799805,21.178083419799805,21.60582139762779,20.606105326783428,20.829922923934273,34641500,2025-07-10
20.6110782623291,20.6110782623291,20.939343439909695,20.57128952124282,20.939343439909695,20877600,2025-07-11
20.561342239379883,20.561342239379883,20.73840602997696,20.34249941607974,20.47181519863844,12232300,2025-07-14
20.17339324951172,20.17339324951172,20.79013298539471,20.17339324951172,20.750344243074256,11868700,2025-07-15
20.243024826049805,20.243024826049805,20.402183588831782,19.964496042520288,20.282813568084244,15635300,2025-07-16
20.720500946044922,20.720500946044922,21.048766128780912,20.491710463569976,20.78018500727271,18801600,2025-07-17
20.99903106689453,20.99903106689453,21.073635673857968,20.770238672502227,20.859765718716126,14176300,2025-07-18
20.551395416259766,20.551395416259766,20.979135317810965,20.531500095880133,20.899555933614614,15437700,2025-07-21
20.302709579467773,20.302709579467773,20.586211253914595,20.15349847144137,20.541447731774458,13488100,2025-07-22
20.650869369506836,20.650869369506836,21.043793394759238,20.551394668549985,20.551394668549985,16135000,2025-07-23
20.402183532714844,20.402183532714844,20.6210263566076,20.387262991658233,20.59118527449438,12227700,2025-07-24
20.62102699279785,20.62102699279785,20.62102699279785,20.39223650203478,20.62102699279785,8927400,2025-07-25
20.77023696899414,20.77023696899414,20.81699077927396,20.561341809842766,20.71055290885404,21449000,2025-07-28
20.74039649963379,20.74039649963379,20.98908230443198,20.61107881863834,20.829923541146908,18352500,2025-07-29
20.78018569946289,20.78018569946289,20.979135106612013,20.650869912941474,20.765265157989464,14022900,2025-07-30
20.58123779296875,20.58123779296875,21.0875609697161,20.551394813274904,20.810028278655196,11267300,2025-07-31
19.705862045288086,19.705862045288086,20.183340218032175,19.55665094638396,20.183340218032175,14724600,2025-08-01
19.91476058959961,19.91476058959961,19.949576452034538,19.725758838294148,19.92470824991276,14705200,2025-08-04
19.765548706054688,19.765548706054688,20.02915505340968,19.531783441149162,19.974443872489484,12199300,2025-08-05
20.024179458618164,20.024179458618164,20.203233535305397,19.546703185666903,19.755600240909363,18907400,2025-08-06
20.292760848999023,20.292760848999023,20.44197194915566,20.024179730323826,20.352444909597263,16213100,2025-08-07
20.700605392456055,20.700605392456055,20.904527671890406,20.402183192369417,20.4519195932765,15199300,2025-08-08
20.48176383972168,20.48176383972168,20.96918780859904,20.4618685191988,20.819976699321842,15792900,2025-08-11
21.20792579650879,21.20792579650879,21.3223210426345,20.630974787127446,20.79013355541732,17056900,2025-08-12
21.44666290283203,21.44666290283203,21.64561230215124,21.168136020571644,21.2875041423055,16222700,2025-08-13
21.20792579650879,21.20792579650879,21.367084564798663,21.018924047668744,21.12834641236385,7800500,2025-08-14
21.04876708984375,21.04876708984375,21.267609922552495,20.924424183170608,21.267609922552495,14998500,2025-08-15
21.516294479370117,21.516294479370117,21.551112236741687,20.98908180015085,20.99902945978243,12214900,2025-08-18
21.227821350097656,21.227821350097656,21.566034210760005,21.188030708926934,21.436716524277355,11587600,2025-08-19
20.929397583007812,20.929397583007812,21.506348556065976,20.33255129083542,21.48645323695175,16999500,2025-08-20
21.705297470092773,21.705297470092773,21.79482451462052,21.302427667040106,21.566034021859476,20562600,2025-08-21
22.331985473632812,22.331985473632812,22.570723612614696,21.72519151789423,21.755034496762743,18245300,2025-08-22
22.44140625,22.44140625,22.55082861006583,22.22753630841065,22.37177452898432,17378800,2025-08-25
22.381723403930664,22.381723403930664,22.625436338039677,22.28224869822653,22.431459808121627,17056400,2025-08-26
22.61051368713379,22.61051368713379,22.74977903274397,22.123089720803623,22.202669105157078,23389900,2025-08-27
23.038253784179688,23.038253784179688,23.187464893937822,22.580672794611782,22.70004092348941,24964900,2025-08-28
22.45135498046875,22.45135498046875,22.744804316830926,22.312091531795915,22.719936114899664,19962600,2025-08-29
22.56077766418457,22.56077766418457,22.5906187479944,21.804772551405996,21.934088341667103,27797200,2025-09-02
22.700040817260742,22.700040817260742,22.91888554804927,22.45632978183812,22.83930426607367,34179900,2025-09-03
23.038253784179688,23.038253784179688,24.04791758744267,22.56077747402478,23.774363569999057,62528800,2025-09-04
23.396360397338867,23.396360397338867,23.436149138523874,22.58067128116444,23.038252240063432,24237500,2025-09-05
23.376466751098633,23.376466751098633,23.650020769785346,22.92883152246786,23.475941457163493,19157100,2025-09-08
23.754467010498047,23.754467010498047,23.853941710922765,23.252122524470252,23.296886044795272,16873500,2025-09-09
24.311525344848633,24.311525344848633,24.549269298232556,23.804206064185717,23.88378544758448,21361400,2025-09-10
24.72931671142578,24.72931671142578,24.828789514180666,24.316497370169046,24.450787930674654,20845500,2025-09-11
24.600000381469727,24.600000381469727,24.968056222746245,24.600000381469727,24.724343289055792,20692400,2025-09-12
24.709421157836914,24.709421157836914,24.905386068480027,24.376181200334624,24.66963051925428,18368000,2025-09-15
24.301576614379883,24.301576614379883,24.83873695433141,24.212049574834282,24.779052893741703,21439300,2025-09-16
24.600000381469727,24.600000381469727,24.827796679238862,24.122524071696564,24.420946290974243,25280500,2025-09-17
25.239999771118164,25.239999771118164,25.350000381469727,24.889999389648438,25.0,22034800,2025-09-18
24.989999771118164,24.989999771118164,25.31999969482422,24.860000610351562,25.209999084472656,32895700,2025-09-19
25.15999984741211,25.15999984741211,25.356000900268555,24.899999618530273,24.954999923706055,28153200,2025-09-22
24.700000762939453,24.700000762939453,25.315000534057617,24.68000030517578,25.1200008392334,25207500,2025-09-23
24.459999084472656,24.459999084472656,25.06599998474121,24.3700008392334,24.889999389648438,25135600,2025-09-24
24.209999084472656,24.209999084472656,24.2549991607666,23.8700008392334,24.020000457763672,32909800,2025-09-25
24.0,24.0,24.149999618530273,23.80500030517578,24.079999923706055,20647700,2025-09-26
24.139999389648438,24.139999389648438,24.684999465942383,24.100000381469727,24.309999465942383,19445300,2025-09-29
24.559999465942383,24.559999465942383,24.565000534057617,23.979999542236328,24.100000381469727,22897400,2025-09-30
24.93000030517578,24.93000030517578,24.975000381469727,24.229999542236328,24.3799991607666,27908400,2025-10-01
24.479999542236328,24.479999542236328,25.309999465942383,24.40999984741211,25.170000076293945,17599900,2025-10-02
24.43000030517578,24.43000030517578,25.0,24.299999237060547,24.600000381469727,20800300,2025-10-03
24.790000915527344,24.790000915527344,25.2549991607666,24.764999389648438,24.969999313354492,15656000,2025-10-06
24.90999984741211,24.90999984741211,25.920000076293945,24.665000915527344,25.459999084472656,21949800,2025-10-07
26.079999923706055,26.079999923706055,26.440000534057617,24.850000381469727,24.860000610351562,29025300,2025-10-08
26.25,26.25,26.3700008392334,25.739999771118164,26.040000915527344,20274400,2025-10-09
24.399999618530273,24.399999618530273,26.367000579833984,24.389999389648438,26.25,35814900,2025-10-10
24.799999237060547,24.799999237060547,25.454999923706055,24.75,24.950000762939453,35267900,2025-10-13
25.0,25.0,25.3700008392334,24.280000686645508,24.3799991607666,34533600,2025-10-14
25.040000915527344,25.040000915527344,26.309999465942383,24.864999771118164,25.25,50347700,2025-10-15
22.5,22.5,23.489999771118164,22.110000610351562,22.969999313354492,78889800,2025-10-16
22.959999084472656,22.959999084472656,23.270000457763672,22.239999771118164,22.350000381469727,65685500,2025-10-17
22.8700008392334,22.8700008392334,23.104999542236328,22.440000534057617,23.065000534057617,60189800,2025-10-20
23.270000457763672,23.270000457763672,23.43000030517578,22.6200008392334,22.959999084472656,81272500,2025-10-21
23.09000015258789,23.09000015258789,23.2450008392334,22.600000381469727,23.139999389648438,50450400,2025-10-22
23.190000534057617,23.190000534057617,23.459999084472656,23.05500030517578,23.139999389648438,30706700,2025-10-23
23.5,23.5,23.698999404907227,23.274999618530273,23.65999984741211,19914300,2025-10-24
24.18000030517578,24.18000030517578,24.21500015258789,23.579999923706055,23.780000686645508,35603400,2025-10-27
24.25,24.25,24.697999954223633,23.690000534057617,24.25,38284100,2025-10-28
24.270000457763672,24.270000457763672,24.59000015258789,24.079999923706055,24.549999237060547,35121100,2025-10-29
24.40999984741211,24.40999984741211,24.74799919128418,24.040000915527344,24.149999618530273,39387200,2025-10-30
24.420000076293945,24.420000076293945,24.920000076293945,24.200000762939453,24.489999771118164,33572100,2025-10-31
24.5,24.5,24.780000686645508,24.110000610351562,24.6200008392334,28309400,2025-11-03
23.559999465942383,23.559999465942383,24.100000381469727,23.43000030517578,23.934999465942383,35378300,2025-11-04
23.709999084472656,23.709999084472656,24.030000686645508,23.389999389648438,23.600000381469727,27393700,2025-11-05
23.399999618530273,23.399999618530273,23.899999618530273,23.125,23.68000030517578,22854200,2025-11-06
23.450000762939453,23.450000762939453,23.524999618530273,22.790000915527344,23.270000457763672,21932600,2025-11-07
23.8799991607666,23.8799991607666,24.40999984741211,23.579999923706055,24.114999771118164,34049800,2025-11-10
22.889999389648438,22.889999389648438,23.75,22.764999389648438,23.700000762939453,28882000,2025-11-11
23.479999542236328,23.479999542236328,23.69499969482422,23.0,23.06999969482422,37546600,2025-11-12
22.93000030517578,22.93000030517578,23.594999313354492,22.649999618530273,23.270000457763672,42098300,2025-11-13
22.829999923706055,22.829999923706055,23.420000076293945,22.350000381469727,22.479999542236328,29807000,2025-11-14
21.229999542236328,21.229999542236328,22.190000534057617,20.735000610351562,21.940000534057617,50382100,2025-11-17
20.899999618530273,20.899999618530273,21.454999923706055,20.719999313354492,21.010000228881836,43252800,2025-11-18
20.600000381469727,20.600000381469727,21.145000457763672,20.56999969482422,20.81999969482422,26653200,2025-11-19
20.020000457763672,20.020000457763672,21.309999465942383,19.924999237060547,21.1200008392334,24343600,2025-11-20
20.520000457763672,20.520000457763672,20.790000915527344,19.950000762939453,20.18000030517578,22404400,2025-11-21
21.09000015258789,21.09000015258789,21.25,20.655000686645508,20.829999923706055,35604100,2025-11-24
21.360000610351562,21.360000610351562,21.450000762939453,20.93000030517578,21.110000610351562,21491200,2025-11-25
21.530000686645508,21.530000686645508,21.610000610351562,21.100000381469727,21.600000381469727,19609800,2025-11-26
21.8700008392334,21.8700008392334,21.934999465942383,21.540000915527344,21.584999084472656,7707800,2025-11-28
21.940000534057617,21.940000534057617,22.030000686645508,21.479999542236328,21.559999465942383,25190200,2025-12-01
21.920000076293945,21.920000076293945,22.239999771118164,21.844999313354492,22.229999542236328,16830400,2025-12-02
22.260000228881836,22.260000228881836,22.40999984741211,21.81999969482422,21.885000228881836,19079400,2025-12-03
22.899999618530273,22.899999618530273,23.09000015258789,22.299999237060547,22.309999465942383,33710900,2025-12-04
23.329999923706055,23.329999923706055,23.55500030517578,20.610000610351562,20.899999618530273,47409100,2025-12-05
23.860000610351562,23.860000610351562,24.364999771118164,23.049999237060547,23.135000228881836,26246100,2025-12-08
24.770000457763672,24.770000457763672,24.809999465942383,23.670000076293945,23.690000534057617,31516600,2025-12-09
25.260000228881836,25.260000228881836,25.40999984741211,24.579999923706055,24.739999771118164,40648800,2025-12-10
24.540000915527344,24.540000915527344,24.899999618530273,24.045000076293945,24.729999542236328,31575300,2025-12-11
23.8700008392334,23.8700008392334,24.434999465942383,23.684999465942383,24.389999389648438,31112244,2025-12-12
