Price,Close,High,Low,Open,Volume,Date
402.71270751953125,402.71270751953125,409.25834680679924,398.94113412140655,398.94113412140655,335000,2020-12-14
402.80767822265625,402.80767822265625,410.3698142525907,402.71267061330434,406.7882564188122,365900,2020-12-15
408.3557434082031,408.3557434082031,408.6502466758674,401.3921240582329,405.2111860723698,351600,2020-12-16
414.9489440917969,414.9489440917969,416.64948477064314,408.80232523949917,411.2628688738527,418700,2020-12-17
420.91510009765625,420.91510009765625,421.83661899612804,413.4669602034829,415.30048854003013,771800,2020-12-18
413.29595947265625,413.29595947265625,420.2690901489376,405.98080714057477,416.6970121487826,328700,2020-12-21
415.708984375,415.708984375,416.5070252398716,409.8853966977434,413.73295911789563,216400,2020-12-22
407.206298828125,407.206298828125,416.1934627305243,407.206298828125,413.2579100211686,227100,2020-12-23
410.8448181152344,410.8448181152344,412.7828631509658,407.6147623838497,407.6147623838497,77600,2020-12-24
414.5594177246094,414.5594177246094,420.27854557366226,408.9448069485948,415.8324385734417,301100,2020-12-28
412.8494567871094,412.8494567871094,418.73955281177837,411.8994384935572,418.73955281177837,171200,2020-12-29
415.1484375,415.1484375,416.8679680959434,412.34590124883044,415.3194628074603,172600,2020-12-30
424.2116394042969,424.2116394042969,424.5631415109029,414.5499412412687,415.58548662593984,255600,2020-12-31
415.7659912109375,415.7659912109375,432.286793119596,411.7474036693558,428.2302257233188,408600,2021-01-04
409.8092956542969,409.8092956542969,418.09345449429725,405.1352229235439,415.00589572583294,319400,2021-01-05
413.41949462890625,413.41949462890625,417.2575478560128,402.69377943030435,409.0683943870478,430000,2021-01-06
421.4660339355469,421.4660339355469,424.65808076055384,414.4548958828877,415.99392053010536,391200,2021-01-07
430.05426025390625,430.05426025390625,431.3652900953549,421.46611603246436,421.47559650035805,305200,2021-01-08
429.208740234375,429.208740234375,432.41980646049706,423.5941290685278,428.6387235032563,277900,2021-01-11
430.5387878417969,430.5387878417969,433.0278311036265,426.6817159335444,427.96424641359795,391600,2021-01-12
416.48797607421875,416.48797607421875,431.30826589916074,413.8184272324171,430.66226047666,414000,2021-01-13
389.0513916015625,389.0513916015625,419.8604998051335,388.3768868862038,417.42845585273375,813200,2021-01-14
394.5425720214844,394.5425720214844,396.2811216740073,383.8453861221012,388.48147987248694,816300,2021-01-15
390.9134826660156,390.9134826660156,395.67305392986384,386.1063930988455,395.16006499821174,851200,2021-01-19
397.6016540527344,397.6016540527344,402.2092486707794,388.38649380890234,392.19604753057297,491200,2021-01-20
393.6400451660156,393.6400451660156,400.898169104809,393.4880387756411,398.0576239773371,412300,2021-01-21
391.2934875488281,391.2934875488281,395.7585555416407,389.3459329097019,393.7730210502294,406500,2021-01-22
383.3228759765625,383.3228759765625,394.2386059977972,380.1593277827083,391.31253338754465,671000,2021-01-25
384.3868713378906,384.3868713378906,387.37945202792815,378.1167740633989,386.08741212818467,985100,2021-01-26
373.68017578125,373.68017578125,383.493880560563,371.1721426718181,380.1593072183547,690600,2021-01-27
375.4757080078125,375.4757080078125,380.8337956424089,361.0069202156422,364.3604833411131,1136900,2021-01-28
375.54217529296875,375.54217529296875,378.0122283616287,361.2349038087532,373.14813991443907,901300,2021-01-29
395.445068359375,395.445068359375,397.0410919474052,380.39678383168877,385.40336921490706,716200,2021-02-01
403.8812255859375,403.8812255859375,410.7023490264999,397.5826005372322,399.0361271644524,744900,2021-02-02
396.03411865234375,396.03411865234375,405.42981342680616,394.80858694431447,402.2187469780708,624100,2021-02-03
408.6883239746094,408.6883239746094,411.1678575129873,397.2215975613936,397.2215975613936,457300,2021-02-04
408.327392578125,408.327392578125,411.66196632853206,406.36084759751265,408.6503953442905,440100,2021-02-05
401.6012268066406,401.6012268066406,413.0109263183555,398.9696576889601,409.92336699396253,336200,2021-02-08
397.07904052734375,397.07904052734375,407.8047522948634,393.8679749199433,402.19014221086286,416500,2021-02-09
398.6846008300781,398.6846008300781,401.00264732220876,389.3554160947207,401.00264732220876,473000,2021-02-10
405.5247802734375,405.5247802734375,406.3418110524591,395.73009433883306,400.9266953772137,421800,2021-02-11
413.0393371582031,413.0393371582031,413.44786695381015,402.84566203681936,402.84566203681936,296800,2021-02-12
418.8820495605469,418.8820495605469,423.32812790641196,414.64494739213393,417.2385075900163,607200,2021-02-16
417.36199951171875,417.36199951171875,420.5825461100536,413.3434121180708,414.6639513226381,397800,2021-02-17
416.4197082519531,416.4197082519531,422.94843842342544,415.31575283679643,415.3918766763946,392300,2021-02-18
412.06097412109375,412.06097412109375,421.47335022917133,411.1187925861218,418.2089990749901,516000,2021-02-19
393.62640380859375,393.62640380859375,408.97745729442823,392.19884192029645,406.95031476603475,466400,2021-02-22
395.1015319824219,395.1015319824219,396.4053671686611,385.12765170005474,391.97993120763346,366100,2021-02-23
397.08111572265625,397.08111572265625,397.3856401912722,385.86999730996854,391.9799460427043,480600,2021-02-24
386.678955078125,386.678955078125,400.1836941415062,381.15906020578296,397.62359725631853,906400,2021-02-25
394.5019226074219,394.5019226074219,400.26926978300685,389.66725956898256,390.9901183612029,662200,2021-02-26
399.7458190917969,399.7458190917969,401.9823381915057,393.0838646081294,397.89950366853225,342900,2021-03-01
398.5847473144531,398.5847473144531,408.8156063164064,390.5618574118097,399.7172819367794,726200,2021-03-02
389.9337158203125,389.9337158203125,402.18219039729786,389.65771242969424,396.300643241606,811200,2021-03-03
389.2485656738281,389.2485656738281,394.83508689602274,382.72936017101534,387.72582708981145,789900,2021-03-04
394.69232177734375,394.69232177734375,396.4244372150686,380.69270597959996,391.97042194037294,633900,2021-03-05
383.1861572265625,383.1861572265625,394.2925721782847,382.7769297992223,393.99754505217237,614000,2021-03-08
394.5019226074219,394.5019226074219,396.6718153166141,385.49877459094586,387.35461649283394,507500,2021-03-09
390.0289306640625,390.0289306640625,401.2495456666867,389.7339035445321,398.50865136690294,300700,2021-03-10
390.25738525390625,390.25738525390625,393.70256361189433,384.49003702208097,391.4755703480649,472200,2021-03-11
396.4149475097656,396.4149475097656,396.50059774784097,384.4900469673097,389.7625176248253,565200,2021-03-12
399.2890930175781,399.2890930175781,399.9362765523358,389.0677580527983,394.35925238468786,325900,2021-03-15
396.4624938964844,396.4624938964844,405.998626356755,393.10296591961935,400.7071323599447,383000,2021-03-16
393.2171630859375,393.2171630859375,396.3006873664572,387.50691572567433,394.8445754513429,351400,2021-03-17
386.0317687988281,386.0317687988281,391.1995359267551,384.10932922166506,389.7624766915351,366100,2021-03-18
390.5428161621094,390.5428161621094,395.1110312307025,387.08814109192593,387.1928150135291,713100,2021-03-19
399.1081848144531,399.1081848144531,399.44128836635974,389.53400629219317,389.53400629219317,476000,2021-03-22
400.4406433105469,400.4406433105469,403.6574208042544,393.56931080170943,397.2143394433884,363900,2021-03-23
403.552734375,403.552734375,405.161123187804,397.42373264848806,400.6309839002545,383600,2021-03-24
392.1512145996094,392.1512145996094,403.41946129252506,388.8583135152514,402.55340364913644,387300,2021-03-25
404.3521728515625,404.3521728515625,404.8185004770069,392.03706902211,392.57954955200853,404700,2021-03-26
405.7796936035156,405.7796936035156,407.8829599350536,398.0899065332193,402.9055461947212,320000,2021-03-29
397.3475646972656,397.3475646972656,402.8008322399979,394.22596402499613,401.8205742892376,293600,2021-03-30
399.0321044921875,399.0321044921875,404.80897866676736,396.51961062978097,398.6419007509708,395300,2021-03-31
407.8543701171875,407.8543701171875,418.23750580341573,401.37324225841917,403.16245758717366,410900,2021-04-01
419.3319396972656,419.3319396972656,421.70171175535876,408.2540765395705,410.5572220843443,516400,2021-04-05
418.8466491699219,418.8466491699219,421.1212159295149,414.3450603839984,419.76980698711736,232200,2021-04-06
416.32464599609375,416.32464599609375,419.99822466838975,412.32746106872423,416.37221977511103,190100,2021-04-07
423.7860107421875,423.7860107421875,429.2107282411726,418.7419415432699,421.4543148146722,308600,2021-04-08
426.8409423828125,426.8409423828125,426.9265925983671,419.0750033572117,422.9294373200689,234800,2021-04-09
431.2569580078125,431.2569580078125,432.83676765945097,421.1117476907759,424.27139603787487,317900,2021-04-12
437.7856140136719,437.7856140136719,439.67950335418726,428.9537662666271,431.28546213270573,319400,2021-04-13
435.3206787109375,435.3206787109375,445.0947075952906,434.9971015364446,438.7848800831341,407300,2021-04-14
446.9696044921875,446.9696044921875,447.9403651275163,437.78562916733244,437.78562916733244,328300,2021-04-15
450.6526794433594,450.6526794433594,451.5472871235661,443.18179624213184,450.1007016833981,312800,2021-04-16
445.6562805175781,445.6562805175781,450.9382771757294,442.1444757858641,446.64606493834066,266000,2021-04-19
445.42779541015625,445.42779541015625,448.10209197425866,440.4598795888617,443.8765070667752,222200,2021-04-20
447.8927001953125,447.8927001953125,452.1658587325396,445.2374274195736,448.45420428698924,233800,2021-04-21
448.9681701660156,448.9681701660156,451.7757198905694,443.79087723158676,446.5603505105558,325000,2021-04-22
463.00592041015625,463.00592041015625,464.77608326657884,449.253728833888,449.8438121631841,434900,2021-04-23
463.48175048828125,463.48175048828125,466.5177010336711,460.08414629139236,462.33019205362933,474800,2021-04-26
464.0623474121094,464.0623474121094,466.3083935085067,453.92666250819207,463.9100996829728,409600,2021-04-27
460.6551513671875,460.6551513671875,465.38514056288204,456.63894306192685,465.38514056288204,288400,2021-04-28
470.93359375,470.93359375,471.24767361245057,460.2649566319951,463.5959341856044,287300,2021-04-29
462.3111267089844,462.3111267089844,469.8867423502038,458.95159905217776,464.5000722606831,379400,2021-04-30
462.72039794921875,462.72039794921875,465.99427548658906,458.07605869649245,463.4627289580515,235800,2021-05-03
459.1990661621094,459.1990661621094,463.5103018287801,452.67986117570706,458.99921563345885,338200,2021-05-04
455.08770751953125,455.08770751953125,462.17794347298144,449.2918095006609,462.17794347298144,270100,2021-05-05
452.9272766113281,452.9272766113281,456.0013033563111,446.8268259391268,456.0013033563111,253900,2021-05-06
459.01824951171875,459.01824951171875,460.9597418216832,452.06126686515233,454.9163906558796,204800,2021-05-07
453.8600158691406,453.8600158691406,462.6633143611094,453.51738590612547,458.82790346037757,244800,2021-05-10
449.84375,449.84375,452.2325168887128,440.2409924961993,448.4732884097803,346400,2021-05-11
437.95697021484375,437.95697021484375,447.90233019950523,436.8529854754344,443.8765949979903,420200,2021-05-12
439.5680847167969,439.5680847167969,446.54642218925386,439.14861990086985,440.0256906322994,296700,2021-05-13
441.827392578125,441.827392578125,444.8113004053962,439.04370367432875,443.0953293876111,353500,2021-05-14
434.5059509277344,434.5059509277344,441.8274712437767,433.4382328516201,441.8274712437767,422900,2021-05-17
432.894775390625,432.894775390625,436.4220848804239,429.53908628551403,434.0196904261124,319900,2021-05-18
426.69818115234375,426.69818115234375,427.93751950466105,422.3224285553279,425.86879413039816,382100,2021-05-19
435.88824462890625,435.88824462890625,439.40601172252127,427.81359100734556,429.15778103518596,347200,2021-05-20
435.5545349121094,435.5545349121094,439.66335771469,434.85859814045654,436.4601749674909,227800,2021-05-21
441.2459716796875,441.2459716796875,446.3176617956275,437.93793659236286,438.26206322626535,233800,2021-05-24
442.9237976074219,442.9237976074219,448.2719597471517,441.66543218613504,443.03822091220815,288600,2021-05-25
443.39093017578125,443.39093017578125,449.2729220609716,442.4566623256239,448.5770142673751,290100,2021-05-26
442.6949462890625,442.6949462890625,446.3461925532547,439.5108484469205,442.05623566704793,504500,2021-05-27
446.2795104980469,446.2795104980469,450.5599253892895,441.8370177469875,446.02209443205186,223300,2021-05-28
440.4069519042969,440.4069519042969,450.56938606173765,439.6061634855605,449.13940050832326,320000,2021-06-01
446.98486328125,446.98486328125,449.44445463530724,440.44507688755436,440.44507688755436,303300,2021-06-02
440.41656494140625,440.41656494140625,445.23083877119143,437.0894449046155,445.20224021927106,318100,2021-06-03
444.592041015625,444.592041015625,445.4214570994358,438.5670571493149,443.3622743502673,213100,2021-06-04
442.6949462890625,442.6949462890625,446.5463823952007,441.62722834117443,445.3070440610839,349600,2021-06-07
441.74169921875,441.74169921875,444.82094594734957,439.3488468748203,442.92381156723934,248700,2021-06-08
444.08685302734375,444.08685302734375,446.346255075464,439.2344379386387,443.3814026614868,253600,2021-06-09
454.2206115722656,454.2206115722656,456.9757310882971,443.1811356935254,444.8685082047219,413300,2021-06-10
457.1283264160156,457.1283264160156,460.4077627716314,454.363663989857,455.59345989649665,237700,2021-06-11
467.85321044921875,467.85321044921875,468.0343443037224,456.3847259790148,457.91002082705813,291700,2021-06-14
471.8952941894531,471.8952941894531,477.17671633514607,465.87982317077166,469.0162667065125,442800,2021-06-15
472.75323486328125,472.75323486328125,482.43900751220696,469.8646651069295,475.4606707823426,534500,2021-06-16
481.9433288574219,481.9433288574219,482.639236621721,471.7427524149869,471.7427524149869,375800,2021-06-17
479.4265441894531,479.4265441894531,482.7631775659261,474.7934043799693,480.13202360095295,628800,2021-06-18
491.5242004394531,491.5242004394531,492.5919183467004,473.563556024219,481.42847668290005,366700,2021-06-21
497.81622314453125,497.81622314453125,499.66567388804754,489.3507020284644,490.52327183759894,542600,2021-06-22
499.4080810546875,499.4080810546875,501.2385042385191,496.71021719361767,497.3203000686407,380300,2021-06-23
508.19793701171875,508.19793701171875,508.7222535360826,499.84681007322234,503.17390127987227,595900,2021-06-24
506.9299621582031,506.9299621582031,510.33333531809166,497.4443781213738,507.5305608444347,1028400,2021-06-25
509.5228271484375,509.5228271484375,510.80984889641087,503.17371769169847,510.0090314852549,383100,2021-06-28
516.863525390625,516.863525390625,517.931243344287,507.1110419695139,508.61730979874824,339800,2021-06-29
508.19793701171875,508.19793701171875,516.720655275301,507.68310485018606,514.9284016315929,426700,2021-06-30
509.1034851074219,509.1034851074219,510.84802559002634,506.8154849454256,507.63532936540753,329700,2021-07-01
516.6157836914062,516.6157836914062,516.7874332154827,509.72326978496693,511.6775723494261,254600,2021-07-02
524.3471069335938,524.3471069335938,525.8819440873699,516.1199189541779,517.9407415735243,351500,2021-07-06
529.8287963867188,529.8287963867188,531.1538722707676,524.3471844390409,526.8830001902696,246600,2021-07-07
527.7027587890625,527.7027587890625,528.9516104585307,520.5051767799514,525.9105056500343,324100,2021-07-08
534.08056640625,534.08056640625,534.233130796432,527.0450322054643,530.0289403127529,308600,2021-07-09
533.8135375976562,533.8135375976562,537.1597125938947,530.5436447781595,534.814515695665,221400,2021-07-12
531.544677734375,531.544677734375,540.5440553723677,529.085086410316,533.518064684186,233900,2021-07-13
529.27587890625,529.27587890625,533.6611454104884,526.1394643376386,532.0405413890988,194200,2021-07-14
533.7182006835938,533.7182006835938,537.6745169462645,527.845752838048,528.3033295520175,239600,2021-07-15
538.4657592773438,538.4657592773438,545.2534183266636,533.4131560785877,534.2425429156358,298700,2021-07-16
530.8488159179688,530.8488159179688,538.3419265346243,525.5101680729271,534.0519697132357,322000,2021-07-19
537.2646484375,537.2646484375,540.7728726962632,530.8201708695638,533.4894656114204,232800,2021-07-20
538.4945068359375,538.4945068359375,543.5661968028516,536.1493673567261,537.7223168292728,207100,2021-07-21
545.444091796875,545.444091796875,547.08378037164,539.3046858142924,540.4963402504594,173900,2021-07-22
551.9268188476562,551.9268188476562,553.0136219309712,545.4632556338775,546.6644529168817,165100,2021-07-23
549.0191650390625,549.0191650390625,553.6236768083021,539.8386527696578,547.4080455913097,323200,2021-07-26
556.9412841796875,556.9412841796875,568.6289843784424,549.3814338890812,559.6010364724249,327100,2021-07-27
564.2151489257812,564.2151489257812,566.1408233174792,558.9051287018209,561.4218591585096,261000,2021-07-28
566.9989013671875,566.9989013671875,569.6396270467827,561.7556202011447,564.3677182358791,260700,2021-07-29
568.1427612304688,568.1427612304688,573.6052869122026,564.2150726006392,564.7203038585695,279100,2021-07-30
582.404541015625,582.404541015625,585.9890476990233,572.1086559414854,572.1086559414854,313000,2021-08-02
590.1741333007812,590.1741333007812,592.3191117106808,573.3574886024662,582.099450985325,321500,2021-08-03
595.083740234375,595.083740234375,598.2774097995397,591.7948197522686,591.7948197522686,300900,2021-08-04
598.0961303710938,598.0961303710938,605.913395078051,588.6772890907417,598.0484758310898,271200,2021-08-05
599.5453491210938,599.5453491210938,603.8638755919903,587.1997945203913,599.6978553240906,248900,2021-08-06
598.3822021484375,598.3822021484375,603.7780467765874,593.3581677212266,599.8217302190527,325300,2021-08-09
595.9036254882812,595.9036254882812,605.4654324366411,595.1790901290308,598.6873145440071,329800,2021-08-10
595.7702026367188,595.7702026367188,602.3671873144807,592.6051605069495,598.8780476635638,260500,2021-08-11
596.973388671875,596.973388671875,598.1670299283463,590.3749654507377,593.2874384598749,243700,2021-08-12
601.6141357421875,601.6141357421875,602.5308146600892,591.864455804146,596.9827740399224,257800,2021-08-13
601.7957763671875,601.7957763671875,603.466874210643,592.2943798291725,599.9623013407008,386700,2021-08-16
601.0985107421875,601.0985107421875,601.413648296009,592.4756781778756,598.720787116202,225800,2021-08-17
582.6973266601562,582.6973266601562,601.9579003926797,581.9142912158688,601.1175725150663,313500,2021-08-18
582.4969482421875,582.4969482421875,586.2306325444799,567.4952435604007,575.4783607856905,474500,2021-08-19
590.9574584960938,590.9574584960938,591.1580112125838,580.5871170706123,584.6836729508619,243400,2021-08-20
593.182373046875,593.182373046875,599.0932864919214,591.0051435621422,591.0051435621422,165500,2021-08-23
590.4894409179688,590.4894409179688,597.2884155921685,590.3080051492786,595.0157183983667,242900,2021-08-24
599.599365234375,599.599365234375,601.7479193734679,591.7118332194669,592.1606143303344,251800,2021-08-25
595.7796630859375,595.7796630859375,601.6428420958063,594.2136502743889,601.6428420958063,153400,2021-08-26
601.20361328125,601.20361328125,604.0205595921573,596.6104847551459,597.7277164822373,163500,2021-08-27
609.6449584960938,609.6449584960938,614.5054901857792,602.549963542194,602.549963542194,285400,2021-08-30
605.9686889648438,605.9686889648438,612.299766620098,604.7273137602034,609.7310483988616,275000,2021-08-31
619.9390869140625,619.9390869140625,621.9730562575439,604.8992072319405,608.480130965779,237200,2021-09-01
620.1395874023438,620.1395874023438,629.3736381248609,616.5777805442548,621.8393605272506,304400,2021-09-02
621.4096069335938,621.4096069335938,624.7326853741969,617.2462004279454,617.2462004279454,238600,2021-09-03
626.2510986328125,626.2510986328125,629.3450076645231,613.0923685087191,621.2091296305665,296300,2021-09-07
629.45947265625,629.45947265625,636.9937493561472,621.7151430962426,625.4679437648408,237600,2021-09-08
623.4244384765625,623.4244384765625,633.6420184347961,622.5172595407982,631.2547361213425,211200,2021-09-09
621.5240478515625,621.5240478515625,628.9246215559662,621.2280272347163,626.2127020241971,212100,2021-09-10
614.2476806640625,614.2476806640625,626.6711059636381,606.6179364433189,626.5946966175828,320800,2021-09-13
623.8160400390625,623.8160400390625,626.7476299706796,614.5819892780969,618.0005941696255,277900,2021-09-14
618.1724243164062,618.1724243164062,626.6329389421423,617.5803829586939,623.6058812540638,305000,2021-09-15
622.7464599609375,622.7464599609375,623.7013728439363,615.3745021968934,620.0535986368901,506400,2021-09-16
612.7293701171875,612.7293701171875,622.0302704835327,609.7978388783406,616.3007932298923,562100,2021-09-17
605.9781494140625,605.9781494140625,609.3871368771548,596.7536589749512,602.5977207448993,446800,2021-09-20
611.812744140625,611.812744140625,616.4058731394771,608.3272885289491,611.7172178748223,249100,2021-09-21
616.0618896484375,616.0618896484375,618.7451917337579,608.2029192866423,617.3796737043269,224900,2021-09-22
624.1119995117188,624.1119995117188,625.0286786091366,618.4779899980491,621.0658249805294,266400,2021-09-23
631.5507202148438,631.5507202148438,631.9040333141088,617.6376327039484,621.4095501973719,215000,2021-09-24
609.8839111328125,609.8839111328125,626.967321023736,601.0414062199425,626.2702530891877,288000,2021-09-27
570.8469848632812,570.8469848632812,600.8121597347005,569.5196417933929,598.8450412683878,717500,2021-09-28
583.165283203125,583.165283203125,585.8103521380308,573.129139926677,577.4453646152913,359100,2021-09-29
580.9117431640625,580.9117431640625,594.9775916256616,577.7604839461185,587.8443619070674,321100,2021-09-30
583.165283203125,583.165283203125,587.1472534276959,568.1731399544001,583.785941579341,298600,2021-10-01
560.8203735351562,560.8203735351562,582.267739743434,554.0309563317314,580.2242120072638,481900,2021-10-04
574.9721069335938,574.9721069335938,577.5503832240548,564.534916724789,564.7736449316233,301500,2021-10-05
572.8903198242188,572.8903198242188,574.7619696728838,561.5173353656024,569.1756954834591,252200,2021-10-06
581.0645141601562,581.0645141601562,586.5648219268295,576.8819908910509,577.9897225213374,287600,2021-10-07
573.0623168945312,573.0623168945312,583.4422153101328,571.2957513674676,581.933436629859,184400,2021-10-08
570.2835083007812,570.2835083007812,585.2755930030332,566.9508135888545,569.1948936940173,221000,2021-10-11
568.4119873046875,568.4119873046875,575.4496917498557,565.5376897277275,575.4496917498557,164900,2021-10-12
571.324462890625,571.324462890625,576.2518468390722,566.5690145794695,574.2751698428858,218800,2021-10-13
585.0274047851562,585.0274047851562,586.3260723262722,577.9610260929392,579.1451087500307,217000,2021-10-14
588.3027954101562,588.3027954101562,592.2083567958146,586.3642941165135,592.2083567958146,215200,2021-10-15
591.8740844726562,591.8740844726562,593.2873368275784,585.361571898974,588.3408953020964,181000,2021-10-18
602.511962890625,602.511962890625,605.9973605756134,594.28061700927,596.3432035659172,237700,2021-10-19
595.25439453125,595.25439453125,607.7924035314636,590.9286701051715,604.727170922343,291300,2021-10-20
607.735107421875,607.735107421875,608.6995786134801,593.6692614285698,595.2162154029222,256300,2021-10-21
619.8243408203125,619.8243408203125,619.9198087817477,609.9409589153183,609.9409589153183,270000,2021-10-22
622.6318969726562,622.6318969726562,632.7921261097748,611.8795682066607,620.3305242050769,386700,2021-10-25
614.1236572265625,614.1236572265625,630.4526465676688,612.9300159506552,622.7656084074786,310000,2021-10-26
608.2794189453125,608.2794189453125,629.4880520069922,607.7732872141867,617.3606484812601,357700,2021-10-27
625.7831420898438,625.7831420898438,626.4324759249366,608.4610065730469,608.4610065730469,291700,2021-10-28
634.9024658203125,634.9024658203125,636.1152238008638,620.5310389611071,620.6265069336246,253600,2021-10-29
627.4827270507812,627.4827270507812,639.5241632986805,614.0089216233563,638.7793616326177,229700,2021-11-01
624.8282470703125,624.8282470703125,631.8850099292956,623.6441642614957,627.3778484914429,343000,2021-11-02
616.5489501953125,616.5489501953125,628.399450247391,609.9792039928084,624.5129482999138,265800,2021-11-03
631.8372192382812,631.8372192382812,637.1560912285029,616.826016022012,617.3512064745031,217000,2021-11-04
623.8829956054688,623.8829956054688,635.9721706828167,623.5010070244816,635.7238839335024,271200,2021-11-05
624.3316040039062,624.3316040039062,626.1364033820988,616.186227232631,625.8785582471404,245400,2021-11-08
623.3862915039062,623.3862915039062,630.2425596282953,619.6239320741887,624.5130818134926,289000,2021-11-09
614.0324096679688,614.0324096679688,623.1950903195841,608.2842153089115,620.5361680639646,267300,2021-11-10
613.353271484375,613.353271484375,619.5414473007033,611.3734405064893,618.5180530246215,141600,2021-11-11
624.141845703125,624.141845703125,624.3139972878045,607.8154657623895,615.9451769488259,321300,2021-11-12
632.15673828125,632.15673828125,635.7242278696142,622.4106476730852,625.9399008155733,165900,2021-11-15
645.7383422851562,645.7383422851562,650.2335486375247,631.6595619410218,631.6595619410218,294100,2021-11-16
637.3883056640625,637.3883056640625,648.4638551099612,633.2947883797816,646.2257683315569,252900,2021-11-17
636.4415893554688,636.4415893554688,641.0133842495277,632.6540794657726,639.9516952748834,170700,2021-11-18
628.2640991210938,628.2640991210938,638.6701343411074,626.6189977593865,636.0303598981707,277000,2021-11-19
609.154541015625,609.154541015625,629.2970950348333,609.0588623224687,628.3788948123473,379400,2021-11-22
604.793212890625,604.793212890625,611.0960980980122,594.9418681091315,607.9590160552247,343400,2021-11-23
614.6444702148438,614.6444702148438,619.2927383798711,598.0215963662994,600.4796455917384,412600,2021-11-24
593.9852905273438,593.9852905273438,612.1097734987034,591.9480761548314,603.8366329724033,228200,2021-11-26
617.3703002929688,617.3703002929688,621.1578105431863,603.7410776678736,607.3085677868806,376900,2021-11-29
602.0291137695312,602.0291137695312,621.5786829435795,600.9387618826885,611.316077093979,539900,2021-11-30
589.4996337890625,589.4996337890625,614.2235531939135,588.9449426308013,610.8186414713392,317200,2021-12-01
602.1534423828125,602.1534423828125,609.2119499979825,589.6910439862914,589.6910439862914,446800,2021-12-02
577.1617431640625,577.1617431640625,605.9122282737939,566.8130909775223,605.0801330078683,423000,2021-12-03
581.6569213867188,581.6569213867188,585.243558511829,567.1764577566389,578.730227827679,373300,2021-12-06
609.317138671875,609.317138671875,609.4892902736268,593.7176583480588,595.0662084165801,302400,2021-12-07
617.9441528320312,617.9441528320312,618.8049107522003,604.3053574819726,608.1789140633775,258600,2021-12-08
592.9331665039062,592.9331665039062,615.7824454301546,592.2827967764123,615.7824454301546,347100,2021-12-09
600.776123046875,600.776123046875,602.8898106533863,593.5071695814753,599.17883183252,192600,2021-12-10
594.6741333007812,594.6741333007812,606.3809099829624,592.8186436386533,599.4180223019819,490500,2021-12-13
565.3209228515625,565.3209228515625,589.0213887056235,561.1891102117896,586.8311701601278,520600,2021-12-14
576.1763916015625,576.1763916015625,576.625947058858,563.560993328762,568.1997448289659,443400,2021-12-15
569.1944580078125,569.1944580078125,588.1796982749979,566.2199546452658,581.322065243078,405800,2021-12-16
564.5079345703125,564.5079345703125,570.8491133652776,556.120025989382,566.6694904447805,585800,2021-12-17
554.0639038085938,554.0639038085938,556.9332146086136,548.2105144466553,554.3413078800801,462000,2021-12-20
568.7545776367188,568.7545776367188,569.7110142615502,553.5664177405533,560.1466480132357,272900,2021-12-21
577.8599243164062,577.8599243164062,579.0937066565816,566.0383805936922,569.4241455308975,265600,2021-12-22
584.6409912109375,584.6409912109375,589.7483297200534,581.4560411398567,582.6515868326982,183700,2021-12-23
591.8142700195312,591.8142700195312,592.9524318631122,584.3349291011787,588.4380209358083,176200,2021-12-27
588.189453125,588.189453125,596.0130987254096,587.8642973211015,593.5646229834141,132000,2021-12-28
588.0076293945312,588.0076293945312,592.0916323089817,584.4592870109983,589.3753267113217,155900,2021-12-29
585.855712890625,585.855712890625,591.6326278966366,585.5783672641743,589.8823323971899,166700,2021-12-30
585.9990234375,585.9990234375,589.4230821134674,583.9139990793118,584.7939042267478,149900,2021-12-31
569.634521484375,569.634521484375,590.2457183549881,563.3411523672464,587.5677075741643,297500,2022-01-03
565.3783569335938,565.3783569335938,579.9066308347673,558.5876806053946,578.8067054236302,381800,2022-01-04
541.4579467773438,541.4579467773438,566.0479556605898,540.5876150548996,564.4698117351384,548400,2022-01-05
538.4547119140625,538.4547119140625,541.3431694135993,526.2505703446775,538.0912612998322,705600,2022-01-06
527.9530029296875,527.9530029296875,541.5056931993964,527.6469362126934,538.4546581119083,551600,2022-01-07
518.2546997070312,518.2546997070312,521.3344557818175,505.3523798698674,518.8476857033479,1081200,2022-01-10
529.2153930664062,529.2153930664062,531.2716962898311,515.8444309452135,520.540507958937,676700,2022-01-11
534.724609375,534.724609375,543.2560078000281,530.8223315651683,536.2548846380174,532800,2022-01-12
510.1727294921875,510.1727294921875,539.4683819587179,507.44690902225443,534.6861998176093,596600,2022-01-13
503.79339599609375,503.79339599609375,507.1792188580757,494.7550586185454,507.1504977400051,564300,2022-01-14
494.1812744140625,494.1812744140625,500.10161984491333,486.36717383417823,491.3023906444002,648900,2022-01-18
491.0345458984375,491.0345458984375,508.8720524494654,490.489370062254,499.661563844545,524600,2022-01-19
493.3778076171875,493.3778076171875,509.48422600119227,492.325750684538,497.3757640642764,573100,2022-01-20
479.0025634765625,479.0025634765625,493.5021159949692,477.81656229796914,491.3501337417431,648300,2022-01-21
484.9803161621094,484.9803161621094,486.1949801423814,454.30738724348765,468.84523531053077,911400,2022-01-24
471.44671630859375,471.44671630859375,481.2501909302862,468.30960559717727,473.6943188469679,703600,2022-01-25
470.691162109375,470.691162109375,490.05900381409793,464.4743240313158,481.56584189274093,863700,2022-01-26
470.3659362792969,470.3659362792969,494.3820730837466,467.3818589312743,469.8781443015185,1078100,2022-01-27
485.99420166015625,485.99420166015625,487.34278095584807,456.65072970587863,462.4275865559692,550700,2022-01-28
512.7648315429688,512.7648315429688,513.7977995094334,488.82522245455664,488.84434068055367,815400,2022-01-31
521.6405029296875,521.6405029296875,522.4343032127767,504.1376678599668,515.041067571309,890400,2022-02-01
525.8775634765625,525.8775634765625,536.7809059262012,515.9210255649059,536.7809059262012,634600,2022-02-02
516.772216796875,516.772216796875,522.405641942796,510.89010881410474,516.4757238089977,660700,2022-02-03
530.5449829101562,530.5449829101562,538.6937832845041,509.3407408374161,514.055966408099,680900,2022-02-04
526.4705810546875,526.4705810546875,536.5609763318431,521.9561695790912,527.7139370607745,614400,2022-02-07
522.348388671875,522.348388671875,523.180483987044,502.0814912932847,505.8976646441496,669900,2022-02-08
537.010498046875,537.010498046875,539.6885675683205,512.6500827687506,514.5151460510914,490800,2022-02-09
521.3630981445312,521.3630981445312,534.1697971757509,517.3173903396081,525.6383997506313,552500,2022-02-10
510.9858703613281,510.9858703613281,526.2601361312126,506.91144076142115,522.1761912005591,470500,2022-02-11
509.7519836425781,509.7519836425781,513.0517015681588,499.18337095083297,509.8858987760816,481800,2022-02-14
522.577880859375,522.577880859375,526.939229809919,515.7680563291619,521.3919087096347,382300,2022-02-15
519.9188842773438,519.9188842773438,523.3047070189459,511.05275717093366,519.8232639730206,268400,2022-02-16
509.30126953125,509.30126953125,516.3541804711102,506.37855802357706,513.8051497747583,440200,2022-02-17
505.0082092285156,505.0082092285156,515.9229168199653,501.692574503084,511.0165798837421,312900,2022-02-18
499.5557556152344,499.5557556152344,510.88251458375777,494.46734400770487,499.70905308788736,597100,2022-02-22
488.1427307128906,488.1427307128906,508.7263807801104,486.5328441362132,504.1362885493722,672100,2022-02-23
487.25152587890625,487.25152587890625,488.69852287111127,469.73435224645266,471.42091672774706,1485900,2022-02-24
491.7937927246094,491.7937927246094,495.8664404313819,479.9303755991593,489.63765587106053,911600,2022-02-25
480.7544860839844,480.7544860839844,487.9511032535291,475.9152342066807,483.8017777125924,897500,2022-02-28
479.4991455078125,479.4991455078125,492.55077818054787,476.43266982150806,481.310260594201,835600,2022-03-01
489.76226806640625,489.76226806640625,493.30784993459986,482.9489816067785,485.4787994957089,656000,2022-03-02
485.9483337402344,485.9483337402344,497.3613633227538,483.91680581829746,494.7069364439266,358200,2022-03-03
477.0075988769531,477.0075988769531,484.11797453985236,470.6926036231184,484.11797453985236,582700,2022-03-04
447.8953857421875,447.8953857421875,476.7968120379226,447.42584280701175,476.45184888001694,716100,2022-03-07
446.5538635253906,446.5538635253906,453.8750610761424,432.0360774591649,448.4799957712353,798500,2022-03-08
467.7603454589844,467.7603454589844,474.5832232627806,455.3315822383009,459.7875319435928,595600,2022-03-09
445.8446960449219,445.8446960449219,461.0811827343007,439.3188798822403,457.27684977984364,769500,2022-03-10
437.5748291015625,437.5748291015625,453.59710446343826,435.51455447711027,449.54361188816324,662600,2022-03-11
438.24560546875,438.24560546875,442.6440904958735,433.6746681045857,440.8041992316854,567000,2022-03-14
451.28765869140625,451.28765869140625,454.4882768583713,440.80418295720216,445.41345913946753,471900,2022-03-15
472.38873291015625,472.38873291015625,473.00203969784695,456.7401979397166,459.6629095063474,549200,2022-03-16
477.64007568359375,477.64007568359375,477.649667741188,465.5371215495706,466.68705718591633,415900,2022-03-17
498.62615966796875,498.62615966796875,500.92597221592825,478.0041737721434,479.59490523302,858100,2022-03-18
485.8429260253906,485.8429260253906,498.29084489030186,481.08032260247904,492.44542085212566,421900,2022-03-21
488.4876708984375,488.4876708984375,493.43231782048514,482.79554538418296,490.91206331827874,488100,2022-03-22
470.7501525878906,470.7501525878906,484.29051280092193,470.28060963094686,482.9680954794847,574800,2022-03-23
475.04315185546875,475.04315185546875,478.1766839256711,470.22305538966845,473.09786511266844,477600,2022-03-24
469.849365234375,469.849365234375,478.15757907027114,466.25585270474653,477.9563213128744,360200,2022-03-25
486.6191101074219,486.6191101074219,486.62870216599543,471.68927564624295,472.8104352242708,952900,2022-03-28
495.2052307128906,495.2052307128906,504.3279217848524,489.4843281206688,495.6843657362053,720300,2022-03-29
488.9859619140625,488.9859619140625,492.6082209552755,485.2007841229517,489.6184235554269,558300,2022-03-30
481.894775390625,481.894775390625,496.0963424273897,481.894775390625,491.92783324009065,917000,2022-03-31
494.4672546386719,494.4672546386719,494.7260062206796,479.77699034790464,483.9262860320335,725900,2022-04-01
497.8308410644531,497.8308410644531,505.7173841948737,494.1702427634769,496.5755097443091,611400,2022-04-04
491.8128356933594,491.8128356933594,495.6267896179247,489.1967776164381,495.21474058483784,550700,2022-04-05
485.5074157714844,485.5074157714844,488.42056431653265,479.6524009996006,485.8332240126166,617600,2022-04-06
488.7176818847656,488.7176818847656,491.50622174661316,482.32600835428997,483.32261730569104,772500,2022-04-07
485.3541259765625,485.3541259765625,490.5000308055896,484.2233744812614,489.53219806527534,588100,2022-04-08
465.805419921875,465.805419921875,481.0514977935042,465.5945993706088,481.0514977935042,579400,2022-04-11
460.2666320800781,460.2666320800781,476.2026658453416,458.5034189015365,468.2777839773608,508300,2022-04-12
472.6858215332031,472.6858215332031,474.0274228977032,457.09477951858236,457.09477951858236,476800,2022-04-13
462.556884765625,462.556884765625,475.9343241596935,462.18314547365907,473.8357107739298,440000,2022-04-14
458.06268310546875,458.06268310546875,464.0039399617178,455.1782808518593,461.3207954774868,299600,2022-04-18
470.0505676269531,470.0505676269531,471.1813483989393,455.23572231640907,458.23511195351546,468000,2022-04-19
472.94451904296875,472.94451904296875,477.592133753568,466.97448723491283,474.3914866582951,384100,2022-04-20
454.96734619140625,454.96734619140625,479.1253202832269,453.77910096690783,478.5599445959552,421600,2022-04-21
437.0094299316406,437.0094299316406,452.6963041095696,436.6548747342677,446.812512663624,483200,2022-04-22
443.0082092285156,443.0082092285156,444.570194007308,431.61439413733643,432.9847132185289,724700,2022-04-25
411.8740539550781,411.8740539550781,442.72076966126275,411.2990860677407,431.2215288908404,802900,2022-04-26
400.3460388183594,400.3460388183594,417.4415720829415,397.9982656243158,411.68236003363825,787200,2022-04-27
415.2950134277344,415.2950134277344,420.5654978712199,404.869032249569,408.759605699234,616300,2022-04-28
403.6711730957031,403.6711730957031,414.44211681913197,403.00996456167024,410.8677890056142,631900,2022-04-29
406.0669250488281,406.0669250488281,408.37635932948695,393.7723334362791,401.361815694135,744800,2022-05-02
413.8863525390625,413.8863525390625,415.87954104691363,406.36392803848247,407.26470407643643,674500,2022-05-03
414.6817321777344,414.6817321777344,416.24371688799135,395.79423949795364,413.8288871222183,622900,2022-05-04
398.688232421875,398.688232421875,410.6570449266518,388.31977297119994,410.07248500416,774400,2022-05-05
388.68377685546875,388.68377685546875,395.2383676396973,378.526140963574,393.5230566094702,855900,2022-05-06
363.2609558105469,363.2609558105469,383.44214764165065,360.7023914486789,378.9861690275628,1276100,2022-05-09
372.66156005859375,372.66156005859375,378.8327907239964,364.46833564521205,372.74780083211476,824500,2022-05-10
371.2337951660156,371.2337951660156,383.87337890818947,368.6656385637384,370.9367338031295,785400,2022-05-11
372.7903747558594,372.7903747558594,378.88215666169657,364.6711852920966,364.95942839379325,655400,2022-05-12
392.1610412597656,392.1610412597656,394.8033767935488,379.24722452338,380.131189444827,675900,2022-05-13
384.33984375,384.33984375,387.9622362211347,380.44841456115245,386.1750700226426,696900,2022-05-16
391.7863464355469,391.7863464355469,397.7436244991853,381.8511670673578,397.7436244991853,679600,2022-05-17
383.859375,383.859375,389.9607751855862,382.5718401895745,384.59921855831027,894700,2022-05-18
393.9673767089844,393.9673767089844,397.2342874329638,379.53543234415304,380.1023298509449,823300,2022-05-19
400.7126770019531,400.7126770019531,401.2699568006195,391.52695828109904,398.4450569719469,670400,2022-05-20
401.3276062011719,401.3276062011719,403.7105234822212,394.63048411207205,403.22048086115564,387800,2022-05-23
398.37774658203125,398.37774658203125,400.3763297092597,387.3375966108757,396.4560478258171,395000,2022-05-24
400.4820861816406,400.4820861816406,403.1244224802361,393.96752731656096,396.4080934172845,472300,2022-05-25
415.8363952636719,415.8363952636719,417.556323871535,402.84572214729053,403.7681293456121,411100,2022-05-26
430.62396240234375,430.62396240234375,430.7872904076075,421.7168681691468,421.7168681691468,540500,2022-05-27
425.03179931640625,425.03179931640625,431.1524061863909,421.35172916234836,425.5890791468302,828800,2022-05-31
414.5585021972656,414.5585021972656,432.17085951259725,408.45710239488534,408.45710239488534,600500,2022-06-01
433.9388427734375,433.9388427734375,434.22711521464277,414.13574882337036,416.91258860667824,417300,2022-06-02
421.28448486328125,421.28448486328125,427.3378251258254,418.6325307979227,426.49227285438934,298400,2022-06-03
421.4862060546875,421.4862060546875,428.69257663559216,418.5555977581081,425.92532564087725,355400,2022-06-06
428.81756591796875,428.81756591796875,429.30757926271997,416.68203106914285,416.68203106914285,233900,2022-06-07
418.478759765625,418.478759765625,429.98012885448827,417.8157712993328,424.4456266394569,273200,2022-06-08
410.3595886230469,410.3595886230469,420.0641743681989,409.93684182304605,416.6723768303693,239500,2022-06-09
393.9963684082031,393.9963684082031,402.4326267587777,391.85369255778386,402.4326267587777,477900,2022-06-10
377.61383056640625,377.61383056640625,382.7543809437655,373.4149231980661,381.20739809486247,955800,2022-06-13
375.6921081542969,375.6921081542969,382.37961163893675,373.8857066254882,377.6714555342989,525100,2022-06-14
381.83203125,381.83203125,388.62521554115085,372.6655179845057,381.4669037154856,436300,2022-06-15
370.6573181152344,370.6573181152344,372.8960845820986,364.76730589940865,369.8886209099161,679400,2022-06-16
371.570068359375,371.570068359375,380.80384646786246,368.3800705929524,369.1967691359154,742600,2022-06-17
384.5799865722656,384.5799865722656,386.38638820271615,378.53623541237687,379.3817876072939,590100,2022-06-21
385.1756591796875,385.1756591796875,391.66139203854823,379.8525457784773,379.8525457784773,564900,2022-06-22
400.39556884765625,400.39556884765625,401.26994537189427,388.30809558571224,389.86466701374974,341700,2022-06-23
415.1445617675781,415.1445617675781,415.97090744439384,401.47166516005115,403.8737885000583,630800,2022-06-24
412.9538879394531,412.9538879394531,419.6606278595314,411.8777412145487,418.440330254528,371400,2022-06-27
396.94610595703125,396.94610595703125,419.70863096277753,396.29273539176944,412.23322368089003,321600,2022-06-28
399.00238037109375,399.00238037109375,400.83760646986804,388.60598154513264,397.08068133440446,373400,2022-06-29
396.01409912109375,396.01409912109375,401.2795647187215,383.77288638254714,394.4287033764667,427900,2022-06-30
401.3659973144531,401.3659973144531,401.3852037455177,391.7478858020366,394.9090884184944,348500,2022-07-01
405.4880676269531,405.4880676269531,406.31438404202163,391.09453295404285,396.8884537052779,349700,2022-07-05
409.552490234375,409.552490234375,413.09802731084187,404.80589125728386,408.33222189954887,418300,2022-07-06
418.4403381347656,418.4403381347656,418.71899269932584,408.3994784831269,408.3994784831269,402400,2022-07-07
416.960693359375,416.960693359375,422.485578529035,412.72334312790815,415.8172799958299,310400,2022-07-08
414.94281005859375,414.94281005859375,417.9598618598756,409.35065963705586,413.24208789169535,277400,2022-07-11
403.8642883300781,403.8642883300781,421.0058407169855,401.8657048530461,414.6257856547387,326200,2022-07-12
397.52264404296875,397.52264404296875,403.86425641178835,392.65113019086107,395.98527902586113,491400,2022-07-13
394.0539245605469,394.0539245605469,396.5809631177701,387.99096732774547,391.54612175748395,644600,2022-07-14
402.4709777832031,402.4709777832031,406.0165143647854,398.9254412016208,400.7030184309913,584900,2022-07-15
395.879638671875,395.879638671875,411.1667587702604,393.6696670786218,407.6212215294705,359700,2022-07-18
409.4179382324219,409.4179382324219,410.9168609616835,401.71190722084185,402.06744613262043,982700,2022-07-19
417.316162109375,417.316162109375,418.9400001111013,408.99520191601505,411.78165960300356,710100,2022-07-20
429.9513244628906,429.9513244628906,431.085119828892,416.73002603570336,418.1617117219656,438600,2022-07-21
422.6776123046875,422.6776123046875,433.41031216955054,419.73741571530326,432.38219635408245,399600,2022-07-22
421.3036804199219,421.3036804199219,423.58088903777156,415.61543849163445,423.58088903777156,430700,2022-07-25
425.5505676269531,425.5505676269531,428.50997061812564,415.38476544317666,417.3256705052396,657400,2022-07-26
435.2359619140625,435.2359619140625,438.6757899274418,429.8071685685473,431.08508539207395,505700,2022-07-27
455.72125244140625,455.72125244140625,458.6806555764665,435.4665314551008,438.25298874234744,499700,2022-07-28
462.49530029296875,462.49530029296875,464.3689685692962,455.4714927105434,456.4419601003417,657200,2022-07-29
458.19061279296875,458.19061279296875,465.3009215316282,456.19205902158257,458.2963214706665,516000,2022-08-01
458.9881591796875,458.9881591796875,466.19452978877285,453.38639067212546,454.01096624981716,307100,2022-08-02
476.89837646484375,476.89837646484375,477.6574557118353,459.36287466977706,462.898822796519,545500,2022-08-03
477.3115539550781,477.3115539550781,478.4165248927122,469.3845464610826,476.2642316352131,446400,2022-08-04
476.7543029785156,476.7543029785156,477.1482547964708,469.0867426529887,470.4415146584344,262300,2022-08-05
481.212646484375,481.212646484375,486.602998024417,478.20518290236964,484.1336078086006,293400,2022-08-08
475.55316162109375,475.55316162109375,480.53997209198144,473.2279226155286,478.9449586527053,228800,2022-08-09
492.07025146484375,492.07025146484375,493.85741749700554,484.1624786822523,490.51367993417375,277200,2022-08-10
482.6789855957031,482.6789855957031,497.9071817527294,481.96622669731727,497.9071817527294,235700,2022-08-11
488.0633239746094,488.0633239746094,488.6219967333965,480.7333821761143,486.84971131586764,330900,2022-08-12
489.9126281738281,489.9126281738281,491.4826495418338,483.9504152973572,486.4162059900204,369000,2022-08-15
485.0870056152344,485.0870056152344,487.5816912517914,477.62220213251464,483.61331010345987,229900,2022-08-16
483.99859619140625,483.99859619140625,486.32955426928055,475.2045711712445,479.48118362222027,295300,2022-08-17
481.5809326171875,481.5809326171875,483.979292137426,480.22281656520227,483.51694537678975,161000,2022-08-18
460.8818359375,460.8818359375,477.2562457910891,460.20761316849337,476.78428691332954,338800,2022-08-19
455.47821044921875,455.47821044921875,457.52019059675524,449.6412183691689,453.03167319955554,363500,2022-08-22
450.2961730957031,450.2961730957031,457.24083953479277,448.1675085079044,453.8311313881494,196800,2022-08-23
450.6718444824219,450.6718444824219,455.16997384173914,449.46784399519987,451.6157620518963,215400,2022-08-24
458.271484375,458.271484375,458.5797155571785,446.809405512948,452.7041872480294,174400,2022-08-25
439.62396240234375,439.62396240234375,459.5814769057457,438.44885667734883,459.5814769057457,347100,2022-08-26
439.21942138671875,439.21942138671875,441.04949643025424,435.1450727510291,435.1450727510291,309900,2022-08-29
436.36834716796875,436.36834716796875,443.01442450173124,432.6022298201094,441.26139259964,241900,2022-08-30
432.7082214355469,432.7082214355469,442.28243760281623,432.52521097281755,440.7124159460063,338600,2022-08-31
440.095947265625,440.095947265625,440.79909421790745,424.4824752746157,429.5777847935551,516700,2022-09-01
435.31842041015625,435.31842041015625,446.91533173900325,433.77729393418224,445.21047766053493,501900,2022-09-02
440.8376159667969,440.8376159667969,443.38047950105465,433.71957926339155,436.02161326817026,399300,2022-09-06
456.845947265625,456.845947265625,457.1252836177857,440.0670124168746,441.07836109965285,341900,2022-09-07
465.1294860839844,465.1294860839844,466.2275486937545,453.02204951184996,454.4572381541571,331200,2022-09-08
473.181884765625,473.181884765625,476.1003810908383,466.99812465169816,468.11544075368215,428800,2022-09-09
478.29644775390625,478.29644775390625,480.5117969997902,473.7404991077357,473.7404991077357,415300,2022-09-12
454.4090576171875,454.4090576171875,465.1102297111629,453.3591726727412,462.27841808706034,432400,2022-09-13
451.8469543457031,451.8469543457031,458.41598854725436,444.7481716481909,457.63579852507064,331600,2022-09-14
439.4023742675781,439.4023742675781,450.9318837443631,436.7439318696146,447.26209272693546,339700,2022-09-15
439.8743896484375,439.8743896484375,440.2982002126432,429.90525876760705,435.4436615464522,641800,2022-09-16
434.7694396972656,434.7694396972656,435.4244089724873,426.15842500831974,435.1932502623023,422100,2022-09-19
431.2922668457031,431.2922668457031,436.8017747478996,426.9000750237615,430.8106666073802,321500,2022-09-20
423.39404296875,423.39404296875,437.4567758862315,423.39404296875,433.4594703699047,297300,2022-09-21
411.3732604980469,411.3732604980469,421.3134958061314,405.92154263792935,421.0630542927182,557500,2022-09-22
406.7884521484375,406.7884521484375,410.2463677929322,399.8341433982652,406.9040608992646,505100,2022-09-23
405.27618408203125,405.27618408203125,414.2531889025044,402.70442624306094,407.7130797641489,540600,2022-09-26
401.55828857421875,401.55828857421875,417.8267593718079,398.1292970945205,413.07815849596295,446500,2022-09-27
413.34783935546875,413.34783935546875,416.79608390050345,402.2517517848982,405.9889740905671,467800,2022-09-28
407.6457214355469,407.6457214355469,410.22709175029985,404.84280442123014,407.5590369169037,377600,2022-09-29
406.2682800292969,406.2682800292969,415.26456768619295,405.5940280328326,406.58612320820384,501800,2022-09-30
415.69805908203125,415.69805908203125,417.0465632984004,405.29550543420356,409.23499195399626,307000,2022-10-03
434.2685241699219,434.2685241699219,434.4130277475316,422.7871917059467,424.38610791914493,375400,2022-10-04
431.0129699707031,431.0129699707031,434.73090978829015,425.09890479614154,427.786242419424,319900,2022-10-05
420.5814208984375,420.5814208984375,431.5041091829673,420.5332726394469,427.69948549192276,341500,2022-10-06
404.39007568359375,404.39007568359375,417.9230597192197,400.85514647308287,415.28387048302983,398300,2022-10-07
391.945556640625,391.945556640625,403.77365749158616,388.5069238338596,401.9628358657978,470400,2022-10-10
384.6540832519531,384.6540832519531,394.3053406185288,379.2890500022762,389.7783164031118,501900,2022-10-11
386.86944580078125,386.86944580078125,389.7494350671052,380.47381024776894,385.3764968960731,516000,2022-10-12
391.1363830566406,391.1363830566406,393.3902977305187,370.8321327232122,376.49575545338433,557800,2022-10-13
374.4152526855469,374.4152526855469,397.589851464167,372.9800935263819,396.71333559149906,408700,2022-10-14
388.1312255859375,388.1312255859375,391.2327320547727,384.0665187155328,384.0665187155328,438000,2022-10-17
393.52508544921875,393.52508544921875,402.37689795568974,390.35614844729565,402.1457393056659,300100,2022-10-18
384.11474609375,384.11474609375,389.2196971250566,380.733902840357,387.0043476725003,261000,2022-10-19
379.1735534667969,379.1735534667969,384.7697466269644,376.01425666005235,383.07450415691375,542000,2022-10-20
386.7056884765625,386.7056884765625,387.46659559170087,373.83731646959416,380.16554984631034,774000,2022-10-21
396.9830627441406,396.9830627441406,397.4935578109167,382.6602766419185,390.75115460732246,643300,2022-10-24
431.9183349609375,431.9183349609375,432.23617815835183,400.99959633799966,400.99959633799966,735600,2022-10-25
434.9813537597656,434.9813537597656,444.22808448290925,428.47975035366335,429.5874250550529,602100,2022-10-26
438.4681091308594,438.4681091308594,447.14655457392064,435.9541406763213,438.98824560327154,438200,2022-10-27
456.8170471191406,456.8170471191406,458.52193065455134,438.15985991117947,438.7955757080816,443900,2022-10-28
451.60614013671875,451.60614013671875,460.87215297779153,451.30755035456156,454.7076467014704,708200,2022-10-31
452.7812194824219,452.7812194824219,466.3045609819564,449.21739573057687,460.8817381659505,379100,2022-11-01
437.0425720214844,437.0425720214844,457.08677145841466,436.21423372634416,451.99146213420624,417900,2022-11-02
434.5478820800781,434.5478820800781,441.8682114622307,428.4989843610745,430.5313526188491,367300,2022-11-03
443.9486999511719,443.9486999511719,449.4100297589635,435.183570431082,441.92597323199055,429500,2022-11-04
445.18157958984375,445.18157958984375,447.88817026720693,438.8051978689514,445.4320210913005,317900,2022-11-07
450.68145751953125,450.68145751953125,455.3722387252532,442.8988112860873,447.8785408515802,365700,2022-11-08
449.21356201171875,449.21356201171875,453.82032513835935,444.548824930195,447.53311309884737,301100,2022-11-09
492.2583923339844,492.2583923339844,494.83701007664763,472.85583379960735,473.1262806667542,578800,2022-11-10
494.83697509765625,494.83697509765625,504.36922439906317,491.5919666007021,496.32425592211854,509800,2022-11-11
475.39581298828125,475.39581298828125,493.5621429474086,474.6328675673431,490.5778845565312,630600,2022-11-14
485.8069763183594,485.8069763183594,492.4515519657972,482.4460784890597,490.09504480075736,409300,2022-11-15
489.85357666015625,489.85357666015625,491.2153308618168,478.68915512734156,483.4987531923587,322700,2022-11-16
474.28515625,474.28515625,484.87010259086145,470.6924515047023,481.48987074078553,210100,2022-11-17
473.5318603515625,473.5318603515625,486.26084096027796,464.31830562793726,486.26084096027796,612600,2022-11-18
476.4871520996094,476.4871520996094,477.3370437115739,467.61162635943134,471.7451659940266,275600,2022-11-21
485.46893310546875,485.46893310546875,486.4153792031464,475.53104276686486,477.8392430078846,236100,2022-11-22
491.3409118652344,491.3409118652344,496.7589272326788,483.0448595142207,485.99047874444204,269100,2022-11-23
494.7308044433594,494.7308044433594,495.8897530109004,488.72364763062075,492.2970183461805,94700,2022-11-25
478.9885559082031,478.9885559082031,495.19435379898886,476.7189655192768,489.94050478205196,330600,2022-11-28
469.678466796875,469.678466796875,482.0983921793102,468.2008235372133,477.81999084573073,392100,2022-11-29
490.4523010253906,490.4523010253906,490.78069233367216,466.5492335198426,469.67838239876426,481600,2022-11-30
503.5483093261719,503.5483093261719,505.4508686178943,491.88166437455413,495.92828702969894,406700,2022-12-01
501.0759582519531,501.0759582519531,503.28757457450774,488.9071169661062,493.5428519924838,440000,2022-12-02
487.22662353515625,487.22662353515625,494.58586666023155,483.60494644814804,494.58586666023155,431000,2022-12-05
482.7937316894531,482.7937316894531,488.5497759994482,478.69883124421597,487.94135895929276,377700,2022-12-06
483.27655029296875,483.27655029296875,486.0676700504201,479.50034504815414,482.89024399243107,428800,2022-12-07
482.8709411621094,482.8709411621094,488.55937293578626,481.4126031872513,484.03952730530153,211000,2022-12-08
475.6951904296875,475.6951904296875,482.4942936443867,471.93831947697635,480.3405924422916,332100,2022-12-09
480.2536926269531,480.2536926269531,480.2730271012224,473.8795644542854,473.9664811686453,285000,2022-12-12
494.49896240234375,494.49896240234375,509.2367826193336,487.70949702920205,506.7643278909862,499000,2022-12-13
481.42230224609375,481.42230224609375,499.453438197886,476.1877586634501,490.2108817285425,544700,2022-12-14
460.3682861328125,460.3682861328125,476.1684719650394,458.7264768082013,472.89446160663147,859900,2022-12-15
455.4524230957031,455.4524230957031,458.85195985008,451.1547175486567,456.1091467630347,1062200,2022-12-16
446.13262939453125,446.13262939453125,457.3742986566982,445.0123205207619,455.76146178867566,564600,2022-12-19
442.3274841308594,442.3274841308594,447.8710549590402,434.6012398665649,444.6067120416505,686800,2022-12-20
456.1961669921875,456.1961669921875,456.1961669921875,444.04665849643834,446.83777892588625,440800,2022-12-21
446.4996337890625,446.4996337890625,452.13978819485914,439.0438073846522,450.4883118443248,361700,2022-12-22
447.9483337402344,447.9483337402344,451.5989829748254,444.07554437274564,445.81393754225263,347200,2022-12-23
444.67437744140625,444.67437744140625,452.51651160077927,439.6330012713398,446.9826073412298,399700,2022-12-27
438.8893127441406,438.8893127441406,448.60506265827416,438.4064224721726,444.8288571946904,211000,2022-12-28
455.7712097167969,455.7712097167969,457.219880667642,442.8104206416567,444.3846477906342,272500,2022-12-29
449.25213623046875,449.25213623046875,453.3663411926075,443.76648049214646,450.38208293074655,354400,2022-12-30
445.3793640136719,445.3793640136719,460.6676572219146,440.7339619047686,453.50158201314815,345000,2023-01-03
457.8959045410156,457.8959045410156,458.89065740438247,446.55764945151424,450.0730755952752,427200,2023-01-04
443.4091796875,443.4091796875,455.7035772064316,443.3705402113871,451.966011039511,325000,2023-01-05
452.9607238769531,452.9607238769531,456.9687070762368,439.8937148291352,449.5225476385683,366200,2023-01-06
464.09619140625,464.09619140625,474.99983253993236,456.5437804697949,459.54734381795356,312100,2023-01-09
471.378173828125,471.378173828125,473.20351327657414,460.6870051775101,463.41048402098266,270800,2023-01-10
486.8692932128906,486.8692932128906,487.14937782897294,474.53628602086775,477.3467109989303,364200,2023-01-11
486.8016662597656,486.8016662597656,489.4575627276457,477.9068357962209,487.8350585044923,303000,2023-01-12
487.9509582519531,487.9509582519531,489.24510065905855,479.54868510612823,479.54868510612823,320600,2023-01-13
492.8184814453125,492.8184814453125,494.5569040613264,482.2335352227165,488.2406912223792,332300,2023-01-17
489.0133056640625,489.0133056640625,507.8460553044594,487.9413034324947,496.2276873377807,407800,2023-01-18
478.8243408203125,478.8243408203125,485.9034991901787,475.70485907458306,483.17999100151957,343900,2023-01-19
494.2478942871094,494.2478942871094,495.1750059466831,478.92096072579244,481.2967727733057,345700,2023-01-20
497.3576965332031,497.3576965332031,503.50010622039815,491.736875592178,493.29176827980535,321100,2023-01-23
502.0513916015625,502.0513916015625,505.11289946778845,493.2917253867502,494.7790356997579,319100,2023-01-24
491.2346496582031,491.2346496582031,496.4788311478912,480.2536996769883,491.0221767511095,372700,2023-01-25
497.579833984375,497.579833984375,501.33667564225357,489.399641817228,494.4796571009268,622200,2023-01-26
502.12860107421875,502.12860107421875,506.474613497489,488.97467485551283,493.7070230728113,481200,2023-01-27
489.225830078125,489.225830078125,499.13474870255106,487.1976848749643,495.3875151692092,628300,2023-01-30
513.3702392578125,513.3702392578125,513.7565750056103,481.9630705143257,497.0389182424566,754000,2023-01-31
535.5447387695312,535.5447387695312,541.2041995892663,511.1491085762645,524.0133147214043,913700,2023-02-01
548.9884033203125,548.9884033203125,552.9094707462569,539.7652090910661,544.5554438104989,903400,2023-02-02
548.0130004882812,548.0130004882812,549.9638965964426,537.0224101037425,539.0891951939151,494200,2023-02-03
534.462890625,534.462890625,545.6659195540353,532.7341060036254,540.0644050895177,610100,2023-02-06
541.2234497070312,541.2234497070312,543.5702893955631,527.2775760549249,533.0529249440716,280000,2023-02-07
537.8432006835938,537.8432006835938,541.1364863540863,534.7816339622627,536.0468040985777,213100,2023-02-08
536.5780639648438,536.5780639648438,546.8925935930371,534.6078338353284,541.87052273544,727200,2023-02-09
530.5321655273438,530.5321655273438,531.7007220897104,522.3230320980942,530.0396080901395,413900,2023-02-10
542.865234375,542.865234375,543.6089042761944,528.9966395483032,534.0476530623761,403400,2023-02-13
542.5948486328125,542.5948486328125,550.9102052197235,537.9977236735735,542.218180062141,260200,2023-02-14
547.6554565429688,547.6554565429688,547.6651237788641,534.6850322459106,536.8387037744141,349500,2023-02-15
535.3698120117188,535.3698120117188,542.9019426029945,534.179022984862,535.8054852697088,265700,2023-02-16
527.4698486328125,527.4698486328125,532.5815788467071,521.3318369578233,530.2387049607706,438800,2023-02-17
508.097412109375,508.097412109375,520.7702859805728,506.42255484992484,518.6307421035558,572500,2023-02-21
507.3519592285156,507.3519592285156,510.9727805568338,503.5471895877251,510.6823514030267,386000,2023-02-22
510.963134765625,510.963134765625,513.567365348401,503.1115024665152,512.2023188178894,195400,2023-02-23
501.64959716796875,501.64959716796875,505.4834390899985,495.70528379686743,503.56654767416575,298300,2023-02-24
509.0365905761719,509.0365905761719,513.7804841947465,507.02290872054067,509.23992056223994,364700,2023-02-27
505.5125732421875,505.5125732421875,514.9519055387668,504.53474577546706,509.1430856639488,335800,2023-02-28
499.0260009765625,499.0260009765625,505.84166107695876,497.98039694791305,502.67583562124116,375500,2023-03-01
500.80743408203125,500.80743408203125,500.80743408203125,492.26849047047875,494.3790214775533,387100,2023-03-02
519.5698852539062,519.5698852539062,520.1604935257315,503.9442044558435,504.9897495045353,382700,2023-03-03
525.6110229492188,525.6110229492188,528.1185227784887,520.7219448680601,520.8091031630565,568000,2023-03-06
516.9654541015625,516.9654541015625,530.4612778325801,514.5451131102778,525.6205958500108,406600,2023-03-07
518.7759399414062,518.7759399414062,520.6831996471172,510.6726418504137,515.1648095657391,254700,2023-03-08
517.99169921875,517.99169921875,527.8763935366889,515.4164822899291,519.966735372783,499200,2023-03-09
505.62872314453125,505.62872314453125,519.7441122875872,502.5693783848942,517.9530832061062,595400,2023-03-10
511.4472351074219,511.4472351074219,517.120501442732,497.4673401387795,501.3011232846489,786300,2023-03-13
530.7808227539062,530.7808227539062,540.4912599676611,523.1615934180741,523.4230091754047,639000,2023-03-14
519.6668090820312,519.6668090820312,521.1964226810662,503.96359945791187,517.9047930150597,506400,2023-03-15
529.1544799804688,529.1544799804688,542.3985828647964,516.9559221806904,516.9559221806904,456700,2023-03-16
519.9765014648438,519.9765014648438,531.0906904881892,515.5424193855893,529.6481764392445,999600,2023-03-17
526.98583984375,526.98583984375,527.7409557046221,517.0043533344257,523.2681691037259,353300,2023-03-20
536.667236328125,536.667236328125,538.6325231126468,531.9233428365895,532.7559262213549,470800,2023-03-21
529.7449951171875,529.7449951171875,545.8451120318501,529.2319134293072,535.0697465922856,414400,2023-03-22
529.5320434570312,529.5320434570312,538.003239146139,524.3524769243252,528.9027309982631,457500,2023-03-23
525.7950439453125,525.7950439453125,527.6345274017633,519.1827125047806,524.4880829723032,323300,2023-03-24
523.1325073242188,523.1325073242188,530.9260530220286,521.728756743462,530.9260530220286,413200,2023-03-27
525.6014404296875,525.6014404296875,525.8434746057759,517.6820301885455,523.0552361700077,222200,2023-03-28
533.37548828125,533.37548828125,534.4597965426339,526.1435362652147,532.0394550501934,276400,2023-03-29
531.2360229492188,531.2360229492188,538.806860192537,528.0411831684262,538.806860192537,328100,2023-03-30
541.8563842773438,541.8563842773438,541.9531743026716,532.601000603875,535.8636162683789,347100,2023-03-31
539.6102294921875,539.6102294921875,540.7429326376423,532.4847591234771,535.9119410178498,330100,2023-04-03
532.843017578125,532.843017578125,545.1189823666176,531.9716710167884,542.3694484695911,457000,2023-04-04
521.2156982421875,521.2156982421875,533.4335774451065,519.182635011987,529.0479493604047,318600,2023-04-05
516.6461181640625,516.6461181640625,520.2669395791518,515.3971841372114,517.1882722942838,333500,2023-04-06
511.6021423339844,511.6021423339844,512.1926915187735,496.2475089872315,511.4859706612512,444000,2023-04-10
512.7929077148438,512.7929077148438,518.3112982749323,508.8525845748767,513.4416017962521,391600,2023-04-11
513.9159545898438,513.9159545898438,521.844995501741,512.860659723461,518.7082424535824,375800,2023-04-12
525.3206176757812,525.3206176757812,525.8434492888002,513.2382910960782,517.1398510997856,301500,2023-04-13
522.8228149414062,522.8228149414062,535.4182219530555,521.1575893309571,523.878050701365,538400,2023-04-14
520.4412231445312,520.4412231445312,527.6053988605696,517.3431740636414,520.0733264923422,477000,2023-04-17
527.1116943359375,527.1116943359375,530.9261550470338,520.4799229222609,524.8559194277829,406600,2023-04-18
528.0991821289062,528.0991821289062,529.7644079607352,522.3581386548279,525.1947720623347,230100,2023-04-19
529.1641235351562,529.1641235351562,533.104446618991,521.8256315041361,523.1519739293383,208200,2023-04-20
527.2471313476562,527.2471313476562,530.6646816667653,525.7659131816505,530.093455113497,373600,2023-04-21
527.2568969726562,527.2568969726562,530.9164819438158,523.9845903051357,528.3218827624775,389000,2023-04-24
456.13751220703125,456.13751220703125,521.8546529842041,455.99229763911245,518.7178410460681,1532500,2023-04-25
443.6195068359375,443.6195068359375,452.71998399867647,440.50210613379875,448.5376272408044,1601000,2023-04-26
449.4961242675781,449.4961242675781,454.22063532932935,444.4908453354275,451.6260069371793,1210600,2023-04-27
467.0775146484375,467.0775146484375,470.61120733061387,447.8890401390052,447.8890401390052,1107600,2023-04-28
467.6390380859375,467.6390380859375,473.71893497795867,464.8411385715096,467.44539894067134,648400,2023-05-01
453.5622863769531,453.5622863769531,464.9378909277847,451.24845536798125,464.2214793296802,659200,2023-05-02
450.9289855957031,450.9289855957031,461.4042309784726,450.3577885318614,453.4171038150362,492700,2023-05-03
446.84344482421875,446.84344482421875,453.0104999071755,446.4658869061842,449.39933968088457,453100,2023-05-04
458.557861328125,458.557861328125,459.20652580282604,450.02858086611013,452.7490421506248,423700,2023-05-05
457.8123779296875,457.8123779296875,463.73736838939624,456.53443070048513,459.69056504210243,461100,2023-05-08
457.8027038574219,457.8027038574219,461.1040528810378,453.85271992151513,453.85271992151513,353800,2023-05-09
460.90081787109375,460.90081787109375,467.5519118689682,455.8277617804337,463.7374511389909,559600,2023-05-10
456.73541259765625,456.73541259765625,461.8717524504618,453.58954037038046,459.5997303273096,338700,2023-05-11
455.9878234863281,455.9878234863281,461.1532910575647,450.16211620086483,458.5219919325865,443400,2023-05-12
450.0941467285156,450.0941467285156,456.1917192259494,448.85133034786287,455.0168765423908,442500,2023-05-15
443.7052307128906,443.7052307128906,448.6085217648126,441.9283736610798,447.17150351377586,470300,2023-05-16
447.8706359863281,447.8706359863281,449.8513846718981,444.4917448750903,448.23960217228586,389500,2023-05-17
458.53167724609375,458.53167724609375,460.58036993474735,444.36550362655464,448.28815454067126,466400,2023-05-18
456.19171142578125,456.19171142578125,461.4834073550247,454.27893636323176,459.91047114105515,345500,2023-05-19
458.6967468261719,458.6967468261719,461.6678549196644,455.6479460487147,455.6673544041674,274000,2023-05-22
446.734619140625,446.734619140625,458.10444853299265,443.85089311024655,454.13326198212127,613900,2023-05-23
443.9092102050781,443.9092102050781,447.5114310933233,438.43303086002817,442.62754742673695,536400,2023-05-24
452.95843505859375,452.95843505859375,455.7450601463602,446.6375335260948,447.39487424552635,491900,2023-05-25
462.0076599121094,462.0076599121094,464.66808613879533,454.90032020994175,456.7742487662493,393200,2023-05-26
457.7160949707031,457.7160949707031,472.3677445819663,455.95867572208687,466.75564800013075,418200,2023-05-30
456.8616638183594,456.8616638183594,457.98797075836654,452.07488154663815,455.3469823272309,723400,2023-05-31
453.4050598144531,453.4050598144531,458.28894291493486,444.870390907111,457.4830664979069,414700,2023-06-01
464.8525695800781,464.8525695800781,465.70701131011873,457.6092528611008,458.80353341073624,423600,2023-06-02
466.843017578125,466.843017578125,469.5131332264241,463.6777073640148,463.9592914927189,358600,2023-06-05
463.3766784667969,463.3766784667969,467.18281969313614,459.60938357990017,464.27968548015366,401700,2023-06-06
458.76470947265625,458.76470947265625,469.77529220011843,457.67724890170865,465.51283196602066,465300,2023-06-07
466.9012145996094,466.9012145996094,467.7265288969837,458.211220705456,460.5609055922972,319500,2023-06-08
460.0852355957031,460.0852355957031,468.25093880642976,459.45412323705,468.25093880642976,393600,2023-06-09
460.4056091308594,460.4056091308594,463.59032771716886,457.05584544247654,463.59032771716886,1044700,2023-06-12
466.0468444824219,466.0468444824219,468.4548140609033,457.95883424143807,463.3281930479093,1373800,2023-06-13
472.07647705078125,472.07647705078125,474.698027466366,459.5123663716429,466.53232446119574,733900,2023-06-14
473.3872375488281,473.3872375488281,475.4748062977126,464.891414695252,467.5615304492331,457600,2023-06-15
463.8525390625,463.8525390625,478.1449422697618,463.53210856506905,477.3681635116564,628400,2023-06-16
460.0172119140625,460.0172119140625,464.2991098295534,454.84205557814636,462.2795149440182,559100,2023-06-20
460.8619689941406,460.8619689941406,464.3768075044305,451.6864981748789,454.17213081081024,439000,2023-06-21
453.62841796875,453.62841796875,458.1044888318683,450.2494970847703,458.1044888318683,349000,2023-06-22
451.6379089355469,451.6379089355469,458.26952169901506,446.6472355715054,449.21053112805595,737200,2023-06-23
449.79315185546875,449.79315185546875,452.88076961805257,448.1328335689593,450.35629052438014,405200,2023-06-26
451.5699462890625,451.5699462890625,456.0751738328622,450.7155341700347,452.66712582585325,456300,2023-06-27
449.8610534667969,449.8610534667969,452.76418766223026,443.666380946003,452.76418766223026,657700,2023-06-28
448.64739990234375,448.64739990234375,457.0267129727583,447.0453364492337,451.07477774980674,718900,2023-06-29
455.6576843261719,455.6576843261719,460.00752661782104,448.9969438704667,452.7933665130618,722100,2023-06-30
459.0851745605469,459.0851745605469,459.19196497452896,451.00685309441474,454.88093907823156,255100,2023-07-03
459.57061767578125,459.57061767578125,460.7454603018859,452.45352896322646,454.2303862084784,500200,2023-07-05
455.82275390625,455.82275390625,456.5412779620647,450.28834970100826,452.4729899578068,624900,2023-07-06
458.0462341308594,458.0462341308594,461.3669003126309,453.34683382184414,453.64782632699223,426500,2023-07-07
466.66827392578125,466.66827392578125,467.02752112413486,454.9294776262284,457.69669443644364,794300,2023-07-10
472.5133972167969,472.5133972167969,474.7951384710433,464.39625937914656,466.231341745444,486100,2023-07-11
483.2909851074219,483.2909851074219,484.83479404053355,478.9119854841712,480.3781313548909,501700,2023-07-12
483.320068359375,483.320068359375,489.2525953688807,482.9608211703151,485.3784800823717,463400,2023-07-13
482.73748779296875,482.73748779296875,486.37855462166584,480.8247128337168,484.990101582448,437800,2023-07-14
484.7473449707031,484.7473449707031,484.93182805334635,476.4554141380982,478.3973163713309,532400,2023-07-17
488.223388671875,488.223388671875,488.63120122174706,479.4168836304797,485.475609758318,443100,2023-07-18
493.1849365234375,493.1849365234375,495.59290607691,486.72811721022106,486.72811721022106,636900,2023-07-19
494.8549499511719,494.8549499511719,497.5444738786462,489.3884904203273,490.2235237892847,490500,2023-07-20
496.5638732910156,496.5638732910156,499.7194350443631,490.3497619368204,496.6318173550602,550500,2023-07-21
488.1456604003906,488.1456604003906,499.06886016071763,486.1843498661681,496.36961731629765,709100,2023-07-24
532.2754516601562,532.2754516601562,532.9745080677712,492.81598126469936,493.8937524885965,1144800,2023-07-25
541.0625,541.0625,547.9562290990872,531.2947343130612,534.0231045311799,776100,2023-07-26
537.5185546875,537.5185546875,545.130838086903,535.8873638009475,539.0914908731813,687800,2023-07-27
534.2951049804688,534.2951049804688,547.1310526046087,533.6154272241794,544.189041746362,411400,2023-07-28
532.158935546875,532.158935546875,536.401987432356,527.5857341871906,532.955122620277,404900,2023-07-31
530.0811157226562,530.0811157226562,533.061943103726,526.3915129091208,530.4500819302258,450800,2023-08-01
529.4111328125,529.4111328125,529.6635896021595,517.3713144320296,524.915624091845,613600,2023-08-02
527.9839477539062,527.9839477539062,532.1978433798425,523.8476855663574,526.9158657233287,441100,2023-08-03
526.5079345703125,526.5079345703125,535.5960223258332,525.6243359133827,529.5372971554862,385600,2023-08-04
535.4795532226562,535.4795532226562,536.6058304686832,528.4110004840552,529.7995127636875,344500,2023-08-07
532.149169921875,532.149169921875,533.1006830242449,521.6822887472006,531.8384584622509,369400,2023-08-08
530.33349609375,530.33349609375,537.4117081905715,530.100477314585,531.5957206556619,276900,2023-08-09
532.3192749023438,532.3192749023438,538.5686133607297,528.3867176998735,534.0033155408598,294600,2023-08-10
534.392578125,534.392578125,534.8695397258699,527.0335977103829,529.3795500985179,242600,2023-08-11
532.7281494140625,532.7281494140625,536.2518908196183,531.637874948823,535.4926020797262,217800,2023-08-14
519.6259155273438,519.6259155273438,528.415780014998,518.8374555273731,528.415780014998,294600,2023-08-15
515.54736328125,515.54736328125,520.4241589704459,515.5181324508923,518.6233140538334,201300,2023-08-16
506.9035949707031,506.9035949707031,515.6545471906862,506.7575596085876,515.6545471906862,435500,2023-08-17
506.33892822265625,506.33892822265625,510.310459737881,498.61004639872885,501.7736305554253,297300,2023-08-18
510.78741455078125,510.78741455078125,512.7342355442513,502.747034341788,504.6646839147321,353900,2023-08-21
513.8729858398438,513.8729858398438,517.7082246528589,510.78729194131745,513.386280708305,275800,2023-08-22
521.6019897460938,521.6019897460938,521.7675123069977,513.8147057895985,516.3845237541847,264700,2023-08-23
518.3021850585938,518.3021850585938,524.239965444964,516.5499985988988,522.3126316340151,243500,2023-08-24
517.0270385742188,517.0270385742188,523.3931221972933,514.1068069175719,520.9401085937851,189000,2023-08-25
518.00048828125,518.00048828125,520.5021013067436,515.313865448095,518.5845108918186,190700,2023-08-28
524.2885131835938,524.2885131835938,524.4637199100486,515.3915286849166,517.7763958285653,264800,2023-08-29
529.661865234375,529.661865234375,532.5820967625837,523.5099036854772,523.5099036854772,224900,2023-08-30
529.1654052734375,529.1654052734375,531.0927390297202,526.5177572612617,530.6839232597763,350100,2023-08-31
526.9947509765625,526.9947509765625,533.3121759287493,524.3665306138317,533.3121759287493,214000,2023-09-01
526.7708740234375,526.7708740234375,528.7469261338592,518.1659572657459,523.8798729502829,443700,2023-09-05
527.4328002929688,527.4328002929688,533.9156884359539,526.0602581420734,527.2575341105975,396400,2023-09-06
531.958984375,531.958984375,532.8545052139439,514.9729627883968,523.879690782122,318200,2023-09-07
519.5968017578125,519.5968017578125,533.9740947498979,517.7181265053135,533.8767774587435,263900,2023-09-08
521.9036865234375,521.9036865234375,523.7824208515873,517.3676202651392,521.7674542226833,208900,2023-09-11
511.98468017578125,511.98468017578125,518.4481400033417,508.5583156963692,515.0996055852781,409400,2023-09-12
521.0179443359375,521.0179443359375,522.4780600136655,509.75557827892453,513.2111735004289,339200,2023-09-13
524.3665771484375,524.3665771484375,525.0187456382077,514.1360218724523,521.6410392539113,376000,2023-09-14
515.9854125976562,515.9854125976562,525.7779190563983,515.2747825899934,516.4331433674704,810800,2023-09-15
518.9154052734375,518.9154052734375,522.9355357907997,511.29358478011244,514.2040725327843,284900,2023-09-18
523.7434692382812,523.7434692382812,524.3080639223149,515.5668572852006,519.0613674530938,254700,2023-09-19
520.8134765625,520.8134765625,529.340561132101,519.8206383595332,526.1769773470746,299800,2023-09-20
501.71527099609375,501.71527099609375,516.4429780149264,500.60562807386725,513.3183680365713,481300,2023-09-21
499.5152893066406,499.5152893066406,504.21687849958766,497.14019509583824,501.8514981932908,290600,2023-09-22
503.1558837890625,503.1558837890625,503.6036145708101,493.56775523933163,496.3127798291783,299100,2023-09-25
502.5329895019531,502.5329895019531,512.0724019482494,497.99689232783146,497.99689232783146,530600,2023-09-26
498.3277893066406,498.3277893066406,508.34416227598484,489.917508065089,505.64785550713157,339500,2023-09-27
507.6336364746094,507.6336364746094,509.1326674355135,499.3693898469781,500.3233132391654,339900,2023-09-28
499.4374694824219,499.4374694824219,515.6058034182802,498.64900936416285,512.8510351036606,287800,2023-09-29
493.5093994140625,493.5093994140625,499.9533724260285,486.3840568488176,497.90923406005976,306400,2023-10-02
482.28594970703125,482.28594970703125,496.02078707269726,478.6064592686395,491.1342474349226,341600,2023-10-03
488.2529602050781,488.2529602050781,489.1387673086214,482.36383867018276,484.3398607608161,353000,2023-10-04
484.8849792480469,484.8849792480469,489.53788027024154,482.1107533696337,487.7273212850997,367400,2023-10-05
499.6905822753906,499.6905822753906,502.1143649632448,477.4286587388753,480.26128691566146,416600,2023-10-06
501.66656494140625,501.66656494140625,504.5089069677258,495.72875494651805,498.19148232479165,243000,2023-10-09
506.93280029296875,506.93280029296875,509.85303209012926,497.22786572602604,501.33568934841117,244300,2023-10-10
509.2591552734375,509.2591552734375,513.620074719118,504.9859283265216,511.6051078521781,253800,2023-10-11
506.26104736328125,506.26104736328125,515.2650936750782,503.49653565156365,511.68289107581535,311200,2023-10-12
496.98443603515625,496.98443603515625,507.73086599440956,493.0031908669248,507.73086599440956,331600,2023-10-13
501.75421142578125,501.75421142578125,507.1371407434607,499.7586723164558,502.0657099237625,191600,2023-10-16
502.0850830078125,502.0850830078125,506.54331936910216,497.23751812567986,497.23751812567986,207100,2023-10-17
492.53594970703125,492.53594970703125,499.34007932417256,491.28027160062317,497.40300201254115,418800,2023-10-18
484.0478210449219,484.0478210449219,495.11552320939313,482.92840492871443,493.74301086119544,282600,2023-10-19
476.7179870605469,476.7179870605469,485.2937300790641,473.0092959120679,482.7726007751196,340900,2023-10-20
474.625244140625,474.625244140625,481.8382198448566,469.6608444191788,474.22614225238124,323200,2023-10-23
475.072998046875,475.072998046875,482.1983702673879,470.54664501633334,476.33844956158606,286600,2023-10-24
466.87689208984375,466.87689208984375,477.0003555485786,464.0248063979801,468.6777074916401,292800,2023-10-25
468.74578857421875,468.74578857421875,474.5473362230861,465.10524301070046,465.6308929694645,370900,2023-10-26
463.5283203125,463.5283203125,472.649171392402,461.95140015093745,469.13517395905944,398200,2023-10-27
469.1741027832031,469.1741027832031,470.92625945233544,461.79566449359857,467.0228739628896,424000,2023-10-30
459.0116882324219,459.0116882324219,463.8592829931582,453.8331671878077,460.42314527480704,541600,2023-10-31
459.30377197265625,459.30377197265625,467.84057176503467,446.7856969065966,455.89683506238816,687400,2023-11-01
474.07037353515625,474.07037353515625,474.08011714617,463.2460534706133,467.42199285552226,493700,2023-11-02
484.5248107910156,484.5248107910156,485.5371363033902,472.0262237729401,472.0262237729401,355800,2023-11-03
483.3567199707031,483.3567199707031,486.8415462283433,480.0081854432654,485.1769928695452,330600,2023-11-06
484.0770568847656,484.0770568847656,490.26796345875835,482.75323278955,486.52032688259555,457900,2023-11-07
492.9207458496094,492.9207458496094,495.21460242481555,485.07273816142504,485.07273816142504,251200,2023-11-08
494.1310729980469,494.1310729980469,500.56369508655143,492.2373993271542,495.0876805581126,257600,2023-11-09
501.9791259765625,501.9791259765625,502.1255081265301,488.4403559108167,496.98139987473826,347000,2023-11-10
491.7591247558594,491.7591247558594,500.5344570600595,489.32856756965987,497.82081695080944,399200,2023-11-13
505.67852783203125,505.67852783203125,510.42245273459395,500.1829720981982,500.2122842707557,397100,2023-11-14
509.29022216796875,509.29022216796875,511.9355268014794,506.3032996256599,507.6796015634255,284700,2023-11-15
511.7501220703125,511.7501220703125,517.0602138355093,508.56796338612793,510.77400269860425,251000,2023-11-16
508.9680480957031,508.9680480957031,516.3280248706386,506.24469702104415,516.3280248706386,354000,2023-11-17
509.7392578125,509.7392578125,511.52551315402377,506.5570995074681,509.3975803265538,220400,2023-11-20
512.3552856445312,512.3552856445312,512.4528737457733,506.2643106026577,509.53428650300856,161500,2023-11-21
511.4571838378906,511.4571838378906,520.6131873304403,511.28148951910555,516.5427866679393,180300,2023-11-22
515.7325439453125,515.7325439453125,515.8106501612889,509.64156980606094,510.38342991387,103800,2023-11-24
512.80419921875,512.80419921875,515.4202511098111,510.2565423987646,511.94520955431545,193900,2023-11-27
511.33038330078125,511.33038330078125,515.5374552897059,509.74901515234217,509.9149983366676,189400,2023-11-28
513.9951171875,513.9951171875,519.3735437514781,512.8139914549591,515.5374022739205,211300,2023-11-29
508.41168212890625,508.41168212890625,515.6740116548378,504.2436934884586,513.8486734429418,364400,2023-11-30
515.0982055664062,515.0982055664062,515.6740826336011,504.15588593612017,506.7328553820592,402400,2023-12-01
512.9408569335938,512.9408569335938,519.7834618987023,509.55375198569254,512.2185382748244,259100,2023-12-04
510.9300842285156,510.9300842285156,512.0428744554766,504.75123278680024,510.61771892388145,195700,2023-12-05
502.8087463378906,502.8087463378906,515.3713956638036,502.7013875246132,514.3367116958855,359400,2023-12-06
496.2980651855469,496.2980651855469,506.07879896456114,495.26338118172066,504.643872711774,343400,2023-12-07
494.58013916015625,494.58013916015625,496.91307867722026,488.06943985569046,494.9315576121048,348300,2023-12-08
504.27288818359375,504.27288818359375,506.0494321450398,495.58543390618104,495.58543390618104,324400,2023-12-11
513.4581909179688,513.4581909179688,513.6826792473979,500.78812441636495,506.5667924165369,319400,2023-12-12
533.3223266601562,533.3223266601562,533.9079744414969,516.4647263523335,521.9408012070563,696200,2023-12-13
529.1639404296875,529.1639404296875,546.4900554182091,525.6889586235437,538.0856837984537,510500,2023-12-14
518.885498046875,518.885498046875,528.5783552452745,515.8692632894893,528.5783552452745,643800,2023-12-15
520.1348876953125,520.1348876953125,523.6098698317795,512.7164052486138,519.119745126292,564200,2023-12-18
529.573974609375,529.573974609375,531.243100300486,522.0285327313937,522.2237684855974,351000,2023-12-19
527.2800903320312,527.2800903320312,542.5075864079371,527.2410670098888,528.7832925319959,337500,2023-12-20
539.8135375976562,539.8135375976562,540.2137203137486,528.3929293803142,531.4286462354233,317200,2023-12-21
548.8523559570312,548.8523559570312,549.2623093569221,541.502149467956,541.502149467956,384900,2023-12-22
547.8663940429688,547.8663940429688,549.8966789037229,545.1039602693146,548.8522838802761,145500,2023-12-26
552.112548828125,552.112548828125,553.3912626240967,548.1592778999368,548.1592778999368,195000,2023-12-27
556.9735717773438,556.9735717773438,559.4919759050363,553.3716896750063,553.3912311231359,245300,2023-12-28
552.141845703125,552.141845703125,559.6286632364786,550.3945542168863,555.8413159990196,271500,2023-12-29
542.5270385742188,542.5270385742188,548.1104713696081,537.9295552792498,546.6657744431658,364600,2024-01-02
536.7386474609375,536.7386474609375,539.7060283131327,531.8287989775864,539.7060283131327,418600,2024-01-03
546.3534545898438,546.3534545898438,548.891400463403,534.2691527195736,534.2691527195736,368600,2024-01-04
525.2009887695312,525.2009887695312,546.8318262872095,523.5513447338715,542.9175782774278,447100,2024-01-05
530.1791381835938,530.1791381835938,530.2864969910745,523.2681979455484,528.9784711207973,347400,2024-01-08
526.8603515625,526.8603515625,533.6443920900779,524.9764486080301,524.9862193326919,358200,2024-01-09
533.6054077148438,533.6054077148438,533.7713909095635,525.1522398818196,528.6955580881224,243400,2024-01-10
537.1389770507812,537.1389770507812,541.5315140647394,533.0587457961976,536.6509173825636,867600,2024-01-11
532.4340209960938,532.4340209960938,542.7222963164626,529.359221565423,542.039000934359,308600,2024-01-12
529.5154418945312,529.5154418945312,530.5404148870728,523.2780844481154,528.1489105338057,604400,2024-01-16
525.3082885742188,525.3082885742188,526.4210787737965,512.9116222519501,519.2954204463474,538900,2024-01-17
533.4100952148438,533.4100952148438,541.033583436944,526.479613463562,538.1832726067428,615100,2024-01-18
540.7017211914062,540.7017211914062,542.9956371423195,532.0240068856557,538.2321705049324,380000,2024-01-19
552.6982421875,552.6982421875,555.9975301921174,542.8882551249067,543.5325272272204,456000,2024-01-22
550.3360595703125,550.3360595703125,557.5495956289217,549.4380464794833,553.0984939219662,362000,2024-01-23
545.12353515625,545.12353515625,554.2306841504044,544.7623758282118,554.2306841504044,291500,2024-01-24
541.5216064453125,541.5216064453125,546.2265076068687,536.230998083401,545.3382058718165,508900,2024-01-25
536.1724853515625,536.1724853515625,545.9727600926018,531.3602249217772,543.7862626519579,561600,2024-01-26
537.7928466796875,537.7928466796875,538.3101588383313,529.4274985848671,529.4274985848671,683700,2024-01-29
587.8580322265625,587.8580322265625,602.6462623086751,566.2858211962915,566.2858211962915,1307300,2024-01-30
584.324462890625,584.324462890625,597.9023141437309,582.3819952411254,585.6715121347419,817800,2024-01-31
589.8688354492188,589.8688354492188,589.8688354492188,570.4538097753125,584.6368507045256,785900,2024-02-01
578.8972778320312,578.8972778320312,590.1421906143228,576.5643385347345,588.9512941534805,576900,2024-02-02
569.458251953125,569.458251953125,578.2433256412077,568.5211559784624,576.7400637915867,715400,2024-02-05
568.1015014648438,568.1015014648438,572.9137630478713,565.5050500262452,572.9137630478713,469100,2024-02-06
576.5253295898438,576.5253295898438,577.3647778639801,564.5385563490253,571.1078795532582,475400,2024-02-07
571.5178833007812,571.5178833007812,574.4266999186765,567.369376035148,572.4256671531258,515300,2024-02-08
578.2725219726562,578.2725219726562,580.049066072696,570.5416745610979,571.4104349510097,336200,2024-02-09
576.0957641601562,576.0957641601562,582.5478974501875,575.344133348996,578.7703211017072,485100,2024-02-12
561.864013671875,561.864013671875,568.3747722720618,557.1688822412193,566.1491916799371,403400,2024-02-13
559.1212158203125,559.1212158203125,566.793500491666,555.0215021651086,566.793500491666,443400,2024-02-14
563.5454711914062,563.5454711914062,565.7870837950948,559.238551922022,561.5094990616489,386300,2024-02-15
556.722900390625,556.722900390625,566.1492639055881,556.0572872131212,561.1277409211882,327700,2024-02-16
544.790771484375,544.790771484375,548.4125418480597,539.5245341989895,547.5511458779569,903800,2024-02-20
543.8999633789062,543.8999633789062,547.9034406796311,537.9485174557349,542.7742579722467,501100,2024-02-21
553.51220703125,553.51220703125,557.4668130295071,548.2753652048779,551.8677404778595,482200,2024-02-22
556.938232421875,556.938232421875,559.101520107416,554.0995931939729,556.4684018725891,410400,2024-02-23
555.9202270507812,555.9202270507812,561.9989284216388,555.6167848741378,557.2123207610131,398400,2024-02-26
546.0436401367188,546.0436401367188,555.7734459139575,545.8282613085017,555.7734459139575,413500,2024-02-27
555.900634765625,555.900634765625,556.1845405017011,542.5882517849943,543.1266092319182,429700,2024-02-28
549.1073608398438,549.1073608398438,558.2792721246593,548.9801648632847,557.7408549613195,432200,2024-02-29
553.5220336914062,553.5220336914062,555.440607974947,543.0385514044358,546.7092518678229,260600,2024-03-01
546.5623779296875,546.5623779296875,553.8744440252669,546.0044243123966,553.326288501266,365200,2024-03-04
538.7120361328125,538.7120361328125,545.3682881769806,536.9207771231165,544.242582678325,257500,2024-03-05
537.9093627929688,537.9093627929688,542.500128099462,535.6286175356108,539.3482486810685,487800,2024-03-06
538.5357666015625,538.5357666015625,547.3748416163498,538.3693782494646,547.3748416163498,382500,2024-03-07
539.8377075195312,539.8377075195312,543.439881245338,537.5374256826511,538.3694272633585,279900,2024-03-08
552.3670043945312,552.3670043945312,552.8466330385135,536.7934718835464,538.8784345663677,413200,2024-03-11
553.8352661132812,553.8352661132812,566.4135687028052,549.5185487171198,555.5971903618273,366400,2024-03-12
545.73046875,545.73046875,554.99038540935,544.9571361829086,554.99038540935,341000,2024-03-13
541.3744506835938,541.3744506835938,547.4041612684806,535.285951540713,547.1790441073822,295700,2024-03-14
533.2205810546875,533.2205810546875,540.4445237839639,532.5745641109783,537.9386615190976,520700,2024-03-15
538.751220703125,538.751220703125,543.4497058027754,534.003745130302,535.6776062118593,358400,2024-03-18
552.3964233398438,552.3964233398438,552.8564558166196,537.2143956946028,539.3482891975899,341400,2024-03-19
547.316162109375,547.316162109375,553.4731291363953,544.0663613094646,553.101160025627,529300,2024-03-20
551.8580932617188,551.8580932617188,556.439120790765,548.1775942868063,548.5690998673304,493400,2024-03-21
541.41357421875,541.41357421875,551.0944484059751,539.1426272264976,551.0944484059751,364300,2024-03-22
539.6810913085938,539.6810913085938,540.5326890366869,535.9516620269357,539.103541481354,297400,2024-03-25
540.0139770507812,540.0139770507812,544.2426320083862,539.4070925644315,540.258690464454,377700,2024-03-26
545.2213745117188,545.2213745117188,546.4253451433066,538.7805020484598,544.8494054192084,313000,2024-03-27
548.5984497070312,548.5984497070312,551.3196313385704,545.7304161543925,546.6505408235768,338900,2024-03-28
543.0972290039062,543.0972290039062,551.7013285706436,540.5717705948131,550.4679637721454,280800,2024-04-01
530.822509765625,530.822509765625,542.9994512268312,526.4568608430461,540.023757720606,356400,2024-04-02
528.5808715820312,528.5808715820312,533.0444409967228,528.1012429428597,530.479849695642,313800,2024-04-03
522.2966918945312,522.2966918945312,536.3628125734543,520.6717615509785,531.8796466035357,465300,2024-04-04
530.9203491210938,530.9203491210938,532.0655909551059,524.0291824403957,524.9003763693208,421800,2024-04-05
537.4492797851562,537.4492797851562,538.359606336037,529.9512885492119,532.8878489370107,302100,2024-04-08
542.9895629882812,542.9895629882812,543.2636706345976,538.1932168780115,542.9700265453115,273600,2024-04-09
521.77783203125,521.77783203125,537.4884183299516,521.3373360193384,530.0980865548993,317400,2024-04-10
523.1874389648438,523.1874389648438,527.8859241869236,515.4447334560778,521.3961201899544,336700,2024-04-11
515.4837646484375,515.4837646484375,521.6309925814278,509.7672943389442,517.3338118841116,434800,2024-04-12
502.2105712890625,502.2105712890625,522.8056272967468,499.9592202015461,522.081285270235,524900,2024-04-15
502.5727233886719,502.5727233886719,503.47325184089306,497.91340124526306,502.347606211735,470900,2024-04-16
501.0065612792969,501.0065612792969,507.4572020989191,500.6541883667501,506.6252005424378,447700,2024-04-17
495.0649719238281,495.0649719238281,507.21251796887805,489.201618953784,501.4862487042335,1421600,2024-04-18
499.28375244140625,499.28375244140625,499.43057447446967,493.33230714186817,497.28688317503963,519900,2024-04-19
504.2759094238281,504.2759094238281,511.08875086704387,499.59702105269486,503.4047752689473,915200,2024-04-22
436.56866455078125,436.56866455078125,472.8645394822048,430.64661277651015,468.8708303135072,3661100,2024-04-23
454.8242492675781,454.8242492675781,461.06933905401024,439.5051987596458,442.9311858323825,2230400,2024-04-24
454.66766357421875,454.66766357421875,464.2898104387372,449.2154721511915,457.0071378340729,1469600,2024-04-25
467.6766357421875,467.6766357421875,469.19384675627174,453.36580199351084,455.3920359585695,1040900,2024-04-26
466.8935241699219,466.8935241699219,472.7862111197279,462.5474125102225,470.3195112070214,982500,2024-04-29
455.9401550292969,455.9401550292969,471.9541830690354,454.9906659916776,465.6112318564532,932600,2024-04-30
460.0904846191406,460.0904846191406,470.31951509186695,453.5517507608032,455.6954422000741,920100,2024-05-01
457.80975341796875,457.80975341796875,461.9992448326317,448.99027460369757,461.32383358757454,767800,2024-05-02
457.1637878417969,457.1637878417969,464.8575627003928,456.4981446994353,463.2522583505579,826500,2024-05-03
465.43505859375,465.43505859375,470.10420908191554,460.07096033101254,461.9699385819382,1084800,2024-05-06
461.4315490722656,461.4315490722656,469.09598895730795,461.3728202501169,469.09598895730795,852700,2024-05-07
460.7952880859375,460.7952880859375,464.82815975229346,458.52434078200787,460.3352257430917,811400,2024-05-08
472.2967834472656,472.2967834472656,474.25449032165847,462.3907914423958,462.8508537527676,760100,2024-05-09
474.9006042480469,474.9006042480469,477.5630871681496,472.08150117120397,473.5693478518753,544700,2024-05-10
475.3019104003906,475.3019104003906,482.7118387087173,473.7651032061903,477.91543256772314,448400,2024-05-13
477.78814697265625,477.78814697265625,483.8962128627635,472.48277795956005,479.6381943466671,738900,2024-05-14
479.69696044921875,479.69696044921875,483.4068237070502,476.7016710251642,479.6382316269619,773500,2024-05-15
488.5845947265625,488.5845947265625,494.4867539144859,479.31394755058903,479.7656866799442,931500,2024-05-16
496.2642822265625,496.2642822265625,496.5883787547039,486.3160412930758,491.8941339517342,878500,2024-05-17
503.07000732421875,503.07000732421875,503.4235344979094,493.5243840234114,493.5243840234114,569800,2024-05-20
496.460693359375,496.460693359375,506.2223402748746,493.53414434336514,502.1173674418312,798400,2024-05-21
494.79119873046875,494.79119873046875,498.5230441251127,490.1166142459356,498.5230441251127,655300,2024-05-22
481.6021423339844,481.6021423339844,498.6899776550304,481.032560810321,496.4901731911056,1178500,2024-05-23
484.1554870605469,484.1554870605469,486.70884856441705,479.2157274075967,484.00818408284204,482900,2024-05-24
486.80706787109375,486.80706787109375,487.35701897619913,479.8540675178386,484.1554943521242,715000,2024-05-28
480.9539489746094,480.9539489746094,484.49920037891735,478.263114757163,482.26990548861914,663500,2024-05-29
480.7379455566406,480.7379455566406,482.53513193482644,474.786665033313,480.22728520414245,508900,2024-05-30
486.29638671875,486.29638671875,486.7284954480366,476.6525518507166,479.1371920291586,701600,2024-05-31
481.7003479003906,481.7003479003906,486.9740044063491,475.2973285809361,485.3536116765427,789900,2024-06-03
484.3420715332031,484.3420715332031,486.43386368675516,480.1388568194772,482.28957016298114,438000,2024-06-04
489.3702087402344,489.3702087402344,492.5029818499075,478.1354424097004,485.4125090081203,481400,2024-06-05
484.2439270019531,484.2439270019531,493.84847191289015,482.9378004826626,489.1443964593366,722100,2024-06-06
482.86895751953125,482.86895751953125,487.2587657703288,481.209274155958,483.07518167397427,394200,2024-06-07
475.3267822265625,475.3267822265625,480.6495296582841,474.2465104324588,479.3335730982259,473000,2024-06-10
475.788330078125,475.788330078125,477.958673786956,471.93864257735794,474.1286466625231,574200,2024-06-11
479.1862487792969,479.1862487792969,484.3224321892931,478.12560743956186,481.51372564970717,494600,2024-06-12
475.5919189453125,475.5919189453125,479.3237341988481,473.7653021021855,477.4971173557211,483000,2024-06-13
471.9092102050781,471.9092102050781,474.27597799827834,467.9908010630618,470.3968296711066,534000,2024-06-14
476.08294677734375,476.08294677734375,478.86216281360174,468.74695890132216,470.56377551821146,492000,2024-06-17
467.97113037109375,467.97113037109375,478.3318793596964,466.792676579889,475.7490572614277,732700,2024-06-18
474.128662109375,474.128662109375,476.2891757004273,469.54242962871984,470.2888046716746,669900,2024-06-20
477.5953369140625,477.5953369140625,477.87031246374136,471.74223883218923,472.74395902537367,702200,2024-06-21
480.3843688964844,480.3843688964844,483.9099599346052,474.9830400692082,477.42835934785654,383100,2024-06-24
480.0210266113281,480.0210266113281,481.3860741732757,476.09278734113275,481.17001981461146,387700,2024-06-25
478.1747741699219,478.1747741699219,479.5889427781754,473.41177781365747,476.04369106842813,294900,2024-06-26
478.0765380859375,478.0765380859375,483.1341401597294,476.9275448809656,478.09616849308594,362200,2024-06-27
473.1073303222656,473.1073303222656,482.3190564634535,470.77002309598356,478.9505983879708,829900,2024-06-28
470.7110900878906,470.7110900878906,475.96511612070844,469.74866067472936,473.1367790429253,477500,2024-07-01
482.6038513183594,482.6038513183594,482.61365153692816,470.23969177534497,470.98606683111814,428700,2024-07-02
482.2012023925781,482.2012023925781,490.71564425904035,482.2012023925781,485.2946848353069,351700,2024-07-03
486.3553161621094,486.3553161621094,486.37497654019376,479.6773210927237,482.37798571153365,384900,2024-07-05
483.4288330078125,483.4288330078125,489.2917320163138,482.3780216849444,486.24734022496517,363000,2024-07-08
480.2960205078125,480.2960205078125,486.7088701625614,479.9522935645233,483.08506689977696,465500,2024-07-09
480.22723388671875,480.22723388671875,482.96718907291125,478.685392834589,480.96377872396835,596600,2024-07-10
484.7938232421875,484.7938232421875,488.79081389493217,478.89166411468665,480.20762067461476,707900,2024-07-11
492.9940185546875,492.9940185546875,496.34284606199725,485.13754017134585,486.9543567915109,664400,2024-07-12
492.50299072265625,492.50299072265625,494.32960756880755,489.8121564554966,491.38342816268994,524400,2024-07-15
498.8863525390625,498.8863525390625,501.1745385676109,494.38853207505565,495.115246698957,544200,2024-07-16
494.95819091796875,494.95819091796875,500.9193017196635,494.4278701789315,497.64902546070516,403200,2024-07-17
489.60589599609375,489.60589599609375,495.43933354248355,487.51413381963505,491.9334028717433,410800,2024-07-18
486.99365234375,486.99365234375,490.8531401945383,484.7250666158662,490.0478439595395,612300,2024-07-19
496.94189453125,496.94189453125,497.7471907686991,486.8856116619297,490.9709840701128,1172200,2024-07-22
536.2145385742188,536.2145385742188,560.7758664003659,527.9456109534408,540.1231178171181,1362700,2024-07-23
524.6163940429688,524.6163940429688,535.0949560626508,522.9076194612227,535.0949560626508,692500,2024-07-24
528.5545043945312,528.5545043945312,535.7529606319662,520.1087529063362,525.6868461991895,586400,2024-07-25
530.8524169921875,530.8524169921875,535.5859524574803,522.6915023889145,529.3302362784938,439600,2024-07-26
532.8951416015625,532.8951416015625,533.0326443663083,526.5510133873269,530.8819308955834,352000,2024-07-29
536.4599609375,536.4599609375,537.8446387914814,530.3122574001745,535.4189800150249,383800,2024-07-30
531.0586547851562,531.0586547851562,539.8578720284185,528.8882810987715,538.5910364941109,407900,2024-07-31
538.070556640625,538.070556640625,545.3672533311733,532.3942225603435,532.3942225603435,599400,2024-08-01
530.1650390625,530.1650390625,536.0476285020022,520.9042209437469,533.4549758530968,634800,2024-08-02
508.147216796875,508.147216796875,521.9353153985624,507.9999437846969,520.4917162022668,581900,2024-08-05
516.6714477539062,516.6714477539062,522.662048274948,510.86750092569457,510.86750092569457,465400,2024-08-06
514.982421875,514.982421875,528.3285827778444,514.1771255383325,521.051545058967,336500,2024-08-07
521.2183227539062,521.2183227539062,524.8421252162349,515.0018684612593,517.7418532133635,288100,2024-08-08
524.2529907226562,524.2529907226562,527.542867019515,521.3559023748794,521.8861930792177,250100,2024-08-09
522.8584594726562,522.8584594726562,526.2269775126487,520.4622310359721,523.1334650025236,536200,2024-08-12
536.6465454101562,536.6465454101562,538.5419134749162,525.0680229619871,525.1662648979835,385000,2024-08-13
544.3853149414062,544.3853149414062,548.8340153956533,535.5958663027906,536.4895144935823,867800,2024-08-14
553.0371704101562,553.0371704101562,556.1306228174647,543.8451050636007,545.3868862029522,841200,2024-08-15
553.1553344726562,553.1553344726562,556.4645031365425,548.1128661698324,552.3576018730952,365200,2024-08-16
552.0425415039062,552.0425415039062,556.5039174542155,549.4129270881605,553.8842213482261,390400,2024-08-19
554.47509765625,554.47509765625,562.944853078726,549.2553618674697,553.4508668955541,359100,2024-08-20
553.1356811523438,553.1356811523438,555.0068753520904,548.1719581853906,553.3818956610708,477100,2024-08-21
556.1788940429688,556.1788940429688,558.188043032445,553.8743597574692,553.8743597574692,373000,2024-08-22
562.5410766601562,562.5410766601562,564.6092545379623,557.5183246077897,558.6311589114526,380700,2024-08-23
566.9138793945312,566.9138793945312,570.5184336329233,563.5751959707211,565.5941430766142,382400,2024-08-26
576.0532836914062,576.0532836914062,576.8805908851616,563.7622747165061,566.7168488055466,477500,2024-08-27
571.365478515625,571.365478515625,577.0579273524538,565.2692041760367,574.4086565303168,510900,2024-08-28
573.2760009765625,573.2760009765625,579.7563231253722,569.3660835863492,572.2911430086748,391400,2024-08-29
571.7987060546875,571.7987060546875,576.2994540075555,564.5402476304445,573.8963981949663,325400,2024-08-30
564.7864990234375,564.7864990234375,574.56619204492,561.6251432550268,572.7245123591775,343400,2024-09-03
564.2645263671875,564.2645263671875,569.3759416235242,559.7834346367517,564.8160444246109,304400,2024-09-04
562.01904296875,562.01904296875,565.7418350827949,553.3720209381765,565.7418350827949,362400,2024-09-05
551.3726806640625,551.3726806640625,563.7523518912831,549.3537339568579,558.6310787018435,429700,2024-09-06
549.8856201171875,549.8856201171875,558.946265265066,548.6939203450311,556.7303348539297,524700,2024-09-09
553.8348999023438,553.8348999023438,556.710728685794,546.8720063924115,551.6682602829574,405000,2024-09-10
553.490234375,553.490234375,555.3319141538118,540.7264521701055,552.3379672661795,423200,2024-09-11
551.2743530273438,551.2743530273438,553.5690893627548,546.5470458989686,551.5402839650742,386300,2024-09-12
553.4213256835938,553.4213256835938,557.2721546612157,551.5205566925946,553.7758601862632,390500,2024-09-13
558.0796508789062,558.0796508789062,562.0585159768334,556.2379710857243,557.2721201542635,407900,2024-09-16
547.955322265625,547.955322265625,560.7289022182393,547.3348568902326,558.9956025573753,495000,2024-09-17
543.2181396484375,543.2181396484375,550.5159110518254,542.6271887760129,545.5621065205079,466900,2024-09-18
546.9015502929688,546.9015502929688,552.1803752937878,543.3954578538016,551.3136953550303,449500,2024-09-19
543.060546875,543.060546875,543.178785142211,538.3726730849701,542.3809924211001,811600,2024-09-20
551.6781005859375,551.6781005859375,552.4660351743343,543.1492556763645,544.094741115859,295600,2024-09-23
552.2591552734375,552.2591552734375,553.4015641703411,545.109076164314,552.9485679352942,423800,2024-09-24
553.8546142578125,553.8546142578125,555.3220431279032,551.1758292272243,554.1304033638249,383200,2024-09-25
558.680419921875,558.680419921875,561.9993865909769,556.9372020169242,557.409914623977,404200,2024-09-26
567.4259643554688,567.4259643554688,569.1396076686204,561.0046709190959,561.0046709190959,560500,2024-09-27
574.1033325195312,574.1033325195312,575.1079070301644,564.5305405157409,567.3373620930208,339600,2024-09-30
567.0320434570312,567.0320434570312,574.664693629488,560.3645349740982,574.664693629488,365700,2024-10-01
581.4306030273438,581.4306030273438,581.8245702652076,570.5774488114762,570.9516996541586,401500,2024-10-02
579.4017944335938,579.4017944335938,581.4601740557289,574.7434354347622,578.0624020106046,542600,2024-10-03
580.7904663085938,580.7904663085938,587.6844727288152,574.9995562176961,583.0359715387294,436100,2024-10-04
575.6396484375,575.6396484375,579.5790804760653,574.0343250729077,577.8162062787538,355300,2024-10-07
587.7929077148438,587.7929077148438,590.1762476117157,576.3488607969828,581.4897914973806,411500,2024-10-08
595.2777099609375,595.2777099609375,601.9353596165749,588.5117403526162,592.4708887230784,404700,2024-10-09
590.3533935546875,590.3533935546875,597.0701319847215,589.5261465391054,595.6027032574732,246300,2024-10-10
596.4202270507812,596.4202270507812,596.7255306490616,590.9444185677435,591.0231639337106,256500,2024-10-11
598.163330078125,598.163330078125,600.7141387027041,595.4845452178507,596.8337958455708,278700,2024-10-14
604.013427734375,604.013427734375,607.8346817626481,601.6793189736728,604.7028403889332,333500,2024-10-15
598.31103515625,598.31103515625,605.6482385666683,593.8200855163507,602.2208921836973,274200,2024-10-16
596.6368408203125,596.6368408203125,604.6929722933481,596.6073263371102,602.0240455027498,232300,2024-10-17
598.8134155273438,598.8134155273438,601.5611478686044,594.5489633060829,597.2573229649798,267800,2024-10-18
594.6671142578125,594.6671142578125,598.5080845518171,589.7428241941977,593.6231671687647,344000,2024-10-21
594.9330444335938,594.9330444335938,596.105027871748,588.6791599938272,590.9148069154988,253700,2024-10-22
587.3496704101562,587.3496704101562,595.839142306539,583.6663107845615,593.8694261336249,281200,2024-10-23
581.3124389648438,581.3124389648438,587.0049471018275,576.6737361092693,584.7791583869781,365400,2024-10-24
579.8055419921875,579.8055419921875,586.8374421638857,576.46691923453,585.035195399872,391600,2024-10-25
586.2564086914062,586.2564086914062,587.5465701960969,581.4601553037498,584.0897091882345,490700,2024-10-28
570.163818359375,570.163818359375,622.134792762987,564.6880104410038,600.172472015637,1462500,2024-10-29
560.472900390625,560.472900390625,579.5593943109656,557.252395295604,573.1972497078406,747100,2024-10-30
562.5509033203125,562.5509033203125,568.7062658388932,560.3842036915797,561.664507073252,545300,2024-10-31
569.19873046875,569.19873046875,570.1638721365675,561.556222269552,562.0092786192245,369300,2024-11-01
580.4163208007812,580.4163208007812,581.5193571051391,566.5987322879677,568.7555740120365,387000,2024-11-04
579.4116821289062,579.4116821289062,587.5761335394255,576.2404080216876,581.4798599429018,537800,2024-11-05
566.1160888671875,566.1160888671875,585.9905163078074,551.1560932817143,584.0897475606622,1254600,2024-11-06
566.9432983398438,566.9432983398438,570.8532156403644,563.3584611032975,570.4691066150691,658200,2024-11-07
585.0056762695312,585.0056762695312,587.6746632002031,566.9138388678507,568.725944000889,781500,2024-11-08
588.2064819335938,588.2064819335938,593.7709540699431,585.3208550036439,585.5867859178841,441600,2024-11-11
593.514892578125,593.514892578125,596.8338595258031,585.1534570287714,586.8867567704365,404400,2024-11-12
601.2854614257812,601.2854614257812,612.0499535458598,595.26793258252,595.9081144097721,583500,2024-11-13
596.9619140625,596.9619140625,607.6278842003876,595.8785340661342,599.1975011148686,354400,2024-11-14
586.4156494140625,586.4156494140625,596.1619191394637,585.912032879368,591.9257181612355,525000,2024-11-15
585.6849975585938,585.6849975585938,587.7586491064225,582.7423723428991,584.9345148208863,653300,2024-11-18
589.6447143554688,589.6447143554688,594.493138800106,582.6040872590223,584.1445295535153,457200,2024-11-19
574.7044677734375,574.7044677734375,595.7572228631126,569.6486532221903,593.3971677144855,888900,2024-11-20
574.052734375,574.052734375,580.6193382295525,572.7492737859166,580.6193382295525,685600,2024-11-21
582.1795654296875,582.1795654296875,583.2065070116776,571.6235654662129,571.9691540002308,437000,2024-11-22
585.2998657226562,585.2998657226562,589.0719876797009,582.1992727228294,585.319634300826,575600,2024-11-25
594.4142456054688,594.4142456054688,595.5103169080446,585.0333313800578,586.2478936196657,362300,2024-11-26
597.3765869140625,597.3765869140625,599.7958268902654,593.6439419163995,596.6261041989734,345500,2024-11-27
601.9880981445312,601.9880981445312,603.4199339856245,597.583983971184,597.583983971184,204400,2024-11-29
601.3363037109375,601.3363037109375,602.4126666709311,594.2167223380653,600.3883762438464,347300,2024-12-02
600.4772338867188,600.4772338867188,605.9478266600023,599.5588989880042,600.951257905777,307900,2024-12-03
608.2091064453125,608.2091064453125,609.7396646285035,598.2258531048866,598.2258531048866,371900,2024-12-04
602.2644653320312,602.2644653320312,608.663276473876,601.0893801298296,602.6101140797681,402000,2024-12-05
609.443359375,609.443359375,611.9811504827443,601.533758742898,601.533758742898,484400,2024-12-06
610.7468872070312,610.7468872070312,613.1957802573519,604.5554645531296,610.7863640958864,323900,2024-12-09
621.1251220703125,621.1251220703125,627.7707395887693,609.5915426933672,610.1544047517441,483900,2024-12-10
621.7175903320312,621.7175903320312,630.7529157915119,621.1449042418997,623.5937972343461,455000,2024-12-11
628.0176391601562,628.0176391601562,634.3966825578286,626.1118395997042,630.9306719597301,430300,2024-12-12
617.2640991210938,617.2640991210938,628.2447006829603,612.544049659995,627.0400227971346,380500,2024-12-13
610.6283569335938,610.6283569335938,619.4266398965085,609.295303847413,617.2048445728369,506500,2024-12-16
603.8345947265625,603.8345947265625,611.6750659552371,602.7385235002123,609.9272343504775,555000,2024-12-17
590.4050903320312,590.4050903320312,612.524260531293,589.8125754281783,611.2998141080728,715200,2024-12-18
593.051513671875,593.051513671875,598.6010599708455,585.8232654781498,588.7165295594947,508400,2024-12-19
597.2185668945312,597.2185668945312,599.1342505936274,588.6868584447388,589.9903189248506,828400,2024-12-20
597.830810546875,597.830810546875,599.4897438682486,591.4518277045794,594.1278182393293,302900,2024-12-23
600.2896118164062,600.2896118164062,600.2896118164062,595.4313025901175,599.6971571315148,157400,2024-12-24
603.3111572265625,603.3111572265625,605.8687168028907,597.2777635904624,597.2777635904624,221100,2024-12-26
601.9486083984375,601.9486083984375,604.2592419507987,595.7670699857823,599.3910484111026,245400,2024-12-27
592.1331787109375,592.1331787109375,594.7104468835183,587.6105739122308,594.5228261964306,358300,2024-12-30
592.4886474609375,592.4886474609375,598.6306483761902,590.6322091813951,593.6933253497594,223800,2024-12-31
589.6447143554688,589.6447143554688,596.1916091745769,587.6303083611483,593.9599296378,390300,2025-01-02
593.940185546875,593.940185546875,595.38190555336,588.4696533856519,590.3853371115046,243800,2025-01-03
589.1806030273438,589.1806030273438,597.3469545739213,589.0621120966847,593.9401896423344,359400,2025-01-06
583.91748046875,583.91748046875,590.2076253826369,580.6785675308939,587.0576107809055,445400,2025-01-07
594.6807861328125,594.6807861328125,594.749915887145,578.7628616195151,580.6785453522596,417300,2025-01-08
568.5130004882812,568.5130004882812,587.5414634741052,566.5084786003885,582.1400607983496,448000,2025-01-10
573.2430419921875,573.2430419921875,574.3785902649863,563.1017599703089,566.8047526926038,410400,2025-01-13
578.4567260742188,578.4567260742188,580.1057750106115,572.1962345271678,575.3659571857976,446900,2025-01-14
593.4662475585938,593.4662475585938,595.1548337871379,585.8825263696197,589.1905087995685,504100,2025-01-15
602.32373046875,602.32373046875,603.2322412610059,591.2345227144214,595.8756182138022,425400,2025-01-16
604.34814453125,604.34814453125,609.4533199818901,601.3857505314877,605.078858741315,311700,2025-01-17
609.640869140625,609.640869140625,610.8554312515847,597.376576296388,597.376576296388,676000,2025-01-21
605.3157958984375,605.3157958984375,611.0036016009857,603.627209746101,608.2189442145275,406700,2025-01-22
608.2387084960938,608.2387084960938,608.2781853823402,602.1263002938683,607.6560778711403,574300,2025-01-23
612.9390258789062,612.9390258789062,615.1608213314762,604.5258680821482,605.6910691315334,369300,2025-01-24
615.9112548828125,615.9112548828125,617.5998409890381,605.3849091209315,608.2485202022427,400400,2025-01-27
620.4635009765625,620.4635009765625,627.0301040626192,611.5664357506055,614.7361583787285,514500,2025-01-28
585.6158447265625,585.6158447265625,610.4407182074173,565.096362528671,588.4795160560049,1061400,2025-01-29
583.324951171875,583.324951171875,596.1817597111955,577.7260436954206,586.0602474345251,503100,2025-01-30
589.289306640625,589.289306640625,589.6053025654152,578.6937698155199,583.4434724370981,735900,2025-01-31
575.1290893554688,575.1290893554688,585.5172378524463,574.0922634179339,579.8294312270299,604500,2025-02-03
577.1434326171875,577.1434326171875,582.0807558463251,571.5445249509619,572.926999563144,855700,2025-02-04
574.8228759765625,574.8228759765625,580.8069089152362,567.9995222536576,578.8220954679933,825600,2025-02-05
580.1156616210938,580.1156616210938,580.3822963392619,572.2159451247703,579.7207119583098,570200,2025-02-06
572.127197265625,572.127197265625,580.6884994926548,570.2806430650903,580.0565076084978,549500,2025-02-07
576.1658325195312,576.1658325195312,576.511481295763,568.374782536146,574.7537653567874,547400,2025-02-10
570.0732421875,570.0732421875,574.9216673341169,562.0155567735319,567.2885845077294,728900,2025-02-11
565.3530883789062,565.3530883789062,566.2417702814388,559.941741846598,565.066685096381,634500,2025-02-12
565.1259765625,565.1259765625,569.0462423513085,561.1761181762234,567.9205182464063,784500,2025-02-13
567.2359619140625,567.2359619140625,573.4171728753261,566.0571690220112,568.454356249633,453900,2025-02-14
567.29541015625,567.29541015625,570.2671509291175,556.4188582748254,567.2656637276153,748200,2025-02-18
569.316162109375,569.316162109375,570.901126769845,562.0552524799843,565.7104959847728,609000,2025-02-19
568.939697265625,568.939697265625,570.0788886468335,562.6693683119507,568.6920522227723,737000,2025-02-20
572.8921508789062,572.8921508789062,574.0610282013445,565.9580898249676,567.7906389194228,565200,2025-02-21
568.1472778320312,568.1472778320312,577.4488406859361,563.5212850948732,572.86244939223,627000,2025-02-24
579.0337524414062,579.0337524414062,581.0149129238612,573.1893652942963,575.0615764606689,723400,2025-02-25
573.9818115234375,573.9818115234375,581.4705956520984,572.4365087813399,577.9143860199749,397200,2025-02-26
575.7945556640625,575.7945556640625,583.451721042874,574.140243246219,574.140243246219,456200,2025-02-27
584.9475708007812,584.9475708007812,584.9475708007812,575.1804637506959,579.7767103000041,570700,2025-02-28
583.2139282226562,583.2139282226562,593.0702119526537,580.4304006608983,584.9474433348595,507500,2025-03-03
562.2731323242188,562.2731323242188,581.0644702924507,555.3786723170393,581.0644702924507,674800,2025-03-04
567.5925903320312,567.5925903320312,569.1478086415676,556.3000113093559,562.50099313422,614800,2025-03-05
560.9457397460938,560.9457397460938,568.186878009682,556.4385518289381,560.7376961550794,649000,2025-03-06
556.5971069335938,556.5971069335938,561.5796937556645,548.1375135765887,559.9947896657523,710400,2025-03-07
540.2030639648438,540.2030639648438,551.2579130306706,534.4279641375654,549.7720426451432,819700,2025-03-10
536.6170654296875,536.6170654296875,544.056332245986,530.8717124847865,538.083165207234,846600,2025-03-11
539.9356079101562,539.9356079101562,543.9969629299954,533.4274881257078,540.0743036617196,662900,2025-03-12
536.359619140625,536.359619140625,542.1644050597827,532.0703896076304,538.8955022341281,650800,2025-03-13
549.4847412109375,549.4847412109375,551.4460705765126,539.29163269056,541.9662112092083,405800,2025-03-14
560.6386108398438,560.6386108398438,563.7292764891523,546.8992691832626,547.4936535412969,343100,2025-03-17
563.3429565429688,563.3429565429688,566.1264844110153,559.5193315851938,561.133921643974,555200,2025-03-18
565.0368041992188,565.0368041992188,568.2760206796402,556.7853149724202,562.5009214002357,522000,2025-03-19
560.658447265625,560.658447265625,566.5524112274686,557.2211631792657,560.004690971637,580600,2025-03-20
557.2608032226562,557.2608032226562,558.4197651451178,549.5243741634329,556.6763342934249,822800,2025-03-21
561.4508666992188,561.4508666992188,568.6325723421738,559.8758782159299,564.4919548267022,476900,2025-03-24
569.1973266601562,569.1973266601562,571.1091393670939,558.8854124304619,563.6996181356141,409800,2025-03-25
564.1056518554688,564.1056518554688,573.4765618875875,560.2225945766702,569.3161131444818,455100,2025-03-26
560.4406127929688,560.4406127929688,565.6213282031455,558.5684015919659,564.868477532252,453900,2025-03-27
553.2093505859375,553.2093505859375,564.2048281814548,549.8414138453235,560.7278816581762,390000,2025-03-28
560.1730346679688,560.1730346679688,561.9362962294689,544.8685603555552,548.8705425692028,569400,2025-03-31
561.9561157226562,561.9561157226562,565.026950511434,555.428226290585,558.8655104435175,550100,2025-04-01
570.5346069335938,570.5346069335938,571.2873971163962,556.0027515326389,556.6763388289686,481900,2025-04-02
539.0538940429688,539.0538940429688,558.895243294315,538.5486884972664,556.290012685852,631700,2025-04-03
502.6600036621094,502.6600036621094,528.2367908954851,502.36284170328315,528.0684091955195,1194700,2025-04-04
501.7882995605469,501.7882995605469,516.4389588321966,482.1549929030331,492.5957165894671,1092200,2025-04-07
502.1944580078125,502.1944580078125,526.6518559577104,492.16979096502786,518.4697140836704,852900,2025-04-08
544.1554565429688,544.1554565429688,545.7304452563534,490.6145767895852,495.2901167004418,935700,2025-04-09
522.7985229492188,522.7985229492188,533.2392163207494,505.02748180340393,532.4269333148109,525800,2025-04-10
536.5972900390625,536.5972900390625,540.8963741180044,516.7460247429772,519.0838398933223,464600,2025-04-11
546.057373046875,546.057373046875,552.6348405406048,542.5804266305737,546.156406889643,484200,2025-04-14
551.3272094726562,551.3272094726562,556.7258834618281,547.1073282977799,548.692232377071,362000,2025-04-15
537.4491577148438,537.4491577148438,550.9210234190881,533.6750498042422,546.0771324898848,418500,2025-04-16
541.7384033203125,541.7384033203125,549.8115954242969,537.8850319511317,542.3723891391412,508600,2025-04-17
528.4547119140625,528.4547119140625,537.5680619524288,520.8173771774989,534.190210033516,917300,2025-04-21
533.4075317382812,533.4075317382812,535.5174721043882,511.42655777294766,516.7361128480565,818200,2025-04-22
528.3853759765625,528.3853759765625,554.7150155232065,526.7806408344181,543.0460118068592,940900,2025-04-23
525.601806640625,525.601806640625,533.3580661917193,524.0169025749567,530.8617848510879,689700,2025-04-24
530.3170166015625,530.3170166015625,532.6845178580509,523.6900324547105,527.9495153450741,504500,2025-04-25
529.910888671875,529.910888671875,534.1208545106716,524.4428666351566,529.6434126713173,433200,2025-04-28
535.3689575195312,535.3689575195312,537.7859754492439,526.404158996729,531.4759848733531,350500,2025-04-29
539.9752197265625,539.9752197265625,541.3818873019087,526.2656220569994,531.9317124245376,600800,2025-04-30
540.9260864257812,540.9260864257812,547.0874656720265,534.5863495552433,537.8849982412728,430400,2025-05-01
550.5842895507812,550.5842895507812,553.456935831337,545.4630068872056,549.2767164421672,389900,2025-05-02
545.2252197265625,545.2252197265625,552.6050542875863,544.313902874019,547.1667786787107,328400,2025-05-05
540.0345458984375,540.0345458984375,545.7204661010416,537.2807646102319,540.430802129647,438300,2025-05-06
547.4639282226562,547.4639282226562,549.0884942196162,540.4506641171347,540.4506641171347,339800,2025-05-07
552.7239379882812,552.7239379882812,557.8650518059723,547.7116044374476,549.0686945172037,526100,2025-05-08
551.3173217773438,551.3173217773438,555.8442806129469,549.4946275801227,553.9919004486035,379900,2025-05-09
563.6104125976562,563.6104125976562,564.60099284199,553.1498876359009,564.2543139405612,431600,2025-05-12
558.5584716796875,558.5584716796875,569.1279458470559,556.9933379811876,563.7689333838914,512800,2025-05-13
561.242919921875,561.242919921875,562.3919662966688,556.2801036825394,559.3508779722408,445200,2025-05-14
569.98974609375,569.98974609375,571.3369811623484,560.3514197599676,560.3514197599676,608300,2025-05-15
568.6085205078125,568.6085205078125,574.7793491873048,564.2363266046633,571.0828563241892,786900,2025-05-16
569.0358276367188,569.0358276367188,571.4206439981798,564.206454721125,564.4747700636418,284000,2025-05-19
567.6049194335938,567.6049194335938,570.5561456320517,563.70961623133,565.696993544751,508000,2025-05-20
556.5650634765625,556.5650634765625,567.0783077898334,555.9291487489725,564.3257704510687,509400,2025-05-21
560.3211669921875,560.3211669921875,563.2227209001968,552.9281209286729,555.988698986403,435600,2025-05-22
555.14404296875,555.14404296875,558.6517931533174,553.1467189996275,554.5975263197229,226500,2025-05-23
563.0140991210938,563.0140991210938,564.4648457862627,556.664413863435,560.2019431585567,433500,2025-05-27
559.1287231445312,559.1287231445312,565.9454127377925,558.9498664652554,562.5271213506562,359100,2025-05-28
562.4277954101562,562.4277954101562,563.6500130840725,557.2009832258517,561.434106725686,531900,2025-05-29
560.4603271484375,560.4603271484375,562.4278113916127,553.3753217748479,562.4278113916127,631900,2025-05-30
560.63916015625,560.63916015625,560.7981236575919,541.1131535164144,554.1305114929526,299100,2025-06-02
562.835205078125,562.835205078125,563.7891680898632,550.8811612323256,559.0492534548985,338400,2025-06-03
563.3319702148438,563.3319702148438,566.1341793083984,561.7818184449984,564.6039207182748,264600,2025-06-04
560.510009765625,560.510009765625,565.3393224422327,557.6084556531291,565.3393224422327,348300,2025-06-05
565.0511474609375,565.0511474609375,566.1541273434789,560.9968806508507,562.8252945142057,251300,2025-06-06
554.478271484375,554.478271484375,565.6274291216046,553.7826772933846,564.1965756772026,526500,2025-06-09
554.3192749023438,554.3192749023438,559.7050501284003,552.5803198536225,555.4322012815302,500400,2025-06-10
550.9208984375,550.9208984375,557.0520016778773,549.5397171723589,554.1007145596658,566700,2025-06-11
551.6859741210938,551.6859741210938,551.745593010865,544.3922731393985,548.7645272224228,411000,2025-06-12
539.3046264648438,539.3046264648438,547.5125044917751,536.9297566639057,546.1710490621674,465500,2025-06-13
543.9153442382812,543.9153442382812,548.2875984998968,542.3751389813284,542.8223109978479,375400,2025-06-16
545.0879516601562,545.0879516601562,545.8332182226256,540.0698356028516,540.0698356028516,414800,2025-06-17
540.288330078125,540.288330078125,547.2044244861539,537.4463952717846,543.8259196761494,551600,2025-06-18
541.3417358398438,541.3417358398438,544.0644330568749,538.0525681602118,542.5540068897863,666100,2025-06-20
551.616455078125,551.616455078125,552.0536805232344,536.2441203136048,540.2287609736467,867300,2025-06-23
572.056640625,572.056640625,573.9347267927848,556.8233761250968,557.8170648085879,672300,2025-06-24
566.392578125,566.392578125,570.8442838235537,556.813405080845,570.5164102403605,562200,2025-06-25
562.1197509765625,562.1197509765625,567.9626452582409,560.7683489297652,567.1478132638633,584400,2025-06-26
572.7720336914062,572.7720336914062,573.8551809787078,564.5542700040256,565.9752374598849,879900,2025-06-27
573.0999755859375,573.0999755859375,575.4152870953087,565.836114065496,572.1857990206264,584600,2025-06-30
577.6709594726562,577.6709594726562,579.9464845408035,566.4025040224469,570.7747581380345,456800,2025-07-01
579.1714477539062,579.1714477539062,582.6493582832853,573.7161063703859,573.7161063703859,466700,2025-07-02
584.0305786132812,584.0305786132812,585.829152708967,576.3394378875319,582.7984143466163,268200,2025-07-03
584.2889404296875,584.2889404296875,586.753268933722,579.4993537420496,584.0802439741258,373800,2025-07-07
577.3032836914062,577.3032836914062,589.5257029834866,573.4577133492453,587.6277236394562,541000,2025-07-08
578.1380004882812,578.1380004882812,582.649325199103,575.792909791904,579.1714148672078,349900,2025-07-09
576.9952392578125,576.9952392578125,583.1760143534078,576.1705213256387,577.2536080172669,332300,2025-07-10
561.9906005859375,561.9906005859375,575.1370831898504,559.7548009240504,572.9211767107188,635300,2025-07-11
567.058349609375,567.058349609375,572.9111904303521,559.3771555999751,562.0402339569862,520000,2025-07-14
559.575927734375,559.575927734375,572.4243154679582,559.5560345522059,567.903043970517,403300,2025-07-15
568.5191040039062,568.5191040039062,569.7711614329446,555.1142535405239,561.235349065892,840900,2025-07-16
576.518310546875,576.518310546875,578.1479745930768,565.8162636940066,571.3710102887025,647000,2025-07-17
574.2924194335938,574.2924194335938,580.8706334288668,573.1298206978579,576.965444321699,584900,2025-07-18
574.3222045898438,574.3222045898438,579.2708153489682,570.9436995423883,578.9031553974796,1065600,2025-07-21
523.1571655273438,523.1571655273438,567.9228864020604,522.024406593897,561.4440171882401,2464300,2025-07-22
527.5095825195312,527.5095825195312,535.5882767137716,521.686581141256,531.3949394020963,1930900,2025-07-23
539.8809814453125,539.8809814453125,544.4121992921852,528.4336687163955,528.9504062256692,1252000,2025-07-24
542.8421630859375,542.8421630859375,547.9397908280448,541.063482196077,543.0409129504335,998800,2025-07-25
549.3011474609375,549.3011474609375,553.395139999443,537.7048174654591,539.0363869920344,1668300,2025-07-28
553.6932983398438,553.6932983398438,557.459356651513,549.390609318107,554.0907374269904,1162100,2025-07-29
555.6210327148438,555.6210327148438,560.2317019552893,551.1295406104196,551.5667660422656,994500,2025-07-30
557.8170776367188,557.8170776367188,566.3926160244545,552.9678718977693,552.9678718977693,1103000,2025-07-31
553.882080078125,553.882080078125,560.052847804377,548.9036902168882,555.6110886323394,1053000,2025-08-01
568.4296264648438,568.4296264648438,569.6717372619446,556.9724280103557,556.9724280103557,863400,2025-08-04
554.2099609375,554.2099609375,572.3249465821259,554.1006697400967,568.5389951861735,1089700,2025-08-05
544.8395385742188,544.8395385742188,559.1088947060158,538.8376802581851,555.7005495147129,1064900,2025-08-06
542.0472412109375,542.0472412109375,551.4972304859584,538.0824329876513,549.5993117480998,499700,2025-08-07
543.229736328125,543.229736328125,546.5287901210309,541.5603465744761,543.358920712331,608700,2025-08-08
545.9226684570312,545.9226684570312,552.2027885376872,543.7067013369126,543.7067013369126,588000,2025-08-11
546.687744140625,546.687744140625,550.5830474814808,544.0644520875306,546.5387272267819,589400,2025-08-12
563.8487548828125,563.8487548828125,564.3058735051078,549.0030437232574,550.5035233193281,542900,2025-08-13
562.1495361328125,562.1495361328125,563.0239870312894,556.7637604194234,560.649117158099,362900,2025-08-14
555.271240234375,555.271240234375,565.0703348782786,554.2145705665575,562.488500325151,372300,2025-08-15
553.9254760742188,553.9254760742188,559.9664484785089,553.2775532330281,554.2744137673568,709700,2025-08-18
566.376220703125,566.376220703125,568.2204490879903,553.586544616259,554.2544240983171,685200,2025-08-19
572.4471435546875,572.4471435546875,572.6066144639298,560.8336943632684,565.8479318956888,577300,2025-08-20
565.4890747070312,565.4890747070312,570.3238237895049,564.213064063483,568.8185547011306,535600,2025-08-21
573.0253295898438,573.0253295898438,578.4083397023571,564.910870640046,569.326955287072,380100,2025-08-22
571.9187622070312,571.9187622070312,575.6370931504015,568.1406829124691,571.6596295922387,532500,2025-08-25
569.635986328125,569.635986328125,571.1113203933096,561.162672106174,571.0814462170474,425100,2025-08-26
568.3600463867188,568.3600463867188,573.4639673508458,567.9214253268233,569.6958054030796,332900,2025-08-27
566.7650146484375,566.7650146484375,570.3337922087771,566.605543742536,569.2571658524528,521500,2025-08-28
565.9376220703125,565.9376220703125,569.8453590943839,563.7545559534178,567.0142484621311,499000,2025-08-29
552.1709594726562,552.1709594726562,564.013666794647,546.2795408308367,558.8997676854448,845300,2025-09-02
549.8782348632812,549.8782348632812,556.6868094743005,547.3661876441258,550.8651170754715,898700,2025-09-03
555.4407348632812,555.4407348632812,555.8494209195186,549.2701655964328,552.3604089783435,590600,2025-09-04
553.4071044921875,553.4071044921875,559.8268882394418,552.2606906345039,556.6069876045585,626800,2025-09-05
572.776123046875,572.776123046875,574.3511188293107,553.167833207244,555.9789871180791,922800,2025-09-08
567.3731079101562,567.3731079101562,572.6963698686033,566.1171147610527,570.1942402235063,671200,2025-09-09
561.411865234375,561.411865234375,569.9749233366865,557.225039143566,569.9749233366865,648700,2025-09-10
583.641845703125,583.641845703125,584.0007617116878,563.026778583739,563.9339556794622,477000,2025-09-11
581.4188842773438,581.4188842773438,583.6119895371957,574.5306050213132,582.2363171852675,722100,2025-09-12
574.7997436523438,574.7997436523438,582.5055170307882,573.1449819205216,582.3161110936935,1255800,2025-09-15
565.2398681640625,565.2398681640625,578.21895068379,561.1328077135323,574.3412095251037,566600,2025-09-16
576.8233642578125,576.8233642578125,583.5621508551974,567.0242086776018,567.0242086776018,875400,2025-09-17
554.2344970703125,554.2344970703125,578.169128090453,546.3693137428872,577.491270232414,1599000,2025-09-18
557.99267578125,557.99267578125,561.0231098568082,553.2575883137002,556.2083173550469,1237100,2025-09-19
566.2765502929688,566.2765502929688,569.9350111438106,555.2512760426321,557.2449969619952,838700,2025-09-22
567.15380859375,567.15380859375,569.17740374617,563.8442244716813,564.2230363246825,650800,2025-09-23
564.6417236328125,564.6417236328125,566.1469927661229,556.5671776877184,564.2230592469472,710900,2025-09-24
562.88720703125,562.88720703125,564.8610321383015,557.2948343889288,562.2293058912559,484800,2025-09-25
563.6448364257812,563.6448364257812,570.991693307113,562.358908308291,564.043604955804,579900,2025-09-26
567.1139526367188,567.1139526367188,569.5761688227504,562.0698410307441,565.070339973468,507800,2025-09-29
565.6286010742188,565.6286010742188,570.0746208986029,561.0928978753852,564.8610598471636,460700,2025-09-30
550.8551635742188,550.8551635742188,566.5557162527838,548.4327390472145,565.2298747681816,522800,2025-10-01
559.0094604492188,559.0094604492188,560.8735846446874,543.2989298414649,549.1405175432388,660000,2025-10-02
558.3615112304688,558.3615112304688,561.681073807983,553.2575902206014,558.7403230966614,386900,2025-10-03
563.0368041992188,563.0368041992188,566.4161760624917,555.979014476706,562.2891587875321,396800,2025-10-06
567.3232421875,567.3232421875,570.6029520430703,556.2979679258805,561.2224610354882,324100,2025-10-07
565.1600952148438,565.1600952148438,571.8290944043364,562.1495570300588,565.8678880746579,330800,2025-10-08
556.5471801757812,556.5471801757812,564.9806415335719,555.6400639323678,561.5514391326712,474400,2025-10-09
545.2328491210938,545.2328491210938,561.0430416565279,544.8141847576675,560.2355871052955,488100,2025-10-10
546.62841796875,546.62841796875,550.715582428651,543.2889597097827,546.3293719944975,450200,2025-10-13
551.842041015625,551.842041015625,555.1715209431935,545.2826820274414,546.1299890971999,367100,2025-10-14
547.6751708984375,547.6751708984375,552.7890700175731,541.7836914016391,549.997812004611,511100,2025-10-15
531.6655883789062,531.6655883789062,548.4526845751634,530.110488483724,548.4526845751634,773000,2025-10-16
532.67236328125,532.67236328125,534.9950651928049,524.4183902984176,533.3203469186583,861700,2025-10-17
535.0150146484375,535.0150146484375,536.9189913330986,523.6607595424604,527.020174384977,603300,2025-10-20
538.6635131835938,538.6635131835938,543.607963057173,530.1104940913826,530.1104940913826,686200,2025-10-21
535.9221801757812,535.9221801757812,544.0266612314807,534.3072709688596,538.1352422126797,514600,2025-10-22
537.05859375,537.05859375,537.497214803231,531.406411757768,534.8754668237992,440300,2025-10-23
540.5874633789062,540.5874633789062,546.1599403938982,537.0984515983295,541.8933482116092,394400,2025-10-24
545.1431274414062,545.1431274414062,547.1268701342412,541.0858978380962,543.8372425985551,688300,2025-10-27
591.8958740234375,591.8958740234375,592.5139226386058,549.2003236615352,552.180926689677,1465900,2025-10-28
565.7581787109375,565.7581787109375,586.3633287781132,558.4611526471609,586.3134370789504,1140300,2025-10-29
581.3092651367188,581.3092651367188,587.3502375258973,566.3862313365087,566.784999886658,697800,2025-10-30
586.7022094726562,586.7022094726562,589.6130249692894,574.7698190138924,577.3416751841792,871400,2025-10-31
579.275634765625,579.275634765625,586.6025962320086,575.9860071562566,584.8680686294439,544100,2025-11-03
573.0951538085938,573.0951538085938,581.847557787899,568.4297928981714,581.5185767706234,890800,2025-11-04
570.1343994140625,570.1343994140625,577.9796864194476,568.9281763456926,570.9618106376066,652000,2025-11-05
578.56787109375,578.56787109375,580.1528451914303,565.339512996965,567.5525749107817,708900,2025-11-06
581.0201416015625,581.0201416015625,581.8375745458685,575.0389783595039,576.215327339423,552600,2025-11-07
575.138671875,575.138671875,580.3223585917143,570.742483041714,580.033230109751,683900,2025-11-10
582.5552978515625,582.5552978515625,585.515944207935,574.590392524394,577.2619712515203,366300,2025-11-11
578.9566650390625,578.9566650390625,589.1445500499185,578.2090196709788,583.9508849892912,620700,2025-11-12
571.5400390625,571.5400390625,576.2751265470359,567.8316862780763,574.1717046022902,530800,2025-11-13
565.1500244140625,565.1500244140625,573.5999755859375,564.52001953125,572.010009765625,423500,2025-11-14
557.9299926757812,557.9299926757812,570.47998046875,556.0599975585938,562.1500244140625,674200,2025-11-17
556.8300170898438,556.8300170898438,562.280029296875,550.010009765625,554.8499755859375,655700,2025-11-18
559.5900268554688,559.5900268554688,563.4299926757812,554.72998046875,554.8499755859375,484000,2025-11-19
560.0800170898438,560.0800170898438,568.6300048828125,558.7000122070312,564.9600219726562,572300,2025-11-20
561.989990234375,561.989990234375,570.9099731445312,559.6300048828125,561.3900146484375,578000,2025-11-21
556.5999755859375,556.5999755859375,567.4099731445312,556.25,561.22998046875,822100,2025-11-24
562.9199829101562,562.9199829101562,565.22998046875,556.0599975585938,556.77001953125,617900,2025-11-25
562.739990234375,562.739990234375,566.989990234375,556.5999755859375,560.6799926757812,575100,2025-11-26
563.719970703125,563.719970703125,567.2100219726562,560.6400146484375,564.1900024414062,249700,2025-11-28
559.6599731445312,559.6599731445312,565.7899780273438,558.1599731445312,559.8099975585938,650000,2025-12-01
547.2899780273438,547.2899780273438,561.5,546.7100219726562,558.97998046875,749900,2025-12-02
545.5599975585938,545.5599975585938,553.4400024414062,545.0,546.1099853515625,994700,2025-12-03
540.8499755859375,540.8499755859375,550.0,538.260009765625,545.1199951171875,816200,2025-12-04
538.260009765625,538.260009765625,544.1400146484375,531.489990234375,540.0,797600,2025-12-05
536.9000244140625,536.9000244140625,540.5499877929688,534.5599975585938,535.6900024414062,899900,2025-12-08
537.219970703125,537.219970703125,544.8699951171875,536.2899780273438,539.6199951171875,598800,2025-12-09
538.1900024414062,538.1900024414062,541.72998046875,530.4099731445312,536.260009765625,1128800,2025-12-10
549.6099853515625,549.6099853515625,550.6199951171875,539.0999755859375,539.0999755859375,685300,2025-12-11
551.0900268554688,551.0900268554688,555.3350219726562,546.0900268554688,552.260009765625,621546,2025-12-12
