Price,Close,High,Low,Open,Volume,Date
280.7272033691406,280.7272033691406,283.157647715322,279.88877611003517,281.95184074341626,451100,2021-10-25
280.0771484375,280.0771484375,283.5532688841822,280.0771484375,282.38515166045636,480300,2021-10-26
279.1445617675781,279.1445617675781,289.7236246020959,278.37208410995305,287.32144045189744,595900,2021-10-27
285.9366760253906,285.9366760253906,286.0120263851319,280.6141692523478,280.6141692523478,559500,2021-10-28
284.6177673339844,284.6177673339844,288.50838643777206,283.2329711910887,285.09821561275436,533300,2021-10-29
288.0467834472656,288.0467834472656,288.2352024385191,284.10907376890316,285.88953836553264,381700,2021-11-01
290.0250244140625,290.0250244140625,292.02213892788825,288.03733947299736,288.26341922967276,572000,2021-11-02
292.2577209472656,292.2577209472656,293.14323854608557,288.11276146800276,288.11276146800276,386800,2021-11-03
288.91351318359375,288.91351318359375,292.01282493014804,286.1062307924755,291.74905555269913,439600,2021-11-04
288.6109313964844,288.6109313964844,293.35746710247145,288.270557556465,291.50422445673706,402800,2021-11-05
290.2088317871094,290.2088317871094,292.26062560606783,289.0742235944523,290.41684761734933,395200,2021-11-08
288.57305908203125,288.57305908203125,290.17099209273465,286.06740501511945,288.49740123317315,496700,2021-11-09
288.22320556640625,288.22320556640625,291.45690066414255,285.7365091274205,286.95621066115757,395700,2021-11-10
289.43353271484375,289.43353271484375,291.33403990211514,287.0035647238064,287.7694347250902,346000,2021-11-11
291.72174072265625,291.72174072265625,292.2228659522582,287.627645415345,289.3106724935389,328100,2021-11-12
290.9179992675781,290.9179992675781,293.63164089938783,290.11430035674067,292.02427193273434,376900,2021-11-15
291.8634948730469,291.8634948730469,295.1444547911453,288.95130209582436,291.29617634747865,456500,2021-11-16
285.93511962890625,285.93511962890625,291.7406058089814,285.150320736659,291.220580599919,565300,2021-11-17
286.6537170410156,286.6537170410156,288.8189401317116,283.8738819959522,287.53304496108103,414800,2021-11-18
283.2308654785156,283.2308654785156,285.4812105637171,279.01384898268583,283.7036260811204,781000,2021-11-19
284.8950500488281,284.8950500488281,289.71721494837766,282.77709135146677,286.7009993811409,580000,2021-11-22
287.4101257324219,287.4101257324219,288.03417328563086,283.39165999745643,284.9328644137878,513600,2021-11-23
285.98236083984375,285.98236083984375,287.2209914193752,282.88105216776955,285.10303296674493,435100,2021-11-24
275.84637451171875,275.84637451171875,278.90041869501994,269.9557952866941,275.85583895831434,499200,2021-11-26
277.70904541015625,277.70904541015625,281.4344015394998,272.697794198105,281.4344015394998,574000,2021-11-29
273.822998046875,273.822998046875,275.7613053383105,269.75723879053874,273.27457948640483,2654100,2021-11-30
269.4168701171875,269.4168701171875,283.05127255107016,269.20885425491497,280.29983066854294,827100,2021-12-01
279.6662902832031,279.6662902832031,281.08457223991456,270.6082088825484,272.02649083925985,549000,2021-12-02
274.3902893066406,274.3902893066406,281.3587765820682,270.7878555079325,281.0089383223279,656000,2021-12-03
277.6429138183594,277.6429138183594,280.15797531435624,275.0710944925442,277.83200078267026,591900,2021-12-06
285.1502990722656,285.1502990722656,286.6537033217422,281.70861656763384,282.2948351529543,468200,2021-12-07
284.20477294921875,284.20477294921875,287.79777111741913,282.4839461536537,284.6491691039297,548300,2021-12-08
281.1507568359375,281.1507568359375,283.87386272419513,280.33759353499033,282.54067426410984,445600,2021-12-09
281.585693359375,281.585693359375,283.5996583259729,277.387576519007,283.17416220302243,637400,2021-12-10
276.886474609375,276.886474609375,281.16968526252987,275.42092802745424,281.16968526252987,589700,2021-12-13
276.31915283203125,276.31915283203125,279.99724477043566,275.3358313938904,276.1017013865876,840400,2021-12-14
281.9921875,281.9921875,282.0489164543539,274.3334901121007,277.49152694285436,545600,2021-12-15
283.8738708496094,283.8738708496094,288.8567577226811,282.46502448840255,285.8500069079248,609500,2021-12-16
278.5789489746094,278.5789489746094,283.38218454686466,276.281339109978,282.5879501068077,1524500,2021-12-17
268.35784912109375,268.35784912109375,274.6266596492446,263.5073204733384,274.6266596492446,613700,2021-12-20
278.4560546875,278.4560546875,279.5244984954646,272.0359562470472,272.1305141588626,541800,2021-12-21
282.4178161621094,282.4178161621094,283.3349731616286,277.9738536170108,278.7397237155239,371900,2021-12-22
285.81219482421875,285.81219482421875,287.56141510680203,283.50512040324804,283.50512040324804,345900,2021-12-23
290.64373779296875,290.64373779296875,290.9746470860032,286.24704169964446,287.86390351738874,332500,2021-12-27
289.0174865722656,289.0174865722656,293.1115807949027,288.7432773366331,288.75274178252255,547400,2021-12-28
288.7716369628906,288.7716369628906,291.7311229747227,287.7504578946138,289.0363817481813,333800,2021-12-29
285.5190124511719,285.5190124511719,290.85173653890763,285.18807428968665,289.6131061857893,251400,2021-12-30
285.2259521484375,285.2259521484375,287.25881712487956,284.67753364845515,284.67753364845515,282600,2021-12-31
287.68426513671875,287.68426513671875,289.65093636964684,285.94450973893225,287.1358467284403,390500,2022-01-03
300.7514343261719,300.7514343261719,302.0657229230654,289.5470288160782,291.7311809424779,819500,2022-01-04
297.782470703125,297.782470703125,305.73430803630464,297.37590348274716,305.592485616989,736100,2022-01-05
301.8104248046875,301.8104248046875,302.6424593499004,296.9504312419646,300.3921427874757,512800,2022-01-06
301.9333190917969,301.9333190917969,302.7559469020426,299.0400260778947,302.0657059308094,587300,2022-01-07
301.2903137207031,301.2903137207031,303.51229423140666,295.1255261072978,303.51229423140666,651100,2022-01-10
308.26824951171875,308.26824951171875,308.6748166679996,299.43708571603236,302.4627648411776,488200,2022-01-11
310.3200988769531,310.3200988769531,312.4191572946627,307.0296744004025,309.04363936462624,453300,2022-01-12
309.4880676269531,309.4880676269531,314.26293909405996,308.50471730408526,310.9725431312303,500300,2022-01-13
310.6793212890625,310.6793212890625,310.8117080981341,302.51003370181223,303.1057166326043,589100,2022-01-14
301.8104248046875,301.8104248046875,306.8784053624475,298.51053568989335,306.6703895123889,515300,2022-01-18
294.8419189453125,294.8419189453125,303.99458782471737,293.8680330790511,303.99458782471737,611800,2022-01-19
292.5443115234375,292.5443115234375,301.2052908955977,292.12827980453295,296.34532596842735,403600,2022-01-20
283.0701904296875,283.0701904296875,291.12602205913447,282.2948559863896,291.12602205913447,879700,2022-01-21
284.5640563964844,284.5640563964844,285.1786394143875,268.34837335249085,275.0332152585714,839600,2022-01-24
282.2664794921875,282.2664794921875,285.54743963825837,273.38804927095975,278.6545811119555,620300,2022-01-25
282.5123291015625,282.5123291015625,291.03145674883046,278.3614765708508,287.9774412895353,929400,2022-01-26
287.164306640625,287.164306640625,300.1368618693011,282.58798636266965,283.66589464784084,1051300,2022-01-27
281.8504638671875,281.8504638671875,284.5924700900654,271.6861090622788,284.4033831276387,922600,2022-01-28
287.7315979003906,287.7315979003906,288.6771192444437,279.22190580391293,280.47000090326816,1083900,2022-01-31
291.31512451171875,291.31512451171875,292.06209443404947,284.195350125129,289.4713463954021,1098100,2022-02-01
296.1466979980469,296.1466979980469,296.67618758135825,290.4357705130431,292.0526037458325,664900,2022-02-02
287.6748352050781,287.6748352050781,294.51096410901516,287.23990351720516,292.33624795961424,645000,2022-02-03
291.31512451171875,291.31512451171875,293.9531370743657,286.6631469203317,287.82614853193365,796100,2022-02-04
294.91754150390625,294.91754150390625,297.347538082428,290.20883521200625,291.1732853704183,821100,2022-02-07
298.14178466796875,298.14178466796875,298.7091032216877,295.7023235434834,296.846425097573,702800,2022-02-08
301.7726135253906,301.7726135253906,305.1008384660101,300.27867355438565,301.80097801319334,656000,2022-02-09
299.75146484375,299.75146484375,307.40894051159387,297.5595523228499,298.6792248138416,840300,2022-02-10
288.4597473144531,288.4597473144531,301.89590217742614,286.8087040797905,299.08722327221307,756200,2022-02-11
285.565673828125,285.565673828125,291.56257817157757,280.9635963905332,288.753899254451,794400,2022-02-14
292.7203063964844,292.7203063964844,294.5896032267885,287.3781014417677,289.03864328237864,745600,2022-02-15
296.1551513671875,296.1551513671875,297.7113296672996,290.2341448658752,290.2341448658752,584700,2022-02-16
284.09490966796875,284.09490966796875,293.45088954362876,283.46864485637917,291.46773211903405,470400,2022-02-17
285.19561767578125,285.19561767578125,288.98164289090016,283.0985991663027,283.0985991663027,640300,2022-02-18
282.1971435546875,282.1971435546875,286.5904662829614,279.15124430099314,284.1613337565042,556100,2022-02-22
276.65570068359375,276.65570068359375,286.69487637897316,276.39001520161554,285.1102326045541,706300,2022-02-23
274.5681457519531,274.5681457519531,275.3272677978974,264.652358356094,267.74571915853323,911300,2022-02-24
287.2926940917969,287.2926940917969,287.95692238440375,276.07694251765724,276.21926887820143,744900,2022-02-25
284.46502685546875,284.46502685546875,287.6437838154752,277.376885031892,278.44912513387624,776300,2022-02-28
264.80419921875,264.80419921875,281.0585336386308,263.2480206460309,279.397992066729,1009200,2022-03-01
275.08050537109375,275.08050537109375,278.43005303791796,267.4325293504408,267.4325293504408,651100,2022-03-02
275.5549621582031,275.5549621582031,277.51915224732426,271.33246022358173,275.22284810642475,513000,2022-03-03
267.1004638671875,267.1004638671875,270.4215468753498,262.46045152227885,268.40042601146087,660500,2022-03-04
251.37750244140625,251.37750244140625,264.88955513078776,251.15924944296668,264.19686175468684,808800,2022-03-07
248.0279541015625,248.0279541015625,257.289010566258,244.97255691644168,253.3796264943422,1056100,2022-03-08
260.4867858886719,260.4867858886719,264.9370398252298,258.58902400383005,259.34814613229577,625600,2022-03-09
258.6080017089844,258.6080017089844,259.8700005310645,254.22417670090599,254.9927678928394,520800,2022-03-10
257.9722595214844,257.9722595214844,263.70350857377844,257.78250070580884,262.5648398495311,451400,2022-03-11
259.61383056640625,259.61383056640625,265.1932551180218,258.19997827690145,262.5743344613333,492300,2022-03-14
265.29766845703125,265.29766845703125,265.5443868142682,260.2591120342007,262.35613119805384,578300,2022-03-15
279.4169921875,279.4169921875,281.1629297710846,269.5771007464975,269.5771007464975,838000,2022-03-16
284.56939697265625,284.56939697265625,284.56939697265625,274.9192937286918,275.725819386759,616600,2022-03-17
285.44232177734375,285.44232177734375,286.106520945532,278.41111175742157,284.4459795887466,1157300,2022-03-18
283.5730285644531,283.5730285644531,288.7349423546548,281.1533651866779,286.8941113140108,536800,2022-03-21
291.7618713378906,291.7618713378906,292.4545357713262,286.0780558002999,287.302120109069,603700,2022-03-22
287.6626892089844,287.6626892089844,293.38443892473106,286.9035672408872,289.50352016499966,494500,2022-03-23
295.78515625,295.78515625,295.8420867875779,286.6663957139823,288.97219831607464,663600,2022-03-24
298.5463562011719,298.5463562011719,300.0171097865442,294.95958811011116,296.39237835721957,706700,2022-03-25
295.1968078613281,295.1968078613281,298.86897173988666,292.2078392827951,298.6886820803284,672000,2022-03-28
296.25958251953125,296.25958251953125,302.20905507199404,294.52314329143536,301.06091734240556,551600,2022-03-29
294.722412109375,294.722412109375,296.449382290025,293.2800946145258,296.2595945277932,431400,2022-03-30
285.0058288574219,285.0058288574219,295.6048403455659,285.0058288574219,293.4413932368346,751000,2022-03-31
282.2066345214844,282.2066345214844,289.7692154499392,280.31837104729533,287.99481303544394,609400,2022-04-01
282.3204650878906,282.3204650878906,288.01374911799564,279.4643249997084,283.3357743564023,571000,2022-04-04
283.27886962890625,283.27886962890625,285.4233204510652,280.5176231479533,281.1818223040921,618100,2022-04-05
277.3199462890625,277.3199462890625,280.2804501192459,276.0389512585857,277.09219517766934,732400,2022-04-06
274.51123046875,274.51123046875,278.57243952815145,270.41208702310274,276.2097353735194,626800,2022-04-07
278.06005859375,278.06005859375,280.0811794825348,272.7273527310207,274.5302205947214,461300,2022-04-08
275.8966064453125,275.8966064453125,282.67160068666425,275.6593862317524,278.7432490080333,417700,2022-04-11
273.22076416015625,273.22076416015625,280.0906524965312,272.2339199323054,275.42217476169014,595000,2022-04-12
277.7754211425781,277.7754211425781,278.1075352918226,271.1332539878915,271.1332539878915,395300,2022-04-13
275.8681335449219,275.8681335449219,280.9351536914587,275.68784387100106,277.96515206665714,424800,2022-04-14
275.5549621582031,275.5549621582031,276.5228390495312,271.6930105818251,273.94188226856005,534300,2022-04-18
282.4154357910156,282.4154357910156,283.34532056945955,276.7221502117835,277.70899448696383,540500,2022-04-19
285.4612731933594,285.4612731933594,288.4217764155077,284.2846703634137,284.910935115413,553900,2022-04-20
276.79803466796875,276.79803466796875,289.99697124429457,275.7732560541825,289.4086697292,571400,2022-04-21
265.76251220703125,265.76251220703125,276.30459257549404,265.5347900895989,275.0520630145304,723800,2022-04-22
266.59759521484375,266.59759521484375,267.7836964540013,258.1240949121144,262.46995711106564,823900,2022-04-25
251.02638244628906,251.02638244628906,265.5727400742275,250.08699980157397,256.1977939441033,1268700,2022-04-26
252.60154724121094,252.60154724121094,256.0364910711141,249.8118353993191,250.51402687572545,684400,2022-04-27
258.95904541015625,258.95904541015625,260.4677623070846,251.68111741603144,254.9263022778972,596900,2022-04-28
251.9183349609375,251.9183349609375,261.07505714310685,251.045380908265,257.3649300253944,771200,2022-04-29
255.06861877441406,255.06861877441406,255.67591632232896,249.7264157976101,253.64529772372202,727200,2022-05-02
258.1809997558594,258.1809997558594,260.84735275947486,255.04970437919008,256.7197150665585,518800,2022-05-03
269.0267028808594,269.0267028808594,269.73836355728145,255.9036927489573,257.90581755233546,737100,2022-05-04
256.862060546875,256.862060546875,266.5121626829302,254.13874815262048,264.9560131294734,602200,2022-05-05
254.14515686035156,254.14515686035156,257.9868847240552,249.92212176019675,255.83245665488374,665800,2022-05-06
247.51031494140625,247.51031494140625,252.71522993285558,245.3654290332298,249.80770046886792,782300,2022-05-09
247.27200317382812,247.27200317382812,253.74477148992213,242.03846158726685,250.84681314929549,901000,2022-05-10
244.43121337890625,244.43121337890625,253.92590064476056,243.7162513750222,246.86207255536067,717400,2022-05-11
239.24537658691406,239.24537658691406,245.25104636693013,234.53615740260537,241.35212335087914,888800,2022-05-12
249.38829040527344,249.38829040527344,250.41785208382578,243.0394382397455,243.08710528722523,719200,2022-05-13
248.3873291015625,248.3873291015625,251.46644258552055,244.78392178810648,248.14900843508556,537400,2022-05-16
256.4806823730469,256.4806823730469,257.0240604592996,252.06700819188023,254.56460405123178,566500,2022-05-17
247.77725219726562,247.77725219726562,254.22142346712164,246.98601126477223,252.61991551308967,622800,2022-05-18
242.0575408935547,242.0575408935547,248.81632627625308,241.37117618742468,243.11568527001012,730000,2022-05-19
244.04994201660156,244.04994201660156,247.10042955996042,237.15769681256387,245.2129482109506,717300,2022-05-20
250.75146484375,250.75146484375,252.74382199939024,247.37683627257218,250.04601593278963,519100,2022-05-23
248.45411682128906,248.45411682128906,249.44553914287226,241.34262027503325,248.55896397193862,574700,2022-05-24
252.85824584960938,252.85824584960938,254.33582245439123,247.09089693069654,247.09089693069654,581300,2022-05-25
261.5140380859375,261.5140380859375,262.4768629510393,255.92781526152214,255.92781526152214,592000,2022-05-26
265.4797058105469,265.4797058105469,267.05264563383054,262.04791115726147,262.3720238037659,660300,2022-05-27
263.3634033203125,263.3634033203125,266.0993491300147,260.22712415649994,262.6675255621321,1919600,2022-05-31
257.8057556152344,257.8057556152344,264.4882761306255,254.75523957631958,263.1441441373968,515500,2022-06-01
262.73419189453125,262.73419189453125,262.88672059486424,255.64179642623367,258.3681705785144,412800,2022-06-02
258.6733093261719,258.6733093261719,261.75239433858104,258.3777939675546,259.35013200959685,400900,2022-06-03
261.46636962890625,261.46636962890625,264.34527281994554,259.46447020303304,261.2089937810185,359400,2022-06-06
264.11651611328125,264.11651611328125,264.31669734484666,257.21475831985276,258.8734609937278,446200,2022-06-07
259.44537353515625,259.44537353515625,263.51587941308276,258.95919014167924,261.2661466351769,369800,2022-06-08
253.28720092773438,253.28720092773438,259.75045585511265,253.15372739833165,259.28332759407965,469700,2022-06-09
239.82687377929688,239.82687377929688,247.84397057796414,239.7982764607358,247.1671479774311,471500,2022-06-10
229.1691436767578,229.1691436767578,233.84976498817045,227.46277413023097,231.67628170571868,580600,2022-06-13
231.71444702148438,231.71444702148438,233.76399913327143,229.49329644932948,230.71349721617003,631400,2022-06-14
234.96511840820312,234.96511840820312,238.8354438854338,230.34170598990053,234.67913068586878,534600,2022-06-15
224.59341430664062,224.59341430664062,227.61531877890286,222.66777914232458,226.5762295607788,635100,2022-06-16
224.11676025390625,224.11676025390625,228.09194721956396,222.26738955733043,226.57621672801693,1066600,2022-06-17
231.26638793945312,231.26638793945312,231.95275264446042,228.0538153617013,231.10431708065622,579700,2022-06-21
229.8460235595703,229.8460235595703,231.2950175330028,226.74785436427507,227.35795479320325,541200,2022-06-22
228.36842346191406,228.36842346191406,231.19967451953707,224.08819303265463,230.41799019351492,479000,2022-06-23
237.6438446044922,237.6438446044922,237.71058137743086,226.67156565368188,226.67156565368188,954700,2022-06-24
235.68006896972656,235.68006896972656,239.89357659948487,234.51706295586354,239.273948686203,637700,2022-06-27
232.37217712402344,232.37217712402344,240.97079083297214,232.2577878589534,238.9498362383931,628700,2022-06-28
228.78785705566406,228.78785705566406,232.81071137256805,228.17775668535324,232.7249194171978,1000100,2022-06-29
226.57623291015625,226.57623291015625,229.9508619294035,220.72307751362735,224.02144216875112,859700,2022-06-30
226.85267639160156,226.85267639160156,229.88410827673914,223.0586154671659,225.3274183130054,563100,2022-07-01
224.31692504882812,224.31692504882812,224.4122591266807,218.1396579075578,220.8088520821115,779200,2022-07-05
222.6582489013672,222.6582489013672,226.1377249642496,219.41707896934355,223.25880711566043,780200,2022-07-06
227.13870239257812,227.13870239257812,227.70113576732894,222.89659673785687,225.8231674416532,483800,2022-07-07
225.47998046875,225.47998046875,228.02524380994308,223.0491064093369,227.81552042938563,494700,2022-07-08
220.589599609375,220.589599609375,224.22161872804892,220.15109773566792,223.37319775054897,584300,2022-07-11
220.82794189453125,220.82794189453125,224.20257095501583,218.41613771517322,218.41613771517322,580200,2022-07-12
217.37701416015625,217.37701416015625,219.09292562340627,213.04911787401065,217.67252941711712,557700,2022-07-13
212.69644165039062,212.69644165039062,213.51626539385597,209.71267654640357,212.0672860928933,718900,2022-07-14
219.5696258544922,219.5696258544922,220.63729792015775,212.03868311719836,216.96716792146188,586000,2022-07-15
219.4265899658203,219.4265899658203,225.09863328143052,218.19686176675123,223.43038867000132,464000,2022-07-18
226.9575653076172,226.9575653076172,227.81551398859358,222.90611350511827,222.90611350511827,642100,2022-07-19
230.72305297851562,230.72305297851562,230.94230396681237,224.72691009742468,226.23309878482374,506100,2022-07-20
233.87835693359375,233.87835693359375,234.07855268608995,227.6248252086675,230.09382372913552,601200,2022-07-21
233.61146545410156,233.61146545410156,237.06234431106665,231.22825860902842,235.31784970090047,559200,2022-07-22
234.54566955566406,234.54566955566406,236.45223495930477,233.34453858790872,235.5656890286629,635800,2022-07-25
230.2940673828125,230.2940673828125,233.60195996035253,228.1682507487833,232.62960740272175,778500,2022-07-26
244.53607177734375,244.53607177734375,245.59423071963067,234.2978247193294,235.21298252668626,1007600,2022-07-27
250.32252502441406,250.32252502441406,251.6285177956094,241.16147680544867,245.48937428375282,921900,2022-07-28
257.31011962890625,257.31011962890625,259.01647498396125,250.49412397905206,250.49412397905206,842700,2022-07-29
254.10707092285156,254.10707092285156,257.5770344166328,252.82967541119424,254.27865485160774,549800,2022-08-01
251.771484375,251.771484375,257.18615231636136,251.5617901055044,251.78102651156973,747800,2022-08-02
257.44354248046875,257.44354248046875,259.2833712441,253.0489228758684,254.45976275634436,590100,2022-08-03
257.84393310546875,257.84393310546875,259.76955382034413,256.43306413824797,256.7190373313894,498900,2022-08-04
257.68109130859375,257.68109130859375,262.4217608955728,255.94764096147273,255.94764096147273,604200,2022-08-05
258.74420166015625,258.74420166015625,261.59815520432267,258.32280744624717,259.845560944574,477500,2022-08-08
259.8934020996094,259.8934020996094,261.2150447659378,257.69068380702845,258.2940449570436,409000,2022-08-09
269.0203857421875,269.0203857421875,269.20235274535486,265.170407035759,265.96529244937,627200,2022-08-10
271.33807373046875,271.33807373046875,274.3261206147728,270.3420483600494,272.9470175563318,645700,2022-08-11
276.94061279296875,276.94061279296875,277.0076301834742,270.55268347720755,272.49683079470924,674900,2022-08-12
274.2303161621094,274.2303161621094,275.9350365443739,272.7937530570454,274.11539579001646,355300,2022-08-15
276.83526611328125,276.83526611328125,277.96535533064315,273.2342721575391,273.9621401001549,440200,2022-08-16
275.9637451171875,275.9637451171875,277.24707121706746,272.65008133012583,272.65008133012583,423000,2022-08-17
279.4881286621094,279.4881286621094,280.5990743074564,275.4561830512978,276.4234782310722,404100,2022-08-18
272.69793701171875,272.69793701171875,277.8120974209899,271.7306712014603,276.0786471956862,446100,2022-08-19
265.2757263183594,265.2757263183594,268.3212622296529,264.7202681262331,267.3156505476488,413200,2022-08-22
265.61090087890625,265.61090087890625,269.0682441393474,265.0937300489036,265.0937300489036,486500,2022-08-23
265.9940185546875,265.9940185546875,266.94217009038215,263.9636806834247,265.27573699304537,321000,2022-08-24
271.6540832519531,271.6540832519531,271.7977337202049,267.076236559634,267.2773472151866,351500,2022-08-25
263.2166442871094,263.2166442871094,273.61737552007605,263.0442637429867,272.10417947202467,531300,2022-08-26
259.67315673828125,259.67315673828125,262.3834595598696,258.6675450446836,261.12886347304504,462800,2022-08-29
257.0681457519531,257.0681457519531,261.7896419606365,255.90929734546643,261.44485167939257,402900,2022-08-30
256.6755676269531,256.6755676269531,259.95091564662783,256.4074103082256,258.1600047079525,682600,2022-08-31
257.7959899902344,257.7959899902344,258.1120501904902,251.07288624277322,255.38257487685138,472800,2022-09-01
257.0681457519531,257.0681457519531,264.33715024952926,255.30593627349893,261.35866141581806,435400,2022-09-02
257.13519287109375,257.13519287109375,259.55819465045334,253.48632515646426,259.5390509986497,462800,2022-09-06
265.1511535644531,265.1511535644531,265.4768001646866,256.86698112593365,258.58128747458704,575400,2022-09-07
270.3995056152344,270.3995056152344,271.0028668501188,262.58459811126073,263.1113555001544,458100,2022-09-08
274.4888916015625,274.4888916015625,275.33167998030956,271.7594450377384,271.7594450377384,536600,2022-09-09
277.0076599121094,277.0076599121094,278.8273298557048,275.3699861898241,275.6285570216742,419200,2022-09-12
265.9748229980469,265.9748229980469,273.1576372127857,265.27568522611176,270.3802882284759,498600,2022-09-13
266.20465087890625,266.20465087890625,268.1583844347611,262.5557837717174,266.7792818337982,550100,2022-09-14
265.6204833984375,265.6204833984375,269.4321448830641,263.8678603108783,266.52073181158823,498500,2022-09-15
260.74578857421875,260.74578857421875,262.40260597435963,257.5661885713729,262.0769885129045,1019000,2022-09-16
266.37713623046875,266.37713623046875,266.7602139001448,257.8439474251268,257.9109648277794,407100,2022-09-19
263.5039978027344,263.5039978027344,264.8735142919243,260.7170618509929,263.5231414559082,380900,2022-09-20
258.45684814453125,258.45684814453125,267.24860719852325,258.40897439920883,266.35794510148077,397900,2022-09-21
253.29481506347656,253.29481506347656,259.28049461726545,252.76805772657258,259.0793547408535,453400,2022-09-22
246.47589111328125,246.47589111328125,250.73770641722103,242.4152156749391,249.9332346356787,455600,2022-09-23
242.45352172851562,242.45352172851562,247.68260269605327,241.99381106166416,245.24045736572228,680800,2022-09-26
241.84060668945312,241.84060668945312,246.87814922546488,238.80467184305965,246.23647153216606,581100,2022-09-27
248.45834350585938,248.45834350585938,249.99068316319256,240.2890900400131,242.94194704371313,476400,2022-09-28
243.19094848632812,243.19094848632812,245.72887054263225,239.19730520218533,245.0297619391107,573300,2022-09-29
241.29469299316406,241.29469299316406,247.5485439621906,240.26995233009504,242.4343686321331,679100,2022-09-30
251.31231689453125,251.31231689453125,251.51342751671504,240.95948928063987,244.95313238364068,637800,2022-10-03
265.9461364746094,265.9461364746094,266.4154043942199,256.80958711326866,257.8247560170898,544800,2022-10-04
264.5957946777344,264.5957946777344,266.3196588828709,260.67876906591044,261.349176938438,407400,2022-10-05
263.3985900878906,263.3985900878906,267.2772981534685,262.2493280989323,264.0785549974353,437500,2022-10-06
260.3626403808594,260.3626403808594,261.02346163883686,255.7369208019631,261.02346163883686,679200,2022-10-07
261.35870361328125,261.35870361328125,263.4944045787095,258.0354531887192,262.93891715450457,486900,2022-10-10
255.0282745361328,255.0282745361328,262.1344571864125,254.27167643025143,259.625264905108,452900,2022-10-11
252.26040649414062,252.26040649414062,257.02021878443117,251.83901242694418,254.86537471547166,649300,2022-10-12
263.0826110839844,263.0826110839844,263.61892565758717,242.9707122795462,245.14471528148542,715100,2022-10-13
246.96432495117188,246.96432495117188,268.464895838977,246.5908337756065,265.54386691969296,890700,2022-10-14
255.75608825683594,255.75608825683594,258.8686414297614,253.36181658535477,253.5725136615231,717300,2022-10-17
257.1544189453125,257.1544189453125,264.64368012269944,255.77531582948123,262.661244967278,555700,2022-10-18
253.12240600585938,253.12240600585938,258.38024681531493,251.59965263024196,254.57814198276483,454300,2022-10-19
246.93560791015625,246.93560791015625,255.9572367316642,246.4758972120644,252.16468923304427,530300,2022-10-20
255.71778869628906,255.71778869628906,256.2157866583851,246.2268927382268,247.38571198813275,549600,2022-10-21
260.1615295410156,260.1615295410156,261.66513902394087,257.0011029222961,258.1311920306192,445000,2022-10-24
266.49200439453125,266.49200439453125,267.24857314514617,257.8438969054174,258.52386182788734,830500,2022-10-25
280.1297912597656,280.1297912597656,285.84731329660707,274.52718958918035,275.15928083053893,860100,2022-10-26
287.3413391113281,287.3413391113281,288.80663224824957,282.51447909625443,282.8496829855005,709500,2022-10-27
298.96795654296875,298.96795654296875,299.1020205713869,287.8010688913739,289.50578931551723,638900,2022-10-28
296.04693603515625,296.04693603515625,299.9831343540443,294.84980004948943,296.6502972482448,774500,2022-10-31
300.8354797363281,300.8354797363281,301.8506487132025,298.2209534509803,298.4412077669164,577800,2022-11-01
295.71173095703125,295.71173095703125,305.6336091654417,295.3478261694524,299.16907486812835,562600,2022-11-02
294.8976745605469,294.8976745605469,299.60958497822816,288.433140861925,291.6701717040784,652700,2022-11-03
301.8212585449219,301.8212585449219,307.1101263813561,297.2247527627367,299.5710892051321,634500,2022-11-04
305.7542419433594,305.7542419433594,306.72547976743544,301.1577362743102,303.83101732290237,352400,2022-11-07
307.956298828125,307.956298828125,310.61035782001056,304.2156133838783,306.8311996718899,509400,2022-11-08
302.9174499511719,302.9174499511719,308.9179003207441,301.9462122979413,304.1483123179065,426700,2022-11-09
318.8321838378906,318.8321838378906,320.93811720182265,312.24513346580585,316.9185846796275,899700,2022-11-10
318.447509765625,318.447509765625,326.38081066704365,317.8801620711739,321.44773522933474,1073700,2022-11-11
308.24481201171875,308.24481201171875,317.0051153526775,308.1486742582743,316.0819757586291,955700,2022-11-14
311.004638671875,311.004638671875,316.2069349837433,308.110176484345,312.9470848014759,682600,2022-11-15
308.4083557128906,308.4083557128906,310.84123411308,305.4081294711169,309.1680377888795,676500,2022-11-16
309.2256774902344,309.2256774902344,309.4468295399871,303.13865513569567,304.47531033236976,756100,2022-11-17
316.08197021484375,316.08197021484375,316.158886285466,309.879559230374,314.91839821935645,729500,2022-11-18
313.1778869628906,313.1778869628906,315.58191771398026,311.3988983378686,315.2838202485314,546700,2022-11-21
317.7359619140625,317.7359619140625,319.4283796750988,315.0530552717774,315.399221627644,428500,2022-11-22
319.8322448730469,319.8322448730469,321.0438563703445,316.84161547207066,316.84161547207066,397600,2022-11-23
319.6495666503906,319.6495666503906,321.17852677428345,317.78403633281766,318.57256550747843,164000,2022-11-25
313.2452087402344,313.2452087402344,318.8033266961489,312.4855268014451,316.06272575430177,546700,2022-11-28
312.02398681640625,312.02398681640625,315.0242126619163,310.2449980944232,311.12006885704363,452900,2022-11-29
319.2071838378906,319.2071838378906,320.46689348131855,309.177546216309,312.65860705619775,1304800,2022-11-30
318.2264099121094,318.2264099121094,320.01502437896454,315.20696199484746,319.1303279880101,448000,2022-12-01
317.505126953125,317.505126953125,318.5340591078678,313.8894848337538,313.8894848337538,387600,2022-12-02
308.8410339355469,308.8410339355469,314.62030387761956,307.3120445607691,314.37030463606004,402900,2022-12-05
309.4468994140625,309.4468994140625,311.37012446783814,306.02356116602874,308.639148413007,405000,2022-12-06
309.63916015625,309.63916015625,313.37022057027554,307.11011511550186,308.5236863683192,521500,2022-12-07
310.68731689453125,310.68731689453125,314.03373828906757,309.54299590097196,312.56247263250253,481400,2022-12-08
308.7160339355469,308.7160339355469,311.8508702094762,306.73511486228756,309.379548798016,424200,2022-12-09
313.4567565917969,313.4567565917969,314.4856887761177,307.6967084160371,308.9948615192718,582300,2022-12-12
312.32208251953125,312.32208251953125,320.6977178482303,307.4947697542376,320.6977178482303,570500,2022-12-13
309.5718688964844,309.5718688964844,316.0820035420173,307.72558954610093,311.4950936716811,538000,2022-12-14
302.43670654296875,302.43670654296875,305.6003900134251,300.45578746960786,304.8791807581895,552900,2022-12-15
300.1960754394531,300.1960754394531,300.8499646616529,296.03230772148265,297.6958779677829,1249500,2022-12-16
294.801513671875,294.801513671875,300.00384015671455,293.4744838952881,299.3210742393755,642400,2022-12-19
296.2151184082031,296.2151184082031,297.6382861060078,293.63797464266554,296.17664569185905,501200,2022-12-20
301.0134582519531,301.0134582519531,302.6674323683651,297.9747602545416,299.7537486491941,623300,2022-12-21
296.09967041015625,296.09967041015625,298.37868685102035,292.8686378431259,297.72476818823674,470700,2022-12-22
296.4361877441406,296.4361877441406,298.9940797643923,294.59950488706255,295.93615995559423,464200,2022-12-23
296.5612487792969,296.5612487792969,298.8306692304731,294.81110722436887,296.9555133721816,291700,2022-12-27
292.8590087890625,292.8590087890625,297.8594043946517,292.6955511349014,296.4939020417304,275800,2022-12-28
300.3211669921875,300.3211669921875,300.7635004803096,294.9649788687171,294.9938260669407,324500,2022-12-29
299.41717529296875,299.41717529296875,300.44610735316866,296.5611859874324,297.07083926133265,377500,2022-12-30
298.7344970703125,298.7344970703125,303.9656706177201,296.40738226404363,301.46547263099023,376200,2023-01-03
300.8692626953125,300.8692626953125,304.0906697864018,298.63831510456805,300.76347008179755,462300,2023-01-04
296.8978271484375,296.8978271484375,301.6097220177713,294.8880607631163,299.9173041568111,497800,2023-01-05
308.9468078613281,308.9468078613281,310.7257965390446,300.60001988936824,300.60001988936824,568200,2023-01-06
308.88909912109375,308.88909912109375,313.59136793112276,308.2544314919584,311.8701030714888,401200,2023-01-09
307.4947814941406,307.4947814941406,308.67757529115386,305.6965710312754,308.67757529115386,383400,2023-01-10
317.3224792480469,317.3224792480469,317.3224792480469,308.0621467682208,310.2834984999592,669400,2023-01-11
318.4571533203125,318.4571533203125,320.9284745896236,315.89926112080695,318.40905509841804,743400,2023-01-12
320.3899841308594,320.3899841308594,321.0631244899217,314.74532453608583,316.0242853490884,367300,2023-01-13
323.3710021972656,323.3710021972656,323.8710300582536,320.1015260530947,320.6304011109458,572500,2023-01-17
315.60113525390625,315.60113525390625,324.61143685755917,315.1587725134671,323.39017058410064,459500,2023-01-18
310.7642517089844,310.7642517089844,312.26436450974285,307.75440059397613,311.15848691704,574300,2023-01-19
320.4573059082031,320.4573059082031,321.1015990754172,311.62971184627395,312.6970874362493,621000,2023-01-20
325.53460693359375,325.53460693359375,326.6789279048816,320.13997607987517,321.3227404135364,585200,2023-01-23
327.9097900390625,327.9097900390625,330.52537663491813,321.81317165781286,321.81317165781286,561300,2023-01-24
329.8426818847656,329.8426818847656,330.59273839013093,323.2941037255157,324.1114507965058,681600,2023-01-25
334.0256652832031,334.0256652832031,338.79528386076896,329.8330493542074,335.83350126949716,762400,2023-01-26
331.2273864746094,331.2273864746094,336.03544823591255,331.04467777999344,334.33337559091996,506700,2023-01-27
330.2753601074219,330.2753601074219,332.487086057077,328.640636766629,328.9002615291457,537900,2023-01-30
336.6797180175781,336.6797180175781,336.8239540037457,327.4193862065714,331.01583642280656,597200,2023-01-31
340.92047119140625,340.92047119140625,343.07447375479063,334.5257540717958,336.20857591096086,651000,2023-02-01
334.36224365234375,334.36224365234375,342.0551429504772,333.8910629610793,341.3724063546708,580200,2023-02-02
340.5069580078125,340.5069580078125,340.68966671219584,331.3043202616567,331.3043202616567,561100,2023-02-03
337.5547790527344,337.5547790527344,340.08382420617596,335.50654007002834,337.71826606305956,389300,2023-02-06
339.7665100097656,339.7665100097656,340.71852627929206,333.15064108307257,334.9392261327041,504500,2023-02-07
339.1606750488281,339.1606750488281,341.8243305952967,335.76618475262393,337.06433790028314,435000,2023-02-08
336.07257080078125,336.07257080078125,344.4008060541627,335.55144500050477,341.5636081255368,388100,2023-02-09
337.50079345703125,337.50079345703125,338.14734867584895,333.35113644705257,334.0266709104415,340800,2023-02-10
342.905029296875,342.905029296875,343.5805639137976,336.8156757960194,337.491210412942,366300,2023-02-13
340.40557861328125,340.40557861328125,344.96053351227437,337.26922276727106,338.0991660899913,335200,2023-02-14
338.0509338378906,338.0509338378906,341.0232509653286,337.1824103215988,337.8193354203355,422000,2023-02-15
337.2499084472656,337.2499084472656,340.289754927616,332.22209737593283,334.3162014055378,310700,2023-02-16
339.1896057128906,339.1896057128906,340.405526536246,333.93016724170747,335.2329668992939,511700,2023-02-17
328.57427978515625,328.57427978515625,337.14374374022145,326.3161072445862,335.1943886711281,417900,2023-02-21
327.47418212890625,327.47418212890625,330.5140291439782,325.26424907235673,328.72874226797995,451900,2023-02-22
327.23291015625,327.23291015625,332.7721880144836,324.077264066188,330.4464852983895,415900,2023-02-23
327.9084167480469,327.9084167480469,329.8963814349309,322.0796119294727,324.48253354264324,363900,2023-02-24
327.9566650390625,327.9566650390625,332.44406059925655,327.64784754856765,331.3149889846664,370600,2023-02-27
330.8807067871094,330.8807067871094,334.32588006997105,328.497075202806,329.0471508262121,633400,2023-02-28
331.2859802246094,331.2859802246094,333.9301595715361,329.79982208525314,329.992840345074,348200,2023-03-01
328.9795837402344,328.9795837402344,331.10266708740613,324.85890543737787,328.89273434654854,535300,2023-03-02
332.86865234375,332.86865234375,333.4380179833046,328.2654579321585,330.4657308487654,470700,2023-03-03
331.71063232421875,331.71063232421875,334.2583028137999,330.7359400736127,332.60810548245445,506500,2023-03-06
325.4378967285156,325.4378967285156,333.6792524702475,324.25089623833736,331.208771807325,544900,2023-03-07
325.1870422363281,325.1870422363281,330.11834477461315,323.85529251235323,326.1713649038295,743400,2023-03-08
304.5448913574219,304.5448913574219,325.8431620615198,303.2903611019521,323.6718393075108,832900,2023-03-09
291.2371520996094,291.2371520996094,301.601591215795,290.33964953639827,300.2602114209935,1010500,2023-03-10
276.7906799316406,276.7906799316406,283.13095169786624,265.47083601000907,282.75457481700835,1375800,2023-03-13
287.2998046875,287.2998046875,287.9656794392375,280.45772809761024,284.819693653972,1293800,2023-03-14
273.62530517578125,273.62530517578125,276.9643091585344,268.41413591097256,275.4974704578368,926300,2023-03-15
278.0065612792969,278.0065612792969,281.05606764100537,265.60591669556334,270.6916275812901,933800,2023-03-16
271.589111328125,271.589111328125,277.3600167460856,268.2693969041389,277.3600167460856,2111100,2023-03-17
277.7460021972656,277.7460021972656,278.4118769800481,272.83399029343997,274.0402809216031,757700,2023-03-20
291.4107971191406,291.4107971191406,291.7002950213218,285.3117860759764,286.5470262093624,1028100,2023-03-21
285.8812255859375,285.8812255859375,295.34819229366326,285.688236751343,290.5326894213591,1096100,2023-03-22
286.7690734863281,286.7690734863281,293.75589966069634,285.6689222531057,285.8619405415343,1242100,2023-03-23
281.24908447265625,281.24908447265625,281.71231069181175,273.7700823233157,281.2394247231564,920000,2023-03-24
287.8016662597656,287.8016662597656,292.00919401627095,285.39871519839056,288.1780136377676,710000,2023-03-27
288.88250732421875,288.88250732421875,289.857170199022,286.33480718904804,287.261259665723,648300,2023-03-28
291.0924377441406,291.0924377441406,291.16962739132566,287.16474812701813,291.16962739132566,511100,2023-03-29
290.1177062988281,290.1177062988281,294.5761514464863,288.8728062087506,293.99712609409306,446300,2023-03-30
295.7824401855469,295.7824401855469,296.00440824690287,291.49769383465315,293.6014574667223,511800,2023-03-31
295.56048583984375,295.56048583984375,297.9634367315346,293.3505826739999,296.20707055700177,399000,2023-04-03
289.73175048828125,289.73175048828125,298.5617929609714,286.3251865602209,297.8186990045535,523900,2023-04-04
288.05255126953125,288.05255126953125,288.1201106149315,284.57845771207866,285.9584471657689,736300,2023-04-05
286.9234313964844,286.9234313964844,290.36860402645283,286.0259583602424,288.39026999713093,430800,2023-04-06
291.4976806640625,291.4976806640625,291.64242963212297,284.72316390477,285.83294526050213,371400,2023-04-10
295.1744689941406,295.1744689941406,297.38440153747615,292.5495795679095,293.8427195090777,342400,2023-04-11
294.29632568359375,294.29632568359375,298.6196822196681,292.2987306366568,297.32654210384817,529000,2023-04-12
297.577392578125,297.577392578125,298.55208477818616,292.646090887678,294.3927972686795,307400,2023-04-13
298.6099853515625,298.6099853515625,302.7499828278235,297.1624366696974,301.38928353281597,381800,2023-04-14
300.7137756347656,300.7137756347656,300.73309513385624,293.84274866245937,296.78611557955264,586400,2023-04-17
304.5932312011719,304.5932312011719,304.66079054838747,299.6908493109356,301.3217566911035,508800,2023-04-18
304.92132568359375,304.92132568359375,306.8417309689651,301.68846086039616,301.68846086039616,342900,2023-04-19
304.7186584472656,304.7186584472656,305.43277304223983,302.00691959556514,302.00691959556514,537600,2023-04-20
303.11669921875,303.11669921875,305.3169720324203,298.96704200274985,303.93698269346135,571200,2023-04-21
301.96832275390625,301.96832275390625,303.54133043912896,298.1757521014759,302.692097128055,651900,2023-04-24
279.8691101074219,279.8691101074219,289.4518766325845,279.40588386328636,289.3167579341234,1292700,2023-04-25
282.28167724609375,282.28167724609375,284.3757813622745,278.50839648670035,278.547006034366,882600,2023-04-26
291.83544921875,291.83544921875,292.4144745440799,283.6326738861885,284.36610792830317,732000,2023-04-27
294.4506530761719,294.4506530761719,295.23232688953976,290.1466172290373,290.1466172290373,594200,2023-04-28
291.9995422363281,291.9995422363281,296.73785569174305,291.7293342945947,295.90794181729643,517400,2023-05-01
283.91259765625,283.91259765625,291.27577152505285,280.8051915614372,291.27577152505285,487600,2023-05-02
278.7303161621094,278.7303161621094,288.5350496198641,278.2477999257068,285.0126869842161,489400,2023-05-03
272.1584777832031,272.1584777832031,276.60729329408133,270.0643735755221,275.53609181535967,1024500,2023-05-04
282.3497314453125,282.3497314453125,284.8030060309975,275.60080717979434,275.60080717979434,709000,2023-05-05
284.78369140625,284.78369140625,286.6357731556227,280.5171297473941,286.62606694165186,647300,2023-05-08
284.58966064453125,284.58966064453125,285.8793438529698,280.749759244637,281.9424691183489,471200,2023-05-09
282.0394287109375,282.0394287109375,288.88535591154545,279.14981848160284,288.17748307957845,483500,2023-05-10
281.7679748535156,281.7679748535156,281.9037434740784,277.88927724357626,278.89774690795247,332800,2023-05-11
284.4345397949219,284.4345397949219,284.7351660425139,281.38977798362197,284.20182744025465,525700,2023-05-12
289.8064880371094,289.8064880371094,290.077995596277,285.8405245943624,286.18962265163765,525000,2023-05-15
285.49151611328125,285.49151611328125,290.14594084611707,284.6769636725298,287.52780843882766,508400,2023-05-16
292.0076904296875,292.0076904296875,293.3361392927086,287.0235510484856,288.5750356212231,417000,2023-05-17
294.49005126953125,294.49005126953125,295.3433396643868,290.33984709012066,292.2306939278555,398400,2023-05-18
294.6548767089844,294.6548767089844,297.6026943855956,291.81373857585737,296.2645393352883,453400,2023-05-19
294.7906494140625,294.7906494140625,297.4572533410636,293.04521817930674,294.8779165369843,480900,2023-05-22
291.2901611328125,291.2901611328125,295.6343127593068,291.07683159775894,293.53981266753874,464200,2023-05-23
284.14361572265625,284.14361572265625,289.69015305862615,283.0187901547063,289.69015305862615,544100,2023-05-24
296.4197082519531,296.4197082519531,296.8463672668707,283.7751484115324,283.7751484115324,920700,2023-05-25
299.75543212890625,299.75543212890625,300.6475159461651,296.83670290898084,297.86455533745124,638800,2023-05-26
300.065673828125,300.065673828125,302.31529533818815,296.54575197259834,301.3844164515377,624600,2023-05-30
289.418701171875,289.418701171875,297.6803158877613,286.68421243353424,297.14700683810673,2094500,2023-05-31
294.5191345214844,294.5191345214844,295.88637859752424,290.45619754440236,291.1252750622965,587600,2023-06-01
303.70196533203125,303.70196533203125,305.5152513157998,295.88639380038575,298.2329887468718,529500,2023-06-02
302.2765808105469,302.2765808105469,304.264401292769,300.6087398274504,301.77233123456415,507900,2023-06-05
303.47900390625,303.47900390625,305.89348373855677,300.279090162419,301.2099693182783,432600,2023-06-06
307.5225524902344,307.5225524902344,309.2873374028906,302.596589981547,304.0123063154737,518100,2023-06-07
304.9722595214844,304.9722595214844,306.83401752018636,300.4147786844673,306.14555708467435,471400,2023-06-08
304.8171081542969,304.8171081542969,306.30070858162213,301.5686934797426,305.4473905019901,375600,2023-06-09
303.1589660644531,303.1589660644531,305.82557020216956,301.6947485048139,304.72983358538863,400000,2023-06-12
307.97821044921875,307.97821044921875,309.7333479873072,301.71412336250455,302.80985995032705,473200,2023-06-13
309.2582092285156,309.2582092285156,312.2254101407746,306.5528393092921,309.655779232068,470900,2023-06-14
315.7162170410156,315.7162170410156,317.1610221195376,308.0170015789542,308.0170015789542,545600,2023-06-15
315.1441345214844,315.1441345214844,319.9925058218149,314.21325551761174,319.9925058218149,937400,2023-06-16
312.3612060546875,312.3612060546875,313.46661943624434,307.31888755014995,312.244849866325,502500,2023-06-20
311.55633544921875,311.55633544921875,316.9477220980669,311.1102935646033,311.8084602324022,613100,2023-06-21
310.9066467285156,310.9066467285156,313.6314288916105,307.08612797323724,310.42180962345094,538600,2023-06-22
307.40606689453125,307.40606689453125,309.89813638796045,306.01944005905136,307.00849696976553,1510800,2023-06-23
310.21820068359375,310.21820068359375,312.82659720483184,307.1055250186899,307.5418902702887,427900,2023-06-26
316.2204284667969,316.2204284667969,317.1998088451599,310.41208967464365,310.41208967464365,426700,2023-06-27
315.5223083496094,315.5223083496094,316.62772157146037,312.5454013949375,315.5610740120542,534500,2023-06-28
321.5342712402344,321.5342712402344,322.00940213882774,316.8313453521581,317.1901200790232,443600,2023-06-29
322.0870361328125,322.0870361328125,324.5112220114686,320.3513107579032,324.5112220114686,499400,2023-06-30
324.9184875488281,324.9184875488281,326.4215006362041,320.96222898548905,320.9719351990438,244800,2023-07-03
321.9318542480469,321.9318542480469,323.4833389821221,320.06039002877156,322.1258009368475,551700,2023-07-05
318.6737060546875,318.6737060546875,319.40096161970655,315.93921802811076,318.28581274632694,569700,2023-07-06
322.53302001953125,322.53302001953125,323.88088132977504,317.35496346539566,317.35496346539566,465300,2023-07-07
324.18145751953125,324.18145751953125,327.8952963627842,320.7972747325156,322.36817165759254,337300,2023-07-10
327.0517272949219,327.0517272949219,327.5462706280238,325.2869130716372,325.59721593131326,388900,2023-07-11
327.8177795410156,327.8177795410156,332.1328121816831,327.43959238075496,330.7655679433792,457000,2023-07-12
331.5316162109375,331.5316162109375,332.04554237363675,327.90504402857334,328.5837982402295,332200,2023-07-13
329.0201416015625,329.0201416015625,333.5679158448389,328.3316812238356,333.5679158448389,316100,2023-07-14
332.5982666015625,332.5982666015625,334.605499394238,327.9244296305946,327.9244296305946,451900,2023-07-17
341.7713623046875,341.7713623046875,342.8864817229822,333.4224815966144,333.5388377665779,585500,2023-07-18
341.78106689453125,341.78106689453125,344.18586956676387,340.56897414298203,342.25619778366394,419200,2023-07-19
346.0767517089844,346.0767517089844,346.18343126986906,341.1023178158588,342.09140454068825,507600,2023-07-20
343.1385803222656,343.1385803222656,346.9397159398575,342.18831861194724,346.9397159398575,414800,2023-07-21
344.2149963378906,344.2149963378906,346.7652149093041,343.20652677227486,343.4101500910636,305400,2023-07-24
343.9240417480469,343.9240417480469,346.0379244240319,341.7713638178662,344.2440508089717,298000,2023-07-25
343.7301330566406,343.7301330566406,347.1627585380345,341.1507960436341,343.1386163861154,670000,2023-07-26
337.93145751953125,337.93145751953125,345.5918777543501,336.09875908372135,345.5918777543501,816900,2023-07-27
334.74127197265625,334.74127197265625,342.45990105643807,334.2661410136202,342.0914200710173,669200,2023-07-28
337.8829650878906,337.8829650878906,340.07440851626245,335.09029883682985,336.19571196581273,450600,2023-07-31
338.426025390625,338.426025390625,339.1532810908653,336.06001781180777,336.06001781180777,353600,2023-08-01
337.21392822265625,337.21392822265625,338.7847957802472,334.54732402271594,335.6430606650653,353400,2023-08-02
341.80047607421875,341.80047607421875,343.80770892762445,334.2273223461061,335.2357918789266,422700,2023-08-03
335.6875305175781,335.6875305175781,344.1658866358565,335.3663208027575,340.3988241780901,494500,2023-08-04
340.2332763671875,340.2332763671875,342.47208958819635,338.55902336252655,338.8899765522309,336100,2023-08-07
337.8289489746094,337.8289489746094,338.9191546334516,332.3876345019362,335.1034348275038,349500,2023-08-08
334.1203308105469,334.1203308105469,338.3254357669109,334.0521855219027,336.32994328012984,344400,2023-08-09
333.67254638671875,333.67254638671875,339.1138610862747,332.71860154251766,335.84321426749784,414000,2023-08-10
335.2690124511719,335.2690124511719,336.7388597167359,330.88870124682666,332.43640764098893,327900,2023-08-11
334.9185791015625,334.9185791015625,337.0016448415296,332.3195815593087,334.94777998604246,410700,2023-08-14
327.6764221191406,327.6764221191406,332.2708821790405,326.16763072546803,332.1151342458038,387600,2023-08-15
324.88275146484375,324.88275146484375,329.55507048314803,324.88275146484375,326.7127524872082,305300,2023-08-16
321.7192077636719,321.7192077636719,327.9879210317347,321.62186159125974,326.508330505185,304800,2023-08-17
323.5296630859375,323.5296630859375,324.2110564632699,318.2830410216304,318.2830410216304,345200,2023-08-18
324.1916198730469,324.1916198730469,326.099509744213,322.05986648758585,325.27211185890815,296800,2023-08-21
319.90863037109375,319.90863037109375,325.84638979319084,318.915770811023,325.06767990755236,299300,2023-08-22
324.5614929199219,324.5614929199219,325.49598043311994,320.7360293502537,320.9696363756142,277100,2023-08-23
324.1234436035156,324.1234436035156,328.52321042381743,322.9358918472301,324.31810620098264,229300,2023-08-24
325.2428894042969,325.2428894042969,326.77113802325556,322.35188361481516,325.84639402939433,270200,2023-08-25
327.335693359375,327.335693359375,329.65239536764824,325.6322394951597,326.26494498926405,249900,2023-08-28
331.3753356933594,331.3753356933594,331.4240236315695,324.7854128595553,327.2675768259769,349200,2023-08-29
331.09307861328125,331.09307861328125,332.68944296730876,330.4700868711077,331.3753438971899,250700,2023-08-30
328.60113525390625,328.60113525390625,332.7478385564062,327.5206729600891,332.0275303605281,553900,2023-08-31
333.2052917480469,333.2052917480469,335.4830492427655,329.66212332488783,330.27534173410413,281200,2023-09-01
331.27801513671875,331.27801513671875,335.67781285590604,330.83025836467255,332.6602595711434,397100,2023-09-05
330.67449951171875,330.67449951171875,332.29035095548835,328.8444983656211,329.6524389404468,304300,2023-09-06
331.404541015625,331.404541015625,332.83544359468414,328.3480732196987,329.5648261030523,438700,2023-09-07
335.8724670410156,335.8724670410156,336.38836909529414,330.45063855936934,331.5603017848875,415000,2023-09-08
334.3831481933594,334.3831481933594,340.6908058064065,333.62389558579747,339.02629618711325,430600,2023-09-11
337.9652404785156,337.9652404785156,339.7076089496946,332.5238962847737,333.6043881250948,402000,2023-09-12
335.94061279296875,335.94061279296875,339.9802265864224,334.6849154493765,339.3377774735585,408900,2023-09-13
340.49609375,340.49609375,341.00228192965517,336.09632629243487,339.19173830513614,462400,2023-09-14
337.88739013671875,337.88739013671875,341.6057939257245,337.44937694013726,338.6174418369009,1087200,2023-09-15
337.8484191894531,337.8484191894531,337.9847097549367,333.9840113051469,336.8653031770992,379300,2023-09-18
337.94580078125,337.94580078125,340.6810588467087,336.7874496767028,338.22809576372197,456100,2023-09-19
335.8140563964844,335.8140563964844,340.77841416264704,335.52204758324945,339.1917636303476,330800,2023-09-20
328.26043701171875,328.26043701171875,333.7504100129951,328.20203525575994,333.7504100129951,387100,2023-09-21
324.619873046875,324.619873046875,328.8833792108952,324.1915737249996,328.55242604505986,369300,2023-09-22
326.741943359375,326.741943359375,327.4135635763639,323.1598005354534,323.247403172452,271700,2023-09-25
319.2077941894531,319.2077941894531,325.06769477331835,318.7697809984548,323.58810433471245,407600,2023-09-26
318.25390625,318.25390625,320.6387241542602,316.4141615725963,320.025475928459,438000,2023-09-27
321.5634765625,321.5634765625,323.9482945283521,317.66012358093565,317.9424185838566,427500,2023-09-28
320.9112243652344,320.9112243652344,325.3304785909899,319.75287339170455,323.38367422618376,344700,2023-09-29
317.19287109375,317.19287109375,319.7821248733881,312.57895352490317,318.53617107097926,447200,2023-10-02
308.626953125,308.626953125,313.9612088079151,306.23239161190975,313.86386262971666,504700,2023-10-03
309.64898681640625,309.64898681640625,310.0286279666165,305.9403264847046,308.4127766077991,635600,2023-10-04
313.7373046875,313.7373046875,314.4770999690907,308.1012968417578,308.8800365344538,342600,2023-10-05
317.7574462890625,317.7574462890625,319.44144294681377,310.0188861923214,311.62502373737067,300900,2023-10-06
317.572509765625,317.572509765625,318.2247023964979,313.89305015105856,313.9027936802285,308500,2023-10-09
320.1617126464844,320.1617126464844,322.45892751852904,318.1857074213054,319.4803192422667,314000,2023-10-10
320.5802917480469,320.5802917480469,322.3129465556115,317.57248237622355,320.22013767039994,283200,2023-10-11
316.7159423828125,316.7159423828125,321.5245527405066,313.639987154004,321.5245527405066,417000,2023-10-12
316.2681579589844,316.2681579589844,320.83341731156884,313.85410946086637,319.07156145205516,454700,2023-10-13
321.9041442871094,321.9041442871094,326.2163092367822,318.18574046647905,320.35640852838566,664300,2023-10-16
326.14813232421875,326.14813232421875,329.0975397438243,322.1571774417408,322.1571774417408,459900,2023-10-17
314.95404052734375,314.95404052734375,325.1747645058641,314.81777965468785,324.05535782082126,562900,2023-10-18
308.1694030761719,308.1694030761719,316.3751766030756,307.458808766503,314.4089148267581,513900,2023-10-19
303.88641357421875,303.88641357421875,308.09151790845374,300.38215996235624,308.09151790845374,1356900,2023-10-20
303.06878662109375,303.06878662109375,307.32254956229565,300.50873403392103,302.16352968744906,509800,2023-10-23
305.1518859863281,305.1518859863281,307.22523769578584,303.3316283877733,305.5509845051052,476200,2023-10-24
298.9707336425781,298.9707336425781,304.1881546116575,298.47428906837206,303.1563507676847,541300,2023-10-25
307.92608642578125,307.92608642578125,317.5822505133306,299.3893587712339,299.3893587712339,995600,2023-10-26
302.2998046875,302.2998046875,308.15967562181294,301.2485433131196,307.44911098095906,596900,2023-10-27
307.4393005371094,307.4393005371094,309.50290813439716,303.1076792292596,304.9863380601986,413800,2023-10-30
306.2031555175781,306.2031555175781,308.5685158757954,302.8351623156848,307.50751097897216,629900,2023-10-31
309.0844421386719,309.0844421386719,311.3914009188923,305.3660380908312,307.3615307004282,421100,2023-11-01
322.5563049316406,322.5563049316406,322.70230933072685,312.7346796080418,312.7346796080418,621900,2023-11-02
328.14691162109375,328.14691162109375,332.56470661957246,326.69061893038855,326.729722644085,708100,2023-11-03
325.6350402832031,325.6350402832031,329.7302518004821,321.715720899892,328.6160495511398,453500,2023-11-06
325.4200439453125,325.4200439453125,327.45298972376605,324.1885304499886,325.4200439453125,427600,2023-11-07
324.8238525390625,324.8238525390625,326.26060846674943,323.6314426546734,325.34186495775793,335900,2023-11-08
324.3351135253906,324.3351135253906,327.49207468589003,323.0352058871812,327.0913436535745,263000,2023-11-09
328.75286865234375,328.75286865234375,329.52501036572704,323.699810064471,325.9673481080768,378500,2023-11-10
327.55072021484375,327.55072021484375,329.15361454055994,326.40716775659865,326.88610622192226,511800,2023-11-13
334.69537353515625,334.69537353515625,338.2432821659397,330.3557862643095,332.8383499328767,498900,2023-11-14
335.7020568847656,335.7020568847656,337.35383809914833,334.47054359827223,336.2102857863487,581700,2023-11-15
336.4156188964844,336.4156188964844,338.7124476678305,335.20364233077214,335.82918247144886,463800,2023-11-16
339.9635009765625,339.9635009765625,340.7356427731331,338.76133761391014,338.76133761391014,414900,2023-11-17
341.5762023925781,341.5762023925781,343.579827845425,336.2005898994428,338.1553580787647,425400,2023-11-20
340.09051513671875,340.09051513671875,342.2505551689107,339.58228621423376,340.39350177881056,324900,2023-11-21
342.5926513671875,342.5926513671875,343.0520230703522,340.57924258158744,342.10395933519925,321200,2023-11-22
343.47235107421875,343.47235107421875,345.48576003677584,340.7356575581218,343.14979760141654,211300,2023-11-24
341.5664367675781,341.5664367675781,341.9573844582918,339.56281121054735,341.9573844582918,373200,2023-11-27
337.7253112792969,337.7253112792969,341.71302529521125,337.6177835177284,341.146155639564,542200,2023-11-28
340.47174072265625,340.47174072265625,342.93473779759205,338.13577851955995,339.51389361315074,441900,2023-11-29
345.5151062011719,345.5151062011719,345.6910282027277,339.87558014519277,341.72285064372716,1166200,2023-11-30
348.232177734375,348.232177734375,350.0403442245894,344.2444340359417,345.19249777443935,676300,2023-12-01
345.7398376464844,345.7398376464844,349.6591573830214,344.66473901190494,345.80826169119985,739100,2023-12-04
344.5865173339844,344.5865173339844,345.3293387547073,342.0159925171718,344.4301323071272,372700,2023-12-05
342.2212829589844,342.2212829589844,349.0434048848165,341.986690492446,347.2938789948214,393800,2023-12-06
344.752685546875,344.752685546875,345.0263518868683,342.4460436863076,343.3354667481345,449100,2023-12-07
349.4930114746094,349.4930114746094,350.15765536589083,344.3519911246846,344.3519911246846,418100,2023-12-08
357.16546630859375,357.16546630859375,358.475157429922,350.77339573803,350.97863804839596,592800,2023-12-11
361.85693359375,361.85693359375,362.0035352463146,357.175255305878,357.83986934910183,511500,2023-12-12
363.3718566894531,363.3718566894531,365.20934355559933,360.32242309346384,362.6094982904558,971500,2023-12-13
371.3863830566406,371.3863830566406,371.68936971044826,363.19590036428474,365.32659032570353,785700,2023-12-14
369.3045959472656,369.3045959472656,371.0345551029262,367.29118704495005,368.31742844065786,1214300,2023-12-15
367.6136779785156,367.6136779785156,369.3534203653853,365.7273339520714,369.099320799254,437600,2023-12-18
372.98931884765625,372.98931884765625,373.57575527844654,367.77987467153014,368.2196796240759,438000,2023-12-19
364.34930419921875,364.34930419921875,372.8036721047712,364.2320228600972,369.5685325819323,472300,2023-12-20
367.5257263183594,367.5257263183594,368.5324307055013,363.7432547844123,365.75666355869623,400200,2023-12-21
367.5452880859375,367.5452880859375,370.96613252167515,366.7731761033107,369.41209534301333,272400,2023-12-22
369.6955261230469,369.6955261230469,370.64358986826255,367.55505261402783,367.63326004331697,204400,2023-12-26
371.4352722167969,371.4352722167969,371.6111941933266,368.3467349323408,369.78349072879035,221100,2023-12-27
372.52996826171875,372.52996826171875,375.1004933862407,371.97285212948594,374.91478800882976,294100,2023-12-28
371.2397766113281,371.2397766113281,374.0839678222664,370.9367899371033,373.13590408528694,316900,2023-12-29
370.4579162597656,370.4579162597656,371.0443527201181,368.0242392508098,370.32109798787525,540600,2024-01-02
371.9337463378906,371.9337463378906,377.5927786881509,371.767577920155,372.48107903676834,728500,2024-01-03
370.46771240234375,370.46771240234375,376.8988872601727,370.2820070197145,370.71205845028766,411800,2024-01-04
373.4584655761719,373.4584655761719,375.442554079516,368.317415734226,369.44140146870063,424300,2024-01-05
375.74554443359375,375.74554443359375,375.7944017074591,369.939880514363,373.67349492145803,435900,2024-01-08
367.4084777832031,367.4084777832031,374.68021821328074,365.5514538718837,373.58555274249863,513600,2024-01-09
369.4414367675781,369.4414367675781,369.64670892116817,366.01083857734886,367.8482957813022,304500,2024-01-10
369.7150573730469,369.7150573730469,370.31127715946417,365.776200807169,369.9398664445476,422400,2024-01-11
367.88739013671875,367.88739013671875,373.2043623284258,366.509274898281,371.85556742155495,354100,2024-01-12
365.0236511230469,365.0236511230469,365.4634859111787,360.83066486632464,364.90636980018417,813800,2024-01-16
363.6455383300781,363.6455383300781,367.90694866245775,360.07809220822105,360.7915933635511,501100,2024-01-17
366.4017639160156,366.4017639160156,366.51904523810845,360.9381902609538,363.792135189866,519300,2024-01-18
373.0381774902344,373.0381774902344,373.61483049117624,365.60026947906834,369.0895376400461,1231800,2024-01-19
378.3551330566406,378.3551330566406,379.899416590729,374.0057918411626,374.0057918411626,476400,2024-01-22
379.0295715332031,379.0295715332031,379.1957399671832,376.14630611035545,378.75590515701083,422500,2024-01-23
380.65203857421875,380.65203857421875,384.69842344103665,380.1926668114747,382.14743519295615,577000,2024-01-24
382.528564453125,382.528564453125,393.54367167632927,361.74937053814966,361.74937053814966,1251000,2024-01-25
382.54815673828125,382.54815673828125,386.5065805083791,380.8670547790881,384.5322454028467,497200,2024-01-26
384.219482421875,384.219482421875,384.41497118971915,379.7235390354419,381.3068966418255,591600,2024-01-29
384.6495056152344,384.6495056152344,385.5878158391347,382.57745606873084,382.65566350108725,390200,2024-01-30
378.0814208984375,378.0814208984375,387.3861352078166,377.98370636518393,383.57434376180214,581300,2024-01-31
377.289794921875,377.289794921875,380.8865910346305,369.50982593285994,378.5897324622907,391600,2024-02-01
381.85418701171875,381.85418701171875,383.77963483439885,373.35093362016005,377.0454442340839,322800,2024-02-02
381.2482604980469,381.2482604980469,382.02037253717157,376.84024822925284,379.039362670286,395200,2024-02-05
379.2738952636719,379.2738952636719,383.5841628056661,377.3680141289808,381.2482302726312,365000,2024-02-06
382.509033203125,382.509033203125,384.27812589374605,377.9642030306001,380.290381998349,423900,2024-02-07
387.236328125,387.236328125,387.42267630079004,380.6259663016332,382.4403917376382,329200,2024-02-08
389.3057556152344,389.3057556152344,390.5415319312322,385.39250385542954,387.05000290666305,306800,2024-02-09
389.72747802734375,389.72747802734375,394.5920752152988,386.37327078761814,389.51170803473957,415700,2024-02-12
382.391357421875,382.391357421875,388.80555368601944,378.3407838909738,385.0295937878586,405300,2024-02-13
383.83306884765625,383.83306884765625,386.01037340939513,382.00885607112366,384.8824970220145,329100,2024-02-14
390.1785888671875,390.1785888671875,392.05185774778164,383.78399771355674,386.17707199542076,306500,2024-02-15
390.14923095703125,390.14923095703125,393.0523237968651,388.30541352283655,389.36462906718856,299100,2024-02-16
389.14886474609375,389.14886474609375,390.43366756961126,382.7934815951541,386.6184981733175,359400,2024-02-20
387.7561340332031,387.7561340332031,389.54113765040944,385.14731943038385,389.07038851577346,466400,2024-02-21
395.5728454589844,395.5728454589844,395.98478087730496,389.32536280717267,390.5317173109443,341100,2024-02-22
399.28997802734375,399.28997802734375,400.43748893679265,396.23980609380044,397.2107561421199,319000,2024-02-23
400.08441162109375,400.08441162109375,402.8109436140633,395.9161504490326,397.9855850889789,517500,2024-02-26
400.849365234375,400.849365234375,402.70302966135074,397.161700811227,400.32955980094334,362600,2024-02-27
402.74224853515625,402.74224853515625,405.39030195865195,399.4566725011415,400.1039824306108,354200,2024-02-28
399.5253601074219,399.5253601074219,404.6057575595811,397.357872716233,404.27230026329386,789700,2024-02-29
402.6932373046875,402.6932373046875,403.0070900202924,396.26922353868684,399.82941358405907,442300,2024-03-01
404.4488525390625,404.4488525390625,406.6751836923316,399.1723193033485,401.58499865123537,436200,2024-03-04
404.6547546386719,404.6547546386719,409.4016645200187,401.68303107902517,401.68303107902517,419500,2024-03-05
407.4793701171875,407.4793701171875,407.6853228588868,403.2620829189724,406.5966855792635,357900,2024-03-06
404.84112548828125,404.84112548828125,411.1768738749584,404.06631093956923,408.9897819483742,589200,2024-03-07
404.0859069824219,404.0859069824219,408.66607308303765,402.7226261964714,405.05685694062487,371800,2024-03-08
403.7720947265625,403.7720947265625,405.1255583981643,399.65286006783043,402.43823562605536,395300,2024-03-11
405.04705810546875,405.04705810546875,406.51820898448494,402.2028390588323,405.3020671689701,274000,2024-03-12
408.7347412109375,408.7347412109375,409.24472939314677,405.35108231084035,405.72377864541807,430100,2024-03-13
405.9886169433594,405.9886169433594,410.7551314331791,402.38918795012086,410.7551314331791,508000,2024-03-14
411.42205810546875,411.42205810546875,413.73668445805686,402.4970997716975,402.4970997716975,1263500,2024-03-15
416.19842529296875,416.19842529296875,419.51342378073537,410.42172106805606,412.422494876353,695000,2024-03-18
420.7393798828125,420.7393798828125,420.9649671504806,416.8457322692165,416.8457322692165,613900,2024-03-19
422.83819580078125,422.83819580078125,425.45682763749664,417.1889667758755,420.0528203595129,629700,2024-03-20
427.3497314453125,427.3497314453125,428.8208823438171,421.44549335036993,422.71069150366355,543800,2024-03-21
421.8868408203125,421.8868408203125,428.0852969791289,421.5239617293225,428.0852969791289,445100,2024-03-22
423.21087646484375,423.21087646484375,424.78989733645784,420.79816753200555,420.79816753200555,515100,2024-03-25
422.9264221191406,422.9264221191406,425.85890639263374,422.5733303724435,423.36777931985233,354500,2024-03-26
427.5949401855469,427.5949401855469,429.5760793655805,422.57338644483025,427.14376567541973,488700,2024-03-27
430.00762939453125,430.00762939453125,432.1653294869423,426.9084010484515,429.73301574010105,446300,2024-03-28
426.467041015625,426.467041015625,429.8212784228862,425.3489818336335,429.37013383581194,434300,2024-04-01
424.8683776855469,424.8683776855469,427.6929621773597,422.8774213980126,426.3101067165641,523100,2024-04-02
427.83026123046875,427.83026123046875,429.8212174122434,423.3677825256549,425.015464207681,374400,2024-04-03
420.6412658691406,420.6412658691406,432.1947024827725,420.4843395228172,431.92008885936656,419500,2024-04-04
426.4473876953125,426.4473876953125,427.2516239899414,421.70047799604737,421.70047799604737,295600,2024-04-05
427.3889465332031,427.3889465332031,429.4289592353433,425.6333946532869,427.0457019299556,288900,2024-04-08
421.3277893066406,421.3277893066406,430.41949072269324,418.92492755972245,428.9483398827121,376900,2024-04-09
417.7872619628906,417.7872619628906,422.7008857446403,415.7178274121347,417.7382056398885,473300,2024-04-10
414.3545837402344,414.3545837402344,419.42513396977233,412.85401095375255,416.9536111245796,467600,2024-04-11
405.743408203125,405.743408203125,413.41298506552045,404.6057146437716,411.7064596918104,630600,2024-04-12
403.2718505859375,403.2718505859375,415.4039360752737,401.3201334334516,412.2556817401579,589000,2024-04-15
402.9482727050781,402.9482727050781,406.0082620555522,400.9082598509992,403.50731727928047,583200,2024-04-16
403.8504943847656,403.8504943847656,408.26394673248177,403.3012671537232,406.10627687642636,518300,2024-04-17
404.6940002441406,404.6940002441406,408.41111654895104,402.6442002575479,405.7140065775435,365800,2024-04-18
408.9897766113281,408.9897766113281,409.8822784356627,403.6936093081873,406.3515102104496,1159100,2024-04-19
413.27569580078125,413.27569580078125,417.04183833252176,406.5181952907547,411.90262767941334,538100,2024-04-22
399.8489990234375,399.8489990234375,415.4333749246728,394.9549800668693,412.03011139993714,992000,2024-04-23
404.9195556640625,404.9195556640625,407.2636037767703,398.2307457135593,398.2307457135593,675500,2024-04-24
403.0070495605469,403.0070495605469,404.5076221637456,393.96437487318235,402.04588693949324,652400,2024-04-25
402.1243591308594,402.1243591308594,404.5370380015683,400.7120520039471,400.7120520039471,454200,2024-04-26
408.3424987792969,408.3424987792969,411.90268910642317,403.43866194978847,403.43866194978847,395500,2024-04-29
403.8701477050781,403.8701477050781,408.0187739496542,403.2914986286439,406.91053211687455,507700,2024-04-30
405.4884033203125,405.4884033203125,412.54993930250043,401.33974718944705,403.8701433874979,490500,2024-05-01
408.4700012207031,408.4700012207031,410.1078659521571,404.1251790648599,407.6069211542544,295700,2024-05-02
412.3577880859375,412.3577880859375,413.79480641628396,407.8399858035,411.02902447565475,279700,2024-05-03
418.273193359375,418.273193359375,418.6176920735045,414.84797081428707,415.45821023152087,436000,2024-05-06
418.18463134765625,418.18463134765625,420.24174142396953,417.33817793522275,419.316529997079,398200,2024-05-07
419.23779296875,419.23779296875,420.56655658824616,416.8066574697072,417.5448561430516,352000,2024-05-08
423.26348876953125,423.26348876953125,423.52922951362024,418.38154264134755,418.38154264134755,279000,2024-05-09
426.7280578613281,426.7280578613281,427.90918781850587,423.38156303250116,425.527253418571,330000,2024-05-10
425.1434020996094,425.1434020996094,429.52339311314995,424.6414173664606,427.7123191842083,328900,2024-05-13
428.4800109863281,428.4800109863281,429.47412811315155,425.2024221983298,426.1276335755481,238700,2024-05-14
432.4761657714844,432.4761657714844,433.0667006774047,429.6808270423512,430.12375825917223,404000,2024-05-15
429.1198425292969,429.1198425292969,435.133686939244,429.0706112595033,433.07657680391134,403700,2024-05-16
427.2890930175781,427.2890930175781,432.68287572837545,426.9544465408422,431.5214503025186,931800,2024-05-17
426.28515625,426.28515625,429.10013959168145,425.01544605284886,426.4229377236896,343800,2024-05-20
427.24969482421875,427.24969482421875,430.46826027301586,425.61584152216307,426.57057967721397,344800,2024-05-21
431.0981750488281,431.0981750488281,431.23598655312577,425.53708435698826,426.5902550116709,441200,2024-05-22
427.3185729980469,427.3185729980469,432.08241120488634,425.16303060191575,432.08241120488634,359600,2024-05-23
434.0312805175781,434.0312805175781,434.0411327782305,428.3422307758188,428.84421547100874,295600,2024-05-24
428.1257019042969,428.1257019042969,435.8226605800267,427.67294846377774,433.627739054182,544200,2024-05-28
421.2457275390625,421.2457275390625,425.22213634247413,419.6216663284534,424.91701660848423,385000,2024-05-29
423.73590087890625,423.73590087890625,425.340257506599,419.8480424248362,421.89533028206466,344200,2024-05-30
429.7398986816406,429.7398986816406,429.8580357051946,418.95236340879427,423.2043951352763,1094400,2024-05-31
424.2575378417969,424.2575378417969,428.48001250585486,420.09408662954985,428.48001250585486,436800,2024-06-03
417.8696594238281,417.8696594238281,424.1985056825793,416.62950605107807,421.60003187799526,447000,2024-06-04
420.92083740234375,420.92083740234375,421.25548383120184,416.22590510095165,419.17869951280585,489800,2024-06-05
418.8145751953125,418.8145751953125,424.50362522427423,418.4110229741334,421.2457107461553,282900,2024-06-06
419.9169616699219,419.9169616699219,423.96227620847634,418.60787246160504,418.60787246160504,297000,2024-06-07
421.7279968261719,421.7279968261719,423.20439422490927,415.28107353330466,418.13543583005395,349300,2024-06-10
415.3794860839844,415.3794860839844,419.1984389207747,414.23773513008126,419.1984389207747,266200,2024-06-11
421.57049560546875,421.57049560546875,424.021305586888,417.879502241943,420.09409826005844,456700,2024-06-12
420.19256591796875,420.19256591796875,420.6157926500963,416.5114245073449,419.85791942949237,354900,2024-06-13
417.1905212402344,417.1905212402344,418.46023141779204,414.37553794199226,416.58028178606344,248900,2024-06-14
425.7437744140625,425.7437744140625,426.0292196481668,413.39126181987353,417.5251864530248,429700,2024-06-17
430.19268798828125,430.19268798828125,430.52733446608187,424.59221803173114,425.9603306898753,387600,2024-06-18
435.2616271972656,435.2616271972656,435.6848538971589,428.893432064712,430.300923668942,460900,2024-06-20
433.9427185058594,433.9427185058594,437.98803286968575,431.3934759923931,436.1966935611563,838400,2024-06-21
433.4211120605469,433.4211120605469,439.29717549239723,433.1356667913181,435.0254688657711,460300,2024-06-24
431.2359619140625,431.2359619140625,434.2674844242102,429.0213660098944,432.8895196468703,373600,2024-06-25
427.0528259277344,427.0528259277344,430.96035847396394,425.10397076602266,428.89339633955063,352500,2024-06-26
423.56854248046875,423.56854248046875,426.23589187985084,422.89924957479167,425.5863034955867,403500,2024-06-27
420.4681701660156,420.4681701660156,427.2202136868206,419.8972796418043,421.9740944231626,1293200,2024-06-28
419.38543701171875,419.38543701171875,426.0095507502555,418.09605236688554,423.2732954685828,496900,2024-07-01
427.0429992675781,427.0429992675781,427.78119792859445,419.3558929471848,419.3558929471848,404800,2024-07-02
427.1709899902344,427.1709899902344,431.4426962856508,425.0745008324578,428.28321419411645,182900,2024-07-03
425.3500671386719,425.3500671386719,427.38750267441065,422.06262600334935,425.97015882671246,232200,2024-07-05
420.34014892578125,420.34014892578125,429.4741256298052,419.9661234728073,426.07842988347863,476700,2024-07-08
426.4721374511719,426.4721374511719,429.70052504991094,419.2082578446639,419.2082578446639,420800,2024-07-09
433.6671142578125,433.6671142578125,433.8738014731575,425.98000791038277,428.7457898337279,274900,2024-07-10
432.8993835449219,432.8993835449219,435.29113997674995,431.29502699634725,433.6966356888646,361400,2024-07-11
439.2479248046875,439.2479248046875,442.43696378704203,433.68683363726444,434.8974903843733,348000,2024-07-12
438.7852478027344,438.7852478027344,442.8601186039091,438.5588861164772,440.16324259025237,404100,2024-07-15
422.298828125,422.298828125,433.11591941194513,421.4819015038614,431.29502340503103,1066800,2024-07-16
414.9267272949219,414.9267272949219,423.145345582922,413.2731693983511,420.6945354848839,1078600,2024-07-17
411.4128723144531,411.4128723144531,417.682634866235,410.91091764529443,415.00546319770683,717800,2024-07-18
404.4245910644531,404.4245910644531,412.64317837821466,404.3655075401699,412.64317837821466,616600,2024-07-19
413.401123046875,413.401123046875,413.55860904023154,404.5230341503644,406.294729047589,441400,2024-07-22
414.7593688964844,414.7593688964844,416.13733364358274,410.3793784116368,412.59397426720227,494400,2024-07-23
417.5743713378906,417.5743713378906,425.82251575921975,413.37157115402795,415.73380083591184,995500,2024-07-24
434.7203369140625,434.7203369140625,438.4999109195541,415.35983109650397,415.35983109650397,781000,2024-07-25
432.623779296875,432.623779296875,437.6927372518713,430.1040636913355,435.1139681584972,530900,2024-07-26
425.25164794921875,425.25164794921875,433.6376043167485,423.6374690950055,431.8757616941861,360700,2024-07-29
425.074462890625,425.074462890625,430.76351261483984,423.7161725695093,427.91900277142236,478200,2024-07-30
423.3028259277344,423.3028259277344,427.6335856150578,422.54492270722,427.1316008884711,352800,2024-07-31
411.77703857421875,411.77703857421875,425.84219204458094,407.9482638309557,424.60203872783933,600100,2024-08-01
396.27490234375,396.27490234375,405.1037602635394,394.1489164565226,403.0269756095099,679600,2024-08-02
386.79107666015625,386.79107666015625,390.8612050083798,381.07114805712666,388.8162522228327,723100,2024-08-05
390.7821960449219,390.7821960449219,395.55372251212043,386.6231303892602,387.17638012357054,385800,2024-08-06
387.9765625,387.9765625,396.3934289415546,387.35418294673406,395.3857854708702,625500,2024-08-07
395.6821594238281,395.6821594238281,396.4527174401584,387.9370549614759,390.3574132958014,491300,2024-08-08
400.0881652832031,400.0881652832031,402.0244639914773,394.1706753187018,394.91159764072944,310600,2024-08-09
399.64361572265625,399.64361572265625,401.9750367416633,396.2847740122569,401.07604740522083,455500,2024-08-12
403.3185729980469,403.3185729980469,403.75324980336393,399.00147077761557,402.1429739311491,301400,2024-08-13
414.7880554199219,414.7880554199219,415.8352231889744,405.22522553171865,405.22522553171865,581700,2024-08-14
418.9372863769531,418.9372863769531,423.31366074488307,417.30726314118294,420.75501236423355,469800,2024-08-15
426.16864013671875,426.16864013671875,427.95673019908446,419.5793579195405,419.5793579195405,570500,2024-08-16
430.0708312988281,430.0708312988281,430.1893740475642,426.0105914135855,426.0204498771757,441800,2024-08-19
428.7767028808594,428.7767028808594,429.5768966082335,425.595675047372,429.5768966082335,427100,2024-08-20
428.36175537109375,428.36175537109375,429.734945876182,423.43216184628494,429.734945876182,387100,2024-08-21
428.4506530761719,428.4506530761719,430.5943712427666,425.9413879406862,427.9961990548059,252300,2024-08-22
434.3583068847656,434.3583068847656,437.3615205548977,429.0137834357603,431.63173316481306,240700,2024-08-23
436.047607421875,436.047607421875,439.455831920414,434.2891228837474,436.047607421875,276400,2024-08-26
434.01251220703125,434.01251220703125,437.72701231897264,432.6788761854106,436.0969892883875,263900,2024-08-27
434.1607666015625,434.1607666015625,437.56899145277407,432.10592498943964,434.5361419487344,349100,2024-08-28
437.60845947265625,437.60845947265625,438.6852629061635,432.8863159949378,435.7610980707583,489600,2024-08-29
444.00018310546875,444.00018310546875,444.89917249316994,436.71939108931025,438.3790498905091,463800,2024-08-30
436.6107177734375,436.6107177734375,443.2395248292788,434.5954306705751,442.26148681796985,387700,2024-09-03
437.5492248535156,437.5492248535156,440.9969738525698,434.45710410903337,437.6084962292776,311700,2024-09-04
434.2298278808594,434.2298278808594,441.17473800419793,430.5153581116462,439.08040256929814,537500,2024-09-05
424.9634094238281,424.9634094238281,436.80827766175423,421.7329688875169,433.5482014392477,561900,2024-09-06
431.0686340332031,431.0686340332031,433.4593266260142,425.2499093089615,429.102699541985,477100,2024-09-09
428.8063049316406,428.8063049316406,433.0443888892041,423.64948456630344,432.50102778540065,347800,2024-09-10
430.49560546875,430.49560546875,430.9796952078846,417.4455024027666,427.5813291634971,317500,2024-09-11
430.1103820800781,430.1103820800781,431.12791426698834,426.3662459115329,430.82166876449554,255900,2024-09-12
435.0596923828125,435.0596923828125,436.6304439771799,432.4911558175774,432.570174261155,321400,2024-09-13
439.7522277832031,439.7522277832031,440.8092540421616,435.6722107364169,437.76654632745334,260200,2024-09-16
446.75640869140625,446.75640869140625,448.5049745007532,440.7302345021734,440.7302345021734,286700,2024-09-17
445.8672790527344,445.8672790527344,452.68378848580056,443.7630849975338,446.8946997735193,371500,2024-09-18
458.1270751953125,458.1270751953125,458.8482504337428,446.5291808964458,450.7277406725739,423800,2024-09-19
455.0349426269531,455.0349426269531,460.18190453574306,453.0591498430444,458.45308584982297,1061000,2024-09-20
456.4772644042969,456.4772644042969,459.49033615128866,454.39278747108807,457.40588936628325,515000,2024-09-23
457.7714538574219,457.7714538574219,458.9371644125635,454.94605438252887,457.3565240904324,262800,2024-09-24
457.4849548339844,457.4849548339844,461.3476334988365,455.9142031257239,459.1545022150337,350200,2024-09-25
461.8514709472656,461.8514709472656,463.7087210646487,455.96358650104963,457.3170299384836,608500,2024-09-26
462.947998046875,462.947998046875,465.86230443518315,461.13027232045346,461.920577367348,603800,2024-09-27
464.1236267089844,464.1236267089844,464.60768631991624,457.484961388431,462.5331279026615,446100,2024-09-30
467.413330078125,467.413330078125,470.41651351037154,460.3597351161505,463.5308742062468,565700,2024-10-01
474.5261535644531,474.5261535644531,476.39329223319027,468.75684220129875,469.2211547156245,485300,2024-10-02
473.73583984375,473.73583984375,475.7610153691838,468.9149006720308,474.4471264452857,441500,2024-10-03
481.0462646484375,481.0462646484375,484.30631063610326,477.45030736187806,479.27792169056545,451900,2024-10-04
474.7336120605469,474.7336120605469,483.42711863610987,474.02232543298453,480.1868195879271,354000,2024-10-07
477.8849792480469,477.8849792480469,478.9815598932242,474.56566192382235,475.4053798659806,302400,2024-10-08
487.27001953125,487.27001953125,488.25791594917774,477.87514509753737,477.87514509753737,331700,2024-10-09
485.4226989746094,485.4226989746094,489.2557422230078,483.9211071461291,487.82328023697346,255800,2024-10-10
496.4179382324219,496.4179382324219,496.8822507437615,487.2107366001836,487.2107366001836,369600,2024-10-11
498.2455749511719,498.2455749511719,498.70988748334804,492.8220030012405,497.4453812475799,252200,2024-10-14
505.0422668457031,505.0422668457031,511.55250023863704,503.2442882353985,503.2442882353985,489000,2024-10-15
511.3055114746094,511.3055114746094,511.77968241882775,504.5186685016525,504.5186685016525,468500,2024-10-16
515.0990600585938,515.0990600585938,517.2625556900471,511.740248315607,514.0518922363076,384500,2024-10-17
516.827880859375,516.827880859375,518.5369827214465,513.083775016181,516.7883867080376,480100,2024-10-18
516.314208984375,516.314208984375,517.5391909204411,513.3208538340468,516.4327517332579,360400,2024-10-21
513.2714233398438,513.2714233398438,515.4151415286049,510.69302834679667,513.7061001441297,338600,2024-10-22
514.17041015625,514.17041015625,517.084716594345,511.3253239981073,512.1255176699249,387800,2024-10-23
498.10723876953125,498.10723876953125,500.5967570092111,481.23398140868443,494.48167584001885,726500,2024-10-24
498.3739929199219,498.3739929199219,500.9523880848315,494.5310614050173,500.8140982641795,430000,2024-10-25
507.18603515625,507.18603515625,508.91485385378786,502.19714025443164,503.5505534967912,347800,2024-10-28
510.0608215332031,510.0608215332031,511.8884058752486,506.6822325052309,507.6009689822929,365600,2024-10-29
507.8182373046875,507.8182373046875,514.7434006282276,507.55154628163154,509.8434731361146,380900,2024-10-30
504.12353515625,504.12353515625,512.5503206294874,504.0148810203076,509.91259375327286,396900,2024-10-31
501.04132080078125,501.04132080078125,509.21124384353544,499.6879074703681,504.815092524499,550300,2024-11-01
501.923095703125,501.923095703125,504.24153510054384,496.5827661658098,500.59544392356577,369300,2024-11-04
509.21533203125,509.21533203125,509.6413634700444,499.5848747272609,499.5848747272609,311900,2024-11-05
562.20263671875,562.20263671875,564.2238217823253,540.1774463075012,548.6882784732993,798300,2024-11-06
542.5652465820312,542.5652465820312,561.1722689133264,542.0599351712689,557.6846768020904,469100,2024-11-07
546.9049072265625,546.9049072265625,549.2035420077441,542.5652521486337,543.5758749805273,384100,2024-11-08
558.8042602539062,558.8042602539062,561.4991737586439,553.1567582950616,555.8021445096015,332600,2024-11-11
556.1389770507812,556.1389770507812,557.2585718599297,551.4525711239277,556.8127053519978,519000,2024-11-12
554.7321166992188,554.7321166992188,560.062559140434,554.5438646251654,557.4864749442899,501700,2024-11-13
556.3668823242188,556.3668823242188,559.7157494618662,554.8708437508095,556.3272725879488,526700,2024-11-14
557.2586059570312,557.2586059570312,562.2521539219348,554.1178260520576,557.0307441498044,730100,2024-11-15
559.8346557617188,559.8346557617188,562.9061338908906,555.7030880181588,556.5452333672728,533800,2024-11-18
557.3775024414062,557.3775024414062,559.1113808428311,551.7200831442349,553.8503007979944,338500,2024-11-19
556.2282104492188,556.2282104492188,560.9542264143381,552.1560272516247,558.1205882511213,311800,2024-11-20
564.95703125,564.95703125,568.1572559151288,557.9323204076843,561.2712698532704,412000,2024-11-21
566.7999267578125,566.7999267578125,570.0695140730173,565.7893039525579,567.0575412354564,514000,2024-11-22
564.95703125,564.95703125,571.6844574276563,562.9060936173877,568.712094564081,1144900,2024-11-25
568.7220458984375,568.7220458984375,569.2471319229634,560.3300428025561,565.0264272031906,377500,2024-11-26
566.641357421875,566.641357421875,571.1593468393964,565.8388218172126,569.6830828667481,245500,2024-11-27
568.6823120117188,568.6823120117188,571.5160104187408,568.1770611486899,569.5146001778309,214000,2024-11-29
560.16162109375,560.16162109375,569.9704432324266,558.6853571386239,569.9704432324266,558700,2024-12-02
560.5084228515625,560.5084228515625,563.3718139929434,559.02224121079,562.8169752659704,484800,2024-12-03
556.2479858398438,556.2479858398438,561.6874003657072,553.7413245298472,559.7652699047234,543500,2024-12-04
560.0030517578125,560.0030517578125,563.8473122817621,555.8615670640467,558.8735394396383,457900,2024-12-05
556.3767700195312,556.3767700195312,564.2931533437671,554.8905886052829,558.7942942056236,331700,2024-12-06
548.7279052734375,548.7279052734375,558.2493594542351,545.1313415011367,558.2493594542351,597400,2024-12-09
541.3069458007812,541.3069458007812,549.7187231880232,540.177433377784,548.7081004439859,493500,2024-12-10
545.725830078125,545.725830078125,546.7760625769714,540.1873609332328,544.9431295983318,472100,2024-12-11
542.783203125,542.783203125,550.9769756861782,542.3175014939904,547.8163607342614,508000,2024-12-12
544.6954345703125,544.6954345703125,547.6182702668953,541.8221261622388,547.6182702668953,401800,2024-12-13
545.1709594726562,545.1709594726562,547.5092036956992,542.3174863461755,544.9827074096983,426400,2024-12-16
536.8681640625,536.8681640625,541.4455980188623,533.5787419146901,540.6232878365676,554600,2024-12-17
519.1033935546875,519.1033935546875,541.6834235174916,516.9633187260127,537.6013830222756,735900,2024-12-18
520.9165649414062,520.9165649414062,529.2094533772637,519.0142694382723,524.4338492771274,493400,2024-12-19
527.2178955078125,527.2178955078125,530.6262072877532,516.2498694642782,516.4480390798433,1498700,2024-12-20
529.3085327148438,529.3085327148438,529.4868672572699,523.5917283851556,524.9094325830073,427100,2024-12-23
533.8165283203125,533.8165283203125,534.9162879525148,528.0303026033865,531.9340078457464,145100,2024-12-24
537.393310546875,537.393310546875,538.0175115839364,531.7953363169996,531.7953363169996,213700,2024-12-26
531.0126342773438,531.0126342773438,538.8101279684405,529.2787559513434,535.4612609923927,308300,2024-12-27
525.6524047851562,525.6524047851562,528.4959602146276,520.0445738625846,523.9185265733872,321000,2024-12-30
527.5250244140625,527.5250244140625,529.4570722912907,525.4543122349005,527.4160522936592,269200,2024-12-31
525.077880859375,525.077880859375,531.5972205040575,521.3128391522537,530.5668230474619,511400,2025-01-02
530.9036865234375,530.9036865234375,531.210828279227,521.9271527396928,527.8322084926627,275000,2025-01-03
525.9199829101562,525.9199829101562,534.6389020167559,525.2660896781346,530.7946411493165,359600,2025-01-06
523.958251953125,523.958251953125,529.9425876125447,517.0623481116288,528.2582365063107,372800,2025-01-07
530.0020141601562,530.0020141601562,530.0713765502819,522.8683312035957,524.602209538106,568400,2025-01-08
510.731201171875,510.731201171875,523.6213582422101,509.6611940446888,523.4529412732255,437000,2025-01-10
512.82177734375,512.82177734375,513.8125649376674,503.29037529165726,507.29316563728594,432800,2025-01-13
521.8181762695312,521.8181762695312,522.0757907645914,513.7630668866689,513.9315443475227,329800,2025-01-14
532.3006591796875,532.3006591796875,536.9375380745679,530.6063905463573,533.013997252956,549800,2025-01-15
541.3961181640625,541.3961181640625,542.3274610252953,529.9426147178815,533.0437850710886,461900,2025-01-16
547.1030883789062,547.1030883789062,547.251730730095,539.1569512974555,544.4873942136013,942200,2025-01-17
553.5926513671875,553.5926513671875,555.3463647623311,549.5106113120503,549.5106113120503,469400,2025-01-21
556.3570556640625,556.3570556640625,557.9026820834173,551.0860577537286,553.5927192314341,511900,2025-01-22
558.2196655273438,558.2196655273438,561.6973399931137,555.1086381417358,555.1086381417358,296000,2025-01-23
558.38818359375,558.38818359375,562.7773661207252,554.1971102407787,555.1383707088401,367700,2025-01-24
556.2083740234375,556.2083740234375,558.5466183564997,548.1037383289944,553.8007672983506,380900,2025-01-27
566.5720825195312,566.5720825195312,570.3172286955981,555.088826112893,557.3478511658254,529300,2025-01-28
569.8317260742188,569.8317260742188,572.566309760299,560.9443290944579,564.1941417280261,797900,2025-01-29
542.7931518554688,542.7931518554688,576.687959850243,527.9214190307797,576.0538412184718,1173800,2025-01-30
538.3543701171875,538.3543701171875,542.0995765107481,532.7663131837224,540.1476933685121,797700,2025-01-31
532.171875,532.171875,533.5292492867186,519.1232181584563,528.5852284284379,570300,2025-02-03
530.4677124023438,530.4677124023438,533.5391298147263,526.1082227142426,532.0925581289298,573700,2025-02-04
533.3310546875,533.3310546875,534.1038980703808,527.1089397807715,532.3700197077862,372000,2025-02-05
536.66015625,536.66015625,538.9389557565318,533.212174097201,537.5419113014752,387000,2025-02-06
533.6382446289062,533.6382446289062,543.0309533858092,532.7267368540864,537.4725882877816,529800,2025-02-07
525.7496948242188,525.7496948242188,536.330682698026,519.0335053981692,535.4166027438179,613700,2025-02-10
525.3721313476562,525.3721313476562,527.5379925897822,518.1095196113486,524.0905153846041,480000,2025-02-11
523.4447021484375,523.4447021484375,524.7859873791737,517.8015290909967,522.1630861914952,665100,2025-02-12
536.2412719726562,536.2412719726562,538.735011279981,523.3950944714352,526.1073785813959,914800,2025-02-13
542.3911743164062,542.3911743164062,544.4278737124457,535.019289096615,535.6749841741562,1097300,2025-02-14
543.5137939453125,543.5137939453125,548.8489791766139,538.9634658717108,542.9872610935543,618300,2025-02-18
545.87841796875,545.87841796875,546.4646201473158,535.2875449892264,540.1060820237973,447300,2025-02-19
537.5030517578125,537.5030517578125,545.361750539282,532.1778111303977,544.1596328618368,356800,2025-02-20
527.0413208007812,527.0413208007812,540.0266061586666,523.8322776038891,538.744989983944,690200,2025-02-21
527.5877685546875,527.5877685546875,533.8766923550302,524.4681082149668,530.9359185760173,339900,2025-02-24
518.6162109375,518.6162109375,531.5518300862147,513.0525363786467,529.0978099693511,507100,2025-02-25
521.8650512695312,521.8650512695312,526.6835877625714,521.1695767655082,522.8287343123366,367600,2025-02-26
522.6598510742188,522.6598510742188,532.9626245228659,521.8451593031826,526.3954872381865,334900,2025-02-27
533.8170776367188,533.8170776367188,534.462888433277,523.8222914469408,523.8222914469408,517200,2025-02-28
528.4719848632812,528.4719848632812,542.8283295724408,523.8223287157823,537.5030885802129,443600,2025-03-03
494.9407653808594,494.9407653808594,523.1864382456536,490.58915265701245,523.1864382456536,853500,2025-03-04
505.7899475097656,505.7899475097656,506.88282309828594,491.5131022990539,495.97398729247385,766900,2025-03-05
499.68975830078125,499.68975830078125,505.69058360622546,491.8012250379155,496.86814124434756,623600,2025-03-06
496.1031494140625,496.1031494140625,497.39474068031035,483.8431440231805,494.9010014266576,450000,2025-03-07
477.256103515625,477.256103515625,488.16493902400293,472.209046825917,483.96234814263295,568200,2025-03-10
474.9511413574219,474.9511413574219,481.4388109578503,472.38787894036466,477.5939021723869,688000,2025-03-11
477.34552001953125,477.34552001953125,484.45911060400533,471.5731844343768,481.8362395633347,564900,2025-03-12
469.2284851074219,469.2284851074219,481.2599699543986,467.7183187920693,479.3325431822543,396900,2025-03-13
482.68072509765625,482.68072509765625,485.1844092839412,472.8945993141105,474.8816348550954,565000,2025-03-14
489.5161437988281,489.5161437988281,491.9502745220638,483.09802733903325,483.09802733903325,573600,2025-03-17
485.7606506347656,485.7606506347656,489.71486239353226,483.1377794092687,489.60555966926813,513100,2025-03-18
495.795166015625,495.795166015625,498.9942944121026,481.87597251098646,485.76063058669183,369100,2025-03-19
489.8836975097656,489.8836975097656,493.9670710508317,486.4560796132875,489.2578068230988,436200,2025-03-20
489.44659423828125,489.44659423828125,491.5826513164265,480.01809026340874,485.9692821464966,1409500,2025-03-21
504.8560485839844,504.8560485839844,506.3463252384602,492.5860980648486,497.34505667100655,448300,2025-03-24
507.2603759765625,507.2603759765625,509.65472712498797,504.5580064247325,505.7800138792867,433400,2025-03-25
501.83575439453125,501.83575439453125,514.3639991240448,501.48804742519394,509.3865259527654,348200,2025-03-26
495.60638427734375,495.60638427734375,498.80551260321346,490.57918695379914,498.80551260321346,337800,2025-03-27
479.0941467285156,479.0941467285156,494.851324219907,474.55376318159267,492.6954076089721,460900,2025-03-28
480.97186279296875,480.97186279296875,484.4591197933964,465.73130416554324,472.0103436143727,635600,2025-03-31
485.51226806640625,485.51226806640625,487.0025447567041,476.33217335649414,480.4850704567156,502500,2025-04-01
491.1554260253906,491.1554260253906,493.1126572283507,479.9684366482496,479.9684366482496,461000,2025-04-02
452.8553161621094,452.8553161621094,469.00992422830154,452.21948057826654,466.73476012663826,535200,2025-04-03
419.4532470703125,419.4532470703125,436.77025358868184,412.89602407878107,436.77025358868184,828100,2025-04-04
425.1759338378906,425.1759338378906,438.33009916405405,393.5721365915591,408.3159363839075,1146300,2025-04-07
423.2583923339844,423.2583923339844,447.57971612534055,416.9396344245201,437.4557685114868,661900,2025-04-08
469.9338684082031,469.9338684082031,473.29196305898256,415.8269033807981,418.37030624723684,907400,2025-04-09
453.5606994628906,453.5606994628906,459.4621971562475,436.13442045190186,456.3624267152428,891900,2025-04-10
465.7312927246094,465.7312927246094,469.68550418260156,443.1883731337128,448.80177253204795,612200,2025-04-11
471.37451171875,471.37451171875,479.0146656921303,467.98661253057475,470.67903716126904,404200,2025-04-14
473.3515930175781,473.3515930175781,479.20339672193523,471.9209250507911,473.67944053007903,372600,2025-04-15
460.21728515625,460.21728515625,472.6163973701278,455.62723808430997,469.21855338506225,617400,2025-04-16
461.5486145019531,461.5486145019531,468.6820648400293,460.0583378414759,461.0816599355467,492200,2025-04-17
448.22552490234375,448.22552490234375,458.71706987120876,443.0592508166291,457.7334970053012,402200,2025-04-21
464.6185607910156,464.6185607910156,466.42677033799316,456.3127671141815,456.3127671141815,345900,2025-04-22
468.7913513183594,468.7913513183594,489.67508328180566,464.9762468380971,477.77276017050576,909100,2025-04-23
471.00689697265625,471.00689697265625,489.3472570672761,458.5184014900241,483.85310494300757,770600,2025-04-24
462.9196472167969,462.9196472167969,471.8911109833274,461.2008506522694,467.4004218201965,528400,2025-04-25
465.3438415527344,465.3438415527344,470.1425188719093,460.396112317511,463.3866104020687,457000,2025-04-28
468.5926513671875,468.5926513671875,469.0894102534709,457.5447385874055,461.29028967487017,524600,2025-04-29
467.96673583984375,467.96673583984375,468.45358017157895,453.89852037596626,459.0052163406856,480100,2025-04-30
467.47991943359375,467.47991943359375,474.68292333278464,461.85660516495807,467.67863511733606,345400,2025-05-01
481.3394775390625,481.3394775390625,482.6012341326455,473.46085894963227,476.8885072232009,341500,2025-05-02
479.2760925292969,479.2760925292969,484.34985049647673,476.9335835373208,479.6748103444755,314300,2025-05-05
474.14251708984375,474.14251708984375,479.55518659169917,470.25496524929065,470.25496524929065,331100,2025-05-06
479.26611328125,479.26611328125,482.1668332899491,475.02967186452855,477.6313611177821,429000,2025-05-07
487.43994140625,487.43994140625,492.45389296096164,480.4622735333589,482.73499842372047,390300,2025-05-08
490.60980224609375,490.60980224609375,492.94233334787174,487.5097386087581,490.1014499730287,394000,2025-05-09
514.07470703125,514.07470703125,515.5001985465133,508.38296216416023,510.07752052646805,595300,2025-05-12
518.0320434570312,518.0320434570312,522.1090219630233,512.400044228551,514.563165116197,393200,2025-05-13
520.0057373046875,520.0057373046875,523.8833419238039,517.3841227341643,518.5404561416223,567000,2025-05-14
517.8924560546875,517.8924560546875,519.1085954989154,514.0148518054294,516.5866378100798,298200,2025-05-15
522.4379272460938,522.4379272460938,523.0858778996467,515.360602577061,518.3410539025306,338200,2025-05-16
520.5739135742188,520.5739135742188,522.9263699801124,516.1879871829584,517.1050351166996,338000,2025-05-19
517.234619140625,517.234619140625,520.7034975571623,514.8123787800665,516.2178537397346,422800,2025-05-20
509.4893798828125,509.4893798828125,516.7461838572748,508.41283876870637,512.2306066163832,846600,2025-05-21
506.5886535644531,506.5886535644531,511.692344826219,505.2330069622625,509.16043964834154,487000,2025-05-22
502.8506164550781,502.8506164550781,506.1600319843519,498.04601678498864,498.04601678498864,379400,2025-05-23
515.8390502929688,515.8390502929688,516.3075824966018,506.80795669797,511.24377210307085,392800,2025-05-27
508.47265625,508.47265625,516.5168877607829,507.9443483027469,516.2178570058167,409800,2025-05-28
508.293212890625,508.293212890625,512.1209584677287,506.2198316903911,511.044386962164,438300,2025-05-29
507.6153869628906,507.6153869628906,508.941160964688,503.41882643629805,506.6285550456241,933000,2025-05-30
508.5025329589844,508.5025329589844,509.2700654704129,499.1225501084654,503.40881961523485,495200,2025-06-02
511.60260009765625,511.60260009765625,512.7987839043502,502.2126697699149,507.34623363489214,404500,2025-06-03
505.9008483886719,505.9008483886719,512.7788292400114,504.36578335202734,512.3302527065732,640900,2025-06-04
506.7680969238281,506.7680969238281,509.88808572531366,501.7640927713641,507.45586762878787,531300,2025-06-05
516.9754028320312,516.9754028320312,517.8824728598571,511.5328001437747,514.4335503474557,326100,2025-06-06
516.4371948242188,516.4371948242188,519.86622282889,511.3733842130373,519.6070425570726,402200,2025-06-09
515.0216674804688,515.0216674804688,517.8227003953123,511.6225730622713,515.540028010334,455700,2025-06-10
514.0049438476562,514.0049438476562,517.5934344154699,511.87175649747,513.6560239499516,335800,2025-06-11
513.9052124023438,513.9052124023438,515.2210084655525,505.4323302205017,508.093825420164,350300,2025-06-12
500.0794982910156,500.0794982910156,509.25015997960463,498.484596638189,506.7082769147256,393300,2025-06-13
511.2736511230469,511.2736511230469,515.4802198147385,504.7645152323595,505.9407434112472,359400,2025-06-16
505.12335205078125,505.12335205078125,510.61578338890746,502.5914772431234,506.997359207467,340900,2025-06-17
504.8143310546875,504.8143310546875,512.4000382998041,503.6580281477157,505.07351131217615,541300,2025-06-18
508.7218322753906,508.7218322753906,509.3597746596059,502.1229569831531,507.84463487940417,976400,2025-06-20
517.3043823242188,517.3043823242188,518.301192021347,505.1333140197263,509.9977502089469,504800,2025-06-23
519.6768188476562,519.6768188476562,525.9766028918585,518.6202029523473,522.5874862656027,537100,2025-06-24
522.3482666015625,522.3482666015625,522.7469539987782,516.0284659933264,521.4411356550518,357000,2025-06-25
523.8035278320312,523.8035278320312,525.3186980048932,515.4702135621587,522.3582024776099,616500,2025-06-26
526.3853149414062,526.3853149414062,531.8577905572623,521.500922988365,525.7573199520027,655100,2025-06-27
532.0272216796875,532.0272216796875,532.6353218353817,526.1361031228378,528.1496781856547,442100,2025-06-30
536.8817138671875,536.8817138671875,539.2740816339019,524.5910932979122,529.1963495344637,402000,2025-07-01
540.70947265625,540.70947265625,541.2278331850598,533.691954055955,537.6392816509294,520900,2025-07-02
541.5667114257812,541.5667114257812,543.5105025576237,536.9514775317846,540.1213251564402,264100,2025-07-03
534.7086791992188,534.7086791992188,546.7202247464028,531.6385489161166,542.264514282821,455900,2025-07-07
534.3598022460938,534.3598022460938,538.1776005686369,533.4128208292178,536.752109107191,385600,2025-07-08
537.7489013671875,537.7489013671875,540.1712024854809,533.1436454057643,538.7556889018617,350600,2025-07-09
540.7792358398438,540.7792358398438,545.9925310610136,539.0248410471347,540.1711965293175,407700,2025-07-10
534.5989990234375,534.5989990234375,537.7888021793162,532.9642165404899,536.8019703269376,358400,2025-07-11
537.260498046875,537.260498046875,539.144483070683,533.5922454782368,534.1106060156922,355900,2025-07-14
521.0025024414062,521.0025024414062,535.3665641119879,520.7334051972197,535.3665641119879,559700,2025-07-15
523.1656494140625,523.1656494140625,525.8968983604195,514.6329604944391,522.8665578204535,429600,2025-07-16
538.0978393554688,538.0978393554688,538.6859230294647,521.6504787002482,521.6504787002482,477300,2025-07-17
542.812744140625,542.812744140625,542.9722677733121,537.6492768704023,540.2708914136854,406200,2025-07-18
532.8047485351562,532.8047485351562,543.2612722799842,532.1967092357764,542.9821363678814,329200,2025-07-21
534.8681640625,534.8681640625,536.1839601629271,529.1564031292129,533.9510553364705,305800,2025-07-22
535.2469482421875,535.2469482421875,537.8186734141981,531.9375328002307,537.1308723006523,462000,2025-07-23
515.4502563476562,515.4502563476562,517.7828177467262,499.31193576672314,517.5136596667166,864500,2025-07-24
519.3976440429688,519.3976440429688,525.7273611091794,514.3936400323025,515.0515684849256,465200,2025-07-25
516.7960205078125,516.7960205078125,528.4487287712909,515.6496649736612,519.5073137900499,456100,2025-07-28
519.327880859375,519.327880859375,523.2453357171702,515.6396727658434,521.0124917021818,420000,2025-07-29
518.0918579101562,518.0918579101562,524.6707778014118,514.323887921945,522.5575460380176,483600,2025-07-30
516.5368041992188,516.5368041992188,523.7138459755811,513.0977986771666,516.5268263680712,553300,2025-07-31
499.9200134277344,499.9200134277344,507.416042195068,495.0755326584036,506.678382296445,496000,2025-08-01
506.2799987792969,506.2799987792969,509.3299865722656,503.2799987792969,503.2799987792969,306400,2025-08-04
505.0299987792969,505.0299987792969,512.0999755859375,503.0799865722656,509.2900085449219,267300,2025-08-05
508.42999267578125,508.42999267578125,509.1499938964844,503.989990234375,506.6400146484375,349800,2025-08-06
498.45001220703125,498.45001220703125,511.3699951171875,497.54998779296875,509.95001220703125,399600,2025-08-07
504.9599914550781,504.9599914550781,505.239990234375,499.489990234375,501.8399963378906,331600,2025-08-08
506.6499938964844,506.6499938964844,509.3699951171875,504.04998779296875,506.30999755859375,356900,2025-08-11
517.0,517.0,517.1599731445312,505.44000244140625,510.0,371200,2025-08-12
509.260009765625,509.260009765625,521.0700073242188,498.010009765625,519.1199951171875,625200,2025-08-13
513.6900024414062,513.6900024414062,516.030029296875,503.79998779296875,508.2099914550781,467300,2025-08-14
503.0799865722656,503.0799865722656,515.6500244140625,502.739990234375,515.0,424800,2025-08-15
505.6300048828125,505.6300048828125,506.4100036621094,501.1700134277344,501.42999267578125,365800,2025-08-18
506.260009765625,506.260009765625,508.6600036621094,504.1600036621094,504.510009765625,338700,2025-08-19
505.3999938964844,505.3999938964844,507.07000732421875,501.45001220703125,504.8399963378906,443000,2025-08-20
505.2300109863281,505.2300109863281,505.4800109863281,499.2099914550781,503.6300048828125,305000,2025-08-21
516.9199829101562,516.9199829101562,520.780029296875,506.1300048828125,508.6600036621094,441900,2025-08-22
511.489990234375,511.489990234375,518.2100219726562,508.82000732421875,516.489990234375,350000,2025-08-25
516.8900146484375,516.8900146484375,517.0,508.6099853515625,509.04998779296875,466600,2025-08-26
518.260009765625,518.260009765625,521.2999877929688,515.9000244140625,516.469970703125,273900,2025-08-27
516.6300048828125,516.6300048828125,520.0,515.52001953125,519.1599731445312,353100,2025-08-28
514.8099975585938,514.8099975585938,521.8300170898438,513.52001953125,517.1799926757812,418800,2025-08-29
512.8200073242188,512.8200073242188,512.8499755859375,503.6000061035156,509.7099914550781,384700,2025-09-02
507.20001220703125,507.20001220703125,513.9000244140625,501.7900085449219,510.3599853515625,418100,2025-09-03
511.8999938964844,511.8999938964844,513.0399780273438,505.9800109863281,509.989990234375,454100,2025-09-04
489.2799987792969,489.2799987792969,511.8800048828125,487.6400146484375,511.5,678100,2025-09-05
492.44000244140625,492.44000244140625,493.6499938964844,485.30999755859375,491.3399963378906,594100,2025-09-08
493.3399963378906,493.3399963378906,498.5299987792969,488.1000061035156,490.69000244140625,434900,2025-09-09
492.0,492.0,497.1400146484375,489.260009765625,492.82000732421875,415400,2025-09-10
500.9700012207031,500.9700012207031,501.1300048828125,490.4800109863281,492.32000732421875,465000,2025-09-11
497.0799865722656,497.0799865722656,501.55999755859375,495.8800048828125,501.260009765625,302100,2025-09-12
487.6499938964844,487.6499938964844,498.5899963378906,486.4200134277344,498.5899963378906,632800,2025-09-15
486.1300048828125,486.1300048828125,489.1000061035156,483.6400146484375,488.1199951171875,576300,2025-09-16
486.1700134277344,486.1700134277344,493.42999267578125,482.4100036621094,486.9100036621094,771200,2025-09-17
491.3900146484375,491.3900146484375,495.4599914550781,487.7200012207031,488.67999267578125,561200,2025-09-18
489.5199890136719,489.5199890136719,491.0799865722656,486.3399963378906,491.0,1501000,2025-09-19
494.3599853515625,494.3599853515625,496.0299987792969,484.3800048828125,487.6499938964844,551400,2025-09-22
494.1300048828125,494.1300048828125,500.7200012207031,490.30999755859375,493.5299987792969,390000,2025-09-23
491.8900146484375,491.8900146484375,496.739990234375,489.6099853515625,494.5299987792969,376700,2025-09-24
491.95001220703125,491.95001220703125,496.25,488.260009765625,491.0,382300,2025-09-25
499.2900085449219,499.2900085449219,505.55999755859375,497.0199890136719,500.0,625200,2025-09-26
499.5899963378906,499.5899963378906,501.010009765625,496.6700134277344,499.82000732421875,478000,2025-09-29
491.25,491.25,501.7300109863281,488.57000732421875,499.2200012207031,743800,2025-09-30
486.6000061035156,486.6000061035156,489.7799987792969,481.1700134277344,489.70001220703125,508700,2025-10-01
490.6600036621094,490.6600036621094,494.45001220703125,487.20001220703125,487.20001220703125,490100,2025-10-02
492.0,492.0,493.80999755859375,486.4800109863281,490.70001220703125,455400,2025-10-03
493.80999755859375,493.80999755859375,496.1300048828125,488.7900085449219,491.8800048828125,350600,2025-10-06
497.7900085449219,497.7900085449219,500.4800109863281,494.1400146484375,497.07000732421875,529000,2025-10-07
490.1700134277344,490.1700134277344,498.4100036621094,489.82000732421875,498.4100036621094,540700,2025-10-08
491.3800048828125,491.3800048828125,495.6199951171875,487.8800048828125,493.6400146484375,324600,2025-10-09
479.42999267578125,479.42999267578125,496.1600036621094,478.57000732421875,493.2300109863281,460600,2025-10-10
481.80999755859375,481.80999755859375,487.3399963378906,480.30999755859375,486.1300048828125,404100,2025-10-13
486.5199890136719,486.5199890136719,492.489990234375,477.79998779296875,477.79998779296875,448300,2025-10-14
481.2699890136719,481.2699890136719,493.69000244140625,478.5199890136719,490.2200012207031,500500,2025-10-15
467.7300109863281,467.7300109863281,484.3599853515625,463.989990234375,482.19000244140625,600100,2025-10-16
470.25,470.25,470.7099914550781,463.0,468.04998779296875,1065300,2025-10-17
472.67999267578125,472.67999267578125,476.7200012207031,472.0299987792969,472.0299987792969,761800,2025-10-20
479.3599853515625,479.3599853515625,481.7200012207031,471.6199951171875,471.6199951171875,532500,2025-10-21
472.75,472.75,481.8399963378906,472.1300048828125,479.3999938964844,583600,2025-10-22
478.1499938964844,478.1499938964844,479.67999267578125,472.45001220703125,476.6000061035156,374500,2025-10-23
479.17999267578125,479.17999267578125,482.8399963378906,477.7799987792969,480.45001220703125,309700,2025-10-24
