Price,Close,High,Low,Open,Volume,Date
418.18658447265625,418.18658447265625,422.13982197632845,417.9946985027917,419.34762196771646,199500,2021-10-25
413.20672607421875,413.20672607421875,418.4072957321782,413.0627749901176,418.4072957321782,184700,2021-10-26
407.3440246582031,407.3440246582031,414.25256341502495,404.8972663763292,413.369794297482,288800,2021-10-27
413.32183837890625,413.32183837890625,414.2717514961236,408.0157068674512,409.5317318926575,248700,2021-10-28
444.36224365234375,444.36224365234375,447.24079685379337,426.9853915483617,431.3416102588929,666000,2021-10-29
448.97760009765625,448.97760009765625,452.9308089090904,442.35690358299547,446.17579512369656,274300,2021-11-01
451.8656921386719,451.8656921386719,455.53105701323676,449.1310606635194,451.35714889665223,243000,2021-11-02
455.23358154296875,455.23358154296875,457.34453220330806,449.71635474842725,451.33794200974324,274700,2021-11-03
460.4053649902344,460.4053649902344,464.43535104207615,454.8209942320877,456.2410616871479,269600,2021-11-04
455.32196044921875,455.32196044921875,465.5080645186141,454.67692220498765,461.44518151549295,219000,2021-11-05
457.25714111328125,457.25714111328125,457.7770441792652,450.8932278958227,457.7770441792652,191900,2021-11-08
464.1794738769531,464.1794738769531,465.1711240265516,456.833547225814,456.833547225814,275100,2021-11-09
463.1012268066406,463.1012268066406,465.97989485422164,459.89519165501224,464.94972563845164,124000,2021-11-10
466.5670471191406,466.5670471191406,466.72109354495757,459.1345053975946,462.5908394418117,178000,2021-11-11
471.5927429199219,471.5927429199219,472.9791315032471,465.72948800272945,468.36749289727146,120100,2021-11-12
466.38421630859375,466.38421630859375,473.08507521267234,466.22053277558945,472.07415090463456,189600,2021-11-15
471.6794738769531,471.6794738769531,475.8193659496904,467.39514304941054,467.39514304941054,147100,2021-11-16
468.46380615234375,468.46380615234375,471.7564868043677,465.2578005065524,471.7564868043677,151000,2021-11-17
464.3142395019531,464.3142395019531,469.9271949273786,463.1107791735084,469.9271949273786,161500,2021-11-18
464.6512145996094,464.6512145996094,467.39511002667984,461.9747200025049,465.37329079718813,213600,2021-11-19
474.404052734375,474.404052734375,477.3212393415361,463.8713657833307,466.1723959919827,279900,2021-11-22
479.45855712890625,479.45855712890625,480.4213253159121,470.9862088357963,475.1164632034769,209100,2021-11-23
479.88226318359375,479.88226318359375,482.3950744973909,477.8796885434251,479.468279840773,215800,2021-11-24
471.3135986328125,471.3135986328125,477.28274442377506,469.8790538961566,473.73976415517524,172800,2021-11-26
477.128662109375,477.128662109375,479.36229143396645,470.5626051709661,475.89631996155805,169300,2021-11-29
463.48626708984375,463.48626708984375,475.2994229485071,461.82066743886423,474.59662092957166,510800,2021-11-30
459.4908142089844,459.4908142089844,471.34248978491746,459.13459463438954,468.5697123440017,305700,2021-12-01
469.8405456542969,469.8405456542969,472.9021416545168,460.3957914206478,461.4548129963558,190300,2021-12-02
473.142822265625,473.142822265625,473.8071346961867,465.05557499342007,471.477222647044,300700,2021-12-03
481.3360595703125,481.3360595703125,483.61781591205556,474.4137526217244,476.6473529160284,297500,2021-12-06
488.8167419433594,488.8167419433594,491.41622820955945,483.02088712353174,483.02088712353174,200100,2021-12-07
486.87188720703125,486.87188720703125,488.6915038144482,481.91360750540775,487.4687987859866,182200,2021-12-08
484.8019104003906,484.8019104003906,486.7178390781209,483.5599605896642,486.7178390781209,231300,2021-12-09
494.5451965332031,494.5451965332031,495.44056403747703,484.55168584881045,488.8359873310808,187900,2021-12-10
487.9790344238281,487.9790344238281,494.86282070325484,486.01497920437527,494.86282070325484,216300,2021-12-13
488.85516357421875,488.85516357421875,490.0971133288978,483.8680022444464,486.7948256372157,151900,2021-12-14
494.8148193359375,494.8148193359375,496.14344439781706,486.92974397422535,492.3212233827814,195800,2021-12-15
489.40399169921875,489.40399169921875,497.12538280412247,484.8212346202826,496.9424544785994,267300,2021-12-16
474.538818359375,474.538818359375,491.38726136792803,472.5554888943807,488.87442116092035,588500,2021-12-17
471.1113586425781,471.1113586425781,472.45925765130636,462.33091720556564,470.3411558216085,269700,2021-12-20
478.293701171875,478.293701171875,478.96762139418723,472.3726816418134,474.17305377166485,256600,2021-12-21
480.58502197265625,480.58502197265625,482.1639465642032,478.69797511996654,478.871295728194,229900,2021-12-22
484.2821044921875,484.2821044921875,489.5099294446766,481.364917643102,481.364917643102,223800,2021-12-23
496.932861328125,496.932861328125,497.22168005382923,486.98744874027926,486.98744874027926,147000,2021-12-27
501.47705078125,501.47705078125,501.74665407428984,497.20235776638935,497.6356151943716,155200,2021-12-28
505.82879638671875,505.82879638671875,507.4366028198044,501.47706533856297,501.47706533856297,155200,2021-12-29
497.4237976074219,497.4237976074219,506.3294035514332,497.37567094945535,505.1067278831672,108600,2021-12-30
498.9449768066406,498.9449768066406,501.82364428937893,495.82561727668065,496.7883854655674,139800,2021-12-31
491.2044372558594,491.2044372558594,501.97781773530204,485.63963721706205,498.2422717348866,203700,2022-01-03
501.0918884277344,501.0918884277344,503.7395007218974,489.4520549215997,489.4520549215997,198400,2022-01-04
489.42327880859375,489.42327880859375,504.40392205819137,489.24998756341876,500.3507050601615,236400,2022-01-05
491.1369934082031,491.1369934082031,495.3153748875915,487.53624939882275,490.87702716534295,206300,2022-01-06
486.8142395019531,486.8142395019531,491.9650270598425,486.6216740648116,490.0491273001347,175100,2022-01-07
481.48040771484375,481.48040771484375,483.43482608714464,476.9168662303935,483.01120570662425,196900,2022-01-10
487.1414794921875,487.1414794921875,487.71911692498463,472.96952997425706,481.48039759993867,194700,2022-01-11
490.47259521484375,490.47259521484375,495.86407320167586,488.7299872617156,489.7120001704562,244000,2022-01-12
489.24993896484375,489.24993896484375,497.0194561653271,486.96815360460016,492.8410456190255,239500,2022-01-13
485.7742919921875,485.7742919921875,487.006634040254,472.6999135350652,485.4469543492552,307100,2022-01-14
487.9598388671875,487.9598388671875,496.4129432672937,473.4701878738103,481.9329293588383,362000,2022-01-18
478.7942199707031,478.7942199707031,493.9770922987383,478.01438013006253,493.9770922987383,183700,2022-01-19
472.68072509765625,472.68072509765625,484.05101658078297,471.97792302970515,479.4875041562778,252700,2022-01-20
474.5965576171875,474.5965576171875,484.04131054598196,471.9874348513087,473.4797430696118,262800,2022-01-21
475.6557312011719,475.6557312011719,476.011980200699,461.8303906461634,468.63717049939584,335800,2022-01-24
468.15570068359375,468.15570068359375,472.26671055168947,458.277688993589,469.2532412150635,297600,2022-01-25
463.1108093261719,463.1108093261719,474.769949025564,459.35601873322486,469.9561073983608,625800,2022-01-26
463.64996337890625,463.64996337890625,469.91759466257344,459.2982610675654,467.84764861173136,313100,2022-01-27
476.5703430175781,476.5703430175781,477.29241929487745,457.9889252342848,464.40093672110726,233600,2022-01-28
476.6761169433594,476.6761169433594,478.19730704934375,470.00414082316115,472.72879109720515,515300,2022-01-31
476.55096435546875,476.55096435546875,484.2627168513276,471.82376946227595,480.52717192513194,249800,2022-02-01
482.48162841796875,482.48162841796875,484.37825340299656,472.3725631860841,476.57021807456096,358600,2022-02-02
488.6819152832031,488.6819152832031,505.8673351209511,487.70953929047556,494.2852631589868,565700,2022-02-03
469.5228271484375,469.5228271484375,491.4932063219347,468.8489069820987,487.4688419681209,456100,2022-02-04
460.5113525390625,460.5113525390625,470.7551922448413,459.26937317229465,469.69614121044066,356500,2022-02-07
464.35272216796875,464.35272216796875,465.97016567146255,458.70127760829513,461.6184640411996,316300,2022-02-08
471.0151672363281,471.0151672363281,474.52926581359674,463.3515100680022,467.97281574530837,293600,2022-02-09
455.8900451660156,455.8900451660156,465.74881276066947,451.9523262555771,464.03508632310263,388900,2022-02-10
451.8229064941406,451.8229064941406,456.3344531184649,443.3311123823507,455.89006757438455,457600,2022-02-11
450.5669860839844,450.5669860839844,454.92395705950054,446.5964090888659,450.35444875721134,271400,2022-02-14
453.7066955566406,453.7066955566406,457.1362441056925,451.55234140430264,455.50357780968477,226900,2022-02-15
458.6916198730469,458.6916198730469,459.3099209753676,450.1515349022214,452.1899650240772,174800,2022-02-16
455.3780212402344,455.3780212402344,459.50317359388464,451.3688224615334,457.1266117640694,295700,2022-02-17
457.8511962890625,457.8511962890625,460.25673929685917,452.20933071619476,453.8323270832753,238800,2022-02-18
456.1702575683594,456.1702575683594,460.314721222374,452.0257939143448,457.9768103328153,341000,2022-02-22
446.7026672363281,446.7026672363281,461.7250959275982,446.1809793760693,457.76418932472063,322400,2022-02-23
450.4607238769531,450.4607238769531,451.1562979352857,438.27855191072376,440.26866084496544,494300,2022-02-24
460.5368347167969,460.5368347167969,460.82667442138245,449.41735011280986,450.8761008750101,232000,2022-02-25
460.875,460.875,460.99092409742343,452.1320470267271,454.21876922701466,378100,2022-02-28
450.5476379394531,450.5476379394531,463.6959119844396,446.7896278184541,460.7107487752834,310600,2022-03-01
464.5267333984375,464.5267333984375,466.043475722881,450.55732019081273,452.4411456447833,327500,2022-03-02
464.9710693359375,464.9710693359375,469.55991752908506,463.657223794206,467.0191695050998,344600,2022-03-03
471.4534912109375,471.4534912109375,471.5500749655386,456.6049477120588,459.93788326575293,281000,2022-03-04
474.3130187988281,474.3130187988281,488.6785243409611,465.9468203150687,466.55545122343756,406800,2022-03-07
473.4532775878906,473.4532775878906,486.4083264783743,472.64177940344575,477.05674227794583,266500,2022-03-08
470.8738098144531,470.8738098144531,481.5972297764066,470.33281110305893,479.17237626061655,254000,2022-03-09
468.3040466308594,468.3040466308594,469.7145054373773,456.2957622169134,464.4397533115743,261600,2022-03-10
456.23779296875,456.23779296875,472.8735766247741,455.75475631146963,470.4680340236098,283300,2022-03-11
466.9998474121094,466.9998474121094,470.94144315570355,454.0061786575017,457.21351974498407,319900,2022-03-14
480.863037109375,480.863037109375,482.9111080098428,471.2312840868306,473.6947594755173,298800,2022-03-15
474.5159606933594,474.5159606933594,490.1084006760758,466.352657547869,484.8626288011472,260500,2022-03-16
481.19146728515625,481.19146728515625,483.326481115539,472.525788229816,474.5352372908269,192000,2022-03-17
484.9205627441406,484.9205627441406,485.79002292172004,471.5887319197801,481.133541982883,455100,2022-03-18
489.08428955078125,489.08428955078125,489.93443879150607,484.5147521229946,488.7268471387079,228600,2022-03-21
485.6644287109375,485.6644287109375,490.6976629516188,482.9787457946304,488.89111038144887,241300,2022-03-22
487.69317626953125,487.69317626953125,488.73652255952567,478.4575170111113,482.9400822141297,432100,2022-03-23
484.2346496582031,484.2346496582031,491.86665354649233,481.6455798718186,490.47550541125423,307300,2022-03-24
489.1712951660156,489.1712951660156,490.36921680446903,483.38449517789593,488.1086084792157,202900,2022-03-25
495.6921691894531,495.6921691894531,495.83710376512346,485.4711270075416,488.09884747030054,270700,2022-03-28
501.2664489746094,501.2664489746094,502.59963484714916,492.26263873352315,498.66770943633213,210800,2022-03-29
502.9764709472656,502.9764709472656,506.4833221191089,496.7839074107736,501.19886994048017,167300,2022-03-30
498.2909851074219,498.2909851074219,508.1739562309923,498.2909851074219,502.3098835307781,320500,2022-03-31
499.9913024902344,499.9913024902344,502.3581942367386,490.37888934753767,501.4211312927301,255400,2022-04-01
501.7109680175781,501.7109680175781,501.92347588496233,495.93380838308883,499.8657346097201,190300,2022-04-04
501.2471618652344,501.2471618652344,507.35275285163584,497.8562937487752,499.2184313034785,235200,2022-04-05
508.2704162597656,508.2704162597656,509.033592844044,498.3584960081091,499.768984076758,294600,2022-04-06
503.72998046875,503.72998046875,509.2366106935725,498.986585974368,508.8405465401911,345700,2022-04-07
500.957275390625,500.957275390625,506.47357491271566,497.0833121975541,503.3338368289312,249700,2022-04-08
501.0635681152344,501.0635681152344,504.92786144080094,498.44554712440254,500.2230890340786,177100,2022-04-11
505.7393493652344,505.7393493652344,511.57441060253933,500.5418705323492,500.5418705323492,287000,2022-04-12
509.2269287109375,509.2269287109375,511.93192240080396,504.77334454972515,505.49789958974867,228600,2022-04-13
474.7574157714844,474.7574157714844,503.16966580301886,474.66080254076167,500.3873698586291,532600,2022-04-14
473.936279296875,473.936279296875,478.13870451610114,470.4874196384589,472.0427836731261,287800,2022-04-18
490.50445556640625,490.50445556640625,491.6830662878581,473.50155791416796,476.7475503706266,308700,2022-04-19
493.9339904785156,493.9339904785156,502.83151794397685,493.3060486856746,494.5619322713566,229100,2022-04-20
494.61993408203125,494.61993408203125,502.27121926274157,489.56738882910696,497.6437486845481,245000,2022-04-21
482.3990783691406,482.3990783691406,493.51859241503763,482.16723019208865,491.75066161835645,225800,2022-04-22
475.4916687011719,475.4916687011719,479.5008674113264,465.7633024956925,479.5008674113264,426700,2022-04-25
475.43365478515625,475.43365478515625,479.4042018711282,469.3667156795059,472.89287730535983,318100,2022-04-26
478.8922119140625,478.8922119140625,485.65472536181136,475.2597961671805,475.4336822943901,529600,2022-04-27
497.46014404296875,497.46014404296875,502.17458671763114,484.3505215812987,486.24404657831496,450200,2022-04-28
483.0657043457031,483.0657043457031,499.14115116709036,481.4427080310758,496.62938379159556,422500,2022-04-29
474.16815185546875,474.16815185546875,490.53343756144204,464.6619931655682,487.2970857846098,387500,2022-05-02
467.56988525390625,467.56988525390625,475.60762353029656,464.35287359889804,475.269491922286,452500,2022-05-03
487.9153747558594,487.9153747558594,488.5529867584763,469.02865096409687,469.03832113272216,442600,2022-05-04
466.7486877441406,466.7486877441406,484.49545028678085,461.8217078125877,482.23484220853817,321800,2022-05-05
463.3553466796875,463.3553466796875,467.21403679113416,456.01603618937355,462.0658620118778,299700,2022-05-06
462.2889099121094,462.2889099121094,465.39137210797554,457.75154008858925,457.75154008858925,387500,2022-05-09
455.02716064453125,455.02716064453125,465.0617504314149,449.6850979505188,465.0617504314149,265100,2022-05-10
445.18646240234375,445.18646240234375,457.5963995974539,443.3346661850151,455.61856040177804,431000,2022-05-11
454.9399108886719,454.9399108886719,457.16013146885024,441.7252801328795,443.48014763952216,373200,2022-05-12
462.7832946777344,462.7832946777344,464.2375819874455,455.83181790634404,458.6337294041942,345000,2022-05-13
459.5160827636719,459.5160827636719,462.4828270390158,452.37068790483517,461.2515408814568,244100,2022-05-16
467.49517822265625,467.49517822265625,469.4342278746841,460.47582795033134,465.9051433059696,201400,2022-05-17
451.5853576660156,451.5853576660156,463.0548255079615,450.86791862712306,461.9011179673999,316900,2022-05-18
452.72930908203125,452.72930908203125,458.022935989019,444.15871308328195,447.0866970236975,300300,2022-05-19
450.3831481933594,450.3831481933594,457.9454312980391,444.4205754084133,456.0160860314404,270600,2022-05-20
452.8651123046875,452.8651123046875,457.8484551868327,449.336027267189,455.65734890852065,209500,2022-05-23
457.6253967285156,457.6253967285156,459.3414449220463,448.473080521256,452.54506680782407,248800,2022-05-24
454.959228515625,454.959228515625,458.3622405293588,450.4121547226881,453.8442512976487,282600,2022-05-25
462.8803405761719,462.8803405761719,465.96342315451113,457.1213593741497,459.27370618286056,207900,2022-05-26
475.4453125,475.4453125,475.46469234577154,465.35255511013764,465.35255511013764,202800,2022-05-27
472.2265319824219,472.2265319824219,474.29162489266264,465.29443439755704,471.0243009058299,454300,2022-05-31
479.3234558105469,479.3234558105469,481.7569433235221,467.5049442641339,473.5159812213913,274400,2022-06-01
483.4826965332031,483.4826965332031,486.60456806583136,478.6835657676688,480.8843767597881,192100,2022-06-02
481.1557922363281,481.1557922363281,486.187628583845,478.6931908284031,481.4563425733624,234600,2022-06-03
483.5311584472656,483.5311584472656,486.5366619325325,481.2915583211208,483.5796228566855,161100,2022-06-06
491.7139587402344,491.7139587402344,491.7527184333696,476.89961938579506,479.58519271923035,176300,2022-06-07
483.3081970214844,483.3081970214844,493.26520780107955,482.48409488036623,488.47575208746315,210900,2022-06-08
479.3525390625,479.3525390625,487.99098033472814,479.2264960849218,483.9383731425008,176200,2022-06-09
473.8456115722656,473.8456115722656,478.6350671617174,468.3290122749524,475.83315545961887,334100,2022-06-10
463.61712646484375,463.61712646484375,470.16141971158754,456.6171553196394,467.5824798594014,384500,2022-06-13
455.5797119140625,455.5797119140625,466.3317387333206,452.1863750074643,462.04645555173016,267200,2022-06-14
458.6434631347656,458.6434631347656,463.5880462180882,452.8069336807576,457.4218522493128,397600,2022-06-15
441.8028564453125,441.8028564453125,455.08536098562297,439.81534199961635,450.0922834884082,461000,2022-06-16
428.6172790527344,428.6172790527344,441.50227384632456,427.0563580945183,438.86516481446387,583000,2022-06-17
436.131103515625,436.131103515625,438.7003387365752,432.4081312277579,433.6879112732117,294800,2022-06-21
435.85968017578125,435.85968017578125,437.14916506446303,428.5300731468799,428.5300731468799,318400,2022-06-22
432.4857177734375,432.4857177734375,438.3901513170397,428.0065168128203,436.7031576242007,239700,2022-06-23
446.9024963378906,446.9024963378906,447.2903003646286,436.1601443131907,437.72109472431555,348300,2022-06-24
450.0050354003906,450.0050354003906,452.85544134700217,445.9136386026224,447.6588014038949,181400,2022-06-27
436.9164123535156,436.9164123535156,454.6974963678392,435.8887182745701,450.7224677469439,311500,2022-06-28
440.1158447265625,440.1158447265625,440.7460300005478,433.6588052754997,438.65185264445563,211300,2022-06-29
440.5812072753906,440.5812072753906,444.2363352011457,433.0480092133462,435.9468792889013,312500,2022-06-30
447.2515563964844,447.2515563964844,449.5590305325374,437.3333054160095,441.4537864910888,281100,2022-07-01
441.2987060546875,441.2987060546875,442.75299355068734,433.1062079921998,441.0272402389364,357800,2022-07-05
455.7930603027344,455.7930603027344,458.55621230072387,443.18923607598873,443.18923607598873,421700,2022-07-06
459.38031005859375,459.38031005859375,459.75840939628074,453.11715769923484,456.6074533694939,265500,2022-07-07
460.650390625,460.650390625,462.889990874981,454.42602747615405,459.76811937689337,213500,2022-07-08
463.1517028808594,463.1517028808594,464.3151445235,458.1489511575847,458.1489511575847,248600,2022-07-11
459.71966552734375,459.71966552734375,468.2902626647297,457.96479812069856,459.9814266162916,314200,2022-07-12
440.5036315917969,440.5036315917969,450.48972594021467,440.03824900163283,450.48972594021467,635300,2022-07-13
442.4427490234375,442.4427490234375,443.29593577548786,428.1713395381511,432.3112007241731,336600,2022-07-14
443.4607238769531,443.4607238769531,449.4330013573545,441.74467529861664,448.86098516457565,314300,2022-07-15
439.4468688964844,439.4468688964844,447.5908721992871,438.671231218209,444.69200219483514,358500,2022-07-18
451.730712890625,451.730712890625,453.36921227818124,442.7044387716287,444.95374355765927,292900,2022-07-19
457.08251953125,457.08251953125,457.64483094684294,448.5215982152539,452.58390985630024,212400,2022-07-20
458.8955383300781,458.8955383300781,459.02158130261387,452.2252022032362,455.919089749996,258700,2022-07-21
459.4384765625,459.4384765625,464.3539750372158,456.65594475952065,461.3872311313341,220200,2022-07-22
467.4273376464844,467.4273376464844,467.7763819942136,457.27641081226517,458.9730793785264,214100,2022-07-25
464.9550476074219,464.9550476074219,465.8954879119932,459.2348568091495,465.2846825117236,272200,2022-07-26
472.75006103515625,472.75006103515625,474.8151539754265,458.575610569379,464.03404093777857,390700,2022-07-27
486.585205078125,486.585205078125,487.5935193488479,474.03954938272966,476.2306853207752,480000,2022-07-28
526.9660034179688,526.9660034179688,528.2166694877823,503.29015798620935,504.1530495229976,773700,2022-07-29
532.8509521484375,532.8509521484375,536.6612377286633,519.1806723995591,524.5033555393346,450400,2022-08-01
523.785888671875,523.785888671875,533.2872219714839,522.8551233556468,533.238757555819,376400,2022-08-02
526.4714965820312,526.4714965820312,528.9437735540461,518.7831702556704,524.5130371008133,318600,2022-08-03
526.78173828125,526.78173828125,530.4174570225828,524.5227284676046,528.0614592041026,202600,2022-08-04
540.7871704101562,540.7871704101562,541.1956473743409,522.3854642308587,522.3854642308587,327700,2022-08-05
546.8854370117188,546.8854370117188,548.5778176981021,542.5379259819397,544.6095770813612,260700,2022-08-08
542.6837158203125,542.6837158203125,550.7855221262442,542.0320878935237,544.6581300359449,238900,2022-08-09
549.4920043945312,549.4920043945312,554.1410795942902,548.0428340618213,551.6123331649611,241800,2022-08-10
550.8438110351562,550.8438110351562,556.1639840825649,550.1533004083226,551.9623290226734,206200,2022-08-11
563.9934692382812,563.9934692382812,564.3630634135937,551.4663281461661,551.4663281461661,209200,2022-08-12
566.8336181640625,566.8336181640625,572.3093836150728,557.8565019419124,558.605426042972,257800,2022-08-15
568.1854248046875,568.1854248046875,572.494052579643,564.2366556920786,564.2366556920786,200300,2022-08-16
567.6893310546875,567.6893310546875,571.2685056137183,562.2719212213306,563.7502978690028,252300,2022-08-17
569.5276489257812,569.5276489257812,572.2411923221183,566.6584556686843,569.9263903883,215500,2022-08-18
567.9131469726562,567.9131469726562,568.5648343612843,563.2446598799371,568.088267923326,183600,2022-08-19
556.7672119140625,556.7672119140625,564.5577800152272,555.9599339140645,561.9025305364486,210200,2022-08-22
560.939453125,560.939453125,563.7794393310749,555.5317788823547,555.5317788823547,202700,2022-08-23
563.176513671875,563.176513671875,563.4099884615392,558.4594087300242,562.1358204255989,207000,2022-08-24
567.3003540039062,567.3003540039062,568.2534866998927,560.9297518363376,564.0907140807251,184600,2022-08-25
550.7272338867188,550.7272338867188,568.3508121592441,550.4062579716306,566.7168446980269,233600,2022-08-26
549.9588623046875,549.9588623046875,553.6158623017103,543.3645796660719,544.8137499135772,200900,2022-08-29
541.1470336914062,541.1470336914062,547.342515047183,535.0682600406815,546.914567007651,328600,2022-08-30
539.7367553710938,539.7367553710938,545.1055473454956,537.4511601853527,540.5829159284038,367100,2022-08-31
541.7888793945312,541.7888793945312,543.6271146352738,535.8074022553317,536.9939502754816,292700,2022-09-01
540.0966796875,540.0966796875,550.3187563705302,537.3831361251757,544.8527270967953,196000,2022-09-02
546.0198364257812,546.0198364257812,546.9534981487495,537.0912806586924,540.5926902089112,336900,2022-09-06
558.0607299804688,558.0607299804688,559.7238447636527,543.8898831262516,547.264790381162,290300,2022-09-07
555.1525268554688,555.1525268554688,557.8661295731011,550.1922709953024,556.1738083822921,210300,2022-09-08
557.0491333007812,557.0491333007812,561.2702602337054,554.8218917999955,560.8617238652411,273000,2022-09-09
552.5362548828125,552.5362548828125,557.8369580395637,548.4124238222233,557.5159821291502,295600,2022-09-12
541.8862915039062,541.8862915039062,548.5388689964418,539.2796607889951,544.6581888986242,484200,2022-09-13
533.22021484375,533.22021484375,544.414892337919,529.8063665388679,542.4891561097355,334100,2022-09-14
518.2326049804688,518.2326049804688,535.3601471415728,516.5499596967244,532.5882494919289,405500,2022-09-15
511.7452392578125,511.7452392578125,517.2015922244989,505.74428984749466,515.4411815491239,1093400,2022-09-16
520.440185546875,520.440185546875,521.6559401004447,507.9617235504075,507.9617235504075,411500,2022-09-19
516.4525146484375,516.4525146484375,519.6913012771985,509.75126155775934,514.2446854672414,352400,2022-09-20
502.59295654296875,502.59295654296875,527.4332334018079,502.5734854730132,524.1458281822968,557700,2022-09-21
490.42572021484375,490.42572021484375,502.8166828660197,487.2842290036245,502.59300299293056,521000,2022-09-22
481.2929992675781,481.2929992675781,489.1808018860005,477.2761408003222,485.29038666254877,509800,2022-09-23
475.9339294433594,475.9339294433594,484.8332480809668,474.0568112742833,481.0400992808486,402000,2022-09-26
473.75531005859375,473.75531005859375,483.3646402125387,469.9524256938598,481.2346355468499,366100,2022-09-27
480.3009033203125,480.3009033203125,482.91720981783664,470.3414502832464,478.3654313296317,478700,2022-09-28
473.5608215332031,473.5608215332031,477.48041396825124,471.5961723880116,476.7120782765042,329400,2022-09-29
475.7880554199219,475.7880554199219,480.03832927798226,471.2459826128784,476.245180393301,538200,2022-09-30
492.9350891113281,492.9350891113281,495.1331536232389,481.30272572458966,482.64492378317595,309000,2022-10-03
506.9501953125,506.9501953125,508.0589777508485,500.58938863879376,500.58938863879376,300500,2022-10-04
504.5479736328125,504.5479736328125,510.9087813265093,500.8909737246222,503.4780737992739,235200,2022-10-05
495.6291809082031,495.6291809082031,506.8919201711113,494.6176646167503,502.07751935224246,231300,2022-10-06
487.19671630859375,487.19671630859375,492.6530094662934,484.15246161710877,492.6530094662934,291700,2022-10-07
490.3090515136719,490.3090515136719,494.2675563341909,484.57069469517427,490.5911149429522,191700,2022-10-10
500.00592041015625,500.00592041015625,500.8617571517243,489.0640978309654,489.0640978309654,389100,2022-10-11
492.37091064453125,492.37091064453125,504.58681131400385,492.1083183185791,504.58681131400385,364300,2022-10-12
504.18804931640625,504.18804931640625,506.2596999588824,474.8640238401875,480.777470993327,378200,2022-10-13
487.43988037109375,487.43988037109375,509.07055062941436,486.1463006400741,507.2712572676042,264500,2022-10-14
503.0599365234375,503.0599365234375,504.93705507733364,496.78665867451423,496.78665867451423,282000,2022-10-17
517.0555419921875,517.0555419921875,517.9017024093644,506.33743089059334,513.5639281702771,281500,2022-10-18
506.85308837890625,506.85308837890625,515.6940248172526,501.8344188806811,511.5410464227702,193700,2022-10-19
495.2401123046875,495.2401123046875,507.38792380275027,489.8129666871647,507.38792380275027,327100,2022-10-20
505.4427490234375,505.4427490234375,507.7770219503614,494.2869819552385,497.9148049104961,263300,2022-10-21
510.7239685058594,510.7239685058594,515.4119259576762,507.0475570010225,510.1014878251063,188300,2022-10-24
516.258056640625,516.258056640625,517.765580574719,507.31982583800203,508.65228822133247,238400,2022-10-25
516.5790405273438,516.5790405273438,523.922187053109,509.64437095970897,520.2943940193531,296000,2022-10-26
522.9398803710938,522.9398803710938,528.9992425492202,517.5711476403268,520.129100441317,457300,2022-10-27
560.1029052734375,560.1029052734375,560.1029052734375,530.0689046082455,530.0689046082455,650400,2022-10-28
568.341064453125,568.341064453125,571.2199933639326,560.3365533630925,560.3365533630925,517600,2022-10-31
576.4623413085938,576.4623413085938,579.0786481646112,562.8556222951054,573.2721720339272,284200,2022-11-01
567.981201171875,567.981201171875,585.4880712068502,566.9210961741652,574.4490407911197,342400,2022-11-02
578.11572265625,578.11572265625,586.5676520555639,556.1640477594331,561.4938975890263,402900,2022-11-03
577.3765258789062,577.3765258789062,587.3067725435355,567.8255495749916,584.2236351629709,293100,2022-11-04
579.0396118164062,579.0396118164062,580.0803049398863,574.4294795952286,577.551558965669,219400,2022-11-07
584.2042236328125,584.2042236328125,589.5146622173163,577.1236982165042,578.4464252534036,362000,2022-11-08
574.818603515625,574.818603515625,588.3280850660182,574.546245946864,582.0158362955174,234000,2022-11-09
593.4397583007812,593.4397583007812,597.029379830971,586.6701844515745,593.6640910413275,352600,2022-11-10
572.1166381835938,572.1166381835938,594.7176275580471,567.3077130966174,592.8447943531269,448200,2022-11-11
570.6339721679688,570.6339721679688,584.4462144265253,565.7567587306356,565.7567587306356,375000,2022-11-14
567.5223388671875,567.5223388671875,571.4631061085054,562.3037440163697,569.9219494435697,399700,2022-11-15
574.4283447265625,574.4283447265625,579.803042395676,569.521840403077,569.638888739484,235700,2022-11-16
579.3641967773438,579.3641967773438,580.3005836551312,567.6295926565471,569.7560505732517,290800,2022-11-17
582.3685302734375,582.3685302734375,586.5629215909632,578.4959921512184,585.1777502180437,216200,2022-11-18
585.8703002929688,585.8703002929688,590.2987880420061,581.4808088129124,581.4808088129124,224100,2022-11-21
590.6011962890625,590.6011962890625,596.0149502916711,585.1875018227448,590.3378672744852,211000,2022-11-22
589.4794921875,589.4794921875,593.7226437766394,588.143140558907,590.659799192617,144300,2022-11-23
589.4112548828125,589.4112548828125,593.4593659257366,586.4946907187574,591.9181497806624,71400,2022-11-25
579.9591064453125,579.9591064453125,588.76738104114,578.8470876758741,586.1141464089512,168600,2022-11-28
576.4767456054688,576.4767456054688,582.1440640709229,574.2234758429697,579.3640767987447,191500,2022-11-29
588.25048828125,588.25048828125,589.606367959842,568.6050574801732,573.2774662434955,641500,2022-11-30
588.3674926757812,588.3674926757812,590.3281419353967,582.3880244460893,590.3281419353967,246600,2022-12-01
587.29443359375,587.29443359375,589.177030463252,578.720255966281,583.9193811306654,298300,2022-12-02
572.04833984375,572.04833984375,583.4707348893609,570.4388356965612,581.1979964372346,251900,2022-12-05
566.08837890625,566.08837890625,576.9255317930084,561.8159355989227,573.6675273462696,309900,2022-12-06
572.0093994140625,572.0093994140625,577.6670154142772,563.4352784363408,565.191063609788,275300,2022-12-07
578.6812744140625,578.6812744140625,583.1390538703803,575.4330341555351,575.4915583252254,349300,2022-12-08
573.6187744140625,573.6187744140625,582.8269549626224,572.8774285103955,579.1788091552739,172300,2022-12-09
578.8861083984375,578.8861083984375,578.8861083984375,571.1020370203875,575.6281043598813,249500,2022-12-12
570.5655517578125,570.5655517578125,591.0693713464507,562.5571477172817,591.0693713464507,392400,2022-12-13
561.87451171875,561.87451171875,573.5602959763124,556.265716307417,571.0046409170087,529800,2022-12-14
547.740234375,547.740234375,558.1188969252029,544.1213214071865,556.7533131998966,396600,2022-12-15
544.9309692382812,544.9309692382812,545.8868838240376,537.927239788904,541.8583015893722,770600,2022-12-16
547.486572265625,547.486572265625,551.6322024456802,543.5848026843965,545.1650146018918,287900,2022-12-19
548.9205932617188,548.9205932617188,552.8614197134951,545.9455050543565,547.223332558201,340200,2022-12-20
553.4855346679688,553.4855346679688,554.4609771115522,548.3157016242328,552.1979434980848,181800,2022-12-21
547.5841674804688,547.5841674804688,549.1741435648829,538.5320917745386,549.1741435648829,205700,2022-12-22
551.2225952148438,551.2225952148438,553.5343894381367,547.2233043275019,548.2182748415289,110400,2022-12-23
551.4469604492188,551.4469604492188,555.2902065263693,548.0231475295284,555.2902065263693,229500,2022-12-27
543.3800048828125,543.3800048828125,553.9147721348093,542.1217054718536,552.510132532124,155500,2022-12-28
548.413330078125,548.413330078125,549.9740740170562,544.1506505229239,545.8382067674025,177500,2022-12-29
542.5899047851562,542.5899047851562,548.1889353554704,537.3224913331766,547.7305059459236,177600,2022-12-30
542.27783203125,542.27783203125,545.389496504998,535.5960736099598,544.8237230907814,271100,2023-01-03
540.424560546875,540.424560546875,547.4379365722896,531.5284681373205,542.6485389970394,238400,2023-01-04
524.3296508789062,524.3296508789062,542.6679585059409,520.8960741272567,538.8930006838592,297200,2023-01-05
539.1563720703125,539.1563720703125,540.2391586095654,530.11405960563,531.8015562608554,210900,2023-01-06
543.93603515625,543.93603515625,558.1091844811082,540.2488337314473,543.077640947395,293500,2023-01-09
550.0715942382812,550.0715942382812,553.9343685072057,543.9360814951976,543.9360814951976,276200,2023-01-10
567.9807739257812,567.9807739257812,567.9807739257812,552.1492992565096,552.1785911133849,357800,2023-01-11
558.4798583984375,558.4798583984375,571.9897734922481,556.1875922111993,568.2050516200667,237300,2023-01-12
559.7673950195312,559.7673950195312,560.0405474853628,549.8373979350526,552.5198646962795,167100,2023-01-13
557.6312866210938,557.6312866210938,565.5421718107635,557.1533292453446,564.02042411219,362500,2023-01-17
556.6558227539062,556.6558227539062,563.2108281129217,553.8855990560744,558.9481486304938,244800,2023-01-18
534.2791748046875,534.2791748046875,559.7382632707893,533.6158809580029,556.099821761729,448300,2023-01-19
546.4819946289062,546.4819946289062,547.8963984146895,531.567497563605,533.3525743287328,274000,2023-01-20
547.9255981445312,547.9255981445312,555.377994025771,546.4136739957137,546.4332018996638,183500,2023-01-23
556.8118896484375,556.8118896484375,557.45565553797,543.0971697236428,552.0809575407969,142500,2023-01-24
546.1015625,546.1015625,554.5489294787716,543.9848685471345,550.8129673310974,217200,2023-01-25
551.0567016601562,551.0567016601562,555.8949176937357,545.0772346187914,549.1741048571314,249300,2023-01-26
557.748291015625,557.748291015625,559.6308880494229,551.3396261249159,551.3396261249159,158800,2023-01-27
561.1917114257812,561.1917114257812,571.4826201890511,555.9535887952497,555.9730571649184,401500,2023-01-30
575.0039672851562,575.0039672851562,575.950177701769,559.6212757610683,563.1523737167283,470100,2023-01-31
583.3634033203125,583.3634033203125,589.6452557043818,570.2729810098629,570.2729810098629,502300,2023-02-01
658.9797973632812,658.9797973632812,659.5162789128373,612.7535559501055,622.4104619872905,988800,2023-02-02
659.2139282226562,659.2139282226562,668.402581779762,646.4844129042405,655.5755460059368,465700,2023-02-03
657.7214965820312,657.7214965820312,667.0954861307832,655.0195013982868,659.2138928730351,409100,2023-02-06
661.6231689453125,661.6231689453125,663.2130854504574,643.9969157868521,652.0345524788789,284400,2023-02-07
647.4696044921875,647.4696044921875,663.4083044873528,647.2355077756131,658.3067583403985,310600,2023-02-08
644.874755859375,644.874755859375,652.9319201724671,642.1532928061744,648.4936688494388,254800,2023-02-09
642.0386962890625,642.0386962890625,642.7428779908548,634.9091923236164,641.9311320416581,386300,2023-02-10
653.852783203125,653.852783203125,655.4175385443184,642.2049244731169,644.8552907622878,238300,2023-02-13
651.867431640625,651.867431640625,658.9089499589546,644.9335372575977,650.6352181650578,203200,2023-02-14
657.8624877929688,657.8624877929688,659.3490471099103,646.2048996576997,648.1412947846505,181500,2023-02-15
655.3392333984375,655.3392333984375,660.7083716445977,650.6742170310484,652.5519350660181,193000,2023-02-16
662.4395141601562,662.4395141601562,667.7108787629797,654.9677383541408,655.9065677332961,324000,2023-02-17
641.7453002929688,641.7453002929688,659.2806002688282,641.7062023014307,655.3001859638897,249200,2023-02-21
643.2220458984375,643.2220458984375,646.4689698209652,640.0435882272038,643.1144816570845,204200,2023-02-22
643.456787109375,643.456787109375,646.6450343689282,636.3859600035255,645.451859156032,195600,2023-02-23
649.4810791015625,649.4810791015625,651.055683382683,637.8919581652285,643.4469166172304,215300,2023-02-24
660.1607666015625,660.1607666015625,664.9626562363879,651.6326894030059,653.1779254894839,326200,2023-02-27
653.7158203125,653.7158203125,664.6203988565671,652.8062995973997,657.8526860760566,391800,2023-02-28
656.2391357421875,656.2391357421875,663.4664747616257,651.6425844183149,652.3173979072621,230000,2023-03-01
669.4320678710938,669.4320678710938,671.7596815894933,655.4761749808591,656.7182375097727,215700,2023-03-02
682.2340087890625,682.2340087890625,682.5469121147712,671.4761512971655,675.3880994760372,346600,2023-03-03
684.2485961914062,684.2485961914062,693.5981490832814,681.2265902394748,681.2265902394748,340900,2023-03-06
679.3782958984375,679.3782958984375,691.3293295437937,678.3221127868467,683.280454956362,230700,2023-03-07
684.9820556640625,684.9820556640625,686.8499843979295,678.155666441752,678.155666441752,221100,2023-03-08
677.7546997070312,677.7546997070312,689.3731886587157,675.1434914416443,687.5834559482095,192100,2023-03-09
662.9578857421875,662.9578857421875,678.8599651938887,659.1926593655024,678.8599651938887,238600,2023-03-10
660.0043334960938,660.0043334960938,670.644837492451,653.7549818518779,659.0068272844055,285200,2023-03-13
671.0262451171875,671.0262451171875,675.7694583321489,661.9211882630417,668.2878933737586,297100,2023-03-14
653.0409545898438,653.0409545898438,662.0188670524713,641.7256391405365,659.8868628010989,469900,2023-03-15
666.3319091796875,666.3319091796875,668.7768767154853,648.4934355891612,648.4934355891612,335000,2023-03-16
648.8944091796875,648.8944091796875,666.2927773505585,647.4274286012858,665.4517228115903,517300,2023-03-17
659.0556030273438,659.0556030273438,661.5885556582219,652.6595305311413,652.6595305311413,317900,2023-03-20
665.8330688476562,665.8330688476562,668.0726374283926,659.1827696619526,666.6839127014321,385000,2023-03-21
653.891845703125,653.891845703125,671.5738666185106,653.4028522240945,662.2145242668772,223900,2023-03-22
650.7330322265625,650.7330322265625,660.728031288914,644.7085985331074,653.6963019672061,235300,2023-03-23
648.9921264648438,648.9921264648438,654.1070388849693,636.1414231030736,647.114408204625,270300,2023-03-24
656.874755859375,656.874755859375,658.3515258558011,650.4689526190167,653.8332304592984,179600,2023-03-27
660.9627075195312,660.9627075195312,662.3710110746418,651.740238318001,656.3367887889583,150000,2023-03-28
660.1802978515625,660.1802978515625,666.7817098501828,656.4933275922419,666.7817098501828,222000,2023-03-29
654.537353515625,654.537353515625,663.5445752379362,653.1877267320028,662.7230996166975,203000,2023-03-30
673.6472778320312,673.6472778320312,674.5567986529604,657.9994845602797,658.4786886785721,305200,2023-03-31
668.1314697265625,668.1314697265625,672.0727866235554,662.3906898869277,670.07765461948,282600,2023-04-03
642.2245483398438,642.2245483398438,671.5837395739966,638.4299536952481,666.9578200966923,333800,2023-04-04
632.0241088867188,632.0241088867188,638.7917623216167,618.3420800879338,636.2490199574708,461000,2023-04-05
627.5350952148438,627.5350952148438,634.2930186296978,623.3884399974406,627.8676370501659,318600,2023-04-06
637.1195068359375,637.1195068359375,639.2221433162795,625.5205342971825,627.1831243294597,228000,2023-04-10
634.1267700195312,634.1267700195312,641.5496576336129,632.9335948862997,637.9213642073111,246500,2023-04-11
640.9531860351562,640.9531860351562,649.256286907303,636.395732752709,639.9849883633646,272900,2023-04-12
632.454345703125,632.454345703125,636.9237529634594,612.1904262571614,633.6083630729286,418300,2023-04-13
636.7770385742188,636.7770385742188,645.295325994845,631.4372682823611,631.4372682823611,281500,2023-04-14
646.2733764648438,646.2733764648438,646.6450163001489,638.1169386210258,639.593708541593,228400,2023-04-17
651.671875,651.671875,651.6913941494544,642.2538555424915,649.9603977732277,287900,2023-04-18
650.78173828125,650.78173828125,653.1680284210191,643.7402215006546,649.4419011629756,177600,2023-04-19
652.4835815429688,652.4835815429688,657.0801324620654,645.3051902641072,648.4151818157708,180200,2023-04-20
655.3588256835938,655.3588256835938,655.8576085825111,649.5202721999998,654.2634850666556,192300,2023-04-21
660.4542236328125,660.4542236328125,663.3979742122747,656.9921709550158,657.3540213892095,203900,2023-04-24
657.0410766601562,657.0410766601562,663.0752402300191,654.2537776672416,659.8674139557021,208500,2023-04-25
645.29541015625,645.29541015625,654.8503625533734,645.2856207352824,651.4274079438187,342500,2023-04-26
681.0310668945312,681.0310668945312,681.265774242453,657.5007001998733,664.747617870724,535900,2023-04-27
680.2584228515625,680.2584228515625,683.3097375077065,674.3318240357919,683.3097375077065,448900,2023-04-28
680.6398315429688,680.6398315429688,688.3756821933308,680.0236949779786,682.6153246274826,267200,2023-05-01
673.6472778320312,673.6472778320312,680.3171568771066,665.9896222860215,677.7450460827349,222100,2023-05-02
668.5617065429688,668.5617065429688,682.0579157658264,666.2047840392667,677.5201012627509,363900,2023-05-03
652.806396484375,652.806396484375,666.7036148183578,648.024025186394,666.7036148183578,248100,2023-05-04
662.4860229492188,662.4860229492188,665.1045279808548,656.7585931414229,657.0626138764939,236700,2023-05-05
665.1436767578125,665.1436767578125,665.9478740833996,658.2197981684577,661.9661545522699,180200,2023-05-08
671.3125610351562,671.3125610351562,672.6659592308073,663.9571620841788,663.9669788601224,192800,2023-05-09
668.3213500976562,668.3213500976562,677.5891045101049,659.4948717175051,677.5891045101049,180700,2023-05-10
671.1752319335938,671.1752319335938,671.2929135256913,661.2307183926257,664.3690338514687,280200,2023-05-11
671.4203491210938,671.4203491210938,678.0108169543468,664.5651276595678,673.077767889633,176800,2023-05-12
657.46484375,657.46484375,669.1256180041029,656.0918119140164,668.9686692956736,263700,2023-05-15
651.452880859375,651.452880859375,657.0822023890688,647.1769573113321,653.9144968964123,231600,2023-05-16
658.3277587890625,658.3277587890625,660.2990150430988,651.1096160128731,655.4640140512512,178700,2023-05-17
666.1931762695312,666.1931762695312,667.0660313163418,657.0528599348088,660.57367059167,149000,2023-05-18
668.6351928710938,668.6351928710938,673.2739785014984,664.5357313158665,670.576998975284,260100,2023-05-19
658.3571166992188,658.3571166992188,670.7926352000311,656.5428092139379,668.4291270820398,266700,2023-05-22
646.9220581054688,646.9220581054688,655.9838999685372,646.6572445905124,653.728256278641,269800,2023-05-23
643.9210205078125,643.9210205078125,648.6480971081979,641.0180683622289,648.6480971081979,250900,2023-05-24
646.892578125,646.892578125,648.2361594731565,641.8811142726277,647.314280459392,286200,2023-05-25
651.4234008789062,651.4234008789062,653.0808194993328,642.4400351272444,647.7358853784274,200600,2023-05-26
641.4496459960938,641.4496459960938,651.6393399737283,639.7333861962538,651.4235504725277,309200,2023-05-30
636.5067749023438,636.5067749023438,640.6748339944019,634.5943593472517,639.7235046752659,573500,2023-05-31
642.675537109375,642.675537109375,643.1560802694496,629.5731339817299,638.0073009399804,264800,2023-06-01
664.7024536132812,664.7024536132812,665.5654917942879,642.0282174578517,644.9605599749246,384700,2023-06-02
662.6331176757812,662.6331176757812,666.1833784426357,660.2205852627836,664.378827662201,242400,2023-06-05
672.5874633789062,672.5874633789062,673.3328200261185,648.2656235969256,655.3954759068151,556600,2023-06-06
684.3855590820312,684.3855590820312,684.4247663265884,670.6554813300813,673.2445362137879,271500,2023-06-07
691.3878784179688,691.3878784179688,693.751446837743,680.8353229841739,683.4538881488257,266000,2023-06-08
692.8589477539062,692.8589477539062,694.7419729837335,682.5712059966445,693.4081484813418,230500,2023-06-09
708.4033813476562,708.4033813476562,709.3841011912004,691.61346241485,695.1243963566984,296500,2023-06-12
722.7708740234375,722.7708740234375,724.6342656253971,707.4128279749447,707.4128279749447,307700,2023-06-13
713.0518798828125,713.0518798828125,726.0365991411346,709.7860665195387,721.6920180505763,240000,2023-06-14
729.5476684570312,729.5476684570312,731.3521593734525,709.8449812814639,712.9734798466718,254300,2023-06-15
718.3086547851562,718.3086547851562,734.3238271916973,717.2004365316842,729.9399782001486,419500,2023-06-16
716.5923461914062,716.5923461914062,722.319776240306,711.5416750665877,715.9254639011897,274100,2023-06-20
727.7921142578125,727.7921142578125,729.2043531149018,714.5622141944941,715.5822010602933,292200,2023-06-21
721.7410888671875,721.7410888671875,729.1651446650075,721.084023385537,728.0471097678344,238600,2023-06-22
723.6731567382812,723.6731567382812,726.8604960546975,715.8764224387553,718.6420594286212,293200,2023-06-23
733.666748046875,733.666748046875,736.7363461458253,722.7415144160132,722.7415144160132,183400,2023-06-26
755.6445922851562,755.6445922851562,756.4684232400028,733.7647363357125,735.3241071273064,287900,2023-06-27
758.0865478515625,758.0865478515625,763.156852184512,748.5048967662206,753.4084955024842,278100,2023-06-28
767.2171020507812,767.2171020507812,767.7369122866189,755.3111490880245,756.7136311038785,201700,2023-06-29
773.3858642578125,773.3858642578125,780.4862661319747,770.7672992570782,772.2188052851221,271600,2023-06-30
767.4720458984375,767.4720458984375,772.356011103418,763.3530109728281,771.5812640491962,135500,2023-07-03
767.5994873046875,767.5994873046875,768.531182970629,753.2907608624357,757.7824737488207,245800,2023-07-05
763.8728637695312,763.8728637695312,765.5793066539775,755.1444335561112,763.3040295219204,251900,2023-07-06
761.2152099609375,761.2152099609375,773.3859781627136,760.1462587272176,761.5094139767137,242900,2023-07-07
781.3787231445312,781.3787231445312,781.9083501725161,761.5878037689023,762.617547638977,188100,2023-07-10
780.3587646484375,780.3587646484375,795.9521737096031,774.5724938271227,784.4483494950542,360100,2023-07-11
762.3134765625,762.3134765625,778.3384641798093,758.4102309746565,774.5234498518801,348200,2023-07-12
746.88671875,746.88671875,758.3120674874073,746.5925148078795,754.4676629741446,430700,2023-07-13
748.6323852539062,748.6323852539062,748.7403099170525,736.0105270618095,747.3084375559199,374200,2023-07-14
749.2698974609375,749.2698974609375,752.7710741909796,743.8857555499798,748.2597273750065,294200,2023-07-17
745.552978515625,745.552978515625,748.7697081512271,736.039985022295,744.4054933165239,298900,2023-07-18
751.2803955078125,751.2803955078125,755.3602234219751,743.1306163132771,743.1306163132771,302700,2023-07-19
752.3591918945312,752.3591918945312,755.0561712491109,743.0325373491709,755.0561712491109,373600,2023-07-20
754.173583984375,754.173583984375,758.0081723584891,750.7410644213771,754.7424182723068,320500,2023-07-21
754.4286499023438,754.4286499023438,762.8628176585341,752.3495283650801,755.6839403312594,395100,2023-07-24
751.8296508789062,751.8296508789062,755.9290527836021,749.7603463035199,752.3101940415097,278400,2023-07-25
747.4262084960938,747.4262084960938,754.0362507183884,744.5428897381183,744.8861776012043,273000,2023-07-26
710.6981811523438,710.6981811523438,737.2659061410808,705.3336727259618,721.4468914136355,610900,2023-07-27
717.2689208984375,717.2689208984375,720.152239044745,710.090045924807,717.3179449089386,258200,2023-07-28
724.2517700195312,724.2517700195312,725.1049914739364,714.248415887651,719.0049429278779,274800,2023-07-31
711.335693359375,711.335693359375,723.3004869051874,703.4016438303119,720.5936906766478,614300,2023-08-01
707.83447265625,707.83447265625,716.6314999958946,706.5987562059654,710.5706591830354,341400,2023-08-02
708.9426879882812,708.9426879882812,709.8645669350286,699.2531722019179,700.8125429208137,297300,2023-08-03
694.6143798828125,694.6143798828125,711.9338639161112,692.9765348414284,711.2473481358454,324300,2023-08-04
703.4213256835938,703.4213256835938,707.050001168732,698.9197951494743,699.9299653460596,241500,2023-08-07
699.723876953125,699.723876953125,702.3424416671928,693.6140123370611,701.1067252598135,270600,2023-08-08
700.9303588867188,700.9303588867188,706.0006641367446,698.0470399139487,701.14608853811,143900,2023-08-09
698.547119140625,698.547119140625,708.1679778639798,696.7523851687201,702.1267104508302,152300,2023-08-10
701.4183959960938,701.4183959960938,703.3652862198434,696.3052885240593,698.7143551230586,130300,2023-08-11
703.71923828125,703.71923828125,705.2826919183899,699.8844527815637,700.100747238907,133300,2023-08-14
700.9661254882812,700.9661254882812,704.014293287489,700.32696449081,701.3496220867639,159000,2023-08-15
697.4556884765625,697.4556884765625,710.9267398911493,696.4035635980797,703.0899069234259,184900,2023-08-16
691.59521484375,691.59521484375,704.8499706887761,690.5431500689713,699.4615145676405,222300,2023-08-17
691.7919311523438,691.7919311523438,693.0308830451111,684.8400810991222,686.5018394288469,186100,2023-08-18
691.3101806640625,691.3101806640625,696.1873087867287,683.8273763991234,691.7919819877413,141000,2023-08-21
687.190185546875,687.190185546875,695.3416179714916,685.6661018024198,693.4635651022166,154100,2023-08-22
695.3121337890625,695.3121337890625,698.3406762636545,687.858797315566,690.3760110565606,188000,2023-08-23
696.5904541015625,696.5904541015625,704.4665976834002,694.6140363470053,694.6140363470053,258700,2023-08-24
702.617919921875,702.617919921875,708.5963247799012,698.3996381143552,699.5205402629609,177100,2023-08-25
698.3504638671875,698.3504638671875,708.370166530179,696.2069041826412,703.2571192170057,246100,2023-08-28
705.8037719726562,705.8037719726562,707.8784942424613,690.2875260683136,695.9512718029401,170200,2023-08-29
713.188232421875,713.188232421875,714.338661957476,705.616906900313,706.9836908871551,135100,2023-08-30
702.2049560546875,702.2049560546875,718.2325304477682,701.8607694174863,714.6533495115161,353200,2023-08-31
698.901123046875,698.901123046875,707.1508596192912,689.9237033065746,706.1479471724034,263700,2023-09-01
681.4281005859375,681.4281005859375,696.0692663073577,677.5539453181666,695.8922217387098,220100,2023-09-05
681.9491577148438,681.9491577148438,685.9413023685412,676.5706041607559,681.89016286834,224200,2023-09-06
680.228515625,680.228515625,683.1587535195752,676.3052076548174,680.7398443881701,261900,2023-09-07
678.3994750976562,678.3994750976562,683.2962271911462,678.0848159248677,678.8911188023071,224000,2023-09-08
680.4251098632812,680.4251098632812,683.2569826742316,676.5509546993497,680.5332570850278,180600,2023-09-11
675.0564575195312,675.0564575195312,683.5913865932231,673.7092983082274,677.8588031431168,162600,2023-09-12
673.5027465820312,673.5027465820312,678.8124627690812,672.017972939591,673.5617414280506,181900,2023-09-13
684.623779296875,684.623779296875,686.088868101439,677.0721383338451,680.5332695991249,209400,2023-09-14
681.5362548828125,681.5362548828125,686.6690470491619,679.2845480217863,685.3121054428344,304000,2023-09-15
682.2147216796875,682.2147216796875,686.2757039970052,680.7496328561962,682.4015487117834,247900,2023-09-18
679.5106201171875,679.5106201171875,682.6473094709241,675.8331346711037,680.8085667478823,156200,2023-09-19
673.5421142578125,673.5421142578125,688.3602645078067,672.401527131886,681.5853990357025,154800,2023-09-20
671.0543823242188,671.0543823242188,679.0386717073385,667.2883745438842,671.8114728590137,271300,2023-09-21
670.0908203125,670.0908203125,678.006333573922,668.7732485254223,670.1793426039249,160700,2023-09-22
678.3603515625,678.3603515625,680.5530638827814,669.0485860304794,669.0485860304794,176400,2023-09-25
674.0731811523438,674.0731811523438,682.3720709300615,673.4340202025846,678.1537887069891,237100,2023-09-26
688.4093627929688,688.4093627929688,689.2549755970529,675.9412851183291,679.3336388266936,243500,2023-09-27
687.1705322265625,687.1705322265625,695.3711774197618,685.7152857474549,690.4154293987989,252200,2023-09-28
680.2776489257812,680.2776489257812,691.9197392919787,678.1242469048647,689.658190049923,225800,2023-09-29
683.01123046875,683.01123046875,689.4911221836674,680.6415337505246,681.5658264985907,280300,2023-10-02
675.5479125976562,675.5479125976562,689.9235683367683,672.371853761042,683.3846836882457,365700,2023-10-03
687.1507568359375,687.1507568359375,688.1831966123677,673.2372159925425,677.13105573762,257500,2023-10-04
690.8086547851562,690.8086547851562,693.2472487142613,681.4379556613763,688.2717561073032,205200,2023-10-05
704.3484497070312,704.3484497070312,710.4448436951034,688.704313294998,689.0189724702321,316000,2023-10-06
713.7781982421875,713.7781982421875,715.125357322637,702.9718782873719,704.3485047847814,256600,2023-10-09
698.9994506835938,698.9994506835938,713.984743178925,698.6257966174805,713.7782311902492,354700,2023-10-10
702.3524169921875,702.3524169921875,704.5648138993886,694.6336340108843,697.2393699298528,230600,2023-10-11
723.0899658203125,723.0899658203125,732.716328830144,713.8864092332409,714.7418645561678,437800,2023-10-12
719.2355346679688,719.2355346679688,727.8097733174537,715.7841857567039,725.7547359414447,274300,2023-10-13
719.5501708984375,719.5501708984375,729.2158440186383,711.7428655813775,724.8304200848067,219000,2023-10-16
725.8234252929688,725.8234252929688,726.6592556202601,716.2560577726507,718.7438037859256,158000,2023-10-17
699.9630737304688,699.9630737304688,723.9651568730429,699.9237638331897,723.9651568730429,234700,2023-10-18
691.0840454101562,691.0840454101562,706.5019878811526,689.2059324729262,701.6248597465578,267000,2023-10-19
679.9334106445312,679.9334106445312,692.8538217885928,679.5794415758148,692.8538217885928,224200,2023-10-20
674.8499145507812,674.8499145507812,685.8037521970166,674.7810772208728,680.8479445644788,227700,2023-10-23
675.2334594726562,675.2334594726562,682.3917620995651,673.0013773825285,680.2777297371014,275600,2023-10-24
666.0888061523438,666.0888061523438,674.6925723868121,663.1389434433833,673.2668534229028,325100,2023-10-25
687.976806640625,687.976806640625,699.0387919533505,676.059365931591,694.1617239495889,456900,2023-10-26
694.9481811523438,694.9481811523438,700.0317599773444,688.2814640731115,690.5135455754953,409200,2023-10-27
713.9256591796875,713.9256591796875,718.3799799834084,698.3700450497975,699.9039710188396,444800,2023-10-30
717.6327514648438,717.6327514648438,726.0201628486255,709.9237508590826,713.6307640346644,412900,2023-10-31
729.6976318359375,729.6976318359375,735.0270933120931,715.823459574787,719.6189349320427,372400,2023-11-01
743.6505737304688,743.6505737304688,747.8393886008806,734.5158533312942,734.5158533312942,335900,2023-11-02
754.8992309570312,754.8992309570312,760.2483169168039,745.1155691504123,748.4095579979039,363800,2023-11-03
754.3191528320312,754.3191528320312,754.8304214984962,745.4400383037809,753.6406820872975,269800,2023-11-06
760.0123901367188,760.0123901367188,763.9946924561086,751.3594722540075,753.6701738424507,278500,2023-11-07
767.9672241210938,767.9672241210938,771.7921668929121,760.3467459795596,763.2867660085216,334600,2023-11-08
768.665283203125,768.665283203125,780.56309742095,767.9671875195497,770.4844010044359,315200,2023-11-09
780.8674926757812,780.8674926757812,782.7303528836019,770.6957561738458,771.4349806856877,232800,2023-11-10
778.3146362304688,778.3146362304688,783.7849454542247,776.4518362798066,778.4033696368058,291200,2023-11-13
789.935302734375,789.935302734375,794.7057310920515,781.0941465439803,781.0941465439803,295500,2023-11-14
783.380859375,783.380859375,794.5480947309311,781.9122762746073,792.4486922633945,284500,2023-11-15
783.6272583007812,783.6272583007812,789.5607863463398,782.2375426772468,784.3763487706419,232500,2023-11-16
790.674560546875,790.674560546875,791.1476449901871,782.5726285056803,786.465889685466,207200,2023-11-17
797.1502075195312,797.1502075195312,797.9879712822253,784.7115271980326,788.5061891701146,198300,2023-11-20
795.178955078125,795.178955078125,801.4179670882409,794.9226809371252,798.3625296184329,192800,2023-11-21
797.357177734375,797.357177734375,800.6689495564889,795.1099663046996,798.5990846478865,160200,2023-11-22
800.62939453125,800.62939453125,802.1669790684609,794.9620067585838,800.1957137562292,88000,2023-11-24
798.71728515625,798.71728515625,803.803183480222,796.2236657549233,797.3078376410228,240800,2023-11-27
764.0033569335938,764.0033569335938,802.8274440047776,762.4263084950782,796.1152274655512,464500,2023-11-28
764.54541015625,764.54541015625,769.09902829065,761.0365602483953,768.8624860745634,308500,2023-11-29
774.8945922851562,774.8945922851562,775.2297338803384,763.8653597172317,766.2900378708516,365000,2023-11-30
792.0347290039062,792.0347290039062,793.0302276400038,773.7709264945615,774.5594206100636,281400,2023-12-01
789.8860473632812,789.8860473632812,795.0507529389754,784.5833387755358,784.5833387755358,178300,2023-12-04
787.0966186523438,787.0966186523438,790.8716082877519,782.5922705311795,788.5060660263773,165500,2023-12-05
790.9998168945312,790.9998168945312,801.1912250312819,789.5903092347469,789.5903092347469,212400,2023-12-06
795.7998657226562,795.7998657226562,800.5407566014162,791.0885125425965,798.224483662402,240500,2023-12-07
792.4979858398438,792.4979858398438,798.5695171553369,790.625319744685,796.8150620170669,235800,2023-12-08
805.695556640625,805.695556640625,806.2081048697833,792.7443291684929,792.7443291684929,227300,2023-12-11
809.2734375,809.2734375,812.7921534114313,805.1140362787478,805.4590438141303,210900,2023-12-12
807.0459594726562,807.0459594726562,813.1272967700805,800.2056656978278,809.3720383530706,220700,2023-12-13
816.9022216796875,816.9022216796875,818.9128906962579,801.7333202486901,809.4902446520836,285800,2023-12-14
811.7079467773438,811.7079467773438,814.3001656378727,805.8828838846503,808.9087835473504,503800,2023-12-15
821.189697265625,821.189697265625,823.6143753155893,812.6344128215221,816.1137250581611,195100,2023-12-18
818.2623901367188,818.2623901367188,828.9170769116192,818.1835226786733,824.3634587809593,209100,2023-12-19
804.2861938476562,804.2861938476562,820.9335455137524,802.5317386682007,806.6714082698971,430800,2023-12-20
812.2008056640625,812.2008056640625,813.797525937879,807.3515092827773,811.5601804588831,138400,2023-12-21
815.9559936523438,815.9559936523438,820.8743512800343,810.1506628619557,813.4623742432974,164500,2023-12-22
816.5276489257812,816.5276489257812,820.0463647048622,814.3493791125666,817.6414186328115,102200,2023-12-26
819.3564453125,819.3564453125,820.756026891659,813.521516616718,816.0841375541354,151700,2023-12-27
815.216796875,815.216796875,818.9622493294485,813.8862167691938,815.3252621942318,129100,2023-12-28
816.783935546875,816.783935546875,820.6870625571553,812.5949967207189,815.1773494903015,153700,2023-12-29
801.5559692382812,801.5559692382812,813.9355141913123,797.4951671145902,809.6874394384985,240900,2024-01-02
797.32763671875,797.32763671875,807.2332339683973,789.462246351961,801.5559796206622,283100,2024-01-03
804.256591796875,804.256591796875,807.3317611630777,796.795344663145,796.795344663145,242800,2024-01-04
806.947265625,806.947265625,811.4220158501596,800.2055123549925,801.2010108791975,229800,2024-01-05
810.416748046875,810.416748046875,810.4266139991015,798.9341632948377,809.6972554332818,171400,2024-01-08
812.1513671875,812.1513671875,812.8117241614008,794.4987144271369,801.9402282573769,247900,2024-01-09
818.8932495117188,818.8932495117188,820.9236505083653,811.3432691887319,813.3736701853784,198900,2024-01-10
825.0435180664062,825.0435180664062,826.8472426350987,814.674643482147,818.8931800413637,204000,2024-01-11
830.02099609375,830.02099609375,832.3865386130584,821.3080368027295,830.1294012516717,168800,2024-01-12
828.4735717773438,828.4735717773438,829.2423941758425,821.5248731244968,828.1384903407525,240800,2024-01-16
827.024658203125,827.024658203125,831.351539802741,824.8168506993933,826.0981611087116,165000,2024-01-17
859.6688842773438,859.6688842773438,864.7251850251337,842.7258551410167,848.324241861898,323900,2024-01-18
851.5866088867188,851.5866088867188,866.9230505015435,849.9898888077156,863.2170621153286,312700,2024-01-19
864.064697265625,864.064697265625,864.8433855647137,853.0650633003223,856.0909627715727,266900,2024-01-22
863.0593872070312,863.0593872070312,865.7402791363506,853.5874718881338,865.3854658206894,302600,2024-01-23
858.7225341796875,858.7225341796875,869.2589490478823,856.0613141361559,865.1192801088598,169000,2024-01-24
868.7859497070312,868.7859497070312,870.264398747264,858.4762100761739,858.4762100761739,245500,2024-01-25
870.5501708984375,870.5501708984375,870.7177116043866,861.8372119736867,868.8055818598294,189400,2024-01-26
883.2845458984375,883.2845458984375,884.8221304552552,866.8343342517679,868.7957937953744,334100,2024-01-29
901.6370849609375,901.6370849609375,906.2301067448312,876.7695317279374,880.2389779855271,485200,2024-01-30
882.7720947265625,882.7720947265625,909.2461748763099,880.2291454907295,897.1623082277019,600100,2024-01-31
909.3841552734375,909.3841552734375,911.8581029390509,883.6689720423458,888.4197288048482,349000,2024-02-01
958.567138671875,958.567138671875,964.8850775342702,896.0879318233546,919.5952460431546,597000,2024-02-02
932.0536499023438,932.0536499023438,950.6130689163509,927.8942489427396,946.2073199587487,359900,2024-02-05
926.829833984375,926.829833984375,933.985476501366,920.7977068115905,933.985476501366,276000,2024-02-06
931.4229125976562,931.4229125976562,939.041834208795,929.4516471741691,933.0985002392696,275400,2024-02-07
936.2821044921875,936.2821044921875,938.8644574666101,928.2492337303723,934.1334323310858,207500,2024-02-08
947.0859985351562,947.0859985351562,950.246222855611,934.3661393456183,937.3387236517761,237200,2024-02-09
935.4327392578125,935.4327392578125,945.9601699729527,935.2154433182748,945.4269058461593,138300,2024-02-12
923.7794799804688,923.7794799804688,931.926902959314,916.8665150287211,920.402019695685,190500,2024-02-13
932.6576538085938,932.6576538085938,937.1905494485428,926.3372052698079,931.3441737297378,163600,2024-02-14
931.95654296875,931.95654296875,938.6226162012358,927.0483065931707,936.6770790400944,179800,2024-02-15
924.16455078125,924.16455078125,936.4498782208175,923.1670991532211,933.3686761225832,176500,2024-02-16
923.5227661132812,923.5227661132812,928.8457033321288,915.088910270036,915.5629831417278,220700,2024-02-20
929.3394775390625,929.3394775390625,929.6653913333917,915.9184837129575,923.5029865475512,157400,2024-02-21
946.266357421875,946.266357421875,955.2828433950133,939.44230018071,939.6200548979615,207500,2024-02-22
947.0070190429688,947.0070190429688,955.3026007236004,939.0670070681633,945.8120420268634,158500,2024-02-23
951.6486206054688,951.6486206054688,958.2060760074039,950.2857741431307,950.6116879344559,179700,2024-02-26
957.4849853515625,957.4849853515625,960.615613844796,949.0511910555801,949.8708879418576,138100,2024-02-27
962.5808715820312,962.5808715820312,964.6942779016094,954.5717234641933,958.5812401766461,142500,2024-02-28
961.3564453125,961.3564453125,967.3015542744538,950.977112417035,964.3487402724849,395600,2024-02-29
968.703857421875,968.703857421875,970.9159964030342,960.8131516484533,961.020562281537,193000,2024-03-01
975.3204956054688,975.3204956054688,985.9960853553433,967.5878945436917,967.5878945436917,244300,2024-03-04
973.50341796875,973.50341796875,986.5787868408363,969.2470093975344,970.5011776782294,222800,2024-03-05
970.3826904296875,970.3826904296875,979.3892908962148,965.474514506541,976.5549802382324,238800,2024-03-06
976.7426147460938,976.7426147460938,983.033407661352,969.1976535366806,975.5476980227157,189600,2024-03-07
958.2554321289062,958.2554321289062,983.3001014528526,958.2554321289062,976.7426461203308,206600,2024-03-08
952.0040893554688,952.0040893554688,954.0681295772819,942.7999636120863,954.0681295772819,159200,2024-03-11
960.339111328125,960.339111328125,965.2769429384274,953.2780482911514,954.107570246974,136100,2024-03-12
962.6204833984375,962.6204833984375,964.4869984001167,949.8413715018092,962.0180823480345,303100,2024-03-13
979.3597412109375,979.3597412109375,1004.2464269421964,968.9310422720436,1004.2464269421964,284600,2024-03-14
982.00634765625,982.00634765625,982.7075414649406,971.8146556804202,971.9825250827415,278000,2024-03-15
982.1249389648438,982.1249389648438,1001.0170897782488,979.2511471469005,989.1564071933473,187100,2024-03-18
989.2056884765625,989.2056884765625,992.1980434643632,981.8878483086883,982.8260484010482,166400,2024-03-19
1003.5254516601562,1003.5254516601562,1004.0192348626941,989.116891564813,992.0104538985324,177400,2024-03-20
1016.7490234375,1016.7490234375,1021.3214606380701,999.6937326207673,1006.3992866988054,200900,2024-03-21
1014.329345703125,1014.329345703125,1017.1933121488072,1008.0879795881988,1017.1933121488072,130900,2024-03-22
995.2101440429688,995.2101440429688,1009.1644619533665,993.7485650744266,1008.0287364945547,285000,2024-03-25
992.8695068359375,992.8695068359375,1001.7181224107374,992.0004436867937,994.2817193842308,212300,2024-03-26
1007.4855346679688,1007.4855346679688,1008.5224672681383,994.6175766210002,998.1727913290862,172300,2024-03-27
1004.6511840820312,1004.6511840820312,1013.7071501679911,1002.7451883578007,1006.6559726019361,165200,2024-03-28
997.0865478515625,997.0865478515625,1004.9673083821159,995.0126222597589,1003.1304493567833,122800,2024-04-01
988.0601196289062,988.0601196289062,997.7975092401048,983.9715805296553,997.5309073171211,187400,2024-04-02
994.1830444335938,994.1830444335938,999.8220096462744,985.620861161231,985.620861161231,164000,2024-04-03
980.8212280273438,980.8212280273438,1003.7228934662144,978.3227165740897,999.9010166187311,157400,2024-04-04
1002.2119140625,1002.2119140625,1005.8757464183179,982.6581135932254,987.319397545254,138700,2024-04-05
1002.1033325195312,1002.1033325195312,1008.9076793734946,999.871483123134,1002.9526854199723,148600,2024-04-08
995.1804809570312,995.1804809570312,1003.2784765838646,974.2045216264038,1003.2784765838646,190200,2024-04-09
988.4058227539062,988.4058227539062,1001.9354947002954,983.1025959252491,989.7489588888312,235400,2024-04-10
954.2557373046875,954.2557373046875,976.8216038424185,950.0980613545065,962.1266120248789,371900,2024-04-11
952.9717407226562,952.9717407226562,958.037960223277,946.9574962332698,949.2288864705321,249500,2024-04-12
943.5407104492188,943.5407104492188,967.8644766684585,938.1881172261897,967.8644766684585,236300,2024-04-15
944.7948608398438,944.7948608398438,948.7846072241476,938.7015932922483,946.6218344904647,198600,2024-04-16
938.1089477539062,938.1089477539062,950.5127778716673,931.4132796910865,950.5127778716673,164400,2024-04-17
925.8828735351562,925.8828735351562,944.103483556446,924.2534253299674,944.103483556446,188200,2024-04-18
930.9293823242188,930.9293823242188,934.23770526725,921.1919329477317,928.8258613158396,262000,2024-04-19
930.356689453125,930.356689453125,944.2616412988557,928.7172954677675,936.6869635812315,289900,2024-04-22
943.906005859375,943.906005859375,950.0190438855599,930.3566246724927,934.1785015677693,201500,2024-04-23
946.4046630859375,946.4046630859375,953.2386058655869,934.2872037698639,941.9507288675877,295900,2024-04-24
936.0548706054688,936.0548706054688,943.6097166532087,909.4004054711446,923.9472980936215,419000,2024-04-25
917.7059326171875,917.7059326171875,938.5336735600868,911.6521459602666,923.51282768215,357400,2024-04-26
922.8807983398438,922.8807983398438,931.2553421011131,908.6203371508076,928.3914357145093,304600,2024-04-29
909.8942260742188,909.8942260742188,927.7494424342235,906.3390113496843,920.1748254602546,548800,2024-04-30
908.8572387695312,908.8572387695312,920.2043657242391,907.5339337041738,910.6151356869988,245600,2024-05-01
912.4125366210938,912.4125366210938,918.0416163590721,906.8525334816048,912.6495428909543,201400,2024-05-02
920.3525390625,920.3525390625,924.816358022197,914.9999465994983,918.1798811495385,129800,2024-05-03
928.3518676757812,928.3518676757812,930.0801088212716,920.4019704617796,927.4926897569818,185100,2024-05-06
934.129150390625,934.129150390625,942.691333778062,931.1269101062057,933.1612943786004,286800,2024-05-07
937.1213989257812,937.1213989257812,941.8419947845132,931.1762907723695,935.4425241562161,235400,2024-05-08
944.3209228515625,944.3209228515625,946.8786861644234,937.753581945934,939.8768738924589,172900,2024-05-09
948.7942504882812,948.7942504882812,951.1991855000934,942.0841960860222,947.5373271786641,176600,2024-05-10
939.4713134765625,939.4713134765625,951.1397141563122,936.2152010441013,951.1397141563122,142000,2024-05-13
940.7479858398438,940.7479858398438,943.1628271545302,932.0882151998893,942.6383238867656,277400,2024-05-14
948.2697143554688,948.2697143554688,950.1006132499444,942.1336358137421,943.8358704177119,288900,2024-05-15
938.0363159179688,938.0363159179688,946.7159002574595,936.047033086639,944.6771451001592,262700,2024-05-16
935.9083862304688,935.9083862304688,946.1318808256145,927.5059442481306,939.3129155803362,197100,2024-05-17
943.5686645507812,943.5686645507812,944.894812785771,935.4729626855263,935.4729626855263,141600,2024-05-20
946.9038696289062,946.9038696289062,947.9133103796577,937.3929214123688,946.933528859869,175300,2024-05-21
953.97021484375,953.97021484375,961.6601105892889,944.8947920235282,947.9925205601235,214000,2024-05-22
944.855224609375,944.855224609375,958.9681863332193,942.7076183835886,958.9681863332193,222100,2024-05-23
956.4345703125,956.4345703125,957.6221476660542,942.5294046726865,947.0820060157847,158500,2024-05-24
929.4358520507812,929.4358520507812,955.0489840407286,927.3278116369659,953.2576510568414,303000,2024-05-28
901.1802978515625,901.1802978515625,910.3843850737098,894.8363633217349,902.4372210647621,377000,2024-05-29
898.1122436523438,898.1122436523438,903.6743464253124,893.8962230283215,902.7044109978473,291200,2024-05-30
911.9579467773438,911.9579467773438,912.8387232088133,888.7002782532246,897.7361347293115,503900,2024-05-31
879.397216796875,879.397216796875,913.1752749872899,869.5300558713727,913.1752749872899,413800,2024-06-03
877.9721069335938,877.9721069335938,885.2265376573419,872.7366786038717,878.1799631817341,240300,2024-06-04
881.0896606445312,881.0896606445312,886.4834125660942,875.0228676452675,880.8521451609987,199400,2024-06-05
869.965576171875,869.965576171875,877.9622126806212,865.9572909656206,876.8438602737764,209300,2024-06-06
883.0492553710938,883.0492553710938,890.9073817297696,867.2439645471177,873.1424672850276,220100,2024-06-07
888.1065063476562,888.1065063476562,893.0054745647898,880.0405845086452,880.0405845086452,158700,2024-06-10
891.0062866210938,891.0062866210938,891.1646705458912,880.1989093757496,886.6714478677311,171000,2024-06-11
905.4656982421875,905.4656982421875,910.0677118232653,895.0937255186991,903.0706094650039,298200,2024-06-12
911.5719604492188,911.5719604492188,911.621432769534,896.8354911946989,901.7641182510561,199200,2024-06-13
897.4392700195312,897.4392700195312,901.3782698193343,881.9803463929462,888.4826046004052,399600,2024-06-14
907.9893188476562,907.9893188476562,916.0849598951659,894.5295250457204,894.5295250457204,364500,2024-06-17
914.9567260742188,914.9567260742188,918.5790182847786,904.0305913853305,906.6433824215103,216500,2024-06-18
905.8516235351562,905.8516235351562,918.1435935581288,904.2087678237465,912.304409449619,186400,2024-06-20
905.6240234375,905.6240234375,906.7028100844284,892.9461208298129,905.1786516950842,389200,2024-06-21
906.0594482421875,906.0594482421875,910.1963372181293,900.6953556970665,908.2565268116984,283400,2024-06-24
900.6953735351562,900.6953735351562,902.6747497583927,889.7197057987717,902.1600926105053,195000,2024-06-25
899.4186401367188,899.4186401367188,899.8838249616919,885.9291862990277,894.0149816894002,272100,2024-06-26
894.4207763671875,894.4207763671875,905.0599241860792,891.2933883310576,899.6166392554834,163600,2024-06-27
892.9361572265625,892.9361572265625,907.3559196973782,887.4235874118287,894.1039819038901,422700,2024-06-28
886.9486694335938,886.9486694335938,899.4088704369199,884.6723986571626,899.2702995916811,219100,2024-07-01
908.5039672851562,908.5039672851562,910.8594298244558,881.2776980616667,884.7118868159433,297500,2024-07-02
906.0692749023438,906.0692749023438,911.8292663387358,900.180619192872,905.0103014885595,129000,2024-07-03
903.139892578125,903.139892578125,909.0978344613096,898.716015623821,903.95144409488,169000,2024-07-05
907.890380859375,907.890380859375,913.5316152751053,904.0405399464438,906.6236114654178,186000,2024-07-08
899.2009887695312,899.2009887695312,908.0289903411896,897.9144062283924,905.8615708304799,249300,2024-07-09
893.9655151367188,893.9655151367188,898.6862863990486,879.5853177405208,895.6875628027307,336800,2024-07-10
894.7671508789062,894.7671508789062,909.929119582797,893.6685511672798,900.8042241938768,291700,2024-07-11
908.9889526367188,908.9889526367188,924.2894919788667,902.397596073897,912.5023333050174,341900,2024-07-12
933.0581665039062,933.0581665039062,941.1240881941096,909.4837889509357,912.1262392376746,323500,2024-07-15
977.881103515625,977.881103515625,978.5441776122616,939.2535489535408,940.629229875177,416200,2024-07-16
964.767822265625,964.767822265625,980.2465596317089,963.5406186084778,972.9228430634942,334900,2024-07-17
947.48779296875,947.48779296875,972.8139382414662,945.3006209088585,958.6811630586215,321200,2024-07-18
936.07666015625,936.07666015625,953.5842440818028,932.8205478297621,953.5842440818028,192200,2024-07-19
941.797119140625,941.797119140625,943.3113709939882,926.6153368562067,940.7282994384784,201200,2024-07-22
941.4902954101562,941.4902954101562,948.8436708847483,939.3129694674647,941.6783385689744,159000,2024-07-23
923.0128784179688,923.0128784179688,940.6787880059161,922.5675066624382,938.78851018877,212600,2024-07-24
944.3109130859375,944.3109130859375,954.2968320640733,921.7657894522966,927.2783593497386,217400,2024-07-25
960.3339233398438,960.3339233398438,968.2909934687412,950.2192801176249,951.5157690392319,213300,2024-07-26
956.8403930664062,956.8403930664062,962.9665651002844,955.385580488003,961.1356661943134,130600,2024-07-29
956.3949584960938,956.3949584960938,962.5211301275543,950.8626359560959,957.6617882332679,159900,2024-07-30
966.7371826171875,966.7371826171875,981.6616953388952,959.0374409919141,964.648955327099,385100,2024-07-31
932.6424560546875,932.6424560546875,976.5549118725036,906.8511867885601,929.6536390922087,573100,2024-08-01
942.96484375,942.96484375,947.4283464652137,918.7472064608122,927.9810127667145,361100,2024-08-02
940.1937866210938,940.1937866210938,948.873370571018,914.7192246416813,935.4333892856052,278700,2024-08-05
942.8362426757812,942.8362426757812,961.0762475914669,933.0779324667146,940.8568664675762,300100,2024-08-06
941.3814086914062,941.3814086914062,963.7087693946028,937.0366635160841,952.7529150833195,259000,2024-08-07
962.21435546875,962.21435546875,963.6692283970152,949.6354582886809,949.6354582886809,207700,2024-08-08
969.2114868164062,969.2114868164062,971.675800612072,953.2873781170343,959.9974926791904,154500,2024-08-09
951.5183715820312,951.5183715820312,968.0709181493609,949.5646252051671,968.0709181493609,145500,2024-08-12
953.2242431640625,953.2242431640625,956.2391844943431,932.1293995816977,954.2755107787148,248700,2024-08-13
944.8538208007812,944.8538208007812,953.2143862326872,940.4900338521355,952.7581528822649,227300,2024-08-14
950.943115234375,950.943115234375,957.7267477727412,942.1659666395242,951.9150246809155,209700,2024-08-15
958.4111328125,958.4111328125,962.4971963361992,948.721577534648,950.635735644725,294800,2024-08-16
950.2489624023438,950.2489624023438,962.0410532344671,943.1379695252616,957.5879811418972,280100,2024-08-19
954.473876953125,954.473876953125,958.1235618942186,948.85053043433,951.1316364884353,147500,2024-08-20
972.1768188476562,972.1768188476562,976.2033789201305,957.6375828812778,959.6806146316961,200000,2024-08-21
969.1024169921875,969.1024169921875,977.591916164492,964.9964986562701,973.8430184145283,154600,2024-08-22
974.1405029296875,974.1405029296875,977.6711809593908,966.6725501942042,972.9900831248884,131200,2024-08-23
965.5717163085938,965.5717163085938,978.8216712484884,957.3003763988124,977.8794831693644,183500,2024-08-26
959.3928833007812,959.3928833007812,965.9087805526184,952.8769860489441,961.7334319954435,161400,2024-08-27
960.364990234375,960.364990234375,965.2940293460508,953.2837791845881,959.4425962423364,160300,2024-08-28
960.0673828125,960.0673828125,972.5636479014748,956.8441492013231,964.0047181159667,141900,2024-08-29
976.808349609375,976.808349609375,977.3538077965139,958.1334738670334,963.4393879648559,313400,2024-08-30
952.1531372070312,952.1531372070312,975.2315095544807,946.5496452535842,974.5571171611205,217400,2024-09-03
944.4470825195312,944.4470825195312,953.5713250176764,937.0882093049266,950.5861051717334,143500,2024-09-04
930.7508544921875,930.7508544921875,939.7362357947768,919.5538583762984,939.7362357947768,242500,2024-09-05
940.1231079101562,940.1231079101562,949.1977752970594,934.3213110775381,934.3213110775381,174300,2024-09-06
964.1336059570312,964.1336059570312,968.9436378248837,947.1347540631191,947.1347540631191,237000,2024-09-09
969.6279907226562,969.6279907226562,971.0957823303124,959.0359566044082,968.8544461435472,172400,2024-09-10
980.4977416992188,980.4977416992188,981.8861752151,949.5646148742168,969.2114606234002,199100,2024-09-11
988.7194213867188,988.7194213867188,990.1277095229202,971.8197821548627,980.4580091133192,128900,2024-09-12
985.6350708007812,985.6350708007812,994.9873996230489,980.9440456656013,988.6897213814124,198600,2024-09-13
999.9065551757812,999.9065551757812,1000.7891792643429,985.8829955710171,993.6981019133691,207400,2024-09-16
1005.6290283203125,1005.6290283203125,1014.6937674934592,1002.2471390858248,1005.1331462281161,180000,2024-09-17
1004.8355712890625,1004.8355712890625,1020.1384845102439,1000.9775943058589,1008.2273876555207,158600,2024-09-18
1021.6162719726562,1021.6162719726562,1025.5932560755841,1013.9598814509707,1025.5932560755841,156600,2024-09-19
1023.7186889648438,1023.7186889648438,1028.6874366877473,1011.4009960480034,1016.7763404091646,323600,2024-09-20
1033.4974365234375,1033.4974365234375,1038.0893089125718,1024.244321530321,1028.9254187856734,233600,2024-09-23
1032.1387939453125,1032.1387939453125,1034.747138411787,1018.1054285623524,1028.350308292521,216200,2024-09-24
1023.6592407226562,1023.6592407226562,1040.3803684858449,1022.8657810373174,1037.6827992596136,246800,2024-09-25
1035.3323974609375,1035.3323974609375,1039.0217310258254,1026.7536133911892,1028.3007025040624,193300,2024-09-26
1027.4080810546875,1027.4080810546875,1037.6530820623177,1022.9055542009017,1031.8115767728116,148100,2024-09-27
1030.254638671875,1030.254638671875,1035.887791596881,1022.4592654322203,1030.3041542434703,238100,2024-09-30
1031.3355712890625,1031.3355712890625,1038.1291315529154,1021.5864521421759,1029.73884552376,142100,2024-10-01
1029.5802001953125,1029.5802001953125,1032.624863098817,1026.4958279820003,1029.451266003407,91900,2024-10-02
1020.6741333007812,1020.6741333007812,1028.8661151387892,1012.5416548924632,1028.8661151387892,147700,2024-10-03
1024.7303466796875,1024.7303466796875,1028.9453441774137,1014.654049884119,1028.9453441774137,96000,2024-10-04
1014.4160766601562,1014.4160766601562,1021.0708359432199,1010.201078994236,1010.201078994236,220000,2024-10-07
1020.089111328125,1020.089111328125,1022.6081102390394,1015.8741131985341,1021.4576297925349,131200,2024-10-08
1021.120361328125,1021.120361328125,1028.370215494382,1015.7846652712576,1017.0740071133296,231800,2024-10-09
1016.717041015625,1016.717041015625,1028.846298047983,1014.8028828036773,1017.0740616067978,173900,2024-10-10
1076.103759765625,1076.103759765625,1079.87239071352,1037.3852504902884,1039.4679308910927,514500,2024-10-11
1089.323974609375,1089.323974609375,1094.560518328973,1076.4806774105662,1086.8644189103102,195100,2024-10-14
1076.62939453125,1076.62939453125,1096.9011174544746,1075.6674123260607,1095.4134711749168,265100,2024-10-15
1103.7642822265625,1103.7642822265625,1106.4419973779636,1085.1884354191873,1085.1884354191873,209000,2024-10-16
1110.2501220703125,1110.2501220703125,1110.7360767915334,1093.9555057902942,1098.2100914325122,134400,2024-10-17
1117.71826171875,1117.71826171875,1119.2257626843643,1105.1030500564516,1115.030619457536,253400,2024-10-18
1111.1329345703125,1111.1329345703125,1120.6142585187079,1101.889745411826,1120.5149852458428,153500,2024-10-21
1089.87939453125,1089.87939453125,1109.635258263361,1084.553626064738,1109.635258263361,243000,2024-10-22
1083.5321044921875,1083.5321044921875,1088.6793022655286,1076.738544348923,1082.3915515186566,100100,2024-10-23
1073.297119140625,1073.297119140625,1084.0380031383668,1072.5632233020958,1081.499028620776,148900,2024-10-24
1081.9552001953125,1081.9552001953125,1089.6711548835012,1074.34844610851,1074.34844610851,169700,2024-10-25
1095.0364990234375,1095.0364990234375,1098.3688118669197,1085.4065083668727,1091.962054530786,186300,2024-10-28
1089.30419921875,1089.30419921875,1098.4581635350444,1086.0115952999242,1091.4563711445126,191500,2024-10-29
1090.2860107421875,1090.2860107421875,1103.7145366156474,1088.0149530712513,1090.9803183141698,292400,2024-10-30
1100.0947265625,1100.0947265625,1120.7036183611565,1082.203259338317,1119.2656085110452,490500,2024-10-31
1095.9688720703125,1095.9688720703125,1108.1279115225432,1092.3985449650918,1102.3558968266832,248300,2024-11-01
1086.65625,1086.65625,1098.7855067741232,1085.049596841444,1098.7855067741232,153700,2024-11-04
1112.7791748046875,1112.7791748046875,1113.5329252058514,1086.0015441058354,1086.0015441058354,171500,2024-11-05
1185.1185302734375,1185.1185302734375,1189.125296451813,1140.5288498078273,1154.8400607309584,399200,2024-11-06
1179.157958984375,1179.157958984375,1187.3300860425745,1170.0139224120392,1183.5713821704535,264100,2024-11-07
1194.5072021484375,1194.5072021484375,1202.3755846710865,1173.4057576242178,1180.2508295979217,287200,2024-11-08
1212.966064453125,1212.966064453125,1219.6521460171052,1199.722936926704,1199.722936926704,223900,2024-11-11
1200.4580078125,1200.4580078125,1214.366686317531,1196.7027567844214,1212.1114740417956,191800,2024-11-12
1194.16943359375,1194.16943359375,1210.6810183510954,1190.5034399864332,1199.3354660686741,186100,2024-11-13
1168.3389892578125,1168.3389892578125,1192.1724946786724,1158.6525877385482,1190.7021680057512,393200,2024-11-14
1170.643798828125,1170.643798828125,1171.5976192870557,1161.1958221372845,1166.3520312221362,232100,2024-11-15
1164.4842529296875,1164.4842529296875,1178.184340179968,1160.0830962623131,1173.892451434594,191900,2024-11-18
1164.424560546875,1164.424560546875,1169.7497041093065,1152.0060977640692,1152.0060977640692,138500,2024-11-19
1170.7630615234375,1170.7630615234375,1171.7764275879297,1154.4403003836278,1164.3551826201783,143400,2024-11-20
1186.6190185546875,1186.6190185546875,1191.6161162060848,1165.6268425526507,1174.955607087014,157000,2024-11-21
1198.779052734375,1198.779052734375,1199.593650518163,1187.5825474804758,1194.5070531018432,206700,2024-11-22
1207.8297119140625,1207.8297119140625,1219.4334563663838,1191.8546440280345,1200.7760488574754,457500,2024-11-25
1209.3597412109375,1209.3597412109375,1211.734044795814,1194.040280431225,1208.6046889012305,187100,2024-11-26
1198.0042724609375,1198.0042724609375,1213.3534457450944,1195.5205796140472,1212.0421092825247,163800,2024-11-27
1197.4776611328125,1197.4776611328125,1207.0746839346598,1197.408171095971,1197.8750762300724,126600,2024-11-29
1186.2017822265625,1186.2017822265625,1200.1701292801608,1182.7246121734215,1200.1701292801608,201300,2024-12-02
1185.377197265625,1185.377197265625,1193.8416417519381,1176.49544872926,1191.338059999754,206300,2024-12-03
1184.82080078125,1184.82080078125,1188.6060068574554,1180.69784643764,1185.6355199411869,180200,2024-12-04
1180.8966064453125,1180.8966064453125,1187.5131980408746,1178.7108840103922,1180.6581816377304,192000,2024-12-05
1177.4293212890625,1177.4293212890625,1184.8704548607207,1173.425579580814,1182.7443993725244,194700,2024-12-06
1154.4700927734375,1154.4700927734375,1181.8800915358086,1149.323828123074,1181.8800915358086,309100,2024-12-09
1149.959716796875,1149.959716796875,1154.738278706178,1135.971602533881,1151.2214521496244,285800,2024-12-10
1147.9627685546875,1147.9627685546875,1162.0999280314381,1140.4918014922218,1162.0999280314381,262300,2024-12-11
1141.51513671875,1141.51513671875,1151.559175685101,1133.944846038892,1151.559175685101,208600,2024-12-12
1135.1668701171875,1135.1668701171875,1142.0913768313058,1131.6301544825972,1137.7697754309484,179800,2024-12-13
1132.4447021484375,1132.4447021484375,1142.508630205021,1129.5040486867754,1137.948604190011,255800,2024-12-16
1113.00244140625,1113.00244140625,1128.907898966713,1108.1144901815394,1126.9905559853787,306100,2024-12-17
1084.2113037109375,1084.2113037109375,1117.3239725753874,1082.5224411757547,1115.44628633151,339400,2024-12-18
1074.4952392578125,1074.4952392578125,1096.6695954552656,1074.3163600136918,1091.5332750306943,325200,2024-12-19
1085.8306884765625,1085.8306884765625,1091.9903192386948,1064.8484570515006,1070.5907837744824,732600,2024-12-20
1075.280029296875,1075.280029296875,1081.101790868556,1068.1766433883638,1081.101790868556,257300,2024-12-23
1083.8636474609375,1083.8636474609375,1085.7115003486708,1075.816507054982,1077.6643599427152,121100,2024-12-24
1075.568115234375,1075.568115234375,1082.5622328105353,1073.5811610387893,1082.3039190631846,118400,2024-12-26
1062.007080078125,1062.007080078125,1075.6972229660657,1057.8544139125343,1067.8188965798947,173500,2024-12-27
1051.307373046875,1051.307373046875,1058.9273861340291,1038.5213275008762,1053.9102782223335,181000,2024-12-30
1047.174560546875,1047.174560546875,1055.2018116629035,1044.194129318649,1052.9465992963633,168600,2024-12-31
1034.9149169921875,1034.9149169921875,1058.4504508698915,1031.9842082664836,1056.9105129654397,160200,2025-01-02
1047.1148681640625,1047.1148681640625,1051.5160248642856,1030.8814870937763,1036.4648232741397,170500,2025-01-03
1047.1348876953125,1047.1348876953125,1057.7948783870668,1042.4258155842679,1046.7971394123028,212400,2025-01-06
1055.8177490234375,1055.8177490234375,1058.3908206606523,1038.7001586266053,1044.5517530823365,298100,2025-01-07
1061.8680419921875,1061.8680419921875,1072.0810158050792,1049.896715561998,1052.4896762703534,239800,2025-01-08
1045.61474609375,1045.61474609375,1061.2321768101315,1042.4257234492147,1049.6085433910514,288900,2025-01-10
1068.9615478515625,1068.9615478515625,1071.306139423995,1045.6148343155282,1045.6148343155282,267800,2025-01-13
1080.783935546875,1080.783935546875,1087.9965894162199,1070.531304636422,1077.7836151257231,296000,2025-01-14
1086.2281494140625,1086.2281494140625,1109.704019043816,1084.5988323543097,1094.7620840755983,539800,2025-01-15
1103.1072998046875,1103.1072998046875,1109.3065873532971,1086.2679110712734,1091.5332670612963,300700,2025-01-16
1106.336181640625,1106.336181640625,1120.3244181811458,1086.2978242049255,1102.4219396984188,697500,2025-01-17
1114.1944580078125,1114.1944580078125,1125.93730339889,1105.1934977074297,1116.2211900010757,343300,2025-01-21
1115.6053466796875,1115.6053466796875,1121.2979513314044,1109.7239183074182,1114.6813595718597,308300,2025-01-22
1114.09521484375,1114.09521484375,1123.155721357667,1111.4724206852395,1119.6487180064944,141400,2025-01-23
1114.2540283203125,1114.2540283203125,1119.489671903177,1108.5514796185275,1111.8300024717464,108600,2025-01-24
1125.033447265625,1125.033447265625,1131.2029016109932,1106.5845085224364,1106.5845085224364,215800,2025-01-27
1123.90087890625,1123.90087890625,1130.2293236108605,1112.04864294001,1119.5891006829258,167200,2025-01-28
1106.743408203125,1106.743408203125,1131.7194364707184,1103.2165160703037,1119.8672015820325,257200,2025-01-29
1118.724853515625,1118.724853515625,1123.245223431817,1111.1347941827173,1114.3238172904114,293800,2025-01-30
1055.7384033203125,1055.7384033203125,1076.8795048373622,1023.2914057468827,1055.2713768929948,839700,2025-01-31
1039.912109375,1039.912109375,1048.1182391292534,1023.9370428107205,1036.961511779147,439000,2025-02-03
1035.7891845703125,1035.7891845703125,1049.866797768798,1033.6135280823357,1049.866797768798,298100,2025-02-04
1036.1173095703125,1036.1173095703125,1041.323120519421,1015.095297564737,1035.8986524128497,345400,2025-02-05
1038.50146484375,1038.50146484375,1044.1842462212082,1029.9079846498346,1038.233327887657,223000,2025-02-06
1029.043701171875,1029.043701171875,1041.6210348264553,1024.7816453049713,1038.9685283980205,194400,2025-02-07
1033.7421875,1033.7421875,1038.6497964356597,1025.3406701352162,1038.6497964356597,165100,2025-02-10
1041.59619140625,1041.59619140625,1043.0097702756389,1028.4762644288653,1032.886027789144,216900,2025-02-11
1022.8718872070312,1022.8718872070312,1029.0834684282747,1021.010405679424,1024.902517000611,345100,2025-02-12
1023.1505737304688,1023.1505737304688,1031.8507735738597,1019.7561858645328,1026.0573236460216,219400,2025-02-13
1023.051025390625,1023.051025390625,1031.6616687645044,1016.8892042263121,1023.5786416185837,299200,2025-02-14
1017.9841918945312,1017.9841918945312,1025.111628239619,1007.1039607260947,1022.0555371292455,377300,2025-02-18
1016.3914184570312,1016.3914184570312,1017.4366866549809,1003.9184962514241,1010.6775610745639,316600,2025-02-19
1019.6366577148438,1019.6366577148438,1022.5532500832594,1008.2785706692569,1019.6466219084197,241100,2025-02-20
1003.311279296875,1003.311279296875,1018.8103390760871,993.8644341245459,1018.8103390760871,285100,2025-02-21
993.4762573242188,993.4762573242188,1004.7745590067186,993.4762573242188,1000.6036327104478,353400,2025-02-24
998.9910888671875,998.9910888671875,1004.8940840588699,986.3290283885049,991.6944431541139,286200,2025-02-25
1003.490478515625,1003.490478515625,1008.3383017515454,999.8272399348084,1002.6144800770298,163600,2025-02-26
1006.3175659179688,1006.3175659179688,1016.919103949173,1003.3611166051234,1005.1828021732912,171900,2025-02-27
1016.5607299804688,1016.5607299804688,1025.1713124244009,1002.0769235746144,1015.3562169093575,312100,2025-02-28
994.9495849609375,994.9495849609375,1019.8158392878161,991.863722607143,1016.3517020961652,279100,2025-03-03
984.2784423828125,984.2784423828125,997.9757466389715,978.136488597354,987.7923398720002,313300,2025-03-04
980.5753173828125,980.5753173828125,993.5260965096671,973.398120459075,984.7860400301109,393300,2025-03-05
991.2863159179688,991.2863159179688,993.6255927189446,973.8460601606959,975.3491952720185,269300,2025-03-06
1003.1221923828125,1003.1221923828125,1008.7166011911103,986.2393847763468,986.8963532426919,326500,2025-03-07
1011.2152099609375,1011.2152099609375,1026.5052051196033,1003.3411878094665,1004.6452213395906,363000,2025-03-10
977.0712890625,977.0712890625,1004.505813324317,975.319352907827,1000.434468024347,491700,2025-03-11
963.881591796875,963.881591796875,988.4791151140761,962.3088288936962,980.3164355467741,362000,2025-03-12
949.1987915039062,949.1987915039062,961.8609126861202,948.302925393056,960.6066393736487,331000,2025-03-13
963.4137573242188,963.4137573242188,964.4987607942395,949.1987415408206,960.1188293825292,267100,2025-03-14
972.9601440429688,972.9601440429688,976.0560314019519,960.6365620454293,960.6365620454293,212200,2025-03-17
970.3322143554688,970.3322143554688,974.513044540162,961.8111876317479,968.9087319629037,205800,2025-03-18
979.1119995117188,979.1119995117188,981.1725218783853,964.369427986551,969.1176701130286,251600,2025-03-19
969.2271728515625,969.2271728515625,979.8784709093483,966.599238205347,970.5113387286673,196900,2025-03-20
968.6597900390625,968.6597900390625,969.4660998802752,957.6202533169977,962.4382447342483,385000,2025-03-21
987.0755615234375,987.0755615234375,988.5090079881561,977.0314720767815,977.0314720767815,259200,2025-03-24
985.69189453125,985.69189453125,995.3775769830384,977.170868368155,988.5786551470716,204000,2025-03-25
983.6911010742188,983.6911010742188,994.9894039853114,982.4467919096807,988.140721483111,158500,2025-03-26
982.745361328125,982.745361328125,987.185078062056,975.5283685603002,987.185078062056,140800,2025-03-27
970.5909423828125,970.5909423828125,982.4765239887911,963.7123679955223,982.4765239887911,214800,2025-03-28
983.3327026367188,983.3327026367188,988.7976984773202,963.8717204835248,965.6833810649168,252100,2025-03-31
989.5343017578125,989.5343017578125,991.7442262708355,972.2831837140661,976.7925889695185,226600,2025-04-01
1000.3449096679688,1000.3449096679688,1002.1168350714544,978.16637484211,980.3762387419721,255200,2025-04-02
968.9783325195312,968.9783325195312,973.1492591495626,950.6621385979536,951.5381370852118,388400,2025-04-03
938.139404296875,938.139404296875,970.6606510143138,935.1829549395089,955.3307988419932,451500,2025-04-04
919.6439208984375,919.6439208984375,949.1788846568015,889.9198804888846,920.3606745147855,443500,2025-04-07
915.7418212890625,915.7418212890625,952.443958134634,904.9512066531261,940.6976922244515,295300,2025-04-08
960.9749145507812,960.9749145507812,975.5482769889795,898.3314258985893,906.6035901818985,503000,2025-04-09
956.3162231445312,956.3162231445312,963.3241499273859,925.8157047554331,960.4971137552192,312000,2025-04-10
989.474609375,989.474609375,994.5414628302548,952.5136465203594,954.6638466976059,395300,2025-04-11
995.6464233398438,995.6464233398438,1000.9422103822895,975.6677883019682,989.4746377936981,237200,2025-04-14
995.178466796875,995.178466796875,999.458938607792,988.2700604030135,994.192983733611,161600,2025-04-15
980.8440551757812,980.8440551757812,1004.4859273469208,974.2043782776356,986.8764630763156,306400,2025-04-16
998.125,998.125,1008.8758180889505,982.9842255388079,985.3832874220853,412200,2025-04-17
974.3239135742188,974.3239135742188,993.4862736294982,963.7024473983365,993.4862736294982,284900,2025-04-21
994.302490234375,994.302490234375,995.0690040814638,980.5155697244109,980.5155697244109,221900,2025-04-22
987.80224609375,987.80224609375,1013.3255287774258,984.8557002904854,1005.8994702417634,184100,2025-04-23
1014.5101318359375,1014.5101318359375,1016.690163835475,978.3853107284709,991.923430352588,246400,2025-04-24
1009.254150390625,1009.254150390625,1017.6756564312612,1000.9720215539021,1017.6756564312612,149600,2025-04-25
1006.8052978515625,1006.8052978515625,1023.3894226568871,1000.1457531768085,1013.7734287501036,187900,2025-04-28
1008.0994262695312,1008.0994262695312,1010.8169778732105,1000.3150213303834,1000.3150213303834,307300,2025-04-29
1019.6466674804688,1019.6466674804688,1021.7370824773997,993.7849056846017,1008.7663751820212,459000,2025-04-30
1048.634033203125,1048.634033203125,1078.0195334792543,1021.2989695269594,1040.9590523989111,464500,2025-05-01
1063.1376953125,1063.1376953125,1069.7674082230762,1052.5162290869357,1052.5162290869357,310700,2025-05-02
1060.629150390625,1060.629150390625,1071.3102802822175,1056.4682488007738,1056.4682488007738,265300,2025-05-05
1037.1265869140625,1037.1265869140625,1055.960492001289,1035.9121704730508,1048.2059192977058,213400,2025-05-06
1038.9881591796875,1038.9881591796875,1046.931809221931,1034.8669927600783,1039.9139786386584,170900,2025-05-07
1041.12841796875,1041.12841796875,1054.6864056830375,1039.2669363304335,1046.105654596823,221800,2025-05-08
1032.338623046875,1032.338623046875,1043.7165175030582,1025.3902989028782,1043.7165175030582,287200,2025-05-09
1064.910888671875,1064.910888671875,1070.856794880817,1043.9310036957786,1057.9175530865252,303400,2025-05-12
1063.83349609375,1063.83349609375,1072.592640954792,1060.92039785082,1067.4348946280159,280000,2025-05-13
1067.265380859375,1067.265380859375,1076.0843197095119,1059.4339556474138,1064.950831074301,203200,2025-05-14
1081.9302978515625,1081.9302978515625,1085.6613918127089,1067.4448169294908,1067.4448169294908,279800,2025-05-15
1099.03955078125,1099.03955078125,1100.2166757563161,1083.4567104455907,1084.394416043357,389000,2025-05-16
1097.7926025390625,1097.7926025390625,1101.0647081892248,1090.2107042297298,1090.2107042297298,185300,2025-05-19
1088.9337158203125,1088.9337158203125,1099.38876860609,1085.6515024451753,1092.8343278122109,149300,2025-05-20
1078.8077392578125,1078.8077392578125,1088.3948654526816,1075.6851796800083,1077.4809467536131,150000,2025-05-21
1075.5755615234375,1075.5755615234375,1082.389271912525,1069.3803715373128,1079.2069180692042,157800,2025-05-22
1069.3304443359375,1069.3304443359375,1075.1864771552064,1064.571770714257,1066.8563627181143,127600,2025-05-23
1087.2177734375,1087.2177734375,1088.6443037601273,1072.652404416883,1080.2244380860238,168600,2025-05-27
1078.4886474609375,1078.4886474609375,1092.2257918224082,1077.1817049745914,1090.3502587221271,159000,2025-05-28
1083.1573486328125,1083.1573486328125,1084.554042819263,1073.260901421905,1079.3564747769135,150300,2025-05-29
1084.97314453125,1084.97314453125,1089.8115837703467,1078.7878190324464,1084.2847224674053,360800,2025-05-30
1071.88427734375,1071.88427734375,1087.1379475020049,1059.5536914673546,1077.032037860289,159400,2025-06-02
1085.4520263671875,1085.4520263671875,1086.6091795089171,1070.3978317687504,1072.4230324367115,176500,2025-06-03
1073.400634765625,1073.400634765625,1088.2552313636027,1073.400634765625,1085.4419927240838,189800,2025-06-04
1082.93798828125,1082.93798828125,1083.6762183657654,1069.8492005455782,1075.0867128311015,144900,2025-06-05
1091.766845703125,1091.766845703125,1095.2385484329398,1086.5393196970906,1095.2385484329398,167700,2025-06-06
1075.794921875,1075.794921875,1097.3834620511268,1074.7673426788012,1097.3834620511268,170100,2025-06-09
1082.75830078125,1082.75830078125,1085.5317173073165,1069.450066330338,1080.4338869218914,172300,2025-06-10
1076.0643310546875,1076.0643310546875,1080.69330877286,1071.1061821289113,1080.69330877286,166300,2025-06-11
1078.9774169921875,1078.9774169921875,1080.3141954993173,1067.5645654523605,1070.6571672733098,149700,2025-06-12
1061.6986083984375,1061.6986083984375,1076.9622646074965,1059.433988324209,1071.4453890104485,157600,2025-06-13
1069.2506103515625,1069.2506103515625,1075.0766849301453,1061.0400843558134,1070.9864617560715,152700,2025-06-16
1042.97314453125,1042.97314453125,1074.0790308211353,1040.5090491020685,1066.6566648869066,287300,2025-06-17
1040.18994140625,1040.18994140625,1048.6995593335337,1039.9305501017418,1045.7166811116454,225500,2025-06-18
1034.7528076171875,1034.7528076171875,1049.6273763344107,1028.138573066386,1047.4525081657814,392300,2025-06-20
1035.860107421875,1035.860107421875,1037.0971481235247,1022.8910301859148,1034.233979789553,296400,2025-06-23
1038.9029541015625,1038.9029541015625,1045.50720274388,1032.4084291970835,1039.701099914875,242800,2025-06-24
1021.4345703125,1021.4345703125,1040.3394462488943,1020.5067897605641,1040.3394462488943,221900,2025-06-25
1013.0645141601562,1013.0645141601562,1024.4374219639271,1006.1909493001156,1024.4374219639271,318700,2025-06-26
1026.302978515625,1026.302978515625,1028.9666713990678,1015.5286799592642,1018.1823259966922,375400,2025-06-27
1037.765625,1037.765625,1038.8529981748097,1023.1304759318946,1025.1656624586524,338000,2025-06-30
1049.617431640625,1049.617431640625,1056.8801447230842,1032.3187105123136,1036.3889620189877,268800,2025-07-01
1032.8175048828125,1032.8175048828125,1045.8363909923623,1029.5552634431922,1044.7390318161483,210800,2025-07-02
1047.9912109375,1047.9912109375,1049.786978025878,1034.2141238308077,1034.2141238308077,158300,2025-07-03
1031.4906005859375,1031.4906005859375,1049.2882540912644,1029.9643323926084,1046.0659564454106,245500,2025-07-07
1034.154296875,1034.154296875,1042.085338339632,1027.560033995837,1027.6397998675218,278300,2025-07-08
1042.8037109375,1042.8037109375,1042.8037109375,1030.5029611509324,1037.8654119453895,295200,2025-07-09
1045.37744140625,1045.37744140625,1059.9726461009366,1044.0706208105114,1047.402641900811,405500,2025-07-10
1056.9698486328125,1056.9698486328125,1058.8453816673207,1041.9357482686066,1046.4648664483607,324800,2025-07-11
1055.0543212890625,1055.0543212890625,1074.21870957452,1034.7727237811355,1060.1721235099342,436100,2025-07-14
1036.90771484375,1036.90771484375,1064.5417783585187,1036.718103455969,1056.1318983216645,310700,2025-07-15
1037.1771240234375,1037.1771240234375,1043.242618359903,1022.1528871234352,1043.242618359903,500800,2025-07-16
1019.7385864257812,1019.7385864257812,1046.474826116976,1008.6849858370621,1041.656358893273,676000,2025-07-17
1025.9039306640625,1025.9039306640625,1029.9243740875183,1016.2569488849936,1022.1828223691841,748500,2025-07-18
1019.7984619140625,1019.7984619140625,1031.700138305306,1019.409435860591,1026.352902436819,254400,2025-07-21
1032.6578369140625,1032.6578369140625,1036.9974655565318,1019.5890212057254,1019.5890212057254,233100,2025-07-22
1042.27490234375,1042.27490234375,1044.1903791967025,1036.7280691249648,1039.9005586345497,203800,2025-07-23
1049.7071533203125,1049.7071533203125,1052.6002796784137,1040.0802044269076,1040.0802044269076,235500,2025-07-24
1051.512939453125,1051.512939453125,1052.9594417875683,1042.2749554418276,1052.9594417875683,241400,2025-07-25
1045.8763427734375,1045.8763427734375,1051.951823004109,1040.3594672014701,1049.4279334136047,140800,2025-07-28
1052.560302734375,1052.560302734375,1052.560302734375,1043.701420287187,1049.5973965560797,275900,2025-07-29
1040.18994140625,1040.18994140625,1059.8030903058989,1032.7077809607197,1054.026945252319,256400,2025-07-30
1037.0673828125,1037.0673828125,1047.6321592758,1034.004616936369,1034.004616936369,427500,2025-07-31
930.2220458984375,930.2220458984375,958.2751531440246,913.691452966636,933.9531399724276,1263000,2025-08-01
936.0382080078125,936.0382080078125,938.6220132182336,924.8149677668541,927.4187448891624,410800,2025-08-04
933.4044799804688,933.4044799804688,945.8447891398355,927.2590982909693,933.2249154420709,308700,2025-08-05
957.9859008789062,957.9859008789062,958.9136814543677,935.1703048175715,937.2353274884515,393000,2025-08-06
940.2681274414062,940.2681274414062,966.2062830685871,939.3503328299455,963.0737373523257,440800,2025-08-07
947.8699951171875,947.8699951171875,949.1569047613372,936.2676537377633,948.0495596566054,208700,2025-08-08
939.760009765625,939.760009765625,951.8200073242188,934.3099975585938,946.8499755859375,254500,2025-08-11
960.7000122070312,960.7000122070312,961.3099975585938,939.7100219726562,943.9600219726562,200900,2025-08-12
982.0700073242188,982.0700073242188,982.5499877929688,958.5800170898438,960.9099731445312,306800,2025-08-13
974.5599975585938,974.5599975585938,982.6199951171875,970.489990234375,978.52001953125,210400,2025-08-14
969.9299926757812,969.9299926757812,979.219970703125,968.5,979.02001953125,237300,2025-08-15
978.1300048828125,978.1300048828125,981.4199829101562,961.7899780273438,961.7899780273438,351400,2025-08-18
995.4000244140625,995.4000244140625,1000.0,981.489990234375,982.0,352100,2025-08-19
999.6300048828125,999.6300048828125,1003.7100219726562,992.3200073242188,995.3900146484375,353400,2025-08-20
994.0700073242188,994.0700073242188,1003.75,989.9400024414062,997.1400146484375,341300,2025-08-21
1021.8599853515625,1021.8599853515625,1025.300048828125,997.6099853515625,1000.1400146484375,333400,2025-08-22
1013.4500122070312,1013.4500122070312,1023.47998046875,1008.969970703125,1021.8599853515625,273100,2025-08-25
1011.9600219726562,1011.9600219726562,1016.0900268554688,1010.3800048828125,1013.5700073242188,393200,2025-08-26
1017.0499877929688,1017.0499877929688,1017.1300048828125,1007.1099853515625,1015.25,229900,2025-08-27
1014.469970703125,1014.469970703125,1017.260009765625,1009.530029296875,1017.260009765625,241100,2025-08-28
1013.5,1013.5,1023.6199951171875,1005.780029296875,1015.0,337900,2025-08-29
1016.8599853515625,1016.8599853515625,1021.5,998.77001953125,1005.489990234375,376400,2025-09-02
1018.739990234375,1018.739990234375,1018.739990234375,1012.5399780273438,1014.8400268554688,250300,2025-09-03
1028.030029296875,1028.030029296875,1028.6500244140625,1009.6799926757812,1018.1199951171875,256900,2025-09-04
993.469970703125,993.469970703125,1029.6800537109375,984.030029296875,1026.6700439453125,416000,2025-09-05
997.7999877929688,997.7999877929688,998.780029296875,972.1400146484375,993.469970703125,300400,2025-09-08
994.8499755859375,994.8499755859375,997.7999877929688,981.6799926757812,996.760009765625,193700,2025-09-09
994.0599975585938,994.0599975585938,997.6500244140625,978.0599975585938,988.760009765625,343000,2025-09-10
1014.6900024414062,1014.6900024414062,1015.6599731445312,983.5599975585938,1000.0,362300,2025-09-11
1004.0599975585938,1004.0599975585938,1015.469970703125,1004.0,1013.3900146484375,276500,2025-09-12
1012.6199951171875,1012.6199951171875,1015.3800048828125,997.8800048828125,1005.5,326500,2025-09-15
993.6400146484375,993.6400146484375,1017.8099975585938,970.7000122070312,1011.8699951171875,403000,2025-09-16
997.9299926757812,997.9299926757812,1009.469970703125,988.8699951171875,999.0599975585938,278000,2025-09-17
1005.22998046875,1005.22998046875,1011.6400146484375,991.760009765625,997.1400146484375,269100,2025-09-18
987.6099853515625,987.6099853515625,1009.6900024414062,980.3699951171875,1009.6900024414062,488400,2025-09-19
979.1699829101562,979.1699829101562,987.5900268554688,974.4000244140625,977.8400268554688,342400,2025-09-22
975.780029296875,975.780029296875,990.0,971.719970703125,984.4600219726562,273800,2025-09-23
952.9299926757812,952.9299926757812,974.469970703125,952.9299926757812,967.0599975585938,289900,2025-09-24
951.7100219726562,951.7100219726562,959.3200073242188,949.0,952.9299926757812,259300,2025-09-25
959.72998046875,959.72998046875,964.010009765625,955.5999755859375,956.27001953125,162100,2025-09-26
947.97998046875,947.97998046875,961.469970703125,944.010009765625,960.7899780273438,272500,2025-09-29
952.9600219726562,952.9600219726562,955.1099853515625,937.8200073242188,945.219970703125,318200,2025-09-30
944.0,944.0,955.3300170898438,942.5499877929688,946.8300170898438,247400,2025-10-01
953.75,953.75,954.530029296875,940.739990234375,940.739990234375,268700,2025-10-02
956.5900268554688,956.5900268554688,969.6799926757812,950.8900146484375,953.3800048828125,240300,2025-10-03
958.9000244140625,958.9000244140625,967.75,950.8599853515625,960.5700073242188,320300,2025-10-06
958.8200073242188,958.8200073242188,964.1099853515625,953.8200073242188,960.0,217100,2025-10-07
967.1900024414062,967.1900024414062,967.6300048828125,948.010009765625,951.3099975585938,194900,2025-10-08
968.530029296875,968.530029296875,973.27001953125,957.7999877929688,972.3800048828125,230800,2025-10-09
947.5599975585938,947.5599975585938,980.3099975585938,945.1500244140625,976.6900024414062,253600,2025-10-10
935.489990234375,935.489990234375,947.72998046875,919.1599731445312,939.8699951171875,327100,2025-10-13
959.739990234375,959.739990234375,964.02001953125,925.4099731445312,933.1500244140625,278600,2025-10-14
957.989990234375,957.989990234375,961.8200073242188,949.4000244140625,959.9000244140625,216500,2025-10-15
954.5599975585938,954.5599975585938,961.4500122070312,949.6900024414062,958.1799926757812,259300,2025-10-16
954.989990234375,954.989990234375,961.5,946.0999755859375,950.0,238800,2025-10-17
970.9199829101562,970.9199829101562,971.1799926757812,958.3699951171875,960.3800048828125,151000,2025-10-20
971.5399780273438,971.5399780273438,980.6599731445312,970.030029296875,974.9199829101562,189800,2025-10-21
968.0,968.0,978.47998046875,965.9400024414062,973.9000244140625,199400,2025-10-22
964.0700073242188,964.0700073242188,985.5599975585938,954.8400268554688,973.6599731445312,312000,2025-10-23
968.4099731445312,968.4099731445312,978.2100219726562,964.5399780273438,968.260009765625,303200,2025-10-24
