Price,Close,High,Low,Open,Volume,Date
149.63235473632812,149.63235473632812,150.96637753572935,148.3370073878339,150.1060331325817,1434300,2021-10-25
150.8406982421875,150.8406982421875,152.35839249507205,149.9996915990815,151.43037346618516,1804300,2021-10-26
154.4753875732422,154.4753875732422,155.21005868560124,149.04263873459894,149.902997652857,2100300,2021-10-27
154.6397705078125,154.6397705078125,156.90179772491112,152.98674154124762,154.2434282453124,2317600,2021-10-28
154.68809509277344,154.68809509277344,155.68377403830098,152.2037210973761,153.70207763445103,2025400,2021-10-29
156.43775939941406,156.43775939941406,156.74708919719575,153.98238498720977,155.05539991924113,2177900,2021-11-01
154.7267608642578,154.7267608642578,156.52478581761875,153.05440900049413,155.58710526530692,2615800,2021-11-02
159.04782104492188,159.04782104492188,161.26152597378805,151.8363982360304,155.40343418955402,3158400,2021-11-03
158.62249755859375,158.62249755859375,160.48819739235475,157.28848935789398,160.48819739235475,1863800,2021-11-04
162.0251922607422,162.0251922607422,165.95957114326464,160.69116949572677,163.7555425099814,2955400,2021-11-05
162.77920532226562,162.77920532226562,165.14756780057417,161.75452712963633,164.65456642969477,2476600,2021-11-08
159.27980041503906,159.27980041503906,162.45050829500056,156.97909826724802,162.45050829500056,1774500,2021-11-09
155.62574768066406,155.62574768066406,159.0187876262684,154.27238744639502,158.03277034492888,1554800,2021-11-10
151.64303588867188,151.64303588867188,155.63542766631468,151.40136596993537,155.26808466971957,1664900,2021-11-11
151.26605224609375,151.26605224609375,153.6537525522041,150.34770937844283,152.25206978048814,1914100,2021-11-12
150.49270629882812,150.49270629882812,152.5324012955082,149.71937424825035,151.80739143531903,1378600,2021-11-15
148.85902404785156,148.85902404785156,150.39604135192954,147.71833424174167,149.9610384027101,2137700,2021-11-16
151.49803161621094,151.49803161621094,151.68170310454116,147.25430866350686,148.16298986870245,1965600,2021-11-17
150.541015625,150.541015625,152.4840511341177,149.68067133874112,151.5463707069146,1126800,2021-11-18
149.75804138183594,149.75804138183594,150.88905504225767,145.25330971698898,148.84935995798497,1879800,2021-11-19
151.1983642578125,151.1983642578125,151.9136977427855,147.69897397184093,150.9566943506491,2268900,2021-11-22
152.19407653808594,152.19407653808594,153.17041786743548,150.93738979462245,152.13607810767996,1926300,2021-11-23
152.35836791992188,152.35836791992188,152.80304701316217,148.2886404319912,150.91801004763542,1532800,2021-11-24
142.52723693847656,142.52723693847656,142.8365667280366,135.86681534831388,141.76355182452488,4264500,2021-11-26
145.7462921142578,145.7462921142578,149.40033993986745,144.71193782878495,144.71193782878495,3155000,2021-11-29
142.6432647705078,142.6432647705078,144.03528600199454,140.84523980489794,143.6099445423333,3465900,2021-11-30
137.75184631347656,137.75184631347656,147.0029773881757,137.3748418504225,145.25327487978595,3198900,2021-12-01
146.0846405029297,146.0846405029297,147.50566092910665,138.36087866648003,138.59287236847626,3099000,2021-12-02
144.98260498046875,144.98260498046875,147.14797263496223,141.90857087533962,146.5196367833937,3104600,2021-12-03
151.4787139892578,151.4787139892578,154.16608251625715,147.14799283609062,147.14799283609062,2421800,2021-12-06
151.31434631347656,151.31434631347656,156.77607978174987,150.51200053002,153.20904469073142,2416600,2021-12-07
152.3874053955078,152.3874053955078,154.2531051080214,150.61837956460715,152.21341010904055,1618500,2021-12-08
151.9136962890625,151.9136962890625,153.19938195291195,150.1833462604894,151.0533520178081,1103100,2021-12-09
155.45176696777344,155.45176696777344,155.58710154165357,150.82137749325207,152.938408488519,1705600,2021-12-10
148.559326171875,148.559326171875,154.35940425303252,148.30799476515492,153.76974380846173,2362800,2021-12-13
148.8783416748047,148.8783416748047,150.74404124604447,147.46699751245055,147.67966823560457,1548800,2021-12-14
146.1426239013672,146.1426239013672,148.80099296605323,143.6969255418849,147.8923264760638,2228000,2021-12-15
145.73660278320312,145.73660278320312,148.01796709768198,145.08892925858893,146.1232834511245,2738400,2021-12-16
145.18565368652344,145.18565368652344,146.77100810133877,142.59494393527046,144.40264534297674,3592300,2021-12-17
144.69261169433594,144.69261169433594,146.20064442996474,140.9322282181235,142.09225566866286,2765600,2021-12-20
153.0447235107422,153.0447235107422,153.41205173367817,145.8912855196328,145.8912855196328,2269300,2021-12-21
157.1627960205078,157.1627960205078,157.7911319598437,153.0834062826183,153.27673928315534,2001000,2021-12-22
159.68582153320312,159.68582153320312,160.26582050127956,157.12411148552363,158.77714025781893,1528900,2021-12-23
161.1551971435547,161.1551971435547,161.52252544003244,158.00381153194635,158.98982906536196,1139900,2021-12-27
161.19384765625,161.19384765625,162.0735297652556,159.77282724950624,160.3818402096428,1297200,2021-12-28
161.00050354003906,161.00050354003906,161.99618242970493,159.9854869266857,160.80717055424827,905600,2021-12-29
159.36680603027344,159.36680603027344,162.38284178676608,159.241132956966,161.0004969818272,840900,2021-12-30
159.73414611816406,159.73414611816406,160.6428125729324,158.6031327299805,159.3571416554362,902700,2021-12-31
158.44847106933594,158.44847106933594,160.86517028734048,155.85776183744713,159.5698230465768,1836800,2022-01-03
162.411865234375,162.411865234375,165.45691540484268,160.27551117148224,161.2131917421914,2131600,2022-01-04
158.89312744140625,158.89312744140625,163.36885888724927,158.85446674602952,162.66318688132841,1656700,2022-01-05
159.71482849121094,159.71482849121094,160.91351668395765,158.75781023447556,159.79216464077803,1421600,2022-01-06
161.10684204101562,161.10684204101562,163.12719907015324,159.2024818555455,160.46882990012114,1508800,2022-01-07
156.65042114257812,156.65042114257812,162.2861645853291,154.79439821080317,161.67715175993015,2228400,2022-01-10
159.69549560546875,159.69549560546875,160.13049855339858,154.73643839848827,156.57312406768656,2141100,2022-01-11
159.36680603027344,159.36680603027344,161.30982679641994,157.24011377248092,160.80716400391165,1606400,2022-01-12
159.02847290039062,159.02847290039062,161.72551753654207,158.63214543176264,159.44415284357441,1619700,2022-01-13
157.37548828125,157.37548828125,158.94150497536253,154.3981124644002,158.42916581616856,1886400,2022-01-14
154.195068359375,154.195068359375,155.74176172658238,152.42604279887843,154.78474354620718,2087600,2022-01-18
149.06201171875,149.06201171875,154.64941938947197,148.97501408296017,154.60108245280134,2396300,2022-01-19
151.4787139892578,151.4787139892578,156.30245125552906,150.19302815074394,150.36703817606372,2160400,2022-01-20
151.75904846191406,151.75904846191406,154.8620819783677,149.35201074559288,151.47870309416334,4745500,2022-01-21
150.5507049560547,150.5507049560547,151.28537623338363,145.9009631109099,148.86867693253086,3537700,2022-01-24
151.7977294921875,151.7977294921875,152.977080041255,145.34031543697117,148.82035390522722,2197200,2022-01-25
153.44105529785156,153.44105529785156,158.53546113642173,151.46903532021577,152.77404398545158,2345800,2022-01-26
148.58836364746094,148.58836364746094,155.5001185545154,147.0610077410011,154.3111064898122,2184100,2022-01-27
154.0694122314453,154.0694122314453,154.19507055969171,147.66032122823196,148.86867082911763,1930400,2022-01-28
155.75143432617188,155.75143432617188,155.9157681112294,152.0007269811724,153.25739883753715,1972100,2022-01-31
157.58811950683594,157.58811950683594,158.22611686084005,154.9877489075228,155.75141933521232,1755100,2022-02-01
155.50978088378906,155.50978088378906,158.18748816626749,154.77510951673366,157.89748126467381,3912500,2022-02-02
156.61180114746094,156.61180114746094,159.0091778563278,154.66877990997304,154.66877990997304,2920000,2022-02-03
157.31747436523438,157.31747436523438,158.25515494174525,153.62475048654412,155.64510770794874,2204700,2022-02-04
160.5075225830078,160.5075225830078,161.6675502522937,157.32715223234237,157.68481907183227,2003300,2022-02-07
165.83387756347656,165.83387756347656,166.30754109649396,159.79213045573084,161.49348113114274,2553000,2022-02-08
167.74790954589844,167.74790954589844,170.63828685551243,166.29789014816382,166.81022915533458,2100300,2022-02-09
168.85960388183594,168.85960388183594,170.5996303018626,164.34521142705347,165.19589428803576,2122100,2022-02-10
164.21957397460938,164.21957397460938,171.32466186338652,163.05954638019682,169.3236422887157,2819100,2022-02-11
165.62124633789062,165.62124633789062,168.58894555396418,163.7748844418555,164.8672372992602,2675200,2022-02-14
175.162353515625,175.162353515625,175.29768807961275,168.72426336371964,170.03894830689828,4264300,2022-02-15
177.15370178222656,177.15370178222656,178.82606814443616,172.06897229313228,172.36864061515817,3263800,2022-02-16
172.2333526611328,172.2333526611328,175.72306762223425,171.78868817599064,174.16671242350782,3356300,2022-02-17
169.0916290283203,169.0916290283203,173.55768498902071,168.89829601818445,171.66300083918068,2882400,2022-02-18
167.3516082763672,167.3516082763672,169.96165563055433,164.15190038331562,168.80162802853172,2744000,2022-02-22
162.37318420410156,162.37318420410156,168.73393815785866,161.7931705060501,168.33759595586886,3494800,2022-02-23
163.127197265625,163.127197265625,163.9005439656973,157.5204521280527,157.62678748369217,4332700,2022-02-24
168.55995178222656,168.55995178222656,168.782298756193,162.81787141778744,164.84790489523914,2805800,2022-02-25
164.4709014892578,164.4709014892578,166.7426049319345,161.94786660732544,164.71257144059095,2574400,2022-02-28
159.41519165039062,159.41519165039062,164.34525046958237,158.41951249718588,163.07890211455683,2886100,2022-03-01
162.62454223632812,162.62454223632812,165.31191095999444,161.34853254217256,161.99620625251595,2159600,2022-03-02
159.95651245117188,159.95651245117188,165.8145898536273,158.9704948956965,164.08423945023955,2444900,2022-03-03
153.9727325439453,153.9727325439453,158.46778698920832,151.53669571052677,157.56878200030005,2858200,2022-03-04
143.12660217285156,143.12660217285156,153.91475177931213,143.0009290845789,153.91475177931213,3769100,2022-03-07
147.69898986816406,147.69898986816406,153.80841285896426,141.20291563479321,143.957944022754,4939400,2022-03-08
154.1564178466797,154.1564178466797,157.14345467468678,152.48406604254075,152.92873045849436,3509600,2022-03-09
157.1434783935547,157.1434783935547,158.74817052893616,150.85039770647853,151.3337376448201,2573300,2022-03-10
156.25408935546875,156.25408935546875,160.01447239505055,155.9254218328141,158.87379755159265,2316300,2022-03-11
156.3701171875,156.3701171875,158.6611583151713,154.77510143753952,156.86313331958314,1917600,2022-03-14
160.85548400878906,160.85548400878906,161.75450373195315,158.1971150349335,158.4677841504245,2297300,2022-03-15
166.54925537109375,166.54925537109375,166.75226461818,161.46452496011358,162.5858770622708,2300300,2022-03-16
165.53424072265625,165.53424072265625,165.54390220973528,162.5278662005409,164.6545586365206,1582300,2022-03-17
165.48593139648438,165.48593139648438,167.66096113146864,162.06387635323838,164.5869114358347,3542300,2022-03-18
164.28721618652344,164.28721618652344,164.54822384217277,162.25719761581183,164.28721618652344,1770400,2022-03-21
164.8865966796875,164.8865966796875,167.11962487585168,164.31624433167391,165.94993571338424,2004100,2022-03-22
162.06385803222656,162.06385803222656,165.28290344614004,161.62885508447886,163.76522387282242,2709100,2022-03-23
166.2495880126953,166.2495880126953,166.25926425093581,161.62885974486665,163.368886336392,1795800,2022-03-24
165.80491638183594,165.80491638183594,167.9026096886713,165.06056883735806,166.268918536021,1427600,2022-03-25
165.8435516357422,165.8435516357422,166.8199074826862,163.5041887481156,166.3655668856719,1215600,2022-03-28
172.3783416748047,172.3783416748047,173.0066776178994,168.29895191251154,168.4342864887333,2200900,2022-03-29
170.57061767578125,170.57061767578125,173.15165051651175,169.5556011147307,171.62429493185329,2285200,2022-03-30
169.89398193359375,169.89398193359375,173.32569831674905,169.8649827184137,171.28600326369107,2368900,2022-03-31
167.89291381835938,167.89291381835938,172.4363199543407,166.8585742674425,171.02496118117952,1900400,2022-04-01
168.83062744140625,168.83062744140625,169.20763198739633,165.9015887186303,167.5932784314715,1394900,2022-04-04
168.20225524902344,168.20225524902344,170.7252896677732,166.26889599328754,168.59859743653584,1545100,2022-04-05
160.6331787109375,160.6331787109375,166.03691518943788,160.10150187710406,166.03691518943788,2180100,2022-04-06
159.17347717285156,159.17347717285156,161.06816105597633,156.95011099336506,160.06282069457396,2608600,2022-04-07
158.40013122558594,158.40013122558594,159.80181379621172,156.98877241803453,158.15846130822422,1522400,2022-04-08
157.03712463378906,157.03712463378906,160.04349928835148,156.27345411076763,156.5634609898962,1402500,2022-04-11
157.80079650878906,157.80079650878906,160.43016642234133,156.87277752444535,159.14448067597957,1549700,2022-04-12
169.69097900390625,169.69097900390625,170.37732820627338,158.54516120964698,158.69017204131774,3343800,2022-04-13
174.49534606933594,174.49534606933594,175.47170199947513,170.3289589526584,170.3289589526584,3631700,2022-04-14
177.04739379882812,177.04739379882812,178.78742033316576,173.2580108742499,173.2580108742499,2961100,2022-04-18
182.48980712890625,182.48980712890625,183.23415468732588,175.98405635955274,176.2063885781695,2775100,2022-04-19
183.95913696289062,183.95913696289062,187.33283943913244,182.48977979180444,182.70245049092327,3500700,2022-04-20
178.0334014892578,178.0334014892578,189.37255042551695,177.5790608428018,187.09118570620913,2905600,2022-04-21
173.50933837890625,173.50933837890625,178.03339213087887,172.9776616130904,177.63704992814692,1872900,2022-04-22
176.39971923828125,176.39971923828125,176.60272847891952,171.11197974816315,172.91000469956077,2368300,2022-04-25
171.343994140625,171.343994140625,177.07639826075481,170.92832890779243,174.96904338196404,2085100,2022-04-26
174.1956787109375,174.1956787109375,175.7713713395296,170.0486292947385,172.00131166535073,1808900,2022-04-27
178.41043090820312,178.41043090820312,179.96678605804593,174.0700478182318,175.66506367194748,2335500,2022-04-28
171.60498046875,171.60498046875,178.96141340406143,171.06364220944297,176.8733817607104,2605500,2022-04-29
172.20436096191406,172.20436096191406,174.3117308650847,167.50629594424495,172.98736933979808,2590000,2022-05-02
167.27426147460938,167.27426147460938,172.7360110437414,165.09923198477622,172.69733559260789,4135800,2022-05-03
175.20103454589844,175.20103454589844,175.5200406176843,166.5782533718729,170.13562759597886,4283900,2022-05-04
171.7403106689453,171.7403106689453,177.39537778801744,169.3429345095682,173.70266918424227,3174400,2022-05-05
166.77157592773438,166.77157592773438,172.59097675091164,163.6395285782796,172.24297148986113,2764100,2022-05-06
158.3905029296875,158.3905029296875,165.2829203869017,156.69881315366248,165.2829203869017,4058300,2022-05-09
162.48919677734375,162.48919677734375,164.56756710464185,159.4344852058267,162.4601975646693,2594500,2022-05-10
161.3968505859375,161.3968505859375,166.74258819274166,160.26582234692208,162.0348479831327,2973800,2022-05-11
157.89744567871094,157.89744567871094,161.73516495227855,154.6300785915351,159.95647799057377,2619600,2022-05-12
161.15147399902344,161.15147399902344,162.19741085827823,158.58506511578432,160.76409654485616,2772300,2022-05-13
157.20985412597656,157.20985412597656,161.14179287259608,156.30918012806725,160.47355421100266,2367900,2022-05-16
159.6600799560547,159.6600799560547,162.04249453311618,157.37451714670087,161.0837152318283,2302300,2022-05-17
149.16200256347656,149.16200256347656,159.1952345770611,148.18384988804368,157.59726896855952,3748400,2022-05-18
151.9898681640625,151.9898681640625,154.55627708910765,147.44779576907447,148.45498603281777,2228000,2022-05-19
150.33380126953125,150.33380126953125,154.59502732209143,146.65365619879847,154.39164454520088,2105800,2022-05-20
152.97772216796875,152.97772216796875,154.13986949607778,148.48407499577687,151.53471357925116,1832300,2022-05-23
147.8255157470703,147.8255157470703,151.74777591673268,145.03635033264283,150.7696233020176,2303600,2022-05-24
154.51751708984375,154.51751708984375,155.2922866470829,146.01445481795704,146.61489420550478,3079800,2022-05-25
164.80259704589844,164.80259704589844,166.27465824539217,155.29234134414887,155.29234134414887,3693100,2022-05-26
167.1171875,167.1171875,171.41714537551513,165.07373958267198,165.07373958267198,2387200,2022-05-27
166.16810607910156,166.16810607910156,167.43678431057813,163.0206160511621,165.65482427213018,2224800,2022-05-31
165.20932006835938,165.20932006835938,168.51176686208484,162.5654326914999,167.09781105183043,1729700,2022-06-01
168.91851806640625,168.91851806640625,169.07347496224645,165.00595250021024,165.36427739152563,1749800,2022-06-02
169.14126586914062,169.14126586914062,169.8676097216176,166.42959397522932,167.33993252389755,1370300,2022-06-03
172.00790405273438,172.00790405273438,173.58649603812262,169.77076742160324,171.41714381346355,1394700,2022-06-06
171.5914764404297,171.5914764404297,172.22098335579153,168.192192296492,170.22596113457715,1336400,2022-06-07
167.72731018066406,167.72731018066406,170.13876210341078,166.3521010462959,169.74170539618285,1693500,2022-06-08
162.36204528808594,162.36204528808594,167.62078209860877,162.35236602396066,167.62078209860877,1449300,2022-06-09
154.82745361328125,154.82745361328125,161.75194066296916,154.72092258859362,159.8247029536217,2736300,2022-06-10
147.3025360107422,147.3025360107422,149.69462956208352,145.14286302956958,149.14260115292635,4029800,2022-06-13
147.4187469482422,147.4187469482422,149.84957234620177,145.53993518437957,149.00701822060486,2667200,2022-06-14
149.9173583984375,149.9173583984375,152.20292073918444,148.29034065506585,149.87861178829664,2051200,2022-06-15
140.58143615722656,140.58143615722656,146.04354137987627,140.02940773178415,145.12350878164253,2610900,2022-06-16
140.6492156982422,140.6492156982422,142.9832040951123,138.29586877229238,141.23997594024036,3277500,2022-06-17
137.1143341064453,137.1143341064453,143.32215563761596,136.71726263883497,143.1671987559873,3357100,2022-06-21
132.15582275390625,132.15582275390625,137.11432439480598,131.70064618230015,135.04182427669548,4112900,2022-06-22
128.8630828857422,128.8630828857422,133.3567296384017,126.87774004776142,133.32767706622425,3285700,2022-06-23
134.993408203125,134.993408203125,136.62042590804637,129.0567538157507,130.74187665700828,3075900,2022-06-24
135.7681884765625,135.7681884765625,136.63979514492473,133.97653448575898,135.19680155446943,2056500,2022-06-27
134.31552124023438,134.31552124023438,141.45305616183938,134.14119101358804,138.22808735518004,2241100,2022-06-28
133.38577270507812,133.38577270507812,135.21615850933745,131.43917662039047,134.31549928101262,2621600,2022-06-29
131.7200469970703,131.7200469970703,133.7828685146019,128.87279116657575,130.85811944640076,3379200,2022-06-30
134.7899932861328,134.7899932861328,134.85779244734852,130.37382664830696,131.45850978527156,2039900,2022-07-01
134.31552124023438,134.31552124023438,134.37362638994813,129.76376892342722,131.6328868675769,2367000,2022-07-05
131.3713836669922,131.3713836669922,135.30333741210126,129.32793573339617,134.56729952781816,1880400,2022-07-06
134.30581665039062,134.30581665039062,135.40017947574694,132.64976090357226,133.13399014983557,2017100,2022-07-07
133.45359802246094,133.45359802246094,134.45110919816304,131.28424543877094,134.30583154167394,1631400,2022-07-08
133.41481018066406,133.41481018066406,134.15084794677531,130.88713342481032,132.7756389331213,2161700,2022-07-11
134.73194885253906,134.73194885253906,136.7947702944534,132.61102226198005,132.61102226198005,1691700,2022-07-12
136.35894775390625,136.35894775390625,137.62762591284326,131.419803927622,131.96213827548797,2337100,2022-07-13
136.339599609375,136.339599609375,136.80445559654888,133.5988600164966,133.60855406003495,2398100,2022-07-14
138.82852172851562,138.82852172851562,139.88413786967976,137.18213057697182,138.11185717104945,2072300,2022-07-15
140.02940368652344,140.02940368652344,144.3196823027204,139.15779699285073,140.6104846673074,2028500,2022-07-18
146.15975952148438,146.15975952148438,146.48903187496433,141.33684018152837,141.4821030499741,2531000,2022-07-19
147.78672790527344,147.78672790527344,148.67770768003857,145.26873066278537,146.01444761788753,1932200,2022-07-20
146.23721313476562,146.23721313476562,147.09914048863206,143.09940271184084,146.23721313476562,1777400,2022-07-21
146.15005493164062,146.15005493164062,149.8592522307821,145.5496006985995,147.69957944408102,2259700,2022-07-22
148.16445922851562,148.16445922851562,148.56151595043744,145.46245195706834,147.99012902834025,1543200,2022-07-25
146.2759552001953,146.2759552001953,147.98045149966717,145.81109929011342,147.2928395102206,2032500,2022-07-26
152.62908935546875,152.62908935546875,154.2173609524962,149.95613402028397,150.18856941649761,2660100,2022-07-27
153.10360717773438,153.10360717773438,154.57566829754072,149.97549022846238,153.14235379477128,1708600,2022-07-28
153.81056213378906,153.81056213378906,154.78869974671176,151.68963598435613,152.55156332415976,1937000,2022-07-29
154.53689575195312,154.53689575195312,154.97269902504507,151.45719071893538,153.0164091501093,2051000,2022-08-01
153.2489013671875,153.2489013671875,157.10336263815736,150.67279782383565,157.08398932754776,3114000,2022-08-02
154.31414794921875,154.31414794921875,155.9895915128793,153.6071775005507,154.27541611781976,1791100,2022-08-03
153.97520446777344,153.97520446777344,154.74028009238998,152.22228237193897,154.40131374550157,1337600,2022-08-04
152.05764770507812,152.05764770507812,154.16889469639455,151.01171086224738,152.75493893363196,2146100,2022-08-05
153.27792358398438,153.27792358398438,156.09612645296616,152.42567541604308,152.6000056219871,1444800,2022-08-08
153.78150939941406,153.78150939941406,154.53692057896768,151.72838223255906,153.08423291694692,1499500,2022-08-09
156.1542510986328,156.1542510986328,157.66504396751688,155.2342037178988,156.71595879200063,1480500,2022-08-10
156.04771423339844,156.04771423339844,159.15645757166115,155.6312694170483,158.38168785886097,1324400,2022-08-11
158.89498901367188,158.89498901367188,159.17583546919164,155.81528338028062,156.89027287813838,1610200,2022-08-12
158.0330047607422,158.0330047607422,159.21452496771118,156.59969073724687,157.0064414150969,1304900,2022-08-15
160.9965362548828,160.9965362548828,161.3064352711298,157.3551230658352,157.65534281759113,1869600,2022-08-16
158.6971435546875,158.6971435546875,159.8128783367717,157.05748745612163,159.10462968738483,1452000,2022-08-17
160.13304138183594,160.13304138183594,160.55993582506548,158.173214530745,158.79414786520115,1093200,2022-08-18
156.5723419189453,156.5723419189453,159.35683716741363,156.09693415282487,158.56125863687106,1401900,2022-08-19
153.2154541015625,153.2154541015625,154.96183383913208,152.77886286822496,153.54532171748693,1417900,2022-08-22
153.91397094726562,153.91397094726562,155.77677064173622,153.63261682227525,153.64231358375216,1423800,2022-08-23
155.16555786132812,155.16555786132812,155.74768933157048,153.09902223082605,153.09902223082605,1892300,2022-08-24
157.823974609375,157.823974609375,158.37700111996259,155.8641473111869,156.46568725670318,1274100,2022-08-25
152.0220947265625,152.0220947265625,158.9784935002257,151.59520027391613,158.21203468149704,1747700,2022-08-26
151.0810089111328,151.0810089111328,152.119125270655,149.85855039698563,150.36304862580923,1555500,2022-08-29
148.7718963623047,148.7718963623047,152.60422028724076,148.44202874033888,152.05120866267683,1987500,2022-08-30
149.15997314453125,149.15997314453125,151.26532540834364,148.77188056793247,149.65477452494937,2241900,2022-08-31
149.36370849609375,149.36370849609375,149.57715571174347,145.43435814063764,147.88898631639145,2297000,2022-09-01
149.6353759765625,149.6353759765625,152.99230666354495,148.85920557684562,150.38244128165917,1855000,2022-09-02
147.83078002929688,147.83078002929688,151.59519669087456,146.0164934526504,150.58618557555621,1680800,2022-09-06
152.905029296875,152.905029296875,153.23489698718365,147.7629157783624,148.15099367234637,2240900,2022-09-07
154.65133666992188,154.65133666992188,154.6998500895456,150.88693513543797,151.72131561862787,1690800,2022-09-08
157.52316284179688,157.52316284179688,157.92095215806563,155.42750746284733,155.6118495754703,1392400,2022-09-09
158.90086364746094,158.90086364746094,160.08452007111202,157.95006276434074,159.0657974370887,1602100,2022-09-12
153.17665100097656,153.17665100097656,156.93135630315157,152.36166392723734,154.2535839300634,2261000,2022-09-13
157.69781494140625,157.69781494140625,157.83364365281653,151.98328269014266,153.29307118205676,1790000,2022-09-14
157.668701171875,157.668701171875,161.58835486415492,156.91193913505018,158.57100347991596,1862700,2022-09-15
150.30482482910156,150.30482482910156,155.5439639961043,148.7136821496902,155.5439639961043,3370000,2022-09-16
152.67210388183594,152.67210388183594,153.50648429625366,148.11212409317838,148.39347821705852,1972600,2022-09-19
152.33255004882812,152.33255004882812,153.69085189059544,150.22719773851813,152.051195878271,2102900,2022-09-20
143.75595092773438,143.75595092773438,151.83779846266953,143.73654259105504,151.65345627477393,3281200,2022-09-21
135.93603515625,135.93603515625,143.06707993345154,135.49944390145035,142.64988220697535,3542500,2022-09-22
133.38436889648438,133.38436889648438,134.1993559503893,131.85143644347366,134.0344073435591,2414600,2022-09-23
132.1619110107422,132.1619110107422,136.0330514173962,131.96787211308296,133.6754351383907,1946900,2022-09-26
134.54861450195312,134.54861450195312,136.9062307270244,132.8119464219365,135.247166360921,2251200,2022-09-27
139.53549194335938,139.53549194335938,140.25343726479178,134.3836687409816,134.91728675300382,2085100,2022-09-28
136.3240966796875,136.3240966796875,138.08018786148855,134.8396777083486,137.75030546457677,1871000,2022-09-29
135.9651336669922,135.9651336669922,139.69073390700922,134.15084697388264,135.73227810040885,2100800,2022-09-30
136.60545349121094,136.60545349121094,138.41004313157907,134.57771988791288,137.85701680110668,2107000,2022-10-03
143.16409301757812,143.16409301757812,144.28953944567945,139.12801846424802,140.0885310750928,2128600,2022-10-04
142.79539489746094,142.79539489746094,143.7947240769535,140.50571520593556,140.97141151571878,1489000,2022-10-05
139.77806091308594,139.77806091308594,143.8529370109612,139.32206135789176,142.39762306141867,1653300,2022-10-06
137.28460693359375,137.28460693359375,137.93464534539507,135.15984633746606,137.70178979916938,2409100,2022-10-07
136.31442260742188,136.31442260742188,139.1377355539409,135.3151080957763,137.88615712006427,1509100,2022-10-10
134.6553192138672,134.6553192138672,137.34280266062424,133.16120366114208,136.64425089970388,1873800,2022-10-11
137.64358520507812,137.64358520507812,138.9824787428831,133.20002494590238,134.37398468334595,1855500,2022-10-12
138.95339965820312,138.95339965820312,139.81688548302728,133.17094477886434,134.62625896480762,2398500,2022-10-13
139.25413513183594,139.25413513183594,143.43573471064727,138.27422910011074,141.66024997267934,2076000,2022-10-14
143.44544982910156,143.44544982910156,144.0081581910832,141.49531967632296,142.61106924531714,2060000,2022-10-17
145.52166748046875,145.52166748046875,149.29578026764005,144.15366910358307,146.9672695572401,1870900,2022-10-18
145.52166748046875,145.52166748046875,147.15161165395438,144.21187928060527,144.21187928060527,1173800,2022-10-19
143.12527465820312,143.12527465820312,148.60695107381625,142.78569549438208,146.08441587192587,1408200,2022-10-20
148.9174346923828,148.9174346923828,149.42193288257727,142.13566617798912,142.33941665018955,2339400,2022-10-21
150.36302185058594,150.36302185058594,151.80863892828927,147.8695918354671,149.6741815897995,1967900,2022-10-24
150.79962158203125,150.79962158203125,151.45937159192727,148.5487437461821,149.76150534857592,1697100,2022-10-25
150.42123413085938,150.42123413085938,154.08863867977144,149.55774849899692,152.0026799301989,2464400,2022-10-26
151.59521484375,151.59521484375,153.74908084058762,151.3526625,152.1191213923931,1624700,2022-10-27
154.89389038085938,154.89389038085938,155.24316627944157,150.6637777443493,151.5951850753076,1796900,2022-10-28
155.34019470214844,155.34019470214844,157.69779593843404,153.42888140490953,154.02070960564163,2493000,2022-10-31
155.30140686035156,155.30140686035156,158.14411295030442,154.4767230490459,157.581389790294,1573600,2022-11-01
148.4323272705078,148.4323272705078,154.51552896894435,147.76288047971835,154.22447802009603,2596000,2022-11-02
142.11627197265625,142.11627197265625,146.31728054592847,139.63253822130383,145.32766279042303,2929800,2022-11-03
144.5223846435547,144.5223846435547,146.77326253384692,142.9506355019669,144.98808096495668,3342900,2022-11-04
143.93055725097656,143.93055725097656,145.57019855150588,140.6803501364805,145.08509389586283,2039600,2022-11-07
146.01649475097656,146.01649475097656,148.17036050904937,144.02756279186374,144.62910260455033,1760100,2022-11-08
145.1142120361328,145.1142120361328,148.5972598684187,143.66859485032018,143.8626337493816,2136400,2022-11-09
153.27366638183594,153.27366638183594,153.83638957184823,151.15861714054586,151.16831390436312,2421900,2022-11-10
158.90086364746094,158.90086364746094,159.9777964655626,155.0685402187233,155.23347400835107,2634300,2022-11-11
154.77748107910156,154.77748107910156,159.50239540790193,154.51552043538643,157.17389912039818,2082600,2022-11-14
156.9507598876953,156.9507598876953,158.33815205663964,154.75807743297375,156.49476034025597,2003500,2022-11-15
156.78582763671875,156.78582763671875,157.6978119363984,155.61186787858526,156.94104987235892,2063500,2022-11-16
155.2043914794922,155.2043914794922,155.2917067683033,152.80797319176628,153.58414363548906,1647100,2022-11-17
156.8925323486328,156.8925323486328,158.26051603544667,155.6700593122999,157.32912351694435,1864900,2022-11-18
155.74771118164062,155.74771118164062,157.9112739621185,155.17529119826824,156.5335784137655,1322100,2022-11-21
158.48080444335938,158.48080444335938,158.7920392487168,155.19330054729656,156.49662504955577,1508800,2022-11-22
157.06077575683594,157.06077575683594,159.0254986108057,156.68144947306374,158.41273505963446,1455700,2022-11-23
158.08201599121094,158.08201599121094,159.35616265066716,156.83704712997132,157.14829676588096,918700,2022-11-25
154.5416259765625,154.5416259765625,157.3622551779369,154.33736655714216,157.31363541058812,1856400,2022-11-28
156.84677124023438,156.84677124023438,157.71241390070352,154.64862629733065,154.64862629733065,1824400,2022-11-29
160.82485961914062,160.82485961914062,160.84430159191982,155.1544079018802,156.20485323877995,2662800,2022-11-30
160.6692352294922,160.6692352294922,162.60476525156238,159.75495790554717,161.09719609101543,1874400,2022-12-01
161.09719848632812,161.09719848632812,161.22363067642124,158.05285263711812,158.5391691067708,1419300,2022-12-02
157.60543823242188,157.60543823242188,160.26073689760884,157.2747465880693,159.81331920609563,2180100,2022-12-05
156.07839965820312,156.07839965820312,158.2960014403947,154.53191693873794,157.50817118108978,1898200,2022-12-06
152.97567749023438,152.97567749023438,155.92275353076735,152.80061071928688,155.31972597590652,2199600,2022-12-07
156.26321411132812,156.26321411132812,157.22611123840412,153.6954637037903,154.31794820133882,1849600,2022-12-08
156.74952697753906,156.74952697753906,158.0723083595048,155.68936064290787,155.9908744774176,1264100,2022-12-09
158.7045135498047,158.7045135498047,158.74342717811206,155.0960536873337,156.60362285722817,1554500,2022-12-12
158.6558837890625,158.6558837890625,164.42360496303323,157.7902410477483,164.04427870203492,2177700,2022-12-13
154.96958923339844,154.96958923339844,158.89901930220336,153.1215779677949,156.83704246976902,2464700,2022-12-14
151.15687561035156,151.15687561035156,152.75199289946195,149.01708629684242,151.97388364694967,2517700,2022-12-15
149.5811767578125,149.5811767578125,150.56354528550975,148.2681315144151,149.8535275683602,4943500,2022-12-16
147.2274169921875,147.2274169921875,150.1550511152589,146.40068804607625,149.85353733248903,2019600,2022-12-19
146.29371643066406,146.29371643066406,148.08335738495546,146.0116445817159,146.7702970480177,1675400,2022-12-20
144.6791534423828,144.6791534423828,147.92774398131846,143.70652047806428,147.20800508609153,2284300,2022-12-21
143.1909942626953,143.1909942626953,144.46514078722586,141.3916177434863,143.20071524733828,1837200,2022-12-22
144.5137939453125,144.5137939453125,144.82502874702035,142.31564899677633,142.31564899677633,1067600,2022-12-23
144.29010009765625,144.29010009765625,145.29191082128713,143.8913170372438,144.9417623752763,1350000,2022-12-27
141.6153564453125,141.6153564453125,145.28217179960913,141.59589963173948,144.46516372394626,1321600,2022-12-28
143.92051696777344,143.92051696777344,144.72780419913204,142.25730788317625,142.8992492731052,1431900,2022-12-29
144.81529235839844,144.81529235839844,144.97091716329984,142.41288823207674,142.98673800380263,1541900,2022-12-30
143.70648193359375,143.70648193359375,146.60492323431643,143.07427661283518,145.74901654730138,1686200,2023-01-03
145.75872802734375,145.75872802734375,147.1009658197569,145.0195325637577,145.15570053971294,1731300,2023-01-04
144.80560302734375,144.80560302734375,145.98248062382447,143.91078246535466,144.93203522291512,1542300,2023-01-05
149.18243408203125,149.18243408203125,149.69792831491006,145.92410803689938,146.42014545687715,1589000,2023-01-06
148.3556671142578,148.3556671142578,151.1276762937672,147.4997455742442,147.60673576674589,1864500,2023-01-09
148.96844482421875,148.96844482421875,149.5811934028438,147.35387079683434,148.26814801333393,1275200,2023-01-10
154.13314819335938,154.13314819335938,154.24013841388108,149.71738619131972,149.94110246044775,1712500,2023-01-11
155.61155700683594,155.61155700683594,156.19512789459202,153.36476233919,154.03588147513085,1627000,2023-01-12
157.35255432128906,157.35255432128906,157.6735249693232,154.82370276531117,155.2224858287355,1532600,2023-01-13
156.5841522216797,156.5841522216797,158.12091375210218,156.04920123938103,156.8662091898746,2570500,2023-01-17
155.41697692871094,155.41697692871094,159.2686090580431,155.3294435451619,157.85829457202817,2188000,2023-01-18
156.62306213378906,156.62306213378906,157.50816156366534,153.91914407602124,154.10394668678651,2184900,2023-01-19
162.34213256835938,162.34213256835938,162.5755549252535,155.7768616391539,156.2728989887516,2330300,2023-01-20
164.39442443847656,164.39442443847656,165.15307694790687,160.55252727585878,161.45706879048686,2585400,2023-01-23
164.98770141601562,164.98770141601562,165.05577799244784,163.00352225544665,163.9567130550839,1644900,2023-01-24
167.61383056640625,167.61383056640625,168.2071372330487,163.0327230464358,163.0327230464358,1881500,2023-01-25
169.80226135253906,169.80226135253906,169.8897947557181,167.86671644877492,168.72263818972806,1620100,2023-01-26
169.55908203125,169.55908203125,171.73778490038632,169.25756823032648,169.72442783042746,1637000,2023-01-27
166.51473999023438,166.51473999023438,168.77125531298006,166.3493941876331,167.64299765160723,2041900,2023-01-30
169.4131622314453,169.4131622314453,169.45207585181794,166.13539467194164,166.7578790271245,1329100,2023-01-31
170.5609130859375,170.5609130859375,171.8642376646724,166.32995385713588,168.2849555664391,1456300,2023-02-01
171.34872436523438,171.34872436523438,172.72014022130458,170.2302025440476,171.76696420074197,1145500,2023-02-02
169.6563262939453,169.6563262939453,170.90130988865306,168.16819934887224,169.22838034339998,1504500,2023-02-03
167.60409545898438,167.60409545898438,169.17975588565395,167.02050982774426,167.99314265234506,1485900,2023-02-06
170.6192626953125,170.6192626953125,171.69888581528957,166.1646022021278,167.2928599356751,1808800,2023-02-07
169.2478485107422,169.2478485107422,170.2302172550855,168.26549460759938,168.9657914949964,1520200,2023-02-08
170.11349487304688,170.11349487304688,172.72987985014117,169.48128940000066,170.75543617383894,1525300,2023-02-09
166.68008422851562,166.68008422851562,169.31592574218513,165.40593758892308,168.40164850245327,1544700,2023-02-10
169.59800720214844,169.59800720214844,170.23994852791748,167.03025674027364,167.32204960118696,1995400,2023-02-13
176.30917358398438,176.30917358398438,176.5815096143193,166.83572359927493,170.91105790913045,3366200,2023-02-14
175.64776611328125,175.64776611328125,176.299428354057,174.2763502071772,175.96873674074388,2563000,2023-02-15
170.9791259765625,170.9791259765625,174.74322528184928,170.63871337620623,172.5450654935609,2277900,2023-02-16
167.79861450195312,167.79861450195312,169.90922589311526,166.42719869459563,169.85087029981474,1890000,2023-02-17
166.0089569091797,166.0089569091797,167.5748962894052,165.20168475647827,166.08676931305905,1817800,2023-02-21
165.9214324951172,165.9214324951172,167.0885889340431,164.56947344213148,165.3864814652597,1250500,2023-02-22
167.62754821777344,167.62754821777344,168.5342156010941,165.58997140650104,167.22782792195034,1382700,2023-02-23
166.0579376220703,166.0579376220703,166.39915031059917,164.7612937030643,165.21950677504694,1642400,2023-02-24
165.35598754882812,165.35598754882812,167.76403831014184,165.01475999923392,167.45205713610355,1543000,2023-02-27
164.9952850341797,164.9952850341797,166.75012720694787,164.6248110805106,165.30725135615182,2709700,2023-02-28
165.19024658203125,165.19024658203125,166.50637805813284,164.14707630827374,165.17074404040648,1799600,2023-03-01
166.61363220214844,166.61363220214844,167.26684094881847,163.6498853246645,165.14151003494922,1254300,2023-03-02
168.7292022705078,168.7292022705078,169.2264054984453,166.78910852135527,167.53980015560145,1406500,2023-03-03
170.727783203125,170.727783203125,172.55089155716348,168.9436799334524,168.9436799334524,2136100,2023-03-06
169.2166748046875,169.2166748046875,172.34615603565354,168.690210286154,171.17625637102995,1436000,2023-03-07
169.08993530273438,169.08993530273438,170.55231364327773,168.095513865862,169.28491610625713,1184500,2023-03-08
163.5231475830078,163.5231475830078,169.34341477164813,163.24042763944203,169.10944374968534,1871000,2023-03-09
160.40341186523438,160.40341186523438,164.5858224447151,159.88670601758125,162.7529700788013,1710700,2023-03-10
156.53297424316406,156.53297424316406,158.63880261104703,154.95361040529266,158.46330947568262,2394700,2023-03-13
158.6095733642578,158.6095733642578,160.76413600835662,157.23493401375592,158.93129841710402,1901300,2023-03-14
154.35890197753906,154.35890197753906,155.23632298455738,151.6291262458096,154.95360306596555,2757700,2023-03-15
157.08868408203125,157.08868408203125,157.68338519458354,153.06226434248475,153.6082165357626,1887000,2023-03-16
154.7878875732422,154.7878875732422,156.35750769519098,153.49124357023382,155.85054567026614,2480100,2023-03-17
158.95077514648438,158.95077514648438,159.29200272101068,155.20709004097665,155.65555929240415,2342700,2023-03-20
163.55238342285156,163.55238342285156,164.10809431637247,160.80311995935185,160.8323663352128,2327800,2023-03-21
159.11648559570312,159.11648559570312,163.3573729623695,159.02873160797344,163.10389945890688,2397600,2023-03-22
155.9674835205078,155.9674835205078,161.69026618728304,154.52460806476336,159.7014237844261,2423200,2023-03-23
152.63327026367188,152.63327026367188,154.30038779676138,149.7085141450494,153.98840667025712,2509800,2023-03-24
152.6527862548828,152.6527862548828,154.85609736967942,152.13608048514698,154.18340102294553,1637500,2023-03-27
154.99258422851562,154.99258422851562,155.08033822496074,151.89234963364382,151.98008875400885,1825900,2023-03-28
158.0635986328125,158.0635986328125,158.59979210189672,156.1332485902171,156.20150005054776,1752200,2023-03-29
158.5900421142578,158.5900421142578,160.3741453338,158.33656857732592,159.80869063503138,1175800,2023-03-30
161.87550354003906,161.87550354003906,162.49945094821638,160.16939571873306,160.16939571873306,1514200,2023-03-31
160.33517456054688,160.33517456054688,161.87553338655783,159.223767569933,161.28083224129446,1533000,2023-04-03
160.25717163085938,160.25717163085938,161.24183435272522,159.4089820822406,161.00784846412665,1200700,2023-04-04
158.48280334472656,158.48280334472656,159.77944717964783,158.0148464695029,159.51621492904917,1380100,2023-04-05
158.9605255126953,158.9605255126953,159.48697515961592,157.34215661025414,158.9117765937386,1092400,2023-04-06
158.70703125,158.70703125,161.22232363966518,158.1610790803513,158.1610790803513,1256500,2023-04-10
159.7696990966797,159.7696990966797,160.59837115825306,158.90202195216142,159.35047627346455,1203900,2023-04-11
157.4201202392578,157.4201202392578,161.14430185631878,156.97165110158275,160.79333053694478,1370600,2023-04-12
161.34906005859375,161.34906005859375,161.47580426188574,157.66386821531773,158.92150691138676,1569700,2023-04-13
163.8838653564453,163.8838653564453,163.97160448307187,161.34907038486097,161.34907038486097,1736400,2023-04-14
165.49246215820312,165.49246215820312,165.82393097164814,164.020340162435,164.4980408417881,1221100,2023-04-17
169.30441284179688,169.30441284179688,169.5676302232867,166.84761314865654,167.28632366055413,1867700,2023-04-18
169.3531494140625,169.3531494140625,170.006343217684,168.0565056393225,168.0565056393225,1430300,2023-04-19
169.40188598632812,169.40188598632812,170.1623214631762,168.42696718256596,168.56345522004943,2001700,2023-04-20
170.0355987548828,170.0355987548828,170.55230455090867,168.76820128542886,169.53838062491312,1321100,2023-04-21
169.95761108398438,169.95761108398438,170.71804662454147,169.11918024746222,170.3963216072163,1146800,2023-04-24
168.5244903564453,168.5244903564453,170.3280963650676,168.07602109379758,169.44091654996876,2226300,2023-04-25
160.97860717773438,160.97860717773438,169.76263616040674,160.5593991829984,168.61222410018962,3087400,2023-04-26
161.2418212890625,161.2418212890625,162.11924226707637,158.69728260152567,161.83652235783026,2105900,2023-04-27
165.0927734375,165.0927734375,165.64848438630145,160.22793733832336,161.0078606069753,1645900,2023-04-28
165.8726806640625,165.8726806640625,168.94366887118417,164.54679052798025,164.7222836439735,1928700,2023-05-01
174.1302490234375,174.1302490234375,174.46171784814854,169.27515752123315,169.39214301793578,3821300,2023-05-02
173.97425842285156,173.97425842285156,178.67337422091396,173.17483273534577,175.11491164380618,2378500,2023-05-03
172.05364990234375,172.05364990234375,175.43661901862416,171.48819526499742,173.974240952546,2090000,2023-05-04
172.1414337158203,172.1414337158203,174.73470662979958,170.04534919897867,174.6274649579976,1638300,2023-05-05
173.48680114746094,173.48680114746094,173.94501418322122,171.28348996833324,172.91160261357655,1244900,2023-05-08
174.50071716308594,174.50071716308594,175.2416500778455,173.15532449115523,174.06199181279203,1400100,2023-05-09
171.2249755859375,171.2249755859375,175.9728248819644,168.6121857413258,175.4853655332609,2198600,2023-05-10
170.11361694335938,170.11361694335938,170.87405255216444,168.68048486305372,170.79605724919944,1448000,2023-05-11
169.73338317871094,169.73338317871094,170.9520317802925,168.4757294912731,170.11360094736114,1053100,2023-05-12
171.09825134277344,171.09825134277344,171.15674409126476,168.48547606962467,170.25007673748837,975800,2023-05-15
170.19158935546875,170.19158935546875,171.907441161667,169.53838064050413,170.59129477478973,1119000,2023-05-16
172.66786193847656,172.66786193847656,174.19847665398615,170.5912802222194,172.12190981380868,1073800,2023-05-17
176.49929809570312,176.49929809570312,176.860028177839,171.82944345452793,171.82944345452793,1344300,2023-05-18
173.95474243164062,173.95474243164062,176.89900117133007,173.0578189821886,176.7527693117757,1227300,2023-05-19
170.29879760742188,170.29879760742188,174.0814870621914,169.85034331961518,173.93525520227166,1715400,2023-05-22
165.2877197265625,165.2877197265625,169.08015310107356,164.3810524219174,169.08015310107356,2605800,2023-05-23
164.03009033203125,164.03009033203125,165.10250697705624,163.0064226028857,164.51754973866434,1619000,2023-05-24
167.87342834472656,167.87342834472656,168.29393599418816,163.42379188321837,164.23548505541365,1619000,2023-05-25
167.97117614746094,167.97117614746094,170.24978094779132,167.68757976352734,167.68757976352734,1390000,2023-05-26
165.360107421875,165.360107421875,169.22297295989407,165.02761092785244,168.6264281101705,1037500,2023-05-30
164.08876037597656,164.08876037597656,166.09354297916954,161.48744791885653,165.73170948162047,2088700,2023-05-31
167.3648681640625,167.3648681640625,168.35258347366795,163.14994368262006,164.08875894434019,1791600,2023-06-01
173.31076049804688,173.31076049804688,173.4867827715423,168.02988338238197,168.02988338238197,1652900,2023-06-02
173.31076049804688,173.31076049804688,173.66281996723788,171.85362257124518,172.83156388319796,1712900,2023-06-05
176.90956115722656,176.90956115722656,177.45722077639883,173.34985570470033,173.4965558413746,1622100,2023-06-06
173.340087890625,173.340087890625,178.74810185078505,172.6066319475053,176.9095675115945,1791300,2023-06-07
174.54296875,174.54296875,174.86569118760667,171.52113354632044,172.03944127036124,1181800,2023-06-08
175.06124877929688,175.06124877929688,176.02941593895255,174.10287058184483,174.7678783571574,1377700,2023-06-09
176.94871520996094,176.94871520996094,176.98782629928746,173.71173163839865,175.88276268994943,1324600,2023-06-12
177.40834045410156,177.40834045410156,179.2859860191275,176.59664735863402,177.9853222581157,1179200,2023-06-13
177.45721435546875,177.45721435546875,178.90456313398616,175.66758019262844,177.98529603067163,1603600,2023-06-14
172.7826385498047,172.7826385498047,174.8949950558487,169.93684108932098,174.61139868264928,3526600,2023-06-15
172.46971130371094,172.46971130371094,174.3473566243938,171.75581840313325,173.3596413805206,4719600,2023-06-16
169.9564208984375,169.9564208984375,172.54797443303505,169.4283391344362,171.94165557025562,1529400,2023-06-20
172.23501586914062,172.23501586914062,173.20318312188323,168.95892148860742,169.66304041383842,1867700,2023-06-21
171.8144989013672,171.8144989013672,172.77287713867617,170.47472417721696,172.3719176488125,1163200,2023-06-22
167.6680145263672,167.6680145263672,169.5652228280103,167.22794397403308,169.5065487439922,2099400,2023-06-23
167.72669982910156,167.72669982910156,169.37942294308252,166.27935094511915,166.78788457762084,1525800,2023-06-26
173.3987579345703,173.3987579345703,173.6236802403323,168.98824833812944,169.30118177368539,1442100,2023-06-27
173.74105834960938,173.74105834960938,174.07355481680779,172.72399102121383,173.57481011601018,1235300,2023-06-28
177.27142333984375,177.27142333984375,177.40833452473225,173.19340991616457,173.96597697613547,1716100,2023-06-29
179.63803100585938,179.63803100585938,180.81155752407054,178.16133016481595,178.28846730270692,1696000,2023-06-30
180.16610717773438,180.16610717773438,180.88978905411398,178.4058099934319,179.3642031351181,1154100,2023-07-03
178.10267639160156,178.10267639160156,179.6869515479782,177.07584989742165,179.47180325417642,1572900,2023-07-05
178.0244140625,178.0244140625,178.3862624629047,174.30824934464815,176.0978835773562,1357700,2023-07-06
181.56459045410156,181.56459045410156,182.99237643589106,177.33010271514974,177.34966571991683,1904400,2023-07-07
186.72808837890625,186.72808837890625,186.77698842158176,181.8090455141479,181.84815659496957,1912100,2023-07-10
187.04103088378906,187.04103088378906,188.97736522803586,186.38581206224242,186.78677154059443,1941700,2023-07-11
185.81861877441406,185.81861877441406,189.03605396860016,185.54479640753013,189.03605396860016,1944900,2023-07-12
187.25619506835938,187.25619506835938,188.15589926947965,186.3564908672391,186.7281133346018,1347000,2023-07-13
185.2122802734375,185.2122802734375,186.78676617684226,183.46177211953696,186.78676617684226,1817300,2023-07-14
187.07040405273438,187.07040405273438,188.63511626339243,183.76497226407662,183.76497226407662,1422200,2023-07-17
189.3881072998047,189.3881072998047,190.0824372354319,186.99215420601328,187.1877394728576,1422600,2023-07-18
186.01422119140625,186.01422119140625,189.2707525880411,185.79907291168504,188.9675931726703,1951900,2023-07-19
187.25619506835938,187.25619506835938,189.23164066331904,186.07289445733596,186.40539091645,1547700,2023-07-20
190.60076904296875,190.60076904296875,191.57871042322452,188.86982354390094,188.99694577623734,6638600,2023-07-21
189.98463439941406,189.98463439941406,190.17044560841026,187.5984555680485,189.48587485480365,1793700,2023-07-24
190.5323028564453,190.5323028564453,191.62759232346875,188.292808951378,189.30987624692816,2261300,2023-07-25
189.45655822753906,189.45655822753906,191.91120036763192,187.78428701078215,190.12156605127484,3471200,2023-07-26
191.4320068359375,191.4320068359375,192.71310753372438,189.70104658058435,190.0335579588724,2481900,2023-07-27
195.20684814453125,195.20684814453125,195.56868162198325,192.91846926375044,193.45633992090802,1503300,2023-07-28
197.35829162597656,197.35829162597656,198.92300335979093,195.19705014458967,195.44153542036082,2731900,2023-07-31
200.22369384765625,200.22369384765625,201.397220345344,194.37559451773726,195.14817644990268,2935100,2023-08-01
199.02081298828125,199.02081298828125,201.97419966095921,197.99398664154182,199.50000955970546,2882100,2023-08-02
196.41949462890625,196.41949462890625,198.31668800912368,192.96736341058406,197.31919873601305,3288400,2023-08-03
198.50250244140625,198.50250244140625,201.14294072149002,195.01126008452403,197.56368723711802,2650000,2023-08-04
200.18458557128906,200.18458557128906,201.07451575538076,199.09907010729378,200.03790034191147,1540600,2023-08-07
201.90576171875,201.90576171875,202.6294287103092,198.47317830151246,198.60031544206188,2506800,2023-08-08
201.5732421875,201.5732421875,204.38971771387622,200.44861573833674,201.91552758795785,2040000,2023-08-09
203.79318237304688,203.79318237304688,206.3260467023295,203.02061532901462,203.79318237304688,3442600,2023-08-10
203.91055297851562,203.91055297851562,204.70269803565245,202.07203332033242,202.4338668579693,1702000,2023-08-11
202.27734375,202.27734375,204.3897002139211,200.98646919240227,202.82498840608375,2476900,2023-08-14
201.45590209960938,201.45590209960938,203.3922216406033,200.63443501218157,201.79818751380407,2042500,2023-08-15
202.43629455566406,202.43629455566406,204.39712658534685,200.14212467132586,200.24997103135684,1770200,2023-08-16
198.3675994873047,198.3675994873047,203.64224310997722,198.19111680284746,203.64224310997722,2775100,2023-08-17
198.13230895996094,198.13230895996094,200.07354383351378,196.30873420478244,196.45580561275935,1781700,2023-08-18
195.89694213867188,195.89694213867188,199.563703805479,194.7008332779473,198.13228969085424,2210800,2023-08-21
199.95587158203125,199.95587158203125,200.51471597049783,195.77930415229397,196.08323076638774,3170800,2023-08-22
199.26956176757812,199.26956176757812,201.1519587846521,198.77935374354965,199.9460512343313,1509200,2023-08-23
194.89691162109375,194.89691162109375,201.35786514550668,194.5537749591055,199.02447002015137,1903200,2023-08-24
195.87733459472656,195.87733459472656,197.42639389560227,194.34788780549724,195.72047938144485,1510400,2023-08-25
198.56365966796875,198.56365966796875,199.09309270790328,195.2400498860208,196.73028645773823,1062100,2023-08-28
202.1127471923828,202.1127471923828,202.4166887108946,197.56361766835417,197.72048781469044,1189400,2023-08-29
201.32846069335938,201.32846069335938,202.50495707147266,200.42646467817733,202.06377279967558,1098500,2023-08-30
199.5244598388672,199.5244598388672,202.46570791352377,199.43622598701822,202.09315999684097,1321000,2023-08-31
201.7892608642578,201.7892608642578,202.37750158320782,199.74017972401973,200.66177330633442,1086000,2023-09-01
197.09303283691406,197.09303283691406,201.52451747057404,196.38713210022624,201.52451747057404,1989000,2023-09-05
198.45582580566406,198.45582580566406,199.4068306225225,195.6028113550888,196.1616557146698,1487300,2023-09-06
195.9557647705078,195.9557647705078,198.0930796875069,194.90672730314452,198.04405588960108,1847300,2023-09-07
201.4264678955078,201.4264678955078,201.67157189999492,196.11261487342279,196.4557664636892,1753500,2023-09-08
200.16177368164062,200.16177368164062,204.1520598105285,199.1715437516987,202.82850692510797,1715800,2023-09-11
199.80880737304688,199.80880737304688,201.10294886659932,199.200939208534,199.8186061486174,1399600,2023-09-12
196.30873107910156,196.30873107910156,199.83823537485065,195.64205524544005,199.0931244501765,1676200,2023-09-13
200.21075439453125,200.21075439453125,201.1715578687162,196.12240658221356,197.24008020400927,1729300,2023-09-14
199.1813201904297,199.1813201904297,201.19117600300706,198.25972674739685,200.41663897749604,3899800,2023-09-15
196.74989318847656,196.74989318847656,199.66173016410897,196.64206178045384,198.63230524057133,1700800,2023-09-18
194.65179443359375,194.65179443359375,196.7596979002746,193.06352523243714,196.58321523350077,2356300,2023-09-19
195.94595336914062,195.94595336914062,198.96563661402024,195.71064813033223,195.71064813033223,1499900,2023-09-20
191.3478240966797,191.3478240966797,194.17142748287714,191.26938900706713,193.83808957199653,1730800,2023-09-21
190.55369567871094,190.55369567871094,193.0537600128256,190.20074524377753,191.39685421994275,1374900,2023-09-22
189.15167236328125,189.15167236328125,191.64193765291088,186.81829220114227,189.43600141192118,2141400,2023-09-25
188.0045928955078,188.0045928955078,191.3674280219151,187.0143779835147,188.23989815378673,2188700,2023-09-26
190.0830535888672,190.0830535888672,192.43604593954376,188.22025426461775,190.26933501728817,2284300,2023-09-27
195.6420440673828,195.6420440673828,196.3675424378613,190.2987790871335,190.63211698491892,1786700,2023-09-28
192.71060180664062,192.71060180664062,195.87734187694093,191.465469070159,195.44597132442507,1764500,2023-09-29
189.9556121826172,189.9556121826172,192.29880597449718,187.99478005686115,192.16154832409273,1640700,2023-10-02
186.6614227294922,186.6614227294922,189.22030937697835,185.63198282120004,188.21048197969094,1650500,2023-10-03
191.00466918945312,191.00466918945312,192.0929166841137,186.80847457526068,187.4457540075856,2282600,2023-10-04
190.9556427001953,190.9556427001953,192.2791954225823,188.77911782164387,191.60270593871334,1582700,2023-10-05
192.1419219970703,192.1419219970703,193.9458987926125,189.07323011370661,189.53402682692024,1735800,2023-10-06
190.62229919433594,190.62229919433594,190.74975807723337,185.77905612375008,189.22031132231544,1615400,2023-10-09
194.57337951660156,194.57337951660156,197.34794382540068,191.86742159344809,191.86742159344809,1691900,2023-10-10
194.38711547851562,194.38711547851562,195.05379128394907,191.31840812242214,194.58319571776292,1379200,2023-10-11
193.9263153076172,193.9263153076172,195.29889191838362,192.53412618527895,195.14202174573515,1397600,2023-10-12
189.15167236328125,189.15167236328125,195.60281214323774,188.71048810707583,193.82826138296895,1531100,2023-10-13
193.1811981201172,193.1811981201172,195.24987686469052,191.23997826652501,192.46549849530155,1382600,2023-10-16
193.64199829101562,193.64199829101562,195.65185449316,192.5047268685025,192.8282510497586,1230900,2023-10-17
190.59288024902344,190.59288024902344,193.01450916699082,190.1516960043654,192.03409308554532,1255800,2023-10-18
188.54380798339844,188.54380798339844,192.36743955034976,187.7202620926563,191.3772097665168,1770700,2023-10-19
184.288818359375,184.288818359375,187.72027476235965,184.0633268416827,187.11242155816186,2367800,2023-10-20
184.94569396972656,184.94569396972656,187.03398506644655,183.19075571921707,185.66139353960293,1848300,2023-10-23
186.4163360595703,186.4163360595703,187.5830337336052,184.3574560512777,186.04377311560245,1810100,2023-10-24
184.7397918701172,184.7397918701172,186.96534052552832,182.8868061064385,184.1123261871774,1784800,2023-10-25
182.798583984375,182.798583984375,186.9359412393124,182.7593739216578,185.20060050480987,1528000,2023-10-26
181.64170837402344,181.64170837402344,184.3770629115013,180.50442202411975,183.05351005528823,1282300,2023-10-27
184.40646362304688,184.40646362304688,185.9064990833638,183.42604750728614,184.41627735858063,1485100,2023-10-30
184.8672332763672,184.8672332763672,185.47508639178577,182.36716955591518,184.16133257976992,1234000,2023-10-31
185.1025848388672,185.1025848388672,186.16143614886494,182.2691825689529,186.16143614886494,2313700,2023-11-01
182.0632781982422,182.0632781982422,182.8966379195011,177.21022119081826,180.69070155612994,3054300,2023-11-02
187.55361938476562,187.55361938476562,188.12226256787454,183.7103897306164,184.41629058137482,1746000,2023-11-03
187.41635131835938,187.41635131835938,188.63205774724048,185.63198677795745,188.52421137435945,1543700,2023-11-06
190.69093322753906,190.69093322753906,191.38703524741132,185.73003010888965,188.06342523582853,2057200,2023-11-07
188.8085174560547,188.8085174560547,192.02428077980832,188.27908443180047,191.57328283173845,1511400,2023-11-08
190.58309936523438,190.58309936523438,191.58312805097825,188.5046218646358,189.37719166063835,1490100,2023-11-09
193.73023986816406,193.73023986816406,193.8969088207433,189.99484171931138,190.89683775439013,1165700,2023-11-10
193.8380584716797,193.8380584716797,194.55375797961395,192.39684572120686,193.37726174411566,1075600,2023-11-13
198.39700317382812,198.39700317382812,200.15194141557004,196.06360806182533,196.08322057267208,1853400,2023-11-14
197.2303009033203,197.2303009033203,199.7989862442336,197.04401945463508,199.4068257964473,1516200,2023-11-15
199.69114685058594,199.69114685058594,199.84801701916345,197.13227515548343,197.4165892460628,1284200,2023-11-16
201.740234375,201.740234375,202.33828882193615,199.80881337226992,200.9853097544497,1295300,2023-11-17
202.90692138671875,202.90692138671875,203.29908184031467,200.8480416054343,200.8480416054343,1292800,2023-11-20
203.6440887451172,203.6440887451172,204.1846788747685,202.57274694121898,202.57274694121898,1109800,2023-11-21
206.3568572998047,206.3568572998047,207.13334543002486,204.6859545479223,205.40345693595225,1241200,2023-11-22
205.3542938232422,205.3542938232422,206.82862231380443,205.07908703814886,206.10129652361985,710200,2023-11-24
203.95860290527344,203.95860290527344,205.70813822313266,203.24110055523226,204.60731105620425,1544500,2023-11-27
201.15737915039062,201.15737915039062,203.9585942323287,201.049261129833,203.70304936448554,1345200,2023-11-28
199.01470947265625,199.01470947265625,202.3860155127155,198.82795877395296,201.2163790293816,1296100,2023-11-29
199.23094177246094,199.23094177246094,199.85998806280705,197.5010682234208,199.02454416027908,1385700,2023-11-30
205.69833374023438,205.69833374023438,205.9243932690862,199.2800908309172,199.2800908309172,1475000,2023-12-01
206.02268981933594,206.02268981933594,209.482451978948,204.51887576937082,205.32483431361212,1462700,2023-12-04
199.2407684326172,199.2407684326172,204.86286088355476,198.77881095012674,203.67357757576545,1539300,2023-12-05
201.27532958984375,201.27532958984375,204.174839364167,200.80354865987965,201.40310952827699,1196500,2023-12-06
204.46969604492188,204.46969604492188,204.5778140639351,201.80608439104677,202.80861693355718,1248700,2023-12-07
205.8162384033203,205.8162384033203,206.22906355277044,203.634231174028,204.1256739734606,1276300,2023-12-08
212.7750701904297,212.7750701904297,213.6105289483163,207.86064219731784,208.41105573292333,2065500,2023-12-11
213.15841674804688,213.15841674804688,214.01353750459657,211.91016270859143,212.79475383865463,1546300,2023-12-12
214.33787536621094,214.33787536621094,215.16349569148196,210.68153964270283,213.28618054896654,1556600,2023-12-13
216.3232879638672,216.3232879638672,217.95488165824057,214.60323816498592,215.49766765983875,1729200,2023-12-14
217.3553466796875,217.3553466796875,218.34805585389302,215.37975178928593,216.68699159154417,3845000,2023-12-15
218.31858825683594,218.31858825683594,218.8296930702108,215.65497614776578,217.6895419471619,1440200,2023-12-18
217.60104370117188,217.60104370117188,220.38261176572522,217.05063016146343,219.6651094727227,1525300,2023-12-19
213.01097106933594,213.01097106933594,216.91302814946314,212.6374697374651,216.7557628520813,1874600,2023-12-20
218.04336547851562,218.04336547851562,218.43652876682182,214.79983958880777,214.79983958880777,1214500,2023-12-21
218.80999755859375,218.80999755859375,219.30144038124632,217.1096095915563,218.46599658132376,995000,2023-12-22
219.6258087158203,219.6258087158203,219.9206774281022,217.83696452389597,218.4266869508141,1118600,2023-12-26
220.59886169433594,220.59886169433594,220.66765589231076,219.06556245209606,220.10741886040546,1329600,2023-12-27
220.24501037597656,220.24501037597656,220.90354193821076,219.40955160429382,220.03859779789397,971000,2023-12-28
221.65057373046875,221.65057373046875,222.75141603664758,220.539922962985,220.8642770801732,2008700,2023-12-29
218.04336547851562,218.04336547851562,223.2919716468243,216.81475832314493,221.6407308288761,1524700,2024-01-02
215.29127502441406,215.29127502441406,217.1882522056455,214.27890396312236,216.57886787684924,1299900,2024-01-03
216.2545166015625,216.2545166015625,218.60361283213257,215.1340274999024,215.85152986384506,1238700,2024-01-04
218.61341857910156,218.61341857910156,219.57664229079091,215.25195154644967,215.4583641263482,1005100,2024-01-05
224.32398986816406,224.32398986816406,224.38296060811084,218.61342658609686,218.6920592385742,1690700,2024-01-08
222.60394287109375,222.60394287109375,223.58682854342877,221.57190991561296,221.73901367783765,1358300,2024-01-09
222.8889923095703,222.8889923095703,224.07827559679697,222.02404810239062,222.02404810239062,1225300,2024-01-10
223.09536743164062,223.09536743164062,225.02182979056835,221.5325829400836,223.46886875577775,1176000,2024-01-11
221.6407012939453,221.6407012939453,223.93082652610113,220.10740216798717,223.89150270368768,758900,2024-01-12
222.4663543701172,222.4663543701172,222.50567819832446,219.25232880471987,220.18606725641922,1108000,2024-01-16
223.80307006835938,223.80307006835938,223.99964420810818,221.16894360090538,221.3851796539227,1248700,2024-01-17
228.69781494140625,228.69781494140625,229.07131626984827,223.79322538019426,223.80304883707385,2209600,2024-01-18
229.6708984375,229.6708984375,230.0935470849169,227.59700902216846,228.68801274298545,1885100,2024-01-19
233.31739807128906,233.31739807128906,234.22165106056102,230.07387245908114,230.24096121819875,1552200,2024-01-22
233.04220581054688,233.04220581054688,233.8383408290902,231.70548065668228,232.91442587011306,1268600,2024-01-23
233.7990264892578,233.7990264892578,235.23404627055373,233.25845132964713,234.37894047484951,1239300,2024-01-24
238.36944580078125,238.36944580078125,239.3621549654481,237.22929478151423,237.56347232237488,1594300,2024-01-25
237.46517944335938,237.46517944335938,239.05744939982398,236.9147508804006,238.36943244318155,1119000,2024-01-26
237.9861297607422,237.9861297607422,238.36945460062068,235.67634226554728,237.44553960254274,1303000,2024-01-29
239.02796936035156,239.02796936035156,239.83392781392115,236.07931233957692,236.07931233957692,1059900,2024-01-30
235.627197265625,235.627197265625,239.73566751016742,235.17507821812217,239.25404809225265,1181200,2024-01-31
239.499755859375,239.499755859375,239.61769734370495,234.63447466137256,236.29555388803186,1190900,2024-02-01
240.92494201660156,240.92494201660156,242.52705053365924,237.47501855101996,239.05746515440782,1222300,2024-02-02
240.05015563964844,240.05015563964844,241.09201201834625,237.70105956013242,239.98136144362886,1338200,2024-02-05
240.57110595703125,240.57110595703125,241.544168229213,238.6741436963596,240.0501777197667,1471500,2024-02-06
243.69667053222656,243.69667053222656,245.72141257219832,240.88561697249483,241.88816453512996,1046700,2024-02-07
245.30860900878906,245.30860900878906,246.15389129071988,241.6031258080132,245.41672703313995,1030900,2024-02-08
242.7924346923828,242.7924346923828,246.45859422771545,241.24929691350277,246.35047619863695,1479800,2024-02-09
244.58128356933594,244.58128356933594,244.8761522904157,241.7898916714261,242.0650984783949,1429900,2024-02-12
230.91917419433594,230.91917419433594,237.76005042871458,228.03931122675735,237.76005042871458,3110200,2024-02-13
231.36146545410156,231.36146545410156,232.36401307234325,228.22605765615086,231.7742756504021,2349600,2024-02-14
236.3741912841797,236.3741912841797,236.73785419992103,232.83579670685992,233.46484296531168,1521700,2024-02-15
237.4946746826172,237.4946746826172,239.0476358765147,234.2216635268114,234.93916588300957,2119800,2024-02-16
238.78224182128906,238.78224182128906,239.79461283932682,236.39382189690807,237.0621919365936,2162200,2024-02-20
239.69830322265625,239.69830322265625,240.34838785982373,236.96002102152465,237.65935836615748,1396100,2024-02-21
245.56886291503906,245.56886291503906,246.672051435722,241.10684109428556,241.3136964568218,1383600,2024-02-22
247.70628356933594,247.70628356933594,248.3859318249359,244.85965154893833,244.85965154893833,1477200,2024-02-23
245.48019409179688,245.48019409179688,247.69643048534945,243.34275901803727,247.69643048534945,1476000,2024-02-26
245.2930450439453,245.2930450439453,246.0711986902711,243.96329718391846,245.15514649052005,1079300,2024-02-27
245.25367736816406,245.25367736816406,247.4600544521002,244.45581955140148,244.99756929248102,953400,2024-02-28
246.1204376220703,246.1204376220703,246.5932455475,244.15044968889217,245.952990451328,1698200,2024-02-29
246.24851989746094,246.24851989746094,247.3911166369412,244.21943449827657,245.24382172793057,1096900,2024-03-01
243.7071990966797,243.7071990966797,246.7311377100846,243.31320753217642,246.0219408701269,1156200,2024-03-04
244.1603240966797,244.1603240966797,245.45066386661523,242.00318477388896,243.81557017548064,1084000,2024-03-05
243.39202880859375,243.39202880859375,246.80995926676385,243.26397477621342,244.16032294324367,1314700,2024-03-06
243.20486450195312,243.20486450195312,245.23394967339786,242.51537172959064,244.67249589673577,1197400,2024-03-07
246.52427673339844,246.52427673339844,247.34182348937628,242.52520382883807,243.46094504550183,1276800,2024-03-08
244.741455078125,244.741455078125,246.93798744217133,243.28366819806786,246.5242917747152,1176500,2024-03-11
246.9281463623047,246.9281463623047,248.54353590866623,244.95815837748253,244.95815837748253,1270900,2024-03-12
247.6373291015625,247.6373291015625,249.32166031572996,244.4656474246855,246.14997863885296,1804700,2024-03-13
244.27850341796875,244.27850341796875,249.20347324494392,244.00270631004335,248.59278179593986,1711000,2024-03-14
240.40750122070312,240.40750122070312,243.26397790889766,239.7081488430716,242.4562755862758,3709700,2024-03-15
244.7907257080078,244.7907257080078,245.61811710350642,242.71238765967092,242.8995389340896,1915300,2024-03-18
246.07122802734375,246.07122802734375,246.2583642773055,244.11108439942157,245.6181241378894,1164300,2024-03-19
250.2377166748047,250.2377166748047,250.86811220330333,245.51958722495047,245.6870343933219,1630400,2024-03-20
251.43942260742188,251.43942260742188,252.27665848959597,249.57778454847326,250.91737698976752,1530800,2024-03-21
251.33106994628906,251.33106994628906,252.68050690224666,249.42017920205348,252.0698154383503,1282800,2024-03-22
248.3268280029297,248.3268280029297,251.83340409782286,248.25787121137787,251.47880567082157,856000,2024-03-25
248.39576721191406,248.39576721191406,250.48396460715688,247.40092873268597,249.3610721048286,1351400,2024-03-26
249.7550811767578,249.7550811767578,251.13408182193143,248.94739389628148,251.13408182193143,1302300,2024-03-27
248.5238494873047,248.5238494873047,251.2719913381857,247.87374979894395,251.2424427186981,999200,2024-03-28
247.55856323242188,247.55856323242188,250.6908371836838,246.9675607741604,249.71570266631431,1178500,2024-04-01
244.0224151611328,244.0224151611328,246.41594332945428,242.84041035573335,246.41594332945428,1252300,2024-04-02
246.82965087890625,246.82965087890625,247.03650623875137,243.06698149206116,243.46097309294618,1071000,2024-04-03
245.1551513671875,245.1551513671875,251.00601801998795,244.3376045592553,249.53837157734117,1607300,2024-04-04
250.11952209472656,250.11952209472656,250.513528717167,244.54446741299108,245.165003419884,1293200,2024-04-05
250.8582763671875,250.8582763671875,251.2227343844045,249.60734475050347,250.42489161208618,1205600,2024-04-08
251.1143798828125,251.1143798828125,251.65612960413196,247.57825492973393,251.62658098567965,1152800,2024-04-09
250.5332489013672,250.5332489013672,251.36064031692447,247.48960578801103,248.50414848252416,1317500,2024-04-10
254.67019653320312,254.67019653320312,256.65990372837916,249.21333617511326,250.29683562897657,1545200,2024-04-11
247.2926025390625,247.2926025390625,253.28138316620536,245.57872251980245,252.26681044258277,1931900,2024-04-12
244.68235778808594,244.68235778808594,253.1533120144801,244.4853619983637,251.24242129156218,1433300,2024-04-15
241.93423461914062,241.93423461914062,245.0074262864376,241.0674500723071,244.48538064045061,1088900,2024-04-16
234.8816680908203,234.8816680908203,241.64857183764872,233.9754604145306,240.4074848493974,2684100,2024-04-17
232.75408935546875,232.75408935546875,237.6199622069873,232.5373894692202,237.0388043139666,1841200,2024-04-18
232.4585723876953,232.4585723876953,235.70905543128285,231.0303341650051,233.81786884933365,1842300,2024-04-19
233.84742736816406,233.84742736816406,235.5022100612638,231.97592976451207,234.98016444762052,1046400,2024-04-22
236.0932159423828,236.0932159423828,236.3788575912936,233.84743080881015,233.84743080881015,1196200,2024-04-23
240.3976287841797,240.3976287841797,245.87419291800862,239.65888329785784,240.50597872336618,2301300,2024-04-24
238.3094482421875,238.3094482421875,239.4717339355728,236.62510190689795,238.43750227037302,1207400,2024-04-25
237.22593688964844,237.22593688964844,240.45671581028898,237.12744651354262,237.15699512935583,1065500,2024-04-26
236.88121032714844,236.88121032714844,240.57493779372317,235.99470671728116,237.84650023006495,1209100,2024-04-29
232.58665466308594,232.58665466308594,238.28976371782758,231.96610358916593,237.3343182671132,1862900,2024-04-30
230.35069274902344,230.35069274902344,233.679977210748,227.34645810425562,230.24234281003788,2157100,2024-05-01
232.0251922607422,232.0251922607422,233.14808485838924,229.13916695522906,232.8033459643545,1413200,2024-05-02
231.06973266601562,231.06973266601562,235.17715573246264,230.7840910267825,233.81787426913166,1572800,2024-05-03
233.26629638671875,233.26629638671875,233.7981865566124,231.85774709027285,231.87745117947375,1067900,2024-05-06
232.44873046875,232.44873046875,234.6945154993928,232.12368065776025,233.26627726066695,897900,2024-05-07
231.81834411621094,231.81834411621094,232.73438132270667,230.95154458590608,232.0153399104214,1194500,2024-05-08
233.97544860839844,233.97544860839844,234.17245941579927,227.3858519237181,229.1785330385133,1229700,2024-05-09
236.85165405273438,236.85165405273438,237.05849436747903,233.93606532025595,234.42856229987754,1145300,2024-05-10
233.9360809326172,233.9360809326172,238.07305283156762,232.66544525351276,237.62980852629008,1288800,2024-05-13
232.33053588867188,232.33053588867188,234.99987630978754,232.1532441784672,234.3990293532894,2105300,2024-05-14
232.4585723876953,232.4585723876953,233.90651469774963,232.02517264457498,233.19731785079182,1569000,2024-05-15
235.37417602539062,235.37417602539062,235.89622165004127,232.10398868700491,232.10398868700491,1280800,2024-05-16
234.16261291503906,234.16261291503906,235.98485777640894,232.7737828362307,235.374166322893,1217000,2024-05-17
236.72360229492188,236.72360229492188,236.9107535537403,233.8671107678791,234.28082146095943,954100,2024-05-20
234.70436096191406,234.70436096191406,237.600245626056,233.57162391320162,237.600245626056,839700,2024-05-21
232.61619567871094,232.61619567871094,235.80756674353705,231.96609600631442,233.67999104359174,1091600,2024-05-22
229.18910217285156,229.18910217285156,233.574175791299,228.97182266418852,233.574175791299,1650400,2024-05-23
233.66305541992188,233.66305541992188,233.7914519650323,230.403877906484,230.93720580923738,909200,2024-05-24
231.24339294433594,231.24339294433594,234.67046588312513,230.0977399873304,231.91498832500145,993800,2024-05-28
225.63365173339844,225.63365173339844,229.56440960566218,225.01144085122468,228.99158317080688,1161700,2024-05-29
226.12745666503906,226.12745666503906,226.75953838239,223.89540632719297,225.95954653713395,934600,2024-05-30
228.31011962890625,228.31011962890625,228.52739914361442,224.626268880474,226.68053833861268,1660100,2024-05-31
225.5546417236328,225.5546417236328,229.1298527063872,223.23370830829813,228.86318874440843,1644000,2024-06-03
227.65829467773438,227.65829467773438,228.83357528564247,223.63865355566514,223.7966777703459,1100600,2024-06-04
229.89031982421875,229.89031982421875,230.34462055362263,226.66076999294978,228.31997885340772,987800,2024-06-05
229.15945434570312,229.15945434570312,232.537142223917,228.50761587709624,229.98905872210318,1028000,2024-06-06
228.24099731445312,228.24099731445312,230.0187169084414,227.28299627523919,228.65579955771827,2723400,2024-06-07
229.8804473876953,229.8804473876953,230.52241507521373,227.1348408478943,227.15459764120723,1219800,2024-06-10
229.76193237304688,229.76193237304688,230.3545156009572,227.08545205600916,228.9125711170514,1285100,2024-06-11
233.6334228515625,233.6334228515625,234.19637839595754,231.1248527992137,231.1248527992137,1477700,2024-06-12
237.49508666992188,237.49508666992188,237.79137830886552,231.75696604478892,232.31003573347374,1188700,2024-06-13
236.48770141601562,236.48770141601562,236.7839930553232,232.23102391035337,236.3691907883001,1566300,2024-06-14
241.6727294921875,241.6727294921875,242.01840555034224,234.66057506548538,235.5988192761688,1406900,2024-06-17
240.0431365966797,240.0431365966797,244.14178929884423,239.13452008417627,242.245544176661,1320100,2024-06-18
240.96163940429688,240.96163940429688,241.37644163852957,239.6579773924252,239.67771911547135,1154400,2024-06-20
240.5172119140625,240.5172119140625,242.8974006563888,239.7468627470883,242.6504934856915,3289900,2024-06-21
242.62086486816406,242.62086486816406,243.22331896507586,240.22091934209922,240.22091934209922,1058600,2024-06-24
241.80113220214844,241.80113220214844,243.81588808411783,240.76411907127428,243.48009794879258,1283800,2024-06-25
238.52218627929688,238.52218627929688,240.25053639102262,236.7049532072008,239.6678391130163,1592600,2024-06-26
239.2530517578125,239.2530517578125,239.94438883144758,237.22840991572423,239.94438883144758,1153600,2024-06-27
238.7789764404297,238.7789764404297,243.73686127826898,238.03825497306147,239.40117222540758,6788900,2024-06-28
236.54693603515625,236.54693603515625,240.34931242190567,234.5124233972657,239.1937886927159,1475000,2024-07-01
237.01112365722656,237.01112365722656,237.1493910680218,233.75194603703278,236.84322859197644,1417300,2024-07-02
237.19876098632812,237.19876098632812,238.68020389839916,235.52966622752547,236.66544816878988,866700,2024-07-03
237.99876403808594,237.99876403808594,238.39382456695506,235.50006458930963,237.5247064734613,851900,2024-07-05
236.8926239013672,236.8926239013672,240.05303277161025,236.2111576776236,239.0950317135965,1040300,2024-07-08
234.58157348632812,234.58157348632812,237.88024973374937,234.45317693268007,237.88024973374937,1254900,2024-07-09
239.51971435546875,239.51971435546875,239.73699387308523,234.22602396902863,235.0161299358142,1376000,2024-07-10
236.8135986328125,236.8135986328125,239.93450881183782,236.2901566491806,239.93450881183782,1765400,2024-07-11
239.78636169433594,239.78636169433594,242.4035867504396,237.18890850154634,238.18640804774896,1699300,2024-07-12
243.61834716796875,243.61834716796875,243.79612815399327,238.9962525115641,239.79622927363286,1062300,2024-07-15
251.95396423339844,251.95396423339844,252.03297633967392,244.6257609140556,244.87266809490956,1562300,2024-07-16
244.4874725341797,244.4874725341797,252.17122213797833,244.428217227058,250.11695276099633,1752900,2024-07-17
241.07028198242188,241.07028198242188,245.4257280978643,241.03078346584977,241.74187732429007,1399800,2024-07-18
240.89251708984375,240.89251708984375,242.6801226052786,239.6480952972072,241.96902874377707,1342500,2024-07-19
239.93450927734375,239.93450927734375,240.98139324663865,238.1666455352181,240.59621867170907,1212700,2024-07-22
239.31231689453125,239.31231689453125,242.56162387905908,238.976526740695,239.65799298055117,730900,2024-07-23
232.13223266601562,232.13223266601562,238.62096016928072,231.99396525698194,238.2555423889811,1762500,2024-07-24
230.8582000732422,230.8582000732422,234.57167842247608,229.45576917959505,232.09273590251087,1380100,2024-07-25
233.67295837402344,233.67295837402344,234.79885449850275,231.10511770485118,232.68532966588305,929400,2024-07-26
235.50006103515625,235.50006103515625,236.55683098016183,232.78408210399587,234.99637582222027,1335700,2024-07-29
235.81610107421875,235.81610107421875,238.55182163180248,235.10500722827175,236.0432514480576,1752800,2024-07-30
224.48800659179688,224.48800659179688,233.29765279005514,220.17205892388125,227.15460106859854,4316500,2024-07-31
216.07339477539062,216.07339477539062,223.68801829537205,212.94261376424913,223.35221310126153,3067900,2024-08-01
211.026611328125,211.026611328125,213.9598696171517,207.42177279232638,212.45866985316758,3679000,2024-08-02
208.73533630371094,208.73533630371094,209.71307909312182,202.0194579839359,206.48354402443613,4057500,2024-08-05
212.5870819091797,212.5870819091797,215.7079922801444,208.57731171851842,209.87110293008448,1911700,2024-08-06
212.11302185058594,212.11302185058594,214.94751142032482,211.1352640043957,213.26854563061906,2854400,2024-08-07
213.13026428222656,213.13026428222656,215.11539243046397,212.1228788462474,212.78458822899321,1369600,2024-08-08
215.2734375,215.2734375,216.2906938958264,211.40193465054088,212.83399330845018,1214100,2024-08-09
212.0241241455078,212.0241241455078,215.25367424553824,211.75747524432612,215.25367424553824,1075200,2024-08-12
213.75247192382812,213.75247192382812,214.16728923869962,210.63157669064205,212.5969481553038,1081100,2024-08-13
214.4141845703125,214.4141845703125,215.01663864575625,212.87347122736176,214.31541567793792,847400,2024-08-14
219.15481567382812,219.15481567382812,220.1918288851592,216.2215570529294,216.96227862244888,1726700,2024-08-15
218.45156860351562,218.45156860351562,219.55095823520864,217.62950112099526,219.491534219375,1005700,2024-08-16
222.99769592285156,222.99769592285156,223.83957648133602,218.94679748000354,219.1845086655922,1068600,2024-08-19
220.9970245361328,220.9970245361328,223.32455096918463,220.73950029781426,222.35392337493525,1069700,2024-08-20
222.3638153076172,222.3638153076172,222.98779772636138,220.92767944959544,221.92803413525505,710500,2024-08-21
221.97755432128906,221.97755432128906,223.74053747465118,220.99702774705986,221.6705201369173,991200,2024-08-22
223.1066436767578,223.1066436767578,225.47379610158742,222.79960950942925,223.81976211638988,958300,2024-08-23
222.5222930908203,222.5222930908203,225.94922429816557,222.00725973492905,224.40413934341638,1104900,2024-08-26
225.44407653808594,225.44407653808594,225.99872083634168,221.6606014390278,222.2548567101917,1017700,2024-08-27
225.14697265625,225.14697265625,225.9987370949026,224.01785582266922,224.25556701599012,1026200,2024-08-28
229.15826416015625,229.15826416015625,231.3768568098328,226.6920764438272,227.55375503262403,1954400,2024-08-29
232.44650268554688,232.44650268554688,233.17941904420118,228.8412995703756,230.33685940904422,2218100,2024-08-30
228.51446533203125,228.51446533203125,232.4564148417851,227.54383773788504,231.96119452251716,1802700,2024-09-03
227.26651000976562,227.26651000976562,228.45503572435538,225.9294091352744,227.8013412918075,1412200,2024-09-04
226.87033081054688,226.87033081054688,228.34609280629732,224.69136442292074,227.53392422646928,1808800,2024-09-05
225.42428588867188,225.42428588867188,230.67360896164786,224.98848960798915,227.27640496864927,3355300,2024-09-06
226.40481567382812,226.40481567382812,228.74225612064004,224.37440939840235,226.74156185451454,1876900,2024-09-09
223.5127410888672,223.5127410888672,226.81091028782632,219.82830063847635,225.5035213673344,1755200,2024-09-10
225.1568603515625,225.1568603515625,225.60255559292045,219.71933609080833,223.51272535080528,1330900,2024-09-11
228.49464416503906,228.49464416503906,228.61350731422684,225.414373284174,226.61281306388676,1044100,2024-09-12
229.5247039794922,229.5247039794922,230.33685739116902,227.47448473782265,229.33651785242992,1034100,2024-09-13
230.2378387451172,230.2378387451172,233.49638181406556,229.68317928964152,230.84200814245108,993100,2024-09-16
233.3577117919922,233.3577117919922,233.971780131597,230.53495001962796,231.49567861651406,1005300,2024-09-17
236.45779418945312,236.45779418945312,239.41920190998937,234.53633700815885,236.61625319956696,1539600,2024-09-18
242.12310791015625,242.12310791015625,243.66819277821435,239.7262284361522,240.6473460231399,1676100,2024-09-19
242.0537872314453,242.0537872314453,242.40044750036657,238.59714395967202,241.56846587754055,3663400,2024-09-20
239.3597869873047,239.3597869873047,242.7867182418286,239.05275280782945,242.50939607243646,1393400,2024-09-23
245.01519775390625,245.01519775390625,245.09443481458067,240.52850309456963,240.69687618115628,1225300,2024-09-24
243.15318298339844,243.15318298339844,245.2529123546954,242.29150444195585,245.10435230028295,951400,2024-09-25
248.31336975097656,248.31336975097656,248.60059087560833,243.86628601139364,245.79764216094998,1431800,2024-09-26
250.62110900878906,250.62110900878906,251.99782098238333,249.26421008088755,250.3933118785625,1238400,2024-09-27
246.22354125976562,246.22354125976562,251.522389446227,244.10399896259622,249.64055833569387,1646300,2024-09-30
243.72763061523438,243.72763061523438,246.92674959976245,240.77612178675486,246.3324942930007,1382500,2024-10-01
246.44143676757812,246.44143676757812,246.61970882095594,242.50938638577634,242.94516755389682,857600,2024-10-02
247.09510803222656,247.09510803222656,247.28329415772632,243.65827806114544,243.70780311200173,935600,2024-10-03
252.17608642578125,252.17608642578125,252.4038835363677,249.80893395259972,250.85879858991274,1129400,2024-10-04
252.7208251953125,252.7208251953125,253.40423162216726,250.65080798420468,251.57191048097476,2406700,2024-10-07
254.1272430419922,254.1272430419922,254.8899016701231,251.1064112168234,252.87930840424485,1207900,2024-10-08
259.3765563964844,259.3765563964844,260.50564282040307,253.55276156808236,253.8399977690327,1442600,2024-10-09
258.0494384765625,258.0494384765625,259.41625153185294,256.8113875534157,258.3960987802141,1038200,2024-10-10
260.1194152832031,260.1194152832031,261.6149902365736,258.5545022347835,258.73280451145956,1084700,2024-10-11
259.0596618652344,259.0596618652344,260.82264506675347,257.93057520737875,258.7229156611072,1139700,2024-10-14
258.0890197753906,258.0890197753906,260.8028477993233,257.01935713754517,258.87147637789155,1252400,2024-10-15
260.05999755859375,260.05999755859375,260.77311600500883,257.11838774536267,257.9404401501925,709200,2024-10-16
262.0408935546875,262.0408935546875,262.66487600872927,259.78269005130096,261.97155545404945,1163500,2024-10-17
263.06103515625,263.06103515625,264.0316476209267,260.56510544514066,262.0408825249812,886800,2024-10-18
262.4370422363281,262.4370422363281,263.89299110098386,260.74339730425027,261.9616198756362,869100,2024-10-21
262.96197509765625,262.96197509765625,263.3482614338903,260.8325338868561,262.2686545983967,1198100,2024-10-22
255.3554229736328,255.3554229736328,260.48589843382877,253.03778030022337,257.98999880542686,1990300,2024-10-23
258.1385498046875,258.1385498046875,259.3171765887631,254.96912765449508,257.48485535274096,1195100,2024-10-24
259.6142883300781,259.6142883300781,262.59552424388147,258.86154379283505,260.7929150761935,1162000,2024-10-25
260.0401916503906,260.0401916503906,262.0706132049396,258.188072392087,261.8230030318862,1127500,2024-10-28
261.3674011230469,261.3674011230469,262.5757097153475,259.77277593783566,260.2877942013991,791500,2024-10-29
261.7338562011719,261.7338562011719,263.06104304689484,260.73350147102434,261.1494998439703,897800,2024-10-30
257.5343933105469,257.5343933105469,262.8332573759714,257.43537341608436,261.7338826502721,1308100,2024-10-31
258.0791320800781,258.0791320800781,260.87218201766467,255.9595745424364,256.00911471134,1481600,2024-11-01
253.97869873046875,253.97869873046875,254.23622298198697,247.164477064137,252.9882580410616,2222000,2024-11-04
257.1778259277344,257.1778259277344,258.5743508882874,251.6511652201006,251.6511652201006,1604300,2024-11-05
273.6191101074219,273.6191101074219,274.7581106701598,265.92336785554255,267.5278766757633,2148500,2024-11-06
275.0255432128906,275.0255432128906,275.83771177285286,271.24205280259247,273.4903723472233,1472700,2024-11-07
278.1156921386719,278.1156921386719,280.0965732229241,274.56001421954073,275.15428458998576,1516600,2024-11-08
283.1768798828125,283.1768798828125,283.4542020459992,278.38315093295785,278.38315093295785,1895500,2024-11-11
283.2857971191406,283.2857971191406,284.2564397459194,280.99788185144854,282.88962694166764,1143200,2024-11-12
283.7315368652344,283.7315368652344,286.2769766137186,281.6416913567685,281.9685537007981,1274000,2024-11-13
279.3240661621094,279.3240661621094,284.7616059801666,279.0665721421422,283.74145330169364,1396800,2024-11-14
276.1150207519531,276.1150207519531,279.759834793454,275.01564622823173,279.2943265167622,1751100,2024-11-15
278.759521484375,278.759521484375,279.54194780284865,275.39199923320496,277.90772684322127,1733900,2024-11-18
276.6003723144531,276.6003723144531,278.02660938644726,273.6389641983658,276.6300843273758,890500,2024-11-19
277.50164794921875,277.50164794921875,278.14542831236577,275.87734103644544,276.8776655173296,938600,2024-11-20
281.3631591796875,281.3631591796875,281.7502857889995,278.2163733167649,279.85430754575646,944500,2024-11-21
282.2069091796875,282.2069091796875,282.86207674777927,280.80723714248666,281.25392164757346,990300,2024-11-22
285.8897399902344,285.8897399902344,287.5078013517971,283.70584791438887,283.98379506095404,1808400,2024-11-25
286.0683898925781,286.0683898925781,287.6765146985533,284.4304861196021,286.6838420732388,1459100,2024-11-26
283.50732421875,283.50732421875,285.7904592712192,282.5344940839419,285.77061672339437,1112900,2024-11-27
286.97174072265625,286.97174072265625,288.3019184753205,283.44776483487874,283.4576709617575,702400,2024-11-29
284.1426086425781,284.1426086425781,287.8155095522463,282.55435664333623,286.85261587337425,1574300,2024-12-02
282.84222412109375,282.84222412109375,285.8798001486291,281.6311622196997,285.1055166571782,928800,2024-12-03
287.5077819824219,287.5077819824219,287.88500243319703,282.4153664848867,283.9837759289907,1115400,2024-12-04
290.3369140625,290.3369140625,292.49099679649095,287.7559590560614,287.8353595404901,1307400,2024-12-05
290.4460754394531,290.4460754394531,293.2851348580368,290.197907286855,290.54534875928516,1013100,2024-12-06
284.86724853515625,284.86724853515625,291.7166832072117,284.18230203855444,290.346790214008,1064700,2024-12-09
285.5621337890625,285.5621337890625,287.6268794215717,283.4080209658627,286.89231140805754,866700,2024-12-10
289.5924072265625,289.5924072265625,290.8133752153638,287.41845166849475,287.86513619099566,876800,2024-12-11
287.8651123046875,287.8651123046875,291.8556754716955,287.6268805791216,290.53540397327043,1168000,2024-12-12
284.9764404296875,284.9764404296875,287.46805838255204,283.97386169038623,286.49522831592014,797200,2024-12-13
288.2721252441406,288.2721252441406,289.92990186300256,284.24187679613607,285.47278116134993,976900,2024-12-16
287.3191833496094,287.3191833496094,289.1854128378167,286.3463532159362,286.6540793236761,1310600,2024-12-17
275.6155700683594,275.6155700683594,289.11592489477124,275.4964541909739,287.3787476636439,1861100,2024-12-18
276.97552490234375,276.97552490234375,280.71792035670273,276.1516198935026,279.13957440436855,1489900,2024-12-19
281.8793029785156,281.8793029785156,284.82754181190626,274.78169994819405,274.80154249436464,2619100,2024-12-20
281.5517578125,281.5517578125,282.07787312251867,278.42484492110736,281.4127690958324,907800,2024-12-23
284.29156494140625,284.29156494140625,284.45036592356763,280.6881579925064,281.5517784426126,424000,2024-12-24
284.46026611328125,284.46026611328125,285.16505519748824,282.762804400177,282.9216356560763,473700,2024-12-26
281.5815124511719,281.5815124511719,283.95398420472696,278.7226105252765,281.92895391885395,717600,2024-12-27
278.2560729980469,278.2560729980469,280.03296555514805,275.4567288051991,279.6160297054612,1021000,2024-12-30
276.8961486816406,276.8961486816406,279.13959886665276,276.1714866437818,278.9212096425014,740200,2024-12-31
272.4390563964844,272.4390563964844,279.1792827562739,271.5059415604248,279.0998822632763,1211900,2025-01-02
273.262939453125,273.262939453125,274.92071619031094,270.19558444754625,274.0471593678872,1773000,2025-01-03
270.6224365234375,270.6224365234375,273.8883383081799,270.0069842739655,273.2331706669449,1260300,2025-01-06
267.8032531738281,267.8032531738281,271.8930600551223,267.3069167990309,269.5304940640526,1132100,2025-01-07
271.5257568359375,271.5257568359375,271.89304088035044,267.85285580387557,268.1010239737726,1172200,2025-01-08
268.7760314941406,268.7760314941406,273.143784690483,268.5477058999776,271.16837599416044,1317600,2025-01-10
270.29486083984375,270.29486083984375,271.32721864716666,267.8628005813926,268.39885232740403,935700,2025-01-13
274.4045104980469,274.4045104980469,274.7122366152388,270.07647201498185,270.9996503665576,1106000,2025-01-14
274.02728271484375,274.02728271484375,281.5120432458285,273.7890509643928,279.53663429575164,1513400,2025-01-15
273.9776611328125,273.9776611328125,275.78433269054455,273.03460996422535,273.9776611328125,1588200,2025-01-16
275.1490173339844,275.1490173339844,277.5512986463842,274.47400715475266,276.95568895542857,1805200,2025-01-17
275.68505859375,275.68505859375,276.01262724962766,267.74367713380497,269.28230767408286,2772900,2025-01-21
278.3553466796875,278.3553466796875,278.72263072009076,275.67511835647406,275.7346762930818,1412400,2025-01-22
282.981201171875,282.981201171875,283.05069552831117,275.3773249955246,279.72523607361734,1694400,2025-01-23
282.0281982421875,282.0281982421875,284.49003719948234,280.28111506362166,282.9116913985346,1339800,2025-01-24
285.9393615722656,285.9393615722656,286.15775077989923,278.3652942531726,279.3877459311919,1569700,2025-01-27
286.52508544921875,286.52508544921875,288.7486627799345,284.23198345945684,285.19487726677016,1403400,2025-01-28
287.53759765625,287.53759765625,288.14311350371366,285.0856947071723,287.2497140711766,1302200,2025-01-29
290.396484375,290.396484375,292.8285143490849,288.78835942458426,288.78835942458426,1030500,2025-01-30
288.46075439453125,288.46075439453125,291.55788835149195,287.1702920104531,289.51298502621745,1293100,2025-01-31
288.3316650390625,288.3316650390625,288.8379377417923,281.0156730746508,284.68857368644876,1218000,2025-02-03
288.61956787109375,288.61956787109375,289.7214199519577,286.98166408642214,289.344229798575,1401800,2025-02-04
290.2475891113281,290.2475891113281,290.99209364611954,285.9691418476103,288.9273174383431,1329700,2025-02-05
300.730224609375,300.730224609375,301.9015711950375,291.3494549144732,291.82594874486387,1826800,2025-02-06
301.74273681640625,301.74273681640625,305.2667129588331,300.6408543118201,302.6956941734229,1662500,2025-02-07
302.2192077636719,302.2192077636719,303.97622749109615,299.151822541847,303.6784378064364,1770800,2025-02-10
285.8897399902344,285.8897399902344,293.424122210951,282.931564413674,289.1854206523405,3055500,2025-02-11
288.32177734375,288.32177734375,289.33429251997023,281.41275403106573,281.8991842193962,2692500,2025-02-12
286.1279602050781,286.1279602050781,289.32436740863267,283.81504621737815,288.5401778123629,1899300,2025-02-13
281.4425354003906,281.4425354003906,288.4309592537355,281.00575701618374,288.1530121268734,1659900,2025-02-14
286.3066711425781,286.3066711425781,287.1801976645654,278.821910562938,281.4425507168328,1601800,2025-02-18
285.45294189453125,285.45294189453125,286.8128985641046,281.85947178527357,284.38086877282734,1414100,2025-02-19
285.0956115722656,285.0956115722656,285.5422961109086,281.2341002279628,284.81766442800995,1153100,2025-02-20
275.4368896484375,275.4368896484375,285.0956057277575,272.984986917817,284.5496175775422,1983200,2025-02-21
274.73211669921875,274.73211669921875,278.5439763783658,272.7268983800546,277.30313545570203,2058300,2025-02-24
275.4269714355469,275.4269714355469,275.7446339846032,269.70919702237353,275.6255181021991,1807600,2025-02-25
280.0924987792969,280.0924987792969,282.9116852709317,276.88615544039965,277.12441745947,1607600,2025-02-26
275.7945556640625,275.7945556640625,282.2116340721264,275.2672630615433,280.0427724513308,1571200,2025-02-27
279.0180358886719,279.0180358886719,280.9083284261034,276.34176858588125,277.5455818308197,2269800,2025-02-28
276.3019714355469,276.3019714355469,283.0274647992078,273.9639643909231,278.5703286111964,1635200,2025-03-03
269.41729736328125,269.41729736328125,274.9986687878047,266.6316061600433,274.9986687878047,2390100,2025-03-04
269.7157897949219,269.7157897949219,271.07878981974045,266.6514990414504,268.17368576167405,1456000,2025-03-05
261.2890319824219,261.2890319824219,267.17878781834554,260.80154360851037,267.0096728306346,1663100,2025-03-06
261.4084167480469,261.4084167480469,263.6270414531536,255.339556852049,260.1150666024646,2337400,2025-03-07
255.9066619873047,255.9066619873047,259.3589457337777,253.76764574155672,257.0408254748338,2447300,2025-03-10
245.05235290527344,245.05235290527344,254.62322888176823,242.0776293887297,253.56864360962373,3143000,2025-03-11
242.5651092529297,242.5651092529297,247.76840074116322,238.96359774852704,246.73371763711006,2349800,2025-03-12
236.07839965820312,236.07839965820312,242.67455198972212,235.00392745605942,242.22685270868251,2026600,2025-03-13
241.8686981201172,241.8686981201172,242.37608863102636,237.77968288255855,238.19753657052118,1414000,2025-03-14
246.84317016601562,246.84317016601562,248.12657684635326,241.00314678920242,242.67456155251458,1971900,2025-03-17
239.16258239746094,239.16258239746094,245.94776717124978,238.70492445042495,245.8184260856112,1253600,2025-03-18
246.35565185546875,246.35565185546875,247.33065892324663,240.29675092984505,240.36640079791974,1373500,2025-03-19
243.58985900878906,243.58985900878906,246.75363002665742,242.64471268407775,243.65950888009723,922600,2025-03-20
236.27740478515625,236.27740478515625,236.72510409305391,228.20881304361848,234.58607267395297,4301000,2025-03-21
241.67965698242188,241.67965698242188,242.24675386877556,238.04829982969878,239.83911212755493,1935600,2025-03-24
245.2214813232422,245.2214813232422,245.49010696753044,240.36640867966793,242.48552268429302,1401100,2025-03-25
245.46026611328125,245.46026611328125,249.1513146109134,244.81359104026868,245.9975022313817,1842200,2025-03-26
243.20184326171875,243.20184326171875,244.72402991730692,238.46615313109763,243.9778593927685,1952900,2025-03-27
235.7998504638672,235.7998504638672,242.16718195518678,234.79501286544948,242.16718195518678,1570700,2025-03-28
236.9837646484375,236.9837646484375,238.45620362270003,229.7409370268709,233.60113087978277,1948800,2025-03-31
237.0235595703125,237.0235595703125,237.7597714379867,232.22816305083884,236.26743039048083,1451300,2025-04-01
241.32150268554688,241.32150268554688,242.78399817985843,233.89960144016155,233.89960144016155,1718800,2025-04-02
223.4730987548828,223.4730987548828,229.40267402823696,222.21953770520932,229.21364172801856,3459900,2025-04-03
213.484375,213.484375,221.5231210442827,211.47468469370958,217.21522782607235,3573900,2025-04-04
212.27059936523438,212.27059936523438,222.995556224495,204.35123588908945,206.70914515779594,3900200,2025-04-07
210.04202270507812,210.04202270507812,220.98585703243958,206.55989360091766,219.46367038137683,3721900,2025-04-08
232.1983184814453,232.1983184814453,234.0886110777109,207.09714620093132,209.54457702848032,4482400,2025-04-09
221.7817840576172,221.7817840576172,229.04451379807722,216.16063863966644,227.2835470451595,3602900,2025-04-10
224.07003784179688,224.07003784179688,226.5871185590695,217.89173914793236,221.81162411089147,2013800,2025-04-11
222.348876953125,222.348876953125,224.31876292372496,218.87669124954996,223.7815116348205,1875700,2025-04-14
221.4435272216797,221.4435272216797,224.33867265192652,220.2993899156055,223.48306313174328,1205400,2025-04-15
217.67286682128906,217.67286682128906,222.83636947176421,215.57363972707165,218.8170041099251,1671300,2025-04-16
219.28460693359375,219.28460693359375,221.28433856122845,217.34456652157817,220.1402164461851,1523400,2025-04-17
214.58871459960938,214.58871459960938,217.8718682230318,211.4448455453804,217.18538885312137,1543000,2025-04-21
219.4636688232422,219.4636688232422,220.23968494647534,215.87210079407217,216.41929554273094,1476500,2025-04-22
228.61669921875,228.61669921875,235.23275382196334,227.19400800069937,227.71135716220806,3492900,2025-04-23
235.0536651611328,235.0536651611328,236.13811122404968,226.38814639943223,227.31339058845242,2329800,2025-04-24
234.9939727783203,234.9939727783203,236.80468724542305,231.6312411950815,235.31234616277385,1989900,2025-04-25
235.72024536132812,235.72024536132812,239.60034135344037,232.87486288700947,237.07330190745446,2418200,2025-04-28
238.44625854492188,238.44625854492188,239.62024143473386,233.92944617304403,234.12842194970816,2255100,2025-04-29
237.36183166503906,237.36183166503906,237.82943309757613,230.0294671460012,233.33250760084124,2246300,2025-04-30
242.70440673828125,242.70440673828125,244.98272267299626,239.13274064981965,240.0281392456256,1818200,2025-05-01
248.19622802734375,248.19622802734375,249.260756801783,245.8681795172207,246.30593534255235,1302000,2025-05-02
246.0074462890625,246.0074462890625,249.55921001338731,245.24137365013837,246.73371466626497,1894400,2025-05-05
250.6735076904297,250.6735076904297,257.26964481822586,248.73345217784671,254.83217264999408,2527700,2025-05-06
254.6829376220703,254.6829376220703,256.7821647102273,249.50947633007192,250.49442692130796,1866500,2025-05-07
257.9760437011719,257.9760437011719,261.77654668152013,254.6829616393775,255.5584581777148,1787500,2025-05-08
256.65283203125,256.65283203125,258.6625071817624,254.3844746991364,257.78699551642757,1489000,2025-05-09
270.5713806152344,270.5713806152344,272.02394780630016,267.2583967477638,268.0244542453137,2551100,2025-05-12
272.7402648925781,272.7402648925781,274.610640171513,269.82520229975285,270.6111770874383,1690300,2025-05-13
271.1981506347656,271.1981506347656,274.21267822715873,270.7007036369334,271.00911834664896,1520800,2025-05-14
270.0838928222656,270.0838928222656,271.5563469675111,269.34768093052156,270.6012268054159,1483500,2025-05-15
271.83489990234375,271.83489990234375,271.92443671937843,267.9547889936397,270.1535266050401,1235000,2025-05-16
271.79510498046875,271.79510498046875,272.36220186959775,268.0742109898627,268.23336731777863,1099100,2025-05-19
265.9749755859375,265.9749755859375,270.2530382807588,265.5571370813909,270.2530382807588,1500400,2025-05-20
259.35894775390625,259.35894775390625,263.23902870739886,258.8117681385547,262.54262104802046,1271800,2025-05-21
259.35894775390625,259.35894775390625,260.7716803863724,257.88649354207064,259.836507856551,1082900,2025-05-22
257.0448303222656,257.0448303222656,258.3115904893865,254.88033398192047,255.03993084738278,1270700,2025-05-23
265.4234924316406,265.4234924316406,265.6728568494757,259.4187777685771,259.4187777685771,1338900,2025-05-27
263.8574523925781,263.8574523925781,266.21146810992985,263.5083361516162,265.91221257196696,1340600,2025-05-28
262.9397888183594,262.9397888183594,265.50326220951524,260.33643903916334,264.88484335499317,949700,2025-05-29
263.15924072265625,263.15924072265625,264.4459696256818,261.43365845455963,262.8999224305677,1245300,2025-05-30
260.5458984375,260.5458984375,262.07200739045226,258.13206802459064,261.4535885316076,1339500,2025-06-02
263.727783203125,263.727783203125,264.8948219880619,259.4985727223093,259.4985727223093,1358200,2025-06-03
261.2640686035156,261.2640686035156,264.60555773773046,261.2640686035156,263.5482550896493,926300,2025-06-04
259.14947509765625,259.14947509765625,262.23161564860806,258.8003588247669,261.2640804900251,1188800,2025-06-05
264.9546813964844,264.9546813964844,265.3735965646014,262.13185919039756,263.17920799067394,986700,2025-06-06
265.25390625,265.25390625,267.04934828867295,263.99713030692,265.3137512739566,1207500,2025-06-09
267.3585510253906,267.3585510253906,268.39588504130217,265.07436453498667,265.4434189868005,1479000,2025-06-10
265.3835754394531,265.3835754394531,268.5056227015967,264.6753890431175,268.3460258274945,1079300,2025-06-11
262.560791015625,262.560791015625,265.1641408991648,261.89248098928016,263.56820255385696,1152100,2025-06-12
254.3417205810547,254.3417205810547,259.9174897290433,252.91534828924765,258.34152010424253,1783100,2025-06-13
257.2543029785156,257.2543029785156,258.8701794811063,255.54865894133565,255.82794586227735,1925700,2025-06-16
255.5486602783203,255.5486602783203,258.7804133004096,254.35169893088425,254.85042775231736,1187100,2025-06-17
256.8752746582031,256.8752746582031,260.17685713796084,255.38907245843092,255.81797195447365,1136400,2025-06-18
259.52850341796875,259.52850341796875,260.855108673464,256.8353556385537,258.910084557212,2244300,2025-06-20
263.4385070800781,263.4385070800781,263.65794896547555,253.84298524222154,258.9200254562046,1728500,2025-06-23
268.0467834472656,268.0467834472656,269.22377607296306,264.9247363862293,266.0219458000105,1505700,2025-06-24
265.3137512207031,265.3137512207031,268.41586034845847,264.0669291552049,268.3260928125416,1514000,2025-06-25
268.93450927734375,268.93450927734375,269.80229250615366,265.5830664019414,265.5830664019414,1245100,2025-06-26
272.7747497558594,272.7747497558594,273.81211425404456,268.6452603980788,268.8547484252073,4507300,2025-06-27
272.515380859375,272.515380859375,275.0987923762291,269.83221749507686,273.80210967942634,1341800,2025-06-30
277.363037109375,277.363037109375,278.38043288453446,270.7498884708641,270.7498884708641,1515400,2025-07-01
276.8144226074219,276.8144226074219,277.47274827720486,275.01901110073396,276.4952593093373,1086300,2025-07-02
279.31805419921875,279.31805419921875,280.56487621568493,276.7944876554908,276.9141776986731,623200,2025-07-03
277.69219970703125,277.69219970703125,279.4178123752895,274.8594236742775,278.4702154453228,1258200,2025-07-07
279.24822998046875,279.24822998046875,281.6421222079756,277.9814697469108,278.67970226492963,1507100,2025-07-08
278.4801940917969,278.4801940917969,281.32295438381846,277.84180660671535,280.6247218770094,906900,2025-07-09
281.582275390625,281.582275390625,283.02860112302096,278.19092555327245,279.806802035541,1440200,2025-07-10
280.9339294433594,280.9339294433594,281.8914802246538,278.3006571848021,280.7743325731452,990600,2025-07-11
282.15081787109375,282.15081787109375,282.7592828174062,278.9190650860571,280.25565457665857,976100,2025-07-14
274.2010803222656,274.2010803222656,282.25057023001233,273.9716845624097,282.08098904925896,1772500,2025-07-15
272.9044189453125,272.9044189453125,276.206001329403,271.9069612959802,274.08141166592657,1005100,2025-07-16
270.90948486328125,270.90948486328125,273.85196646080107,269.3534534734088,272.44557805994646,1564900,2025-07-17
271.8869934082031,271.8869934082031,272.944326524192,270.0516749811896,271.6675515071476,1547000,2025-07-18
270.8695983886719,270.8695983886719,274.0115839142955,270.52048212138214,272.78473048009505,1294300,2025-07-21
272.2859802246094,272.2859802246094,272.6051435147363,269.34346819757934,271.91689535166813,1467500,2025-07-22
272.81463623046875,272.81463623046875,273.03407811871193,268.8148215383956,271.8570550235948,1351000,2025-07-23
272.1862487792969,272.1862487792969,275.59753690062513,270.7000466195363,272.22615560854985,1103400,2025-07-24
278.400390625,278.400390625,278.50014247819354,272.05657456978423,273.34330346399946,1013500,2025-07-25
275.0888366699219,275.0888366699219,279.2881245914751,274.9092711697208,277.9714732699463,1485000,2025-07-28
272.7747497558594,272.7747497558594,276.24591339979116,271.8770439424265,276.21599088734314,1504500,2025-07-29
269.35345458984375,269.35345458984375,274.3506963880359,268.5355320651133,273.9617037589503,1300400,2025-07-30
263.15924072265625,263.15924072265625,269.3634285778752,262.28150355252205,267.538094455902,2279400,2025-07-31
254.7008056640625,254.7008056640625,260.3563732411113,253.1148365040487,260.21674500512995,2496300,2025-08-01
258.47119140625,258.47119140625,258.8502301626656,254.78058612956067,256.12715997051436,2057900,2025-08-04
259.0596923828125,259.0596923828125,261.5932432422167,254.6210090503862,258.65073110881485,2346000,2025-08-05
262.0420837402344,262.0420837402344,262.60065757418175,256.6757568555339,258.6307957143407,1635600,2025-08-06
259.927490234375,259.927490234375,265.7327011718215,259.089629445464,264.62550733076574,1695900,2025-08-07
259.2591857910156,259.2591857910156,262.0819773292635,256.65580569645755,259.7379459445053,1353600,2025-08-08
257.31414794921875,257.31414794921875,260.7154821457043,255.83789968740365,258.81033440538585,1285800,2025-08-11
264.33624267578125,264.33624267578125,264.8150028319706,257.3639935013778,258.7704123401632,1110700,2025-08-12
269.01434326171875,269.01434326171875,269.5230259694716,263.7078612012966,264.44597012940324,1038500,2025-08-13
265.872314453125,265.872314453125,268.08667157061825,264.99457732366017,266.8697720656897,1153200,2025-08-14
264.5257873535156,264.5257873535156,267.93707555262176,263.9572291736671,267.93707555262176,1083700,2025-08-15
265.58306884765625,265.58306884765625,266.36108455375285,263.22905309588316,264.45593689549287,909000,2025-08-18
266.10174560546875,266.10174560546875,269.55294048585404,265.08434978015043,265.08434978015043,1141500,2025-08-19
262.8600158691406,262.8600158691406,267.966994216911,262.75031013775896,266.1017532634863,1090000,2025-08-20
262.2699890136719,262.2699890136719,264.0,261.44000244140625,262.3800048828125,1116600,2025-08-21
273.82000732421875,273.82000732421875,274.5299987792969,263.05999755859375,263.70001220703125,1605900,2025-08-22
268.6000061035156,268.6000061035156,272.82000732421875,268.510009765625,272.7900085449219,1259700,2025-08-25
267.8500061035156,267.8500061035156,270.489990234375,266.989990234375,268.20001220703125,1254200,2025-08-26
269.6700134277344,269.6700134277344,269.9800109863281,265.9200134277344,266.8800048828125,907300,2025-08-27
270.25,270.25,271.57000732421875,268.79998779296875,270.0899963378906,970200,2025-08-28
267.8599853515625,267.8599853515625,270.3800048828125,266.19000244140625,269.1000061035156,858900,2025-08-29
264.4800109863281,264.4800109863281,265.70001220703125,261.57000732421875,264.92999267578125,1423000,2025-09-02
265.07000732421875,265.07000732421875,267.0799865722656,263.8900146484375,264.760009765625,1046300,2025-09-03
268.8500061035156,268.8500061035156,269.79998779296875,265.1700134277344,266.6099853515625,1232400,2025-09-04
264.70001220703125,264.70001220703125,271.6700134277344,262.0,270.69000244140625,1378600,2025-09-05
268.07000732421875,268.07000732421875,268.3800048828125,263.19000244140625,265.1300048828125,998200,2025-09-08
264.0,264.0,268.6199951171875,263.8299865722656,267.760009765625,1253500,2025-09-09
262.4200134277344,262.4200134277344,265.7799987792969,261.1000061035156,264.0,1414600,2025-09-10
267.94000244140625,267.94000244140625,268.9200134277344,262.489990234375,263.29998779296875,1126600,2025-09-11
266.5,266.5,267.7799987792969,263.5,266.8800048828125,1051600,2025-09-12
265.1400146484375,265.1400146484375,268.6199951171875,264.3900146484375,267.25,1412200,2025-09-15
267.8900146484375,267.8900146484375,269.1000061035156,264.0199890136719,265.5899963378906,1266400,2025-09-16
262.04998779296875,262.04998779296875,268.30999755859375,260.1499938964844,267.3900146484375,1941600,2025-09-17
263.95001220703125,263.95001220703125,266.6199951171875,262.2699890136719,262.7200012207031,1376700,2025-09-18
268.5199890136719,268.5199890136719,270.2799987792969,264.1600036621094,265.3999938964844,2771000,2025-09-19
264.1000061035156,264.1000061035156,266.17999267578125,263.07000732421875,265.7699890136719,1477600,2025-09-22
261.8399963378906,261.8399963378906,266.0199890136719,261.3999938964844,263.5,1050300,2025-09-23
262.1400146484375,262.1400146484375,264.2900085449219,260.1300048828125,263.1499938964844,1295700,2025-09-24
260.8999938964844,260.8999938964844,262.25,258.8900146484375,260.95001220703125,1194600,2025-09-25
264.2099914550781,264.2099914550781,266.0,261.6300048828125,261.6300048828125,1292400,2025-09-26
266.82000732421875,266.82000732421875,267.69000244140625,264.010009765625,265.3999938964844,1361800,2025-09-29
260.44000244140625,260.44000244140625,265.9599914550781,259.6199951171875,265.5,1695300,2025-09-30
261.6600036621094,261.6600036621094,262.260009765625,258.07000732421875,258.3699951171875,1235200,2025-10-01
266.3999938964844,266.3999938964844,266.7900085449219,261.04998779296875,261.0799865722656,1026800,2025-10-02
267.57000732421875,267.57000732421875,268.95001220703125,264.9599914550781,265.9800109863281,2617900,2025-10-03
271.94000244140625,271.94000244140625,273.1000061035156,267.8999938964844,269.1700134277344,2064700,2025-10-06
267.45001220703125,267.45001220703125,273.0400085449219,265.5299987792969,272.42999267578125,1729600,2025-10-07
267.9800109863281,267.9800109863281,269.4800109863281,264.32000732421875,267.8900146484375,1419800,2025-10-08
266.1400146484375,266.1400146484375,272.8500061035156,265.92999267578125,268.17999267578125,1300900,2025-10-09
260.20001220703125,260.20001220703125,270.2200012207031,259.8599853515625,266.3299865722656,1728200,2025-10-10
263.260009765625,263.260009765625,265.2900085449219,261.32000732421875,263.6099853515625,1421700,2025-10-13
267.9700012207031,267.9700012207031,269.6400146484375,260.4200134277344,260.8900146484375,1305600,2025-10-14
266.19000244140625,266.19000244140625,269.7900085449219,263.44000244140625,267.79998779296875,1187500,2025-10-15
259.0400085449219,259.0400085449219,267.7200012207031,257.9200134277344,267.3800048828125,1370000,2025-10-16
260.8500061035156,260.8500061035156,263.07000732421875,258.6199951171875,259.0,1646000,2025-10-17
260.0,260.0,263.80999755859375,259.92999267578125,262.29998779296875,1650200,2025-10-20
268.42999267578125,268.42999267578125,269.5799865722656,262.0400085449219,263.010009765625,1528900,2025-10-21
272.07000732421875,272.07000732421875,276.79998779296875,268.0,268.0,1548100,2025-10-22
269.70001220703125,269.70001220703125,273.0400085449219,268.8500061035156,272.1199951171875,1393200,2025-10-23
271.32000732421875,271.32000732421875,273.30999755859375,269.82000732421875,271.3900146484375,1077700,2025-10-24
