Price,Close,High,Low,Open,Volume,Date
137.51663208007812,137.51663208007812,138.8317141915626,137.0027985622663,138.8317141915626,332600,2021-10-25
138.71849060058594,138.71849060058594,139.28457656813322,136.27123656425476,137.69082357297043,428400,2021-10-26
138.85781860351562,138.85781860351562,139.13650274485795,138.0043309788096,139.04070216429733,580400,2021-10-27
141.82760620117188,141.82760620117188,141.94953298999152,139.38033953646763,139.38033953646763,545500,2021-10-28
142.0453338623047,142.0453338623047,143.03817008453427,139.43260556285597,141.8276065040173,783200,2021-10-29
140.68670654296875,140.68670654296875,142.51562170146101,137.24661687725578,142.23693758807588,534800,2021-11-01
140.71286010742188,140.71286010742188,141.78407511575335,139.3542300685083,141.0437966945583,524500,2021-11-02
142.23695373535156,142.23695373535156,143.00334510093197,140.96541994830383,141.38345281034995,749100,2021-11-03
139.79840087890625,139.79840087890625,142.23695021028672,139.09296628886585,142.23695021028672,532500,2021-11-04
140.5474090576172,140.5474090576172,140.95673767222289,139.30200129919234,139.98130978959603,275500,2021-11-05
140.9654083251953,140.9654083251953,141.35731493161353,139.24971559425268,140.88702966171647,326500,2021-11-08
141.9147186279297,141.9147186279297,142.0540673552261,140.5038493088753,141.39218083410728,279000,2021-11-09
143.3517303466797,143.3517303466797,143.6478364313751,141.60991108749295,141.60991108749295,554400,2021-11-10
144.89321899414062,144.89321899414062,144.91064090623757,142.30661654229175,143.5346022091342,595800,2021-11-11
144.26617431640625,144.26617431640625,145.72060508702748,143.70879268699844,145.1632101685934,460600,2021-11-12
146.2518310546875,146.2518310546875,146.26925296622167,143.40396645850691,143.96134802637656,359300,2021-11-15
143.75233459472656,143.75233459472656,146.2518408619838,143.25592303942588,146.2518408619838,474100,2021-11-16
145.00643920898438,145.00643920898438,145.04998734402932,139.8071081634141,143.58685239847446,602400,2021-11-17
144.3619842529297,144.3619842529297,145.50288710030733,143.55204462656866,145.50288710030733,555300,2021-11-18
144.78871154785156,144.78871154785156,145.1283657381171,143.16011495465847,144.05715072097578,525200,2021-11-19
144.9803009033203,144.9803009033203,146.03409392285118,143.48233554798273,144.77999544563679,485200,2021-11-22
145.94699096679688,145.94699096679688,147.10530200094075,144.06582357499832,144.65804884531508,563800,2021-11-23
148.65554809570312,148.65554809570312,149.07358094437808,145.6073647756896,145.6247866870166,469400,2021-11-24
145.42449951171875,145.42449951171875,148.40300912230344,144.684234232364,146.9921396459811,612300,2021-11-26
147.05308532714844,147.05308532714844,149.41324280582293,145.90347832291891,146.32151119308176,838600,2021-11-29
143.88299560546875,143.88299560546875,147.89788980439712,143.88299560546875,146.50442898601233,1537100,2021-11-30
141.5663299560547,141.5663299560547,146.53921534024295,141.50535991745963,144.91061896493753,674600,2021-12-01
146.54794311523438,146.54794311523438,147.54077939896735,141.59246600739183,142.54175415896498,692100,2021-12-02
145.6857452392578,145.6857452392578,148.185251339997,144.34455040908736,147.24468074113838,737200,2021-12-03
147.91526794433594,147.91526794433594,149.70063509710133,146.6785780351926,146.6785780351926,732000,2021-12-06
149.2216339111328,149.2216339111328,150.2493140546379,147.90656532047788,149.9270684958227,694800,2021-12-07
151.2073211669922,151.2073211669922,151.4860186189549,148.64684480544523,149.22164833334884,480100,2021-12-08
149.48291015625,149.48291015625,152.1827349960513,149.47420584505957,151.08538049092024,1356800,2021-12-09
151.26828002929688,151.26828002929688,152.0608108995413,149.10842809244522,149.8399889161978,607100,2021-12-10
153.06236267089844,153.06236267089844,154.21196972516765,150.0577271994598,150.83283621428342,648000,2021-12-13
151.07667541503906,151.07667541503906,153.1929791687518,149.8312678918262,152.79236823162432,630800,2021-12-14
154.79583740234375,154.79583740234375,155.28588936302492,151.29545099414747,151.29545099414747,834900,2021-12-15
152.6956329345703,152.6956329345703,154.9796359296465,151.73302119223305,154.62958922656185,472200,2021-12-16
150.17532348632812,150.17532348632812,153.96449325127367,149.4052342288496,152.45932607688238,1696000,2021-12-17
150.4728546142578,150.4728546142578,151.0941790628011,148.18010584219888,148.801416937828,416700,2021-12-20
150.9541778564453,150.9541778564453,152.319326545811,149.9828200039481,151.48798736732965,668000,2021-12-21
152.6693572998047,152.6693572998047,152.896877606652,150.56911746747343,150.56911746747343,960700,2021-12-22
151.8205108642578,151.8205108642578,153.58819634633554,150.62161946657272,153.58819634633554,372300,2021-12-23
154.5070343017578,154.5070343017578,154.57704362338157,151.30417794026275,151.7067282013712,274700,2021-12-27
154.70834350585938,154.70834350585938,155.2421530400467,154.10453798452417,154.50707499874764,414700,2021-12-28
155.46966552734375,155.46966552734375,155.8372044978608,153.3344276818419,155.0408633852833,630100,2021-12-29
155.9247283935547,155.9247283935547,156.69481778617924,154.99712799948404,155.63595822423684,394700,2021-12-30
156.3622589111328,156.3622589111328,157.84117434730646,155.9159644383888,155.9159644383888,434700,2021-12-31
154.4108123779297,154.4108123779297,156.94860085803126,152.7568801240515,156.4672949951744,525900,2022-01-03
154.2970428466797,154.2970428466797,156.92233271346643,154.1657703415915,154.305789005853,809800,2022-01-04
151.2779541015625,151.2779541015625,154.76959455339843,150.98042444430038,154.29704823615364,537100,2022-01-05
149.60650634765625,149.60650634765625,152.60808099008435,149.3352152110733,151.05041025882733,331400,2022-01-06
146.04486083984375,146.04486083984375,148.9764395862627,145.81734054678338,148.7926634378156,934200,2022-01-07
144.8197784423828,144.8197784423828,147.2175351981095,144.19845382106544,145.2048098291075,1004300,2022-01-10
144.968505859375,144.968505859375,145.2135318389706,142.36070837909932,145.0035038480682,1478800,2022-01-11
147.663818359375,147.663818359375,148.61767053438388,144.96851898683926,144.96851898683926,811400,2022-01-12
147.61126708984375,147.61126708984375,148.95892313985343,147.48875411738038,148.01381734388772,582300,2022-01-13
144.90725708007812,144.90725708007812,147.60255647623873,143.46335288884583,147.60255647623873,548700,2022-01-14
144.10214233398438,144.10214233398438,144.8109683786589,141.78314189734385,144.26841280923657,780500,2022-01-18
142.2032012939453,142.2032012939453,145.93110810235572,142.1419381209119,144.65347450990086,539800,2022-01-19
138.7028350830078,138.7028350830078,143.51586721522574,138.65907757485886,142.2469795964062,656500,2022-01-20
137.98521423339844,137.98521423339844,140.49675035070084,137.82770326763384,139.44663718686343,693100,2022-01-21
138.25650024414062,138.25650024414062,138.44902254154107,133.2771990442082,137.18012193969827,846200,2022-01-24
136.3050537109375,136.3050537109375,137.55644890355944,134.05606219277394,136.7776133945263,844700,2022-01-25
135.16741943359375,135.16741943359375,138.55403882031865,134.3885840356444,136.46255859304478,979300,2022-01-26
131.7108154296875,131.7108154296875,137.06641696099584,131.52705257810922,135.99003827579568,1504800,2022-01-27
138.5540313720703,138.5540313720703,138.5890293570222,130.95818675786035,132.06081690108363,1615400,2022-01-28
140.09422302246094,140.09422302246094,140.31299719047138,137.34642000636651,138.07275184651104,1073700,2022-01-31
139.57791137695312,139.57791137695312,141.88816592769643,138.1865109509984,141.09182479601867,784500,2022-02-01
142.74578857421875,142.74578857421875,143.96217261622724,139.97173326554955,139.97173326554955,816300,2022-02-02
144.57472229003906,144.57472229003906,145.5723319291131,141.24059286319016,141.5643877011378,1155400,2022-02-03
145.47607421875,145.47607421875,147.21750803410458,141.76565955663784,142.6407562205677,992900,2022-02-04
141.94065856933594,141.94065856933594,146.90245443449763,141.76564192889535,145.3447836346231,1083200,2022-02-07
141.94944763183594,141.94944763183594,142.97330921212063,140.61053733909205,141.8881844508254,1046500,2022-02-08
146.87620544433594,146.87620544433594,146.9812261129607,143.47208031326693,143.98838408606358,773100,2022-02-09
143.6558837890625,143.6558837890625,147.52380977067256,143.09582241056955,144.63598786319602,2085900,2022-02-10
145.21353149414062,145.21353149414062,146.49992456041994,144.00589391691977,144.72347953611316,1224300,2022-02-11
141.7919158935547,141.7919158935547,146.42118487046457,141.25810637747983,145.45857316839,1122600,2022-02-14
142.31698608398438,142.31698608398438,143.63837734490892,141.96693937873133,142.483256599865,693300,2022-02-15
143.31455993652344,143.31455993652344,143.8746211717574,141.11805913898752,142.351948429287,658700,2022-02-16
141.61688232421875,141.61688232421875,143.29706616947448,141.2055858599572,143.0870381814747,538700,2022-02-17
141.67813110351562,141.67813110351562,142.86826298763074,140.52301056026766,141.30184598313545,551000,2022-02-18
143.00828552246094,143.00828552246094,143.88338212706753,139.76168459700258,140.7942921810394,772500,2022-02-22
141.87066650390625,141.87066650390625,144.75848815773364,140.89930867542563,143.44584316534986,1190300,2022-02-23
142.58824157714844,142.58824157714844,143.02578987541983,138.87782720075782,139.32413501085986,561300,2022-02-24
147.09498596191406,147.09498596191406,147.1037454738789,142.351963938331,142.78951224330635,720500,2022-02-25
144.48719787597656,144.48719787597656,146.56117251225731,143.07829183813283,144.94225183959884,951000,2022-02-28
143.34083557128906,143.34083557128906,145.95736603869008,142.4132352482027,144.32968571705632,973500,2022-03-01
146.23736572265625,146.23736572265625,146.53489530572654,142.4306908909155,144.04087847882047,877600,2022-03-02
147.09498596191406,147.09498596191406,148.1801105653022,145.3885502430931,147.016230471718,550700,2022-03-03
150.84039306640625,150.84039306640625,151.0679267228371,145.2135284721968,145.51105810439117,587300,2022-03-04
148.92391967773438,148.92391967773438,152.13553566345948,148.72265121652634,150.35033128126966,760100,2022-03-07
146.543701171875,146.543701171875,149.23024113245833,145.40607277642872,148.81894460985146,792800,2022-03-08
147.88259887695312,147.88259887695312,149.82531465514077,147.48004851221998,148.67018058036274,973300,2022-03-09
147.82127380371094,147.82127380371094,148.2325701563438,146.73614952292695,147.5675017375533,888900,2022-03-10
145.414794921875,145.414794921875,149.79027775644877,144.92474298086896,148.8276795445909,371400,2022-03-11
144.03213500976562,144.03213500976562,146.9112100779287,142.8157513642959,146.1848783539556,797600,2022-03-14
145.04722595214844,145.04722595214844,145.78230371155115,142.90324247743496,145.62479277149822,525200,2022-03-15
145.84359741210938,145.84359741210938,147.16498842441226,142.54447960775923,146.18488453994465,762700,2022-03-16
146.81494140625,146.81494140625,147.3662431132425,145.54605417030706,145.54605417030706,882500,2022-03-17
144.17218017578125,144.17218017578125,147.12125175834063,144.0671728455514,145.2923028746193,1593500,2022-03-18
144.3384552001953,144.3384552001953,145.2135519206011,143.44585280656486,144.63598488043337,1836600,2022-03-21
142.35198974609375,142.35198974609375,145.4498397845774,141.8269396966829,144.33846314963642,1148500,2022-03-22
142.35198974609375,142.35198974609375,143.778401751848,141.24061311115278,143.07832166638323,708800,2022-03-23
143.34957885742188,143.34957885742188,143.5071031965723,141.7656560711184,142.43948422459363,640500,2022-03-24
144.17218017578125,144.17218017578125,144.54846534438218,143.34084098799119,143.83089299961836,770700,2022-03-25
147.74256896972656,147.74256896972656,149.5365197721767,144.21593053970398,145.28354952056054,2579300,2022-03-28
149.93031311035156,149.93031311035156,150.14908727644624,147.5763009467064,148.76643294437804,902900,2022-03-29
149.24395751953125,149.24395751953125,149.40233744501592,146.14662029756755,148.52241316589047,1673500,2022-03-30
146.243408203125,146.243408203125,150.22946399617462,146.20821714068998,150.18546509819691,1645700,2022-03-31
150.99502563476562,150.99502563476562,151.44378222505867,146.37542274206922,146.68338821230086,22117100,2022-04-01
148.69842529296875,148.69842529296875,153.5995970907129,147.10575089237645,151.32059617681287,1538800,2022-04-04
149.50791931152344,149.50791931152344,152.79882712233598,148.61918730464757,148.7159795006466,1232500,2022-04-05
154.17153930664062,154.17153930664062,154.59389920242077,148.81279022680803,150.20307220310414,1080800,2022-04-06
151.88375854492188,151.88375854492188,153.61721077063567,151.26781412053708,153.61721077063567,1265500,2022-04-07
148.01206970214844,148.01206970214844,149.53433495384954,146.9473554109373,149.3583527823858,2070500,2022-04-08
145.83863830566406,145.83863830566406,149.1823394456255,145.14349068515793,147.8800554197486,1174600,2022-04-11
145.38108825683594,145.38108825683594,146.94735237569608,144.92352387921807,145.72425818340466,903000,2022-04-12
145.2314910888672,145.2314910888672,146.27860302930517,143.9995891597611,145.72424648987854,591300,2022-04-13
144.8531494140625,144.8531494140625,146.3842226928775,144.44839171179072,145.69788273982473,675500,2022-04-14
143.49806213378906,143.49806213378906,145.52189078919318,142.7677233246981,144.5539686502582,737500,2022-04-18
145.83863830566406,145.83863830566406,146.1554115472641,144.10518659837732,144.43075424820216,770000,2022-04-19
148.73358154296875,148.73358154296875,149.103148083582,145.84743133635146,146.28739342183064,770800,2022-04-20
150.1414794921875,150.1414794921875,151.6461424449944,148.61920086831103,149.6311218145766,1241500,2022-04-21
147.00894165039062,147.00894165039062,150.15026404358736,146.9209438602913,150.15026404358736,919500,2022-04-22
144.4835662841797,144.4835662841797,146.82416812689277,142.50373662412264,146.7097736722508,874100,2022-04-25
143.36610412597656,143.36610412597656,145.7771022877478,143.190121896826,144.31642427528968,986600,2022-04-26
142.29254150390625,142.29254150390625,145.36346822244707,142.19574930945905,143.5068277119253,1087900,2022-04-27
142.6797332763672,142.6797332763672,143.57725990611465,140.47112790948,142.63574779849904,1187900,2022-04-28
138.05133056640625,138.05133056640625,144.65955759329415,137.97214059738184,141.5710279621222,1363700,2022-04-29
132.305419921875,132.305419921875,139.52960442194365,129.88562806693864,138.7112678309984,872600,2022-05-02
134.28524780273438,134.28524780273438,134.98038209122507,131.636680496406,133.06215356423053,943900,2022-05-03
134.4436492919922,134.4436492919922,134.646041580349,130.40479933440858,133.99489266112116,1126800,2022-05-04
132.47259521484375,132.47259521484375,135.02437010549198,131.39029217381193,134.44361689261513,978100,2022-05-05
130.94154357910156,130.94154357910156,132.23503347937685,129.3488826148854,131.68067682880732,707000,2022-05-06
126.15474700927734,126.15474700927734,130.65116087669242,125.63559487648865,130.05281877651151,851200,2022-05-09
124.56208038330078,124.56208038330078,127.97619092607925,123.9285338201753,126.83228666340386,766400,2022-05-10
126.26914978027344,126.26914978027344,128.2225829973421,124.76447316787922,124.94046878688627,751200,2022-05-11
126.90270233154297,126.90270233154297,127.6242333821093,125.09885456525525,126.62992790657589,786000,2022-05-12
128.4601593017578,128.4601593017578,128.5305548601866,125.01085749822515,126.77950058904203,792300,2022-05-13
126.89390563964844,126.89390563964844,129.26089103477543,126.621117793004,128.45136218515526,566500,2022-05-16
125.97876739501953,125.97876739501953,128.20497492315414,125.06365198004619,127.2898595081808,1136900,2022-05-17
121.64075469970703,121.64075469970703,126.0403767290089,121.3063791289742,125.8203956275438,909300,2022-05-18
121.4295654296875,121.4295654296875,122.64386538049017,120.67282991965666,120.78722438649477,664200,2022-05-19
121.99268341064453,121.99268341064453,122.68781758026377,120.2944362488011,122.68781758026377,1789500,2022-05-20
123.92852783203125,123.92852783203125,124.50048664902184,120.82239631156745,122.88141582894521,616600,2022-05-23
124.27171325683594,124.27171325683594,124.53569324941589,121.43835575141011,123.71737004165621,842500,2022-05-24
124.59728240966797,124.59728240966797,124.9404523390259,122.72303941193994,124.18371692729062,856900,2022-05-25
124.86124420166016,124.86124420166016,126.40991945603207,124.35969436701716,125.25722085065739,553600,2022-05-26
127.5714340209961,127.5714340209961,127.8706185171366,124.70288534950078,125.2572420104822,538000,2022-05-27
126.2603530883789,126.2603530883789,127.3778473747124,125.29243090765343,126.60352305671242,1665000,2022-05-31
126.32194519042969,126.32194519042969,127.01709298792711,123.7789642019371,126.53313188079235,917200,2022-06-01
127.28987884521484,127.28987884521484,127.35146657715961,123.83176864759137,126.08437317426191,1088200,2022-06-02
126.32194519042969,126.32194519042969,127.43065853160763,125.11645305440564,126.4803385648469,616300,2022-06-03
123.04862213134766,123.04862213134766,126.99069302263248,122.88143435082068,126.99069302263248,869700,2022-06-06
125.50359344482422,125.50359344482422,125.6619733567008,122.14227654261346,122.71423533084935,738100,2022-06-07
122.62625122070312,122.62625122070312,125.29242078070013,122.45026904568081,124.94925084010386,509900,2022-06-08
118.7105941772461,118.7105941772461,122.57346143569002,118.54340640686434,122.11589702621042,855000,2022-06-09
117.19712829589844,117.19712829589844,118.42022262590653,116.65157948622843,117.73388269548934,726500,2022-06-10
111.3104248046875,111.3104248046875,115.52525632635584,110.7296715398492,114.99730979824962,721100,2022-06-13
110.8704605102539,110.8704605102539,112.25194137665167,110.14012173856035,111.64479146846192,746400,2022-06-14
113.11426544189453,113.11426544189453,114.55734068017786,110.36889935493905,111.70638126604702,1572300,2022-06-15
112.26075744628906,112.26075744628906,113.1318874427109,110.81768195600034,110.81768195600034,1366000,2022-06-16
113.14067077636719,113.14067077636719,114.7245372390771,112.10235980932175,112.95588076130953,2945300,2022-06-17
114.7157211303711,114.7157211303711,116.52836295219879,113.58941915512712,113.58941915512712,1303000,2022-06-21
116.05322265625,116.05322265625,117.76907246336677,114.0733928572891,114.0733928572891,792000,2022-06-22
118.4466323852539,118.4466323852539,118.60501234367922,116.59878564413461,116.59878564413461,535700,2022-06-23
118.8865737915039,118.8865737915039,119.21214148896004,117.44349846344028,118.65779830499142,1216100,2022-06-24
119.27375793457031,119.27375793457031,121.33277785703227,117.83947683204234,118.56102130191665,824700,2022-06-27
118.59618377685547,118.59618377685547,121.38554190730147,118.34101166402158,120.12725673359243,514600,2022-06-28
118.6671142578125,118.6671142578125,119.18105649569007,117.37340924598432,118.01139205344145,549600,2022-06-29
119.16332244873047,119.16332244873047,120.65198495307223,117.15187508566468,118.18861566790656,769900,2022-06-30
120.5633544921875,120.5633544921875,120.90007846850212,118.28607336631453,119.12786978622182,447300,2022-07-01
118.65824890136719,118.65824890136719,120.74058622452267,116.12398966008256,119.93424145933996,701100,2022-07-05
119.38483428955078,119.38483428955078,120.21777453491381,118.28607355811803,119.57977832658806,457600,2022-07-06
118.8797607421875,118.8797607421875,120.59880531417843,118.33036686068908,119.73041333147677,435600,2022-07-07
117.62149810791016,117.62149810791016,119.13672899818138,117.30249999613523,118.64936889395862,411800,2022-07-08
117.66578674316406,117.66578674316406,118.30378293544882,116.40752023084659,117.43540448740303,386300,2022-07-11
117.46197509765625,117.46197509765625,118.85316523508067,116.70879461127025,117.09866911669957,696800,2022-07-12
117.27590942382812,117.27590942382812,117.78098184358569,115.48597495334847,116.8682954969527,489300,2022-07-13
115.6365966796875,115.6365966796875,116.5138446944284,115.06063436511262,115.06063436511262,766100,2022-07-14
117.03666687011719,117.03666687011719,117.8961891911136,116.02650842865167,117.24933678653929,487700,2022-07-15
116.20369720458984,116.20369720458984,117.98476167113192,115.68089900328476,117.53285342403576,431300,2022-07-18
118.58734130859375,118.58734130859375,118.75570329066227,116.28346469659711,117.11640491048634,507500,2022-07-19
118.67595672607422,118.67595672607422,119.82789515922008,117.84302994112777,118.64937467553764,489700,2022-07-20
119.25191497802734,119.25191497802734,119.34938698913373,117.99364852975816,118.64935704003918,394400,2022-07-21
120.3683853149414,120.3683853149414,121.03296343199061,119.11897520987856,119.9253332369086,436600,2022-07-22
120.37727355957031,120.37727355957031,121.55578037037002,119.89876966986836,120.41271178208822,422100,2022-07-25
119.62409210205078,119.62409210205078,121.31655472420948,119.2342040088959,120.42158064104582,540500,2022-07-26
120.34181213378906,120.34181213378906,120.46586618393842,118.81771179145278,119.58863165819564,742900,2022-07-27
125.2331314086914,125.2331314086914,125.49896542211417,121.11273800283766,121.27224381924314,862700,2022-07-28
125.02932739257812,125.02932739257812,126.03061609945878,122.9115385674154,124.18751745549906,1062800,2022-07-29
123.09760284423828,123.09760284423828,124.77233936388505,122.0342804306476,124.48879303000398,1075500,2022-08-01
121.4583511352539,121.4583511352539,123.85968677497456,121.32542734681631,123.23941632491102,1063500,2022-08-02
120.7760238647461,120.7760238647461,122.63683486034182,120.51018985940979,121.6089641050562,1400400,2022-08-03
121.49376678466797,121.49376678466797,122.2026529619316,118.50759948096703,120.70513446169298,992800,2022-08-04
121.6444091796875,121.6444091796875,121.77731942940083,119.70383840859341,120.75830479258553,765700,2022-08-05
122.2735366821289,122.2735366821289,123.96598561175371,121.9545385947088,122.60139094499344,886100,2022-08-08
124.86097717285156,124.86097717285156,125.17110560758569,122.22924596155451,122.63684642340633,828200,2022-08-09
127.02306365966797,127.02306365966797,127.17369977628155,125.40149108076267,126.1901234094334,508700,2022-08-10
127.03191375732422,127.03191375732422,128.65348625863948,126.85469560042785,127.40407594307021,528000,2022-08-11
129.12313842773438,129.12313842773438,129.1319946045041,127.77625591030657,127.77625591030657,458500,2022-08-12
129.57501220703125,129.57501220703125,129.88515408257416,128.39649200919587,129.220575938591,426600,2022-08-15
130.0003662109375,130.0003662109375,130.89532667546658,128.98133816588359,129.06108430689662,457300,2022-08-16
129.86746215820312,129.86746215820312,130.15102206377497,128.5028672950599,129.29149969122096,595900,2022-08-17
127.43952178955078,127.43952178955078,130.39910678748558,127.32432390850366,129.6016048370393,671200,2022-08-18
126.0926513671875,126.0926513671875,127.20028180168339,125.81796118277322,127.08508390981443,688500,2022-08-19
123.34571838378906,123.34571838378906,125.43692511548339,123.25711606450032,125.22426873248732,527900,2022-08-22
120.5456314086914,120.5456314086914,122.98241840320894,119.45572682971711,122.83178228423522,578700,2022-08-23
121.1481704711914,121.1481704711914,121.63553049810122,120.2000324623962,120.58106430920839,638600,2022-08-24
122.45077514648438,122.45077514648438,122.47735719810498,120.74945623836096,121.9013947184839,709100,2022-08-25
119.35824584960938,119.35824584960938,122.4507547071235,119.3228076269908,122.4507547071235,696200,2022-08-26
117.39997100830078,117.39997100830078,119.0658380035863,117.3733889592879,119.0658380035863,511700,2022-08-29
115.53913116455078,115.53913116455078,117.8784458143148,115.19355105222921,117.54172187686589,952700,2022-08-30
113.87325286865234,113.87325286865234,116.27460134733062,113.4390704373459,115.83154922011806,1339100,2022-08-31
114.39606475830078,114.39606475830078,114.51124911728346,111.47191801187242,113.30615354977706,962800,2022-09-01
112.26056671142578,112.26056671142578,115.77840220193583,112.01245856526869,115.09609803956388,856300,2022-09-02
115.27330780029297,115.27330780029297,115.61003176873928,112.83652091909852,112.83652091909852,1320900,2022-09-06
116.01763153076172,116.01763153076172,116.03535740291663,114.61759861073719,115.3973612141283,690600,2022-09-07
117.97594451904297,117.97594451904297,118.52532494478058,115.49484938458546,115.75182724370067,993900,2022-09-08
119.4822998046875,119.4822998046875,120.08485775570003,117.40881900092725,118.25061537638084,728700,2022-09-09
119.67723846435547,119.67723846435547,120.52790449796784,119.17216607008399,119.80129251916583,503600,2022-09-12
117.24932861328125,117.24932861328125,118.57848507628675,116.58475038177849,117.68351107116733,763700,2022-09-13
115.86699676513672,115.86699676513672,117.22273530183563,114.41378621177219,116.6910808189241,911200,2022-09-14
114.42266082763672,114.42266082763672,116.67335996256979,114.29860675753615,115.96447376733244,757900,2022-09-15
114.30744934082031,114.30744934082031,114.71506324889636,112.6149869621587,114.71506324889636,1160300,2022-09-16
113.32388305664062,113.32388305664062,113.85555106690397,111.3301482994718,112.99602201837017,775200,2022-09-19
109.97439575195312,109.97439575195312,112.52637348263012,108.81360138216513,112.39345649697806,824500,2022-09-20
108.50346374511719,108.50346374511719,111.53394544700821,108.50346374511719,110.55036917927464,670100,2022-09-21
108.78702545166016,108.78702545166016,109.30983052098208,107.14773379577731,108.36169915976252,885100,2022-09-22
108.06041717529297,108.06041717529297,110.78962005428683,107.37811983576417,108.04269806380518,1035600,2022-09-23
105.19829559326172,105.19829559326172,107.61735636281226,104.61346355463881,107.45785733050045,1498700,2022-09-26
103.95775604248047,103.95775604248047,106.766705046568,103.70964792054002,105.94262777844335,761700,2022-09-27
106.65151977539062,106.65151977539062,107.05912696387114,103.86915266587266,105.29578120577425,943200,2022-09-28
105.57982635498047,105.57982635498047,106.6247274058803,104.28485739930429,106.05315725084174,736300,2022-09-29
106.67829895019531,106.67829895019531,107.27666714341204,105.67805468911043,106.7229556319879,1310700,2022-09-30
109.06282806396484,109.06282806396484,110.23275956809039,107.17843051560273,108.3215707354587,1133400,2022-10-03
109.97377014160156,109.97377014160156,111.0543951362979,109.02710838719808,109.70584366101588,925100,2022-10-04
106.6515121459961,106.6515121459961,109.08962126209829,105.84773953554189,108.56270101215759,723600,2022-10-05
103.92762756347656,103.92762756347656,107.1605698633917,103.8383141937512,106.4282452017567,818000,2022-10-06
100.91793823242188,100.91793823242188,103.28459920856764,100.38209213551126,102.87378364048107,816700,2022-10-07
100.00701141357422,100.00701141357422,102.02536549166206,99.72122634326466,101.36448879413123,2083400,2022-10-10
101.32875061035156,101.32875061035156,101.84673810697345,99.34611398191457,99.7301382551132,731900,2022-10-11
100.14989471435547,100.14989471435547,100.90008473879928,98.98888910109964,100.90008473879928,501000,2022-10-12
102.17719268798828,102.17719268798828,102.57014289557162,97.93506656498492,98.68524980881502,560200,2022-10-13
98.84599304199219,98.84599304199219,103.53465822124402,98.6405818551797,103.34711243171226,608700,2022-10-14
103.07026672363281,103.07026672363281,103.38284305961615,100.34637262366424,100.90008414287264,721500,2022-10-17
103.11491394042969,103.11491394042969,105.79415128907168,102.70409836460959,104.29377810128604,1141100,2022-10-18
100.67681121826172,100.67681121826172,102.47189532620536,99.80159069115085,102.29328222940048,521300,2022-10-19
100.26599884033203,100.26599884033203,102.18612048410337,99.6676374112846,101.21266742612951,766900,2022-10-20
101.71278381347656,101.71278381347656,101.74850779710268,98.92637441351835,100.56964359205367,698800,2022-10-21
100.91793823242188,100.91793823242188,102.96309018769071,100.43567470110648,102.84699235768346,750600,2022-10-24
104.28485107421875,104.28485107421875,104.91001057776192,100.87328893727697,101.49844844082014,2174300,2022-10-25
102.75768280029297,102.75768280029297,104.89214138177627,102.14146283218075,104.25805601536918,914200,2022-10-26
102.61479187011719,102.61479187011719,104.74925041390793,102.20397629407931,103.32925107527538,831800,2022-10-27
102.68624114990234,102.68624114990234,103.02560876567503,98.90851343992323,99.10499193829537,1126600,2022-10-28
103.19529724121094,103.19529724121094,103.74007606111589,101.28410842876356,102.15038947016104,1085400,2022-10-31
103.06133270263672,103.06133270263672,104.195540196845,102.5522778723774,104.195540196845,664900,2022-11-01
99.92662811279297,99.92662811279297,103.52573608947122,99.7122910191154,102.61479833110153,815300,2022-11-02
98.31015014648438,98.31015014648438,99.64083611367701,96.48826794291885,98.90851151540926,1252200,2022-11-03
99.57833862304688,99.57833862304688,99.9177062927929,96.36325461319501,98.91746187095025,1211100,2022-11-04
97.91719055175781,97.91719055175781,100.48032998431488,96.872289655264,100.12309698679103,984600,2022-11-07
98.104736328125,98.104736328125,98.91744156771497,97.25631392107526,98.46196932559693,596500,2022-11-08
97.67605590820312,97.67605590820312,98.81919597576558,97.19379241464043,97.89039296745803,575400,2022-11-09
103.77581024169922,103.77581024169922,104.09731932954696,101.14122907513746,101.93606909407931,736100,2022-11-10
102.90950012207031,102.90950012207031,104.49024701480002,102.18610147099197,103.77578106188747,725800,2022-11-11
99.90877532958984,99.90877532958984,103.21316573583206,99.8641186428891,102.61480429050316,868300,2022-11-14
102.3736572265625,102.3736572265625,102.6862403699547,100.91794071168948,101.41806283927227,954600,2022-11-15
102.08787536621094,102.08787536621094,103.66862927596438,101.6592011902343,102.08787536621094,1650000,2022-11-16
101.38235473632812,101.38235473632812,102.27543399755378,100.5607234512775,100.9715390938028,1213700,2022-11-17
102.5433578491211,102.5433578491211,103.28461525204288,101.65027861099475,102.63266441020295,769800,2022-11-18
103.82044982910156,103.82044982910156,103.9990629313033,101.84674575106412,102.06108283643681,880400,2022-11-21
104.33844757080078,104.33844757080078,104.58850866380497,103.3917789583015,104.14196905096784,633500,2022-11-22
104.82962036132812,104.82962036132812,104.88320973961838,103.43641917152983,104.12408706777182,598200,2022-11-23
105.49944305419922,105.49944305419922,105.69592156765954,104.57957257177455,104.94573831297852,302500,2022-11-25
102.89164733886719,102.89164733886719,105.29403241604203,102.65051896805019,104.98145607844475,1293000,2022-11-28
105.16007232666016,105.16007232666016,105.29403556496618,102.40938684623589,102.88271771641764,889700,2022-11-29
107.46421813964844,107.46421813964844,107.49100942455848,103.55252701510122,104.35629963066937,1105300,2022-11-30
106.7140121459961,106.7140121459961,109.19677077687302,105.57980476783482,108.34834841779862,568400,2022-12-01
107.06233215332031,107.06233215332031,107.53566985327667,105.25831516547039,105.52624165120768,619400,2022-12-02
103.94548034667969,103.94548034667969,106.07100624261257,103.37391024334222,106.07100624261257,1164900,2022-12-05
102.3736572265625,102.3736572265625,104.54383976397061,101.73957186804776,104.48132449802276,987200,2022-12-06
102.06108093261719,102.06108093261719,103.0970559842911,101.43592827291945,102.20397686263551,1205400,2022-12-07
103.78473663330078,103.78473663330078,104.23127624887147,102.14147411855448,102.25757196568749,990800,2022-12-08
103.5971908569336,103.5971908569336,104.69568130971737,103.22209921496989,103.73115410439314,799100,2022-12-09
103.85616302490234,103.85616302490234,103.9186782855449,101.63239810930006,103.40962350212625,703600,2022-12-12
105.77629852294922,105.77629852294922,107.16949984050675,103.95441620802221,106.88371478014487,892900,2022-12-13
104.29379272460938,104.29379272460938,106.94623916185633,103.83832040365438,105.58876171288264,820100,2022-12-14
103.29443359375,103.29443359375,104.9690340978447,102.52015246991724,104.28479109408786,1445800,2022-12-15
101.01659393310547,101.01659393310547,101.84489923323724,99.45903349934326,101.84489923323724,1596600,2022-12-16
99.38700866699219,99.38700866699219,100.81853089682146,98.79279694685188,100.81853089682146,669700,2022-12-19
98.85581970214844,98.85581970214844,99.70212166093238,97.87446057036614,98.63973646808361,918000,2022-12-20
99.50404357910156,99.50404357910156,100.40436973365672,99.0448821859177,99.3509897813736,578000,2022-12-21
99.17993927001953,99.17993927001953,99.52206075934308,97.76642051645162,98.86481959920604,713200,2022-12-22
100.2153091430664,100.2153091430664,100.2153091430664,98.55871219878247,99.14392561436205,472100,2022-12-23
100.39537811279297,100.39537811279297,100.530428418771,99.26096515909897,100.26032780681494,311100,2022-12-27
98.90983581542969,98.90983581542969,101.03460617404365,98.84681325686671,100.7104881960216,438400,2022-12-28
101.6828384399414,101.6828384399414,102.21402757584579,98.99085828301098,99.54906297355654,946300,2022-12-29
100.7284927368164,100.7284927368164,101.70084668091536,99.54906761342129,101.14264196435253,555500,2022-12-30
99.6480941772461,99.6480941772461,101.9259181376053,99.01786864752172,101.39472902954377,556600,2023-01-03
101.51176452636719,101.51176452636719,102.07896747839577,100.17927891867517,100.4853933547291,2109500,2023-01-04
98.73876953125,98.73876953125,101.01659364499267,97.775420802977,100.71048604392628,935700,2023-01-05
102.63719177246094,102.63719177246094,102.95230458393844,98.96385904995259,99.02688161224809,578700,2023-01-06
101.7458724975586,101.7458724975586,103.14137407825464,101.45776836930989,102.15101656670875,1114800,2023-01-09
102.08798217773438,102.08798217773438,102.60116781138596,101.28669244920724,102.60116781138596,613200,2023-01-10
106.49058532714844,106.49058532714844,106.57161825965503,102.71821622744878,103.00632721507752,856600,2023-01-11
106.53559875488281,106.53559875488281,107.67900998358324,105.89636798999439,107.01277053226828,804500,2023-01-12
106.1934585571289,106.1934585571289,106.61661291443203,104.87898330251379,105.51821399605618,795300,2023-01-13
106.00439453125,106.00439453125,107.63398946527674,105.87834942505253,106.48156627170367,706500,2023-01-17
103.77159881591797,103.77159881591797,106.28350971593642,103.6995710720096,106.16646291484939,549100,2023-01-18
103.12336730957031,103.12336730957031,104.9240197713356,102.97931181553597,103.30342980816924,576400,2023-01-19
103.24940490722656,103.24940490722656,103.48349163349937,101.7908740466793,103.23140140625644,872800,2023-01-20
103.42046356201172,103.42046356201172,104.0776977810004,102.39409233785537,103.17737166374444,506000,2023-01-23
106.2655029296875,106.2655029296875,106.34653586155348,102.73622578646436,103.69957456966414,898700,2023-01-24
107.38189697265625,107.38189697265625,107.43592121258027,105.48221511408946,105.93237818944365,1782500,2023-01-25
107.90408325195312,107.90408325195312,108.47129309917574,107.11179874545974,107.94910230517316,623200,2023-01-26
109.52468872070312,109.52468872070312,110.03787440392104,107.76904842731462,107.877090049182,639400,2023-01-27
107.841064453125,107.841064453125,109.86679827757274,107.79605226728106,108.79540796791406,564700,2023-01-30
110.9291763305664,110.9291763305664,110.93818151473843,107.47192745434042,107.80504371033358,1092800,2023-01-31
111.41536712646484,111.41536712646484,112.4507436291056,109.10152906978814,110.26295069077364,915400,2023-02-01
113.7201919555664,113.7201919555664,114.88161349441627,112.29768188214071,112.29768188214071,1401900,2023-02-02
109.60569763183594,109.60569763183594,111.32532378214296,108.24621016472429,110.28994739202109,1328700,2023-02-03
110.23593139648438,110.23593139648438,110.53303379316928,107.6339894812543,108.0931508529233,860800,2023-02-06
111.3343276977539,111.3343276977539,112.01857058119877,109.04749860259543,109.56068419965055,1097700,2023-02-07
111.58642578125,111.58642578125,112.08160104483434,110.47001640408617,110.57805801544045,794600,2023-02-08
109.92081451416016,109.92081451416016,112.49574780952035,109.66872429541607,112.04558474206497,805800,2023-02-09
110.57806396484375,110.57806396484375,110.7131142690668,109.0204966114996,109.37163015005707,581600,2023-02-10
110.91117858886719,110.91117858886719,112.04558457148855,110.67709187084264,110.83915084963759,777900,2023-02-13
110.06487274169922,110.06487274169922,111.1902804384446,109.09251884316477,110.62307743210458,1009100,2023-02-14
109.36260986328125,109.36260986328125,109.53367401627182,108.21919189688566,109.53367401627182,691700,2023-02-15
108.08415222167969,108.08415222167969,109.35360846456051,107.35488340191023,107.98511580009301,766300,2023-02-16
108.08415222167969,108.08415222167969,108.62434651373415,105.98639073744273,107.98511580009301,2437900,2023-02-17
106.28350067138672,106.28350067138672,107.8050471355434,105.56323703148377,107.8050471355434,739100,2023-02-21
105.84233856201172,105.84233856201172,107.43591967253057,105.41018586247472,106.81469243938491,573500,2023-02-22
106.30152130126953,106.30152130126953,107.1388249982828,105.23013085322455,106.14846748553289,487500,2023-02-23
104.82498168945312,104.82498168945312,105.39218473317766,103.80761553736006,105.26613961234999,454500,2023-02-24
103.38446044921875,103.38446044921875,106.13945645659133,102.57416548559627,106.08543908199779,1280100,2023-02-27
103.32141876220703,103.32141876220703,104.7169200094394,103.06932856884596,103.3844413105473,1061000,2023-02-28
100.8005142211914,100.8005142211914,102.5921613237936,100.21530085401623,102.33107278679903,622400,2023-03-01
102.63719177246094,102.63719177246094,102.82625945934744,100.17929810504818,100.33235878686078,863600,2023-03-02
104.55488586425781,104.55488586425781,105.28415480408877,103.24041035190723,103.46549191639761,753200,2023-03-03
105.50921630859375,105.50921630859375,106.09442276985077,104.97802034553929,105.28413478689708,577200,2023-03-06
100.85453796386719,100.85453796386719,105.54524351343073,100.65647196965782,105.45520539822017,1402100,2023-03-07
102.0789794921875,102.0789794921875,103.37545138534216,100.71949191033386,100.71949191033386,997200,2023-03-08
99.74713897705078,99.74713897705078,102.38509497694291,99.48604355882226,102.32207241867697,861400,2023-03-09
96.2538833618164,96.2538833618164,99.92720926726362,95.2365102960341,99.80116414089233,815600,2023-03-10
97.7394027709961,97.7394027709961,98.86481043690732,95.4525735695913,95.76769321120106,727100,2023-03-13
97.39727783203125,97.39727783203125,99.36899419029295,96.76705230922491,99.06287974425628,1062200,2023-03-14
96.48795318603516,96.48795318603516,97.58635220330993,95.15547431215101,96.55998092758118,992100,2023-03-15
94.66029357910156,94.66029357910156,95.90274122895156,93.5078771730476,95.69567005511503,1059500,2023-03-16
91.58118438720703,91.58118438720703,94.4982394227475,91.23905602677395,94.4982394227475,2214200,2023-03-17
93.03970336914062,93.03970336914062,93.24678141115098,91.07699890727469,91.7522435366503,990800,2023-03-20
92.00433349609375,92.00433349609375,93.65192516654113,90.7438754845005,93.53488523727896,1396600,2023-03-21
89.68148803710938,89.68148803710938,92.06735370004697,89.3843787601029,91.41011259051237,1243900,2023-03-22
88.81716918945312,88.81716918945312,90.75287163575744,88.33099228185044,90.03260802398839,800600,2023-03-23
89.93358612060547,89.93358612060547,89.98760349607635,87.99788336188564,88.37602559701378,979200,2023-03-24
90.0326156616211,90.0326156616211,91.27506328493182,89.8435479930049,90.50978742559674,791500,2023-03-27
90.49178314208984,90.49178314208984,90.89692716148546,88.99723843794115,89.17730778907296,684500,2023-03-28
92.40948486328125,92.40948486328125,92.51752648506387,90.80690525269833,91.40111700014246,885300,2023-03-29
93.83690643310547,93.83690643310547,94.2005815236001,93.19138644232703,93.55506153282168,672300,2023-03-30
95.31884765625,95.31884765625,95.41885845161862,93.70959502113192,94.3460210493654,902100,2023-03-31
94.3733139038086,94.3733139038086,96.4189781623895,93.91872184634617,95.28249801873345,984600,2023-04-03
94.17330169677734,94.17330169677734,94.80063408191067,93.46413912613313,94.80063408191067,608500,2023-04-04
94.09146118164062,94.09146118164062,94.8915476342445,93.8641651551553,93.8732589384415,503200,2023-04-05
95.06428527832031,95.06428527832031,95.1370216695574,93.82779437338604,94.44603982585318,342100,2023-04-06
95.2824935913086,95.2824935913086,95.34613619893511,93.45503166299824,94.38239636505968,479000,2023-04-10
95.05521392822266,95.05521392822266,95.70982074650182,94.50969784153558,95.30978440252986,864800,2023-04-11
94.47332763671875,94.47332763671875,96.43716177877347,94.30967421350381,96.16440376124041,1150500,2023-04-12
94.64606475830078,94.64606475830078,95.02792042092355,93.22773976197371,94.57332836450854,560700,2023-04-13
94.0460205078125,94.0460205078125,95.61890536696289,93.59142838538344,95.04612178985138,841800,2023-04-14
96.89175415039062,96.89175415039062,96.9190285649235,94.25511873999507,94.30967450558536,854200,2023-04-17
96.32805633544922,96.32805633544922,97.17359785851997,95.81891543950105,96.75537398877334,605400,2023-04-18
97.20088195800781,97.20088195800781,97.79184611329195,95.35523228495344,95.52797949518863,508100,2023-04-19
96.71900177001953,96.71900177001953,97.14631940557847,96.30077791766001,96.95539157753548,1056100,2023-04-20
97.09178161621094,97.09178161621094,97.2099730651421,95.6279944982965,97.16451801702625,557800,2023-04-21
96.61901092529297,96.61901092529297,97.5918378328868,96.16441878274397,97.48274015805143,369600,2023-04-24
95.33704376220703,95.33704376220703,96.49170449874269,95.11884152390975,96.20985965192021,519300,2023-04-25
94.58242797851562,94.58242797851562,96.17350027405182,94.42786833457234,95.13703087645308,774400,2023-04-26
96.85539245605469,96.85539245605469,97.3736271765526,94.84609619108825,94.84609619108825,927200,2023-04-27
100.05570983886719,100.05570983886719,100.41029107181497,97.24632745106095,97.24632745106095,764500,2023-04-28
101.1649169921875,101.1649169921875,102.0195523101193,99.9647941955187,99.9647941955187,859800,2023-05-01
99.38291931152344,99.38291931152344,101.2012876498495,98.18279648568921,100.72851493395561,974200,2023-05-02
99.27383422851562,99.27383422851562,100.9467299821983,98.85561029009496,100.14665030911428,1147700,2023-05-03
98.90105438232422,98.90105438232422,100.010260196162,98.34645147540535,98.89196059826125,370200,2023-05-04
100.32847595214844,100.32847595214844,100.81034247248033,98.98288720894146,99.17381506021306,643100,2023-05-05
100.79216003417969,100.79216003417969,101.24675212997283,99.71022862650402,99.71022862650402,522100,2023-05-08
100.52848815917969,100.52848815917969,101.21947003458772,98.92832216116479,100.17390690628496,641000,2023-05-09
100.54667663574219,100.54667663574219,101.58315299799808,99.41929017796066,101.43768019749729,844600,2023-05-10
100.8194351196289,100.8194351196289,100.87398395179838,99.23745655798973,99.74659748897132,571000,2023-05-11
100.46485137939453,100.46485137939453,101.10127752755001,99.52839278859798,100.93762409852077,504000,2023-05-12
98.95560455322266,98.95560455322266,101.82862994182763,97.74639484442241,98.35554659091557,982300,2023-05-15
96.46444702148438,96.46444702148438,99.31019814813212,96.3826237689544,98.9465230627732,769200,2023-05-16
97.08267974853516,97.08267974853516,97.27360758238429,95.92801896196437,96.7371922782164,784600,2023-05-17
97.23723602294922,97.23723602294922,97.72819626581067,95.89164744905409,96.83719973865496,562500,2023-05-18
96.82810974121094,96.82810974121094,98.45555016454942,96.80083532718407,97.78275585129742,514600,2023-05-19
96.61901092529297,96.61901092529297,97.56456341417795,96.34625980167893,96.78266437407163,543700,2023-05-22
96.25533294677734,96.25533294677734,97.700932483165,95.79164706642521,96.77356765898564,530500,2023-05-23
94.2914810180664,94.2914810180664,96.10075541257088,94.14601517084941,96.09166856598014,818200,2023-05-24
93.59141540527344,93.59141540527344,94.81881257830022,92.75496074425189,94.75516996744771,1115800,2023-05-25
94.48240661621094,94.48240661621094,94.71879641595356,92.50038507188577,93.4459373343323,498500,2023-05-26
94.70972442626953,94.70972442626953,95.682551324746,94.48242835712526,94.88247165850736,593700,2023-05-30
94.98246765136719,94.98246765136719,95.70072395008307,94.19147495711753,94.98246765136719,1584800,2023-05-31
95.11885070800781,95.11885070800781,95.23704215338816,93.32775677675883,94.86427331280244,939600,2023-06-01
97.84638977050781,97.84638977050781,98.21915162330058,96.07347671449345,96.16439373201433,754700,2023-06-02
98.80105590820312,98.80105590820312,99.85571302244739,97.3372686348447,97.47364766672466,1048600,2023-06-05
99.8738784790039,99.8738784790039,100.06480632001124,98.05551016100101,99.11925396226678,838300,2023-06-06
102.9651107788086,102.9651107788086,103.51061991218603,99.94661950849348,100.36484340863369,825600,2023-06-07
102.99237823486328,102.99237823486328,103.17421922471708,100.71941788562451,102.73780778559247,785700,2023-06-08
102.95600128173828,102.95600128173828,103.68335130625222,102.39231160243769,103.29240188196766,569200,2023-06-09
101.78316497802734,101.78316497802734,102.77417932955235,101.03763423666598,102.72871734647768,614900,2023-06-12
102.31049346923828,102.31049346923828,102.57415771073823,101.04672802873749,101.41040308379,526500,2023-06-13
101.61042022705078,101.61042022705078,103.25604128130293,101.08309176732072,102.56505940084716,720700,2023-06-14
101.9559097290039,101.9559097290039,102.14683756756465,100.59213350797761,101.52859206990507,553100,2023-06-15
102.83781433105469,102.83781433105469,103.06511035655228,101.94681085903345,102.49232686944706,1259400,2023-06-16
101.44676208496094,101.44676208496094,102.49232517224088,100.9830762583974,102.49232517224088,1060300,2023-06-20
100.87399291992188,100.87399291992188,101.40132146619165,99.94662800796948,100.73762082737414,465200,2023-06-21
98.44645690917969,98.44645690917969,101.25583948993287,97.88276718553544,101.25583948993287,600300,2023-06-22
96.24622344970703,96.24622344970703,98.4464471713515,96.05529563285594,98.09186594912465,1705700,2023-06-23
98.86469268798828,98.86469268798828,98.91015467476973,96.30988718364745,96.30988718364745,563700,2023-06-26
99.77386474609375,99.77386474609375,99.8011391602215,98.23734827919371,99.09197664680234,791300,2023-06-27
98.21006774902344,98.21006774902344,99.84660197560481,97.55546099491539,99.84660197560481,1360500,2023-06-28
99.66917419433594,99.66917419433594,100.34825508534969,97.35661786074873,98.20088834835788,664800,2023-06-29
99.90779113769531,99.90779113769531,100.80711332004806,98.4119687506552,100.40333901426008,1125600,2023-06-30
101.05488586425781,101.05488586425781,102.17444915929816,99.44894647221633,99.63247960219931,338400,2023-07-03
100.51344299316406,100.51344299316406,102.06432371941038,99.53152612539225,100.54097226027194,518600,2023-07-05
100.93558502197266,100.93558502197266,101.30265829052817,97.65946887756057,99.2470577884936,535300,2023-07-06
99.82518768310547,99.82518768310547,100.80710459389167,99.77012914647779,100.36662229819049,402700,2023-07-07
100.1830825805664,100.1830825805664,100.37579446088549,98.88915795518409,99.27458171582224,539500,2023-07-10
101.80738830566406,101.80738830566406,101.87162560470335,99.99037941644647,100.65110992161651,608400,2023-07-11
102.0276107788086,102.0276107788086,103.44083810006376,101.94501598012616,102.98199833347465,647300,2023-07-12
102.71588134765625,102.71588134765625,102.76176812972874,101.31183263285384,101.8991470364138,415200,2023-07-13
102.7342300415039,102.7342300415039,102.7342300415039,101.68807584109366,102.57822618736235,284600,2023-07-14
101.63301849365234,101.63301849365234,102.50481133708,101.36689056217635,102.29374894402864,552300,2023-07-17
101.51371765136719,101.51371765136719,102.51398503283832,100.70615514017919,102.48645576565502,651300,2023-07-18
102.22034454345703,102.22034454345703,102.57823907797577,101.1741902115806,102.34881914552321,570100,2023-07-19
102.8902359008789,102.8902359008789,102.92694392383679,101.09158478397956,102.51398391656521,577800,2023-07-20
103.60603332519531,103.60603332519531,103.89051177472865,102.86270805180231,102.87188680862792,501900,2023-07-21
103.54180145263672,103.54180145263672,104.65219304112517,103.23896547359247,103.6060387511,770700,2023-07-24
101.68807983398438,101.68807983398438,103.86298312620546,100.54098027083108,103.5142673794893,868200,2023-07-25
102.64247131347656,102.64247131347656,102.99119407445262,101.32101732867686,101.83491571158005,724700,2023-07-26
99.8343734741211,99.8343734741211,103.00954433460831,99.3388256055354,102.8994202522536,1010100,2023-07-27
99.57742309570312,99.57742309570312,101.19253427626774,99.54071506868935,100.96311435843683,884800,2023-07-28
100.10966491699219,100.10966491699219,100.88969818362446,99.26540135929535,99.86189450381542,1407500,2023-07-31
99.48564910888672,99.48564910888672,100.19225932251499,98.92586399102261,99.77930630175479,1476700,2023-08-01
98.36608123779297,98.36608123779297,99.4764727438101,98.10913206302403,99.04516219987372,744600,2023-08-02
97.72370147705078,97.72370147705078,98.14583326512941,95.82410493002699,98.14583326512941,988000,2023-08-03
99.60494995117188,99.60494995117188,102.15609825539647,97.95312378229403,98.19172245142974,1495500,2023-08-04
100.85298919677734,100.85298919677734,101.14664638801477,99.38470324059018,99.92613084263995,906500,2023-08-07
99.6783676147461,99.6783676147461,100.22897401282603,98.43949446739096,99.81601396326091,693700,2023-08-08
99.69671630859375,99.69671630859375,99.8618989251382,98.74232863537469,99.40305910155251,751000,2023-08-09
98.83409881591797,98.83409881591797,100.77040350240141,98.37525897554445,99.89861060622788,801900,2023-08-10
98.9809341430664,98.9809341430664,99.2745913703978,98.19172903186195,98.28349560265166,614800,2023-08-11
97.34745788574219,97.34745788574219,98.85245193514564,96.97120587272131,98.77903588362838,730900,2023-08-14
97.29238891601562,97.29238891601562,97.63193289130595,96.24623472347115,96.38388806487748,810200,2023-08-15
97.21897888183594,97.21897888183594,97.73287721644203,96.53989093814677,97.27403741730382,806000,2023-08-16
97.58604431152344,97.58604431152344,99.02680799016612,97.18227005253829,97.36580317013703,562100,2023-08-17
97.44840240478516,97.44840240478516,98.14583388444295,96.78767194924411,96.78767194924411,510400,2023-08-18
96.46649169921875,96.46649169921875,97.49428847292884,95.95258631102328,97.20063125167732,527300,2023-08-21
96.45730590820312,96.45730590820312,97.03544155125705,96.24623651394158,96.85190842686086,485500,2023-08-22
97.82465362548828,97.82465362548828,98.20090565930767,96.64084598435909,97.03544853140215,475400,2023-08-23
97.84300994873047,97.84300994873047,99.47647865802531,97.732885866708,97.94395527358265,448300,2023-08-24
98.33855438232422,98.33855438232422,98.9625698213097,97.96230236622289,98.05406893070075,440100,2023-08-25
98.999267578125,98.999267578125,99.81600181953584,98.69643864689466,98.69643864689466,350000,2023-08-28
99.38469696044922,99.38469696044922,99.54070080189312,98.5128971968394,99.27457289519155,318400,2023-08-29
99.4030532836914,99.4030532836914,100.12802100268672,98.51290295781945,99.91695161560114,644700,2023-08-30
98.76068878173828,98.76068878173828,99.6233029121629,98.4303235398428,99.45812029121517,773800,2023-08-31
97.95313262939453,97.95313262939453,99.18282711092262,97.43005546222903,99.10941105204377,471400,2023-09-01
96.60413360595703,96.60413360595703,98.11830642764428,96.53072455502792,97.79711995064156,460400,2023-09-05
96.1361312866211,96.1361312866211,96.8243910899304,95.67729141774821,96.11777377111534,528400,2023-09-06
95.42949676513672,95.42949676513672,96.2003512465817,95.13583958204804,95.91586581825177,842800,2023-09-07
94.51182556152344,94.51182556152344,95.76904920740641,93.61250342176841,95.62221710219083,838300,2023-09-08
93.37390899658203,93.37390899658203,94.7228992688847,93.1444890727575,94.59442467165022,578000,2023-09-11
94.9431381225586,94.9431381225586,95.06243395955873,92.85082958846219,93.39225723485544,689700,2023-09-12
93.66756439208984,93.66756439208984,95.43868644952406,93.45649498569827,94.9064305563108,607900,2023-09-13
94.90642547607422,94.90642547607422,95.1725534084353,94.29158180545029,94.46594317525168,608400,2023-09-14
94.40170288085938,94.40170288085938,95.22760891898601,94.08968817646556,94.39252412449316,1043000,2023-09-15
93.55744171142578,93.55744171142578,94.36500432048892,92.78659413150962,94.35582556320217,521400,2023-09-18
93.57579040527344,93.57579040527344,94.01627269474999,93.23624643107462,93.73179425774056,434900,2023-09-19
93.7868423461914,93.7868423461914,94.92476997014903,93.64001726650142,94.33745564871109,321400,2023-09-20
91.04299926757812,91.04299926757812,93.2454318769841,90.99711948485857,93.19037333718454,769400,2023-09-21
89.88671875,89.88671875,91.53854491746779,89.76742291620403,91.22653719769059,553500,2023-09-22
89.65728759765625,89.65728759765625,89.73988239634483,89.01491472491932,89.35445867270268,569000,2023-09-25
88.46430969238281,88.46430969238281,89.38198923898152,88.13394449550013,88.7946748892655,570600,2023-09-26
87.06945037841797,87.06945037841797,89.08834998792372,86.93180401980636,88.60198085058747,825300,2023-09-27
87.75577545166016,87.75577545166016,88.45136654950677,87.27349499463878,87.33841654740105,485800,2023-09-28
87.71865844726562,87.71865844726562,89.50864612219972,87.29203017706334,89.12838633680721,807100,2023-09-29
86.2996597290039,86.2996597290039,87.92270539877946,85.85447837474746,87.31058192116653,488400,2023-10-02
85.79884338378906,85.79884338378906,86.3460383056651,85.15889732349748,86.03997653109796,1304700,2023-10-03
86.91178131103516,86.91178131103516,86.96742633016481,85.31655805408356,86.29038834436061,638300,2023-10-04
87.3847885131836,87.3847885131836,87.40333449495702,86.28111508583059,86.79121803357819,609500,2023-10-05
88.84088897705078,88.84088897705078,89.11912114906322,86.21619040648396,86.60571969285216,741200,2023-10-06
90.35264587402344,90.35264587402344,91.10388908159882,88.21950405699855,88.21950405699855,843300,2023-10-09
89.32315826416016,89.32315826416016,91.16879817817114,89.2396907391225,90.25061294725073,645700,2023-10-10
90.35264587402344,90.35264587402344,90.88129483258163,89.37882256926815,89.93529403997384,944000,2023-10-11
89.58285522460938,89.58285522460938,90.35264440243922,89.19332590905157,90.08368166286306,683200,2023-10-12
89.47154235839844,89.47154235839844,90.1764098038611,88.68320739914088,90.05583618271285,441600,2023-10-13
89.83326721191406,89.83326721191406,90.30627111335883,88.5719281920068,90.05585436956883,1316700,2023-10-16
90.50102233886719,90.50102233886719,90.83490656379107,89.31388157287877,89.31388157287877,775800,2023-10-17
88.42351531982422,88.42351531982422,90.17641096721478,88.27512626808004,90.07439039842706,1055200,2023-10-18
87.21784973144531,87.21784973144531,89.14695740239287,87.15292817886143,87.63520155863905,742600,2023-10-19
86.1141586303711,86.1141586303711,87.85777781577701,86.0306911123891,87.60736110999689,674400,2023-10-20
85.16815948486328,85.16815948486328,86.19763467952399,84.76935371507655,85.3907466124902,896400,2023-10-23
86.89324188232422,86.89324188232422,86.9488869056499,85.32584101674443,85.32584101674443,792800,2023-10-24
84.85282135009766,84.85282135009766,86.74482962729782,84.80645286456735,86.25327980998979,700100,2023-10-25
83.35035705566406,83.35035705566406,85.57624269146922,82.85880011724059,85.25163495924079,1341500,2023-10-26
77.88763427734375,77.88763427734375,82.54345288867235,77.34043242703216,82.54345288867235,3526800,2023-10-27
77.84127044677734,77.84127044677734,79.49213862109376,76.80251867290836,78.69452704178532,1421800,2023-10-30
78.72235107421875,78.72235107421875,78.78727261909802,76.88599476139493,77.08075939603275,1068700,2023-10-31
78.53685760498047,78.53685760498047,78.89856434116923,77.30334126058432,78.55540358400059,1420300,2023-11-01
81.22648620605469,81.22648620605469,81.44907335795453,79.87240316179377,80.24337938965421,1045200,2023-11-02
83.99957275390625,83.99957275390625,85.78028409787355,82.38580354068075,82.43217203060365,1377700,2023-11-03
81.62528991699219,81.62528991699219,83.47092278395829,81.24503009453584,83.26688161833954,792200,2023-11-06
80.35467529296875,80.35467529296875,81.64383677034024,79.99296852311159,81.64383677034024,573600,2023-11-07
81.50472259521484,81.50472259521484,81.78296185642837,80.53089933280417,80.79058553611368,470600,2023-11-08
80.79058074951172,80.79058074951172,81.9035235765906,80.4010514676259,81.75513450174178,907300,2023-11-09
82.02408599853516,82.02408599853516,82.3115946564219,80.46596200819944,81.53253619921253,968500,2023-11-10
80.36394500732422,80.36394500732422,81.43978869734387,79.11188267352453,81.43978869734387,1052400,2023-11-13
83.4523696899414,83.4523696899414,85.40929242522422,82.54346105036528,83.1555844950442,1351600,2023-11-14
82.44143676757812,82.44143676757812,84.04593629888251,82.38579175726224,83.02573060364551,1413800,2023-11-15
81.21720886230469,81.21720886230469,83.01647326822183,81.17083329632867,82.88663017459048,1356700,2023-11-16
81.0131607055664,81.0131607055664,82.2003015026075,80.48451184826163,81.94061533774442,1306400,2023-11-17
82.17247772216797,82.17247772216797,82.43216388300607,80.22482443996498,80.77201926802853,1760200,2023-11-20
81.33776092529297,81.33776092529297,82.25594602129962,81.16154937302147,81.91278529164815,1040900,2023-11-21
82.00553894042969,82.00553894042969,82.4507202884698,81.52326563297726,82.32087720277423,503600,2023-11-22
82.29305267333984,82.29305267333984,82.31159865259033,81.58818517122701,81.61600767806141,186100,2023-11-24
81.93134307861328,81.93134307861328,82.69186270950131,81.7273089926749,82.23740482139733,848300,2023-11-27
82.91444396972656,82.91444396972656,83.1834066571008,81.25429936029623,81.70875014024442,1255100,2023-11-28
83.23906707763672,83.23906707763672,84.96413354637765,83.05357895072804,83.79553853428123,1881200,2023-11-29
83.71206665039062,83.71206665039062,83.78625765174816,82.55274822765169,83.14631869402058,1913700,2023-11-30
85.9008560180664,85.9008560180664,86.42022838067417,83.77698392680571,83.77698392680571,795600,2023-12-01
86.2903823852539,86.2903823852539,86.46660103488573,84.90847692359534,85.1681630961575,804100,2023-12-04
86.2903823852539,86.2903823852539,86.34602740054079,84.77863383731427,85.89157659855704,1087300,2023-12-05
86.614990234375,86.614990234375,87.6722879819595,86.17908541150959,86.70773428530184,939200,2023-12-06
86.62427520751953,86.62427520751953,87.25494472159254,85.99360569344653,86.62427520751953,667400,2023-12-07
86.85613250732422,86.85613250732422,87.50534795527534,86.11416593030779,86.26256207607815,1075400,2023-12-08
86.64281463623047,86.64281463623047,87.12509503306158,86.04924420622115,86.48514903861623,698000,2023-12-11
87.27348327636719,87.27348327636719,87.70938810463545,86.07706589960456,86.80975594006776,753900,2023-12-12
90.9925765991211,90.9925765991211,91.66961453349982,87.31058049346294,87.38477856394532,1136500,2023-12-13
95.20909881591797,95.20909881591797,95.9493337807768,93.12894613090903,93.1383181845555,1430500,2023-12-14
92.71666717529297,92.71666717529297,94.6187938489987,91.8265150420515,93.88792374470688,2253300,2023-12-15
93.17579650878906,93.17579650878906,93.66303605233351,92.36997148968,93.20390552011904,1202000,2023-12-18
92.26690673828125,92.26690673828125,93.8879217933406,91.89210321410216,93.57871549851677,1901300,2023-12-19
90.69274139404297,90.69274139404297,92.7447852332007,90.68336933963695,92.06076823722049,940600,2023-12-20
91.11438751220703,91.11438751220703,91.92958464435644,90.31793448817103,91.68596128036076,855000,2023-12-21
91.62974548339844,91.62974548339844,92.3606084443884,91.40486622204371,91.69533556582618,1602700,2023-12-22
92.25753021240234,92.25753021240234,92.66044273032814,91.60162943846838,91.91083571830451,693300,2023-12-26
92.65107727050781,92.65107727050781,93.26950417175654,91.89210529968692,92.31375480596901,762200,2023-12-27
94.10343933105469,94.10343933105469,94.17840146818654,92.24816575534723,92.33249994681627,810900,2023-12-28
93.03524780273438,93.03524780273438,93.98162506287193,92.96965772423667,93.70052064143466,753500,2023-12-29
94.05657958984375,94.05657958984375,94.26272187805966,92.49178261843369,92.91343924854324,960300,2024-01-02
91.64848327636719,91.64848327636719,93.4756478442358,91.48919409599209,93.4756478442358,657300,2024-01-03
91.64848327636719,91.64848327636719,92.77289389092853,91.05817252915092,91.24557072385304,840200,2024-01-04
92.00455474853516,92.00455474853516,92.4730574089941,90.23361526390308,90.90825308998598,998600,2024-01-05
92.99777221679688,92.99777221679688,93.07273435343517,91.29242292658124,91.5828922700761,872900,2024-01-08
91.92020416259766,91.92020416259766,92.59484901717234,91.53603576688717,91.82650507696938,770100,2024-01-09
92.32311248779297,92.32311248779297,92.78224299074674,91.8639819848392,92.32311248779297,740500,2024-01-10
92.96965789794922,92.96965789794922,93.34446141097175,91.17060961397995,92.00454367734432,1131500,2024-01-11
92.96965789794922,92.96965789794922,94.34705669775714,92.54800126500547,94.00036219717438,694900,2024-01-12
93.24140167236328,93.24140167236328,93.8504565619326,92.42620446797513,92.76352695608172,1332500,2024-01-16
90.49595642089844,90.49595642089844,92.98838632866972,89.85879265182923,91.75153985327441,1093300,2024-01-17
89.72762298583984,89.72762298583984,90.7395832029626,89.16542127659774,90.23360666879252,1180400,2024-01-18
92.5198974609375,92.5198974609375,92.9228100090816,89.70888167819707,90.14927529463165,1708400,2024-01-19
92.93218231201172,92.93218231201172,93.57871823138247,92.30439050122776,92.74478411884071,888900,2024-01-22
92.16383361816406,92.16383361816406,93.4381612838336,91.51729773151015,93.1102108879883,825800,2024-01-23
91.43296813964844,91.43296813964844,93.12894524563652,91.2361979076373,93.12894524563652,1107800,2024-01-24
89.82132720947266,89.82132720947266,92.42620075847402,89.79321819472247,92.27628363021202,960700,2024-01-25
89.71825408935547,89.71825408935547,90.38352696939648,88.80935783884864,90.19612877598146,976800,2024-01-26
90.22422790527344,90.22422790527344,90.4678512490482,89.49336502273121,89.76509737756035,1355600,2024-01-29
89.07171630859375,89.07171630859375,89.73698917473841,88.8281000919995,89.73698917473841,1087100,2024-01-30
87.9285659790039,87.9285659790039,89.76510249205974,87.36636427953776,89.64328723884071,2795000,2024-01-31
89.53085327148438,89.53085327148438,89.5776992440735,86.68235649262164,87.27266721847948,2641400,2024-02-01
90.48658752441406,90.48658752441406,92.42618790914163,88.8280915456745,90.64587668504232,3131800,2024-02-02
87.96603393554688,87.96603393554688,89.59642791443181,87.92855287466408,89.53083784508229,1189500,2024-02-05
89.31534576416016,89.31534576416016,89.54022503665138,87.68495852822824,88.02228101135665,1341800,2024-02-06
88.72502899169922,88.72502899169922,89.66203423728048,87.7505426784408,89.52148202068675,1339400,2024-02-07
88.0316390991211,88.0316390991211,88.94053532222249,87.02904378213745,88.4907768120746,1193800,2024-02-08
87.572509765625,87.572509765625,88.17219255343805,87.37573952107222,87.66620886082403,713400,2024-02-09
88.25652313232422,88.25652313232422,88.48140238135768,87.43195397123077,87.7692764191722,715800,2024-02-12
86.10140228271484,86.10140228271484,86.34502562230175,84.79896570184867,86.34502562230175,734400,2024-02-13
87.9285659790039,87.9285659790039,88.57510186522032,86.1576266938552,86.45746807682265,1347100,2024-02-14
91.23619842529297,91.23619842529297,91.55477676022838,88.61258101936075,88.88431338380805,1332900,2024-02-15
90.1024169921875,90.1024169921875,91.02067801891914,90.01808281287762,90.3460331795675,966700,2024-02-16
88.53762817382812,88.53762817382812,89.78384692978791,88.36896693506077,89.25912625308193,768100,2024-02-20
89.399658203125,89.399658203125,89.77445451647259,88.32210093029705,88.48139007834793,782700,2024-02-21
88.79061126708984,88.79061126708984,89.78383445247827,88.65005906285248,89.78383445247827,971900,2024-02-22
88.87494659423828,88.87494659423828,89.30596815168258,88.15345569670346,88.46266914512526,801500,2024-02-23
86.7479476928711,86.7479476928711,88.89369057154705,86.44810629905687,88.70628523242397,765500,2024-02-26
87.35699462890625,87.35699462890625,88.2658836334642,86.85101098223916,87.47880272672566,983800,2024-02-27
87.86296844482422,87.86296844482422,88.51887632920054,86.62612195143049,86.66360301471902,876800,2024-02-28
88.52825164794922,88.52825164794922,88.96863807307562,87.75053564078235,88.7718678451386,1595000,2024-02-29
89.76510620117188,89.76510620117188,89.83069628300674,87.16959764402895,88.05975692468249,885500,2024-03-01
90.64588928222656,90.64588928222656,90.69274240599648,87.1321194629732,89.01550208775224,1639900,2024-03-04
90.59902954101562,90.59902954101562,91.16123119691488,90.23359810724202,90.2617071177197,1273700,2024-03-05
92.07949829101562,92.07949829101562,92.50115492226547,90.75832467017715,91.32052636306123,1644900,2024-03-06
92.5198974609375,92.5198974609375,92.94155411761825,91.89210565183335,92.28564614570914,936300,2024-03-07
94.79682159423828,94.79682159423828,94.88115578603353,92.87596507708922,93.49438483886183,2252500,2024-03-08
93.68179321289062,93.68179321289062,95.57454077692995,93.63494008829065,94.79682466078228,1020900,2024-03-11
92.00455474853516,92.00455474853516,93.83171226481167,91.8077844889964,93.62556995040443,1189300,2024-03-12
92.79161834716797,92.79161834716797,93.76610455562881,92.16382661584997,92.24815364746793,1080300,2024-03-13
91.75154876708984,91.75154876708984,92.58548283499208,90.73958142105708,92.31375046529166,1296700,2024-03-14
92.28564453125,92.28564453125,92.68855707234549,90.74895650213757,90.74895650213757,1664700,2024-03-15
91.32051849365234,91.32051849365234,92.54799291803143,91.18933834824306,92.24815156441281,982300,2024-03-18
90.96446228027344,90.96446228027344,92.06075659732782,90.16800932725397,91.20807847376417,1193800,2024-03-19
92.16383361816406,92.16383361816406,92.34186689681542,90.43974030334779,90.63651768963744,862300,2024-03-20
93.41941833496094,93.41941833496094,94.51571988436001,92.36060500130345,92.65107433425759,1084100,2024-03-21
92.03265380859375,92.03265380859375,93.76611203501581,91.72344037043247,93.58807875568978,819100,2024-03-22
91.3580093383789,91.3580093383789,92.8009982411672,91.2174571250249,92.36997669598875,1001200,2024-03-25
90.23361206054688,90.23361206054688,91.50793982365829,90.21486795147531,91.35801554621789,853100,2024-03-26
92.02369689941406,92.02369689941406,92.32677999754587,91.10497422586957,91.10497422586957,1577800,2024-03-27
93.19813537597656,93.19813537597656,93.51069182768421,92.50672327608426,92.50672327608426,1216700,2024-03-28
91.32279968261719,91.32279968261719,93.45385447610367,91.20914805164945,93.2076044582935,874800,2024-04-01
90.5935287475586,90.5935287475586,91.13339579319776,89.7884648691243,90.73560054400505,585300,2024-04-02
90.81135559082031,90.81135559082031,91.07655961956237,89.75056838013576,90.28096198547803,814100,2024-04-03
90.80188751220703,90.80188751220703,92.37412876301535,90.41355846933783,91.80584887990477,861300,2024-04-04
91.51223754882812,91.51223754882812,91.69218838587648,89.81686408228003,90.39461733391092,673900,2024-04-05
96.73095703125,96.73095703125,96.93932802115468,92.08999833350212,92.9234750670496,1805000,2024-04-08
98.10430145263672,98.10430145263672,99.34504670383026,97.31817721629194,97.34659012646114,1684400,2024-04-09
95.47126770019531,95.47126770019531,96.29527101583234,94.65673053742313,96.07743388280657,1020000,2024-04-10
94.65673065185547,94.65673065185547,96.29527113224553,93.4917507277615,96.29527113224553,1233400,2024-04-11
92.762451171875,92.762451171875,94.43887779107034,92.57301974033835,94.43887779107034,1018500,2024-04-12
91.51223754882812,91.51223754882812,93.54857315833594,90.89659800885268,93.31178927573544,540800,2024-04-15
90.02523803710938,90.02523803710938,91.04813895201214,89.74109447814863,90.88712764076746,606700,2024-04-16
90.28096008300781,90.28096008300781,91.11443676327787,89.82633184081548,90.23360041521272,843000,2024-04-17
90.25254821777344,90.25254821777344,90.9818394181952,89.86421917035541,90.4798587284662,562500,2024-04-18
91.19967651367188,91.19967651367188,91.79636926650116,90.5935103827141,90.65033619934444,668400,2024-04-19
92.88558197021484,92.88558197021484,92.99924083621853,90.91553831590836,91.30386735520128,537300,2024-04-22
93.38756561279297,93.38756561279297,93.90849306591814,92.82875909586863,93.16972847862857,820100,2024-04-23
93.63382720947266,93.63382720947266,94.17369421943741,91.98581326738102,92.61091901393802,1088900,2024-04-24
93.01818084716797,93.01818084716797,93.70959297329867,92.13734450279172,93.01818084716797,596300,2024-04-25
94.35365295410156,94.35365295410156,94.91245950072589,93.30233183906029,93.48228269291879,873100,2024-04-26
94.978759765625,94.978759765625,95.78382360544789,94.34418062814696,95.12083155525761,646600,2024-04-29
94.41047668457031,94.41047668457031,95.23448725610147,94.09792020301664,94.59990091371554,950800,2024-04-30
93.3402099609375,93.3402099609375,94.77985279615108,92.81928252572202,93.61487290742856,1258500,2024-05-01
95.21553802490234,95.21553802490234,95.92588970485664,92.999244251959,94.08844438036549,1173500,2024-05-02
99.52500915527344,99.52500915527344,99.79020596329967,95.43338371098177,96.63624272626393,2124800,2024-05-03
100.37742614746094,100.37742614746094,102.45164803407165,99.58182854867842,101.03094474616843,1675200,2024-05-06
100.38688659667969,100.38688659667969,101.54239302803136,99.75230756505874,101.35296882416755,844200,2024-05-07
98.66310119628906,98.66310119628906,100.45318667502146,98.18006730436272,100.27323584758763,823000,2024-05-08
101.18250274658203,101.18250274658203,101.28668824567642,98.89990237233239,99.07986045732662,767200,2024-05-09
101.00253295898438,101.00253295898438,101.78865718795034,100.72786278647564,101.70341123217213,629900,2024-05-10
101.09724426269531,101.09724426269531,101.9875539715981,100.43425228334469,101.40032734269425,684800,2024-05-13
101.25825500488281,101.25825500488281,102.0349057892646,100.76574052147774,101.63710340618509,606500,2024-05-14
102.30011749267578,102.30011749267578,102.86839740364734,101.73183758170423,102.86839740364734,842300,2024-05-15
100.88887786865234,100.88887786865234,102.66949736726258,100.88887786865234,102.42324009544119,774900,2024-05-16
100.86994171142578,100.86994171142578,101.5045208311279,100.55738522820371,101.39086918346256,833800,2024-05-17
99.98910522460938,99.98910522460938,100.98360049724239,99.80914714786768,100.76575612928818,1269500,2024-05-20
100.32058715820312,100.32058715820312,100.61420406736761,99.82807989371554,99.87543233153099,895500,2024-05-21
99.79019165039062,99.79019165039062,101.10670934860062,99.63864650978543,100.12168761287695,901000,2024-05-22
98.5115737915039,98.5115737915039,99.61972068688631,98.29372942842832,99.48712228364761,674000,2024-05-23
98.12322998046875,98.12322998046875,99.10825170360786,97.88644612085079,98.70098317602218,573200,2024-05-24
96.14373016357422,96.14373016357422,98.77676579422157,96.02059791936149,98.44526980224632,794600,2024-05-28
94.14527893066406,94.14527893066406,94.79879757292125,93.15078367243157,94.77038466144107,987200,2024-05-29
95.670166015625,95.670166015625,95.75540474847031,94.77038288785583,94.88404175772051,779000,2024-05-30
97.22347259521484,97.22347259521484,97.35607100359772,95.33867473942566,96.41840876544127,1447500,2024-05-31
98.16112518310547,98.16112518310547,99.79019944145014,97.14769046091253,98.12323889499622,1042500,2024-06-03
100.75627899169922,100.75627899169922,101.18249433238866,98.14219003018269,98.27478843144493,1005700,2024-06-04
101.57080841064453,101.57080841064453,101.78865275385857,99.58182531733489,100.61420676393475,816800,2024-06-05
101.3245620727539,101.3245620727539,101.6560580626926,100.50055156113146,101.12565725272006,470300,2024-06-06
101.0499038696289,101.0499038696289,101.1540893682442,99.99858272983555,99.99858272983555,407200,2024-06-07
101.84548950195312,101.84548950195312,103.12412111159307,100.68998291843205,100.8794143733124,859100,2024-06-10
100.5857925415039,100.5857925415039,101.77918535806394,100.54791347843793,101.23931838348905,617000,2024-06-11
101.72236633300781,101.72236633300781,103.21884233656394,101.65606712910704,102.51795677981713,718700,2024-06-12
101.33403015136719,101.33403015136719,102.4990100536614,101.04042044413654,101.59922694835885,750800,2024-06-13
102.32852935791016,102.32852935791016,102.61266569745482,100.519496924037,101.1067235874763,441500,2024-06-14
102.76419830322266,102.76419830322266,103.28512570117857,100.67102978555732,101.69393782550523,652400,2024-06-17
103.82499694824219,103.82499694824219,103.96706149353095,102.70737676019107,103.18094451400815,745800,2024-06-18
103.58821105957031,103.58821105957031,103.85340784038627,102.70737476553424,103.4650788212841,782800,2024-06-20
103.90076446533203,103.90076446533203,105.32146775643176,102.82103054218189,104.65847577768014,1255600,2024-06-21
105.22676086425781,105.22676086425781,106.01288512521927,103.6829324794648,103.97654219516832,609500,2024-06-24
104.109130859375,104.109130859375,105.16045182664304,103.80604779297784,105.10362600984054,572600,2024-06-25
102.9346923828125,102.9346923828125,104.16597149445816,102.70738187296452,102.8968060934927,734500,2024-06-26
103.93865966796875,103.93865966796875,103.96707258005631,102.63161512944232,103.01993697142437,491000,2024-06-27
104.32109832763672,104.32109832763672,105.22939934948757,103.67094363693704,104.24460782413419,1338800,2024-06-28
104.39759826660156,104.39759826660156,104.72267199406363,103.04948037503614,103.99602673418717,591500,2024-07-01
104.14900207519531,104.14900207519531,105.31545676454422,103.77611997542458,105.0095020341032,479300,2024-07-02
102.7817611694336,102.7817611694336,104.21592527877452,102.72439693931143,104.21592527877452,494000,2024-07-03
102.99210357666016,102.99210357666016,103.66137722481947,102.62877734377167,103.09727619201887,508700,2024-07-05
103.28849029541016,103.28849029541016,103.58488185501598,102.67658090455825,103.12595345914472,403800,2024-07-08
103.26937866210938,103.26937866210938,103.69962497565174,102.19853350469978,103.03990715331999,868900,2024-07-09
104.19681549072266,104.19681549072266,104.31154396108637,102.9825523527722,103.87173447077359,576600,2024-07-10
104.39759826660156,104.39759826660156,106.78787200806941,104.1203256372469,105.92737200223367,723100,2024-07-11
103.88128662109375,103.88128662109375,105.25807918159681,103.52752352096968,105.11466860881006,742900,2024-07-12
104.49319458007812,104.49319458007812,105.71701341425225,103.9960136196101,104.52187669423289,709700,2024-07-15
106.3480453491211,106.3480453491211,106.58707268468598,104.13942780821756,105.14334553540421,596400,2024-07-16
108.00212097167969,108.00212097167969,108.27939358335225,106.20463785875725,106.20463785875725,726700,2024-07-17
108.01168060302734,108.01168060302734,110.5836172356109,107.53362590073513,107.63879851880229,903900,2024-07-18
107.70572662353516,107.70572662353516,108.56622655246599,107.15118141438684,108.56622655246599,550900,2024-07-19
108.48973846435547,108.48973846435547,109.14945630698004,107.59099326362471,108.06904797983705,766300,2024-07-22
108.04036712646484,108.04036712646484,108.95823131697365,107.63880291084277,108.22203025499985,459800,2024-07-23
108.11685943603516,108.11685943603516,109.41716888457923,107.25635946353741,108.24115103974295,845100,2024-07-24
106.04209899902344,106.04209899902344,109.40760093911399,104.78959070178185,108.11685468436305,783600,2024-07-25
108.0499267578125,108.0499267578125,108.50885519090942,106.17595318450562,106.53927213525199,756300,2024-07-26
108.46105194091797,108.46105194091797,108.75744351867345,107.13206046741747,108.20289831971382,800700,2024-07-29
106.88347625732422,106.88347625732422,109.2737498815746,106.1377120536839,108.77656888279024,1150700,2024-07-30
105.88912200927734,105.88912200927734,107.30416721050968,105.65965778283348,106.87391357957416,1849000,2024-07-31
110.01951599121094,110.01951599121094,110.88957910688858,107.27547919700034,107.43802335011281,1985300,2024-08-01
113.01213073730469,113.01213073730469,115.96651264378251,110.86088453828592,110.87044767497386,2342900,2024-08-02
109.91433715820312,109.91433715820312,113.33721060478683,109.57970032281888,111.49191914734128,1284200,2024-08-05
112.07514953613281,112.07514953613281,112.71574110917076,109.7231211930182,109.85697593083103,861300,2024-08-06
112.72529602050781,112.72529602050781,114.86697896377139,111.68313301554146,111.96040560778873,960000,2024-08-07
113.57624053955078,113.57624053955078,113.7770226453453,112.27593112575538,112.8209132113508,634700,2024-08-08
114.09253692626953,114.09253692626953,114.37936537073861,112.60100129579402,113.71009170577489,458800,2024-08-09
114.29331970214844,114.29331970214844,115.58406594623763,113.94911973111986,115.37372070899396,1079900,2024-08-12
114.3315658569336,114.3315658569336,115.6605573632493,114.11165748138663,115.02952164653401,827100,2024-08-13
114.56102752685547,114.56102752685547,115.06776433956514,113.87262759467033,114.39849068023837,574400,2024-08-14
114.55147552490234,114.55147552490234,115.3641744260543,113.35633866383948,114.39850179984529,821000,2024-08-15
114.38893127441406,114.38893127441406,115.02952283988091,113.51887548891382,114.49410389495769,464100,2024-08-16
114.16903686523438,114.16903686523438,115.2685569350439,113.40414636102764,114.79050219354882,517500,2024-08-19
114.5897216796875,114.5897216796875,114.93392168193957,113.55712167293129,114.50367532639277,531700,2024-08-20
114.95303344726562,114.95303344726562,115.17293451873142,113.93955254876356,114.73312508126419,531100,2024-08-21
115.67967987060547,115.67967987060547,115.96651562232293,114.87655143705446,115.45977878288677,556400,2024-08-22
117.21900939941406,117.21900939941406,118.12731769387943,115.832653705935,116.1864095106587,817900,2024-08-23
117.51541137695312,117.51541137695312,118.97825761076815,117.18076724699154,118.59581238690915,749000,2024-08-26
118.4810791015625,118.4810791015625,118.82527908075814,116.20554127869008,116.7313970897407,633000,2024-08-27
119.25553894042969,119.25553894042969,119.84832215097002,118.55757580873383,118.57669478878437,714200,2024-08-28
118.509765625,118.509765625,119.51368348408081,117.90741928627331,119.07387400420376,651000,2024-08-29
119.70490264892578,119.70490264892578,119.74314790304547,118.0508373518337,119.08343732945598,938900,2024-08-30
121.04345703125,121.04345703125,121.64581066380381,119.38939173871822,119.43719283533376,733100,2024-09-03
119.91524505615234,119.91524505615234,121.56931760856308,119.17904399177866,121.0912628852062,980000,2024-09-04
118.68185424804688,118.68185424804688,121.00520032411907,117.78311639465485,120.87134559500674,1154400,2024-09-05
116.80789184570312,116.80789184570312,118.96870128383381,115.44065501595948,118.89221077577658,2652900,2024-09-06
115.99519348144531,115.99519348144531,117.45803971353682,115.76572926521463,116.63578503629628,2291600,2024-09-09
117.76399993896484,117.76399993896484,117.98390832342984,116.29159050145384,116.57842625605406,1849400,2024-09-10
117.15208435058594,117.15208435058594,117.50584745684046,116.00475598119507,116.26290231122046,1708700,2024-09-11
117.69705963134766,117.69705963134766,118.05082271719678,116.83655975667104,117.1329586157202,1195800,2024-09-12
120.08734893798828,120.08734893798828,120.20208470134327,118.1082026109674,118.20381209982834,1131000,2024-09-13
119.4467544555664,119.4467544555664,120.9382828704984,118.8444081251984,120.8713555004575,1916000,2024-09-16
118.54800415039062,118.54800415039062,119.62841245626706,117.98390309774103,119.31289459908885,1140300,2024-09-17
119.7527084350586,119.7527084350586,120.8617988967926,118.27073587193999,118.65318111028056,1922600,2024-09-18
121.10082244873047,121.10082244873047,121.78921510264107,119.37025944095896,120.37417724819954,1676600,2024-09-19
119.7144546508789,119.7144546508789,120.72792825990516,119.15035361779016,120.46021880050469,1551700,2024-09-20
121.31116485595703,121.31116485595703,121.69361009633334,120.33593642280684,120.76618275914504,1311300,2024-09-23
120.95740509033203,120.95740509033203,122.08561450073238,120.1733956556156,120.67056934575011,911300,2024-09-24
120.6227798461914,120.6227798461914,121.70318097150283,120.20208932557539,121.30161672611665,680000,2024-09-25
118.91133117675781,118.91133117675781,120.95740475174242,118.72966805272871,120.54627740941172,845800,2024-09-26
118.2802963256836,118.2802963256836,120.00129621190679,118.16556056842337,119.8100699498064,636300,2024-09-27
119.09982299804688,119.09982299804688,119.63010120382728,117.52828259257642,117.84644951604466,1141200,2024-09-30
118.20316314697266,118.20316314697266,119.7843468160448,117.26794932992081,119.7843468160448,759800,2024-10-01
117.93321228027344,117.93321228027344,117.9814220622578,116.4098743812391,117.09441062189327,778700,2024-10-02
116.44843292236328,116.44843292236328,118.33814002803375,116.02421040786069,117.94284779424865,463000,2024-10-03
116.52556610107422,116.52556610107422,116.92085833647074,115.03115122309677,115.86995282861552,710000,2024-10-04
115.35897064208984,115.35897064208984,115.79282926373034,114.79012609990198,115.79282926373034,541200,2024-10-07
115.686767578125,115.686767578125,116.20740231034254,114.05738145839685,116.03385739960336,653100,2024-10-08
115.88923645019531,115.88923645019531,116.19775992140174,115.30111243386746,115.9181667320601,730100,2024-10-09
114.5298080444336,114.5298080444336,116.3713054542031,114.02845280368746,115.56143409638526,767300,2024-10-10
115.03115844726562,115.03115844726562,115.45538099013953,114.26948949791475,115.07936822923948,766000,2024-10-11
115.35897064208984,115.35897064208984,115.9278078284976,114.17307913074302,114.54909189770613,566000,2024-10-14
115.37824249267578,115.37824249267578,116.89193688788353,115.33967614018759,115.82174451262038,1093900,2024-10-15
116.51593017578125,116.51593017578125,117.2197532725004,115.43610167334747,115.43610167334747,1106900,2024-10-16
115.03115844726562,115.03115844726562,116.20740651193965,114.85761353025175,116.16884015751657,679900,2024-10-17
116.40987396240234,116.40987396240234,116.72804086848248,115.27219225599636,115.5903591620765,682700,2024-10-18
113.83562469482422,113.83562469482422,115.9374430840511,113.4788914526388,115.9374430840511,1161000,2024-10-21
114.96367645263672,114.96367645263672,115.5132341653829,112.99683638707657,113.63317024171975,678100,2024-10-22
116.3038101196289,116.3038101196289,117.36436639838725,115.31075047295468,115.31075047295468,1503600,2024-10-23
116.03385925292969,116.03385925292969,117.27759657379585,115.99529289928502,116.7569618332626,684900,2024-10-24
114.04773712158203,114.04773712158203,116.88230152245436,113.8645487851018,116.88230152245436,474600,2024-10-25
114.44303131103516,114.44303131103516,115.67713255176282,113.96096292749115,114.80940799022765,547700,2024-10-28
113.20893096923828,113.20893096923828,114.64549996642643,112.86184116442041,114.0477325568447,824900,2024-10-29
113.15109252929688,113.15109252929688,114.1730751571897,112.81364612912282,113.12216960296479,666800,2024-10-30
111.63739776611328,111.63739776611328,113.33428054526543,111.40600700034067,112.19659885952862,1843100,2024-10-31
109.65127563476562,109.65127563476562,110.32616841635034,105.32229633818207,105.85257449212693,2430500,2024-11-01
111.75308990478516,111.75308990478516,111.83021525141226,109.91158525267242,109.97907452833324,979200,2024-11-04
113.76813507080078,113.76813507080078,113.76813507080078,110.91429120934544,111.10711561461123,662100,2024-11-05
113.22821807861328,113.22821807861328,115.32039298320866,110.29724158451579,115.07935880463927,1471700,2024-11-06
114.33697509765625,114.33697509765625,114.57800928820441,113.0836017202736,113.5753135286102,633700,2024-11-07
117.37400817871094,117.37400817871094,118.41527765444306,114.81904427013448,115.01187603736994,1111500,2024-11-08
117.57647705078125,117.57647705078125,118.72380216963106,117.15226187069466,117.15226187069466,756400,2024-11-11
116.46772003173828,116.46772003173828,118.44419591655969,116.40986682595586,117.2968782087512,1106600,2024-11-12
118.85877990722656,118.85877990722656,119.32156879367551,116.65090581977384,116.65090581977384,923700,2024-11-13
116.03385925292969,116.03385925292969,118.77201151546244,115.9278036193518,118.55025682095057,877900,2024-11-14
115.47466278076172,115.47466278076172,116.51593230350629,114.52981282387803,115.43610378135351,864400,2024-11-15
115.5903549194336,115.5903549194336,115.86995546095851,114.70335087059715,114.70335087059715,749600,2024-11-18
116.94015502929688,116.94015502929688,117.25832194324028,114.44303685653209,115.19506975015655,746600,2024-11-19
116.23632049560547,116.23632049560547,117.11368844072102,115.66748336213624,116.17847464631149,537600,2024-11-20
117.61503601074219,117.61503601074219,118.07782487130163,116.06277530839115,116.26524313620484,477500,2024-11-21
118.4924087524414,118.4924087524414,118.91662392303982,117.85607496287425,117.96213059446876,452800,2024-11-22
119.475830078125,119.475830078125,120.13144339409271,119.01304853495957,119.55296278724592,941600,2024-11-25
121.24983978271484,121.24983978271484,121.63549595400785,119.1673008712004,119.47582433707888,881500,2024-11-26
122.47429656982422,122.47429656982422,123.07206403411368,121.88617253315654,121.97294867019245,581300,2024-11-27
121.28841400146484,121.28841400146484,122.73461922077112,121.10522565316975,122.47429816205913,428800,2024-11-29
119.50475311279297,119.50475311279297,120.61351190112016,118.93591593301866,120.52674312011595,651200,2024-12-02
118.21281433105469,118.21281433105469,119.77471860431291,118.13568162121427,119.63973268420213,494400,2024-12-03
117.75965881347656,117.75965881347656,118.29957302475802,117.20045774848965,118.22244767727456,505100,2024-12-04
117.11369323730469,117.11369323730469,117.55719526354152,115.93744521495584,117.12333666450844,562800,2024-12-05
117.52827453613281,117.52827453613281,117.82715458302273,116.48700505204035,117.51863110874866,493000,2024-12-06
118.36707305908203,118.36707305908203,118.54061797930666,116.70876392288906,117.16190204523882,643200,2024-12-09
117.55719757080078,117.55719757080078,118.86842417661849,116.96907354808343,118.81057832382001,668400,2024-12-10
116.1399154663086,116.1399154663086,118.58882376662186,115.79282563755366,118.16460123019252,1169100,2024-12-11
116.61233520507812,116.61233520507812,117.88499540158324,115.61927554453437,116.15919711829198,760500,2024-12-12
115.86032104492188,115.86032104492188,116.67983587890657,115.23363063454056,116.25562067582311,611500,2024-12-13
116.04350280761719,116.04350280761719,117.70181923725836,115.34932315281112,115.60964420125332,445900,2024-12-16
114.33697509765625,114.33697509765625,115.90852272772936,113.86455014380016,114.89617618511514,1042100,2024-12-17
110.2424087524414,110.2424087524414,115.80559111791084,110.17432816070571,114.09384098540609,694000,2024-12-18
109.4351577758789,109.4351577758789,111.90552223761425,109.32818035333725,110.22295592901936,696000,2024-12-19
111.75963592529297,111.75963592529297,112.45016970528727,109.97980534602783,109.97980534602783,1757100,2024-12-20
112.09031677246094,112.09031677246094,112.24593378912553,110.73842547615533,111.18581326872437,507400,2024-12-23
113.23795318603516,113.23795318603516,113.31576168535683,111.84715779662457,112.0805758743627,225300,2024-12-24
113.20878601074219,113.20878601074219,113.49083627842673,112.55715647172663,112.55715647172663,295900,2024-12-26
112.07086181640625,112.07086181640625,113.49083361959347,111.75963522146422,112.74193975599003,301600,2024-12-27
111.62347412109375,111.62347412109375,111.85689964813665,110.09651737777033,111.19554216197076,359100,2024-12-30
112.85865020751953,112.85865020751953,112.9461792073284,111.448398930928,112.55715153676387,502800,2024-12-31
111.53594207763672,111.53594207763672,112.97536977430897,111.11773062835329,112.48907773654814,547400,2025-01-02
113.86042022705078,113.86042022705078,113.98685348869866,111.1274612820392,111.40951156131014,540500,2025-01-03
110.3493881225586,110.3493881225586,113.8117850508024,109.88255192246359,113.5978227875583,862000,2025-01-06
107.2857437133789,107.2857437133789,111.84716526246888,106.99397295178717,110.94266180310242,1619700,2025-01-07
107.99573516845703,107.99573516845703,108.13189634356112,106.0311112072793,107.2079444524651,882100,2025-01-08
106.16728210449219,106.16728210449219,107.81094415966538,105.48646879398302,106.35206803458134,1106900,2025-01-10
108.59873962402344,108.59873962402344,108.75434921499439,105.93385395895612,105.93385395895612,537800,2025-01-13
109.4351577758789,109.4351577758789,109.92144981747498,108.59874229094314,108.59874229094314,491300,2025-01-14
108.77379608154297,108.77379608154297,112.4307141701028,108.70571549517048,112.4307141701028,642900,2025-01-15
109.56159210205078,109.56159210205078,109.61994476918552,107.77203363423719,109.12392483785848,973000,2025-01-16
109.5129623413086,109.5129623413086,109.81446844199982,108.66681896833533,109.4837860070995,1064900,2025-01-17
109.67830657958984,109.67830657958984,110.97184522391152,108.71545039046242,109.91173210804268,861400,2025-01-21
107.93738555908203,107.93738555908203,109.0169470722323,107.57752677454678,108.76408055142912,1066500,2025-01-22
106.99398040771484,106.99398040771484,107.90820442868332,105.81715452076412,107.76232274783531,914700,2025-01-23
107.60669708251953,107.60669708251953,108.63763378556582,106.51740029159494,106.93561172362402,543100,2025-01-24
110.85513305664062,110.85513305664062,111.2247123236011,108.19024742254005,108.28750434329518,662600,2025-01-27
109.50323486328125,109.50323486328125,111.49703513815996,109.230912515932,110.96211094141862,660600,2025-01-28
107.54834747314453,107.54834747314453,110.05761613667329,107.1398639475173,109.90199912487576,756200,2025-01-29
110.09651184082031,110.09651184082031,111.02047114338492,108.4236735025099,109.06557511902591,1101200,2025-01-30
110.59253692626953,110.59253692626953,111.64292953327875,109.95063527991577,110.07706854141162,916800,2025-01-31
110.38829040527344,110.38829040527344,110.99129519154448,108.36531378703584,110.09651222025221,762600,2025-02-03
111.12745666503906,111.12745666503906,111.63319711084642,108.59873959554723,109.66858057645983,886600,2025-02-04
113.08234405517578,113.08234405517578,113.5005554928435,111.20525654474541,112.07086317452713,708900,2025-02-05
114.47313690185547,114.47313690185547,114.76491507777122,113.09206936567243,113.78260313376396,1192300,2025-02-06
115.89311981201172,115.89311981201172,117.7993836736035,114.06465703561926,114.47314055876876,1580700,2025-02-07
116.06818389892578,116.06818389892578,116.51557911845225,114.0452145934513,115.63052401837201,854500,2025-02-10
116.54475402832031,116.54475402832031,116.82680430664522,114.9205403685235,115.05670154837307,1571900,2025-02-11
115.15396118164062,115.15396118164062,115.85422293460572,113.49084322846251,113.64645282899478,1147300,2025-02-12
115.89311981201172,115.89311981201172,116.98240920707704,114.92053575485913,115.28038710706001,817700,2025-02-13
115.80558013916016,115.80558013916016,117.45897002183895,115.75694796957602,116.4961139099367,604300,2025-02-14
116.09736633300781,116.09736633300781,116.64201105286823,115.42628093158854,115.70833121015275,936300,2025-02-18
115.64025115966797,115.64025115966797,116.44749774481842,114.33698460505754,115.82503709320967,1012600,2025-02-19
117.52705383300781,117.52705383300781,118.16896287204663,115.03724102268687,115.6888705597275,835500,2025-02-20
116.60310363769531,116.60310363769531,117.76048105625242,114.97889002054933,117.52705553673037,805400,2025-02-21
117.85773468017578,117.85773468017578,118.14951286129703,116.26269744256174,116.77816579834554,936300,2025-02-24
118.69415283203125,118.69415283203125,119.48194350141878,117.95498691074575,118.14950816383514,1155000,2025-02-25
117.77992248535156,117.77992248535156,119.09290941880147,117.44924748265436,118.90812350209362,669500,2025-02-26
119.8515396118164,119.8515396118164,120.66850667845581,117.235286058465,117.49788049553403,1140000,2025-02-27
120.65877532958984,120.65877532958984,121.8745053967354,119.27770775416708,121.6216388853329,1539700,2025-02-28
122.0884780883789,122.0884780883789,122.55532171058248,120.17248626804313,120.46426445944881,1130000,2025-03-03
119.86125946044922,119.86125946044922,123.0805177980829,119.65701769489631,122.60394625823179,866200,2025-03-04
121.00890350341797,121.00890350341797,121.19369684400557,118.18840832604032,118.33429741491331,1589000,2025-03-05
118.48018646240234,118.48018646240234,120.70740478575192,117.50760243055855,119.98769467985115,694500,2025-03-06
118.15923309326172,118.15923309326172,120.10440117575288,117.61458840463696,118.985928044275,731200,2025-03-07
118.6844253540039,118.6844253540039,121.18396595870254,118.28566976909082,119.42359127802776,1451300,2025-03-10
117.17692565917969,117.17692565917969,118.96647668914954,116.17515788845556,118.85949185363752,939000,2025-03-11
115.15396118164062,115.15396118164062,117.72158266236066,114.64821328439785,117.2450185216814,797000,2025-03-12
113.54918670654297,113.54918670654297,115.93201463721887,112.92673351436083,115.42627420115615,898000,2025-03-13
114.85244750976562,114.85244750976562,115.42627596081647,113.18932966590364,114.04520838337235,1018400,2025-03-14
116.83651733398438,116.83651733398438,117.13802343028112,114.34670458139908,114.34670458139908,705900,2025-03-17
116.31132507324219,116.31132507324219,117.34226923057022,115.66942344719604,116.62255909826769,632600,2025-03-18
116.55447387695312,116.55447387695312,117.46870529675596,115.25121475702186,116.38913636237577,1051000,2025-03-19
116.75872039794922,116.75872039794922,117.35199727338511,115.53326239390798,116.71981614477977,789200,2025-03-20
115.94174194335938,115.94174194335938,116.5447467164527,114.19109513217208,116.25296853780783,1697200,2025-03-21
118.29539489746094,118.29539489746094,118.53854090907144,116.20434513379251,116.57392440015862,717700,2025-03-24
117.9063720703125,117.9063720703125,119.73482748163528,117.03104490842425,119.62784263850295,745600,2025-03-25
118.85950469970703,118.85950469970703,118.93731321034826,117.74103147498019,118.42184481274904,971400,2025-03-26
118.5969009399414,118.5969009399414,120.43508419320476,118.48991610126662,119.18044988347737,643700,2025-03-27
118.94702911376953,118.94702911376953,120.17247964155388,117.36171240556445,120.17247964155388,1151100,2025-03-28
119.97708892822266,119.97708892822266,121.95871861614117,119.17266395804988,119.72202516173321,1480300,2025-03-31
119.60430145263672,119.60430145263672,120.13404581988921,117.99545151556697,119.97708868393572,1350900,2025-04-01
120.46759796142578,120.46759796142578,120.80113656992322,118.94703493343104,119.63373647121132,844500,2025-04-02
116.6318588256836,116.6318588256836,120.96790563447091,116.41603620438448,119.22171531230224,1079800,2025-04-03
108.3325424194336,108.3325424194336,115.39578585563488,108.17557779510301,115.39578585563488,1960400,2025-04-04
105.99774932861328,105.99774932861328,109.97082093839433,103.09396366636565,106.44901139497313,1920500,2025-04-07
104.5066146850586,104.5066146850586,109.01924280479396,103.48636709098609,108.57779290130877,1749000,2025-04-08
109.58822631835938,109.58822631835938,110.60847389365412,100.40600562519168,103.00567413599718,2350300,2025-04-09
106.00755310058594,106.00755310058594,110.08854346772499,103.8297176147074,108.61703381342708,1832100,2025-04-10
105.8800277709961,105.8800277709961,106.30186084914688,103.00567853719772,104.78129783885126,1358700,2025-04-11
109.06829833984375,109.06829833984375,109.58823056525691,106.62559435418325,106.87084596877325,1094400,2025-04-14
109.22525024414062,109.22525024414062,110.4024624284191,108.72494236319511,109.68632445498,979000,2025-04-15
108.10690307617188,108.10690307617188,110.35340864672587,107.59678303761764,109.29392741519246,851100,2025-04-16
110.14739990234375,110.14739990234375,111.32461209983771,108.60722011865599,108.60722011865599,581700,2025-04-17
108.705322265625,108.705322265625,110.08854495186559,107.43982304772996,108.98981503409615,785100,2025-04-21
111.01068878173828,111.01068878173828,112.09959900947976,109.86290559555034,110.32397980507675,862500,2025-04-22
111.8641586303711,111.8641586303711,113.8065545961676,111.26574412742032,111.92301661935483,815300,2025-04-23
111.8543472290039,111.8543472290039,113.11004171688676,111.29517387641312,112.26637560813785,684700,2025-04-24
111.83473205566406,111.83473205566406,112.50181672169128,111.128406234637,111.91321436566373,950800,2025-04-25
112.0505599975586,112.0505599975586,112.54106323166837,110.6771494451541,111.52081560658176,960100,2025-04-28
110.85372924804688,110.85372924804688,111.95245917040681,110.23569787674236,111.53062609601271,1243700,2025-04-29
111.63854217529297,111.63854217529297,112.07999210444842,109.22525961015403,110.9714574590118,1061900,2025-04-30
112.64897155761719,112.64897155761719,113.68883599134637,110.82429897630944,111.94264572169351,1089500,2025-05-01
118.57425689697266,118.57425689697266,118.97646566511338,115.22902118039607,116.0628751982849,1793700,2025-05-02
116.9457778930664,116.9457778930664,119.02551425946626,116.63185612874993,118.25051826657885,975300,2025-05-05
116.7299575805664,116.7299575805664,117.44609559567999,115.9549615723835,116.68091174783709,753500,2025-05-06
116.7299575805664,116.7299575805664,117.86792867647613,116.41603581005431,116.68091174783709,931400,2025-05-07
115.2584457397461,115.2584457397461,117.32836994845213,114.99357729136237,117.12235949204585,1418700,2025-05-08
115.73914337158203,115.73914337158203,116.26888026414964,114.84642391641385,115.10148768710265,763500,2025-05-09
116.69071197509766,116.69071197509766,116.95558790278258,115.66065971322598,116.7986232812678,562500,2025-05-12
115.00338745117188,115.00338745117188,116.69071222921978,114.19896247536951,116.4650849409073,949900,2025-05-13
113.54168701171875,113.54168701171875,114.79737409878238,112.81574431785111,114.5128888081541,684500,2025-05-14
115.74894714355469,115.74894714355469,115.8960996056681,114.2872496513944,114.2872496513944,796100,2025-05-15
117.35779571533203,117.35779571533203,117.61285948102491,115.533123169385,116.21983215632966,1922100,2025-05-16
116.79862213134766,116.79862213134766,117.46570679724763,115.55274726940175,115.99419716521695,692900,2025-05-19
116.57299041748047,116.57299041748047,117.06349360952457,115.70970000941259,115.70970000941259,574900,2025-05-20
113.3356704711914,113.3356704711914,116.20020742045841,113.12966002119121,115.9157221450903,522900,2025-05-21
112.22714233398438,112.22714233398438,113.42397143203742,111.54043331019905,113.42397143203742,1234400,2025-05-22
110.8831558227539,110.8831558227539,112.28599532003642,109.77462124889546,112.05055587198824,1289400,2025-05-23
112.89421844482422,112.89421844482422,113.19832803415689,110.87334016893021,112.07016917589539,801400,2025-05-27
113.39453125,113.39453125,113.87522979630707,112.27618450279022,113.20814511512182,631300,2025-05-28
114.68946075439453,114.68946075439453,115.1799639498519,113.21795116802242,113.31605031021694,790100,2025-05-29
115.2584457397461,115.2584457397461,115.5919918247505,113.56130877219115,114.19896446172598,1314400,2025-05-30
115.59198760986328,115.59198760986328,115.72932790912623,113.5122513168337,114.30686411749575,528600,2025-06-02
115.4644546508789,115.4644546508789,116.11192249190657,113.40434262990156,115.0230047479856,1774300,2025-06-03
115.34674072265625,115.34674072265625,116.01382541113192,114.38535110402047,115.59199233629458,662100,2025-06-04
113.54168701171875,113.54168701171875,115.35654748863058,113.23757740033206,115.35654748863058,674100,2025-06-05
113.62997436523438,113.62997436523438,114.95433152298725,112.53124449066583,114.37553384865254,595100,2025-06-06
115.30750274658203,115.30750274658203,116.12173992259488,113.0413801690982,113.51225908895915,1409200,2025-06-09
115.86666870117188,115.86666870117188,116.73976381497887,115.09167273232919,116.02362583621779,1003000,2025-06-10
115.18977355957031,115.18977355957031,116.239450143437,114.56193004124735,116.13153883705476,767800,2025-06-11
116.23945617675781,116.23945617675781,116.33755532824658,114.81699976895693,115.25844969289913,594500,2025-06-12
113.91447448730469,113.91447448730469,116.02363241940903,112.89422685591975,115.35654771752216,696900,2025-06-13
113.9537124633789,113.9537124633789,115.24864067389525,113.66921969564237,114.35592121467178,470200,2025-06-16
113.69864654541016,113.69864654541016,114.10085528911114,113.13947318061655,113.84579900656323,635900,2025-06-17
113.4239730834961,113.4239730834961,114.64041903560403,113.02175682998883,113.49264323842591,759100,2025-06-18
113.39453125,113.39453125,114.1597225631566,112.76668772470626,113.4337724058915,1585800,2025-06-20
114.05181121826172,114.05181121826172,115.2682571125597,112.47239024544996,113.77713061159623,857700,2025-06-23
113.3356704711914,113.3356704711914,114.64041080567765,112.8353551014852,114.19896091060366,941200,2025-06-24
110.91258239746094,110.91258239746094,113.01193551757656,110.69675978959177,112.48219864215126,1629900,2025-06-25
112.1584701538086,112.1584701538086,112.24675714248697,110.422084531614,111.27556284459824,954200,2025-06-26
111.59929656982422,111.59929656982422,112.97270710560872,111.18726816994916,112.12904095439046,1151200,2025-06-27
111.5794906616211,111.5794906616211,112.29239657821802,109.71801242290465,111.60919381577762,2825500,2025-06-30
111.85673522949219,111.85673522949219,113.18352653653214,110.08437392733087,111.36166249327542,1693900,2025-07-01
112.2824935913086,112.2824935913086,112.53002994951068,110.43091891244133,111.76761373589056,1025200,2025-07-02
112.88648223876953,112.88648223876953,113.52017470766401,111.89633681184566,112.22307906153087,610700,2025-07-03
112.24288940429688,112.24288940429688,114.39150322904146,111.68841036673965,112.53993606253701,880300,2025-07-07
112.19337463378906,112.19337463378906,113.06470743428525,111.21313278744087,111.49037229515874,947000,2025-07-08
111.8963394165039,111.8963394165039,113.17362795347289,111.78742281267017,112.39141214148985,713600,2025-07-09
112.29239654541016,112.29239654541016,113.37165143523565,111.619097352622,111.73790996921338,866500,2025-07-10
112.63894653320312,112.63894653320312,113.10431609522126,110.80717899364656,111.13392124522065,599400,2025-07-11
112.97559356689453,112.97559356689453,113.93603585554543,112.5102239998814,112.63894774220176,753300,2025-07-14
111.37156677246094,111.37156677246094,113.0746106503559,111.04481695146642,113.0746106503559,587100,2025-07-15
112.97559356689453,112.97559356689453,113.15382004885254,111.38145879888413,111.48047183236963,595900,2025-07-16
113.02510070800781,113.02510070800781,113.84692321601294,112.53002800017967,113.31224378505334,619300,2025-07-17
112.8072738647461,112.8072738647461,113.807322906092,112.42111773521648,113.02510707713931,654900,2025-07-18
112.12406921386719,112.12406921386719,114.41131035187905,112.01515260947565,113.0350087737064,693100,2025-07-21
114.5499267578125,114.5499267578125,114.6885465131236,112.08445920790079,112.29239639507752,525200,2025-07-22
114.06475067138672,114.06475067138672,114.7677605753597,113.4310581996509,114.58953409554587,841700,2025-07-23
112.48052215576172,112.48052215576172,114.09446408179932,112.43101941554733,114.09446408179932,874800,2025-07-24
112.42111206054688,112.42111206054688,113.5894839600534,111.49037294701506,112.63894526194454,804700,2025-07-25
111.1240234375,111.1240234375,112.44091110048065,111.06460957563658,112.37160122348168,712700,2025-07-28
113.58948516845703,113.58948516845703,113.70829778560332,111.09431444944302,111.77751721487473,962300,2025-07-29
111.01510620117188,111.01510620117188,113.26273296029629,110.16358054337249,113.14391279146034,1162400,2025-07-30
108.1238784790039,108.1238784790039,111.15372864693006,107.56939945275789,110.2229895206941,1855900,2025-07-31
105.89604949951172,105.89604949951172,109.48037863442453,105.4207839289327,109.3318553107898,2037600,2025-08-01
104.7276840209961,104.7276840209961,106.64856866817239,104.58906425823187,106.09408961711551,847800,2025-08-04
106.60895538330078,106.60895538330078,106.90600203049695,104.49994836168013,105.18315111770528,1549800,2025-08-05
105.42078399658203,105.42078399658203,107.26245508073015,105.13364091849334,106.79708552500745,1020700,2025-08-06
105.91586303710938,105.91586303710938,106.38123262064857,105.10394404695923,105.80694643014444,753600,2025-08-07
104.48014068603516,104.48014068603516,106.19309557487149,104.24250790202542,106.09408254438495,646300,2025-08-08
103.0246353149414,103.0246353149414,104.60886649673957,102.98502859112018,104.46034317096252,782700,2025-08-11
103.8167495727539,103.8167495727539,103.88605945252017,102.36123454345187,102.9949270310893,786900,2025-08-12
105.94556427001953,105.94556427001953,106.1039911697153,103.31177371915507,104.05438281450569,1113400,2025-08-13
104.9752197265625,104.9752197265625,105.42078972195131,104.25241776161,104.91581341552818,892700,2025-08-14
105.767333984375,105.767333984375,106.18319324981756,104.77718855948693,105.30196442600399,789500,2025-08-15
104.7276840209961,104.7276840209961,106.26241253558486,104.71778800523472,106.03467575149477,1086800,2025-08-18
107.21294403076172,107.21294403076172,107.25255075375729,105.39108009822543,105.42078325191962,988500,2025-08-19
107.3614730834961,107.3614730834961,108.37141813405054,106.93571023133255,107.88624897132804,877500,2025-08-20
106.95550537109375,106.95550537109375,107.72782514731026,106.40102635102967,106.87629947837752,577700,2025-08-21
108.36151885986328,108.36151885986328,108.91599788630083,107.47038645722424,107.84663900313399,864800,2025-08-22
107.79713439941406,107.79713439941406,108.57935018630063,107.29215812095107,108.31200669302785,581600,2025-08-25
108.1238784790039,108.1238784790039,108.90609427914964,107.78723265712887,108.42092513118438,1549900,2025-08-26
109.47047424316406,109.47047424316406,109.78732047257456,108.14368301819819,108.43082609394678,705300,2025-08-27
109.6487045288086,109.6487045288086,109.74771756252495,108.54964247987338,109.61900137411472,604200,2025-08-28
110.8764877319336,110.8764877319336,111.09431337934032,108.96550676439998,109.6189988150403,714400,2025-08-29
107.50999450683594,107.50999450683594,110.33190752148111,107.3020648693579,109.96555098637585,890500,2025-09-02
108.33181762695312,108.33181762695312,108.44072667689778,106.88619861802549,106.88619861802549,774700,2025-09-03
109.25264739990234,109.25264739990234,109.39127471540607,108.09417901443241,108.82689210036607,644200,2025-09-04
110.2625961303711,110.2625961303711,111.16362454708744,109.66851038083578,109.90614316980788,995300,2025-09-05
109.8269271850586,109.8269271850586,109.90614063095617,108.91599521986647,108.91599521986647,651200,2025-09-08
110.5299301147461,110.5299301147461,110.69826057673605,108.77737605154626,108.77737605154626,1062100,2025-09-09
107.77732849121094,107.77732849121094,111.15372803185744,107.58920599646711,110.32200194288063,1091600,2025-09-10
109.66851043701172,109.66851043701172,109.896239656582,107.77732903115425,107.77732903115425,607400,2025-09-11
108.43083190917969,108.43083190917969,109.69821689479258,108.16348840346454,109.62890701446095,514800,2025-09-12
107.30206298828125,107.30206298828125,108.82688785726593,107.07432621548706,108.74767440984098,756900,2025-09-15
106.06438446044922,106.06438446044922,107.87634491217231,105.84655125044057,107.47038920151012,935700,2025-09-16
105.42078399658203,105.42078399658203,107.5099914355435,105.13364091849334,105.41088042721069,1182100,2025-09-17
106.26240539550781,106.26240539550781,106.6881682251641,105.19304653671387,105.26235641343884,913600,2025-09-18
106.88619995117188,106.88619995117188,107.75753279527933,105.85645531502551,106.242611442133,1770800,2025-09-19
107.11393737792969,107.11393737792969,107.311963450488,105.88615910880519,106.79709112931012,687200,2025-09-22
106.97531127929688,106.97531127929688,107.5297902929823,106.30201209658888,107.20304049382767,762400,2025-09-23
106.14358520507812,106.14358520507812,107.50008713980515,105.96535872864837,107.06442074093019,676900,2025-09-24
105.00492858886719,105.00492858886719,106.77728230669966,104.84650168994902,106.42083689255443,785500,2025-09-25
105.94556427001953,105.94556427001953,106.57925676038188,105.10394213946425,105.66832474976229,790900,2025-09-26
105.5,105.5,105.71782565197847,104.91581026029303,105.64851577311936,762000,2025-09-29
106.77999877929688,106.77999877929688,106.81999969482422,105.0199966430664,105.69000244140625,969400,2025-09-30
105.58999633789062,105.58999633789062,107.11000061035156,105.08999633789062,106.62000274658203,980400,2025-10-01
104.41999816894531,104.41999816894531,105.5,104.13999938964844,105.19999694824219,675000,2025-10-02
104.19999694824219,104.19999694824219,105.30000305175781,104.13999938964844,104.77999877929688,769100,2025-10-03
102.95999908447266,102.95999908447266,104.97000122070312,102.77999877929688,104.69000244140625,807700,2025-10-06
103.37000274658203,103.37000274658203,104.12999725341797,102.36000061035156,103.0,778300,2025-10-07
103.05999755859375,103.05999755859375,103.55000305175781,102.54000091552734,102.80999755859375,597600,2025-10-08
101.94000244140625,101.94000244140625,103.7300033569336,101.63999938964844,103.37999725341797,842600,2025-10-09
101.66999816894531,101.66999816894531,102.51000213623047,100.5999984741211,101.98999786376953,836100,2025-10-10
101.80999755859375,101.80999755859375,102.27999877929688,101.4000015258789,101.55999755859375,1112500,2025-10-13
102.12999725341797,102.12999725341797,102.43000030517578,100.62000274658203,101.69000244140625,1478300,2025-10-14
101.69999694824219,101.69999694824219,103.47000122070312,101.2300033569336,102.05999755859375,927000,2025-10-15
101.8499984741211,101.8499984741211,102.69000244140625,101.4000015258789,102.08999633789062,871700,2025-10-16
102.4000015258789,102.4000015258789,103.01000213623047,101.69999694824219,101.97000122070312,898000,2025-10-17
103.08999633789062,103.08999633789062,103.43000030517578,102.51000213623047,102.54000091552734,541400,2025-10-20
103.41999816894531,103.41999816894531,104.30000305175781,102.80999755859375,103.43000030517578,546500,2025-10-21
104.4000015258789,104.4000015258789,104.95999908447266,102.91000366210938,103.76000213623047,705800,2025-10-22
104.9800033569336,104.9800033569336,105.16000366210938,103.30000305175781,104.44999694824219,1249400,2025-10-23
105.05999755859375,105.05999755859375,105.95999908447266,104.98999786376953,105.5,1804300,2025-10-24
