Price,Close,High,Low,Open,Volume,Date
507.385498046875,507.385498046875,510.4134437323639,494.2061627575443,497.50584639898176,227700,2021-10-25
507.8804931640625,507.8804931640625,513.8587285740143,504.9107747367359,508.24928675992436,182000,2021-10-26
509.51080322265625,509.51080322265625,516.7021582107104,505.1338533212741,506.1140645345052,301000,2021-10-27
533.4918823242188,533.4918823242188,535.2290504837146,505.7259204713475,513.3249279278631,432100,2021-10-28
509.95733642578125,509.95733642578125,511.5974786012738,485.3066907939444,497.24379114541205,626700,2021-10-29
513.6647338867188,513.6647338867188,519.2062344216263,503.3580001816844,511.74310934792817,394500,2021-11-01
520.1669921875,520.1669921875,520.7686956223863,505.7066216196828,513.6549948634536,318300,2021-11-02
523.1561889648438,523.1561889648438,525.2815800831956,515.1205034007711,523.0979615054825,266200,2021-11-03
519.2838745117188,519.2838745117188,531.3762893320126,513.8976276184609,526.5431736425162,700900,2021-11-04
530.1631469726562,530.1631469726562,533.1522351818523,519.2159120212481,524.0683971803252,373900,2021-11-05
532.1719360351562,532.1719360351562,540.2561915640658,528.3288063323033,534.607892661237,244900,2021-11-08
537.1409301757812,537.1409301757812,538.2958239407968,524.097507748924,533.6956777751759,297000,2021-11-09
521.7391357421875,521.7391357421875,536.0831090714107,517.274873473525,531.2111954356473,209800,2021-11-10
538.2280883789062,538.2280883789062,539.4023521248597,524.3887883108271,527.6884433737983,193300,2021-11-11
545.1961059570312,545.1961059570312,546.6712210832853,530.541566057415,539.5963194423318,248300,2021-11-12
546.3510131835938,546.3510131835938,548.3308057418753,539.7322165265064,548.3308057418753,197500,2021-11-15
558.9771118164062,558.9771118164062,559.6856148844768,543.7209278685795,544.7593667354253,222600,2021-11-16
546.9235229492188,546.9235229492188,559.1906181340257,544.604021113112,559.1906181340257,244000,2021-11-17
544.4003295898438,544.4003295898438,552.2807608615581,540.5862833086728,551.6790574320261,223400,2021-11-18
553.7559814453125,553.7559814453125,556.0171971011458,543.3134228871796,543.9539249274826,267900,2021-11-19
541.4013671875,541.4013671875,562.888182006565,540.8481768660174,555.4250587412733,239500,2021-11-22
529.7360229492188,529.7360229492188,547.3893628961966,523.3307082435181,547.3893628961966,303700,2021-11-23
536.2772216796875,536.2772216796875,536.6071574716899,515.6832455810005,522.4670097898487,269800,2021-11-24
519.2352905273438,519.2352905273438,539.9262923458078,515.0912496486332,529.4643069255983,195100,2021-11-26
547.6709594726562,547.6709594726562,549.5925248770075,526.3103076972588,528.7365505752559,294000,2021-11-29
537.1312866210938,537.1312866210938,545.8948436586502,526.9119248608189,545.8075321006372,397400,2021-11-30
538.8198852539062,538.8198852539062,556.6769924918675,537.6552771388496,546.7293993679086,303200,2021-12-01
538.1017456054688,538.1017456054688,545.4580696378645,530.8521027839785,536.461603435141,264800,2021-12-02
528.552001953125,528.552001953125,548.175479516641,518.517097462927,542.6824340471054,200900,2021-12-03
495.1670227050781,495.1670227050781,528.8917667106742,482.7543567248945,528.8917667106742,591000,2021-12-06
522.8843383789062,522.8843383789062,525.6987437953085,507.4534142653949,507.89986415539175,392500,2021-12-07
523.1076049804688,523.1076049804688,528.1444868523794,512.6844765278813,519.8952622335872,227000,2021-12-08
500.3785705566406,500.3785705566406,532.3078860775511,498.12701042532154,520.9919172052034,452000,2021-12-09
488.5578918457031,488.5578918457031,515.0330484699492,484.03537233160637,507.589353164296,505400,2021-12-10
465.8482666015625,465.8482666015625,497.96197861941016,465.5862134609565,493.2162637702922,695500,2021-12-13
463.8199462890625,463.8199462890625,468.09012723022573,454.3963989520895,463.9558004701646,514700,2021-12-14
475.9316711425781,475.9316711425781,476.79542759495206,452.47477778799464,466.22670219751245,525300,2021-12-15
461.4712829589844,461.4712829589844,480.6968244706113,456.76436699905116,477.05746104033545,432900,2021-12-16
468.7403259277344,468.7403259277344,475.883199086783,456.91967984380074,464.16929345416526,736000,2021-12-17
463.3929443359375,463.3929443359375,469.5458921086105,457.72524509060986,460.3552838160003,398500,2021-12-20
471.1278381347656,471.1278381347656,473.55408093159264,460.656165930838,470.3999652957175,260300,2021-12-21
478.2608947753906,478.2608947753906,479.697240952607,469.2837978065269,470.3610648437434,208000,2021-12-22
480.9783020019531,480.9783020019531,481.2014973489884,477.1059989700881,477.4845070028789,236000,2021-12-23
496.0113220214844,496.0113220214844,498.33079451527624,484.62738123151706,485.209685371215,194500,2021-12-27
483.3851318359375,483.3851318359375,498.4958068233886,482.8707696115759,498.4958068233886,157800,2021-12-28
483.6180419921875,483.6180419921875,488.286129901732,481.58970694273023,484.1032904619299,147600,2021-12-29
477.5743408203125,477.5743408203125,486.71773104625066,476.56379881565624,486.30961785014506,175100,2021-12-30
479.3524169921875,479.3524169921875,483.9192632668021,476.70948184765064,477.9143689632692,166300,2021-12-31
480.8294677734375,480.8294677734375,482.9185460965899,472.23020805421066,477.85616883570066,300800,2022-01-03
477.3313903808594,477.3313903808594,489.8853404535308,461.7264214970797,485.1047260002932,328400,2022-01-04
447.48175048828125,447.48175048828125,474.9896376995758,447.3651552062553,473.6293099877388,473700,2022-01-05
452.4178466796875,452.4178466796875,455.3911749083675,436.6768594526657,447.3846188582867,387700,2022-01-06
432.0905456542969,432.0905456542969,456.49881284588724,431.6047122160792,451.2906926215949,411200,2022-01-07
436.5990905761719,436.5990905761719,437.53191218327703,414.10500697593693,425.59011725697,441300,2022-01-10
439.68902587890625,439.68902587890625,441.82667540071037,425.5707061259361,439.6210020749553,448100,2022-01-11
436.1910095214844,436.1910095214844,450.5911206865998,432.36263940628487,444.9845834658588,359600,2022-01-12
421.3245544433594,421.3245544433594,442.827551980468,420.75127441618605,440.38868773824345,309600,2022-01-13
425.7650146484375,425.7650146484375,427.533455604229,415.11555323893214,415.9220237556272,462500,2022-01-14
404.5535888671875,404.5535888671875,418.69133281657946,404.11632682630915,416.5439569034988,363700,2022-01-18
402.2409362792969,402.2409362792969,415.8248498279926,399.5494297182968,408.4013006908254,547200,2022-01-19
392.70892333984375,392.70892333984375,413.00703077819077,392.6020245543899,407.2839277854158,454800,2022-01-20
386.16961669921875,386.16961669921875,407.6337376158538,385.0716282219879,388.1420995639945,610500,2022-01-21
390.6295471191406,390.6295471191406,391.0279341377561,362.3346095150513,380.19385328309306,752600,2022-01-24
364.248779296875,364.248779296875,384.04163002476366,361.91678458270457,378.72661070247653,583900,2022-01-25
367.49420166015625,367.49420166015625,383.565583625194,360.10952584850327,374.91775245821316,742000,2022-01-26
350.88836669921875,350.88836669921875,376.4237731381021,349.4794674035958,373.31445666805934,495000,2022-01-27
360.3815612792969,360.3815612792969,360.5370018932578,341.2591335936706,352.5693508727581,623100,2022-01-28
391.5137939453125,391.5137939453125,392.72837774728185,365.162188522253,365.162188522253,538000,2022-01-31
394.8271179199219,394.8271179199219,397.7615412333148,380.2812634864513,395.0408858204286,385800,2022-02-01
402.7559814453125,402.7559814453125,404.88393460009223,397.14947339192264,399.3551468613352,498600,2022-02-02
382.0205993652344,382.0205993652344,398.70410506604804,380.5922476962705,387.4424881507958,502500,2022-02-03
388.7833557128906,388.7833557128906,392.70889829604357,375.96706691550315,379.59139513155714,289700,2022-02-04
385.7031555175781,385.7031555175781,398.85950289176935,381.58326804258945,389.76471570276414,317200,2022-02-07
394.1081848144531,394.1081848144531,395.3519175261944,381.8554471668109,385.8490143989875,420900,2022-02-08
410.8304748535156,410.8304748535156,412.56976688716765,396.30404300576976,399.3065197865285,363800,2022-02-09
395.750244140625,395.750244140625,414.34793432137946,393.36964822926427,399.4328405661238,534900,2022-02-10
412.2685852050781,412.2685852050781,453.9433659469997,408.60538176629296,428.19419135436283,1541200,2022-02-11
421.0426940917969,421.0426940917969,426.7269511965807,399.22876105784474,408.7705368122622,747200,2022-02-14
465.6907958984375,465.6907958984375,468.7807192523673,429.15614328559144,429.15614328559144,978300,2022-02-15
473.75567626953125,473.75567626953125,475.4366411660466,449.90123413316655,458.41304636176756,507300,2022-02-16
448.7934875488281,448.7934875488281,476.8940761278781,447.50115403808877,462.5814424649992,457000,2022-02-17
444.3918151855469,444.3918151855469,453.5254771395084,435.8508557438842,450.14406601358405,525900,2022-02-18
437.3569030761719,437.3569030761719,451.5043981225724,431.8281465940153,438.8338555021074,284900,2022-02-22
419.18682861328125,419.18682861328125,446.50037144228867,416.99085188987317,442.2639179136095,438500,2022-02-23
442.2445068359375,442.2445068359375,442.7206141492507,400.74459033477194,403.86366257307304,549700,2022-02-24
448.365966796875,448.365966796875,449.6291218777841,432.3431894590012,440.40801268955596,351300,2022-02-25
445.7035827636719,445.7035827636719,447.49144615640216,433.8298130220099,444.48899923712264,394300,2022-02-28
424.2298278808594,424.2298278808594,447.58871140054623,419.92535008862916,442.2833881085065,553500,2022-03-01
440.6023864746094,440.6023864746094,446.21862021023844,428.74803792740255,428.74803792740255,375800,2022-03-02
417.8167724609375,417.8167724609375,442.7206001779021,417.60300455402665,442.7206001779021,511500,2022-03-03
402.05633544921875,402.05633544921875,415.7568448999301,395.80852429397527,413.80378490919003,453500,2022-03-04
370.69097900390625,370.69097900390625,407.7406483077948,370.613258687313,404.70905186093336,696700,2022-03-07
383.2643127441406,383.2643127441406,395.34212577225935,363.0050509793248,374.2278220029903,492600,2022-03-08
406.3122253417969,406.3122253417969,410.8401965525073,392.3105020687453,396.6149792224211,433800,2022-03-09
397.47003173828125,397.47003173828125,400.1518416822707,388.28776831904327,394.68135267622307,260400,2022-03-10
384.5274658203125,384.5274658203125,411.5106757552194,383.9250370612379,407.1187222031396,235300,2022-03-11
374.10150146484375,374.10150146484375,394.1664180279673,372.40108430436004,386.89833857553356,546000,2022-03-14
409.8685607910156,409.8685607910156,411.6466982658104,373.2172821770975,374.3735682221595,805000,2022-03-15
428.19415283203125,428.19415283203125,431.4881177830197,406.35110038472186,416.5438764496184,544800,2022-03-16
438.4549865722656,438.4549865722656,440.79670748835827,420.382004960993,422.7625712051185,434200,2022-03-17
456.56689453125,456.56689453125,458.8211690870964,430.73027256940304,437.4347689362747,1154600,2022-03-18
451.2712707519531,451.2712707519531,457.480236744675,440.07767825527424,448.73523426676036,589200,2022-03-21
456.8291931152344,456.8291931152344,467.44950535527227,448.6380481571587,453.1271445497576,496400,2022-03-22
450.5814208984375,450.5814208984375,469.98561200876526,446.33524086730176,451.5530878951431,424800,2022-03-23
480.60589599609375,480.60589599609375,481.75245586591524,451.2907210903823,453.7878825841308,499400,2022-03-24
477.59368896484375,477.59368896484375,482.442326807058,466.5264187420719,479.58562383883384,347600,2022-03-25
485.2699279785156,485.2699279785156,485.308773306953,467.38153562139047,473.11436477569293,269900,2022-03-28
497.69757080078125,497.69757080078125,500.1170121193899,482.8116253822418,490.91532452867744,395200,2022-03-29
475.25799560546875,475.25799560546875,498.22296640235805,472.95177295381984,496.58817942098705,482300,2022-03-30
472.6112060546875,472.6112060546875,485.57279562207714,471.8327445134142,482.47837090537007,463700,2022-03-31
451.1253662109375,451.1253662109375,476.678736786868,443.6714794297656,472.19279782532635,635400,2022-04-01
461.76123046875,461.76123046875,466.50018257604387,451.5243158712175,454.76469835706524,383300,2022-04-04
427.55706787109375,427.55706787109375,458.89060513644426,426.3601542998812,456.01026180403835,693600,2022-04-05
419.64581298828125,419.64581298828125,427.3137806529757,410.13871737662004,421.30979154913757,716700,2022-04-06
424.5696716308594,424.5696716308594,428.9583250560797,410.4987728244595,418.2543154893214,437200,2022-04-07
400.51483154296875,400.51483154296875,418.7797530783858,399.59041219433163,418.5170289954601,494600,2022-04-08
385.451416015625,385.451416015625,396.06785214652274,382.2791566336102,396.0386605775487,552500,2022-04-11
390.2487487792969,390.2487487792969,399.6390788301428,386.94024255625345,395.9802441124871,414400,2022-04-12
409.3213806152344,409.3213806152344,411.5692204711066,389.53840616355006,392.0976425466064,492700,2022-04-13
398.3643798828125,398.3643798828125,410.37233076040155,398.34489903847026,407.9785329226206,390400,2022-04-14
414.45928955078125,414.45928955078125,417.8943025580551,396.7490061845793,396.7490061845793,441500,2022-04-18
425.6789855957031,425.6789855957031,426.7299115888688,408.64988046357377,412.0751526337314,366500,2022-04-19
420.5605773925781,420.5605773925781,435.26398128426825,417.3299052591793,431.02131498815254,246400,2022-04-20
404.37799072265625,404.37799072265625,432.05272147385597,401.4295240139678,425.41622885020655,322800,2022-04-21
393.3334045410156,393.3334045410156,407.9200699405557,392.3603127994555,403.9303878608787,281800,2022-04-22
408.86395263671875,408.86395263671875,409.96352131269083,387.43645439800144,389.23667998219946,405000,2022-04-25
383.7582092285156,383.7582092285156,401.8869142523909,383.2230206159425,399.57095101205397,434900,2022-04-26
381.8217468261719,381.8217468261719,394.3551733573068,379.116552940457,380.92648934691783,379000,2022-04-27
401.39056396484375,401.39056396484375,406.7231168810635,379.8755219041248,390.19029930151913,586400,2022-04-28
381.68548583984375,381.68548583984375,403.7552285660857,379.6030850061385,392.6814400674661,594900,2022-04-29
399.814208984375,399.814208984375,404.44613529152343,379.8853086303997,382.2596252177942,652100,2022-05-02
445.1700134277344,445.1700134277344,449.71433515741904,415.24744285817144,433.02581799855307,1231100,2022-05-03
466.2958068847656,466.2958068847656,469.31239704737715,424.3166173419423,440.9662315134893,659700,2022-05-04
439.8180236816406,439.8180236816406,460.24321018896825,431.6051268644851,458.66680629167985,593100,2022-05-05
432.96746826171875,432.96746826171875,442.5621391641756,414.6246818757456,434.4854890953878,367800,2022-05-06
395.79534912109375,395.79534912109375,425.5525129869565,392.30195312361604,423.29493288443564,600000,2022-05-09
401.6825866699219,401.6825866699219,411.3648326051525,387.825738753373,408.56232337042564,673600,2022-05-10
376.3042907714844,376.3042907714844,411.2090860206597,375.33119905136726,397.0895453553146,593900,2022-05-11
377.9682922363281,377.9682922363281,384.9550835347103,365.99924647504963,372.2367678530433,666100,2022-05-12
420.0545959472656,420.0545959472656,422.93493967278215,387.29057842003544,389.97632158228134,494300,2022-05-13
405.7793273925781,405.7793273925781,420.7746773233405,404.8354270498757,414.0019659293364,355600,2022-05-16
431.177001953125,431.177001953125,431.4202749140897,416.7460332787111,416.75577369999974,524100,2022-05-17
400.2910461425781,400.2910461425781,435.43914844445936,396.26246135609466,422.37050242825904,605900,2022-05-18
405.47760009765625,405.47760009765625,418.4683807845621,392.82740745951935,399.24007847174494,411800,2022-05-19
406.869140625,406.869140625,418.3419013172728,384.89674074154823,417.11579614051544,567900,2022-05-20
407.482177734375,407.482177734375,408.69854244402984,399.8336906943392,403.34653772154854,297500,2022-05-23
377.98773193359375,377.98773193359375,399.70714520770747,376.9367762964973,399.70714520770747,588300,2022-05-24
390.8033447265625,390.8033447265625,397.2063047645651,374.18295149982765,374.18295149982765,370600,2022-05-25
410.3236083984375,410.3236083984375,413.7975233521992,386.5898865288534,390.5114450658723,404800,2022-05-26
443.5838928222656,443.5838928222656,446.3961126178053,417.8261522776197,417.8261522776197,545300,2022-05-27
438.27081298828125,438.27081298828125,445.6760270436186,428.277141585775,443.3016807683726,685700,2022-05-31
436.1883850097656,436.1883850097656,444.70293797983913,429.70759027126115,443.2627514724812,462800,2022-06-01
459.5912170410156,459.5912170410156,460.31132512235405,428.9874996280282,431.40074813814755,353500,2022-06-02
445.15057373046875,445.15057373046875,447.96282333233967,437.2004302255557,444.1093880568553,485700,2022-06-03
453.5580749511719,453.5580749511719,462.2185856697024,443.9536640382597,457.82022160835083,234400,2022-06-06
460.70062255859375,460.70062255859375,463.357174084674,446.006929214865,446.31832574395133,262600,2022-06-07
445.5787048339844,445.5787048339844,460.8757082785684,439.1368422228428,453.2466725487051,313800,2022-06-08
432.1304931640625,432.1304931640625,449.86996325077916,432.01372692659305,440.50882705927097,242900,2022-06-09
412.22119140625,412.22119140625,427.26518406523627,411.1994567762313,424.95896098300483,381100,2022-06-10
379.1554870605469,379.1554870605469,401.0986943375686,377.8807095361386,396.875479668976,651000,2022-06-13
396.2041015625,396.2041015625,400.17430344802966,383.98206967436903,385.70443164664005,577900,2022-06-14
404.9911193847656,404.9911193847656,414.4885058116373,392.2436095822999,400.87492996571757,386100,2022-06-15
376.7032470703125,376.7032470703125,392.17539887014567,370.9522716678663,392.17539887014567,550600,2022-06-16
387.83544921875,387.83544921875,390.20979548720237,371.312340454796,378.3769961303063,847400,2022-06-17
401.731201171875,401.731201171875,405.84739003337523,394.91955880885763,396.19430664679567,385600,2022-06-21
389.684326171875,389.684326171875,402.0231525200304,388.6917832462978,391.64999057452604,427000,2022-06-22
388.8961486816406,388.8961486816406,399.56122695402405,382.75594153487594,393.5475264981332,289000,2022-06-23
408.1243591308594,408.1243591308594,409.4574898962977,395.7952752625133,398.24748514594097,682900,2022-06-24
405.64300537109375,405.64300537109375,416.8724922795634,401.09868361013173,416.8724922795634,418300,2022-06-27
386.44390869140625,386.44390869140625,417.05736503018414,385.1886120927722,407.3264481027301,494300,2022-06-28
382.57342529296875,382.57342529296875,384.30880467590436,374.0330035138116,379.3951344979216,388400,2022-06-29
374.41326904296875,374.41326904296875,384.9522921504692,366.5747995724488,376.22663010003447,545800,2022-06-30
355.80181884765625,355.80181884765625,372.96061626015916,347.4173888945591,370.1138284928298,772900,2022-07-01
359.5162658691406,359.5162658691406,360.0914727100606,339.29613728326234,346.77388572040394,679200,2022-07-05
359.8477783203125,359.8477783203125,365.20990985115475,355.64581944635097,362.86031773732896,382300,2022-07-06
376.996826171875,376.996826171875,380.526078703156,368.92438250693976,368.92438250693976,333400,2022-07-07
385.5665588378906,385.5665588378906,385.6640283472638,368.7197158092381,370.6988288415923,352400,2022-07-08
379.8826904296875,379.8826904296875,385.3325630887235,376.95789102216634,380.84789446593624,349700,2022-07-11
375.70989990234375,375.70989990234375,385.04977406871063,370.7084891920109,383.32412373438996,290000,2022-07-12
377.7378234863281,377.7378234863281,380.96484951326283,362.67509590844713,365.43414335875906,388000,2022-07-13
386.0539855957031,386.0539855957031,387.99409277273816,370.00656676335154,377.3380820703119,300200,2022-07-14
399.96630859375,399.96630859375,402.1793960437115,388.2378644642127,393.68773698174755,403800,2022-07-15
398.78662109375,398.78662109375,414.0345584475854,396.1250431697239,407.31728523827485,378000,2022-07-18
415.5554504394531,415.5554504394531,417.4663406242772,404.031764491153,404.09025809348486,435500,2022-07-19
431.0081481933594,431.0081481933594,434.08894019944904,413.5373646114122,414.9315117312839,444700,2022-07-20
444.59869384765625,444.59869384765625,446.499825094622,427.4398671338882,434.2741569700806,463000,2022-07-21
425.499755859375,425.499755859375,442.85355115274956,420.95656456288623,436.4775108301532,450600,2022-07-22
419.4942321777344,419.4942321777344,421.07361911122933,403.8855430152298,421.07361911122933,460700,2022-07-25
411.52899169921875,411.52899169921875,418.18780135502647,409.0916589780059,416.68639606803225,357100,2022-07-26
439.70452880859375,439.70452880859375,444.95940205137816,420.9565570637503,422.2532048241486,515000,2022-07-27
448.576416015625,448.576416015625,450.2143260955909,429.39950023931425,441.25468929224917,363600,2022-07-28
453.0708923339844,453.0708923339844,457.88706402528425,444.21851325008254,444.21851325008254,465900,2022-07-29
450.7115478515625,450.7115478515625,453.83134558692575,436.1655630604773,449.8243849372111,801600,2022-08-01
493.0430908203125,493.0430908203125,499.1656685333127,469.50819521407954,481.9581079806809,1288500,2022-08-02
512.9317626953125,512.9317626953125,515.8273447467765,486.71582890245503,498.24927359471104,720600,2022-08-03
517.6504516601562,517.6504516601562,524.5041997678107,508.32033562737524,509.2855097850442,591800,2022-08-04
518.9861450195312,518.9861450195312,522.5056391698455,508.9833220616334,511.63511148635536,428400,2022-08-05
522.09619140625,522.09619140625,523.1003415539576,508.83706557735235,517.3287542783071,587500,2022-08-08
498.2492980957031,498.2492980957031,510.5919247213567,490.08911296650996,509.3245236168408,860200,2022-08-09
518.67431640625,518.67431640625,520.7411704090088,499.6631155185493,514.0725999153378,559700,2022-08-10
504.9859924316406,504.9859924316406,527.818965004282,504.29382811924916,521.7646099523333,419400,2022-08-11
514.5209350585938,514.5209350585938,517.6699498781148,505.5710564884867,508.3593508273589,444000,2022-08-12
523.4220581054688,523.4220581054688,525.2062022397679,510.2019683918026,514.2771813804122,331800,2022-08-15
518.0891723632812,518.0891723632812,524.5042488211825,509.2270638093355,520.7702383876322,350500,2022-08-16
507.45257568359375,507.45257568359375,514.2771060001838,498.11273157002904,511.01110457931713,424200,2022-08-17
514.023681640625,514.023681640625,521.3649559250753,507.9986026508749,511.8300823213145,361300,2022-08-18
498.8244934082031,498.8244934082031,507.72566674491236,497.3133590686355,505.83429423130116,309700,2022-08-19
479.31610107421875,479.31610107421875,492.20468748895235,478.06815820228303,487.4665271265284,439800,2022-08-22
485.0389709472656,485.0389709472656,489.7576435308081,479.54033404045373,483.07934591625974,246100,2022-08-23
484.6488952636719,484.6488952636719,487.9929378304587,480.0277226895064,487.9929378304587,262100,2022-08-24
501.5347595214844,501.5347595214844,501.7395168666044,485.5166179999789,485.5166179999789,552600,2022-08-25
464.6725769042969,464.6725769042969,500.14064536527485,463.775655176401,496.66012730076505,709200,2022-08-26
450.1850891113281,450.1850891113281,464.8870662320381,448.7909122551285,460.0611655458852,523300,2022-08-29
451.5596923828125,451.5596923828125,458.28672356145313,442.2490651713348,456.24911733467104,547900,2022-08-30
441.8201599121094,441.8201599121094,456.45391476031887,435.60008218775823,451.988704654535,545000,2022-08-31
414.80474853515625,414.80474853515625,430.69614468104163,393.2977287365219,428.97052396602135,1403100,2022-09-01
413.7810974121094,413.7810974121094,425.1585494232578,408.74068046172556,421.35631648576083,705600,2022-09-02
408.38970947265625,408.38970947265625,416.20866162890707,405.47463949364953,414.07355592212406,408800,2022-09-06
416.48162841796875,416.48162841796875,420.673828394462,405.1333940775474,412.15292354096204,386900,2022-09-07
427.78118896484375,427.78118896484375,427.78118896484375,407.17111655644834,410.40787217345814,433700,2022-09-08
435.9900817871094,435.9900817871094,442.91208279762435,433.3382626406323,433.3382626406323,473700,2022-09-09
435.7171325683594,435.7171325683594,440.51378696174163,428.346610648292,437.7449804109685,322700,2022-09-12
411.743408203125,411.743408203125,422.9454077180808,410.35902011417295,416.19885880103107,616200,2022-09-13
418.9384460449219,418.9384460449219,420.9858112707399,408.3994228222792,420.0303662313332,502100,2022-09-14
408.3799133300781,408.3799133300781,420.586062987967,406.0108334342595,415.9648903883319,504400,2022-09-15
407.4829406738281,407.4829406738281,408.8771173126811,396.88542496415096,406.3617738055233,804400,2022-09-16
407.1905517578125,407.1905517578125,411.72398460696735,399.7225608314787,400.1027990120524,514900,2022-09-19
400.5414733886719,400.5414733886719,405.87435813190007,398.7768470246097,402.9105534572069,360900,2022-09-20
393.73638916015625,393.73638916015625,411.56792034271956,393.52193248331054,402.30605773514935,541400,2022-09-21
372.14166259765625,372.14166259765625,393.0539870957276,370.86450276331294,391.1821026672295,872800,2022-09-22
361.9342041015625,361.9342041015625,369.12921612556363,351.5121654547253,367.1208560446627,1465500,2022-09-23
358.1416931152344,358.1416931152344,369.3046596601257,355.0999064942593,361.47594777568855,887700,2022-09-26
363.31854248046875,363.31854248046875,371.6639667440409,355.15835787073945,371.6639667440409,831500,2022-09-27
369.8213195800781,369.8213195800781,372.3074165667189,357.3811948064778,359.3797955434494,527900,2022-09-28
356.9462585449219,356.9462585449219,364.34112947177533,351.93493922411244,364.34112947177533,882500,2022-09-29
354.99249267578125,354.99249267578125,368.0629422221198,351.7786006727475,353.800716996973,1288000,2022-09-30
368.2779235839844,368.2779235839844,371.82394655703985,354.2892165201363,358.0696774380089,1026300,2022-10-03
384.8943786621094,384.8943786621094,388.3915403412518,379.824449687137,379.9904999522729,640400,2022-10-04
390.5894470214844,390.5894470214844,394.85833955835415,372.14624290363304,376.7863486718018,680300,2022-10-05
386.20330810546875,386.20330810546875,401.2860953268411,384.00536342399124,388.28403384044594,530900,2022-10-06
354.2110290527344,354.2110290527344,375.0084799857204,349.4341479397994,375.0084799857204,1384700,2022-10-07
336.37353515625,336.37353515625,353.5956619214324,331.3622152510619,351.79823472902603,1190000,2022-10-10
320.42132568359375,320.42132568359375,332.0850898890655,315.88866021431136,329.7503694864694,1588500,2022-10-11
315.5077209472656,315.5077209472656,322.02339075702884,313.1436956352516,320.2357417597537,756300,2022-10-12
324.2799072265625,324.2799072265625,335.3477978921372,294.7102317181484,301.5971140121,1406500,2022-10-13
302.0465087890625,302.0465087890625,330.41463179093734,301.46038413943705,330.41463179093734,901900,2022-10-14
308.85528564453125,308.85528564453125,314.55039299693186,306.65734035185085,310.60385176862087,763800,2022-10-17
308.29840087890625,308.29840087890625,326.5950514344667,303.7266827858619,321.720507771896,638300,2022-10-18
307.5462341308594,307.5462341308594,315.2732358206576,300.7472656307578,303.8341609951496,576200,2022-10-19
310.0958557128906,310.0958557128906,318.21359696820014,306.17861969939213,307.624389828362,536200,2022-10-20
325.12982177734375,325.12982177734375,326.350902490074,306.52056363995024,307.8881680759,797900,2022-10-21
323.3323059082031,323.3323059082031,327.72819526895574,313.71996475007455,324.5143331783979,649600,2022-10-24
334.2439270019531,334.2439270019531,336.74469748342875,325.32515025155357,325.6670587541886,798200,2022-10-25
325.61822509765625,325.61822509765625,339.147804153517,321.39819318661665,325.75500043485505,851400,2022-10-26
321.8572692871094,321.8572692871094,336.1878522739704,316.2500477766317,331.92873811652936,1160300,2022-10-27
338.7765808105469,338.7765808105469,340.64239549555583,312.6064035453988,317.74469030292755,2143900,2022-10-28
331.5966491699219,331.5966491699219,336.65679986146523,325.4130805126896,333.2377742896326,1048600,2022-10-31
340.8084716796875,340.8084716796875,345.62440622941733,335.5236314651148,341.5704247528465,1177300,2022-11-01
326.80023193359375,326.80023193359375,347.2948284183939,326.61462530857574,339.40177700932105,996000,2022-11-02
326.46807861328125,326.46807861328125,333.7652565207766,320.6068924967881,321.3297625781313,780400,2022-11-03
343.60223388671875,343.60223388671875,344.99917247030345,331.41098669566776,336.02178731092044,896500,2022-11-04
344.7940368652344,344.7940368652344,348.0372337018515,337.4578057784377,347.13850537173386,690300,2022-11-07
347.91021728515625,347.91021728515625,355.35391854127107,341.58015564954763,351.58323662243333,587600,2022-11-08
335.88507080078125,335.88507080078125,344.61824141784945,334.42955230178234,340.7498665213109,675500,2022-11-09
377.91949462890625,377.91949462890625,379.85369671425053,355.402783982265,355.5883905879486,900600,2022-11-10
384.2691345214844,384.2691345214844,393.22699395958443,373.17196952820314,377.9292942658156,751600,2022-11-11
378.99407958984375,378.99407958984375,387.04343264518405,377.24548397985814,379.980722166062,619200,2022-11-14
395.65936279296875,395.65936279296875,400.25063711970444,391.19508560039253,396.0598807501124,611200,2022-11-15
366.6953125,366.6953125,390.10097193798754,365.0834924253444,387.45367812753955,734100,2022-11-16
367.34014892578125,367.34014892578125,370.8080061083184,352.8434827707288,355.38330671828516,500800,2022-11-17
368.5806579589844,368.5806579589844,375.41870789778096,363.53028634150246,375.2721842185417,364900,2022-11-18
359.7596130371094,359.7596130371094,367.6233593794337,359.62286752576955,361.4984304428033,413300,2022-11-21
365.3668212890625,365.3668212890625,365.6208155791031,357.64959829845924,363.47170192076663,460700,2022-11-22
366.9981994628906,366.9981994628906,373.60181253806917,362.2310962828116,362.53392187066993,359500,2022-11-23
360.7364807128906,360.7364807128906,363.9210681636831,360.6094835723569,361.85986879897814,213400,2022-11-25
347.2655334472656,347.2655334472656,359.12468216807144,344.9405912887197,353.97658744228056,574400,2022-11-28
346.738037109375,346.738037109375,351.46605731532424,343.6901950833869,350.000760688258,396200,2022-11-29
373.1230773925781,373.1230773925781,374.10971986921794,342.7621482518421,348.4865587052013,781000,2022-11-30
373.2306823730469,373.2306823730469,376.063583883539,361.391087635878,372.19520823342936,669100,2022-12-01
374.3442077636719,374.3442077636719,377.2357479244846,360.38483660193805,362.8465242195135,585800,2022-12-02
366.38275146484375,366.38275146484375,374.7251816055919,363.04189198438144,369.8017767900562,471300,2022-12-05
355.4418640136719,355.4418640136719,366.2362334519356,351.67118176319246,365.542668079577,546500,2022-12-06
359.2613830566406,359.2613830566406,360.4727150947995,350.34263678666196,351.71024088309935,369600,2022-12-07
376.4346923828125,376.4346923828125,379.9123271684022,356.7020201086612,361.7231172992188,622400,2022-12-08
377.1673278808594,377.1673278808594,382.4521675410701,369.34263497269507,371.2084494406889,673600,2022-12-09
383.9370422363281,383.9370422363281,384.1324270553426,373.9241813983639,376.92316248216224,534800,2022-12-12
392.2305908203125,392.2305908203125,406.51237366907867,380.94781870445337,403.32778612315815,736300,2022-12-13
386.242431640625,386.242431640625,397.0856026935817,381.3971627245319,392.22083703306527,596200,2022-12-14
364.6634826660156,364.6634826660156,375.59459810871823,364.38021344339126,374.88150614858625,662800,2022-12-15
358.53851318359375,358.53851318359375,367.02746658049887,352.36472347465667,363.3544471668088,1631300,2022-12-16
350.7041015625,350.7041015625,358.9878926843744,340.40794232832974,358.9878926843744,730200,2022-12-19
349.5904846191406,349.5904846191406,355.0707098215126,344.16889871183673,344.16889871183673,370200,2022-12-20
358.50921630859375,358.50921630859375,360.9904601038446,351.2901744554047,353.12668420252584,454900,2022-12-21
339.55810546875,339.55810546875,351.9056572215296,331.5966657723192,349.07275613962366,982800,2022-12-22
342.4983825683594,342.4983825683594,342.77193319514845,329.40840673276006,335.76780295188104,421300,2022-12-23
334.3611145019531,334.3611145019531,344.80379635039475,330.26805066219936,340.1539126997267,441400,2022-12-27
332.4073791503906,332.4073791503906,340.4079000641952,328.84183045696824,331.81150624348925,343600,2022-12-28
346.00604248046875,346.00604248046875,348.3948291848183,338.702515284763,340.32769573806803,506600,2022-12-29
346.1920471191406,346.1920471191406,346.6521887765713,336.636810175358,338.75150184286576,346200,2022-12-30
335.7556457519531,335.7556457519531,353.4563524167282,332.1626214496142,352.10529711981263,588700,2023-01-03
350.3235168457031,350.3235168457031,353.5249387089608,341.2088221332945,341.36546927780944,591800,2023-01-04
339.7795104980469,339.7795104980469,349.9319679681425,339.0648133928269,344.7921003871385,627100,2023-01-05
359.74176025390625,359.74176025390625,362.8452442495249,338.4480249821981,343.59766202323664,549800,2023-01-06
375.41583251953125,375.41583251953125,383.28717912313016,364.6661882265702,369.09135767412533,615000,2023-01-09
380.0271301269531,380.0271301269531,383.20895285974524,373.3403905448535,375.37677382517995,391700,2023-01-10
389.0340270996094,389.0340270996094,389.55290764419334,380.36967509363706,382.1808720472402,486200,2023-01-11
391.2565612792969,391.2565612792969,396.04396570733803,378.98938082756746,389.65095005850907,457600,2023-01-12
390.1012268066406,390.1012268066406,390.3753518622308,383.13059264101383,384.5110177029682,208900,2023-01-13
393.253662109375,393.253662109375,395.3096148720662,387.61451409535687,387.61451409535687,478500,2023-01-17
389.5040588378906,389.5040588378906,400.98797220366936,388.88726995972405,397.27749890491384,307400,2023-01-18
375.2494812011719,375.2494812011719,384.99073556129133,371.14737520488404,383.3753546751802,650500,2023-01-19
389.4354553222656,389.4354553222656,389.5921024618856,375.23963321079265,382.1906969098189,358900,2023-01-20
419.52081298828125,419.52081298828125,420.58794360228075,390.68859721258417,395.5151694938274,792500,2023-01-23
410.33758544921875,410.33758544921875,425.6788468155622,406.8032997194469,416.9851546498104,445800,2023-01-24
415.7809753417969,415.7809753417969,417.2593085484134,393.7040348331732,399.23550475111546,350700,2023-01-25
423.6816711425781,423.6816711425781,427.2648961008876,411.94317425148853,422.40892431315933,295700,2023-01-26
416.1530456542969,416.1530456542969,423.7012997553021,413.274717498603,419.648162682981,484200,2023-01-27
399.0690612792969,399.0690612792969,409.515242265142,397.6298973171444,407.71384483588133,635000,2023-01-30
417.6117248535156,417.6117248535156,417.8369107248714,397.1893352413991,399.23548814040396,466500,2023-01-31
448.1669616699219,448.1669616699219,454.97117760619426,417.49421066344996,417.6018887594828,1083100,2023-02-01
464.017333984375,464.017333984375,469.52923351838723,451.71104815599483,451.71104815599483,608400,2023-02-02
446.7278747558594,446.7278747558594,463.3810540577659,444.0943023125423,450.7321023555036,693500,2023-02-03
440.2467041015625,440.2467041015625,453.4831036189256,435.6746870719117,437.4662845859486,473200,2023-02-06
457.81036376953125,457.81036376953125,461.15863289359936,440.041116528335,442.17537778819457,598600,2023-02-07
453.28729248046875,453.28729248046875,461.550242491686,447.80476201710655,450.3502257905305,726900,2023-02-08
499.7222900390625,499.7222900390625,518.8328223387573,479.4075795653444,479.4075795653444,1785000,2023-02-09
481.6985778808594,481.6985778808594,498.10700243603844,478.6734023293481,497.93078557922615,580300,2023-02-10
490.9013671875,490.9013671875,492.82024250002746,475.86356935682056,482.42303061589655,621000,2023-02-13
509.6397705078125,509.6397705078125,511.89150951287775,480.84672535012294,483.1376336070477,660900,2023-02-14
518.9699096679688,518.9699096679688,519.5181597154591,503.28595473991516,505.2929383197581,453800,2023-02-15
502.6006164550781,502.6006164550781,513.8593716301133,499.79082755264676,507.43698845958846,484100,2023-02-16
491.5572814941406,491.5572814941406,503.26637932367584,488.05239495968726,501.386673321335,488900,2023-02-17
471.8103942871094,471.8103942871094,490.519494287775,469.9893974491536,482.10969713019597,645700,2023-02-21
472.58380126953125,472.58380126953125,479.10409275473774,464.78099308309,474.82577048967653,383800,2023-02-22
484.51806640625,484.51806640625,495.54186561142285,467.77678130826826,492.3404738684168,661100,2023-02-23
472.92645263671875,472.92645263671875,478.6831078447042,469.8131692699139,475.77541077035994,372500,2023-02-24
476.0593566894531,476.0593566894531,481.7181039548599,474.81597934217484,479.2999178640135,342800,2023-02-27
474.13067626953125,474.13067626953125,483.5586649684624,471.2327490050707,473.1124848015482,379300,2023-02-28
476.3236999511719,476.3236999511719,483.52931933596693,472.5544582668723,476.22579174949107,281500,2023-03-01
483.3824462890625,483.3824462890625,485.19364346501453,462.57822304037126,468.98103705528433,262400,2023-03-02
495.41461181640625,495.41461181640625,497.6859505329086,482.46213711544056,484.2145952514597,326800,2023-03-03
486.7796325683594,486.7796325683594,505.0677904547711,485.1936213428019,497.25518233632135,347500,2023-03-06
482.4621276855469,482.4621276855469,492.7418607743928,480.1027104782071,485.5754409849825,205200,2023-03-07
494.1809997558594,494.1809997558594,496.5894157558758,483.4509253606491,484.9977970885346,303700,2023-03-08
482.3348693847656,482.3348693847656,505.85097133488426,481.6103726567185,494.60201607501153,472300,2023-03-09
468.9027099609375,468.9027099609375,487.08313010211424,465.7404573957613,487.08313010211424,360600,2023-03-10
476.0984802246094,476.0984802246094,483.9698270173627,454.15861918449787,459.6704890308379,588300,2023-03-13
483.3628234863281,483.3628234863281,492.937659044875,473.9250354943538,487.49429820906875,624900,2023-03-14
466.61181640625,466.61181640625,479.8971565392923,456.14609522957363,475.78528069694477,620300,2023-03-15
487.5237121582031,487.5237121582031,490.4803486042001,461.4229753273868,467.92369742360876,706400,2023-03-16
478.0663757324219,478.0663757324219,493.2510211283767,473.96426991544496,490.23561572054695,688900,2023-03-17
483.9698486328125,483.9698486328125,487.62161232950933,472.1530430719161,479.57404835326565,379300,2023-03-20
487.9838562011719,487.9838562011719,495.02302861965313,482.1097226587879,490.7153366640492,495900,2023-03-21
479.5348815917969,479.5348815917969,499.9964404582449,478.46775093413135,489.23699558777633,647100,2023-03-22
499.79083251953125,499.79083251953125,506.967081968533,486.5544631467634,490.0104103136541,466200,2023-03-23
475.2173767089844,475.2173767089844,495.6299958467424,469.04954871162414,494.9250986575538,661300,2023-03-24
472.7012634277344,472.7012634277344,481.48309352920853,465.34882721292917,480.29848506358127,369700,2023-03-27
465.07470703125,465.07470703125,475.0803149549625,452.9152383500315,471.9866012657202,562800,2023-03-28
480.61181640625,480.61181640625,485.23280262205185,469.45096873002166,475.40341086488075,386400,2023-03-29
488.3422546386719,488.3422546386719,494.9935731334072,481.6222575164765,489.5783202410887,393800,2023-03-30
491.0400695800781,491.0400695800781,493.27679539642804,482.858361200841,485.1048768652982,464100,2023-03-31
483.61370849609375,483.61370849609375,491.30490612307796,473.3522417822946,487.0472804691245,342800,2023-04-03
473.8428039550781,473.8428039550781,487.302408760866,469.6243971060847,484.21216969602636,296200,2023-04-04
464.3367004394531,464.3367004394531,470.14432591191064,457.74424048532956,469.6538155877597,547500,2023-04-05
464.62115478515625,464.62115478515625,468.68259446396,451.7992382193371,457.675542068339,299000,2023-04-06
479.483642578125,479.483642578125,479.7975464199351,457.45971792415713,458.7644921000052,404400,2023-04-10
475.44183349609375,475.44183349609375,485.24221961791403,473.254146800794,482.6621306739685,315800,2023-04-11
457.04766845703125,457.04766845703125,483.98648379065486,456.5276988360179,483.348826434715,373300,2023-04-12
467.7898864746094,467.7898864746094,468.81015634059787,454.3499214372129,457.3125930434325,338200,2023-04-13
468.21173095703125,468.21173095703125,476.7564426681511,462.0999912578096,467.2895691192333,190600,2023-04-14
473.2051086425781,473.2051086425781,473.4798231667406,461.9037614779646,461.9037614779646,302600,2023-04-17
466.5930480957031,466.5930480957031,480.7001301754828,462.953469778548,479.0029536319462,349800,2023-04-18
454.70306396484375,454.70306396484375,461.97243045708075,453.05495648454985,461.97243045708075,290800,2023-04-19
457.5676574707031,457.5676574707031,464.6800570701182,445.765980436381,446.39381807444397,294700,2023-04-20
454.2125549316406,454.2125549316406,456.253064683719,448.6403648986825,454.50684914739145,221800,2023-04-21
463.95404052734375,463.95404052734375,465.9749404609228,455.47803856154667,456.9201399644765,389400,2023-04-24
442.2637023925781,442.2637023925781,461.52114105193516,441.73394289983,457.2831249866943,430700,2023-04-25
445.422607421875,445.422607421875,453.58467616727,440.44882572973125,447.8260899602295,510200,2023-04-26
440.0956726074219,440.0956726074219,443.8137493650271,425.1939960309049,443.8137493650271,568000,2023-04-27
453.20208740234375,453.20208740234375,455.1346991802702,439.66401510896037,441.40041079170095,425000,2023-04-28
462.78662109375,462.78662109375,464.8271605874397,452.858697994753,452.858697994753,432900,2023-05-01
459.2452392578125,459.2452392578125,473.0187786937401,453.7907663925057,463.4832559978482,501900,2023-05-02
457.2635192871094,457.2635192871094,467.5053772342692,449.14066952953857,458.5192544557911,489200,2023-05-03
450.2198486328125,450.2198486328125,456.03729453413115,446.11918905551175,450.8673259247617,741400,2023-05-04
403.4643859863281,403.4643859863281,411.00843781635893,375.9173369831808,397.36243583099656,2187500,2023-05-05
410.6748352050781,410.6748352050781,415.49164990173074,398.3728286054784,398.3728286054784,744900,2023-05-08
393.7620849609375,393.7620849609375,405.38718599575975,390.456050062564,402.00265267756936,744000,2023-05-09
408.0849609375,408.0849609375,410.9985933239725,399.5598895081312,399.5598895081312,782400,2023-05-10
391.04461669921875,391.04461669921875,408.1045797269748,388.8078908732501,406.60361936926387,597500,2023-05-11
391.6136169433594,391.6136169433594,395.94971124353714,385.63920506313394,393.1341869028028,373500,2023-05-12
404.7298583984375,404.7298583984375,405.4950532727926,389.3670721317336,391.9765905336043,416500,2023-05-15
394.9000549316406,394.9000549316406,406.57419450448623,394.4291542488639,401.8750972784732,350600,2023-05-16
407.820068359375,407.820068359375,412.833099231633,391.89812306027534,398.0883606985046,638000,2023-05-17
423.2809753417969,423.2809753417969,423.7910952950992,407.83972009942215,412.12677549193796,1017600,2023-05-18
423.8205261230469,423.8205261230469,426.8224468864341,419.14106844797254,423.21229811637517,532300,2023-05-19
439.8896484375,439.8896484375,441.90075871000613,420.34773407865964,420.34773407865964,554000,2023-05-22
415.6584777832031,415.6584777832031,435.2690717703032,414.0397696961257,433.5522855650548,566400,2023-05-23
407.8396911621094,407.8396911621094,409.448549324294,398.9418274327836,403.97446773243996,571400,2023-05-24
479.0519714355469,479.0519714355469,485.60518165120646,438.5161943395743,445.50105600066024,2121600,2023-05-25
511.0332946777344,511.0332946777344,521.9030209778772,480.9355862922656,486.1742333237617,2053700,2023-05-26
505.1961975097656,505.1961975097656,543.1323108175641,502.6063483866976,530.0651080022045,1179700,2023-05-30
480.61181640625,480.61181640625,504.1759209634639,479.12067583896686,495.2780567387577,900800,2023-05-31
489.81378173828125,489.81378173828125,494.8071729790994,478.40450741715784,485.60519499887994,734200,2023-06-01
487.8125,487.8125,495.99420832293066,469.05539066243733,495.99420832293066,778200,2023-06-02
477.9041748046875,477.9041748046875,486.851077802347,468.2999748383299,485.85044757757834,637800,2023-06-05
487.96942138671875,487.96942138671875,498.00527210348343,474.3038127019773,477.15858601328637,486900,2023-06-06
485.19317626953125,485.19317626953125,501.6743410290954,481.0729075334208,492.0799603415019,456000,2023-06-07
488.2539367675781,488.2539367675781,491.7463675094591,480.32727400586526,488.9406331854166,389000,2023-06-08
492.3448791503906,492.3448791503906,502.81235379033393,486.4980038614971,496.89682980208795,536400,2023-06-09
516.232666015625,516.232666015625,518.5773197773033,497.07336354849093,497.1322223933688,612100,2023-06-12
525.5228881835938,525.5228881835938,538.1780769248817,520.9317193052392,530.5163090087483,669600,2023-06-13
527.0140991210938,527.0140991210938,528.1716962461675,510.24843068825766,518.4105292815658,493000,2023-06-14
509.4244384765625,509.4244384765625,523.3843433464666,508.72789225040356,518.9599305773328,729100,2023-06-15
507.78607177734375,507.78607177734375,519.8428535901951,506.3832194675836,519.8428535901951,1110500,2023-06-16
500.546142578125,500.546142578125,509.0417844150326,496.99482292130375,501.0758721370378,494900,2023-06-20
495.493896484375,495.493896484375,504.8038028063711,493.9929360881514,496.5730251865169,381800,2023-06-21
502.51800537109375,502.51800537109375,506.5794452098459,490.4318537837128,491.04987164152914,289300,2023-06-22
496.39642333984375,496.39642333984375,498.35846453881544,491.0008100426715,491.2951042471682,568600,2023-06-23
501.2132873535156,501.2132873535156,510.23865979310585,499.48668134838715,499.48668134838715,364600,2023-06-26
522.6976318359375,522.6976318359375,522.9919260678081,499.71232423720494,499.987008833076,466400,2023-06-27
517.2627563476562,517.2627563476562,528.348277268573,510.2386152470089,512.2399356131161,541100,2023-06-28
526.629638671875,526.629638671875,527.5830680773805,515.2478164345163,523.1404097967466,399100,2023-06-29
530.9837036132812,530.9837036132812,538.335720873558,524.0543795030369,532.3400890975604,434200,2023-06-30
533.2838745117188,533.2838745117188,538.286725124813,522.9635829239329,535.8983219847895,256700,2023-07-03
514.3042602539062,514.3042602539062,528.8312649963941,513.596552071349,526.0988767120056,539300,2023-07-05
505.6843566894531,505.6843566894531,506.61810918392024,494.1452995223624,500.64215320985375,506200,2023-07-06
505.1045227050781,505.1045227050781,515.9162555048398,503.2370175889084,506.0480537191199,350300,2023-07-07
525.1848754882812,525.1848754882812,530.2663733343782,510.5300288696445,510.5300288696445,551900,2023-07-10
533.2445068359375,533.2445068359375,534.2077147203835,522.2656406841902,532.4876663607151,421000,2023-07-11
551.437744140625,551.437744140625,553.3052495194514,539.2893007019925,541.3238797229658,658500,2023-07-12
566.7510375976562,566.7510375976562,571.606490986561,555.359436179033,557.679029946227,619500,2023-07-13
555.3397827148438,555.3397827148438,571.1347495674833,551.9881117573975,563.5959795202588,335500,2023-07-14
578.6438598632812,578.6438598632812,585.7796124833411,556.8828378944115,558.2785173905417,402300,2023-07-17
578.0443725585938,578.0443725585938,581.2092928492445,567.6159790979154,574.0342457176276,405700,2023-07-18
564.6771240234375,564.6771240234375,579.3614245023065,561.3648072345223,574.3781916500442,508100,2023-07-19
519.9951171875,519.9951171875,540.566885915024,515.9456371890009,535.6721395069541,1144000,2023-07-20
524.5360717773438,524.5360717773438,529.7748641328124,519.0810735789045,526.0202373031753,592800,2023-07-21
524.09375,524.09375,526.786904465215,512.2107075929721,521.2827141607592,385200,2023-07-24
542.0903930664062,542.0903930664062,548.9803639851606,529.6568784023705,529.7256875258768,536600,2023-07-25
519.7493896484375,519.7493896484375,533.3034073326598,506.2936964232851,533.3034073326598,1070900,2023-07-26
527.9959106445312,527.9959106445312,545.6190286617574,520.9289662313191,539.869176332586,787900,2023-07-27
536.2127685546875,536.2127685546875,545.530556868436,532.1534496986533,544.901496224621,550300,2023-07-28
549.9140625,549.9140625,554.1502924740493,536.8318716528586,537.3724461525563,796900,2023-07-31
540.8716430664062,540.8716430664062,545.6681255838613,491.4423891611656,503.24684494730093,1557100,2023-08-01
521.3515625,521.3515625,537.1760433261531,513.7931762024391,529.5979801361808,717000,2023-08-02
523.5630493164062,523.5630493164062,527.1407642580152,510.1467082711602,516.2110904726478,455600,2023-08-03
527.848388671875,527.848388671875,534.2076840082341,509.8321549392711,517.4986437606475,517800,2023-08-04
532.4481811523438,532.4481811523438,533.4409041305184,520.063860015745,533.4409041305184,338200,2023-08-07
520.634033203125,520.634033203125,522.3933752047195,511.58164359578,521.2237400219498,343000,2023-08-08
512.1221313476562,512.1221313476562,519.9163984326269,506.7457817909499,518.8549263387154,451700,2023-08-09
509.6060485839844,509.6060485839844,524.4967760342926,504.75059568513905,518.9041595981156,413600,2023-08-10
493.5752258300781,493.5752258300781,507.5813028902136,493.39828378666436,499.8067112644161,468700,2023-08-11
515.6802368164062,515.6802368164062,516.0046055499769,488.42486452388323,489.3291316046076,452000,2023-08-14
510.00909423828125,510.00909423828125,513.7243674849918,502.9126649777087,508.9966941266814,505700,2023-08-15
485.4565734863281,485.4565734863281,507.85652363091083,484.05105559977363,507.85652363091083,543200,2023-08-16
477.0431213378906,477.0431213378906,486.87196887758034,475.5884411037222,486.87196887758034,522900,2023-08-17
474.0354919433594,474.0354919433594,477.43626476151536,466.9292244405344,469.32746561734143,501200,2023-08-18
490.3514099121094,490.3514099121094,492.9756955181441,474.5957378484098,475.50000505797806,505300,2023-08-21
492.0616149902344,492.0616149902344,504.6130728987043,484.8177589199568,500.59304772996416,455100,2023-08-22
510.5595397949219,510.5595397949219,516.9679081287759,483.73660423564496,487.6681435776168,737500,2023-08-23
479.6575622558594,479.6575622558594,520.9583957038923,478.37979417478175,517.9605494376601,908900,2023-08-24
480.7092590332031,480.7092590332031,483.53016345410117,466.34932727222963,479.657595149944,692200,2023-08-25
485.41729736328125,485.41729736328125,490.54795707097514,478.21276518518437,488.0514213523736,421700,2023-08-28
504.04296875,504.04296875,506.1365180835892,480.07039510686195,480.4438961141096,496200,2023-08-29
506.32318115234375,506.32318115234375,510.35298396767257,498.44042755818214,500.53397653024496,256200,2023-08-30
512.2893676757812,512.2893676757812,517.2037912869858,504.5343928195749,504.5343928195749,423000,2023-08-31
515.9359741210938,515.9359741210938,519.5038514476438,509.7339722101625,516.5355795600901,252200,2023-09-01
519.6708374023438,519.6708374023438,526.079265677104,511.44409619221335,515.1102973937732,331500,2023-09-05
514.2256469726562,514.2256469726562,527.2095763860691,507.6796607977044,516.9973892240131,344100,2023-09-06
497.4773254394531,497.4773254394531,500.3571706951523,485.6531925387486,499.1482115968193,487200,2023-09-07
492.2974853515625,492.2974853515625,500.27850481016094,490.09583308581466,497.5854101640042,369300,2023-09-08
477.8392639160156,477.8392639160156,500.7404670844738,470.1236124638505,500.7404670844738,554700,2023-09-11
465.828369140625,465.828369140625,481.6134947526946,465.1501763096178,472.659429686752,516200,2023-09-12
462.30963134765625,462.30963134765625,472.71840667716094,460.5502893378907,463.6267232365096,594500,2023-09-13
470.9688720703125,470.9688720703125,473.52434827876687,459.99003683928925,468.22661537509765,500200,2023-09-14
456.28460693359375,456.28460693359375,468.3347538000656,454.5350732452651,468.3347538000656,992700,2023-09-15
455.26239013671875,455.26239013671875,464.4032063213359,451.59621921782724,452.12698538194905,533000,2023-09-18
449.9449768066406,449.9449768066406,455.24273997332693,446.38693883340807,455.0068272380422,448300,2023-09-19
445.10919189453125,445.10919189453125,459.3315360149993,444.90279448716916,454.07312638125023,394900,2023-09-20
432.8428039550781,432.8428039550781,445.49252626682113,432.0663165806719,440.72552908763817,597600,2023-09-21
441.6003112792969,441.6003112792969,444.56861251710245,434.3171314588379,438.1700229997399,428400,2023-09-22
445.3941650390625,445.3941650390625,447.70394992355955,437.2067492515465,440.43060964503866,328600,2023-09-25
436.93157958984375,436.93157958984375,446.17068991147585,434.4743678024277,440.9220891329865,405300,2023-09-26
433.6291198730469,433.6291198730469,445.80707725191746,431.2308785005451,443.5071303609637,711800,2023-09-27
445.1943664550781,445.1943664550781,452.10002050329507,430.9495440755253,434.1807286549531,553500,2023-09-28
455.1243591308594,455.1243591308594,459.46873162108074,452.75022196155084,453.2033676676073,519700,2023-09-29
452.50390625,452.50390625,457.9417444767113,445.71646174686344,454.5036937377825,283700,2023-10-02
442.2488098144531,442.2488098144531,458.05010356656925,439.3427311108249,448.24817202269753,367100,2023-10-03
450.3662414550781,450.3662414550781,452.3266159242349,441.4410480427854,445.79528120804605,550000,2023-10-04
445.0367431640625,445.0367431640625,450.7110001806879,435.6485735000497,448.03147906660786,454400,2023-10-05
466.6304931640625,466.6304931640625,469.871538455333,440.1308359859759,440.1308359859759,598200,2023-10-06
468.93572998046875,468.93572998046875,470.88627390440564,456.1095079869034,460.3750545205232,364500,2023-10-09
482.7076110839844,482.7076110839844,488.66756037915013,471.44772443248684,472.3244634400578,440700,2023-10-10
494.5684814453125,494.5684814453125,495.6225344997208,483.0918666493507,483.0918666493507,463800,2023-10-11
485.7024230957031,485.7024230957031,505.4638510329524,483.200215803047,497.06082859695715,469200,2023-10-12
468.6697082519531,468.6697082519531,488.8153756293955,466.6009552349022,488.5001307754174,356800,2023-10-13
475.9300537109375,475.9300537109375,479.53558806491804,468.797811253705,468.797811253705,407700,2023-10-16
469.4676818847656,469.4676818847656,476.3240925593766,460.3060994332615,463.901772973329,312000,2023-10-17
454.19830322265625,454.19830322265625,466.84720918052756,453.29201189614895,459.6361413719067,547500,2023-10-18
427.2947998046875,427.2947998046875,455.8237998073228,425.1078373213065,454.011186857835,961300,2023-10-19
413.7888488769531,413.7888488769531,433.9739010150884,412.4589339636435,425.9254761441278,646000,2023-10-20
407.3363037109375,407.3363037109375,416.17281058611667,402.1053311860508,409.88775491850663,624200,2023-10-23
411.7792053222656,411.7792053222656,418.1233658189061,405.6320803942043,411.1782979458909,585000,2023-10-24
393.78106689453125,393.78106689453125,405.1591630862871,389.3480377190311,405.1591630862871,628600,2023-10-25
398.04669189453125,398.04669189453125,407.9766960550416,392.93392815843106,395.23910017984014,590600,2023-10-26
399.8887939453125,399.8887939453125,404.44989340077353,393.5840471005367,400.27300425299785,521600,2023-10-27
397.9875793457031,397.9875793457031,404.1642569448997,386.2646838875584,394.0471082630724,1174400,2023-10-30
435.1658630371094,435.1658630371094,438.3970477410255,402.962364509498,419.26607972796376,1734400,2023-10-31
449.7652893066406,449.7652893066406,451.5286582293961,426.2012931367492,433.4812965719185,1024700,2023-11-01
464.6996765136719,464.6996765136719,470.8862138529698,452.8487129617076,460.8281715522314,970500,2023-11-02
485.5940246582031,485.5940246582031,494.9625029111913,473.1224318928694,474.0583056638739,842600,2023-11-03
486.1949462890625,486.1949462890625,488.5690833007918,479.4074716285902,485.584178190263,522100,2023-11-06
485.2295227050781,485.2295227050781,491.8199618548859,482.3037222302155,485.68266838337576,360300,2023-11-07
485.6038818359375,485.6038818359375,491.0121679475333,477.89039403856236,483.09184393118846,371800,2023-11-08
474.88580322265625,474.88580322265625,499.454639367005,473.28005667253484,492.6770252494737,553500,2023-11-09
497.0706481933594,497.0706481933594,499.6418208803341,478.15640744332467,484.3035319291604,478300,2023-11-10
499.5728759765625,499.5728759765625,504.3605635621748,493.0908148323667,496.36138270079726,469200,2023-11-13
527.5009155273438,527.5009155273438,530.9784096686021,515.847017099946,515.847017099946,702400,2023-11-14
539.4503173828125,539.4503173828125,548.1489217180574,530.5744592400988,533.5396123999761,742000,2023-11-15
528.9884643554688,528.9884643554688,537.0073365766438,524.9297843870079,533.4116330497276,585100,2023-11-16
531.983154296875,531.983154296875,535.4113438448553,527.402334020068,530.1705117000081,304300,2023-11-17
542.9968872070312,542.9968872070312,544.9375402113787,531.756660600924,531.9635569631732,354500,2023-11-20
530.08203125,530.08203125,537.8644253210502,527.4222013262475,536.9088899739816,394800,2023-11-21
537.943115234375,537.943115234375,545.9225428564354,535.1749374912356,535.4803215082082,288700,2023-11-22
541.2630004882812,541.2630004882812,541.844246310829,536.2684471892669,536.2684471892669,134800,2023-11-24
538.386474609375,538.386474609375,545.7551348062537,531.6679655541247,537.9431596766805,195400,2023-11-27
535.3524169921875,535.3524169921875,543.7653013169693,529.9933737815909,535.470626317458,247800,2023-11-28
544.2381591796875,544.2381591796875,552.2964149428363,542.1693758842139,545.1444506498149,392400,2023-11-29
540.5537109375,540.5537109375,546.5924867510051,534.9484494081553,546.5924867510051,489100,2023-11-30
551.28173828125,551.28173828125,552.0009151362485,534.6529455906642,539.2632895176537,359500,2023-12-01
551.2127685546875,551.2127685546875,552.1978863124891,537.7954695035742,544.0805256084941,399700,2023-12-04
545.1542358398438,545.1542358398438,551.7150925127409,541.2039046961233,544.927617908631,259500,2023-12-05
545.9915161132812,545.9915161132812,563.398525583551,545.0359809947115,556.5421462328876,265700,2023-12-06
560.0394287109375,560.0394287109375,562.6401539448855,548.3460860825624,549.6759709654509,303300,2023-12-07
567.1617431640625,567.1617431640625,572.0578089586027,557.7341604078587,557.7341604078587,297800,2023-12-08
583.583740234375,583.583740234375,584.7560326837731,569.348777670772,570.5604531818902,427100,2023-12-11
586.9527587890625,586.9527587890625,590.075564655865,578.8058172304766,584.174720021635,339800,2023-12-12
599.6608276367188,599.6608276367188,607.9259797101012,585.2288891634416,587.1301591414168,463100,2023-12-13
627.9041137695312,627.9041137695312,630.2585592349989,605.6108979456529,606.1428397974582,920400,2023-12-14
623.8848876953125,623.8848876953125,637.4893607166289,621.3728495876344,624.9093884568608,857100,2023-12-15
624.8897705078125,624.8897705078125,629.1356256821191,613.1471234238825,625.4808171177882,320600,2023-12-18
625.8057250976562,625.8057250976562,634.1890842735785,620.9884863044688,629.5294378176553,293200,2023-12-19
601.9365234375,601.9365234375,626.0226041552522,600.8922409080535,622.9687632023165,584600,2023-12-20
612.4771728515625,612.4771728515625,617.6195182132055,605.8965942125092,615.7872138279298,799500,2023-12-21
608.447998046875,608.447998046875,616.0629372179219,604.2316662103636,614.5557386818169,484500,2023-12-22
627.559326171875,627.559326171875,632.2386350098337,616.8511021254699,616.8511021254699,462900,2023-12-26
627.0864868164062,627.0864868164062,632.7016694282995,621.9047583741597,629.0173390497071,522100,2023-12-27
623.791015625,623.791015625,629.197995495609,622.6366312942131,628.8822546094743,251800,2023-12-28
622.3702392578125,622.3702392578125,627.1456768837394,612.5725766545622,623.3470305803243,276900,2023-12-29
595.9473266601562,595.9473266601562,612.2273446897797,588.7841090916946,612.2273446897797,611500,2024-01-02
570.5899047851562,570.5899047851562,587.0475143884585,568.7053960220843,582.9430033551699,613600,2024-01-03
563.4464111328125,563.4464111328125,567.6199959128154,553.5994875129948,553.7968330821404,858400,2024-01-04
566.3372802734375,566.3372802734375,573.6682127218157,560.5061017265848,562.3215362397308,419500,2024-01-05
582.8344116210938,582.8344116210938,585.5477473904879,569.129584863634,571.2706365905799,456500,2024-01-08
585.8340454101562,585.8340454101562,593.6681906746877,570.8860031523831,570.8860031523831,261400,2024-01-09
581.334716796875,581.334716796875,590.0272564097066,574.5760674633564,586.2088574108552,401700,2024-01-10
580.5847778320312,580.5847778320312,587.4223767106168,569.2381010341556,581.334654803664,366400,2024-01-11
571.043701171875,571.043701171875,582.123958105245,568.2316626185482,581.0090189944988,280700,2024-01-12
588.4583740234375,588.4583740234375,588.9714604264136,562.4005102142631,565.5677347672822,577300,2024-01-16
576.5591430664062,576.5591430664062,583.9986547326866,569.2183342852852,580.3183439207663,399500,2024-01-17
602.7553100585938,602.7553100585938,604.3733992862102,588.1131351837026,590.6883233764652,696700,2024-01-18
622.9129028320312,622.9129028320312,624.471794355848,604.3141815416026,612.7206091701519,674100,2024-01-19
629.2572021484375,629.2572021484375,638.9857312197867,616.5094723231725,627.7278792573296,390700,2024-01-22
633.440673828125,633.440673828125,635.2364162982578,620.6731911710815,632.0099935952887,277700,2024-01-23
623.5739135742188,623.5739135742188,639.3605949305281,614.4571147263757,634.8317642190163,538500,2024-01-24
607.4714965820312,607.4714965820312,634.3384358752198,604.7680370119677,633.0557800482845,519900,2024-01-25
593.1253662109375,593.1253662109375,601.8672265566381,590.8264138770132,600.9595092408754,376000,2024-01-26
611.5169677734375,611.5169677734375,611.7043768336106,591.1816996519809,599.213189600263,462500,2024-01-29
605.24169921875,605.24169921875,617.5849220982351,598.5915683853559,611.299853505505,307200,2024-01-30
594.6842651367188,594.6842651367188,609.434957755634,591.6453722974812,596.9338961640772,439200,2024-01-31
605.9421997070312,605.9421997070312,608.941647638746,586.4357612855727,598.9072546493676,429200,2024-02-01
627.3823852539062,627.3823852539062,629.0991770771205,603.7221177556953,606.524219745809,481100,2024-02-02
637.594482421875,637.594482421875,644.1557857358579,623.8797788880591,632.4539226191629,516900,2024-02-05
624.5408325195312,624.5408325195312,641.9555395903386,614.6544642076499,641.9555395903386,556200,2024-02-06
636.8051147460938,636.8051147460938,647.1355559228965,621.788062650022,632.9176419594938,860500,2024-02-07
727.2431640625,727.2431640625,749.8674470475081,670.4110687849967,670.934031568823,1658500,2024-02-08
742.2799682617188,742.2799682617188,751.3474467515294,727.3911263060149,737.0407652309816,661900,2024-02-09
720.1390991210938,720.1390991210938,748.1604839339826,718.3334804941152,742.3588734451772,645400,2024-02-12
702.6256713867188,702.6256713867188,714.7024722280985,680.8992332678914,693.6272683981846,759500,2024-02-13
735.2449340820312,735.2449340820312,736.3006756106485,709.0489220895122,714.5446676921634,602700,2024-02-14
724.52978515625,724.52978515625,739.990850138897,714.3473679337192,738.6292439845148,600100,2024-02-15
720.7607421875,720.7607421875,738.2050195904645,711.2591275857133,725.8519209326333,373000,2024-02-16
702.8230590820312,702.8230590820312,710.4006588835532,689.1379845404178,710.4006588835532,466700,2024-02-20
704.4017944335938,704.4017944335938,704.5300660535657,686.4938116357309,687.3127024753455,477100,2024-02-21
731.416748046875,731.416748046875,740.000769011694,727.9831637495141,736.2810125419419,660200,2024-02-22
711.515625,711.515625,731.8310775538692,703.4643835039188,726.7398991365865,564300,2024-02-23
715.2255249023438,715.2255249023438,722.3196676912991,713.9724377201247,719.7247269626458,302200,2024-02-26
699.8334350585938,699.8334350585938,718.8070938143915,697.7318282686938,715.8865360606583,301900,2024-02-27
701.096435546875,701.096435546875,704.9148345142916,690.8548205767986,692.6406866049149,266600,2024-02-28
710.440185546875,710.440185546875,712.9562363466792,686.8588637652823,696.9228863002485,859400,2024-02-29
733.8341064453125,733.8341064453125,741.9642387085202,707.0362380438393,717.2581010263608,634200,2024-03-01
725.8716430664062,725.8716430664062,739.5172734064793,716.4095341110949,733.834058157624,802000,2024-03-04
708.0722045898438,708.0722045898438,724.5692592060625,697.7417627196503,712.7292471085757,480600,2024-03-05
721.619140625,721.619140625,733.6663747496495,714.169811640676,714.169811640676,473600,2024-03-06
757.365966796875,757.365966796875,766.6406656044619,733.3702656250454,733.3702656250454,770300,2024-03-07
722.4478759765625,722.4478759765625,767.7753861036931,721.9150369523214,760.1484049123371,537700,2024-03-08
709.581787109375,709.581787109375,718.2644507536605,702.5073966205717,711.2985792578244,494900,2024-03-11
726.7301635742188,726.7301635742188,729.2856597001185,706.6119924706645,717.485091010159,417400,2024-03-12
698.7383422851562,698.7383422851562,728.0818307921206,696.1730302886458,713.7850250918634,537300,2024-03-13
683.7606811523438,683.7606811523438,708.6247179658027,676.755364928959,699.0540297206862,517300,2024-03-14
677.8308715820312,677.8308715820312,689.9471805234671,672.9567304619643,676.9231541091477,960900,2024-03-15
665.3099975585938,665.3099975585938,695.6007070592142,662.9025260359435,690.6574923991542,624400,2024-03-18
641.6102905273438,641.6102905273438,660.2483973118476,632.0691706626098,654.1606745629043,955600,2024-03-19
658.1171875,658.1171875,659.8636084812018,637.8608720889321,645.2016816870548,581400,2024-03-20
666.2373657226562,666.2373657226562,679.8533654370705,660.2187179468677,674.3872490629235,635200,2024-03-21
663.3466186523438,663.3466186523438,670.3322434587625,654.2199416063143,659.0644539516995,490300,2024-03-22
660.4456787109375,660.4456787109375,663.1787672011658,650.4211625120151,654.1112896565425,299400,2024-03-25
657.6041259765625,657.6041259765625,669.1580260760779,656.7259772968108,668.4673466625494,375500,2024-03-26
665.4135131835938,665.4135131835938,668.8535494006214,649.8640257785037,662.5171518359296,503100,2024-03-27
669.6443481445312,669.6443481445312,675.9116022231761,664.0196572999424,667.2224579306119,353400,2024-03-28
660.8069458007812,660.8069458007812,680.2610450010978,657.3372250900321,669.6443319325465,435500,2024-04-01
641.5208740234375,641.5208740234375,650.8327915203113,637.339446700268,650.5658713645092,564000,2024-04-02
642.3809204101562,642.3809204101562,653.501788709981,636.3607971566395,636.5090995344659,443900,2024-04-03
635.7578735351562,635.7578735351562,659.3241975545966,633.0591682118139,652.4045455140082,655600,2024-04-04
646.7994995117188,646.7994995117188,651.4949766313474,636.2717214149362,636.2717214149362,406800,2024-04-05
673.4995727539062,673.4995727539062,682.9498372434639,661.0837433366474,661.0837433366474,574600,2024-04-08
674.3201293945312,674.3201293945312,692.8054376736321,664.780870465177,683.2859684861526,370400,2024-04-09
658.8397827148438,658.8397827148438,671.4731183214018,649.7849509774691,655.2910237902323,417500,2024-04-10
676.4849243164062,676.4849243164062,677.2757295599154,657.9797678785138,664.1778178560229,301500,2024-04-11
650.6746215820312,650.6746215820312,664.9785620055306,650.6351024343392,658.2368367475706,422500,2024-04-12
639.2077026367188,639.2077026367188,665.2948011452919,633.0887517528914,663.5549935421677,485900,2024-04-15
648.005615234375,648.005615234375,651.7323007643874,636.617826711755,637.5964534751854,380600,2024-04-16
630.4000244140625,630.4000244140625,655.8149388339116,626.327319870096,648.3911312740197,530100,2024-04-17
613.1898803710938,613.1898803710938,626.8907763636123,610.7482607842254,624.8346947119047,652900,2024-04-18
584.7302856445312,584.7302856445312,612.05297538934,580.7860943197578,612.05297538934,734000,2024-04-19
593.7357788085938,593.7357788085938,596.3454905123272,578.2357661762171,589.9200996212929,467800,2024-04-22
604.3524780273438,604.3524780273438,610.7185598845667,594.437637224037,596.7112249584937,508600,2024-04-23
634.8385009765625,634.8385009765625,647.7090116376203,621.048612100469,629.2039155897684,768900,2024-04-24
652.7604370117188,652.7604370117188,659.4032737844136,629.095225423486,631.0030650382852,435500,2024-04-25
669.45654296875,669.45654296875,673.1338751292667,653.7291890015034,654.7968093493408,402800,2024-04-26
671.8981323242188,671.8981323242188,681.1803644729222,664.7510802485134,667.2520688151843,428300,2024-04-29
661.6471557617188,661.6471557617188,682.1292936207005,661.4000253705559,672.5208929728827,502800,2024-04-30
645.0993041992188,645.0993041992188,678.8770686343515,640.0677029676764,651.3368727599303,906900,2024-05-01
704.7071533203125,704.7071533203125,712.9217651163598,663.6439288746941,673.2820141384658,1200600,2024-05-02
699.1021728515625,699.1021728515625,719.5942653532426,693.1612090917015,718.6452629567153,585700,2024-05-03
724.6356811523438,724.6356811523438,724.8927063985853,705.804358445603,710.8655837522292,399900,2024-05-06
694.1596069335938,694.1596069335938,716.678157875432,693.9421611428321,716.678157875432,625700,2024-05-07
705.181640625,705.181640625,706.9214482739544,679.6679008441357,682.0798959329917,337000,2024-05-08
699.89306640625,699.89306640625,706.2986669195359,698.5289018029289,705.2409415917684,352500,2024-05-09
694.4759521484375,694.4759521484375,711.063373772111,689.8496782405996,711.063373772111,432000,2024-05-10
694.9800415039062,694.9800415039062,701.8996921333006,689.5728577583851,701.8897972645854,346500,2024-05-13
705.517822265625,705.517822265625,708.4734924030868,694.673708180208,694.673708180208,320700,2024-05-14
732.8306884765625,732.8306884765625,733.967452207318,709.0665886856713,716.9550327161179,589800,2024-05-15
719.7426147460938,719.7426147460938,732.4352597292611,719.5449586767455,729.8651274819791,398500,2024-05-16
721.6702270507812,721.6702270507812,730.3296864607285,713.5446079522748,726.6425199696838,258900,2024-05-17
747.2037963867188,747.2037963867188,753.1250317872216,717.1329828056507,717.1329828056507,419400,2024-05-20
748.0538330078125,748.0538330078125,751.2665282382078,731.545510064713,731.7926404670511,322300,2024-05-21
751.8893432617188,751.8893432617188,764.9971501801836,742.9630240095778,756.2190729769014,432800,2024-05-22
737.82275390625,737.82275390625,767.1027629352384,727.937536534287,767.1027629352384,767200,2024-05-23
744.7322998046875,744.7322998046875,750.1493780798294,738.3761140788574,746.3336997376244,287900,2024-05-24
750.8612670898438,750.8612670898438,756.9901131850581,740.8079587993052,752.2847406323801,465400,2024-05-28
737.8325805664062,737.8325805664062,748.439398518884,736.3794223730876,736.399212113067,478600,2024-05-29
735.3612670898438,735.3612670898438,745.1772796676184,731.9310656485757,741.4900529481804,441600,2024-05-30
727.1861572265625,727.1861572265625,745.9581729581733,698.825469805295,734.9955020840678,762300,2024-05-31
723.3901977539062,723.3901977539062,737.9511619053391,700.8816020175459,737.7830697929572,345000,2024-06-03
718.2203369140625,718.2203369140625,726.7611790366606,711.7257419875813,724.2008812401923,256000,2024-06-04
748.913818359375,748.913818359375,749.7639324363072,724.5665270622077,732.7614095593863,498100,2024-06-05
749.9024047851562,749.9024047851562,753.9948989529865,736.7550787254572,748.4789311761099,463600,2024-06-06
743.012451171875,743.012451171875,751.5137134990468,735.025179091578,740.0172015162979,324700,2024-06-07
770.6317749023438,770.6317749023438,774.6550655195617,736.4783617413168,736.4783617413168,466300,2024-06-10
774.9811401367188,774.9811401367188,778.4904400638882,761.3296593337967,769.4652330818103,299000,2024-06-11
806.2679443359375,806.2679443359375,813.0392937239712,780.8135110238215,787.2586916976816,630100,2024-06-12
807.6221313476562,807.6221313476562,812.5647392506406,787.1597225623868,799.0417712682236,529000,2024-06-13
797.3118896484375,797.3118896484375,803.9547259689517,787.5255014844043,797.4008228068066,299800,2024-06-14
817.8928833007812,817.8928833007812,820.7793494162703,789.1466589048362,801.1769496212866,445200,2024-06-17
842.77392578125,842.77392578125,846.4709867050956,811.6157073835734,815.1052173971437,531200,2024-06-18
815.8566284179688,815.8566284179688,838.7112452073338,810.2220426827167,836.2893549847299,673000,2024-06-20
816.6868896484375,816.6868896484375,819.1779834371278,797.6084344552686,813.9487257893953,988000,2024-06-21
788.9786987304688,788.9786987304688,825.0399498790221,785.9044108226918,810.4296309971339,752000,2024-06-24
810.459228515625,810.459228515625,814.2946972883437,790.4614551354127,801.1473716023781,454200,2024-06-25
807.0784912109375,807.0784912109375,816.36072373173,794.6725569084998,807.1773192394144,295600,2024-06-26
801.39453125,801.39453125,811.5367732543626,798.2312498338981,801.3055377523413,361100,2024-06-27
813.5028076171875,813.5028076171875,829.0069964572627,805.54284174638,812.2949778038181,721800,2024-06-28
811.2454833984375,811.2454833984375,814.1463172449068,786.2071268532395,799.8401093016145,548900,2024-07-01
820.5023803710938,820.5023803710938,826.6901811280402,807.6020243476959,810.8295908909578,257100,2024-07-02
830.8681640625,830.8681640625,839.798417547124,819.6806322600736,825.3437389957046,312500,2024-07-03
833.2739868164062,833.2739868164062,838.9271226530849,821.1755679128132,838.9271226530849,181700,2024-07-05
843.3428344726562,843.3428344726562,844.7784163962823,831.0365430430893,835.5115196543671,313600,2024-07-08
837.7786865234375,837.7786865234375,860.3220399219996,829.6207001184082,855.9856849813215,259800,2024-07-09
852.2433471679688,852.2433471679688,854.2531739215202,835.8481521906141,843.738806955459,439100,2024-07-10
822.6804809570312,822.6804809570312,867.9256912222854,821.7696536246032,867.9256912222854,629300,2024-07-11
847.1544189453125,847.1544189453125,867.1138219657688,807.9386292189846,824.789266783009,513200,2024-07-12
862.2427978515625,862.2427978515625,874.7570208268744,847.8475196694437,852.8670709837755,335900,2024-07-15
880.6279296875,880.6279296875,882.7961373575251,856.0648397188394,870.9650509467074,314400,2024-07-16
809.2454833984375,809.2454833984375,852.8075977844337,807.2455669920225,852.8075977844337,1156200,2024-07-17
835.075927734375,835.075927734375,841.1845686472205,804.4141639311428,830.7989726791828,704100,2024-07-18
800.7805786132812,800.7805786132812,843.9862294505676,797.1272989034785,843.9862294505676,624400,2024-07-19
848.8672485351562,848.8672485351562,851.3918590553099,807.8000130582179,821.6904166352937,625700,2024-07-22
837.986572265625,837.986572265625,846.4911118961555,831.5710800176045,831.5710800176045,310800,2024-07-23
780.0390625,780.0390625,830.8780056984764,778.2668982444133,824.5417344348606,787900,2024-07-24
782.0390625,782.0390625,817.2154420559576,753.7731393074565,780.049056038244,876400,2024-07-25
813.601806640625,813.601806640625,823.8686012345713,796.4739251154722,804.1171283397738,627400,2024-07-26
819.0272827148438,819.0272827148438,840.7192121651802,813.9186001688296,830.3731964008178,429500,2024-07-29
774.0691528320312,774.0691528320312,827.6109758429036,772.2375878524539,823.6012927607574,677900,2024-07-30
854.5006713867188,854.5006713867188,854.8273437632793,809.1069281423758,816.3540877415771,861000,2024-07-31
777.1382446289062,777.1382446289062,852.8571016853238,770.5742210906136,833.8679869541292,1133000,2024-08-01
787.8406982421875,787.8406982421875,828.4524912863322,762.0598066348093,780.7024295737833,1366800,2024-08-02
762.772705078125,762.772705078125,785.5042325341751,722.3292620049174,740.8332644904742,843300,2024-08-05
782.2963256835938,782.2963256835938,805.8396968690015,759.4955509492642,776.9501025721737,532400,2024-08-06
749.5059814453125,749.5059814453125,820.225108993368,744.3082289926068,810.3741788775748,689700,2024-08-07
835.1253662109375,835.1253662109375,837.8875785685063,757.5154836062108,770.6435306650487,860900,2024-08-08
814.8095703125,814.8095703125,834.2442189683891,801.4835013939862,829.8879832427673,441700,2024-08-09
815.7501831054688,815.7501831054688,831.4820626697286,808.7307151524565,815.5719816902725,318700,2024-08-12
859.1737060546875,859.1737060546875,862.3418723065976,831.7493594665759,831.7493594665759,525400,2024-08-13
854.0353393554688,854.0353393554688,868.866241462519,835.1452035338209,856.6886611742148,416100,2024-08-14
911.5274047851562,911.5274047851562,916.685577237356,868.5494425423805,880.0339765477269,816300,2024-08-15
905.5574340820312,905.5574340820312,914.9431318400242,891.201735593283,893.3897638065907,448600,2024-08-16
908.0820922851562,908.0820922851562,910.0522784501219,886.4891443874147,899.7953940411867,359200,2024-08-19
895.6867065429688,895.6867065429688,919.1310406170659,893.2314063491441,903.9734051248732,398200,2024-08-20
937.7339477539062,937.7339477539062,942.5357173772044,906.4385412833874,915.5469960438242,506000,2024-08-21
899.4884643554688,899.4884643554688,947.1097556503908,893.2808431896526,939.1893705416973,565700,2024-08-22
926.97216796875,926.97216796875,932.4273429869976,905.3891302129508,917.1707274625824,413300,2024-08-23
903.17138671875,903.17138671875,919.962624388056,901.151710331979,916.3093444516346,499000,2024-08-26
936.0509033203125,936.0509033203125,942.0406822713775,886.0930541766564,894.647084308461,482800,2024-08-27
920.0517578125,920.0517578125,945.6445394171128,905.4782776680282,934.1203641465498,462200,2024-08-28
921.3486938476562,921.3486938476562,950.0898206312149,911.7353649903501,927.496914609666,449300,2024-08-29
925.378173828125,925.378173828125,942.6941058585347,904.0723188503546,938.7141534886005,520100,2024-08-30
830.2839965820312,830.2839965820312,913.9628766590728,824.9674434160764,910.5768688381422,960900,2024-09-03
842.0458984375,842.0458984375,858.7678269227218,818.2154311766805,822.2251142734509,446400,2024-09-04
833.1156616210938,833.1156616210938,849.8375904520045,819.2946272325437,827.3833042181512,493600,2024-09-05
798.2857055664062,798.2857055664062,834.897666089918,788.0288214386255,833.1155915408342,804000,2024-09-06
827.6901245117188,827.6901245117188,830.0464438318018,810.7206855184282,811.522622064995,630000,2024-09-09
839.2638549804688,839.2638549804688,840.4716847557712,806.0972409224531,825.4031804487607,388500,2024-09-10
886.25146484375,886.25146484375,888.1424906273352,820.5518848924283,842.7487472321274,770100,2024-09-11
886.9939575195312,886.9939575195312,896.2707637142166,868.430555836304,877.1033867711461,411500,2024-09-12
905.0029296875,905.0029296875,909.6759880678204,891.7957220824726,897.3894575021237,311000,2024-09-13
876.4202880859375,876.4202880859375,891.4096312990793,867.2920733190836,886.7366331238486,483000,2024-09-16
858.6785888671875,858.6785888671875,894.8153434092507,855.4015321737702,884.3307077634992,546100,2024-09-17
852.0947875976562,852.0947875976562,881.6081196109611,847.9563937111412,867.7672662428,446900,2024-09-18
902.0526733398438,902.0526733398438,912.4580891541356,876.9846467152515,886.5683056382187,733600,2024-09-19
882.44970703125,882.44970703125,892.71650131151,862.213120824366,890.3899123756613,1267600,2024-09-20
884.4000854492188,884.4000854492188,891.1621311974725,877.7370807720837,888.498899271047,300700,2024-09-23
901.933837890625,901.933837890625,907.9335270845112,884.2317726596061,898.1716671177932,275300,2024-09-24
905.6365966796875,905.6365966796875,914.2896074755148,893.1223740914094,893.3698861184192,312200,2024-09-25
934.9916381835938,934.9916381835938,940.8328863324534,895.7461128615566,930.645312063955,545000,2024-09-26
915.78466796875,915.78466796875,940.3477612090836,911.4779825022072,940.3477612090836,571700,2024-09-27
916.5380249023438,916.5380249023438,922.089772401572,900.1305688461778,912.0172989359695,392100,2024-09-30
884.1295776367188,884.1295776367188,918.5009767362392,877.4674804683198,913.4052892808133,589100,2024-10-01
910.9863891601562,910.9863891601562,922.3575796237493,879.6485708404931,894.0138327123632,362500,2024-10-02
914.8031005859375,914.8031005859375,926.144579539185,897.5926227471558,897.5926227471558,347400,2024-10-03
927.5523681640625,927.5523681640625,942.7999180777877,918.719129079528,941.2434318982747,435400,2024-10-04
922.2286376953125,922.2286376953125,929.822702625216,911.3233711822135,914.7733815887678,322100,2024-10-07
915.1897583007812,915.1897583007812,923.9734397833058,904.502568654431,921.9906641614532,446200,2024-10-08
927.948974609375,927.948974609375,938.8740883554976,907.4371570541591,911.5018231380686,434100,2024-10-09
922.0601196289062,922.0601196289062,924.2014907949022,908.854825994977,910.5996783203509,231800,2024-10-10
930.3876953125,930.3876953125,945.4964964672989,910.1931303266778,915.1302828004095,284000,2024-10-11
935.0869750976562,935.0869750976562,945.7840284366968,926.957582457828,938.9632750470421,422000,2024-10-14
886.9848022460938,886.9848022460938,935.3545938991629,880.6398957714636,930.2390591924957,854100,2024-10-15
897.146484375,897.146484375,907.1198432917951,885.3093115405169,907.1198432917951,520400,2024-10-16
910.2229614257812,910.2229614257812,934.9977349286225,909.2612837147822,930.2886424866166,482500,2024-10-17
908.3987426757812,908.3987426757812,929.7730620986388,902.3612246118815,929.7135812485835,260700,2024-10-18
875.6531982421875,875.6531982421875,902.6585922429256,851.5822734044784,900.180122741984,735700,2024-10-21
869.2587890625,869.2587890625,874.929559099409,862.4578828498776,870.8946032389866,391000,2024-10-22
876.0299682617188,876.0299682617188,887.2821960779024,859.2160086581179,864.301833134345,439800,2024-10-23
892.2788696289062,892.2788696289062,895.2232626108666,882.7912802822872,882.9895094522194,400600,2024-10-24
893.5279541015625,893.5279541015625,917.3014764380173,893.4486866385876,896.8094455401832,566800,2024-10-25
882.791259765625,882.791259765625,903.5310769520493,878.2903201338931,893.5279467732507,631200,2024-10-28
925.19287109375,925.19287109375,929.1088652336329,883.5149473387719,887.1930180743248,693100,2024-10-29
911.8884887695312,911.8884887695312,923.6265479609746,901.7267629406138,904.849658984526,977600,2024-10-30
752.7607421875,752.7607421875,822.356177641326,727.5596813295085,819.2035717078927,3055200,2024-10-31
752.8301391601562,752.8301391601562,781.9372700714138,749.231396651693,759.6211212989872,1018100,2024-11-01
759.9682006835938,759.9682006835938,778.0015483149197,740.1602905625979,752.2750211924546,959000,2024-11-04
756.399169921875,756.399169921875,769.1682504572083,744.4827289372292,762.5358632234203,626600,2024-11-05
778.5269775390625,778.5269775390625,779.7365022347574,756.200963311413,767.3044593172175,820500,2024-11-06
768.5338134765625,768.5338134765625,789.7197674450045,756.0918472844173,786.8050846830678,947900,2024-11-07
754.7435913085938,754.7435913085938,774.2937920356655,743.3921878247779,758.4712194701154,822300,2024-11-08
641.7352905273438,641.7352905273438,645.3241098364811,567.0738711994227,623.8803850061333,4011000,2024-11-11
638.5528564453125,638.5528564453125,683.8295807437926,626.0713179546519,659.2728856259312,2652000,2024-11-12
596.2900390625,596.2900390625,635.2714177602385,593.890897335872,627.5485279594549,1607900,2024-11-13
571.8225708007812,571.8225708007812,599.4624686376892,567.1134785578939,597.8564251766654,2087600,2024-11-14
568.4419555664062,568.4419555664062,585.4045867187475,556.9517440580082,560.6992190786153,1615200,2024-11-15
582.7775268554688,582.7775268554688,583.8382587276135,556.7436692628246,568.4618822478607,1203100,2024-11-18
580.8243408203125,580.8243408203125,588.7950766095854,571.4061571212321,582.9360015851827,998700,2024-11-19
555.2367553710938,555.2367553710938,581.9447502474655,542.0017499057305,576.2938266014207,1662800,2024-11-20
567.539794921875,567.539794921875,569.0665709947394,547.0379006691802,565.1605002975448,1021900,2024-11-21
575.8079833984375,575.8079833984375,586.5050366773999,560.8281272819191,561.3733785057174,1031800,2024-11-22
595.685302734375,595.685302734375,605.5694712912385,582.6287413921302,587.0602161390246,1267800,2024-11-25
567.1531372070312,567.1531372070312,597.1128468255727,563.2073727025527,593.6132794327815,1287100,2024-11-26
555.4151611328125,555.4151611328125,570.870925499745,543.5284295997417,570.870925499745,1237800,2024-11-27
562.7514038085938,562.7514038085938,570.2065991631357,558.1612733029826,563.1082889060402,595300,2024-11-29
575.3519287109375,575.3519287109375,583.8679771763187,561.1354604772037,562.1664820831667,808600,2024-12-02
577.830322265625,577.830322265625,580.745004652755,565.8246312105799,565.8246312105799,609200,2024-12-03
576.6209716796875,576.6209716796875,587.6947580133163,574.9950809377863,584.0762283424405,698200,2024-12-04
567.39111328125,567.39111328125,582.2718548983358,561.7302667575141,582.2718548983358,696500,2024-12-05
584.6016235351562,584.6016235351562,588.200366538634,571.0394440012682,573.2402961471216,734400,2024-12-06
604.41943359375,604.41943359375,608.0181764492522,585.9102387636274,586.752894260243,1015400,2024-12-09
590.1929931640625,590.1929931640625,609.1185524066126,586.0489994155379,605.6189849327727,941700,2024-12-10
618.4475708007812,618.4475708007812,623.3549527201329,599.1353550034387,608.3453262713485,948100,2024-12-11
600.2357788085938,600.2357788085938,618.4277214378353,587.9921026997195,606.045297018826,862100,2024-12-12
603.2000732421875,603.2000732421875,619.9644164779644,596.8849369825365,615.6519031956184,896900,2024-12-13
623.2062377929688,623.2062377929688,632.2179801524807,594.7236836603129,601.7724368914035,1143000,2024-12-16
622.8096313476562,622.8096313476562,634.5576133979233,616.722556079897,616.7324796396842,796200,2024-12-17
592.9193115234375,592.9193115234375,639.2567678261984,588.0020062294869,626.5570924703986,958400,2024-12-18
584.076171875,584.076171875,607.7207477254395,581.5679315877828,606.5013600416606,782400,2024-12-19
588.111083984375,588.111083984375,597.995252526458,577.2752218119062,581.865352496914,2364800,2024-12-20
611.9639892578125,611.9639892578125,613.5204151073083,585.3947435107161,586.6339784612516,687900,2024-12-23
614.244140625,614.244140625,617.6941512022604,607.7604249421285,611.5574575949569,252500,2024-12-24
614.491943359375,614.491943359375,619.9247293732307,608.2759222238568,608.2759222238568,320300,2024-12-26
607.42333984375,607.42333984375,616.5738302163963,598.9469859391356,611.3095632222032,354600,2024-12-27
598.4512939453125,598.4512939453125,603.8245990965761,588.7356447036656,601.7030145962483,689200,2024-12-30
587.8214721679688,587.8214721679688,604.9782276488214,585.4371796967703,598.6102712982355,492000,2024-12-31
590.3248291015625,590.3248291015625,605.7033981598618,585.536477801281,600.1301865426137,548100,2025-01-02
615.8067626953125,615.8067626953125,621.3998630359542,595.1630066094236,596.3849245867508,654500,2025-01-03
626.963134765625,626.963134765625,641.0204062073076,623.9133118795352,628.2248293581289,785900,2025-01-06
620.77392578125,620.77392578125,640.5832200222354,618.0419522359715,638.8546355533789,599200,2025-01-07
616.8896484375,616.8896484375,628.9898016419922,606.2994904486677,613.402646676179,346000,2025-01-08
587.3544311523438,587.3544311523438,610.501746710352,578.2445580508456,607.4518634752014,1076900,2025-01-10
583.4999389648438,583.4999389648438,587.5134958634078,572.6415916007493,574.6781418719613,854100,2025-01-13
585.9934692382812,585.9934692382812,594.159618892751,575.3735394712676,587.394260682385,472800,2025-01-14
598.461181640625,598.461181640625,607.3724149082684,597.5372850577714,603.6072801499632,570300,2025-01-15
592.7489013671875,592.7489013671875,610.481932025764,592.103198460815,610.1441340267593,494900,2025-01-16
621.7177734375,621.7177734375,624.5689558112682,601.8488729178205,602.5542407148952,1066100,2025-01-17
634.3046875,634.3046875,650.7064741296738,628.6619271837558,632.9139008829027,1257500,2025-01-21
684.9007568359375,684.9007568359375,694.7458296191302,647.7657821189287,650.835553498372,1558100,2025-01-22
694.2094116210938,694.2094116210938,694.7955708521289,668.9361683265302,669.5223275575653,757500,2025-01-23
673.98291015625,673.98291015625,695.4115269117243,665.6081757583647,695.4115269117243,1063300,2025-01-24
596.851806640625,596.851806640625,652.2761426395998,593.8019231790595,648.1732098912291,2095600,2025-01-27
613.5218505859375,613.5218505859375,618.3202070284111,586.6690024894712,602.3853100412113,1015800,2025-01-28
614.7040405273438,614.7040405273438,615.9259584793406,603.4383474997908,611.6044969649096,435800,2025-01-29
632.60595703125,632.60595703125,637.543349738963,618.3499844308777,619.9097004084347,593600,2025-01-30
633.1920776367188,633.1920776367188,652.8722219927423,627.9665468815831,635.8048430142866,753400,2025-01-31
624.6583862304688,624.6583862304688,640.0567839776097,611.226990211675,611.2369343634459,774300,2025-02-03
651.9879760742188,651.9879760742188,653.5675802524156,623.6847386438424,624.2212377328864,981800,2025-02-04
649.5838623046875,649.5838623046875,660.6309655988788,643.6231924422791,647.7360691997576,883000,2025-02-05
656.56787109375,656.56787109375,662.0119306747621,634.8710040829817,646.2658505674522,1611200,2025-02-06
715.52880859375,715.52880859375,719.2442834379772,672.5623095008243,682.1987387654434,2551700,2025-02-07
700.7363891601562,700.7363891601562,715.5288005755664,694.6863427332845,712.3994243995471,1009100,2025-02-10
694.4479370117188,694.4479370117188,708.306447242627,681.6225271908379,687.6130300731635,708300,2025-02-11
694.8751220703125,694.8751220703125,696.1864768607741,678.2945211503082,684.9903313320762,487300,2025-02-12
695.4014892578125,695.4014892578125,702.8523260443318,689.5302565494638,694.8749949884656,478200,2025-02-13
680.4403076171875,680.4403076171875,693.7922114517377,676.675172724038,688.4077562839052,625300,2025-02-14
686.2420654296875,686.2420654296875,700.1502963088086,680.6091882663898,687.8017814544836,611800,2025-02-18
687.9706420898438,687.9706420898438,703.7167218969158,678.1752884376898,684.2651114521899,710800,2025-02-19
685.2882690429688,685.2882690429688,702.7828203283309,677.6685631374398,693.2656612186344,679300,2025-02-20
656.7467041015625,656.7467041015625,685.2585906166267,655.1670997121287,680.3707970642773,847300,2025-02-21
648.4613037109375,648.4613037109375,660.6409495654398,632.8443768350677,656.3592038816291,1327500,2025-02-24
647.0505981445312,647.0505981445312,655.3458395567664,639.6295325392067,653.9351646488262,897500,2025-02-25
667.1778564453125,667.1778564453125,676.5360920178708,656.150579797897,662.3198955052773,692500,2025-02-26
605.3855590820312,605.3855590820312,667.6348002291246,604.0742043188925,666.8201679989138,1202100,2025-02-27
607.0048217773438,607.0048217773438,620.2375160747936,592.6892457814581,603.6370287713229,961700,2025-02-28
575.1251831054688,575.1251831054688,617.6446185075856,572.3038331596439,615.2802751068216,1054600,2025-03-03
584.2947387695312,584.2947387695312,601.789291797863,554.1337005374387,574.3403998229164,936100,2025-03-04
608.1770629882812,608.1770629882812,609.1009595104421,579.5856883812361,588.1094629827168,636700,2025-03-05
561.9918212890625,561.9918212890625,604.8391069055726,555.842394612797,587.8213900325895,1283100,2025-03-06
592.8779907226562,592.8779907226562,596.384880505962,561.1374730331981,566.2636223030379,782400,2025-03-07
577.7777099609375,577.7777099609375,593.4343523827906,568.1611089066793,578.4631894431402,1152500,2025-03-10
566.611328125,566.611328125,582.9435662532366,554.9383494444467,582.9435662532366,674200,2025-03-11
579.16845703125,579.16845703125,589.1823990243645,571.4692587307994,577.092191058121,695900,2025-03-12
567.4656982421875,567.4656982421875,582.883922268196,559.011472216844,572.3335420005474,485700,2025-03-13
602.0872192382812,602.0872192382812,603.3687413425129,578.8108122921676,581.5427857924401,916000,2025-03-14
636.4406127929688,636.4406127929688,640.5435454514877,605.6636457783221,606.0113879057807,1109700,2025-03-17
618.2109375,618.2109375,633.857698028734,610.6508347429796,627.658610225629,690500,2025-03-18
625.7113647460938,625.7113647460938,639.9970466752194,612.8064645152209,617.7439172162144,706300,2025-03-19
605.02783203125,605.02783203125,648.6102549167945,599.7923580082307,616.820018136234,998100,2025-03-20
587.1060791015625,587.1060791015625,594.0900262281364,571.2308481509542,586.8974944678117,1713600,2025-03-21
623.8139038085938,623.8139038085938,632.1786936266495,596.9113965656547,605.0874900457273,1170800,2025-03-24
628.8208618164062,628.8208618164062,634.5232871339414,619.8301965608634,624.2410948512999,702400,2025-03-25
596.5338745117188,596.5338745117188,625.8703337026458,589.4407234790747,624.7775684851292,907100,2025-03-26
597.49755859375,597.49755859375,607.1041546914622,579.3175273616913,589.3612416814179,707000,2025-03-27
576.0888061523438,576.0888061523438,608.8625453253154,569.2737883531494,595.5503587518156,810800,2025-03-28
577.732421875,577.732421875,579.2465509736917,551.87306188109,565.6295424567918,1141400,2025-03-31
579.2266235351562,579.2266235351562,585.9106427647354,564.3445167380027,572.9012554370005,676900,2025-04-01
588.361083984375,588.361083984375,595.0948359497338,562.0533963593047,564.9919764120489,506100,2025-04-02
496.7474670410156,496.7474670410156,559.6128833978463,492.2748767852947,550.8071749385853,1927700,2025-04-03
475.5400085449219,475.5400085449219,490.4719088055347,449.5411465146204,474.7530614813572,1734100,2025-04-04
486.7264709472656,486.7264709472656,523.0053173533948,440.9744684317828,463.2976277485803,1814700,2025-04-07
453.426025390625,453.426025390625,513.9206617365544,437.15929127103726,506.6389922780188,1587900,2025-04-08
559.6627807617188,559.6627807617188,565.5100284359895,447.7879772303098,457.2312512169546,2335400,2025-04-09
482.83160400390625,482.83160400390625,528.5836354481386,468.3977665542967,523.9416602106629,2145600,2025-04-10
531.06396484375,531.06396484375,536.3533845555468,474.15535601150435,487.79230555226763,2218600,2025-04-11
536.7119750976562,536.7119750976562,558.5769243774623,530.0578694111616,558.5769243774623,1291300,2025-04-14
542.1409301757812,542.1409301757812,552.6201826776448,535.2676446377465,543.097231885005,634400,2025-04-15
522.8259887695312,522.8259887695312,529.021915939644,497.7535474145285,516.0623240304647,1275000,2025-04-16
521.5509643554688,521.5509643554688,537.7280190393725,512.2969273911141,535.9150648698145,864600,2025-04-17
506.22064208984375,506.22064208984375,512.8349250601302,494.47632270697034,510.7330556184005,798700,2025-04-21
509.8365783691406,509.8365783691406,524.5294184756845,504.3479212524069,510.3744638482463,859100,2025-04-22
534.8890380859375,534.8890380859375,551.8331285524001,530.6455980370421,543.7943951212818,828700,2025-04-23
578.4994506835938,578.4994506835938,580.3124050310765,544.6411800347316,546.28474939908,1046700,2025-04-24
581.4578857421875,581.4578857421875,585.9703598556537,566.7551361135538,574.9731649598082,508700,2025-04-25
582.942138671875,582.942138671875,589.0981818224224,562.0334308260196,577.8220432882301,552300,2025-04-28
584.4661865234375,584.4661865234375,591.4590012506403,572.6421914052197,581.8762866682054,783800,2025-04-29
590.801513671875,590.801513671875,593.6105925191104,560.2005931888963,563.0196430105476,784700,2025-04-30
599.2985229492188,599.2985229492188,611.6205809291288,592.5348579564175,597.6748347841649,990100,2025-05-01
634.4219360351562,634.4219360351562,646.8834669632357,606.6001777734916,612.2979824243371,1651600,2025-05-02
624.9686889648438,624.9686889648438,640.1097364410342,623.5740900032123,632.2005035384412,629000,2025-05-05
620.57568359375,620.57568359375,628.9730070651835,610.5746140336419,617.8861348893487,567200,2025-05-06
634.2426147460938,634.2426147460938,638.0378476313122,610.6244749137186,619.2608595173484,569400,2025-05-07
637.4500732421875,637.4500732421875,653.8661888752563,627.5585622473619,646.2757235100593,638300,2025-05-08
635.2984619140625,635.2984619140625,653.4577955262515,628.1761460732513,644.9707937263563,639200,2025-05-09
706.4815673828125,706.4815673828125,718.2059756503085,677.3648591431481,691.2906642917345,1506800,2025-05-12
734.87109375,734.87109375,739.323803006198,703.0150436403902,703.0150436403902,909300,2025-05-13
731.4345092773438,731.4345092773438,752.0741848763022,723.0371241473878,734.1439394090526,589500,2025-05-14
707.5673217773438,707.5673217773438,727.5296393737455,700.6243008305781,722.8080179062304,981400,2025-05-15
712.6276245117188,712.6276245117188,714.0121916179687,693.7510495568531,709.9878697750061,362000,2025-05-16
699.6680297851562,699.6680297851562,703.9613247314255,685.4333691722535,690.0952861854948,512400,2025-05-19
697.4566040039062,697.4566040039062,699.5086184240353,690.0853178105826,692.8047187463633,420900,2025-05-20
675.9901733398438,675.9901733398438,701.2419114462924,671.8562313056981,688.3222026152786,487500,2025-05-21
669.5950317382812,669.5950317382812,692.1273674618159,668.4694059697143,677.3847341443578,461300,2025-05-22
659.6138305664062,659.6138305664062,665.5208425984323,646.1661474422704,647.4710683357046,508500,2025-05-23
682.8634643554688,682.8634643554688,686.847963392112,669.0571289865411,680.6819487009614,787300,2025-05-27
674.8545532226562,674.8545532226562,686.7284036138404,672.852332815471,683.4013203105973,517800,2025-05-28
678.08203125,678.08203125,696.799254782617,674.4860353848547,696.799254782617,419800,2025-05-29
659.3349609375,659.3349609375,677.334880700592,640.8667701531374,668.9276466287536,950300,2025-05-30
666.0687255859375,666.0687255859375,668.5491271986444,652.9597510799542,658.747233245682,422700,2025-06-02
683.1025390625,683.1025390625,686.1307365070877,660.2215212438482,667.1943947059093,521300,2025-06-03
692.0576171875,692.0576171875,718.4748629947153,686.5191664325972,690.7029022226749,534600,2025-06-04
678.4207153320312,678.4207153320312,703.1644807103586,672.2049066607764,699.0405096808657,568800,2025-06-05
684.4174194335938,684.4174194335938,696.0521493738129,682.863467234696,695.5640579675469,293500,2025-06-06
703.54296875,703.54296875,708.2446480601109,687.2264416143454,690.8522892455599,550300,2025-06-09
729.00390625,729.00390625,735.9468660261392,706.0531549104151,709.9579465985875,901100,2025-06-10
718.03662109375,718.03662109375,738.0288521367764,706.4616563541348,733.7554380450132,564900,2025-06-11
715.7853393554688,715.7853393554688,727.1710374821276,710.6453018104187,710.6752147350261,322600,2025-06-12
670.4019165039062,670.4019165039062,700.2159224765355,667.4035713288126,697.1378702991598,1027900,2025-06-13
703.851806640625,703.851806640625,709.9679663359863,678.5800660573775,681.8075612851503,613800,2025-06-16
688.1926879882812,688.1926879882812,707.9757105527239,687.1467691805387,697.2873116454906,430100,2025-06-17
690.5535278320312,690.5535278320312,703.6625638905265,683.4013592585007,691.1611493518241,455200,2025-06-18
683.2420043945312,683.2420043945312,702.2380502648687,674.0377604444076,702.2380502648687,1074600,2025-06-20
689.9358520507812,689.9358520507812,692.3066335879652,668.578937066137,683.2419235683492,480600,2025-06-23
713.8030395507812,713.8030395507812,716.3630872718232,697.9347807090493,703.1145804013071,709700,2025-06-24
720.0189208984375,720.0189208984375,722.1804946477899,706.0831449516379,714.5402346075016,337400,2025-06-25
732.3209838867188,732.3209838867188,741.126753048778,716.2036934218603,725.178786760509,494500,2025-06-26
733.177734375,733.177734375,742.5910646935585,722.1705071667878,733.2374994284991,562300,2025-06-27
730.0931396484375,730.0931396484375,740.1853364515271,721.9275396934329,736.1823823096852,396500,2025-06-30
745.6556396484375,745.6556396484375,755.4084683412623,720.9791649711775,727.9468638148943,587100,2025-07-01
763.0550537109375,763.0550537109375,768.6451760749221,734.4654315002406,741.7825513400525,578700,2025-07-02
757.30517578125,757.30517578125,775.5130724700279,753.0825771009495,768.6451730624693,400100,2025-07-03
739.8658447265625,739.8658447265625,753.9809790729845,735.3338550943705,746.913419747001,450600,2025-07-07
759.970458984375,759.970458984375,768.7949316542846,748.8400532379433,751.8347746842194,504200,2025-07-08
749.818359375,749.818359375,777.4895558885667,728.7155412695449,760.6692283824227,584700,2025-07-09
739.1471557617188,739.1471557617188,755.0790344011141,734.1060536585823,755.0790344011141,386900,2025-07-10
734.764892578125,734.764892578125,746.2845658978806,723.7243551966494,737.8394903468724,383100,2025-07-11
719.8711547851562,719.8711547851562,728.2963068783273,701.8229498365705,728.1465464351354,561100,2025-07-14
716.3572998046875,716.3572998046875,753.6615401798337,715.6884957695429,741.4430869405245,585700,2025-07-15
712.773681640625,712.773681640625,720.9592048626752,685.6614359906705,715.279214074754,779700,2025-07-16
712.314453125,712.314453125,716.4571144818292,702.1922802269743,708.6409355395529,431700,2025-07-17
723.9639282226562,723.9639282226562,724.5529169240432,704.5980991394727,718.623365935352,432700,2025-07-18
723.4947509765625,723.4947509765625,736.4618846831767,722.6362178838308,727.3080368097042,409700,2025-07-21
718.713134765625,718.713134765625,728.6656236663131,701.0842353477283,722.2169684695398,554200,2025-07-22
718.7431030273438,718.7431030273438,720.1905638389628,706.7542256933413,716.6168460334522,401900,2025-07-23
711.7454833984375,711.7454833984375,719.5517314954296,701.3238500403176,716.1976580055846,343500,2025-07-24
713.4224853515625,713.4224853515625,716.9862111086411,702.7812688455864,710.3578798249806,275900,2025-07-25
737.25048828125,737.25048828125,739.7660737671348,720.4500840806513,721.2886328852006,545500,2025-07-28
723.095458984375,723.095458984375,750.1677362033454,713.7419504657789,744.2082697224055,488700,2025-07-29
729.2545776367188,729.2545776367188,746.18475809553,724.7724876341924,733.1677241826143,629600,2025-07-30
709.988525390625,709.988525390625,738.6979303792102,704.7577551996249,729.9533343197928,1344500,2025-07-31
784.2376708984375,784.2376708984375,801.5870950910679,710.208184665615,738.6979456630016,1524100,2025-08-01
829.16845703125,829.16845703125,830.5060650940119,777.5294988484409,790.0274276582313,1360400,2025-08-04
801.3674926757812,801.3674926757812,832.9717583165663,772.7778717442316,828.5395683092232,988800,2025-08-05
804.4320678710938,804.4320678710938,805.9793893600634,788.6798647510467,800.5888663873473,416400,2025-08-06
796.5360107421875,796.5360107421875,818.0580730456056,783.6187764988413,814.8636913252806,640200,2025-08-07
802.8748168945312,802.8748168945312,813.5659944115293,793.1020644907485,797.1150107330739,399400,2025-08-08
796.1067504882812,796.1067504882812,813.9652867493382,794.4197216918144,804.8113779610549,540400,2025-08-11
839.0809936523438,839.0809936523438,842.5149432515221,801.5870846338534,806.3786266279304,713900,2025-08-12
860.2836303710938,860.2836303710938,863.6077882172607,838.5220001712497,844.1121224679526,543900,2025-08-13
847.3164672851562,847.3164672851562,853.4855859064642,835.0381220319603,844.0422703172593,582300,2025-08-14
825.0157470703125,825.0157470703125,850.4209784498258,822.4003619921492,850.4209784498258,575600,2025-08-15
848.8138427734375,848.8138427734375,851.7386800087619,821.5618904116509,822.1408869379978,563800,2025-08-18
843.3135375976562,843.3135375976562,866.4727287071795,838.4820878382372,852.8966826745778,557900,2025-08-19
824.816162109375,824.816162109375,846.0786716632614,804.521916553696,839.3505407298339,673100,2025-08-20
819.2958984375,819.2958984375,829.8473078366128,810.5712862136428,812.7873508788998,413000,2025-08-21
842.5149536132812,842.5149536132812,858.2771486432129,819.1960709416242,820.7932313167054,548800,2025-08-22
836.3857421875,836.3857421875,848.9436243090641,830.7357279583758,839.9294836561094,348000,2025-08-25
849.143310546875,849.143310546875,856.4803538248838,838.382248749513,838.382248749513,404000,2025-08-26
864.7957153320312,864.7957153320312,868.4692330524616,842.0458363220431,846.4081424230395,326600,2025-08-27
856.9495239257812,856.9495239257812,873.5102989738646,855.8913914793662,865.4544911813532,468100,2025-08-28
834.2894897460938,834.2894897460938,851.9882743082192,823.7081038930158,847.9154360098235,568900,2025-08-29
822.2008056640625,822.2008056640625,823.5184294971615,799.560657687496,809.6828308997431,517400,2025-09-02
826.1038818359375,826.1038818359375,828.7991432934913,808.1155690496238,828.7991432934913,432600,2025-09-03
846.6177368164062,846.6177368164062,848.6441942790888,816.1314938449658,826.1039067031148,424500,2025-09-04
864.3364868164062,864.3364868164062,865.6940792456419,844.8508740906198,852.1480095574655,491500,2025-09-05
862.7991943359375,862.7991943359375,877.9524770780973,849.1631956491517,867.7804044403889,495400,2025-09-08
856.3605346679688,856.3605346679688,867.7904000687613,846.6376823800405,864.1867666471433,281900,2025-09-09
853.67529296875,853.67529296875,868.1697643471879,844.5114526029013,867.3511998359337,751800,2025-09-10
838.9013061523438,838.9013061523438,859.0856986112993,828.9089095957984,853.6552681785762,576000,2025-09-11
832.6723022460938,832.6723022460938,843.473271209049,828.5395721670794,843.473271209049,329700,2025-09-12
848.2149047851562,848.2149047851562,851.0398813576347,829.5378042500569,836.5254873183486,393100,2025-09-15
855.5120849609375,855.5120849609375,858.6864824104931,843.1438706567035,846.0787001368985,401200,2025-09-16
876.11572265625,876.11572265625,882.9038067382951,848.504417479202,854.9131043726238,408400,2025-09-17
916.1651611328125,916.1651611328125,922.7735081218867,888.5238802826133,893.7745739372706,853300,2025-09-18
914.7476196289062,914.7476196289062,921.7452950503409,891.4986210887215,921.7452950503409,1232000,2025-09-19
921.186279296875,921.186279296875,936.3894620526851,916.1750926753341,918.78054658907,416300,2025-09-22
912.6613159179688,912.6613159179688,930.60965971601,905.424072653886,916.0253813609835,425500,2025-09-23
906.8515625,906.8515625,918.7106640969197,898.316618710883,918.7106640969197,349400,2025-09-24
889.8215942382812,889.8215942382812,896.6096173026036,870.7551645532973,896.0705893785203,336500,2025-09-25
885.9883422851562,885.9883422851562,890.9695526243809,875.4569172112128,886.9865827836867,304300,2025-09-26
885.030029296875,885.030029296875,914.0388943998005,884.361164325933,906.9214351016134,333100,2025-09-29
920.6400146484375,920.6400146484375,929.5,894.3800048828125,898.1599731445312,505700,2025-09-30
915.8699951171875,915.8699951171875,923.3400268554688,894.8900146484375,907.3699951171875,444000,2025-10-01
930.510009765625,930.510009765625,940.1099853515625,925.0499877929688,927.25,389300,2025-10-02
918.8300170898438,918.8300170898438,954.8099975585938,916.7999877929688,940.4400024414062,420400,2025-10-03
968.0999755859375,968.0999755859375,986.6300048828125,930.6099853515625,932.5800170898438,652000,2025-10-06
945.489990234375,945.489990234375,972.739990234375,940.8800048828125,969.7000122070312,423000,2025-10-07
980.9000244140625,980.9000244140625,983.47998046875,945.989990234375,947.1900024414062,570100,2025-10-08
979.25,979.25,980.0999755859375,961.9400024414062,973.8300170898438,361400,2025-10-09
904.4400024414062,904.4400024414062,990.25,901.3900146484375,985.4500122070312,872600,2025-10-10
981.6699829101562,981.6699829101562,990.6699829101562,953.6599731445312,967.5999755859375,774000,2025-10-13
968.25,968.25,994.8300170898438,960.0,967.5399780273438,754100,2025-10-14
1007.9299926757812,1007.9299926757812,1016.9600219726562,987.3099975585938,1000.0,631900,2025-10-15
1026.8299560546875,1026.8299560546875,1041.5,1007.9299926757812,1011.52001953125,517700,2025-10-16
1004.6500244140625,1004.6500244140625,1024.3399658203125,994.8599853515625,1002.9000244140625,502800,2025-10-17
1031.5899658203125,1031.5899658203125,1037.8900146484375,1018.5800170898438,1018.5800170898438,442600,2025-10-20
1028.6700439453125,1028.6700439453125,1035.699951171875,1012.3499755859375,1027.3199462890625,255000,2025-10-21
1001.4000244140625,1001.4000244140625,1022.760009765625,980.780029296875,1013.5499877929688,713000,2025-10-22
1070.800048828125,1070.800048828125,1076.0,1038.5999755859375,1045.0,727500,2025-10-23
1074.9100341796875,1074.9100341796875,1091.9100341796875,1073.530029296875,1086.0999755859375,378600,2025-10-24
