Price,Close,High,Low,Open,Volume,Date
156.864501953125,156.864501953125,157.94325109126578,154.57682498392165,156.42743699556175,2368800,2021-10-25
153.30274963378906,153.30274963378906,158.09200165500235,153.03305533164934,157.4410374273553,3204000,2021-10-26
141.81784057617188,141.81784057617188,150.17812363065352,141.14827324284514,148.92268133317654,7343000,2021-10-27
141.81784057617188,141.81784057617188,143.14766663072294,139.9393314360076,142.1061237521958,4440300,2021-10-28
140.4508056640625,140.4508056640625,143.27787083529284,139.6975459765175,142.13401838609906,3863700,2021-10-29
142.29212951660156,142.29212951660156,143.9846510981727,141.54817833213352,141.6039732519727,3181700,2021-11-01
141.26919555664062,141.26919555664062,143.2220887839405,140.3020362717265,142.4874319915191,3788000,2021-11-02
143.11981201171875,143.11981201171875,144.4682556940791,140.1067722998689,140.4229530269215,3334100,2021-11-03
142.71060180664062,142.71060180664062,144.5984053696912,141.6318528591953,142.28281715853043,2462500,2021-11-04
144.02183532714844,144.02183532714844,146.55130895179295,143.44526893284043,144.6914027095519,2389600,2021-11-05
144.6262969970703,144.6262969970703,146.70938267098592,143.94742107873606,145.51904394590358,2279200,2021-11-08
144.53329467773438,144.53329467773438,145.17496452310215,142.46879786653233,143.7335345239358,2154400,2021-11-09
145.3330841064453,145.3330841064453,147.36968387286646,144.58911871282686,144.58911871282686,2274600,2021-11-10
146.14210510253906,146.14210510253906,147.5463431836375,144.98897248913585,145.33305055088275,1822700,2021-11-11
146.37550354003906,146.37550354003906,146.87026652910342,144.72317406550474,146.40350791720553,2143700,2021-11-12
145.96478271484375,145.96478271484375,147.89715634539164,145.47934967350156,146.37553265410673,1772000,2021-11-15
143.5936279296875,143.5936279296875,146.09544728228502,142.59475765092034,146.09544728228502,2678300,2021-11-16
141.84793090820312,141.84793090820312,144.69516112106663,141.7732478254003,143.4815859531184,3107900,2021-11-17
142.81883239746094,142.81883239746094,143.7056710801039,140.4663645570335,141.9599980973181,2485400,2021-11-18
141.2598114013672,141.2598114013672,142.40803342150218,138.64596072815712,140.49432055838372,2754900,2021-11-19
143.02420043945312,143.02420043945312,144.36845346740006,140.93311643318387,143.17355239077318,2681000,2021-11-22
145.89942932128906,145.89942932128906,146.31952355005566,143.0242082417917,143.76168072605634,2596000,2021-11-23
145.49798583984375,145.49798583984375,147.45837758317992,144.7511692593185,144.81652229812238,2308700,2021-11-24
139.24342346191406,139.24342346191406,140.53166746079614,134.77186827398552,140.53166746079614,3081400,2021-11-26
137.24571228027344,137.24571228027344,141.64257062132086,136.01346265326458,141.18515627787855,4261600,2021-11-29
131.1871795654297,131.1871795654297,136.2935201232951,130.86044282630104,135.50002475360722,6024200,2021-11-30
129.17074584960938,129.17074584960938,135.79872240732462,129.15208576508303,134.8932097559211,3540600,2021-12-01
133.82904052734375,133.82904052734375,135.51870455909702,129.7589045347533,130.42170808442037,3028400,2021-12-02
132.4661102294922,132.4661102294922,134.19312307638705,131.32721788887892,133.51165937892003,2772900,2021-12-03
136.2375030517578,136.2375030517578,138.0205243303135,134.36112435505098,135.34132026826978,2928700,2021-12-06
138.7020263671875,138.7020263671875,141.0638244091205,137.48845081637168,138.1325801449618,2840800,2021-12-07
138.91673278808594,138.91673278808594,140.07429958182104,138.16991596130026,138.9914158951991,2513300,2021-12-08
139.25279235839844,139.25279235839844,140.6904171674655,137.28307002497985,138.38462799180292,2311500,2021-12-09
140.4103240966797,140.4103240966797,141.38117570766906,138.62730284348507,140.51301155744852,2415300,2021-12-10
136.3308563232422,136.3308563232422,139.53282797767315,135.89211630959326,139.33678308277203,2608000,2021-12-13
138.0858612060547,138.0858612060547,139.58882445358498,135.83608135673353,136.8722860086872,2213900,2021-12-14
137.5911102294922,137.5911102294922,138.7766811540306,134.42648724536463,138.48729307863894,2702700,2021-12-15
138.17922973632812,138.17922973632812,140.25163920691438,137.5537748772727,139.77553628475565,3341700,2021-12-16
134.50119018554688,134.50119018554688,137.55379610564913,133.15692283561762,137.55379610564913,9081100,2021-12-17
129.152099609375,129.152099609375,131.812614862179,127.44376156569703,131.05646827196796,3246500,2021-12-20
133.9690399169922,133.9690399169922,134.1930891590292,130.79508733201072,131.03779666096165,2509900,2021-12-21
134.17445373535156,134.17445373535156,134.92127051436057,132.68083442167884,133.4649856296829,1669400,2021-12-22
135.453369140625,135.453369140625,136.96566264430592,135.35068166541555,135.60272108646643,1720300,2021-12-23
136.1908416748047,136.1908416748047,136.3775422905251,134.04374898316033,135.78943606322304,1291800,2021-12-27
136.480224609375,136.480224609375,138.0485410597294,134.9399267824468,135.15463177019618,1025700,2021-12-28
135.91075134277344,135.91075134277344,136.97496026834986,135.55602453047499,136.48019734426947,1331900,2021-12-29
135.81744384765625,135.81744384765625,137.5071079654451,135.67740769909798,136.06015322974193,1213400,2021-12-30
135.44398498535156,135.44398498535156,136.97495237327698,135.34129754036647,135.54667243033666,1356300,2021-12-31
138.47796630859375,138.47796630859375,139.42082798951887,136.2375302688006,136.36822213371613,2381600,2022-01-03
141.1011199951172,141.1011199951172,142.23068208193538,139.80353164849612,140.42898646722145,3478800,2022-01-04
138.40325927734375,138.40325927734375,142.82813607184661,138.3379204783559,142.10932381692533,2105900,2022-01-05
140.70904541015625,140.70904541015625,141.23181276990712,136.48021357832747,139.15941766356397,2622200,2022-01-06
144.40579223632812,144.40579223632812,145.28330077025402,140.0182638110421,140.61571430838728,3286300,2022-01-07
146.70220947265625,146.70220947265625,147.3650128942927,143.85499365674042,146.36614274022693,3876900,2022-01-10
147.97183227539062,147.97183227539062,148.29856905060728,145.54469567501152,147.0569892468663,2178100,2022-01-11
148.2332305908203,148.2332305908203,150.3243148205083,147.925182365323,148.9240386363185,2133200,2022-01-12
150.6416778564453,150.6416778564453,151.50985632780078,148.95201387061806,149.52145997718875,2407300,2022-01-13
149.88552856445312,149.88552856445312,149.95088160975374,144.24709059744092,146.50620065095848,3633100,2022-01-14
146.63693237304688,146.63693237304688,151.60323812572057,145.44203109822251,149.9415780952821,2393700,2022-01-18
141.53054809570312,141.53054809570312,147.58908005859342,141.49321367393847,146.98228531126333,2019100,2022-01-19
140.27964782714844,140.27964782714844,144.2657564185718,139.86889793849042,141.60524067596256,1962700,2022-01-20
136.7789306640625,136.7789306640625,139.5141289534487,135.65871298323654,139.5141289534487,2727100,2022-01-21
138.4405975341797,138.4405975341797,138.7673199932381,131.3271870961592,133.71700298854284,3963500,2022-01-24
142.04397583007812,142.04397583007812,144.23773263025865,134.97724402463848,136.97497019619283,5634300,2022-01-25
135.26663208007812,135.26663208007812,139.98089663203797,132.68079977807068,134.37979361846388,7626600,2022-01-26
132.26068115234375,132.26068115234375,138.72063129950357,131.4578702103713,137.05897218621658,4048700,2022-01-27
133.13824462890625,133.13824462890625,133.23160206496075,129.38551500450828,131.44858044447145,3599400,2022-01-28
136.97499084472656,136.97499084472656,137.23637455185855,131.0751688553056,131.94333311592032,3789000,2022-01-31
140.48500061035156,140.48500061035156,140.830397396627,136.27482916009336,137.2270206386547,3063900,2022-02-01
139.6728515625,139.6728515625,140.53168575500365,137.16168778785195,139.54215971243082,2446600,2022-02-02
138.43128967285156,138.43128967285156,141.0638155913418,138.0672184547992,139.0100801499094,1978000,2022-02-03
140.35430908203125,140.35430908203125,141.78258918078106,138.692649695978,139.0940552328561,2201200,2022-02-04
142.05332946777344,142.05332946777344,143.2762348829808,140.32633096517415,140.92378148269316,2300400,2022-02-07
145.61001586914062,145.61001586914062,145.91807826927464,142.49207168985853,143.29489709023554,3376300,2022-02-08
148.2799072265625,148.2799072265625,149.28810777431778,146.3568635730897,146.50622978261174,2173400,2022-02-09
147.03831481933594,147.03831481933594,149.82953686459047,146.3568511322935,147.8318102761697,2865400,2022-02-10
146.185546875,146.185546875,150.28999180518665,144.99544258587636,146.3635956622087,3041600,2022-02-11
145.37965393066406,145.37965393066406,148.14405728968958,144.63936160761793,146.74780702872718,2598300,2022-02-14
148.89373779296875,148.89373779296875,149.58718725037812,146.53227478823413,147.11327839264092,2090200,2022-02-15
148.86561584472656,148.86561584472656,150.43991487112672,147.20696813570393,147.5536999893931,1761800,2022-02-16
144.64874267578125,144.64874267578125,147.89106982550715,143.46801826225732,147.20698605448916,2201500,2022-02-17
144.27394104003906,144.27394104003906,147.38506288086487,143.65546010160713,144.08651217470947,3158300,2022-02-18
143.30868530273438,143.30868530273438,145.33279633321249,141.66878331299537,143.8615774120853,2095700,2022-02-22
140.06637573242188,140.06637573242188,144.92047886008461,139.43852924479816,144.1520750613552,2942800,2022-02-23
138.47332763671875,138.47332763671875,138.82004519512,132.15735712887917,134.01278508564695,3693300,2022-02-24
143.9272003173828,143.9272003173828,144.6206498999733,139.18554200899254,139.45730526788927,2019500,2022-02-25
143.62730407714844,143.62730407714844,143.85219576767682,138.58577229858443,139.6071935232286,3408000,2022-02-28
131.8293914794922,131.8293914794922,142.89640089190175,131.33273651647548,142.79332075058812,4335700,2022-03-01
132.31666564941406,132.31666564941406,134.79057446035273,130.35815748633993,133.01948081500814,3700800,2022-03-02
129.8052978515625,129.8052978515625,133.6848375375531,127.45320028306669,133.17880254005127,3837300,2022-03-03
125.68208312988281,125.68208312988281,126.66602717731848,122.77712248841863,126.51608985033941,3864500,2022-03-04
116.94844818115234,116.94844818115234,124.454509115506,116.85473377146643,124.15464874237153,4877900,2022-03-07
118.14791107177734,118.14791107177734,122.52410491978547,114.72754265943192,118.00734661521967,3683400,2022-03-08
123.61112213134766,123.61112213134766,126.51608260648428,122.73962397963989,123.86412526997697,3061600,2022-03-09
122.06492614746094,122.06492614746094,123.78917679332896,119.08499687149022,120.88420188130826,3328500,2022-03-10
121.90563201904297,121.90563201904297,124.7356384753298,121.51205723486714,123.18945080186681,2514500,2022-03-11
125.2603988647461,125.2603988647461,127.79991054691209,124.07029454883725,124.58569518161751,3001400,2022-03-14
125.8226547241211,125.8226547241211,128.1841032791715,124.49199311963096,125.31661982031707,2853300,2022-03-15
129.1680450439453,129.1680450439453,132.31665736051625,126.25370443456326,128.37152981878927,3376800,2022-03-16
128.8962860107422,128.8962860107422,128.90565173072096,122.90830221821062,123.76105459697965,3154000,2022-03-17
129.5147705078125,129.5147705078125,129.8052651225937,125.59774032136949,125.59774032136949,6579300,2022-03-18
125.98197174072266,125.98197174072266,130.15200580498183,124.87620170526273,129.50541352221123,4071300,2022-03-21
129.47731018066406,129.47731018066406,131.8481391670203,127.35949869013774,127.78118498397892,2964500,2022-03-22
125.56027221679688,125.56027221679688,129.2617624156469,124.52010524103193,128.16537251667475,1994700,2022-03-23
126.57231140136719,126.57231140136719,127.16266631768937,124.89491814843637,126.70350297152865,1883800,2022-03-24
127.3313980102539,127.3313980102539,128.24037362892793,126.18815061973226,127.52817829126998,2240600,2022-03-25
124.86682891845703,124.86682891845703,126.45987378223231,122.8708292539345,126.45987378223231,2747600,2022-03-28
127.15331268310547,127.15331268310547,129.1867893632818,126.52546623060209,127.71555619488859,2236600,2022-03-29
126.01007843017578,126.01007843017578,128.68078185376726,125.15732590698703,127.16269133036899,2795600,2022-03-30
123.03013610839844,123.03013610839844,127.57501341478729,123.03013610839844,125.49467929710123,3273000,2022-03-31
122.65528106689453,122.65528106689453,125.61647855452394,121.87749736799644,124.65128037007648,2829600,2022-04-01
123.38624572753906,123.38624572753906,124.51074728740183,121.09975111982399,122.73028767585353,2230200,2022-04-04
122.2148666381836,122.2148666381836,124.02345171444311,121.88689481627456,122.70215580934104,2333500,2022-04-05
121.14659881591797,121.14659881591797,122.79586668760066,120.57497520888279,122.0274628299209,3611400,2022-04-06
121.1747055053711,121.1747055053711,124.38892102775799,118.85073398257407,121.8587749429615,4729800,2022-04-07
123.47055053710938,123.47055053710938,124.2951914894932,121.52140829435379,122.20549194749478,2597200,2022-04-08
122.97391510009766,122.97391510009766,125.52279272013033,122.70216617904659,123.64861884062465,1858000,2022-04-11
123.91098022460938,123.91098022460938,126.50671459439812,122.41164996425772,122.6740331172895,2026100,2022-04-12
124.27645874023438,124.27645874023438,124.60444487116399,122.11179031277028,122.27109336816686,1704100,2022-04-13
124.24835968017578,124.24835968017578,126.00072206208498,123.86415058531968,124.3795512858812,2289100,2022-04-14
129.29922485351562,129.29922485351562,130.37688318773476,123.69545013152661,123.91097607884686,2731300,2022-04-18
132.68212890625,132.68212890625,133.3943240916501,129.40232480156126,129.40232480156126,3119200,2022-04-19
132.92581176757812,132.92581176757812,135.16544938000936,132.17613922266582,133.7504386980486,2035700,2022-04-20
131.1734161376953,131.1734161376953,135.624578772868,130.8454443122849,134.12524835925424,1925300,2022-04-21
126.76911163330078,126.76911163330078,130.7236193999127,126.572331396377,130.46123621814033,2458600,2022-04-22
127.8749008178711,127.8749008178711,128.2403641830818,122.9926711607,125.49469178388294,2573800,2022-04-25
123.91098022460938,123.91098022460938,127.71555024237955,123.82664584659405,125.22291028857768,2764100,2022-04-26
116.5267562866211,116.5267562866211,118.5977175079322,112.33797663855239,113.3687779631285,5465100,2022-04-27
121.24031066894531,121.24031066894531,122.2992091687048,117.25768409693448,117.85741915568018,3265200,2022-04-28
116.77976989746094,116.77976989746094,122.7583816353829,116.53612530612205,120.74365055707472,2806300,2022-04-29
118.67267608642578,118.67267608642578,118.86946346363818,115.96449570810408,117.64188199890144,2266200,2022-05-02
120.55622100830078,120.55622100830078,122.09304291465097,118.32595681479391,119.48794968986297,2096000,2022-05-03
125.85075378417969,125.85075378417969,126.00069109636972,120.15326461024023,120.62180798672728,2266500,2022-05-04
122.13053894042969,122.13053894042969,125.01676834485978,120.90295737368425,123.69547236740232,2605000,2022-05-05
119.04753112792969,119.04753112792969,122.0930566719861,117.78246513129567,121.68075041064297,2434200,2022-05-06
115.46784210205078,115.46784210205078,118.50400147584135,114.62446251227418,116.92969529139341,2852100,2022-05-09
113.4156265258789,113.4156265258789,117.12648979727638,110.09833803718897,116.07695704338963,2981800,2022-05-10
112.06623840332031,112.06623840332031,116.75167371710222,111.8881967229933,113.63117923167272,2785600,2022-05-11
106.96849060058594,106.96849060058594,110.46382137227263,104.56017711373076,108.70210025231474,3952000,2022-05-12
109.70980072021484,109.70980072021484,111.50909767017367,108.57935741700801,108.96558945718343,3067700,2022-05-13
107.36412048339844,107.36412048339844,110.05835095478145,106.14889005227677,109.11631252946383,2427400,2022-05-16
113.43086242675781,113.43086242675781,113.96782409938042,110.13372758397745,110.98155650808839,2943500,2022-05-17
107.7597885131836,107.7597885131836,111.96127955852106,107.42065406224302,111.27359544596868,2942400,2022-05-18
106.76123046875,106.76123046875,108.28732831812735,105.72498950242597,105.94165434384396,2508800,2022-05-19
107.10977172851562,107.10977172851562,109.0786358785253,103.89742426622418,108.42862703090164,2586600,2022-05-20
111.91417694091797,111.91417694091797,112.96925546362876,109.23878385722261,109.81342791856333,2243500,2022-05-23
110.05836486816406,110.05836486816406,111.19823064443625,107.15688442646193,110.3974993191258,2568500,2022-05-24
113.25187683105469,113.25187683105469,114.09029057446448,109.21053054626738,109.61560741454724,1973900,2022-05-25
117.19901275634766,117.19901275634766,118.01858164820415,114.45767728269196,114.89101412846072,1898200,2022-05-26
119.13018798828125,119.13018798828125,119.13018798828125,117.20842858354884,117.2743709911394,1890700,2022-05-27
120.44905853271484,120.44905853271484,121.47587717870509,117.48163544216614,117.71714509717502,3758000,2022-05-31
117.71713256835938,117.71713256835938,121.08020979646129,116.2758147830562,120.3548432985969,2400400,2022-06-01
119.04540252685547,119.04540252685547,119.62946177102818,116.6149415802505,118.44249848869994,2070400,2022-06-02
116.85987091064453,116.85987091064453,118.45191098088094,116.41711169558593,117.64175735059987,1908600,2022-06-03
118.3954086303711,118.3954086303711,119.97803372702495,116.33234184709448,117.99975415300362,1758100,2022-06-06
120.7975845336914,120.7975845336914,121.15556373890244,116.9729107862721,117.26494758849945,1914500,2022-06-07
117.91494750976562,117.91494750976562,120.5338131719314,117.12363868544911,119.26206274017541,2043400,2022-06-08
112.42288970947266,112.42288970947266,117.8019367576719,112.32868728134956,117.6323695121765,2844100,2022-06-09
106.05469512939453,106.05469512939453,110.39749315147,104.98077182374124,109.12573543782182,3779300,2022-06-10
100.80756378173828,100.80756378173828,104.48151616675375,100.11987236508656,102.69164119075288,4449700,2022-06-13
100.4024658203125,100.4024658203125,102.25828282940911,99.42274491038188,101.84378358635063,2054200,2022-06-14
101.90030670166016,101.90030670166016,103.2285844871049,99.57347036807701,102.4090083734996,3081600,2022-06-15
96.19156646728516,96.19156646728516,98.85753755343985,92.82848879731932,98.75391272767523,4951500,2022-06-16
101.04305267333984,101.04305267333984,101.96624638903276,97.04880421307142,98.21693714114905,10006800,2022-06-17
100.28941345214844,100.28941345214844,104.858298539471,99.26259498199889,104.27423929486595,2917500,2022-06-21
99.50753021240234,99.50753021240234,100.5626159838817,98.27346200233502,98.63143406669475,2311200,2022-06-22
98.16984558105469,98.16984558105469,99.53580591815279,96.43649793737984,99.22493144275967,2486300,2022-06-23
103.70903015136719,103.70903015136719,105.22571293269999,99.20608661411704,99.31913383800217,4053700,2022-06-24
103.24742889404297,103.24742889404297,104.80179401803947,102.68220717273081,104.80179401803947,2187400,2022-06-27
102.23002624511719,102.23002624511719,106.79891922879625,101.91915896774883,105.11266926350162,1692700,2022-06-28
99.48868560791016,99.48868560791016,101.7589946338489,99.2437535878427,101.64595461472801,2438900,2022-06-29
98.15098571777344,98.15098571777344,99.89375536511535,95.68284245897163,97.0299576930715,2177900,2022-06-30
100.62854766845703,100.62854766845703,101.29739411032683,97.70822988979714,97.71765228677646,1536800,2022-07-01
100.47781372070312,100.47781372070312,100.50607372121455,96.54950834442374,97.67053627925847,1890100,2022-07-05
99.89376068115234,99.89376068115234,101.43870320409029,98.87635740394447,100.10101029545578,1576400,2022-07-06
102.53146362304688,102.53146362304688,103.15321246308324,100.68506908434317,101.78725955648187,2517100,2022-07-07
102.31478881835938,102.31478881835938,104.01046077377828,101.16550084715128,103.15320239987693,1879300,2022-07-08
100.95826721191406,100.95826721191406,102.5974194236378,100.66623756844788,101.14667922962094,1784200,2022-07-11
100.8358154296875,100.8358154296875,102.79525749747262,97.73650748645024,97.97201714304408,2510200,2022-07-12
99.413330078125,99.413330078125,100.11985901227696,96.84156878263491,98.86694597745667,2064600,2022-07-13
97.45387268066406,97.45387268066406,98.40533350710226,96.069082226195,96.72850625213265,2788500,2022-07-14
101.88146209716797,101.88146209716797,102.66335575318371,98.32997303594053,100.34593478932301,4156600,2022-07-15
104.0858383178711,104.0858383178711,106.68586675178297,103.35104939217909,104.04815591306844,3418600,2022-07-18
106.46919250488281,106.46919250488281,107.18514380686338,103.7372864918001,104.02931613896243,2490500,2022-07-19
108.10834503173828,108.10834503173828,108.27791225669058,105.93223111365305,106.0264407175472,2092300,2022-07-20
107.64673614501953,107.64673614501953,107.93877296706653,104.99961026207286,106.63875523832732,3507800,2022-07-21
102.61624908447266,102.61624908447266,105.39525964897433,101.29739381140051,103.04958591086236,4201500,2022-07-22
104.50032806396484,104.50032806396484,105.27279932409053,101.61769263740514,103.34161758018473,2435900,2022-07-25
100.19522094726562,100.19522094726562,104.01047995703739,100.17637615140617,103.15322142502686,2372000,2022-07-26
102.62566375732422,102.62566375732422,103.20030774600389,100.27998300857642,101.30680858351545,2613300,2022-07-27
101.46696472167969,101.46696472167969,103.00248487036419,98.96114607990613,102.47494561676622,3337100,2022-07-28
103.46409606933594,103.46409606933594,103.70902091850559,101.36334693239583,101.67422138001552,2366100,2022-07-29
103.3698959350586,103.3698959350586,103.64308079692273,99.89377129549644,102.13582051526431,1898000,2022-08-01
100.74159240722656,100.74159240722656,102.73870928702122,100.6568052108522,102.53145968164263,2209400,2022-08-02
102.73870849609375,102.73870849609375,103.1814677065062,101.43869805488549,102.12638926860367,1553700,2022-08-03
100.69450378417969,100.69450378417969,101.71190718098978,99.95971483776708,101.23146549018767,3323200,2022-08-04
100.73238372802734,100.73238372802734,101.42394968758711,99.53871292487466,99.87028614026318,2455500,2022-08-05
102.14395141601562,102.14395141601562,103.8113004533375,101.32922445617396,101.36711957381249,2890700,2022-08-08
100.77974700927734,100.77974700927734,102.33341055365977,100.04081035130936,102.248151967473,1816500,2022-08-09
106.80494689941406,106.80494689941406,107.44914947048068,102.78815822392781,103.33762661084594,3480200,2022-08-10
109.2017593383789,109.2017593383789,110.41438149387638,108.31124931643033,108.92703236723064,2615100,2022-08-11
109.64701080322266,109.64701080322266,110.21542311001488,108.52913013450427,110.21542311001488,1594600,2022-08-12
107.676513671875,107.676513671875,108.17861132246712,106.21758419543016,107.11756973202874,2328200,2022-08-15
109.3817367553711,109.3817367553711,109.83647087321387,106.74808789803106,107.53439521234584,2191600,2022-08-16
107.629150390625,107.629150390625,108.23545784761222,106.13232569404497,107.19336735765012,1962600,2022-08-17
107.85649108886719,107.85649108886719,108.25437891823319,106.87123987251793,107.79965203545876,1699300,2022-08-18
106.30284881591797,106.30284881591797,107.15547092553564,105.94285602641492,106.81442208168858,2157200,2022-08-19
103.26182556152344,103.26182556152344,104.16181105834329,102.21025960373163,104.05760129836362,2271500,2022-08-22
104.02918243408203,104.02918243408203,105.46916791150679,103.43235062763547,103.94392384505578,1809700,2022-08-23
104.55023193359375,104.55023193359375,105.35548326669519,103.110246446579,104.06707824263117,1662700,2022-08-24
107.676513671875,107.676513671875,107.69545761645671,104.7491791328172,105.33654260341329,1565500,2022-08-25
104.03866577148438,104.03866577148438,108.38703482966308,103.90603647128113,107.99861528781443,2212200,2022-08-26
101.55657958984375,101.55657958984375,103.19550896121258,100.99764291304855,103.11971873216284,2329600,2022-08-29
101.20608520507812,101.20608520507812,102.3429099856458,100.41030207647621,102.28607091494412,1542600,2022-08-30
100.24922943115234,100.24922943115234,102.24815152430135,100.10712456036966,101.7081587975303,2845900,2022-08-31
99.29241180419922,99.29241180419922,99.90819484669805,96.8766575682107,99.76608995569755,2016600,2022-09-01
98.73347473144531,98.73347473144531,101.8029071193321,98.19348192961566,101.10186548118156,1863600,2022-09-02
96.79138946533203,96.79138946533203,99.40609482385901,95.79666970724095,99.13136063512295,2253700,2022-09-06
99.36819458007812,99.36819458007812,99.66187269906888,96.33665752927358,96.33665752927358,2402700,2022-09-07
100.83658599853516,100.83658599853516,100.95026410522576,96.98084694528706,98.38292993132993,2182200,2022-09-08
102.61762237548828,102.61762237548828,103.21445417414945,101.33869296249767,101.83131500187218,1725800,2022-09-09
104.01025390625,104.01025390625,105.5070786648797,103.40394642412879,103.90604413015836,2208600,2022-09-12
95.72087097167969,95.72087097167969,100.73238611901819,95.5313953957074,100.3534421948278,3118600,2022-09-13
95.35140228271484,95.35140228271484,96.2703389464784,93.34300455131661,96.19454871636809,3350100,2022-09-14
97.35980224609375,97.35980224609375,99.27346598966778,95.55035549986302,95.6261457373373,3272100,2022-09-15
96.32720184326172,96.32720184326172,96.82929959342678,94.18617429320777,96.21351646996256,5629200,2022-09-16
97.08507537841797,97.08507537841797,97.43559257850708,94.53668465596212,94.82088720513532,1949800,2022-09-19
96.03347778320312,96.03347778320312,96.25136560990143,94.3282341371827,95.68295347047878,2833800,2022-09-20
94.25247192382812,94.25247192382812,97.95663835561004,94.16721333007584,96.67770885504318,3386200,2022-09-21
90.44410705566406,90.44410705566406,94.69773481598729,90.33042169774993,94.37563714352967,2446400,2022-09-22
88.84307861328125,88.84307861328125,89.99885453320113,87.33678546462714,88.8051834914103,2544300,2022-09-23
86.49362182617188,86.49362182617188,89.66726357265267,86.06730720999282,88.0567537355663,2547800,2022-09-26
86.57887268066406,86.57887268066406,88.53042391755103,85.51783125549798,88.09464098250605,2736000,2022-09-27
90.03673553466797,90.03673553466797,90.62409898991866,86.60730343461495,87.22308641987298,3483600,2022-09-28
88.74832916259766,88.74832916259766,89.49674142841296,87.09993139730108,88.42622429595683,2463100,2022-09-29
87.31782531738281,87.31782531738281,89.62937691969675,87.17572043190775,88.85254507055507,2396500,2022-09-30
90.5388412475586,90.5388412475586,90.88936568034005,87.11888442839047,89.1462263309535,2158100,2022-10-03
94.61248016357422,94.61248016357422,94.70721435190879,92.27250885015822,92.58513817664208,3165800,2022-10-04
93.73143005371094,93.73143005371094,94.19563259425142,91.76092731135905,92.3103956731647,2515000,2022-10-05
91.63777923583984,91.63777923583984,93.2767016079831,91.06935966646142,92.57565996090614,2302100,2022-10-06
88.92833709716797,88.92833709716797,90.80409849439407,88.4072882491858,90.27358128754302,2958100,2022-10-07
88.15149688720703,88.15149688720703,90.11252392288932,87.81044807858801,89.5725311805349,1717600,2022-10-10
88.82412719726562,88.82412719726562,90.74725929703425,87.33677812073604,87.47887578110921,2486800,2022-10-11
88.56832122802734,88.56832122802734,89.82830659649815,88.08517481303016,88.92832117773533,1860000,2022-10-12
92.67039489746094,92.67039489746094,93.07775840401365,85.93469088664473,87.86729864602815,2806700,2022-10-13
90.36832427978516,90.36832427978516,94.34721817454752,90.25463891248275,93.71249113622571,2866300,2022-10-14
92.33881378173828,92.33881378173828,93.64616278970779,91.31566730884676,93.06827490563504,1878500,2022-10-17
94.34721374511719,94.34721374511719,95.12405287691253,92.88829135255216,94.73563331101485,2309400,2022-10-18
90.21674346923828,90.21674346923828,92.71776351858303,89.6009604297792,91.5809316239459,2931100,2022-10-19
89.97990417480469,89.97990417480469,92.56618281535664,89.36412113685019,90.18831648861172,3534900,2022-10-20
91.18302917480469,91.18302917480469,91.18302917480469,88.04728264021989,89.63884125674483,3593600,2022-10-21
92.42406463623047,92.42406463623047,93.3145817393143,91.35355477765918,92.43354022159946,2836900,2022-10-24
96.23245239257812,96.23245239257812,96.96191354596117,92.10197844490983,92.10197844490983,2769300,2022-10-25
96.55455780029297,96.55455780029297,98.10822164159103,96.29877476509681,96.34613824611182,2191900,2022-10-26
96.75348663330078,96.75348663330078,98.55346486869846,96.18507435574212,97.71031842430634,3468900,2022-10-27
101.46186065673828,101.46186065673828,101.76501439071615,93.3240733187903,93.78827589287248,4403200,2022-10-28
100.4386978149414,100.4386978149414,101.45236862623507,99.51976840271108,100.48606851447308,2886900,2022-10-31
101.18712615966797,101.18712615966797,102.62711181266235,100.41976985385506,101.83132874595384,1907500,2022-11-01
97.77662658691406,97.77662658691406,101.99236575712304,97.55873872171054,100.73238035310698,2617900,2022-11-02
93.61773681640625,93.61773681640625,95.77770773647418,93.17247825822919,95.64507845034748,2622500,2022-11-03
97.13243865966797,97.13243865966797,97.3124386665421,94.91562842402887,95.40825051158595,2301300,2022-11-04
99.2260971069336,99.2260971069336,99.27346781316386,96.4787623839428,98.27874080436814,2452400,2022-11-07
99.98397827148438,99.98397827148438,100.80818080091217,98.5061048524113,99.22609038963667,1801800,2022-11-08
96.12823486328125,96.12823486328125,98.82819859033803,96.05244463254704,98.82819859033803,1751500,2022-11-09
108.08826446533203,108.08826446533203,108.7553626943572,101.54121931377058,101.54121931377058,3765000,2022-11-10
110.7852554321289,110.7852554321289,112.83418849211998,108.88880449322915,109.43200932580838,4476200,2022-11-11
106.32523345947266,106.32523345947266,110.09907793655017,106.20134721445551,109.02220044164235,3096900,2022-11-14
98.6917724609375,98.6917724609375,104.96245669048838,98.48211322062633,104.36207481475336,5862100,2022-11-15
96.97638702392578,96.97638702392578,99.3302764628018,95.45160255058885,99.07296476592083,3455600,2022-11-16
94.76546478271484,94.76546478271484,95.30866957635764,92.96431166322837,94.99418067720993,2923900,2022-11-17
94.30802154541016,94.30802154541016,96.81438613650107,93.60280999401995,96.3855429444759,2773300,2022-11-18
96.54756164550781,96.54756164550781,96.64286660727645,93.44081474789068,93.57423296946945,2227200,2022-11-21
96.77627563476562,96.77627563476562,98.66319445825711,96.29977995418234,97.29088457153816,1946700,2022-11-22
96.85249328613281,96.85249328613281,97.20510264850276,95.44207037814478,96.33787716432771,1284400,2022-11-23
96.93828582763672,96.93828582763672,97.15746977678889,96.15683317484942,96.38554907375739,589200,2022-11-25
94.89888763427734,94.89888763427734,96.50943819481768,94.47003713153775,95.41350387511633,1628100,2022-11-28
97.2813720703125,97.2813720703125,97.3576131337288,94.61299301672595,95.11807733804996,1490000,2022-11-29
98.38682556152344,98.38682556152344,98.51071909108644,93.86964856971389,97.34806847340091,3160300,2022-11-30
94.65111541748047,94.65111541748047,97.27184204049551,93.83154214644138,95.32773850947821,2353100,2022-12-01
93.09773254394531,93.09773254394531,95.53738821051225,92.91666185062287,93.53610771710984,2915600,2022-12-02
90.5532455444336,90.5532455444336,92.33534219632149,89.66696319370563,91.80166930409746,3462400,2022-12-05
89.60977172851562,89.60977172851562,92.17332067941317,88.39947596377486,90.6294721395284,3408800,2022-12-06
88.84737396240234,88.84737396240234,90.50557663675218,88.3708783560349,89.05702592177742,2913900,2022-12-07
89.1809310913086,89.1809310913086,90.04814942748067,88.15169870202462,89.381058399656,2786000,2022-12-08
89.97191619873047,89.97191619873047,90.92490754190145,88.72349259506856,88.72349259506856,1992800,2022-12-09
92.93571472167969,92.93571472167969,93.49798340785453,89.80990420759713,90.46747057612872,2809800,2022-12-12
94.21272277832031,94.21272277832031,98.3677655284753,93.25973145527095,96.54754861149254,3411800,2022-12-13
92.0589599609375,92.0589599609375,94.6320408846768,90.70571403294132,93.62186514243244,3348200,2022-12-14
89.43824005126953,89.43824005126953,91.00114534141463,87.96110776658524,90.51512496987675,3385000,2022-12-15
85.86451721191406,85.86451721191406,88.42806621126904,85.02588746061338,87.43695435750632,6729200,2022-12-16
83.7393569946289,83.7393569946289,86.22666513204592,82.89119522968949,85.60721926745882,5174600,2022-12-19
84.23490905761719,84.23490905761719,84.76858191366833,83.20567660316368,83.64405177359816,4167900,2022-12-20
85.50238800048828,85.50238800048828,86.10276995398914,84.7399919861959,85.13072194297624,4594900,2022-12-21
85.28319549560547,85.28319549560547,85.29272744509568,83.11990828914351,84.29208360029013,4602100,2022-12-22
86.42679595947266,86.42679595947266,86.49350506939584,84.92106774035189,85.58815883958378,1902600,2022-12-23
86.48396301269531,86.48396301269531,87.14152935562916,85.68345378716437,86.56020406391163,1801500,2022-12-27
85.48331451416016,85.48331451416016,87.61802020647002,85.33083969085027,86.78891517921826,2231900,2022-12-28
88.31370544433594,88.31370544433594,88.44712364984036,85.70251121707479,85.88358189772231,1740600,2022-12-29
88.5900650024414,88.5900650024414,88.69489462074313,86.95091890253767,87.20823060954957,2065500,2022-12-30
88.599609375,88.599609375,91.10597407598556,88.0659365311697,88.30418437512925,2619400,2023-01-03
91.29657745361328,91.29657745361328,93.37409896061003,89.80038127224961,90.11486290305741,3177500,2023-01-04
89.56214141845703,89.56214141845703,89.92427555905701,87.22730795793048,88.15171084579524,3406400,2023-01-05
92.50686645507812,92.50686645507812,93.1644327876373,89.78131071844469,89.8861403445265,3668600,2023-01-06
92.86900329589844,92.86900329589844,94.75592935068958,92.03990548229447,93.24066933732372,4384000,2023-01-09
93.86964416503906,93.86964416503906,93.8982327410592,90.86772008023111,92.05895921938135,3196000,2023-01-10
97.00498962402344,97.00498962402344,97.8531513371752,94.17460417352389,94.56533411390122,4095000,2023-01-11
96.27117919921875,96.27117919921875,97.99609841912347,94.99417433029987,97.79597111596813,2581700,2023-01-12
98.0151596069336,98.0151596069336,98.5011872347812,93.99353491733531,94.73687428317454,3229300,2023-01-13
98.75849151611328,98.75849151611328,99.43511450577594,97.55772764356959,98.15810957984144,3493400,2023-01-17
97.10982513427734,97.10982513427734,99.7210195350093,97.06217265596852,98.49165975626481,2670900,2023-01-18
93.30738830566406,93.30738830566406,93.93635882758586,89.59072051731741,92.73558766842064,5115500,2023-01-19
99.28263854980469,99.28263854980469,99.43511338411932,94.23178151621731,94.39379557053198,4136700,2023-01-20
102.08444213867188,102.08444213867188,102.30362609067053,98.92051095815755,99.38747471179366,3567400,2023-01-23
101.50311279296875,101.50311279296875,103.77122963472463,100.78836926590209,100.78836926590209,3621400,2023-01-24
110.63275909423828,110.63275909423828,111.19502775507378,98.26293580481872,100.00691166926629,10490300,2023-01-25
110.61370086669922,110.61370086669922,112.29096760516403,109.14609337938585,111.02348742010975,4884000,2023-01-26
112.05272674560547,112.05272674560547,113.82529127097305,110.98537379644148,111.8049469542242,3612200,2023-01-27
109.59400177001953,109.59400177001953,111.92882759508211,109.59400177001953,110.96631159708309,4310700,2023-01-30
113.40596771240234,113.40596771240234,113.42502433978004,109.40340705438098,110.61370283840155,4298500,2023-01-31
110.86148834228516,110.86148834228516,112.16708187209223,106.66832484027063,107.68802532017158,6732300,2023-02-01
116.09339904785156,116.09339904785156,117.30369479109811,111.98600890076105,112.64356794896739,5893500,2023-02-02
116.3041000366211,116.3041000366211,117.83643187828427,112.770154018399,113.76617154216372,3205700,2023-02-03
112.6648178100586,112.6648178100586,114.98247043008139,112.41581157526929,114.56108369436339,2541900,2023-02-06
115.02076721191406,115.02076721191406,115.82524599630813,112.38706934470784,112.57861539181813,2953500,2023-02-07
112.26258087158203,112.26258087158203,114.2833461991023,112.2338507883898,113.50759741923558,2322100,2023-02-08
110.71109008789062,110.71109008789062,113.5459060881217,110.06942721055563,112.72227627579443,2180300,2023-02-09
110.50997161865234,110.50997161865234,110.91220739277088,109.32241524932063,110.13646592743724,1666600,2023-02-10
112.40624237060547,112.40624237060547,112.56905105198793,109.62888642986394,110.10774065044919,2157400,2023-02-13
110.47166442871094,110.47166442871094,112.4349696060615,109.39903567808732,111.51557040264039,2831100,2023-02-14
109.78211212158203,109.78211212158203,110.98882676092101,108.1827408346694,108.94891048336548,2097200,2023-02-15
106.8323745727539,106.8323745727539,108.91060003994095,106.79406536007833,108.12527944692978,2284400,2023-02-16
106.46844482421875,106.46844482421875,106.7461811468089,104.6009163011382,106.20028763185185,2651600,2023-02-17
103.57616424560547,103.57616424560547,105.67354065934202,103.25053959222757,105.67354065934202,3325300,2023-02-21
103.99754333496094,103.99754333496094,104.84991046501713,103.24096018937095,103.9783923834554,2120200,2023-02-22
104.87864685058594,104.87864685058594,106.20986091565477,102.75253307566014,104.94568614498742,2030800,2023-02-23
105.00315856933594,105.00315856933594,105.10850708808611,102.73338681090404,103.01112315063304,1931900,2023-02-24
104.4189453125,104.4189453125,106.8706764696473,104.21782742602169,106.30563202288468,1792400,2023-02-27
104.46681213378906,104.46681213378906,105.91294625389112,104.39977285210706,104.8115876700775,2777500,2023-02-28
103.98796844482422,103.98796844482422,105.17552468496821,103.51868611933467,104.85947919394083,1976200,2023-03-01
103.61447143554688,103.61447143554688,103.94966790546974,101.36385090877545,102.16832974332534,2178700,2023-03-02
105.13722229003906,105.13722229003906,105.70227402031985,103.65277872033951,104.53386865539491,1725400,2023-03-03
103.9113540649414,103.9113540649414,105.5969227758437,103.51869014142648,104.99356185012414,1758700,2023-03-06
101.04782104492188,101.04782104492188,103.85390710789716,100.71262454731097,103.3271645354117,2823100,2023-03-07
100.5019302368164,100.5019302368164,102.26411033291403,99.81237896208748,101.5649872342342,2338500,2023-03-08
96.67108154296875,96.67108154296875,100.63599345999455,96.3550360392277,100.2529086651631,2790600,2023-03-09
94.03738403320312,94.03738403320312,97.14035700200276,92.37096626446753,95.40690724862068,5669100,2023-03-10
89.37334442138672,89.37334442138672,92.01662155738921,86.78753475592306,90.67582838366418,7336300,2023-03-13
92.00703430175781,92.00703430175781,95.00465859211315,90.13950607572298,92.82108487960032,5396100,2023-03-14
88.99983978271484,88.99983978271484,89.1051882887424,85.77235992122597,87.66862572298679,6946200,2023-03-15
89.60318756103516,89.60318756103516,90.60878421389305,85.65743398184439,87.0461081150914,3983200,2023-03-16
85.91602325439453,85.91602325439453,88.73168840545522,85.64786606033837,88.69337919105641,6716500,2023-03-17
86.42359924316406,86.42359924316406,89.64149987569938,85.85855482530215,87.11315042252662,4952500,2023-03-20
90.56090545654297,90.56090545654297,91.78677105964397,89.41165828031963,89.92882170164073,4360500,2023-03-21
87.16104888916016,87.16104888916016,91.36538843913371,87.11316054352156,90.79076482514886,2689900,2023-03-22
86.1075668334961,86.1075668334961,88.90407364302818,84.5656557055774,87.47708284824336,4584000,2023-03-23
86.62471008300781,86.62471008300781,86.81625612101342,83.16738264439962,84.37409711026513,3069100,2023-03-24
87.86975860595703,87.86975860595703,89.81390577442792,86.79712240998785,89.33505150409573,2466900,2023-03-27
87.2663803100586,87.2663803100586,88.4826665996295,86.85456546113599,86.87371641159865,1941700,2023-03-28
90.13951110839844,90.13951110839844,90.25443143227263,88.35817302100128,89.02856593271645,2629800,2023-03-29
90.19697570800781,90.19697570800781,92.24647106092578,89.97669956518686,91.48030143264043,3410900,2023-03-30
92.09324645996094,92.09324645996094,92.28478522394047,90.04374369035541,90.92484100217352,2533900,2023-03-31
92.24646759033203,92.24646759033203,93.26163609889157,91.22171995242718,91.9878895518869,2060300,2023-04-03
92.54337310791016,92.54337310791016,93.79797625735824,91.0301991757087,93.32869381435161,2927200,2023-04-04
90.8290786743164,90.8290786743164,91.5569392446436,89.00943820860338,91.5569392446436,2853800,2023-04-05
90.91525268554688,90.91525268554688,91.63353393799561,90.37893835520694,90.88652260452649,2045900,2023-04-06
91.1929931640625,91.1929931640625,91.40369017685883,88.54013685819604,89.44996420374974,2421900,2023-04-10
94.2672348022461,94.2672348022461,94.95678599516991,91.51860916010116,92.06450263671002,2899600,2023-04-11
91.64311218261719,91.64311218261719,95.28239944251992,91.26960651948808,95.09086069974308,3419200,2023-04-12
91.8250732421875,91.8250732421875,92.44758512611683,90.53216844124799,91.51860686487788,2438900,2023-04-13
92.4954605102539,92.4954605102539,94.3342585165544,91.87294871351872,93.64470743750827,2752800,2023-04-14
93.69261932373047,93.69261932373047,93.72134940812414,90.02459421026995,91.47073601421451,2505400,2023-04-17
93.4244613647461,93.4244613647461,93.89373645506318,92.13154912369626,93.85542724060568,2549400,2023-04-18
95.1004409790039,95.1004409790039,95.46436751737494,92.84982053711732,93.95118658824026,2191200,2023-04-19
93.15628814697266,93.15628814697266,93.56810303043802,92.17942884328508,93.56810303043802,2247200,2023-04-20
92.50503540039062,92.50503540039062,93.06050793324295,91.16424970969052,92.77319984526464,2540800,2023-04-21
92.26560974121094,92.26560974121094,92.63912268270145,91.76760466378043,92.4092674407482,1404300,2023-04-24
90.93440246582031,90.93440246582031,91.76761133835123,90.57047593302588,90.86736317539147,2635200,2023-04-25
90.42682647705078,90.42682647705078,91.92085656784899,89.59362483520124,91.17383786908222,2271400,2023-04-26
91.930419921875,91.930419921875,92.89770737444304,90.08204256535123,91.03017906641357,5042900,2023-04-27
93.1850357055664,93.1850357055664,94.04696747070804,88.10917796530562,89.06688642145025,5343400,2023-04-28
89.22969818115234,89.22969818115234,93.35742673799996,88.92323175689151,93.17545978690461,3047300,2023-05-01
85.76278686523438,85.76278686523438,88.76999054177405,84.56565141098339,87.8218540011581,6385600,2023-05-02
84.30706787109375,84.30706787109375,86.67260874855741,83.86652289127946,86.0884060498018,4820500,2023-05-03
82.00856018066406,82.00856018066406,83.5217410682465,80.38045897187534,83.0428869119281,5271300,2023-05-04
84.28791046142578,84.28791046142578,85.6095452996236,83.36851136006192,83.75158883891261,2692200,2023-05-05
85.30309295654297,85.30309295654297,85.85856562162594,84.58481160550885,85.05408670896513,3118000,2023-05-08
85.24562072753906,85.24562072753906,85.60954726348945,83.68455146914711,84.26875413655083,2003000,2023-05-09
83.35894775390625,83.35894775390625,87.08443319133326,82.43954848133481,86.62472990167959,2156200,2023-05-10
83.72286987304688,83.72286987304688,83.82821838573639,81.62549336299064,82.46827415777133,3009900,2023-05-11
83.25997924804688,83.25997924804688,84.38824728860409,82.46923150111296,84.25324211404686,2641000,2023-05-12
85.94082641601562,85.94082641601562,86.06618627964042,83.46250627625808,83.87716718791704,2541600,2023-05-15
87.70553588867188,87.70553588867188,91.0806803186936,87.62839532176693,90.6467361205832,8300300,2023-05-16
91.3121109008789,91.3121109008789,91.45675404120105,87.85981904541192,88.7277146734944,4784100,2023-05-17
95.69017028808594,95.69017028808594,96.0276832625514,90.84924468667467,91.31212487824949,5913900,2023-05-18
94.4365234375,94.4365234375,96.42303428317646,93.08646445149782,95.96016154109145,5464700,2023-05-19
95.90231323242188,95.90231323242188,96.50984392587061,94.78369778454325,94.92834829999443,2843500,2023-05-22
98.5252685546875,98.5252685546875,100.16462854840007,95.8637318524374,95.95051773399287,4960400,2023-05-23
95.94087982177734,95.94087982177734,98.399916323807,95.25620861563021,97.69595445989219,2577200,2023-05-24
96.35553741455078,96.35553741455078,97.01127996907412,95.1983481335002,95.94087657334882,2796800,2023-05-25
99.18102264404297,99.18102264404297,99.42210437499944,96.45197568388046,96.89557254320324,3093100,2023-05-26
100.97467803955078,100.97467803955078,101.30255304125996,98.93994750611218,99.52818755742274,3313300,2023-05-30
100.49250793457031,100.49250793457031,101.01324535674722,98.01418803251738,99.90426792195734,5192400,2023-05-31
102.45008850097656,102.45008850097656,103.09619311991777,99.9910593033932,101.28325382681474,3424500,2023-06-01
106.5484848022461,106.5484848022461,107.40673521654047,104.04123615294013,104.4751803463318,4997600,2023-06-02
105.11164093017578,105.11164093017578,107.0017209300892,105.10199560034098,107.0017209300892,2035800,2023-06-05
108.0239028930664,108.0239028930664,108.43856378042837,105.11163870913256,105.2177152633808,3404600,2023-06-06
109.48968505859375,109.48968505859375,110.03935113721418,108.25534771412899,108.61214398440748,2415800,2023-06-07
107.64781951904297,107.64781951904297,109.4028943510201,106.79921441428658,108.9689501473082,2985000,2023-06-08
107.51280975341797,107.51280975341797,108.37106015160033,106.70277864569876,108.23605496698046,2141500,2023-06-09
107.84068298339844,107.84068298339844,108.56392818516225,106.79920812712318,107.1560117419297,2105200,2023-06-12
109.59576416015625,109.59576416015625,110.04899902375136,107.35852583202748,107.8985465934696,2682800,2023-06-13
108.32284545898438,108.32284545898438,110.81081069599705,107.69603148508467,109.93326966109134,2376500,2023-06-14
107.66709899902344,107.66709899902344,108.09139782872782,104.6873250759935,107.14636159430276,2928800,2023-06-15
106.1434555053711,106.1434555053711,108.23604299270451,105.66129208300505,108.02388990970667,4280800,2023-06-16
105.22735595703125,105.22735595703125,105.84452459606823,104.47517478080132,105.33343250660609,2230300,2023-06-20
104.41732025146484,104.41732025146484,105.507014406106,104.09909059441578,104.81269782971924,1741500,2023-06-21
103.09619140625,103.09619140625,104.07980159748766,102.30543629301128,104.07980159748766,1563000,2023-06-22
102.79724884033203,102.79724884033203,103.55906799474101,101.39897774052183,101.73649069317631,2271600,2023-06-23
102.4308090209961,102.4308090209961,105.26593258657792,102.39223506042408,103.12512559683088,1805600,2023-06-26
104.82234191894531,104.82234191894531,105.35272471164468,102.31509319130434,102.41152441982301,1659600,2023-06-27
105.36235809326172,105.36235809326172,105.3912867228136,103.06725538574081,104.60053896706388,2561500,2023-06-28
105.36235809326172,105.36235809326172,105.75772829252142,104.12802085084559,105.15985032916817,2722500,2023-06-29
105.46843719482422,105.46843719482422,106.9824301549701,104.85126855866478,106.48097603982151,2212800,2023-06-30
107.08851623535156,107.08851623535156,107.5128151122064,105.30450540052523,105.56487781043477,826600,2023-07-03
105.22735595703125,105.22735595703125,106.64491034663678,104.80304975873189,105.59379753732492,2574300,2023-07-05
103.4337158203125,103.4337158203125,103.74230016524844,101.78471753732072,103.66515223970667,2072300,2023-07-06
104.18587493896484,104.18587493896484,105.37199285787378,103.00939499145964,103.33726994993933,1449700,2023-07-07
105.54558563232422,105.54558563232422,106.3749074285289,103.96408996449928,104.05088321896447,3185500,2023-07-10
108.19747161865234,108.19747161865234,108.52534657944699,105.80594510668134,106.55811888636947,2940100,2023-07-11
108.71821594238281,108.71821594238281,110.82044894241311,108.24569780708026,110.12613237620413,1825200,2023-07-12
110.10685729980469,110.10685729980469,110.39615834307948,108.59286420209305,108.93037718109288,1554400,2023-07-13
107.57067108154297,107.57067108154297,110.76259083873913,107.18493884133433,110.48293514851864,1784200,2023-07-14
109.38359832763672,109.38359832763672,109.769330551206,107.04992904302637,107.11743163035872,1654000,2023-07-17
111.92942810058594,111.92942810058594,112.4212369020716,109.69218988469932,109.84648572721667,3080800,2023-07-18
113.75200653076172,113.75200653076172,114.71633348408173,111.91978384800753,112.40194732466753,3486500,2023-07-19
110.88794708251953,110.88794708251953,112.60444777051381,109.6053979096039,110.88794708251953,5867300,2023-07-20
111.447265625,111.447265625,114.45596836591236,109.48003775869932,112.2862327224201,5496500,2023-07-21
113.03839874267578,113.03839874267578,113.2987637646882,110.99402309595908,111.40868395118648,3173500,2023-07-24
110.4250717163086,110.4250717163086,113.33733562052964,110.2418472570723,113.15411116129334,2586100,2023-07-25
109.97183227539062,109.97183227539062,112.4501519274254,109.74039589684776,110.95544240212018,2666000,2023-07-26
109.95255279541016,109.95255279541016,112.4694466592479,109.48003466199523,111.01331829911999,2582200,2023-07-27
110.75293731689453,110.75293731689453,112.15121566456378,110.28041922013801,111.98727450847151,2062700,2023-07-28
112.84553527832031,112.84553527832031,112.87447126659323,110.98438398988549,111.06153191081859,3082200,2023-07-31
112.32481384277344,112.32481384277344,112.74911272607235,111.15797168131544,112.10301539234231,2889400,2023-08-01
109.21003723144531,109.21003723144531,110.64688246038169,107.67676076999811,110.64688246038169,2300000,2023-08-02
108.89179992675781,108.89179992675781,109.33538945106817,107.63817927733228,108.78572337124545,1954000,2023-08-03
109.91944885253906,109.91944885253906,111.11191043620555,108.67851779097128,109.14387063732548,2250500,2023-08-04
111.75176239013672,111.75176239013672,111.7711560985426,110.43327868330731,110.61747453396772,2420400,2023-08-07
111.09251403808594,111.09251403808594,111.29611098855263,107.73812003208454,108.90149842153644,2028300,2023-08-08
108.3973617553711,108.3973617553711,111.00526063857372,108.34889228034775,110.59808154502352,1919600,2023-08-09
107.1661376953125,107.1661376953125,109.70617363503418,106.69109537484732,109.20204075098178,1961300,2023-08-10
107.0110092163086,107.0110092163086,107.52483891459138,105.67313186100345,106.64261013495762,1606400,2023-08-11
105.82825469970703,105.82825469970703,106.2742138297918,104.47098360140897,106.13848745961523,2137500,2023-08-14
103.64692687988281,103.64692687988281,104.16074918689372,102.40598846343002,104.16074918689372,2625400,2023-08-15
101.71765899658203,101.71765899658203,103.63722923855208,101.37834307910892,103.23005013758433,1695900,2023-08-16
101.86309051513672,101.86309051513672,103.01677212505653,101.28140498115121,102.18302014761525,1822200,2023-08-17
101.8340072631836,101.8340072631836,102.27996641875251,100.64154563245259,100.64154563245259,1517300,2023-08-18
101.20384216308594,101.20384216308594,102.08607099272879,100.0501605847938,102.05698042977409,1533400,2023-08-21
97.23867797851562,97.23867797851562,101.37834713017274,97.0253915657147,101.3395671099787,3077400,2023-08-22
98.51838684082031,98.51838684082031,98.55716686014128,96.70545976935985,97.19019891607343,1832700,2023-08-23
98.3826675415039,98.3826675415039,100.05016411294217,97.74280827152444,98.72198348928109,1548300,2023-08-24
97.77188873291016,97.77188873291016,98.96435034098918,96.83149356328892,98.39235427639645,1264200,2023-08-25
98.4892807006836,98.4892807006836,99.53631886714058,97.87851213518262,98.68318076661889,1446000,2023-08-28
100.36039733886719,100.36039733886719,101.1941493265546,98.14998784463839,98.26632791147837,2089200,2023-08-29
99.4296875,99.4296875,100.82573855456891,99.10006844352239,100.43794577312954,1647000,2023-08-30
99.26488494873047,99.26488494873047,100.27314329272684,98.92556901482126,99.95321367081274,1875500,2023-08-31
100.34100341796875,100.34100341796875,101.30078485789416,100.01138434838053,100.01138434838053,1556800,2023-09-01
98.63471984863281,98.63471984863281,100.61245646175347,98.41174398241967,99.9241277585868,1976100,2023-09-05
98.36326599121094,98.36326599121094,98.58624925142263,96.50186945761381,97.98517005146566,2229500,2023-09-06
96.87026977539062,96.87026977539062,97.8203617620461,96.61821074337651,97.55859847948905,2138000,2023-09-07
96.87026977539062,96.87026977539062,96.99630668793012,95.7165956302412,96.83148975588097,2431900,2023-09-08
96.97691345214844,96.97691345214844,98.63472046246382,96.80240706177142,97.80096853027726,1820000,2023-09-11
97.96577453613281,97.96577453613281,98.70257263862524,96.00742444071942,96.68606361494977,2670700,2023-09-12
97.27745819091797,97.27745819091797,98.85771270183933,96.32737350991066,98.63472941746154,1802900,2023-09-13
99.13886260986328,99.13886260986328,99.52665544664627,98.30511059956643,98.30511059956643,1848300,2023-09-14
101.2717056274414,101.2717056274414,101.41712885648234,98.14029475855263,98.80922977768859,4096900,2023-09-15
99.44908905029297,99.44908905029297,100.7966633397599,98.99343305090595,100.71910329804878,1479200,2023-09-18
98.58625030517578,98.58625030517578,99.82718134083774,98.53777343175393,99.44908539705112,1388800,2023-09-19
97.49073028564453,97.49073028564453,100.13740915807229,97.23867126658058,99.36182360079174,1441700,2023-09-20
95.91048431396484,95.91048431396484,97.4422617360405,95.87170429607953,97.09324897160472,1667800,2023-09-21
95.27063751220703,95.27063751220703,96.0559200326505,94.63078562515899,95.83293674992382,2089200,2023-09-22
94.89253234863281,94.89253234863281,95.68750425045577,94.05878042763162,94.6695564840234,1599000,2023-09-25
94.1363296508789,94.1363296508789,95.58085006578186,93.23471464903338,94.03938331233743,2132100,2023-09-26
92.57547760009766,92.57547760009766,94.57260785879517,91.82898258934229,94.53382784055003,2418300,2023-09-27
94.0490951538086,94.0490951538086,94.12664779908248,92.16830482092914,92.5367039247113,1840700,2023-09-28
94.08786010742188,94.08786010742188,95.63902371248543,93.64189363671781,94.7083255494473,1859300,2023-09-29
92.2167739868164,92.2167739868164,94.52412956367036,91.76111802496179,93.9133609277028,2997700,2023-10-02
90.2099609375,90.2099609375,91.63508785959759,89.70582806734907,91.19882557274585,2191800,2023-10-03
89.78338623046875,89.78338623046875,90.73347082532852,88.9884143178885,90.43293491829589,2518500,2023-10-04
89.29865264892578,89.29865264892578,89.69613493174238,88.10619100741016,89.04658620340007,2275900,2023-10-05
90.68499755859375,90.68499755859375,91.57691578489417,88.24190819512303,88.56183779690433,2314900,2023-10-06
91.45088958740234,91.45088958740234,91.98409821316072,89.550713011698,89.76399202408189,2243900,2023-10-09
94.02001190185547,94.02001190185547,95.29002615002037,92.32342482067463,92.32342482067463,2467900,2023-10-10
94.15573120117188,94.15573120117188,95.58085802918329,92.9244896698656,94.03939114731023,1486800,2023-10-11
93.95214080810547,93.95214080810547,94.8925284980217,92.5270065963978,94.72771897060122,1846900,2023-10-12
92.29432678222656,92.29432678222656,95.23185210366165,91.68355814522256,94.71802241617718,2246100,2023-10-13
94.184814453125,94.184814453125,94.53382721850248,92.62395386255685,93.46740261164112,1645500,2023-10-16
95.04765319824219,95.04765319824219,96.23041790493302,92.98266708680269,92.98266708680269,2113600,2023-10-17
93.0020523071289,93.0020523071289,94.59199610504959,92.67242584356703,94.0781737967198,1574900,2023-10-18
89.8706283569336,89.8706283569336,92.27493760560992,89.49253244150336,91.62538897105355,3480100,2023-10-19
87.47603607177734,87.47603607177734,90.02576150732436,87.00098634773126,89.5798023472971,2483500,2023-10-20
87.62144470214844,87.62144470214844,88.96901892606218,86.76830647442527,87.31121194692798,1834400,2023-10-23
86.47746276855469,86.47746276855469,88.53275945979964,86.11876052566454,87.94137709572756,2597600,2023-10-24
86.25447845458984,86.25447845458984,87.37906934408541,85.53706664250483,85.89576885028141,2369400,2023-10-25
86.77800750732422,86.77800750732422,88.3097776494422,86.36113152899607,86.68106115349893,3549700,2023-10-26
94.75679016113281,94.75679016113281,96.72482957755777,93.22502034023317,93.54494250111438,6534100,2023-10-27
97.47134399414062,97.47134399414062,98.1693695165227,95.41604744451918,95.60994753214312,3923400,2023-10-30
98.1984634399414,98.1984634399414,98.7219826390889,96.77332907501757,97.80097376415922,2619200,2023-10-31
97.20958709716797,97.20958709716797,98.61533508759453,96.33706253352756,98.54747190161066,2186000,2023-11-01
101.45590209960938,101.45590209960938,101.72735483086737,98.28570402512526,98.88678321329097,3287100,2023-11-02
103.0749282836914,103.0749282836914,104.82968156699854,102.63866602540435,102.63866602540435,3376700,2023-11-03
102.23147583007812,102.23147583007812,103.65661000374963,101.44620083500683,102.86163815540299,2340500,2023-11-06
101.80490112304688,101.80490112304688,102.51261602020446,101.25229888143883,101.6400842185783,2009700,2023-11-07
101.8727798461914,101.8727798461914,102.61927487031147,101.13597427940695,101.79521980831255,2054000,2023-11-08
101.30078125,101.30078125,102.78408180338302,100.8160421203176,102.5320227814513,1801900,2023-11-09
101.97359466552734,101.97359466552734,102.02234407120666,100.07218930203268,101.40804799704688,2503700,2023-11-10
101.7688217163086,101.7688217163086,103.41669731465181,101.20327509001352,101.44704441797697,3009900,2023-11-13
104.34302520751953,104.34302520751953,105.43510703549875,104.09925587959567,104.26501723716402,3213700,2023-11-14
103.35820770263672,103.35820770263672,104.85982783932847,102.88042184435993,104.60630562423755,3303800,2023-11-15
102.39287567138672,102.39287567138672,103.91399397264658,101.61281080757405,103.79698201129972,2825100,2023-11-16
104.99633026123047,104.99633026123047,104.99633026123047,102.41237377334613,103.22168976632403,2309700,2023-11-17
104.47954559326172,104.47954559326172,104.97683715356172,103.77748867030883,104.86957804370779,2255800,2023-11-20
103.14369201660156,103.14369201660156,104.57705706596765,102.96817777710265,104.14802060513682,1545300,2023-11-21
104.10900115966797,104.10900115966797,104.40152732849207,102.76339714942603,103.74822731593436,1342800,2023-11-22
103.91399383544922,103.91399383544922,104.68430584165348,103.58247110427895,104.41128537145447,524100,2023-11-24
103.5337142944336,103.5337142944336,103.95299785644748,102.80240627505474,103.06567388876118,1556800,2023-11-27
105.87389373779297,105.87389373779297,106.3321812535252,103.4947027740338,103.71897382358868,1874500,2023-11-28
107.38526916503906,107.38526916503906,108.77963011579831,106.45894862987909,106.45894862987909,2087500,2023-11-29
108.87715148925781,108.87715148925781,109.17942311778513,107.43403359195696,108.03858428826214,2439300,2023-11-30
111.09056091308594,111.09056091308594,112.2704035940157,108.56510675068694,108.56510675068694,3422300,2023-12-01
112.07539367675781,112.07539367675781,113.12847156738498,109.83271278230674,110.17398836904933,3594000,2023-12-04
112.44593048095703,112.44593048095703,113.4112550669813,110.83705121141624,111.58786500885218,3572400,2023-12-05
110.9345474243164,110.9345474243164,115.14688130107685,110.66152695514903,114.34731816740819,2480000,2023-12-06
112.5044174194336,112.5044174194336,113.04071291596594,110.59326678335843,111.21731566700545,3675000,2023-12-07
115.14688873291016,115.14688873291016,115.59543089177768,112.02664397068158,112.62144179086425,3024900,2023-12-08
115.84894561767578,115.84894561767578,116.68751279204722,114.2108152583514,114.79586766037822,3138200,2023-12-11
117.29206848144531,117.29206848144531,118.0428748518971,115.56617721236361,115.56617721236361,3666200,2023-12-12
121.97241973876953,121.97241973876953,122.08943169659526,117.0775348114299,117.98435702664268,3871200,2023-12-13
125.97998809814453,125.97998809814453,126.90630858622293,123.52279649907624,123.61054988796276,6375700,2023-12-14
126.44803619384766,126.44803619384766,126.7113112705358,124.32237450092414,125.17068711875127,5016500,2023-12-15
126.74055480957031,126.74055480957031,127.60837309032075,126.37003551926689,126.83806849983449,2630700,2023-12-18
128.2421875,128.2421875,128.76872276459386,125.99950643983935,126.34078949104887,2663200,2023-12-19
124.546630859375,124.546630859375,128.8467180240406,124.546630859375,128.39817590488985,2780400,2023-12-20
126.40904235839844,126.40904235839844,127.37437440799435,125.42421947196321,125.67773425738676,3203200,2023-12-21
126.50653839111328,126.50653839111328,128.08615890759842,125.97024288289323,126.9063087895143,1371500,2023-12-22
127.47186279296875,127.47186279296875,127.55963106556659,126.00924671067376,126.50654570089418,864000,2023-12-26
127.88139343261719,127.88139343261719,128.0081582541255,126.76006038827482,127.67663551318084,1007400,2023-12-27
128.72972106933594,128.72972106933594,128.9734904166003,127.54012546440592,127.86190278821488,1198100,2023-12-28
127.85213470458984,127.85213470458984,129.19774618064767,127.39384716936722,128.52494044261877,1385000,2023-12-29
128.81747436523438,128.81747436523438,129.03199258094335,126.65280137289842,127.34511286514109,2176600,2024-01-02
127.46212005615234,127.46212005615234,128.35918948674058,125.79473114072718,127.54987345209565,2505100,2024-01-03
126.53580474853516,126.53580474853516,128.05692318872542,126.04826602393565,126.99409233993877,2605600,2024-01-04
129.11973571777344,129.11973571777344,130.91387439890374,125.79471851692394,126.21400949741034,3511500,2024-01-05
130.37759399414062,130.37759399414062,130.47509279828614,127.5303551487094,128.17390974576574,2624700,2024-01-08
129.6170196533203,129.6170196533203,130.1435697325851,127.9788969144943,128.70045948002422,2599900,2024-01-09
125.72647857666016,125.72647857666016,128.26167081374402,124.23461138955506,128.0081560535856,3669300,2024-01-10
125.14141845703125,125.14141845703125,125.70696508253346,123.58129624810233,125.70696508253346,2008100,2024-01-11
124.51737976074219,124.51737976074219,126.11650608563167,123.57156094115825,125.4144491743631,2288600,2024-01-12
124.34187316894531,124.34187316894531,124.83916475150832,122.92801384193841,123.73732991097711,2762600,2024-01-16
122.93775177001953,122.93775177001953,124.39061491130829,122.01142384132562,122.41120911817502,2384500,2024-01-17
121.8066635131836,121.8066635131836,122.38196303101861,120.158787813351,121.8066635131836,2919900,2024-01-18
124.7904052734375,124.7904052734375,125.28769681587495,121.63114923362899,122.7134857110958,2981400,2024-01-19
126.44803619384766,126.44803619384766,128.22268428918844,125.355954214254,125.63873500586377,3726200,2024-01-22
126.52603912353516,126.52603912353516,127.05258925588916,125.87273904550375,126.93556984953244,2163800,2024-01-23
127.82288360595703,127.82288360595703,129.00273372167763,126.80880972939909,127.33534494100624,2583100,2024-01-24
129.24652099609375,129.24652099609375,130.66038034502245,128.52495831553986,129.04174818184828,4207400,2024-01-25
135.26272583007812,135.26272583007812,136.00377923049558,129.2465006040537,129.2465006040537,5350300,2024-01-26
135.02871704101562,135.02871704101562,137.3494060632035,133.5368497777522,136.15981041977113,2656400,2024-01-29
135.1554718017578,135.1554718017578,135.72101844901917,134.53142289417625,134.92144788197737,1777800,2024-01-30
131.94747924804688,131.94747924804688,135.1749830208424,131.63544734229615,133.69286122552685,2192200,2024-01-31
131.2064208984375,131.2064208984375,133.1858269559009,128.8564806443155,131.98648584369184,2016800,2024-02-01
133.07855224609375,133.07855224609375,133.8293659697912,129.71453837227978,130.69936113718197,2128100,2024-02-02
131.86947631835938,131.86947631835938,132.33750931639727,130.56286126114827,131.65495809457101,1810200,2024-02-05
131.0016632080078,131.0016632080078,132.07423949104668,129.71455381415953,131.4209393757454,1567500,2024-02-06
130.63113403320312,130.63113403320312,131.76222750549758,129.01250181028198,131.48920699542677,1445600,2024-02-07
132.0059814453125,132.0059814453125,132.15223710199803,129.19775380894887,130.55311078206879,1567500,2024-02-08
132.387939453125,132.387939453125,132.71114921136206,130.60540632723027,132.32917675976077,1353500,2024-02-09
134.650390625,134.650390625,135.18907354662957,132.04514994493135,132.8090948357029,1522300,2024-02-12
130.7816925048828,130.7816925048828,132.35855618106459,129.66515651300296,132.35855618106459,2133200,2024-02-13
132.3291778564453,132.3291778564453,132.42712564268663,130.5270521695827,132.17246737635276,1271900,2024-02-14
133.55345153808594,133.55345153808594,134.38596289365083,132.5936259930611,132.97559845090913,1527000,2024-02-15
134.40554809570312,134.40554809570312,135.16949305459914,132.34877895434263,133.21065676107398,1631600,2024-02-16
134.56224060058594,134.56224060058594,136.0901303141631,127.02072486744584,128.13726080773168,16526500,2024-02-20
132.23121643066406,132.23121643066406,133.93540910023322,131.31057608073493,133.25960830118456,6489400,2024-02-21
131.79049682617188,131.79049682617188,133.47509714967723,131.5554460473701,131.97658865587937,4344100,2024-02-22
132.73074340820312,132.73074340820312,133.72973909728736,131.5848260391472,132.6034142745078,3092500,2024-02-23
131.72195434570312,131.72195434570312,134.17049975736194,131.6240065513427,132.19207088021577,2172600,2024-02-26
134.00399780273438,134.00399780273438,134.24885233903984,131.44771584591578,132.52506683881896,3131000,2024-02-27
134.78750610351562,134.78750610351562,135.46330694338116,133.44570816882992,133.52406340552642,2947300,2024-02-28
134.77772521972656,134.77772521972656,135.57105148886825,133.35757196492796,135.57105148886825,3643500,2024-02-29
133.95501708984375,133.95501708984375,135.07155312078922,133.14209827730906,134.88546129150927,2251800,2024-03-01
133.19105529785156,133.19105529785156,134.48387924871324,133.0049634921465,133.53384262096893,2589600,2024-03-04
134.72874450683594,134.72874450683594,137.06955304750403,131.82967544917787,131.82967544917787,3313700,2024-03-05
132.94622802734375,132.94622802734375,135.25765551070472,132.29980844718472,134.8560904735088,2182400,2024-03-06
134.81689453125,134.81689453125,135.3359849249909,133.5436629660646,133.69056970212935,1594000,2024-03-07
134.40554809570312,134.40554809570312,136.06076715488948,133.94522037114592,135.15970425323607,1960000,2024-03-08
135.6102294921875,135.6102294921875,135.7375436759998,133.16168437236038,134.15089122066652,2001100,2024-03-11
137.3829803466797,137.3829803466797,137.57886097669936,135.31640756879375,136.13911518171687,2262900,2024-03-12
137.7159881591797,137.7159881591797,138.26445993795576,136.90306929251688,137.57887021448568,1974800,2024-03-13
136.56027221679688,136.56027221679688,138.23508391158953,135.3555920174024,137.40257246513232,2248400,2024-03-14
132.7601318359375,132.7601318359375,137.03039552316164,132.55444745090068,134.27823294154132,4262000,2024-03-15
133.46531677246094,133.46531677246094,134.02357735208386,132.34878066847998,133.20086968488422,2799200,2024-03-18
134.03338623046875,134.03338623046875,135.0715671280778,133.44572933440463,133.75915033090166,2282100,2024-03-19
138.85211181640625,138.85211181640625,138.8814931645882,133.09312845699125,133.65140396191742,2341000,2024-03-20
140.2330780029297,140.2330780029297,141.0264192266622,139.10675315282467,139.7335801462694,2401500,2024-03-21
138.25466918945312,138.25466918945312,140.7130033578242,138.17631394434068,140.35062342582222,1847700,2024-03-22
137.65721130371094,137.65721130371094,139.03819435486406,137.1185283818356,137.2654351129227,2376300,2024-03-25
137.93145751953125,137.93145751953125,139.00880849942607,137.76495823022208,138.01960156480055,1729900,2024-03-26
141.53570556640625,141.53570556640625,141.59448320652928,138.55828109041548,138.90108340649536,2593100,2024-03-27
145.8255615234375,145.8255615234375,146.2075339878234,142.01562568055542,142.6032825233342,4039500,2024-03-28
142.3094482421875,142.3094482421875,145.82555551890036,142.00583103232285,145.78638537187067,1638800,2024-04-01
141.4377899169922,141.4377899169922,141.93728783325466,140.17433203359863,141.52593397079096,1924700,2024-04-02
140.3212432861328,140.3212432861328,141.73160782083977,139.4887318762826,141.13416214835237,1949700,2024-04-03
139.2047119140625,139.2047119140625,144.18015810501942,139.1263566656141,143.73940796440522,2419100,2024-04-04
140.5660858154297,140.5660858154297,140.73258509422757,138.76394520575377,139.18510274778797,1567200,2024-04-05
140.95785522460938,140.95785522460938,142.25069432737416,140.5758827523806,140.82073728444354,1717300,2024-04-08
140.5660858154297,140.5660858154297,141.52591134103722,139.56707519790868,141.153727691528,1354700,2024-04-09
137.0597686767578,137.0597686767578,138.65622493145747,135.3066019423272,138.25465993142208,3041300,2024-04-10
137.4515380859375,137.4515380859375,138.46033757386203,134.76794194882112,137.23606489970751,2153300,2024-04-11
136.74636840820312,136.74636840820312,136.78555350643188,135.02259770454285,135.3360037666919,2530400,2024-04-12
136.31541442871094,136.31541442871094,139.49852349759365,135.3066149039977,138.88150020973796,2862700,2024-04-15
133.60244750976562,133.60244750976562,135.74737587549598,133.44573700251215,135.45354741057983,2206300,2024-04-16
133.95501708984375,133.95501708984375,135.71797265047715,133.7101625659984,134.914842638792,1762300,2024-04-17
138.71499633789062,138.71499633789062,140.70321397206413,135.1499148961242,135.1499148961242,3001200,2024-04-18
139.96865844726562,139.96865844726562,142.20173074606788,139.33202765088572,139.33202765088572,2530900,2024-04-19
144.2193145751953,144.2193145751953,144.2486959224842,140.14493171081693,141.1341535519897,2875500,2024-04-22
144.85594177246094,144.85594177246094,146.8539632139314,143.856945996461,144.0528266420648,2503200,2024-04-23
145.80596923828125,145.80596923828125,146.5209552187159,143.73939642860594,144.11158009268237,3961800,2024-04-24
142.9656524658203,142.9656524658203,145.93328793084885,141.94704933537315,145.286868437842,3757700,2024-04-25
143.2007293701172,143.2007293701172,145.91370679225284,141.7217984497687,142.17233735898196,4328700,2024-04-26
142.50534057617188,142.50534057617188,144.23891488317068,141.80994711520273,143.80796850676555,2169400,2024-04-29
140.4779510498047,140.4779510498047,142.0450262123694,140.38980699490372,141.39860658695625,2038100,2024-04-30
138.7247772216797,138.7247772216797,140.85991642224414,138.24485697902577,140.0567864175662,1948200,2024-05-01
138.8912811279297,138.8912811279297,140.48773744494687,138.54849375296317,140.24288291508458,2105900,2024-05-02
139.4789276123047,139.4789276123047,140.477923259695,139.10674397225728,140.23306874802873,1638200,2024-05-03
140.3800048828125,140.3800048828125,141.62387011473655,139.89029580903366,140.47793773072732,1493600,2024-05-06
139.6258544921875,139.6258544921875,141.64345356833965,138.69541020252083,141.2223109209665,1927000,2024-05-07
139.8903045654297,139.8903045654297,140.27227706909727,138.60726910297544,139.16552971076533,1269000,2024-05-08
139.55728149414062,139.55728149414062,140.5073181857584,139.01859858475942,139.72378076708878,1583100,2024-05-09
140.21627807617188,140.21627807617188,140.79657473718714,139.68516240512577,139.91137694946661,1322500,2024-05-10
139.86219787597656,139.86219787597656,141.86866823393584,139.57697214293682,141.51458611240957,1058400,2024-05-13
140.72772216796875,140.72772216796875,141.38670535895108,139.80317365861362,140.6883713759499,1680200,2024-05-14
141.97683715820312,141.97683715820312,142.98990236622615,141.1801412592979,141.67192106932572,2064800,2024-05-15
138.73109436035156,138.73109436035156,142.5866464631672,138.1016167722986,142.02601024784386,3111200,2024-05-16
139.47860717773438,139.47860717773438,139.89170047602238,138.53439821248494,139.8130138942631,1380000,2024-05-17
138.3081817626953,138.3081817626953,139.6950047576938,137.7967414447121,139.4786203893423,1340700,2024-05-20
138.1114501953125,138.1114501953125,138.7015920138794,137.6491759392854,137.9639222446357,1948200,2024-05-21
137.13772583007812,137.13772583007812,139.2622184469222,136.94101688583638,137.66885648825436,1715500,2024-05-22
135.22962951660156,135.22962951660156,137.3442768834532,133.97067429229165,137.3442768834532,2788700,2024-05-23
135.35748291015625,135.35748291015625,136.95085985072217,135.18044936561014,135.78042139090005,1571500,2024-05-24
134.3739013671875,134.3739013671875,135.83941050443536,133.99031374172367,135.47549827225697,1659900,2024-05-28
133.4198760986328,133.4198760986328,133.95100677609278,131.5019375587629,132.60353470078718,1615900,2024-05-29
133.941162109375,133.941162109375,134.61982075110583,132.89859115573157,134.0001883021642,1707000,2024-05-30
135.3673553466797,135.3673553466797,135.4952079297087,133.98053227033526,134.26575804102035,4432500,2024-05-31
134.8656768798828,134.8656768798828,135.731214061945,132.67234334762318,135.17057793049273,2002600,2024-06-03
132.26910400390625,132.26910400390625,134.30507978286644,131.51177384204655,133.24283350792155,1942700,2024-06-04
133.25265502929688,133.25265502929688,133.44936395453647,131.34454693782197,132.60351707679914,2226500,2024-06-05
134.12803649902344,134.12803649902344,136.34104590672683,133.6362566306449,134.3247604527193,2383900,2024-06-06
137.50164794921875,137.50164794921875,138.68191657808455,133.065784133029,133.45921701460418,2835900,2024-06-07
138.58355712890625,138.58355712890625,138.8589526470581,136.04598628421152,136.52792093701217,2544200,2024-06-10
132.91827392578125,132.91827392578125,138.0917931936915,132.3379772319146,137.8557484411664,2436100,2024-06-11
134.84603881835938,134.84603881835938,136.70496602271544,133.93132050717443,135.0230723578553,2240500,2024-06-12
132.86907958984375,132.86907958984375,134.43293595000188,132.08222880860413,134.06902365444984,1895900,2024-06-13
131.50193786621094,131.50193786621094,133.02645850687782,131.10851996252381,131.82651439032176,2613000,2024-06-14
134.84603881835938,134.84603881835938,135.09192873961246,131.30521794914316,131.59044365430762,2054500,2024-06-17
135.08209228515625,135.08209228515625,135.93779947192195,134.52147103251875,134.7575157671321,1399600,2024-06-18
135.859130859375,135.859130859375,135.8787912512392,133.60677033251065,135.5542296982203,1811800,2024-06-20
134.52146911621094,134.52146911621094,135.50502885090415,132.9871183313584,134.74768365296984,3152700,2024-06-21
135.41648864746094,135.41648864746094,136.82298678472867,133.4002033230732,134.78701105672053,1749000,2024-06-24
132.64285278320312,132.64285278320312,135.38697755736715,132.5444908166748,134.89519774058348,1743000,2024-06-25
134.52146911621094,134.52146911621094,134.68867247015712,130.8921312939241,131.5117787293186,2834100,2024-06-26
131.82650756835938,131.82650756835938,134.00018114476129,130.7347556830046,133.7936270008595,3535000,2024-06-27
136.17384338378906,136.17384338378906,136.50825009442474,132.44615856221122,133.16415297220678,4959900,2024-06-28
137.40328979492188,137.40328979492188,139.4687712087788,136.17384014570473,136.51809205065766,3081200,2024-07-01
138.17047119140625,138.17047119140625,138.20982198633553,136.44924160755912,137.34428459306304,2020000,2024-07-02
136.1443328857422,136.1443328857422,138.35734222720342,135.73123960962104,137.96392434744902,1805400,2024-07-03
133.7641143798828,133.7641143798828,136.45907326362624,133.6460920226733,136.10499118406818,2622600,2024-07-05
133.5772247314453,133.5772247314453,135.79023379593693,133.2723236616061,134.96404734709617,2298600,2024-07-08
134.73785400390625,134.73785400390625,136.64594729027354,133.13464682732865,133.57724570814617,2575900,2024-07-09
134.36407470703125,134.36407470703125,134.74766234257987,133.18380621364537,133.9509814847426,1665900,2024-07-10
136.70497131347656,136.70497131347656,136.78365789227445,134.31491338227306,134.79686304943624,1803800,2024-07-11
136.13450622558594,136.13450622558594,137.1770771411374,135.23946326678967,136.83282523146792,1680200,2024-07-12
142.23255920410156,142.23255920410156,142.26206479247296,137.90490281977125,138.50487479653754,3018200,2024-07-15
147.10118103027344,147.10118103027344,147.13068661957587,141.81947043412552,142.26206928159147,3796900,2024-07-16
147.01268005371094,147.01268005371094,148.85193202146303,145.016054920822,146.42253818841337,2931500,2024-07-17
146.27500915527344,146.27500915527344,150.82889566054115,145.26194380000905,149.27486943403585,3936900,2024-07-18
144.8488311767578,144.8488311767578,146.6684074908223,143.89477713328176,146.47169856604896,2564700,2024-07-19
142.72434997558594,142.72434997558594,144.8980235359999,142.12437795276915,143.80627165867526,3257100,2024-07-22
143.1079559326172,143.1079559326172,145.0357398119006,142.45880283988512,142.87189616946043,3686300,2024-07-23
144.00299072265625,144.00299072265625,146.48155055791497,138.19014883181316,141.30803152763613,4567800,2024-07-24
145.65536499023438,145.65536499023438,147.58314877274088,143.09811855344032,143.7669320035779,2666000,2024-07-25
146.9044647216797,146.9044647216797,147.6323042397577,145.97008608885665,146.82577815151487,1795100,2024-07-26
146.60940551757812,146.60940551757812,147.3962562739949,144.9570324362398,147.061849580095,1779200,2024-07-29
149.74696350097656,149.74696350097656,150.14038137563966,146.86514079964098,148.26179376500392,2387400,2024-07-30
148.9109344482422,148.9109344482422,150.35676842604687,148.48801097573357,149.46174049382554,2026800,2024-07-31
141.52439880371094,141.52439880371094,150.13054582424917,139.99987832991545,149.23550293221015,3246000,2024-08-01
133.8821258544922,133.8821258544922,139.1638510292358,133.56739459153988,139.1638510292358,3542400,2024-08-02
129.2593994140625,129.2593994140625,131.11832643736716,126.12184192318892,129.7708546026757,3561100,2024-08-05
131.49209594726562,131.49209594726562,132.6035231875844,128.6299336781559,129.21023028712972,3070100,2024-08-06
130.11509704589844,130.11509704589844,134.9738840267118,129.92823332257626,133.46903899117135,2101000,2024-08-07
132.1609344482422,132.1609344482422,132.96746074251374,131.02001640922435,131.3937589530696,1742400,2024-08-08
132.59368896484375,132.59368896484375,132.83957890506724,131.0888437313105,132.38714981949735,1326000,2024-08-09
130.5288543701172,130.5288543701172,133.54212578159576,130.29175437382062,132.64308142890414,1797100,2024-08-12
132.38619995117188,132.38619995117188,132.6529524855128,130.1929348355312,131.39824323511834,1673900,2024-08-13
134.31271362304688,134.31271362304688,134.75729113387615,132.42571266205726,133.0777677179526,1699400,2024-08-14
135.45877075195312,135.45877075195312,139.46987334180696,134.4313022120748,136.6739535142674,2374400,2024-08-15
137.87925720214844,137.87925720214844,138.12624641756503,134.9351499753899,135.40936504798262,1883600,2024-08-16
141.20864868164062,141.20864868164062,141.27781288899612,138.0570793648288,138.0570793648288,1339600,2024-08-19
139.80577087402344,139.80577087402344,140.90240359980126,139.22287994028332,140.78385359972543,1326100,2024-08-20
138.09658813476562,138.09658813476562,140.58624327248933,137.51369729211117,140.0922649159978,1386800,2024-08-21
137.8002166748047,137.8002166748047,138.93637609284946,137.38527660844034,137.8792550314967,2339300,2024-08-22
140.82334899902344,140.82334899902344,141.94961909491767,137.8397304577217,138.7684122179373,2886000,2024-08-23
140.80360412597656,140.80360412597656,142.2756500761818,139.92432319715445,141.7125225521166,1823800,2024-08-26
140.66529846191406,140.66529846191406,141.70264107474006,140.15155668864054,140.99132602524006,1055900,2024-08-27
142.41397094726562,142.41397094726562,142.78939936649638,140.35903400785753,140.35903400785753,1769600,2024-08-28
143.61927795410156,143.61927795410156,143.87615637505752,141.04071005350914,143.5698921731713,1230300,2024-08-29
145.16049194335938,145.16049194335938,145.44700787031195,143.105554972581,143.92554588758986,1983600,2024-08-30
143.8465118408203,143.8465118408203,145.49639783885078,143.18456753844453,143.7180726366244,1530900,2024-09-03
142.03855895996094,142.03855895996094,145.39760618245455,141.12964047711003,144.55785191434364,1996400,2024-09-04
140.37876892089844,140.37876892089844,143.61926580714518,139.2228613494345,143.04624909158622,2261400,2024-09-05
137.3260040283203,137.3260040283203,143.33278356748298,136.47636052269803,140.38867633522105,2381600,2024-09-06
140.8826446533203,140.8826446533203,141.8014372344172,138.26455010794265,138.72889100646182,1998400,2024-09-09
136.3281707763672,136.3281707763672,138.9363762500551,129.96572626819773,138.57082196556266,7077600,2024-09-10
134.81658935546875,134.81658935546875,135.15249104396767,131.0129497076849,135.10309018977097,2864200,2024-09-11
135.88357543945312,135.88357543945312,136.40720642712077,133.10741916581202,135.09322203736764,1945900,2024-09-12
137.2963409423828,137.2963409423828,138.95610092776593,135.98235674977653,136.83200009706246,1822800,2024-09-13
139.2525177001953,139.2525177001953,140.0922870690343,137.227203103309,137.227203103309,2612800,2024-09-16
143.33277893066406,143.33277893066406,144.8344775356311,139.23274903470556,139.23274903470556,2166000,2024-09-17
143.6785430908203,143.6785430908203,146.71157755301178,142.11758468994714,143.65879480981337,2165300,2024-09-18
151.206787109375,151.206787109375,151.22655046583998,146.3262782391798,146.71158077761498,3456700,2024-09-19
150.44606018066406,150.44606018066406,151.51305533283482,148.89497584488646,151.51305533283482,3417000,2024-09-20
149.42845153808594,149.42845153808594,152.32315744592015,149.34941319273247,151.157375770758,1735000,2024-09-23
145.575439453125,145.575439453125,149.8236416022633,142.62144321556238,149.6655799724294,2389600,2024-09-24
144.56771850585938,144.56771850585938,146.48435708537437,143.91566340818483,146.48435708537437,1593000,2024-09-25
146.000244140625,146.000244140625,146.3460350256304,143.5501156748022,144.74553487434702,1492200,2024-09-26
147.29446411132812,147.29446411132812,148.46026088266706,145.79278074743226,146.97832579920072,1512300,2024-09-27
147.9267578125,147.9267578125,148.04532287179765,145.7236185129381,146.3065093689842,1262200,2024-09-30
145.0320587158203,145.0320587158203,147.94652820978962,143.6192726775423,147.84772650150967,1713700,2024-10-01
144.75543212890625,144.75543212890625,146.27687894237505,143.43155858209408,145.08145967644046,1881400,2024-10-02
143.4513397216797,143.4513397216797,143.9848448928803,141.57422763048004,143.56001558432973,1967200,2024-10-03
151.5920867919922,151.5920867919922,151.70076263796628,146.97833055840806,146.98820469894252,2551000,2024-10-04
150.16943359375,150.16943359375,151.5920937976947,148.84557509981096,150.46582364874254,2016600,2024-10-07
147.6995391845703,147.6995391845703,150.6930470336135,147.6600275462272,150.43618369682295,1904400,2024-10-08
149.97183227539062,149.97183227539062,150.050870621553,147.41302800285334,148.10459468799544,2079400,2024-10-09
149.30992126464844,149.30992126464844,150.47570309367953,148.31207521350242,149.2506462665655,1440800,2024-10-10
153.80511474609375,153.80511474609375,154.4571698832942,150.1694407841732,150.1694407841732,2498900,2024-10-11
154.72390747070312,154.72390747070312,155.4550008938939,152.1848513830859,153.80509985270504,2379600,2024-10-14
154.8424530029297,154.8424530029297,157.85572402363206,153.95329798207734,155.80077223041573,2164700,2024-10-15
156.1663360595703,156.1663360595703,157.37162946684808,155.52415510505173,157.18393034093643,1942200,2024-10-16
157.82608032226562,157.82608032226562,158.5176469862945,156.16632032859633,156.68993616529124,2771900,2024-10-17
157.11476135253906,157.11476135253906,157.83596556181436,153.48896187505605,157.7766905685895,2516900,2024-10-18
155.12896728515625,155.12896728515625,157.69764569375843,154.141010572227,156.67017734532217,2265800,2024-10-21
154.1410369873047,154.1410369873047,155.48465895014525,153.49885596883655,155.2080322291215,2187000,2024-10-22
152.392333984375,152.392333984375,155.10921514130874,151.137624647257,153.98294501016264,2742200,2024-10-23
151.4142608642578,151.4142608642578,153.548251270657,150.38679237693142,153.33089955842976,3592600,2024-10-24
159.32778930664062,159.32778930664062,165.90756980516505,159.16971260862192,162.30153369737727,6087500,2024-10-25
163.37840270996094,163.37840270996094,163.9119077962769,158.16199228278055,159.6340532653651,4109000,2024-10-28
161.02708435058594,161.02708435058594,163.36853714390972,160.52321673428375,162.68684453951812,2596600,2024-10-29
164.7615509033203,164.7615509033203,165.86805763585284,161.09622473927087,161.9458681446151,2787600,2024-10-30
160.82948303222656,160.82948303222656,165.02829948948596,160.80973474997484,164.9887878499579,3425800,2024-10-31
161.9261016845703,161.9261016845703,163.19068509037237,160.06875328699917,160.39478081623267,3375200,2024-11-01
159.33766174316406,159.33766174316406,161.78779023615758,158.38923171524172,161.67911439180986,2234600,2024-11-04
164.05023193359375,164.05023193359375,164.43553448794447,159.96996546891276,160.41454302008287,2489600,2024-11-05
188.67010498046875,188.67010498046875,195.91182989083228,183.7303211459799,187.99828653996585,12157300,2024-11-06
182.5941619873047,182.5941619873047,186.97080287134702,182.32740946101293,185.8148953574463,4766500,2024-11-07
182.9794921875,182.9794921875,185.27154420749255,181.04309015636366,182.57442626682493,4247000,2024-11-08
187.9192657470703,187.9192657470703,189.67782760937723,184.12550025504865,186.57564392333902,5171900,2024-11-11
184.5404510498047,184.5404510498047,188.95661931957983,184.22431270080708,187.51421077879544,3284800,2024-11-12
183.2956085205078,183.2956085205078,186.90164450797153,182.68308017990336,184.92573107373977,3347100,2024-11-13
181.3826904296875,181.3826904296875,183.93989083094553,180.0248029967312,182.88926127342293,3005800,2024-11-14
183.50376892089844,183.50376892089844,184.32643536095406,181.4619772107547,181.7196739378823,4122400,2024-11-15
181.24392700195312,181.24392700195312,184.4552980898285,180.46091549038158,182.8198713267707,2514000,2024-11-18
179.40036010742188,179.40036010742188,180.39152231796012,177.49733047806066,178.0821125525338,2204600,2024-11-19
179.0930938720703,179.0930938720703,180.19328447930778,178.3596284259339,179.7175308751856,2310300,2024-11-20
181.02586364746094,181.02586364746094,182.4729671143474,179.16247387134453,180.1139962381094,3628200,2024-11-21
185.40679931640625,185.40679931640625,185.91230171937204,181.20428125402873,181.46197798225197,2051500,2024-11-22
190.19412231445312,190.19412231445312,191.86918892592286,186.36823544930016,186.92328388587188,4899200,2024-11-25
189.75799560546875,189.75799560546875,190.52119471583143,187.6270029762489,189.4606439278269,2327400,2024-11-26
189.59942626953125,189.59942626953125,191.84936888437676,188.5487966704395,190.60050985367192,1561100,2024-11-27
190.3130340576172,190.3130340576172,192.58280379185067,190.17427196516132,191.34385113637546,1132300,2024-11-29
185.8627471923828,185.8627471923828,191.29431202449024,185.66451776947616,190.96722667092325,2504500,2024-12-02
185.40679931640625,185.40679931640625,187.79550385593535,184.93104569355756,187.73603654357115,2355000,2024-12-03
183.86058044433594,183.86058044433594,185.7041426645303,183.36499936497114,185.0995331427479,1783600,2024-12-04
183.9299774169922,183.9299774169922,184.91121831942692,182.74057067329494,183.86058880323802,1682200,2024-12-05
186.29885864257812,186.29885864257812,186.55655537670629,184.35617402520037,184.7129930314969,2696800,2024-12-06
183.0874786376953,183.0874786376953,187.06203352485343,182.96854401605438,185.14909778176724,3212700,2024-12-09
182.30445861816406,182.30445861816406,183.74165592648194,181.2340167369488,183.40464927979625,2976800,2024-12-10
184.40573120117188,184.40573120117188,185.09954171964458,181.26374882728223,183.1172173103311,2803000,2024-12-11
183.11721801757812,183.11721801757812,185.00042016412533,182.54234212178469,184.05881909085173,2185200,2024-12-12
182.89915466308594,182.89915466308594,184.42555287965462,182.04675458893232,184.23722964686314,2053100,2024-12-13
183.4740447998047,183.4740447998047,183.67227422512272,181.3529581886367,182.99829115425425,2105400,2024-12-16
179.57876586914062,179.57876586914062,182.67120231613515,179.46975254263816,181.4223282249494,2995100,2024-12-17
172.89834594726562,172.89834594726562,181.07543453991266,172.42259230021364,180.0347111487886,3191800,2024-12-18
174.10755920410156,174.10755920410156,178.64708398681256,172.74965667835417,177.34864877443866,4034800,2024-12-19
177.0711212158203,177.0711212158203,179.26159633526365,172.72984105832487,173.53268002156256,5164300,2024-12-20
178.3794708251953,178.3794708251953,178.75611731876265,175.60421350845516,175.83217659059218,2095300,2024-12-23
180.51046752929688,180.51046752929688,180.62941728581293,178.0622955157837,178.2407125885898,931300,2024-12-24
180.7483367919922,180.7483367919922,181.1249832622231,178.41909960598744,179.16247124527388,1255600,2024-12-26
178.6272430419922,178.6272430419922,181.23400432387928,177.89377760982882,179.48954926877377,1209100,2024-12-27
176.35748291015625,176.35748291015625,177.7153854078441,174.2760513654184,176.57553980397665,1726500,2024-12-30
176.74404907226562,176.74404907226562,178.03254782078832,175.9808499508667,176.91254482978113,1175000,2024-12-31
177.13059997558594,177.13059997558594,180.5798401298791,175.52490695850244,178.40919253421657,1792900,2025-01-02
178.83538818359375,178.83538818359375,178.9246042756332,175.65376599638645,178.40919569780442,1886700,2025-01-03
181.89808654785156,181.89808654785156,184.05881282935397,180.20319257446963,183.34517485360732,2277900,2025-01-06
180.282470703125,180.282470703125,183.7515379942256,179.02369062279578,183.3451579103813,2508300,2025-01-07
178.54795837402344,178.54795837402344,179.7869111259038,177.28917814341122,178.85521623666017,2355400,2025-01-08
173.7407989501953,173.7407989501953,177.66580754547974,173.116377107532,177.50721797873555,4405100,2025-01-10
178.7362823486328,178.7362823486328,178.9146842861499,173.2055954265772,173.92913960195494,4205300,2025-01-13
183.0874786376953,183.0874786376953,183.41456397114243,179.49947639480476,180.83753626006887,3534500,2025-01-14
188.9947967529297,188.9947967529297,190.3923390529987,186.66557471008267,189.4804716645384,4533900,2025-01-15
186.77459716796875,186.77459716796875,190.48153391381564,185.8429023311193,188.31090151869282,2802000,2025-01-16
189.28224182128906,189.28224182128906,191.46279558209687,186.25919416192767,187.32965112609176,3723800,2025-01-17
191.50244140625,191.50244140625,192.42421492580579,189.3119664488295,189.3119664488295,4203700,2025-01-21
199.1542205810547,199.1542205810547,200.36343971743875,193.61362731820654,195.00126352130303,7313500,2025-01-22
202.22682189941406,202.22682189941406,205.40845920718732,199.11457320493858,200.51211553283594,5094000,2025-01-23
201.73123168945312,201.73123168945312,203.61443372963916,200.53193395432507,200.84909797868093,4654200,2025-01-24
200.72024536132812,200.72024536132812,202.75213083217787,198.44058447221008,201.22574774673987,2859700,2025-01-27
201.32484436035156,201.32484436035156,202.98008328082815,198.84693906791347,199.61013813268582,3495400,2025-01-28
202.10787963867188,202.10787963867188,204.46683529476852,200.74997719544294,200.74997719544294,2906600,2025-01-29
202.8115997314453,202.8115997314453,206.7861697388356,201.2356555004328,204.22896950839583,2840100,2025-01-30
201.90965270996094,201.90965270996094,204.7939231362523,201.28521570195022,201.28521570195022,2750900,2025-01-31
199.1343994140625,199.1343994140625,200.51211425452945,195.37788624094807,197.97474146551994,3049900,2025-02-03
198.3513641357422,198.3513641357422,201.66185720287754,197.72694226703666,200.66077375449538,3090100,2025-02-04
201.97903442382812,201.97903442382812,202.19709132046108,197.14215798787552,200.03636495701562,2371900,2025-02-05
204.81375122070312,204.81375122070312,205.17057020863203,201.7015025964088,203.78294921331656,3633900,2025-02-06
201.41407775878906,201.41407775878906,205.58686216054795,201.01760380355753,205.1111085382051,1772300,2025-02-07
197.0331268310547,197.0331268310547,201.80062971105252,196.24020917121842,201.6222126508349,2595500,2025-02-10
197.518798828125,197.518798828125,198.74784538096694,195.60586307239177,195.62567542683985,2048900,2025-02-11
194.80300903320312,194.80300903320312,197.37013058453826,191.93855092574802,197.3602092833778,4601200,2025-02-12
195.56622314453125,195.56622314453125,197.01332669898684,191.254676386928,195.4671159928706,3213600,2025-02-13
200.37335205078125,200.37335205078125,201.4338877301149,195.8239212263677,196.05188429546908,2506300,2025-02-14
201.60604858398438,201.60604858398438,202.67969206695236,199.8265784447203,202.2025070729964,4548400,2025-02-18
208.58473205566406,208.58473205566406,208.86308239555947,201.80487622360474,202.79898891436142,4670400,2025-02-19
204.16090393066406,204.16090393066406,209.42970385085061,199.69734797465995,208.7636502156752,3975500,2025-02-20
199.0213623046875,199.0213623046875,205.14510026334403,197.93778308700053,204.3597578936418,3960700,2025-02-21
198.74301147460938,198.74301147460938,201.48675709768813,194.64727195705208,200.12482753691822,3057100,2025-02-24
192.76840209960938,192.76840209960938,199.4687121563892,189.77611308993653,198.78278711822512,4520300,2025-02-25
195.61155700683594,195.61155700683594,198.40501122082694,194.2297409833368,195.01508332907062,3543500,2025-02-26
195.82029724121094,195.82029724121094,200.293803976404,195.10453495006368,197.4009478160513,2866800,2025-02-27
199.3693084716797,199.3693084716797,199.53830581333185,195.54196844281137,197.4307917068976,3699600,2025-02-28
195.0250244140625,195.0250244140625,201.05929585251505,192.06257278181278,199.12077909934757,3679900,2025-03-03
183.81141662597656,183.81141662597656,191.5257402340644,179.86478832704412,190.9292665968982,6272100,2025-03-04
184.85523986816406,184.85523986816406,185.4020048465427,180.54079470960335,183.89094940692036,3509500,2025-03-05
175.0930633544922,175.0930633544922,181.04778833333967,174.52641187112704,178.73150407222028,5779900,2025-03-06
172.15048217773438,172.15048217773438,174.4866529239288,167.22962769700123,173.9697101094391,10064400,2025-03-07
162.90524291992188,162.90524291992188,167.05069104910422,159.76385832356,167.0009975493834,6937800,2025-03-10
164.4262237548828,164.4262237548828,166.69279934907632,162.07018166409205,164.15782426509108,5541300,2025-03-11
169.44650268554688,169.44650268554688,171.25579503798141,166.39458465637026,168.50209867660774,4947900,2025-03-12
165.14198303222656,165.14198303222656,170.6891332536901,163.30288379270343,170.6791975883468,3388000,2025-03-13
170.85813903808594,170.85813903808594,171.2259710393671,166.51387154206907,167.61733720800157,3898600,2025-03-14
164.28704833984375,164.28704833984375,171.48442926670188,158.9685548523654,168.99914768312647,13698500,2025-03-17
167.7863311767578,167.7863311767578,168.47227132952406,163.6110610973888,164.6349959092426,4972200,2025-03-18
171.5838623046875,171.5838623046875,173.52237908354022,165.07242092586125,167.01093770471397,4132000,2025-03-19
173.44284057617188,173.44284057617188,174.91412309596885,169.30732818484216,169.4365676873699,2845300,2025-03-20
173.79078674316406,173.79078674316406,174.277892250319,170.4704388493344,171.6534353706349,5074900,2025-03-21
179.79522705078125,179.79522705078125,180.67998676435462,175.46089498711743,177.28012308402916,3801300,2025-03-24
181.3659210205078,181.3659210205078,182.91673438499987,179.28822914548846,182.8570900508203,3463600,2025-03-25
178.7712860107422,178.7712860107422,183.7517851030752,177.8666398266054,182.32026040926658,3255400,2025-03-26
177.10116577148438,177.10116577148438,178.8806359421698,174.62583493580857,176.99181277122463,2463200,2025-03-27
172.50836181640625,172.50836181640625,178.28415371429628,170.520136575469,176.21639764344692,2617300,2025-03-28
178.24440002441406,178.24440002441406,179.16891750182802,170.2417902099509,170.5002540364531,6130700,2025-03-31
177.17076110839844,177.17076110839844,178.40346627896125,174.5264177679255,176.13687543787336,3248200,2025-04-01
181.10743713378906,181.10743713378906,183.22490195384287,172.2896626928715,173.9697155154536,3579000,2025-04-02
163.07423400878906,163.07423400878906,175.4111757551518,157.58674304936602,165.02270149597345,13576300,2025-04-03
149.6835479736328,149.6835479736328,157.56685395342163,145.32932974217925,155.97626765665677,11073800,2025-04-04
153.7593994140625,153.7593994140625,158.75978475390949,142.37681277866645,144.08668772414808,8586300,2025-04-07
151.4530792236328,151.4530792236328,163.34265888094612,148.80873574327302,161.9807293062377,5796500,2025-04-08
173.8802490234375,173.8802490234375,176.6140588387879,146.43279787056105,148.490603189168,10828400,2025-04-09
161.205322265625,161.205322265625,168.5120416539793,155.82716881154775,168.50210598760665,6294400,2025-04-10
160.02230834960938,160.02230834960938,160.75795714323237,154.91257013124786,160.4696559911694,5339500,2025-04-11
161.56320190429688,161.56320190429688,165.18177156256104,158.819441116093,165.18177156256104,3174500,2025-04-14
162.57717895507812,162.57717895507812,165.9472202908644,162.26900645521164,162.70641845590814,2734400,2025-04-15
159.11766052246094,159.11766052246094,163.04440226344514,156.9604379981122,160.54918509523444,4003400,2025-04-16
161.8117218017578,161.8117218017578,163.8098827861292,157.48732566621558,160.3702614795622,2340500,2025-04-17
164.18765258789062,164.18765258789062,170.36108378789277,160.55913223283724,168.0845724428011,12120200,2025-04-21
169.19798278808594,169.19798278808594,170.39091502448417,166.0168251013719,166.94134265466968,6890700,2025-04-22
175.42112731933594,175.42112731933594,183.403850795717,174.56618982175434,175.95794148341955,7665100,2025-04-23
183.96054077148438,183.96054077148438,184.9546533774703,174.97375431875716,175.95793125950686,6516700,2025-04-24
181.65420532226562,181.65420532226562,185.54118953205392,181.4553858205458,183.60267284461335,3464000,2025-04-25
182.05186462402344,182.05186462402344,184.5669685555842,180.57063123190872,182.17115329462519,3185900,2025-04-28
182.0021514892578,182.0021514892578,182.82726683490532,178.98999127882288,182.02203799018884,2602900,2025-04-29
179.19873046875,179.19873046875,179.74549542843272,173.69135338047016,179.13908614023086,4171100,2025-04-30
179.1589813232422,179.1589813232422,180.8986784444941,177.2801090390483,178.68181150300623,3232000,2025-05-01
186.72418212890625,186.72418212890625,188.22528677970473,181.81326317775776,182.96643750008317,4696700,2025-05-02
186.79376220703125,186.79376220703125,188.35452635982296,184.05001673417803,184.3780757313054,3105000,2025-05-05
184.61666870117188,184.61666870117188,186.1177733564457,182.91672937880026,183.91084203846765,3461900,2025-05-06
185.45172119140625,185.45172119140625,187.9966471936604,184.42778635720174,185.8294736902388,4733900,2025-05-07
188.3843536376953,188.3843536376953,191.5257533600131,187.3703544526017,187.8177021266573,5081500,2025-05-08
186.6545867919922,186.6545867919922,188.72234293632872,185.38212380608593,188.72234293632872,3178400,2025-05-09
198.7728271484375,198.7728271484375,201.80487385342542,196.23783678299003,197.06295212690188,6840700,2025-05-12
199.8563995361328,199.8563995361328,203.27614946298672,198.0769445753918,198.5839365636693,4635200,2025-05-13
196.0787811279297,196.0787811279297,200.8107517985976,195.2337793225813,200.4628063095824,7114300,2025-05-14
196.33724975585938,196.33724975585938,196.65537308719527,192.2613817946113,194.3689109423233,8200600,2025-05-15
196.05889892578125,196.05889892578125,198.29565239831243,194.1800266156133,196.22789625676452,18227300,2025-05-16
196.24778747558594,196.24778747558594,198.82253567198885,193.35491594100915,194.63731462175298,6054400,2025-05-19
194.79637145996094,194.79637145996094,196.62553510223128,193.60343930930443,195.2039612885298,5240400,2025-05-20
185.8294677734375,185.8294677734375,193.8519640273605,185.69029261115043,193.8519640273605,5918900,2025-05-21
187.4498748779297,187.4498748779297,188.37440751066117,184.93477114033473,185.7797729424798,4771200,2025-05-22
184.57769775390625,184.57769775390625,185.97389209001008,182.88231456938675,183.0718013472959,6580600,2025-05-23
191.52877807617188,191.52877807617188,191.91771900490326,186.04370511246537,186.17334194379143,7053500,2025-05-27
190.56141662597656,190.56141662597656,192.7055755056353,190.2323104096675,192.3166345622477,4359200,2025-05-28
190.24227905273438,190.24227905273438,193.01473301984907,189.01562148736224,192.75544412833105,4204000,2025-05-29
188.6366424560547,188.6366424560547,189.5840763382081,185.9539558752852,188.92586392030472,6183000,2025-05-30
190.9403839111328,190.9403839111328,191.23955753669165,186.0038060461385,188.08814534758403,3858300,2025-06-02
195.0990753173828,195.0990753173828,195.38828157695764,190.17247978332193,191.00022903297057,4623100,2025-06-03
192.33657836914062,192.33657836914062,196.56507648300905,192.07728948766527,195.60767522835664,3022800,2025-06-04
191.47891235351562,191.47891235351562,193.77267320122579,190.3320395383489,192.65570253134743,2558300,2025-06-05
197.6022491455078,197.6022491455078,198.23054420051884,193.96216130088067,194.41093696129846,3452300,2025-06-06
198.449951171875,198.449951171875,199.92593022487725,196.54513121599672,198.4599185538481,3622300,2025-06-09
200.45448303222656,200.45448303222656,200.82347397720304,197.12355149371217,198.7391499202323,4808000,2025-06-10
199.9857635498047,199.9857635498047,204.563302710587,199.3076163633378,201.4517752105588,4464900,2025-06-11
197.14349365234375,197.14349365234375,199.14804829698377,196.07640552114847,197.96127549525454,2541800,2025-06-12
192.30667114257812,192.30667114257812,195.30849667942695,191.34926983746342,193.5831960711461,3413400,2025-06-13
197.0836639404297,197.0836639404297,198.67932770421493,193.36379124217552,194.48074674639872,3080700,2025-06-16
193.39370727539062,193.39370727539062,196.4653501082444,192.64574274452167,195.368329376019,4038400,2025-06-17
196.6348876953125,196.6348876953125,197.87152786954914,192.80531293412318,192.80531293412318,3403800,2025-06-18
197.8316192626953,197.8316192626953,199.45720031482165,196.794448516704,198.28041013730504,5359400,2025-06-20
201.09275817871094,201.09275817871094,201.43183178297616,195.68746962279,197.6022570095187,3541800,2025-06-23
205.79994201660156,205.79994201660156,206.93684746142952,201.0728008421185,203.07735546508297,3549700,2025-06-24
207.4654083251953,207.4654083251953,207.78454715409342,205.09186274174078,206.35842024069257,3039800,2025-06-25
209.9386749267578,209.9386749267578,211.00577827420062,208.58236532869967,208.93142152320715,3585200,2025-06-26
210.43731689453125,210.43731689453125,212.24241736725986,208.1834559751636,209.69933498133335,4410800,2025-06-27
212.1825714111328,212.1825714111328,215.03481008104077,211.10550066682728,212.02301721067727,6402200,2025-06-30
214.5959930419922,214.5959930419922,216.22157408296513,210.86615316081728,211.56425031365401,4923800,2025-07-01
218.21615600585938,218.21615600585938,218.664931680442,213.98767293483365,214.84532432066243,3573100,2025-07-02
220.31045532226562,220.31045532226562,221.34762607325828,218.3059007103144,218.80454371350595,1856000,2025-07-03
217.5380096435547,217.5380096435547,220.38026573847958,215.99221323190568,219.40292967624197,2743100,2025-07-07
216.9097137451172,216.9097137451172,220.32043017654135,216.08196450565976,220.30048019487154,2989300,2025-07-08
217.43826293945312,217.43826293945312,219.7719085012763,217.21885880450805,218.28596211695697,3461600,2025-07-09
220.1409149169922,220.1409149169922,221.31770508088425,217.7274846472101,218.5253012653311,2874900,2025-07-10
219.1934814453125,219.1934814453125,220.08106536933252,217.46818094033847,218.26601277726556,2981000,2025-07-11
220.2406463623047,220.2406463623047,220.70937202049728,218.2660242555347,219.7021185940501,2145700,2025-07-14
214.7555694580078,214.7555694580078,219.92151899225095,214.64586738631414,219.49267808749303,3134800,2025-07-15
216.03208923339844,216.03208923339844,216.9097057861397,212.55157081990518,215.72293300705823,3272800,2025-07-16
217.40835571289062,217.40835571289062,218.2660223120127,215.1644621332851,215.25421422429878,3584400,2025-07-17
217.68759155273438,217.68759155273438,218.21615192673218,214.68576610631501,218.0067303839511,3107000,2025-07-18
215.2941131591797,215.2941131591797,219.1835225916355,215.26419579565135,217.68759354570986,2999800,2025-07-21
216.82992553710938,216.82992553710938,217.78732681590617,213.429176542705,214.90517081490745,4398100,2025-07-22
218.86439514160156,218.86439514160156,231.8191307133022,218.65495838319416,227.24159156511297,9069600,2025-07-23
210.75645446777344,210.75645446777344,220.5497951798327,210.75645446777344,220.04118479263028,7498600,2025-07-24
212.2723388671875,212.2723388671875,213.618665885473,208.24329475968148,210.92599663152473,4726800,2025-07-25
213.5987091064453,213.5987091064453,215.50352902691625,211.67395442239874,212.47178626935076,6192000,2025-07-28
213.2397003173828,213.2397003173828,215.8226674111846,212.17259699057468,214.4164904957629,3435900,2025-07-29
214.64585876464844,214.64585876464844,216.29138977395786,212.74105409429853,213.32944917457743,3471400,2025-07-30
214.41648864746094,214.41648864746094,215.70298088369998,212.8008902072127,213.74830885776103,4299500,2025-07-31
206.9069366455078,206.9069366455078,211.13543494785978,203.07736189094985,210.99581551047623,4794900,2025-08-01
210.21791076660156,210.21791076660156,210.62680168173287,207.1562506374671,208.48264285315707,2174800,2025-08-04
211.4246368408203,211.4246368408203,212.4119554816818,208.0139204688131,211.41466945884773,3683600,2025-08-05
212.30224609375,212.30224609375,212.74105436345434,210.86615183558177,211.73378577598487,3186500,2025-08-06
206.7274169921875,206.7274169921875,214.07742547102507,206.3085586805484,213.84803872480714,3456600,2025-08-07
207.6648712158203,207.6648712158203,209.82898013162813,205.7101990674547,208.59235516109655,3109200,2025-08-08
207.684814453125,207.684814453125,209.87884066197552,206.27863750741835,208.39289422565793,4378400,2025-08-11
216.1417999267578,216.1417999267578,216.5506908567253,208.9713108398803,209.70930799025743,3250600,2025-08-12
216.3811492919922,216.3811492919922,218.14634981082912,214.54614666468962,217.28868322368467,2951900,2025-08-13
220.47999572753906,220.47999572753906,220.66948250663492,214.44641224664826,215.43373088739014,3032900,2025-08-14
215.42999267578125,215.42999267578125,221.08999633789062,214.47000122070312,221.08999633789062,4464100,2025-08-15
216.1999969482422,216.1999969482422,216.25,213.57000732421875,214.57000732421875,2744400,2025-08-18
214.6199951171875,214.6199951171875,217.1999969482422,213.60000610351562,215.41000366210938,2432500,2025-08-19
214.7100067138672,214.7100067138672,214.89999389648438,209.39999389648438,213.11000061035156,2967000,2025-08-20
212.00999450683594,212.00999450683594,213.25999450683594,210.6199951171875,213.22999572753906,3284800,2025-08-21
221.22000122070312,221.22000122070312,222.60000610351562,212.0399932861328,213.33999633789062,4137900,2025-08-22
221.10000610351562,221.10000610351562,221.9499969482422,220.42999267578125,221.0,1959200,2025-08-25
224.9199981689453,224.9199981689453,225.22999572753906,220.22000122070312,220.5,3672300,2025-08-26
224.5500030517578,224.5500030517578,226.72000122070312,224.4499969482422,224.8300018310547,2829100,2025-08-27
227.13999938964844,227.13999938964844,227.69000244140625,225.0500030517578,225.4600067138672,2822300,2025-08-28
227.22000122070312,227.22000122070312,228.16000366210938,225.16000366210938,227.22000122070312,2551600,2025-08-29
223.27000427246094,223.27000427246094,223.85000610351562,219.24000549316406,223.39999389648438,3470900,2025-09-02
221.3300018310547,221.3300018310547,223.97000122070312,218.58999633789062,223.25,3019000,2025-09-03
226.32000732421875,226.32000732421875,226.75,221.4600067138672,222.27999877929688,2626400,2025-09-04
221.52999877929688,221.52999877929688,227.47999572753906,220.1300048828125,226.25,3841400,2025-09-05
220.10000610351562,220.10000610351562,222.5,218.58999633789062,222.05999755859375,3820000,2025-09-08
222.47999572753906,222.47999572753906,222.75999450683594,218.16000366210938,219.75999450683594,3346700,2025-09-09
223.42999267578125,223.42999267578125,224.1199951171875,220.77999877929688,221.97999572753906,2667800,2025-09-10
224.35000610351562,224.35000610351562,226.27999877929688,220.63999938964844,221.6300048828125,2107300,2025-09-11
223.75999450683594,223.75999450683594,225.3300018310547,221.86000061035156,225.24000549316406,2153800,2025-09-12
226.52999877929688,226.52999877929688,230.5,224.82000732421875,225.07000732421875,2744800,2025-09-15
224.41000366210938,224.41000366210938,227.7899932861328,222.32000732421875,227.7899932861328,3254900,2025-09-16
225.61000061035156,225.61000061035156,229.2100067138672,223.5,224.86000061035156,2850600,2025-09-17
229.74000549316406,229.74000549316406,230.1300048828125,225.33999633789062,227.3699951171875,2295600,2025-09-18
228.32000732421875,228.32000732421875,229.97000122070312,226.47999572753906,229.97000122070312,4825300,2025-09-19
225.41000366210938,225.41000366210938,227.3699951171875,224.47999572753906,226.0,2567100,2025-09-22
223.02000427246094,223.02000427246094,228.72000122070312,222.66000366210938,225.50999450683594,3131500,2025-09-23
224.33999633789062,224.33999633789062,225.63999938964844,223.0800018310547,224.00999450683594,2432000,2025-09-24
222.4600067138672,222.4600067138672,223.69000244140625,219.66000366210938,223.0500030517578,3083600,2025-09-25
224.0500030517578,224.0500030517578,225.42999267578125,222.08999633789062,223.52999877929688,2402500,2025-09-26
223.60000610351562,223.60000610351562,226.22999572753906,221.17999267578125,226.22999572753906,3195700,2025-09-29
212.5800018310547,212.5800018310547,224.11000061035156,208.72000122070312,223.30999755859375,9877100,2025-09-30
213.47999572753906,213.47999572753906,216.8699951171875,211.6999969482422,213.30999755859375,5092600,2025-10-01
213.77999877929688,213.77999877929688,214.75999450683594,210.3000030517578,211.99000549316406,3155200,2025-10-02
214.39999389648438,214.39999389648438,216.5,212.80999755859375,212.89999389648438,2499500,2025-10-03
213.85000610351562,213.85000610351562,217.2100067138672,211.49000549316406,215.49000549316406,2903900,2025-10-06
213.69000244140625,213.69000244140625,214.9499969482422,211.1300048828125,214.0500030517578,2227200,2025-10-07
211.9199981689453,211.9199981689453,215.75999450683594,211.52999877929688,214.10000610351562,2409800,2025-10-08
210.74000549316406,210.74000549316406,213.72000122070312,210.24000549316406,212.42999267578125,2756500,2025-10-09
202.49000549316406,202.49000549316406,212.44000244140625,202.02000427246094,211.47999572753906,4641200,2025-10-10
207.61000061035156,207.61000061035156,207.8000030517578,204.3000030517578,205.25,3036500,2025-10-13
214.1999969482422,214.1999969482422,216.72999572753906,206.1199951171875,206.1199951171875,3997800,2025-10-14
215.10000610351562,215.10000610351562,218.0,213.25999450683594,216.5500030517578,2774600,2025-10-15
203.14999389648438,203.14999389648438,216.25,200.60000610351562,214.47999572753906,7841900,2025-10-16
211.33999633789062,211.33999633789062,212.1999969482422,204.3800048828125,204.3800048828125,4621800,2025-10-17
214.8699951171875,214.8699951171875,215.72000122070312,212.02999877929688,212.52999877929688,3780000,2025-10-20
217.0500030517578,217.0500030517578,218.58999633789062,214.11000061035156,214.5,5354100,2025-10-21
220.3800048828125,220.3800048828125,228.4199981689453,220.0800018310547,227.00999450683594,7675600,2025-10-22
220.0399932861328,220.0399932861328,222.6699981689453,218.60000610351562,222.0,4353200,2025-10-23
225.00999450683594,225.00999450683594,227.6199951171875,222.85000610351562,224.02999877929688,3262200,2025-10-24
