Price,Close,High,Low,Open,Volume,Date
53.85698699951172,53.85698699951172,54.44002607656042,53.691649244308856,54.40521707981183,3888400,2021-10-25
54.031028747558594,54.031028747558594,54.231175499820736,53.8569870831141,53.926605076719355,2600000,2021-10-26
53.343570709228516,53.343570709228516,54.527050148474935,53.256551529106424,54.274689878724374,2593100,2021-10-27
53.987518310546875,53.987518310546875,54.08324139046127,53.43928823803534,53.52630740910192,2473300,2021-10-28
53.77867126464844,53.77867126464844,54.361710372574,53.74386226605641,53.8743943509921,2470400,2021-10-29
54.20507049560547,54.20507049560547,54.2920896681776,53.796073081465394,53.796073081465394,1964300,2021-11-01
54.500938415527344,54.500938415527344,54.6488716676179,54.04843143099446,54.35300184386826,2147000,2021-11-02
54.944740295410156,54.944740295410156,55.04916396046987,54.483532731792,54.55314740197566,2196400,2021-11-03
54.570556640625,54.570556640625,55.17100023591525,54.292091296559775,54.82291689604934,2627400,2021-11-04
54.518341064453125,54.518341064453125,54.75329347809148,54.30949041730207,54.64886981430016,2048400,2021-11-05
54.5096435546875,54.5096435546875,54.64887622927593,53.97011735560343,54.52704805395715,1911700,2021-11-08
54.97084045410156,54.97084045410156,55.04915902576785,54.41390986428271,54.727184150947856,1780800,2021-11-09
55.28411865234375,55.28411865234375,55.64960645250223,54.831611686207175,55.16229049214706,2447300,2021-11-10
54.735897064208984,54.735897064208984,55.64961167093436,54.57925989510535,55.04916808284754,2726800,2021-11-11
55.03176498413086,55.03176498413086,55.28412190815659,54.50963999880791,54.866423911639394,2903900,2021-11-12
55.43205642700195,55.43205642700195,55.54518400089559,54.82291229316421,55.023059034933894,1751100,2021-11-15
55.049163818359375,55.049163818359375,55.50167079187458,55.02305873205395,55.50167079187458,2020100,2021-11-16
54.92733383178711,54.92733383178711,55.09267489174558,54.73589100595862,54.97954732223216,1925400,2021-11-17
54.735897064208984,54.735897064208984,55.083977080330286,54.4922374013985,54.727193155053946,1844100,2021-11-18
53.987518310546875,53.987518310546875,55.46686745565894,53.961409903572026,55.00565655421399,2656800,2021-11-19
54.71849060058594,54.71849060058594,55.19710268029672,53.848285612177754,53.95270928130753,1936600,2021-11-22
55.2057991027832,55.2057991027832,55.42335033346506,54.76199605280229,54.81420954321054,2026000,2021-11-23
55.08397674560547,55.08397674560547,55.4146555805447,54.72719282249718,55.26671900192635,1484500,2021-11-24
54.61406326293945,54.61406326293945,55.77143416395183,54.483534507253374,55.03176457592691,1704100,2021-11-26
55.27542495727539,55.27542495727539,55.301530046410846,54.26598723602232,54.75329993758454,3536300,2021-11-29
53.75255584716797,53.75255584716797,55.118777243487685,53.68293786336071,55.0230541755368,9085800,2021-11-30
53.456695556640625,53.456695556640625,54.440028175504786,53.4392910575953,53.91790316285119,3386500,2021-12-01
54.70109176635742,54.70109176635742,54.91864303598527,53.78737709783424,53.85699177793931,4692100,2021-12-02
55.89326477050781,55.89326477050781,55.90196203950416,54.90122837615126,54.98824754007123,4066800,2021-12-03
56.076011657714844,56.076011657714844,56.615534502251435,55.93677567258463,56.00639366514974,3516300,2021-12-06
56.18914031982422,56.18914031982422,56.58072994020174,55.55389102594181,55.90197105734059,2863800,2021-12-07
55.875858306884766,55.875858306884766,56.58942609092117,55.24931300844329,56.180428707546014,2484500,2021-12-08
55.66701126098633,55.66701126098633,56.006390657594984,55.414651030842506,55.90196367435507,2685700,2021-12-09
56.35447692871094,56.35447692871094,56.4763050960013,55.806243536767155,56.00639360539399,2784300,2021-12-10
57.37261962890625,57.37261962890625,57.58146698346509,55.91937877824076,56.302264488409016,4602000,2021-12-13
57.35520553588867,57.35520553588867,57.67717708519029,57.102845329675716,57.424816878977325,4487700,2021-12-14
58.59960174560547,58.59960174560547,58.64311465143293,57.46833922460152,57.511845491291695,4700700,2021-12-15
59.92231750488281,59.92231750488281,59.93971868385807,58.0861844031068,58.42556382579172,4705300,2021-12-16
58.86935806274414,58.86935806274414,60.63587280494479,58.851950248232306,59.861391037567515,6564800,2021-12-17
58.9911994934082,58.9911994934082,59.18264566133883,58.329841814867166,58.40816371953763,3891400,2021-12-20
56.61553955078125,56.61553955078125,57.06804990366857,55.60610512512253,56.128226837645165,6915200,2021-12-21
57.17246627807617,57.17246627807617,57.1898740961251,56.19784091973016,56.64164069291815,3885300,2021-12-22
57.424827575683594,57.424827575683594,57.624977652078606,57.28559822443538,57.43353148486705,2332100,2021-12-23
57.48573684692383,57.48573684692383,57.755504895917,57.198574259295505,57.57276265319465,2503100,2021-12-27
58.208003997802734,58.208003997802734,58.234109081988336,57.468331176286405,57.468331176286405,1929100,2021-12-28
58.32112121582031,58.32112121582031,58.538672410005034,58.05135985955464,58.37333801703683,1871400,2021-12-29
58.34724044799805,58.34724044799805,58.625705746840495,58.0252622490623,58.4690686012956,1822900,2021-12-30
58.6344108581543,58.6344108581543,58.76494293675701,58.129697000901004,58.31243925528988,2017300,2021-12-31
58.52998733520508,58.52998733520508,58.57349359962378,57.33780415263202,58.47777052311091,4013300,2022-01-03
59.078224182128906,59.078224182128906,59.74828583242523,58.5212934447891,58.538694625708054,4659000,2022-01-04
59.8701057434082,59.8701057434082,60.35741841145905,59.260958269207485,59.29576726537357,5202500,2022-01-05
59.60031509399414,59.60031509399414,60.61845958834143,59.487190878682064,60.000608439484544,4417200,2022-01-06
60.11762237548828,60.11762237548828,60.792704300882455,59.35486173938748,59.696787306514544,4973100,2022-01-07
60.292964935302734,60.292964935302734,60.83654215915346,60.073781541822875,60.135152624439385,4442100,2022-01-10
60.08255386352539,60.08255386352539,60.564760029744164,59.091847281685624,60.45954958740189,2891700,2022-01-11
59.907203674316406,59.907203674316406,60.02117662512749,59.407465830073974,59.84583259481105,2919200,2022-01-12
60.40693664550781,60.40693664550781,60.792694818873905,59.67924626940029,59.94226898260278,3010100,2022-01-13
61.28365707397461,61.28365707397461,61.32748972422492,60.310482606567724,60.44199393520672,3466600,2022-01-14
60.722557067871094,60.722557067871094,61.09078348998439,60.06500701883522,60.86283093341402,3332500,2022-01-18
60.62612533569336,60.62612533569336,61.222304407568984,60.30173151944105,60.634894543955866,2611700,2022-01-19
60.03871154785156,60.03871154785156,60.76639525137197,59.994872198350485,60.58228202356953,3801600,2022-01-20
60.520904541015625,60.520904541015625,61.23982564968878,60.30172119460375,60.69625523151207,8034300,2022-01-21
60.1000862121582,60.1000862121582,61.13463204606417,58.969099154748164,60.47708189796155,4706900,2022-01-24
59.91594696044922,59.91594696044922,60.20527053764937,59.126892388367125,59.801974046223634,3968500,2022-01-25
59.442527770996094,59.442527770996094,60.20528155545493,59.13566572686959,59.61787177711546,3680400,2022-01-26
59.92473602294922,59.92473602294922,60.6085871127965,59.574041269735055,59.77569292674067,2608600,2022-01-27
60.82776641845703,60.82776641845703,60.84530483386198,59.37239232028971,59.84582920203926,3473700,2022-01-28
60.21404266357422,60.21404266357422,60.53843638910323,59.64416468691802,60.33678478913781,3856800,2022-01-31
59.83706283569336,59.83706283569336,60.43324189780462,59.25841550087392,60.24912866098369,3577700,2022-02-01
60.292964935302734,60.292964935302734,60.5384559547151,59.61788302652116,59.72309346341218,2898500,2022-02-02
60.5384635925293,60.5384635925293,61.011893895903185,60.196537990677506,60.47709250216993,3600900,2022-02-03
59.54774475097656,59.54774475097656,60.433247563514804,59.02170592660754,60.319274603067925,2823000,2022-02-04
59.74060821533203,59.74060821533203,59.90718968750228,59.17073021643674,59.837049416173286,3149600,2022-02-07
59.994873046875,59.994873046875,60.284196704204646,59.69678018173199,60.01240477355602,2466000,2022-02-08
59.76691818237305,59.76691818237305,60.31926454143021,59.62664430744828,60.108843695624884,2655200,2022-02-09
58.811279296875,58.811279296875,59.95102872714218,58.60962766755769,59.58280229685333,4477200,2022-02-10
59.67048645019531,59.67048645019531,60.08255231087062,58.820053791175475,58.93403343967082,4301500,2022-02-11
59.29348373413086,59.29348373413086,60.03871255447017,58.40798772208405,59.85459263463515,3001300,2022-02-14
58.74114227294922,58.74114227294922,59.59157480593812,58.56579825517534,59.34609050547648,2688500,2022-02-15
58.53072738647461,58.53072738647461,59.29348121215237,58.057290517633874,58.697302194606124,3060600,2022-02-16
59.43376541137695,59.43376541137695,59.679249723804375,58.41675132966811,58.627172187988045,3177000,2022-02-17
59.7493896484375,59.7493896484375,59.95103460859189,59.17951153292389,59.188280740870624,2942400,2022-02-18
59.03923034667969,59.03923034667969,60.12638469659563,58.67100388410125,59.688017949065376,3654300,2022-02-22
58.83758544921875,58.83758544921875,59.319791547576905,58.74991343741156,59.179510977528814,2849700,2022-02-23
57.478633880615234,57.478633880615234,58.75866371538507,56.50545936771756,58.61838986350537,4956500,2022-02-24
59.60911178588867,59.60911178588867,59.65295113866876,57.60139116737991,57.66276224790437,3892500,2022-02-25
59.118141174316406,59.118141174316406,59.346093761083885,58.45182183012079,58.73237628731697,6353700,2022-02-28
58.58332443237305,58.58332443237305,59.205804332138314,58.232629741097504,58.65346470841713,3474400,2022-03-01
59.14444351196289,59.14444351196289,59.40746624823492,58.02222565656819,58.34661947277755,3108200,2022-03-02
59.854576110839844,59.854576110839844,60.31048114723091,59.11812339059195,59.302236570653925,3754300,2022-03-03
59.72307586669922,59.72307586669922,60.21404438297308,58.85510506821517,59.02168653864138,4240400,2022-03-04
59.32854461669922,59.32854461669922,59.85458329270114,58.53072074070098,59.27594275578243,4374100,2022-03-07
55.900516510009766,55.900516510009766,59.36361388573032,55.865449718068696,59.05675855329413,6768800,2022-03-08
56.207374572753906,56.207374572753906,57.32959216994092,56.11970257715076,56.53176831432448,3761200,2022-03-09
55.32188415527344,55.32188415527344,56.04957458723286,54.795845377439214,55.909297356845535,3560300,2022-03-10
54.59419631958008,54.59419631958008,55.900527382570246,54.53282524115627,55.30435166994937,3535500,2022-03-11
54.85721206665039,54.85721206665039,55.56736736992073,54.49775148351983,54.953653281912466,3156200,2022-03-14
55.47968673706055,55.47968673706055,55.66380328706961,55.02378498206091,55.37447966882137,3143200,2022-03-15
54.92734909057617,54.92734909057617,55.567364074068436,54.27856490014055,55.523528072769174,3631300,2022-03-16
55.427085876464844,55.427085876464844,55.69010522405042,54.69939555885653,54.892277974506435,3712800,2022-03-17
54.7169303894043,54.7169303894043,55.48845670416777,54.06814621334747,55.4533865661166,7789800,2022-03-18
55.07638931274414,55.07638931274414,55.53229106049529,54.45390943089005,55.00625238319061,4519300,2022-03-21
54.953643798828125,54.953643798828125,55.39201045111969,54.23472275662773,55.08515513230445,5658200,2022-03-22
56.31258773803711,56.31258773803711,58.1361880782814,55.96189304950922,57.250692183705915,7668400,2022-03-23
58.180023193359375,58.180023193359375,58.43427665683575,56.47915842545606,56.540529489816265,5427200,2022-03-24
59.08306884765625,59.08306884765625,59.47759623918361,58.302776583385246,58.42551873581356,4047200,2022-03-25
58.61839294433594,58.61839294433594,59.1181306916339,58.197557988690164,59.047990417535495,2807400,2022-03-28
59.319793701171875,59.319793701171875,59.3285562204087,58.63593593077867,58.89895866469498,2568300,2022-03-29
59.56527328491211,59.56527328491211,59.58280501093844,58.741141693819856,59.21457856387633,2966300,2022-03-30
59.37239456176758,59.37239456176758,59.977342826110345,59.354856145700495,59.495136718453665,3027300,2022-03-31
60.36309814453125,60.36309814453125,60.406937493662355,59.14443915487674,59.5477357488898,2380600,2022-04-01
60.04745101928711,60.04745101928711,60.249102585070666,59.275928262390146,60.17019312404474,2542000,2022-04-04
60.63488006591797,60.63488006591797,61.283660854564516,59.9159523168667,59.924721523035345,3335800,2022-04-05
61.134613037109375,61.134613037109375,61.42392992871652,60.4156920329468,60.7137781300402,3944800,2022-04-06
61.602725982666016,61.602725982666016,61.735206310919786,60.9403310796266,61.26711499088863,3256100,2022-04-07
61.97365188598633,61.97365188598633,62.203283955258506,61.24943388741523,61.77052126712195,4041000,2022-04-08
62.273956298828125,62.273956298828125,62.67139055553538,61.761702610187534,62.406436630473735,3154600,2022-04-11
62.20328140258789,62.20328140258789,62.64487788940501,61.64687225496028,62.07080110889723,3677300,2022-04-12
62.424068450927734,62.424068450927734,62.48589167846571,61.67335590561619,62.02663437935881,3104600,2022-04-13
62.63605499267578,62.63605499267578,62.9186765239807,62.30927784792783,62.70671206005922,6956500,2022-04-14
62.56538772583008,62.56538772583008,62.971662427939165,62.32692858507082,62.66253949308733,2860700,2022-04-18
63.34260940551758,63.34260940551758,63.413266469794934,62.54773427796862,62.61839134224598,3297400,2022-04-19
64.32295989990234,64.32295989990234,64.41127786886057,63.40443819863277,63.40443819863277,2944800,2022-04-20
64.64090728759766,64.64090728759766,65.17965563551144,64.1286536554454,64.34945193776322,2728600,2022-04-21
64.0315170288086,64.0315170288086,64.84405328289542,63.987354666600005,64.68507821246709,3399800,2022-04-22
63.76655197143555,63.76655197143555,64.36712366995886,63.077662292764984,64.03151265010729,3814300,2022-04-25
62.733211517333984,62.733211517333984,64.16398691796111,62.71555061826767,63.8901924457133,3812200,2022-04-26
63.024658203125,63.024658203125,63.854861847645964,62.95400114013845,63.23662265385625,5876100,2022-04-27
63.82835006713867,63.82835006713867,63.84601769914067,63.104132134284946,63.47507828582646,3216300,2022-04-28
62.46824645996094,62.46824645996094,63.74003985100416,62.388755582767416,63.56340393892897,2771500,2022-04-29
61.36424255371094,61.36424255371094,63.75769438308998,60.869649972727416,63.722365860289244,4443300,2022-05-02
61.514400482177734,61.514400482177734,62.176795304157615,60.92266272505056,61.2847683905207,3703500,2022-05-03
62.53889465332031,62.53889465332031,62.58305699895009,61.443737211626356,61.54972279820109,3012500,2022-05-04
62.48590850830078,62.48590850830078,62.9010103213841,62.141463756641905,62.51240322177788,3169600,2022-05-05
63.059974670410156,63.059974670410156,63.15712642887314,62.238605000458506,62.238605000458506,2759600,2022-05-06
64.9146957397461,64.9146957397461,65.12666020647791,62.66255053919804,62.83919320999863,6105900,2022-05-09
63.36025619506836,63.36025619506836,65.34744020237233,63.15712560328441,64.65855082462328,3472300,2022-05-10
63.41327667236328,63.41327667236328,64.12866103314134,62.83919972464638,63.05999803236598,2656600,2022-05-11
63.77537536621094,63.77537536621094,64.34945225067459,63.148309049966564,63.713552116390474,3218200,2022-05-12
64.56140899658203,64.56140899658203,64.60557134327149,63.54573566677689,63.92550893833088,3366700,2022-05-13
64.87934112548828,64.87934112548828,65.02065520532355,64.33175917346594,64.56139118408514,3379000,2022-05-16
64.39360809326172,64.39360809326172,64.62323343325185,62.53007023075942,64.57024400682769,4173700,2022-05-17
59.677364349365234,59.677364349365234,64.16398742967458,59.29759100323218,64.05800181974347,5645600,2022-05-18
58.405548095703125,58.405548095703125,58.917801630350134,57.451704818704,58.55569602015314,4364700,2022-05-19
59.182762145996094,59.182762145996094,59.377065675344326,57.85797270577913,58.811815981682415,4804100,2022-05-20
59.597862243652344,59.597862243652344,60.51637696679807,59.465381955701226,59.85398226526985,3504800,2022-05-23
61.06396484375,61.06396484375,61.10812719002674,59.78333766046047,59.827493268509215,2345800,2022-05-24
61.169952392578125,61.169952392578125,61.39075065458316,60.684193520875766,61.055132983869456,2876500,2022-05-25
61.346580505371094,61.346580505371094,62.02664283927003,60.90498403751939,61.108121377551214,2635900,2022-05-26
61.726356506347656,61.726356506347656,61.76168503394794,61.05512795839754,61.29359383514256,2667700,2022-05-27
61.6910400390625,61.6910400390625,62.01782392957915,60.63121095677285,61.41725231942062,5974000,2022-05-31
61.04629898071289,61.04629898071289,61.74402221809664,60.08361516368507,61.646870454775645,3431100,2022-06-01
60.657691955566406,60.657691955566406,61.16994548272791,59.41238666418006,61.010970482513216,3350400,2022-06-02
60.40157699584961,60.40157699584961,60.97565387204764,59.88049628889812,60.64004291188712,2410600,2022-06-03
60.73719024658203,60.73719024658203,60.88733820384284,60.163120086962955,60.68420081356587,2154000,2022-06-06
61.081626892089844,61.081626892089844,61.18760573229825,60.057119848559395,60.11894308475676,2630600,2022-06-07
60.85200500488281,60.85200500488281,61.28476773054525,60.51638731956098,61.055135641361126,2630100,2022-06-08
59.995304107666016,59.995304107666016,61.373083108322334,59.95997557710711,61.028638358158254,3121100,2022-06-09
60.39274978637695,60.39274978637695,60.78135695830711,59.368249157964954,59.421238594781066,3362300,2022-06-10
59.2269287109375,59.2269287109375,60.19844653745682,58.97963571445214,59.73918233978791,3834400,2022-06-13
58.688175201416016,58.688175201416016,59.59786969875281,58.1405998254553,59.324075272544256,3042200,2022-06-14
58.591026306152344,58.591026306152344,59.31525110803249,58.14942976152993,58.73234043478121,2869500,2022-06-15
58.953128814697266,58.953128814697266,59.27107881253135,57.354551747640116,58.22007705645604,3859000,2022-06-16
58.493873596191406,58.493873596191406,59.43888980825021,58.0169485819429,58.99729332152689,5405700,2022-06-17
59.92464065551758,59.92464065551758,60.30441389573732,58.741165330040126,59.45654946743388,3915200,2022-06-21
59.968807220458984,59.968807220458984,60.445732258373575,59.47421454879127,59.8893163450259,4137500,2022-06-22
60.92265319824219,60.92265319824219,61.08162820018671,60.04828731843353,60.295580268518904,3461400,2022-06-23
62.37991714477539,62.37991714477539,62.477068910688466,60.78134002276,61.16111326999448,4449000,2022-06-24
62.74203872680664,62.74203872680664,62.80386197437034,62.02665447096551,62.326936891066715,2875600,2022-06-27
62.05315399169922,62.05315399169922,63.33378139251122,61.89417895161925,62.830361555296186,3694900,2022-06-28
65.99217224121094,65.99217224121094,66.23946516638247,63.148290125284625,63.17478483323488,10605400,2022-06-29
66.63691711425781,66.63691711425781,66.89304392343861,65.26797184367875,65.35628980658245,8255000,2022-06-30
66.93720245361328,66.93720245361328,67.08734365580325,66.0805041120626,66.96369716714936,5353500,2022-07-01
66.3719482421875,66.3719482421875,67.20214499194115,65.40043739310643,66.78704998617789,6006800,2022-07-05
67.31697082519531,67.31697082519531,67.76740113712883,66.68107079381336,66.68990461042361,5939900,2022-07-06
67.16575622558594,67.16575622558594,67.77061297884573,66.8989050632069,67.34365247630065,4474200,2022-07-07
67.19242095947266,67.19242095947266,68.10859928522686,67.16573720805147,67.36142710021355,2939100,2022-07-08
67.38813781738281,67.38813781738281,67.91293656881409,67.2369185216431,67.41482157948165,2232800,2022-07-11
67.53045654296875,67.53045654296875,68.30431961050441,67.30808280030647,67.4326115532927,2371400,2022-07-12
67.98408508300781,67.98408508300781,68.43772931280719,67.32586085782296,67.34364776712786,3462200,2022-07-13
66.44525909423828,66.44525909423828,67.39701826234926,66.08056975375246,66.84553582752092,4554700,2022-07-14
66.64095306396484,66.64095306396484,67.13017794988352,66.40968928726438,66.9433848442529,3177100,2022-07-15
65.77814483642578,65.77814483642578,66.68543343056417,65.7158804651659,66.29405350475487,2671700,2022-07-18
66.15174102783203,66.15174102783203,66.62317225948847,65.94715420597525,66.06278610492433,3019900,2022-07-19
65.2889175415039,65.2889175415039,66.374102247814,64.97759572894934,66.20509606972442,3585400,2022-07-20
65.02207946777344,65.02207946777344,65.47572379230036,64.63959636793857,65.01318261810995,3215500,2022-07-21
65.49351501464844,65.49351501464844,65.60915370895877,64.79970999401989,65.13772244039365,2521500,2022-07-22
66.04499816894531,66.04499816894531,66.29405566208968,65.04876141006014,65.4045607372554,2436200,2022-07-25
66.18732452392578,66.18732452392578,66.29405957797363,64.60401776369889,65.10213956571859,2954900,2022-07-26
65.66250610351562,65.66250610351562,66.03609229216161,64.18594825902146,66.03609229216161,3515500,2022-07-27
66.35631561279297,66.35631561279297,66.57868932918055,65.4401369870853,65.69809131245177,3087500,2022-07-28
66.52531433105469,66.52531433105469,66.61426245035001,65.72476768478379,65.95603822399683,6688100,2022-07-29
67.33474731445312,67.33474731445312,67.72612716127253,66.54309755979106,66.55199440712045,3769900,2022-08-01
67.31697082519531,67.31697082519531,67.82398262054579,66.81885587855125,67.60160890703581,5521500,2022-08-02
67.24581146240234,67.24581146240234,67.42371450990017,66.78327711152275,67.10349581071145,4030900,2022-08-03
67.17465209960938,67.17465209960938,67.8150895156837,66.93449146173528,66.93449146173528,2622600,2022-08-04
67.7528076171875,67.7528076171875,67.77060131097967,66.72988738592365,67.42369893139626,2266000,2022-08-05
67.92182159423828,67.92182159423828,68.36656898195,67.79729286858353,67.93071844215835,2382000,2022-08-08
68.51779174804688,68.51779174804688,69.12264855756256,68.04636053213022,68.0819411428438,2758500,2022-08-09
69.00701141357422,69.00701141357422,69.14043699702445,68.6423152712307,68.91806328670975,2681100,2022-08-10
68.45552825927734,68.45552825927734,69.5940806715743,68.42884449747471,69.1048625371414,2762600,2022-08-11
68.4911117553711,68.4911117553711,68.74016925776317,68.09973180229329,68.67790488216515,2409400,2022-08-12
68.1708755493164,68.1708755493164,68.67788727385275,67.81507630013334,68.3665654756824,5688300,2022-08-15
68.88248443603516,68.88248443603516,69.25607065018112,67.92182835425362,68.01077648338733,6201300,2022-08-16
68.61563110351562,68.61563110351562,69.30943598976,68.58005049572013,68.9091660280981,2387800,2022-08-17
68.93584442138672,68.93584442138672,68.9803218742457,68.07303341185194,68.58894200526748,2575600,2022-08-18
69.35391998291016,69.35391998291016,69.70082245872902,68.88248876122339,69.12264940359502,2646200,2022-08-19
68.93584442138672,68.93584442138672,69.31832744253184,68.61562576246027,69.06926999365716,1742700,2022-08-22
69.26498413085938,69.26498413085938,69.38061604786796,68.62454658922348,68.96255227561626,2400400,2022-08-23
69.78086853027344,69.78086853027344,69.86092659595407,69.09596047917411,69.41617916928233,2488400,2022-08-24
69.29165649414062,69.29165649414062,69.69192649863672,68.63343214525301,69.58519145013523,3132500,2022-08-25
67.88626098632812,67.88626098632812,69.51403853356601,67.78841598930451,69.30056162474567,3846900,2022-08-26
68.6867904663086,68.6867904663086,69.10485411374466,67.40591576545032,67.61050255817895,2704100,2022-08-29
68.47331237792969,68.47331237792969,68.98032414016687,68.25093867894309,68.68678922879094,2475600,2022-08-30
68.31320190429688,68.31320190429688,69.25606420066262,68.21535693546949,68.74015559890125,4307200,2022-08-31
68.6334228515625,68.6334228515625,68.81131909918112,67.37923191103866,68.03745617079576,2695100,2022-09-01
68.24205780029297,68.24205780029297,69.7364096786318,67.98410343474723,69.05149472514283,3946500,2022-09-02
66.97897338867188,66.97897338867188,68.44663464770443,66.82775408745754,68.18868708053856,5333600,2022-09-06
67.85066986083984,67.85066986083984,67.9485148427079,66.60537564404362,67.08570370422106,4348600,2022-09-07
67.27249908447266,67.27249908447266,67.77951092290664,66.44526852846904,67.47708590426184,3620300,2022-09-08
67.52156066894531,67.52156066894531,68.01967563802577,66.75659451711033,67.47708320971707,2436100,2022-09-09
67.73503875732422,67.73503875732422,67.98409624632811,67.39702634826958,67.63719377431447,2513900,2022-09-12
66.13394165039062,66.13394165039062,67.62829329040856,65.87598732598373,67.33475835715514,3344800,2022-09-13
66.19621276855469,66.19621276855469,66.65875394441225,65.90267780537292,65.91157465506848,3604500,2022-09-14
66.77437591552734,66.77437591552734,66.89000779914271,65.62692678251854,66.36520911238037,4664700,2022-09-15
66.9344711303711,66.9344711303711,67.61048895158756,66.46304006071026,66.91668422368627,6718600,2022-09-16
67.45038604736328,67.45038604736328,67.52154725346686,66.83663252075563,66.98784499399613,2907400,2022-09-19
67.07681274414062,67.07681274414062,67.40592150937866,66.623168451212,67.11238656770088,4802900,2022-09-20
70.91053771972656,70.91053771972656,72.08467076935767,68.5266910084988,69.36281842391915,14038700,2022-09-21
71.8533935546875,71.8533935546875,72.26256037507473,70.1722488157087,71.32859484581275,7096800,2022-09-22
70.42130279541016,70.42130279541016,71.6399131336562,69.64744665046936,71.23963639557353,4795400,2022-09-23
69.96766662597656,69.96766662597656,70.71483902618436,69.47844175466884,70.2611947624542,3561300,2022-09-26
69.35391998291016,69.35391998291016,71.27522548080634,69.22939123704224,70.27009866449882,4108400,2022-09-27
70.08329772949219,70.08329772949219,70.32345834507936,68.93584859656036,69.7719758995433,3953700,2022-09-28
69.12265014648438,69.12265014648438,70.34126064278323,68.9981213992781,70.23451880818881,3515500,2022-09-29
68.14420318603516,68.14420318603516,69.291652393678,68.01077759699625,68.93585308501004,4101000,2022-09-30
69.80755615234375,69.80755615234375,70.02103300803827,68.07303718919341,68.54446835590949,4069100,2022-10-03
69.8253402709961,69.8253402709961,70.7859962626737,69.22048354878869,69.914288391787,4093500,2022-10-04
69.1048583984375,69.1048583984375,69.81645022035188,68.62453035583397,69.72750209090098,2795200,2022-10-05
67.15219116210938,67.15219116210938,69.14964476952692,66.8476425288528,68.96154421684236,5449200,2022-10-06
67.4925537109375,67.4925537109375,67.79710230401818,66.65953318247894,67.23279388660025,3755700,2022-10-07
68.44202423095703,68.44202423095703,68.74656599880262,67.6806561437294,67.84188614841436,3245800,2022-10-10
69.31982421875,69.31982421875,69.81247333579765,68.46889228982036,68.46889228982036,3173100,2022-10-11
69.29295349121094,69.29295349121094,70.07223295579858,69.26608296377802,69.8035140138562,3045600,2022-10-12
70.60071563720703,70.60071563720703,70.87838690804242,68.71074413679422,68.89884469127699,3396400,2022-10-13
69.60646057128906,69.60646057128906,71.0127419140018,69.41836002868754,70.83360049261194,2928700,2022-10-14
69.33773803710938,69.33773803710938,70.33198166061538,68.83612983161642,70.0005693973821,3490400,2022-10-17
70.1080551147461,70.1080551147461,70.27824423197312,69.49001248814415,69.66019477156466,2655100,2022-10-18
69.98265075683594,69.98265075683594,70.67235947276127,69.55270867893998,70.21554003541648,2282900,2022-10-19
68.67489624023438,68.67489624023438,70.0095248444368,68.57636642827833,69.74080593295564,3002800,2022-10-20
69.00634002685547,69.00634002685547,69.54377120843337,68.37933128684105,68.61222063792115,2907100,2022-10-21
69.52584075927734,69.52584075927734,70.23346090755228,69.09589183145985,69.57062269242505,3219100,2022-10-24
70.13492584228516,70.13492584228516,70.35885599269628,68.94361580198459,69.34668733920226,3389700,2022-10-25
70.18868255615234,70.18868255615234,70.94108474922669,69.6512514419839,70.44844240865869,3082000,2022-10-26
71.54122161865234,71.54122161865234,71.99803429904763,70.35887045480423,70.5828006512437,4727900,2022-10-27
73.06393432617188,73.06393432617188,73.17142326607666,71.6218235096962,71.64869403622082,2693800,2022-10-28
73.07289123535156,73.07289123535156,73.53866295990031,72.48171233447181,72.49067145431104,4106500,2022-10-31
71.91743469238281,71.91743469238281,73.1893567799896,71.77411606255244,72.82211475021396,8683500,2022-11-01
71.48747253417969,71.48747253417969,72.5085936662364,70.45739911475569,71.83680308810398,4252700,2022-11-02
70.68133544921875,70.68133544921875,71.37103749582354,70.41261646109298,71.03961832164279,3164800,2022-11-03
70.815673828125,70.815673828125,71.63974203641115,70.14388332709784,71.01273346850198,2856500,2022-11-04
70.93212890625,70.93212890625,71.44268946419051,70.57383923682698,70.66340994573098,2178400,2022-11-07
71.2635269165039,71.2635269165039,71.85470577752741,70.75296646098619,70.79775522335669,2869400,2022-11-08
71.96220397949219,71.96220397949219,72.52651244291748,71.36207269871953,71.39790234987409,3667700,2022-11-09
71.28145599365234,71.28145599365234,72.78626706511902,69.68707421763067,72.55337776623068,6696300,2022-11-10
69.19442749023438,69.19442749023438,70.76193879260214,67.86875778192828,70.76193879260214,6176900,2022-11-11
68.94363403320312,68.94363403320312,70.69924605661764,68.91676350145718,69.418364984202,3980300,2022-11-14
69.3646011352539,69.3646011352539,69.55270162949441,68.53158075572858,69.16754152210517,3278100,2022-11-15
70.815673828125,70.815673828125,71.56808274285473,69.81247105356051,69.8572529866785,3954300,2022-11-16
71.45162200927734,71.45162200927734,71.46954024639155,70.5021604563793,70.57381973722579,2493500,2022-11-17
72.58023834228516,72.58023834228516,72.96539846948595,71.82783632662174,72.04280735483903,2981100,2022-11-18
73.43119049072266,73.43119049072266,73.49389067021094,72.26675077587511,73.00124152151228,3096600,2022-11-21
73.60137176513672,73.60137176513672,74.21942126422977,73.36848929244663,73.67303106464458,2718000,2022-11-22
74.14776611328125,74.14776611328125,74.31795525068272,73.80739467228564,73.81635379367711,2379300,2022-11-23
74.31794738769531,74.31794738769531,74.8822489671224,74.0223579173164,74.5687480896629,1319900,2022-11-25
74.28211212158203,74.28211212158203,75.05243241011068,74.17462318580847,74.34481229233175,2930900,2022-11-28
74.20149230957031,74.20149230957031,74.70310049989837,73.83425041177547,74.00443951508373,2936100,2022-11-29
76.40497589111328,76.40497589111328,76.69160623218575,73.8432142279878,74.15671509575355,15812000,2022-11-30
76.51245880126953,76.51245880126953,77.6858575383798,75.67943829599868,76.35122880561045,3802900,2022-12-01
77.49775695800781,77.49775695800781,77.55150485046462,76.44976531149514,76.44976531149514,3125800,2022-12-02
77.30070495605469,77.30070495605469,77.55150567750428,76.50351401981543,76.72744421165358,3119000,2022-12-05
76.47663116455078,76.47663116455078,77.63211169151657,75.97502975767198,76.78117975716052,3194800,2022-12-06
78.12477111816406,78.12477111816406,78.19643042397358,76.78118988636938,76.91554937631035,4279600,2022-12-07
78.42033386230469,78.42033386230469,78.62634575393025,77.70375471641223,78.01725553006324,2912800,2022-12-08
76.88866424560547,76.88866424560547,78.45617552438235,76.83492318857988,78.23224534169994,3100900,2022-12-09
77.78438568115234,77.78438568115234,77.90083375083873,76.78118282728134,77.14842477662857,3372200,2022-12-12
77.90082550048828,77.90082550048828,78.42034511411109,77.39922412667656,77.86499585467227,3818600,2022-12-13
78.22331237792969,78.22331237792969,79.12798561910357,78.08895286836858,78.09791199135492,4062800,2022-12-14
77.88291931152344,77.88291931152344,78.2949568852591,76.6826567430981,77.93666720546696,4681400,2022-12-15
77.86499786376953,77.86499786376953,78.06205750393907,76.80804720324723,77.35443735687863,8126400,2022-12-16
78.03520202636719,78.03520202636719,78.75177459794848,77.5067231772861,77.83814234819484,4570400,2022-12-19
74.46125030517578,74.46125030517578,75.73317873869485,73.84320774407892,74.95389936398307,8326500,2022-12-20
76.45872497558594,76.45872497558594,76.63786639489552,74.52396484476827,75.14201435885843,4221800,2022-12-21
76.28852844238281,76.28852844238281,76.57515878575474,75.6167379344355,76.46767667811929,2735800,2022-12-22
76.50352478027344,76.50352478027344,76.60204779143724,76.01983467781365,76.27063543453914,1477500,2022-12-23
76.9782485961914,76.9782485961914,77.10364896288351,76.3064579887091,76.64682943632945,2017400,2022-12-27
75.92129516601562,75.92129516601562,77.53358846845178,75.84067674229985,77.3007059861778,1707300,2022-12-28
75.58090209960938,75.58090209960938,76.35122236569534,75.45550176176337,76.2347811473543,2473100,2022-12-29
75.10617065429688,75.10617065429688,75.86753179460666,74.60456930704447,75.67943128938701,2477000,2022-12-30
74.54187774658203,74.54187774658203,75.01660862416772,74.00444669334932,74.84641950435149,3036500,2023-01-03
75.14202117919922,75.14202117919922,75.62571125580625,74.21047067986062,74.21047067986062,3445900,2023-01-04
75.60778045654297,75.60778045654297,76.04668164479978,74.99869016447381,75.37489118297965,2934100,2023-01-05
76.99615478515625,76.99615478515625,77.22904409342625,76.14522280689505,76.14522280689505,2290900,2023-01-06
76.32913208007812,76.32913208007812,77.40178032285525,76.32913208007812,76.83390448749876,3010700,2023-01-09
75.76126861572266,75.76126861572266,76.84292581777937,75.68014054321357,76.74377310527316,2470100,2023-01-10
75.6711196899414,75.6711196899414,76.34715711496294,75.29254038241133,76.00463396200836,3113000,2023-01-11
74.39115905761719,74.39115905761719,75.65309699210182,74.2379255544963,75.65309699210182,3928400,2023-01-12
74.37313842773438,74.37313842773438,74.78777392283023,74.20187339912628,74.20187339912628,3442800,2023-01-13
73.78722381591797,73.78722381591797,74.80578428046286,73.68807112112954,74.27397153296818,3880300,2023-01-17
70.67745971679688,70.67745971679688,73.41765858154726,70.38901049207786,73.39963394350633,6451600,2023-01-18
69.8121337890625,69.8121337890625,70.89379787456849,69.66791603720033,70.7766136443586,3865500,2023-01-19
69.82113647460938,69.82113647460938,70.08253840773766,69.10904297615802,69.8121207177408,3961800,2023-01-20
69.76705932617188,69.76705932617188,70.27183170501813,69.40650467970688,69.82114011618886,2750000,2023-01-23
69.41551971435547,69.41551971435547,70.30788712538471,68.72145082365999,69.72198669060494,3959400,2023-01-24
70.19071197509766,70.19071197509766,70.20873661314101,69.05496722214087,69.33439381236522,3287800,2023-01-25
69.22622680664062,69.22622680664062,69.92028878756716,69.10904259901132,69.92028878756716,3376000,2023-01-26
70.20873260498047,70.20873260498047,70.55125572431426,69.13608446192414,70.03746760680976,4273400,2023-01-27
70.4971694946289,70.4971694946289,71.01095757247441,70.28985523843195,70.45210446706774,3117600,2023-01-30
70.63238525390625,70.63238525390625,70.76759410385556,69.70396169566627,70.68646604308286,4144900,2023-01-31
70.29886627197266,70.29886627197266,70.50618741152985,69.56874815924145,70.26281012261457,4141600,2023-02-01
68.41498565673828,68.41498565673828,69.4065057926604,67.79302905353812,69.2262319050411,7882500,2023-02-02
68.03640747070312,68.03640747070312,68.99187146920612,67.30628239687731,68.96483107332517,5555700,2023-02-03
69.5687484741211,69.5687484741211,69.59578886701021,67.86513495203256,68.09949648541725,4531400,2023-02-06
68.7845458984375,68.7845458984375,69.05496359393621,67.98231544600107,68.86567395789018,3276700,2023-02-07
68.27076721191406,68.27076721191406,68.82962731722833,68.15358986207772,68.69441845079649,2415500,2023-02-08
67.8020248413086,67.8020248413086,68.80256044002658,67.66681602691314,68.61327085067535,3308700,2023-02-09
68.58625030517578,68.58625030517578,68.67639413456051,67.79303549645411,68.18063058097907,2466700,2023-02-10
69.04595184326172,69.04595184326172,69.10003951170448,68.3338582890032,68.65835679162754,2425700,2023-02-13
67.9192123413086,67.9192123413086,69.0639726810884,67.81105077516102,69.0369254125445,2863500,2023-02-14
67.70288848876953,67.70288848876953,67.9733061827437,67.09896343283587,67.8651377297525,2264100,2023-02-15
67.70288848876953,67.70288848876953,67.78400967075721,66.91868267785054,67.22515652282178,2649700,2023-02-16
69.19918823242188,69.19918823242188,69.38848476437998,67.57670252842043,67.87416064777362,3978700,2023-02-17
72.2548828125,72.2548828125,73.36358033112573,71.01998531518515,73.18330643644119,7926300,2023-02-21
72.36304473876953,72.36304473876953,73.52582993287484,72.05657774096308,72.53430975343096,4089900,2023-02-22
72.38107299804688,72.38107299804688,72.88584538443367,72.07459913702061,72.36304148309992,2991900,2023-02-23
72.68755340576172,72.68755340576172,72.76868148398948,72.16474940787826,72.38108636514613,2786500,2023-02-24
72.9940185546875,72.9940185546875,73.35456635280318,72.7866973814634,72.89486584710316,2672700,2023-02-27
71.66899871826172,71.66899871826172,72.96698618604654,71.64195831558014,72.78671225016276,3862900,2023-02-28
71.07406616210938,71.07406616210938,71.60588584274635,70.33493219012873,71.24533117609542,3584600,2023-03-01
71.16419982910156,71.16419982910156,71.5968667845399,70.77660478379504,71.20025598180541,2374500,2023-03-02
71.7500991821289,71.7500991821289,71.78615533428318,70.00142050319764,70.76759482470437,2540000,2023-03-03
71.30841827392578,71.30841827392578,71.5788359573179,70.9298390187827,71.5788359573179,2676900,2023-03-06
71.24532318115234,71.24532318115234,71.52474974987145,70.5602700790911,71.39855666225588,2287800,2023-03-07
71.36250305175781,71.36250305175781,71.67798578202488,70.97490801828464,71.53376805262039,2017000,2023-03-08
70.884765625,70.884765625,71.93037331003246,70.60533906783077,71.76812407880354,2251300,2023-03-09
70.776611328125,70.776611328125,71.59687340471505,70.50620047335458,70.97491674782847,2663900,2023-03-10
71.92135620117188,71.92135620117188,73.11118158214158,70.65040276760962,70.77659584763617,3946800,2023-03-13
72.2548828125,72.2548828125,72.31797936334043,71.52475772190853,71.97544933562818,2983100,2023-03-14
72.96696472167969,72.96696472167969,73.07513317759643,71.65094612122792,72.11966921985929,3315700,2023-03-15
72.53430938720703,72.53430938720703,73.22837144621096,71.89432812118805,73.12921874106635,2402000,2023-03-16
71.92135620117188,71.92135620117188,73.07512543399012,71.38953661219675,72.73260234206192,8367800,2023-03-17
72.69654846191406,72.69654846191406,73.15625576892832,71.9844549869727,72.11064807093624,2849900,2023-03-20
72.78668212890625,72.78668212890625,73.00301213784508,72.19176600806577,72.9759717463536,2601400,2023-03-21
71.99347686767578,71.99347686767578,73.43568857637493,71.90333304831319,72.91288468290652,3516800,2023-03-22
74.04862976074219,74.04862976074219,75.103246432973,73.01203772626401,73.01203772626401,6082900,2023-03-23
76.4372787475586,76.4372787475586,76.47332801465943,74.01255635315155,74.67957782661807,5328800,2023-03-24
76.50940704345703,76.50940704345703,77.79838535355654,76.34715778494771,76.6175755081327,4580900,2023-03-27
76.41024017333984,76.41024017333984,77.65415321700881,76.18489440479195,76.66263321079946,2806000,2023-03-28
76.64462280273438,76.64462280273438,77.01419326587973,76.30209961594836,76.45533313027298,2567300,2023-03-29
76.5815200805664,76.5815200805664,76.63560087491368,75.96857919559966,76.5815200805664,3209900,2023-03-30
77.0322036743164,77.0322036743164,77.10431597726684,76.4823593990829,76.84291403682732,3069900,2023-03-31
77.44685363769531,77.44685363769531,78.06881033262174,76.72575110386182,77.05925853284404,3380400,2023-04-03
77.5820541381836,77.5820541381836,77.96964920120053,77.03220981908962,77.64515068904643,4849100,2023-04-04
78.47441101074219,78.47441101074219,78.70877254387328,77.76231753173386,77.96062291538267,4624700,2023-04-05
78.819091796875,78.819091796875,79.05491609932717,78.40186844326284,78.67396702000282,3556200,2023-04-06
78.32022857666016,78.32022857666016,78.6830335736659,77.65811585805972,78.58326202649107,2390500,2023-04-10
78.9642105102539,78.9642105102539,79.40864995429762,78.51977798614051,78.65583073595123,2812700,2023-04-11
78.91886138916016,78.91886138916016,79.10026043581077,78.19325136269757,78.61954673424958,2492800,2023-04-12
78.86442565917969,78.86442565917969,79.00047838605306,78.392784048605,78.65581747524575,2083400,2023-04-13
78.51070404052734,78.51070404052734,79.13654252241753,78.27488666120566,78.92792738847741,3491400,2023-04-14
78.99140930175781,78.99140930175781,79.21816154835135,78.55604886345868,78.95513503184073,1672900,2023-04-17
79.34515380859375,79.34515380859375,79.37236297258599,78.6558250010945,78.98234880886099,1902200,2023-04-18
79.0276870727539,79.0276870727539,79.74422497138256,78.75558854057068,79.68073462188023,2198600,2023-04-19
79.42677307128906,79.42677307128906,79.45398223246221,78.99140573273151,79.29072034549426,1833300,2023-04-20
79.31793212890625,79.31793212890625,80.03447004984704,79.1637422638749,79.81678983333633,1749500,2023-04-21
79.47213745117188,79.47213745117188,79.79866127097945,79.16375076805134,79.3360847062637,2123900,2023-04-24
80.27029418945312,80.27029418945312,80.61495510835759,79.61724662106211,79.64445578309018,2473300,2023-04-25
79.70794677734375,79.70794677734375,80.0435425915651,79.46305739718663,79.67166558770393,2259200,2023-04-26
80.53334045410156,80.53334045410156,80.5514775917004,79.45399738881478,79.59912216932713,2203100,2023-04-27
80.3882064819336,80.3882064819336,81.077535270688,80.07982673850086,80.53333124585225,2383500,2023-04-28
81.05939483642578,81.05939483642578,81.42219289159902,80.56960915802671,80.66938069917815,2146200,2023-05-01
80.72380828857422,80.72380828857422,81.08661330531788,79.9437799245509,81.07754127691851,3320200,2023-05-02
80.56961059570312,80.56961059570312,81.43126637200888,80.45169499773134,81.00497103765127,3693500,2023-05-03
81.08659362792969,81.08659362792969,81.13193991906208,80.08888526394739,80.642161223233,2123000,2023-05-04
81.45848083496094,81.45848083496094,81.58546154878562,80.68752452390251,80.8054332096169,2541500,2023-05-05
81.51290893554688,81.51290893554688,81.97547858640769,80.85078925892725,81.11382272388956,2229200,2023-05-08
81.2589340209961,81.2589340209961,81.93919077964016,81.22265975007312,81.65802020044475,2191700,2023-05-09
81.24079895019531,81.24079895019531,81.57639478416323,80.5061238465661,81.22266181427288,2470800,2023-05-10
81.86664581298828,81.86664581298828,81.93013617513719,80.73288440323579,81.29522563371752,1822600,2023-05-11
82.18408203125,82.18408203125,82.22036321987024,81.60359685318447,81.67615923042496,2145000,2023-05-12
81.89384460449219,81.89384460449219,82.43804862824202,81.19544378940407,82.29293078454253,2629700,2023-05-15
81.86664581298828,81.86664581298828,82.15688845708769,80.9324275185411,81.72152103097334,2191200,2023-05-16
81.49474334716797,81.49474334716797,81.99360097993768,80.41540752706454,81.86662029521963,2772700,2023-05-17
80.27029418945312,80.27029418945312,80.9777600819003,79.85307089185427,80.9777600819003,3395500,2023-05-18
79.48119354248047,79.48119354248047,80.32471216129863,78.88257122069977,80.04354159500234,4147400,2023-05-19
77.73067474365234,77.73067474365234,79.49934658694839,77.30438629232751,79.49934658694839,3156200,2023-05-22
77.52206420898438,77.52206420898438,77.83951599085341,76.5334207512438,77.82137885471656,3018200,2023-05-23
77.15926361083984,77.15926361083984,77.8395204336414,76.78739347940538,77.73067685081826,2287000,2023-05-24
76.65132141113281,76.65132141113281,76.95062907857894,75.86222120439837,76.56968701460859,2490200,2023-05-25
76.35202026367188,76.35202026367188,77.01413989896623,75.8713065859587,76.5152821655301,2364000,2023-05-26
75.52664947509766,75.52664947509766,76.06178847620836,74.65592151457938,75.59921186845685,4495800,2023-05-30
76.3338851928711,76.3338851928711,76.46086590664817,75.36337886339932,75.56292196217183,8562500,2023-05-31
76.0889892578125,76.0889892578125,77.07763272856174,76.02549890060328,76.42458510016407,2608800,2023-06-01
76.72388458251953,76.72388458251953,76.74202863687461,75.46314268208054,75.85315681156428,3403500,2023-06-02
77.31344604492188,77.31344604492188,77.85765006672551,76.687614533816,76.687614533816,2552800,2023-06-05
75.98921966552734,75.98921966552734,77.80323782672849,75.40873440753738,77.48578603250431,2754800,2023-06-06
73.92123413085938,73.92123413085938,74.51986339753437,72.6514201360366,73.71261901431002,5185400,2023-06-07
74.96429443359375,74.96429443359375,74.99150359611453,73.69448046316563,73.82146116821549,2877400,2023-06-08
74.6468505859375,74.6468505859375,75.12756429458733,74.4654446166818,74.73755011060027,2708800,2023-06-09
73.99380493164062,73.99380493164062,74.95523237486415,73.56750954230783,74.87360487644571,3854900,2023-06-12
73.22284698486328,73.22284698486328,73.50401758878648,72.61514563454993,73.3498277040499,5473500,2023-06-13
73.15028381347656,73.15028381347656,73.57657918900836,72.84189712737543,73.21377417239002,3623500,2023-06-14
73.20469665527344,73.20469665527344,73.85774425223642,73.03236272831666,73.35888652679814,3518700,2023-06-15
73.20469665527344,73.20469665527344,73.9847249605426,73.00515356509813,73.10492511018579,5349000,2023-06-16
73.14122009277344,73.14122009277344,74.00287605017371,73.13214806334676,73.46774395282492,3486600,2023-06-20
73.81239318847656,73.81239318847656,73.82146521645745,72.80561260042147,73.2681891484297,4784000,2023-06-21
73.7398452758789,73.7398452758789,74.29312140056588,73.60379252195202,74.13892458881912,2584600,2023-06-22
73.75796508789062,73.75796508789062,74.40194059061436,73.65819355310946,73.94843613067407,3925900,2023-06-23
74.24776458740234,74.24776458740234,74.35660816926934,72.86004178826664,73.67635135244358,3545200,2023-06-26
73.37703704833984,73.37703704833984,74.90987771080655,73.35889299130886,74.73755068859361,5391900,2023-06-27
69.58573913574219,69.58573913574219,71.5448751899029,69.18665291807248,71.53581008126876,11772300,2023-06-28
69.20478820800781,69.20478820800781,69.71271102438297,69.01431023193774,69.60386745518998,5836700,2023-06-29
69.56759643554688,69.56759643554688,69.8759831333787,69.30456988142173,69.36806024275027,4126000,2023-06-30
69.94853973388672,69.94853973388672,70.07552044603376,68.75128807655035,69.20479259705549,2756200,2023-07-03
70.120849609375,70.120849609375,70.15713079254027,69.31361231375001,69.631064016536,4786500,2023-07-05
69.32269287109375,69.32269287109375,69.77619733658045,69.22292133509237,69.46781070168643,4261900,2023-07-06
68.71026611328125,68.71026611328125,69.40495748349643,68.67370267550542,69.02105184749436,4264600,2023-07-07
68.36292266845703,68.36292266845703,69.09417048935104,68.26237495984769,68.77424913184976,2961700,2023-07-10
68.62802124023438,68.62802124023438,68.66458468740393,68.15270340079472,68.46348921485365,3186200,2023-07-11
68.5091781616211,68.5091781616211,68.8839482093606,68.19839936728795,68.573162441264,3783300,2023-07-12
68.36292266845703,68.36292266845703,68.8747968404591,68.18924808562952,68.47261297978429,4286900,2023-07-13
68.56402587890625,68.56402587890625,68.71941527396005,68.21667667377028,68.71941527396005,2594200,2023-07-14
67.9241714477539,67.9241714477539,68.53660032963538,67.90589321525967,68.27152062901027,2814500,2023-07-17
67.9241714477539,67.9241714477539,68.71941054962925,67.66823435025735,68.16183031275622,3335800,2023-07-18
68.74683380126953,68.74683380126953,68.79253984475571,67.99730071493273,67.99730071493273,3410600,2023-07-19
69.79800415039062,69.79800415039062,69.88026665321148,68.59143862601364,68.89308175054852,3523800,2023-07-20
70.38301849365234,70.38301849365234,70.43786017256244,69.6152070938555,69.6609061683593,3548800,2023-07-21
70.61153411865234,70.61153411865234,70.95887637139948,70.31903354429585,70.58411327945701,2731500,2023-07-24
70.30074310302734,70.30074310302734,70.74863300423229,70.02652081116,70.74863300423229,2308200,2023-07-25
69.23129272460938,69.23129272460938,70.45614365579264,69.2038718858259,70.19106392461295,3466300,2023-07-26
68.55487823486328,68.55487823486328,69.60605442921708,68.51831479628648,69.15816451073624,3160600,2023-07-27
68.96621704101562,68.96621704101562,69.22216115679781,68.7377007393903,68.92051796494901,2935900,2023-07-28
68.31723022460938,68.31723022460938,68.92965920086434,67.96074535905407,68.92965920086434,3378000,2023-07-31
67.95159912109375,67.95159912109375,68.73769569894252,67.36659798973145,68.44519513326136,3261400,2023-08-01
68.96621704101562,68.96621704101562,69.35926535876173,67.88761981839355,67.91504763255043,4355600,2023-08-02
68.11612701416016,68.11612701416016,69.25870836954489,68.04300710747553,68.92050875155942,3571600,2023-08-03
67.26605224609375,67.26605224609375,68.50918143026419,67.2020679633981,68.19840262110347,2077600,2023-08-04
67.147216796875,67.147216796875,67.61339191850763,66.99182741425172,67.23862190584383,2500400,2023-08-07
65.22769165039062,65.22769165039062,67.28433830058823,65.08143787452546,67.18379057312191,4772200,2023-08-08
65.95895385742188,65.95895385742188,66.34285960076667,65.11800850096921,65.33738918896451,3546700,2023-08-09
66.16001892089844,66.16001892089844,66.61705139831936,65.98635132163676,66.25143099539235,3804500,2023-08-10
66.42510986328125,66.42510986328125,66.46167330452916,66.07776763207117,66.27886307205299,2480800,2023-08-11
66.05947875976562,66.05947875976562,66.69932848546183,65.78526342626408,66.66276504624237,2431900,2023-08-14
65.5384750366211,65.5384750366211,65.90410252803296,65.26425964838545,65.77613395210346,2633200,2023-08-15
65.20940399169922,65.20940399169922,65.73042781832179,65.06315719509223,65.44706288166965,2707300,2023-08-16
64.24962615966797,64.24962615966797,65.26423881186865,64.22220532697533,65.26423881186865,5586500,2023-08-17
64.17649841308594,64.17649841308594,64.86204711608342,64.06680811005201,64.35931558480915,5246500,2023-08-18
62.84197235107422,62.84197235107422,63.94799022760158,62.330098153345965,63.63721145719882,4741100,2023-08-21
62.558616638183594,62.558616638183594,62.905958859868775,62.34837860021417,62.668299985156196,3595700,2023-08-22
62.28439712524414,62.28439712524414,62.83283480606948,62.04673823983989,62.70486624633568,4313100,2023-08-23
62.16556167602539,62.16556167602539,62.88767385211323,61.955323660703655,62.394077922619175,3797700,2023-08-24
62.4946403503418,62.4946403503418,62.96995118676625,62.06502858974359,62.476355141000056,2698000,2023-08-25
62.65917205810547,62.65917205810547,63.07964121196941,62.3392436600715,62.65002945347947,3333900,2023-08-28
62.604305267333984,62.604305267333984,63.097901167680725,62.18383623528202,63.0339169013633,3230000,2023-08-29
62.412357330322266,62.412357330322266,63.04306441441347,62.320952224714304,62.83282639512889,2543700,2023-08-30
61.84565734863281,61.84565734863281,62.74143737653793,61.82737213856534,62.57690535475229,5681900,2023-08-31
60.55681610107422,60.55681610107422,62.147287507150494,60.24603729792431,62.037604152515776,4404600,2023-09-01
60.41970443725586,60.41970443725586,60.90415784627917,59.80728246636841,60.01752051729583,3952300,2023-09-05
60.2094612121582,60.2094612121582,61.242352102739574,60.17289777703645,61.123526168915504,4262700,2023-09-06
59.40509796142578,59.40509796142578,60.66651245512319,59.14001820512364,60.200337230332224,5309100,2023-09-07
60.46541213989258,60.46541213989258,60.46541213989258,59.331973286439506,59.487362690992796,4631300,2023-09-08
60.227752685546875,60.227752685546875,60.63907921702411,59.78900531513965,60.13634756452568,3776700,2023-09-11
59.86212921142578,59.86212921142578,60.730495353324784,59.45994525741509,60.39228871189917,3233700,2023-09-12
59.65189743041992,59.65189743041992,60.15462911059253,59.53306449016356,60.063223984539704,3042800,2023-09-13
60.65735626220703,60.65735626220703,60.86758731488647,59.73414862448189,59.73414862448189,3693600,2023-09-14
60.191184997558594,60.191184997558594,61.004702372674345,60.10892248656998,60.593375870204845,7635700,2023-09-15
60.41970443725586,60.41970443725586,60.42884704132147,59.57876618107338,60.33744192195617,4126700,2023-09-18
60.218605041503906,60.218605041503906,60.73048622915696,59.94438970138994,60.6390741420225,5740200,2023-09-19
60.2094612121582,60.2094612121582,60.931573364847935,58.984610543747074,60.80359785504071,6780900,2023-09-20
59.852989196777344,59.852989196777344,60.80361081755398,59.83470398843721,60.063220276343145,6014500,2023-09-21
59.249698638916016,59.249698638916016,59.93524745391756,58.95719809013256,59.560484394740236,6619900,2023-09-22
59.213130950927734,59.213130950927734,59.31367866114953,58.57328822566419,58.96633646368685,4420400,2023-09-25
59.615333557128906,59.615333557128906,60.017524477390005,58.957205496252215,58.97548373182588,5379300,2023-09-26
58.545875549316406,58.545875549316406,59.6610291724942,58.22595065522113,59.50563977095676,4865300,2023-09-27
58.600711822509766,58.600711822509766,58.902354967392434,58.16196101012893,58.7104021407661,5249100,2023-09-28
58.49102783203125,58.49102783203125,59.06688982676125,58.271650671744986,58.865794387072306,5329800,2023-09-29
57.20219421386719,57.20219421386719,58.47274411347378,56.91883278461331,58.23508524071077,6006100,2023-10-02
57.5312614440918,57.5312614440918,57.75977774016492,56.8822760000958,56.8822760000958,7922200,2023-10-03
57.67750930786133,57.67750930786133,57.86946563851827,57.04680561250798,57.66837019063091,5443400,2023-10-04
57.00110626220703,57.00110626220703,57.93345318188996,56.891419414856685,57.56782570821281,5095800,2023-10-05
57.66551208496094,57.66551208496094,57.8039293452351,55.67227326340754,56.6965736621084,5714200,2023-10-06
59.02202224731445,59.02202224731445,59.04970851678829,57.62860205027483,57.76701931689668,5511200,2023-10-09
58.37606430053711,58.37606430053711,59.667983427173425,58.14536533654162,59.62184081822487,6688200,2023-10-10
57.886985778808594,57.886985778808594,58.68059080773369,57.850073098349995,58.44989183514788,4108100,2023-10-11
56.77962875366211,56.77962875366211,58.11768346917644,56.29977447884795,57.739337303290434,5139100,2023-10-12
58.17304992675781,58.17304992675781,58.19150626576712,56.761169914132886,56.936503374627954,4564200,2023-10-13
58.3668327331543,58.3668327331543,58.72672252195497,58.02539928226475,58.45911090252341,3496500,2023-10-16
58.11767578125,58.11767578125,58.763633508827624,57.78546874877085,58.10844937265288,3931300,2023-10-17
58.320701599121094,58.320701599121094,59.00356859399299,58.16382446558328,58.22841989698503,3953600,2023-10-18
58.0069465637207,58.0069465637207,58.56062265485527,57.89621204953114,58.126911007535,3396900,2023-10-19
58.35761642456055,58.35761642456055,58.938975328540636,58.191512874798484,58.29301747059785,3973700,2023-10-20
58.3483772277832,58.3483772277832,58.8743705451026,58.071539195539295,58.108451871888235,3759000,2023-10-23
58.73595428466797,58.73595428466797,59.049704998578996,58.31146553983308,58.32992187832039,3171000,2023-10-24
60.58155059814453,60.58155059814453,60.64614602777566,58.70827257828124,58.75441166799105,5299900,2023-10-25
60.673824310302734,60.673824310302734,61.07062678892801,60.18474365905203,60.58154613767731,6793700,2023-10-26
60.258575439453125,60.258575439453125,60.91375968744968,59.90790848955777,60.341623691560535,5292900,2023-10-27
59.82485580444336,59.82485580444336,60.461580144541124,59.20658428332188,60.21242836630696,4952800,2023-10-30
60.20319747924805,60.20319747924805,60.33238833114812,59.80639499401972,60.15706191235425,3216800,2023-10-31
60.07400894165039,60.07400894165039,60.70151040664188,60.064779011766696,60.387763194332976,5220800,2023-11-01
61.125999450683594,61.125999450683594,61.329015678484595,59.87099644279932,59.93559187524744,3710300,2023-11-02
60.66459655761719,60.66459655761719,61.51357408120354,60.63691380887361,61.36592336740642,3164900,2023-11-03
60.18474578857422,60.18474578857422,60.80301731145152,60.1478331101433,60.62768384899808,3945800,2023-11-06
60.07400894165039,60.07400894165039,60.61846215880964,59.99096069381815,60.1570642298563,3345800,2023-11-07
60.24934768676758,60.24934768676758,60.609237539655716,60.00018884069161,60.09247406686747,3700800,2023-11-08
60.47080993652344,60.47080993652344,60.63691346842583,60.13860287271864,60.387761690758985,3566400,2023-11-09
60.2401123046875,60.2401123046875,60.53540669675465,60.02787320058774,60.3877630209079,3157300,2023-11-10
60.1293830871582,60.1293830871582,60.52617855790121,60.04632779673316,60.07401054675022,3414500,2023-11-13
60.12014389038086,60.12014389038086,60.47080373717093,60.02786572442271,60.12014389038086,4656000,2023-11-14
59.69566345214844,59.69566345214844,60.32316488719474,59.64952084530562,60.00018072004169,7324800,2023-11-15
60.00018310546875,60.00018310546875,60.13860389112706,59.335776006981355,59.42805418396236,9404700,2023-11-16
59.760257720947266,59.760257720947266,60.28625104305835,58.855914743092725,60.23087850784394,4623200,2023-11-17
59.17889404296875,59.17889404296875,59.64952188757016,58.81900775268777,59.55724371264547,3165000,2023-11-20
59.66798400878906,59.66798400878906,59.723349507768084,58.819009982513094,59.409595252681584,2910700,2023-11-21
59.86176300048828,59.86176300048828,60.249335526857074,59.62183413352875,60.000176731067945,2747600,2023-11-22
60.1478271484375,60.1478271484375,60.15705707722376,59.640286670785564,59.9909535609352,1262500,2023-11-24
58.671356201171875,58.671356201171875,60.083232589694404,58.52370549996466,59.870986466802265,4389000,2023-11-27
58.523712158203125,58.523712158203125,58.86514916331037,58.25610403228547,58.59753751720584,4572500,2023-11-28
57.757789611816406,57.757789611816406,58.56985090637564,57.73933327328248,58.45911287517213,4511000,2023-11-29
58.74517822265625,58.74517822265625,58.86514265768406,57.58245710835947,57.76701344509582,6840100,2023-11-30
59.17889404296875,59.17889404296875,59.20658383178227,58.431431673593266,58.66213063109172,3349200,2023-12-01
59.935585021972656,59.935585021972656,60.18474383319284,59.11429731459546,59.11429731459546,3381800,2023-12-04
59.53878402709961,59.53878402709961,60.378531614222624,59.31731499855968,60.11091997789903,2986200,2023-12-05
60.80302047729492,60.80302047729492,61.12599762991499,59.474192146087894,59.5387875766119,3568200,2023-12-06
61.26441192626953,61.26441192626953,61.532023550176746,60.15705979457425,60.96911755512592,3658200,2023-12-07
60.41544723510742,60.41544723510742,61.38437868239802,60.40621730502642,61.301330432790465,2452600,2023-12-08
60.978355407714844,60.978355407714844,61.03372090938172,60.341623977049416,60.35085390745192,3429200,2023-12-11
61.58739471435547,61.58739471435547,61.59662464440836,60.81224955888391,61.209052066672584,3841500,2023-12-12
62.60246658325195,62.60246658325195,62.80548279508582,61.467431639451405,61.58739256445617,4380900,2023-12-13
61.1998176574707,61.1998176574707,62.9715839177667,61.1721349097119,62.81471032021798,6086300,2023-12-14
60.18474578857422,60.18474578857422,60.90452541704314,59.91713415023026,60.60000110026828,11833600,2023-12-15
61.21827697753906,61.21827697753906,61.46743581457674,60.05555920594335,60.27702825190814,5446000,2023-12-18
61.55970764160156,61.55970764160156,61.67044567333838,61.06139705934587,61.48588228711036,4827900,2023-12-19
59.36345672607422,59.36345672607422,60.44312614461669,58.96665424228851,59.012793329201266,7992600,2023-12-20
59.252716064453125,59.252716064453125,60.17551184251414,58.68981007660606,59.4280495152041,4637800,2023-12-21
59.52956008911133,59.52956008911133,60.00018088642108,59.21580585053147,59.38190937910355,3211100,2023-12-22
59.70489501953125,59.70489501953125,59.81563306782617,59.18813154157034,59.34500516304071,3140200,2023-12-26
59.74180221557617,59.74180221557617,59.81562757432596,59.298864143824886,59.64029410738865,2580900,2023-12-27
59.95404815673828,59.95404815673828,60.06477915411035,59.658753763123286,59.658753763123286,2370500,2023-12-28
60.11091995239258,60.11091995239258,60.41544426673919,59.72334739251879,59.889450923946626,3808700,2023-12-29
61.596622467041016,61.596622467041016,61.76272600025248,59.98172974318601,59.98172974318601,5264000,2024-01-02
61.57817459106445,61.57817459106445,62.454827895379886,61.4951192976048,61.93806443518335,5477700,2024-01-03
60.66459655761719,60.66459655761719,61.68890050337069,60.627683879167904,61.57816950839639,3888000,2024-01-04
59.97250747680664,59.97250747680664,60.81225517989435,59.35423587321701,60.62769176364595,4016200,2024-01-05
59.64952087402344,59.64952087402344,60.11091878118041,59.53878284177136,59.907902575571605,4030900,2024-01-08
59.95684814453125,59.95684814453125,60.282807506032015,59.193189080204355,59.64021083992927,4779100,2024-01-09
58.811363220214844,58.811363220214844,59.88235539453094,58.6157882957183,59.640216365197496,4566000,2024-01-10
58.72754669189453,58.72754669189453,59.07212533247504,58.31777404109377,58.736858091861144,5727100,2024-01-11
59.03487014770508,59.03487014770508,59.22113011273516,58.74617057689114,59.06280789904492,4299600,2024-01-12
58.51333999633789,58.51333999633789,59.54707575960605,58.42952319903367,59.221123521541266,4101700,2024-01-16
58.7554817199707,58.7554817199707,59.29563170832523,58.26189583451708,58.38296179153677,4829300,2024-01-17
58.960365295410156,58.960365295410156,58.97899164622744,58.10357092088101,58.410900380446414,3860600,2024-01-18
58.811363220214844,58.811363220214844,59.08143644931426,58.34571506661889,59.07212504939227,3765900,2024-01-19
58.839298248291016,58.839298248291016,59.09074866590411,58.196705105021984,58.699602387634854,4328400,2024-01-22
60.30143356323242,60.30143356323242,60.48768997539112,59.0348700659186,59.0348700659186,4433600,2024-01-23
59.26769256591797,59.26769256591797,60.23624151502078,59.23043986342634,60.208303764458684,3491500,2024-01-24
60.04066848754883,60.04066848754883,60.14311164024765,59.21181541951378,59.47257722448306,3071100,2024-01-25
60.07792282104492,60.07792282104492,60.42249788473214,59.96616471363944,60.32936968117414,2821300,2024-01-26
59.84510040283203,59.84510040283203,60.310748538634776,59.74265724453729,60.17105267684861,3226500,2024-01-29
60.86021041870117,60.86021041870117,60.897463122492724,59.88235358877319,59.95685189112956,3020900,2024-01-30
60.45044708251953,60.45044708251953,61.39105124281111,60.36662671963818,60.94403299153387,4579600,2024-01-31
60.375938415527344,60.375938415527344,60.98128240732198,59.53777035805991,60.198989851943495,3855500,2024-02-01
60.347999572753906,60.347999572753906,60.84158544621476,59.96616470144933,60.524941027910174,4384300,2024-02-02
59.16524887084961,59.16524887084961,60.301431418190745,59.15593747161823,60.11517501265756,3259500,2024-02-05
60.375938415527344,60.375938415527344,60.850894393736716,59.10937492984913,59.193191735595875,4652300,2024-02-06
59.3328857421875,59.3328857421875,60.68326962488851,59.25838388639806,60.543573760439884,3651200,2024-02-07
59.65883255004883,59.65883255004883,60.226923802863894,58.87654714925664,59.1373089495207,4001700,2024-02-08
58.0570068359375,58.0570068359375,59.52845302477141,57.82418277957789,59.41669847245048,4260400,2024-02-09
58.74617004394531,58.74617004394531,58.7741077950317,57.731056973984515,57.88006423413412,3399100,2024-02-12
58.606468200683594,58.606468200683594,59.34219302683708,58.10356741678529,58.9137940891017,3866000,2024-02-13
58.08494567871094,58.08494567871094,58.625099204882346,57.25609259089426,58.41090149531503,4176900,2024-02-14
58.941741943359375,58.941741943359375,59.072122853100545,58.252581138510315,58.355024296910756,3097500,2024-02-15
59.69609069824219,59.69609069824219,60.0592956824999,58.38296307298018,58.764794409329745,5854900,2024-02-16
61.26067352294922,61.26067352294922,61.465559859316656,59.835791226683256,60.24556389941812,5978400,2024-02-20
61.10234832763672,61.10234832763672,61.949824231469236,60.636700196565094,61.60524916182126,3738600,2024-02-21
60.59944534301758,60.59944534301758,60.70188849663616,59.33288190302996,60.51563209290766,3113500,2024-02-22
60.832275390625,60.832275390625,61.27930075091021,60.23624631372942,60.543575804848814,2248900,2024-02-23
60.53425979614258,60.53425979614258,61.05578345302134,60.52494484363348,60.795021624581956,3641500,2024-02-26
59.798526763916016,59.798526763916016,60.51562880022829,59.5191386209117,60.42249349820521,3119900,2024-02-27
59.88235092163086,59.88235092163086,60.07792227890577,59.50051605369431,60.012731826480795,2554100,2024-02-28
59.770599365234375,59.770599365234375,60.226932582216726,59.640218446096554,59.98480064966204,4187500,2024-02-29
59.547080993652344,59.547080993652344,59.96616501700995,59.07212146892257,59.789216455696035,3382500,2024-03-01
59.94753646850586,59.94753646850586,59.984789167589774,59.11867990064694,59.3421925425375,2996900,2024-03-04
60.04066848754883,60.04066848754883,60.71120290331342,59.89165768172278,60.124481736906255,4031600,2024-03-05
60.75776290893555,60.75776290893555,60.79501561005957,60.14311110345479,60.34799740702379,4287200,2024-03-06
59.86372375488281,59.86372375488281,60.860210490495454,59.267694703968345,60.75776733125452,3963800,2024-03-07
60.776397705078125,60.776397705078125,60.91609356923323,59.426017377827876,59.668152849401544,4421200,2024-03-08
61.14891052246094,61.14891052246094,61.89394320251088,60.97196197478206,60.999899723315366,3350700,2024-03-11
61.20478439331055,61.20478439331055,61.58661212183042,60.80432676277948,60.87883216037265,3080400,2024-03-12
61.49348831176758,61.49348831176758,61.80081776983181,61.25134930493882,61.58661651278593,4530200,2024-03-13
61.04646682739258,61.04646682739258,61.56799040927741,60.7018846863753,61.17684772286379,4996100,2024-03-14
62.17333984375,62.17333984375,62.257153096016665,60.70189005866081,60.82295601367706,7997000,2024-03-15
63.086002349853516,63.086002349853516,63.46783720085688,62.06157795493699,62.126768404470965,7284600,2024-03-18
63.914852142333984,63.914852142333984,64.08248573334818,63.16981948633534,63.42126632024377,6426000,2024-03-19
64.65990447998047,64.65990447998047,69.33500893056045,63.8683040204785,68.87867571829672,8887600,2024-03-20
64.03593444824219,64.03593444824219,64.68783900465563,63.45852819454259,64.68783900465563,5036700,2024-03-21
64.3525619506836,64.3525619506836,64.96722081452536,64.0452325187627,64.21286610842631,5731700,2024-03-22
64.38982391357422,64.38982391357422,64.85547205128027,63.98005127872035,64.63196293464485,3955300,2024-03-25
63.644775390625,63.644775390625,64.52019604406114,63.644775390625,64.47363549976234,5288900,2024-03-26
64.87408447265625,64.87408447265625,64.92995996045042,63.76583992990656,63.76583992990656,5332200,2024-03-27
65.16279602050781,65.16279602050781,65.80539266990881,65.02310016995636,65.06035287045182,5995300,2024-03-28
65.31180572509766,65.31180572509766,65.45150158849931,64.81821983227503,65.3397505819594,3204300,2024-04-01
65.7122573852539,65.7122573852539,65.75882503719336,65.10692054139763,65.4328727892955,3797000,2024-04-02
64.2501220703125,64.2501220703125,65.6284435559172,64.23149927283757,65.50737050403896,4382900,2024-04-03
65.54463195800781,65.54463195800781,65.68432782601802,64.18494019351088,64.61333564490907,4332100,2024-04-04
64.99516296386719,64.99516296386719,65.68432016572521,64.67851855962354,65.36768286670775,3630000,2024-04-05
65.19074249267578,65.19074249267578,65.63776785321117,64.7902847902974,64.995171117825,4021100,2024-04-08
65.91393280029297,65.91393280029297,65.94210802847859,64.93715095132998,65.20012930189259,4424900,2024-04-09
64.66477966308594,64.66477966308594,65.96089750852924,64.15760404951544,65.6979119874898,4435000,2024-04-10
62.9272346496582,62.9272346496582,65.05924377521306,62.917840518709355,64.85262305369521,4935200,2024-04-11
62.17586898803711,62.17586898803711,63.077519356929265,62.09134329661652,63.077519356929265,3371900,2024-04-12
63.227783203125,63.227783203125,63.3968417343749,62.26978963645723,62.39188467795119,4510300,2024-04-15
63.71616744995117,63.71616744995117,63.875839008017486,63.218386011376886,63.406232795683685,4205200,2024-04-16
64.34545135498047,64.34545135498047,64.61782384397644,63.94158968724476,64.0730788659845,3664800,2024-04-17
64.89018249511719,64.89018249511719,65.04985405198845,64.4017951908191,64.80565681702836,3620400,2024-04-18
66.13934326171875,66.13934326171875,66.35536529198184,64.88080193729881,65.00289698402494,3992200,2024-04-19
66.84375,66.84375,67.0409837595035,66.12055954848712,66.31779330799063,3637500,2024-04-22
66.51502990722656,66.51502990722656,67.20065819482966,66.34597136820271,66.74983303555842,3690600,2024-04-23
67.25700378417969,67.25700378417969,67.50120102634281,65.69790768541351,65.89514860468292,4446100,2024-04-24
67.0409927368164,67.0409927368164,67.92385487287355,66.7874084879614,67.49181793720952,2875200,2024-04-25
66.52442932128906,66.52442932128906,67.74540138619572,66.50564105678181,66.69348787373748,4170400,2024-04-26
65.96089935302734,65.96089935302734,66.86254252493598,65.66973859514034,66.56199480096643,4179100,2024-04-29
66.1769027709961,66.1769027709961,66.24264735031163,65.58520155715627,65.82000464980057,3121600,2024-04-30
65.73548126220703,65.73548126220703,66.18630641778027,65.23769978072627,66.04542310881222,3396800,2024-05-01
66.35536193847656,66.35536193847656,66.55259569581523,66.05481423696682,66.12055882274637,3071000,2024-05-02
65.66034698486328,65.66034698486328,66.2802234867462,65.2095218479846,66.24265412820444,3444200,2024-05-03
64.9371566772461,64.9371566772461,65.95150797510583,64.67417830349504,65.76366116126702,3602100,2024-05-06
65.66034698486328,65.66034698486328,65.80122312236682,65.1625583584018,65.35040515111059,2453800,2024-05-07
65.30345153808594,65.30345153808594,65.99846686216718,65.26588217386215,65.8200213391336,2494500,2024-05-08
65.98906707763672,65.98906707763672,65.99845404265169,64.66477411706664,65.2095190440652,2397400,2024-05-09
66.40231323242188,66.40231323242188,66.55259065460478,65.69790393858874,65.97027639207884,2398700,2024-05-10
66.3459701538086,66.3459701538086,66.8249705332124,66.12056116111027,66.4492841016334,2897000,2024-05-13
66.54320526123047,66.54320526123047,66.68408857161901,66.0923872667345,66.38354085341409,3237300,2024-05-14
65.58521270751953,65.58521270751953,66.69348377984642,65.41615416544855,66.67469551649245,3847200,2024-05-15
67.05976867675781,67.05976867675781,67.1442943556335,65.60398654961774,65.66973113283956,2481000,2024-05-16
66.90950012207031,66.90950012207031,67.17247848983176,66.48685734039984,67.1067338978914,2753000,2024-05-17
67.08795166015625,67.08795166015625,67.09734579188047,66.15813325690173,66.92828724895938,2280200,2024-05-20
66.33657836914062,66.33657836914062,67.34153548893194,66.19570222223483,67.31336025955078,2541100,2024-05-21
66.07360076904297,66.07360076904297,66.16752058993708,65.43493595509076,66.10177599874889,3409900,2024-05-22
64.89018249511719,64.89018249511719,65.75426336521701,64.66477352125823,65.75426336521701,3083400,2024-05-23
64.1482162475586,64.1482162475586,65.2001296555142,64.05428926560026,65.07803461084012,3195900,2024-05-24
62.62669372558594,62.62669372558594,63.857059884971626,62.11012395184674,63.60347564689622,6350900,2024-05-28
62.44823455810547,62.44823455810547,63.171432166201434,61.82835805964563,62.560942633108354,6099800,2024-05-29
62.598506927490234,62.598506927490234,63.34987253652662,62.551543441965904,62.61728802232686,3679500,2024-05-30
64.57085418701172,64.57085418701172,64.62720463948494,62.59850952860561,62.59850952860561,7500900,2024-05-31
63.63163757324219,63.63163757324219,65.00288676291643,63.556498864476616,64.51449948718353,4232600,2024-06-03
63.9979362487793,63.9979362487793,64.12003128856915,63.07751205363836,63.72556377636589,2512000,2024-06-04
63.35927200317383,63.35927200317383,63.96976153829923,62.71121310958907,63.67860796726721,3294200,2024-06-05
63.29352569580078,63.29352569580078,63.68799320046161,62.73939379624708,63.359270279910916,2805100,2024-06-06
63.35927200317383,63.35927200317383,63.8946228213805,63.17143237649945,63.20900173495882,3373900,2024-06-07
62.83331298828125,62.83331298828125,63.35926965598302,62.10072843951888,63.171430036267296,4002700,2024-06-10
62.90845489501953,62.90845489501953,63.199608470041596,62.38249103500293,62.65486351334915,2999600,2024-06-11
61.32118225097656,61.32118225097656,62.852095978099264,61.27421876182126,62.6079058982344,4019100,2024-06-12
61.62173080444336,61.62173080444336,62.034986584742136,61.114555210155544,61.22726328631589,3639700,2024-06-13
61.51841354370117,61.51841354370117,62.21342872850773,61.499632448164604,61.67807793543933,2904100,2024-06-14
62.26039505004883,62.26039505004883,62.269789181055806,60.96428443036018,61.20847451156225,2964900,2024-06-17
62.607913970947266,62.607913970947266,62.79575362054387,61.931679767402194,61.96924913044617,4662800,2024-06-18
62.636077880859375,62.636077880859375,63.246560214520244,62.33553019645239,62.39188064802182,4989800,2024-06-20
63.002376556396484,63.002376556396484,63.67861070650951,62.673653612764525,62.8708873789437,6390800,2024-06-21
63.93220138549805,63.93220138549805,64.2797126270688,63.115083843999834,63.21839780323375,6248800,2024-06-24
63.17143630981445,63.17143630981445,64.2797073736927,63.0211588666201,63.59407907895852,6561300,2024-06-25
60.26926040649414,60.26926040649414,60.80461120934967,58.25934636309812,58.61624809260552,9908900,2024-06-26
59.83722686767578,59.83722686767578,60.90792853284078,59.50850392935716,60.56042449759937,6436900,2024-06-27
59.414581298828125,59.414581298828125,59.95932626972608,59.24552634465815,59.6869537842771,13274300,2024-06-28
59.4521484375,59.4521484375,60.32561990114273,59.36761917216756,59.57424706138269,3250500,2024-07-01
59.33005142211914,59.33005142211914,59.696347303697884,59.0764672020581,59.31127032514607,2949500,2024-07-02
59.24552536010742,59.24552536010742,59.41458031146802,58.94497406828192,59.17977718987497,2521800,2024-07-03
59.057682037353516,59.057682037353516,59.33944506618327,58.81348478497278,59.10464194502326,2671200,2024-07-05
58.700782775878906,58.700782775878906,59.48033089089208,58.69139222707181,59.26430885740277,2932800,2024-07-08
58.87923049926758,58.87923049926758,59.245526384849875,58.34387965940061,58.663212053602955,3826100,2024-07-09
59.41975402832031,59.41975402832031,59.609412441475094,59.00250841332649,59.068888315315654,3106100,2024-07-10
59.903377532958984,59.903377532958984,60.45338655088795,59.12578132083634,59.381819627379144,3377200,2024-07-11
59.77062225341797,59.77062225341797,60.73788056290346,59.72320855249487,60.23528520430477,3367700,2024-07-12
59.60940933227539,59.60940933227539,60.05510603732677,59.49561573729129,59.90337642077042,3720000,2024-07-15
59.64734649658203,59.64734649658203,59.7801063042306,59.06888994831316,59.41027437794288,3960500,2024-07-16
61.961158752441406,61.961158752441406,62.2646179769465,60.14044681460756,60.244759114314654,4090500,2024-07-17
62.13185501098633,62.13185501098633,63.35514795900369,61.3068487037389,61.34478110928207,2989000,2024-07-18
61.050804138183594,61.050804138183594,62.3215143469631,60.842186769006496,62.17926964103659,2361300,2024-07-19
61.25942611694336,61.25942611694336,61.80943509769311,60.89907914758972,61.155113819392,2778300,2024-07-22
60.68098068237305,60.68098068237305,61.2973660163505,60.27321635158125,61.221501202513224,2662100,2024-07-23
62.122379302978516,62.122379302978516,62.511173811091375,60.387009677474396,60.93701872296753,3621600,2024-07-24
62.42583084106445,62.42583084106445,63.772398713213356,62.084446417862374,62.23616880880399,4020700,2024-07-25
62.8904914855957,62.8904914855957,63.19394350874621,62.20772262479032,62.20772262479032,2548100,2024-07-26
63.516361236572266,63.516361236572266,63.78188083526274,62.1697861884233,62.74824270051317,3135600,2024-07-29
64.5310287475586,64.5310287475586,64.61637123113171,63.01376151417279,63.01376151417279,3530800,2024-07-30
63.66808319091797,63.66808319091797,64.66378891414949,63.64912060608233,64.18964470972809,6477100,2024-07-31
64.1706771850586,64.1706771850586,64.36981688985375,63.00428645199172,63.5353256647788,4512500,2024-08-01
65.69742584228516,65.69742584228516,65.8301856529297,64.13274837698359,64.89138206769557,5271500,2024-08-02
64.74913024902344,64.74913024902344,67.16726854260139,64.11377876274308,66.38967235054594,3922900,2024-08-05
64.417236328125,64.417236328125,65.77328913533779,64.36981901047831,64.74913584705116,3475500,2024-08-06
65.28966522216797,65.28966522216797,65.65949717788787,64.16120676734948,64.3129291732222,2905300,2024-08-07
65.46984100341797,65.46984100341797,66.21898981057706,64.63534970126386,64.8060346912539,2441000,2024-08-08
65.54569244384766,65.54569244384766,65.63103492142363,64.9198186688271,65.27068795799309,1999400,2024-08-09
64.76810455322266,64.76810455322266,65.90604780848724,62.587038206620974,65.85863049165673,2099200,2024-08-12
65.6215591430664,65.6215591430664,65.75431894990108,64.69224049522374,64.83448521250855,2583800,2024-08-13
66.7594985961914,66.7594985961914,67.40433493759552,65.63103319001777,65.63103319001777,3857200,2024-08-14
65.19482421875,65.19482421875,67.11984841628508,65.13792923277074,67.10088583258064,3912400,2024-08-15
65.4603500366211,65.4603500366211,65.61207966017662,65.06207062708783,65.19483043026558,2320900,2024-08-16
66.2094955444336,66.2094955444336,66.38967265489913,65.48879433743772,65.57414405524057,4181200,2024-08-19
66.33277130126953,66.33277130126953,66.52243332394839,65.85862709687198,66.20949641267808,2962100,2024-08-20
66.97760772705078,66.97760772705078,67.20520215432795,66.3612260490577,66.50346352252295,2963900,2024-08-21
67.01554870605469,67.01554870605469,67.32848565745044,66.68364916739284,67.28106833698418,1823600,2024-08-22
67.16727447509766,67.16727447509766,67.25261696518076,66.67416041617223,67.03451466727932,1957300,2024-08-23
67.3189926147461,67.3189926147461,67.85951672238045,67.01554061107183,67.06295792581042,1839300,2024-08-26
67.35692596435547,67.35692596435547,67.70779528768986,67.08192145172039,67.44227568510884,1930200,2024-08-27
67.85951232910156,67.85951232910156,68.25779893646764,66.93967146770899,67.31898825646117,2687800,2024-08-28
67.66986846923828,67.66986846923828,67.94487300457803,67.06296440327027,67.91642550693378,3121600,2024-08-29
68.55176544189453,68.55176544189453,68.68452523162537,67.56554469327544,67.56554469327544,3645800,2024-08-30
68.87418365478516,68.87418365478516,69.08280825965902,67.83106786528217,68.56125398234067,4443300,2024-09-03
69.77507019042969,69.77507019042969,69.95524008733149,68.84574426877636,68.8931615881473,2895200,2024-09-04
70.65697479248047,70.65697479248047,70.96042680861994,69.96472103713931,70.0500707602015,4468600,2024-09-05
71.17853546142578,71.17853546142578,71.6337171437384,70.58111628607867,70.74232360142938,4057800,2024-09-06
71.26387023925781,71.26387023925781,71.55783730967103,70.66644395439755,71.17852052647811,3637400,2024-09-09
70.9604263305664,70.9604263305664,71.97509468096584,70.80869670608548,71.26387834466156,3270800,2024-09-10
69.33885192871094,69.33885192871094,70.79921696482715,68.79832781828652,70.67593483981702,3739100,2024-09-11
69.23453521728516,69.23453521728516,69.34832519021678,68.34314184336853,69.03539552978877,3810300,2024-09-12
69.8983383178711,69.8983383178711,70.06903052225002,68.95004990129186,69.27247172505936,3010300,2024-09-13
70.77076721191406,70.77076721191406,71.58629588988822,70.69490963141905,70.73283480423305,3324600,2024-09-16
70.64749145507812,70.64749145507812,71.36819272253025,70.36300201835924,70.48628415054198,4513600,2024-09-17
71.13111114501953,71.13111114501953,71.7475000193693,68.46641596234426,68.51383327378113,8032700,2024-09-18
71.02680206298828,71.02680206298828,71.12162945528874,70.05954385087124,70.76128247060048,4162700,2024-09-19
70.65697479248047,70.65697479248047,71.43457103601706,70.41041776847128,71.28284141051394,9129800,2024-09-20
70.35352325439453,70.35352325439453,70.7043853547378,69.72764939724148,70.3724858402779,3487400,2024-09-23
69.95523834228516,69.95523834228516,71.0268089604536,69.70868854533458,70.20179537410272,2720200,2024-09-24
69.94575500488281,69.94575500488281,70.51472660275053,69.68971308317919,70.23972209622674,2782900,2024-09-25
70.16386413574219,70.16386413574219,70.55266589373609,69.4810952577109,69.54747516336022,2896200,2024-09-26
70.53369140625,70.53369140625,71.10267025688168,70.23023939551753,70.29661929677567,2960500,2024-09-27
70.03109741210938,70.03109741210938,70.88455842540864,69.59488561306006,70.7992159415119,2904100,2024-09-30
70.76129150390625,70.76129150390625,70.97939381055338,69.97421030108859,70.1449025229663,4071900,2024-10-01
69.50955200195312,69.50955200195312,70.58111543412733,69.13972005479269,70.16386616661613,5958300,2024-10-02
69.26299285888672,69.26299285888672,69.36730517260185,68.48539657883485,69.18712804257261,3443600,2024-10-03
69.80351257324219,69.80351257324219,69.96471987150342,68.83625431394155,68.92160403558178,2413000,2024-10-04
68.97850036621094,68.97850036621094,69.92678882362053,68.89315787778013,69.70868652994172,2392100,2024-10-07
68.74142456054688,68.74142456054688,69.05436147105581,68.25780268234183,68.90263908814826,3328400,2024-10-08
68.34314727783203,68.34314727783203,68.9500512979469,68.17245506999556,68.86470881146197,2620600,2024-10-09
68.18058013916016,68.18058013916016,69.32807641678279,68.0467058166243,68.63001119590002,2578600,2024-10-10
67.71202087402344,67.71202087402344,68.45789427391672,67.6546482419099,68.45789427391672,2816000,2024-10-11
67.73114776611328,67.73114776611328,67.79808493329041,67.40601917153573,67.75983408124576,2221600,2024-10-14
68.11365509033203,68.11365509033203,69.37590413842011,67.77896192887152,67.88414995751259,3709900,2024-10-15
67.89370727539062,67.89370727539062,68.35271019661393,67.79808379468692,67.82677010933763,3240400,2024-10-16
67.58770751953125,67.58770751953125,67.89370703405778,67.36776694865098,67.89370703405778,3169700,2024-10-17
66.87052154541016,66.87052154541016,67.5112068992829,66.59320834098672,67.5112068992829,3867800,2024-10-18
65.76127624511719,65.76127624511719,67.27215223685324,65.60828011571364,67.17652874402542,3501800,2024-10-21
66.05770874023438,66.05770874023438,66.21070484690094,65.63695667959475,65.72302291727274,3378900,2024-10-22
65.57958984375,65.57958984375,65.91427569627218,65.35964925746147,65.78040135526331,3385000,2024-10-23
65.6082763671875,65.6082763671875,66.00989939148054,65.46483748833872,65.52221012163646,2369300,2024-10-24
65.31183624267578,65.31183624267578,65.84733356637952,65.27358539161068,65.64652206999062,2183900,2024-10-25
65.28314971923828,65.28314971923828,65.95252874213371,65.17796898689657,65.39790228489012,3029600,2024-10-28
64.9771499633789,64.9771499633789,65.57959181160076,64.9006555487959,65.04408713589193,2966100,2024-10-29
65.2353286743164,65.2353286743164,65.27357952194184,64.64245147952704,64.91020011730186,5067200,2024-10-30
65.04408264160156,65.04408264160156,65.87602226729794,65.02496086317821,65.225772366842,4288800,2024-10-31
65.25445556640625,65.25445556640625,65.67520762767057,64.97714237108238,65.29270641703062,3495000,2024-11-01
65.11101531982422,65.11101531982422,65.62739084889814,64.97714099327952,65.24489694197253,2851900,2024-11-04
65.32139587402344,65.32139587402344,65.41702665298752,64.86240023565404,65.03452542394359,3202400,2024-11-05
63.102901458740234,63.102901458740234,65.7325875419218,62.97859165213476,65.64652859018061,5910500,2024-11-06
62.09884262084961,62.09884262084961,63.44715057341835,62.05102722933538,63.16028011114632,4534500,2024-11-07
62.65345764160156,62.65345764160156,62.96902169537084,61.859776182187254,62.060587681239355,3006000,2024-11-08
61.29558563232422,61.29558563232422,62.69170889341195,61.27646385421792,62.52914824489442,5010400,2024-11-11
61.44858932495117,61.44858932495117,61.88846317947875,61.2190842129858,61.56333458532982,4704500,2024-11-12
62.376155853271484,62.376155853271484,62.49090111996053,61.20953033790317,61.28602475049439,3233100,2024-11-13
61.878902435302734,61.878902435302734,62.85428098192904,61.79284348474397,62.61521861401537,3675100,2024-11-14
60.444522857666016,60.444522857666016,61.4103367809994,59.66039865239836,61.4103367809994,6785000,2024-11-15
60.128963470458984,60.128963470458984,61.056522910685224,60.00465002670834,60.75052339360824,4859800,2024-11-18
60.0333366394043,60.0333366394043,60.3202143799143,59.54565104658089,60.176775509659294,2847600,2024-11-19
61.00871276855469,61.00871276855469,61.027838194848336,59.90902811518527,60.16721225064438,4685900,2024-11-20
61.31471252441406,61.31471252441406,61.35296337486967,60.128961694903445,60.913085890233965,3659000,2024-11-21
62.15621566772461,62.15621566772461,62.280525472642445,61.439028563866245,61.73546356553427,3919700,2024-11-22
62.66302490234375,62.66302490234375,62.758648387629485,62.22315103354593,62.35702537206682,4852100,2024-11-25
63.102901458740234,63.102901458740234,63.42803007728434,62.576968619466676,62.634341253960805,3642500,2024-11-26
63.33240509033203,63.33240509033203,64.06871396614568,63.27502516159015,63.51408752713547,2678300,2024-11-27
63.361083984375,63.361083984375,63.475829237207925,62.83514392354554,63.22720965900087,1792500,2024-11-29
64.07827758789062,64.07827758789062,64.4512142891639,62.969024725720885,63.34196142699415,5151400,2024-12-02
63.34196090698242,63.34196090698242,64.20258686270316,63.34196090698242,64.0973988405815,4979200,2024-12-03
62.4813346862793,62.4813346862793,63.30370978541318,62.223150548460154,62.77777697263961,3152600,2024-12-04
62.682151794433594,62.682151794433594,62.873398758346646,62.22314886719662,62.23271340407348,2847000,2024-12-05
62.213584899902344,62.213584899902344,63.28458687619125,62.1657768062884,62.81602670339164,3708800,2024-12-06
63.00727844238281,63.00727844238281,63.53321858120924,62.00321355757042,62.14665244048714,3642000,2024-12-09
63.246341705322266,63.246341705322266,63.4184669081234,62.3283430555845,62.777781490432154,2993000,2024-12-10
62.63433837890625,62.63433837890625,63.51408611358861,62.548279431115354,63.28458829054197,5345300,2024-12-11
63.188968658447266,63.188968658447266,63.49496820636885,62.39527982316154,63.05509431220686,3368700,2024-12-12
63.772281646728516,63.772281646728516,64.24084186011373,63.49496841557265,63.953964091164984,3193300,2024-12-13
62.72996139526367,62.72996139526367,64.04002574592671,62.710839616654404,63.877465093133225,5620400,2024-12-16
63.0455207824707,63.0455207824707,63.772272340982056,61.97451886969628,62.31876922395936,6012200,2024-12-17
61.11389923095703,61.11389923095703,61.80239632096249,60.062026346241865,60.33933590092366,13262600,2024-12-18
61.20952606201172,61.20952606201172,62.24226986809139,60.58796249365007,60.721836825838245,6138100,2024-12-19
60.8270263671875,60.8270263671875,61.678087769820415,60.55927769610354,61.49639804489739,10672900,2024-12-20
60.769649505615234,60.769649505615234,61.09477445215611,60.234152168584636,60.39671281795406,3380200,2024-12-23
60.95133972167969,60.95133972167969,61.03740231551298,60.415838732516725,60.434964158679904,1220400,2024-12-24
60.970458984375,60.970458984375,61.544210802191095,60.69314943595588,60.72183575011602,2212100,2024-12-26
61.15214920043945,61.15214920043945,61.372086122332654,60.72183624551713,60.82702426203169,1984400,2024-12-27
60.59752655029297,60.59752655029297,61.16171387100843,60.33933876137551,61.07565127470261,2521100,2024-12-30
60.98002624511719,60.98002624511719,61.09477515468581,60.40627440166994,60.482776106583735,2634900,2024-12-31
60.76008987426758,60.76008987426758,61.286022685279896,60.48277666310652,61.09477571683982,3360400,2025-01-02
61.0852165222168,61.0852165222168,61.391212409770546,60.549715511442784,60.769652449492234,3200500,2025-01-03
58.8093376159668,58.8093376159668,60.86527526816609,58.76152587592071,60.75052271469315,5393100,2025-01-06
58.22602844238281,58.22602844238281,59.47871653542573,58.15909127268913,58.962340956815474,4046800,2025-01-07
58.302528381347656,58.302528381347656,58.321653807509044,57.088091178614775,57.92959169070568,5362400,2025-01-08
56.49656677246094,56.49656677246094,58.360470894037576,56.27444396057051,58.13834808214715,5938000,2025-01-10
57.29814529418945,57.29814529418945,57.52992402407588,56.44828135514072,56.89252699080346,6108100,2025-01-13
56.7669792175293,56.7669792175293,57.3078024053412,56.55451599136394,57.09533549511928,5140200,2025-01-14
56.31307601928711,56.31307601928711,57.17259586332794,56.20684256727191,56.98910037928116,4951300,2025-01-15
57.133968353271484,57.133968353271484,57.24985772437382,55.95574808088496,56.081297048612214,3794800,2025-01-16
57.58787155151367,57.58787155151367,57.73273233920143,57.066363874101995,57.10499489110802,4458400,2025-01-17
58.00314712524414,58.00314712524414,58.91095394169179,57.81965163221967,57.887254071526584,4676900,2025-01-21
57.28848648071289,57.28848648071289,58.38944467285519,57.20156853480395,57.92588352269299,4112900,2025-01-22
57.52027130126953,57.52027130126953,57.607189250810286,57.02773502585301,57.172599503106504,3450600,2025-01-23
58.31218719482422,58.31218719482422,58.331502703543435,57.37540528425354,57.50095424890014,3522900,2025-01-24
59.52903366088867,59.52903366088867,60.94869221077956,59.34554185756492,59.34554185756492,5232200,2025-01-27
57.75204849243164,57.75204849243164,59.5483502786431,57.71341747499435,59.11376054261507,3885300,2025-01-28
57.84862518310547,57.84862518310547,58.389444683027314,57.5878713453332,57.89691211216184,2878900,2025-01-29
58.572940826416016,58.572940826416016,58.86266608805215,57.78102339205084,58.31218698572652,3233300,2025-01-30
58.08040237426758,58.08040237426758,58.72745899542572,57.99348443065101,58.15766440595184,4017600,2025-01-31
57.81964874267578,57.81964874267578,58.128689502364956,56.950472987571146,57.80999283071019,5434900,2025-02-03
56.89252853393555,56.89252853393555,57.72307698734515,56.57383185068336,57.71341739097159,4615100,2025-02-04
57.5106086730957,57.5106086730957,57.578211109835394,56.66074473172415,56.89252714630057,4122200,2025-02-05
57.21123123168945,57.21123123168945,58.19629642663577,56.989104714728605,58.16732500444816,4991800,2025-02-06
56.805606842041016,56.805606842041016,57.336770401816295,56.60279954024512,57.19190962227196,7988100,2025-02-07
56.0909538269043,56.0909538269043,56.86355573552767,55.868827324372106,56.74766268619179,4939900,2025-02-10
57.31745910644531,57.31745910644531,57.37540563295513,55.888144609045995,56.01369357445563,4481500,2025-02-11
56.438621520996094,56.438621520996094,57.230538932205015,56.11026525166143,56.622117005776815,5724800,2025-02-12
57.50095748901367,57.50095748901367,57.60719095092719,56.25513473684804,56.477257573550496,4581000,2025-02-13
56.82492446899414,56.82492446899414,58.44739031199095,56.8056089608565,57.674788406767824,4690300,2025-02-14
55.58876419067383,55.58876419067383,55.66602254301775,53.26129876292775,54.903076511816934,8367300,2025-02-18
56.00403594970703,56.00403594970703,56.23581468054629,55.47286868308267,55.62738906499435,3864200,2025-02-19
57.16293716430664,57.16293716430664,57.20156818092864,55.61773333999198,55.61773333999198,2953100,2025-02-20
58.91094970703125,58.91094970703125,59.191019040631645,57.162934955037734,57.22088147773117,5218900,2025-02-21
59.23930740356445,59.23930740356445,60.23403212088237,58.17698025016026,58.553623446657085,5464900,2025-02-24
59.480743408203125,59.480743408203125,60.39820974166643,59.268276512185686,59.34553854130341,5410600,2025-02-25
57.25951385498047,57.25951385498047,59.171704940675745,57.047046950773286,59.00752496450025,5311500,2025-02-26
57.925880432128906,57.925880432128906,57.96451144692878,56.68005783525551,56.979442673870025,3976300,2025-02-27
58.54396057128906,58.54396057128906,59.07512411823818,58.003141112892685,58.650194017490136,8139600,2025-02-28
59.94430923461914,59.94430923461914,60.06019860333335,58.05143358137507,58.457048213903114,4098800,2025-03-03
59.04615783691406,59.04615783691406,62.10759411586117,58.997870907364266,60.47547231911607,6004100,2025-03-04
58.87232208251953,58.87232208251953,59.61595258832603,58.23492503240775,58.52465029444827,4950000,2025-03-05
60.08917236328125,60.08917236328125,60.494786986728414,58.70814482982854,59.31656676499928,4582500,2025-03-06
62.29108810424805,62.29108810424805,63.79766090060115,59.490402049194145,59.490402049194145,9001900,2025-03-07
63.063697814941406,63.063697814941406,65.04348779650483,62.851230895294506,63.102321465683154,8862600,2025-03-10
60.19540786743164,60.19540786743164,62.725676920162584,59.98294095226208,62.46492675852659,7594400,2025-03-11
57.97417068481445,57.97417068481445,59.43246026269882,57.94519926408051,59.04615746064899,5266500,2025-03-12
57.800331115722656,57.800331115722656,59.17170266011816,57.587867903760554,58.292867341209664,4059600,2025-03-13
57.52027130126953,57.52027130126953,58.167324282473295,56.93116116372181,57.07602195691861,5510200,2025-03-14
58.853004455566406,58.853004455566406,59.152389303198014,57.655472433152866,57.8389642328943,4770400,2025-03-17
58.3701286315918,58.3701286315918,59.355197448215456,58.1769809171631,58.85300528577654,7385200,2025-03-18
57.1725959777832,57.1725959777832,58.37978760026994,56.10060922756595,57.327116358099246,9743300,2025-03-19
56.31307601928711,56.31307601928711,57.365747259350435,56.0040352592737,57.33677215531036,7132300,2025-03-20
56.63177490234375,56.63177490234375,57.23054093774023,56.11026721793879,56.399996165312615,48561100,2025-03-21
56.1778678894043,56.1778678894043,57.06636284422543,55.80122469053422,56.01369159617641,5381900,2025-03-24
55.810882568359375,55.810882568359375,56.46759508916532,55.65636219193776,56.46759508916532,4987900,2025-03-25
57.04704666137695,57.04704666137695,57.26916947644107,55.84951464241765,55.955744409925884,5204200,2025-03-26
57.61684036254883,57.61684036254883,57.97416804352841,57.288484100983254,57.49129140499412,4013100,2025-03-27
57.08567810058594,57.08567810058594,58.39910317684171,56.96012914016419,57.9548538593624,5763500,2025-03-28
57.74238967895508,57.74238967895508,58.57293809184468,57.520266865935646,57.68444315571054,5336400,2025-03-31
57.67478942871094,57.67478942871094,58.2156089299217,57.11465073496374,58.022461213235886,4037400,2025-04-01
57.16293716430664,57.16293716430664,58.14800598382843,56.76697845407248,58.012801109707965,3952400,2025-04-02
58.881980895996094,58.881980895996094,59.2586241000466,57.819650037230076,57.99348592895439,7965600,2025-04-03
57.56855392456055,57.56855392456055,60.465813780378944,57.2884845876579,58.91095040164071,7577900,2025-04-04
56.62211608886719,56.62211608886719,58.090061523059425,56.042661907865394,56.738005451444984,8031900,2025-04-07
54.75821304321289,54.75821304321289,57.452665644050654,54.207733954963004,57.00841632457434,10132300,2025-04-08
56.07164001464844,56.07164001464844,56.39999629625204,53.58965423584287,54.15944885144746,7453800,2025-04-09
55.78864288330078,55.78864288330078,56.74496716273906,54.89087393202485,56.06187998707985,5031100,2025-04-10
56.569313049316406,56.569313049316406,56.86206361682499,55.48613259926176,56.061876995122994,4235600,2025-04-11
57.57442855834961,57.57442855834961,57.77935359710028,56.01308961187922,56.55955638188101,4153900,2025-04-14
56.45220947265625,56.45220947265625,57.632975919124156,56.19849330849252,57.57442431699772,4145500,2025-04-15
55.105560302734375,55.105560302734375,57.05723585122122,54.8518403968167,56.97916704246942,4202500,2025-04-16
56.120426177978516,56.120426177978516,56.3936632735186,55.08604056726595,55.33975673899011,3368900,2025-04-17
56.27656173706055,56.27656173706055,56.34487380486842,55.788642857887034,55.99357161625939,3885500,2025-04-21
56.657142639160156,56.657142639160156,57.03771877636055,55.99357265339126,56.325357646275705,3556000,2025-04-22
55.89598846435547,55.89598846435547,56.45221571724599,55.38855235737142,56.18874278484591,3493700,2025-04-23
55.02749252319336,55.02749252319336,55.98381311313545,54.87135862529518,55.81792247522365,3532900,2025-04-24
54.783531188964844,54.783531188964844,55.25193286653311,54.03213566790983,55.222658924974354,3996100,2025-04-25
54.4029541015625,54.4029541015625,55.00797245912922,54.03213471739716,54.72498234314636,3566500,2025-04-28
54.79329299926758,54.79329299926758,54.87135808618681,53.6808347998314,54.51029914881823,3275400,2025-04-29
55.36903381347656,55.36903381347656,55.70081878683462,54.60787786134604,55.28120826986633,4779500,2025-04-30
54.237064361572266,54.237064361572266,54.90063061210664,54.16875229380743,54.822565527201384,4328700,2025-05-01
54.0906867980957,54.0906867980957,54.578605673256206,53.74914507449359,54.451745723407306,3512600,2025-05-02
53.71986770629883,53.71986770629883,54.11996103723122,53.18315768517376,54.05165269213488,3923000,2025-05-05
53.24170684814453,53.24170684814453,53.82720798568899,53.10508644169374,53.54421415611481,4058700,2025-05-06
53.124603271484375,53.124603271484375,53.427114299866744,52.51958493724506,53.202672074625156,5250500,2025-05-07
53.388084411621094,53.388084411621094,53.90528096983796,52.93919992319008,53.105090560100166,4035200,2025-05-08
53.18315505981445,53.18315505981445,53.79793385785888,53.124603457254125,53.41735774753033,4888900,2025-05-09
53.51494216918945,53.51494216918945,53.944309437558125,52.80258106091786,53.319773875376214,4618900,2025-05-12
52.470794677734375,52.470794677734375,53.54421468126899,52.060940899413104,53.514940740862286,9527600,2025-05-13
51.99263381958008,51.99263381958008,52.422004809442896,51.651092098121545,52.39272714579961,5648300,2025-05-14
53.085575103759766,53.085575103759766,53.1343662467682,52.021911807063205,52.324419127230875,3494900,2025-05-15
53.797935485839844,53.797935485839844,53.86624382963126,52.86112842915301,53.25146501298299,3904100,2025-05-16
53.505184173583984,53.505184173583984,53.7101092021407,53.339289824853196,53.671074799789274,4160600,2025-05-19
53.46615219116211,53.46615219116211,54.012618958713624,53.36856618086672,53.60276888304999,5663600,2025-05-20
52.07070541381836,52.07070541381836,53.46615376053433,51.9048110527096,53.37832820995341,5567400,2025-05-21
52.051185607910156,52.051185607910156,52.33417944813131,51.12413900314897,51.973116801286835,5069200,2025-05-22
52.0902214050293,52.0902214050293,52.26587250210617,51.416890958726036,52.21707763539817,3804500,2025-05-23
52.82210159301758,52.82210159301758,52.90992714464471,52.051188831237816,52.256113877525856,4687600,2025-05-27
52.08045959472656,52.08045959472656,52.98798899862645,51.953603367640994,52.54886126729979,3466100,2025-05-28
52.68547821044922,52.68547821044922,52.71475214976854,51.72915400406408,51.9633566861947,3171900,2025-05-29
52.94895553588867,52.94895553588867,53.15388429583194,52.52934872130645,52.82209930654957,8115700,2025-05-30
52.82210159301758,52.82210159301758,52.841618795882034,52.09022323696672,52.5293509951024,3820400,2025-06-02
52.99774932861328,52.99774932861328,53.15388321908181,52.00239438092928,52.53910439675702,3393700,2025-06-03
53.29050064086914,53.29050064086914,53.64180282988645,52.93919845185183,53.22219229550751,4287300,2025-06-04
53.23194885253906,53.23194885253906,53.349048340967826,52.75379043664834,53.18315770923755,3709800,2025-06-05
53.44663619995117,53.44663619995117,53.7589039949196,53.1148512024815,53.27098509996572,2929900,2025-06-06
53.47590637207031,53.47590637207031,53.74914346529715,52.95871357109261,53.270981344044294,4843700,2025-06-09
53.18315505981445,53.18315505981445,53.85648173789377,52.81233568864991,53.51494002927211,5281900,2025-06-10
52.919681549072266,52.919681549072266,53.34904882556161,52.656204905820054,53.34904882556161,4230100,2025-06-11
53.4173583984375,53.4173583984375,53.4271151377204,52.3146607331966,53.02702182166314,3881000,2025-06-12
52.265872955322266,52.265872955322266,53.79793797559124,52.08046139428575,53.38808417134931,4344400,2025-06-13
52.23659133911133,52.23659133911133,52.57813677056441,51.699881343999834,52.49031122790796,3922200,2025-06-16
51.79747009277344,51.79747009277344,52.74403018875032,51.699884083248335,52.20732016520197,5867300,2025-06-17
51.68036651611328,51.68036651611328,51.94384315618059,51.39737267427888,51.74867486103529,6745800,2025-06-18
51.70964431762695,51.70964431762695,52.18780273335344,51.36809886958242,51.87553494930025,9877500,2025-06-20
52.178043365478516,52.178043365478516,52.47079393296672,51.553507828830234,51.9145667379815,6469000,2025-06-23
52.11949157714844,52.11949157714844,52.39272494282654,51.77794987005081,52.00239209507574,6897100,2025-06-24
49.4554557800293,49.4554557800293,51.90480681102871,49.43593857899229,50.79235240959769,13275000,2025-06-25
49.15294647216797,49.15294647216797,50.80211465366045,49.026090244765165,49.82627690272785,7688700,2025-06-26
49.29932403564453,49.29932403564453,49.77748245298151,48.977295788334395,49.260289631875004,9005700,2025-06-27
50.55815505981445,50.55815505981445,50.6362201439347,49.2798062699308,49.40666621946749,7556500,2025-06-30
51.904808044433594,51.904808044433594,52.54886080385741,50.509359778594394,50.53863744210836,8647400,2025-07-01
52.52934646606445,52.52934646606445,52.870888180430406,51.73891656957046,51.98287600055343,9182600,2025-07-02
51.86577606201172,51.86577606201172,52.71475383209427,51.63157337240681,52.607411087797246,3595900,2025-07-03
50.58742904663086,50.58742904663086,51.96336012353614,50.382504012789255,51.73891788801549,8134300,2025-07-07
50.58742904663086,50.58742904663086,51.24123855151377,50.16781851684532,50.39226075236598,4972000,2025-07-08
49.962894439697266,49.962894439697266,50.811872255101356,49.61159224779884,50.597186755046614,5646600,2025-07-09
50.723350524902344,50.723350524902344,51.08876301113288,49.24194427717698,49.60735676340751,7258200,2025-07-10
50.94062423706055,50.94062423706055,51.177647125039975,50.091284059077346,50.37768640143492,4847100,2025-07-11
50.33818435668945,50.33818435668945,51.0591349287382,50.101157704791525,50.84186081178267,5316700,2025-07-14
49.39008331298828,49.39008331298828,50.30855550045801,49.37033454473838,50.22954912522553,4878900,2025-07-15
49.469093322753906,49.469093322753906,49.646862375813186,49.004918154497894,49.33082934091023,5895600,2025-07-16
49.6666145324707,49.6666145324707,50.407317658762594,49.36045588400213,49.73574652286507,5778900,2025-07-17
49.478965759277344,49.478965759277344,50.13078433903439,49.459216991857836,49.923388374432335,4325900,2025-07-18
48.57037353515625,48.57037353515625,49.903637661896234,48.43210955370599,49.65673661861765,6259400,2025-07-21
50.31843185424805,50.31843185424805,50.35793692415835,48.59999898725789,48.64937844094036,6098700,2025-07-22
50.634464263916016,50.634464263916016,51.03938180705319,50.446820835236615,50.683843716998936,4628900,2025-07-23
50.31843185424805,50.31843185424805,50.72334940230164,50.14066280706248,50.47644836647845,6056700,2025-07-24
50.43694305419922,50.43694305419922,50.60483771680582,50.002398589506456,50.3678110658938,4609600,2025-07-25
49.23206329345703,49.23206329345703,50.03202397747496,49.182683841522504,50.01227144321901,5920800,2025-07-28
49.399959564208984,49.399959564208984,49.81475149489798,49.08392654061428,49.29132250595878,3874600,2025-07-29
48.599998474121094,48.599998474121094,49.548097537493156,48.402476894065884,49.40983356167775,7302500,2025-07-30
48.37284851074219,48.37284851074219,48.86665056222066,47.987683513374684,48.14570001915137,7972400,2025-07-31
48.333343505859375,48.333343505859375,49.37033082925325,48.1457000823192,48.96541329720607,5271200,2025-08-01
48.412357330322266,48.412357330322266,48.718515982229796,48.17533066958564,48.293845883659436,4490400,2025-08-04
48.54074478149414,48.54074478149414,49.01479431458845,48.14570162021015,48.50123971188358,4670500,2025-08-05
48.698760986328125,48.698760986328125,49.11355291239856,48.35309728052532,48.59999831292271,3572600,2025-08-06
49.528350830078125,49.528350830078125,49.706119882780285,48.7086375573503,48.83702715483762,5573000,2025-08-07
49.21231460571289,49.21231460571289,49.87400755100273,48.86665090679418,49.53822200293321,3781800,2025-08-08
48.73826217651367,48.73826217651367,49.54809725952713,48.32347025139443,49.26169492583513,4747800,2025-08-11
48.550621032714844,48.550621032714844,49.13330764594612,48.34322506039802,48.7382644694666,6276700,2025-08-12
49.11355209350586,49.11355209350586,49.311073669612554,48.353096474312046,48.49136044736352,4113800,2025-08-13
49.05429458618164,49.05429458618164,49.212314861303945,48.580245063046874,48.925908763760845,4985500,2025-08-14
49.0345458984375,49.0345458984375,49.370331448793564,48.61975021039261,49.271568776682535,6920600,2025-08-15
48.73826217651367,48.73826217651367,49.22218985656355,48.62962888713299,48.916031220825,6257200,2025-08-18
49.29132080078125,49.29132080078125,49.567848745007744,48.82714566519191,48.82714566519191,9033100,2025-08-19
49.0246696472168,49.0246696472168,49.99252126694463,48.81727367886317,49.19256431260607,6247200,2025-08-20
49.192562103271484,49.192562103271484,49.25181593876225,48.63950244508992,48.96541360993192,3830000,2025-08-21
49.55797576904297,49.55797576904297,49.903635709142776,49.15305822460714,49.478965629928275,3871500,2025-08-22
48.71851348876953,48.71851348876953,49.75549707067017,48.54074444416819,49.370332063170856,4709900,2025-08-25
48.639503479003906,48.639503479003906,48.66913039737906,48.33334484195448,48.590124025908395,10987700,2025-08-26
48.639503479003906,48.639503479003906,48.89627889554704,48.38272806246077,48.639503479003906,5671500,2025-08-27
47.839542388916016,47.839542388916016,48.66913000340176,47.69140403082866,48.63950308526644,6716800,2025-08-28
48.71851348876953,48.71851348876953,48.72838787239815,47.90867463702411,47.99755915932478,4881100,2025-08-29
48.70863723754883,48.70863723754883,49.291323847044445,48.26421460871134,48.81727429875476,6253500,2025-09-02
49.133304595947266,49.133304595947266,49.16293151375028,48.313591374230604,48.32346952510541,5293700,2025-09-03
48.99504089355469,48.99504089355469,49.77524905090213,48.93578329021071,49.38020589676373,4170500,2025-09-04
49.95301818847656,49.95301818847656,50.12090908048754,48.817271943727825,48.94566153417846,5353100,2025-09-05
49.49871826171875,49.49871826171875,49.76537183063726,49.05429564685456,49.60735531950897,4623400,2025-09-08
49.725868225097656,49.725868225097656,49.78512583129455,49.39008265813705,49.50859787053084,4362900,2025-09-09
49.39008331298828,49.39008331298828,49.58760490218592,48.817274848467164,49.41971400018505,5180900,2025-09-10
49.98264694213867,49.98264694213867,50.348059425014284,49.47896671278633,49.56785123753022,4036600,2025-09-11
49.30119705200195,49.30119705200195,49.8246298100751,49.251817598292256,49.80487727510905,4340600,2025-09-12
48.4024772644043,48.4024772644043,49.53822353285352,48.38272849691738,49.38020702108249,5071600,2025-09-15
48.94566345214844,48.94566345214844,49.15305942125745,48.23458725244794,48.491362676000406,8132800,2025-09-16
48.57037353515625,48.57037353515625,49.00491801505862,47.819792253839225,48.10619836822101,15178800,2025-09-17
49.23206329345703,49.23206329345703,49.725865347623746,48.24445918512361,48.34322185640337,7310200,2025-09-18
49.725868225097656,49.725868225097656,50.14066393365413,49.26169682916013,49.666614386311664,15037000,2025-09-19
49.4493408203125,49.4493408203125,49.89376345325879,49.054297642713365,49.844383997911635,8413800,2025-09-22
49.933265686035156,49.933265686035156,49.98264513857532,49.49871746189589,49.63698143597266,5522500,2025-09-23
50.47644805908203,50.47644805908203,50.69372217485472,49.88388331626854,49.9332665370611,6023600,2025-09-24
48.8172721862793,48.8172721862793,50.68384337921349,48.49136101676469,50.60483700828952,7408800,2025-09-25
49.469093322753906,49.469093322753906,49.48884585836171,48.88640670826202,48.96541685069323,5011400,2025-09-26
49.0444221496582,49.0444221496582,49.557976761960646,48.89628001955545,49.508597307730014,4991100,2025-09-29
49.79499816894531,49.79499816894531,49.86413392370599,48.9851630879227,49.153057748208774,4773800,2025-09-30
50.071529388427734,50.071529388427734,50.31843041719965,49.34070068560213,50.120908840699975,5067200,2025-10-01
49.69623947143555,49.69623947143555,50.39743749886881,49.56784987978653,49.87400851605395,4289500,2025-10-02
49.73574447631836,49.73574447631836,50.051777495805766,49.478965293353106,49.62710741948004,3599500,2025-10-03
49.55797576904297,49.55797576904297,50.318431404673326,49.409833641908314,49.735744814640235,5989000,2025-10-06
50.29867935180664,50.29867935180664,50.624586760250295,49.07404855567125,49.62710823254059,5050600,2025-10-07
49.133304595947266,49.133304595947266,50.298677750068116,49.04442007512751,50.2690508322651,4995900,2025-10-08
48.599998474121094,48.599998474121094,49.34070157377004,48.49136141672019,49.34070157377004,4472700,2025-10-09
49.34000015258789,49.34000015258789,49.40999984741211,48.59000015258789,48.79999923706055,5867000,2025-10-10
48.150001525878906,48.150001525878906,49.209999084472656,48.130001068115234,49.04999923706055,4438700,2025-10-13
48.58000183105469,48.58000183105469,48.90999984741211,47.709999084472656,48.0099983215332,5846600,2025-10-14
47.7400016784668,47.7400016784668,48.52000045776367,47.720001220703125,48.31999969482422,5596800,2025-10-15
47.709999084472656,47.709999084472656,48.65999984741211,47.47999954223633,47.900001525878906,5215000,2025-10-16
48.38999938964844,48.38999938964844,48.56999969482422,47.849998474121094,48.0,5562700,2025-10-17
48.810001373291016,48.810001373291016,49.060001373291016,48.29999923706055,48.459999084472656,5357000,2025-10-20
48.56999969482422,48.56999969482422,48.939998626708984,48.52000045776367,48.81999969482422,4990600,2025-10-21
49.18000030517578,49.18000030517578,49.709999084472656,48.36000061035156,48.5099983215332,5553400,2025-10-22
47.93000030517578,47.93000030517578,49.15999984741211,47.900001525878906,49.11000061035156,4809100,2025-10-23
47.40999984741211,47.40999984741211,48.060001373291016,47.27000045776367,47.869998931884766,5083600,2025-10-24
