Price,Close,High,Low,Open,Volume,Date
49.932369232177734,49.932369232177734,50.849408684266024,49.91554564682531,50.22683332597221,3582800,2020-12-14
49.663150787353516,49.663150787353516,50.13429144833945,49.25090551720111,50.12587965501076,3465200,2020-12-15
49.57060241699219,49.57060241699219,50.193181000345206,49.360272291578504,49.646321390516434,4057900,2020-12-16
50.226829528808594,50.226829528808594,50.61383615031535,49.23407118015547,49.89871507973188,5089900,2020-12-17
49.97443771362305,49.97443771362305,50.64749345464033,49.688388622517834,50.18476783327738,6367400,2020-12-18
49.629486083984375,49.629486083984375,49.89870832418233,48.948015483205786,49.72202862142934,3196900,2020-12-21
49.30137252807617,49.30137252807617,49.60424837557496,49.04056526669417,49.55377120724685,2771000,2020-12-22
49.629486083984375,49.629486083984375,49.848227950626864,49.31819526113241,49.36026063440416,2521100,2020-12-23
49.74728775024414,49.74728775024414,49.77252634112661,49.31821244894202,49.42758502507165,1127400,2020-12-24
49.932369232177734,49.932369232177734,49.991261409060044,49.57060116882474,49.82299988047227,2659000,2020-12-28
49.76411056518555,49.76411056518555,50.327793779010634,49.604257610698994,49.97444069739785,2328900,2020-12-29
49.26772689819336,49.26772689819336,49.82299826896863,49.24248510221528,49.68838712482259,1955600,2020-12-30
49.469642639160156,49.469642639160156,49.52853481488695,48.880717672509334,49.242485728764144,3378200,2020-12-31
49.663150787353516,49.663150787353516,49.797761946294756,48.63674190394526,49.28455910928222,4513500,2021-01-04
49.71363067626953,49.71363067626953,50.18477133252445,49.2593168158862,49.60425810779581,2739000,2021-01-05
49.587432861328125,49.587432861328125,50.125880717893665,49.486475292327256,49.62108645412283,3630200,2021-01-06
49.1800651550293,49.1800651550293,49.91840171398689,49.17157670455427,49.64682957190144,3395700,2021-01-07
47.8646354675293,47.8646354675293,49.298875999791235,47.71187573777416,49.22249613491366,6715100,2021-01-08
47.16025161743164,47.16025161743164,48.09378059175649,47.015980311583306,47.847670526639,5552000,2021-01-11
46.141845703125,46.141845703125,47.10932182915389,45.79389370626557,47.058404077717746,10158700,2021-01-12
47.00748825073242,47.00748825073242,47.34695507209407,45.94665848072169,46.30309896689097,8174900,2021-01-13
47.31300735473633,47.31300735473633,47.32149256837284,46.235203928750835,47.0329467437988,6436300,2021-01-14
47.72886276245117,47.72886276245117,48.093785288586915,46.803818912144216,47.28755711265926,8579300,2021-01-15
47.245121002197266,47.245121002197266,48.05984086254466,47.21117690428802,48.05135241002029,3898300,2021-01-19
46.96505355834961,46.96505355834961,47.253599372084864,46.2691495200579,47.20267837999203,4428400,2021-01-20
46.9226188659668,46.9226188659668,47.126296350210445,46.600125738953224,46.91413041564275,3058600,2021-01-21
47.499717712402344,47.499717712402344,47.601556470058256,46.4728319720372,46.82927247992649,4745400,2021-01-22
49.13764190673828,49.13764190673828,49.468620315155526,47.431825626962755,47.4572845084115,6958800,2021-01-25
50.18149185180664,50.18149185180664,50.25787172398943,48.713303853089116,49.10368842762534,6024900,2021-01-26
51.25929641723633,51.25929641723633,52.15887800142261,50.079650978950426,50.156030852833744,7344900,2021-01-27
50.376686096191406,50.376686096191406,51.938227692397184,49.7062408851399,51.216861485447055,7919100,2021-01-28
49.3073616027832,49.3073616027832,51.08106893462461,49.2055228612723,50.28332619089796,7118900,2021-01-29
48.84060287475586,48.84060287475586,49.63834894861608,48.416270958837224,49.324340999911456,5139500,2021-02-01
48.900001525878906,48.900001525878906,49.519525638877354,48.44172558793978,49.13762956349393,3811000,2021-02-02
48.2210807800293,48.2210807800293,48.96790589125791,47.881613937453814,48.76422513823347,3793400,2021-02-03
48.288978576660156,48.288978576660156,48.82363451792263,47.762804612788585,48.161677693085686,3195000,2021-02-04
48.71329879760742,48.71329879760742,48.93394994023872,48.085286220680366,48.35685835194742,3166900,2021-02-05
48.96791076660156,48.96791076660156,49.03580219943862,48.543578789832736,48.798177328414816,2990500,2021-02-08
48.942440032958984,48.942440032958984,49.3073657277469,48.67086787461387,49.17157964857434,1744100,2021-02-09
49.298885345458984,49.298885345458984,49.37526522481601,48.7557409755405,49.230990680521266,2704900,2021-02-10
48.29745864868164,48.29745864868164,49.36677365474073,48.11924002057106,49.34980322697405,2893100,2021-02-11
48.47568130493164,48.47568130493164,48.50114342348868,47.84767182872001,48.221082781132445,3422700,2021-02-12
47.77128982543945,47.77128982543945,48.28897530202222,47.41484931803995,48.19562175871769,4162300,2021-02-16
48.21259307861328,48.21259307861328,48.25502562239728,47.414847010933556,47.55912154467384,3022700,2021-02-17
49.239479064941406,49.239479064941406,49.56197224816253,48.06832199553528,48.18713442161785,3027600,2021-02-18
47.949501037597656,47.949501037597656,49.33282383240964,47.932527374406654,49.23947030355674,3381600,2021-02-19
47.66945266723633,47.66945266723633,48.051352093414735,47.160255590595824,47.974972208179054,3878900,2021-02-22
48.2210807800293,48.2210807800293,48.42476153305373,47.48274412043273,47.78826363127151,3249700,2021-02-23
47.694908142089844,47.694908142089844,48.29745868755571,47.66096081173795,48.195619933895635,3648400,2021-02-24
47.38938903808594,47.38938903808594,48.23805287957215,47.168737863753606,47.762799962877445,3846800,2021-02-25
46.68499755859375,46.68499755859375,47.63550341362362,46.56618513606394,47.465769993982875,5642500,2021-02-26
46.45586395263672,46.45586395263672,47.117820767820604,46.36251040436291,46.79532757489178,5634800,2021-03-01
46.735923767089844,46.735923767089844,46.93960454084972,46.090940585409705,46.574678781018825,4198600,2021-03-02
46.58314895629883,46.58314895629883,46.95656304806557,46.345524161461825,46.56617529418261,3459500,2021-03-03
46.9226188659668,46.9226188659668,47.79674148041923,46.59164052602443,46.6680203919646,5633900,2021-03-04
48.18712615966797,48.18712615966797,48.42475420848627,46.914130548652615,47.16024381042378,6444300,2021-03-05
49.01881790161133,49.01881790161133,49.47709711411384,48.02588284525126,48.38232007448964,3993600,2021-03-08
48.71329879760742,48.71329879760742,49.57044772990748,48.602971607594185,48.9509236031173,3634800,2021-03-09
49.697757720947266,49.697757720947266,50.291819843954826,48.29746103123913,48.857579059643236,6827700,2021-03-10
49.33283233642578,49.33283233642578,49.969330247529626,49.324343884669425,49.48559209408237,4993000,2021-03-11
49.85899353027344,49.85899353027344,49.92688818179626,49.20552207764456,49.29887560479085,4302300,2021-03-12
50.088138580322266,50.088138580322266,50.29181608229165,49.72321288211529,50.206950996036994,4426300,2021-03-15
50.393653869628906,50.393653869628906,50.682199671194,49.943859885268616,50.07116074143375,3880900,2021-03-16
50.40214920043945,50.40214920043945,50.81799594164777,50.20695688922605,50.52945008215928,3536800,2021-03-17
50.8349609375,50.8349609375,51.08955942011713,50.2239219893026,50.2239219893026,4229700,2021-03-18
50.9792366027832,50.9792366027832,51.28475610312441,50.60582567869709,50.79252952204234,8212200,2021-03-19
52.150394439697266,52.150394439697266,52.30315419230323,50.54642027473034,50.85193654254658,6493600,2021-03-22
51.92973709106445,51.92973709106445,52.63412960355192,51.7684921334881,52.36255744479411,5231700,2021-03-23
49.7486686706543,49.7486686706543,50.478520021737644,49.06125309745814,49.66380358967056,10643100,2021-03-24
50.520957946777344,50.520957946777344,51.148970620135024,49.349804164882016,49.62986155189328,6369200,2021-03-25
51.743045806884766,51.743045806884766,51.89580558791624,49.842036997046506,50.57188856477551,5314600,2021-03-26
53.03300094604492,53.03300094604492,53.126351242273294,51.76849049155141,51.827896697058286,6452900,2021-03-29
52.43894577026367,52.43894577026367,53.211229828239794,52.337103766265315,53.17728249357368,4835700,2021-03-30
52.04007339477539,52.04007339477539,52.82084591581864,51.90428729164562,52.20980683303662,5734500,2021-03-31
51.700599670410156,51.700599670410156,52.17585258711424,51.07259024063953,51.946712961420964,7171200,2021-04-01
52.218284606933594,52.218284606933594,52.62564285827372,51.77697902529956,51.82790002074043,4473200,2021-04-05
52.396514892578125,52.396514892578125,52.66808710378079,51.878829353286754,52.07402167775141,4969600,2021-04-06
52.099464416503906,52.099464416503906,52.70201487105678,51.91275736513452,52.49833739446756,3846300,2021-04-07
52.15937423706055,52.15937423706055,52.43322138438052,51.979662658728465,52.19360594660442,3236700,2021-04-08
51.457645416259766,51.457645416259766,52.37332251444241,51.03831509568728,52.202167214932906,3895700,2021-04-09
52.17649841308594,52.17649841308594,52.2449585785764,51.56034060109167,51.568896897584466,3445700,2021-04-12
51.928321838378906,51.928321838378906,52.59582393859587,51.928321838378906,52.13370559328447,3403000,2021-04-13
51.868412017822266,51.868412017822266,52.048123598866745,51.37206201549117,51.97110388348832,3329900,2021-04-14
51.81706237792969,51.81706237792969,52.3818725132508,51.765718079410306,52.005333511208526,4159100,2021-04-15
52.458892822265625,52.458892822265625,52.4845682363328,51.79994711280958,52.05668166638851,9941800,2021-04-16
52.458892822265625,52.458892822265625,52.664279812225686,51.87696682598017,52.339085105003704,4160100,2021-04-19
53.314674377441406,53.314674377441406,53.79390858664778,52.31342121269955,52.416113091630926,5510900,2021-04-20
53.70832443237305,53.70832443237305,54.05919131272601,53.36601711212286,53.554288260195655,5046200,2021-04-21
53.08361053466797,53.08361053466797,53.6997682831193,53.05793838332106,53.61419226895248,3676400,2021-04-22
52.4246711730957,52.4246711730957,53.152080440294746,52.304863432843554,52.93813711426846,3117000,2021-04-23
51.80851745605469,51.80851745605469,52.56159562545544,51.7229381655436,52.50169175435575,4074200,2021-04-26
51.80851745605469,51.80851745605469,51.988229069353764,51.46620682304261,51.70582230744138,3804100,2021-04-27
52.03101348876953,52.03101348876953,52.493131832064265,51.79995431712217,52.11659277336999,2747700,2021-04-28
52.57014846801758,52.57014846801758,52.76697591426327,52.031010432508936,52.090914295952594,3489000,2021-04-29
52.082359313964844,52.082359313964844,52.73274553255075,51.8769723023233,52.647169515334326,4829000,2021-04-30
52.71562957763672,52.71562957763672,53.08361232710774,52.08235921658135,52.08235921658135,3128400,2021-05-03
52.88678741455078,52.88678741455078,53.2804423351289,52.48457619766267,52.903903271686694,3528500,2021-05-04
52.91246032714844,52.91246032714844,52.980920487934604,52.193610684056864,52.76697718063968,2877100,2021-05-05
54.461402893066406,54.461402893066406,54.97486547866865,53.39168645263215,53.48582202171284,7476900,2021-05-06
53.95650100708008,53.95650100708008,54.495639051133224,53.40025037135673,54.21323232083822,3574900,2021-05-07
54.62400436401367,54.62400436401367,54.88929196400901,54.050634628332666,54.06775048389941,2431600,2021-05-10
54.007850646972656,54.007850646972656,55.026222909743005,53.75967561953149,54.820832627634026,3651800,2021-05-11
53.879486083984375,53.879486083984375,54.46141218805987,53.69977447480355,54.07631355087519,3365600,2021-05-12
54.75236511230469,54.75236511230469,55.325734813724424,53.434473693056184,53.648416978082935,5330900,2021-05-13
54.25602722167969,54.25602722167969,55.32574382096741,54.23035180342591,54.88073805940581,3233300,2021-05-14
53.7339973449707,53.7339973449707,54.435731072986385,53.520054055587494,53.99928493451595,4006400,2021-05-17
53.85380554199219,53.85380554199219,54.059189273491626,53.340342948728036,53.65697810575708,3116100,2021-05-18
53.571407318115234,53.571407318115234,53.94794965971424,53.20342453765225,53.69121832240696,2743100,2021-05-19
53.82813262939453,53.82813262939453,54.23890335109182,53.391686493236755,53.65697734589179,3202100,2021-05-20
54.02496337890625,54.02496337890625,54.66679328305057,53.87092394075035,53.9650595156807,2701000,2021-05-21
53.95650100708008,53.95650100708008,54.46140733876127,53.94794471124497,54.15332845644518,1816300,2021-05-24
53.785343170166016,53.785343170166016,54.08486574250451,53.33178442845835,53.95649845942864,2596100,2021-05-25
53.76823425292969,53.76823425292969,53.99929015502778,53.60563524798886,53.776790548945385,2876800,2021-05-26
53.297550201416016,53.297550201416016,54.26457476525634,53.229090047652484,53.776784335822605,3535400,2021-05-27
53.793907165527344,53.793907165527344,54.13621450776089,53.41736484519979,53.443040262641325,2934400,2021-05-28
53.622745513916016,53.622745513916016,54.256019082076335,53.460149790443,54.05063208943865,3239600,2021-06-01
54.333045959472656,54.333045959472656,54.65823744929166,53.54573285916427,53.74256031811238,5019700,2021-06-02
54.598331451416016,54.598331451416016,54.709582885442224,54.016405393531606,54.29025256612241,4176900,2021-06-03
54.79515838623047,54.79515838623047,55.11179682897331,54.52131121622072,54.59833093681819,4104500,2021-06-04
54.52987289428711,54.52987289428711,54.923527808399584,54.196121846908454,54.88073653400466,3493200,2021-06-07
54.07631301879883,54.07631301879883,54.666798678177344,53.93083312646941,54.606894809039815,2263100,2021-06-08
53.16062545776367,53.16062545776367,53.96505428223572,52.72418260165797,52.86966246552141,6910800,2021-06-09
53.54572677612305,53.54572677612305,53.913709498943746,53.03226418193933,53.17774405330235,2880700,2021-06-10
53.5029411315918,53.5029411315918,53.7511161443551,53.109286241045965,53.639864713717124,2602300,2021-06-11
53.614192962646484,53.614192962646484,53.65698097028351,53.01515106218088,53.40024965994561,2020300,2021-06-14
53.1777458190918,53.1777458190918,53.78534400410504,53.11784195659841,53.69976799040469,5381400,2021-06-15
52.330535888671875,52.330535888671875,53.3916928975463,52.296304174962145,53.374577040691435,3842600,2021-06-16
52.287742614746094,52.287742614746094,52.50168592047667,51.69726026615539,52.23639831066085,3149200,2021-06-17
51.14100646972656,51.14100646972656,52.16793499223039,51.14100646972656,51.996779694393794,5416900,2021-06-18
51.466190338134766,51.466190338134766,51.7229215984033,51.15811152000649,51.47474989670227,2926400,2021-06-21
51.52610397338867,51.52610397338867,51.75716313085644,51.3549486792071,51.52610397338867,3433000,2021-06-22
50.67033767700195,50.67033767700195,51.45765083179823,50.66178138015811,51.406303257186686,3058900,2021-06-23
50.61898422241211,50.61898422241211,50.764464094089156,50.34513706965427,50.55052080196487,3121400,2021-06-24
51.02975845336914,51.02975845336914,51.06398690142606,50.45638869358155,50.516292558325894,3047400,2021-06-25
51.81706237792969,51.81706237792969,51.94542965325897,51.10677237744977,51.13244452670946,4843300,2021-06-28
51.37206268310547,51.37206268310547,52.10802813639357,51.14956309385157,51.85129683663427,3715400,2021-06-29
52.14225769042969,52.14225769042969,52.77552798601116,51.26936869573602,51.30360040482568,7163600,2021-06-30
51.534671783447266,51.534671783447266,52.20217394664441,51.44053619335203,52.15938593237827,3446700,2021-07-01
51.534671783447266,51.534671783447266,51.902654582265235,51.44053619335203,51.7914031335603,3086200,2021-07-02
51.209468841552734,51.209468841552734,51.6801434525372,51.01264139566889,51.44908429488685,4172500,2021-07-06
51.68014144897461,51.68014144897461,51.996776609250034,51.08965913421521,51.175235145798105,3793600,2021-07-07
51.490272521972656,51.490272521972656,52.379225220245175,51.31765948451551,51.65425309678103,2755200,2021-07-08
51.52478790283203,51.52478790283203,51.86138146358696,51.35217489179072,51.473003011823835,3037300,2021-07-09
51.1536750793457,51.1536750793457,51.55068273114552,50.894757188707544,51.49026866640727,2775700,2021-07-12
51.03284454345703,51.03284454345703,51.567941931186425,50.903383958082756,51.093258605346506,3538500,2021-07-13
51.1536750793457,51.1536750793457,51.28313237850498,50.52364033827567,50.7911873985966,3681700,2021-07-14
51.59383010864258,51.59383010864258,51.654244167460995,50.88611974049598,51.162299235757125,2448700,2021-07-15
51.82686233520508,51.82686233520508,51.90453803175099,51.57657361385497,51.67151094211326,3324200,2021-07-16
52.41374588012695,52.41374588012695,52.50005404072411,51.37807099919889,51.79234029310618,4381400,2021-07-19
51.71466064453125,51.71466064453125,53.147346370131906,51.680140675248865,52.638139784623064,4422300,2021-07-20
50.91201400756836,50.91201400756836,51.74918166508179,50.85159665622189,51.6628768071342,4272600,2021-07-21
50.74803161621094,50.74803161621094,50.95516789044239,50.4286996819102,50.730769985665034,1934000,2021-07-22
51.265872955322266,51.265872955322266,51.447115145705354,50.540900901470366,50.77392798581414,2466400,2021-07-23
51.19682312011719,51.19682312011719,51.47300261874649,51.10188580015349,51.21408475032143,2171700,2021-07-26
51.39533615112305,51.39533615112305,51.818237936212284,51.03285172874934,51.231355573237785,2337600,2021-07-27
50.765296936035156,50.765296936035156,51.343550078228574,50.627207173951895,51.1191521571435,2844500,2021-07-28
50.84297561645508,50.84297561645508,51.188201688081,50.67899504320866,50.92928048820165,2308000,2021-07-29
50.79981994628906,50.79981994628906,51.222718400170166,50.72214424973463,51.00695294222115,3325600,2021-07-30
51.23998260498047,51.23998260498047,51.29176750272375,50.67036189908344,50.78256086470066,3720500,2021-08-02
51.25724411010742,51.25724411010742,51.74918911432617,51.03284947175071,51.23998247756925,2623900,2021-08-03
49.738250732421875,49.738250732421875,51.17956230816716,49.70372747146143,51.17956230816716,4681100,2021-08-04
49.695098876953125,49.695098876953125,49.997169183051135,49.582899923694114,49.686466415453516,2899500,2021-08-05
49.94538879394531,49.94538879394531,50.44596625183197,49.712361697238045,49.712361697238045,3114100,2021-08-06
50.35966110229492,50.35966110229492,50.41144600209998,49.99717668061921,50.10074318790942,1958600,2021-08-09
50.480491638183594,50.480491638183594,50.54090570738938,50.09211312734651,50.25609370200223,2677300,2021-08-10
50.963809967041016,50.963809967041016,51.2313603697853,50.55817306959544,50.62721631694609,2435700,2021-08-11
50.877498626708984,50.877498626708984,51.214092234078876,50.81708455832566,50.89476025943562,2047500,2021-08-12
51.6456184387207,51.6456184387207,51.73192330211882,50.95516965457728,51.09325941140597,2206200,2021-08-13
51.895912170410156,51.895912170410156,52.06852520621841,51.61973263004488,51.71466667203559,2468400,2021-08-16
52.525943756103516,52.525943756103516,52.655401055841544,51.792339221642855,51.947690615184186,2880200,2021-08-17
51.16230392456055,51.16230392456055,52.413744229081296,51.119151491781125,52.37059179630187,3578300,2021-08-18
51.895912170410156,51.895912170410156,51.999478674967186,51.17094005387135,51.17956922411784,2620400,2021-08-19
52.04263687133789,52.04263687133789,52.50869113191087,51.69741405382916,52.06853096958318,3151700,2021-08-20
51.4384765625,51.4384765625,51.956315563523304,51.395324135494505,51.9304214734647,2275900,2021-08-23
50.420074462890625,50.420074462890625,51.36081206269524,50.32514041973077,51.36081206269524,3016800,2021-08-24
50.1956787109375,50.1956787109375,50.394182547870905,50.048959771937945,50.256092779033764,2539200,2021-08-25
49.45344161987305,49.45344161987305,50.08347635329707,49.229046995328424,50.066214721821396,4820200,2021-08-26
49.82455062866211,49.82455062866211,49.902226311924885,49.15136356859746,49.37575815784599,2878100,2021-08-27
49.695098876953125,49.695098876953125,50.05758324427073,49.56563829301432,49.695098876953125,2605300,2021-08-30
49.89360809326172,49.89360809326172,49.910869725810436,49.470706326617616,49.74688586275752,6098400,2021-08-31
49.79867172241211,49.79867172241211,50.06621880128624,49.46207811200929,49.98854309947637,2444700,2021-09-01
49.988548278808594,49.988548278808594,50.38555929159341,49.80730605324693,49.80730605324693,2579400,2021-09-02
49.85908508300781,49.85908508300781,50.15252625319629,49.66058124616263,50.023065654579106,2270900,2021-09-03
49.01329040527344,49.01329040527344,49.833199940905295,48.909720597686984,49.69511015644352,3925200,2021-09-07
51.24861145019531,51.24861145019531,51.55931423008541,49.99717116111333,50.05758522472312,9179900,2021-09-08
50.44596481323242,50.44596481323242,51.34354990999237,50.437332351200716,50.92927733278038,5723500,2021-09-09
50.42870330810547,50.42870330810547,50.74803526536852,49.91086752376972,50.3078751779151,3640700,2021-09-10
50.601314544677734,50.601314544677734,50.74803347120184,49.90223329745242,50.18704527339146,6841400,2021-09-13
50.722137451171875,50.722137451171875,51.11914505042829,50.575415247426314,50.7480282491132,7179200,2021-09-14
50.678993225097656,50.678993225097656,51.12778578518298,50.58405589419041,50.678993225097656,2506100,2021-09-15
50.678993225097656,50.678993225097656,51.1450441250573,50.27335309933752,50.70488402722883,2533200,2021-09-16
50.85159683227539,50.85159683227539,51.08462390032381,50.31649946804528,50.49774164575429,6750500,2021-09-17
50.70487594604492,50.70487594604492,51.10188354627437,50.471848887044374,50.67898514804014,3643200,2021-09-20
50.06621170043945,50.06621170043945,50.4718517848394,49.600160847999646,50.17841065210059,7307700,2021-09-21
51.71466064453125,51.71466064453125,52.396480245729755,50.66172750423119,51.602464982804484,5660300,2021-09-22
52.025367736816406,52.025367736816406,52.33607053240854,51.481641136849866,51.93906286796068,5039800,2021-09-23
52.24977111816406,52.24977111816406,52.41375170303656,51.97359155821035,52.05989643607587,3154500,2021-09-24
51.48163986206055,51.48163986206055,52.57772549712973,51.37807007121462,52.27565517129485,4018900,2021-09-27
51.20546340942383,51.20546340942383,51.74919002854296,50.79119080582855,51.61973272069928,3270100,2021-09-28
52.448265075683594,52.448265075683594,52.86253433745388,51.041473444119056,51.041473444119056,4632100,2021-09-29
51.62836837768555,51.62836837768555,52.78487158492224,51.62836837768555,52.53458281572977,4064500,2021-09-30
52.31879806518555,52.31879806518555,52.543195945450165,51.697395895010565,52.4827818912987,4769200,2021-10-01
53.03514862060547,53.03514862060547,53.1473475771999,52.21523924669756,52.29291494090609,4943700,2021-10-04
53.112815856933594,53.112815856933594,53.311319645562804,52.71580827967518,53.01787854665028,4137000,2021-10-05
53.622032165527344,53.622032165527344,53.6738137679973,52.724447076426095,53.086931462994144,3099900,2021-10-06
53.36096954345703,53.36096954345703,53.75256245156612,53.204332380213394,53.69164836803455,3872200,2021-10-07
53.48280334472656,53.48280334472656,53.961415474138235,53.15212780488224,53.39578416467678,2559900,2021-10-08
53.682945251464844,53.682945251464844,54.0397291686589,53.369674239922865,53.50890690713107,2879800,2021-10-11
54.07453536987305,54.07453536987305,54.62276542097488,53.63943289239474,53.813474547299755,4557300,2021-10-12
53.83087158203125,53.83087158203125,54.2572700918889,53.22172753409517,53.96140031543812,3198600,2021-10-13
54.26598358154297,54.26598358154297,54.37040725062133,53.84828558566096,53.97011375284714,2608500,2021-10-14
54.09194564819336,54.09194564819336,54.49223917355683,53.865693796334945,54.370410997973934,6426100,2021-10-15
53.53501510620117,53.53501510620117,54.152859895372266,53.51761060684256,54.0223311295359,3164200,2021-10-18
53.682945251464844,53.682945251464844,53.7786683325896,53.30875683592369,53.5002029981732,1945300,2021-10-19
54.570556640625,54.570556640625,54.73589772086724,53.7612656970702,53.7612656970702,2645900,2021-10-20
54.379112243652344,54.379112243652344,54.735896163054704,54.09194299850065,54.68368266769022,2267700,2021-10-21
54.54444122314453,54.54444122314453,54.88382058948421,54.34429450247159,54.387804081823425,2028900,2021-10-22
53.85698318481445,53.85698318481445,54.44002222056642,53.691645441322486,54.40521322628335,3888400,2021-10-25
54.031028747558594,54.031028747558594,54.231175499820736,53.8569870831141,53.926605076719355,2600000,2021-10-26
53.343563079833984,53.343563079833984,54.527042349814806,53.2565439121577,54.27468211615774,2593100,2021-10-27
53.98751449584961,53.98751449584961,54.083237569000325,53.43928446207539,53.5263036269933,2473300,2021-10-28
53.77867126464844,53.77867126464844,54.361710372574,53.74386226605641,53.8743943509921,2470400,2021-10-29
54.2050666809082,54.2050666809082,54.29208584735634,53.79606929555143,53.79606929555143,1964300,2021-11-01
54.50093460083008,54.50093460083008,54.6488678425663,54.048427647969625,54.35299803952555,2147000,2021-11-02
54.94475173950195,54.94475173950195,55.04917542631141,54.483544079821804,54.553158764505056,2196400,2021-11-03
54.570556640625,54.570556640625,55.17100023591525,54.292091296559775,54.82291689604934,2627400,2021-11-04
54.51833724975586,54.51833724975586,54.75328964695438,54.309486617218276,54.64886599046968,2048400,2021-11-05
54.5096435546875,54.5096435546875,54.64887622927593,53.97011735560343,54.52704805395715,1911700,2021-11-08
54.97084426879883,54.97084426879883,55.04916284590002,54.41391364033182,54.727187948736606,1780800,2021-11-09
55.28411865234375,55.28411865234375,55.64960645250223,54.831611686207175,55.16229049214706,2447300,2021-11-10
54.73588943481445,54.73588943481445,55.64960391418119,54.57925228754378,55.04916040978755,2726800,2021-11-11
55.03176498413086,55.03176498413086,55.28412190815659,54.50963999880791,54.866423911639394,2903900,2021-11-12
55.43205642700195,55.43205642700195,55.54518400089559,54.82291229316421,55.023059034933894,1751100,2021-11-15
55.04916000366211,55.04916000366211,55.501666945820304,55.023054919165666,55.501666945820304,2020100,2021-11-16
54.927337646484375,54.927337646484375,55.09267871792577,54.73589480736021,54.97955114055564,1925400,2021-11-17
54.73588943481445,54.73588943481445,55.08396940241841,54.49222980596661,54.72718552687261,1844100,2021-11-18
53.98751449584961,53.98751449584961,55.466863536432534,53.96140609071955,55.00565266757622,2656800,2021-11-19
54.7184944152832,54.7184944152832,55.19710652836041,53.84828936620871,53.952713042618385,1936600,2021-11-22
55.20579528808594,55.20579528808594,55.4233465037351,54.76199226877163,54.81420575557194,2026000,2021-11-23
55.0839729309082,55.0839729309082,55.41465174294712,54.72718903250805,55.26671517457374,1484500,2021-11-24
54.61406326293945,54.61406326293945,55.77143416395183,54.483534507253374,55.03176457592691,1704100,2021-11-26
55.27541732788086,55.27541732788086,55.30152241341316,54.265979745955505,54.753292380256354,3536300,2021-11-29
53.752559661865234,53.752559661865234,55.11878115514259,53.68294167311735,55.02305808039846,9085800,2021-11-30
53.45669174194336,53.45669174194336,54.4400242906364,53.43928724414002,53.91789931524191,3386500,2021-12-01
54.70108413696289,54.70108413696289,54.91863537624794,53.78736959587939,53.856984266275006,4692100,2021-12-02
55.893272399902344,55.893272399902344,55.90196967008587,54.90123587013347,54.988255045931496,4066800,2021-12-03
56.076011657714844,56.076011657714844,56.615534502251435,55.93677567258463,56.00639366514974,3516300,2021-12-06
56.18913650512695,56.18913650512695,56.58072609891934,55.55388725437181,55.90196726213934,2863800,2021-12-07
55.8758544921875,55.8758544921875,56.58942222750797,55.24930923652086,56.18042487205544,2484500,2021-12-08
55.667022705078125,55.667022705078125,56.006402171456806,55.414662423053784,55.90197516674868,2685700,2021-12-09
56.35447692871094,56.35447692871094,56.4763050960013,55.806243536767155,56.00639360539399,2784300,2021-12-10
57.372615814208984,57.372615814208984,57.58146315488159,55.91937506016927,56.30226074487951,4602000,2021-12-13
57.3552131652832,57.3552131652832,57.6771847574135,57.102852925501274,57.42482451763157,4487700,2021-12-14
58.59960174560547,58.59960174560547,58.64311465143293,57.46833922460152,57.511845491291695,4700700,2021-12-15
59.92232131958008,59.92232131958008,59.939722499663105,58.08618810091453,58.425567545204586,4705300,2021-12-16
58.86936569213867,58.86936569213867,60.6358806632774,58.851957875370815,59.861398795528274,6564800,2021-12-17
58.991188049316406,58.991188049316406,59.18263418010712,58.3298304990765,58.408152388552786,3891400,2021-12-20
56.61553192138672,56.61553192138672,57.06804221329467,55.60609763175732,56.1282192739199,6915200,2021-12-21
57.17245864868164,57.17245864868164,57.18986646440759,56.197833420394765,56.641633134359786,3885300,2021-12-22
57.42482376098633,57.42482376098633,57.62497382408549,57.285594418987046,57.4335276695916,2332100,2021-12-23
57.48573303222656,57.48573303222656,57.755501063318185,57.198570463654065,57.572758832722435,2503100,2021-12-27
58.20801544189453,58.20801544189453,58.234120531212575,57.46834247495347,57.46834247495347,1929100,2021-12-28
58.32112121582031,58.32112121582031,58.538672410005034,58.05135985955464,58.37333801703683,1871400,2021-12-29
58.34724426269531,58.34724426269531,58.6257095797436,58.02526604270888,58.46907242395788,1822900,2021-12-30
58.6344108581543,58.6344108581543,58.76494293675701,58.129697000901004,58.31243925528988,2017300,2021-12-31
58.529998779296875,58.529998779296875,58.573505052222146,57.337815363621864,58.477781956993,4013300,2022-01-03
59.07822036743164,59.07822036743164,59.7482819744619,58.521289666053,58.53869084584836,4659000,2022-01-04
59.8701057434082,59.8701057434082,60.35741841145905,59.260958269207485,59.29576726537357,5202500,2022-01-05
59.60033416748047,59.60033416748047,60.61847898765767,59.48720991596601,60.000627641074054,4417200,2022-01-06
60.117618560791016,60.117618560791016,60.79270044334861,59.35485797309034,59.6967835185209,4973100,2022-01-07
60.2929573059082,60.2929573059082,60.836534460975365,60.07377394016353,60.13514501501422,4442100,2022-01-10
60.08253860473633,60.08253860473633,60.56474464849224,59.09183227450009,60.459534232869586,2891700,2022-01-11
59.90719985961914,59.90719985961914,60.021172803172796,59.4074620471984,59.8458287840217,2919200,2022-01-12
60.40693664550781,60.40693664550781,60.792694818873905,59.67924626940029,59.94226898260278,3010100,2022-01-13
61.283660888671875,61.283660888671875,61.32749354165061,60.310486360688216,60.44199769751334,3466600,2022-01-14
60.72256088256836,60.72256088256836,61.09078732781428,60.06501079222404,60.86283475692353,3332500,2022-01-18
60.62611389160156,60.62611389160156,61.22229285093943,60.301720136583455,60.634883098208746,2611700,2022-01-19
60.0387077331543,60.0387077331543,60.76639139043965,59.994868386438654,60.58227817433527,3801600,2022-01-20
60.52091598510742,60.52091598510742,61.23983722972367,60.30173259724947,60.696266708761485,8034300,2022-01-21
60.10007858276367,60.10007858276367,61.134624285339406,58.96909166892659,60.47707422070937,4706900,2022-01-24
59.91595458984375,59.91595458984375,60.20527820388491,59.12689991728743,59.80198166110543,3968500,2022-01-25
59.442527770996094,59.442527770996094,60.20528155545493,59.13566572686959,59.61787177711546,3680400,2022-01-26
59.92472839355469,59.92472839355469,60.60857939633659,59.57403368498967,59.77568531632175,2608600,2022-01-27
60.8277702331543,60.8277702331543,60.84530864965914,59.37239604371597,59.84583295515621,3473700,2022-01-28
60.214054107666016,60.214054107666016,60.53844789484828,59.6441760227006,60.33679625655759,3856800,2022-01-31
59.837059020996094,59.837059020996094,60.4332380451001,59.258411723066246,60.249124820016654,3577700,2022-02-01
60.2929573059082,60.2929573059082,60.53844829425644,59.61787548255063,59.723085906128446,2898500,2022-02-02
60.538455963134766,60.538455963134766,61.01188620684432,60.196530404374336,60.47708488050972,3600900,2022-02-03
59.547733306884766,59.547733306884766,60.43323594924401,59.021694583611705,60.31926301070085,2823000,2022-02-04
59.74060821533203,59.74060821533203,59.90718968750228,59.17073021643674,59.837049416173286,3149600,2022-02-07
59.99486541748047,59.99486541748047,60.284189038017566,59.69677259024517,60.01239714193203,2466000,2022-02-08
59.76691818237305,59.76691818237305,60.31926454143021,59.62664430744828,60.108843695624884,2655200,2022-02-09
58.811275482177734,58.811275482177734,59.951024838516936,58.60962386594022,59.58279843211248,4477200,2022-02-10
59.670467376708984,59.670467376708984,60.08253310566871,58.82003498952731,58.93401460158941,4301500,2022-02-11
59.29348373413086,59.29348373413086,60.03871255447017,58.40798772208405,59.85459263463515,3001300,2022-02-14
58.741146087646484,58.741146087646484,59.59157867586316,58.565802058485616,59.34609435945958,2688500,2022-02-15
58.53071975708008,58.53071975708008,59.293473483334004,58.057282949951144,58.69729454349881,3060600,2022-02-16
59.43375015258789,59.43375015258789,59.67923440199064,58.4167363319832,58.62715713628053,3177000,2022-02-17
59.7493896484375,59.7493896484375,59.95103460859189,59.17951153292389,59.188280740870624,2942400,2022-02-18
59.03923416137695,59.03923416137695,60.126388581537114,58.67100767500634,59.68802180568271,3654300,2022-02-22
58.837581634521484,58.837581634521484,59.31978770161612,58.749909628398456,59.17950714066303,2849700,2022-02-23
57.4786376953125,57.4786376953125,58.758667615034355,56.505463117827944,58.618393753845076,4956500,2022-02-24
59.609107971191406,59.609107971191406,59.65294732116598,57.60138748116713,57.66275855776413,3892500,2022-02-25
59.118133544921875,59.118133544921875,59.34608610227131,58.45181428671701,58.732368707706684,6353700,2022-02-28
58.58332824707031,58.58332824707031,59.205808187368824,58.23263353295902,58.65346852768163,3474400,2022-03-01
59.14443588256836,59.14443588256836,59.40745858491152,58.022218171935236,58.3466119462991,3108200,2022-03-02
59.854591369628906,59.854591369628906,60.310496522244314,59.118138461636356,59.30225168863449,3754300,2022-03-03
59.72308349609375,59.72308349609375,60.21405207508696,58.85511258672975,59.02169407843611,4240400,2022-03-04
59.328556060791016,59.328556060791016,59.85459483826239,58.53073203089772,59.27595418972767,4374100,2022-03-07
55.90052032470703,55.90052032470703,59.36361793675219,55.865453530372974,59.056762583375956,6768800,2022-03-08
56.20738220214844,56.20738220214844,57.32959995166139,56.119710194645,56.531775987751104,3761200,2022-03-09
55.32188034057617,55.32188034057617,56.049570722358006,54.79584159901473,55.90929350164344,3560300,2022-03-10
54.59419631958008,54.59419631958008,55.900527382570246,54.53282524115627,55.30435166994937,3535500,2022-03-11
54.85721206665039,54.85721206665039,55.56736736992073,54.49775148351983,54.953653281912466,3156200,2022-03-14
55.479698181152344,55.479698181152344,55.66381476914011,55.02379633211141,55.37449109121154,3143200,2022-03-15
54.92734909057617,54.92734909057617,55.567364074068436,54.27856490014055,55.523528072769174,3631300,2022-03-16
55.42708206176758,55.42708206176758,55.6901013912512,54.69939179424161,54.89227419661663,3712800,2022-03-17
54.7169303894043,54.7169303894043,55.48845670416777,54.06814621334747,55.4533865661166,7789800,2022-03-18
55.07638931274414,55.07638931274414,55.53229106049529,54.45390943089005,55.00625238319061,4519300,2022-03-21
54.953651428222656,54.953651428222656,55.3920181413741,54.234730286212105,55.08516277995714,5658200,2022-03-22
56.31258773803711,56.31258773803711,58.1361880782814,55.96189304950922,57.250692183705915,7668400,2022-03-23
58.180030822753906,58.180030822753906,58.434284319571624,56.47916583180894,56.540536904217,5427200,2022-03-24
59.083065032958984,59.083065032958984,59.477592399013695,58.302772819067535,58.42551496357101,4047200,2022-03-25
58.61840057373047,58.61840057373047,59.118138386071095,58.197565563311514,59.04799810284368,2807400,2022-03-28
59.31978225708008,59.31978225708008,59.328544774626415,58.63592461861806,58.89894730179151,2568300,2022-03-29
59.56526565551758,59.56526565551758,59.58279737929837,58.741134169983894,59.2145709794004,2966300,2022-03-30
59.37238311767578,59.37238311767578,59.977331265414136,59.354844704989254,59.49512525070319,3027300,2022-03-31
60.36310577392578,60.36310577392578,60.40694512859781,59.14444663024289,59.547743275229294,2380600,2022-04-01
60.047462463378906,60.047462463378906,60.24911406759406,59.275939559441944,60.170204591529235,2542000,2022-04-04
60.63489532470703,60.63489532470703,61.28367627661949,59.91596739473733,59.924736603112756,3335800,2022-04-05
61.134620666503906,61.134620666503906,61.42393759421682,60.4156995726224,60.713785706915935,3944800,2022-04-06
61.60271453857422,61.60271453857422,61.73519484221678,60.940319758589546,61.267103609144115,3256100,2022-04-07
61.973655700683594,61.973655700683594,62.203287784090435,61.24943765753432,61.77052506931581,4041000,2022-04-08
62.273948669433594,62.273948669433594,62.67138287744983,61.76169504355095,62.40642898484859,3154600,2022-04-11
62.20328140258789,62.20328140258789,62.64487788940501,61.64687225496028,62.07080110889723,3677300,2022-04-12
62.42408752441406,62.42408752441406,62.48591077084194,61.67337474972456,62.02665333141035,3104600,2022-04-13
62.63606262207031,62.63606262207031,62.91868418779999,62.30928543751922,62.70671969806014,6956500,2022-04-14
62.56538009643555,62.56538009643555,62.97165474900239,62.32692098475465,62.66253185184585,2860700,2022-04-18
63.34260940551758,63.34260940551758,63.413266469794934,62.54773427796862,62.61839134224598,3297400,2022-04-19
64.3229751586914,64.3229751586914,64.41129314860055,63.40445323952873,63.40445323952873,2944800,2022-04-20
64.64089965820312,64.64089965820312,65.17964794252987,64.1286460865108,64.3494443427684,2728600,2022-04-21
64.031494140625,64.031494140625,64.84403010426924,63.987331794202326,64.68505509066685,3399800,2022-04-22
63.76653289794922,63.76653289794922,64.36710441683296,63.077643425335395,64.03149349736744,3814300,2022-04-25
62.73319625854492,62.73319625854492,64.16397131116021,62.71553536377432,63.89017690550827,3812200,2022-04-26
63.02466583251953,63.02466583251953,63.854869577540065,62.954008760979654,63.23663030890995,5876100,2022-04-27
63.828369140625,63.828369140625,63.84603677790652,63.10415099135708,63.47509725374646,3216300,2022-04-28
62.46823501586914,62.46823501586914,63.740028173921665,62.38874415323823,63.56339229420592,2771500,2022-04-29
61.36425018310547,61.36425018310547,63.757702310061525,60.869657540629426,63.72237378286841,4443300,2022-05-02
61.514404296875,61.514404296875,62.176799159932024,60.92266650305235,61.284772190977776,3703500,2022-05-03
62.53889846801758,62.53889846801758,62.58306081634114,61.44374095952209,61.54972655256164,3012500,2022-05-04
62.48591613769531,62.48591613769531,62.90101800146167,62.14147134398048,62.512410854407364,3169600,2022-05-05
63.05998992919922,63.05998992919922,63.157141711170276,62.238620060498576,62.238620060498576,2759600,2022-05-06
64.91468048095703,64.91468048095703,65.12664489786467,62.66253580979616,62.8391784390753,6105900,2022-05-09
63.36027145385742,63.36027145385742,65.34745593972671,63.15714081315438,64.65856639607529,3472300,2022-05-10
63.413265228271484,63.413265228271484,64.12864945994528,62.839188384157325,63.05998665202982,2656600,2022-05-11
63.775352478027344,63.775352478027344,64.349429156462,63.14828638682922,63.71352925039447,3218200,2022-05-12
64.56140899658203,64.56140899658203,64.60557134327149,63.54573566677689,63.92550893833088,3366700,2022-05-13
64.87935638427734,64.87935638427734,65.02067049734787,64.33177430347075,64.56140636809646,3379000,2022-05-16
64.39358520507812,64.39358520507812,64.62321046344981,62.53004800495519,64.57022105586032,4173700,2022-05-17
59.67735290527344,59.67735290527344,64.16397512520084,59.297579631968006,64.05798953559417,5645600,2022-05-18
58.40555953979492,58.40555953979492,58.917813174813844,57.45171607589798,58.5557074936652,4364700,2022-05-19
59.182769775390625,59.182769775390625,59.377073329786995,57.85798016439182,58.81182356325736,4804100,2022-05-20
59.597869873046875,59.597869873046875,60.51638471377587,59.46538956813636,59.85398992745148,3504800,2022-05-23
61.063968658447266,61.063968658447266,61.10813100748285,59.78334139515629,59.82749700596346,2345800,2022-05-24
61.169944763183594,61.169944763183594,61.39074299764967,60.684185952067295,61.05512536879572,2876500,2022-05-25
61.346588134765625,61.346588134765625,62.02665055324081,60.90499161199458,61.10812897728967,2635900,2022-05-26
61.72636795043945,61.72636795043945,61.76169648458966,61.05513927804329,61.29360519899998,2667700,2022-05-27
61.691009521484375,61.691009521484375,62.01779325034622,60.631180963475344,61.417221937280935,5974000,2022-05-31
61.04631423950195,61.04631423950195,61.74403765128467,60.083630181847106,61.64688586368017,3431100,2022-06-01
60.6577033996582,60.6577033996582,61.16995702346494,59.41239787332411,61.01098199325694,3350400,2022-06-02
60.40157699584961,60.40157699584961,60.97565387204764,59.88049628889812,60.64004291188712,2410600,2022-06-03
60.7371826171875,60.7371826171875,60.88733055558774,60.163112529679225,60.684193190827514,2154000,2022-06-06
61.081642150878906,61.081642150878906,61.18762101756187,60.057134851416556,60.11895810305797,2630600,2022-06-07
60.85200500488281,60.85200500488281,61.28476773054525,60.51638731956098,61.055135641361126,2630100,2022-06-08
59.99530792236328,59.99530792236328,61.37308701062329,59.959979389558065,61.028642238558284,3121100,2022-06-09
60.392738342285156,60.392738342285156,60.7813454405764,59.36823790801036,59.421227334785264,3362300,2022-06-10
59.2269172668457,59.2269172668457,60.19843490564401,58.9796243181434,59.739170796716174,3834400,2022-06-13
58.68816375732422,58.68816375732422,59.59785807727217,58.14058848813974,59.32406370445305,3042200,2022-06-14
58.59101104736328,58.59101104736328,59.31523566063445,58.14941461774531,58.73232513918988,2869500,2022-06-15
58.95313262939453,58.95313262939453,59.2710826478023,57.35455545889779,58.22008082371952,3859000,2022-06-16
58.493873596191406,58.493873596191406,59.43888980825021,58.0169485819429,58.99729332152689,5405700,2022-06-17
59.92464828491211,59.92464828491211,60.304421573483246,58.74117280875873,59.45655703723269,3915200,2022-06-21
59.96879959106445,59.96879959106445,60.44572456830334,59.47420698232016,59.88930872574441,4137500,2022-06-22
60.92266845703125,60.92266845703125,61.08164349879292,60.04830235822747,60.29559537025024,3461400,2022-06-23
62.37992858886719,62.37992858886719,62.477080372603524,60.78135117358011,61.16112449048702,4449000,2022-06-24
62.74203872680664,62.74203872680664,62.80386197437034,62.02665447096551,62.326936891066715,2875600,2022-06-27
62.05314636230469,62.05314636230469,63.33377360566439,61.8941713417706,62.8303538303445,3694900,2022-06-28
65.99220275878906,65.99220275878906,66.23949579831933,63.14831932773109,63.17481404793362,10605400,2022-06-29
66.63690948486328,66.63690948486328,66.89303626471961,65.26796437101751,65.35628232380952,8255000,2022-06-30
66.93720245361328,66.93720245361328,67.08734365580325,66.0805041120626,66.96369716714936,5353500,2022-07-01
66.37195587158203,66.37195587158203,67.20215271676604,65.40044491082668,66.78705766328798,6006800,2022-07-05
67.31697082519531,67.31697082519531,67.76740113712883,66.68107079381336,66.68990461042361,5939900,2022-07-06
67.16575622558594,67.16575622558594,67.77061297884573,66.8989050632069,67.34365247630065,4474200,2022-07-07
67.19244384765625,67.19244384765625,68.10862248549412,67.1657600871456,67.36145004596678,2939100,2022-07-08
67.38814544677734,67.38814544677734,67.91294425762408,67.23692613391724,67.4148292118972,2232800,2022-07-11
67.53044128417969,67.53044128417969,68.30430417685774,67.30806759176367,67.43259631661212,2371400,2022-07-12
67.98407745361328,67.98407745361328,68.43772163250323,67.3258533022965,67.34364020960528,3462200,2022-07-13
66.44527435302734,66.44527435302734,67.39703373970458,66.08058492879262,66.84555117823133,4554700,2022-07-14
66.64096069335938,66.64096069335938,67.13018563528699,66.40969689018266,66.94339250827136,3177100,2022-07-15
65.77813720703125,65.77813720703125,66.68542569593616,65.7158728429932,66.29404581552176,2671700,2022-07-18
66.15174102783203,66.15174102783203,66.62317225948847,65.94715420597525,66.06278610492433,3019900,2022-07-19
65.28893280029297,65.28893280029297,66.3741177602235,64.97761091497883,66.2051115426352,3585400,2022-07-20
65.02206420898438,65.02206420898438,65.47570842705417,64.63958119890715,65.01316736140872,3215500,2022-07-21
65.49349975585938,65.49349975585938,65.609138423228,64.79969489687468,65.13770726449773,2521500,2022-07-22
66.04499816894531,66.04499816894531,66.29405566208968,65.04876141006014,65.4045607372554,2436200,2022-07-25
66.18731689453125,66.18731689453125,66.29405193627578,64.60401031681168,65.10213206141302,2954900,2022-07-26
65.66251373291016,65.66251373291016,66.0360999649635,64.1859557168532,66.0360999649635,3515500,2022-07-27
66.35631561279297,66.35631561279297,66.57868932918055,65.4401369870853,65.69809131245177,3087500,2022-07-28
66.52531433105469,66.52531433105469,66.61426245035001,65.72476768478379,65.95603822399683,6688100,2022-07-29
67.33474731445312,67.33474731445312,67.72612716127253,66.54309755979106,66.55199440712045,3769900,2022-08-01
67.31695556640625,67.31695556640625,67.82396724683198,66.81884073267027,67.60159358372762,5521500,2022-08-02
67.24581909179688,67.24581909179688,67.42372215947874,66.7832846884403,67.10350342395952,4030900,2022-08-03
67.17464447021484,67.17464447021484,67.81508181355116,66.93448385961712,66.93448385961712,2622600,2022-08-04
67.75283813476562,67.75283813476562,67.77063183657252,66.72991744275262,67.4237293007355,2266000,2022-08-05
67.92182922363281,67.92182922363281,68.36657666130128,67.79730048399023,67.93072607255223,2382000,2022-08-08
68.51778411865234,68.51778411865234,69.12264086081777,68.04635295522914,68.08193356198085,2758500,2022-08-09
69.00701141357422,69.00701141357422,69.14043699702445,68.6423152712307,68.91806328670975,2681100,2022-08-10
68.45552062988281,68.45552062988281,69.59407291528767,68.4288368710541,69.10485483537833,2762600,2022-08-11
68.49110412597656,68.49110412597656,68.74016160062551,68.09972421649553,68.67789723196327,2409400,2022-08-12
68.17089080810547,68.17089080810547,68.67790264612701,67.81509147928332,68.36658077827303,5688300,2022-08-15
68.88248443603516,68.88248443603516,69.25607065018112,67.92182835425362,68.01077648338733,6201300,2022-08-16
68.61563873291016,68.61563873291016,69.30944369629893,68.58005812115844,68.90917369013088,2387800,2022-08-17
68.93585968017578,68.93585968017578,68.98033714287975,68.07304847965978,68.58895718727051,2575600,2022-08-18
69.35389709472656,69.35389709472656,69.70079945606065,68.88246602862154,69.12262659173535,2646200,2022-08-19
68.93585968017578,68.93585968017578,69.31834278598262,68.61564095036968,69.06928528197966,1742700,2022-08-22
69.26496124267578,69.26496124267578,69.38059312147452,68.6245239126685,68.9625294873694,2400400,2022-08-23
69.78087615966797,69.78087615966797,69.86093423410165,69.09596803368517,69.41618675880406,2488400,2022-08-24
69.29164123535156,69.29164123535156,69.69191115170378,68.63341703141222,69.58517612670653,3132500,2022-08-25
67.88624572753906,67.88624572753906,69.51402290890152,67.78840075250807,69.30054604806438,3846900,2022-08-26
68.68677520751953,68.68677520751953,69.10483876208265,67.40590079120791,67.61048753848755,2704100,2022-08-29
68.47330474853516,68.47330474853516,68.98031645428037,68.25093107432575,68.68678157561051,2475600,2022-08-30
68.31321716308594,68.31321716308594,69.25607967005426,68.21537217240339,68.7401709530569,4307200,2022-08-31
68.63343048095703,68.63343048095703,68.81132674835087,67.37923940101544,68.03746373394173,2695100,2022-09-01
68.2420425415039,68.2420425415039,69.73639408570862,67.98408823363626,69.05147928536528,3946500,2022-09-02
66.97895812988281,66.97895812988281,68.44661905456068,66.82773886311844,68.18867154615904,5333600,2022-09-06
67.85066986083984,67.85066986083984,67.9485148427079,66.60537564404362,67.08570370422106,4348600,2022-09-07
67.27247619628906,67.27247619628906,67.77948786222194,66.44524592173485,67.47706294647148,3620300,2022-09-08
67.52155303955078,67.52155303955078,68.01966795234824,66.75658697415084,67.47707558534813,2436100,2022-09-09
67.73503875732422,67.73503875732422,67.98409624632811,67.39702634826958,67.63719377431447,2513900,2022-09-12
66.1339340209961,66.1339340209961,67.62828548862149,65.87597972634752,67.33475058923108,3344800,2022-09-13
66.19619750976562,66.19619750976562,66.65873857900351,65.90266261424615,65.9115594618909,3604500,2022-09-14
66.77438354492188,66.77438354492188,66.89001544174891,65.62693428080976,66.36521669502501,4664700,2022-09-15
66.93447875976562,66.93447875976562,67.61049665803665,66.46304763636962,66.9166918510534,6718600,2022-09-16
67.45039367675781,67.45039367675781,67.52155489091052,66.83664008072776,66.9878525710721,2907400,2022-09-19
67.0768051147461,67.0768051147461,67.40591384255092,66.6231608734155,67.11237893426014,4802900,2022-09-20
70.91053009033203,70.91053009033203,72.08466301363602,68.5266836355867,69.36281096104656,14038700,2022-09-21
71.8533935546875,71.8533935546875,72.26256037507473,70.1722488157087,71.32859484581275,7096800,2022-09-22
70.42131042480469,70.42131042480469,71.63992089507411,69.64745419602487,71.23964411362574,4795400,2022-09-23
69.9676742553711,69.9676742553711,70.71484673705186,69.47844933071745,70.26120242385554,3561300,2022-09-26
69.35389709472656,69.35389709472656,71.27520195855341,69.22936838995562,70.2700754739579,4108400,2022-09-27
70.08330535888672,70.08330535888672,70.32346600061821,68.9358561010415,69.77198349504677,3953700,2022-09-28
69.12264251708984,69.12264251708984,70.34125287888489,68.9981137836284,70.23451105607207,3515500,2022-09-29
68.14421081542969,68.14421081542969,69.29166015154044,68.01078521145251,68.93586080303734,4101000,2022-09-30
69.80757141113281,69.80757141113281,70.02104831348989,68.07305206884504,68.54448333860825,4069100,2022-10-03
69.82534790039062,69.82534790039062,70.78600399703333,69.22049111209418,69.91429603090035,4093500,2022-10-04
69.10486602783203,69.10486602783203,69.8164579283084,68.62453793219878,69.72750978903736,2795200,2022-10-05
67.15218353271484,67.15218353271484,69.14963691319471,66.8476349340591,68.96153638188092,5449200,2022-10-06
67.4925537109375,67.4925537109375,67.79710230401818,66.65953318247894,67.23279388660025,3755700,2022-10-07
68.44203186035156,68.44203186035156,68.74657366214514,67.68066368825241,67.84189371091007,3245800,2022-10-10
69.31982421875,69.31982421875,69.81247333579765,68.46889228982036,68.46889228982036,3173100,2022-10-11
69.29296875,69.29296875,70.07224838619038,69.26609821665,69.80352938507423,3045600,2022-10-12
70.6007080078125,70.6007080078125,70.87837924864161,68.71073671163754,68.89883724579342,3396400,2022-10-13
69.60646057128906,69.60646057128906,71.0127419140018,69.41836002868754,70.83360049261194,2928700,2022-10-14
69.33775329589844,69.33775329589844,70.33199713820238,68.83614498001923,70.00058480203695,3490400,2022-10-17
70.1080551147461,70.1080551147461,70.27824423197312,69.49001248814415,69.66019477156466,2655100,2022-10-18
69.982666015625,69.982666015625,70.67237488193219,69.55272384398589,70.21555534498397,2282900,2022-10-19
68.6749038696289,68.6749038696289,70.00953262210105,68.57637404672676,69.74081368076673,3002800,2022-10-20
69.00631713867188,69.00631713867188,69.54374814199335,68.37930860662517,68.61219788046,2907100,2022-10-21
69.52584838867188,69.52584838867188,70.23346861459727,69.09589941367409,69.57063032673372,3219100,2022-10-24
70.13492584228516,70.13492584228516,70.35885599269628,68.94361580198459,69.34668733920226,3389700,2022-10-25
70.18867492675781,70.18867492675781,70.94107703804728,69.65124387100725,70.4484347510287,3082000,2022-10-26
71.54121398925781,71.54121398925781,71.99802662093707,70.35886295149957,70.58279312405838,4727900,2022-10-27
73.0639419555664,73.0639419555664,73.17143090669526,71.62183098850437,71.64870151783482,2693800,2022-10-28
73.0728988647461,73.0728988647461,73.53867063792512,72.48171990214253,72.49067902291718,4106500,2022-10-31
71.91741943359375,71.91741943359375,73.18934125133563,71.77410083417142,72.82209929947808,8683500,2022-11-01
71.48747253417969,71.48747253417969,72.5085936662364,70.45739911475569,71.83680308810398,4252700,2022-11-02
70.68132781982422,70.68132781982422,71.37102979198208,70.41260886070417,71.03961065357494,3164800,2022-11-03
70.81568908691406,70.81568908691406,71.63975747276378,70.14389844113492,71.01274876975187,2856500,2022-11-04
70.93212890625,70.93212890625,71.44268946419051,70.57383923682698,70.66340994573098,2178400,2022-11-07
71.26354217529297,71.26354217529297,71.85472116289839,70.75298161045517,70.79777038241575,2869400,2022-11-08
71.96219635009766,71.96219635009766,72.52650475369528,71.3620651329506,71.39789478030652,3667700,2022-11-09
71.28144836425781,71.28144836425781,72.7862592746616,69.68706675888595,72.55337000069986,6696300,2022-11-10
69.19441986083984,69.19441986083984,70.76193099037343,67.86875029870242,70.76193099037343,6176900,2022-11-11
68.94361877441406,68.94361877441406,70.69923040927183,68.91674824861516,69.4183496203442,3980300,2022-11-14
69.36460876464844,69.36460876464844,69.55270927957807,68.53158829349941,69.16754912982516,3278100,2022-11-15
70.81568908691406,70.81568908691406,71.56809816376679,69.81248609618756,69.8572680389548,3954300,2022-11-16
71.45164489746094,71.45164489746094,71.4695631403149,70.50218304042075,70.57384234422194,2493500,2022-11-17
72.58025360107422,72.58025360107422,72.96541380924852,71.82785142723077,72.04282250064215,2981100,2022-11-18
73.43119049072266,73.43119049072266,73.49389067021094,72.26675077587511,73.00124152151228,3096600,2022-11-21
73.60136413574219,73.60136413574219,74.21941357076926,73.36848168719229,73.67302342782195,2718000,2022-11-22
74.14775848388672,74.14775848388672,74.31794760377666,73.80738707791343,73.81634619838307,2379300,2022-11-23
74.31794738769531,74.31794738769531,74.8822489671224,74.0223579173164,74.5687480896629,1319900,2022-11-25
74.28211975097656,74.28211975097656,75.05244011862355,74.17463080416299,74.34481992816612,2930900,2022-11-28
74.20149993896484,74.20149993896484,74.70310818086823,73.8342580034102,74.00444712421731,2936100,2022-11-29
76.40498352050781,76.40498352050781,76.69161389020167,73.84322160157843,74.15672250064873,15812000,2022-11-30
76.51245880126953,76.51245880126953,77.6858575383798,75.67943829599868,76.35122880561045,3802900,2022-12-01
77.49774932861328,77.49774932861328,77.5514972157788,76.44975778527187,76.44975778527187,3125800,2022-12-02
77.30068969726562,77.30068969726562,77.55149036920835,76.50349891838803,76.72742906602343,3119000,2022-12-05
76.47662353515625,76.47662353515625,77.63210394685001,75.97502217831776,76.78117209738386,3194800,2022-12-06
78.124755859375,78.124755859375,78.19641515118853,76.78117488999929,76.9155343536981,4279600,2022-12-07
78.42034912109375,78.42034912109375,78.62636105280448,77.70376983577151,78.01727071042255,2912800,2022-12-08
76.88866424560547,76.88866424560547,78.45617552438235,76.83492318857988,78.23224534169994,3100900,2022-12-09
77.78439331054688,77.78439331054688,77.90084139165495,76.78119035827784,77.1484323436456,3372200,2022-12-12
77.90084075927734,77.90084075927734,78.42036047466082,77.39923928721468,77.86501110644322,3818600,2022-12-13
78.22329711914062,78.22329711914062,79.12797018384258,78.08893763578861,78.09789675702734,4062800,2022-12-14
77.88290405273438,77.88290405273438,78.29494154574381,76.68264171946397,77.93665193614764,4681400,2022-12-15
77.86499786376953,77.86499786376953,78.06205750393907,76.80804720324723,77.35443735687863,8126400,2022-12-16
78.0351791381836,78.0351791381836,78.75175149958993,77.50670044410845,77.83811951781,4570400,2022-12-19
74.46125793457031,74.46125793457031,75.73318649841279,73.84321531014803,74.95390704385505,8326500,2022-12-20
76.45870971679688,76.45870971679688,76.63785110035539,74.5239499720973,75.14199936284396,4221800,2022-12-21
76.28852081298828,76.28852081298828,76.57515112769514,75.6167303722248,76.46766903080866,2735800,2022-12-22
76.50350952148438,76.50350952148438,76.60203251299755,76.01981951549759,76.27062022220035,1477500,2022-12-23
76.97823333740234,76.97823333740234,77.10363367923732,76.30644286308377,76.64681424323499,2017400,2022-12-27
75.92127990722656,75.92127990722656,77.53357288562131,75.8406614997136,77.30069045015244,1707300,2022-12-28
75.58091735839844,75.58091735839844,76.35123778000192,75.45551699523575,76.23479653815293,2473100,2022-12-29
75.10618591308594,75.10618591308594,75.86754720807608,74.60458446392673,75.67944666464138,2477000,2022-12-30
74.5418701171875,74.5418701171875,75.01660094618425,74.0044391189611,74.84641184378697,3036500,2023-01-03
75.14202880859375,75.14202880859375,75.62571893431128,74.21047821467204,74.21047821467204,3445900,2023-01-04
75.60778045654297,75.60778045654297,76.04668164479978,74.99869016447381,75.37489118297965,2934100,2023-01-05
76.99617004394531,76.99617004394531,77.22905939836838,76.14523789704982,76.14523789704982,2290900,2023-01-06
76.32913970947266,76.32913970947266,77.40178805946516,76.32913970947266,76.83391216734726,3010700,2023-01-09
75.76126861572266,75.76126861572266,76.84292581777937,75.68014054321357,76.74377310527316,2470100,2023-01-10
75.67110443115234,75.67110443115234,76.34714171985355,75.29252519996133,76.00461863596743,3113000,2023-01-11
74.39114379882812,74.39114379882812,75.65308147446956,74.23791032713781,75.65308147446956,3928400,2023-01-12
74.37312316894531,74.37312316894531,74.78775857897234,74.20185817547487,74.20185817547487,3442800,2023-01-13
73.78721618652344,73.78721618652344,74.805776545752,73.68806350198713,74.27396385324528,3880300,2023-01-17
70.67745971679688,70.67745971679688,73.41765858154726,70.38901049207786,73.39963394350633,6451600,2023-01-18
69.81212615966797,69.81212615966797,70.89379012696467,69.66790842356657,70.77660590956123,3865500,2023-01-19
69.82113647460938,69.82113647460938,70.08253840773766,69.10904297615802,69.8121207177408,3961800,2023-01-20
69.76705932617188,69.76705932617188,70.27183170501813,69.40650467970688,69.82114011618886,2750000,2023-01-23
69.41552734375,69.41552734375,70.3078948528585,68.72145837677006,69.72199435368296,3959400,2023-01-24
70.19070434570312,70.19070434570312,70.2087289817873,69.05495971619636,69.33438627604838,3287800,2023-01-25
69.22622680664062,69.22622680664062,69.92028878756716,69.10904259901132,69.92028878756716,3376000,2023-01-26
70.20873260498047,70.20873260498047,70.55125572431426,69.13608446192414,70.03746760680976,4273400,2023-01-27
70.4971694946289,70.4971694946289,71.01095757247441,70.28985523843195,70.45210446706774,3117600,2023-01-30
70.63240051269531,70.63240051269531,70.76760939185394,69.703976753887,70.68648131355505,4144900,2023-01-31
70.29887390136719,70.29887390136719,70.50619506342453,69.56875570939773,70.262817748096,4141600,2023-02-01
68.41499328613281,68.41499328613281,69.40651353262571,67.79303661357427,69.22623962490292,7882500,2023-02-02
68.03641510009766,68.03641510009766,68.99187920574346,67.30628994439785,68.9648388068303,5555700,2023-02-03
69.5687484741211,69.5687484741211,69.59578886701021,67.86513495203256,68.09949648541725,4531400,2023-02-06
68.7845458984375,68.7845458984375,69.05496359393621,67.98231544600107,68.86567395789018,3276700,2023-02-07
68.27075958251953,68.27075958251953,68.82961962538008,68.153582245778,68.69441077405808,2415500,2023-02-08
67.80204010009766,67.80204010009766,68.80257592398534,67.66683125527356,68.61328629203464,3308700,2023-02-09
68.58623504638672,68.58623504638672,68.67637885571662,67.79302041413625,68.18061541243063,2466700,2023-02-10
69.04595184326172,69.04595184326172,69.10003951170448,68.3338582890032,68.65835679162754,2425700,2023-02-13
67.91921997070312,67.91921997070312,69.06398043907437,67.81105839240573,69.03693316749224,2863500,2023-02-14
67.70288848876953,67.70288848876953,67.9733061827437,67.09896343283587,67.8651377297525,2264100,2023-02-15
67.70288848876953,67.70288848876953,67.78400967075721,66.91868267785054,67.22515652282178,2649700,2023-02-16
69.19918823242188,69.19918823242188,69.38848476437998,67.57670252842043,67.87416064777362,3978700,2023-02-17
72.25486755371094,72.25486755371094,73.3635648382019,71.0199703171818,73.18329098158758,7926300,2023-02-21
72.36302947998047,72.36302947998047,73.5258144288958,72.056562546797,72.53429445852821,4089900,2023-02-22
72.38107299804688,72.38107299804688,72.88584538443367,72.07459913702061,72.36304148309992,2991900,2023-02-23
72.68753051757812,72.68753051757812,72.76865857025992,72.16472668431756,72.38106357346426,2786500,2023-02-24
72.99401092529297,72.99401092529297,73.35455868572389,72.78668977373825,72.89485822807215,2672700,2023-02-27
71.6689682006836,71.6689682006836,72.96695511576871,71.64192780951616,72.7866812566479,3862900,2023-02-28
71.07406616210938,71.07406616210938,71.60588584274635,70.33493219012873,71.24533117609542,3584600,2023-03-01
71.1642074584961,71.1642074584961,71.59687446031992,70.77661237163615,71.20026361506547,2374500,2023-03-02
71.75010681152344,71.75010681152344,71.78616296751166,70.00142794665014,70.76760234962639,2540000,2023-03-03
71.30842590332031,71.30842590332031,71.57884361564481,70.92984660767247,71.57884361564481,2676900,2023-03-06
71.24533081054688,71.24533081054688,71.52475740918871,70.56027763512586,71.3985643080596,2287800,2023-03-07
71.36250305175781,71.36250305175781,71.67798578202488,70.97490801828464,71.53376805262039,2017000,2023-03-08
70.88478088378906,70.88478088378906,71.93038879390102,70.60535426646994,71.76813952774602,2251300,2023-03-09
70.77659606933594,70.77659606933594,71.59685796908501,70.50618527286362,70.97490144628658,2663900,2023-03-10
71.92135620117188,71.92135620117188,73.11118158214158,70.65040276760962,70.77659584763617,3946800,2023-03-13
72.25486755371094,72.25486755371094,72.31796409122663,71.52474261730731,71.97543413584991,2983100,2023-03-14
72.96697235107422,72.96697235107422,73.07514081830101,71.6509536130201,72.11967676066097,3315700,2023-03-15
72.53430938720703,72.53430938720703,73.22837144621096,71.89432812118805,73.12921874106635,2402000,2023-03-16
71.92135620117188,71.92135620117188,73.07512543399012,71.38953661219675,72.73260234206192,8367800,2023-03-17
72.6965560913086,72.6965560913086,73.15626344656845,71.98446254163407,72.1106556388414,2849900,2023-03-20
72.78668212890625,72.78668212890625,73.00301213784508,72.19176600806577,72.9759717463536,2601400,2023-03-21
71.99347686767578,71.99347686767578,73.43568857637493,71.90333304831319,72.91288468290652,3516800,2023-03-22
74.04864501953125,74.04864501953125,75.10326190908104,73.01205277144832,73.01205277144832,6082900,2023-03-23
76.43730926513672,76.43730926513672,76.47335854663022,74.01258590265942,74.67960764243423,5328800,2023-03-24
76.5093994140625,76.5093994140625,77.79837759562717,76.34715017173241,76.61756786795179,4580900,2023-03-27
76.41024017333984,76.41024017333984,77.65415321700881,76.18489440479195,76.66263321079946,2806000,2023-03-28
76.64461517333984,76.64461517333984,77.01418559969724,76.30209202064944,76.4553255197208,2567300,2023-03-29
76.58150482177734,76.58150482177734,76.63558560534908,75.96856405893844,76.58150482177734,3209900,2023-03-30
77.0322036743164,77.0322036743164,77.10431597726684,76.4823593990829,76.84291403682732,3069900,2023-03-31
77.44684600830078,77.44684600830078,78.06880264195742,76.72574354550407,77.05925094163203,3380400,2023-04-03
77.5820541381836,77.5820541381836,77.96964920120053,77.03220981908962,77.64515068904643,4849100,2023-04-04
78.47441864013672,78.47441864013672,78.70878019605277,77.76232509189764,77.96063049482599,4624700,2023-04-05
78.819091796875,78.819091796875,79.05491609932717,78.40186844326284,78.67396702000282,3556200,2023-04-06
78.32022857666016,78.32022857666016,78.6830335736659,77.65811585805972,78.58326202649107,2390500,2023-04-10
78.96419525146484,78.96419525146484,79.4086346096265,78.51976281323215,78.65581553675247,2812700,2023-04-11
78.9188461303711,78.9188461303711,79.1002451419486,78.19323624420362,78.61953153333236,2492800,2023-04-12
78.86443328857422,78.86443328857422,79.00048602860943,78.39279163237262,78.65582508445941,2083400,2023-04-13
78.51070404052734,78.51070404052734,79.13654252241753,78.27488666120566,78.92792738847741,3491400,2023-04-14
78.99141693115234,78.99141693115234,79.21816919964677,78.55605645080388,78.9551426577317,1672900,2023-04-17
79.34515380859375,79.34515380859375,79.37236297258599,78.6558250010945,78.98234880886099,1902200,2023-04-18
79.02769470214844,79.02769470214844,79.74423266995221,78.7555961436966,79.68074231432047,2198600,2023-04-19
79.42678833007812,79.42678833007812,79.45399749647846,78.99142090788153,79.29073557814604,1833300,2023-04-20
79.31795501708984,79.31795501708984,80.03449314479663,79.16376510756507,79.81681286547158,1749500,2023-04-21
79.47212982177734,79.47212982177734,79.79865361023836,79.16374316826222,79.33607708993036,2123900,2023-04-24
80.27029418945312,80.27029418945312,80.61495510835759,79.61724662106211,79.64445578309018,2473300,2023-04-25
79.70795440673828,79.70795440673828,80.04355025308182,79.46306500314112,79.67167321362574,2259200,2023-04-26
80.53333282470703,80.53333282470703,80.55146996058762,79.45398986167272,79.59911462843655,2203100,2023-04-27
80.3882064819336,80.3882064819336,81.077535270688,80.07982673850086,80.53333124585225,2383500,2023-04-28
81.05940246582031,81.05940246582031,81.42220055514049,80.5696167413221,80.66938829186414,2146200,2023-05-01
80.72379302978516,80.72379302978516,81.08659797794974,79.94376481320641,81.07752595126519,3320200,2023-05-02
80.56961059570312,80.56961059570312,81.43126637200888,80.45169499773134,81.00497103765127,3693500,2023-05-03
81.08660888671875,81.08660888671875,81.13195518638435,80.08890033498875,80.64217639838925,2123000,2023-05-04
81.45848083496094,81.45848083496094,81.58546154878562,80.68752452390251,80.8054332096169,2541500,2023-05-05
81.51290893554688,81.51290893554688,81.97547858640769,80.85078925892725,81.11382272388956,2229200,2023-05-08
81.25894165039062,81.25894165039062,81.93919847290394,81.22266737606185,81.65802786730944,2191700,2023-05-09
81.24079895019531,81.24079895019531,81.57639478416323,80.5061238465661,81.22266181427288,2470800,2023-05-10
81.86663818359375,81.86663818359375,81.93012853982582,80.73287687949983,81.29521805757533,1822600,2023-05-11
82.1841049194336,82.1841049194336,82.2203861181581,81.60361957970353,81.67618197715257,2145000,2023-05-12
81.89385223388672,81.89385223388672,82.43805630833567,81.19545135373419,82.29293845111674,2629700,2023-05-15
81.86663818359375,81.86663818359375,82.1568808006446,80.93241997620913,81.7215134151034,2191200,2023-05-16
81.49476623535156,81.49476623535156,81.9936240082278,80.41543011211158,81.86664328784663,2772700,2023-05-17
80.27029418945312,80.27029418945312,80.9777600819003,79.85307089185427,80.9777600819003,3395500,2023-05-18
79.48118591308594,79.48118591308594,80.3247044509348,78.88256364876695,80.04353391162805,4147400,2023-05-19
77.73067474365234,77.73067474365234,79.49934658694839,77.30438629232751,79.49934658694839,3156200,2023-05-22
77.5220718383789,77.5220718383789,77.83952365149023,76.53342828334021,77.82138651356837,3018200,2023-05-23
77.15924835205078,77.15924835205078,77.83950504032674,76.78737829415627,77.7306614790282,2287000,2023-05-24
76.6513442993164,76.6513442993164,76.95065205613619,75.86224385695563,76.56970987841605,2490200,2023-05-25
76.35202026367188,76.35202026367188,77.01413989896623,75.8713065859587,76.5152821655301,2364000,2023-05-26
75.5266342163086,75.5266342163086,76.06177310930418,74.6559064317051,75.59919659500788,4495800,2023-05-30
76.33389282226562,76.33389282226562,76.46087354873413,75.363386395794,75.56292951451037,8562500,2023-05-31
76.0889892578125,76.0889892578125,77.07763272856174,76.02549890060328,76.42458510016407,2608800,2023-06-01
76.723876953125,76.723876953125,76.74202100567584,75.46313517805372,75.85314926875459,3403500,2023-06-02
77.31344604492188,77.31344604492188,77.85765006672551,76.687614533816,76.687614533816,2552800,2023-06-05
75.98922729492188,75.98922729492188,77.80324563825228,75.40874197865061,77.48579381215562,2754800,2023-06-06
73.9212417602539,73.9212417602539,74.51987108871329,72.65142763437392,73.71262662217343,5185400,2023-06-07
74.96428680419922,74.96428680419922,74.99149596395081,73.69447296300478,73.82145365513135,2877400,2023-06-08
74.64685821533203,74.64685821533203,75.12757197311393,74.46545222753545,74.73755774926488,2708800,2023-06-09
73.9937973022461,73.9937973022461,74.95522464633822,73.567501956868,74.87359715633627,3854900,2023-06-12
73.22284698486328,73.22284698486328,73.50401758878648,72.61514563454993,73.3498277040499,5473500,2023-06-13
73.1502685546875,73.1502685546875,73.57656384129618,72.8418819329143,73.21375890035718,3623500,2023-06-14
73.20469665527344,73.20469665527344,73.85774425223642,73.03236272831666,73.35888652679814,3518700,2023-06-15
73.20469665527344,73.20469665527344,73.9847249605426,73.00515356509813,73.10492511018579,5349000,2023-06-16
73.14119720458984,73.14119720458984,74.00285289235092,73.13212517800208,73.46772096246175,3486600,2023-06-20
73.81239318847656,73.81239318847656,73.82146521645745,72.80561260042147,73.2681891484297,4784000,2023-06-21
73.73983764648438,73.73983764648438,74.29311371392737,73.60378490663399,74.13891691813438,2584600,2023-06-22
73.75797271728516,73.75797271728516,74.40194828662058,73.65820117218378,73.9484437797706,3925900,2023-06-23
74.24774932861328,74.24774932861328,74.35659288811163,72.86002681467095,73.67633621108666,3545200,2023-06-26
73.37702941894531,73.37702941894531,74.90986992203456,73.35888536380088,74.73754291773938,5391900,2023-06-27
69.58573150634766,69.58573150634766,71.5448673457083,69.18664533243386,71.53580223806807,11772300,2023-06-28
69.20479583740234,69.20479583740234,69.7127187097728,69.01431784033328,69.6038751285805,5836700,2023-06-29
69.5676040649414,69.5676040649414,69.87599079659361,69.30457748197045,69.36806785026191,4126000,2023-06-30
69.94855499267578,69.94855499267578,70.0755357325228,68.75130307416727,69.20480769360127,2756200,2023-07-03
70.12086486816406,70.12086486816406,70.15714605922437,69.31362739687857,69.63107916874428,4786500,2023-07-05
69.32269287109375,69.32269287109375,69.77619733658045,69.22292133509237,69.46781070168643,4261900,2023-07-06
68.71027374267578,68.71027374267578,69.40496519002754,68.67371030084006,69.02105951139768,4264600,2023-07-07
68.36293029785156,68.36293029785156,69.09417820035382,68.26238257802096,68.77425680714887,2961700,2023-07-10
68.62799835205078,68.62799835205078,68.66456178702603,68.15268067113475,68.46346638154326,3186200,2023-07-11
68.50918579101562,68.50918579101562,68.88395588049067,68.1984069620732,68.57317007778403,3783300,2023-07-12
68.36293029785156,68.36293029785156,68.87480452697947,68.18925569564173,68.4726206214204,4286900,2023-07-13
68.56401824951172,68.56401824951172,68.71940762727472,68.21666908302669,68.71940762727472,2594200,2023-07-14
67.9241714477539,67.9241714477539,68.53660032963538,67.90589321525967,68.27152062901027,2814500,2023-07-17
67.9241714477539,67.9241714477539,68.71941054962925,67.66823435025735,68.16183031275622,3335800,2023-07-18
68.74683380126953,68.74683380126953,68.79253984475571,67.99730071493273,67.99730071493273,3410600,2023-07-19
69.79800415039062,69.79800415039062,69.88026665321148,68.59143862601364,68.89308175054852,3523800,2023-07-20
70.38301086425781,70.38301086425781,70.43785253722318,69.61519954769038,69.66089861724048,3548800,2023-07-21
70.61152648925781,70.61152648925781,70.95886870447552,70.31902594650526,70.58410565302523,2731500,2023-07-24
70.3007583618164,70.3007583618164,70.74864836023593,70.02653601042906,70.74864836023593,2308200,2023-07-25
69.23129272460938,69.23129272460938,70.45614365579264,69.2038718858259,70.19106392461295,3466300,2023-07-26
68.55488586425781,68.55488586425781,69.60606217559582,68.51832242161191,69.15817220726981,3160600,2023-07-27
68.96621704101562,68.96621704101562,69.22216115679781,68.7377007393903,68.92051796494901,2935900,2023-07-28
68.31722259521484,68.31722259521484,68.92965150307619,67.96073776947034,68.92965150307619,3378000,2023-07-31
67.95159149169922,67.95159149169922,68.7376879812875,67.36659042601903,68.4451874484474,3261400,2023-08-01
68.96621704101562,68.96621704101562,69.35926535876173,67.88761981839355,67.91504763255043,4355600,2023-08-02
68.11612701416016,68.11612701416016,69.25870836954489,68.04300710747553,68.92050875155942,3571600,2023-08-03
67.26603698730469,67.26603698730469,68.50916588948078,67.20205271912336,68.19838715081787,2077600,2023-08-04
67.147216796875,67.147216796875,67.61339191850763,66.99182741425172,67.23862190584383,2500400,2023-08-07
65.22769165039062,65.22769165039062,67.28433830058823,65.08143787452546,67.18379057312191,4772200,2023-08-08
65.95893859863281,65.95893859863281,66.34284425316577,65.11799343672247,65.33737407396674,3546700,2023-08-09
66.16002655029297,66.16002655029297,66.61705908041765,65.98635893100442,66.25143863532828,3804500,2023-08-10
66.42510986328125,66.42510986328125,66.46167330452916,66.07776763207117,66.27886307205299,2480800,2023-08-11
66.05948638916016,66.05948638916016,66.6993361887544,65.78527102398871,66.66277274531213,2431900,2023-08-14
65.53846740722656,65.53846740722656,65.9040948560754,65.26425205091259,65.77612629504284,2633200,2023-08-15
65.20939636230469,65.20939636230469,65.73042012796832,65.06314958280834,65.44705522446941,2707300,2023-08-16
64.2496337890625,64.2496337890625,65.26424656174451,64.22221295311374,65.26424656174451,5586500,2023-08-17
64.17649841308594,64.17649841308594,64.86204711608342,64.06680811005201,64.35931558480915,5246500,2023-08-18
62.84197235107422,62.84197235107422,63.94799022760158,62.330098153345965,63.63721145719882,4741100,2023-08-21
62.55862045288086,62.55862045288086,62.90596269574627,62.348382402091545,62.668303806541736,3595700,2023-08-22
62.284385681152344,62.284385681152344,62.83282326120812,62.04672683941536,62.70485472498718,4313100,2023-08-23
62.16557312011719,62.16557312011719,62.88768542913904,61.95533506609262,62.39408940877865,3797700,2023-08-24
62.4946403503418,62.4946403503418,62.96995118676625,62.06502858974359,62.476355141000056,2698000,2023-08-25
62.65916442871094,62.65916442871094,63.07963353137846,62.33923606963152,62.65002182519814,3333900,2023-08-28
62.604312896728516,62.604312896728516,63.097908857228276,62.18384381343528,63.03392458311328,3230000,2023-08-29
62.41236877441406,62.41236877441406,63.04307597415336,62.32096365204583,62.83283791631899,2543700,2023-08-30
61.84564208984375,61.84564208984375,62.741421896738714,61.82735688428767,62.57688991554702,5681900,2023-08-31
60.55681610107422,60.55681610107422,62.147287507150494,60.24603729792431,62.037604152515776,4404600,2023-09-01
60.41970443725586,60.41970443725586,60.90415784627917,59.80728246636841,60.01752051729583,3952300,2023-09-05
60.20947265625,60.20947265625,61.24236374315431,60.17290921417859,61.12353778674484,4262700,2023-09-06
59.405086517333984,59.405086517333984,60.66650076802627,59.140006812098115,60.2003256330416,5309100,2023-09-07
60.46540832519531,60.46540832519531,60.46540832519531,59.33196954324967,59.48735893799961,4631300,2023-09-08
60.227752685546875,60.227752685546875,60.63907921702411,59.78900531513965,60.13634756452568,3776700,2023-09-11
59.86212158203125,59.86212158203125,60.73048761325747,59.459937679278674,60.3922810149361,3233700,2023-09-12
59.651885986328125,59.651885986328125,60.15461757005271,59.53305306886961,60.06321246153576,3042800,2023-09-13
60.657352447509766,60.657352447509766,60.86758348696792,59.73414486784448,59.73414486784448,3693600,2023-09-14
60.191184997558594,60.191184997558594,61.004702372674345,60.10892248656998,60.593375870204845,7635700,2023-09-15
60.41970443725586,60.41970443725586,60.42884704132147,59.57876618107338,60.33744192195617,4126700,2023-09-18
60.21860885620117,60.21860885620117,60.73049007628061,59.944393498716344,60.63907798335543,5740200,2023-09-19
60.20947265625,60.20947265625,60.931584946192544,58.98462175502989,60.80360941206084,6780900,2023-09-20
59.85298538208008,59.85298538208008,60.803606942269376,59.83470017490534,60.06321644824692,6014500,2023-09-21
59.249698638916016,59.249698638916016,59.93524745391756,58.95719809013256,59.560484394740236,6619900,2023-09-22
59.213138580322266,59.213138580322266,59.31368630349927,58.573295772617335,58.96634406128281,4420400,2023-09-25
59.615325927734375,59.615325927734375,60.01751679652426,58.95719795108297,58.975476184317436,5379300,2023-09-26
58.54587173461914,58.54587173461914,59.66102528513642,58.22594686136934,59.50563589372374,4865300,2023-09-27
58.6007194519043,58.6007194519043,58.90236263605875,58.16196858240123,58.710409784441524,5249100,2023-09-28
58.491031646728516,58.491031646728516,59.06689367901537,58.2716544721348,58.86579822621128,5329800,2023-09-29
57.20219802856445,57.20219802856445,58.47274801290142,56.918836580413775,58.23508912428942,6006100,2023-10-02
57.5312614440918,57.5312614440918,57.75977774016492,56.8822760000958,56.8822760000958,7922200,2023-10-03
57.677513122558594,57.677513122558594,57.86946946591122,57.04680938549152,57.66837400472373,5443400,2023-10-04
57.0010986328125,57.0010986328125,57.93344542770412,56.89141180014335,57.567818002964906,5095800,2023-10-05
57.6655158996582,57.6655158996582,57.803933169088964,55.672276946247784,56.69657741270831,5714200,2023-10-06
59.02201843261719,59.02201843261719,59.04970470030161,57.62859832563676,57.767015583312464,5511200,2023-10-09
58.37607192993164,58.37607192993164,59.66799122541388,58.145372935785204,59.62184861043476,6688200,2023-10-10
57.886985778808594,57.886985778808594,58.68059080773369,57.850073098349995,58.44989183514788,4108100,2023-10-11
56.779624938964844,56.779624938964844,58.11767956458296,56.29977069638934,57.739333424115856,5139100,2023-10-12
58.17305374145508,58.17305374145508,58.191510081674664,56.761173636246134,56.93650710823869,4564200,2023-10-13
58.36684036254883,58.36684036254883,58.72673019839234,58.02540686702896,58.45911854398005,3496500,2023-10-16
58.117679595947266,58.117679595947266,58.76363736592392,57.78547254166289,58.10845318674454,3931300,2023-10-17
58.32069778442383,58.32069778442383,59.003564734630096,58.16382066114719,58.22841608832382,3953600,2023-10-18
58.0069465637207,58.0069465637207,58.56062265485527,57.89621204953114,58.126911007535,3396900,2023-10-19
58.357608795166016,58.357608795166016,58.938967623142034,58.19150526711953,58.29300984964868,3973700,2023-10-20
58.3483772277832,58.3483772277832,58.8743705451026,58.071539195539295,58.108451871888235,3759000,2023-10-23
58.73595428466797,58.73595428466797,59.049704998578996,58.31146553983308,58.32992187832039,3171000,2023-10-24
60.58155059814453,60.58155059814453,60.64614602777566,58.70827257828124,58.75441166799105,5299900,2023-10-25
60.67383575439453,60.67383575439453,61.070638307863355,60.184755010895095,60.58155756436391,6793700,2023-10-26
60.25856399536133,60.25856399536133,60.91374811892764,59.907897112063374,60.34161223169651,5292900,2023-10-27
59.82485580444336,59.82485580444336,60.461580144541124,59.20658428332188,60.21242836630696,4952800,2023-10-30
60.20319366455078,60.20319366455078,60.332384508264845,59.80639120446533,60.15705810058031,3216800,2023-10-31
60.074005126953125,60.074005126953125,60.701506552098294,60.06477519765553,60.38775935971232,5220800,2023-11-01
61.12599563598633,61.12599563598633,61.32901185111767,59.870992706423166,59.935588134840074,3710300,2023-11-02
60.66459655761719,60.66459655761719,61.51357408120354,60.63691380887361,61.36592336740642,3164900,2023-11-03
60.18474197387695,60.18474197387695,60.80301345756628,60.147829297785684,60.62768000622602,3945800,2023-11-06
60.074005126953125,60.074005126953125,60.61845830953962,59.99095688439444,60.15706040988503,3345800,2023-11-07
60.24934768676758,60.24934768676758,60.609237539655716,60.00018884069161,60.09247406686747,3700800,2023-11-08
60.47081756591797,60.47081756591797,60.63692111877708,60.13861046019976,60.38776930967561,3566400,2023-11-09
60.240108489990234,60.240108489990234,60.5354028633579,60.02786939933049,60.38775919686067,3157300,2023-11-10
60.12937927246094,60.12937927246094,60.52617471803065,60.046323987305044,60.074006735565874,3414500,2023-11-13
60.12014389038086,60.12014389038086,60.47080373717093,60.02786572442271,60.12014389038086,4656000,2023-11-14
59.69565963745117,59.69565963745117,60.32316103239862,59.649517033556975,60.00017688588504,7324800,2023-11-15
60.000179290771484,60.000179290771484,60.13860006762926,59.33577223452583,59.42805040563996,9404700,2023-11-16
59.76026153564453,59.76026153564453,60.286254891331524,58.85591850006275,60.230882352582505,4623200,2023-11-17
59.17889404296875,59.17889404296875,59.64952188757016,58.81900775268777,59.55724371264547,3165000,2023-11-20
59.66798400878906,59.66798400878906,59.723349507768084,58.819009982513094,59.409595252681584,2910700,2023-11-21
59.86177062988281,59.86177062988281,60.24934320564781,59.6218417323443,60.000184378103334,2747600,2023-11-22
60.1478385925293,60.1478385925293,60.1570685230717,59.64029801830962,59.990964975179274,1262500,2023-11-24
58.671363830566406,58.671363830566406,60.083240402683835,58.52371311015927,59.87099425219204,4389000,2023-11-27
58.52370834350586,58.52370834350586,58.86514532635752,58.256100235031454,58.59753369769648,4572500,2023-11-28
57.757789611816406,57.757789611816406,58.56985090637564,57.73933327328248,58.45911287517213,4511000,2023-11-29
58.745182037353516,58.745182037353516,58.865146480171376,57.582460847553875,57.76701719627464,6840100,2023-11-30
59.17889404296875,59.17889404296875,59.20658383178227,58.431431673593266,58.66213063109172,3349200,2023-12-01
59.93558883666992,59.93558883666992,60.18474766374821,59.114301077020535,59.114301077020535,3381800,2023-12-04
59.53878402709961,59.53878402709961,60.378531614222624,59.31731499855968,60.11091997789903,2986200,2023-12-05
60.80302047729492,60.80302047729492,61.12599762991499,59.474192146087894,59.5387875766119,3568200,2023-12-06
61.26442337036133,61.26442337036133,61.53203504425795,60.15707103181448,60.9691289440572,3658200,2023-12-07
60.415443420410156,60.415443420410156,61.384374806521365,60.40621349091194,61.30132656215756,2452600,2023-12-08
60.97835159301758,60.97835159301758,61.03371709122089,60.341620202184934,60.35085013201003,3429200,2023-12-11
61.58738708496094,61.58738708496094,61.59661701387043,60.812242025513704,61.209044484146816,3841500,2023-12-12
62.60247039794922,62.60247039794922,62.80548662215393,61.46743538498503,61.58739631729964,4380900,2023-12-13
61.199825286865234,61.199825286865234,62.97159176803614,61.172142535655404,62.814718150930986,6086300,2023-12-14
60.18474197387695,60.18474197387695,60.904521556724,59.917130352495064,60.59999725925084,11833600,2023-12-15
61.21826171875,61.21826171875,61.46742049368429,60.055544236964224,60.27701322772737,5446000,2023-12-18
61.559715270996094,61.559715270996094,61.670453316457206,61.06140462698234,61.48588990735535,4827900,2023-12-19
59.363460540771484,59.363460540771484,60.443130028693545,58.96665803148724,59.0127971213649,7992600,2023-12-20
59.252716064453125,59.252716064453125,60.17551184251414,58.68981007660606,59.4280495152041,4637800,2023-12-21
59.52956008911133,59.52956008911133,60.00018088642108,59.21580585053147,59.38190937910355,3211100,2023-12-22
59.70488739013672,59.70488739013672,59.81562542428097,59.18812397821047,59.34499757963473,3140200,2023-12-26
59.74179458618164,59.74179458618164,59.81561993550348,59.29885657099627,59.64028649095733,2580900,2023-12-27
59.95405197143555,59.95405197143555,60.0647829758531,59.658757559031855,59.658757559031855,2370500,2023-12-28
60.11091995239258,60.11091995239258,60.41544426673919,59.72334739251879,59.889450923946626,3808700,2023-12-29
61.59661865234375,61.59661865234375,61.762722175268365,59.98172602849953,59.98172602849953,5264000,2024-01-02
61.57817077636719,61.57817077636719,62.45482402637496,61.49511548805272,61.93806059819132,5477700,2024-01-03
60.66459655761719,60.66459655761719,61.68890050337069,60.627683879167904,61.57816950839639,3888000,2024-01-04
59.972496032714844,59.972496032714844,60.81224357555997,59.35422454710522,60.62768019453038,4016200,2024-01-05
59.64952087402344,59.64952087402344,60.11091878118041,59.53878284177136,59.907902575571605,4030900,2024-01-08
59.956851959228516,59.956851959228516,60.28281134146814,59.193192846314545,59.64021463448079,4779100,2024-01-09
58.811363220214844,58.811363220214844,59.88235539453094,58.6157882957183,59.640216365197496,4566000,2024-01-10
58.7275390625,58.7275390625,59.07211765831572,58.31776646493349,58.73685046125695,5727100,2024-01-11
59.03487014770508,59.03487014770508,59.22113011273516,58.74617057689114,59.06280789904492,4299600,2024-01-12
58.51334762573242,58.51334762573242,59.54708352378657,58.429530817499554,59.221131243221755,4101700,2024-01-16
58.7554817199707,58.7554817199707,59.29563170832523,58.26189583451708,58.38296179153677,4829300,2024-01-17
58.960365295410156,58.960365295410156,58.97899164622744,58.10357092088101,58.410900380446414,3860600,2024-01-18
58.811363220214844,58.811363220214844,59.08143644931426,58.34571506661889,59.07212504939227,3765900,2024-01-19
58.839298248291016,58.839298248291016,59.09074866590411,58.196705105021984,58.699602387634854,4328400,2024-01-22
60.301429748535156,60.301429748535156,60.48768614891118,59.03486633134474,59.03486633134474,4433600,2024-01-23
59.26769256591797,59.26769256591797,60.23624151502078,59.23043986342634,60.208303764458684,3491500,2024-01-24
60.040672302246094,60.040672302246094,60.14311546145367,59.211819181549686,59.472581003086525,3071100,2024-01-25
60.077919006347656,60.077919006347656,60.4224940481558,59.96616090603835,60.32936585051106,2821300,2024-01-26
59.84510040283203,59.84510040283203,60.310748538634776,59.74265724453729,60.17105267684861,3226500,2024-01-29
60.860206604003906,60.860206604003906,60.89745930546047,59.88234983536766,59.9568481330545,3020900,2024-01-30
60.450435638427734,60.450435638427734,61.39103962065015,60.36661529141472,60.94402145399954,4579600,2024-01-31
60.37593460083008,60.37593460083008,60.98127855437762,59.53776659632012,60.19898604842626,3855500,2024-02-01
60.34799575805664,60.34799575805664,60.84158160031711,59.96616091088848,60.52493720202815,4384300,2024-02-02
59.165245056152344,59.165245056152344,60.30142753023777,59.155933657521324,60.11517113671352,3259500,2024-02-05
60.37593460083008,60.37593460083008,60.85089054903059,59.1093711951764,59.1931879956274,4652300,2024-02-06
59.3328857421875,59.3328857421875,60.68326962488851,59.25838388639806,60.543573760439884,3651200,2024-02-07
59.65882873535156,59.65882873535156,60.226919951841815,58.87654338458017,59.137305168170634,4001700,2024-02-08
58.0570068359375,58.0570068359375,59.52845302477141,57.82418277957789,59.41669847245048,4260400,2024-02-09
58.74616622924805,58.74616622924805,58.774103978520294,57.73105322520387,57.880060475677645,3399100,2024-02-12
58.606468200683594,58.606468200683594,59.34219302683708,58.10356741678529,58.9137940891017,3866000,2024-02-13
58.0849494934082,58.0849494934082,58.6251030550539,57.256096351157055,58.41090533141927,4176900,2024-02-14
58.941734313964844,58.941734313964844,59.072115206829565,58.25257359832047,58.355016743460716,3097500,2024-02-15
59.696083068847656,59.696083068847656,60.05928800668634,58.382955611408505,58.764786898958526,5854900,2024-02-16
61.26066207885742,61.26066207885742,61.46554837695009,59.83578004877338,60.245552644958714,5978400,2024-02-20
61.10234069824219,61.10234069824219,61.94981649625671,60.63669262531257,61.605241469633256,3738600,2024-02-21
60.599449157714844,60.599449157714844,60.70189231778216,59.33288563799785,60.51563590232894,3113500,2024-02-22
60.832271575927734,60.832271575927734,61.27929690818069,60.23624253640821,60.54357200825545,2248900,2024-02-23
60.53425216674805,60.53425216674805,61.055775757896924,60.52493721541295,60.795013962322486,3641500,2024-02-26
59.79853057861328,59.79853057861328,60.515632660671294,59.5191424177861,60.42249735270688,3119900,2024-02-27
59.882347106933594,59.882347106933594,60.07791845174997,59.50051226332115,60.01272800347785,2554100,2024-02-28
59.770591735839844,59.770591735839844,60.22692489457373,59.640210833344454,59.984792992925875,4187500,2024-02-29
59.547080993652344,59.547080993652344,59.96616501700995,59.07212146892257,59.789216455696035,3382500,2024-03-01
59.947547912597656,59.947547912597656,59.98480061879318,59.11869118650854,59.34220387106806,2996900,2024-03-04
60.040672302246094,60.040672302246094,60.71120676061324,59.891661486952614,60.12448555692861,4031600,2024-03-05
60.75776672363281,60.75776672363281,60.79501942709576,60.14311487956093,60.34800119599379,4287200,2024-03-06
59.86371994018555,59.86371994018555,60.86020661229904,59.26769092725184,60.757763459586094,3963800,2024-03-07
60.77639389038086,60.77639389038086,60.916089745767806,59.42601364788871,59.66814910426448,4421200,2024-03-08
61.14891052246094,61.14891052246094,61.89394320251088,60.97196197478206,60.999899723315366,3350700,2024-03-11
61.20478820800781,61.20478820800781,61.58661596032579,60.80433055251751,60.878835954754365,3080400,2024-03-12
61.49348831176758,61.49348831176758,61.80081776983181,61.25134930493882,61.58661651278593,4530200,2024-03-13
61.04646682739258,61.04646682739258,61.56799040927741,60.7018846863753,61.17684772286379,4996100,2024-03-14
62.173343658447266,62.173343658447266,62.257156915856356,60.70189378307604,60.822959745520386,7997000,2024-03-15
63.086002349853516,63.086002349853516,63.46783720085688,62.06157795493699,62.126768404470965,7284600,2024-03-18
63.91486358642578,63.91486358642578,64.08249720745513,63.169830797027444,63.42127767595797,6426000,2024-03-19
64.65989685058594,64.65989685058594,69.33500074953787,63.86829648448702,68.87866759111812,8887600,2024-03-20
64.03593444824219,64.03593444824219,64.68783900465563,63.45852819454259,64.68783900465563,5036700,2024-03-21
64.3525619506836,64.3525619506836,64.96722081452536,64.0452325187627,64.21286610842631,5731700,2024-03-22
64.38982391357422,64.38982391357422,64.85547205128027,63.98005127872035,64.63196293464485,3955300,2024-03-25
63.64478302001953,63.64478302001953,64.52020377839642,63.64478302001953,64.47364322851618,5288900,2024-03-26
64.87409210205078,64.87409210205078,64.92996759641609,63.76584742896808,63.76584742896808,5332200,2024-03-27
65.16279602050781,65.16279602050781,65.80539266990881,65.02310016995636,65.06035287045182,5995300,2024-03-28
65.31180572509766,65.31180572509766,65.45150158849931,64.81821983227503,65.3397505819594,3204300,2024-04-01
65.7122573852539,65.7122573852539,65.75882503719336,65.10692054139763,65.4328727892955,3797000,2024-04-02
64.2501220703125,64.2501220703125,65.6284435559172,64.23149927283757,65.50737050403896,4382900,2024-04-03
65.54461669921875,65.54461669921875,65.68431253470777,64.18492525125804,64.61332060292577,4332100,2024-04-04
64.99516296386719,64.99516296386719,65.68432016572521,64.67851855962354,65.36768286670775,3630000,2024-04-05
65.19073486328125,65.19073486328125,65.63776017150043,64.7902772077692,64.99516351131855,4021100,2024-04-08
65.91393280029297,65.91393280029297,65.94210802847859,64.93715095132998,65.20012930189259,4424900,2024-04-09
64.66478729248047,64.66478729248047,65.96090529084465,64.15761161907147,65.69791973877719,4435000,2024-04-10
62.9272346496582,62.9272346496582,65.05924377521306,62.917840518709355,64.85262305369521,4935200,2024-04-11
62.17586135864258,62.17586135864258,63.07751161689622,62.09133567759387,63.07751161689622,3371900,2024-04-12
63.227779388427734,63.227779388427734,63.39683790947789,62.26978587955821,62.39188091368586,4510300,2024-04-15
63.71617889404297,63.71617889404297,63.87585048078797,63.218397366061915,63.40624418410797,4205200,2024-04-16
64.34544372558594,64.34544372558594,64.6178161822869,63.94158210573582,64.07307126888497,3664800,2024-04-17
64.89018249511719,64.89018249511719,65.04985405198845,64.4017951908191,64.80565681702836,3620400,2024-04-18
66.13933563232422,66.13933563232422,66.35535763766843,64.88079445308122,65.00288948572329,3992200,2024-04-19
66.84375762939453,66.84375762939453,67.04099141140986,66.12056709533833,66.31780087735366,3637500,2024-04-22
66.51502990722656,66.51502990722656,67.20065819482966,66.34597136820271,66.74983303555842,3690600,2024-04-23
67.25700378417969,67.25700378417969,67.50120102634281,65.69790768541351,65.89514860468292,4446100,2024-04-24
67.0409927368164,67.0409927368164,67.92385487287355,66.7874084879614,67.49181793720952,2875200,2024-04-25
66.52442932128906,66.52442932128906,67.74540138619572,66.50564105678181,66.69348787373748,4170400,2024-04-26
65.96089935302734,65.96089935302734,66.86254252493598,65.66973859514034,66.56199480096643,4179100,2024-04-29
66.17691040039062,66.17691040039062,66.24265498728572,65.58520911833482,65.82001223804907,3121600,2024-04-30
65.7354736328125,65.7354736328125,66.18629873606206,65.23769220910528,66.0454154434452,3396800,2024-05-01
66.35535430908203,66.35535430908203,66.5525880437432,66.0548066421286,66.12055122034899,3071000,2024-05-02
65.66035461425781,65.66035461425781,66.28023118816718,65.20952942499558,66.24266182526006,3444200,2024-05-03
64.93714904785156,64.93714904785156,65.95150022653628,64.67417070499755,65.7636534347674,3602100,2024-05-06
65.66035461425781,65.66035461425781,65.80123076813042,65.16256592995585,65.35041274449148,2453800,2024-05-07
65.3034439086914,65.3034439086914,65.99845915157408,65.26587454885684,65.82001364938829,2494500,2024-05-08
65.98907470703125,65.98907470703125,65.9984616731315,64.66478159335166,65.20952658333148,2397400,2024-05-09
66.4023208618164,66.4023208618164,66.55259830126566,65.69791148704908,65.97028397183384,2398700,2024-05-10
66.3459701538086,66.3459701538086,66.8249705332124,66.12056116111027,66.4492841016334,2897000,2024-05-13
66.543212890625,66.543212890625,66.68409621716627,66.09239484444129,66.38354846450258,3237300,2024-05-14
65.585205078125,65.585205078125,66.69347602152897,65.41614655572026,66.6746877603606,3847200,2024-05-15
67.05977630615234,67.05977630615234,67.14430199464454,65.60399401338785,65.66973860408943,2481000,2024-05-16
66.90949249267578,66.90949249267578,67.17247083045098,66.4868497591974,67.10672624600717,2753000,2024-05-17
67.08794403076172,67.08794403076172,67.09733816141761,66.15812573324827,66.92827963772224,2280200,2024-05-20
66.33657836914062,66.33657836914062,67.34153548893194,66.19570222223483,67.31336025955078,2541100,2024-05-21
66.07360076904297,66.07360076904297,66.16752058993708,65.43493595509076,66.10177599874889,3409900,2024-05-22
64.89018249511719,64.89018249511719,65.75426336521701,64.66477352125823,65.75426336521701,3083400,2024-05-23
64.1482162475586,64.1482162475586,65.2001296555142,64.05428926560026,65.07803461084012,3195900,2024-05-24
62.626686096191406,62.626686096191406,63.85705210568975,62.110116385382476,63.60346789850683,6350900,2024-05-28
62.44823455810547,62.44823455810547,63.171432166201434,61.82835805964563,62.560942633108354,6099800,2024-05-29
62.598514556884766,62.598514556884766,63.34988025749625,62.55155106563661,62.6172956540104,3679500,2024-05-30
64.57085418701172,64.57085418701172,64.62720463948494,62.59850952860561,62.59850952860561,7500900,2024-05-31
63.63164520263672,63.63164520263672,65.0028945567229,63.556506484862055,64.51450722243266,4232600,2024-06-03
63.997928619384766,63.997928619384766,64.12002364461928,63.07750453397048,63.72555617944173,2512000,2024-06-04
63.35927200317383,63.35927200317383,63.96976153829923,62.71121310958907,63.67860796726721,3294200,2024-06-05
63.293521881103516,63.293521881103516,63.68798936198981,62.73939001494731,63.35926646125123,2805100,2024-06-06
63.35927200317383,63.35927200317383,63.8946228213805,63.17143237649945,63.20900173495882,3373900,2024-06-07
62.83332061767578,62.83332061767578,63.35927734924066,62.100735979960966,63.17143770671693,4002700,2024-06-10
62.90845489501953,62.90845489501953,63.199608470041596,62.38249103500293,62.65486351334915,2999600,2024-06-11
61.32118225097656,61.32118225097656,62.852095978099264,61.27421876182126,62.6079058982344,4019100,2024-06-12
61.62172317504883,61.62172317504883,62.034978904182346,61.11454764355449,61.227255705760435,3639700,2024-06-13
61.51841735839844,61.51841735839844,62.21343258630221,61.499636261697276,61.67808176003723,2904100,2024-06-14
62.26039505004883,62.26039505004883,62.269789181055806,60.96428443036018,61.20847451156225,2964900,2024-06-17
62.60791015625,62.60791015625,62.795749794401544,61.931675993907845,61.969245354662725,4662800,2024-06-18
62.63608169555664,62.63608169555664,63.24656406639744,62.335533992845534,62.39188444784685,4989800,2024-06-20
63.00236892700195,63.00236892700195,63.6786029952251,62.67364602317734,62.87087976547211,6390800,2024-06-21
63.932193756103516,63.932193756103516,64.27970495620377,63.1150763121166,63.218390259021476,6248800,2024-06-24
63.17142868041992,63.17142868041992,64.27969961044911,63.021151255375,63.594071398520214,6561300,2024-06-25
60.26926040649414,60.26926040649414,60.80461120934967,58.25934636309812,58.61624809260552,9908900,2024-06-26
59.83722686767578,59.83722686767578,60.90792853284078,59.50850392935716,60.56042449759937,6436900,2024-06-27
59.414581298828125,59.414581298828125,59.95932626972608,59.24552634465815,59.6869537842771,13274300,2024-06-28
59.4521484375,59.4521484375,60.32561990114273,59.36761917216756,59.57424706138269,3250500,2024-07-01
59.33005142211914,59.33005142211914,59.696347303697884,59.0764672020581,59.31127032514607,2949500,2024-07-02
59.245521545410156,59.245521545410156,59.414576485885654,58.94497027293654,59.179773379411095,2521800,2024-07-03
59.05767822265625,59.05767822265625,59.33944123328616,58.81348098604888,59.10463812729272,2671200,2024-07-05
58.700782775878906,58.700782775878906,59.48033089089208,58.69139222707181,59.26430885740277,2932800,2024-07-08
58.87923049926758,58.87923049926758,59.245526384849875,58.34387965940061,58.663212053602955,3826100,2024-07-09
59.41975402832031,59.41975402832031,59.609412441475094,59.00250841332649,59.068888315315654,3106100,2024-07-10
59.90338134765625,59.90338134765625,60.45339040061026,59.125785086015625,59.38182340886317,3377200,2024-07-11
59.7706184387207,59.7706184387207,60.73787668647356,59.723204740823654,60.23528135995166,3367700,2024-07-12
59.609413146972656,59.609413146972656,60.05510988054635,59.495619544706344,59.90338025428007,3720000,2024-07-15
59.647342681884766,59.647342681884766,59.78010248104279,59.06888617061062,59.41027057840737,3960500,2024-07-16
61.96116638183594,61.96116638183594,62.26462564370654,60.14045421981439,60.24476653236565,4090500,2024-07-17
62.13185119628906,62.13185119628906,63.35514406920015,61.306844939694386,61.34477734290862,2989000,2024-07-18
61.050811767578125,61.050811767578125,62.321522135155696,60.842194372330546,62.179277411453164,2361300,2024-07-19
61.259429931640625,61.259429931640625,61.809438946640086,60.89908293984775,61.15511762759361,2778300,2024-07-22
60.68097686767578,60.68097686767578,61.29736216290431,60.273212562518005,61.22149735383625,2662100,2024-07-23
62.122379302978516,62.122379302978516,62.511173811091375,60.387009677474396,60.93701872296753,3621600,2024-07-24
62.42582321166992,62.42582321166992,63.772390919247556,62.08443883019025,62.23616120258906,4020700,2024-07-25
62.8904914855957,62.8904914855957,63.19394350874621,62.20772262479032,62.20772262479032,2548100,2024-07-26
63.51637268066406,63.51637268066406,63.78189232719466,62.16979738989527,62.74825400620883,3135600,2024-07-29
64.5310287475586,64.5310287475586,64.61637123113171,63.01376151417279,63.01376151417279,3530800,2024-07-30
63.668087005615234,63.668087005615234,64.66379278850485,63.64912441964344,64.1896485556749,6477100,2024-07-31
64.1706771850586,64.1706771850586,64.36981688985375,63.00428645199172,63.5353256647788,4512500,2024-08-01
65.69742584228516,65.69742584228516,65.8301856529297,64.13274837698359,64.89138206769557,5271500,2024-08-02
64.74913787841797,64.74913787841797,67.16727645692532,64.1137863172741,66.38968017324565,3922900,2024-08-05
64.41724395751953,64.41724395751953,65.77329692533937,64.36982663425687,64.74914351575492,3475500,2024-08-06
65.28966522216797,65.28966522216797,65.65949717788787,64.16120676734948,64.3129291732222,2905300,2024-08-07
65.4698257446289,65.4698257446289,66.21897437718694,64.63533463696629,64.80601958717546,2441000,2024-08-08
65.54569244384766,65.54569244384766,65.63103492142363,64.9198186688271,65.27068795799309,1999400,2024-08-09
64.76810455322266,64.76810455322266,65.90604780848724,62.587038206620974,65.85863049165673,2099200,2024-08-12
65.6215591430664,65.6215591430664,65.75431894990108,64.69224049522374,64.83448521250855,2583800,2024-08-13
66.75950622558594,66.75950622558594,67.40434264068311,65.63104069044927,65.63104069044927,3857200,2024-08-14
65.19483184814453,65.19483184814453,67.1198562709547,65.13793685550718,67.10089368503118,3912400,2024-08-15
65.46035766601562,65.46035766601562,65.61208730725521,65.06207821006295,65.19483802871385,2320900,2024-08-16
66.20950317382812,66.20950317382812,66.38968030505568,65.48880188378504,65.57415161142283,4181200,2024-08-19
66.33277893066406,66.33277893066406,66.52244097515727,65.85863467173189,66.2095040278939,2962100,2024-08-20
66.97761535644531,66.97761535644531,67.20520980964768,66.36123360824044,66.50347109790788,2963900,2024-08-21
67.01554107666016,67.01554107666016,67.32847799242955,66.68364157578345,67.28106067736152,1823600,2024-08-22
67.16727447509766,67.16727447509766,67.25261696518076,66.67416041617223,67.03451466727932,1957300,2024-08-23
67.3189926147461,67.3189926147461,67.85951672238045,67.01554061107183,67.06295792581042,1839300,2024-08-26
67.35693359375,67.35693359375,67.70780295682671,67.08192904996568,67.44228332417077,1930200,2024-08-27
67.85951232910156,67.85951232910156,68.25779893646764,66.93967146770899,67.31898825646117,2687800,2024-08-28
67.66986083984375,67.66986083984375,67.9448653441783,67.06295684230072,67.91641784974134,3121600,2024-08-29
68.5517807006836,68.5517807006836,68.68454051996515,67.56555973254376,67.56555973254376,3645800,2024-08-30
68.87419128417969,68.87419128417969,69.0828159121635,67.8310753791277,68.56126157707106,4443300,2024-09-03
69.77506256103516,69.77506256103516,69.95523243823669,68.84573674099684,68.89315405518303,2895200,2024-09-04
70.65697479248047,70.65697479248047,70.96042680861994,69.96472103713931,70.0500707602015,4468600,2024-09-05
71.17852783203125,71.17852783203125,71.63370946555443,70.58110872071954,70.74231601879096,4057800,2024-09-06
71.26387786865234,71.26387786865234,71.5578449705372,70.66645151983259,71.17852814673525,3637400,2024-09-09
70.96043395996094,70.96043395996094,71.97510241945365,70.80870431916662,71.2638860066821,3270800,2024-09-10
69.33885192871094,69.33885192871094,70.79921696482715,68.79832781828652,70.67593483981702,3739100,2024-09-11
69.23454284667969,69.23454284667969,69.34833283215056,68.34314937453473,69.03540313723882,3810300,2024-09-12
69.8983383178711,69.8983383178711,70.06903052225002,68.95004990129186,69.27247172505936,3010300,2024-09-13
70.77076721191406,70.77076721191406,71.58629588988822,70.69490963141905,70.73283480423305,3324600,2024-09-16
70.6474838256836,70.6474838256836,71.36818501530543,70.36299441968741,70.48627653855662,4513600,2024-09-17
71.13111877441406,71.13111877441406,71.74750771487659,68.46642330592839,68.51384062245117,8032700,2024-09-18
71.02680206298828,71.02680206298828,71.12162945528874,70.05954385087124,70.76128247060048,4162700,2024-09-19
70.65697479248047,70.65697479248047,71.43457103601706,70.41041776847128,71.28284141051394,9129800,2024-09-20
70.353515625,70.353515625,70.70437768729448,69.727641835719,70.37247820882699,3487400,2024-09-23
69.95523071289062,69.95523071289062,71.0268012141924,69.70868094282903,70.2017877178184,2720200,2024-09-24
69.94577026367188,69.94577026367188,70.51474198566174,69.68972828611226,70.23973741914524,2782900,2024-09-25
70.16384887695312,70.16384887695312,70.55265055039291,69.48108014740606,69.54746003861949,2896200,2024-09-26
70.53369140625,70.53369140625,71.10267025688168,70.23023939551753,70.29661929677567,2960500,2024-09-27
70.03109741210938,70.03109741210938,70.88455842540864,69.59488561306006,70.7992159415119,2904100,2024-09-30
70.76129150390625,70.76129150390625,70.97939381055338,69.97421030108859,70.1449025229663,4071900,2024-10-01
69.5095443725586,69.5095443725586,70.58110768711758,69.13971246599104,70.16385846540383,5958300,2024-10-02
69.26298522949219,69.26298522949219,69.3672975317172,68.4853890350934,69.18712042153467,3443600,2024-10-03
69.80351257324219,69.80351257324219,69.96471987150342,68.83625431394155,68.92160403558178,2413000,2024-10-04
68.97850799560547,68.97850799560547,69.92679655790089,68.89316549773532,69.70869424009878,2392100,2024-10-07
68.74142456054688,68.74142456054688,69.05436147105581,68.25780268234183,68.90263908814826,3328400,2024-10-08
68.34314727783203,68.34314727783203,68.9500512979469,68.17245506999556,68.86470881146197,2620600,2024-10-09
68.18058013916016,68.18058013916016,69.32807641678279,68.0467058166243,68.63001119590002,2578600,2024-10-10
67.71202087402344,67.71202087402344,68.45789427391672,67.6546482419099,68.45789427391672,2816000,2024-10-11
67.73115539550781,67.73115539550781,67.79809257022491,67.40602676430703,67.75984171387158,2221600,2024-10-14
68.11365509033203,68.11365509033203,69.37590413842011,67.77896192887152,67.88414995751259,3709900,2024-10-15
67.89370727539062,67.89370727539062,68.35271019661393,67.79808379468692,67.82677010933763,3240400,2024-10-16
67.58770751953125,67.58770751953125,67.89370703405778,67.36776694865098,67.89370703405778,3169700,2024-10-17
66.87052917480469,66.87052917480469,67.51121460177454,66.59321593874202,67.51121460177454,3867800,2024-10-18
65.76126861572266,65.76126861572266,67.27214443217214,65.60827250406919,67.17652095043823,3501800,2024-10-21
66.05770874023438,66.05770874023438,66.21070484690094,65.63695667959475,65.72302291727274,3378900,2024-10-22
65.57958221435547,65.57958221435547,65.91426802794099,65.35964165365436,65.78039370250679,3385000,2024-10-23
65.6082763671875,65.6082763671875,66.00989939148054,65.46483748833872,65.52221012163646,2369300,2024-10-24
65.31184387207031,65.31184387207031,65.8473412583281,65.27359301653694,65.64652973848143,2183900,2024-10-25
65.28314208984375,65.28314208984375,65.95252103451139,65.17796136979413,65.39789464208489,3029600,2024-10-28
64.9771499633789,64.9771499633789,65.57959181160076,64.9006555487959,65.04408713589193,2966100,2024-10-29
65.23533630371094,65.23533630371094,65.27358715580988,64.64245903958346,64.91020770867198,5067200,2024-10-30
65.0440902709961,65.0440902709961,65.87602999427546,65.02496849032984,65.22578001754796,4288800,2024-10-31
65.25446319580078,65.25446319580078,65.67521530625842,64.9771499680541,65.29271405089735,3495000,2024-11-01
65.11101531982422,65.11101531982422,65.62739084889814,64.97714099327952,65.24489694197253,2851900,2024-11-04
65.32139587402344,65.32139587402344,65.41702665298752,64.86240023565404,65.03452542394359,3202400,2024-11-05
63.102901458740234,63.102901458740234,65.7325875419218,62.97859165213476,65.64652859018061,5910500,2024-11-06
62.098838806152344,62.098838806152344,63.44714667589528,62.051023417575394,63.16027623124555,4534500,2024-11-07
62.6534538269043,62.6534538269043,62.96901786146025,61.85977241581381,62.060583902639365,3006000,2024-11-08
61.295589447021484,61.295589447021484,62.691712794996185,61.27646766772516,62.52915213636179,5010400,2024-11-11
61.44858932495117,61.44858932495117,61.88846317947875,61.2190842129858,61.56333458532982,4704500,2024-11-12
62.376155853271484,62.376155853271484,62.49090111996053,61.20953033790317,61.28602475049439,3233100,2024-11-13
61.8788948059082,61.8788948059082,62.85427323227465,61.79283586596012,62.615210893836306,3675100,2024-11-14
60.444522857666016,60.444522857666016,61.4103367809994,59.66039865239836,61.4103367809994,6785000,2024-11-15
60.128963470458984,60.128963470458984,61.056522910685224,60.00465002670834,60.75052339360824,4859800,2024-11-18
60.03334045410156,60.03334045410156,60.320218212840636,59.545654830289166,60.1767793334711,2847600,2024-11-19
61.00871658325195,61.00871658325195,61.02784201074146,59.90903186112245,60.16721601272506,4685900,2024-11-20
61.31471633911133,61.31471633911133,61.35296719194671,60.12896543582918,60.913089679944015,3659000,2024-11-21
62.156211853027344,62.156211853027344,62.28052165031595,61.43902479318472,61.73545977665972,3919700,2024-11-22
62.663028717041016,62.663028717041016,62.758652208147964,62.22315482146528,62.35702916813595,4852100,2024-11-25
63.102901458740234,63.102901458740234,63.42803007728434,62.576968619466676,62.634341253960805,3642500,2024-11-26
63.3323974609375,63.3323974609375,64.06870624805104,63.27501753910795,63.51407987585441,2678300,2024-11-27
63.3610954284668,63.3610954284668,63.475840702024676,62.8351552726436,63.22722107891269,1792500,2024-11-29
64.0782699584961,64.0782699584961,64.45120661536615,62.96901722839806,63.34195388526812,5151400,2024-12-02
63.341957092285156,63.341957092285156,64.20258299617568,63.341957092285156,64.09739498038884,4979200,2024-12-03
62.4813346862793,62.4813346862793,63.30370978541318,62.223150548460154,62.77777697263961,3152600,2024-12-04
62.682151794433594,62.682151794433594,62.873398758346646,62.22314886719662,62.23271340407348,2847000,2024-12-05
62.21358108520508,62.21358108520508,63.28458299582426,62.165772994522534,62.816022851754965,3708800,2024-12-06
63.00727462768555,63.00727462768555,63.53321473466958,62.00320980366301,62.1466486778954,3642000,2024-12-09
63.246334075927734,63.246334075927734,63.41845925796543,62.32833553692797,62.777773917559955,2993000,2024-12-10
62.634334564208984,62.634334564208984,63.51408224531097,62.54827562165944,63.28458443624172,5345300,2024-12-11
63.188968658447266,63.188968658447266,63.49496820636885,62.39527982316154,63.05509431220686,3368700,2024-12-12
63.772274017333984,63.772274017333984,64.24083417466301,63.494960819354475,63.95395644003487,3193300,2024-12-13
62.72996520996094,62.72996520996094,64.04002964029084,62.710843430188845,63.87746897761181,5620400,2024-12-16
63.0455322265625,63.0455322265625,63.77228391699459,61.97453011937864,62.31878053613042,6012200,2024-12-17
61.11389923095703,61.11389923095703,61.80239632096249,60.062026346241865,60.33933590092366,13262600,2024-12-18
61.209529876708984,61.209529876708984,62.24227374715127,60.58796626961028,60.72184061014176,6138100,2024-12-19
60.827030181884766,60.827030181884766,61.678091637891015,60.559281494009255,61.496401901573535,10672900,2024-12-20
60.769649505615234,60.769649505615234,61.09477445215611,60.234152168584636,60.39671281795406,3380200,2024-12-23
60.95133590698242,60.95133590698242,61.03739849542941,60.4158349513343,60.434960376300495,1220400,2024-12-24
60.970458984375,60.970458984375,61.544210802191095,60.69314943595588,60.72183575011602,2212100,2024-12-26
61.15214920043945,61.15214920043945,61.372086122332654,60.72183624551713,60.82702426203169,1984400,2024-12-27
60.59752655029297,60.59752655029297,61.16171387100843,60.33933876137551,61.07565127470261,2521100,2024-12-30
60.98002624511719,60.98002624511719,61.09477515468581,60.40627440166994,60.482776106583735,2634900,2024-12-31
60.76008605957031,60.76008605957031,61.28601883756303,60.4827728658198,61.094771881129994,3360400,2025-01-02
61.0852165222168,61.0852165222168,61.391212409770546,60.549715511442784,60.769652449492234,3200500,2025-01-03
58.80934143066406,58.80934143066406,60.86527921622278,58.76152968751664,60.75052665530636,5393100,2025-01-06
58.22602462768555,58.22602462768555,59.478712638658195,58.15908746237727,58.96233709387845,4046800,2025-01-07
58.30252456665039,58.30252456665039,58.32164999156041,57.08808744337736,57.92958790040942,5362400,2025-01-08
56.4965705871582,56.4965705871582,58.360474834587265,56.274447760269844,58.13835200769891,5938000,2025-01-10
57.29814529418945,57.29814529418945,57.52992402407588,56.44828135514072,56.89252699080346,6108100,2025-01-13
56.76697540283203,56.76697540283203,57.30779855430103,56.554512190944045,57.09533165835673,5140200,2025-01-14
56.31307601928711,56.31307601928711,57.17259586332794,56.20684256727191,56.98910037928116,4951300,2025-01-15
57.133968353271484,57.133968353271484,57.24985772437382,55.95574808088496,56.081297048612214,3794800,2025-01-16
57.587867736816406,57.587867736816406,57.7327285149084,57.066360093950095,57.10499110839715,4458400,2025-01-17
58.00314712524414,58.00314712524414,58.91095394169179,57.81965163221967,57.887254071526584,4676900,2025-01-21
57.28848648071289,57.28848648071289,58.38944467285519,57.20156853480395,57.92588352269299,4112900,2025-01-22
57.520267486572266,57.520267486572266,57.6071854303487,57.02773124382035,57.17259571146655,3450600,2025-01-23
58.31218719482422,58.31218719482422,58.331502703543435,57.37540528425354,57.50095424890014,3522900,2025-01-24
59.529029846191406,59.529029846191406,60.948688305108746,59.34553805462604,59.34553805462604,5232200,2025-01-27
57.75204849243164,57.75204849243164,59.5483502786431,57.71341747499435,59.11376054261507,3885300,2025-01-28
57.8486213684082,57.8486213684082,58.38944083266693,57.58786754783076,57.8969082942804,2878900,2025-01-29
58.57293701171875,58.57293701171875,58.86266225448587,57.781019628929016,58.312183188011446,3233300,2025-01-30
58.080406188964844,58.080406188964844,58.7274628526214,57.99348823963954,58.15766822572364,4017600,2025-01-31
57.81964874267578,57.81964874267578,58.128689502364956,56.950472987571146,57.80999283071019,5434900,2025-02-03
56.89252471923828,56.89252471923828,57.72307311695884,56.57382805735501,57.713413521232965,4615100,2025-02-04
57.5106086730957,57.5106086730957,57.578211109835394,56.66074473172415,56.89252714630057,4122200,2025-02-05
57.21122741699219,57.21122741699219,58.196292546256906,56.98910091484216,58.16732112600103,4991800,2025-02-06
56.80561065673828,56.80561065673828,57.336774252183076,56.60280334132317,57.19191346291082,7988100,2025-02-07
56.0909538269043,56.0909538269043,56.86355573552767,55.868827324372106,56.74766268619179,4939900,2025-02-10
57.31745529174805,57.31745529174805,57.3754018144013,55.88814088947511,56.013689846528976,4481500,2025-02-11
56.438621520996094,56.438621520996094,57.230538932205015,56.11026525166143,56.622117005776815,5724800,2025-02-12
57.50094985961914,57.50094985961914,57.607183307437296,56.2551272727529,56.47725007998345,4581000,2025-02-13
56.824928283691406,56.824928283691406,58.44739423560549,56.805612774257106,57.67479227851705,4690300,2025-02-14
55.58876037597656,55.58876037597656,55.666018723018745,53.26129510794938,54.90307274417398,8367300,2025-02-18
56.00403594970703,56.00403594970703,56.23581468054629,55.47286868308267,55.62738906499435,3864200,2025-02-19
57.16293716430664,57.16293716430664,57.20156818092864,55.61773333999198,55.61773333999198,2953100,2025-02-20
58.91094970703125,58.91094970703125,59.191019040631645,57.162934955037734,57.22088147773117,5218900,2025-02-21
59.23931121826172,59.23931121826172,60.23403599963463,58.176983996449295,58.55362721719994,5464900,2025-02-24
59.48074722290039,59.48074722290039,60.39821361520385,59.268280313256746,59.34554234732955,5410600,2025-02-25
57.259517669677734,57.259517669677734,59.171708882765465,57.04705075131575,59.00752889565211,5311500,2025-02-26
57.925880432128906,57.925880432128906,57.96451144692878,56.68005783525551,56.979442673870025,3976300,2025-02-27
58.543968200683594,58.543968200683594,59.07513181685345,58.003148671808134,58.65020166072891,8139600,2025-02-28
59.944305419921875,59.944305419921875,60.06019478126119,58.051429887135406,58.45704449385121,4098800,2025-03-03
59.04615783691406,59.04615783691406,62.10759411586117,58.997870907364266,60.47547231911607,6004100,2025-03-04
58.872318267822266,58.872318267822266,59.61594872544441,58.23492125901134,58.52464650227879,4950000,2025-03-05
60.089168548583984,60.089168548583984,60.49478314628113,58.70814110280434,59.31656299935006,4582500,2025-03-06
62.29108810424805,62.29108810424805,63.79766090060115,59.490402049194145,59.490402049194145,9001900,2025-03-07
63.063690185546875,63.063690185546875,65.04347992759692,62.85122329160405,63.102313831615966,8862600,2025-03-10
60.195404052734375,60.195404052734375,62.72567294511737,59.98293715102924,62.4649228000056,7594400,2025-03-11
57.97417068481445,57.97417068481445,59.43246026269882,57.94519926408051,59.04615746064899,5266500,2025-03-12
57.800331115722656,57.800331115722656,59.17170266011816,57.587867903760554,58.292867341209664,4059600,2025-03-13
57.520267486572266,57.520267486572266,58.16732042486401,56.93115738809385,57.0760181716836,5510200,2025-03-14
58.85300827026367,58.85300827026367,59.15239313730062,57.65547617022925,57.838967981864144,4770400,2025-03-17
58.3701286315918,58.3701286315918,59.355197448215456,58.1769809171631,58.85300528577654,7385200,2025-03-18
57.1725959777832,57.1725959777832,58.37978760026994,56.10060922756595,57.327116358099246,9743300,2025-03-19
56.31307601928711,56.31307601928711,57.365747259350435,56.0040352592737,57.33677215531036,7132300,2025-03-20
56.631771087646484,56.631771087646484,57.230537082710285,56.110263438370104,56.399992366227885,48561100,2025-03-21
56.17787170410156,56.17787170410156,57.06636671925499,55.80122847965593,56.01369539972546,5381900,2025-03-24
55.810882568359375,55.810882568359375,56.46759508916532,55.65636219193776,56.46759508916532,4987900,2025-03-25
57.04705047607422,57.04705047607422,57.269173305991536,55.84951837703676,55.95574815164851,5204200,2025-03-26
57.61684036254883,57.61684036254883,57.97416804352841,57.288484100983254,57.49129140499412,4013100,2025-03-27
57.08567810058594,57.08567810058594,58.39910317684171,56.96012914016419,57.9548538593624,5763500,2025-03-28
57.74238967895508,57.74238967895508,58.57293809184468,57.520266865935646,57.68444315571054,5336400,2025-03-31
57.67478942871094,57.67478942871094,58.2156089299217,57.11465073496374,58.022461213235886,4037400,2025-04-01
57.16293716430664,57.16293716430664,58.14800598382843,56.76697845407248,58.012801109707965,3952400,2025-04-02
58.88197708129883,58.88197708129883,59.258620260948334,57.81964629135643,57.993482171818705,7965600,2025-04-03
57.56855773925781,57.56855773925781,60.46581778705896,57.28848838379677,58.91095430528994,7577900,2025-04-04
56.62211608886719,56.62211608886719,58.090061523059425,56.042661907865394,56.738005451444984,8031900,2025-04-07
54.75821304321289,54.75821304321289,57.452665644050654,54.207733954963004,57.00841632457434,10132300,2025-04-08
56.07164001464844,56.07164001464844,56.39999629625204,53.58965423584287,54.15944885144746,7453800,2025-04-09
55.788639068603516,55.788639068603516,56.744963282650566,54.890870178714934,56.06187615369927,5031100,2025-04-10
56.56931686401367,56.56931686401367,56.86206745126361,55.48613634091579,56.0618807756018,4235600,2025-04-11
57.57442855834961,57.57442855834961,57.77935359710028,56.01308961187922,56.55955638188101,4153900,2025-04-14
56.452213287353516,56.452213287353516,57.63297981361044,56.19849710604519,57.57442820752745,4145500,2025-04-15
55.105560302734375,55.105560302734375,57.05723585122122,54.8518403968167,56.97916704246942,4202500,2025-04-16
56.12042999267578,56.12042999267578,56.39366710678872,55.086044311652486,55.3397605006226,3368900,2025-04-17
56.27656173706055,56.27656173706055,56.34487380486842,55.788642857887034,55.99357161625939,3885500,2025-04-21
56.657142639160156,56.657142639160156,57.03771877636055,55.99357265339126,56.325357646275705,3556000,2025-04-22
55.8959846496582,55.8959846496582,56.45221186458824,55.38854857730481,56.18873895016923,3493700,2025-04-23
55.02749252319336,55.02749252319336,55.98381311313545,54.87135862529518,55.81792247522365,3532900,2025-04-24
54.783531188964844,54.783531188964844,55.25193286653311,54.03213566790983,55.222658924974354,3996100,2025-04-25
54.4029541015625,54.4029541015625,55.00797245912922,54.03213471739716,54.72498234314636,3566500,2025-04-28
54.79328918457031,54.79328918457031,54.87135426605467,53.68083106258324,54.51029535382293,3275400,2025-04-29
55.36903381347656,55.36903381347656,55.70081878683462,54.60787786134604,55.28120826986633,4779500,2025-04-30
54.237064361572266,54.237064361572266,54.90063061210664,54.16875229380743,54.822565527201384,4328700,2025-05-01
54.0906867980957,54.0906867980957,54.578605673256206,53.74914507449359,54.451745723407306,3512600,2025-05-02
53.71986770629883,53.71986770629883,54.11996103723122,53.18315768517376,54.05165269213488,3923000,2025-05-05
53.2417106628418,53.2417106628418,53.82721184233664,53.10509024660234,53.544217992486324,4058700,2025-05-06
53.12460708618164,53.12460708618164,53.427118136286296,52.51958870849801,53.20267589492827,5250500,2025-05-07
53.388084411621094,53.388084411621094,53.90528096983796,52.93919992319008,53.105090560100166,4035200,2025-05-08
53.18315505981445,53.18315505981445,53.79793385785888,53.124603457254125,53.41735774753033,4888900,2025-05-09
53.51494598388672,53.51494598388672,53.94431328286191,52.802584824836,53.31977767616133,4618900,2025-05-12
52.470794677734375,52.470794677734375,53.54421468126899,52.060940899413104,53.514940740862286,9527600,2025-05-13
51.99263381958008,51.99263381958008,52.422004809442896,51.651092098121545,52.39272714579961,5648300,2025-05-14
53.085575103759766,53.085575103759766,53.1343662467682,52.021911807063205,52.324419127230875,3494900,2025-05-15
53.797935485839844,53.797935485839844,53.86624382963126,52.86112842915301,53.25146501298299,3904100,2025-05-16
53.50518798828125,53.50518798828125,53.710113031448266,53.33929362772288,53.67107862631385,4160600,2025-05-19
53.46615219116211,53.46615219116211,54.012618958713624,53.36856618086672,53.60276888304999,5663600,2025-05-20
52.070701599121094,52.070701599121094,53.466149843606594,51.904807250165746,53.37832429945976,5567400,2025-05-21
52.051185607910156,52.051185607910156,52.33417944813131,51.12413900314897,51.973116801286835,5069200,2025-05-22
52.09021759033203,52.09021759033203,52.26586867454554,51.41688719333845,52.217073811410906,3804500,2025-05-23
52.82209777832031,52.82209777832031,52.90992332360488,52.05118507221419,52.256110103702994,4687600,2025-05-27
52.08045959472656,52.08045959472656,52.98798899862645,51.953603367640994,52.54886126729979,3466100,2025-05-28
52.685482025146484,52.685482025146484,52.714755966585386,51.7291577495186,51.963360448606686,3171900,2025-05-29
52.94895553588867,52.94895553588867,53.15388429583194,52.52934872130645,52.82209930654957,8115700,2025-05-30
52.82209777832031,52.82209777832031,52.84161497977527,52.090219475124115,52.52934720154694,3820400,2025-06-02
52.99774932861328,52.99774932861328,53.15388321908181,52.00239438092928,52.53910439675702,3393700,2025-06-03
53.29050064086914,53.29050064086914,53.64180282988645,52.93919845185183,53.22219229550751,4287300,2025-06-04
53.23194885253906,53.23194885253906,53.349048340967826,52.75379043664834,53.18315770923755,3709800,2025-06-05
53.446632385253906,53.446632385253906,53.75890015793454,53.11484741146504,53.270981297805356,2929900,2025-06-06
53.47590637207031,53.47590637207031,53.74914346529715,52.95871357109261,53.270981344044294,4843700,2025-06-09
53.18315505981445,53.18315505981445,53.85648173789377,52.81233568864991,53.51494002927211,5281900,2025-06-10
52.919681549072266,52.919681549072266,53.34904882556161,52.656204905820054,53.34904882556161,4230100,2025-06-11
53.417362213134766,53.417362213134766,53.427118953114416,52.31466446914684,53.027025608485275,3881000,2025-06-12
52.265869140625,52.265869140625,53.79793404907409,52.080457593121,53.3880802747459,4344400,2025-06-13
52.236595153808594,52.236595153808594,52.57814061020382,51.69988511950261,52.4903150611337,3922200,2025-06-16
51.79747009277344,51.79747009277344,52.74403018875032,51.699884083248335,52.20732016520197,5867300,2025-06-17
51.68036651611328,51.68036651611328,51.94384315618059,51.39737267427888,51.74867486103529,6745800,2025-06-18
51.70964050292969,51.70964050292969,52.18779888338172,51.36809508008146,51.87553112236498,9877500,2025-06-20
52.178043365478516,52.178043365478516,52.47079393296672,51.553507828830234,51.9145667379815,6469000,2025-06-23
52.1194953918457,52.1194953918457,52.39272877752213,51.77795365975017,52.002395901202334,6897100,2025-06-24
49.4554557800293,49.4554557800293,51.90480681102871,49.43593857899229,50.79235240959769,13275000,2025-06-25
49.15294647216797,49.15294647216797,50.80211465366045,49.026090244765165,49.82627690272785,7688700,2025-06-26
49.29932403564453,49.29932403564453,49.77748245298151,48.977295788334395,49.260289631875004,9005700,2025-06-27
50.55815505981445,50.55815505981445,50.6362201439347,49.2798062699308,49.40666621946749,7556500,2025-06-30
51.904808044433594,51.904808044433594,52.54886080385741,50.509359778594394,50.53863744210836,8647400,2025-07-01
52.52934646606445,52.52934646606445,52.870888180430406,51.73891656957046,51.98287600055343,9182600,2025-07-02
51.865779876708984,51.865779876708984,52.714757709233346,51.631577169878604,52.60741495704133,3595900,2025-07-03
50.58742904663086,50.58742904663086,51.96336012353614,50.382504012789255,51.73891788801549,8134300,2025-07-07
50.58742904663086,50.58742904663086,51.24123855151377,50.16781851684532,50.39226075236598,4972000,2025-07-08
49.962894439697266,49.962894439697266,50.811872255101356,49.61159224779884,50.597186755046614,5646600,2025-07-09
50.723350524902344,50.723350524902344,51.08876301113288,49.24194427717698,49.60735676340751,7258200,2025-07-10
50.94062423706055,50.94062423706055,51.177647125039975,50.091284059077346,50.37768640143492,4847100,2025-07-11
50.33818435668945,50.33818435668945,51.0591349287382,50.101157704791525,50.84186081178267,5316700,2025-07-14
49.39008331298828,49.39008331298828,50.30855550045801,49.37033454473838,50.22954912522553,4878900,2025-07-15
49.469093322753906,49.469093322753906,49.646862375813186,49.004918154497894,49.33082934091023,5895600,2025-07-16
49.6666145324707,49.6666145324707,50.407317658762594,49.36045588400213,49.73574652286507,5778900,2025-07-17
49.478965759277344,49.478965759277344,50.13078433903439,49.459216991857836,49.923388374432335,4325900,2025-07-18
48.57037353515625,48.57037353515625,49.903637661896234,48.43210955370599,49.65673661861765,6259400,2025-07-21
50.31843185424805,50.31843185424805,50.35793692415835,48.59999898725789,48.64937844094036,6098700,2025-07-22
50.634464263916016,50.634464263916016,51.03938180705319,50.446820835236615,50.683843716998936,4628900,2025-07-23
50.31843185424805,50.31843185424805,50.72334940230164,50.14066280706248,50.47644836647845,6056700,2025-07-24
50.43694305419922,50.43694305419922,50.60483771680582,50.002398589506456,50.3678110658938,4609600,2025-07-25
49.23206329345703,49.23206329345703,50.03202397747496,49.182683841522504,50.01227144321901,5920800,2025-07-28
49.399959564208984,49.399959564208984,49.81475149489798,49.08392654061428,49.29132250595878,3874600,2025-07-29
48.599998474121094,48.599998474121094,49.548097537493156,48.402476894065884,49.40983356167775,7302500,2025-07-30
48.37284851074219,48.37284851074219,48.86665056222066,47.987683513374684,48.14570001915137,7972400,2025-07-31
48.333343505859375,48.333343505859375,49.37033082925325,48.1457000823192,48.96541329720607,5271200,2025-08-01
48.412357330322266,48.412357330322266,48.718515982229796,48.17533066958564,48.293845883659436,4490400,2025-08-04
48.54074478149414,48.54074478149414,49.01479431458845,48.14570162021015,48.50123971188358,4670500,2025-08-05
48.698760986328125,48.698760986328125,49.11355291239856,48.35309728052532,48.59999831292271,3572600,2025-08-06
49.528350830078125,49.528350830078125,49.706119882780285,48.7086375573503,48.83702715483762,5573000,2025-08-07
49.21231460571289,49.21231460571289,49.87400755100273,48.86665090679418,49.53822200293321,3781800,2025-08-08
48.73826217651367,48.73826217651367,49.54809725952713,48.32347025139443,49.26169492583513,4747800,2025-08-11
48.550621032714844,48.550621032714844,49.13330764594612,48.34322506039802,48.7382644694666,6276700,2025-08-12
49.11355209350586,49.11355209350586,49.311073669612554,48.353096474312046,48.49136044736352,4113800,2025-08-13
49.05429458618164,49.05429458618164,49.212314861303945,48.580245063046874,48.925908763760845,4985500,2025-08-14
49.0345458984375,49.0345458984375,49.370331448793564,48.61975021039261,49.271568776682535,6920600,2025-08-15
48.73826217651367,48.73826217651367,49.22218985656355,48.62962888713299,48.916031220825,6257200,2025-08-18
49.29132080078125,49.29132080078125,49.567848745007744,48.82714566519191,48.82714566519191,9033100,2025-08-19
49.0246696472168,49.0246696472168,49.99252126694463,48.81727367886317,49.19256431260607,6247200,2025-08-20
49.192562103271484,49.192562103271484,49.25181593876225,48.63950244508992,48.96541360993192,3830000,2025-08-21
49.55797576904297,49.55797576904297,49.903635709142776,49.15305822460714,49.478965629928275,3871500,2025-08-22
48.71851348876953,48.71851348876953,49.75549707067017,48.54074444416819,49.370332063170856,4709900,2025-08-25
48.639503479003906,48.639503479003906,48.66913039737906,48.33334484195448,48.590124025908395,10987700,2025-08-26
48.639503479003906,48.639503479003906,48.89627889554704,48.38272806246077,48.639503479003906,5671500,2025-08-27
47.839542388916016,47.839542388916016,48.66913000340176,47.69140403082866,48.63950308526644,6716800,2025-08-28
48.71851348876953,48.71851348876953,48.72838787239815,47.90867463702411,47.99755915932478,4881100,2025-08-29
48.70863723754883,48.70863723754883,49.291323847044445,48.26421460871134,48.81727429875476,6253500,2025-09-02
49.133304595947266,49.133304595947266,49.16293151375028,48.313591374230604,48.32346952510541,5293700,2025-09-03
48.99504089355469,48.99504089355469,49.77524905090213,48.93578329021071,49.38020589676373,4170500,2025-09-04
49.95301818847656,49.95301818847656,50.12090908048754,48.817271943727825,48.94566153417846,5353100,2025-09-05
49.49871826171875,49.49871826171875,49.76537183063726,49.05429564685456,49.60735531950897,4623400,2025-09-08
49.725868225097656,49.725868225097656,49.78512583129455,49.39008265813705,49.50859787053084,4362900,2025-09-09
49.39008331298828,49.39008331298828,49.58760490218592,48.817274848467164,49.41971400018505,5180900,2025-09-10
49.98264694213867,49.98264694213867,50.348059425014284,49.47896671278633,49.56785123753022,4036600,2025-09-11
49.30119705200195,49.30119705200195,49.8246298100751,49.251817598292256,49.80487727510905,4340600,2025-09-12
48.4024772644043,48.4024772644043,49.53822353285352,48.38272849691738,49.38020702108249,5071600,2025-09-15
48.94566345214844,48.94566345214844,49.15305942125745,48.23458725244794,48.491362676000406,8132800,2025-09-16
48.57037353515625,48.57037353515625,49.00491801505862,47.819792253839225,48.10619836822101,15178800,2025-09-17
49.23206329345703,49.23206329345703,49.725865347623746,48.24445918512361,48.34322185640337,7310200,2025-09-18
49.725868225097656,49.725868225097656,50.14066393365413,49.26169682916013,49.666614386311664,15037000,2025-09-19
49.4493408203125,49.4493408203125,49.89376345325879,49.054297642713365,49.844383997911635,8413800,2025-09-22
49.933265686035156,49.933265686035156,49.98264513857532,49.49871746189589,49.63698143597266,5522500,2025-09-23
50.47644805908203,50.47644805908203,50.69372217485472,49.88388331626854,49.9332665370611,6023600,2025-09-24
48.8172721862793,48.8172721862793,50.68384337921349,48.49136101676469,50.60483700828952,7408800,2025-09-25
49.469093322753906,49.469093322753906,49.48884585836171,48.88640670826202,48.96541685069323,5011400,2025-09-26
49.0444221496582,49.0444221496582,49.557976761960646,48.89628001955545,49.508597307730014,4991100,2025-09-29
49.79499816894531,49.79499816894531,49.86413392370599,48.9851630879227,49.153057748208774,4773800,2025-09-30
50.071529388427734,50.071529388427734,50.31843041719965,49.34070068560213,50.120908840699975,5067200,2025-10-01
49.69623947143555,49.69623947143555,50.39743749886881,49.56784987978653,49.87400851605395,4289500,2025-10-02
49.73574447631836,49.73574447631836,50.051777495805766,49.478965293353106,49.62710741948004,3599500,2025-10-03
49.55797576904297,49.55797576904297,50.318431404673326,49.409833641908314,49.735744814640235,5989000,2025-10-06
50.29867935180664,50.29867935180664,50.624586760250295,49.07404855567125,49.62710823254059,5050600,2025-10-07
49.133304595947266,49.133304595947266,50.298677750068116,49.04442007512751,50.2690508322651,4995900,2025-10-08
48.599998474121094,48.599998474121094,49.34070157377004,48.49136141672019,49.34070157377004,4472700,2025-10-09
49.34000015258789,49.34000015258789,49.40999984741211,48.59000015258789,48.79999923706055,5867000,2025-10-10
48.150001525878906,48.150001525878906,49.209999084472656,48.130001068115234,49.04999923706055,4438700,2025-10-13
48.58000183105469,48.58000183105469,48.90999984741211,47.709999084472656,48.0099983215332,5846600,2025-10-14
47.7400016784668,47.7400016784668,48.52000045776367,47.720001220703125,48.31999969482422,5596800,2025-10-15
47.709999084472656,47.709999084472656,48.65999984741211,47.47999954223633,47.900001525878906,5215000,2025-10-16
48.38999938964844,48.38999938964844,48.56999969482422,47.849998474121094,48.0,5562700,2025-10-17
48.810001373291016,48.810001373291016,49.060001373291016,48.29999923706055,48.459999084472656,5357000,2025-10-20
48.56999969482422,48.56999969482422,48.939998626708984,48.52000045776367,48.81999969482422,4990600,2025-10-21
49.18000030517578,49.18000030517578,49.709999084472656,48.36000061035156,48.5099983215332,5553400,2025-10-22
47.93000030517578,47.93000030517578,49.15999984741211,47.900001525878906,49.11000061035156,4809100,2025-10-23
47.40999984741211,47.40999984741211,48.060001373291016,47.27000045776367,47.869998931884766,5085600,2025-10-24
48.290000915527344,48.290000915527344,48.31999969482422,47.31999969482422,47.43000030517578,7592300,2025-10-27
48.04999923706055,48.04999923706055,48.52000045776367,47.84000015258789,47.9900016784668,6617600,2025-10-28
46.56999969482422,46.56999969482422,48.029998779296875,46.459999084472656,47.70000076293945,8082300,2025-10-29
47.04999923706055,47.04999923706055,47.2599983215332,46.529998779296875,46.61000061035156,5910700,2025-10-30
46.61000061035156,46.61000061035156,46.84000015258789,46.209999084472656,46.65999984741211,6762000,2025-10-31
46.43000030517578,46.43000030517578,46.650001525878906,45.939998626708984,46.45000076293945,7765500,2025-11-03
46.380001068115234,46.380001068115234,46.720001220703125,46.11000061035156,46.61000061035156,5281800,2025-11-04
46.38999938964844,46.38999938964844,46.540000915527344,45.79999923706055,46.33000183105469,5408300,2025-11-05
45.97999954223633,45.97999954223633,46.95000076293945,45.959999084472656,46.31999969482422,6110200,2025-11-06
46.880001068115234,46.880001068115234,47.31999969482422,45.939998626708984,46.130001068115234,6267900,2025-11-07
46.220001220703125,46.220001220703125,46.849998474121094,46.040000915527344,46.790000915527344,4784400,2025-11-10
46.650001525878906,46.650001525878906,46.90999984741211,46.36000061035156,46.61000061035156,5525600,2025-11-11
46.5,46.5,46.880001068115234,46.34000015258789,46.779998779296875,5622300,2025-11-12
47.33000183105469,47.33000183105469,47.7400016784668,46.470001220703125,46.560001373291016,7670600,2025-11-13
47.40999984741211,47.40999984741211,48.09000015258789,46.90999984741211,47.86000061035156,5811100,2025-11-14
46.970001220703125,46.970001220703125,47.400001525878906,46.709999084472656,47.400001525878906,5385200,2025-11-17
47.689998626708984,47.689998626708984,47.84000015258789,46.81999969482422,47.09000015258789,6071400,2025-11-18
47.630001068115234,47.630001068115234,47.95000076293945,47.25,47.29999923706055,5459600,2025-11-19
47.810001373291016,47.810001373291016,47.93000030517578,47.40999984741211,47.560001373291016,5786600,2025-11-20
48.33000183105469,48.33000183105469,49.09000015258789,47.630001068115234,48.0,7435000,2025-11-21
46.95000076293945,46.95000076293945,48.29999923706055,46.66999816894531,48.150001525878906,11542800,2025-11-24
46.95000076293945,46.95000076293945,47.70000076293945,46.68000030517578,47.150001525878906,4795000,2025-11-25
47.16999816894531,47.16999816894531,47.38999938964844,46.810001373291016,47.029998779296875,3880600,2025-11-26
47.349998474121094,47.349998474121094,47.540000915527344,47.11000061035156,47.16999816894531,1951000,2025-11-28
47.06999969482422,47.06999969482422,47.4900016784668,46.75,47.29999923706055,5564000,2025-12-01
45.93000030517578,45.93000030517578,46.959999084472656,45.599998474121094,46.959999084472656,6947800,2025-12-02
46.20000076293945,46.20000076293945,46.79999923706055,45.91999816894531,46.099998474121094,5761800,2025-12-03
45.97999954223633,45.97999954223633,46.66999816894531,45.79999923706055,46.43000030517578,6066800,2025-12-04
45.93000030517578,45.93000030517578,46.34000015258789,45.68000030517578,45.939998626708984,5465500,2025-12-05
45.959999084472656,45.959999084472656,46.119998931884766,45.150001525878906,45.88999938964844,5844400,2025-12-08
45.63999938964844,45.63999938964844,46.310001373291016,45.4900016784668,46.13999938964844,5698700,2025-12-09
45.709999084472656,45.709999084472656,46.11000061035156,45.540000915527344,45.709999084472656,8200700,2025-12-10
46.22999954223633,46.22999954223633,46.70000076293945,45.7400016784668,45.939998626708984,8036600,2025-12-11
46.689998626708984,46.689998626708984,46.869998931884766,46.29999923706055,46.400001525878906,4964810,2025-12-12
